ARM GAS  /tmp/ccwjHOJA.s 			page 1


   1              		.cpu cortex-m4
   2              		.eabi_attribute 27, 1
   3              		.eabi_attribute 28, 1
   4              		.eabi_attribute 20, 1
   5              		.eabi_attribute 21, 1
   6              		.eabi_attribute 23, 3
   7              		.eabi_attribute 24, 1
   8              		.eabi_attribute 25, 1
   9              		.eabi_attribute 26, 1
  10              		.eabi_attribute 30, 1
  11              		.eabi_attribute 34, 1
  12              		.eabi_attribute 18, 4
  13              		.file	"adc_stream.c"
  14              		.text
  15              	.Ltext0:
  16              		.cfi_sections	.debug_frame
  17              		.section	.text.clear_state_common,"ax",%progbits
  18              		.align	1
  19              		.arch armv7e-m
  20              		.syntax unified
  21              		.thumb
  22              		.thumb_func
  23              		.fpu fpv4-sp-d16
  25              	clear_state_common:
  26              	.LFB135:
  27              		.file 1 "device/adc_stream.c"
   1:device/adc_stream.c **** #include "adc_stream.h"
   2:device/adc_stream.c **** #include "ads127l11.h"
   3:device/adc_stream.c **** #include "main.h"
   4:device/adc_stream.c **** #include <string.h>
   5:device/adc_stream.c **** 
   6:device/adc_stream.c **** static AdcStreamBlock_t s_blocks[APP_ADC_BLOCK_COUNT];
   7:device/adc_stream.c **** 
   8:device/adc_stream.c **** static volatile uint8_t  s_running = 0;
   9:device/adc_stream.c **** static volatile uint8_t  s_bps = 3;
  10:device/adc_stream.c **** static volatile uint8_t  s_wr = 0;
  11:device/adc_stream.c **** static volatile uint8_t  s_ready_idx = 0;
  12:device/adc_stream.c **** static volatile uint8_t  s_queued_idx = 0;
  13:device/adc_stream.c **** static volatile uint16_t s_wr_samples = 0;
  14:device/adc_stream.c **** static volatile uint16_t s_wr_bytes = 0;
  15:device/adc_stream.c **** 
  16:device/adc_stream.c **** static volatile uint32_t s_sample_seq = 0;
  17:device/adc_stream.c **** static volatile uint32_t s_overrun = 0;
  18:device/adc_stream.c **** static volatile uint32_t s_spi_error = 0;
  19:device/adc_stream.c **** static volatile uint32_t s_flags = 0;
  20:device/adc_stream.c **** static volatile uint32_t s_drdy_irq_count = 0;
  21:device/adc_stream.c **** static volatile int32_t  s_last_spi_ret = 0;
  22:device/adc_stream.c **** static volatile uint32_t s_isr_stop_count = 0;
  23:device/adc_stream.c **** static volatile uint32_t s_last_stop_flags = 0;
  24:device/adc_stream.c **** 
  25:device/adc_stream.c **** /* 兼容旧日志字段：这里不再表示 DMA，而表示寄存器快速读取异常统计。 *
  26:device/adc_stream.c **** static volatile uint32_t s_fast_read_fail_count = 0;
  27:device/adc_stream.c **** static volatile uint32_t s_fast_read_busy_count = 0;
  28:device/adc_stream.c **** 
  29:device/adc_stream.c **** static inline uint8_t next_idx(uint8_t i)
  30:device/adc_stream.c **** {
  31:device/adc_stream.c ****     i++;
ARM GAS  /tmp/ccwjHOJA.s 			page 2


  32:device/adc_stream.c ****     if (i >= APP_ADC_BLOCK_COUNT)
  33:device/adc_stream.c ****     {
  34:device/adc_stream.c ****         i = 0;
  35:device/adc_stream.c ****     }
  36:device/adc_stream.c ****     return i;
  37:device/adc_stream.c **** }
  38:device/adc_stream.c **** 
  39:device/adc_stream.c **** static void clear_state_common(void)
  40:device/adc_stream.c **** {
  28              		.loc 1 40 1 view -0
  29              		.cfi_startproc
  30              		@ args = 0, pretend = 0, frame = 0
  31              		@ frame_needed = 0, uses_anonymous_args = 0
  32 0000 08B5     		push	{r3, lr}
  33              	.LCFI0:
  34              		.cfi_def_cfa_offset 8
  35              		.cfi_offset 3, -8
  36              		.cfi_offset 14, -4
  41:device/adc_stream.c ****     memset(s_blocks, 0, sizeof(s_blocks));
  37              		.loc 1 41 5 view .LVU1
  38 0002 4FF47A42 		mov	r2, #64000
  39 0006 0021     		movs	r1, #0
  40 0008 1248     		ldr	r0, .L3
  41 000a FFF7FEFF 		bl	memset
  42              	.LVL0:
  42:device/adc_stream.c **** 
  43:device/adc_stream.c ****     s_bps = 3;
  43              		.loc 1 43 5 view .LVU2
  44              		.loc 1 43 11 is_stmt 0 view .LVU3
  45 000e 124B     		ldr	r3, .L3+4
  46 0010 0322     		movs	r2, #3
  47 0012 1A70     		strb	r2, [r3]
  44:device/adc_stream.c ****     s_wr = 0;
  48              		.loc 1 44 5 is_stmt 1 view .LVU4
  49              		.loc 1 44 10 is_stmt 0 view .LVU5
  50 0014 0023     		movs	r3, #0
  51 0016 114A     		ldr	r2, .L3+8
  52 0018 1370     		strb	r3, [r2]
  45:device/adc_stream.c ****     s_ready_idx = 0;
  53              		.loc 1 45 5 is_stmt 1 view .LVU6
  54              		.loc 1 45 17 is_stmt 0 view .LVU7
  55 001a 114A     		ldr	r2, .L3+12
  56 001c 1370     		strb	r3, [r2]
  46:device/adc_stream.c ****     s_queued_idx = 0;
  57              		.loc 1 46 5 is_stmt 1 view .LVU8
  58              		.loc 1 46 18 is_stmt 0 view .LVU9
  59 001e 114A     		ldr	r2, .L3+16
  60 0020 1370     		strb	r3, [r2]
  47:device/adc_stream.c ****     s_wr_samples = 0;
  61              		.loc 1 47 5 is_stmt 1 view .LVU10
  62              		.loc 1 47 18 is_stmt 0 view .LVU11
  63 0022 114A     		ldr	r2, .L3+20
  64 0024 1380     		strh	r3, [r2]	@ movhi
  48:device/adc_stream.c ****     s_wr_bytes = 0;
  65              		.loc 1 48 5 is_stmt 1 view .LVU12
  66              		.loc 1 48 16 is_stmt 0 view .LVU13
  67 0026 114A     		ldr	r2, .L3+24
ARM GAS  /tmp/ccwjHOJA.s 			page 3


  68 0028 1380     		strh	r3, [r2]	@ movhi
  49:device/adc_stream.c **** 
  50:device/adc_stream.c ****     s_sample_seq = 0;
  69              		.loc 1 50 5 is_stmt 1 view .LVU14
  70              		.loc 1 50 18 is_stmt 0 view .LVU15
  71 002a 114A     		ldr	r2, .L3+28
  72 002c 1360     		str	r3, [r2]
  51:device/adc_stream.c ****     s_overrun = 0;
  73              		.loc 1 51 5 is_stmt 1 view .LVU16
  74              		.loc 1 51 15 is_stmt 0 view .LVU17
  75 002e 114A     		ldr	r2, .L3+32
  76 0030 1360     		str	r3, [r2]
  52:device/adc_stream.c ****     s_spi_error = 0;
  77              		.loc 1 52 5 is_stmt 1 view .LVU18
  78              		.loc 1 52 17 is_stmt 0 view .LVU19
  79 0032 114A     		ldr	r2, .L3+36
  80 0034 1360     		str	r3, [r2]
  53:device/adc_stream.c ****     s_flags = 0;
  81              		.loc 1 53 5 is_stmt 1 view .LVU20
  82              		.loc 1 53 13 is_stmt 0 view .LVU21
  83 0036 114A     		ldr	r2, .L3+40
  84 0038 1360     		str	r3, [r2]
  54:device/adc_stream.c ****     s_drdy_irq_count = 0;
  85              		.loc 1 54 5 is_stmt 1 view .LVU22
  86              		.loc 1 54 22 is_stmt 0 view .LVU23
  87 003a 114A     		ldr	r2, .L3+44
  88 003c 1360     		str	r3, [r2]
  55:device/adc_stream.c ****     s_last_spi_ret = 0;
  89              		.loc 1 55 5 is_stmt 1 view .LVU24
  90              		.loc 1 55 20 is_stmt 0 view .LVU25
  91 003e 114A     		ldr	r2, .L3+48
  92 0040 1360     		str	r3, [r2]
  56:device/adc_stream.c ****     s_isr_stop_count = 0;
  93              		.loc 1 56 5 is_stmt 1 view .LVU26
  94              		.loc 1 56 22 is_stmt 0 view .LVU27
  95 0042 114A     		ldr	r2, .L3+52
  96 0044 1360     		str	r3, [r2]
  57:device/adc_stream.c ****     s_last_stop_flags = 0;
  97              		.loc 1 57 5 is_stmt 1 view .LVU28
  98              		.loc 1 57 23 is_stmt 0 view .LVU29
  99 0046 114A     		ldr	r2, .L3+56
 100 0048 1360     		str	r3, [r2]
  58:device/adc_stream.c ****     s_fast_read_fail_count = 0;
 101              		.loc 1 58 5 is_stmt 1 view .LVU30
 102              		.loc 1 58 28 is_stmt 0 view .LVU31
 103 004a 114A     		ldr	r2, .L3+60
 104 004c 1360     		str	r3, [r2]
  59:device/adc_stream.c ****     s_fast_read_busy_count = 0;
 105              		.loc 1 59 5 is_stmt 1 view .LVU32
 106              		.loc 1 59 28 is_stmt 0 view .LVU33
 107 004e 114A     		ldr	r2, .L3+64
 108 0050 1360     		str	r3, [r2]
  60:device/adc_stream.c **** }
 109              		.loc 1 60 1 view .LVU34
 110 0052 08BD     		pop	{r3, pc}
 111              	.L4:
 112              		.align	2
ARM GAS  /tmp/ccwjHOJA.s 			page 4


 113              	.L3:
 114 0054 00000000 		.word	s_blocks
 115 0058 00000000 		.word	.LANCHOR0
 116 005c 00000000 		.word	.LANCHOR1
 117 0060 00000000 		.word	.LANCHOR2
 118 0064 00000000 		.word	.LANCHOR3
 119 0068 00000000 		.word	.LANCHOR4
 120 006c 00000000 		.word	.LANCHOR5
 121 0070 00000000 		.word	.LANCHOR6
 122 0074 00000000 		.word	.LANCHOR7
 123 0078 00000000 		.word	.LANCHOR8
 124 007c 00000000 		.word	.LANCHOR9
 125 0080 00000000 		.word	.LANCHOR10
 126 0084 00000000 		.word	.LANCHOR11
 127 0088 00000000 		.word	.LANCHOR12
 128 008c 00000000 		.word	.LANCHOR13
 129 0090 00000000 		.word	.LANCHOR14
 130 0094 00000000 		.word	.LANCHOR15
 131              		.cfi_endproc
 132              	.LFE135:
 134              		.section	.text.AdcStream_Init,"ax",%progbits
 135              		.align	1
 136              		.global	AdcStream_Init
 137              		.syntax unified
 138              		.thumb
 139              		.thumb_func
 140              		.fpu fpv4-sp-d16
 142              	AdcStream_Init:
 143              	.LFB136:
  61:device/adc_stream.c **** 
  62:device/adc_stream.c **** void AdcStream_Init(void)
  63:device/adc_stream.c **** {
 144              		.loc 1 63 1 is_stmt 1 view -0
 145              		.cfi_startproc
 146              		@ args = 0, pretend = 0, frame = 0
 147              		@ frame_needed = 0, uses_anonymous_args = 0
 148 0000 08B5     		push	{r3, lr}
 149              	.LCFI1:
 150              		.cfi_def_cfa_offset 8
 151              		.cfi_offset 3, -8
 152              		.cfi_offset 14, -4
  64:device/adc_stream.c ****     s_running = 0;
 153              		.loc 1 64 5 view .LVU36
 154              		.loc 1 64 15 is_stmt 0 view .LVU37
 155 0002 034B     		ldr	r3, .L7
 156 0004 0022     		movs	r2, #0
 157 0006 1A70     		strb	r2, [r3]
  65:device/adc_stream.c ****     clear_state_common();
 158              		.loc 1 65 5 is_stmt 1 view .LVU38
 159 0008 FFF7FEFF 		bl	clear_state_common
 160              	.LVL1:
  66:device/adc_stream.c **** }
 161              		.loc 1 66 1 is_stmt 0 view .LVU39
 162 000c 08BD     		pop	{r3, pc}
 163              	.L8:
 164 000e 00BF     		.align	2
 165              	.L7:
ARM GAS  /tmp/ccwjHOJA.s 			page 5


 166 0010 00000000 		.word	.LANCHOR16
 167              		.cfi_endproc
 168              	.LFE136:
 170              		.section	.text.AdcStream_ResetDiscard,"ax",%progbits
 171              		.align	1
 172              		.global	AdcStream_ResetDiscard
 173              		.syntax unified
 174              		.thumb
 175              		.thumb_func
 176              		.fpu fpv4-sp-d16
 178              	AdcStream_ResetDiscard:
 179              	.LFB137:
  67:device/adc_stream.c **** 
  68:device/adc_stream.c **** void AdcStream_ResetDiscard(void)
  69:device/adc_stream.c **** {
 180              		.loc 1 69 1 is_stmt 1 view -0
 181              		.cfi_startproc
 182              		@ args = 0, pretend = 0, frame = 0
 183              		@ frame_needed = 0, uses_anonymous_args = 0
 184 0000 10B5     		push	{r4, lr}
 185              	.LCFI2:
 186              		.cfi_def_cfa_offset 8
 187              		.cfi_offset 4, -8
 188              		.cfi_offset 14, -4
  70:device/adc_stream.c ****     uint32_t primask = __get_PRIMASK();
 189              		.loc 1 70 5 view .LVU41
 190              	.LBB42:
 191              	.LBI42:
 192              		.file 2 "Drivers/CMSIS/Include/cmsis_gcc.h"
   1:Drivers/CMSIS/Include/cmsis_gcc.h **** /**************************************************************************//**
   2:Drivers/CMSIS/Include/cmsis_gcc.h ****  * @file     cmsis_gcc.h
   3:Drivers/CMSIS/Include/cmsis_gcc.h ****  * @brief    CMSIS compiler GCC header file
   4:Drivers/CMSIS/Include/cmsis_gcc.h ****  * @version  V5.4.1
   5:Drivers/CMSIS/Include/cmsis_gcc.h ****  * @date     27. May 2021
   6:Drivers/CMSIS/Include/cmsis_gcc.h ****  ******************************************************************************/
   7:Drivers/CMSIS/Include/cmsis_gcc.h **** /*
   8:Drivers/CMSIS/Include/cmsis_gcc.h ****  * Copyright (c) 2009-2021 Arm Limited. All rights reserved.
   9:Drivers/CMSIS/Include/cmsis_gcc.h ****  *
  10:Drivers/CMSIS/Include/cmsis_gcc.h ****  * SPDX-License-Identifier: Apache-2.0
  11:Drivers/CMSIS/Include/cmsis_gcc.h ****  *
  12:Drivers/CMSIS/Include/cmsis_gcc.h ****  * Licensed under the Apache License, Version 2.0 (the License); you may
  13:Drivers/CMSIS/Include/cmsis_gcc.h ****  * not use this file except in compliance with the License.
  14:Drivers/CMSIS/Include/cmsis_gcc.h ****  * You may obtain a copy of the License at
  15:Drivers/CMSIS/Include/cmsis_gcc.h ****  *
  16:Drivers/CMSIS/Include/cmsis_gcc.h ****  * www.apache.org/licenses/LICENSE-2.0
  17:Drivers/CMSIS/Include/cmsis_gcc.h ****  *
  18:Drivers/CMSIS/Include/cmsis_gcc.h ****  * Unless required by applicable law or agreed to in writing, software
  19:Drivers/CMSIS/Include/cmsis_gcc.h ****  * distributed under the License is distributed on an AS IS BASIS, WITHOUT
  20:Drivers/CMSIS/Include/cmsis_gcc.h ****  * WARRANTIES OR CONDITIONS OF ANY KIND, either express or implied.
  21:Drivers/CMSIS/Include/cmsis_gcc.h ****  * See the License for the specific language governing permissions and
  22:Drivers/CMSIS/Include/cmsis_gcc.h ****  * limitations under the License.
  23:Drivers/CMSIS/Include/cmsis_gcc.h ****  */
  24:Drivers/CMSIS/Include/cmsis_gcc.h **** 
  25:Drivers/CMSIS/Include/cmsis_gcc.h **** #ifndef __CMSIS_GCC_H
  26:Drivers/CMSIS/Include/cmsis_gcc.h **** #define __CMSIS_GCC_H
  27:Drivers/CMSIS/Include/cmsis_gcc.h **** 
  28:Drivers/CMSIS/Include/cmsis_gcc.h **** /* ignore some GCC warnings */
ARM GAS  /tmp/ccwjHOJA.s 			page 6


  29:Drivers/CMSIS/Include/cmsis_gcc.h **** #pragma GCC diagnostic push
  30:Drivers/CMSIS/Include/cmsis_gcc.h **** #pragma GCC diagnostic ignored "-Wsign-conversion"
  31:Drivers/CMSIS/Include/cmsis_gcc.h **** #pragma GCC diagnostic ignored "-Wconversion"
  32:Drivers/CMSIS/Include/cmsis_gcc.h **** #pragma GCC diagnostic ignored "-Wunused-parameter"
  33:Drivers/CMSIS/Include/cmsis_gcc.h **** 
  34:Drivers/CMSIS/Include/cmsis_gcc.h **** /* Fallback for __has_builtin */
  35:Drivers/CMSIS/Include/cmsis_gcc.h **** #ifndef __has_builtin
  36:Drivers/CMSIS/Include/cmsis_gcc.h ****   #define __has_builtin(x) (0)
  37:Drivers/CMSIS/Include/cmsis_gcc.h **** #endif
  38:Drivers/CMSIS/Include/cmsis_gcc.h **** 
  39:Drivers/CMSIS/Include/cmsis_gcc.h **** /* CMSIS compiler specific defines */
  40:Drivers/CMSIS/Include/cmsis_gcc.h **** #ifndef   __ASM
  41:Drivers/CMSIS/Include/cmsis_gcc.h ****   #define __ASM                                  __asm
  42:Drivers/CMSIS/Include/cmsis_gcc.h **** #endif
  43:Drivers/CMSIS/Include/cmsis_gcc.h **** #ifndef   __INLINE
  44:Drivers/CMSIS/Include/cmsis_gcc.h ****   #define __INLINE                               inline
  45:Drivers/CMSIS/Include/cmsis_gcc.h **** #endif
  46:Drivers/CMSIS/Include/cmsis_gcc.h **** #ifndef   __STATIC_INLINE
  47:Drivers/CMSIS/Include/cmsis_gcc.h ****   #define __STATIC_INLINE                        static inline
  48:Drivers/CMSIS/Include/cmsis_gcc.h **** #endif
  49:Drivers/CMSIS/Include/cmsis_gcc.h **** #ifndef   __STATIC_FORCEINLINE
  50:Drivers/CMSIS/Include/cmsis_gcc.h ****   #define __STATIC_FORCEINLINE                   __attribute__((always_inline)) static inline
  51:Drivers/CMSIS/Include/cmsis_gcc.h **** #endif
  52:Drivers/CMSIS/Include/cmsis_gcc.h **** #ifndef   __NO_RETURN
  53:Drivers/CMSIS/Include/cmsis_gcc.h ****   #define __NO_RETURN                            __attribute__((__noreturn__))
  54:Drivers/CMSIS/Include/cmsis_gcc.h **** #endif
  55:Drivers/CMSIS/Include/cmsis_gcc.h **** #ifndef   __USED
  56:Drivers/CMSIS/Include/cmsis_gcc.h ****   #define __USED                                 __attribute__((used))
  57:Drivers/CMSIS/Include/cmsis_gcc.h **** #endif
  58:Drivers/CMSIS/Include/cmsis_gcc.h **** #ifndef   __WEAK
  59:Drivers/CMSIS/Include/cmsis_gcc.h ****   #define __WEAK                                 __attribute__((weak))
  60:Drivers/CMSIS/Include/cmsis_gcc.h **** #endif
  61:Drivers/CMSIS/Include/cmsis_gcc.h **** #ifndef   __PACKED
  62:Drivers/CMSIS/Include/cmsis_gcc.h ****   #define __PACKED                               __attribute__((packed, aligned(1)))
  63:Drivers/CMSIS/Include/cmsis_gcc.h **** #endif
  64:Drivers/CMSIS/Include/cmsis_gcc.h **** #ifndef   __PACKED_STRUCT
  65:Drivers/CMSIS/Include/cmsis_gcc.h ****   #define __PACKED_STRUCT                        struct __attribute__((packed, aligned(1)))
  66:Drivers/CMSIS/Include/cmsis_gcc.h **** #endif
  67:Drivers/CMSIS/Include/cmsis_gcc.h **** #ifndef   __PACKED_UNION
  68:Drivers/CMSIS/Include/cmsis_gcc.h ****   #define __PACKED_UNION                         union __attribute__((packed, aligned(1)))
  69:Drivers/CMSIS/Include/cmsis_gcc.h **** #endif
  70:Drivers/CMSIS/Include/cmsis_gcc.h **** #ifndef   __UNALIGNED_UINT32        /* deprecated */
  71:Drivers/CMSIS/Include/cmsis_gcc.h ****   #pragma GCC diagnostic push
  72:Drivers/CMSIS/Include/cmsis_gcc.h ****   #pragma GCC diagnostic ignored "-Wpacked"
  73:Drivers/CMSIS/Include/cmsis_gcc.h ****   #pragma GCC diagnostic ignored "-Wattributes"
  74:Drivers/CMSIS/Include/cmsis_gcc.h ****   struct __attribute__((packed)) T_UINT32 { uint32_t v; };
  75:Drivers/CMSIS/Include/cmsis_gcc.h ****   #pragma GCC diagnostic pop
  76:Drivers/CMSIS/Include/cmsis_gcc.h ****   #define __UNALIGNED_UINT32(x)                  (((struct T_UINT32 *)(x))->v)
  77:Drivers/CMSIS/Include/cmsis_gcc.h **** #endif
  78:Drivers/CMSIS/Include/cmsis_gcc.h **** #ifndef   __UNALIGNED_UINT16_WRITE
  79:Drivers/CMSIS/Include/cmsis_gcc.h ****   #pragma GCC diagnostic push
  80:Drivers/CMSIS/Include/cmsis_gcc.h ****   #pragma GCC diagnostic ignored "-Wpacked"
  81:Drivers/CMSIS/Include/cmsis_gcc.h ****   #pragma GCC diagnostic ignored "-Wattributes"
  82:Drivers/CMSIS/Include/cmsis_gcc.h ****   __PACKED_STRUCT T_UINT16_WRITE { uint16_t v; };
  83:Drivers/CMSIS/Include/cmsis_gcc.h ****   #pragma GCC diagnostic pop
  84:Drivers/CMSIS/Include/cmsis_gcc.h ****   #define __UNALIGNED_UINT16_WRITE(addr, val)    (void)((((struct T_UINT16_WRITE *)(void *)(addr))-
  85:Drivers/CMSIS/Include/cmsis_gcc.h **** #endif
ARM GAS  /tmp/ccwjHOJA.s 			page 7


  86:Drivers/CMSIS/Include/cmsis_gcc.h **** #ifndef   __UNALIGNED_UINT16_READ
  87:Drivers/CMSIS/Include/cmsis_gcc.h ****   #pragma GCC diagnostic push
  88:Drivers/CMSIS/Include/cmsis_gcc.h ****   #pragma GCC diagnostic ignored "-Wpacked"
  89:Drivers/CMSIS/Include/cmsis_gcc.h ****   #pragma GCC diagnostic ignored "-Wattributes"
  90:Drivers/CMSIS/Include/cmsis_gcc.h ****   __PACKED_STRUCT T_UINT16_READ { uint16_t v; };
  91:Drivers/CMSIS/Include/cmsis_gcc.h ****   #pragma GCC diagnostic pop
  92:Drivers/CMSIS/Include/cmsis_gcc.h ****   #define __UNALIGNED_UINT16_READ(addr)          (((const struct T_UINT16_READ *)(const void *)(add
  93:Drivers/CMSIS/Include/cmsis_gcc.h **** #endif
  94:Drivers/CMSIS/Include/cmsis_gcc.h **** #ifndef   __UNALIGNED_UINT32_WRITE
  95:Drivers/CMSIS/Include/cmsis_gcc.h ****   #pragma GCC diagnostic push
  96:Drivers/CMSIS/Include/cmsis_gcc.h ****   #pragma GCC diagnostic ignored "-Wpacked"
  97:Drivers/CMSIS/Include/cmsis_gcc.h ****   #pragma GCC diagnostic ignored "-Wattributes"
  98:Drivers/CMSIS/Include/cmsis_gcc.h ****   __PACKED_STRUCT T_UINT32_WRITE { uint32_t v; };
  99:Drivers/CMSIS/Include/cmsis_gcc.h ****   #pragma GCC diagnostic pop
 100:Drivers/CMSIS/Include/cmsis_gcc.h ****   #define __UNALIGNED_UINT32_WRITE(addr, val)    (void)((((struct T_UINT32_WRITE *)(void *)(addr))-
 101:Drivers/CMSIS/Include/cmsis_gcc.h **** #endif
 102:Drivers/CMSIS/Include/cmsis_gcc.h **** #ifndef   __UNALIGNED_UINT32_READ
 103:Drivers/CMSIS/Include/cmsis_gcc.h ****   #pragma GCC diagnostic push
 104:Drivers/CMSIS/Include/cmsis_gcc.h ****   #pragma GCC diagnostic ignored "-Wpacked"
 105:Drivers/CMSIS/Include/cmsis_gcc.h ****   #pragma GCC diagnostic ignored "-Wattributes"
 106:Drivers/CMSIS/Include/cmsis_gcc.h ****   __PACKED_STRUCT T_UINT32_READ { uint32_t v; };
 107:Drivers/CMSIS/Include/cmsis_gcc.h ****   #pragma GCC diagnostic pop
 108:Drivers/CMSIS/Include/cmsis_gcc.h ****   #define __UNALIGNED_UINT32_READ(addr)          (((const struct T_UINT32_READ *)(const void *)(add
 109:Drivers/CMSIS/Include/cmsis_gcc.h **** #endif
 110:Drivers/CMSIS/Include/cmsis_gcc.h **** #ifndef   __ALIGNED
 111:Drivers/CMSIS/Include/cmsis_gcc.h ****   #define __ALIGNED(x)                           __attribute__((aligned(x)))
 112:Drivers/CMSIS/Include/cmsis_gcc.h **** #endif
 113:Drivers/CMSIS/Include/cmsis_gcc.h **** #ifndef   __RESTRICT
 114:Drivers/CMSIS/Include/cmsis_gcc.h ****   #define __RESTRICT                             __restrict
 115:Drivers/CMSIS/Include/cmsis_gcc.h **** #endif
 116:Drivers/CMSIS/Include/cmsis_gcc.h **** #ifndef   __COMPILER_BARRIER
 117:Drivers/CMSIS/Include/cmsis_gcc.h ****   #define __COMPILER_BARRIER()                   __ASM volatile("":::"memory")
 118:Drivers/CMSIS/Include/cmsis_gcc.h **** #endif
 119:Drivers/CMSIS/Include/cmsis_gcc.h **** 
 120:Drivers/CMSIS/Include/cmsis_gcc.h **** /* #########################  Startup and Lowlevel Init  ######################## */
 121:Drivers/CMSIS/Include/cmsis_gcc.h **** 
 122:Drivers/CMSIS/Include/cmsis_gcc.h **** #ifndef __PROGRAM_START
 123:Drivers/CMSIS/Include/cmsis_gcc.h **** 
 124:Drivers/CMSIS/Include/cmsis_gcc.h **** /**
 125:Drivers/CMSIS/Include/cmsis_gcc.h ****   \brief   Initializes data and bss sections
 126:Drivers/CMSIS/Include/cmsis_gcc.h ****   \details This default implementations initialized all data and additional bss
 127:Drivers/CMSIS/Include/cmsis_gcc.h ****            sections relying on .copy.table and .zero.table specified properly
 128:Drivers/CMSIS/Include/cmsis_gcc.h ****            in the used linker script.
 129:Drivers/CMSIS/Include/cmsis_gcc.h **** 
 130:Drivers/CMSIS/Include/cmsis_gcc.h ****  */
 131:Drivers/CMSIS/Include/cmsis_gcc.h **** __STATIC_FORCEINLINE __NO_RETURN void __cmsis_start(void)
 132:Drivers/CMSIS/Include/cmsis_gcc.h **** {
 133:Drivers/CMSIS/Include/cmsis_gcc.h ****   extern void _start(void) __NO_RETURN;
 134:Drivers/CMSIS/Include/cmsis_gcc.h **** 
 135:Drivers/CMSIS/Include/cmsis_gcc.h ****   typedef struct {
 136:Drivers/CMSIS/Include/cmsis_gcc.h ****     uint32_t const* src;
 137:Drivers/CMSIS/Include/cmsis_gcc.h ****     uint32_t* dest;
 138:Drivers/CMSIS/Include/cmsis_gcc.h ****     uint32_t  wlen;
 139:Drivers/CMSIS/Include/cmsis_gcc.h ****   } __copy_table_t;
 140:Drivers/CMSIS/Include/cmsis_gcc.h **** 
 141:Drivers/CMSIS/Include/cmsis_gcc.h ****   typedef struct {
 142:Drivers/CMSIS/Include/cmsis_gcc.h ****     uint32_t* dest;
ARM GAS  /tmp/ccwjHOJA.s 			page 8


 143:Drivers/CMSIS/Include/cmsis_gcc.h ****     uint32_t  wlen;
 144:Drivers/CMSIS/Include/cmsis_gcc.h ****   } __zero_table_t;
 145:Drivers/CMSIS/Include/cmsis_gcc.h **** 
 146:Drivers/CMSIS/Include/cmsis_gcc.h ****   extern const __copy_table_t __copy_table_start__;
 147:Drivers/CMSIS/Include/cmsis_gcc.h ****   extern const __copy_table_t __copy_table_end__;
 148:Drivers/CMSIS/Include/cmsis_gcc.h ****   extern const __zero_table_t __zero_table_start__;
 149:Drivers/CMSIS/Include/cmsis_gcc.h ****   extern const __zero_table_t __zero_table_end__;
 150:Drivers/CMSIS/Include/cmsis_gcc.h **** 
 151:Drivers/CMSIS/Include/cmsis_gcc.h ****   for (__copy_table_t const* pTable = &__copy_table_start__; pTable < &__copy_table_end__; ++pTable
 152:Drivers/CMSIS/Include/cmsis_gcc.h ****     for(uint32_t i=0u; i<pTable->wlen; ++i) {
 153:Drivers/CMSIS/Include/cmsis_gcc.h ****       pTable->dest[i] = pTable->src[i];
 154:Drivers/CMSIS/Include/cmsis_gcc.h ****     }
 155:Drivers/CMSIS/Include/cmsis_gcc.h ****   }
 156:Drivers/CMSIS/Include/cmsis_gcc.h **** 
 157:Drivers/CMSIS/Include/cmsis_gcc.h ****   for (__zero_table_t const* pTable = &__zero_table_start__; pTable < &__zero_table_end__; ++pTable
 158:Drivers/CMSIS/Include/cmsis_gcc.h ****     for(uint32_t i=0u; i<pTable->wlen; ++i) {
 159:Drivers/CMSIS/Include/cmsis_gcc.h ****       pTable->dest[i] = 0u;
 160:Drivers/CMSIS/Include/cmsis_gcc.h ****     }
 161:Drivers/CMSIS/Include/cmsis_gcc.h ****   }
 162:Drivers/CMSIS/Include/cmsis_gcc.h **** 
 163:Drivers/CMSIS/Include/cmsis_gcc.h ****   _start();
 164:Drivers/CMSIS/Include/cmsis_gcc.h **** }
 165:Drivers/CMSIS/Include/cmsis_gcc.h **** 
 166:Drivers/CMSIS/Include/cmsis_gcc.h **** #define __PROGRAM_START           __cmsis_start
 167:Drivers/CMSIS/Include/cmsis_gcc.h **** #endif
 168:Drivers/CMSIS/Include/cmsis_gcc.h **** 
 169:Drivers/CMSIS/Include/cmsis_gcc.h **** #ifndef __INITIAL_SP
 170:Drivers/CMSIS/Include/cmsis_gcc.h **** #define __INITIAL_SP              __StackTop
 171:Drivers/CMSIS/Include/cmsis_gcc.h **** #endif
 172:Drivers/CMSIS/Include/cmsis_gcc.h **** 
 173:Drivers/CMSIS/Include/cmsis_gcc.h **** #ifndef __STACK_LIMIT
 174:Drivers/CMSIS/Include/cmsis_gcc.h **** #define __STACK_LIMIT             __StackLimit
 175:Drivers/CMSIS/Include/cmsis_gcc.h **** #endif
 176:Drivers/CMSIS/Include/cmsis_gcc.h **** 
 177:Drivers/CMSIS/Include/cmsis_gcc.h **** #ifndef __VECTOR_TABLE
 178:Drivers/CMSIS/Include/cmsis_gcc.h **** #define __VECTOR_TABLE            __Vectors
 179:Drivers/CMSIS/Include/cmsis_gcc.h **** #endif
 180:Drivers/CMSIS/Include/cmsis_gcc.h **** 
 181:Drivers/CMSIS/Include/cmsis_gcc.h **** #ifndef __VECTOR_TABLE_ATTRIBUTE
 182:Drivers/CMSIS/Include/cmsis_gcc.h **** #define __VECTOR_TABLE_ATTRIBUTE  __attribute__((used, section(".vectors")))
 183:Drivers/CMSIS/Include/cmsis_gcc.h **** #endif
 184:Drivers/CMSIS/Include/cmsis_gcc.h **** 
 185:Drivers/CMSIS/Include/cmsis_gcc.h **** #if defined (__ARM_FEATURE_CMSE) && (__ARM_FEATURE_CMSE == 3U)
 186:Drivers/CMSIS/Include/cmsis_gcc.h **** #ifndef __STACK_SEAL
 187:Drivers/CMSIS/Include/cmsis_gcc.h **** #define __STACK_SEAL              __StackSeal
 188:Drivers/CMSIS/Include/cmsis_gcc.h **** #endif
 189:Drivers/CMSIS/Include/cmsis_gcc.h **** 
 190:Drivers/CMSIS/Include/cmsis_gcc.h **** #ifndef __TZ_STACK_SEAL_SIZE
 191:Drivers/CMSIS/Include/cmsis_gcc.h **** #define __TZ_STACK_SEAL_SIZE      8U
 192:Drivers/CMSIS/Include/cmsis_gcc.h **** #endif
 193:Drivers/CMSIS/Include/cmsis_gcc.h **** 
 194:Drivers/CMSIS/Include/cmsis_gcc.h **** #ifndef __TZ_STACK_SEAL_VALUE
 195:Drivers/CMSIS/Include/cmsis_gcc.h **** #define __TZ_STACK_SEAL_VALUE     0xFEF5EDA5FEF5EDA5ULL
 196:Drivers/CMSIS/Include/cmsis_gcc.h **** #endif
 197:Drivers/CMSIS/Include/cmsis_gcc.h **** 
 198:Drivers/CMSIS/Include/cmsis_gcc.h **** 
 199:Drivers/CMSIS/Include/cmsis_gcc.h **** __STATIC_FORCEINLINE void __TZ_set_STACKSEAL_S (uint32_t* stackTop) {
ARM GAS  /tmp/ccwjHOJA.s 			page 9


 200:Drivers/CMSIS/Include/cmsis_gcc.h ****   *((uint64_t *)stackTop) = __TZ_STACK_SEAL_VALUE;
 201:Drivers/CMSIS/Include/cmsis_gcc.h **** }
 202:Drivers/CMSIS/Include/cmsis_gcc.h **** #endif
 203:Drivers/CMSIS/Include/cmsis_gcc.h **** 
 204:Drivers/CMSIS/Include/cmsis_gcc.h **** 
 205:Drivers/CMSIS/Include/cmsis_gcc.h **** /* ##########################  Core Instruction Access  ######################### */
 206:Drivers/CMSIS/Include/cmsis_gcc.h **** /** \defgroup CMSIS_Core_InstructionInterface CMSIS Core Instruction Interface
 207:Drivers/CMSIS/Include/cmsis_gcc.h ****   Access to dedicated instructions
 208:Drivers/CMSIS/Include/cmsis_gcc.h ****   @{
 209:Drivers/CMSIS/Include/cmsis_gcc.h **** */
 210:Drivers/CMSIS/Include/cmsis_gcc.h **** 
 211:Drivers/CMSIS/Include/cmsis_gcc.h **** /* Define macros for porting to both thumb1 and thumb2.
 212:Drivers/CMSIS/Include/cmsis_gcc.h ****  * For thumb1, use low register (r0-r7), specified by constraint "l"
 213:Drivers/CMSIS/Include/cmsis_gcc.h ****  * Otherwise, use general registers, specified by constraint "r" */
 214:Drivers/CMSIS/Include/cmsis_gcc.h **** #if defined (__thumb__) && !defined (__thumb2__)
 215:Drivers/CMSIS/Include/cmsis_gcc.h **** #define __CMSIS_GCC_OUT_REG(r) "=l" (r)
 216:Drivers/CMSIS/Include/cmsis_gcc.h **** #define __CMSIS_GCC_RW_REG(r) "+l" (r)
 217:Drivers/CMSIS/Include/cmsis_gcc.h **** #define __CMSIS_GCC_USE_REG(r) "l" (r)
 218:Drivers/CMSIS/Include/cmsis_gcc.h **** #else
 219:Drivers/CMSIS/Include/cmsis_gcc.h **** #define __CMSIS_GCC_OUT_REG(r) "=r" (r)
 220:Drivers/CMSIS/Include/cmsis_gcc.h **** #define __CMSIS_GCC_RW_REG(r) "+r" (r)
 221:Drivers/CMSIS/Include/cmsis_gcc.h **** #define __CMSIS_GCC_USE_REG(r) "r" (r)
 222:Drivers/CMSIS/Include/cmsis_gcc.h **** #endif
 223:Drivers/CMSIS/Include/cmsis_gcc.h **** 
 224:Drivers/CMSIS/Include/cmsis_gcc.h **** /**
 225:Drivers/CMSIS/Include/cmsis_gcc.h ****   \brief   No Operation
 226:Drivers/CMSIS/Include/cmsis_gcc.h ****   \details No Operation does nothing. This instruction can be used for code alignment purposes.
 227:Drivers/CMSIS/Include/cmsis_gcc.h ****  */
 228:Drivers/CMSIS/Include/cmsis_gcc.h **** #define __NOP()                             __ASM volatile ("nop")
 229:Drivers/CMSIS/Include/cmsis_gcc.h **** 
 230:Drivers/CMSIS/Include/cmsis_gcc.h **** /**
 231:Drivers/CMSIS/Include/cmsis_gcc.h ****   \brief   Wait For Interrupt
 232:Drivers/CMSIS/Include/cmsis_gcc.h ****   \details Wait For Interrupt is a hint instruction that suspends execution until one of a number o
 233:Drivers/CMSIS/Include/cmsis_gcc.h ****  */
 234:Drivers/CMSIS/Include/cmsis_gcc.h **** #define __WFI()                             __ASM volatile ("wfi":::"memory")
 235:Drivers/CMSIS/Include/cmsis_gcc.h **** 
 236:Drivers/CMSIS/Include/cmsis_gcc.h **** 
 237:Drivers/CMSIS/Include/cmsis_gcc.h **** /**
 238:Drivers/CMSIS/Include/cmsis_gcc.h ****   \brief   Wait For Event
 239:Drivers/CMSIS/Include/cmsis_gcc.h ****   \details Wait For Event is a hint instruction that permits the processor to enter
 240:Drivers/CMSIS/Include/cmsis_gcc.h ****            a low-power state until one of a number of events occurs.
 241:Drivers/CMSIS/Include/cmsis_gcc.h ****  */
 242:Drivers/CMSIS/Include/cmsis_gcc.h **** #define __WFE()                             __ASM volatile ("wfe":::"memory")
 243:Drivers/CMSIS/Include/cmsis_gcc.h **** 
 244:Drivers/CMSIS/Include/cmsis_gcc.h **** 
 245:Drivers/CMSIS/Include/cmsis_gcc.h **** /**
 246:Drivers/CMSIS/Include/cmsis_gcc.h ****   \brief   Send Event
 247:Drivers/CMSIS/Include/cmsis_gcc.h ****   \details Send Event is a hint instruction. It causes an event to be signaled to the CPU.
 248:Drivers/CMSIS/Include/cmsis_gcc.h ****  */
 249:Drivers/CMSIS/Include/cmsis_gcc.h **** #define __SEV()                             __ASM volatile ("sev")
 250:Drivers/CMSIS/Include/cmsis_gcc.h **** 
 251:Drivers/CMSIS/Include/cmsis_gcc.h **** 
 252:Drivers/CMSIS/Include/cmsis_gcc.h **** /**
 253:Drivers/CMSIS/Include/cmsis_gcc.h ****   \brief   Instruction Synchronization Barrier
 254:Drivers/CMSIS/Include/cmsis_gcc.h ****   \details Instruction Synchronization Barrier flushes the pipeline in the processor,
 255:Drivers/CMSIS/Include/cmsis_gcc.h ****            so that all instructions following the ISB are fetched from cache or memory,
 256:Drivers/CMSIS/Include/cmsis_gcc.h ****            after the instruction has been completed.
ARM GAS  /tmp/ccwjHOJA.s 			page 10


 257:Drivers/CMSIS/Include/cmsis_gcc.h ****  */
 258:Drivers/CMSIS/Include/cmsis_gcc.h **** __STATIC_FORCEINLINE void __ISB(void)
 259:Drivers/CMSIS/Include/cmsis_gcc.h **** {
 260:Drivers/CMSIS/Include/cmsis_gcc.h ****   __ASM volatile ("isb 0xF":::"memory");
 261:Drivers/CMSIS/Include/cmsis_gcc.h **** }
 262:Drivers/CMSIS/Include/cmsis_gcc.h **** 
 263:Drivers/CMSIS/Include/cmsis_gcc.h **** 
 264:Drivers/CMSIS/Include/cmsis_gcc.h **** /**
 265:Drivers/CMSIS/Include/cmsis_gcc.h ****   \brief   Data Synchronization Barrier
 266:Drivers/CMSIS/Include/cmsis_gcc.h ****   \details Acts as a special kind of Data Memory Barrier.
 267:Drivers/CMSIS/Include/cmsis_gcc.h ****            It completes when all explicit memory accesses before this instruction complete.
 268:Drivers/CMSIS/Include/cmsis_gcc.h ****  */
 269:Drivers/CMSIS/Include/cmsis_gcc.h **** __STATIC_FORCEINLINE void __DSB(void)
 270:Drivers/CMSIS/Include/cmsis_gcc.h **** {
 271:Drivers/CMSIS/Include/cmsis_gcc.h ****   __ASM volatile ("dsb 0xF":::"memory");
 272:Drivers/CMSIS/Include/cmsis_gcc.h **** }
 273:Drivers/CMSIS/Include/cmsis_gcc.h **** 
 274:Drivers/CMSIS/Include/cmsis_gcc.h **** 
 275:Drivers/CMSIS/Include/cmsis_gcc.h **** /**
 276:Drivers/CMSIS/Include/cmsis_gcc.h ****   \brief   Data Memory Barrier
 277:Drivers/CMSIS/Include/cmsis_gcc.h ****   \details Ensures the apparent order of the explicit memory operations before
 278:Drivers/CMSIS/Include/cmsis_gcc.h ****            and after the instruction, without ensuring their completion.
 279:Drivers/CMSIS/Include/cmsis_gcc.h ****  */
 280:Drivers/CMSIS/Include/cmsis_gcc.h **** __STATIC_FORCEINLINE void __DMB(void)
 281:Drivers/CMSIS/Include/cmsis_gcc.h **** {
 282:Drivers/CMSIS/Include/cmsis_gcc.h ****   __ASM volatile ("dmb 0xF":::"memory");
 283:Drivers/CMSIS/Include/cmsis_gcc.h **** }
 284:Drivers/CMSIS/Include/cmsis_gcc.h **** 
 285:Drivers/CMSIS/Include/cmsis_gcc.h **** 
 286:Drivers/CMSIS/Include/cmsis_gcc.h **** /**
 287:Drivers/CMSIS/Include/cmsis_gcc.h ****   \brief   Reverse byte order (32 bit)
 288:Drivers/CMSIS/Include/cmsis_gcc.h ****   \details Reverses the byte order in unsigned integer value. For example, 0x12345678 becomes 0x785
 289:Drivers/CMSIS/Include/cmsis_gcc.h ****   \param [in]    value  Value to reverse
 290:Drivers/CMSIS/Include/cmsis_gcc.h ****   \return               Reversed value
 291:Drivers/CMSIS/Include/cmsis_gcc.h ****  */
 292:Drivers/CMSIS/Include/cmsis_gcc.h **** __STATIC_FORCEINLINE uint32_t __REV(uint32_t value)
 293:Drivers/CMSIS/Include/cmsis_gcc.h **** {
 294:Drivers/CMSIS/Include/cmsis_gcc.h **** #if (__GNUC__ > 4) || (__GNUC__ == 4 && __GNUC_MINOR__ >= 5)
 295:Drivers/CMSIS/Include/cmsis_gcc.h ****   return __builtin_bswap32(value);
 296:Drivers/CMSIS/Include/cmsis_gcc.h **** #else
 297:Drivers/CMSIS/Include/cmsis_gcc.h ****   uint32_t result;
 298:Drivers/CMSIS/Include/cmsis_gcc.h **** 
 299:Drivers/CMSIS/Include/cmsis_gcc.h ****   __ASM ("rev %0, %1" : __CMSIS_GCC_OUT_REG (result) : __CMSIS_GCC_USE_REG (value) );
 300:Drivers/CMSIS/Include/cmsis_gcc.h ****   return result;
 301:Drivers/CMSIS/Include/cmsis_gcc.h **** #endif
 302:Drivers/CMSIS/Include/cmsis_gcc.h **** }
 303:Drivers/CMSIS/Include/cmsis_gcc.h **** 
 304:Drivers/CMSIS/Include/cmsis_gcc.h **** 
 305:Drivers/CMSIS/Include/cmsis_gcc.h **** /**
 306:Drivers/CMSIS/Include/cmsis_gcc.h ****   \brief   Reverse byte order (16 bit)
 307:Drivers/CMSIS/Include/cmsis_gcc.h ****   \details Reverses the byte order within each halfword of a word. For example, 0x12345678 becomes 
 308:Drivers/CMSIS/Include/cmsis_gcc.h ****   \param [in]    value  Value to reverse
 309:Drivers/CMSIS/Include/cmsis_gcc.h ****   \return               Reversed value
 310:Drivers/CMSIS/Include/cmsis_gcc.h ****  */
 311:Drivers/CMSIS/Include/cmsis_gcc.h **** __STATIC_FORCEINLINE uint32_t __REV16(uint32_t value)
 312:Drivers/CMSIS/Include/cmsis_gcc.h **** {
 313:Drivers/CMSIS/Include/cmsis_gcc.h ****   uint32_t result;
ARM GAS  /tmp/ccwjHOJA.s 			page 11


 314:Drivers/CMSIS/Include/cmsis_gcc.h **** 
 315:Drivers/CMSIS/Include/cmsis_gcc.h ****   __ASM ("rev16 %0, %1" : __CMSIS_GCC_OUT_REG (result) : __CMSIS_GCC_USE_REG (value) );
 316:Drivers/CMSIS/Include/cmsis_gcc.h ****   return result;
 317:Drivers/CMSIS/Include/cmsis_gcc.h **** }
 318:Drivers/CMSIS/Include/cmsis_gcc.h **** 
 319:Drivers/CMSIS/Include/cmsis_gcc.h **** 
 320:Drivers/CMSIS/Include/cmsis_gcc.h **** /**
 321:Drivers/CMSIS/Include/cmsis_gcc.h ****   \brief   Reverse byte order (16 bit)
 322:Drivers/CMSIS/Include/cmsis_gcc.h ****   \details Reverses the byte order in a 16-bit value and returns the signed 16-bit result. For exam
 323:Drivers/CMSIS/Include/cmsis_gcc.h ****   \param [in]    value  Value to reverse
 324:Drivers/CMSIS/Include/cmsis_gcc.h ****   \return               Reversed value
 325:Drivers/CMSIS/Include/cmsis_gcc.h ****  */
 326:Drivers/CMSIS/Include/cmsis_gcc.h **** __STATIC_FORCEINLINE int16_t __REVSH(int16_t value)
 327:Drivers/CMSIS/Include/cmsis_gcc.h **** {
 328:Drivers/CMSIS/Include/cmsis_gcc.h **** #if (__GNUC__ > 4) || (__GNUC__ == 4 && __GNUC_MINOR__ >= 8)
 329:Drivers/CMSIS/Include/cmsis_gcc.h ****   return (int16_t)__builtin_bswap16(value);
 330:Drivers/CMSIS/Include/cmsis_gcc.h **** #else
 331:Drivers/CMSIS/Include/cmsis_gcc.h ****   int16_t result;
 332:Drivers/CMSIS/Include/cmsis_gcc.h **** 
 333:Drivers/CMSIS/Include/cmsis_gcc.h ****   __ASM ("revsh %0, %1" : __CMSIS_GCC_OUT_REG (result) : __CMSIS_GCC_USE_REG (value) );
 334:Drivers/CMSIS/Include/cmsis_gcc.h ****   return result;
 335:Drivers/CMSIS/Include/cmsis_gcc.h **** #endif
 336:Drivers/CMSIS/Include/cmsis_gcc.h **** }
 337:Drivers/CMSIS/Include/cmsis_gcc.h **** 
 338:Drivers/CMSIS/Include/cmsis_gcc.h **** 
 339:Drivers/CMSIS/Include/cmsis_gcc.h **** /**
 340:Drivers/CMSIS/Include/cmsis_gcc.h ****   \brief   Rotate Right in unsigned value (32 bit)
 341:Drivers/CMSIS/Include/cmsis_gcc.h ****   \details Rotate Right (immediate) provides the value of the contents of a register rotated by a v
 342:Drivers/CMSIS/Include/cmsis_gcc.h ****   \param [in]    op1  Value to rotate
 343:Drivers/CMSIS/Include/cmsis_gcc.h ****   \param [in]    op2  Number of Bits to rotate
 344:Drivers/CMSIS/Include/cmsis_gcc.h ****   \return               Rotated value
 345:Drivers/CMSIS/Include/cmsis_gcc.h ****  */
 346:Drivers/CMSIS/Include/cmsis_gcc.h **** __STATIC_FORCEINLINE uint32_t __ROR(uint32_t op1, uint32_t op2)
 347:Drivers/CMSIS/Include/cmsis_gcc.h **** {
 348:Drivers/CMSIS/Include/cmsis_gcc.h ****   op2 %= 32U;
 349:Drivers/CMSIS/Include/cmsis_gcc.h ****   if (op2 == 0U)
 350:Drivers/CMSIS/Include/cmsis_gcc.h ****   {
 351:Drivers/CMSIS/Include/cmsis_gcc.h ****     return op1;
 352:Drivers/CMSIS/Include/cmsis_gcc.h ****   }
 353:Drivers/CMSIS/Include/cmsis_gcc.h ****   return (op1 >> op2) | (op1 << (32U - op2));
 354:Drivers/CMSIS/Include/cmsis_gcc.h **** }
 355:Drivers/CMSIS/Include/cmsis_gcc.h **** 
 356:Drivers/CMSIS/Include/cmsis_gcc.h **** 
 357:Drivers/CMSIS/Include/cmsis_gcc.h **** /**
 358:Drivers/CMSIS/Include/cmsis_gcc.h ****   \brief   Breakpoint
 359:Drivers/CMSIS/Include/cmsis_gcc.h ****   \details Causes the processor to enter Debug state.
 360:Drivers/CMSIS/Include/cmsis_gcc.h ****            Debug tools can use this to investigate system state when the instruction at a particula
 361:Drivers/CMSIS/Include/cmsis_gcc.h ****   \param [in]    value  is ignored by the processor.
 362:Drivers/CMSIS/Include/cmsis_gcc.h ****                  If required, a debugger can use it to store additional information about the break
 363:Drivers/CMSIS/Include/cmsis_gcc.h ****  */
 364:Drivers/CMSIS/Include/cmsis_gcc.h **** #define __BKPT(value)                       __ASM volatile ("bkpt "#value)
 365:Drivers/CMSIS/Include/cmsis_gcc.h **** 
 366:Drivers/CMSIS/Include/cmsis_gcc.h **** 
 367:Drivers/CMSIS/Include/cmsis_gcc.h **** /**
 368:Drivers/CMSIS/Include/cmsis_gcc.h ****   \brief   Reverse bit order of value
 369:Drivers/CMSIS/Include/cmsis_gcc.h ****   \details Reverses the bit order of the given value.
 370:Drivers/CMSIS/Include/cmsis_gcc.h ****   \param [in]    value  Value to reverse
ARM GAS  /tmp/ccwjHOJA.s 			page 12


 371:Drivers/CMSIS/Include/cmsis_gcc.h ****   \return               Reversed value
 372:Drivers/CMSIS/Include/cmsis_gcc.h ****  */
 373:Drivers/CMSIS/Include/cmsis_gcc.h **** __STATIC_FORCEINLINE uint32_t __RBIT(uint32_t value)
 374:Drivers/CMSIS/Include/cmsis_gcc.h **** {
 375:Drivers/CMSIS/Include/cmsis_gcc.h ****   uint32_t result;
 376:Drivers/CMSIS/Include/cmsis_gcc.h **** 
 377:Drivers/CMSIS/Include/cmsis_gcc.h **** #if ((defined (__ARM_ARCH_7M__      ) && (__ARM_ARCH_7M__      == 1)) || \
 378:Drivers/CMSIS/Include/cmsis_gcc.h ****      (defined (__ARM_ARCH_7EM__     ) && (__ARM_ARCH_7EM__     == 1)) || \
 379:Drivers/CMSIS/Include/cmsis_gcc.h ****      (defined (__ARM_ARCH_8M_MAIN__ ) && (__ARM_ARCH_8M_MAIN__ == 1))    )
 380:Drivers/CMSIS/Include/cmsis_gcc.h ****    __ASM ("rbit %0, %1" : "=r" (result) : "r" (value) );
 381:Drivers/CMSIS/Include/cmsis_gcc.h **** #else
 382:Drivers/CMSIS/Include/cmsis_gcc.h ****   uint32_t s = (4U /*sizeof(v)*/ * 8U) - 1U; /* extra shift needed at end */
 383:Drivers/CMSIS/Include/cmsis_gcc.h **** 
 384:Drivers/CMSIS/Include/cmsis_gcc.h ****   result = value;                      /* r will be reversed bits of v; first get LSB of v */
 385:Drivers/CMSIS/Include/cmsis_gcc.h ****   for (value >>= 1U; value != 0U; value >>= 1U)
 386:Drivers/CMSIS/Include/cmsis_gcc.h ****   {
 387:Drivers/CMSIS/Include/cmsis_gcc.h ****     result <<= 1U;
 388:Drivers/CMSIS/Include/cmsis_gcc.h ****     result |= value & 1U;
 389:Drivers/CMSIS/Include/cmsis_gcc.h ****     s--;
 390:Drivers/CMSIS/Include/cmsis_gcc.h ****   }
 391:Drivers/CMSIS/Include/cmsis_gcc.h ****   result <<= s;                        /* shift when v's highest bits are zero */
 392:Drivers/CMSIS/Include/cmsis_gcc.h **** #endif
 393:Drivers/CMSIS/Include/cmsis_gcc.h ****   return result;
 394:Drivers/CMSIS/Include/cmsis_gcc.h **** }
 395:Drivers/CMSIS/Include/cmsis_gcc.h **** 
 396:Drivers/CMSIS/Include/cmsis_gcc.h **** 
 397:Drivers/CMSIS/Include/cmsis_gcc.h **** /**
 398:Drivers/CMSIS/Include/cmsis_gcc.h ****   \brief   Count leading zeros
 399:Drivers/CMSIS/Include/cmsis_gcc.h ****   \details Counts the number of leading zeros of a data value.
 400:Drivers/CMSIS/Include/cmsis_gcc.h ****   \param [in]  value  Value to count the leading zeros
 401:Drivers/CMSIS/Include/cmsis_gcc.h ****   \return             number of leading zeros in value
 402:Drivers/CMSIS/Include/cmsis_gcc.h ****  */
 403:Drivers/CMSIS/Include/cmsis_gcc.h **** __STATIC_FORCEINLINE uint8_t __CLZ(uint32_t value)
 404:Drivers/CMSIS/Include/cmsis_gcc.h **** {
 405:Drivers/CMSIS/Include/cmsis_gcc.h ****   /* Even though __builtin_clz produces a CLZ instruction on ARM, formally
 406:Drivers/CMSIS/Include/cmsis_gcc.h ****      __builtin_clz(0) is undefined behaviour, so handle this case specially.
 407:Drivers/CMSIS/Include/cmsis_gcc.h ****      This guarantees ARM-compatible results if happening to compile on a non-ARM
 408:Drivers/CMSIS/Include/cmsis_gcc.h ****      target, and ensures the compiler doesn't decide to activate any
 409:Drivers/CMSIS/Include/cmsis_gcc.h ****      optimisations using the logic "value was passed to __builtin_clz, so it
 410:Drivers/CMSIS/Include/cmsis_gcc.h ****      is non-zero".
 411:Drivers/CMSIS/Include/cmsis_gcc.h ****      ARM GCC 7.3 and possibly earlier will optimise this test away, leaving a
 412:Drivers/CMSIS/Include/cmsis_gcc.h ****      single CLZ instruction.
 413:Drivers/CMSIS/Include/cmsis_gcc.h ****    */
 414:Drivers/CMSIS/Include/cmsis_gcc.h ****   if (value == 0U)
 415:Drivers/CMSIS/Include/cmsis_gcc.h ****   {
 416:Drivers/CMSIS/Include/cmsis_gcc.h ****     return 32U;
 417:Drivers/CMSIS/Include/cmsis_gcc.h ****   }
 418:Drivers/CMSIS/Include/cmsis_gcc.h ****   return __builtin_clz(value);
 419:Drivers/CMSIS/Include/cmsis_gcc.h **** }
 420:Drivers/CMSIS/Include/cmsis_gcc.h **** 
 421:Drivers/CMSIS/Include/cmsis_gcc.h **** 
 422:Drivers/CMSIS/Include/cmsis_gcc.h **** #if ((defined (__ARM_ARCH_7M__      ) && (__ARM_ARCH_7M__      == 1)) || \
 423:Drivers/CMSIS/Include/cmsis_gcc.h ****      (defined (__ARM_ARCH_7EM__     ) && (__ARM_ARCH_7EM__     == 1)) || \
 424:Drivers/CMSIS/Include/cmsis_gcc.h ****      (defined (__ARM_ARCH_8M_MAIN__ ) && (__ARM_ARCH_8M_MAIN__ == 1)) || \
 425:Drivers/CMSIS/Include/cmsis_gcc.h ****      (defined (__ARM_ARCH_8M_BASE__ ) && (__ARM_ARCH_8M_BASE__ == 1))    )
 426:Drivers/CMSIS/Include/cmsis_gcc.h **** /**
 427:Drivers/CMSIS/Include/cmsis_gcc.h ****   \brief   LDR Exclusive (8 bit)
ARM GAS  /tmp/ccwjHOJA.s 			page 13


 428:Drivers/CMSIS/Include/cmsis_gcc.h ****   \details Executes a exclusive LDR instruction for 8 bit value.
 429:Drivers/CMSIS/Include/cmsis_gcc.h ****   \param [in]    ptr  Pointer to data
 430:Drivers/CMSIS/Include/cmsis_gcc.h ****   \return             value of type uint8_t at (*ptr)
 431:Drivers/CMSIS/Include/cmsis_gcc.h ****  */
 432:Drivers/CMSIS/Include/cmsis_gcc.h **** __STATIC_FORCEINLINE uint8_t __LDREXB(volatile uint8_t *addr)
 433:Drivers/CMSIS/Include/cmsis_gcc.h **** {
 434:Drivers/CMSIS/Include/cmsis_gcc.h ****     uint32_t result;
 435:Drivers/CMSIS/Include/cmsis_gcc.h **** 
 436:Drivers/CMSIS/Include/cmsis_gcc.h **** #if (__GNUC__ > 4) || (__GNUC__ == 4 && __GNUC_MINOR__ >= 8)
 437:Drivers/CMSIS/Include/cmsis_gcc.h ****    __ASM volatile ("ldrexb %0, %1" : "=r" (result) : "Q" (*addr) );
 438:Drivers/CMSIS/Include/cmsis_gcc.h **** #else
 439:Drivers/CMSIS/Include/cmsis_gcc.h ****     /* Prior to GCC 4.8, "Q" will be expanded to [rx, #0] which is not
 440:Drivers/CMSIS/Include/cmsis_gcc.h ****        accepted by assembler. So has to use following less efficient pattern.
 441:Drivers/CMSIS/Include/cmsis_gcc.h ****     */
 442:Drivers/CMSIS/Include/cmsis_gcc.h ****    __ASM volatile ("ldrexb %0, [%1]" : "=r" (result) : "r" (addr) : "memory" );
 443:Drivers/CMSIS/Include/cmsis_gcc.h **** #endif
 444:Drivers/CMSIS/Include/cmsis_gcc.h ****    return ((uint8_t) result);    /* Add explicit type cast here */
 445:Drivers/CMSIS/Include/cmsis_gcc.h **** }
 446:Drivers/CMSIS/Include/cmsis_gcc.h **** 
 447:Drivers/CMSIS/Include/cmsis_gcc.h **** 
 448:Drivers/CMSIS/Include/cmsis_gcc.h **** /**
 449:Drivers/CMSIS/Include/cmsis_gcc.h ****   \brief   LDR Exclusive (16 bit)
 450:Drivers/CMSIS/Include/cmsis_gcc.h ****   \details Executes a exclusive LDR instruction for 16 bit values.
 451:Drivers/CMSIS/Include/cmsis_gcc.h ****   \param [in]    ptr  Pointer to data
 452:Drivers/CMSIS/Include/cmsis_gcc.h ****   \return        value of type uint16_t at (*ptr)
 453:Drivers/CMSIS/Include/cmsis_gcc.h ****  */
 454:Drivers/CMSIS/Include/cmsis_gcc.h **** __STATIC_FORCEINLINE uint16_t __LDREXH(volatile uint16_t *addr)
 455:Drivers/CMSIS/Include/cmsis_gcc.h **** {
 456:Drivers/CMSIS/Include/cmsis_gcc.h ****     uint32_t result;
 457:Drivers/CMSIS/Include/cmsis_gcc.h **** 
 458:Drivers/CMSIS/Include/cmsis_gcc.h **** #if (__GNUC__ > 4) || (__GNUC__ == 4 && __GNUC_MINOR__ >= 8)
 459:Drivers/CMSIS/Include/cmsis_gcc.h ****    __ASM volatile ("ldrexh %0, %1" : "=r" (result) : "Q" (*addr) );
 460:Drivers/CMSIS/Include/cmsis_gcc.h **** #else
 461:Drivers/CMSIS/Include/cmsis_gcc.h ****     /* Prior to GCC 4.8, "Q" will be expanded to [rx, #0] which is not
 462:Drivers/CMSIS/Include/cmsis_gcc.h ****        accepted by assembler. So has to use following less efficient pattern.
 463:Drivers/CMSIS/Include/cmsis_gcc.h ****     */
 464:Drivers/CMSIS/Include/cmsis_gcc.h ****    __ASM volatile ("ldrexh %0, [%1]" : "=r" (result) : "r" (addr) : "memory" );
 465:Drivers/CMSIS/Include/cmsis_gcc.h **** #endif
 466:Drivers/CMSIS/Include/cmsis_gcc.h ****    return ((uint16_t) result);    /* Add explicit type cast here */
 467:Drivers/CMSIS/Include/cmsis_gcc.h **** }
 468:Drivers/CMSIS/Include/cmsis_gcc.h **** 
 469:Drivers/CMSIS/Include/cmsis_gcc.h **** 
 470:Drivers/CMSIS/Include/cmsis_gcc.h **** /**
 471:Drivers/CMSIS/Include/cmsis_gcc.h ****   \brief   LDR Exclusive (32 bit)
 472:Drivers/CMSIS/Include/cmsis_gcc.h ****   \details Executes a exclusive LDR instruction for 32 bit values.
 473:Drivers/CMSIS/Include/cmsis_gcc.h ****   \param [in]    ptr  Pointer to data
 474:Drivers/CMSIS/Include/cmsis_gcc.h ****   \return        value of type uint32_t at (*ptr)
 475:Drivers/CMSIS/Include/cmsis_gcc.h ****  */
 476:Drivers/CMSIS/Include/cmsis_gcc.h **** __STATIC_FORCEINLINE uint32_t __LDREXW(volatile uint32_t *addr)
 477:Drivers/CMSIS/Include/cmsis_gcc.h **** {
 478:Drivers/CMSIS/Include/cmsis_gcc.h ****     uint32_t result;
 479:Drivers/CMSIS/Include/cmsis_gcc.h **** 
 480:Drivers/CMSIS/Include/cmsis_gcc.h ****    __ASM volatile ("ldrex %0, %1" : "=r" (result) : "Q" (*addr) );
 481:Drivers/CMSIS/Include/cmsis_gcc.h ****    return(result);
 482:Drivers/CMSIS/Include/cmsis_gcc.h **** }
 483:Drivers/CMSIS/Include/cmsis_gcc.h **** 
 484:Drivers/CMSIS/Include/cmsis_gcc.h **** 
ARM GAS  /tmp/ccwjHOJA.s 			page 14


 485:Drivers/CMSIS/Include/cmsis_gcc.h **** /**
 486:Drivers/CMSIS/Include/cmsis_gcc.h ****   \brief   STR Exclusive (8 bit)
 487:Drivers/CMSIS/Include/cmsis_gcc.h ****   \details Executes a exclusive STR instruction for 8 bit values.
 488:Drivers/CMSIS/Include/cmsis_gcc.h ****   \param [in]  value  Value to store
 489:Drivers/CMSIS/Include/cmsis_gcc.h ****   \param [in]    ptr  Pointer to location
 490:Drivers/CMSIS/Include/cmsis_gcc.h ****   \return          0  Function succeeded
 491:Drivers/CMSIS/Include/cmsis_gcc.h ****   \return          1  Function failed
 492:Drivers/CMSIS/Include/cmsis_gcc.h ****  */
 493:Drivers/CMSIS/Include/cmsis_gcc.h **** __STATIC_FORCEINLINE uint32_t __STREXB(uint8_t value, volatile uint8_t *addr)
 494:Drivers/CMSIS/Include/cmsis_gcc.h **** {
 495:Drivers/CMSIS/Include/cmsis_gcc.h ****    uint32_t result;
 496:Drivers/CMSIS/Include/cmsis_gcc.h **** 
 497:Drivers/CMSIS/Include/cmsis_gcc.h ****    __ASM volatile ("strexb %0, %2, %1" : "=&r" (result), "=Q" (*addr) : "r" ((uint32_t)value) );
 498:Drivers/CMSIS/Include/cmsis_gcc.h ****    return(result);
 499:Drivers/CMSIS/Include/cmsis_gcc.h **** }
 500:Drivers/CMSIS/Include/cmsis_gcc.h **** 
 501:Drivers/CMSIS/Include/cmsis_gcc.h **** 
 502:Drivers/CMSIS/Include/cmsis_gcc.h **** /**
 503:Drivers/CMSIS/Include/cmsis_gcc.h ****   \brief   STR Exclusive (16 bit)
 504:Drivers/CMSIS/Include/cmsis_gcc.h ****   \details Executes a exclusive STR instruction for 16 bit values.
 505:Drivers/CMSIS/Include/cmsis_gcc.h ****   \param [in]  value  Value to store
 506:Drivers/CMSIS/Include/cmsis_gcc.h ****   \param [in]    ptr  Pointer to location
 507:Drivers/CMSIS/Include/cmsis_gcc.h ****   \return          0  Function succeeded
 508:Drivers/CMSIS/Include/cmsis_gcc.h ****   \return          1  Function failed
 509:Drivers/CMSIS/Include/cmsis_gcc.h ****  */
 510:Drivers/CMSIS/Include/cmsis_gcc.h **** __STATIC_FORCEINLINE uint32_t __STREXH(uint16_t value, volatile uint16_t *addr)
 511:Drivers/CMSIS/Include/cmsis_gcc.h **** {
 512:Drivers/CMSIS/Include/cmsis_gcc.h ****    uint32_t result;
 513:Drivers/CMSIS/Include/cmsis_gcc.h **** 
 514:Drivers/CMSIS/Include/cmsis_gcc.h ****    __ASM volatile ("strexh %0, %2, %1" : "=&r" (result), "=Q" (*addr) : "r" ((uint32_t)value) );
 515:Drivers/CMSIS/Include/cmsis_gcc.h ****    return(result);
 516:Drivers/CMSIS/Include/cmsis_gcc.h **** }
 517:Drivers/CMSIS/Include/cmsis_gcc.h **** 
 518:Drivers/CMSIS/Include/cmsis_gcc.h **** 
 519:Drivers/CMSIS/Include/cmsis_gcc.h **** /**
 520:Drivers/CMSIS/Include/cmsis_gcc.h ****   \brief   STR Exclusive (32 bit)
 521:Drivers/CMSIS/Include/cmsis_gcc.h ****   \details Executes a exclusive STR instruction for 32 bit values.
 522:Drivers/CMSIS/Include/cmsis_gcc.h ****   \param [in]  value  Value to store
 523:Drivers/CMSIS/Include/cmsis_gcc.h ****   \param [in]    ptr  Pointer to location
 524:Drivers/CMSIS/Include/cmsis_gcc.h ****   \return          0  Function succeeded
 525:Drivers/CMSIS/Include/cmsis_gcc.h ****   \return          1  Function failed
 526:Drivers/CMSIS/Include/cmsis_gcc.h ****  */
 527:Drivers/CMSIS/Include/cmsis_gcc.h **** __STATIC_FORCEINLINE uint32_t __STREXW(uint32_t value, volatile uint32_t *addr)
 528:Drivers/CMSIS/Include/cmsis_gcc.h **** {
 529:Drivers/CMSIS/Include/cmsis_gcc.h ****    uint32_t result;
 530:Drivers/CMSIS/Include/cmsis_gcc.h **** 
 531:Drivers/CMSIS/Include/cmsis_gcc.h ****    __ASM volatile ("strex %0, %2, %1" : "=&r" (result), "=Q" (*addr) : "r" (value) );
 532:Drivers/CMSIS/Include/cmsis_gcc.h ****    return(result);
 533:Drivers/CMSIS/Include/cmsis_gcc.h **** }
 534:Drivers/CMSIS/Include/cmsis_gcc.h **** 
 535:Drivers/CMSIS/Include/cmsis_gcc.h **** 
 536:Drivers/CMSIS/Include/cmsis_gcc.h **** /**
 537:Drivers/CMSIS/Include/cmsis_gcc.h ****   \brief   Remove the exclusive lock
 538:Drivers/CMSIS/Include/cmsis_gcc.h ****   \details Removes the exclusive lock which is created by LDREX.
 539:Drivers/CMSIS/Include/cmsis_gcc.h ****  */
 540:Drivers/CMSIS/Include/cmsis_gcc.h **** __STATIC_FORCEINLINE void __CLREX(void)
 541:Drivers/CMSIS/Include/cmsis_gcc.h **** {
ARM GAS  /tmp/ccwjHOJA.s 			page 15


 542:Drivers/CMSIS/Include/cmsis_gcc.h ****   __ASM volatile ("clrex" ::: "memory");
 543:Drivers/CMSIS/Include/cmsis_gcc.h **** }
 544:Drivers/CMSIS/Include/cmsis_gcc.h **** 
 545:Drivers/CMSIS/Include/cmsis_gcc.h **** #endif /* ((defined (__ARM_ARCH_7M__      ) && (__ARM_ARCH_7M__      == 1)) || \
 546:Drivers/CMSIS/Include/cmsis_gcc.h ****            (defined (__ARM_ARCH_7EM__     ) && (__ARM_ARCH_7EM__     == 1)) || \
 547:Drivers/CMSIS/Include/cmsis_gcc.h ****            (defined (__ARM_ARCH_8M_MAIN__ ) && (__ARM_ARCH_8M_MAIN__ == 1)) || \
 548:Drivers/CMSIS/Include/cmsis_gcc.h ****            (defined (__ARM_ARCH_8M_BASE__ ) && (__ARM_ARCH_8M_BASE__ == 1))    ) */
 549:Drivers/CMSIS/Include/cmsis_gcc.h **** 
 550:Drivers/CMSIS/Include/cmsis_gcc.h **** 
 551:Drivers/CMSIS/Include/cmsis_gcc.h **** #if ((defined (__ARM_ARCH_7M__      ) && (__ARM_ARCH_7M__      == 1)) || \
 552:Drivers/CMSIS/Include/cmsis_gcc.h ****      (defined (__ARM_ARCH_7EM__     ) && (__ARM_ARCH_7EM__     == 1)) || \
 553:Drivers/CMSIS/Include/cmsis_gcc.h ****      (defined (__ARM_ARCH_8M_MAIN__ ) && (__ARM_ARCH_8M_MAIN__ == 1))    )
 554:Drivers/CMSIS/Include/cmsis_gcc.h **** /**
 555:Drivers/CMSIS/Include/cmsis_gcc.h ****   \brief   Signed Saturate
 556:Drivers/CMSIS/Include/cmsis_gcc.h ****   \details Saturates a signed value.
 557:Drivers/CMSIS/Include/cmsis_gcc.h ****   \param [in]  ARG1  Value to be saturated
 558:Drivers/CMSIS/Include/cmsis_gcc.h ****   \param [in]  ARG2  Bit position to saturate to (1..32)
 559:Drivers/CMSIS/Include/cmsis_gcc.h ****   \return             Saturated value
 560:Drivers/CMSIS/Include/cmsis_gcc.h ****  */
 561:Drivers/CMSIS/Include/cmsis_gcc.h **** #define __SSAT(ARG1, ARG2) \
 562:Drivers/CMSIS/Include/cmsis_gcc.h **** __extension__ \
 563:Drivers/CMSIS/Include/cmsis_gcc.h **** ({                          \
 564:Drivers/CMSIS/Include/cmsis_gcc.h ****   int32_t __RES, __ARG1 = (ARG1); \
 565:Drivers/CMSIS/Include/cmsis_gcc.h ****   __ASM volatile ("ssat %0, %1, %2" : "=r" (__RES) :  "I" (ARG2), "r" (__ARG1) : "cc" ); \
 566:Drivers/CMSIS/Include/cmsis_gcc.h ****   __RES; \
 567:Drivers/CMSIS/Include/cmsis_gcc.h ****  })
 568:Drivers/CMSIS/Include/cmsis_gcc.h **** 
 569:Drivers/CMSIS/Include/cmsis_gcc.h **** 
 570:Drivers/CMSIS/Include/cmsis_gcc.h **** /**
 571:Drivers/CMSIS/Include/cmsis_gcc.h ****   \brief   Unsigned Saturate
 572:Drivers/CMSIS/Include/cmsis_gcc.h ****   \details Saturates an unsigned value.
 573:Drivers/CMSIS/Include/cmsis_gcc.h ****   \param [in]  ARG1  Value to be saturated
 574:Drivers/CMSIS/Include/cmsis_gcc.h ****   \param [in]  ARG2  Bit position to saturate to (0..31)
 575:Drivers/CMSIS/Include/cmsis_gcc.h ****   \return             Saturated value
 576:Drivers/CMSIS/Include/cmsis_gcc.h ****  */
 577:Drivers/CMSIS/Include/cmsis_gcc.h **** #define __USAT(ARG1, ARG2) \
 578:Drivers/CMSIS/Include/cmsis_gcc.h **** __extension__ \
 579:Drivers/CMSIS/Include/cmsis_gcc.h **** ({                          \
 580:Drivers/CMSIS/Include/cmsis_gcc.h ****   uint32_t __RES, __ARG1 = (ARG1); \
 581:Drivers/CMSIS/Include/cmsis_gcc.h ****   __ASM volatile ("usat %0, %1, %2" : "=r" (__RES) :  "I" (ARG2), "r" (__ARG1) : "cc" ); \
 582:Drivers/CMSIS/Include/cmsis_gcc.h ****   __RES; \
 583:Drivers/CMSIS/Include/cmsis_gcc.h ****  })
 584:Drivers/CMSIS/Include/cmsis_gcc.h **** 
 585:Drivers/CMSIS/Include/cmsis_gcc.h **** 
 586:Drivers/CMSIS/Include/cmsis_gcc.h **** /**
 587:Drivers/CMSIS/Include/cmsis_gcc.h ****   \brief   Rotate Right with Extend (32 bit)
 588:Drivers/CMSIS/Include/cmsis_gcc.h ****   \details Moves each bit of a bitstring right by one bit.
 589:Drivers/CMSIS/Include/cmsis_gcc.h ****            The carry input is shifted in at the left end of the bitstring.
 590:Drivers/CMSIS/Include/cmsis_gcc.h ****   \param [in]    value  Value to rotate
 591:Drivers/CMSIS/Include/cmsis_gcc.h ****   \return               Rotated value
 592:Drivers/CMSIS/Include/cmsis_gcc.h ****  */
 593:Drivers/CMSIS/Include/cmsis_gcc.h **** __STATIC_FORCEINLINE uint32_t __RRX(uint32_t value)
 594:Drivers/CMSIS/Include/cmsis_gcc.h **** {
 595:Drivers/CMSIS/Include/cmsis_gcc.h ****   uint32_t result;
 596:Drivers/CMSIS/Include/cmsis_gcc.h **** 
 597:Drivers/CMSIS/Include/cmsis_gcc.h ****   __ASM volatile ("rrx %0, %1" : __CMSIS_GCC_OUT_REG (result) : __CMSIS_GCC_USE_REG (value) );
 598:Drivers/CMSIS/Include/cmsis_gcc.h ****   return(result);
ARM GAS  /tmp/ccwjHOJA.s 			page 16


 599:Drivers/CMSIS/Include/cmsis_gcc.h **** }
 600:Drivers/CMSIS/Include/cmsis_gcc.h **** 
 601:Drivers/CMSIS/Include/cmsis_gcc.h **** 
 602:Drivers/CMSIS/Include/cmsis_gcc.h **** /**
 603:Drivers/CMSIS/Include/cmsis_gcc.h ****   \brief   LDRT Unprivileged (8 bit)
 604:Drivers/CMSIS/Include/cmsis_gcc.h ****   \details Executes a Unprivileged LDRT instruction for 8 bit value.
 605:Drivers/CMSIS/Include/cmsis_gcc.h ****   \param [in]    ptr  Pointer to data
 606:Drivers/CMSIS/Include/cmsis_gcc.h ****   \return             value of type uint8_t at (*ptr)
 607:Drivers/CMSIS/Include/cmsis_gcc.h ****  */
 608:Drivers/CMSIS/Include/cmsis_gcc.h **** __STATIC_FORCEINLINE uint8_t __LDRBT(volatile uint8_t *ptr)
 609:Drivers/CMSIS/Include/cmsis_gcc.h **** {
 610:Drivers/CMSIS/Include/cmsis_gcc.h ****     uint32_t result;
 611:Drivers/CMSIS/Include/cmsis_gcc.h **** 
 612:Drivers/CMSIS/Include/cmsis_gcc.h **** #if (__GNUC__ > 4) || (__GNUC__ == 4 && __GNUC_MINOR__ >= 8)
 613:Drivers/CMSIS/Include/cmsis_gcc.h ****    __ASM volatile ("ldrbt %0, %1" : "=r" (result) : "Q" (*ptr) );
 614:Drivers/CMSIS/Include/cmsis_gcc.h **** #else
 615:Drivers/CMSIS/Include/cmsis_gcc.h ****     /* Prior to GCC 4.8, "Q" will be expanded to [rx, #0] which is not
 616:Drivers/CMSIS/Include/cmsis_gcc.h ****        accepted by assembler. So has to use following less efficient pattern.
 617:Drivers/CMSIS/Include/cmsis_gcc.h ****     */
 618:Drivers/CMSIS/Include/cmsis_gcc.h ****    __ASM volatile ("ldrbt %0, [%1]" : "=r" (result) : "r" (ptr) : "memory" );
 619:Drivers/CMSIS/Include/cmsis_gcc.h **** #endif
 620:Drivers/CMSIS/Include/cmsis_gcc.h ****    return ((uint8_t) result);    /* Add explicit type cast here */
 621:Drivers/CMSIS/Include/cmsis_gcc.h **** }
 622:Drivers/CMSIS/Include/cmsis_gcc.h **** 
 623:Drivers/CMSIS/Include/cmsis_gcc.h **** 
 624:Drivers/CMSIS/Include/cmsis_gcc.h **** /**
 625:Drivers/CMSIS/Include/cmsis_gcc.h ****   \brief   LDRT Unprivileged (16 bit)
 626:Drivers/CMSIS/Include/cmsis_gcc.h ****   \details Executes a Unprivileged LDRT instruction for 16 bit values.
 627:Drivers/CMSIS/Include/cmsis_gcc.h ****   \param [in]    ptr  Pointer to data
 628:Drivers/CMSIS/Include/cmsis_gcc.h ****   \return        value of type uint16_t at (*ptr)
 629:Drivers/CMSIS/Include/cmsis_gcc.h ****  */
 630:Drivers/CMSIS/Include/cmsis_gcc.h **** __STATIC_FORCEINLINE uint16_t __LDRHT(volatile uint16_t *ptr)
 631:Drivers/CMSIS/Include/cmsis_gcc.h **** {
 632:Drivers/CMSIS/Include/cmsis_gcc.h ****     uint32_t result;
 633:Drivers/CMSIS/Include/cmsis_gcc.h **** 
 634:Drivers/CMSIS/Include/cmsis_gcc.h **** #if (__GNUC__ > 4) || (__GNUC__ == 4 && __GNUC_MINOR__ >= 8)
 635:Drivers/CMSIS/Include/cmsis_gcc.h ****    __ASM volatile ("ldrht %0, %1" : "=r" (result) : "Q" (*ptr) );
 636:Drivers/CMSIS/Include/cmsis_gcc.h **** #else
 637:Drivers/CMSIS/Include/cmsis_gcc.h ****     /* Prior to GCC 4.8, "Q" will be expanded to [rx, #0] which is not
 638:Drivers/CMSIS/Include/cmsis_gcc.h ****        accepted by assembler. So has to use following less efficient pattern.
 639:Drivers/CMSIS/Include/cmsis_gcc.h ****     */
 640:Drivers/CMSIS/Include/cmsis_gcc.h ****    __ASM volatile ("ldrht %0, [%1]" : "=r" (result) : "r" (ptr) : "memory" );
 641:Drivers/CMSIS/Include/cmsis_gcc.h **** #endif
 642:Drivers/CMSIS/Include/cmsis_gcc.h ****    return ((uint16_t) result);    /* Add explicit type cast here */
 643:Drivers/CMSIS/Include/cmsis_gcc.h **** }
 644:Drivers/CMSIS/Include/cmsis_gcc.h **** 
 645:Drivers/CMSIS/Include/cmsis_gcc.h **** 
 646:Drivers/CMSIS/Include/cmsis_gcc.h **** /**
 647:Drivers/CMSIS/Include/cmsis_gcc.h ****   \brief   LDRT Unprivileged (32 bit)
 648:Drivers/CMSIS/Include/cmsis_gcc.h ****   \details Executes a Unprivileged LDRT instruction for 32 bit values.
 649:Drivers/CMSIS/Include/cmsis_gcc.h ****   \param [in]    ptr  Pointer to data
 650:Drivers/CMSIS/Include/cmsis_gcc.h ****   \return        value of type uint32_t at (*ptr)
 651:Drivers/CMSIS/Include/cmsis_gcc.h ****  */
 652:Drivers/CMSIS/Include/cmsis_gcc.h **** __STATIC_FORCEINLINE uint32_t __LDRT(volatile uint32_t *ptr)
 653:Drivers/CMSIS/Include/cmsis_gcc.h **** {
 654:Drivers/CMSIS/Include/cmsis_gcc.h ****     uint32_t result;
 655:Drivers/CMSIS/Include/cmsis_gcc.h **** 
ARM GAS  /tmp/ccwjHOJA.s 			page 17


 656:Drivers/CMSIS/Include/cmsis_gcc.h ****    __ASM volatile ("ldrt %0, %1" : "=r" (result) : "Q" (*ptr) );
 657:Drivers/CMSIS/Include/cmsis_gcc.h ****    return(result);
 658:Drivers/CMSIS/Include/cmsis_gcc.h **** }
 659:Drivers/CMSIS/Include/cmsis_gcc.h **** 
 660:Drivers/CMSIS/Include/cmsis_gcc.h **** 
 661:Drivers/CMSIS/Include/cmsis_gcc.h **** /**
 662:Drivers/CMSIS/Include/cmsis_gcc.h ****   \brief   STRT Unprivileged (8 bit)
 663:Drivers/CMSIS/Include/cmsis_gcc.h ****   \details Executes a Unprivileged STRT instruction for 8 bit values.
 664:Drivers/CMSIS/Include/cmsis_gcc.h ****   \param [in]  value  Value to store
 665:Drivers/CMSIS/Include/cmsis_gcc.h ****   \param [in]    ptr  Pointer to location
 666:Drivers/CMSIS/Include/cmsis_gcc.h ****  */
 667:Drivers/CMSIS/Include/cmsis_gcc.h **** __STATIC_FORCEINLINE void __STRBT(uint8_t value, volatile uint8_t *ptr)
 668:Drivers/CMSIS/Include/cmsis_gcc.h **** {
 669:Drivers/CMSIS/Include/cmsis_gcc.h ****    __ASM volatile ("strbt %1, %0" : "=Q" (*ptr) : "r" ((uint32_t)value) );
 670:Drivers/CMSIS/Include/cmsis_gcc.h **** }
 671:Drivers/CMSIS/Include/cmsis_gcc.h **** 
 672:Drivers/CMSIS/Include/cmsis_gcc.h **** 
 673:Drivers/CMSIS/Include/cmsis_gcc.h **** /**
 674:Drivers/CMSIS/Include/cmsis_gcc.h ****   \brief   STRT Unprivileged (16 bit)
 675:Drivers/CMSIS/Include/cmsis_gcc.h ****   \details Executes a Unprivileged STRT instruction for 16 bit values.
 676:Drivers/CMSIS/Include/cmsis_gcc.h ****   \param [in]  value  Value to store
 677:Drivers/CMSIS/Include/cmsis_gcc.h ****   \param [in]    ptr  Pointer to location
 678:Drivers/CMSIS/Include/cmsis_gcc.h ****  */
 679:Drivers/CMSIS/Include/cmsis_gcc.h **** __STATIC_FORCEINLINE void __STRHT(uint16_t value, volatile uint16_t *ptr)
 680:Drivers/CMSIS/Include/cmsis_gcc.h **** {
 681:Drivers/CMSIS/Include/cmsis_gcc.h ****    __ASM volatile ("strht %1, %0" : "=Q" (*ptr) : "r" ((uint32_t)value) );
 682:Drivers/CMSIS/Include/cmsis_gcc.h **** }
 683:Drivers/CMSIS/Include/cmsis_gcc.h **** 
 684:Drivers/CMSIS/Include/cmsis_gcc.h **** 
 685:Drivers/CMSIS/Include/cmsis_gcc.h **** /**
 686:Drivers/CMSIS/Include/cmsis_gcc.h ****   \brief   STRT Unprivileged (32 bit)
 687:Drivers/CMSIS/Include/cmsis_gcc.h ****   \details Executes a Unprivileged STRT instruction for 32 bit values.
 688:Drivers/CMSIS/Include/cmsis_gcc.h ****   \param [in]  value  Value to store
 689:Drivers/CMSIS/Include/cmsis_gcc.h ****   \param [in]    ptr  Pointer to location
 690:Drivers/CMSIS/Include/cmsis_gcc.h ****  */
 691:Drivers/CMSIS/Include/cmsis_gcc.h **** __STATIC_FORCEINLINE void __STRT(uint32_t value, volatile uint32_t *ptr)
 692:Drivers/CMSIS/Include/cmsis_gcc.h **** {
 693:Drivers/CMSIS/Include/cmsis_gcc.h ****    __ASM volatile ("strt %1, %0" : "=Q" (*ptr) : "r" (value) );
 694:Drivers/CMSIS/Include/cmsis_gcc.h **** }
 695:Drivers/CMSIS/Include/cmsis_gcc.h **** 
 696:Drivers/CMSIS/Include/cmsis_gcc.h **** #else  /* ((defined (__ARM_ARCH_7M__      ) && (__ARM_ARCH_7M__      == 1)) || \
 697:Drivers/CMSIS/Include/cmsis_gcc.h ****            (defined (__ARM_ARCH_7EM__     ) && (__ARM_ARCH_7EM__     == 1)) || \
 698:Drivers/CMSIS/Include/cmsis_gcc.h ****            (defined (__ARM_ARCH_8M_MAIN__ ) && (__ARM_ARCH_8M_MAIN__ == 1))    ) */
 699:Drivers/CMSIS/Include/cmsis_gcc.h **** 
 700:Drivers/CMSIS/Include/cmsis_gcc.h **** /**
 701:Drivers/CMSIS/Include/cmsis_gcc.h ****   \brief   Signed Saturate
 702:Drivers/CMSIS/Include/cmsis_gcc.h ****   \details Saturates a signed value.
 703:Drivers/CMSIS/Include/cmsis_gcc.h ****   \param [in]  value  Value to be saturated
 704:Drivers/CMSIS/Include/cmsis_gcc.h ****   \param [in]    sat  Bit position to saturate to (1..32)
 705:Drivers/CMSIS/Include/cmsis_gcc.h ****   \return             Saturated value
 706:Drivers/CMSIS/Include/cmsis_gcc.h ****  */
 707:Drivers/CMSIS/Include/cmsis_gcc.h **** __STATIC_FORCEINLINE int32_t __SSAT(int32_t val, uint32_t sat)
 708:Drivers/CMSIS/Include/cmsis_gcc.h **** {
 709:Drivers/CMSIS/Include/cmsis_gcc.h ****   if ((sat >= 1U) && (sat <= 32U))
 710:Drivers/CMSIS/Include/cmsis_gcc.h ****   {
 711:Drivers/CMSIS/Include/cmsis_gcc.h ****     const int32_t max = (int32_t)((1U << (sat - 1U)) - 1U);
 712:Drivers/CMSIS/Include/cmsis_gcc.h ****     const int32_t min = -1 - max ;
ARM GAS  /tmp/ccwjHOJA.s 			page 18


 713:Drivers/CMSIS/Include/cmsis_gcc.h ****     if (val > max)
 714:Drivers/CMSIS/Include/cmsis_gcc.h ****     {
 715:Drivers/CMSIS/Include/cmsis_gcc.h ****       return max;
 716:Drivers/CMSIS/Include/cmsis_gcc.h ****     }
 717:Drivers/CMSIS/Include/cmsis_gcc.h ****     else if (val < min)
 718:Drivers/CMSIS/Include/cmsis_gcc.h ****     {
 719:Drivers/CMSIS/Include/cmsis_gcc.h ****       return min;
 720:Drivers/CMSIS/Include/cmsis_gcc.h ****     }
 721:Drivers/CMSIS/Include/cmsis_gcc.h ****   }
 722:Drivers/CMSIS/Include/cmsis_gcc.h ****   return val;
 723:Drivers/CMSIS/Include/cmsis_gcc.h **** }
 724:Drivers/CMSIS/Include/cmsis_gcc.h **** 
 725:Drivers/CMSIS/Include/cmsis_gcc.h **** /**
 726:Drivers/CMSIS/Include/cmsis_gcc.h ****   \brief   Unsigned Saturate
 727:Drivers/CMSIS/Include/cmsis_gcc.h ****   \details Saturates an unsigned value.
 728:Drivers/CMSIS/Include/cmsis_gcc.h ****   \param [in]  value  Value to be saturated
 729:Drivers/CMSIS/Include/cmsis_gcc.h ****   \param [in]    sat  Bit position to saturate to (0..31)
 730:Drivers/CMSIS/Include/cmsis_gcc.h ****   \return             Saturated value
 731:Drivers/CMSIS/Include/cmsis_gcc.h ****  */
 732:Drivers/CMSIS/Include/cmsis_gcc.h **** __STATIC_FORCEINLINE uint32_t __USAT(int32_t val, uint32_t sat)
 733:Drivers/CMSIS/Include/cmsis_gcc.h **** {
 734:Drivers/CMSIS/Include/cmsis_gcc.h ****   if (sat <= 31U)
 735:Drivers/CMSIS/Include/cmsis_gcc.h ****   {
 736:Drivers/CMSIS/Include/cmsis_gcc.h ****     const uint32_t max = ((1U << sat) - 1U);
 737:Drivers/CMSIS/Include/cmsis_gcc.h ****     if (val > (int32_t)max)
 738:Drivers/CMSIS/Include/cmsis_gcc.h ****     {
 739:Drivers/CMSIS/Include/cmsis_gcc.h ****       return max;
 740:Drivers/CMSIS/Include/cmsis_gcc.h ****     }
 741:Drivers/CMSIS/Include/cmsis_gcc.h ****     else if (val < 0)
 742:Drivers/CMSIS/Include/cmsis_gcc.h ****     {
 743:Drivers/CMSIS/Include/cmsis_gcc.h ****       return 0U;
 744:Drivers/CMSIS/Include/cmsis_gcc.h ****     }
 745:Drivers/CMSIS/Include/cmsis_gcc.h ****   }
 746:Drivers/CMSIS/Include/cmsis_gcc.h ****   return (uint32_t)val;
 747:Drivers/CMSIS/Include/cmsis_gcc.h **** }
 748:Drivers/CMSIS/Include/cmsis_gcc.h **** 
 749:Drivers/CMSIS/Include/cmsis_gcc.h **** #endif /* ((defined (__ARM_ARCH_7M__      ) && (__ARM_ARCH_7M__      == 1)) || \
 750:Drivers/CMSIS/Include/cmsis_gcc.h ****            (defined (__ARM_ARCH_7EM__     ) && (__ARM_ARCH_7EM__     == 1)) || \
 751:Drivers/CMSIS/Include/cmsis_gcc.h ****            (defined (__ARM_ARCH_8M_MAIN__ ) && (__ARM_ARCH_8M_MAIN__ == 1))    ) */
 752:Drivers/CMSIS/Include/cmsis_gcc.h **** 
 753:Drivers/CMSIS/Include/cmsis_gcc.h **** 
 754:Drivers/CMSIS/Include/cmsis_gcc.h **** #if ((defined (__ARM_ARCH_8M_MAIN__ ) && (__ARM_ARCH_8M_MAIN__ == 1)) || \
 755:Drivers/CMSIS/Include/cmsis_gcc.h ****      (defined (__ARM_ARCH_8M_BASE__ ) && (__ARM_ARCH_8M_BASE__ == 1))    )
 756:Drivers/CMSIS/Include/cmsis_gcc.h **** /**
 757:Drivers/CMSIS/Include/cmsis_gcc.h ****   \brief   Load-Acquire (8 bit)
 758:Drivers/CMSIS/Include/cmsis_gcc.h ****   \details Executes a LDAB instruction for 8 bit value.
 759:Drivers/CMSIS/Include/cmsis_gcc.h ****   \param [in]    ptr  Pointer to data
 760:Drivers/CMSIS/Include/cmsis_gcc.h ****   \return             value of type uint8_t at (*ptr)
 761:Drivers/CMSIS/Include/cmsis_gcc.h ****  */
 762:Drivers/CMSIS/Include/cmsis_gcc.h **** __STATIC_FORCEINLINE uint8_t __LDAB(volatile uint8_t *ptr)
 763:Drivers/CMSIS/Include/cmsis_gcc.h **** {
 764:Drivers/CMSIS/Include/cmsis_gcc.h ****     uint32_t result;
 765:Drivers/CMSIS/Include/cmsis_gcc.h **** 
 766:Drivers/CMSIS/Include/cmsis_gcc.h ****    __ASM volatile ("ldab %0, %1" : "=r" (result) : "Q" (*ptr) : "memory" );
 767:Drivers/CMSIS/Include/cmsis_gcc.h ****    return ((uint8_t) result);
 768:Drivers/CMSIS/Include/cmsis_gcc.h **** }
 769:Drivers/CMSIS/Include/cmsis_gcc.h **** 
ARM GAS  /tmp/ccwjHOJA.s 			page 19


 770:Drivers/CMSIS/Include/cmsis_gcc.h **** 
 771:Drivers/CMSIS/Include/cmsis_gcc.h **** /**
 772:Drivers/CMSIS/Include/cmsis_gcc.h ****   \brief   Load-Acquire (16 bit)
 773:Drivers/CMSIS/Include/cmsis_gcc.h ****   \details Executes a LDAH instruction for 16 bit values.
 774:Drivers/CMSIS/Include/cmsis_gcc.h ****   \param [in]    ptr  Pointer to data
 775:Drivers/CMSIS/Include/cmsis_gcc.h ****   \return        value of type uint16_t at (*ptr)
 776:Drivers/CMSIS/Include/cmsis_gcc.h ****  */
 777:Drivers/CMSIS/Include/cmsis_gcc.h **** __STATIC_FORCEINLINE uint16_t __LDAH(volatile uint16_t *ptr)
 778:Drivers/CMSIS/Include/cmsis_gcc.h **** {
 779:Drivers/CMSIS/Include/cmsis_gcc.h ****     uint32_t result;
 780:Drivers/CMSIS/Include/cmsis_gcc.h **** 
 781:Drivers/CMSIS/Include/cmsis_gcc.h ****    __ASM volatile ("ldah %0, %1" : "=r" (result) : "Q" (*ptr) : "memory" );
 782:Drivers/CMSIS/Include/cmsis_gcc.h ****    return ((uint16_t) result);
 783:Drivers/CMSIS/Include/cmsis_gcc.h **** }
 784:Drivers/CMSIS/Include/cmsis_gcc.h **** 
 785:Drivers/CMSIS/Include/cmsis_gcc.h **** 
 786:Drivers/CMSIS/Include/cmsis_gcc.h **** /**
 787:Drivers/CMSIS/Include/cmsis_gcc.h ****   \brief   Load-Acquire (32 bit)
 788:Drivers/CMSIS/Include/cmsis_gcc.h ****   \details Executes a LDA instruction for 32 bit values.
 789:Drivers/CMSIS/Include/cmsis_gcc.h ****   \param [in]    ptr  Pointer to data
 790:Drivers/CMSIS/Include/cmsis_gcc.h ****   \return        value of type uint32_t at (*ptr)
 791:Drivers/CMSIS/Include/cmsis_gcc.h ****  */
 792:Drivers/CMSIS/Include/cmsis_gcc.h **** __STATIC_FORCEINLINE uint32_t __LDA(volatile uint32_t *ptr)
 793:Drivers/CMSIS/Include/cmsis_gcc.h **** {
 794:Drivers/CMSIS/Include/cmsis_gcc.h ****     uint32_t result;
 795:Drivers/CMSIS/Include/cmsis_gcc.h **** 
 796:Drivers/CMSIS/Include/cmsis_gcc.h ****    __ASM volatile ("lda %0, %1" : "=r" (result) : "Q" (*ptr) : "memory" );
 797:Drivers/CMSIS/Include/cmsis_gcc.h ****    return(result);
 798:Drivers/CMSIS/Include/cmsis_gcc.h **** }
 799:Drivers/CMSIS/Include/cmsis_gcc.h **** 
 800:Drivers/CMSIS/Include/cmsis_gcc.h **** 
 801:Drivers/CMSIS/Include/cmsis_gcc.h **** /**
 802:Drivers/CMSIS/Include/cmsis_gcc.h ****   \brief   Store-Release (8 bit)
 803:Drivers/CMSIS/Include/cmsis_gcc.h ****   \details Executes a STLB instruction for 8 bit values.
 804:Drivers/CMSIS/Include/cmsis_gcc.h ****   \param [in]  value  Value to store
 805:Drivers/CMSIS/Include/cmsis_gcc.h ****   \param [in]    ptr  Pointer to location
 806:Drivers/CMSIS/Include/cmsis_gcc.h ****  */
 807:Drivers/CMSIS/Include/cmsis_gcc.h **** __STATIC_FORCEINLINE void __STLB(uint8_t value, volatile uint8_t *ptr)
 808:Drivers/CMSIS/Include/cmsis_gcc.h **** {
 809:Drivers/CMSIS/Include/cmsis_gcc.h ****    __ASM volatile ("stlb %1, %0" : "=Q" (*ptr) : "r" ((uint32_t)value) : "memory" );
 810:Drivers/CMSIS/Include/cmsis_gcc.h **** }
 811:Drivers/CMSIS/Include/cmsis_gcc.h **** 
 812:Drivers/CMSIS/Include/cmsis_gcc.h **** 
 813:Drivers/CMSIS/Include/cmsis_gcc.h **** /**
 814:Drivers/CMSIS/Include/cmsis_gcc.h ****   \brief   Store-Release (16 bit)
 815:Drivers/CMSIS/Include/cmsis_gcc.h ****   \details Executes a STLH instruction for 16 bit values.
 816:Drivers/CMSIS/Include/cmsis_gcc.h ****   \param [in]  value  Value to store
 817:Drivers/CMSIS/Include/cmsis_gcc.h ****   \param [in]    ptr  Pointer to location
 818:Drivers/CMSIS/Include/cmsis_gcc.h ****  */
 819:Drivers/CMSIS/Include/cmsis_gcc.h **** __STATIC_FORCEINLINE void __STLH(uint16_t value, volatile uint16_t *ptr)
 820:Drivers/CMSIS/Include/cmsis_gcc.h **** {
 821:Drivers/CMSIS/Include/cmsis_gcc.h ****    __ASM volatile ("stlh %1, %0" : "=Q" (*ptr) : "r" ((uint32_t)value) : "memory" );
 822:Drivers/CMSIS/Include/cmsis_gcc.h **** }
 823:Drivers/CMSIS/Include/cmsis_gcc.h **** 
 824:Drivers/CMSIS/Include/cmsis_gcc.h **** 
 825:Drivers/CMSIS/Include/cmsis_gcc.h **** /**
 826:Drivers/CMSIS/Include/cmsis_gcc.h ****   \brief   Store-Release (32 bit)
ARM GAS  /tmp/ccwjHOJA.s 			page 20


 827:Drivers/CMSIS/Include/cmsis_gcc.h ****   \details Executes a STL instruction for 32 bit values.
 828:Drivers/CMSIS/Include/cmsis_gcc.h ****   \param [in]  value  Value to store
 829:Drivers/CMSIS/Include/cmsis_gcc.h ****   \param [in]    ptr  Pointer to location
 830:Drivers/CMSIS/Include/cmsis_gcc.h ****  */
 831:Drivers/CMSIS/Include/cmsis_gcc.h **** __STATIC_FORCEINLINE void __STL(uint32_t value, volatile uint32_t *ptr)
 832:Drivers/CMSIS/Include/cmsis_gcc.h **** {
 833:Drivers/CMSIS/Include/cmsis_gcc.h ****    __ASM volatile ("stl %1, %0" : "=Q" (*ptr) : "r" ((uint32_t)value) : "memory" );
 834:Drivers/CMSIS/Include/cmsis_gcc.h **** }
 835:Drivers/CMSIS/Include/cmsis_gcc.h **** 
 836:Drivers/CMSIS/Include/cmsis_gcc.h **** 
 837:Drivers/CMSIS/Include/cmsis_gcc.h **** /**
 838:Drivers/CMSIS/Include/cmsis_gcc.h ****   \brief   Load-Acquire Exclusive (8 bit)
 839:Drivers/CMSIS/Include/cmsis_gcc.h ****   \details Executes a LDAB exclusive instruction for 8 bit value.
 840:Drivers/CMSIS/Include/cmsis_gcc.h ****   \param [in]    ptr  Pointer to data
 841:Drivers/CMSIS/Include/cmsis_gcc.h ****   \return             value of type uint8_t at (*ptr)
 842:Drivers/CMSIS/Include/cmsis_gcc.h ****  */
 843:Drivers/CMSIS/Include/cmsis_gcc.h **** __STATIC_FORCEINLINE uint8_t __LDAEXB(volatile uint8_t *ptr)
 844:Drivers/CMSIS/Include/cmsis_gcc.h **** {
 845:Drivers/CMSIS/Include/cmsis_gcc.h ****     uint32_t result;
 846:Drivers/CMSIS/Include/cmsis_gcc.h **** 
 847:Drivers/CMSIS/Include/cmsis_gcc.h ****    __ASM volatile ("ldaexb %0, %1" : "=r" (result) : "Q" (*ptr) : "memory" );
 848:Drivers/CMSIS/Include/cmsis_gcc.h ****    return ((uint8_t) result);
 849:Drivers/CMSIS/Include/cmsis_gcc.h **** }
 850:Drivers/CMSIS/Include/cmsis_gcc.h **** 
 851:Drivers/CMSIS/Include/cmsis_gcc.h **** 
 852:Drivers/CMSIS/Include/cmsis_gcc.h **** /**
 853:Drivers/CMSIS/Include/cmsis_gcc.h ****   \brief   Load-Acquire Exclusive (16 bit)
 854:Drivers/CMSIS/Include/cmsis_gcc.h ****   \details Executes a LDAH exclusive instruction for 16 bit values.
 855:Drivers/CMSIS/Include/cmsis_gcc.h ****   \param [in]    ptr  Pointer to data
 856:Drivers/CMSIS/Include/cmsis_gcc.h ****   \return        value of type uint16_t at (*ptr)
 857:Drivers/CMSIS/Include/cmsis_gcc.h ****  */
 858:Drivers/CMSIS/Include/cmsis_gcc.h **** __STATIC_FORCEINLINE uint16_t __LDAEXH(volatile uint16_t *ptr)
 859:Drivers/CMSIS/Include/cmsis_gcc.h **** {
 860:Drivers/CMSIS/Include/cmsis_gcc.h ****     uint32_t result;
 861:Drivers/CMSIS/Include/cmsis_gcc.h **** 
 862:Drivers/CMSIS/Include/cmsis_gcc.h ****    __ASM volatile ("ldaexh %0, %1" : "=r" (result) : "Q" (*ptr) : "memory" );
 863:Drivers/CMSIS/Include/cmsis_gcc.h ****    return ((uint16_t) result);
 864:Drivers/CMSIS/Include/cmsis_gcc.h **** }
 865:Drivers/CMSIS/Include/cmsis_gcc.h **** 
 866:Drivers/CMSIS/Include/cmsis_gcc.h **** 
 867:Drivers/CMSIS/Include/cmsis_gcc.h **** /**
 868:Drivers/CMSIS/Include/cmsis_gcc.h ****   \brief   Load-Acquire Exclusive (32 bit)
 869:Drivers/CMSIS/Include/cmsis_gcc.h ****   \details Executes a LDA exclusive instruction for 32 bit values.
 870:Drivers/CMSIS/Include/cmsis_gcc.h ****   \param [in]    ptr  Pointer to data
 871:Drivers/CMSIS/Include/cmsis_gcc.h ****   \return        value of type uint32_t at (*ptr)
 872:Drivers/CMSIS/Include/cmsis_gcc.h ****  */
 873:Drivers/CMSIS/Include/cmsis_gcc.h **** __STATIC_FORCEINLINE uint32_t __LDAEX(volatile uint32_t *ptr)
 874:Drivers/CMSIS/Include/cmsis_gcc.h **** {
 875:Drivers/CMSIS/Include/cmsis_gcc.h ****     uint32_t result;
 876:Drivers/CMSIS/Include/cmsis_gcc.h **** 
 877:Drivers/CMSIS/Include/cmsis_gcc.h ****    __ASM volatile ("ldaex %0, %1" : "=r" (result) : "Q" (*ptr) : "memory" );
 878:Drivers/CMSIS/Include/cmsis_gcc.h ****    return(result);
 879:Drivers/CMSIS/Include/cmsis_gcc.h **** }
 880:Drivers/CMSIS/Include/cmsis_gcc.h **** 
 881:Drivers/CMSIS/Include/cmsis_gcc.h **** 
 882:Drivers/CMSIS/Include/cmsis_gcc.h **** /**
 883:Drivers/CMSIS/Include/cmsis_gcc.h ****   \brief   Store-Release Exclusive (8 bit)
ARM GAS  /tmp/ccwjHOJA.s 			page 21


 884:Drivers/CMSIS/Include/cmsis_gcc.h ****   \details Executes a STLB exclusive instruction for 8 bit values.
 885:Drivers/CMSIS/Include/cmsis_gcc.h ****   \param [in]  value  Value to store
 886:Drivers/CMSIS/Include/cmsis_gcc.h ****   \param [in]    ptr  Pointer to location
 887:Drivers/CMSIS/Include/cmsis_gcc.h ****   \return          0  Function succeeded
 888:Drivers/CMSIS/Include/cmsis_gcc.h ****   \return          1  Function failed
 889:Drivers/CMSIS/Include/cmsis_gcc.h ****  */
 890:Drivers/CMSIS/Include/cmsis_gcc.h **** __STATIC_FORCEINLINE uint32_t __STLEXB(uint8_t value, volatile uint8_t *ptr)
 891:Drivers/CMSIS/Include/cmsis_gcc.h **** {
 892:Drivers/CMSIS/Include/cmsis_gcc.h ****    uint32_t result;
 893:Drivers/CMSIS/Include/cmsis_gcc.h **** 
 894:Drivers/CMSIS/Include/cmsis_gcc.h ****    __ASM volatile ("stlexb %0, %2, %1" : "=&r" (result), "=Q" (*ptr) : "r" ((uint32_t)value) : "mem
 895:Drivers/CMSIS/Include/cmsis_gcc.h ****    return(result);
 896:Drivers/CMSIS/Include/cmsis_gcc.h **** }
 897:Drivers/CMSIS/Include/cmsis_gcc.h **** 
 898:Drivers/CMSIS/Include/cmsis_gcc.h **** 
 899:Drivers/CMSIS/Include/cmsis_gcc.h **** /**
 900:Drivers/CMSIS/Include/cmsis_gcc.h ****   \brief   Store-Release Exclusive (16 bit)
 901:Drivers/CMSIS/Include/cmsis_gcc.h ****   \details Executes a STLH exclusive instruction for 16 bit values.
 902:Drivers/CMSIS/Include/cmsis_gcc.h ****   \param [in]  value  Value to store
 903:Drivers/CMSIS/Include/cmsis_gcc.h ****   \param [in]    ptr  Pointer to location
 904:Drivers/CMSIS/Include/cmsis_gcc.h ****   \return          0  Function succeeded
 905:Drivers/CMSIS/Include/cmsis_gcc.h ****   \return          1  Function failed
 906:Drivers/CMSIS/Include/cmsis_gcc.h ****  */
 907:Drivers/CMSIS/Include/cmsis_gcc.h **** __STATIC_FORCEINLINE uint32_t __STLEXH(uint16_t value, volatile uint16_t *ptr)
 908:Drivers/CMSIS/Include/cmsis_gcc.h **** {
 909:Drivers/CMSIS/Include/cmsis_gcc.h ****    uint32_t result;
 910:Drivers/CMSIS/Include/cmsis_gcc.h **** 
 911:Drivers/CMSIS/Include/cmsis_gcc.h ****    __ASM volatile ("stlexh %0, %2, %1" : "=&r" (result), "=Q" (*ptr) : "r" ((uint32_t)value) : "mem
 912:Drivers/CMSIS/Include/cmsis_gcc.h ****    return(result);
 913:Drivers/CMSIS/Include/cmsis_gcc.h **** }
 914:Drivers/CMSIS/Include/cmsis_gcc.h **** 
 915:Drivers/CMSIS/Include/cmsis_gcc.h **** 
 916:Drivers/CMSIS/Include/cmsis_gcc.h **** /**
 917:Drivers/CMSIS/Include/cmsis_gcc.h ****   \brief   Store-Release Exclusive (32 bit)
 918:Drivers/CMSIS/Include/cmsis_gcc.h ****   \details Executes a STL exclusive instruction for 32 bit values.
 919:Drivers/CMSIS/Include/cmsis_gcc.h ****   \param [in]  value  Value to store
 920:Drivers/CMSIS/Include/cmsis_gcc.h ****   \param [in]    ptr  Pointer to location
 921:Drivers/CMSIS/Include/cmsis_gcc.h ****   \return          0  Function succeeded
 922:Drivers/CMSIS/Include/cmsis_gcc.h ****   \return          1  Function failed
 923:Drivers/CMSIS/Include/cmsis_gcc.h ****  */
 924:Drivers/CMSIS/Include/cmsis_gcc.h **** __STATIC_FORCEINLINE uint32_t __STLEX(uint32_t value, volatile uint32_t *ptr)
 925:Drivers/CMSIS/Include/cmsis_gcc.h **** {
 926:Drivers/CMSIS/Include/cmsis_gcc.h ****    uint32_t result;
 927:Drivers/CMSIS/Include/cmsis_gcc.h **** 
 928:Drivers/CMSIS/Include/cmsis_gcc.h ****    __ASM volatile ("stlex %0, %2, %1" : "=&r" (result), "=Q" (*ptr) : "r" ((uint32_t)value) : "memo
 929:Drivers/CMSIS/Include/cmsis_gcc.h ****    return(result);
 930:Drivers/CMSIS/Include/cmsis_gcc.h **** }
 931:Drivers/CMSIS/Include/cmsis_gcc.h **** 
 932:Drivers/CMSIS/Include/cmsis_gcc.h **** #endif /* ((defined (__ARM_ARCH_8M_MAIN__ ) && (__ARM_ARCH_8M_MAIN__ == 1)) || \
 933:Drivers/CMSIS/Include/cmsis_gcc.h ****            (defined (__ARM_ARCH_8M_BASE__ ) && (__ARM_ARCH_8M_BASE__ == 1))    ) */
 934:Drivers/CMSIS/Include/cmsis_gcc.h **** 
 935:Drivers/CMSIS/Include/cmsis_gcc.h **** /*@}*/ /* end of group CMSIS_Core_InstructionInterface */
 936:Drivers/CMSIS/Include/cmsis_gcc.h **** 
 937:Drivers/CMSIS/Include/cmsis_gcc.h **** 
 938:Drivers/CMSIS/Include/cmsis_gcc.h **** /* ###########################  Core Function Access  ########################### */
 939:Drivers/CMSIS/Include/cmsis_gcc.h **** /** \ingroup  CMSIS_Core_FunctionInterface
 940:Drivers/CMSIS/Include/cmsis_gcc.h ****     \defgroup CMSIS_Core_RegAccFunctions CMSIS Core Register Access Functions
ARM GAS  /tmp/ccwjHOJA.s 			page 22


 941:Drivers/CMSIS/Include/cmsis_gcc.h ****   @{
 942:Drivers/CMSIS/Include/cmsis_gcc.h ****  */
 943:Drivers/CMSIS/Include/cmsis_gcc.h **** 
 944:Drivers/CMSIS/Include/cmsis_gcc.h **** /**
 945:Drivers/CMSIS/Include/cmsis_gcc.h ****   \brief   Enable IRQ Interrupts
 946:Drivers/CMSIS/Include/cmsis_gcc.h ****   \details Enables IRQ interrupts by clearing special-purpose register PRIMASK.
 947:Drivers/CMSIS/Include/cmsis_gcc.h ****            Can only be executed in Privileged modes.
 948:Drivers/CMSIS/Include/cmsis_gcc.h ****  */
 949:Drivers/CMSIS/Include/cmsis_gcc.h **** __STATIC_FORCEINLINE void __enable_irq(void)
 950:Drivers/CMSIS/Include/cmsis_gcc.h **** {
 951:Drivers/CMSIS/Include/cmsis_gcc.h ****   __ASM volatile ("cpsie i" : : : "memory");
 952:Drivers/CMSIS/Include/cmsis_gcc.h **** }
 953:Drivers/CMSIS/Include/cmsis_gcc.h **** 
 954:Drivers/CMSIS/Include/cmsis_gcc.h **** 
 955:Drivers/CMSIS/Include/cmsis_gcc.h **** /**
 956:Drivers/CMSIS/Include/cmsis_gcc.h ****   \brief   Disable IRQ Interrupts
 957:Drivers/CMSIS/Include/cmsis_gcc.h ****   \details Disables IRQ interrupts by setting special-purpose register PRIMASK.
 958:Drivers/CMSIS/Include/cmsis_gcc.h ****            Can only be executed in Privileged modes.
 959:Drivers/CMSIS/Include/cmsis_gcc.h ****  */
 960:Drivers/CMSIS/Include/cmsis_gcc.h **** __STATIC_FORCEINLINE void __disable_irq(void)
 961:Drivers/CMSIS/Include/cmsis_gcc.h **** {
 962:Drivers/CMSIS/Include/cmsis_gcc.h ****   __ASM volatile ("cpsid i" : : : "memory");
 963:Drivers/CMSIS/Include/cmsis_gcc.h **** }
 964:Drivers/CMSIS/Include/cmsis_gcc.h **** 
 965:Drivers/CMSIS/Include/cmsis_gcc.h **** 
 966:Drivers/CMSIS/Include/cmsis_gcc.h **** /**
 967:Drivers/CMSIS/Include/cmsis_gcc.h ****   \brief   Get Control Register
 968:Drivers/CMSIS/Include/cmsis_gcc.h ****   \details Returns the content of the Control Register.
 969:Drivers/CMSIS/Include/cmsis_gcc.h ****   \return               Control Register value
 970:Drivers/CMSIS/Include/cmsis_gcc.h ****  */
 971:Drivers/CMSIS/Include/cmsis_gcc.h **** __STATIC_FORCEINLINE uint32_t __get_CONTROL(void)
 972:Drivers/CMSIS/Include/cmsis_gcc.h **** {
 973:Drivers/CMSIS/Include/cmsis_gcc.h ****   uint32_t result;
 974:Drivers/CMSIS/Include/cmsis_gcc.h **** 
 975:Drivers/CMSIS/Include/cmsis_gcc.h ****   __ASM volatile ("MRS %0, control" : "=r" (result) );
 976:Drivers/CMSIS/Include/cmsis_gcc.h ****   return(result);
 977:Drivers/CMSIS/Include/cmsis_gcc.h **** }
 978:Drivers/CMSIS/Include/cmsis_gcc.h **** 
 979:Drivers/CMSIS/Include/cmsis_gcc.h **** 
 980:Drivers/CMSIS/Include/cmsis_gcc.h **** #if (defined (__ARM_FEATURE_CMSE ) && (__ARM_FEATURE_CMSE == 3))
 981:Drivers/CMSIS/Include/cmsis_gcc.h **** /**
 982:Drivers/CMSIS/Include/cmsis_gcc.h ****   \brief   Get Control Register (non-secure)
 983:Drivers/CMSIS/Include/cmsis_gcc.h ****   \details Returns the content of the non-secure Control Register when in secure mode.
 984:Drivers/CMSIS/Include/cmsis_gcc.h ****   \return               non-secure Control Register value
 985:Drivers/CMSIS/Include/cmsis_gcc.h ****  */
 986:Drivers/CMSIS/Include/cmsis_gcc.h **** __STATIC_FORCEINLINE uint32_t __TZ_get_CONTROL_NS(void)
 987:Drivers/CMSIS/Include/cmsis_gcc.h **** {
 988:Drivers/CMSIS/Include/cmsis_gcc.h ****   uint32_t result;
 989:Drivers/CMSIS/Include/cmsis_gcc.h **** 
 990:Drivers/CMSIS/Include/cmsis_gcc.h ****   __ASM volatile ("MRS %0, control_ns" : "=r" (result) );
 991:Drivers/CMSIS/Include/cmsis_gcc.h ****   return(result);
 992:Drivers/CMSIS/Include/cmsis_gcc.h **** }
 993:Drivers/CMSIS/Include/cmsis_gcc.h **** #endif
 994:Drivers/CMSIS/Include/cmsis_gcc.h **** 
 995:Drivers/CMSIS/Include/cmsis_gcc.h **** 
 996:Drivers/CMSIS/Include/cmsis_gcc.h **** /**
 997:Drivers/CMSIS/Include/cmsis_gcc.h ****   \brief   Set Control Register
ARM GAS  /tmp/ccwjHOJA.s 			page 23


 998:Drivers/CMSIS/Include/cmsis_gcc.h ****   \details Writes the given value to the Control Register.
 999:Drivers/CMSIS/Include/cmsis_gcc.h ****   \param [in]    control  Control Register value to set
1000:Drivers/CMSIS/Include/cmsis_gcc.h ****  */
1001:Drivers/CMSIS/Include/cmsis_gcc.h **** __STATIC_FORCEINLINE void __set_CONTROL(uint32_t control)
1002:Drivers/CMSIS/Include/cmsis_gcc.h **** {
1003:Drivers/CMSIS/Include/cmsis_gcc.h ****   __ASM volatile ("MSR control, %0" : : "r" (control) : "memory");
1004:Drivers/CMSIS/Include/cmsis_gcc.h ****   __ISB();
1005:Drivers/CMSIS/Include/cmsis_gcc.h **** }
1006:Drivers/CMSIS/Include/cmsis_gcc.h **** 
1007:Drivers/CMSIS/Include/cmsis_gcc.h **** 
1008:Drivers/CMSIS/Include/cmsis_gcc.h **** #if (defined (__ARM_FEATURE_CMSE ) && (__ARM_FEATURE_CMSE == 3))
1009:Drivers/CMSIS/Include/cmsis_gcc.h **** /**
1010:Drivers/CMSIS/Include/cmsis_gcc.h ****   \brief   Set Control Register (non-secure)
1011:Drivers/CMSIS/Include/cmsis_gcc.h ****   \details Writes the given value to the non-secure Control Register when in secure state.
1012:Drivers/CMSIS/Include/cmsis_gcc.h ****   \param [in]    control  Control Register value to set
1013:Drivers/CMSIS/Include/cmsis_gcc.h ****  */
1014:Drivers/CMSIS/Include/cmsis_gcc.h **** __STATIC_FORCEINLINE void __TZ_set_CONTROL_NS(uint32_t control)
1015:Drivers/CMSIS/Include/cmsis_gcc.h **** {
1016:Drivers/CMSIS/Include/cmsis_gcc.h ****   __ASM volatile ("MSR control_ns, %0" : : "r" (control) : "memory");
1017:Drivers/CMSIS/Include/cmsis_gcc.h ****   __ISB();
1018:Drivers/CMSIS/Include/cmsis_gcc.h **** }
1019:Drivers/CMSIS/Include/cmsis_gcc.h **** #endif
1020:Drivers/CMSIS/Include/cmsis_gcc.h **** 
1021:Drivers/CMSIS/Include/cmsis_gcc.h **** 
1022:Drivers/CMSIS/Include/cmsis_gcc.h **** /**
1023:Drivers/CMSIS/Include/cmsis_gcc.h ****   \brief   Get IPSR Register
1024:Drivers/CMSIS/Include/cmsis_gcc.h ****   \details Returns the content of the IPSR Register.
1025:Drivers/CMSIS/Include/cmsis_gcc.h ****   \return               IPSR Register value
1026:Drivers/CMSIS/Include/cmsis_gcc.h ****  */
1027:Drivers/CMSIS/Include/cmsis_gcc.h **** __STATIC_FORCEINLINE uint32_t __get_IPSR(void)
1028:Drivers/CMSIS/Include/cmsis_gcc.h **** {
1029:Drivers/CMSIS/Include/cmsis_gcc.h ****   uint32_t result;
1030:Drivers/CMSIS/Include/cmsis_gcc.h **** 
1031:Drivers/CMSIS/Include/cmsis_gcc.h ****   __ASM volatile ("MRS %0, ipsr" : "=r" (result) );
1032:Drivers/CMSIS/Include/cmsis_gcc.h ****   return(result);
1033:Drivers/CMSIS/Include/cmsis_gcc.h **** }
1034:Drivers/CMSIS/Include/cmsis_gcc.h **** 
1035:Drivers/CMSIS/Include/cmsis_gcc.h **** 
1036:Drivers/CMSIS/Include/cmsis_gcc.h **** /**
1037:Drivers/CMSIS/Include/cmsis_gcc.h ****   \brief   Get APSR Register
1038:Drivers/CMSIS/Include/cmsis_gcc.h ****   \details Returns the content of the APSR Register.
1039:Drivers/CMSIS/Include/cmsis_gcc.h ****   \return               APSR Register value
1040:Drivers/CMSIS/Include/cmsis_gcc.h ****  */
1041:Drivers/CMSIS/Include/cmsis_gcc.h **** __STATIC_FORCEINLINE uint32_t __get_APSR(void)
1042:Drivers/CMSIS/Include/cmsis_gcc.h **** {
1043:Drivers/CMSIS/Include/cmsis_gcc.h ****   uint32_t result;
1044:Drivers/CMSIS/Include/cmsis_gcc.h **** 
1045:Drivers/CMSIS/Include/cmsis_gcc.h ****   __ASM volatile ("MRS %0, apsr" : "=r" (result) );
1046:Drivers/CMSIS/Include/cmsis_gcc.h ****   return(result);
1047:Drivers/CMSIS/Include/cmsis_gcc.h **** }
1048:Drivers/CMSIS/Include/cmsis_gcc.h **** 
1049:Drivers/CMSIS/Include/cmsis_gcc.h **** 
1050:Drivers/CMSIS/Include/cmsis_gcc.h **** /**
1051:Drivers/CMSIS/Include/cmsis_gcc.h ****   \brief   Get xPSR Register
1052:Drivers/CMSIS/Include/cmsis_gcc.h ****   \details Returns the content of the xPSR Register.
1053:Drivers/CMSIS/Include/cmsis_gcc.h ****   \return               xPSR Register value
1054:Drivers/CMSIS/Include/cmsis_gcc.h ****  */
ARM GAS  /tmp/ccwjHOJA.s 			page 24


1055:Drivers/CMSIS/Include/cmsis_gcc.h **** __STATIC_FORCEINLINE uint32_t __get_xPSR(void)
1056:Drivers/CMSIS/Include/cmsis_gcc.h **** {
1057:Drivers/CMSIS/Include/cmsis_gcc.h ****   uint32_t result;
1058:Drivers/CMSIS/Include/cmsis_gcc.h **** 
1059:Drivers/CMSIS/Include/cmsis_gcc.h ****   __ASM volatile ("MRS %0, xpsr" : "=r" (result) );
1060:Drivers/CMSIS/Include/cmsis_gcc.h ****   return(result);
1061:Drivers/CMSIS/Include/cmsis_gcc.h **** }
1062:Drivers/CMSIS/Include/cmsis_gcc.h **** 
1063:Drivers/CMSIS/Include/cmsis_gcc.h **** 
1064:Drivers/CMSIS/Include/cmsis_gcc.h **** /**
1065:Drivers/CMSIS/Include/cmsis_gcc.h ****   \brief   Get Process Stack Pointer
1066:Drivers/CMSIS/Include/cmsis_gcc.h ****   \details Returns the current value of the Process Stack Pointer (PSP).
1067:Drivers/CMSIS/Include/cmsis_gcc.h ****   \return               PSP Register value
1068:Drivers/CMSIS/Include/cmsis_gcc.h ****  */
1069:Drivers/CMSIS/Include/cmsis_gcc.h **** __STATIC_FORCEINLINE uint32_t __get_PSP(void)
1070:Drivers/CMSIS/Include/cmsis_gcc.h **** {
1071:Drivers/CMSIS/Include/cmsis_gcc.h ****   uint32_t result;
1072:Drivers/CMSIS/Include/cmsis_gcc.h **** 
1073:Drivers/CMSIS/Include/cmsis_gcc.h ****   __ASM volatile ("MRS %0, psp"  : "=r" (result) );
1074:Drivers/CMSIS/Include/cmsis_gcc.h ****   return(result);
1075:Drivers/CMSIS/Include/cmsis_gcc.h **** }
1076:Drivers/CMSIS/Include/cmsis_gcc.h **** 
1077:Drivers/CMSIS/Include/cmsis_gcc.h **** 
1078:Drivers/CMSIS/Include/cmsis_gcc.h **** #if (defined (__ARM_FEATURE_CMSE ) && (__ARM_FEATURE_CMSE == 3))
1079:Drivers/CMSIS/Include/cmsis_gcc.h **** /**
1080:Drivers/CMSIS/Include/cmsis_gcc.h ****   \brief   Get Process Stack Pointer (non-secure)
1081:Drivers/CMSIS/Include/cmsis_gcc.h ****   \details Returns the current value of the non-secure Process Stack Pointer (PSP) when in secure s
1082:Drivers/CMSIS/Include/cmsis_gcc.h ****   \return               PSP Register value
1083:Drivers/CMSIS/Include/cmsis_gcc.h ****  */
1084:Drivers/CMSIS/Include/cmsis_gcc.h **** __STATIC_FORCEINLINE uint32_t __TZ_get_PSP_NS(void)
1085:Drivers/CMSIS/Include/cmsis_gcc.h **** {
1086:Drivers/CMSIS/Include/cmsis_gcc.h ****   uint32_t result;
1087:Drivers/CMSIS/Include/cmsis_gcc.h **** 
1088:Drivers/CMSIS/Include/cmsis_gcc.h ****   __ASM volatile ("MRS %0, psp_ns"  : "=r" (result) );
1089:Drivers/CMSIS/Include/cmsis_gcc.h ****   return(result);
1090:Drivers/CMSIS/Include/cmsis_gcc.h **** }
1091:Drivers/CMSIS/Include/cmsis_gcc.h **** #endif
1092:Drivers/CMSIS/Include/cmsis_gcc.h **** 
1093:Drivers/CMSIS/Include/cmsis_gcc.h **** 
1094:Drivers/CMSIS/Include/cmsis_gcc.h **** /**
1095:Drivers/CMSIS/Include/cmsis_gcc.h ****   \brief   Set Process Stack Pointer
1096:Drivers/CMSIS/Include/cmsis_gcc.h ****   \details Assigns the given value to the Process Stack Pointer (PSP).
1097:Drivers/CMSIS/Include/cmsis_gcc.h ****   \param [in]    topOfProcStack  Process Stack Pointer value to set
1098:Drivers/CMSIS/Include/cmsis_gcc.h ****  */
1099:Drivers/CMSIS/Include/cmsis_gcc.h **** __STATIC_FORCEINLINE void __set_PSP(uint32_t topOfProcStack)
1100:Drivers/CMSIS/Include/cmsis_gcc.h **** {
1101:Drivers/CMSIS/Include/cmsis_gcc.h ****   __ASM volatile ("MSR psp, %0" : : "r" (topOfProcStack) : );
1102:Drivers/CMSIS/Include/cmsis_gcc.h **** }
1103:Drivers/CMSIS/Include/cmsis_gcc.h **** 
1104:Drivers/CMSIS/Include/cmsis_gcc.h **** 
1105:Drivers/CMSIS/Include/cmsis_gcc.h **** #if (defined (__ARM_FEATURE_CMSE ) && (__ARM_FEATURE_CMSE == 3))
1106:Drivers/CMSIS/Include/cmsis_gcc.h **** /**
1107:Drivers/CMSIS/Include/cmsis_gcc.h ****   \brief   Set Process Stack Pointer (non-secure)
1108:Drivers/CMSIS/Include/cmsis_gcc.h ****   \details Assigns the given value to the non-secure Process Stack Pointer (PSP) when in secure sta
1109:Drivers/CMSIS/Include/cmsis_gcc.h ****   \param [in]    topOfProcStack  Process Stack Pointer value to set
1110:Drivers/CMSIS/Include/cmsis_gcc.h ****  */
1111:Drivers/CMSIS/Include/cmsis_gcc.h **** __STATIC_FORCEINLINE void __TZ_set_PSP_NS(uint32_t topOfProcStack)
ARM GAS  /tmp/ccwjHOJA.s 			page 25


1112:Drivers/CMSIS/Include/cmsis_gcc.h **** {
1113:Drivers/CMSIS/Include/cmsis_gcc.h ****   __ASM volatile ("MSR psp_ns, %0" : : "r" (topOfProcStack) : );
1114:Drivers/CMSIS/Include/cmsis_gcc.h **** }
1115:Drivers/CMSIS/Include/cmsis_gcc.h **** #endif
1116:Drivers/CMSIS/Include/cmsis_gcc.h **** 
1117:Drivers/CMSIS/Include/cmsis_gcc.h **** 
1118:Drivers/CMSIS/Include/cmsis_gcc.h **** /**
1119:Drivers/CMSIS/Include/cmsis_gcc.h ****   \brief   Get Main Stack Pointer
1120:Drivers/CMSIS/Include/cmsis_gcc.h ****   \details Returns the current value of the Main Stack Pointer (MSP).
1121:Drivers/CMSIS/Include/cmsis_gcc.h ****   \return               MSP Register value
1122:Drivers/CMSIS/Include/cmsis_gcc.h ****  */
1123:Drivers/CMSIS/Include/cmsis_gcc.h **** __STATIC_FORCEINLINE uint32_t __get_MSP(void)
1124:Drivers/CMSIS/Include/cmsis_gcc.h **** {
1125:Drivers/CMSIS/Include/cmsis_gcc.h ****   uint32_t result;
1126:Drivers/CMSIS/Include/cmsis_gcc.h **** 
1127:Drivers/CMSIS/Include/cmsis_gcc.h ****   __ASM volatile ("MRS %0, msp" : "=r" (result) );
1128:Drivers/CMSIS/Include/cmsis_gcc.h ****   return(result);
1129:Drivers/CMSIS/Include/cmsis_gcc.h **** }
1130:Drivers/CMSIS/Include/cmsis_gcc.h **** 
1131:Drivers/CMSIS/Include/cmsis_gcc.h **** 
1132:Drivers/CMSIS/Include/cmsis_gcc.h **** #if (defined (__ARM_FEATURE_CMSE ) && (__ARM_FEATURE_CMSE == 3))
1133:Drivers/CMSIS/Include/cmsis_gcc.h **** /**
1134:Drivers/CMSIS/Include/cmsis_gcc.h ****   \brief   Get Main Stack Pointer (non-secure)
1135:Drivers/CMSIS/Include/cmsis_gcc.h ****   \details Returns the current value of the non-secure Main Stack Pointer (MSP) when in secure stat
1136:Drivers/CMSIS/Include/cmsis_gcc.h ****   \return               MSP Register value
1137:Drivers/CMSIS/Include/cmsis_gcc.h ****  */
1138:Drivers/CMSIS/Include/cmsis_gcc.h **** __STATIC_FORCEINLINE uint32_t __TZ_get_MSP_NS(void)
1139:Drivers/CMSIS/Include/cmsis_gcc.h **** {
1140:Drivers/CMSIS/Include/cmsis_gcc.h ****   uint32_t result;
1141:Drivers/CMSIS/Include/cmsis_gcc.h **** 
1142:Drivers/CMSIS/Include/cmsis_gcc.h ****   __ASM volatile ("MRS %0, msp_ns" : "=r" (result) );
1143:Drivers/CMSIS/Include/cmsis_gcc.h ****   return(result);
1144:Drivers/CMSIS/Include/cmsis_gcc.h **** }
1145:Drivers/CMSIS/Include/cmsis_gcc.h **** #endif
1146:Drivers/CMSIS/Include/cmsis_gcc.h **** 
1147:Drivers/CMSIS/Include/cmsis_gcc.h **** 
1148:Drivers/CMSIS/Include/cmsis_gcc.h **** /**
1149:Drivers/CMSIS/Include/cmsis_gcc.h ****   \brief   Set Main Stack Pointer
1150:Drivers/CMSIS/Include/cmsis_gcc.h ****   \details Assigns the given value to the Main Stack Pointer (MSP).
1151:Drivers/CMSIS/Include/cmsis_gcc.h ****   \param [in]    topOfMainStack  Main Stack Pointer value to set
1152:Drivers/CMSIS/Include/cmsis_gcc.h ****  */
1153:Drivers/CMSIS/Include/cmsis_gcc.h **** __STATIC_FORCEINLINE void __set_MSP(uint32_t topOfMainStack)
1154:Drivers/CMSIS/Include/cmsis_gcc.h **** {
1155:Drivers/CMSIS/Include/cmsis_gcc.h ****   __ASM volatile ("MSR msp, %0" : : "r" (topOfMainStack) : );
1156:Drivers/CMSIS/Include/cmsis_gcc.h **** }
1157:Drivers/CMSIS/Include/cmsis_gcc.h **** 
1158:Drivers/CMSIS/Include/cmsis_gcc.h **** 
1159:Drivers/CMSIS/Include/cmsis_gcc.h **** #if (defined (__ARM_FEATURE_CMSE ) && (__ARM_FEATURE_CMSE == 3))
1160:Drivers/CMSIS/Include/cmsis_gcc.h **** /**
1161:Drivers/CMSIS/Include/cmsis_gcc.h ****   \brief   Set Main Stack Pointer (non-secure)
1162:Drivers/CMSIS/Include/cmsis_gcc.h ****   \details Assigns the given value to the non-secure Main Stack Pointer (MSP) when in secure state.
1163:Drivers/CMSIS/Include/cmsis_gcc.h ****   \param [in]    topOfMainStack  Main Stack Pointer value to set
1164:Drivers/CMSIS/Include/cmsis_gcc.h ****  */
1165:Drivers/CMSIS/Include/cmsis_gcc.h **** __STATIC_FORCEINLINE void __TZ_set_MSP_NS(uint32_t topOfMainStack)
1166:Drivers/CMSIS/Include/cmsis_gcc.h **** {
1167:Drivers/CMSIS/Include/cmsis_gcc.h ****   __ASM volatile ("MSR msp_ns, %0" : : "r" (topOfMainStack) : );
1168:Drivers/CMSIS/Include/cmsis_gcc.h **** }
ARM GAS  /tmp/ccwjHOJA.s 			page 26


1169:Drivers/CMSIS/Include/cmsis_gcc.h **** #endif
1170:Drivers/CMSIS/Include/cmsis_gcc.h **** 
1171:Drivers/CMSIS/Include/cmsis_gcc.h **** 
1172:Drivers/CMSIS/Include/cmsis_gcc.h **** #if (defined (__ARM_FEATURE_CMSE ) && (__ARM_FEATURE_CMSE == 3))
1173:Drivers/CMSIS/Include/cmsis_gcc.h **** /**
1174:Drivers/CMSIS/Include/cmsis_gcc.h ****   \brief   Get Stack Pointer (non-secure)
1175:Drivers/CMSIS/Include/cmsis_gcc.h ****   \details Returns the current value of the non-secure Stack Pointer (SP) when in secure state.
1176:Drivers/CMSIS/Include/cmsis_gcc.h ****   \return               SP Register value
1177:Drivers/CMSIS/Include/cmsis_gcc.h ****  */
1178:Drivers/CMSIS/Include/cmsis_gcc.h **** __STATIC_FORCEINLINE uint32_t __TZ_get_SP_NS(void)
1179:Drivers/CMSIS/Include/cmsis_gcc.h **** {
1180:Drivers/CMSIS/Include/cmsis_gcc.h ****   uint32_t result;
1181:Drivers/CMSIS/Include/cmsis_gcc.h **** 
1182:Drivers/CMSIS/Include/cmsis_gcc.h ****   __ASM volatile ("MRS %0, sp_ns" : "=r" (result) );
1183:Drivers/CMSIS/Include/cmsis_gcc.h ****   return(result);
1184:Drivers/CMSIS/Include/cmsis_gcc.h **** }
1185:Drivers/CMSIS/Include/cmsis_gcc.h **** 
1186:Drivers/CMSIS/Include/cmsis_gcc.h **** 
1187:Drivers/CMSIS/Include/cmsis_gcc.h **** /**
1188:Drivers/CMSIS/Include/cmsis_gcc.h ****   \brief   Set Stack Pointer (non-secure)
1189:Drivers/CMSIS/Include/cmsis_gcc.h ****   \details Assigns the given value to the non-secure Stack Pointer (SP) when in secure state.
1190:Drivers/CMSIS/Include/cmsis_gcc.h ****   \param [in]    topOfStack  Stack Pointer value to set
1191:Drivers/CMSIS/Include/cmsis_gcc.h ****  */
1192:Drivers/CMSIS/Include/cmsis_gcc.h **** __STATIC_FORCEINLINE void __TZ_set_SP_NS(uint32_t topOfStack)
1193:Drivers/CMSIS/Include/cmsis_gcc.h **** {
1194:Drivers/CMSIS/Include/cmsis_gcc.h ****   __ASM volatile ("MSR sp_ns, %0" : : "r" (topOfStack) : );
1195:Drivers/CMSIS/Include/cmsis_gcc.h **** }
1196:Drivers/CMSIS/Include/cmsis_gcc.h **** #endif
1197:Drivers/CMSIS/Include/cmsis_gcc.h **** 
1198:Drivers/CMSIS/Include/cmsis_gcc.h **** 
1199:Drivers/CMSIS/Include/cmsis_gcc.h **** /**
1200:Drivers/CMSIS/Include/cmsis_gcc.h ****   \brief   Get Priority Mask
1201:Drivers/CMSIS/Include/cmsis_gcc.h ****   \details Returns the current state of the priority mask bit from the Priority Mask Register.
1202:Drivers/CMSIS/Include/cmsis_gcc.h ****   \return               Priority Mask value
1203:Drivers/CMSIS/Include/cmsis_gcc.h ****  */
1204:Drivers/CMSIS/Include/cmsis_gcc.h **** __STATIC_FORCEINLINE uint32_t __get_PRIMASK(void)
 193              		.loc 2 1204 31 view .LVU42
 194              	.LBB43:
1205:Drivers/CMSIS/Include/cmsis_gcc.h **** {
1206:Drivers/CMSIS/Include/cmsis_gcc.h ****   uint32_t result;
 195              		.loc 2 1206 3 view .LVU43
1207:Drivers/CMSIS/Include/cmsis_gcc.h **** 
1208:Drivers/CMSIS/Include/cmsis_gcc.h ****   __ASM volatile ("MRS %0, primask" : "=r" (result) );
 196              		.loc 2 1208 3 view .LVU44
 197              		.syntax unified
 198              	@ 1208 "Drivers/CMSIS/Include/cmsis_gcc.h" 1
 199 0002 EFF31084 		MRS r4, primask
 200              	@ 0 "" 2
 201              	.LVL2:
1209:Drivers/CMSIS/Include/cmsis_gcc.h ****   return(result);
 202              		.loc 2 1209 3 view .LVU45
 203              		.loc 2 1209 3 is_stmt 0 view .LVU46
 204              		.thumb
 205              		.syntax unified
 206              	.LBE43:
 207              	.LBE42:
  71:device/adc_stream.c ****     __disable_irq();
ARM GAS  /tmp/ccwjHOJA.s 			page 27


 208              		.loc 1 71 5 is_stmt 1 view .LVU47
 209              	.LBB44:
 210              	.LBI44:
 960:Drivers/CMSIS/Include/cmsis_gcc.h **** {
 211              		.loc 2 960 27 view .LVU48
 212              	.LBB45:
 962:Drivers/CMSIS/Include/cmsis_gcc.h **** }
 213              		.loc 2 962 3 view .LVU49
 214              		.syntax unified
 215              	@ 962 "Drivers/CMSIS/Include/cmsis_gcc.h" 1
 216 0006 72B6     		cpsid i
 217              	@ 0 "" 2
 218              		.thumb
 219              		.syntax unified
 220              	.LBE45:
 221              	.LBE44:
  72:device/adc_stream.c **** 
  73:device/adc_stream.c ****     s_running = 0;
 222              		.loc 1 73 5 view .LVU50
 223              		.loc 1 73 15 is_stmt 0 view .LVU51
 224 0008 034B     		ldr	r3, .L12
 225 000a 0022     		movs	r2, #0
 226 000c 1A70     		strb	r2, [r3]
  74:device/adc_stream.c ****     clear_state_common();
 227              		.loc 1 74 5 is_stmt 1 view .LVU52
 228 000e FFF7FEFF 		bl	clear_state_common
 229              	.LVL3:
  75:device/adc_stream.c **** 
  76:device/adc_stream.c ****     if (primask == 0U)
 230              		.loc 1 76 5 view .LVU53
 231              		.loc 1 76 8 is_stmt 0 view .LVU54
 232 0012 04B9     		cbnz	r4, .L9
  77:device/adc_stream.c ****     {
  78:device/adc_stream.c ****         __enable_irq();
 233              		.loc 1 78 9 is_stmt 1 view .LVU55
 234              	.LBB46:
 235              	.LBI46:
 949:Drivers/CMSIS/Include/cmsis_gcc.h **** {
 236              		.loc 2 949 27 view .LVU56
 237              	.LBB47:
 951:Drivers/CMSIS/Include/cmsis_gcc.h **** }
 238              		.loc 2 951 3 view .LVU57
 239              		.syntax unified
 240              	@ 951 "Drivers/CMSIS/Include/cmsis_gcc.h" 1
 241 0014 62B6     		cpsie i
 242              	@ 0 "" 2
 243              		.thumb
 244              		.syntax unified
 245              	.L9:
 246              	.LBE47:
 247              	.LBE46:
  79:device/adc_stream.c ****     }
  80:device/adc_stream.c **** }
 248              		.loc 1 80 1 is_stmt 0 view .LVU58
 249 0016 10BD     		pop	{r4, pc}
 250              	.LVL4:
 251              	.L13:
ARM GAS  /tmp/ccwjHOJA.s 			page 28


 252              		.loc 1 80 1 view .LVU59
 253              		.align	2
 254              	.L12:
 255 0018 00000000 		.word	.LANCHOR16
 256              		.cfi_endproc
 257              	.LFE137:
 259              		.section	.text.AdcStream_Start,"ax",%progbits
 260              		.align	1
 261              		.global	AdcStream_Start
 262              		.syntax unified
 263              		.thumb
 264              		.thumb_func
 265              		.fpu fpv4-sp-d16
 267              	AdcStream_Start:
 268              	.LVL5:
 269              	.LFB138:
  81:device/adc_stream.c **** 
  82:device/adc_stream.c **** int AdcStream_Start(const AppConfig_t *cfg)
  83:device/adc_stream.c **** {
 270              		.loc 1 83 1 is_stmt 1 view -0
 271              		.cfi_startproc
 272              		@ args = 0, pretend = 0, frame = 0
 273              		@ frame_needed = 0, uses_anonymous_args = 0
 274              		.loc 1 83 1 is_stmt 0 view .LVU61
 275 0000 38B5     		push	{r3, r4, r5, lr}
 276              	.LCFI3:
 277              		.cfi_def_cfa_offset 16
 278              		.cfi_offset 3, -16
 279              		.cfi_offset 4, -12
 280              		.cfi_offset 5, -8
 281              		.cfi_offset 14, -4
 282 0002 0446     		mov	r4, r0
  84:device/adc_stream.c ****     uint32_t primask;
 283              		.loc 1 84 5 is_stmt 1 view .LVU62
  85:device/adc_stream.c **** 
  86:device/adc_stream.c ****     if (!AppConfig_IsValid(cfg))
 284              		.loc 1 86 5 view .LVU63
 285              		.loc 1 86 10 is_stmt 0 view .LVU64
 286 0004 FFF7FEFF 		bl	AppConfig_IsValid
 287              	.LVL6:
 288              		.loc 1 86 8 view .LVU65
 289 0008 C0B1     		cbz	r0, .L17
  87:device/adc_stream.c ****     {
  88:device/adc_stream.c ****         return -1;
  89:device/adc_stream.c ****     }
  90:device/adc_stream.c **** 
  91:device/adc_stream.c ****     ADS127L11_Stop();
 290              		.loc 1 91 5 is_stmt 1 view .LVU66
 291 000a FFF7FEFF 		bl	ADS127L11_Stop
 292              	.LVL7:
  92:device/adc_stream.c ****     ADS127L11_StreamExit();
 293              		.loc 1 92 5 view .LVU67
 294 000e FFF7FEFF 		bl	ADS127L11_StreamExit
 295              	.LVL8:
  93:device/adc_stream.c **** 
  94:device/adc_stream.c ****     primask = __get_PRIMASK();
 296              		.loc 1 94 5 view .LVU68
ARM GAS  /tmp/ccwjHOJA.s 			page 29


 297              	.LBB48:
 298              	.LBI48:
1204:Drivers/CMSIS/Include/cmsis_gcc.h **** {
 299              		.loc 2 1204 31 view .LVU69
 300              	.LBB49:
1206:Drivers/CMSIS/Include/cmsis_gcc.h **** 
 301              		.loc 2 1206 3 view .LVU70
1208:Drivers/CMSIS/Include/cmsis_gcc.h ****   return(result);
 302              		.loc 2 1208 3 view .LVU71
 303              		.syntax unified
 304              	@ 1208 "Drivers/CMSIS/Include/cmsis_gcc.h" 1
 305 0012 EFF31085 		MRS r5, primask
 306              	@ 0 "" 2
 307              	.LVL9:
 308              		.loc 2 1209 3 view .LVU72
 309              		.loc 2 1209 3 is_stmt 0 view .LVU73
 310              		.thumb
 311              		.syntax unified
 312              	.LBE49:
 313              	.LBE48:
  95:device/adc_stream.c ****     __disable_irq();
 314              		.loc 1 95 5 is_stmt 1 view .LVU74
 315              	.LBB50:
 316              	.LBI50:
 960:Drivers/CMSIS/Include/cmsis_gcc.h **** {
 317              		.loc 2 960 27 view .LVU75
 318              	.LBB51:
 962:Drivers/CMSIS/Include/cmsis_gcc.h **** }
 319              		.loc 2 962 3 view .LVU76
 320              		.syntax unified
 321              	@ 962 "Drivers/CMSIS/Include/cmsis_gcc.h" 1
 322 0016 72B6     		cpsid i
 323              	@ 0 "" 2
 324              		.thumb
 325              		.syntax unified
 326              	.LBE51:
 327              	.LBE50:
  96:device/adc_stream.c ****     clear_state_common();
 328              		.loc 1 96 5 view .LVU77
 329 0018 FFF7FEFF 		bl	clear_state_common
 330              	.LVL10:
  97:device/adc_stream.c ****     s_bps = AppConfig_BytesPerSample(cfg);
 331              		.loc 1 97 5 view .LVU78
 332              		.loc 1 97 13 is_stmt 0 view .LVU79
 333 001c 2046     		mov	r0, r4
 334 001e FFF7FEFF 		bl	AppConfig_BytesPerSample
 335              	.LVL11:
 336              		.loc 1 97 11 view .LVU80
 337 0022 084B     		ldr	r3, .L19
 338 0024 1870     		strb	r0, [r3]
  98:device/adc_stream.c ****     s_running = 1U;
 339              		.loc 1 98 5 is_stmt 1 view .LVU81
 340              		.loc 1 98 15 is_stmt 0 view .LVU82
 341 0026 084B     		ldr	r3, .L19+4
 342 0028 0122     		movs	r2, #1
 343 002a 1A70     		strb	r2, [r3]
  99:device/adc_stream.c ****     if (primask == 0U)
ARM GAS  /tmp/ccwjHOJA.s 			page 30


 344              		.loc 1 99 5 is_stmt 1 view .LVU83
 345              		.loc 1 99 8 is_stmt 0 view .LVU84
 346 002c 05B9     		cbnz	r5, .L16
 100:device/adc_stream.c ****     {
 101:device/adc_stream.c ****         __enable_irq();
 347              		.loc 1 101 9 is_stmt 1 view .LVU85
 348              	.LBB52:
 349              	.LBI52:
 949:Drivers/CMSIS/Include/cmsis_gcc.h **** {
 350              		.loc 2 949 27 view .LVU86
 351              	.LBB53:
 951:Drivers/CMSIS/Include/cmsis_gcc.h **** }
 352              		.loc 2 951 3 view .LVU87
 353              		.syntax unified
 354              	@ 951 "Drivers/CMSIS/Include/cmsis_gcc.h" 1
 355 002e 62B6     		cpsie i
 356              	@ 0 "" 2
 357              		.thumb
 358              		.syntax unified
 359              	.L16:
 360              	.LBE53:
 361              	.LBE52:
 102:device/adc_stream.c ****     }
 103:device/adc_stream.c **** 
 104:device/adc_stream.c ****     /* 进入采样流模式后保持 CS 为低；DRDY 中断里只读 2/3 字节数据。 */
 105:device/adc_stream.c ****     ADS127L11_StreamEnter();
 362              		.loc 1 105 5 view .LVU88
 363 0030 FFF7FEFF 		bl	ADS127L11_StreamEnter
 364              	.LVL12:
 106:device/adc_stream.c ****     ADS127L11_Start();
 365              		.loc 1 106 5 view .LVU89
 366 0034 FFF7FEFF 		bl	ADS127L11_Start
 367              	.LVL13:
 107:device/adc_stream.c **** 
 108:device/adc_stream.c ****     return 0;
 368              		.loc 1 108 5 view .LVU90
 369              		.loc 1 108 12 is_stmt 0 view .LVU91
 370 0038 0020     		movs	r0, #0
 371              	.LVL14:
 372              	.L14:
 109:device/adc_stream.c **** }
 373              		.loc 1 109 1 view .LVU92
 374 003a 38BD     		pop	{r3, r4, r5, pc}
 375              	.LVL15:
 376              	.L17:
  88:device/adc_stream.c ****     }
 377              		.loc 1 88 16 view .LVU93
 378 003c 4FF0FF30 		mov	r0, #-1
 379 0040 FBE7     		b	.L14
 380              	.L20:
 381 0042 00BF     		.align	2
 382              	.L19:
 383 0044 00000000 		.word	.LANCHOR0
 384 0048 00000000 		.word	.LANCHOR16
 385              		.cfi_endproc
 386              	.LFE138:
 388              		.section	.text.AdcStream_FlushPartialBlock,"ax",%progbits
ARM GAS  /tmp/ccwjHOJA.s 			page 31


 389              		.align	1
 390              		.global	AdcStream_FlushPartialBlock
 391              		.syntax unified
 392              		.thumb
 393              		.thumb_func
 394              		.fpu fpv4-sp-d16
 396              	AdcStream_FlushPartialBlock:
 397              	.LFB139:
 110:device/adc_stream.c **** 
 111:device/adc_stream.c **** void AdcStream_FlushPartialBlock(void)
 112:device/adc_stream.c **** {
 398              		.loc 1 112 1 is_stmt 1 view -0
 399              		.cfi_startproc
 400              		@ args = 0, pretend = 0, frame = 0
 401              		@ frame_needed = 0, uses_anonymous_args = 0
 402              		@ link register save eliminated.
 113:device/adc_stream.c ****     uint32_t primask = __get_PRIMASK();
 403              		.loc 1 113 5 view .LVU95
 404              	.LBB54:
 405              	.LBI54:
1204:Drivers/CMSIS/Include/cmsis_gcc.h **** {
 406              		.loc 2 1204 31 view .LVU96
 407              	.LBB55:
1206:Drivers/CMSIS/Include/cmsis_gcc.h **** 
 408              		.loc 2 1206 3 view .LVU97
1208:Drivers/CMSIS/Include/cmsis_gcc.h ****   return(result);
 409              		.loc 2 1208 3 view .LVU98
 410              		.syntax unified
 411              	@ 1208 "Drivers/CMSIS/Include/cmsis_gcc.h" 1
 412 0000 EFF31082 		MRS r2, primask
 413              	@ 0 "" 2
 414              	.LVL16:
 415              		.loc 2 1209 3 view .LVU99
 416              		.loc 2 1209 3 is_stmt 0 view .LVU100
 417              		.thumb
 418              		.syntax unified
 419              	.LBE55:
 420              	.LBE54:
 114:device/adc_stream.c ****     __disable_irq();
 421              		.loc 1 114 5 is_stmt 1 view .LVU101
 422              	.LBB56:
 423              	.LBI56:
 960:Drivers/CMSIS/Include/cmsis_gcc.h **** {
 424              		.loc 2 960 27 view .LVU102
 425              	.LBB57:
 962:Drivers/CMSIS/Include/cmsis_gcc.h **** }
 426              		.loc 2 962 3 view .LVU103
 427              		.syntax unified
 428              	@ 962 "Drivers/CMSIS/Include/cmsis_gcc.h" 1
 429 0004 72B6     		cpsid i
 430              	@ 0 "" 2
 431              		.thumb
 432              		.syntax unified
 433              	.LBE57:
 434              	.LBE56:
 115:device/adc_stream.c **** 
 116:device/adc_stream.c ****     if ((s_wr_samples > 0U) && (s_blocks[s_wr].state == ADC_BLOCK_FREE))
ARM GAS  /tmp/ccwjHOJA.s 			page 32


 435              		.loc 1 116 5 view .LVU104
 436              		.loc 1 116 23 is_stmt 0 view .LVU105
 437 0006 1E4B     		ldr	r3, .L31
 438 0008 1B88     		ldrh	r3, [r3]
 439 000a 9BB2     		uxth	r3, r3
 440              		.loc 1 116 8 view .LVU106
 441 000c 002B     		cmp	r3, #0
 442 000e 33D0     		beq	.L26
 112:device/adc_stream.c ****     uint32_t primask = __get_PRIMASK();
 443              		.loc 1 112 1 discriminator 1 view .LVU107
 444 0010 F0B4     		push	{r4, r5, r6, r7}
 445              	.LCFI4:
 446              		.cfi_def_cfa_offset 16
 447              		.cfi_offset 4, -16
 448              		.cfi_offset 5, -12
 449              		.cfi_offset 6, -8
 450              		.cfi_offset 7, -4
 451              		.loc 1 116 47 discriminator 1 view .LVU108
 452 0012 1C4B     		ldr	r3, .L31+4
 453 0014 1B78     		ldrb	r3, [r3]	@ zero_extendqisi2
 454 0016 4FF47A71 		mov	r1, #1000
 455 001a 03FB01F3 		mul	r3, r3, r1
 456 001e 1A49     		ldr	r1, .L31+8
 457 0020 CB5C     		ldrb	r3, [r1, r3]	@ zero_extendqisi2
 458              		.loc 1 116 29 discriminator 1 view .LVU109
 459 0022 03F0FF04 		and	r4, r3, #255
 460 0026 1BBB     		cbnz	r3, .L22
 461              	.LBB58:
 117:device/adc_stream.c ****     {
 118:device/adc_stream.c ****         AdcStreamBlock_t *blk = &s_blocks[s_wr];
 462              		.loc 1 118 9 is_stmt 1 view .LVU110
 463              		.loc 1 118 42 is_stmt 0 view .LVU111
 464 0028 164D     		ldr	r5, .L31+4
 465 002a 2878     		ldrb	r0, [r5]	@ zero_extendqisi2
 466              	.LVL17:
 119:device/adc_stream.c ****         blk->sample_count = s_wr_samples;
 467              		.loc 1 119 9 is_stmt 1 view .LVU112
 468              		.loc 1 119 27 is_stmt 0 view .LVU113
 469 002c 144B     		ldr	r3, .L31
 470 002e 1B88     		ldrh	r3, [r3]
 471 0030 0E46     		mov	r6, r1
 472 0032 4FF47A71 		mov	r1, #1000
 473 0036 00FB01F1 		mul	r1, r0, r1
 474 003a 7018     		adds	r0, r6, r1
 475              	.LVL18:
 476              		.loc 1 119 27 view .LVU114
 477 003c 4380     		strh	r3, [r0, #2]	@ movhi
 120:device/adc_stream.c ****         blk->data_bytes = s_wr_bytes;
 478              		.loc 1 120 9 is_stmt 1 view .LVU115
 479              		.loc 1 120 25 is_stmt 0 view .LVU116
 480 003e 134B     		ldr	r3, .L31+12
 481 0040 1F88     		ldrh	r7, [r3]
 482 0042 C780     		strh	r7, [r0, #6]	@ movhi
 121:device/adc_stream.c ****         blk->bytes_per_sample = s_bps;
 483              		.loc 1 121 9 is_stmt 1 view .LVU117
 484              		.loc 1 121 31 is_stmt 0 view .LVU118
 485 0044 124F     		ldr	r7, .L31+16
ARM GAS  /tmp/ccwjHOJA.s 			page 33


 486 0046 3F78     		ldrb	r7, [r7]	@ zero_extendqisi2
 487 0048 4770     		strb	r7, [r0, #1]
 122:device/adc_stream.c ****         blk->frame_len = (uint16_t)(APP_FRAME_HDR_LEN + APP_DATA_META_LEN + s_wr_bytes + APP_FRAME_
 488              		.loc 1 122 9 is_stmt 1 view .LVU119
 489              		.loc 1 122 26 is_stmt 0 view .LVU120
 490 004a 1B88     		ldrh	r3, [r3]
 491 004c 9BB2     		uxth	r3, r3
 492 004e 1C33     		adds	r3, r3, #28
 493              		.loc 1 122 24 view .LVU121
 494 0050 8380     		strh	r3, [r0, #4]	@ movhi
 123:device/adc_stream.c ****         blk->state = ADC_BLOCK_READY;
 495              		.loc 1 123 9 is_stmt 1 view .LVU122
 496              		.loc 1 123 20 is_stmt 0 view .LVU123
 497 0052 0123     		movs	r3, #1
 498 0054 7354     		strb	r3, [r6, r1]
 124:device/adc_stream.c ****         s_wr = next_idx(s_wr);
 499              		.loc 1 124 9 is_stmt 1 view .LVU124
 500              		.loc 1 124 16 is_stmt 0 view .LVU125
 501 0056 2B78     		ldrb	r3, [r5]	@ zero_extendqisi2
 502              	.LVL19:
 503              	.LBB59:
 504              	.LBI59:
  29:device/adc_stream.c **** {
 505              		.loc 1 29 23 is_stmt 1 view .LVU126
 506              	.LBB60:
  31:device/adc_stream.c ****     if (i >= APP_ADC_BLOCK_COUNT)
 507              		.loc 1 31 5 view .LVU127
  31:device/adc_stream.c ****     if (i >= APP_ADC_BLOCK_COUNT)
 508              		.loc 1 31 6 is_stmt 0 view .LVU128
 509 0058 0133     		adds	r3, r3, #1
 510              	.LVL20:
  31:device/adc_stream.c ****     if (i >= APP_ADC_BLOCK_COUNT)
 511              		.loc 1 31 6 view .LVU129
 512 005a DBB2     		uxtb	r3, r3
 513              	.LVL21:
  32:device/adc_stream.c ****     {
 514              		.loc 1 32 5 is_stmt 1 view .LVU130
  32:device/adc_stream.c ****     {
 515              		.loc 1 32 8 is_stmt 0 view .LVU131
 516 005c 3F2B     		cmp	r3, #63
 517 005e 00D8     		bhi	.L23
  31:device/adc_stream.c ****     if (i >= APP_ADC_BLOCK_COUNT)
 518              		.loc 1 31 6 view .LVU132
 519 0060 1C46     		mov	r4, r3
 520              	.L23:
 521              	.LVL22:
  36:device/adc_stream.c **** }
 522              		.loc 1 36 5 is_stmt 1 view .LVU133
  36:device/adc_stream.c **** }
 523              		.loc 1 36 5 is_stmt 0 view .LVU134
 524              	.LBE60:
 525              	.LBE59:
 526              		.loc 1 124 14 view .LVU135
 527 0062 084B     		ldr	r3, .L31+4
 528 0064 1C70     		strb	r4, [r3]
 125:device/adc_stream.c ****         s_wr_samples = 0;
 529              		.loc 1 125 9 is_stmt 1 view .LVU136
ARM GAS  /tmp/ccwjHOJA.s 			page 34


 530              		.loc 1 125 22 is_stmt 0 view .LVU137
 531 0066 0023     		movs	r3, #0
 532 0068 0549     		ldr	r1, .L31
 533 006a 0B80     		strh	r3, [r1]	@ movhi
 126:device/adc_stream.c ****         s_wr_bytes = 0;
 534              		.loc 1 126 9 is_stmt 1 view .LVU138
 535              		.loc 1 126 20 is_stmt 0 view .LVU139
 536 006c 0749     		ldr	r1, .L31+12
 537 006e 0B80     		strh	r3, [r1]	@ movhi
 538              	.L22:
 539              		.loc 1 126 20 view .LVU140
 540              	.LBE58:
 127:device/adc_stream.c ****     }
 128:device/adc_stream.c **** 
 129:device/adc_stream.c ****     if (primask == 0U)
 541              		.loc 1 129 5 is_stmt 1 view .LVU141
 542              		.loc 1 129 8 is_stmt 0 view .LVU142
 543 0070 02B9     		cbnz	r2, .L21
 130:device/adc_stream.c ****     {
 131:device/adc_stream.c ****         __enable_irq();
 544              		.loc 1 131 9 is_stmt 1 view .LVU143
 545              	.LBB61:
 546              	.LBI61:
 949:Drivers/CMSIS/Include/cmsis_gcc.h **** {
 547              		.loc 2 949 27 view .LVU144
 548              	.LBB62:
 951:Drivers/CMSIS/Include/cmsis_gcc.h **** }
 549              		.loc 2 951 3 view .LVU145
 550              		.syntax unified
 551              	@ 951 "Drivers/CMSIS/Include/cmsis_gcc.h" 1
 552 0072 62B6     		cpsie i
 553              	@ 0 "" 2
 554              		.thumb
 555              		.syntax unified
 556              	.L21:
 557              	.LBE62:
 558              	.LBE61:
 132:device/adc_stream.c ****     }
 133:device/adc_stream.c **** }
 559              		.loc 1 133 1 is_stmt 0 view .LVU146
 560 0074 F0BC     		pop	{r4, r5, r6, r7}
 561              	.LCFI5:
 562              		.cfi_restore 7
 563              		.cfi_restore 6
 564              		.cfi_restore 5
 565              		.cfi_restore 4
 566              		.cfi_def_cfa_offset 0
 567 0076 7047     		bx	lr
 568              	.L26:
 129:device/adc_stream.c ****     {
 569              		.loc 1 129 5 is_stmt 1 view .LVU147
 129:device/adc_stream.c ****     {
 570              		.loc 1 129 8 is_stmt 0 view .LVU148
 571 0078 0AB9     		cbnz	r2, .L28
 131:device/adc_stream.c ****     }
 572              		.loc 1 131 9 is_stmt 1 view .LVU149
 573              	.LBB64:
ARM GAS  /tmp/ccwjHOJA.s 			page 35


 949:Drivers/CMSIS/Include/cmsis_gcc.h **** {
 574              		.loc 2 949 27 view .LVU150
 575              	.LBB63:
 951:Drivers/CMSIS/Include/cmsis_gcc.h **** }
 576              		.loc 2 951 3 view .LVU151
 577              		.syntax unified
 578              	@ 951 "Drivers/CMSIS/Include/cmsis_gcc.h" 1
 579 007a 62B6     		cpsie i
 580              	@ 0 "" 2
 581              		.thumb
 582              		.syntax unified
 583 007c 7047     		bx	lr
 584              	.L28:
 585 007e 7047     		bx	lr
 586              	.L32:
 587              		.align	2
 588              	.L31:
 589 0080 00000000 		.word	.LANCHOR4
 590 0084 00000000 		.word	.LANCHOR1
 591 0088 00000000 		.word	s_blocks
 592 008c 00000000 		.word	.LANCHOR5
 593 0090 00000000 		.word	.LANCHOR0
 594              	.LBE63:
 595              	.LBE64:
 596              		.cfi_endproc
 597              	.LFE139:
 599              		.section	.text.AdcStream_Stop,"ax",%progbits
 600              		.align	1
 601              		.global	AdcStream_Stop
 602              		.syntax unified
 603              		.thumb
 604              		.thumb_func
 605              		.fpu fpv4-sp-d16
 607              	AdcStream_Stop:
 608              	.LFB140:
 134:device/adc_stream.c **** 
 135:device/adc_stream.c **** void AdcStream_Stop(void)
 136:device/adc_stream.c **** {
 609              		.loc 1 136 1 view -0
 610              		.cfi_startproc
 611              		@ args = 0, pretend = 0, frame = 0
 612              		@ frame_needed = 0, uses_anonymous_args = 0
 613 0000 08B5     		push	{r3, lr}
 614              	.LCFI6:
 615              		.cfi_def_cfa_offset 8
 616              		.cfi_offset 3, -8
 617              		.cfi_offset 14, -4
 137:device/adc_stream.c ****     uint32_t primask = __get_PRIMASK();
 618              		.loc 1 137 5 view .LVU153
 619              	.LBB65:
 620              	.LBI65:
1204:Drivers/CMSIS/Include/cmsis_gcc.h **** {
 621              		.loc 2 1204 31 view .LVU154
 622              	.LBB66:
1206:Drivers/CMSIS/Include/cmsis_gcc.h **** 
 623              		.loc 2 1206 3 view .LVU155
1208:Drivers/CMSIS/Include/cmsis_gcc.h ****   return(result);
ARM GAS  /tmp/ccwjHOJA.s 			page 36


 624              		.loc 2 1208 3 view .LVU156
 625              		.syntax unified
 626              	@ 1208 "Drivers/CMSIS/Include/cmsis_gcc.h" 1
 627 0002 EFF31083 		MRS r3, primask
 628              	@ 0 "" 2
 629              	.LVL23:
 630              		.loc 2 1209 3 view .LVU157
 631              		.loc 2 1209 3 is_stmt 0 view .LVU158
 632              		.thumb
 633              		.syntax unified
 634              	.LBE66:
 635              	.LBE65:
 138:device/adc_stream.c ****     __disable_irq();
 636              		.loc 1 138 5 is_stmt 1 view .LVU159
 637              	.LBB67:
 638              	.LBI67:
 960:Drivers/CMSIS/Include/cmsis_gcc.h **** {
 639              		.loc 2 960 27 view .LVU160
 640              	.LBB68:
 962:Drivers/CMSIS/Include/cmsis_gcc.h **** }
 641              		.loc 2 962 3 view .LVU161
 642              		.syntax unified
 643              	@ 962 "Drivers/CMSIS/Include/cmsis_gcc.h" 1
 644 0006 72B6     		cpsid i
 645              	@ 0 "" 2
 646              		.thumb
 647              		.syntax unified
 648              	.LBE68:
 649              	.LBE67:
 139:device/adc_stream.c ****     s_running = 0;
 650              		.loc 1 139 5 view .LVU162
 651              		.loc 1 139 15 is_stmt 0 view .LVU163
 652 0008 054A     		ldr	r2, .L36
 653 000a 0021     		movs	r1, #0
 654 000c 1170     		strb	r1, [r2]
 140:device/adc_stream.c ****     if (primask == 0U)
 655              		.loc 1 140 5 is_stmt 1 view .LVU164
 656              		.loc 1 140 8 is_stmt 0 view .LVU165
 657 000e 03B9     		cbnz	r3, .L34
 141:device/adc_stream.c ****     {
 142:device/adc_stream.c ****         __enable_irq();
 658              		.loc 1 142 9 is_stmt 1 view .LVU166
 659              	.LBB69:
 660              	.LBI69:
 949:Drivers/CMSIS/Include/cmsis_gcc.h **** {
 661              		.loc 2 949 27 view .LVU167
 662              	.LBB70:
 951:Drivers/CMSIS/Include/cmsis_gcc.h **** }
 663              		.loc 2 951 3 view .LVU168
 664              		.syntax unified
 665              	@ 951 "Drivers/CMSIS/Include/cmsis_gcc.h" 1
 666 0010 62B6     		cpsie i
 667              	@ 0 "" 2
 668              		.thumb
 669              		.syntax unified
 670              	.L34:
 671              	.LBE70:
ARM GAS  /tmp/ccwjHOJA.s 			page 37


 672              	.LBE69:
 143:device/adc_stream.c ****     }
 144:device/adc_stream.c **** 
 145:device/adc_stream.c ****     ADS127L11_Stop();
 673              		.loc 1 145 5 view .LVU169
 674 0012 FFF7FEFF 		bl	ADS127L11_Stop
 675              	.LVL24:
 146:device/adc_stream.c ****     ADS127L11_StreamExit();
 676              		.loc 1 146 5 view .LVU170
 677 0016 FFF7FEFF 		bl	ADS127L11_StreamExit
 678              	.LVL25:
 147:device/adc_stream.c ****     AdcStream_FlushPartialBlock();
 679              		.loc 1 147 5 view .LVU171
 680 001a FFF7FEFF 		bl	AdcStream_FlushPartialBlock
 681              	.LVL26:
 148:device/adc_stream.c **** }
 682              		.loc 1 148 1 is_stmt 0 view .LVU172
 683 001e 08BD     		pop	{r3, pc}
 684              	.L37:
 685              		.align	2
 686              	.L36:
 687 0020 00000000 		.word	.LANCHOR16
 688              		.cfi_endproc
 689              	.LFE140:
 691              		.section	.text.AdcStream_Task,"ax",%progbits
 692              		.align	1
 693              		.global	AdcStream_Task
 694              		.syntax unified
 695              		.thumb
 696              		.thumb_func
 697              		.fpu fpv4-sp-d16
 699              	AdcStream_Task:
 700              	.LFB141:
 149:device/adc_stream.c **** 
 150:device/adc_stream.c **** void AdcStream_Task(void)
 151:device/adc_stream.c **** {
 701              		.loc 1 151 1 is_stmt 1 view -0
 702              		.cfi_startproc
 703              		@ args = 0, pretend = 0, frame = 0
 704              		@ frame_needed = 0, uses_anonymous_args = 0
 705              		@ link register save eliminated.
 152:device/adc_stream.c ****     /* DRDY + SPI4 寄存器快速读取版不需要后台处理 DMA 状态。 */
 153:device/adc_stream.c **** }
 706              		.loc 1 153 1 view .LVU174
 707 0000 7047     		bx	lr
 708              		.cfi_endproc
 709              	.LFE141:
 711              		.section	.text.AdcStream_IsRunning,"ax",%progbits
 712              		.align	1
 713              		.global	AdcStream_IsRunning
 714              		.syntax unified
 715              		.thumb
 716              		.thumb_func
 717              		.fpu fpv4-sp-d16
 719              	AdcStream_IsRunning:
 720              	.LFB142:
 154:device/adc_stream.c **** 
ARM GAS  /tmp/ccwjHOJA.s 			page 38


 155:device/adc_stream.c **** uint8_t AdcStream_IsRunning(void)
 156:device/adc_stream.c **** {
 721              		.loc 1 156 1 view -0
 722              		.cfi_startproc
 723              		@ args = 0, pretend = 0, frame = 0
 724              		@ frame_needed = 0, uses_anonymous_args = 0
 725              		@ link register save eliminated.
 157:device/adc_stream.c ****     return s_running;
 726              		.loc 1 157 5 view .LVU176
 727              		.loc 1 157 12 is_stmt 0 view .LVU177
 728 0000 014B     		ldr	r3, .L40
 729 0002 1878     		ldrb	r0, [r3]	@ zero_extendqisi2
 158:device/adc_stream.c **** }
 730              		.loc 1 158 1 view .LVU178
 731 0004 7047     		bx	lr
 732              	.L41:
 733 0006 00BF     		.align	2
 734              	.L40:
 735 0008 00000000 		.word	.LANCHOR16
 736              		.cfi_endproc
 737              	.LFE142:
 739              		.section	.text.AdcStream_GetSampleSeq,"ax",%progbits
 740              		.align	1
 741              		.global	AdcStream_GetSampleSeq
 742              		.syntax unified
 743              		.thumb
 744              		.thumb_func
 745              		.fpu fpv4-sp-d16
 747              	AdcStream_GetSampleSeq:
 748              	.LFB143:
 159:device/adc_stream.c **** 
 160:device/adc_stream.c **** uint32_t AdcStream_GetSampleSeq(void)
 161:device/adc_stream.c **** {
 749              		.loc 1 161 1 is_stmt 1 view -0
 750              		.cfi_startproc
 751              		@ args = 0, pretend = 0, frame = 0
 752              		@ frame_needed = 0, uses_anonymous_args = 0
 753              		@ link register save eliminated.
 162:device/adc_stream.c ****     return s_sample_seq;
 754              		.loc 1 162 5 view .LVU180
 755              		.loc 1 162 12 is_stmt 0 view .LVU181
 756 0000 014B     		ldr	r3, .L43
 757 0002 1868     		ldr	r0, [r3]
 163:device/adc_stream.c **** }
 758              		.loc 1 163 1 view .LVU182
 759 0004 7047     		bx	lr
 760              	.L44:
 761 0006 00BF     		.align	2
 762              	.L43:
 763 0008 00000000 		.word	.LANCHOR6
 764              		.cfi_endproc
 765              	.LFE143:
 767              		.section	.text.AdcStream_GetOverrunCount,"ax",%progbits
 768              		.align	1
 769              		.global	AdcStream_GetOverrunCount
 770              		.syntax unified
 771              		.thumb
ARM GAS  /tmp/ccwjHOJA.s 			page 39


 772              		.thumb_func
 773              		.fpu fpv4-sp-d16
 775              	AdcStream_GetOverrunCount:
 776              	.LFB144:
 164:device/adc_stream.c **** 
 165:device/adc_stream.c **** uint32_t AdcStream_GetOverrunCount(void)
 166:device/adc_stream.c **** {
 777              		.loc 1 166 1 is_stmt 1 view -0
 778              		.cfi_startproc
 779              		@ args = 0, pretend = 0, frame = 0
 780              		@ frame_needed = 0, uses_anonymous_args = 0
 781              		@ link register save eliminated.
 167:device/adc_stream.c ****     return s_overrun;
 782              		.loc 1 167 5 view .LVU184
 783              		.loc 1 167 12 is_stmt 0 view .LVU185
 784 0000 014B     		ldr	r3, .L46
 785 0002 1868     		ldr	r0, [r3]
 168:device/adc_stream.c **** }
 786              		.loc 1 168 1 view .LVU186
 787 0004 7047     		bx	lr
 788              	.L47:
 789 0006 00BF     		.align	2
 790              	.L46:
 791 0008 00000000 		.word	.LANCHOR7
 792              		.cfi_endproc
 793              	.LFE144:
 795              		.section	.text.AdcStream_GetSpiErrorCount,"ax",%progbits
 796              		.align	1
 797              		.global	AdcStream_GetSpiErrorCount
 798              		.syntax unified
 799              		.thumb
 800              		.thumb_func
 801              		.fpu fpv4-sp-d16
 803              	AdcStream_GetSpiErrorCount:
 804              	.LFB145:
 169:device/adc_stream.c **** 
 170:device/adc_stream.c **** uint32_t AdcStream_GetSpiErrorCount(void)
 171:device/adc_stream.c **** {
 805              		.loc 1 171 1 is_stmt 1 view -0
 806              		.cfi_startproc
 807              		@ args = 0, pretend = 0, frame = 0
 808              		@ frame_needed = 0, uses_anonymous_args = 0
 809              		@ link register save eliminated.
 172:device/adc_stream.c ****     return s_spi_error;
 810              		.loc 1 172 5 view .LVU188
 811              		.loc 1 172 12 is_stmt 0 view .LVU189
 812 0000 014B     		ldr	r3, .L49
 813 0002 1868     		ldr	r0, [r3]
 173:device/adc_stream.c **** }
 814              		.loc 1 173 1 view .LVU190
 815 0004 7047     		bx	lr
 816              	.L50:
 817 0006 00BF     		.align	2
 818              	.L49:
 819 0008 00000000 		.word	.LANCHOR8
 820              		.cfi_endproc
 821              	.LFE145:
ARM GAS  /tmp/ccwjHOJA.s 			page 40


 823              		.section	.text.AdcStream_GetFlags,"ax",%progbits
 824              		.align	1
 825              		.global	AdcStream_GetFlags
 826              		.syntax unified
 827              		.thumb
 828              		.thumb_func
 829              		.fpu fpv4-sp-d16
 831              	AdcStream_GetFlags:
 832              	.LFB146:
 174:device/adc_stream.c **** 
 175:device/adc_stream.c **** uint32_t AdcStream_GetFlags(void)
 176:device/adc_stream.c **** {
 833              		.loc 1 176 1 is_stmt 1 view -0
 834              		.cfi_startproc
 835              		@ args = 0, pretend = 0, frame = 0
 836              		@ frame_needed = 0, uses_anonymous_args = 0
 837              		@ link register save eliminated.
 177:device/adc_stream.c ****     return s_flags;
 838              		.loc 1 177 5 view .LVU192
 839              		.loc 1 177 12 is_stmt 0 view .LVU193
 840 0000 014B     		ldr	r3, .L52
 841 0002 1868     		ldr	r0, [r3]
 178:device/adc_stream.c **** }
 842              		.loc 1 178 1 view .LVU194
 843 0004 7047     		bx	lr
 844              	.L53:
 845 0006 00BF     		.align	2
 846              	.L52:
 847 0008 00000000 		.word	.LANCHOR9
 848              		.cfi_endproc
 849              	.LFE146:
 851              		.section	.text.AdcStream_GetDrdyIrqCount,"ax",%progbits
 852              		.align	1
 853              		.global	AdcStream_GetDrdyIrqCount
 854              		.syntax unified
 855              		.thumb
 856              		.thumb_func
 857              		.fpu fpv4-sp-d16
 859              	AdcStream_GetDrdyIrqCount:
 860              	.LFB147:
 179:device/adc_stream.c **** 
 180:device/adc_stream.c **** uint32_t AdcStream_GetDrdyIrqCount(void)
 181:device/adc_stream.c **** {
 861              		.loc 1 181 1 is_stmt 1 view -0
 862              		.cfi_startproc
 863              		@ args = 0, pretend = 0, frame = 0
 864              		@ frame_needed = 0, uses_anonymous_args = 0
 865              		@ link register save eliminated.
 182:device/adc_stream.c ****     return s_drdy_irq_count;
 866              		.loc 1 182 5 view .LVU196
 867              		.loc 1 182 12 is_stmt 0 view .LVU197
 868 0000 014B     		ldr	r3, .L55
 869 0002 1868     		ldr	r0, [r3]
 183:device/adc_stream.c **** }
 870              		.loc 1 183 1 view .LVU198
 871 0004 7047     		bx	lr
 872              	.L56:
ARM GAS  /tmp/ccwjHOJA.s 			page 41


 873 0006 00BF     		.align	2
 874              	.L55:
 875 0008 00000000 		.word	.LANCHOR10
 876              		.cfi_endproc
 877              	.LFE147:
 879              		.section	.text.AdcStream_GetLastSpiRet,"ax",%progbits
 880              		.align	1
 881              		.global	AdcStream_GetLastSpiRet
 882              		.syntax unified
 883              		.thumb
 884              		.thumb_func
 885              		.fpu fpv4-sp-d16
 887              	AdcStream_GetLastSpiRet:
 888              	.LFB148:
 184:device/adc_stream.c **** 
 185:device/adc_stream.c **** int32_t AdcStream_GetLastSpiRet(void)
 186:device/adc_stream.c **** {
 889              		.loc 1 186 1 is_stmt 1 view -0
 890              		.cfi_startproc
 891              		@ args = 0, pretend = 0, frame = 0
 892              		@ frame_needed = 0, uses_anonymous_args = 0
 893              		@ link register save eliminated.
 187:device/adc_stream.c ****     return s_last_spi_ret;
 894              		.loc 1 187 5 view .LVU200
 895              		.loc 1 187 12 is_stmt 0 view .LVU201
 896 0000 014B     		ldr	r3, .L58
 897 0002 1868     		ldr	r0, [r3]
 188:device/adc_stream.c **** }
 898              		.loc 1 188 1 view .LVU202
 899 0004 7047     		bx	lr
 900              	.L59:
 901 0006 00BF     		.align	2
 902              	.L58:
 903 0008 00000000 		.word	.LANCHOR11
 904              		.cfi_endproc
 905              	.LFE148:
 907              		.section	.text.AdcStream_GetIsrStopCount,"ax",%progbits
 908              		.align	1
 909              		.global	AdcStream_GetIsrStopCount
 910              		.syntax unified
 911              		.thumb
 912              		.thumb_func
 913              		.fpu fpv4-sp-d16
 915              	AdcStream_GetIsrStopCount:
 916              	.LFB149:
 189:device/adc_stream.c **** 
 190:device/adc_stream.c **** uint32_t AdcStream_GetIsrStopCount(void)
 191:device/adc_stream.c **** {
 917              		.loc 1 191 1 is_stmt 1 view -0
 918              		.cfi_startproc
 919              		@ args = 0, pretend = 0, frame = 0
 920              		@ frame_needed = 0, uses_anonymous_args = 0
 921              		@ link register save eliminated.
 192:device/adc_stream.c ****     return s_isr_stop_count;
 922              		.loc 1 192 5 view .LVU204
 923              		.loc 1 192 12 is_stmt 0 view .LVU205
 924 0000 014B     		ldr	r3, .L61
ARM GAS  /tmp/ccwjHOJA.s 			page 42


 925 0002 1868     		ldr	r0, [r3]
 193:device/adc_stream.c **** }
 926              		.loc 1 193 1 view .LVU206
 927 0004 7047     		bx	lr
 928              	.L62:
 929 0006 00BF     		.align	2
 930              	.L61:
 931 0008 00000000 		.word	.LANCHOR12
 932              		.cfi_endproc
 933              	.LFE149:
 935              		.section	.text.AdcStream_GetLastStopFlags,"ax",%progbits
 936              		.align	1
 937              		.global	AdcStream_GetLastStopFlags
 938              		.syntax unified
 939              		.thumb
 940              		.thumb_func
 941              		.fpu fpv4-sp-d16
 943              	AdcStream_GetLastStopFlags:
 944              	.LFB150:
 194:device/adc_stream.c **** 
 195:device/adc_stream.c **** uint32_t AdcStream_GetLastStopFlags(void)
 196:device/adc_stream.c **** {
 945              		.loc 1 196 1 is_stmt 1 view -0
 946              		.cfi_startproc
 947              		@ args = 0, pretend = 0, frame = 0
 948              		@ frame_needed = 0, uses_anonymous_args = 0
 949              		@ link register save eliminated.
 197:device/adc_stream.c ****     return s_last_stop_flags;
 950              		.loc 1 197 5 view .LVU208
 951              		.loc 1 197 12 is_stmt 0 view .LVU209
 952 0000 014B     		ldr	r3, .L64
 953 0002 1868     		ldr	r0, [r3]
 198:device/adc_stream.c **** }
 954              		.loc 1 198 1 view .LVU210
 955 0004 7047     		bx	lr
 956              	.L65:
 957 0006 00BF     		.align	2
 958              	.L64:
 959 0008 00000000 		.word	.LANCHOR13
 960              		.cfi_endproc
 961              	.LFE150:
 963              		.section	.text.AdcStream_GetDmaBusyCount,"ax",%progbits
 964              		.align	1
 965              		.global	AdcStream_GetDmaBusyCount
 966              		.syntax unified
 967              		.thumb
 968              		.thumb_func
 969              		.fpu fpv4-sp-d16
 971              	AdcStream_GetDmaBusyCount:
 972              	.LFB151:
 199:device/adc_stream.c **** 
 200:device/adc_stream.c **** uint32_t AdcStream_GetDmaBusyCount(void)
 201:device/adc_stream.c **** {
 973              		.loc 1 201 1 is_stmt 1 view -0
 974              		.cfi_startproc
 975              		@ args = 0, pretend = 0, frame = 0
 976              		@ frame_needed = 0, uses_anonymous_args = 0
ARM GAS  /tmp/ccwjHOJA.s 			page 43


 977              		@ link register save eliminated.
 202:device/adc_stream.c ****     return s_fast_read_busy_count;
 978              		.loc 1 202 5 view .LVU212
 979              		.loc 1 202 12 is_stmt 0 view .LVU213
 980 0000 014B     		ldr	r3, .L67
 981 0002 1868     		ldr	r0, [r3]
 203:device/adc_stream.c **** }
 982              		.loc 1 203 1 view .LVU214
 983 0004 7047     		bx	lr
 984              	.L68:
 985 0006 00BF     		.align	2
 986              	.L67:
 987 0008 00000000 		.word	.LANCHOR15
 988              		.cfi_endproc
 989              	.LFE151:
 991              		.section	.text.AdcStream_GetDmaErrorCount,"ax",%progbits
 992              		.align	1
 993              		.global	AdcStream_GetDmaErrorCount
 994              		.syntax unified
 995              		.thumb
 996              		.thumb_func
 997              		.fpu fpv4-sp-d16
 999              	AdcStream_GetDmaErrorCount:
 1000              	.LFB152:
 204:device/adc_stream.c **** 
 205:device/adc_stream.c **** uint32_t AdcStream_GetDmaErrorCount(void)
 206:device/adc_stream.c **** {
 1001              		.loc 1 206 1 is_stmt 1 view -0
 1002              		.cfi_startproc
 1003              		@ args = 0, pretend = 0, frame = 0
 1004              		@ frame_needed = 0, uses_anonymous_args = 0
 1005              		@ link register save eliminated.
 207:device/adc_stream.c ****     return s_fast_read_fail_count;
 1006              		.loc 1 207 5 view .LVU216
 1007              		.loc 1 207 12 is_stmt 0 view .LVU217
 1008 0000 014B     		ldr	r3, .L70
 1009 0002 1868     		ldr	r0, [r3]
 208:device/adc_stream.c **** }
 1010              		.loc 1 208 1 view .LVU218
 1011 0004 7047     		bx	lr
 1012              	.L71:
 1013 0006 00BF     		.align	2
 1014              	.L70:
 1015 0008 00000000 		.word	.LANCHOR14
 1016              		.cfi_endproc
 1017              	.LFE152:
 1019              		.section	.text.AdcStream_GetDrdyPinLevel,"ax",%progbits
 1020              		.align	1
 1021              		.global	AdcStream_GetDrdyPinLevel
 1022              		.syntax unified
 1023              		.thumb
 1024              		.thumb_func
 1025              		.fpu fpv4-sp-d16
 1027              	AdcStream_GetDrdyPinLevel:
 1028              	.LFB153:
 209:device/adc_stream.c **** 
 210:device/adc_stream.c **** uint8_t AdcStream_GetDrdyPinLevel(void)
ARM GAS  /tmp/ccwjHOJA.s 			page 44


 211:device/adc_stream.c **** {
 1029              		.loc 1 211 1 is_stmt 1 view -0
 1030              		.cfi_startproc
 1031              		@ args = 0, pretend = 0, frame = 0
 1032              		@ frame_needed = 0, uses_anonymous_args = 0
 1033 0000 08B5     		push	{r3, lr}
 1034              	.LCFI7:
 1035              		.cfi_def_cfa_offset 8
 1036              		.cfi_offset 3, -8
 1037              		.cfi_offset 14, -4
 212:device/adc_stream.c **** #ifdef DRDY_Pin
 213:device/adc_stream.c ****     return (uint8_t)HAL_GPIO_ReadPin(DRDY_GPIO_Port, DRDY_Pin);
 214:device/adc_stream.c **** #else
 215:device/adc_stream.c ****     return (uint8_t)HAL_GPIO_ReadPin(ADS127L11_DRDY_GPIO_Port, ADS127L11_DRDY_Pin);
 1038              		.loc 1 215 5 view .LVU220
 1039              		.loc 1 215 21 is_stmt 0 view .LVU221
 1040 0002 0821     		movs	r1, #8
 1041 0004 0148     		ldr	r0, .L74
 1042 0006 FFF7FEFF 		bl	HAL_GPIO_ReadPin
 1043              	.LVL27:
 216:device/adc_stream.c **** #endif
 217:device/adc_stream.c **** }
 1044              		.loc 1 217 1 view .LVU222
 1045 000a 08BD     		pop	{r3, pc}
 1046              	.L75:
 1047              		.align	2
 1048              	.L74:
 1049 000c 00100240 		.word	1073876992
 1050              		.cfi_endproc
 1051              	.LFE153:
 1053              		.section	.text.AdcStream_GetPartialSamples,"ax",%progbits
 1054              		.align	1
 1055              		.global	AdcStream_GetPartialSamples
 1056              		.syntax unified
 1057              		.thumb
 1058              		.thumb_func
 1059              		.fpu fpv4-sp-d16
 1061              	AdcStream_GetPartialSamples:
 1062              	.LFB154:
 218:device/adc_stream.c **** 
 219:device/adc_stream.c **** uint16_t AdcStream_GetPartialSamples(void)
 220:device/adc_stream.c **** {
 1063              		.loc 1 220 1 is_stmt 1 view -0
 1064              		.cfi_startproc
 1065              		@ args = 0, pretend = 0, frame = 0
 1066              		@ frame_needed = 0, uses_anonymous_args = 0
 1067              		@ link register save eliminated.
 221:device/adc_stream.c ****     return s_wr_samples;
 1068              		.loc 1 221 5 view .LVU224
 1069              		.loc 1 221 12 is_stmt 0 view .LVU225
 1070 0000 014B     		ldr	r3, .L77
 1071 0002 1888     		ldrh	r0, [r3]
 222:device/adc_stream.c **** }
 1072              		.loc 1 222 1 view .LVU226
 1073 0004 80B2     		uxth	r0, r0
 1074 0006 7047     		bx	lr
 1075              	.L78:
ARM GAS  /tmp/ccwjHOJA.s 			page 45


 1076              		.align	2
 1077              	.L77:
 1078 0008 00000000 		.word	.LANCHOR4
 1079              		.cfi_endproc
 1080              	.LFE154:
 1082              		.section	.text.AdcStream_GetPartialBytes,"ax",%progbits
 1083              		.align	1
 1084              		.global	AdcStream_GetPartialBytes
 1085              		.syntax unified
 1086              		.thumb
 1087              		.thumb_func
 1088              		.fpu fpv4-sp-d16
 1090              	AdcStream_GetPartialBytes:
 1091              	.LFB155:
 223:device/adc_stream.c **** 
 224:device/adc_stream.c **** uint16_t AdcStream_GetPartialBytes(void)
 225:device/adc_stream.c **** {
 1092              		.loc 1 225 1 is_stmt 1 view -0
 1093              		.cfi_startproc
 1094              		@ args = 0, pretend = 0, frame = 0
 1095              		@ frame_needed = 0, uses_anonymous_args = 0
 1096              		@ link register save eliminated.
 226:device/adc_stream.c ****     return s_wr_bytes;
 1097              		.loc 1 226 5 view .LVU228
 1098              		.loc 1 226 12 is_stmt 0 view .LVU229
 1099 0000 014B     		ldr	r3, .L80
 1100 0002 1888     		ldrh	r0, [r3]
 227:device/adc_stream.c **** }
 1101              		.loc 1 227 1 view .LVU230
 1102 0004 80B2     		uxth	r0, r0
 1103 0006 7047     		bx	lr
 1104              	.L81:
 1105              		.align	2
 1106              	.L80:
 1107 0008 00000000 		.word	.LANCHOR5
 1108              		.cfi_endproc
 1109              	.LFE155:
 1111              		.section	.text.AdcStream_GetReadyCount,"ax",%progbits
 1112              		.align	1
 1113              		.global	AdcStream_GetReadyCount
 1114              		.syntax unified
 1115              		.thumb
 1116              		.thumb_func
 1117              		.fpu fpv4-sp-d16
 1119              	AdcStream_GetReadyCount:
 1120              	.LFB156:
 228:device/adc_stream.c **** 
 229:device/adc_stream.c **** uint16_t AdcStream_GetReadyCount(void)
 230:device/adc_stream.c **** {
 1121              		.loc 1 230 1 is_stmt 1 view -0
 1122              		.cfi_startproc
 1123              		@ args = 0, pretend = 0, frame = 0
 1124              		@ frame_needed = 0, uses_anonymous_args = 0
 1125              		@ link register save eliminated.
 231:device/adc_stream.c ****     uint16_t n = 0;
 1126              		.loc 1 231 5 view .LVU232
 1127              	.LVL28:
ARM GAS  /tmp/ccwjHOJA.s 			page 46


 232:device/adc_stream.c **** 
 233:device/adc_stream.c ****     for (uint16_t i = 0; i < APP_ADC_BLOCK_COUNT; i++)
 1128              		.loc 1 233 5 view .LVU233
 1129              	.LBB71:
 1130              		.loc 1 233 10 view .LVU234
 1131              		.loc 1 233 19 is_stmt 0 view .LVU235
 1132 0000 0023     		movs	r3, #0
 1133              	.LBE71:
 231:device/adc_stream.c ****     uint16_t n = 0;
 1134              		.loc 1 231 14 view .LVU236
 1135 0002 1846     		mov	r0, r3
 1136              	.LBB72:
 1137              		.loc 1 233 5 view .LVU237
 1138 0004 01E0     		b	.L83
 1139              	.LVL29:
 1140              	.L84:
 1141              		.loc 1 233 51 is_stmt 1 discriminator 2 view .LVU238
 1142              		.loc 1 233 52 is_stmt 0 discriminator 2 view .LVU239
 1143 0006 0133     		adds	r3, r3, #1
 1144              	.LVL30:
 1145              		.loc 1 233 52 discriminator 2 view .LVU240
 1146 0008 9BB2     		uxth	r3, r3
 1147              	.LVL31:
 1148              	.L83:
 1149              		.loc 1 233 26 is_stmt 1 discriminator 1 view .LVU241
 1150              		.loc 1 233 5 is_stmt 0 discriminator 1 view .LVU242
 1151 000a 3F2B     		cmp	r3, #63
 1152 000c 0BD8     		bhi	.L86
 234:device/adc_stream.c ****     {
 235:device/adc_stream.c ****         if (s_blocks[i].state == ADC_BLOCK_READY)
 1153              		.loc 1 235 9 is_stmt 1 view .LVU243
 1154              		.loc 1 235 24 is_stmt 0 view .LVU244
 1155 000e 4FF47A72 		mov	r2, #1000
 1156 0012 02FB03F2 		mul	r2, r2, r3
 1157 0016 0449     		ldr	r1, .L87
 1158 0018 8A5C     		ldrb	r2, [r1, r2]	@ zero_extendqisi2
 1159 001a D2B2     		uxtb	r2, r2
 1160              		.loc 1 235 12 view .LVU245
 1161 001c 012A     		cmp	r2, #1
 1162 001e F2D1     		bne	.L84
 236:device/adc_stream.c ****         {
 237:device/adc_stream.c ****             n++;
 1163              		.loc 1 237 13 is_stmt 1 view .LVU246
 1164              		.loc 1 237 14 is_stmt 0 view .LVU247
 1165 0020 0130     		adds	r0, r0, #1
 1166              	.LVL32:
 1167              		.loc 1 237 14 view .LVU248
 1168 0022 80B2     		uxth	r0, r0
 1169              	.LVL33:
 1170              		.loc 1 237 14 view .LVU249
 1171 0024 EFE7     		b	.L84
 1172              	.L86:
 1173              		.loc 1 237 14 view .LVU250
 1174              	.LBE72:
 238:device/adc_stream.c ****         }
 239:device/adc_stream.c ****     }
 240:device/adc_stream.c **** 
ARM GAS  /tmp/ccwjHOJA.s 			page 47


 241:device/adc_stream.c ****     return n;
 242:device/adc_stream.c **** }
 1175              		.loc 1 242 1 view .LVU251
 1176 0026 7047     		bx	lr
 1177              	.L88:
 1178              		.align	2
 1179              	.L87:
 1180 0028 00000000 		.word	s_blocks
 1181              		.cfi_endproc
 1182              	.LFE156:
 1184              		.section	.text.AdcStream_GetQueuedCount,"ax",%progbits
 1185              		.align	1
 1186              		.global	AdcStream_GetQueuedCount
 1187              		.syntax unified
 1188              		.thumb
 1189              		.thumb_func
 1190              		.fpu fpv4-sp-d16
 1192              	AdcStream_GetQueuedCount:
 1193              	.LFB157:
 243:device/adc_stream.c **** 
 244:device/adc_stream.c **** uint16_t AdcStream_GetQueuedCount(void)
 245:device/adc_stream.c **** {
 1194              		.loc 1 245 1 is_stmt 1 view -0
 1195              		.cfi_startproc
 1196              		@ args = 0, pretend = 0, frame = 0
 1197              		@ frame_needed = 0, uses_anonymous_args = 0
 1198              		@ link register save eliminated.
 246:device/adc_stream.c ****     uint16_t n = 0;
 1199              		.loc 1 246 5 view .LVU253
 1200              	.LVL34:
 247:device/adc_stream.c **** 
 248:device/adc_stream.c ****     for (uint16_t i = 0; i < APP_ADC_BLOCK_COUNT; i++)
 1201              		.loc 1 248 5 view .LVU254
 1202              	.LBB73:
 1203              		.loc 1 248 10 view .LVU255
 1204              		.loc 1 248 19 is_stmt 0 view .LVU256
 1205 0000 0023     		movs	r3, #0
 1206              	.LBE73:
 246:device/adc_stream.c ****     uint16_t n = 0;
 1207              		.loc 1 246 14 view .LVU257
 1208 0002 1846     		mov	r0, r3
 1209              	.LBB74:
 1210              		.loc 1 248 5 view .LVU258
 1211 0004 01E0     		b	.L90
 1212              	.LVL35:
 1213              	.L91:
 1214              		.loc 1 248 51 is_stmt 1 discriminator 2 view .LVU259
 1215              		.loc 1 248 52 is_stmt 0 discriminator 2 view .LVU260
 1216 0006 0133     		adds	r3, r3, #1
 1217              	.LVL36:
 1218              		.loc 1 248 52 discriminator 2 view .LVU261
 1219 0008 9BB2     		uxth	r3, r3
 1220              	.LVL37:
 1221              	.L90:
 1222              		.loc 1 248 26 is_stmt 1 discriminator 1 view .LVU262
 1223              		.loc 1 248 5 is_stmt 0 discriminator 1 view .LVU263
 1224 000a 3F2B     		cmp	r3, #63
ARM GAS  /tmp/ccwjHOJA.s 			page 48


 1225 000c 0BD8     		bhi	.L93
 249:device/adc_stream.c ****     {
 250:device/adc_stream.c ****         if (s_blocks[i].state == ADC_BLOCK_QUEUED)
 1226              		.loc 1 250 9 is_stmt 1 view .LVU264
 1227              		.loc 1 250 24 is_stmt 0 view .LVU265
 1228 000e 4FF47A72 		mov	r2, #1000
 1229 0012 02FB03F2 		mul	r2, r2, r3
 1230 0016 0449     		ldr	r1, .L94
 1231 0018 8A5C     		ldrb	r2, [r1, r2]	@ zero_extendqisi2
 1232 001a D2B2     		uxtb	r2, r2
 1233              		.loc 1 250 12 view .LVU266
 1234 001c 022A     		cmp	r2, #2
 1235 001e F2D1     		bne	.L91
 251:device/adc_stream.c ****         {
 252:device/adc_stream.c ****             n++;
 1236              		.loc 1 252 13 is_stmt 1 view .LVU267
 1237              		.loc 1 252 14 is_stmt 0 view .LVU268
 1238 0020 0130     		adds	r0, r0, #1
 1239              	.LVL38:
 1240              		.loc 1 252 14 view .LVU269
 1241 0022 80B2     		uxth	r0, r0
 1242              	.LVL39:
 1243              		.loc 1 252 14 view .LVU270
 1244 0024 EFE7     		b	.L91
 1245              	.L93:
 1246              		.loc 1 252 14 view .LVU271
 1247              	.LBE74:
 253:device/adc_stream.c ****         }
 254:device/adc_stream.c ****     }
 255:device/adc_stream.c **** 
 256:device/adc_stream.c ****     return n;
 257:device/adc_stream.c **** }
 1248              		.loc 1 257 1 view .LVU272
 1249 0026 7047     		bx	lr
 1250              	.L95:
 1251              		.align	2
 1252              	.L94:
 1253 0028 00000000 		.word	s_blocks
 1254              		.cfi_endproc
 1255              	.LFE157:
 1257              		.section	.text.AdcStream_GetFreeCount,"ax",%progbits
 1258              		.align	1
 1259              		.global	AdcStream_GetFreeCount
 1260              		.syntax unified
 1261              		.thumb
 1262              		.thumb_func
 1263              		.fpu fpv4-sp-d16
 1265              	AdcStream_GetFreeCount:
 1266              	.LFB158:
 258:device/adc_stream.c **** 
 259:device/adc_stream.c **** uint16_t AdcStream_GetFreeCount(void)
 260:device/adc_stream.c **** {
 1267              		.loc 1 260 1 is_stmt 1 view -0
 1268              		.cfi_startproc
 1269              		@ args = 0, pretend = 0, frame = 0
 1270              		@ frame_needed = 0, uses_anonymous_args = 0
 1271              		@ link register save eliminated.
ARM GAS  /tmp/ccwjHOJA.s 			page 49


 261:device/adc_stream.c ****     uint16_t n = 0;
 1272              		.loc 1 261 5 view .LVU274
 1273              	.LVL40:
 262:device/adc_stream.c **** 
 263:device/adc_stream.c ****     for (uint16_t i = 0; i < APP_ADC_BLOCK_COUNT; i++)
 1274              		.loc 1 263 5 view .LVU275
 1275              	.LBB75:
 1276              		.loc 1 263 10 view .LVU276
 1277              		.loc 1 263 19 is_stmt 0 view .LVU277
 1278 0000 0023     		movs	r3, #0
 1279              	.LBE75:
 261:device/adc_stream.c ****     uint16_t n = 0;
 1280              		.loc 1 261 14 view .LVU278
 1281 0002 1846     		mov	r0, r3
 1282              	.LBB76:
 1283              		.loc 1 263 5 view .LVU279
 1284 0004 01E0     		b	.L97
 1285              	.LVL41:
 1286              	.L98:
 1287              		.loc 1 263 51 is_stmt 1 discriminator 2 view .LVU280
 1288              		.loc 1 263 52 is_stmt 0 discriminator 2 view .LVU281
 1289 0006 0133     		adds	r3, r3, #1
 1290              	.LVL42:
 1291              		.loc 1 263 52 discriminator 2 view .LVU282
 1292 0008 9BB2     		uxth	r3, r3
 1293              	.LVL43:
 1294              	.L97:
 1295              		.loc 1 263 26 is_stmt 1 discriminator 1 view .LVU283
 1296              		.loc 1 263 5 is_stmt 0 discriminator 1 view .LVU284
 1297 000a 3F2B     		cmp	r3, #63
 1298 000c 0AD8     		bhi	.L100
 264:device/adc_stream.c ****     {
 265:device/adc_stream.c ****         if (s_blocks[i].state == ADC_BLOCK_FREE)
 1299              		.loc 1 265 9 is_stmt 1 view .LVU285
 1300              		.loc 1 265 24 is_stmt 0 view .LVU286
 1301 000e 4FF47A72 		mov	r2, #1000
 1302 0012 02FB03F2 		mul	r2, r2, r3
 1303 0016 0449     		ldr	r1, .L101
 1304 0018 8A5C     		ldrb	r2, [r1, r2]	@ zero_extendqisi2
 1305              		.loc 1 265 12 view .LVU287
 1306 001a 002A     		cmp	r2, #0
 1307 001c F3D1     		bne	.L98
 266:device/adc_stream.c ****         {
 267:device/adc_stream.c ****             n++;
 1308              		.loc 1 267 13 is_stmt 1 view .LVU288
 1309              		.loc 1 267 14 is_stmt 0 view .LVU289
 1310 001e 0130     		adds	r0, r0, #1
 1311              	.LVL44:
 1312              		.loc 1 267 14 view .LVU290
 1313 0020 80B2     		uxth	r0, r0
 1314              	.LVL45:
 1315              		.loc 1 267 14 view .LVU291
 1316 0022 F0E7     		b	.L98
 1317              	.L100:
 1318              		.loc 1 267 14 view .LVU292
 1319              	.LBE76:
 268:device/adc_stream.c ****         }
ARM GAS  /tmp/ccwjHOJA.s 			page 50


 269:device/adc_stream.c ****     }
 270:device/adc_stream.c **** 
 271:device/adc_stream.c ****     return n;
 272:device/adc_stream.c **** }
 1320              		.loc 1 272 1 view .LVU293
 1321 0024 7047     		bx	lr
 1322              	.L102:
 1323 0026 00BF     		.align	2
 1324              	.L101:
 1325 0028 00000000 		.word	s_blocks
 1326              		.cfi_endproc
 1327              	.LFE158:
 1329              		.section	.text.AdcStream_PeekReadyBlock,"ax",%progbits
 1330              		.align	1
 1331              		.global	AdcStream_PeekReadyBlock
 1332              		.syntax unified
 1333              		.thumb
 1334              		.thumb_func
 1335              		.fpu fpv4-sp-d16
 1337              	AdcStream_PeekReadyBlock:
 1338              	.LFB159:
 273:device/adc_stream.c **** 
 274:device/adc_stream.c **** AdcStreamBlock_t *AdcStream_PeekReadyBlock(void)
 275:device/adc_stream.c **** {
 1339              		.loc 1 275 1 is_stmt 1 view -0
 1340              		.cfi_startproc
 1341              		@ args = 0, pretend = 0, frame = 0
 1342              		@ frame_needed = 0, uses_anonymous_args = 0
 1343              		@ link register save eliminated.
 276:device/adc_stream.c ****     if (s_blocks[s_ready_idx].state == ADC_BLOCK_READY)
 1344              		.loc 1 276 5 view .LVU295
 1345              		.loc 1 276 30 is_stmt 0 view .LVU296
 1346 0000 0A4B     		ldr	r3, .L107
 1347 0002 1B78     		ldrb	r3, [r3]	@ zero_extendqisi2
 1348 0004 4FF47A72 		mov	r2, #1000
 1349 0008 03FB02F3 		mul	r3, r3, r2
 1350 000c 084A     		ldr	r2, .L107+4
 1351 000e D35C     		ldrb	r3, [r2, r3]	@ zero_extendqisi2
 1352 0010 DBB2     		uxtb	r3, r3
 1353              		.loc 1 276 8 view .LVU297
 1354 0012 012B     		cmp	r3, #1
 1355 0014 01D0     		beq	.L106
 277:device/adc_stream.c ****     {
 278:device/adc_stream.c ****         return &s_blocks[s_ready_idx];
 279:device/adc_stream.c ****     }
 280:device/adc_stream.c **** 
 281:device/adc_stream.c ****     return 0;
 1356              		.loc 1 281 12 view .LVU298
 1357 0016 0020     		movs	r0, #0
 282:device/adc_stream.c **** }
 1358              		.loc 1 282 1 view .LVU299
 1359 0018 7047     		bx	lr
 1360              	.L106:
 278:device/adc_stream.c ****     }
 1361              		.loc 1 278 9 is_stmt 1 view .LVU300
 278:device/adc_stream.c ****     }
 1362              		.loc 1 278 25 is_stmt 0 view .LVU301
ARM GAS  /tmp/ccwjHOJA.s 			page 51


 1363 001a 044B     		ldr	r3, .L107
 1364 001c 1A78     		ldrb	r2, [r3]	@ zero_extendqisi2
 278:device/adc_stream.c ****     }
 1365              		.loc 1 278 16 view .LVU302
 1366 001e 4FF47A70 		mov	r0, #1000
 1367 0022 034B     		ldr	r3, .L107+4
 1368 0024 02FB0030 		mla	r0, r2, r0, r3
 1369 0028 7047     		bx	lr
 1370              	.L108:
 1371 002a 00BF     		.align	2
 1372              	.L107:
 1373 002c 00000000 		.word	.LANCHOR2
 1374 0030 00000000 		.word	s_blocks
 1375              		.cfi_endproc
 1376              	.LFE159:
 1378              		.section	.text.AdcStream_MarkBlockQueued,"ax",%progbits
 1379              		.align	1
 1380              		.global	AdcStream_MarkBlockQueued
 1381              		.syntax unified
 1382              		.thumb
 1383              		.thumb_func
 1384              		.fpu fpv4-sp-d16
 1386              	AdcStream_MarkBlockQueued:
 1387              	.LVL46:
 1388              	.LFB160:
 283:device/adc_stream.c **** 
 284:device/adc_stream.c **** void AdcStream_MarkBlockQueued(AdcStreamBlock_t *blk)
 285:device/adc_stream.c **** {
 1389              		.loc 1 285 1 is_stmt 1 view -0
 1390              		.cfi_startproc
 1391              		@ args = 0, pretend = 0, frame = 0
 1392              		@ frame_needed = 0, uses_anonymous_args = 0
 1393              		@ link register save eliminated.
 286:device/adc_stream.c ****     if (blk == 0)
 1394              		.loc 1 286 5 view .LVU304
 1395              		.loc 1 286 8 is_stmt 0 view .LVU305
 1396 0000 18B1     		cbz	r0, .L109
 287:device/adc_stream.c ****     {
 288:device/adc_stream.c ****         return;
 289:device/adc_stream.c ****     }
 290:device/adc_stream.c **** 
 291:device/adc_stream.c ****     if (blk->state == ADC_BLOCK_READY)
 1397              		.loc 1 291 5 is_stmt 1 view .LVU306
 1398              		.loc 1 291 12 is_stmt 0 view .LVU307
 1399 0002 0378     		ldrb	r3, [r0]	@ zero_extendqisi2
 1400 0004 DBB2     		uxtb	r3, r3
 1401              		.loc 1 291 8 view .LVU308
 1402 0006 012B     		cmp	r3, #1
 1403 0008 00D0     		beq	.L113
 1404              	.L109:
 292:device/adc_stream.c ****     {
 293:device/adc_stream.c ****         blk->state = ADC_BLOCK_QUEUED;
 294:device/adc_stream.c ****         s_ready_idx = next_idx(s_ready_idx);
 295:device/adc_stream.c ****     }
 296:device/adc_stream.c **** }
 1405              		.loc 1 296 1 view .LVU309
 1406 000a 7047     		bx	lr
ARM GAS  /tmp/ccwjHOJA.s 			page 52


 1407              	.L113:
 293:device/adc_stream.c ****         s_ready_idx = next_idx(s_ready_idx);
 1408              		.loc 1 293 9 is_stmt 1 view .LVU310
 293:device/adc_stream.c ****         s_ready_idx = next_idx(s_ready_idx);
 1409              		.loc 1 293 20 is_stmt 0 view .LVU311
 1410 000c 0223     		movs	r3, #2
 1411 000e 0370     		strb	r3, [r0]
 294:device/adc_stream.c ****     }
 1412              		.loc 1 294 9 is_stmt 1 view .LVU312
 294:device/adc_stream.c ****     }
 1413              		.loc 1 294 23 is_stmt 0 view .LVU313
 1414 0010 044B     		ldr	r3, .L114
 1415 0012 1B78     		ldrb	r3, [r3]	@ zero_extendqisi2
 1416              	.LVL47:
 1417              	.LBB77:
 1418              	.LBI77:
  29:device/adc_stream.c **** {
 1419              		.loc 1 29 23 is_stmt 1 view .LVU314
 1420              	.LBB78:
  31:device/adc_stream.c ****     if (i >= APP_ADC_BLOCK_COUNT)
 1421              		.loc 1 31 5 view .LVU315
  31:device/adc_stream.c ****     if (i >= APP_ADC_BLOCK_COUNT)
 1422              		.loc 1 31 6 is_stmt 0 view .LVU316
 1423 0014 0133     		adds	r3, r3, #1
 1424              	.LVL48:
  31:device/adc_stream.c ****     if (i >= APP_ADC_BLOCK_COUNT)
 1425              		.loc 1 31 6 view .LVU317
 1426 0016 DBB2     		uxtb	r3, r3
 1427              	.LVL49:
  32:device/adc_stream.c ****     {
 1428              		.loc 1 32 5 is_stmt 1 view .LVU318
  32:device/adc_stream.c ****     {
 1429              		.loc 1 32 8 is_stmt 0 view .LVU319
 1430 0018 3F2B     		cmp	r3, #63
 1431 001a 00D9     		bls	.L111
  34:device/adc_stream.c ****     }
 1432              		.loc 1 34 11 view .LVU320
 1433 001c 0023     		movs	r3, #0
 1434              	.LVL50:
 1435              	.L111:
  36:device/adc_stream.c **** }
 1436              		.loc 1 36 5 is_stmt 1 view .LVU321
  36:device/adc_stream.c **** }
 1437              		.loc 1 36 5 is_stmt 0 view .LVU322
 1438              	.LBE78:
 1439              	.LBE77:
 294:device/adc_stream.c ****     }
 1440              		.loc 1 294 21 view .LVU323
 1441 001e 014A     		ldr	r2, .L114
 1442 0020 1370     		strb	r3, [r2]
 1443 0022 F2E7     		b	.L109
 1444              	.L115:
 1445              		.align	2
 1446              	.L114:
 1447 0024 00000000 		.word	.LANCHOR2
 1448              		.cfi_endproc
 1449              	.LFE160:
ARM GAS  /tmp/ccwjHOJA.s 			page 53


 1451              		.section	.text.AdcStream_PeekQueuedBlock,"ax",%progbits
 1452              		.align	1
 1453              		.global	AdcStream_PeekQueuedBlock
 1454              		.syntax unified
 1455              		.thumb
 1456              		.thumb_func
 1457              		.fpu fpv4-sp-d16
 1459              	AdcStream_PeekQueuedBlock:
 1460              	.LFB161:
 297:device/adc_stream.c **** 
 298:device/adc_stream.c **** AdcStreamBlock_t *AdcStream_PeekQueuedBlock(void)
 299:device/adc_stream.c **** {
 1461              		.loc 1 299 1 is_stmt 1 view -0
 1462              		.cfi_startproc
 1463              		@ args = 0, pretend = 0, frame = 0
 1464              		@ frame_needed = 0, uses_anonymous_args = 0
 1465              		@ link register save eliminated.
 300:device/adc_stream.c ****     if (s_blocks[s_queued_idx].state == ADC_BLOCK_QUEUED)
 1466              		.loc 1 300 5 view .LVU325
 1467              		.loc 1 300 31 is_stmt 0 view .LVU326
 1468 0000 0A4B     		ldr	r3, .L120
 1469 0002 1B78     		ldrb	r3, [r3]	@ zero_extendqisi2
 1470 0004 4FF47A72 		mov	r2, #1000
 1471 0008 03FB02F3 		mul	r3, r3, r2
 1472 000c 084A     		ldr	r2, .L120+4
 1473 000e D35C     		ldrb	r3, [r2, r3]	@ zero_extendqisi2
 1474 0010 DBB2     		uxtb	r3, r3
 1475              		.loc 1 300 8 view .LVU327
 1476 0012 022B     		cmp	r3, #2
 1477 0014 01D0     		beq	.L119
 301:device/adc_stream.c ****     {
 302:device/adc_stream.c ****         return &s_blocks[s_queued_idx];
 303:device/adc_stream.c ****     }
 304:device/adc_stream.c **** 
 305:device/adc_stream.c ****     return 0;
 1478              		.loc 1 305 12 view .LVU328
 1479 0016 0020     		movs	r0, #0
 306:device/adc_stream.c **** }
 1480              		.loc 1 306 1 view .LVU329
 1481 0018 7047     		bx	lr
 1482              	.L119:
 302:device/adc_stream.c ****     }
 1483              		.loc 1 302 9 is_stmt 1 view .LVU330
 302:device/adc_stream.c ****     }
 1484              		.loc 1 302 25 is_stmt 0 view .LVU331
 1485 001a 044B     		ldr	r3, .L120
 1486 001c 1A78     		ldrb	r2, [r3]	@ zero_extendqisi2
 302:device/adc_stream.c ****     }
 1487              		.loc 1 302 16 view .LVU332
 1488 001e 4FF47A70 		mov	r0, #1000
 1489 0022 034B     		ldr	r3, .L120+4
 1490 0024 02FB0030 		mla	r0, r2, r0, r3
 1491 0028 7047     		bx	lr
 1492              	.L121:
 1493 002a 00BF     		.align	2
 1494              	.L120:
 1495 002c 00000000 		.word	.LANCHOR3
ARM GAS  /tmp/ccwjHOJA.s 			page 54


 1496 0030 00000000 		.word	s_blocks
 1497              		.cfi_endproc
 1498              	.LFE161:
 1500              		.section	.text.AdcStream_ReleaseQueuedBlock,"ax",%progbits
 1501              		.align	1
 1502              		.global	AdcStream_ReleaseQueuedBlock
 1503              		.syntax unified
 1504              		.thumb
 1505              		.thumb_func
 1506              		.fpu fpv4-sp-d16
 1508              	AdcStream_ReleaseQueuedBlock:
 1509              	.LFB162:
 307:device/adc_stream.c **** 
 308:device/adc_stream.c **** void AdcStream_ReleaseQueuedBlock(void)
 309:device/adc_stream.c **** {
 1510              		.loc 1 309 1 is_stmt 1 view -0
 1511              		.cfi_startproc
 1512              		@ args = 0, pretend = 0, frame = 0
 1513              		@ frame_needed = 0, uses_anonymous_args = 0
 1514              		@ link register save eliminated.
 310:device/adc_stream.c ****     if (s_blocks[s_queued_idx].state == ADC_BLOCK_QUEUED)
 1515              		.loc 1 310 5 view .LVU334
 1516              		.loc 1 310 31 is_stmt 0 view .LVU335
 1517 0000 0E4B     		ldr	r3, .L127
 1518 0002 1B78     		ldrb	r3, [r3]	@ zero_extendqisi2
 1519 0004 4FF47A72 		mov	r2, #1000
 1520 0008 03FB02F3 		mul	r3, r3, r2
 1521 000c 0C4A     		ldr	r2, .L127+4
 1522 000e D35C     		ldrb	r3, [r2, r3]	@ zero_extendqisi2
 1523 0010 DBB2     		uxtb	r3, r3
 1524              		.loc 1 310 8 view .LVU336
 1525 0012 022B     		cmp	r3, #2
 1526 0014 00D0     		beq	.L126
 1527              	.L122:
 311:device/adc_stream.c ****     {
 312:device/adc_stream.c ****         s_blocks[s_queued_idx].state = ADC_BLOCK_FREE;
 313:device/adc_stream.c ****         s_queued_idx = next_idx(s_queued_idx);
 314:device/adc_stream.c ****     }
 315:device/adc_stream.c **** }
 1528              		.loc 1 315 1 view .LVU337
 1529 0016 7047     		bx	lr
 1530              	.L126:
 312:device/adc_stream.c ****         s_queued_idx = next_idx(s_queued_idx);
 1531              		.loc 1 312 9 is_stmt 1 view .LVU338
 312:device/adc_stream.c ****         s_queued_idx = next_idx(s_queued_idx);
 1532              		.loc 1 312 31 is_stmt 0 view .LVU339
 1533 0018 084A     		ldr	r2, .L127
 1534 001a 1378     		ldrb	r3, [r2]	@ zero_extendqisi2
 312:device/adc_stream.c ****         s_queued_idx = next_idx(s_queued_idx);
 1535              		.loc 1 312 38 view .LVU340
 1536 001c 4FF47A71 		mov	r1, #1000
 1537 0020 03FB01F3 		mul	r3, r3, r1
 1538 0024 0649     		ldr	r1, .L127+4
 1539 0026 0020     		movs	r0, #0
 1540 0028 C854     		strb	r0, [r1, r3]
 313:device/adc_stream.c ****     }
 1541              		.loc 1 313 9 is_stmt 1 view .LVU341
ARM GAS  /tmp/ccwjHOJA.s 			page 55


 313:device/adc_stream.c ****     }
 1542              		.loc 1 313 24 is_stmt 0 view .LVU342
 1543 002a 1378     		ldrb	r3, [r2]	@ zero_extendqisi2
 1544              	.LVL51:
 1545              	.LBB79:
 1546              	.LBI79:
  29:device/adc_stream.c **** {
 1547              		.loc 1 29 23 is_stmt 1 view .LVU343
 1548              	.LBB80:
  31:device/adc_stream.c ****     if (i >= APP_ADC_BLOCK_COUNT)
 1549              		.loc 1 31 5 view .LVU344
  31:device/adc_stream.c ****     if (i >= APP_ADC_BLOCK_COUNT)
 1550              		.loc 1 31 6 is_stmt 0 view .LVU345
 1551 002c 0133     		adds	r3, r3, #1
 1552              	.LVL52:
  31:device/adc_stream.c ****     if (i >= APP_ADC_BLOCK_COUNT)
 1553              		.loc 1 31 6 view .LVU346
 1554 002e DBB2     		uxtb	r3, r3
 1555              	.LVL53:
  32:device/adc_stream.c ****     {
 1556              		.loc 1 32 5 is_stmt 1 view .LVU347
  32:device/adc_stream.c ****     {
 1557              		.loc 1 32 8 is_stmt 0 view .LVU348
 1558 0030 3F2B     		cmp	r3, #63
 1559 0032 00D9     		bls	.L124
  34:device/adc_stream.c ****     }
 1560              		.loc 1 34 11 view .LVU349
 1561 0034 0346     		mov	r3, r0
 1562              	.LVL54:
 1563              	.L124:
  36:device/adc_stream.c **** }
 1564              		.loc 1 36 5 is_stmt 1 view .LVU350
  36:device/adc_stream.c **** }
 1565              		.loc 1 36 5 is_stmt 0 view .LVU351
 1566              	.LBE80:
 1567              	.LBE79:
 313:device/adc_stream.c ****     }
 1568              		.loc 1 313 22 view .LVU352
 1569 0036 014A     		ldr	r2, .L127
 1570 0038 1370     		strb	r3, [r2]
 1571              		.loc 1 315 1 view .LVU353
 1572 003a ECE7     		b	.L122
 1573              	.L128:
 1574              		.align	2
 1575              	.L127:
 1576 003c 00000000 		.word	.LANCHOR3
 1577 0040 00000000 		.word	s_blocks
 1578              		.cfi_endproc
 1579              	.LFE162:
 1581              		.section	.text.AdcStream_OnDrdyIrq,"ax",%progbits
 1582              		.align	1
 1583              		.global	AdcStream_OnDrdyIrq
 1584              		.syntax unified
 1585              		.thumb
 1586              		.thumb_func
 1587              		.fpu fpv4-sp-d16
 1589              	AdcStream_OnDrdyIrq:
ARM GAS  /tmp/ccwjHOJA.s 			page 56


 1590              	.LFB164:
 316:device/adc_stream.c **** 
 317:device/adc_stream.c **** static inline void adc_stream_store_one_sample_from_drdy(void)
 318:device/adc_stream.c **** {
 319:device/adc_stream.c ****     AdcStreamBlock_t *blk;
 320:device/adc_stream.c ****     uint16_t pos;
 321:device/adc_stream.c ****     uint8_t bps;
 322:device/adc_stream.c ****     int ret;
 323:device/adc_stream.c **** 
 324:device/adc_stream.c ****     bps = s_bps;
 325:device/adc_stream.c ****     blk = &s_blocks[s_wr];
 326:device/adc_stream.c **** 
 327:device/adc_stream.c ****     /* TCP 发送不够快导致没有空块：不停止采样，记录 overrun，跳过当前样�
 328:device/adc_stream.c ****     if (blk->state != ADC_BLOCK_FREE)
 329:device/adc_stream.c ****     {
 330:device/adc_stream.c ****         s_overrun++;
 331:device/adc_stream.c ****         s_sample_seq++;
 332:device/adc_stream.c ****         s_flags |= (APP_STREAM_FLAG_OVERRUN_STOPPED | APP_STREAM_FLAG_TCP_BACKPRESSURE);
 333:device/adc_stream.c ****         return;
 334:device/adc_stream.c ****     }
 335:device/adc_stream.c **** 
 336:device/adc_stream.c ****     if (s_wr_samples == 0U)
 337:device/adc_stream.c ****     {
 338:device/adc_stream.c ****         blk->first_sample_seq = s_sample_seq;
 339:device/adc_stream.c ****         blk->bytes_per_sample = bps;
 340:device/adc_stream.c ****         blk->sample_count = 0;
 341:device/adc_stream.c ****         blk->data_bytes = 0;
 342:device/adc_stream.c ****         blk->frame_len = 0;
 343:device/adc_stream.c ****     }
 344:device/adc_stream.c **** 
 345:device/adc_stream.c ****     pos = (uint16_t)(APP_FRAME_HDR_LEN + APP_DATA_META_LEN + s_wr_bytes);
 346:device/adc_stream.c **** 
 347:device/adc_stream.c ****     if (((uint32_t)pos + bps) > sizeof(blk->frame))
 348:device/adc_stream.c ****     {
 349:device/adc_stream.c ****         s_overrun++;
 350:device/adc_stream.c ****         s_sample_seq++;
 351:device/adc_stream.c ****         s_flags |= APP_STREAM_FLAG_OVERRUN_STOPPED;
 352:device/adc_stream.c ****         return;
 353:device/adc_stream.c ****     }
 354:device/adc_stream.c **** 
 355:device/adc_stream.c ****     ret = ADS127L11_ReadDataFast(&blk->frame[pos], bps);
 356:device/adc_stream.c ****     s_last_spi_ret = ret;
 357:device/adc_stream.c **** 
 358:device/adc_stream.c ****     if (ret != 0)
 359:device/adc_stream.c ****     {
 360:device/adc_stream.c ****         s_spi_error++;
 361:device/adc_stream.c ****         s_fast_read_fail_count++;
 362:device/adc_stream.c ****         s_overrun++;
 363:device/adc_stream.c ****         s_sample_seq++;
 364:device/adc_stream.c ****         s_flags |= APP_STREAM_FLAG_SPI_TIMEOUT;
 365:device/adc_stream.c **** 
 366:device/adc_stream.c ****         if ((ret == -13) || (ret == -14) || (ret == -23) || (ret == -24) ||
 367:device/adc_stream.c ****             (ret == -33) || (ret == -34))
 368:device/adc_stream.c ****         {
 369:device/adc_stream.c ****             s_fast_read_busy_count++;
 370:device/adc_stream.c ****         }
 371:device/adc_stream.c ****         return;
ARM GAS  /tmp/ccwjHOJA.s 			page 57


 372:device/adc_stream.c ****     }
 373:device/adc_stream.c **** 
 374:device/adc_stream.c ****     s_wr_bytes = (uint16_t)(s_wr_bytes + bps);
 375:device/adc_stream.c ****     s_wr_samples++;
 376:device/adc_stream.c ****     s_sample_seq++;
 377:device/adc_stream.c **** 
 378:device/adc_stream.c ****     if (s_wr_samples >= APP_ADC_BLOCK_SAMPLES)
 379:device/adc_stream.c ****     {
 380:device/adc_stream.c ****         blk->sample_count = s_wr_samples;
 381:device/adc_stream.c ****         blk->data_bytes = s_wr_bytes;
 382:device/adc_stream.c ****         blk->bytes_per_sample = bps;
 383:device/adc_stream.c ****         blk->frame_len = (uint16_t)(APP_FRAME_HDR_LEN + APP_DATA_META_LEN + s_wr_bytes + APP_FRAME_
 384:device/adc_stream.c ****         blk->state = ADC_BLOCK_READY;
 385:device/adc_stream.c **** 
 386:device/adc_stream.c ****         s_wr = next_idx(s_wr);
 387:device/adc_stream.c ****         s_wr_samples = 0;
 388:device/adc_stream.c ****         s_wr_bytes = 0;
 389:device/adc_stream.c ****     }
 390:device/adc_stream.c **** }
 391:device/adc_stream.c **** 
 392:device/adc_stream.c **** void AdcStream_OnDrdyIrq(void)
 393:device/adc_stream.c **** {
 1591              		.loc 1 393 1 is_stmt 1 view -0
 1592              		.cfi_startproc
 1593              		@ args = 0, pretend = 0, frame = 0
 1594              		@ frame_needed = 0, uses_anonymous_args = 0
 394:device/adc_stream.c ****     if (s_running == 0U)
 1595              		.loc 1 394 5 view .LVU355
 1596              		.loc 1 394 19 is_stmt 0 view .LVU356
 1597 0000 5E4B     		ldr	r3, .L146
 1598 0002 1B78     		ldrb	r3, [r3]	@ zero_extendqisi2
 1599              		.loc 1 394 8 view .LVU357
 1600 0004 03B9     		cbnz	r3, .L143
 1601 0006 7047     		bx	lr
 1602              	.L143:
 393:device/adc_stream.c ****     if (s_running == 0U)
 1603              		.loc 1 393 1 view .LVU358
 1604 0008 70B5     		push	{r4, r5, r6, lr}
 1605              	.LCFI8:
 1606              		.cfi_def_cfa_offset 16
 1607              		.cfi_offset 4, -16
 1608              		.cfi_offset 5, -12
 1609              		.cfi_offset 6, -8
 1610              		.cfi_offset 14, -4
 395:device/adc_stream.c ****     {
 396:device/adc_stream.c ****         return;
 397:device/adc_stream.c ****     }
 398:device/adc_stream.c **** 
 399:device/adc_stream.c ****     s_drdy_irq_count++;
 1611              		.loc 1 399 5 is_stmt 1 view .LVU359
 1612              		.loc 1 399 21 is_stmt 0 view .LVU360
 1613 000a 5D4A     		ldr	r2, .L146+4
 1614 000c 1368     		ldr	r3, [r2]
 1615 000e 0133     		adds	r3, r3, #1
 1616 0010 1360     		str	r3, [r2]
 400:device/adc_stream.c ****     adc_stream_store_one_sample_from_drdy();
 1617              		.loc 1 400 5 is_stmt 1 view .LVU361
ARM GAS  /tmp/ccwjHOJA.s 			page 58


 1618              	.LBB85:
 1619              	.LBI85:
 317:device/adc_stream.c **** {
 1620              		.loc 1 317 20 view .LVU362
 1621              	.LBB86:
 319:device/adc_stream.c ****     uint16_t pos;
 1622              		.loc 1 319 5 view .LVU363
 320:device/adc_stream.c ****     uint8_t bps;
 1623              		.loc 1 320 5 view .LVU364
 321:device/adc_stream.c ****     int ret;
 1624              		.loc 1 321 5 view .LVU365
 322:device/adc_stream.c **** 
 1625              		.loc 1 322 5 view .LVU366
 324:device/adc_stream.c ****     blk = &s_blocks[s_wr];
 1626              		.loc 1 324 5 view .LVU367
 324:device/adc_stream.c ****     blk = &s_blocks[s_wr];
 1627              		.loc 1 324 9 is_stmt 0 view .LVU368
 1628 0012 5C4B     		ldr	r3, .L146+8
 1629 0014 1C78     		ldrb	r4, [r3]	@ zero_extendqisi2
 1630 0016 E4B2     		uxtb	r4, r4
 1631              	.LVL55:
 325:device/adc_stream.c **** 
 1632              		.loc 1 325 5 is_stmt 1 view .LVU369
 325:device/adc_stream.c **** 
 1633              		.loc 1 325 20 is_stmt 0 view .LVU370
 1634 0018 5B4B     		ldr	r3, .L146+12
 1635 001a 1B78     		ldrb	r3, [r3]	@ zero_extendqisi2
 1636 001c DDB2     		uxtb	r5, r3
 1637              	.LVL56:
 328:device/adc_stream.c ****     {
 1638              		.loc 1 328 5 is_stmt 1 view .LVU371
 328:device/adc_stream.c ****     {
 1639              		.loc 1 328 12 is_stmt 0 view .LVU372
 1640 001e 4FF47A72 		mov	r2, #1000
 1641 0022 03FB02F3 		mul	r3, r3, r2
 1642 0026 594A     		ldr	r2, .L146+16
 1643 0028 D35C     		ldrb	r3, [r2, r3]	@ zero_extendqisi2
 328:device/adc_stream.c ****     {
 1644              		.loc 1 328 8 view .LVU373
 1645 002a 03F0FF06 		and	r6, r3, #255
 1646 002e 3BBB     		cbnz	r3, .L144
 336:device/adc_stream.c ****     {
 1647              		.loc 1 336 5 is_stmt 1 view .LVU374
 336:device/adc_stream.c ****     {
 1648              		.loc 1 336 22 is_stmt 0 view .LVU375
 1649 0030 574B     		ldr	r3, .L146+20
 1650 0032 1B88     		ldrh	r3, [r3]
 1651 0034 9BB2     		uxth	r3, r3
 336:device/adc_stream.c ****     {
 1652              		.loc 1 336 8 view .LVU376
 1653 0036 63B9     		cbnz	r3, .L133
 338:device/adc_stream.c ****         blk->bytes_per_sample = bps;
 1654              		.loc 1 338 9 is_stmt 1 view .LVU377
 338:device/adc_stream.c ****         blk->bytes_per_sample = bps;
 1655              		.loc 1 338 31 is_stmt 0 view .LVU378
 1656 0038 564B     		ldr	r3, .L146+24
 1657 003a 1A68     		ldr	r2, [r3]
ARM GAS  /tmp/ccwjHOJA.s 			page 59


 1658 003c 5349     		ldr	r1, .L146+16
 1659 003e 4FF47A73 		mov	r3, #1000
 1660 0042 03FB0513 		mla	r3, r3, r5, r1
 1661              	.LVL57:
 338:device/adc_stream.c ****         blk->bytes_per_sample = bps;
 1662              		.loc 1 338 31 view .LVU379
 1663 0046 9A60     		str	r2, [r3, #8]
 339:device/adc_stream.c ****         blk->sample_count = 0;
 1664              		.loc 1 339 9 is_stmt 1 view .LVU380
 339:device/adc_stream.c ****         blk->sample_count = 0;
 1665              		.loc 1 339 31 is_stmt 0 view .LVU381
 1666 0048 5C70     		strb	r4, [r3, #1]
 340:device/adc_stream.c ****         blk->data_bytes = 0;
 1667              		.loc 1 340 9 is_stmt 1 view .LVU382
 340:device/adc_stream.c ****         blk->data_bytes = 0;
 1668              		.loc 1 340 27 is_stmt 0 view .LVU383
 1669 004a 0022     		movs	r2, #0
 1670 004c 5A80     		strh	r2, [r3, #2]	@ movhi
 341:device/adc_stream.c ****         blk->frame_len = 0;
 1671              		.loc 1 341 9 is_stmt 1 view .LVU384
 341:device/adc_stream.c ****         blk->frame_len = 0;
 1672              		.loc 1 341 25 is_stmt 0 view .LVU385
 1673 004e DA80     		strh	r2, [r3, #6]	@ movhi
 342:device/adc_stream.c ****     }
 1674              		.loc 1 342 9 is_stmt 1 view .LVU386
 342:device/adc_stream.c ****     }
 1675              		.loc 1 342 24 is_stmt 0 view .LVU387
 1676 0050 9A80     		strh	r2, [r3, #4]	@ movhi
 1677              	.LVL58:
 1678              	.L133:
 345:device/adc_stream.c **** 
 1679              		.loc 1 345 5 is_stmt 1 view .LVU388
 345:device/adc_stream.c **** 
 1680              		.loc 1 345 11 is_stmt 0 view .LVU389
 1681 0052 514B     		ldr	r3, .L146+28
 1682 0054 1B88     		ldrh	r3, [r3]
 1683 0056 9BB2     		uxth	r3, r3
 345:device/adc_stream.c **** 
 1684              		.loc 1 345 9 view .LVU390
 1685 0058 1A33     		adds	r3, r3, #26
 1686 005a 9BB2     		uxth	r3, r3
 1687              	.LVL59:
 347:device/adc_stream.c ****     {
 1688              		.loc 1 347 5 is_stmt 1 view .LVU391
 347:device/adc_stream.c ****     {
 1689              		.loc 1 347 24 is_stmt 0 view .LVU392
 1690 005c E218     		adds	r2, r4, r3
 347:device/adc_stream.c ****     {
 1691              		.loc 1 347 8 view .LVU393
 1692 005e B2F5777F 		cmp	r2, #988
 1693 0062 1BD9     		bls	.L134
 349:device/adc_stream.c ****         s_sample_seq++;
 1694              		.loc 1 349 9 is_stmt 1 view .LVU394
 349:device/adc_stream.c ****         s_sample_seq++;
 1695              		.loc 1 349 18 is_stmt 0 view .LVU395
 1696 0064 4D4A     		ldr	r2, .L146+32
 1697 0066 1368     		ldr	r3, [r2]
ARM GAS  /tmp/ccwjHOJA.s 			page 60


 1698              	.LVL60:
 349:device/adc_stream.c ****         s_sample_seq++;
 1699              		.loc 1 349 18 view .LVU396
 1700 0068 0133     		adds	r3, r3, #1
 1701 006a 1360     		str	r3, [r2]
 350:device/adc_stream.c ****         s_flags |= APP_STREAM_FLAG_OVERRUN_STOPPED;
 1702              		.loc 1 350 9 is_stmt 1 view .LVU397
 350:device/adc_stream.c ****         s_flags |= APP_STREAM_FLAG_OVERRUN_STOPPED;
 1703              		.loc 1 350 21 is_stmt 0 view .LVU398
 1704 006c 494A     		ldr	r2, .L146+24
 1705 006e 1368     		ldr	r3, [r2]
 1706 0070 0133     		adds	r3, r3, #1
 1707 0072 1360     		str	r3, [r2]
 351:device/adc_stream.c ****         return;
 1708              		.loc 1 351 9 is_stmt 1 view .LVU399
 351:device/adc_stream.c ****         return;
 1709              		.loc 1 351 17 is_stmt 0 view .LVU400
 1710 0074 4A4A     		ldr	r2, .L146+36
 1711 0076 1368     		ldr	r3, [r2]
 1712 0078 43F00103 		orr	r3, r3, #1
 1713 007c 1360     		str	r3, [r2]
 352:device/adc_stream.c ****     }
 1714              		.loc 1 352 9 is_stmt 1 view .LVU401
 1715 007e 0CE0     		b	.L129
 1716              	.L144:
 330:device/adc_stream.c ****         s_sample_seq++;
 1717              		.loc 1 330 9 view .LVU402
 330:device/adc_stream.c ****         s_sample_seq++;
 1718              		.loc 1 330 18 is_stmt 0 view .LVU403
 1719 0080 464A     		ldr	r2, .L146+32
 1720 0082 1368     		ldr	r3, [r2]
 1721 0084 0133     		adds	r3, r3, #1
 1722 0086 1360     		str	r3, [r2]
 331:device/adc_stream.c ****         s_flags |= (APP_STREAM_FLAG_OVERRUN_STOPPED | APP_STREAM_FLAG_TCP_BACKPRESSURE);
 1723              		.loc 1 331 9 is_stmt 1 view .LVU404
 331:device/adc_stream.c ****         s_flags |= (APP_STREAM_FLAG_OVERRUN_STOPPED | APP_STREAM_FLAG_TCP_BACKPRESSURE);
 1724              		.loc 1 331 21 is_stmt 0 view .LVU405
 1725 0088 424A     		ldr	r2, .L146+24
 1726 008a 1368     		ldr	r3, [r2]
 1727 008c 0133     		adds	r3, r3, #1
 1728 008e 1360     		str	r3, [r2]
 332:device/adc_stream.c ****         return;
 1729              		.loc 1 332 9 is_stmt 1 view .LVU406
 332:device/adc_stream.c ****         return;
 1730              		.loc 1 332 17 is_stmt 0 view .LVU407
 1731 0090 434A     		ldr	r2, .L146+36
 1732 0092 1368     		ldr	r3, [r2]
 1733 0094 43F00303 		orr	r3, r3, #3
 1734 0098 1360     		str	r3, [r2]
 333:device/adc_stream.c ****     }
 1735              		.loc 1 333 9 is_stmt 1 view .LVU408
 1736              	.LVL61:
 1737              	.L129:
 333:device/adc_stream.c ****     }
 1738              		.loc 1 333 9 is_stmt 0 view .LVU409
 1739              	.LBE86:
 1740              	.LBE85:
ARM GAS  /tmp/ccwjHOJA.s 			page 61


 401:device/adc_stream.c **** }
 1741              		.loc 1 401 1 view .LVU410
 1742 009a 70BD     		pop	{r4, r5, r6, pc}
 1743              	.LVL62:
 1744              	.L134:
 1745              	.LBB90:
 1746              	.LBB89:
 355:device/adc_stream.c ****     s_last_spi_ret = ret;
 1747              		.loc 1 355 5 is_stmt 1 view .LVU411
 355:device/adc_stream.c ****     s_last_spi_ret = ret;
 1748              		.loc 1 355 11 is_stmt 0 view .LVU412
 1749 009c 4FF47A70 		mov	r0, #1000
 1750 00a0 00FB0530 		mla	r0, r0, r5, r3
 1751 00a4 0830     		adds	r0, r0, #8
 1752 00a6 394B     		ldr	r3, .L146+16
 1753              	.LVL63:
 355:device/adc_stream.c ****     s_last_spi_ret = ret;
 1754              		.loc 1 355 11 view .LVU413
 1755 00a8 1844     		add	r0, r0, r3
 1756 00aa 2146     		mov	r1, r4
 1757 00ac 0430     		adds	r0, r0, #4
 1758 00ae FFF7FEFF 		bl	ADS127L11_ReadDataFast
 1759              	.LVL64:
 356:device/adc_stream.c **** 
 1760              		.loc 1 356 5 is_stmt 1 view .LVU414
 356:device/adc_stream.c **** 
 1761              		.loc 1 356 20 is_stmt 0 view .LVU415
 1762 00b2 3C4B     		ldr	r3, .L146+40
 1763 00b4 1860     		str	r0, [r3]
 358:device/adc_stream.c ****     {
 1764              		.loc 1 358 5 is_stmt 1 view .LVU416
 358:device/adc_stream.c ****     {
 1765              		.loc 1 358 8 is_stmt 0 view .LVU417
 1766 00b6 0028     		cmp	r0, #0
 1767 00b8 35D1     		bne	.L145
 374:device/adc_stream.c ****     s_wr_samples++;
 1768              		.loc 1 374 5 is_stmt 1 view .LVU418
 374:device/adc_stream.c ****     s_wr_samples++;
 1769              		.loc 1 374 18 is_stmt 0 view .LVU419
 1770 00ba 374A     		ldr	r2, .L146+28
 1771 00bc 1388     		ldrh	r3, [r2]
 1772 00be 14FA83F3 		uxtah	r3, r4, r3
 1773 00c2 9BB2     		uxth	r3, r3
 374:device/adc_stream.c ****     s_wr_samples++;
 1774              		.loc 1 374 16 view .LVU420
 1775 00c4 1380     		strh	r3, [r2]	@ movhi
 375:device/adc_stream.c ****     s_sample_seq++;
 1776              		.loc 1 375 5 is_stmt 1 view .LVU421
 375:device/adc_stream.c ****     s_sample_seq++;
 1777              		.loc 1 375 17 is_stmt 0 view .LVU422
 1778 00c6 324A     		ldr	r2, .L146+20
 1779 00c8 1388     		ldrh	r3, [r2]
 1780 00ca 9BB2     		uxth	r3, r3
 1781 00cc 0133     		adds	r3, r3, #1
 1782 00ce 9BB2     		uxth	r3, r3
 1783 00d0 1380     		strh	r3, [r2]	@ movhi
 376:device/adc_stream.c **** 
ARM GAS  /tmp/ccwjHOJA.s 			page 62


 1784              		.loc 1 376 5 is_stmt 1 view .LVU423
 376:device/adc_stream.c **** 
 1785              		.loc 1 376 17 is_stmt 0 view .LVU424
 1786 00d2 3049     		ldr	r1, .L146+24
 1787 00d4 0B68     		ldr	r3, [r1]
 1788 00d6 0133     		adds	r3, r3, #1
 1789 00d8 0B60     		str	r3, [r1]
 378:device/adc_stream.c ****     {
 1790              		.loc 1 378 5 is_stmt 1 view .LVU425
 378:device/adc_stream.c ****     {
 1791              		.loc 1 378 22 is_stmt 0 view .LVU426
 1792 00da 1388     		ldrh	r3, [r2]
 1793 00dc 9BB2     		uxth	r3, r3
 378:device/adc_stream.c ****     {
 1794              		.loc 1 378 8 view .LVU427
 1795 00de B3F5A07F 		cmp	r3, #320
 1796 00e2 DAD3     		bcc	.L129
 380:device/adc_stream.c ****         blk->data_bytes = s_wr_bytes;
 1797              		.loc 1 380 9 is_stmt 1 view .LVU428
 380:device/adc_stream.c ****         blk->data_bytes = s_wr_bytes;
 1798              		.loc 1 380 27 is_stmt 0 view .LVU429
 1799 00e4 1088     		ldrh	r0, [r2]
 1800              	.LVL65:
 380:device/adc_stream.c ****         blk->data_bytes = s_wr_bytes;
 1801              		.loc 1 380 27 view .LVU430
 1802 00e6 2949     		ldr	r1, .L146+16
 1803 00e8 4FF47A73 		mov	r3, #1000
 1804 00ec 03FB05F5 		mul	r5, r3, r5
 1805              	.LVL66:
 380:device/adc_stream.c ****         blk->data_bytes = s_wr_bytes;
 1806              		.loc 1 380 27 view .LVU431
 1807 00f0 4A19     		adds	r2, r1, r5
 1808 00f2 5080     		strh	r0, [r2, #2]	@ movhi
 381:device/adc_stream.c ****         blk->bytes_per_sample = bps;
 1809              		.loc 1 381 9 is_stmt 1 view .LVU432
 381:device/adc_stream.c ****         blk->bytes_per_sample = bps;
 1810              		.loc 1 381 25 is_stmt 0 view .LVU433
 1811 00f4 284B     		ldr	r3, .L146+28
 1812 00f6 1888     		ldrh	r0, [r3]
 1813 00f8 D080     		strh	r0, [r2, #6]	@ movhi
 382:device/adc_stream.c ****         blk->frame_len = (uint16_t)(APP_FRAME_HDR_LEN + APP_DATA_META_LEN + s_wr_bytes + APP_FRAME_
 1814              		.loc 1 382 9 is_stmt 1 view .LVU434
 382:device/adc_stream.c ****         blk->frame_len = (uint16_t)(APP_FRAME_HDR_LEN + APP_DATA_META_LEN + s_wr_bytes + APP_FRAME_
 1815              		.loc 1 382 31 is_stmt 0 view .LVU435
 1816 00fa 5470     		strb	r4, [r2, #1]
 383:device/adc_stream.c ****         blk->state = ADC_BLOCK_READY;
 1817              		.loc 1 383 9 is_stmt 1 view .LVU436
 383:device/adc_stream.c ****         blk->state = ADC_BLOCK_READY;
 1818              		.loc 1 383 26 is_stmt 0 view .LVU437
 1819 00fc 1B88     		ldrh	r3, [r3]
 1820 00fe 9BB2     		uxth	r3, r3
 1821 0100 1C33     		adds	r3, r3, #28
 383:device/adc_stream.c ****         blk->state = ADC_BLOCK_READY;
 1822              		.loc 1 383 24 view .LVU438
 1823 0102 9380     		strh	r3, [r2, #4]	@ movhi
 384:device/adc_stream.c **** 
 1824              		.loc 1 384 9 is_stmt 1 view .LVU439
ARM GAS  /tmp/ccwjHOJA.s 			page 63


 384:device/adc_stream.c **** 
 1825              		.loc 1 384 20 is_stmt 0 view .LVU440
 1826 0104 0123     		movs	r3, #1
 1827 0106 4B55     		strb	r3, [r1, r5]
 386:device/adc_stream.c ****         s_wr_samples = 0;
 1828              		.loc 1 386 9 is_stmt 1 view .LVU441
 386:device/adc_stream.c ****         s_wr_samples = 0;
 1829              		.loc 1 386 16 is_stmt 0 view .LVU442
 1830 0108 1F4B     		ldr	r3, .L146+12
 1831 010a 1B78     		ldrb	r3, [r3]	@ zero_extendqisi2
 1832              	.LVL67:
 1833              	.LBB87:
 1834              	.LBI87:
  29:device/adc_stream.c **** {
 1835              		.loc 1 29 23 is_stmt 1 view .LVU443
 1836              	.LBB88:
  31:device/adc_stream.c ****     if (i >= APP_ADC_BLOCK_COUNT)
 1837              		.loc 1 31 5 view .LVU444
  31:device/adc_stream.c ****     if (i >= APP_ADC_BLOCK_COUNT)
 1838              		.loc 1 31 6 is_stmt 0 view .LVU445
 1839 010c 0133     		adds	r3, r3, #1
 1840              	.LVL68:
  31:device/adc_stream.c ****     if (i >= APP_ADC_BLOCK_COUNT)
 1841              		.loc 1 31 6 view .LVU446
 1842 010e DBB2     		uxtb	r3, r3
 1843              	.LVL69:
  32:device/adc_stream.c ****     {
 1844              		.loc 1 32 5 is_stmt 1 view .LVU447
  32:device/adc_stream.c ****     {
 1845              		.loc 1 32 8 is_stmt 0 view .LVU448
 1846 0110 3F2B     		cmp	r3, #63
 1847 0112 00D8     		bhi	.L138
  31:device/adc_stream.c ****     if (i >= APP_ADC_BLOCK_COUNT)
 1848              		.loc 1 31 6 view .LVU449
 1849 0114 1E46     		mov	r6, r3
 1850              	.L138:
 1851              	.LVL70:
  36:device/adc_stream.c **** }
 1852              		.loc 1 36 5 is_stmt 1 view .LVU450
  36:device/adc_stream.c **** }
 1853              		.loc 1 36 5 is_stmt 0 view .LVU451
 1854              	.LBE88:
 1855              	.LBE87:
 386:device/adc_stream.c ****         s_wr_samples = 0;
 1856              		.loc 1 386 14 view .LVU452
 1857 0116 1C4B     		ldr	r3, .L146+12
 1858 0118 1E70     		strb	r6, [r3]
 387:device/adc_stream.c ****         s_wr_bytes = 0;
 1859              		.loc 1 387 9 is_stmt 1 view .LVU453
 387:device/adc_stream.c ****         s_wr_bytes = 0;
 1860              		.loc 1 387 22 is_stmt 0 view .LVU454
 1861 011a 0023     		movs	r3, #0
 1862 011c 1C4A     		ldr	r2, .L146+20
 1863 011e 1380     		strh	r3, [r2]	@ movhi
 388:device/adc_stream.c ****     }
 1864              		.loc 1 388 9 is_stmt 1 view .LVU455
 388:device/adc_stream.c ****     }
ARM GAS  /tmp/ccwjHOJA.s 			page 64


 1865              		.loc 1 388 20 is_stmt 0 view .LVU456
 1866 0120 1D4A     		ldr	r2, .L146+28
 1867 0122 1380     		strh	r3, [r2]	@ movhi
 1868              	.LVL71:
 388:device/adc_stream.c ****     }
 1869              		.loc 1 388 20 view .LVU457
 1870 0124 B9E7     		b	.L129
 1871              	.LVL72:
 1872              	.L145:
 360:device/adc_stream.c ****         s_fast_read_fail_count++;
 1873              		.loc 1 360 9 is_stmt 1 view .LVU458
 360:device/adc_stream.c ****         s_fast_read_fail_count++;
 1874              		.loc 1 360 20 is_stmt 0 view .LVU459
 1875 0126 204A     		ldr	r2, .L146+44
 1876 0128 1368     		ldr	r3, [r2]
 1877 012a 0133     		adds	r3, r3, #1
 1878 012c 1360     		str	r3, [r2]
 361:device/adc_stream.c ****         s_overrun++;
 1879              		.loc 1 361 9 is_stmt 1 view .LVU460
 361:device/adc_stream.c ****         s_overrun++;
 1880              		.loc 1 361 31 is_stmt 0 view .LVU461
 1881 012e 1F4A     		ldr	r2, .L146+48
 1882 0130 1368     		ldr	r3, [r2]
 1883 0132 0133     		adds	r3, r3, #1
 1884 0134 1360     		str	r3, [r2]
 362:device/adc_stream.c ****         s_sample_seq++;
 1885              		.loc 1 362 9 is_stmt 1 view .LVU462
 362:device/adc_stream.c ****         s_sample_seq++;
 1886              		.loc 1 362 18 is_stmt 0 view .LVU463
 1887 0136 194A     		ldr	r2, .L146+32
 1888 0138 1368     		ldr	r3, [r2]
 1889 013a 0133     		adds	r3, r3, #1
 1890 013c 1360     		str	r3, [r2]
 363:device/adc_stream.c ****         s_flags |= APP_STREAM_FLAG_SPI_TIMEOUT;
 1891              		.loc 1 363 9 is_stmt 1 view .LVU464
 363:device/adc_stream.c ****         s_flags |= APP_STREAM_FLAG_SPI_TIMEOUT;
 1892              		.loc 1 363 21 is_stmt 0 view .LVU465
 1893 013e 154A     		ldr	r2, .L146+24
 1894 0140 1368     		ldr	r3, [r2]
 1895 0142 0133     		adds	r3, r3, #1
 1896 0144 1360     		str	r3, [r2]
 364:device/adc_stream.c **** 
 1897              		.loc 1 364 9 is_stmt 1 view .LVU466
 364:device/adc_stream.c **** 
 1898              		.loc 1 364 17 is_stmt 0 view .LVU467
 1899 0146 164A     		ldr	r2, .L146+36
 1900 0148 1368     		ldr	r3, [r2]
 1901 014a 43F00403 		orr	r3, r3, #4
 1902 014e 1360     		str	r3, [r2]
 366:device/adc_stream.c ****             (ret == -33) || (ret == -34))
 1903              		.loc 1 366 9 is_stmt 1 view .LVU468
 366:device/adc_stream.c ****             (ret == -33) || (ret == -34))
 1904              		.loc 1 366 26 is_stmt 0 view .LVU469
 1905 0150 00F10E03 		add	r3, r0, #14
 366:device/adc_stream.c ****             (ret == -33) || (ret == -34))
 1906              		.loc 1 366 12 view .LVU470
 1907 0154 012B     		cmp	r3, #1
ARM GAS  /tmp/ccwjHOJA.s 			page 65


 1908 0156 0BD9     		bls	.L136
 366:device/adc_stream.c ****             (ret == -33) || (ret == -34))
 1909              		.loc 1 366 42 view .LVU471
 1910 0158 10F1170F 		cmn	r0, #23
 1911 015c 08D0     		beq	.L136
 366:device/adc_stream.c ****             (ret == -33) || (ret == -34))
 1912              		.loc 1 366 58 view .LVU472
 1913 015e 10F1180F 		cmn	r0, #24
 1914 0162 05D0     		beq	.L136
 366:device/adc_stream.c ****             (ret == -33) || (ret == -34))
 1915              		.loc 1 366 74 view .LVU473
 1916 0164 10F1210F 		cmn	r0, #33
 1917 0168 02D0     		beq	.L136
 367:device/adc_stream.c ****         {
 1918              		.loc 1 367 26 view .LVU474
 1919 016a 10F1220F 		cmn	r0, #34
 1920 016e 94D1     		bne	.L129
 1921              	.L136:
 369:device/adc_stream.c ****         }
 1922              		.loc 1 369 13 is_stmt 1 view .LVU475
 369:device/adc_stream.c ****         }
 1923              		.loc 1 369 35 is_stmt 0 view .LVU476
 1924 0170 0F4A     		ldr	r2, .L146+52
 1925 0172 1368     		ldr	r3, [r2]
 1926 0174 0133     		adds	r3, r3, #1
 1927 0176 1360     		str	r3, [r2]
 371:device/adc_stream.c ****     }
 1928              		.loc 1 371 9 is_stmt 1 view .LVU477
 1929 0178 8FE7     		b	.L129
 1930              	.L147:
 1931 017a 00BF     		.align	2
 1932              	.L146:
 1933 017c 00000000 		.word	.LANCHOR16
 1934 0180 00000000 		.word	.LANCHOR10
 1935 0184 00000000 		.word	.LANCHOR0
 1936 0188 00000000 		.word	.LANCHOR1
 1937 018c 00000000 		.word	s_blocks
 1938 0190 00000000 		.word	.LANCHOR4
 1939 0194 00000000 		.word	.LANCHOR6
 1940 0198 00000000 		.word	.LANCHOR5
 1941 019c 00000000 		.word	.LANCHOR7
 1942 01a0 00000000 		.word	.LANCHOR9
 1943 01a4 00000000 		.word	.LANCHOR11
 1944 01a8 00000000 		.word	.LANCHOR8
 1945 01ac 00000000 		.word	.LANCHOR14
 1946 01b0 00000000 		.word	.LANCHOR15
 1947              	.LBE89:
 1948              	.LBE90:
 1949              		.cfi_endproc
 1950              	.LFE164:
 1952              		.section	.text.AdcStream_OnSpiDmaDone,"ax",%progbits
 1953              		.align	1
 1954              		.global	AdcStream_OnSpiDmaDone
 1955              		.syntax unified
 1956              		.thumb
 1957              		.thumb_func
 1958              		.fpu fpv4-sp-d16
ARM GAS  /tmp/ccwjHOJA.s 			page 66


 1960              	AdcStream_OnSpiDmaDone:
 1961              	.LFB165:
 402:device/adc_stream.c **** 
 403:device/adc_stream.c **** void AdcStream_OnSpiDmaDone(void)
 404:device/adc_stream.c **** {
 1962              		.loc 1 404 1 view -0
 1963              		.cfi_startproc
 1964              		@ args = 0, pretend = 0, frame = 0
 1965              		@ frame_needed = 0, uses_anonymous_args = 0
 1966              		@ link register save eliminated.
 405:device/adc_stream.c ****     /* 本版本不使用 SPI DMA。 */
 406:device/adc_stream.c **** }
 1967              		.loc 1 406 1 view .LVU479
 1968 0000 7047     		bx	lr
 1969              		.cfi_endproc
 1970              	.LFE165:
 1972              		.section	.text.AdcStream_OnSpiDmaError,"ax",%progbits
 1973              		.align	1
 1974              		.global	AdcStream_OnSpiDmaError
 1975              		.syntax unified
 1976              		.thumb
 1977              		.thumb_func
 1978              		.fpu fpv4-sp-d16
 1980              	AdcStream_OnSpiDmaError:
 1981              	.LFB166:
 407:device/adc_stream.c **** 
 408:device/adc_stream.c **** void AdcStream_OnSpiDmaError(void)
 409:device/adc_stream.c **** {
 1982              		.loc 1 409 1 view -0
 1983              		.cfi_startproc
 1984              		@ args = 0, pretend = 0, frame = 0
 1985              		@ frame_needed = 0, uses_anonymous_args = 0
 1986              		@ link register save eliminated.
 410:device/adc_stream.c ****     s_spi_error++;
 1987              		.loc 1 410 5 view .LVU481
 1988              		.loc 1 410 16 is_stmt 0 view .LVU482
 1989 0000 064A     		ldr	r2, .L150
 1990 0002 1368     		ldr	r3, [r2]
 1991 0004 0133     		adds	r3, r3, #1
 1992 0006 1360     		str	r3, [r2]
 411:device/adc_stream.c ****     s_fast_read_fail_count++;
 1993              		.loc 1 411 5 is_stmt 1 view .LVU483
 1994              		.loc 1 411 27 is_stmt 0 view .LVU484
 1995 0008 054A     		ldr	r2, .L150+4
 1996 000a 1368     		ldr	r3, [r2]
 1997 000c 0133     		adds	r3, r3, #1
 1998 000e 1360     		str	r3, [r2]
 412:device/adc_stream.c ****     s_flags |= APP_STREAM_FLAG_SPI_DMA_ERROR;
 1999              		.loc 1 412 5 is_stmt 1 view .LVU485
 2000              		.loc 1 412 13 is_stmt 0 view .LVU486
 2001 0010 044A     		ldr	r2, .L150+8
 2002 0012 1368     		ldr	r3, [r2]
 2003 0014 43F02003 		orr	r3, r3, #32
 2004 0018 1360     		str	r3, [r2]
 413:device/adc_stream.c **** }
 2005              		.loc 1 413 1 view .LVU487
 2006 001a 7047     		bx	lr
ARM GAS  /tmp/ccwjHOJA.s 			page 67


 2007              	.L151:
 2008              		.align	2
 2009              	.L150:
 2010 001c 00000000 		.word	.LANCHOR8
 2011 0020 00000000 		.word	.LANCHOR14
 2012 0024 00000000 		.word	.LANCHOR9
 2013              		.cfi_endproc
 2014              	.LFE166:
 2016              		.section	.text.AdcStream_OnContinuousDmaChunk,"ax",%progbits
 2017              		.align	1
 2018              		.global	AdcStream_OnContinuousDmaChunk
 2019              		.syntax unified
 2020              		.thumb
 2021              		.thumb_func
 2022              		.fpu fpv4-sp-d16
 2024              	AdcStream_OnContinuousDmaChunk:
 2025              	.LVL73:
 2026              	.LFB167:
 414:device/adc_stream.c **** 
 415:device/adc_stream.c **** void AdcStream_OnContinuousDmaChunk(const uint8_t *buf, uint16_t len)
 416:device/adc_stream.c **** {
 2027              		.loc 1 416 1 is_stmt 1 view -0
 2028              		.cfi_startproc
 2029              		@ args = 0, pretend = 0, frame = 0
 2030              		@ frame_needed = 0, uses_anonymous_args = 0
 2031              		@ link register save eliminated.
 417:device/adc_stream.c ****     (void)buf;
 2032              		.loc 1 417 5 view .LVU489
 418:device/adc_stream.c ****     (void)len;
 2033              		.loc 1 418 5 view .LVU490
 419:device/adc_stream.c **** }
 2034              		.loc 1 419 1 is_stmt 0 view .LVU491
 2035 0000 7047     		bx	lr
 2036              		.cfi_endproc
 2037              	.LFE167:
 2039              		.section	.text.AdcStream_OnContinuousDmaError,"ax",%progbits
 2040              		.align	1
 2041              		.global	AdcStream_OnContinuousDmaError
 2042              		.syntax unified
 2043              		.thumb
 2044              		.thumb_func
 2045              		.fpu fpv4-sp-d16
 2047              	AdcStream_OnContinuousDmaError:
 2048              	.LFB168:
 420:device/adc_stream.c **** 
 421:device/adc_stream.c **** void AdcStream_OnContinuousDmaError(void)
 422:device/adc_stream.c **** {
 2049              		.loc 1 422 1 is_stmt 1 view -0
 2050              		.cfi_startproc
 2051              		@ args = 0, pretend = 0, frame = 0
 2052              		@ frame_needed = 0, uses_anonymous_args = 0
 2053              		@ link register save eliminated.
 423:device/adc_stream.c ****     s_spi_error++;
 2054              		.loc 1 423 5 view .LVU493
 2055              		.loc 1 423 16 is_stmt 0 view .LVU494
 2056 0000 064A     		ldr	r2, .L154
 2057 0002 1368     		ldr	r3, [r2]
ARM GAS  /tmp/ccwjHOJA.s 			page 68


 2058 0004 0133     		adds	r3, r3, #1
 2059 0006 1360     		str	r3, [r2]
 424:device/adc_stream.c ****     s_fast_read_fail_count++;
 2060              		.loc 1 424 5 is_stmt 1 view .LVU495
 2061              		.loc 1 424 27 is_stmt 0 view .LVU496
 2062 0008 054A     		ldr	r2, .L154+4
 2063 000a 1368     		ldr	r3, [r2]
 2064 000c 0133     		adds	r3, r3, #1
 2065 000e 1360     		str	r3, [r2]
 425:device/adc_stream.c ****     s_flags |= APP_STREAM_FLAG_CONT_DMA_ERROR;
 2066              		.loc 1 425 5 is_stmt 1 view .LVU497
 2067              		.loc 1 425 13 is_stmt 0 view .LVU498
 2068 0010 044A     		ldr	r2, .L154+8
 2069 0012 1368     		ldr	r3, [r2]
 2070 0014 43F04003 		orr	r3, r3, #64
 2071 0018 1360     		str	r3, [r2]
 426:device/adc_stream.c **** }
 2072              		.loc 1 426 1 view .LVU499
 2073 001a 7047     		bx	lr
 2074              	.L155:
 2075              		.align	2
 2076              	.L154:
 2077 001c 00000000 		.word	.LANCHOR8
 2078 0020 00000000 		.word	.LANCHOR14
 2079 0024 00000000 		.word	.LANCHOR9
 2080              		.cfi_endproc
 2081              	.LFE168:
 2083              		.section	.text.HAL_GPIO_EXTI_Callback,"ax",%progbits
 2084              		.align	1
 2085              		.global	HAL_GPIO_EXTI_Callback
 2086              		.syntax unified
 2087              		.thumb
 2088              		.thumb_func
 2089              		.fpu fpv4-sp-d16
 2091              	HAL_GPIO_EXTI_Callback:
 2092              	.LVL74:
 2093              	.LFB169:
 427:device/adc_stream.c **** 
 428:device/adc_stream.c **** void HAL_GPIO_EXTI_Callback(uint16_t GPIO_Pin)
 429:device/adc_stream.c **** {
 2094              		.loc 1 429 1 is_stmt 1 view -0
 2095              		.cfi_startproc
 2096              		@ args = 0, pretend = 0, frame = 0
 2097              		@ frame_needed = 0, uses_anonymous_args = 0
 430:device/adc_stream.c **** #ifdef DRDY_Pin
 431:device/adc_stream.c ****     if (GPIO_Pin == DRDY_Pin)
 432:device/adc_stream.c ****     {
 433:device/adc_stream.c ****         AdcStream_OnDrdyIrq();
 434:device/adc_stream.c ****     }
 435:device/adc_stream.c **** #else
 436:device/adc_stream.c ****     if (GPIO_Pin == ADS127L11_DRDY_Pin)
 2098              		.loc 1 436 5 view .LVU501
 2099              		.loc 1 436 8 is_stmt 0 view .LVU502
 2100 0000 0828     		cmp	r0, #8
 2101 0002 00D0     		beq	.L162
 2102 0004 7047     		bx	lr
 2103              	.L162:
ARM GAS  /tmp/ccwjHOJA.s 			page 69


 429:device/adc_stream.c **** #ifdef DRDY_Pin
 2104              		.loc 1 429 1 view .LVU503
 2105 0006 08B5     		push	{r3, lr}
 2106              	.LCFI9:
 2107              		.cfi_def_cfa_offset 8
 2108              		.cfi_offset 3, -8
 2109              		.cfi_offset 14, -4
 437:device/adc_stream.c ****     {
 438:device/adc_stream.c ****         AdcStream_OnDrdyIrq();
 2110              		.loc 1 438 9 is_stmt 1 view .LVU504
 2111 0008 FFF7FEFF 		bl	AdcStream_OnDrdyIrq
 2112              	.LVL75:
 439:device/adc_stream.c ****     }
 440:device/adc_stream.c **** #endif
 441:device/adc_stream.c **** }
 2113              		.loc 1 441 1 is_stmt 0 view .LVU505
 2114 000c 08BD     		pop	{r3, pc}
 2115              		.cfi_endproc
 2116              	.LFE169:
 2118              		.section	.text.EXTI3_IRQHandler,"ax",%progbits
 2119              		.align	1
 2120              		.weak	EXTI3_IRQHandler
 2121              		.syntax unified
 2122              		.thumb
 2123              		.thumb_func
 2124              		.fpu fpv4-sp-d16
 2126              	EXTI3_IRQHandler:
 2127              	.LFB170:
 442:device/adc_stream.c **** 
 443:device/adc_stream.c **** /*
 444:device/adc_stream.c ****  * 当前原理图 DRDY 固定 PE3。
 445:device/adc_stream.c ****  * 如果 stm32f4xx_it.c 已经有 EXTI3_IRQHandler，那里通常会调用 HAL_GPIO_EXTI_IRQHandle
 446:device/adc_stream.c ****  * 本 weak 函数不会参与链接；如果没有，则使用这里的实现。
 447:device/adc_stream.c ****  */
 448:device/adc_stream.c **** __weak void EXTI3_IRQHandler(void)
 449:device/adc_stream.c **** {
 2128              		.loc 1 449 1 is_stmt 1 view -0
 2129              		.cfi_startproc
 2130              		@ args = 0, pretend = 0, frame = 0
 2131              		@ frame_needed = 0, uses_anonymous_args = 0
 2132 0000 08B5     		push	{r3, lr}
 2133              	.LCFI10:
 2134              		.cfi_def_cfa_offset 8
 2135              		.cfi_offset 3, -8
 2136              		.cfi_offset 14, -4
 450:device/adc_stream.c ****     HAL_GPIO_EXTI_IRQHandler(ADS127L11_DRDY_Pin);
 2137              		.loc 1 450 5 view .LVU507
 2138 0002 0820     		movs	r0, #8
 2139 0004 FFF7FEFF 		bl	HAL_GPIO_EXTI_IRQHandler
 2140              	.LVL76:
 451:device/adc_stream.c **** }
 2141              		.loc 1 451 1 is_stmt 0 view .LVU508
 2142 0008 08BD     		pop	{r3, pc}
 2143              		.cfi_endproc
 2144              	.LFE170:
 2146              		.section	.bss.s_blocks,"aw",%nobits
 2147              		.align	2
ARM GAS  /tmp/ccwjHOJA.s 			page 70


 2150              	s_blocks:
 2151 0000 00000000 		.space	64000
 2151      00000000 
 2151      00000000 
 2151      00000000 
 2151      00000000 
 2152              		.section	.bss.s_drdy_irq_count,"aw",%nobits
 2153              		.align	2
 2154              		.set	.LANCHOR10,. + 0
 2157              	s_drdy_irq_count:
 2158 0000 00000000 		.space	4
 2159              		.section	.bss.s_fast_read_busy_count,"aw",%nobits
 2160              		.align	2
 2161              		.set	.LANCHOR15,. + 0
 2164              	s_fast_read_busy_count:
 2165 0000 00000000 		.space	4
 2166              		.section	.bss.s_fast_read_fail_count,"aw",%nobits
 2167              		.align	2
 2168              		.set	.LANCHOR14,. + 0
 2171              	s_fast_read_fail_count:
 2172 0000 00000000 		.space	4
 2173              		.section	.bss.s_flags,"aw",%nobits
 2174              		.align	2
 2175              		.set	.LANCHOR9,. + 0
 2178              	s_flags:
 2179 0000 00000000 		.space	4
 2180              		.section	.bss.s_isr_stop_count,"aw",%nobits
 2181              		.align	2
 2182              		.set	.LANCHOR12,. + 0
 2185              	s_isr_stop_count:
 2186 0000 00000000 		.space	4
 2187              		.section	.bss.s_last_spi_ret,"aw",%nobits
 2188              		.align	2
 2189              		.set	.LANCHOR11,. + 0
 2192              	s_last_spi_ret:
 2193 0000 00000000 		.space	4
 2194              		.section	.bss.s_last_stop_flags,"aw",%nobits
 2195              		.align	2
 2196              		.set	.LANCHOR13,. + 0
 2199              	s_last_stop_flags:
 2200 0000 00000000 		.space	4
 2201              		.section	.bss.s_overrun,"aw",%nobits
 2202              		.align	2
 2203              		.set	.LANCHOR7,. + 0
 2206              	s_overrun:
 2207 0000 00000000 		.space	4
 2208              		.section	.bss.s_queued_idx,"aw",%nobits
 2209              		.set	.LANCHOR3,. + 0
 2212              	s_queued_idx:
 2213 0000 00       		.space	1
 2214              		.section	.bss.s_ready_idx,"aw",%nobits
 2215              		.set	.LANCHOR2,. + 0
 2218              	s_ready_idx:
 2219 0000 00       		.space	1
 2220              		.section	.bss.s_running,"aw",%nobits
 2221              		.set	.LANCHOR16,. + 0
 2224              	s_running:
ARM GAS  /tmp/ccwjHOJA.s 			page 71


 2225 0000 00       		.space	1
 2226              		.section	.bss.s_sample_seq,"aw",%nobits
 2227              		.align	2
 2228              		.set	.LANCHOR6,. + 0
 2231              	s_sample_seq:
 2232 0000 00000000 		.space	4
 2233              		.section	.bss.s_spi_error,"aw",%nobits
 2234              		.align	2
 2235              		.set	.LANCHOR8,. + 0
 2238              	s_spi_error:
 2239 0000 00000000 		.space	4
 2240              		.section	.bss.s_wr,"aw",%nobits
 2241              		.set	.LANCHOR1,. + 0
 2244              	s_wr:
 2245 0000 00       		.space	1
 2246              		.section	.bss.s_wr_bytes,"aw",%nobits
 2247              		.align	1
 2248              		.set	.LANCHOR5,. + 0
 2251              	s_wr_bytes:
 2252 0000 0000     		.space	2
 2253              		.section	.bss.s_wr_samples,"aw",%nobits
 2254              		.align	1
 2255              		.set	.LANCHOR4,. + 0
 2258              	s_wr_samples:
 2259 0000 0000     		.space	2
 2260              		.section	.data.s_bps,"aw"
 2261              		.set	.LANCHOR0,. + 0
 2264              	s_bps:
 2265 0000 03       		.byte	3
 2266              		.text
 2267              	.Letext0:
 2268              		.file 3 "/opt/gcc-arm-none-eabi-9-2020-q2-update/arm-none-eabi/include/machine/_default_types.h"
 2269              		.file 4 "/opt/gcc-arm-none-eabi-9-2020-q2-update/arm-none-eabi/include/sys/_stdint.h"
 2270              		.file 5 "device/app_config.h"
 2271              		.file 6 "device/adc_stream.h"
 2272              		.file 7 "Drivers/CMSIS/Include/core_cm4.h"
 2273              		.file 8 "Drivers/CMSIS/Device/ST/STM32F4xx/Include/system_stm32f4xx.h"
 2274              		.file 9 "Drivers/CMSIS/Device/ST/STM32F4xx/Include/stm32f427xx.h"
 2275              		.file 10 "Drivers/STM32F4xx_HAL_Driver/Inc/stm32f4xx_hal.h"
 2276              		.file 11 "/opt/gcc-arm-none-eabi-9-2020-q2-update/lib/gcc/arm-none-eabi/9.3.1/include/stddef.h"
 2277              		.file 12 "/opt/gcc-arm-none-eabi-9-2020-q2-update/arm-none-eabi/include/sys/_types.h"
 2278              		.file 13 "/opt/gcc-arm-none-eabi-9-2020-q2-update/arm-none-eabi/include/sys/reent.h"
 2279              		.file 14 "/opt/gcc-arm-none-eabi-9-2020-q2-update/arm-none-eabi/include/sys/lock.h"
 2280              		.file 15 "Drivers/STM32F4xx_HAL_Driver/Inc/stm32f4xx_hal_gpio.h"
 2281              		.file 16 "device/ads127l11.h"
 2282              		.file 17 "<built-in>"
ARM GAS  /tmp/ccwjHOJA.s 			page 72


DEFINED SYMBOLS
                            *ABS*:0000000000000000 adc_stream.c
     /tmp/ccwjHOJA.s:18     .text.clear_state_common:0000000000000000 $t
     /tmp/ccwjHOJA.s:25     .text.clear_state_common:0000000000000000 clear_state_common
     /tmp/ccwjHOJA.s:114    .text.clear_state_common:0000000000000054 $d
     /tmp/ccwjHOJA.s:2150   .bss.s_blocks:0000000000000000 s_blocks
     /tmp/ccwjHOJA.s:135    .text.AdcStream_Init:0000000000000000 $t
     /tmp/ccwjHOJA.s:142    .text.AdcStream_Init:0000000000000000 AdcStream_Init
     /tmp/ccwjHOJA.s:166    .text.AdcStream_Init:0000000000000010 $d
     /tmp/ccwjHOJA.s:171    .text.AdcStream_ResetDiscard:0000000000000000 $t
     /tmp/ccwjHOJA.s:178    .text.AdcStream_ResetDiscard:0000000000000000 AdcStream_ResetDiscard
     /tmp/ccwjHOJA.s:255    .text.AdcStream_ResetDiscard:0000000000000018 $d
     /tmp/ccwjHOJA.s:260    .text.AdcStream_Start:0000000000000000 $t
     /tmp/ccwjHOJA.s:267    .text.AdcStream_Start:0000000000000000 AdcStream_Start
     /tmp/ccwjHOJA.s:383    .text.AdcStream_Start:0000000000000044 $d
     /tmp/ccwjHOJA.s:389    .text.AdcStream_FlushPartialBlock:0000000000000000 $t
     /tmp/ccwjHOJA.s:396    .text.AdcStream_FlushPartialBlock:0000000000000000 AdcStream_FlushPartialBlock
     /tmp/ccwjHOJA.s:589    .text.AdcStream_FlushPartialBlock:0000000000000080 $d
     /tmp/ccwjHOJA.s:600    .text.AdcStream_Stop:0000000000000000 $t
     /tmp/ccwjHOJA.s:607    .text.AdcStream_Stop:0000000000000000 AdcStream_Stop
     /tmp/ccwjHOJA.s:687    .text.AdcStream_Stop:0000000000000020 $d
     /tmp/ccwjHOJA.s:692    .text.AdcStream_Task:0000000000000000 $t
     /tmp/ccwjHOJA.s:699    .text.AdcStream_Task:0000000000000000 AdcStream_Task
     /tmp/ccwjHOJA.s:712    .text.AdcStream_IsRunning:0000000000000000 $t
     /tmp/ccwjHOJA.s:719    .text.AdcStream_IsRunning:0000000000000000 AdcStream_IsRunning
     /tmp/ccwjHOJA.s:735    .text.AdcStream_IsRunning:0000000000000008 $d
     /tmp/ccwjHOJA.s:740    .text.AdcStream_GetSampleSeq:0000000000000000 $t
     /tmp/ccwjHOJA.s:747    .text.AdcStream_GetSampleSeq:0000000000000000 AdcStream_GetSampleSeq
     /tmp/ccwjHOJA.s:763    .text.AdcStream_GetSampleSeq:0000000000000008 $d
     /tmp/ccwjHOJA.s:768    .text.AdcStream_GetOverrunCount:0000000000000000 $t
     /tmp/ccwjHOJA.s:775    .text.AdcStream_GetOverrunCount:0000000000000000 AdcStream_GetOverrunCount
     /tmp/ccwjHOJA.s:791    .text.AdcStream_GetOverrunCount:0000000000000008 $d
     /tmp/ccwjHOJA.s:796    .text.AdcStream_GetSpiErrorCount:0000000000000000 $t
     /tmp/ccwjHOJA.s:803    .text.AdcStream_GetSpiErrorCount:0000000000000000 AdcStream_GetSpiErrorCount
     /tmp/ccwjHOJA.s:819    .text.AdcStream_GetSpiErrorCount:0000000000000008 $d
     /tmp/ccwjHOJA.s:824    .text.AdcStream_GetFlags:0000000000000000 $t
     /tmp/ccwjHOJA.s:831    .text.AdcStream_GetFlags:0000000000000000 AdcStream_GetFlags
     /tmp/ccwjHOJA.s:847    .text.AdcStream_GetFlags:0000000000000008 $d
     /tmp/ccwjHOJA.s:852    .text.AdcStream_GetDrdyIrqCount:0000000000000000 $t
     /tmp/ccwjHOJA.s:859    .text.AdcStream_GetDrdyIrqCount:0000000000000000 AdcStream_GetDrdyIrqCount
     /tmp/ccwjHOJA.s:875    .text.AdcStream_GetDrdyIrqCount:0000000000000008 $d
     /tmp/ccwjHOJA.s:880    .text.AdcStream_GetLastSpiRet:0000000000000000 $t
     /tmp/ccwjHOJA.s:887    .text.AdcStream_GetLastSpiRet:0000000000000000 AdcStream_GetLastSpiRet
     /tmp/ccwjHOJA.s:903    .text.AdcStream_GetLastSpiRet:0000000000000008 $d
     /tmp/ccwjHOJA.s:908    .text.AdcStream_GetIsrStopCount:0000000000000000 $t
     /tmp/ccwjHOJA.s:915    .text.AdcStream_GetIsrStopCount:0000000000000000 AdcStream_GetIsrStopCount
     /tmp/ccwjHOJA.s:931    .text.AdcStream_GetIsrStopCount:0000000000000008 $d
     /tmp/ccwjHOJA.s:936    .text.AdcStream_GetLastStopFlags:0000000000000000 $t
     /tmp/ccwjHOJA.s:943    .text.AdcStream_GetLastStopFlags:0000000000000000 AdcStream_GetLastStopFlags
     /tmp/ccwjHOJA.s:959    .text.AdcStream_GetLastStopFlags:0000000000000008 $d
     /tmp/ccwjHOJA.s:964    .text.AdcStream_GetDmaBusyCount:0000000000000000 $t
     /tmp/ccwjHOJA.s:971    .text.AdcStream_GetDmaBusyCount:0000000000000000 AdcStream_GetDmaBusyCount
     /tmp/ccwjHOJA.s:987    .text.AdcStream_GetDmaBusyCount:0000000000000008 $d
     /tmp/ccwjHOJA.s:992    .text.AdcStream_GetDmaErrorCount:0000000000000000 $t
     /tmp/ccwjHOJA.s:999    .text.AdcStream_GetDmaErrorCount:0000000000000000 AdcStream_GetDmaErrorCount
     /tmp/ccwjHOJA.s:1015   .text.AdcStream_GetDmaErrorCount:0000000000000008 $d
     /tmp/ccwjHOJA.s:1020   .text.AdcStream_GetDrdyPinLevel:0000000000000000 $t
ARM GAS  /tmp/ccwjHOJA.s 			page 73


     /tmp/ccwjHOJA.s:1027   .text.AdcStream_GetDrdyPinLevel:0000000000000000 AdcStream_GetDrdyPinLevel
     /tmp/ccwjHOJA.s:1049   .text.AdcStream_GetDrdyPinLevel:000000000000000c $d
     /tmp/ccwjHOJA.s:1054   .text.AdcStream_GetPartialSamples:0000000000000000 $t
     /tmp/ccwjHOJA.s:1061   .text.AdcStream_GetPartialSamples:0000000000000000 AdcStream_GetPartialSamples
     /tmp/ccwjHOJA.s:1078   .text.AdcStream_GetPartialSamples:0000000000000008 $d
     /tmp/ccwjHOJA.s:1083   .text.AdcStream_GetPartialBytes:0000000000000000 $t
     /tmp/ccwjHOJA.s:1090   .text.AdcStream_GetPartialBytes:0000000000000000 AdcStream_GetPartialBytes
     /tmp/ccwjHOJA.s:1107   .text.AdcStream_GetPartialBytes:0000000000000008 $d
     /tmp/ccwjHOJA.s:1112   .text.AdcStream_GetReadyCount:0000000000000000 $t
     /tmp/ccwjHOJA.s:1119   .text.AdcStream_GetReadyCount:0000000000000000 AdcStream_GetReadyCount
     /tmp/ccwjHOJA.s:1180   .text.AdcStream_GetReadyCount:0000000000000028 $d
     /tmp/ccwjHOJA.s:1185   .text.AdcStream_GetQueuedCount:0000000000000000 $t
     /tmp/ccwjHOJA.s:1192   .text.AdcStream_GetQueuedCount:0000000000000000 AdcStream_GetQueuedCount
     /tmp/ccwjHOJA.s:1253   .text.AdcStream_GetQueuedCount:0000000000000028 $d
     /tmp/ccwjHOJA.s:1258   .text.AdcStream_GetFreeCount:0000000000000000 $t
     /tmp/ccwjHOJA.s:1265   .text.AdcStream_GetFreeCount:0000000000000000 AdcStream_GetFreeCount
     /tmp/ccwjHOJA.s:1325   .text.AdcStream_GetFreeCount:0000000000000028 $d
     /tmp/ccwjHOJA.s:1330   .text.AdcStream_PeekReadyBlock:0000000000000000 $t
     /tmp/ccwjHOJA.s:1337   .text.AdcStream_PeekReadyBlock:0000000000000000 AdcStream_PeekReadyBlock
     /tmp/ccwjHOJA.s:1373   .text.AdcStream_PeekReadyBlock:000000000000002c $d
     /tmp/ccwjHOJA.s:1379   .text.AdcStream_MarkBlockQueued:0000000000000000 $t
     /tmp/ccwjHOJA.s:1386   .text.AdcStream_MarkBlockQueued:0000000000000000 AdcStream_MarkBlockQueued
     /tmp/ccwjHOJA.s:1447   .text.AdcStream_MarkBlockQueued:0000000000000024 $d
     /tmp/ccwjHOJA.s:1452   .text.AdcStream_PeekQueuedBlock:0000000000000000 $t
     /tmp/ccwjHOJA.s:1459   .text.AdcStream_PeekQueuedBlock:0000000000000000 AdcStream_PeekQueuedBlock
     /tmp/ccwjHOJA.s:1495   .text.AdcStream_PeekQueuedBlock:000000000000002c $d
     /tmp/ccwjHOJA.s:1501   .text.AdcStream_ReleaseQueuedBlock:0000000000000000 $t
     /tmp/ccwjHOJA.s:1508   .text.AdcStream_ReleaseQueuedBlock:0000000000000000 AdcStream_ReleaseQueuedBlock
     /tmp/ccwjHOJA.s:1576   .text.AdcStream_ReleaseQueuedBlock:000000000000003c $d
     /tmp/ccwjHOJA.s:1582   .text.AdcStream_OnDrdyIrq:0000000000000000 $t
     /tmp/ccwjHOJA.s:1589   .text.AdcStream_OnDrdyIrq:0000000000000000 AdcStream_OnDrdyIrq
     /tmp/ccwjHOJA.s:1933   .text.AdcStream_OnDrdyIrq:000000000000017c $d
     /tmp/ccwjHOJA.s:1953   .text.AdcStream_OnSpiDmaDone:0000000000000000 $t
     /tmp/ccwjHOJA.s:1960   .text.AdcStream_OnSpiDmaDone:0000000000000000 AdcStream_OnSpiDmaDone
     /tmp/ccwjHOJA.s:1973   .text.AdcStream_OnSpiDmaError:0000000000000000 $t
     /tmp/ccwjHOJA.s:1980   .text.AdcStream_OnSpiDmaError:0000000000000000 AdcStream_OnSpiDmaError
     /tmp/ccwjHOJA.s:2010   .text.AdcStream_OnSpiDmaError:000000000000001c $d
     /tmp/ccwjHOJA.s:2017   .text.AdcStream_OnContinuousDmaChunk:0000000000000000 $t
     /tmp/ccwjHOJA.s:2024   .text.AdcStream_OnContinuousDmaChunk:0000000000000000 AdcStream_OnContinuousDmaChunk
     /tmp/ccwjHOJA.s:2040   .text.AdcStream_OnContinuousDmaError:0000000000000000 $t
     /tmp/ccwjHOJA.s:2047   .text.AdcStream_OnContinuousDmaError:0000000000000000 AdcStream_OnContinuousDmaError
     /tmp/ccwjHOJA.s:2077   .text.AdcStream_OnContinuousDmaError:000000000000001c $d
     /tmp/ccwjHOJA.s:2084   .text.HAL_GPIO_EXTI_Callback:0000000000000000 $t
     /tmp/ccwjHOJA.s:2091   .text.HAL_GPIO_EXTI_Callback:0000000000000000 HAL_GPIO_EXTI_Callback
     /tmp/ccwjHOJA.s:2119   .text.EXTI3_IRQHandler:0000000000000000 $t
     /tmp/ccwjHOJA.s:2126   .text.EXTI3_IRQHandler:0000000000000000 EXTI3_IRQHandler
     /tmp/ccwjHOJA.s:2147   .bss.s_blocks:0000000000000000 $d
     /tmp/ccwjHOJA.s:2153   .bss.s_drdy_irq_count:0000000000000000 $d
     /tmp/ccwjHOJA.s:2157   .bss.s_drdy_irq_count:0000000000000000 s_drdy_irq_count
     /tmp/ccwjHOJA.s:2160   .bss.s_fast_read_busy_count:0000000000000000 $d
     /tmp/ccwjHOJA.s:2164   .bss.s_fast_read_busy_count:0000000000000000 s_fast_read_busy_count
     /tmp/ccwjHOJA.s:2167   .bss.s_fast_read_fail_count:0000000000000000 $d
     /tmp/ccwjHOJA.s:2171   .bss.s_fast_read_fail_count:0000000000000000 s_fast_read_fail_count
     /tmp/ccwjHOJA.s:2174   .bss.s_flags:0000000000000000 $d
     /tmp/ccwjHOJA.s:2178   .bss.s_flags:0000000000000000 s_flags
     /tmp/ccwjHOJA.s:2181   .bss.s_isr_stop_count:0000000000000000 $d
     /tmp/ccwjHOJA.s:2185   .bss.s_isr_stop_count:0000000000000000 s_isr_stop_count
ARM GAS  /tmp/ccwjHOJA.s 			page 74


     /tmp/ccwjHOJA.s:2188   .bss.s_last_spi_ret:0000000000000000 $d
     /tmp/ccwjHOJA.s:2192   .bss.s_last_spi_ret:0000000000000000 s_last_spi_ret
     /tmp/ccwjHOJA.s:2195   .bss.s_last_stop_flags:0000000000000000 $d
     /tmp/ccwjHOJA.s:2199   .bss.s_last_stop_flags:0000000000000000 s_last_stop_flags
     /tmp/ccwjHOJA.s:2202   .bss.s_overrun:0000000000000000 $d
     /tmp/ccwjHOJA.s:2206   .bss.s_overrun:0000000000000000 s_overrun
     /tmp/ccwjHOJA.s:2212   .bss.s_queued_idx:0000000000000000 s_queued_idx
     /tmp/ccwjHOJA.s:2213   .bss.s_queued_idx:0000000000000000 $d
     /tmp/ccwjHOJA.s:2218   .bss.s_ready_idx:0000000000000000 s_ready_idx
     /tmp/ccwjHOJA.s:2219   .bss.s_ready_idx:0000000000000000 $d
     /tmp/ccwjHOJA.s:2224   .bss.s_running:0000000000000000 s_running
     /tmp/ccwjHOJA.s:2225   .bss.s_running:0000000000000000 $d
     /tmp/ccwjHOJA.s:2227   .bss.s_sample_seq:0000000000000000 $d
     /tmp/ccwjHOJA.s:2231   .bss.s_sample_seq:0000000000000000 s_sample_seq
     /tmp/ccwjHOJA.s:2234   .bss.s_spi_error:0000000000000000 $d
     /tmp/ccwjHOJA.s:2238   .bss.s_spi_error:0000000000000000 s_spi_error
     /tmp/ccwjHOJA.s:2244   .bss.s_wr:0000000000000000 s_wr
     /tmp/ccwjHOJA.s:2245   .bss.s_wr:0000000000000000 $d
     /tmp/ccwjHOJA.s:2247   .bss.s_wr_bytes:0000000000000000 $d
     /tmp/ccwjHOJA.s:2251   .bss.s_wr_bytes:0000000000000000 s_wr_bytes
     /tmp/ccwjHOJA.s:2254   .bss.s_wr_samples:0000000000000000 $d
     /tmp/ccwjHOJA.s:2258   .bss.s_wr_samples:0000000000000000 s_wr_samples
     /tmp/ccwjHOJA.s:2264   .data.s_bps:0000000000000000 s_bps

UNDEFINED SYMBOLS
memset
AppConfig_IsValid
ADS127L11_Stop
ADS127L11_StreamExit
AppConfig_BytesPerSample
ADS127L11_StreamEnter
ADS127L11_Start
HAL_GPIO_ReadPin
ADS127L11_ReadDataFast
HAL_GPIO_EXTI_IRQHandler
