ARM GAS  /tmp/ccq8x8aq.s 			page 1


   1              		.cpu cortex-m4
   2              		.eabi_attribute 27, 1
   3              		.eabi_attribute 28, 1
   4              		.eabi_attribute 20, 1
   5              		.eabi_attribute 21, 1
   6              		.eabi_attribute 23, 3
   7              		.eabi_attribute 24, 1
   8              		.eabi_attribute 25, 1
   9              		.eabi_attribute 26, 1
  10              		.eabi_attribute 30, 1
  11              		.eabi_attribute 34, 1
  12              		.eabi_attribute 18, 4
  13              		.file	"adc_tcp_server.c"
  14              		.text
  15              	.Ltext0:
  16              		.cfi_sections	.debug_frame
  17              		.section	.rodata.cmd_name.str1.4,"aMS",%progbits,1
  18              		.align	2
  19              	.LC0:
  20 0000 554E4B4E 		.ascii	"UNKNOWN\000"
  20      4F574E00 
  21              		.align	2
  22              	.LC1:
  23 0008 4745545F 		.ascii	"GET_PARAM\000"
  23      50415241 
  23      4D00
  24 0012 0000     		.align	2
  25              	.LC2:
  26 0014 53544152 		.ascii	"START\000"
  26      5400
  27 001a 0000     		.align	2
  28              	.LC3:
  29 001c 53544F50 		.ascii	"STOP\000"
  29      00
  30 0021 000000   		.align	2
  31              	.LC4:
  32 0024 41434B00 		.ascii	"ACK\000"
  33              		.align	2
  34              	.LC5:
  35 0028 5345545F 		.ascii	"SET_PARAM\000"
  35      50415241 
  35      4D00
  36 0032 0000     		.align	2
  37              	.LC6:
  38 0034 44415441 		.ascii	"DATA\000"
  38      00
  39              		.section	.text.cmd_name,"ax",%progbits
  40              		.align	1
  41              		.arch armv7e-m
  42              		.syntax unified
  43              		.thumb
  44              		.thumb_func
  45              		.fpu fpv4-sp-d16
  47              	cmd_name:
  48              	.LVL0:
  49              	.LFB159:
  50              		.file 1 "device/adc_tcp_server.c"
ARM GAS  /tmp/ccq8x8aq.s 			page 2


   1:device/adc_tcp_server.c **** #include "adc_tcp_server.h"
   2:device/adc_tcp_server.c **** #include "app_config.h"
   3:device/adc_tcp_server.c **** #include "flash_param.h"
   4:device/adc_tcp_server.c **** #include "ads127l11.h"
   5:device/adc_tcp_server.c **** #include "adc_stream.h"
   6:device/adc_tcp_server.c **** #include "range_ctrl.h"
   7:device/adc_tcp_server.c **** #include "main.h"
   8:device/adc_tcp_server.c **** #include "lwip/tcp.h"
   9:device/adc_tcp_server.c **** #include "lwip/ip_addr.h"
  10:device/adc_tcp_server.c **** #include "SEGGER_RTT.h"
  11:device/adc_tcp_server.c **** #include <string.h>
  12:device/adc_tcp_server.c **** 
  13:device/adc_tcp_server.c **** #define TXQ_LEN         (APP_ADC_BLOCK_COUNT + 8U)
  14:device/adc_tcp_server.c **** #define TXQ_TYPE_CTRL   0U
  15:device/adc_tcp_server.c **** #define TXQ_TYPE_DATA   1U
  16:device/adc_tcp_server.c **** 
  17:device/adc_tcp_server.c **** #ifndef ADC_TCP_TRACE_ENABLE
  18:device/adc_tcp_server.c **** #define ADC_TCP_TRACE_ENABLE    1U
  19:device/adc_tcp_server.c **** #endif
  20:device/adc_tcp_server.c **** 
  21:device/adc_tcp_server.c **** /* 高速采集时不要打印每个 DATA 包，否则 RTT 会严重拖慢 TCP 发送。 */
  22:device/adc_tcp_server.c **** #ifndef ADC_TCP_DATA_TRACE_ENABLE
  23:device/adc_tcp_server.c **** #define ADC_TCP_DATA_TRACE_ENABLE 0U
  24:device/adc_tcp_server.c **** #endif
  25:device/adc_tcp_server.c **** 
  26:device/adc_tcp_server.c **** typedef struct
  27:device/adc_tcp_server.c **** {
  28:device/adc_tcp_server.c ****     uint16_t len;
  29:device/adc_tcp_server.c ****     uint8_t type;
  30:device/adc_tcp_server.c ****     uint8_t reserved;
  31:device/adc_tcp_server.c ****     AdcStreamBlock_t *blk;
  32:device/adc_tcp_server.c **** } TxQueueItem_t;
  33:device/adc_tcp_server.c **** 
  34:device/adc_tcp_server.c **** static struct tcp_pcb *s_listen = 0;
  35:device/adc_tcp_server.c **** static struct tcp_pcb *s_client = 0;
  36:device/adc_tcp_server.c **** static uint8_t s_rxbuf[256];
  37:device/adc_tcp_server.c **** static uint16_t s_rxlen = 0;
  38:device/adc_tcp_server.c **** static uint32_t s_frame_seq = 0;
  39:device/adc_tcp_server.c **** static uint8_t s_ackbuf[APP_ACK_FRAME_MAX_LEN];
  40:device/adc_tcp_server.c **** 
  41:device/adc_tcp_server.c **** static TxQueueItem_t s_txq[TXQ_LEN];
  42:device/adc_tcp_server.c **** static uint8_t s_txq_head = 0;
  43:device/adc_tcp_server.c **** static uint8_t s_txq_tail = 0;
  44:device/adc_tcp_server.c **** static uint16_t s_txq_count = 0;
  45:device/adc_tcp_server.c **** 
  46:device/adc_tcp_server.c **** static uint32_t s_unacked_total_bytes = 0;
  47:device/adc_tcp_server.c **** static uint32_t s_unacked_data_bytes = 0;
  48:device/adc_tcp_server.c **** static uint32_t s_tcp_err_mem = 0;
  49:device/adc_tcp_server.c **** static uint32_t s_tcp_sndq_full = 0;
  50:device/adc_tcp_server.c **** static uint32_t s_tcp_sent_frames = 0;
  51:device/adc_tcp_server.c **** static uint32_t s_tcp_acked_data_frames = 0;
  52:device/adc_tcp_server.c **** static uint32_t s_tcp_data_bytes_written = 0;
  53:device/adc_tcp_server.c **** static uint32_t s_tcp_write_err_count = 0;
  54:device/adc_tcp_server.c **** static uint32_t s_tcp_no_sndbuf_count = 0;
  55:device/adc_tcp_server.c **** static uint32_t s_tcp_no_seg_count = 0;
  56:device/adc_tcp_server.c **** static int32_t s_pending_stop_ack = 0;
  57:device/adc_tcp_server.c **** 
ARM GAS  /tmp/ccq8x8aq.s 			page 3


  58:device/adc_tcp_server.c **** /*
  59:device/adc_tcp_server.c ****  * START 防卡死修改：
  60:device/adc_tcp_server.c ****  * 1. 收到 START 后先配置 ADC 并发送 ACK；
  61:device/adc_tcp_server.c ****  * 2. 等 START ACK 被 TCP 确认后，再在 AdcTcpServer_Task() 中真正启动采集。
  62:device/adc_tcp_server.c ****  */
  63:device/adc_tcp_server.c **** static uint8_t s_start_wait_ack = 0;
  64:device/adc_tcp_server.c **** static uint8_t s_start_do_now = 0;
  65:device/adc_tcp_server.c **** 
  66:device/adc_tcp_server.c **** /*
  67:device/adc_tcp_server.c ****  * 采集无数据排查用统计。
  68:device/adc_tcp_server.c ****  * 不打印每个采样点，只每 1 秒打印一次状态，避免 RTT 影响高速采集。
  69:device/adc_tcp_server.c ****  */
  70:device/adc_tcp_server.c **** static uint32_t s_stream_start_tick = 0;
  71:device/adc_tcp_server.c **** static uint32_t s_last_stream_stat_tick = 0;
  72:device/adc_tcp_server.c **** static uint32_t s_last_stream_seq = 0;
  73:device/adc_tcp_server.c **** static uint32_t s_last_stream_irq = 0;
  74:device/adc_tcp_server.c **** static uint8_t  s_no_drdy_warned = 0;
  75:device/adc_tcp_server.c **** static uint8_t  s_no_data_warned = 0;
  76:device/adc_tcp_server.c **** static uint8_t  s_stream_debug_active = 0;
  77:device/adc_tcp_server.c **** static uint8_t  s_stream_stop_reported = 0;
  78:device/adc_tcp_server.c **** static uint32_t s_last_isr_stop_count = 0;
  79:device/adc_tcp_server.c **** static uint8_t  s_data_frame_too_large_warned = 0;
  80:device/adc_tcp_server.c **** static uint32_t s_tx_block_wait_count = 0;
  81:device/adc_tcp_server.c **** static uint32_t s_last_tx_frames = 0;
  82:device/adc_tcp_server.c **** static uint32_t s_last_acked_frames = 0;
  83:device/adc_tcp_server.c **** static uint32_t s_last_tcp_bytes = 0;
  84:device/adc_tcp_server.c **** static uint32_t s_last_memerr = 0;
  85:device/adc_tcp_server.c **** static uint32_t s_last_overrun = 0;
  86:device/adc_tcp_server.c **** 
  87:device/adc_tcp_server.c **** #if (ADC_TCP_TRACE_ENABLE != 0U)
  88:device/adc_tcp_server.c **** #define TCP_LOG_INFO(...)   do { SEGGER_RTT_printf(0, "[TCP] "); SEGGER_RTT_printf(0, __VA_ARGS__);
  89:device/adc_tcp_server.c **** #define TCP_LOG_OK(...)     do { SEGGER_RTT_printf(0, "[TCP OK] "); SEGGER_RTT_printf(0, __VA_ARGS_
  90:device/adc_tcp_server.c **** #define TCP_LOG_ERR(...)    do { SEGGER_RTT_printf(0, "[TCP FAIL] "); SEGGER_RTT_printf(0, __VA_ARG
  91:device/adc_tcp_server.c **** #else
  92:device/adc_tcp_server.c **** #define TCP_LOG_INFO(...)   do { } while (0)
  93:device/adc_tcp_server.c **** #define TCP_LOG_OK(...)     do { } while (0)
  94:device/adc_tcp_server.c **** #define TCP_LOG_ERR(...)    do { } while (0)
  95:device/adc_tcp_server.c **** #endif
  96:device/adc_tcp_server.c **** 
  97:device/adc_tcp_server.c **** static const char *cmd_name(uint8_t type)
  98:device/adc_tcp_server.c **** {
  51              		.loc 1 98 1 view -0
  52              		.cfi_startproc
  53              		@ args = 0, pretend = 0, frame = 0
  54              		@ frame_needed = 0, uses_anonymous_args = 0
  55              		@ link register save eliminated.
  99:device/adc_tcp_server.c ****     switch (type)
  56              		.loc 1 99 5 view .LVU1
  57 0000 1028     		cmp	r0, #16
  58 0002 12D8     		bhi	.L2
  59 0004 43B2     		sxtb	r3, r0
  60 0006 D3B1     		cbz	r3, .L10
  61 0008 0138     		subs	r0, r0, #1
  62              	.LVL1:
  63              		.loc 1 99 5 is_stmt 0 view .LVU2
  64 000a 0F28     		cmp	r0, #15
  65 000c 0BD8     		bhi	.L4
ARM GAS  /tmp/ccq8x8aq.s 			page 4


  66 000e DFE800F0 		tbb	[pc, r0]
  67              	.LVL2:
  68              	.L6:
  69 0012 08       		.byte	(.L9-.L6)/2
  70 0013 18       		.byte	(.L11-.L6)/2
  71 0014 10       		.byte	(.L8-.L6)/2
  72 0015 12       		.byte	(.L7-.L6)/2
  73 0016 0A       		.byte	(.L4-.L6)/2
  74 0017 0A       		.byte	(.L4-.L6)/2
  75 0018 0A       		.byte	(.L4-.L6)/2
  76 0019 0A       		.byte	(.L4-.L6)/2
  77 001a 0A       		.byte	(.L4-.L6)/2
  78 001b 0A       		.byte	(.L4-.L6)/2
  79 001c 0A       		.byte	(.L4-.L6)/2
  80 001d 0A       		.byte	(.L4-.L6)/2
  81 001e 0A       		.byte	(.L4-.L6)/2
  82 001f 0A       		.byte	(.L4-.L6)/2
  83 0020 0A       		.byte	(.L4-.L6)/2
  84 0021 14       		.byte	(.L5-.L6)/2
  85              		.p2align 1
  86              	.L9:
  87              		.loc 1 99 5 view .LVU3
  88 0022 0A48     		ldr	r0, .L13
  89 0024 7047     		bx	lr
  90              	.L4:
 100:device/adc_tcp_server.c ****     {
 101:device/adc_tcp_server.c ****         case APP_TYPE_SET_PARAM:
 102:device/adc_tcp_server.c ****             return "SET_PARAM";
 103:device/adc_tcp_server.c **** 
 104:device/adc_tcp_server.c ****         case APP_TYPE_GET_PARAM:
 105:device/adc_tcp_server.c ****             return "GET_PARAM";
 106:device/adc_tcp_server.c **** 
 107:device/adc_tcp_server.c ****         case APP_TYPE_START:
 108:device/adc_tcp_server.c ****             return "START";
 109:device/adc_tcp_server.c **** 
 110:device/adc_tcp_server.c ****         case APP_TYPE_STOP:
 111:device/adc_tcp_server.c ****             return "STOP";
 112:device/adc_tcp_server.c **** 
 113:device/adc_tcp_server.c ****         case APP_TYPE_ACK:
 114:device/adc_tcp_server.c ****             return "ACK";
 115:device/adc_tcp_server.c **** 
 116:device/adc_tcp_server.c ****         case APP_TYPE_DATA:
 117:device/adc_tcp_server.c ****             return "DATA";
 118:device/adc_tcp_server.c **** 
 119:device/adc_tcp_server.c ****         default:
 120:device/adc_tcp_server.c ****             return "UNKNOWN";
  91              		.loc 1 120 20 view .LVU4
  92 0026 0A48     		ldr	r0, .L13+4
  93 0028 7047     		bx	lr
  94              	.LVL3:
  95              	.L2:
  99:device/adc_tcp_server.c ****     switch (type)
  96              		.loc 1 99 5 view .LVU5
  97 002a 8128     		cmp	r0, #129
  98 002c 0BD1     		bne	.L12
 117:device/adc_tcp_server.c **** 
  99              		.loc 1 117 20 view .LVU6
ARM GAS  /tmp/ccq8x8aq.s 			page 5


 100 002e 0948     		ldr	r0, .L13+8
 101              	.LVL4:
 117:device/adc_tcp_server.c **** 
 102              		.loc 1 117 20 view .LVU7
 103 0030 7047     		bx	lr
 104              	.L8:
 108:device/adc_tcp_server.c **** 
 105              		.loc 1 108 13 is_stmt 1 view .LVU8
 108:device/adc_tcp_server.c **** 
 106              		.loc 1 108 20 is_stmt 0 view .LVU9
 107 0032 0948     		ldr	r0, .L13+12
 108 0034 7047     		bx	lr
 109              	.L7:
 111:device/adc_tcp_server.c **** 
 110              		.loc 1 111 13 is_stmt 1 view .LVU10
 111:device/adc_tcp_server.c **** 
 111              		.loc 1 111 20 is_stmt 0 view .LVU11
 112 0036 0948     		ldr	r0, .L13+16
 113 0038 7047     		bx	lr
 114              	.L5:
 114:device/adc_tcp_server.c **** 
 115              		.loc 1 114 13 is_stmt 1 view .LVU12
 114:device/adc_tcp_server.c **** 
 116              		.loc 1 114 20 is_stmt 0 view .LVU13
 117 003a 0948     		ldr	r0, .L13+20
 118 003c 7047     		bx	lr
 119              	.LVL5:
 120              	.L10:
 121              		.loc 1 120 20 view .LVU14
 122 003e 0448     		ldr	r0, .L13+4
 123              	.LVL6:
 124              		.loc 1 120 20 view .LVU15
 125 0040 7047     		bx	lr
 126              	.LVL7:
 127              	.L11:
 105:device/adc_tcp_server.c **** 
 128              		.loc 1 105 20 view .LVU16
 129 0042 0848     		ldr	r0, .L13+24
 130 0044 7047     		bx	lr
 131              	.LVL8:
 132              	.L12:
 133              		.loc 1 120 20 view .LVU17
 134 0046 0248     		ldr	r0, .L13+4
 135              	.LVL9:
 121:device/adc_tcp_server.c ****     }
 122:device/adc_tcp_server.c **** }
 136              		.loc 1 122 1 view .LVU18
 137 0048 7047     		bx	lr
 138              	.L14:
 139 004a 00BF     		.align	2
 140              	.L13:
 141 004c 28000000 		.word	.LC5
 142 0050 00000000 		.word	.LC0
 143 0054 34000000 		.word	.LC6
 144 0058 14000000 		.word	.LC2
 145 005c 1C000000 		.word	.LC3
 146 0060 24000000 		.word	.LC4
ARM GAS  /tmp/ccq8x8aq.s 			page 6


 147 0064 08000000 		.word	.LC1
 148              		.cfi_endproc
 149              	.LFE159:
 151              		.section	.text.get_u16,"ax",%progbits
 152              		.align	1
 153              		.syntax unified
 154              		.thumb
 155              		.thumb_func
 156              		.fpu fpv4-sp-d16
 158              	get_u16:
 159              	.LVL10:
 160              	.LFB160:
 123:device/adc_tcp_server.c **** 
 124:device/adc_tcp_server.c **** static uint16_t get_u16(const uint8_t *p)
 125:device/adc_tcp_server.c **** {
 161              		.loc 1 125 1 is_stmt 1 view -0
 162              		.cfi_startproc
 163              		@ args = 0, pretend = 0, frame = 0
 164              		@ frame_needed = 0, uses_anonymous_args = 0
 165              		@ link register save eliminated.
 126:device/adc_tcp_server.c ****     return (uint16_t)(p[0] | ((uint16_t)p[1] << 8));
 166              		.loc 1 126 5 view .LVU20
 167              		.loc 1 126 24 is_stmt 0 view .LVU21
 168 0000 0378     		ldrb	r3, [r0]	@ zero_extendqisi2
 169              		.loc 1 126 42 view .LVU22
 170 0002 4078     		ldrb	r0, [r0, #1]	@ zero_extendqisi2
 171              	.LVL11:
 127:device/adc_tcp_server.c **** }
 172              		.loc 1 127 1 view .LVU23
 173 0004 43EA0020 		orr	r0, r3, r0, lsl #8
 174 0008 7047     		bx	lr
 175              		.cfi_endproc
 176              	.LFE160:
 178              		.section	.text.get_u32,"ax",%progbits
 179              		.align	1
 180              		.syntax unified
 181              		.thumb
 182              		.thumb_func
 183              		.fpu fpv4-sp-d16
 185              	get_u32:
 186              	.LVL12:
 187              	.LFB161:
 128:device/adc_tcp_server.c **** 
 129:device/adc_tcp_server.c **** static uint32_t get_u32(const uint8_t *p)
 130:device/adc_tcp_server.c **** {
 188              		.loc 1 130 1 is_stmt 1 view -0
 189              		.cfi_startproc
 190              		@ args = 0, pretend = 0, frame = 0
 191              		@ frame_needed = 0, uses_anonymous_args = 0
 192              		@ link register save eliminated.
 131:device/adc_tcp_server.c ****     return (uint32_t)p[0] |
 193              		.loc 1 131 5 view .LVU25
 194              		.loc 1 131 23 is_stmt 0 view .LVU26
 195 0000 0378     		ldrb	r3, [r0]	@ zero_extendqisi2
 132:device/adc_tcp_server.c ****            ((uint32_t)p[1] << 8) |
 196              		.loc 1 132 24 view .LVU27
 197 0002 4278     		ldrb	r2, [r0, #1]	@ zero_extendqisi2
ARM GAS  /tmp/ccq8x8aq.s 			page 7


 131:device/adc_tcp_server.c ****     return (uint32_t)p[0] |
 198              		.loc 1 131 27 view .LVU28
 199 0004 43EA0223 		orr	r3, r3, r2, lsl #8
 133:device/adc_tcp_server.c ****            ((uint32_t)p[2] << 16) |
 200              		.loc 1 133 24 view .LVU29
 201 0008 8278     		ldrb	r2, [r0, #2]	@ zero_extendqisi2
 132:device/adc_tcp_server.c ****            ((uint32_t)p[1] << 8) |
 202              		.loc 1 132 34 view .LVU30
 203 000a 43EA0243 		orr	r3, r3, r2, lsl #16
 134:device/adc_tcp_server.c ****            ((uint32_t)p[3] << 24);
 204              		.loc 1 134 24 view .LVU31
 205 000e C078     		ldrb	r0, [r0, #3]	@ zero_extendqisi2
 206              	.LVL13:
 135:device/adc_tcp_server.c **** }
 207              		.loc 1 135 1 view .LVU32
 208 0010 43EA0060 		orr	r0, r3, r0, lsl #24
 209 0014 7047     		bx	lr
 210              		.cfi_endproc
 211              	.LFE161:
 213              		.section	.text.put_u16,"ax",%progbits
 214              		.align	1
 215              		.syntax unified
 216              		.thumb
 217              		.thumb_func
 218              		.fpu fpv4-sp-d16
 220              	put_u16:
 221              	.LVL14:
 222              	.LFB162:
 136:device/adc_tcp_server.c **** 
 137:device/adc_tcp_server.c **** static void put_u16(uint8_t *p, uint16_t v)
 138:device/adc_tcp_server.c **** {
 223              		.loc 1 138 1 is_stmt 1 view -0
 224              		.cfi_startproc
 225              		@ args = 0, pretend = 0, frame = 0
 226              		@ frame_needed = 0, uses_anonymous_args = 0
 227              		@ link register save eliminated.
 139:device/adc_tcp_server.c ****     p[0] = (uint8_t)v;
 228              		.loc 1 139 5 view .LVU34
 229              		.loc 1 139 10 is_stmt 0 view .LVU35
 230 0000 0170     		strb	r1, [r0]
 140:device/adc_tcp_server.c ****     p[1] = (uint8_t)(v >> 8);
 231              		.loc 1 140 5 is_stmt 1 view .LVU36
 232              		.loc 1 140 12 is_stmt 0 view .LVU37
 233 0002 090A     		lsrs	r1, r1, #8
 234              	.LVL15:
 235              		.loc 1 140 10 view .LVU38
 236 0004 4170     		strb	r1, [r0, #1]
 141:device/adc_tcp_server.c **** }
 237              		.loc 1 141 1 view .LVU39
 238 0006 7047     		bx	lr
 239              		.cfi_endproc
 240              	.LFE162:
 242              		.section	.text.put_u32,"ax",%progbits
 243              		.align	1
 244              		.syntax unified
 245              		.thumb
 246              		.thumb_func
ARM GAS  /tmp/ccq8x8aq.s 			page 8


 247              		.fpu fpv4-sp-d16
 249              	put_u32:
 250              	.LVL16:
 251              	.LFB163:
 142:device/adc_tcp_server.c **** 
 143:device/adc_tcp_server.c **** static void put_u32(uint8_t *p, uint32_t v)
 144:device/adc_tcp_server.c **** {
 252              		.loc 1 144 1 is_stmt 1 view -0
 253              		.cfi_startproc
 254              		@ args = 0, pretend = 0, frame = 0
 255              		@ frame_needed = 0, uses_anonymous_args = 0
 256              		@ link register save eliminated.
 145:device/adc_tcp_server.c ****     p[0] = (uint8_t)v;
 257              		.loc 1 145 5 view .LVU41
 258              		.loc 1 145 10 is_stmt 0 view .LVU42
 259 0000 0170     		strb	r1, [r0]
 146:device/adc_tcp_server.c ****     p[1] = (uint8_t)(v >> 8);
 260              		.loc 1 146 5 is_stmt 1 view .LVU43
 261              		.loc 1 146 12 is_stmt 0 view .LVU44
 262 0002 C1F30723 		ubfx	r3, r1, #8, #8
 263              		.loc 1 146 10 view .LVU45
 264 0006 4370     		strb	r3, [r0, #1]
 147:device/adc_tcp_server.c ****     p[2] = (uint8_t)(v >> 16);
 265              		.loc 1 147 5 is_stmt 1 view .LVU46
 266              		.loc 1 147 12 is_stmt 0 view .LVU47
 267 0008 C1F30743 		ubfx	r3, r1, #16, #8
 268              		.loc 1 147 10 view .LVU48
 269 000c 8370     		strb	r3, [r0, #2]
 148:device/adc_tcp_server.c ****     p[3] = (uint8_t)(v >> 24);
 270              		.loc 1 148 5 is_stmt 1 view .LVU49
 271              		.loc 1 148 12 is_stmt 0 view .LVU50
 272 000e 090E     		lsrs	r1, r1, #24
 273              	.LVL17:
 274              		.loc 1 148 10 view .LVU51
 275 0010 C170     		strb	r1, [r0, #3]
 149:device/adc_tcp_server.c **** }
 276              		.loc 1 149 1 view .LVU52
 277 0012 7047     		bx	lr
 278              		.cfi_endproc
 279              	.LFE163:
 281              		.section	.text.txq_next,"ax",%progbits
 282              		.align	1
 283              		.syntax unified
 284              		.thumb
 285              		.thumb_func
 286              		.fpu fpv4-sp-d16
 288              	txq_next:
 289              	.LVL18:
 290              	.LFB164:
 150:device/adc_tcp_server.c **** 
 151:device/adc_tcp_server.c **** static uint8_t txq_next(uint8_t i)
 152:device/adc_tcp_server.c **** {
 291              		.loc 1 152 1 is_stmt 1 view -0
 292              		.cfi_startproc
 293              		@ args = 0, pretend = 0, frame = 0
 294              		@ frame_needed = 0, uses_anonymous_args = 0
 295              		@ link register save eliminated.
ARM GAS  /tmp/ccq8x8aq.s 			page 9


 153:device/adc_tcp_server.c ****     i++;
 296              		.loc 1 153 5 view .LVU54
 297              		.loc 1 153 6 is_stmt 0 view .LVU55
 298 0000 0130     		adds	r0, r0, #1
 299              	.LVL19:
 300              		.loc 1 153 6 view .LVU56
 301 0002 C0B2     		uxtb	r0, r0
 302              	.LVL20:
 154:device/adc_tcp_server.c ****     if (i >= TXQ_LEN)
 303              		.loc 1 154 5 is_stmt 1 view .LVU57
 304              		.loc 1 154 8 is_stmt 0 view .LVU58
 305 0004 2728     		cmp	r0, #39
 306 0006 00D9     		bls	.L20
 155:device/adc_tcp_server.c ****     {
 156:device/adc_tcp_server.c ****         i = 0;
 307              		.loc 1 156 11 view .LVU59
 308 0008 0020     		movs	r0, #0
 309              	.LVL21:
 310              	.L20:
 157:device/adc_tcp_server.c ****     }
 158:device/adc_tcp_server.c ****     return i;
 311              		.loc 1 158 5 is_stmt 1 view .LVU60
 159:device/adc_tcp_server.c **** }
 312              		.loc 1 159 1 is_stmt 0 view .LVU61
 313 000a 7047     		bx	lr
 314              		.cfi_endproc
 315              	.LFE164:
 317              		.section	.text.txq_push,"ax",%progbits
 318              		.align	1
 319              		.syntax unified
 320              		.thumb
 321              		.thumb_func
 322              		.fpu fpv4-sp-d16
 324              	txq_push:
 325              	.LVL22:
 326              	.LFB166:
 160:device/adc_tcp_server.c **** 
 161:device/adc_tcp_server.c **** static void txq_reset(void)
 162:device/adc_tcp_server.c **** {
 163:device/adc_tcp_server.c ****     memset(s_txq, 0, sizeof(s_txq));
 164:device/adc_tcp_server.c ****     s_txq_head = 0;
 165:device/adc_tcp_server.c ****     s_txq_tail = 0;
 166:device/adc_tcp_server.c ****     s_txq_count = 0;
 167:device/adc_tcp_server.c ****     s_unacked_total_bytes = 0;
 168:device/adc_tcp_server.c ****     s_unacked_data_bytes = 0;
 169:device/adc_tcp_server.c **** }
 170:device/adc_tcp_server.c **** 
 171:device/adc_tcp_server.c **** static int txq_push(uint8_t type, uint16_t len, AdcStreamBlock_t *blk)
 172:device/adc_tcp_server.c **** {
 327              		.loc 1 172 1 is_stmt 1 view -0
 328              		.cfi_startproc
 329              		@ args = 0, pretend = 0, frame = 0
 330              		@ frame_needed = 0, uses_anonymous_args = 0
 331              		.loc 1 172 1 is_stmt 0 view .LVU63
 332 0000 F8B5     		push	{r3, r4, r5, r6, r7, lr}
 333              	.LCFI0:
 334              		.cfi_def_cfa_offset 24
ARM GAS  /tmp/ccq8x8aq.s 			page 10


 335              		.cfi_offset 3, -24
 336              		.cfi_offset 4, -20
 337              		.cfi_offset 5, -16
 338              		.cfi_offset 6, -12
 339              		.cfi_offset 7, -8
 340              		.cfi_offset 14, -4
 173:device/adc_tcp_server.c ****     if (s_txq_count >= TXQ_LEN)
 341              		.loc 1 173 5 is_stmt 1 view .LVU64
 342              		.loc 1 173 21 is_stmt 0 view .LVU65
 343 0002 134B     		ldr	r3, .L28
 344 0004 1E88     		ldrh	r6, [r3]
 345              		.loc 1 173 8 view .LVU66
 346 0006 272E     		cmp	r6, #39
 347 0008 1ED8     		bhi	.L24
 348 000a 0546     		mov	r5, r0
 349 000c 0C46     		mov	r4, r1
 174:device/adc_tcp_server.c ****     {
 175:device/adc_tcp_server.c ****         return -1;
 176:device/adc_tcp_server.c ****     }
 177:device/adc_tcp_server.c **** 
 178:device/adc_tcp_server.c ****     s_txq[s_txq_tail].type = type;
 350              		.loc 1 178 5 is_stmt 1 view .LVU67
 351              		.loc 1 178 22 is_stmt 0 view .LVU68
 352 000e 114F     		ldr	r7, .L28+4
 353 0010 3878     		ldrb	r0, [r7]	@ zero_extendqisi2
 354              	.LVL23:
 355              		.loc 1 178 28 view .LVU69
 356 0012 1149     		ldr	r1, .L28+8
 357              	.LVL24:
 358              		.loc 1 178 28 view .LVU70
 359 0014 01EBC003 		add	r3, r1, r0, lsl #3
 360 0018 9D70     		strb	r5, [r3, #2]
 179:device/adc_tcp_server.c ****     s_txq[s_txq_tail].len = len;
 361              		.loc 1 179 5 is_stmt 1 view .LVU71
 362              		.loc 1 179 27 is_stmt 0 view .LVU72
 363 001a 21F83040 		strh	r4, [r1, r0, lsl #3]	@ movhi
 180:device/adc_tcp_server.c ****     s_txq[s_txq_tail].blk = blk;
 364              		.loc 1 180 5 is_stmt 1 view .LVU73
 365              		.loc 1 180 27 is_stmt 0 view .LVU74
 366 001e 5A60     		str	r2, [r3, #4]
 181:device/adc_tcp_server.c ****     s_txq_tail = txq_next(s_txq_tail);
 367              		.loc 1 181 5 is_stmt 1 view .LVU75
 368              		.loc 1 181 18 is_stmt 0 view .LVU76
 369 0020 FFF7FEFF 		bl	txq_next
 370              	.LVL25:
 371              		.loc 1 181 16 view .LVU77
 372 0024 3870     		strb	r0, [r7]
 182:device/adc_tcp_server.c ****     s_txq_count++;
 373              		.loc 1 182 5 is_stmt 1 view .LVU78
 374              		.loc 1 182 16 is_stmt 0 view .LVU79
 375 0026 0136     		adds	r6, r6, #1
 376 0028 094B     		ldr	r3, .L28
 377 002a 1E80     		strh	r6, [r3]	@ movhi
 183:device/adc_tcp_server.c **** 
 184:device/adc_tcp_server.c ****     s_unacked_total_bytes += len;
 378              		.loc 1 184 5 is_stmt 1 view .LVU80
 379              		.loc 1 184 27 is_stmt 0 view .LVU81
ARM GAS  /tmp/ccq8x8aq.s 			page 11


 380 002c 0B4A     		ldr	r2, .L28+12
 381 002e 1368     		ldr	r3, [r2]
 382 0030 2344     		add	r3, r3, r4
 383 0032 1360     		str	r3, [r2]
 185:device/adc_tcp_server.c ****     if (type == TXQ_TYPE_DATA)
 384              		.loc 1 185 5 is_stmt 1 view .LVU82
 385              		.loc 1 185 8 is_stmt 0 view .LVU83
 386 0034 012D     		cmp	r5, #1
 387 0036 01D0     		beq	.L27
 186:device/adc_tcp_server.c ****     {
 187:device/adc_tcp_server.c ****         s_unacked_data_bytes += len;
 188:device/adc_tcp_server.c ****     }
 189:device/adc_tcp_server.c **** 
 190:device/adc_tcp_server.c ****     return 0;
 388              		.loc 1 190 12 view .LVU84
 389 0038 0020     		movs	r0, #0
 390              	.L22:
 191:device/adc_tcp_server.c **** }
 391              		.loc 1 191 1 view .LVU85
 392 003a F8BD     		pop	{r3, r4, r5, r6, r7, pc}
 393              	.L27:
 187:device/adc_tcp_server.c ****     }
 394              		.loc 1 187 9 is_stmt 1 view .LVU86
 187:device/adc_tcp_server.c ****     }
 395              		.loc 1 187 30 is_stmt 0 view .LVU87
 396 003c 084B     		ldr	r3, .L28+16
 397 003e 1968     		ldr	r1, [r3]
 398 0040 2144     		add	r1, r1, r4
 399 0042 1960     		str	r1, [r3]
 190:device/adc_tcp_server.c **** }
 400              		.loc 1 190 12 view .LVU88
 401 0044 0020     		movs	r0, #0
 402 0046 F8E7     		b	.L22
 403              	.LVL26:
 404              	.L24:
 175:device/adc_tcp_server.c ****     }
 405              		.loc 1 175 16 view .LVU89
 406 0048 4FF0FF30 		mov	r0, #-1
 407              	.LVL27:
 175:device/adc_tcp_server.c ****     }
 408              		.loc 1 175 16 view .LVU90
 409 004c F5E7     		b	.L22
 410              	.L29:
 411 004e 00BF     		.align	2
 412              	.L28:
 413 0050 00000000 		.word	.LANCHOR0
 414 0054 00000000 		.word	.LANCHOR1
 415 0058 00000000 		.word	.LANCHOR2
 416 005c 00000000 		.word	.LANCHOR3
 417 0060 00000000 		.word	.LANCHOR4
 418              		.cfi_endproc
 419              	.LFE166:
 421              		.section	.text.tcp_sndq_len_now,"ax",%progbits
 422              		.align	1
 423              		.syntax unified
 424              		.thumb
 425              		.thumb_func
ARM GAS  /tmp/ccq8x8aq.s 			page 12


 426              		.fpu fpv4-sp-d16
 428              	tcp_sndq_len_now:
 429              	.LFB167:
 192:device/adc_tcp_server.c **** 
 193:device/adc_tcp_server.c **** static uint16_t tcp_sndq_len_now(void)
 194:device/adc_tcp_server.c **** {
 430              		.loc 1 194 1 is_stmt 1 view -0
 431              		.cfi_startproc
 432              		@ args = 0, pretend = 0, frame = 0
 433              		@ frame_needed = 0, uses_anonymous_args = 0
 434              		@ link register save eliminated.
 195:device/adc_tcp_server.c ****     if (s_client == 0)
 435              		.loc 1 195 5 view .LVU92
 436              		.loc 1 195 18 is_stmt 0 view .LVU93
 437 0000 034B     		ldr	r3, .L33
 438 0002 1B68     		ldr	r3, [r3]
 439              		.loc 1 195 8 view .LVU94
 440 0004 13B1     		cbz	r3, .L32
 196:device/adc_tcp_server.c ****     {
 197:device/adc_tcp_server.c ****         return 0U;
 198:device/adc_tcp_server.c ****     }
 199:device/adc_tcp_server.c **** #ifdef tcp_sndqueuelen
 200:device/adc_tcp_server.c ****     return tcp_sndqueuelen(s_client);
 441              		.loc 1 200 5 is_stmt 1 view .LVU95
 442              		.loc 1 200 12 is_stmt 0 view .LVU96
 443 0006 B3F86600 		ldrh	r0, [r3, #102]
 444 000a 7047     		bx	lr
 445              	.L32:
 197:device/adc_tcp_server.c ****     }
 446              		.loc 1 197 16 view .LVU97
 447 000c 0020     		movs	r0, #0
 201:device/adc_tcp_server.c **** #else
 202:device/adc_tcp_server.c ****     return s_client->snd_queuelen;
 203:device/adc_tcp_server.c **** #endif
 204:device/adc_tcp_server.c **** }
 448              		.loc 1 204 1 view .LVU98
 449 000e 7047     		bx	lr
 450              	.L34:
 451              		.align	2
 452              	.L33:
 453 0010 00000000 		.word	.LANCHOR5
 454              		.cfi_endproc
 455              	.LFE167:
 457              		.section	.text.tcp_required_segs,"ax",%progbits
 458              		.align	1
 459              		.syntax unified
 460              		.thumb
 461              		.thumb_func
 462              		.fpu fpv4-sp-d16
 464              	tcp_required_segs:
 465              	.LVL28:
 466              	.LFB168:
 205:device/adc_tcp_server.c **** 
 206:device/adc_tcp_server.c **** static uint16_t tcp_required_segs(uint16_t len)
 207:device/adc_tcp_server.c **** {
 467              		.loc 1 207 1 is_stmt 1 view -0
 468              		.cfi_startproc
ARM GAS  /tmp/ccq8x8aq.s 			page 13


 469              		@ args = 0, pretend = 0, frame = 0
 470              		@ frame_needed = 0, uses_anonymous_args = 0
 471              		@ link register save eliminated.
 208:device/adc_tcp_server.c ****     uint16_t segs = (uint16_t)((len + (uint16_t)TCP_MSS - 1U) / (uint16_t)TCP_MSS);
 472              		.loc 1 208 5 view .LVU100
 473              		.loc 1 208 57 is_stmt 0 view .LVU101
 474 0000 00F2B350 		addw	r0, r0, #1459
 475              	.LVL29:
 476              		.loc 1 208 63 view .LVU102
 477 0004 8008     		lsrs	r0, r0, #2
 478 0006 034B     		ldr	r3, .L38
 479 0008 A3FB0030 		umull	r3, r0, r3, r0
 480              	.LVL30:
 209:device/adc_tcp_server.c ****     if (segs == 0U)
 481              		.loc 1 209 5 is_stmt 1 view .LVU103
 482              		.loc 1 209 8 is_stmt 0 view .LVU104
 483 000c C009     		lsrs	r0, r0, #7
 484              	.LVL31:
 485              		.loc 1 209 8 view .LVU105
 486 000e 00D1     		bne	.L36
 210:device/adc_tcp_server.c ****     {
 211:device/adc_tcp_server.c ****         segs = 1U;
 487              		.loc 1 211 14 view .LVU106
 488 0010 0120     		movs	r0, #1
 489              	.L36:
 490              	.LVL32:
 212:device/adc_tcp_server.c ****     }
 213:device/adc_tcp_server.c ****     return segs;
 491              		.loc 1 213 5 is_stmt 1 view .LVU107
 214:device/adc_tcp_server.c **** }
 492              		.loc 1 214 1 is_stmt 0 view .LVU108
 493 0012 7047     		bx	lr
 494              	.L39:
 495              		.align	2
 496              	.L38:
 497 0014 D97CC659 		.word	1506180313
 498              		.cfi_endproc
 499              	.LFE168:
 501              		.section	.text.crc16_modbus,"ax",%progbits
 502              		.align	1
 503              		.syntax unified
 504              		.thumb
 505              		.thumb_func
 506              		.fpu fpv4-sp-d16
 508              	crc16_modbus:
 509              	.LVL33:
 510              	.LFB169:
 215:device/adc_tcp_server.c **** 
 216:device/adc_tcp_server.c **** static uint16_t crc16_modbus(const uint8_t *data, uint32_t len)
 217:device/adc_tcp_server.c **** {
 511              		.loc 1 217 1 is_stmt 1 view -0
 512              		.cfi_startproc
 513              		@ args = 0, pretend = 0, frame = 0
 514              		@ frame_needed = 0, uses_anonymous_args = 0
 515              		@ link register save eliminated.
 516              		.loc 1 217 1 is_stmt 0 view .LVU110
 517 0000 30B4     		push	{r4, r5}
ARM GAS  /tmp/ccq8x8aq.s 			page 14


 518              	.LCFI1:
 519              		.cfi_def_cfa_offset 8
 520              		.cfi_offset 4, -8
 521              		.cfi_offset 5, -4
 522 0002 0546     		mov	r5, r0
 218:device/adc_tcp_server.c ****     static const uint16_t s_crc_table[256] =
 523              		.loc 1 218 5 is_stmt 1 view .LVU111
 219:device/adc_tcp_server.c ****     {
 220:device/adc_tcp_server.c ****         0x0000U, 0xC0C1U, 0xC181U, 0x0140U, 0xC301U, 0x03C0U, 0x0280U, 0xC241U, 0xC601U, 0x06C0U, 0
 221:device/adc_tcp_server.c ****         0xCC01U, 0x0CC0U, 0x0D80U, 0xCD41U, 0x0F00U, 0xCFC1U, 0xCE81U, 0x0E40U, 0x0A00U, 0xCAC1U, 0
 222:device/adc_tcp_server.c ****         0xD801U, 0x18C0U, 0x1980U, 0xD941U, 0x1B00U, 0xDBC1U, 0xDA81U, 0x1A40U, 0x1E00U, 0xDEC1U, 0
 223:device/adc_tcp_server.c ****         0x1400U, 0xD4C1U, 0xD581U, 0x1540U, 0xD701U, 0x17C0U, 0x1680U, 0xD641U, 0xD201U, 0x12C0U, 0
 224:device/adc_tcp_server.c ****         0xF001U, 0x30C0U, 0x3180U, 0xF141U, 0x3300U, 0xF3C1U, 0xF281U, 0x3240U, 0x3600U, 0xF6C1U, 0
 225:device/adc_tcp_server.c ****         0x3C00U, 0xFCC1U, 0xFD81U, 0x3D40U, 0xFF01U, 0x3FC0U, 0x3E80U, 0xFE41U, 0xFA01U, 0x3AC0U, 0
 226:device/adc_tcp_server.c ****         0x2800U, 0xE8C1U, 0xE981U, 0x2940U, 0xEB01U, 0x2BC0U, 0x2A80U, 0xEA41U, 0xEE01U, 0x2EC0U, 0
 227:device/adc_tcp_server.c ****         0xE401U, 0x24C0U, 0x2580U, 0xE541U, 0x2700U, 0xE7C1U, 0xE681U, 0x2640U, 0x2200U, 0xE2C1U, 0
 228:device/adc_tcp_server.c ****         0xA001U, 0x60C0U, 0x6180U, 0xA141U, 0x6300U, 0xA3C1U, 0xA281U, 0x6240U, 0x6600U, 0xA6C1U, 0
 229:device/adc_tcp_server.c ****         0x6C00U, 0xACC1U, 0xAD81U, 0x6D40U, 0xAF01U, 0x6FC0U, 0x6E80U, 0xAE41U, 0xAA01U, 0x6AC0U, 0
 230:device/adc_tcp_server.c ****         0x7800U, 0xB8C1U, 0xB981U, 0x7940U, 0xBB01U, 0x7BC0U, 0x7A80U, 0xBA41U, 0xBE01U, 0x7EC0U, 0
 231:device/adc_tcp_server.c ****         0xB401U, 0x74C0U, 0x7580U, 0xB541U, 0x7700U, 0xB7C1U, 0xB681U, 0x7640U, 0x7200U, 0xB2C1U, 0
 232:device/adc_tcp_server.c ****         0x5000U, 0x90C1U, 0x9181U, 0x5140U, 0x9301U, 0x53C0U, 0x5280U, 0x9241U, 0x9601U, 0x56C0U, 0
 233:device/adc_tcp_server.c ****         0x9C01U, 0x5CC0U, 0x5D80U, 0x9D41U, 0x5F00U, 0x9FC1U, 0x9E81U, 0x5E40U, 0x5A00U, 0x9AC1U, 0
 234:device/adc_tcp_server.c ****         0x8801U, 0x48C0U, 0x4980U, 0x8941U, 0x4B00U, 0x8BC1U, 0x8A81U, 0x4A40U, 0x4E00U, 0x8EC1U, 0
 235:device/adc_tcp_server.c ****         0x4400U, 0x84C1U, 0x8581U, 0x4540U, 0x8701U, 0x47C0U, 0x4680U, 0x8641U, 0x8201U, 0x42C0U, 0
 236:device/adc_tcp_server.c ****     };
 237:device/adc_tcp_server.c **** 
 238:device/adc_tcp_server.c ****     uint16_t crc = 0xFFFFU;
 524              		.loc 1 238 5 view .LVU112
 525              	.LVL34:
 239:device/adc_tcp_server.c ****     for (uint32_t i = 0; i < len; i++)
 526              		.loc 1 239 5 view .LVU113
 527              	.LBB2:
 528              		.loc 1 239 10 view .LVU114
 529              		.loc 1 239 19 is_stmt 0 view .LVU115
 530 0004 0022     		movs	r2, #0
 531              	.LBE2:
 238:device/adc_tcp_server.c ****     for (uint32_t i = 0; i < len; i++)
 532              		.loc 1 238 14 view .LVU116
 533 0006 4FF6FF70 		movw	r0, #65535
 534              	.LVL35:
 535              	.L41:
 536              	.LBB3:
 537              		.loc 1 239 26 is_stmt 1 discriminator 1 view .LVU117
 538              		.loc 1 239 5 is_stmt 0 discriminator 1 view .LVU118
 539 000a 8A42     		cmp	r2, r1
 540 000c 09D2     		bcs	.L44
 240:device/adc_tcp_server.c ****     {
 241:device/adc_tcp_server.c ****         crc = (uint16_t)((crc >> 8) ^ s_crc_table[(crc ^ data[i]) & 0xFFU]);
 541              		.loc 1 241 9 is_stmt 1 discriminator 3 view .LVU119
 542              		.loc 1 241 62 is_stmt 0 discriminator 3 view .LVU120
 543 000e AB5C     		ldrb	r3, [r5, r2]	@ zero_extendqisi2
 544              		.loc 1 241 56 discriminator 3 view .LVU121
 545 0010 4340     		eors	r3, r3, r0
 546              		.loc 1 241 67 discriminator 3 view .LVU122
 547 0012 DBB2     		uxtb	r3, r3
 548              		.loc 1 241 50 discriminator 3 view .LVU123
 549 0014 044C     		ldr	r4, .L45
ARM GAS  /tmp/ccq8x8aq.s 			page 15


 550 0016 34F81330 		ldrh	r3, [r4, r3, lsl #1]
 551              		.loc 1 241 13 discriminator 3 view .LVU124
 552 001a 83EA1020 		eor	r0, r3, r0, lsr #8
 553              	.LVL36:
 239:device/adc_tcp_server.c ****     {
 554              		.loc 1 239 35 is_stmt 1 discriminator 3 view .LVU125
 239:device/adc_tcp_server.c ****     {
 555              		.loc 1 239 36 is_stmt 0 discriminator 3 view .LVU126
 556 001e 0132     		adds	r2, r2, #1
 557              	.LVL37:
 239:device/adc_tcp_server.c ****     {
 558              		.loc 1 239 36 discriminator 3 view .LVU127
 559 0020 F3E7     		b	.L41
 560              	.L44:
 239:device/adc_tcp_server.c ****     {
 561              		.loc 1 239 36 discriminator 3 view .LVU128
 562              	.LBE3:
 242:device/adc_tcp_server.c ****     }
 243:device/adc_tcp_server.c ****     return crc;
 244:device/adc_tcp_server.c **** }
 563              		.loc 1 244 1 view .LVU129
 564 0022 30BC     		pop	{r4, r5}
 565              	.LCFI2:
 566              		.cfi_restore 5
 567              		.cfi_restore 4
 568              		.cfi_def_cfa_offset 0
 569              	.LVL38:
 570              		.loc 1 244 1 view .LVU130
 571 0024 7047     		bx	lr
 572              	.L46:
 573 0026 00BF     		.align	2
 574              	.L45:
 575 0028 00000000 		.word	.LANCHOR6
 576              		.cfi_endproc
 577              	.LFE169:
 579              		.section	.text.build_data_frame,"ax",%progbits
 580              		.align	1
 581              		.syntax unified
 582              		.thumb
 583              		.thumb_func
 584              		.fpu fpv4-sp-d16
 586              	build_data_frame:
 587              	.LVL39:
 588              	.LFB172:
 245:device/adc_tcp_server.c **** 
 246:device/adc_tcp_server.c **** static uint16_t build_small_frame(uint8_t type, uint32_t seq, const uint8_t *payload, uint16_t len,
 247:device/adc_tcp_server.c **** {
 248:device/adc_tcp_server.c ****     put_u16(&out[0], APP_PROTO_MAGIC);
 249:device/adc_tcp_server.c ****     out[2] = APP_PROTO_VER;
 250:device/adc_tcp_server.c ****     out[3] = type;
 251:device/adc_tcp_server.c ****     put_u16(&out[4], len);
 252:device/adc_tcp_server.c ****     put_u32(&out[6], seq);
 253:device/adc_tcp_server.c **** 
 254:device/adc_tcp_server.c ****     if ((len != 0U) && (payload != 0))
 255:device/adc_tcp_server.c ****     {
 256:device/adc_tcp_server.c ****         memcpy(&out[APP_FRAME_HDR_LEN], payload, len);
 257:device/adc_tcp_server.c ****     }
ARM GAS  /tmp/ccq8x8aq.s 			page 16


 258:device/adc_tcp_server.c **** 
 259:device/adc_tcp_server.c ****     uint16_t crc = crc16_modbus(out, APP_FRAME_HDR_LEN + len);
 260:device/adc_tcp_server.c ****     put_u16(&out[APP_FRAME_HDR_LEN + len], crc);
 261:device/adc_tcp_server.c **** 
 262:device/adc_tcp_server.c ****     return (uint16_t)(APP_FRAME_HDR_LEN + len + APP_FRAME_CRC_LEN);
 263:device/adc_tcp_server.c **** }
 264:device/adc_tcp_server.c **** 
 265:device/adc_tcp_server.c **** static err_t send_small_frame(uint8_t type, const uint8_t *payload, uint16_t len)
 266:device/adc_tcp_server.c **** {
 267:device/adc_tcp_server.c ****     if (s_client == 0)
 268:device/adc_tcp_server.c ****     {
 269:device/adc_tcp_server.c ****         return ERR_CONN;
 270:device/adc_tcp_server.c ****     }
 271:device/adc_tcp_server.c **** 
 272:device/adc_tcp_server.c ****     if ((uint16_t)(APP_FRAME_HDR_LEN + len + APP_FRAME_CRC_LEN) > APP_ACK_FRAME_MAX_LEN)
 273:device/adc_tcp_server.c ****     {
 274:device/adc_tcp_server.c ****         return ERR_ARG;
 275:device/adc_tcp_server.c ****     }
 276:device/adc_tcp_server.c **** 
 277:device/adc_tcp_server.c ****     if (s_txq_count >= TXQ_LEN)
 278:device/adc_tcp_server.c ****     {
 279:device/adc_tcp_server.c ****         return ERR_MEM;
 280:device/adc_tcp_server.c ****     }
 281:device/adc_tcp_server.c **** 
 282:device/adc_tcp_server.c ****     uint16_t frame_len = build_small_frame(type, s_frame_seq++, payload, len, s_ackbuf);
 283:device/adc_tcp_server.c **** 
 284:device/adc_tcp_server.c ****     if (tcp_sndbuf(s_client) < frame_len)
 285:device/adc_tcp_server.c ****     {
 286:device/adc_tcp_server.c ****         return ERR_MEM;
 287:device/adc_tcp_server.c ****     }
 288:device/adc_tcp_server.c **** 
 289:device/adc_tcp_server.c ****     err_t e = tcp_write(s_client, s_ackbuf, frame_len, TCP_WRITE_FLAG_COPY);
 290:device/adc_tcp_server.c ****     if (e == ERR_OK)
 291:device/adc_tcp_server.c ****     {
 292:device/adc_tcp_server.c ****         if (txq_push(TXQ_TYPE_CTRL, frame_len, 0) != 0)
 293:device/adc_tcp_server.c ****         {
 294:device/adc_tcp_server.c ****             return ERR_MEM;
 295:device/adc_tcp_server.c ****         }
 296:device/adc_tcp_server.c ****         (void)tcp_output(s_client);
 297:device/adc_tcp_server.c ****     }
 298:device/adc_tcp_server.c **** 
 299:device/adc_tcp_server.c ****     return e;
 300:device/adc_tcp_server.c **** }
 301:device/adc_tcp_server.c **** 
 302:device/adc_tcp_server.c **** static void build_data_frame(AdcStreamBlock_t *blk)
 303:device/adc_tcp_server.c **** {
 589              		.loc 1 303 1 is_stmt 1 view -0
 590              		.cfi_startproc
 591              		@ args = 0, pretend = 0, frame = 0
 592              		@ frame_needed = 0, uses_anonymous_args = 0
 593              		.loc 1 303 1 is_stmt 0 view .LVU132
 594 0000 F8B5     		push	{r3, r4, r5, r6, r7, lr}
 595              	.LCFI3:
 596              		.cfi_def_cfa_offset 24
 597              		.cfi_offset 3, -24
 598              		.cfi_offset 4, -20
 599              		.cfi_offset 5, -16
ARM GAS  /tmp/ccq8x8aq.s 			page 17


 600              		.cfi_offset 6, -12
 601              		.cfi_offset 7, -8
 602              		.cfi_offset 14, -4
 603 0002 0446     		mov	r4, r0
 304:device/adc_tcp_server.c ****     uint8_t *f = blk->frame;
 604              		.loc 1 304 5 is_stmt 1 view .LVU133
 605              		.loc 1 304 14 is_stmt 0 view .LVU134
 606 0004 00F10C06 		add	r6, r0, #12
 607              	.LVL40:
 305:device/adc_tcp_server.c ****     uint16_t payload_len = (uint16_t)(APP_DATA_META_LEN + blk->data_bytes);
 608              		.loc 1 305 5 is_stmt 1 view .LVU135
 609              		.loc 1 305 62 is_stmt 0 view .LVU136
 610 0008 C588     		ldrh	r5, [r0, #6]
 611              		.loc 1 305 14 view .LVU137
 612 000a 05F11007 		add	r7, r5, #16
 613 000e BFB2     		uxth	r7, r7
 614              	.LVL41:
 306:device/adc_tcp_server.c **** 
 307:device/adc_tcp_server.c ****     put_u16(&f[0], APP_PROTO_MAGIC);
 615              		.loc 1 307 5 is_stmt 1 view .LVU138
 616 0010 4AF25A51 		movw	r1, #42330
 617 0014 3046     		mov	r0, r6
 618              	.LVL42:
 619              		.loc 1 307 5 is_stmt 0 view .LVU139
 620 0016 FFF7FEFF 		bl	put_u16
 621              	.LVL43:
 308:device/adc_tcp_server.c ****     f[2] = APP_PROTO_VER;
 622              		.loc 1 308 5 is_stmt 1 view .LVU140
 623              		.loc 1 308 10 is_stmt 0 view .LVU141
 624 001a 0123     		movs	r3, #1
 625 001c A373     		strb	r3, [r4, #14]
 309:device/adc_tcp_server.c ****     f[3] = APP_TYPE_DATA;
 626              		.loc 1 309 5 is_stmt 1 view .LVU142
 627              		.loc 1 309 10 is_stmt 0 view .LVU143
 628 001e 8123     		movs	r3, #129
 629 0020 E373     		strb	r3, [r4, #15]
 310:device/adc_tcp_server.c ****     put_u16(&f[4], payload_len);
 630              		.loc 1 310 5 is_stmt 1 view .LVU144
 631 0022 3946     		mov	r1, r7
 632 0024 04F11000 		add	r0, r4, #16
 633 0028 FFF7FEFF 		bl	put_u16
 634              	.LVL44:
 311:device/adc_tcp_server.c ****     put_u32(&f[6], s_frame_seq++);
 635              		.loc 1 311 5 view .LVU145
 636 002c 184B     		ldr	r3, .L49
 637 002e 1968     		ldr	r1, [r3]
 638 0030 4A1C     		adds	r2, r1, #1
 639 0032 1A60     		str	r2, [r3]
 640 0034 04F11200 		add	r0, r4, #18
 641 0038 FFF7FEFF 		bl	put_u32
 642              	.LVL45:
 312:device/adc_tcp_server.c **** 
 313:device/adc_tcp_server.c ****     uint8_t *p = &f[APP_FRAME_HDR_LEN];
 643              		.loc 1 313 5 view .LVU146
 314:device/adc_tcp_server.c ****     put_u32(&p[0], g_app_cfg.fs_hz);
 644              		.loc 1 314 5 view .LVU147
 645 003c 154F     		ldr	r7, .L49+4
ARM GAS  /tmp/ccq8x8aq.s 			page 18


 646              	.LVL46:
 647              		.loc 1 314 5 is_stmt 0 view .LVU148
 648 003e 3968     		ldr	r1, [r7]
 649 0040 04F11600 		add	r0, r4, #22
 650              	.LVL47:
 651              		.loc 1 314 5 view .LVU149
 652 0044 FFF7FEFF 		bl	put_u32
 653              	.LVL48:
 315:device/adc_tcp_server.c ****     p[4] = g_app_cfg.bits;
 654              		.loc 1 315 5 is_stmt 1 view .LVU150
 655              		.loc 1 315 21 is_stmt 0 view .LVU151
 656 0048 3B79     		ldrb	r3, [r7, #4]	@ zero_extendqisi2
 657              		.loc 1 315 10 view .LVU152
 658 004a A376     		strb	r3, [r4, #26]
 316:device/adc_tcp_server.c ****     p[5] = g_app_cfg.range;
 659              		.loc 1 316 5 is_stmt 1 view .LVU153
 660              		.loc 1 316 21 is_stmt 0 view .LVU154
 661 004c 7B79     		ldrb	r3, [r7, #5]	@ zero_extendqisi2
 662              		.loc 1 316 10 view .LVU155
 663 004e E376     		strb	r3, [r4, #27]
 317:device/adc_tcp_server.c ****     p[6] = blk->bytes_per_sample;
 664              		.loc 1 317 5 is_stmt 1 view .LVU156
 665              		.loc 1 317 15 is_stmt 0 view .LVU157
 666 0050 6378     		ldrb	r3, [r4, #1]	@ zero_extendqisi2
 667              		.loc 1 317 10 view .LVU158
 668 0052 2377     		strb	r3, [r4, #28]
 318:device/adc_tcp_server.c ****     p[7] = 0;
 669              		.loc 1 318 5 is_stmt 1 view .LVU159
 670              		.loc 1 318 10 is_stmt 0 view .LVU160
 671 0054 0023     		movs	r3, #0
 672 0056 6377     		strb	r3, [r4, #29]
 319:device/adc_tcp_server.c ****     put_u32(&p[8], blk->first_sample_seq);
 673              		.loc 1 319 5 is_stmt 1 view .LVU161
 674 0058 A168     		ldr	r1, [r4, #8]
 675 005a 04F11E00 		add	r0, r4, #30
 676 005e FFF7FEFF 		bl	put_u32
 677              	.LVL49:
 320:device/adc_tcp_server.c ****     put_u16(&p[12], blk->sample_count);
 678              		.loc 1 320 5 view .LVU162
 679 0062 6188     		ldrh	r1, [r4, #2]
 680 0064 04F12200 		add	r0, r4, #34
 681 0068 FFF7FEFF 		bl	put_u16
 682              	.LVL50:
 321:device/adc_tcp_server.c ****     put_u16(&p[14], blk->data_bytes);
 683              		.loc 1 321 5 view .LVU163
 684 006c E188     		ldrh	r1, [r4, #6]
 685 006e 04F12400 		add	r0, r4, #36
 686 0072 FFF7FEFF 		bl	put_u16
 687              	.LVL51:
 322:device/adc_tcp_server.c **** 
 323:device/adc_tcp_server.c ****     blk->frame_len = (uint16_t)(APP_FRAME_HDR_LEN + payload_len + APP_FRAME_CRC_LEN);
 688              		.loc 1 323 5 view .LVU164
 689              		.loc 1 323 22 is_stmt 0 view .LVU165
 690 0076 1C35     		adds	r5, r5, #28
 691              	.LVL52:
 692              		.loc 1 323 22 view .LVU166
 693 0078 ADB2     		uxth	r5, r5
ARM GAS  /tmp/ccq8x8aq.s 			page 19


 694              	.LVL53:
 695              		.loc 1 323 20 view .LVU167
 696 007a A580     		strh	r5, [r4, #4]	@ movhi
 324:device/adc_tcp_server.c ****     uint16_t crc = crc16_modbus(f, (uint32_t)(blk->frame_len - APP_FRAME_CRC_LEN));
 697              		.loc 1 324 5 is_stmt 1 view .LVU168
 698              		.loc 1 324 62 is_stmt 0 view .LVU169
 699 007c 023D     		subs	r5, r5, #2
 700              		.loc 1 324 20 view .LVU170
 701 007e 2946     		mov	r1, r5
 702 0080 3046     		mov	r0, r6
 703 0082 FFF7FEFF 		bl	crc16_modbus
 704              	.LVL54:
 705 0086 0146     		mov	r1, r0
 706              	.LVL55:
 325:device/adc_tcp_server.c ****     put_u16(&f[blk->frame_len - APP_FRAME_CRC_LEN], crc);
 707              		.loc 1 325 5 is_stmt 1 view .LVU171
 708 0088 7019     		adds	r0, r6, r5
 709 008a FFF7FEFF 		bl	put_u16
 710              	.LVL56:
 326:device/adc_tcp_server.c **** }
 711              		.loc 1 326 1 is_stmt 0 view .LVU172
 712 008e F8BD     		pop	{r3, r4, r5, r6, r7, pc}
 713              	.LVL57:
 714              	.L50:
 715              		.loc 1 326 1 view .LVU173
 716              		.align	2
 717              	.L49:
 718 0090 00000000 		.word	.LANCHOR7
 719 0094 00000000 		.word	g_app_cfg
 720              		.cfi_endproc
 721              	.LFE172:
 723              		.section	.rodata.on_sent.str1.4,"aMS",%progbits,1
 724              		.align	2
 725              	.LC7:
 726 0000 5B544350 		.ascii	"[TCP OK] \000"
 726      204F4B5D 
 726      2000
 727 000a 0000     		.align	2
 728              	.LC8:
 729 000c 53544152 		.ascii	"START ACK confirmed by TCP, real sampling will star"
 729      54204143 
 729      4B20636F 
 729      6E666972 
 729      6D656420 
 730 003f 7420696E 		.ascii	"t in task\000"
 730      20746173 
 730      6B00
 731 0049 000000   		.align	2
 732              	.LC9:
 733 004c 0D0A00   		.ascii	"\015\012\000"
 734              		.section	.text.on_sent,"ax",%progbits
 735              		.align	1
 736              		.syntax unified
 737              		.thumb
 738              		.thumb_func
 739              		.fpu fpv4-sp-d16
 741              	on_sent:
ARM GAS  /tmp/ccq8x8aq.s 			page 20


 742              	.LVL58:
 743              	.LFB180:
 327:device/adc_tcp_server.c **** 
 328:device/adc_tcp_server.c **** static err_t send_ack(int32_t status)
 329:device/adc_tcp_server.c **** {
 330:device/adc_tcp_server.c ****     uint8_t p[44];
 331:device/adc_tcp_server.c **** 
 332:device/adc_tcp_server.c ****     put_u32(&p[0], (uint32_t)status);
 333:device/adc_tcp_server.c ****     put_u32(&p[4], g_app_cfg.fs_hz);
 334:device/adc_tcp_server.c ****     p[8] = g_app_cfg.bits;
 335:device/adc_tcp_server.c ****     p[9] = g_app_cfg.range;
 336:device/adc_tcp_server.c ****     p[10] = AdcStream_IsRunning();
 337:device/adc_tcp_server.c ****     p[11] = 0;
 338:device/adc_tcp_server.c ****     put_u32(&p[12], AdcStream_GetOverrunCount());
 339:device/adc_tcp_server.c ****     put_u32(&p[16], AdcStream_GetSampleSeq());
 340:device/adc_tcp_server.c ****     put_u32(&p[20], AdcStream_GetFlags());
 341:device/adc_tcp_server.c ****     put_u16(&p[24], AdcStream_GetReadyCount());
 342:device/adc_tcp_server.c ****     put_u16(&p[26], AdcStream_GetQueuedCount());
 343:device/adc_tcp_server.c ****     put_u16(&p[28], AdcStream_GetFreeCount());
 344:device/adc_tcp_server.c ****     put_u16(&p[30], (s_client != 0) ? tcp_sndbuf(s_client) : 0U);
 345:device/adc_tcp_server.c ****     put_u32(&p[32], s_unacked_total_bytes);
 346:device/adc_tcp_server.c ****     put_u32(&p[36], s_tcp_err_mem);
 347:device/adc_tcp_server.c ****     put_u32(&p[40], s_tcp_acked_data_frames);
 348:device/adc_tcp_server.c **** 
 349:device/adc_tcp_server.c ****     err_t e = send_small_frame(APP_TYPE_ACK, p, sizeof(p));
 350:device/adc_tcp_server.c **** 
 351:device/adc_tcp_server.c ****     if (e == ERR_OK)
 352:device/adc_tcp_server.c ****     {
 353:device/adc_tcp_server.c ****         TCP_LOG_OK("TX ACK: status=%ld, fs=%lu, bits=%u, range=%u, running=%u, flags=0x%08lX, ready
 354:device/adc_tcp_server.c ****                    (long)status,
 355:device/adc_tcp_server.c ****                    (unsigned long)g_app_cfg.fs_hz,
 356:device/adc_tcp_server.c ****                    (unsigned int)g_app_cfg.bits,
 357:device/adc_tcp_server.c ****                    (unsigned int)g_app_cfg.range,
 358:device/adc_tcp_server.c ****                    (unsigned int)AdcStream_IsRunning(),
 359:device/adc_tcp_server.c ****                    (unsigned long)AdcStream_GetFlags(),
 360:device/adc_tcp_server.c ****                    (unsigned int)AdcStream_GetReadyCount(),
 361:device/adc_tcp_server.c ****                    (unsigned int)AdcStream_GetQueuedCount(),
 362:device/adc_tcp_server.c ****                    (unsigned int)AdcStream_GetFreeCount());
 363:device/adc_tcp_server.c ****     }
 364:device/adc_tcp_server.c ****     else
 365:device/adc_tcp_server.c ****     {
 366:device/adc_tcp_server.c ****         TCP_LOG_ERR("TX ACK failed: status=%ld, err=%d, sndbuf=%u, txq=%u",
 367:device/adc_tcp_server.c ****                     (long)status,
 368:device/adc_tcp_server.c ****                     (int)e,
 369:device/adc_tcp_server.c ****                     (unsigned int)((s_client != 0) ? tcp_sndbuf(s_client) : 0U),
 370:device/adc_tcp_server.c ****                     (unsigned int)s_txq_count);
 371:device/adc_tcp_server.c ****     }
 372:device/adc_tcp_server.c **** 
 373:device/adc_tcp_server.c ****     return e;
 374:device/adc_tcp_server.c **** }
 375:device/adc_tcp_server.c **** 
 376:device/adc_tcp_server.c **** 
 377:device/adc_tcp_server.c **** static void stream_debug_reset_on_start(void)
 378:device/adc_tcp_server.c **** {
 379:device/adc_tcp_server.c ****     s_stream_start_tick = HAL_GetTick();
 380:device/adc_tcp_server.c ****     s_last_stream_stat_tick = s_stream_start_tick;
 381:device/adc_tcp_server.c ****     s_last_stream_seq = AdcStream_GetSampleSeq();
ARM GAS  /tmp/ccq8x8aq.s 			page 21


 382:device/adc_tcp_server.c ****     s_last_stream_irq = AdcStream_GetDrdyIrqCount();
 383:device/adc_tcp_server.c ****     s_no_drdy_warned = 0;
 384:device/adc_tcp_server.c ****     s_no_data_warned = 0;
 385:device/adc_tcp_server.c ****     s_stream_debug_active = 1;
 386:device/adc_tcp_server.c ****     s_stream_stop_reported = 0;
 387:device/adc_tcp_server.c ****     s_last_isr_stop_count = AdcStream_GetIsrStopCount();
 388:device/adc_tcp_server.c ****     s_data_frame_too_large_warned = 0;
 389:device/adc_tcp_server.c ****     s_tx_block_wait_count = 0;
 390:device/adc_tcp_server.c ****     s_last_tx_frames = s_tcp_sent_frames;
 391:device/adc_tcp_server.c ****     s_last_acked_frames = s_tcp_acked_data_frames;
 392:device/adc_tcp_server.c ****     s_last_tcp_bytes = s_tcp_data_bytes_written;
 393:device/adc_tcp_server.c ****     s_last_memerr = s_tcp_err_mem;
 394:device/adc_tcp_server.c ****     s_last_overrun = AdcStream_GetOverrunCount();
 395:device/adc_tcp_server.c **** }
 396:device/adc_tcp_server.c **** 
 397:device/adc_tcp_server.c **** static void stream_debug_print_periodic(void)
 398:device/adc_tcp_server.c **** {
 399:device/adc_tcp_server.c ****     uint32_t now;
 400:device/adc_tcp_server.c ****     uint32_t seq;
 401:device/adc_tcp_server.c ****     uint32_t flags;
 402:device/adc_tcp_server.c ****     uint32_t overrun;
 403:device/adc_tcp_server.c ****     uint8_t running;
 404:device/adc_tcp_server.c **** 
 405:device/adc_tcp_server.c ****     if (s_stream_debug_active == 0U)
 406:device/adc_tcp_server.c ****     {
 407:device/adc_tcp_server.c ****         return;
 408:device/adc_tcp_server.c ****     }
 409:device/adc_tcp_server.c **** 
 410:device/adc_tcp_server.c ****     now = HAL_GetTick();
 411:device/adc_tcp_server.c ****     running = AdcStream_IsRunning();
 412:device/adc_tcp_server.c ****     seq = AdcStream_GetSampleSeq();
 413:device/adc_tcp_server.c ****     flags = AdcStream_GetFlags();
 414:device/adc_tcp_server.c ****     overrun = AdcStream_GetOverrunCount();
 415:device/adc_tcp_server.c **** 
 416:device/adc_tcp_server.c ****     if ((running == 0U) && (s_stream_stop_reported == 0U) &&
 417:device/adc_tcp_server.c ****         (((now - s_stream_start_tick) > 50U) || (AdcStream_GetIsrStopCount() != s_last_isr_stop_cou
 418:device/adc_tcp_server.c ****     {
 419:device/adc_tcp_server.c ****         s_stream_stop_reported = 1U;
 420:device/adc_tcp_server.c ****         TCP_LOG_ERR("STREAM stopped: seq=%lu, status_new=%lu, ready=%u, queued=%u, free=%u, overrun
 421:device/adc_tcp_server.c ****                     (unsigned long)seq,
 422:device/adc_tcp_server.c ****                     (unsigned long)AdcStream_GetStatusNewCount(),
 423:device/adc_tcp_server.c ****                     (unsigned int)AdcStream_GetReadyCount(),
 424:device/adc_tcp_server.c ****                     (unsigned int)AdcStream_GetQueuedCount(),
 425:device/adc_tcp_server.c ****                     (unsigned int)AdcStream_GetFreeCount(),
 426:device/adc_tcp_server.c ****                     (unsigned long)overrun,
 427:device/adc_tcp_server.c ****                     (unsigned long)ADS127L11_GetDmaPendingDropCount(),
 428:device/adc_tcp_server.c ****                     (unsigned long)AdcStream_GetSpiErrorCount(),
 429:device/adc_tcp_server.c ****                     (unsigned long)flags);
 430:device/adc_tcp_server.c ****     }
 431:device/adc_tcp_server.c **** 
 432:device/adc_tcp_server.c ****     /* 连续 DMA 方案只用第一个 DRDY 做同步；启动后关闭 EXTI，后续 drdy_irq 不
 433:device/adc_tcp_server.c ****     if (((now - s_stream_start_tick) > 1000U) &&
 434:device/adc_tcp_server.c ****         (seq == 0U) &&
 435:device/adc_tcp_server.c ****         (s_no_data_warned == 0U))
 436:device/adc_tcp_server.c ****     {
 437:device/adc_tcp_server.c ****         s_no_data_warned = 1U;
 438:device/adc_tcp_server.c ****         TCP_LOG_ERR("STREAM no sample data after START: running=%u, status_new=%lu, status_skip=%lu
ARM GAS  /tmp/ccq8x8aq.s 			page 22


 439:device/adc_tcp_server.c ****                     (unsigned int)running,
 440:device/adc_tcp_server.c ****                     (unsigned long)AdcStream_GetStatusNewCount(),
 441:device/adc_tcp_server.c ****                     (unsigned long)AdcStream_GetStatusSkipCount(),
 442:device/adc_tcp_server.c ****                     (unsigned long)AdcStream_GetContDmaChunkCount(),
 443:device/adc_tcp_server.c ****                     (unsigned long)ADS127L11_GetDmaCompleteCount(),
 444:device/adc_tcp_server.c ****                     (unsigned long)ADS127L11_GetDmaPendingDropCount(),
 445:device/adc_tcp_server.c ****                     (unsigned long)AdcStream_GetSpiErrorCount(),
 446:device/adc_tcp_server.c ****                     (unsigned long)flags,
 447:device/adc_tcp_server.c ****                     (unsigned int)AdcStream_GetDrdyPinLevel());
 448:device/adc_tcp_server.c ****     }
 449:device/adc_tcp_server.c **** 
 450:device/adc_tcp_server.c ****     if ((now - s_last_stream_stat_tick) < 1000U)
 451:device/adc_tcp_server.c ****     {
 452:device/adc_tcp_server.c ****         return;
 453:device/adc_tcp_server.c ****     }
 454:device/adc_tcp_server.c **** 
 455:device/adc_tcp_server.c ****     uint32_t dt_ms = now - s_last_stream_stat_tick;
 456:device/adc_tcp_server.c ****     if (dt_ms == 0U)
 457:device/adc_tcp_server.c ****     {
 458:device/adc_tcp_server.c ****         dt_ms = 1U;
 459:device/adc_tcp_server.c ****     }
 460:device/adc_tcp_server.c ****     s_last_stream_stat_tick = now;
 461:device/adc_tcp_server.c **** 
 462:device/adc_tcp_server.c **** #if (ADC_STREAM_STAT_LOG_ENABLE != 0U)
 463:device/adc_tcp_server.c ****     uint32_t seq_delta = seq - s_last_stream_seq;
 464:device/adc_tcp_server.c ****     uint32_t tx_delta = s_tcp_sent_frames - s_last_tx_frames;
 465:device/adc_tcp_server.c ****     uint32_t ack_delta = s_tcp_acked_data_frames - s_last_acked_frames;
 466:device/adc_tcp_server.c ****     uint32_t byte_delta = s_tcp_data_bytes_written - s_last_tcp_bytes;
 467:device/adc_tcp_server.c ****     uint32_t mem_delta = s_tcp_err_mem - s_last_memerr;
 468:device/adc_tcp_server.c ****     uint32_t ov_delta = overrun - s_last_overrun;
 469:device/adc_tcp_server.c **** 
 470:device/adc_tcp_server.c ****     uint32_t seq_per_s = (uint32_t)(((uint64_t)seq_delta * 1000ULL) / (uint64_t)dt_ms);
 471:device/adc_tcp_server.c ****     uint32_t tx_per_s = (uint32_t)(((uint64_t)tx_delta * 1000ULL) / (uint64_t)dt_ms);
 472:device/adc_tcp_server.c ****     uint32_t ack_per_s = (uint32_t)(((uint64_t)ack_delta * 1000ULL) / (uint64_t)dt_ms);
 473:device/adc_tcp_server.c ****     uint32_t kb_per_s = (uint32_t)(((uint64_t)byte_delta * 1000ULL) / ((uint64_t)dt_ms * 1024ULL));
 474:device/adc_tcp_server.c **** 
 475:device/adc_tcp_server.c ****     TCP_LOG_INFO("STAT fs=%lu bits=%u run=%u seq=%lu(+%lu/s) tx=%lu/s ack=%lu/s net=%luKB/s ready=%
 476:device/adc_tcp_server.c ****                  (unsigned long)g_app_cfg.fs_hz,
 477:device/adc_tcp_server.c ****                  (unsigned int)g_app_cfg.bits,
 478:device/adc_tcp_server.c ****                  (unsigned int)running,
 479:device/adc_tcp_server.c ****                  (unsigned long)seq,
 480:device/adc_tcp_server.c ****                  (unsigned long)seq_per_s,
 481:device/adc_tcp_server.c ****                  (unsigned long)tx_per_s,
 482:device/adc_tcp_server.c ****                  (unsigned long)ack_per_s,
 483:device/adc_tcp_server.c ****                  (unsigned long)kb_per_s,
 484:device/adc_tcp_server.c ****                  (unsigned int)AdcStream_GetReadyCount(),
 485:device/adc_tcp_server.c ****                  (unsigned int)AdcStream_GetQueuedCount(),
 486:device/adc_tcp_server.c ****                  (unsigned int)AdcStream_GetFreeCount(),
 487:device/adc_tcp_server.c ****                  (unsigned long)overrun,
 488:device/adc_tcp_server.c ****                  (unsigned long)ov_delta,
 489:device/adc_tcp_server.c ****                  (unsigned long)s_tcp_err_mem,
 490:device/adc_tcp_server.c ****                  (unsigned long)mem_delta,
 491:device/adc_tcp_server.c ****                  (unsigned long)s_tx_block_wait_count,
 492:device/adc_tcp_server.c ****                  (unsigned long)s_tcp_no_sndbuf_count,
 493:device/adc_tcp_server.c ****                  (unsigned long)s_tcp_no_seg_count,
 494:device/adc_tcp_server.c ****                  (unsigned long)s_tcp_write_err_count,
 495:device/adc_tcp_server.c ****                  (unsigned int)((s_client != 0) ? tcp_sndbuf(s_client) : 0U),
ARM GAS  /tmp/ccq8x8aq.s 			page 23


 496:device/adc_tcp_server.c ****                  (unsigned int)tcp_sndq_len_now(),
 497:device/adc_tcp_server.c ****                  (unsigned int)TCP_SND_QUEUELEN,
 498:device/adc_tcp_server.c ****                  (unsigned long)ADS127L11_GetDmaPendingDropCount(),
 499:device/adc_tcp_server.c ****                  (unsigned long)flags);
 500:device/adc_tcp_server.c **** 
 501:device/adc_tcp_server.c ****     s_last_tx_frames = s_tcp_sent_frames;
 502:device/adc_tcp_server.c ****     s_last_acked_frames = s_tcp_acked_data_frames;
 503:device/adc_tcp_server.c ****     s_last_tcp_bytes = s_tcp_data_bytes_written;
 504:device/adc_tcp_server.c ****     s_last_memerr = s_tcp_err_mem;
 505:device/adc_tcp_server.c ****     s_last_overrun = overrun;
 506:device/adc_tcp_server.c **** #endif
 507:device/adc_tcp_server.c **** 
 508:device/adc_tcp_server.c ****     if ((seq == s_last_stream_seq) && (AdcStream_IsRunning() != 0U))
 509:device/adc_tcp_server.c ****     {
 510:device/adc_tcp_server.c ****         TCP_LOG_ERR("STREAM seq not increasing: status_new=%lu status_skip=%lu dma_chunk=%lu dma_ir
 511:device/adc_tcp_server.c ****                     (unsigned long)AdcStream_GetStatusNewCount(),
 512:device/adc_tcp_server.c ****                     (unsigned long)AdcStream_GetStatusSkipCount(),
 513:device/adc_tcp_server.c ****                     (unsigned long)AdcStream_GetContDmaChunkCount(),
 514:device/adc_tcp_server.c ****                     (unsigned long)ADS127L11_GetDmaCompleteCount(),
 515:device/adc_tcp_server.c ****                     (unsigned long)ADS127L11_GetDmaPendingDropCount(),
 516:device/adc_tcp_server.c ****                     (unsigned long)AdcStream_GetSpiErrorCount(),
 517:device/adc_tcp_server.c ****                     (unsigned long)flags);
 518:device/adc_tcp_server.c ****     }
 519:device/adc_tcp_server.c **** 
 520:device/adc_tcp_server.c ****     s_last_stream_seq = seq;
 521:device/adc_tcp_server.c ****     s_last_stream_irq = AdcStream_GetDrdyIrqCount();
 522:device/adc_tcp_server.c **** 
 523:device/adc_tcp_server.c ****     if ((running == 0U) && ((now - s_stream_start_tick) > 3000U))
 524:device/adc_tcp_server.c ****     {
 525:device/adc_tcp_server.c ****         s_stream_debug_active = 0U;
 526:device/adc_tcp_server.c ****     }
 527:device/adc_tcp_server.c **** }
 528:device/adc_tcp_server.c **** 
 529:device/adc_tcp_server.c **** static int discard_stale_stream_before_start(void)
 530:device/adc_tcp_server.c **** {
 531:device/adc_tcp_server.c ****     uint16_t ready = AdcStream_GetReadyCount();
 532:device/adc_tcp_server.c ****     uint16_t queued = AdcStream_GetQueuedCount();
 533:device/adc_tcp_server.c ****     uint32_t overrun = AdcStream_GetOverrunCount();
 534:device/adc_tcp_server.c ****     uint32_t flags = AdcStream_GetFlags();
 535:device/adc_tcp_server.c **** 
 536:device/adc_tcp_server.c ****     if ((ready == 0U) && (queued == 0U) && (overrun == 0U) && (flags == 0U))
 537:device/adc_tcp_server.c ****     {
 538:device/adc_tcp_server.c ****         return 0;
 539:device/adc_tcp_server.c ****     }
 540:device/adc_tcp_server.c **** 
 541:device/adc_tcp_server.c ****     if (s_unacked_data_bytes != 0U)
 542:device/adc_tcp_server.c ****     {
 543:device/adc_tcp_server.c ****         TCP_LOG_ERR("ACTION START rejected: previous TCP data not ACKed, ready=%u queued=%u unacked
 544:device/adc_tcp_server.c ****                     (unsigned int)ready,
 545:device/adc_tcp_server.c ****                     (unsigned int)queued,
 546:device/adc_tcp_server.c ****                     (unsigned long)s_unacked_data_bytes,
 547:device/adc_tcp_server.c ****                     (unsigned long)overrun,
 548:device/adc_tcp_server.c ****                     (unsigned long)flags);
 549:device/adc_tcp_server.c ****         return -1;
 550:device/adc_tcp_server.c ****     }
 551:device/adc_tcp_server.c **** 
 552:device/adc_tcp_server.c ****     TCP_LOG_INFO("ACTION START: discard stale stream data before restart, ready=%u queued=%u overru
ARM GAS  /tmp/ccq8x8aq.s 			page 24


 553:device/adc_tcp_server.c ****                  (unsigned int)ready,
 554:device/adc_tcp_server.c ****                  (unsigned int)queued,
 555:device/adc_tcp_server.c ****                  (unsigned long)overrun,
 556:device/adc_tcp_server.c ****                  (unsigned long)flags);
 557:device/adc_tcp_server.c **** 
 558:device/adc_tcp_server.c ****     AdcStream_ResetDiscard();
 559:device/adc_tcp_server.c ****     return 0;
 560:device/adc_tcp_server.c **** }
 561:device/adc_tcp_server.c **** 
 562:device/adc_tcp_server.c **** static int start_stream_now(void)
 563:device/adc_tcp_server.c **** {
 564:device/adc_tcp_server.c ****     TCP_LOG_INFO("ACTION START: AdcStream_Start fs=%lu bits=%u range=%u",
 565:device/adc_tcp_server.c ****                  (unsigned long)g_app_cfg.fs_hz,
 566:device/adc_tcp_server.c ****                  (unsigned int)g_app_cfg.bits,
 567:device/adc_tcp_server.c ****                  (unsigned int)g_app_cfg.range);
 568:device/adc_tcp_server.c **** 
 569:device/adc_tcp_server.c ****     if (AdcStream_Start(&g_app_cfg) != 0)
 570:device/adc_tcp_server.c ****     {
 571:device/adc_tcp_server.c ****         TCP_LOG_ERR("ACTION START failed: AdcStream_Start returned error");
 572:device/adc_tcp_server.c ****         return -1;
 573:device/adc_tcp_server.c ****     }
 574:device/adc_tcp_server.c **** 
 575:device/adc_tcp_server.c ****     stream_debug_reset_on_start();
 576:device/adc_tcp_server.c **** 
 577:device/adc_tcp_server.c ****     TCP_LOG_OK("ACTION START done: stream running=%u, drdy_pin=%u",
 578:device/adc_tcp_server.c ****                (unsigned int)AdcStream_IsRunning(),
 579:device/adc_tcp_server.c ****                (unsigned int)AdcStream_GetDrdyPinLevel());
 580:device/adc_tcp_server.c ****     return 0;
 581:device/adc_tcp_server.c **** }
 582:device/adc_tcp_server.c **** 
 583:device/adc_tcp_server.c **** static void handle_frame(uint8_t type, const uint8_t *payload, uint16_t len)
 584:device/adc_tcp_server.c **** {
 585:device/adc_tcp_server.c ****     if (type == APP_TYPE_SET_PARAM)
 586:device/adc_tcp_server.c ****     {
 587:device/adc_tcp_server.c ****         TCP_LOG_INFO("CMD SET_PARAM received: payload_len=%u", (unsigned int)len);
 588:device/adc_tcp_server.c **** 
 589:device/adc_tcp_server.c ****         if (len < 8U)
 590:device/adc_tcp_server.c ****         {
 591:device/adc_tcp_server.c ****             TCP_LOG_ERR("CMD SET_PARAM invalid length: %u", (unsigned int)len);
 592:device/adc_tcp_server.c ****             (void)send_ack(-10);
 593:device/adc_tcp_server.c ****             return;
 594:device/adc_tcp_server.c ****         }
 595:device/adc_tcp_server.c **** 
 596:device/adc_tcp_server.c ****         AppConfig_t cfg;
 597:device/adc_tcp_server.c ****         cfg.fs_hz = get_u32(&payload[0]);
 598:device/adc_tcp_server.c ****         cfg.bits = payload[4];
 599:device/adc_tcp_server.c ****         cfg.range = payload[5];
 600:device/adc_tcp_server.c ****         cfg.reserved0 = 0;
 601:device/adc_tcp_server.c ****         cfg.reserved1 = 0;
 602:device/adc_tcp_server.c **** 
 603:device/adc_tcp_server.c ****         TCP_LOG_INFO("CMD SET_PARAM params: fs=%lu bits=%u range=%u",
 604:device/adc_tcp_server.c ****                      (unsigned long)cfg.fs_hz,
 605:device/adc_tcp_server.c ****                      (unsigned int)cfg.bits,
 606:device/adc_tcp_server.c ****                      (unsigned int)cfg.range);
 607:device/adc_tcp_server.c **** 
 608:device/adc_tcp_server.c ****         if (!AppConfig_IsValid(&cfg))
 609:device/adc_tcp_server.c ****         {
ARM GAS  /tmp/ccq8x8aq.s 			page 25


 610:device/adc_tcp_server.c ****             TCP_LOG_ERR("CMD SET_PARAM rejected: invalid params");
 611:device/adc_tcp_server.c ****             (void)send_ack(-11);
 612:device/adc_tcp_server.c ****             return;
 613:device/adc_tcp_server.c ****         }
 614:device/adc_tcp_server.c **** 
 615:device/adc_tcp_server.c ****         s_start_wait_ack = 0;
 616:device/adc_tcp_server.c ****         s_start_do_now = 0;
 617:device/adc_tcp_server.c **** 
 618:device/adc_tcp_server.c ****         TCP_LOG_INFO("ACTION SET_PARAM: stop stream before reconfigure");
 619:device/adc_tcp_server.c ****         AdcStream_Stop();
 620:device/adc_tcp_server.c **** 
 621:device/adc_tcp_server.c ****         g_app_cfg = cfg;
 622:device/adc_tcp_server.c **** 
 623:device/adc_tcp_server.c ****         if (RangeCtrl_Set(g_app_cfg.range) != 0)
 624:device/adc_tcp_server.c ****         {
 625:device/adc_tcp_server.c ****             TCP_LOG_ERR("ACTION SET_PARAM failed: RangeCtrl_Set range=%u", (unsigned int)g_app_cfg.
 626:device/adc_tcp_server.c ****             (void)send_ack(-14);
 627:device/adc_tcp_server.c ****             return;
 628:device/adc_tcp_server.c ****         }
 629:device/adc_tcp_server.c ****         TCP_LOG_OK("ACTION SET_PARAM: RangeCtrl_Set done");
 630:device/adc_tcp_server.c **** 
 631:device/adc_tcp_server.c ****         if (ADS127L11_Configure(&g_app_cfg) != 0)
 632:device/adc_tcp_server.c ****         {
 633:device/adc_tcp_server.c ****             TCP_LOG_ERR("ACTION SET_PARAM failed: ADS127L11_Configure");
 634:device/adc_tcp_server.c ****             (void)send_ack(-12);
 635:device/adc_tcp_server.c ****             return;
 636:device/adc_tcp_server.c ****         }
 637:device/adc_tcp_server.c ****         TCP_LOG_OK("ACTION SET_PARAM: ADS127L11_Configure done");
 638:device/adc_tcp_server.c **** 
 639:device/adc_tcp_server.c ****         if (FlashParam_Save(&g_app_cfg) != 0)
 640:device/adc_tcp_server.c ****         {
 641:device/adc_tcp_server.c ****             TCP_LOG_ERR("ACTION SET_PARAM failed: FlashParam_Save");
 642:device/adc_tcp_server.c ****             (void)send_ack(-13);
 643:device/adc_tcp_server.c ****             return;
 644:device/adc_tcp_server.c ****         }
 645:device/adc_tcp_server.c ****         TCP_LOG_OK("ACTION SET_PARAM: FlashParam_Save done");
 646:device/adc_tcp_server.c **** 
 647:device/adc_tcp_server.c ****         (void)send_ack(0);
 648:device/adc_tcp_server.c ****         return;
 649:device/adc_tcp_server.c ****     }
 650:device/adc_tcp_server.c **** 
 651:device/adc_tcp_server.c ****     if (type == APP_TYPE_GET_PARAM)
 652:device/adc_tcp_server.c ****     {
 653:device/adc_tcp_server.c ****         (void)payload;
 654:device/adc_tcp_server.c ****         (void)len;
 655:device/adc_tcp_server.c **** 
 656:device/adc_tcp_server.c ****         TCP_LOG_INFO("CMD GET_PARAM received");
 657:device/adc_tcp_server.c ****         TCP_LOG_INFO("ACTION GET_PARAM: fs=%lu bits=%u range=%u running=%u",
 658:device/adc_tcp_server.c ****                      (unsigned long)g_app_cfg.fs_hz,
 659:device/adc_tcp_server.c ****                      (unsigned int)g_app_cfg.bits,
 660:device/adc_tcp_server.c ****                      (unsigned int)g_app_cfg.range,
 661:device/adc_tcp_server.c ****                      (unsigned int)AdcStream_IsRunning());
 662:device/adc_tcp_server.c **** 
 663:device/adc_tcp_server.c ****         (void)send_ack(0);
 664:device/adc_tcp_server.c ****         return;
 665:device/adc_tcp_server.c ****     }
 666:device/adc_tcp_server.c **** 
ARM GAS  /tmp/ccq8x8aq.s 			page 26


 667:device/adc_tcp_server.c ****     if (type == APP_TYPE_START)
 668:device/adc_tcp_server.c ****     {
 669:device/adc_tcp_server.c ****         (void)payload;
 670:device/adc_tcp_server.c ****         (void)len;
 671:device/adc_tcp_server.c **** 
 672:device/adc_tcp_server.c ****         TCP_LOG_INFO("CMD START received: fs=%lu bits=%u range=%u",
 673:device/adc_tcp_server.c ****                      (unsigned long)g_app_cfg.fs_hz,
 674:device/adc_tcp_server.c ****                      (unsigned int)g_app_cfg.bits,
 675:device/adc_tcp_server.c ****                      (unsigned int)g_app_cfg.range);
 676:device/adc_tcp_server.c **** 
 677:device/adc_tcp_server.c ****         if (AdcStream_IsRunning())
 678:device/adc_tcp_server.c ****         {
 679:device/adc_tcp_server.c ****             TCP_LOG_INFO("ACTION START ignored: stream already running");
 680:device/adc_tcp_server.c ****             (void)send_ack(0);
 681:device/adc_tcp_server.c ****             return;
 682:device/adc_tcp_server.c ****         }
 683:device/adc_tcp_server.c **** 
 684:device/adc_tcp_server.c ****         /*
 685:device/adc_tcp_server.c ****          * START 前如果上一次采集发生 overrun，会留下 READY 数据块和 flags。
 686:device/adc_tcp_server.c ****          * 如果这些数据没有处于 TCP 零拷贝未确认状态，就直接丢弃旧数据�
 687:device/adc_tcp_server.c ****          * 让新的 START 可以重新开始，而不是一直返回 -22。
 688:device/adc_tcp_server.c ****          */
 689:device/adc_tcp_server.c ****         if (discard_stale_stream_before_start() != 0)
 690:device/adc_tcp_server.c ****         {
 691:device/adc_tcp_server.c ****             (void)send_ack(-22); /* 还有 TCP 未确认的旧数据，稍后再 START 或断开重
 692:device/adc_tcp_server.c ****             return;
 693:device/adc_tcp_server.c ****         }
 694:device/adc_tcp_server.c **** 
 695:device/adc_tcp_server.c ****         if (ADS127L11_Configure(&g_app_cfg) != 0)
 696:device/adc_tcp_server.c ****         {
 697:device/adc_tcp_server.c ****             TCP_LOG_ERR("ACTION START failed: ADS127L11_Configure");
 698:device/adc_tcp_server.c ****             (void)send_ack(-20);
 699:device/adc_tcp_server.c ****             return;
 700:device/adc_tcp_server.c ****         }
 701:device/adc_tcp_server.c ****         TCP_LOG_OK("ACTION START: ADS127L11_Configure done");
 702:device/adc_tcp_server.c **** 
 703:device/adc_tcp_server.c ****         if (RangeCtrl_Set(g_app_cfg.range) != 0)
 704:device/adc_tcp_server.c ****         {
 705:device/adc_tcp_server.c ****             TCP_LOG_ERR("ACTION START failed: RangeCtrl_Set range=%u", (unsigned int)g_app_cfg.rang
 706:device/adc_tcp_server.c ****             (void)send_ack(-23);
 707:device/adc_tcp_server.c ****             return;
 708:device/adc_tcp_server.c ****         }
 709:device/adc_tcp_server.c ****         TCP_LOG_OK("ACTION START: RangeCtrl_Set done");
 710:device/adc_tcp_server.c **** 
 711:device/adc_tcp_server.c ****         if (send_ack(0) == ERR_OK)
 712:device/adc_tcp_server.c ****         {
 713:device/adc_tcp_server.c ****             /* 等 START ACK 被 TCP 确认后，再启动采集。 */
 714:device/adc_tcp_server.c ****             s_start_wait_ack = 1;
 715:device/adc_tcp_server.c ****             s_start_do_now = 0;
 716:device/adc_tcp_server.c ****             TCP_LOG_INFO("ACTION START: ACK sent, wait TCP sent callback before real sampling");
 717:device/adc_tcp_server.c ****         }
 718:device/adc_tcp_server.c ****         return;
 719:device/adc_tcp_server.c ****     }
 720:device/adc_tcp_server.c **** 
 721:device/adc_tcp_server.c ****     if (type == APP_TYPE_STOP)
 722:device/adc_tcp_server.c ****     {
 723:device/adc_tcp_server.c ****         (void)payload;
ARM GAS  /tmp/ccq8x8aq.s 			page 27


 724:device/adc_tcp_server.c ****         (void)len;
 725:device/adc_tcp_server.c **** 
 726:device/adc_tcp_server.c ****         TCP_LOG_INFO("CMD STOP received");
 727:device/adc_tcp_server.c **** 
 728:device/adc_tcp_server.c ****         s_start_wait_ack = 0;
 729:device/adc_tcp_server.c ****         s_start_do_now = 0;
 730:device/adc_tcp_server.c **** 
 731:device/adc_tcp_server.c ****         TCP_LOG_INFO("ACTION STOP: AdcStream_Stop");
 732:device/adc_tcp_server.c ****         AdcStream_Stop();
 733:device/adc_tcp_server.c ****         TCP_LOG_OK("ACTION STOP done: running=%u, ready=%u queued=%u flags=0x%08lX",
 734:device/adc_tcp_server.c ****                    (unsigned int)AdcStream_IsRunning(),
 735:device/adc_tcp_server.c ****                    (unsigned int)AdcStream_GetReadyCount(),
 736:device/adc_tcp_server.c ****                    (unsigned int)AdcStream_GetQueuedCount(),
 737:device/adc_tcp_server.c ****                    (unsigned long)AdcStream_GetFlags());
 738:device/adc_tcp_server.c **** 
 739:device/adc_tcp_server.c ****         /* STOP 后可能会把半包数据 flush 成 READY。ACK 必须排在所有数据之后。
 740:device/adc_tcp_server.c ****         s_pending_stop_ack = 1;
 741:device/adc_tcp_server.c ****         TCP_LOG_INFO("ACTION STOP: pending ACK after queued data drained");
 742:device/adc_tcp_server.c ****         AdcTcpServer_Task();
 743:device/adc_tcp_server.c ****         return;
 744:device/adc_tcp_server.c ****     }
 745:device/adc_tcp_server.c **** 
 746:device/adc_tcp_server.c ****     TCP_LOG_ERR("CMD UNKNOWN received: type=0x%02X len=%u", (unsigned int)type, (unsigned int)len);
 747:device/adc_tcp_server.c ****     (void)send_ack(-99);
 748:device/adc_tcp_server.c **** }
 749:device/adc_tcp_server.c **** 
 750:device/adc_tcp_server.c **** static void parse_rx_stream(const uint8_t *data, uint16_t len)
 751:device/adc_tcp_server.c **** {
 752:device/adc_tcp_server.c ****     if (len > sizeof(s_rxbuf) - s_rxlen)
 753:device/adc_tcp_server.c ****     {
 754:device/adc_tcp_server.c ****         TCP_LOG_ERR("RX buffer overflow: incoming=%u buffered=%u", (unsigned int)len, (unsigned int
 755:device/adc_tcp_server.c ****         s_rxlen = 0;
 756:device/adc_tcp_server.c ****         return;
 757:device/adc_tcp_server.c ****     }
 758:device/adc_tcp_server.c **** 
 759:device/adc_tcp_server.c ****     memcpy(&s_rxbuf[s_rxlen], data, len);
 760:device/adc_tcp_server.c ****     s_rxlen = (uint16_t)(s_rxlen + len);
 761:device/adc_tcp_server.c **** 
 762:device/adc_tcp_server.c ****     while (s_rxlen >= APP_FRAME_HDR_LEN + APP_FRAME_CRC_LEN)
 763:device/adc_tcp_server.c ****     {
 764:device/adc_tcp_server.c ****         if (get_u16(&s_rxbuf[0]) != APP_PROTO_MAGIC)
 765:device/adc_tcp_server.c ****         {
 766:device/adc_tcp_server.c ****             memmove(s_rxbuf, &s_rxbuf[1], --s_rxlen);
 767:device/adc_tcp_server.c ****             continue;
 768:device/adc_tcp_server.c ****         }
 769:device/adc_tcp_server.c **** 
 770:device/adc_tcp_server.c ****         uint16_t payload_len = get_u16(&s_rxbuf[4]);
 771:device/adc_tcp_server.c ****         if (payload_len > sizeof(s_rxbuf) - APP_FRAME_HDR_LEN - APP_FRAME_CRC_LEN)
 772:device/adc_tcp_server.c ****         {
 773:device/adc_tcp_server.c ****             TCP_LOG_ERR("RX invalid payload length: %u", (unsigned int)payload_len);
 774:device/adc_tcp_server.c ****             s_rxlen = 0;
 775:device/adc_tcp_server.c ****             return;
 776:device/adc_tcp_server.c ****         }
 777:device/adc_tcp_server.c **** 
 778:device/adc_tcp_server.c ****         uint16_t total = (uint16_t)(APP_FRAME_HDR_LEN + payload_len + APP_FRAME_CRC_LEN);
 779:device/adc_tcp_server.c ****         if (s_rxlen < total)
 780:device/adc_tcp_server.c ****         {
ARM GAS  /tmp/ccq8x8aq.s 			page 28


 781:device/adc_tcp_server.c ****             return;
 782:device/adc_tcp_server.c ****         }
 783:device/adc_tcp_server.c **** 
 784:device/adc_tcp_server.c ****         uint8_t frame_ver = s_rxbuf[2];
 785:device/adc_tcp_server.c ****         uint8_t frame_type = s_rxbuf[3];
 786:device/adc_tcp_server.c ****         uint32_t frame_seq = get_u32(&s_rxbuf[6]);
 787:device/adc_tcp_server.c ****         uint16_t rx_crc = get_u16(&s_rxbuf[APP_FRAME_HDR_LEN + payload_len]);
 788:device/adc_tcp_server.c ****         uint16_t calc = crc16_modbus(s_rxbuf, APP_FRAME_HDR_LEN + payload_len);
 789:device/adc_tcp_server.c **** 
 790:device/adc_tcp_server.c ****         if ((frame_ver == APP_PROTO_VER) && (rx_crc == calc))
 791:device/adc_tcp_server.c ****         {
 792:device/adc_tcp_server.c ****             TCP_LOG_INFO("RX CMD frame: type=0x%02X(%s), seq=%lu, payload_len=%u",
 793:device/adc_tcp_server.c ****                          (unsigned int)frame_type,
 794:device/adc_tcp_server.c ****                          cmd_name(frame_type),
 795:device/adc_tcp_server.c ****                          (unsigned long)frame_seq,
 796:device/adc_tcp_server.c ****                          (unsigned int)payload_len);
 797:device/adc_tcp_server.c **** 
 798:device/adc_tcp_server.c ****             handle_frame(frame_type, &s_rxbuf[APP_FRAME_HDR_LEN], payload_len);
 799:device/adc_tcp_server.c ****         }
 800:device/adc_tcp_server.c ****         else
 801:device/adc_tcp_server.c ****         {
 802:device/adc_tcp_server.c ****             TCP_LOG_ERR("RX frame rejected: type=0x%02X(%s), seq=%lu, ver=%u, rx_crc=0x%04X, calc=0
 803:device/adc_tcp_server.c ****                         (unsigned int)frame_type,
 804:device/adc_tcp_server.c ****                         cmd_name(frame_type),
 805:device/adc_tcp_server.c ****                         (unsigned long)frame_seq,
 806:device/adc_tcp_server.c ****                         (unsigned int)frame_ver,
 807:device/adc_tcp_server.c ****                         (unsigned int)rx_crc,
 808:device/adc_tcp_server.c ****                         (unsigned int)calc);
 809:device/adc_tcp_server.c ****         }
 810:device/adc_tcp_server.c **** 
 811:device/adc_tcp_server.c ****         s_rxlen = (uint16_t)(s_rxlen - total);
 812:device/adc_tcp_server.c ****         if (s_rxlen != 0U)
 813:device/adc_tcp_server.c ****         {
 814:device/adc_tcp_server.c ****             memmove(s_rxbuf, &s_rxbuf[total], s_rxlen);
 815:device/adc_tcp_server.c ****         }
 816:device/adc_tcp_server.c ****     }
 817:device/adc_tcp_server.c **** }
 818:device/adc_tcp_server.c **** 
 819:device/adc_tcp_server.c **** static err_t on_sent(void *arg, struct tcp_pcb *tpcb, u16_t len)
 820:device/adc_tcp_server.c **** {
 744              		.loc 1 820 1 is_stmt 1 view -0
 745              		.cfi_startproc
 746              		@ args = 0, pretend = 0, frame = 0
 747              		@ frame_needed = 0, uses_anonymous_args = 0
 748              		.loc 1 820 1 is_stmt 0 view .LVU175
 749 0000 F8B5     		push	{r3, r4, r5, r6, r7, lr}
 750              	.LCFI4:
 751              		.cfi_def_cfa_offset 24
 752              		.cfi_offset 3, -24
 753              		.cfi_offset 4, -20
 754              		.cfi_offset 5, -16
 755              		.cfi_offset 6, -12
 756              		.cfi_offset 7, -8
 757              		.cfi_offset 14, -4
 758 0002 1546     		mov	r5, r2
 821:device/adc_tcp_server.c ****     (void)arg;
 759              		.loc 1 821 5 is_stmt 1 view .LVU176
ARM GAS  /tmp/ccq8x8aq.s 			page 29


 822:device/adc_tcp_server.c ****     (void)tpcb;
 760              		.loc 1 822 5 view .LVU177
 823:device/adc_tcp_server.c **** 
 824:device/adc_tcp_server.c ****     uint32_t n = len;
 761              		.loc 1 824 5 view .LVU178
 762              	.LVL59:
 825:device/adc_tcp_server.c **** 
 826:device/adc_tcp_server.c ****     if (s_unacked_total_bytes >= n)
 763              		.loc 1 826 5 view .LVU179
 764              		.loc 1 826 31 is_stmt 0 view .LVU180
 765 0004 364B     		ldr	r3, .L67
 766 0006 1B68     		ldr	r3, [r3]
 767              		.loc 1 826 8 view .LVU181
 768 0008 9342     		cmp	r3, r2
 769 000a 03D3     		bcc	.L52
 827:device/adc_tcp_server.c ****     {
 828:device/adc_tcp_server.c ****         s_unacked_total_bytes -= n;
 770              		.loc 1 828 9 is_stmt 1 view .LVU182
 771              		.loc 1 828 31 is_stmt 0 view .LVU183
 772 000c 9B1A     		subs	r3, r3, r2
 773 000e 344A     		ldr	r2, .L67
 774              	.LVL60:
 775              		.loc 1 828 31 view .LVU184
 776 0010 1360     		str	r3, [r2]
 777 0012 34E0     		b	.L54
 778              	.LVL61:
 779              	.L52:
 829:device/adc_tcp_server.c ****     }
 830:device/adc_tcp_server.c ****     else
 831:device/adc_tcp_server.c ****     {
 832:device/adc_tcp_server.c ****         s_unacked_total_bytes = 0;
 780              		.loc 1 832 9 is_stmt 1 view .LVU185
 781              		.loc 1 832 31 is_stmt 0 view .LVU186
 782 0014 324B     		ldr	r3, .L67
 783 0016 0022     		movs	r2, #0
 784              	.LVL62:
 785              		.loc 1 832 31 view .LVU187
 786 0018 1A60     		str	r2, [r3]
 787 001a 30E0     		b	.L54
 788              	.LVL63:
 789              	.L66:
 790              	.LBB4:
 833:device/adc_tcp_server.c ****     }
 834:device/adc_tcp_server.c **** 
 835:device/adc_tcp_server.c ****     while ((n > 0U) && (s_txq_count > 0U))
 836:device/adc_tcp_server.c ****     {
 837:device/adc_tcp_server.c ****         TxQueueItem_t *it = &s_txq[s_txq_head];
 838:device/adc_tcp_server.c **** 
 839:device/adc_tcp_server.c ****         if (n < it->len)
 840:device/adc_tcp_server.c ****         {
 841:device/adc_tcp_server.c ****             it->len = (uint16_t)(it->len - n);
 791              		.loc 1 841 13 is_stmt 1 view .LVU188
 792              		.loc 1 841 23 is_stmt 0 view .LVU189
 793 001c 521B     		subs	r2, r2, r5
 794              		.loc 1 841 21 view .LVU190
 795 001e 26F83420 		strh	r2, [r6, r4, lsl #3]	@ movhi
 842:device/adc_tcp_server.c ****             if (it->type == TXQ_TYPE_DATA)
ARM GAS  /tmp/ccq8x8aq.s 			page 30


 796              		.loc 1 842 13 is_stmt 1 view .LVU191
 797              		.loc 1 842 19 is_stmt 0 view .LVU192
 798 0022 BB78     		ldrb	r3, [r7, #2]	@ zero_extendqisi2
 799              		.loc 1 842 16 view .LVU193
 800 0024 012B     		cmp	r3, #1
 801 0026 08D0     		beq	.L64
 802              	.LVL64:
 803              	.L56:
 804              		.loc 1 842 16 view .LVU194
 805              	.LBE4:
 843:device/adc_tcp_server.c ****             {
 844:device/adc_tcp_server.c ****                 if (s_unacked_data_bytes >= n) s_unacked_data_bytes -= n;
 845:device/adc_tcp_server.c ****                 else s_unacked_data_bytes = 0;
 846:device/adc_tcp_server.c ****             }
 847:device/adc_tcp_server.c ****             n = 0;
 848:device/adc_tcp_server.c ****             break;
 849:device/adc_tcp_server.c ****         }
 850:device/adc_tcp_server.c **** 
 851:device/adc_tcp_server.c ****         n -= it->len;
 852:device/adc_tcp_server.c ****         if (it->type == TXQ_TYPE_DATA)
 853:device/adc_tcp_server.c ****         {
 854:device/adc_tcp_server.c ****             if (s_unacked_data_bytes >= it->len) s_unacked_data_bytes -= it->len;
 855:device/adc_tcp_server.c ****             else s_unacked_data_bytes = 0;
 856:device/adc_tcp_server.c ****             s_tcp_acked_data_frames++;
 857:device/adc_tcp_server.c ****             AdcStream_ReleaseQueuedBlock();
 858:device/adc_tcp_server.c ****         }
 859:device/adc_tcp_server.c **** 
 860:device/adc_tcp_server.c ****         memset(it, 0, sizeof(*it));
 861:device/adc_tcp_server.c ****         s_txq_head = txq_next(s_txq_head);
 862:device/adc_tcp_server.c ****         s_txq_count--;
 863:device/adc_tcp_server.c ****     }
 864:device/adc_tcp_server.c **** 
 865:device/adc_tcp_server.c ****     /* START ACK 已经被 TCP 确认，下一次 Task 再真正开采集。 */
 866:device/adc_tcp_server.c ****     if ((s_start_wait_ack != 0U) && (s_txq_count == 0U))
 806              		.loc 1 866 5 is_stmt 1 view .LVU195
 807              		.loc 1 866 27 is_stmt 0 view .LVU196
 808 0028 2E4B     		ldr	r3, .L67+4
 809 002a 1B78     		ldrb	r3, [r3]	@ zero_extendqisi2
 810              		.loc 1 866 8 view .LVU197
 811 002c 1BB1     		cbz	r3, .L62
 812              		.loc 1 866 50 discriminator 1 view .LVU198
 813 002e 2E4B     		ldr	r3, .L67+8
 814 0030 1B88     		ldrh	r3, [r3]
 815              		.loc 1 866 34 discriminator 1 view .LVU199
 816 0032 002B     		cmp	r3, #0
 817 0034 41D0     		beq	.L65
 818              	.L62:
 867:device/adc_tcp_server.c ****     {
 868:device/adc_tcp_server.c ****         s_start_wait_ack = 0;
 869:device/adc_tcp_server.c ****         s_start_do_now = 1;
 870:device/adc_tcp_server.c ****         TCP_LOG_OK("START ACK confirmed by TCP, real sampling will start in task");
 819              		.loc 1 870 9 is_stmt 1 discriminator 1 view .LVU200
 871:device/adc_tcp_server.c ****     }
 872:device/adc_tcp_server.c **** 
 873:device/adc_tcp_server.c ****     return ERR_OK;
 820              		.loc 1 873 5 discriminator 1 view .LVU201
 874:device/adc_tcp_server.c **** }
ARM GAS  /tmp/ccq8x8aq.s 			page 31


 821              		.loc 1 874 1 is_stmt 0 discriminator 1 view .LVU202
 822 0036 0020     		movs	r0, #0
 823 0038 F8BD     		pop	{r3, r4, r5, r6, r7, pc}
 824              	.LVL65:
 825              	.L64:
 826              	.LBB5:
 844:device/adc_tcp_server.c ****                 else s_unacked_data_bytes = 0;
 827              		.loc 1 844 17 is_stmt 1 view .LVU203
 844:device/adc_tcp_server.c ****                 else s_unacked_data_bytes = 0;
 828              		.loc 1 844 42 is_stmt 0 view .LVU204
 829 003a 2C4B     		ldr	r3, .L67+12
 830 003c 1B68     		ldr	r3, [r3]
 844:device/adc_tcp_server.c ****                 else s_unacked_data_bytes = 0;
 831              		.loc 1 844 20 view .LVU205
 832 003e AB42     		cmp	r3, r5
 833 0040 03D3     		bcc	.L57
 844:device/adc_tcp_server.c ****                 else s_unacked_data_bytes = 0;
 834              		.loc 1 844 48 is_stmt 1 discriminator 1 view .LVU206
 844:device/adc_tcp_server.c ****                 else s_unacked_data_bytes = 0;
 835              		.loc 1 844 69 is_stmt 0 discriminator 1 view .LVU207
 836 0042 5B1B     		subs	r3, r3, r5
 837 0044 294A     		ldr	r2, .L67+12
 838 0046 1360     		str	r3, [r2]
 839 0048 EEE7     		b	.L56
 840              	.L57:
 845:device/adc_tcp_server.c ****             }
 841              		.loc 1 845 22 is_stmt 1 view .LVU208
 845:device/adc_tcp_server.c ****             }
 842              		.loc 1 845 43 is_stmt 0 view .LVU209
 843 004a 284B     		ldr	r3, .L67+12
 844 004c 0022     		movs	r2, #0
 845 004e 1A60     		str	r2, [r3]
 846 0050 EAE7     		b	.L56
 847              	.L59:
 855:device/adc_tcp_server.c ****             s_tcp_acked_data_frames++;
 848              		.loc 1 855 18 is_stmt 1 view .LVU210
 855:device/adc_tcp_server.c ****             s_tcp_acked_data_frames++;
 849              		.loc 1 855 39 is_stmt 0 view .LVU211
 850 0052 264B     		ldr	r3, .L67+12
 851 0054 0022     		movs	r2, #0
 852 0056 1A60     		str	r2, [r3]
 853              	.L60:
 856:device/adc_tcp_server.c ****             AdcStream_ReleaseQueuedBlock();
 854              		.loc 1 856 13 is_stmt 1 view .LVU212
 856:device/adc_tcp_server.c ****             AdcStream_ReleaseQueuedBlock();
 855              		.loc 1 856 36 is_stmt 0 view .LVU213
 856 0058 254A     		ldr	r2, .L67+16
 857 005a 1368     		ldr	r3, [r2]
 858 005c 0133     		adds	r3, r3, #1
 859 005e 1360     		str	r3, [r2]
 857:device/adc_tcp_server.c ****         }
 860              		.loc 1 857 13 is_stmt 1 view .LVU214
 861 0060 FFF7FEFF 		bl	AdcStream_ReleaseQueuedBlock
 862              	.LVL66:
 863              	.L58:
 860:device/adc_tcp_server.c ****         s_txq_head = txq_next(s_txq_head);
 864              		.loc 1 860 9 view .LVU215
ARM GAS  /tmp/ccq8x8aq.s 			page 32


 865 0064 0023     		movs	r3, #0
 866 0066 46F83430 		str	r3, [r6, r4, lsl #3]	@ unaligned
 867 006a 7B60     		str	r3, [r7, #4]	@ unaligned
 861:device/adc_tcp_server.c ****         s_txq_count--;
 868              		.loc 1 861 9 view .LVU216
 861:device/adc_tcp_server.c ****         s_txq_count--;
 869              		.loc 1 861 22 is_stmt 0 view .LVU217
 870 006c 214C     		ldr	r4, .L67+20
 871 006e 2078     		ldrb	r0, [r4]	@ zero_extendqisi2
 872 0070 FFF7FEFF 		bl	txq_next
 873              	.LVL67:
 861:device/adc_tcp_server.c ****         s_txq_count--;
 874              		.loc 1 861 20 view .LVU218
 875 0074 2070     		strb	r0, [r4]
 862:device/adc_tcp_server.c ****     }
 876              		.loc 1 862 9 is_stmt 1 view .LVU219
 862:device/adc_tcp_server.c ****     }
 877              		.loc 1 862 20 is_stmt 0 view .LVU220
 878 0076 1C4A     		ldr	r2, .L67+8
 879 0078 1388     		ldrh	r3, [r2]
 880 007a 013B     		subs	r3, r3, #1
 881 007c 1380     		strh	r3, [r2]	@ movhi
 882              	.LVL68:
 883              	.L54:
 862:device/adc_tcp_server.c ****     }
 884              		.loc 1 862 20 view .LVU221
 885              	.LBE5:
 835:device/adc_tcp_server.c ****     {
 886              		.loc 1 835 11 is_stmt 1 view .LVU222
 887 007e 002D     		cmp	r5, #0
 888 0080 D2D0     		beq	.L56
 835:device/adc_tcp_server.c ****     {
 889              		.loc 1 835 37 is_stmt 0 discriminator 1 view .LVU223
 890 0082 194B     		ldr	r3, .L67+8
 891 0084 1B88     		ldrh	r3, [r3]
 835:device/adc_tcp_server.c ****     {
 892              		.loc 1 835 21 discriminator 1 view .LVU224
 893 0086 002B     		cmp	r3, #0
 894 0088 CED0     		beq	.L56
 895              	.LBB6:
 837:device/adc_tcp_server.c **** 
 896              		.loc 1 837 9 is_stmt 1 view .LVU225
 837:device/adc_tcp_server.c **** 
 897              		.loc 1 837 35 is_stmt 0 view .LVU226
 898 008a 1A4B     		ldr	r3, .L67+20
 899 008c 1C78     		ldrb	r4, [r3]	@ zero_extendqisi2
 837:device/adc_tcp_server.c **** 
 900              		.loc 1 837 24 view .LVU227
 901 008e 1A4E     		ldr	r6, .L67+24
 902 0090 06EBC407 		add	r7, r6, r4, lsl #3
 903              	.LVL69:
 839:device/adc_tcp_server.c ****         {
 904              		.loc 1 839 9 is_stmt 1 view .LVU228
 839:device/adc_tcp_server.c ****         {
 905              		.loc 1 839 19 is_stmt 0 view .LVU229
 906 0094 36F83420 		ldrh	r2, [r6, r4, lsl #3]
 839:device/adc_tcp_server.c ****         {
ARM GAS  /tmp/ccq8x8aq.s 			page 33


 907              		.loc 1 839 12 view .LVU230
 908 0098 AA42     		cmp	r2, r5
 909 009a BFD8     		bhi	.L66
 851:device/adc_tcp_server.c ****         if (it->type == TXQ_TYPE_DATA)
 910              		.loc 1 851 9 is_stmt 1 view .LVU231
 851:device/adc_tcp_server.c ****         if (it->type == TXQ_TYPE_DATA)
 911              		.loc 1 851 11 is_stmt 0 view .LVU232
 912 009c AD1A     		subs	r5, r5, r2
 913              	.LVL70:
 852:device/adc_tcp_server.c ****         {
 914              		.loc 1 852 9 is_stmt 1 view .LVU233
 852:device/adc_tcp_server.c ****         {
 915              		.loc 1 852 15 is_stmt 0 view .LVU234
 916 009e 164B     		ldr	r3, .L67+24
 917 00a0 03EBC403 		add	r3, r3, r4, lsl #3
 918 00a4 9B78     		ldrb	r3, [r3, #2]	@ zero_extendqisi2
 852:device/adc_tcp_server.c ****         {
 919              		.loc 1 852 12 view .LVU235
 920 00a6 012B     		cmp	r3, #1
 921 00a8 DCD1     		bne	.L58
 854:device/adc_tcp_server.c ****             else s_unacked_data_bytes = 0;
 922              		.loc 1 854 13 is_stmt 1 view .LVU236
 854:device/adc_tcp_server.c ****             else s_unacked_data_bytes = 0;
 923              		.loc 1 854 38 is_stmt 0 view .LVU237
 924 00aa 104B     		ldr	r3, .L67+12
 925 00ac 1B68     		ldr	r3, [r3]
 854:device/adc_tcp_server.c ****             else s_unacked_data_bytes = 0;
 926              		.loc 1 854 16 view .LVU238
 927 00ae 9A42     		cmp	r2, r3
 928 00b0 CFD8     		bhi	.L59
 854:device/adc_tcp_server.c ****             else s_unacked_data_bytes = 0;
 929              		.loc 1 854 50 is_stmt 1 discriminator 1 view .LVU239
 854:device/adc_tcp_server.c ****             else s_unacked_data_bytes = 0;
 930              		.loc 1 854 71 is_stmt 0 discriminator 1 view .LVU240
 931 00b2 9A1A     		subs	r2, r3, r2
 932 00b4 0D4B     		ldr	r3, .L67+12
 933 00b6 1A60     		str	r2, [r3]
 934 00b8 CEE7     		b	.L60
 935              	.LVL71:
 936              	.L65:
 854:device/adc_tcp_server.c ****             else s_unacked_data_bytes = 0;
 937              		.loc 1 854 71 discriminator 1 view .LVU241
 938              	.LBE6:
 868:device/adc_tcp_server.c ****         s_start_do_now = 1;
 939              		.loc 1 868 9 is_stmt 1 view .LVU242
 868:device/adc_tcp_server.c ****         s_start_do_now = 1;
 940              		.loc 1 868 26 is_stmt 0 view .LVU243
 941 00ba 0024     		movs	r4, #0
 942 00bc 094B     		ldr	r3, .L67+4
 943 00be 1C70     		strb	r4, [r3]
 869:device/adc_tcp_server.c ****         TCP_LOG_OK("START ACK confirmed by TCP, real sampling will start in task");
 944              		.loc 1 869 9 is_stmt 1 view .LVU244
 869:device/adc_tcp_server.c ****         TCP_LOG_OK("START ACK confirmed by TCP, real sampling will start in task");
 945              		.loc 1 869 24 is_stmt 0 view .LVU245
 946 00c0 0E4B     		ldr	r3, .L67+28
 947 00c2 0122     		movs	r2, #1
 948 00c4 1A70     		strb	r2, [r3]
ARM GAS  /tmp/ccq8x8aq.s 			page 34


 870:device/adc_tcp_server.c ****     }
 949              		.loc 1 870 9 is_stmt 1 view .LVU246
 870:device/adc_tcp_server.c ****     }
 950              		.loc 1 870 9 view .LVU247
 951 00c6 0E49     		ldr	r1, .L67+32
 952 00c8 2046     		mov	r0, r4
 953 00ca FFF7FEFF 		bl	SEGGER_RTT_printf
 954              	.LVL72:
 870:device/adc_tcp_server.c ****     }
 955              		.loc 1 870 9 view .LVU248
 956 00ce 0D49     		ldr	r1, .L67+36
 957 00d0 2046     		mov	r0, r4
 958 00d2 FFF7FEFF 		bl	SEGGER_RTT_printf
 959              	.LVL73:
 870:device/adc_tcp_server.c ****     }
 960              		.loc 1 870 9 view .LVU249
 961 00d6 0C49     		ldr	r1, .L67+40
 962 00d8 2046     		mov	r0, r4
 963 00da FFF7FEFF 		bl	SEGGER_RTT_printf
 964              	.LVL74:
 965 00de AAE7     		b	.L62
 966              	.L68:
 967              		.align	2
 968              	.L67:
 969 00e0 00000000 		.word	.LANCHOR3
 970 00e4 00000000 		.word	.LANCHOR10
 971 00e8 00000000 		.word	.LANCHOR0
 972 00ec 00000000 		.word	.LANCHOR4
 973 00f0 00000000 		.word	.LANCHOR9
 974 00f4 00000000 		.word	.LANCHOR8
 975 00f8 00000000 		.word	.LANCHOR2
 976 00fc 00000000 		.word	.LANCHOR11
 977 0100 00000000 		.word	.LC7
 978 0104 0C000000 		.word	.LC8
 979 0108 4C000000 		.word	.LC9
 980              		.cfi_endproc
 981              	.LFE180:
 983              		.section	.text.txq_reset,"ax",%progbits
 984              		.align	1
 985              		.syntax unified
 986              		.thumb
 987              		.thumb_func
 988              		.fpu fpv4-sp-d16
 990              	txq_reset:
 991              	.LFB165:
 162:device/adc_tcp_server.c ****     memset(s_txq, 0, sizeof(s_txq));
 992              		.loc 1 162 1 view -0
 993              		.cfi_startproc
 994              		@ args = 0, pretend = 0, frame = 0
 995              		@ frame_needed = 0, uses_anonymous_args = 0
 996 0000 08B5     		push	{r3, lr}
 997              	.LCFI5:
 998              		.cfi_def_cfa_offset 8
 999              		.cfi_offset 3, -8
 1000              		.cfi_offset 14, -4
 163:device/adc_tcp_server.c ****     s_txq_head = 0;
 1001              		.loc 1 163 5 view .LVU251
ARM GAS  /tmp/ccq8x8aq.s 			page 35


 1002 0002 4FF4A072 		mov	r2, #320
 1003 0006 0021     		movs	r1, #0
 1004 0008 0748     		ldr	r0, .L71
 1005 000a FFF7FEFF 		bl	memset
 1006              	.LVL75:
 164:device/adc_tcp_server.c ****     s_txq_tail = 0;
 1007              		.loc 1 164 5 view .LVU252
 164:device/adc_tcp_server.c ****     s_txq_tail = 0;
 1008              		.loc 1 164 16 is_stmt 0 view .LVU253
 1009 000e 0023     		movs	r3, #0
 1010 0010 064A     		ldr	r2, .L71+4
 1011 0012 1370     		strb	r3, [r2]
 165:device/adc_tcp_server.c ****     s_txq_count = 0;
 1012              		.loc 1 165 5 is_stmt 1 view .LVU254
 165:device/adc_tcp_server.c ****     s_txq_count = 0;
 1013              		.loc 1 165 16 is_stmt 0 view .LVU255
 1014 0014 064A     		ldr	r2, .L71+8
 1015 0016 1370     		strb	r3, [r2]
 166:device/adc_tcp_server.c ****     s_unacked_total_bytes = 0;
 1016              		.loc 1 166 5 is_stmt 1 view .LVU256
 166:device/adc_tcp_server.c ****     s_unacked_total_bytes = 0;
 1017              		.loc 1 166 17 is_stmt 0 view .LVU257
 1018 0018 064A     		ldr	r2, .L71+12
 1019 001a 1380     		strh	r3, [r2]	@ movhi
 167:device/adc_tcp_server.c ****     s_unacked_data_bytes = 0;
 1020              		.loc 1 167 5 is_stmt 1 view .LVU258
 167:device/adc_tcp_server.c ****     s_unacked_data_bytes = 0;
 1021              		.loc 1 167 27 is_stmt 0 view .LVU259
 1022 001c 064A     		ldr	r2, .L71+16
 1023 001e 1360     		str	r3, [r2]
 168:device/adc_tcp_server.c **** }
 1024              		.loc 1 168 5 is_stmt 1 view .LVU260
 168:device/adc_tcp_server.c **** }
 1025              		.loc 1 168 26 is_stmt 0 view .LVU261
 1026 0020 064A     		ldr	r2, .L71+20
 1027 0022 1360     		str	r3, [r2]
 169:device/adc_tcp_server.c **** 
 1028              		.loc 1 169 1 view .LVU262
 1029 0024 08BD     		pop	{r3, pc}
 1030              	.L72:
 1031 0026 00BF     		.align	2
 1032              	.L71:
 1033 0028 00000000 		.word	.LANCHOR2
 1034 002c 00000000 		.word	.LANCHOR8
 1035 0030 00000000 		.word	.LANCHOR1
 1036 0034 00000000 		.word	.LANCHOR0
 1037 0038 00000000 		.word	.LANCHOR3
 1038 003c 00000000 		.word	.LANCHOR4
 1039              		.cfi_endproc
 1040              	.LFE165:
 1042              		.section	.rodata.on_err.str1.4,"aMS",%progbits,1
 1043              		.align	2
 1044              	.LC10:
 1045 0000 5B544350 		.ascii	"[TCP FAIL] \000"
 1045      20464149 
 1045      4C5D2000 
 1046              		.align	2
ARM GAS  /tmp/ccq8x8aq.s 			page 36


 1047              	.LC11:
 1048 000c 54435020 		.ascii	"TCP error callback: err=%d\000"
 1048      6572726F 
 1048      72206361 
 1048      6C6C6261 
 1048      636B3A20 
 1049 0027 00       		.align	2
 1050              	.LC12:
 1051 0028 54435020 		.ascii	"TCP error handled, stream stopped\000"
 1051      6572726F 
 1051      72206861 
 1051      6E646C65 
 1051      642C2073 
 1052              		.section	.text.on_err,"ax",%progbits
 1053              		.align	1
 1054              		.syntax unified
 1055              		.thumb
 1056              		.thumb_func
 1057              		.fpu fpv4-sp-d16
 1059              	on_err:
 1060              	.LVL76:
 1061              	.LFB182:
 875:device/adc_tcp_server.c **** 
 876:device/adc_tcp_server.c **** static err_t on_recv(void *arg, struct tcp_pcb *tpcb, struct pbuf *p, err_t err)
 877:device/adc_tcp_server.c **** {
 878:device/adc_tcp_server.c ****     (void)arg;
 879:device/adc_tcp_server.c **** 
 880:device/adc_tcp_server.c ****     if ((err != ERR_OK) || (p == 0))
 881:device/adc_tcp_server.c ****     {
 882:device/adc_tcp_server.c ****         TCP_LOG_INFO("TCP recv close/error: err=%d, p_present=%u", (int)err, (unsigned int)(p != 0)
 883:device/adc_tcp_server.c **** 
 884:device/adc_tcp_server.c ****         AdcStream_Stop();
 885:device/adc_tcp_server.c ****         if (p != 0)
 886:device/adc_tcp_server.c ****         {
 887:device/adc_tcp_server.c ****             pbuf_free(p);
 888:device/adc_tcp_server.c ****         }
 889:device/adc_tcp_server.c ****         tcp_close(tpcb);
 890:device/adc_tcp_server.c ****         if (s_client == tpcb)
 891:device/adc_tcp_server.c ****         {
 892:device/adc_tcp_server.c ****             s_client = 0;
 893:device/adc_tcp_server.c ****         }
 894:device/adc_tcp_server.c ****         s_rxlen = 0;
 895:device/adc_tcp_server.c ****         s_start_wait_ack = 0;
 896:device/adc_tcp_server.c ****         s_start_do_now = 0;
 897:device/adc_tcp_server.c ****         s_stream_debug_active = 0;
 898:device/adc_tcp_server.c ****         txq_reset();
 899:device/adc_tcp_server.c **** 
 900:device/adc_tcp_server.c ****         TCP_LOG_OK("TCP client disconnected, stream stopped");
 901:device/adc_tcp_server.c ****         return ERR_OK;
 902:device/adc_tcp_server.c ****     }
 903:device/adc_tcp_server.c **** 
 904:device/adc_tcp_server.c ****     tcp_recved(tpcb, p->tot_len);
 905:device/adc_tcp_server.c **** 
 906:device/adc_tcp_server.c ****     TCP_LOG_INFO("TCP RX bytes: tot_len=%u", (unsigned int)p->tot_len);
 907:device/adc_tcp_server.c **** 
 908:device/adc_tcp_server.c ****     struct pbuf *q = p;
 909:device/adc_tcp_server.c ****     while (q != 0)
ARM GAS  /tmp/ccq8x8aq.s 			page 37


 910:device/adc_tcp_server.c ****     {
 911:device/adc_tcp_server.c ****         parse_rx_stream((const uint8_t *)q->payload, q->len);
 912:device/adc_tcp_server.c ****         q = q->next;
 913:device/adc_tcp_server.c ****     }
 914:device/adc_tcp_server.c **** 
 915:device/adc_tcp_server.c ****     pbuf_free(p);
 916:device/adc_tcp_server.c ****     return ERR_OK;
 917:device/adc_tcp_server.c **** }
 918:device/adc_tcp_server.c **** 
 919:device/adc_tcp_server.c **** static void on_err(void *arg, err_t err)
 920:device/adc_tcp_server.c **** {
 1062              		.loc 1 920 1 is_stmt 1 view -0
 1063              		.cfi_startproc
 1064              		@ args = 0, pretend = 0, frame = 0
 1065              		@ frame_needed = 0, uses_anonymous_args = 0
 1066              		.loc 1 920 1 is_stmt 0 view .LVU264
 1067 0000 38B5     		push	{r3, r4, r5, lr}
 1068              	.LCFI6:
 1069              		.cfi_def_cfa_offset 16
 1070              		.cfi_offset 3, -16
 1071              		.cfi_offset 4, -12
 1072              		.cfi_offset 5, -8
 1073              		.cfi_offset 14, -4
 1074 0002 0C46     		mov	r4, r1
 921:device/adc_tcp_server.c ****     (void)arg;
 1075              		.loc 1 921 5 is_stmt 1 view .LVU265
 922:device/adc_tcp_server.c **** 
 923:device/adc_tcp_server.c ****     TCP_LOG_ERR("TCP error callback: err=%d", (int)err);
 1076              		.loc 1 923 5 view .LVU266
 1077              		.loc 1 923 5 view .LVU267
 1078 0004 1449     		ldr	r1, .L75
 1079              	.LVL77:
 1080              		.loc 1 923 5 is_stmt 0 view .LVU268
 1081 0006 0020     		movs	r0, #0
 1082              	.LVL78:
 1083              		.loc 1 923 5 view .LVU269
 1084 0008 FFF7FEFF 		bl	SEGGER_RTT_printf
 1085              	.LVL79:
 1086              		.loc 1 923 5 is_stmt 1 view .LVU270
 1087 000c 2246     		mov	r2, r4
 1088 000e 1349     		ldr	r1, .L75+4
 1089 0010 0020     		movs	r0, #0
 1090 0012 FFF7FEFF 		bl	SEGGER_RTT_printf
 1091              	.LVL80:
 1092              		.loc 1 923 5 view .LVU271
 1093 0016 124D     		ldr	r5, .L75+8
 1094 0018 2946     		mov	r1, r5
 1095 001a 0020     		movs	r0, #0
 1096 001c FFF7FEFF 		bl	SEGGER_RTT_printf
 1097              	.LVL81:
 1098              		.loc 1 923 5 view .LVU272
 924:device/adc_tcp_server.c **** 
 925:device/adc_tcp_server.c ****     AdcStream_Stop();
 1099              		.loc 1 925 5 view .LVU273
 1100 0020 FFF7FEFF 		bl	AdcStream_Stop
 1101              	.LVL82:
 926:device/adc_tcp_server.c ****     s_client = 0;
ARM GAS  /tmp/ccq8x8aq.s 			page 38


 1102              		.loc 1 926 5 view .LVU274
 1103              		.loc 1 926 14 is_stmt 0 view .LVU275
 1104 0024 0024     		movs	r4, #0
 1105 0026 0F4B     		ldr	r3, .L75+12
 1106 0028 1C60     		str	r4, [r3]
 927:device/adc_tcp_server.c ****     s_rxlen = 0;
 1107              		.loc 1 927 5 is_stmt 1 view .LVU276
 1108              		.loc 1 927 13 is_stmt 0 view .LVU277
 1109 002a 0F4B     		ldr	r3, .L75+16
 1110 002c 1C80     		strh	r4, [r3]	@ movhi
 928:device/adc_tcp_server.c ****     s_start_wait_ack = 0;
 1111              		.loc 1 928 5 is_stmt 1 view .LVU278
 1112              		.loc 1 928 22 is_stmt 0 view .LVU279
 1113 002e 0F4B     		ldr	r3, .L75+20
 1114 0030 1C70     		strb	r4, [r3]
 929:device/adc_tcp_server.c ****     s_start_do_now = 0;
 1115              		.loc 1 929 5 is_stmt 1 view .LVU280
 1116              		.loc 1 929 20 is_stmt 0 view .LVU281
 1117 0032 0F4B     		ldr	r3, .L75+24
 1118 0034 1C70     		strb	r4, [r3]
 930:device/adc_tcp_server.c ****     s_stream_debug_active = 0;
 1119              		.loc 1 930 5 is_stmt 1 view .LVU282
 1120              		.loc 1 930 27 is_stmt 0 view .LVU283
 1121 0036 0F4B     		ldr	r3, .L75+28
 1122 0038 1C70     		strb	r4, [r3]
 931:device/adc_tcp_server.c ****     txq_reset();
 1123              		.loc 1 931 5 is_stmt 1 view .LVU284
 1124 003a FFF7FEFF 		bl	txq_reset
 1125              	.LVL83:
 932:device/adc_tcp_server.c **** 
 933:device/adc_tcp_server.c ****     TCP_LOG_OK("TCP error handled, stream stopped");
 1126              		.loc 1 933 5 view .LVU285
 1127              		.loc 1 933 5 view .LVU286
 1128 003e 0E49     		ldr	r1, .L75+32
 1129 0040 2046     		mov	r0, r4
 1130 0042 FFF7FEFF 		bl	SEGGER_RTT_printf
 1131              	.LVL84:
 1132              		.loc 1 933 5 view .LVU287
 1133 0046 0D49     		ldr	r1, .L75+36
 1134 0048 2046     		mov	r0, r4
 1135 004a FFF7FEFF 		bl	SEGGER_RTT_printf
 1136              	.LVL85:
 1137              		.loc 1 933 5 view .LVU288
 1138 004e 2946     		mov	r1, r5
 1139 0050 2046     		mov	r0, r4
 1140 0052 FFF7FEFF 		bl	SEGGER_RTT_printf
 1141              	.LVL86:
 1142              		.loc 1 933 5 view .LVU289
 934:device/adc_tcp_server.c **** }
 1143              		.loc 1 934 1 is_stmt 0 view .LVU290
 1144 0056 38BD     		pop	{r3, r4, r5, pc}
 1145              	.L76:
 1146              		.align	2
 1147              	.L75:
 1148 0058 00000000 		.word	.LC10
 1149 005c 0C000000 		.word	.LC11
 1150 0060 4C000000 		.word	.LC9
ARM GAS  /tmp/ccq8x8aq.s 			page 39


 1151 0064 00000000 		.word	.LANCHOR5
 1152 0068 00000000 		.word	.LANCHOR12
 1153 006c 00000000 		.word	.LANCHOR10
 1154 0070 00000000 		.word	.LANCHOR11
 1155 0074 00000000 		.word	.LANCHOR13
 1156 0078 00000000 		.word	.LC7
 1157 007c 28000000 		.word	.LC12
 1158              		.cfi_endproc
 1159              	.LFE182:
 1161              		.section	.text.build_small_frame,"ax",%progbits
 1162              		.align	1
 1163              		.syntax unified
 1164              		.thumb
 1165              		.thumb_func
 1166              		.fpu fpv4-sp-d16
 1168              	build_small_frame:
 1169              	.LVL87:
 1170              	.LFB170:
 247:device/adc_tcp_server.c ****     put_u16(&out[0], APP_PROTO_MAGIC);
 1171              		.loc 1 247 1 is_stmt 1 view -0
 1172              		.cfi_startproc
 1173              		@ args = 4, pretend = 0, frame = 0
 1174              		@ frame_needed = 0, uses_anonymous_args = 0
 247:device/adc_tcp_server.c ****     put_u16(&out[0], APP_PROTO_MAGIC);
 1175              		.loc 1 247 1 is_stmt 0 view .LVU292
 1176 0000 2DE9F041 		push	{r4, r5, r6, r7, r8, lr}
 1177              	.LCFI7:
 1178              		.cfi_def_cfa_offset 24
 1179              		.cfi_offset 4, -24
 1180              		.cfi_offset 5, -20
 1181              		.cfi_offset 6, -16
 1182              		.cfi_offset 7, -12
 1183              		.cfi_offset 8, -8
 1184              		.cfi_offset 14, -4
 1185 0004 0746     		mov	r7, r0
 1186 0006 0E46     		mov	r6, r1
 1187 0008 9046     		mov	r8, r2
 1188 000a 1C46     		mov	r4, r3
 1189 000c 069D     		ldr	r5, [sp, #24]
 248:device/adc_tcp_server.c ****     out[2] = APP_PROTO_VER;
 1190              		.loc 1 248 5 is_stmt 1 view .LVU293
 1191 000e 4AF25A51 		movw	r1, #42330
 1192              	.LVL88:
 248:device/adc_tcp_server.c ****     out[2] = APP_PROTO_VER;
 1193              		.loc 1 248 5 is_stmt 0 view .LVU294
 1194 0012 2846     		mov	r0, r5
 1195              	.LVL89:
 248:device/adc_tcp_server.c ****     out[2] = APP_PROTO_VER;
 1196              		.loc 1 248 5 view .LVU295
 1197 0014 FFF7FEFF 		bl	put_u16
 1198              	.LVL90:
 249:device/adc_tcp_server.c ****     out[3] = type;
 1199              		.loc 1 249 5 is_stmt 1 view .LVU296
 249:device/adc_tcp_server.c ****     out[3] = type;
 1200              		.loc 1 249 12 is_stmt 0 view .LVU297
 1201 0018 0123     		movs	r3, #1
 1202 001a AB70     		strb	r3, [r5, #2]
ARM GAS  /tmp/ccq8x8aq.s 			page 40


 250:device/adc_tcp_server.c ****     put_u16(&out[4], len);
 1203              		.loc 1 250 5 is_stmt 1 view .LVU298
 250:device/adc_tcp_server.c ****     put_u16(&out[4], len);
 1204              		.loc 1 250 12 is_stmt 0 view .LVU299
 1205 001c EF70     		strb	r7, [r5, #3]
 251:device/adc_tcp_server.c ****     put_u32(&out[6], seq);
 1206              		.loc 1 251 5 is_stmt 1 view .LVU300
 1207 001e 2146     		mov	r1, r4
 1208 0020 281D     		adds	r0, r5, #4
 1209 0022 FFF7FEFF 		bl	put_u16
 1210              	.LVL91:
 252:device/adc_tcp_server.c **** 
 1211              		.loc 1 252 5 view .LVU301
 1212 0026 3146     		mov	r1, r6
 1213 0028 A81D     		adds	r0, r5, #6
 1214 002a FFF7FEFF 		bl	put_u32
 1215              	.LVL92:
 254:device/adc_tcp_server.c ****     {
 1216              		.loc 1 254 5 view .LVU302
 254:device/adc_tcp_server.c ****     {
 1217              		.loc 1 254 8 is_stmt 0 view .LVU303
 1218 002e 44B1     		cbz	r4, .L78
 254:device/adc_tcp_server.c ****     {
 1219              		.loc 1 254 21 discriminator 1 view .LVU304
 1220 0030 B8F1000F 		cmp	r8, #0
 1221 0034 05D0     		beq	.L78
 256:device/adc_tcp_server.c ****     }
 1222              		.loc 1 256 9 is_stmt 1 view .LVU305
 1223 0036 2246     		mov	r2, r4
 1224 0038 4146     		mov	r1, r8
 1225 003a 05F10A00 		add	r0, r5, #10
 1226 003e FFF7FEFF 		bl	memcpy
 1227              	.LVL93:
 1228              	.L78:
 259:device/adc_tcp_server.c ****     put_u16(&out[APP_FRAME_HDR_LEN + len], crc);
 1229              		.loc 1 259 5 view .LVU306
 259:device/adc_tcp_server.c ****     put_u16(&out[APP_FRAME_HDR_LEN + len], crc);
 1230              		.loc 1 259 56 is_stmt 0 view .LVU307
 1231 0042 04F10A06 		add	r6, r4, #10
 1232              	.LVL94:
 259:device/adc_tcp_server.c ****     put_u16(&out[APP_FRAME_HDR_LEN + len], crc);
 1233              		.loc 1 259 20 view .LVU308
 1234 0046 3146     		mov	r1, r6
 1235 0048 2846     		mov	r0, r5
 1236 004a FFF7FEFF 		bl	crc16_modbus
 1237              	.LVL95:
 1238 004e 0146     		mov	r1, r0
 1239              	.LVL96:
 260:device/adc_tcp_server.c **** 
 1240              		.loc 1 260 5 is_stmt 1 view .LVU309
 1241 0050 A819     		adds	r0, r5, r6
 1242 0052 FFF7FEFF 		bl	put_u16
 1243              	.LVL97:
 262:device/adc_tcp_server.c **** }
 1244              		.loc 1 262 5 view .LVU310
 262:device/adc_tcp_server.c **** }
 1245              		.loc 1 262 12 is_stmt 0 view .LVU311
ARM GAS  /tmp/ccq8x8aq.s 			page 41


 1246 0056 04F10C00 		add	r0, r4, #12
 263:device/adc_tcp_server.c **** 
 1247              		.loc 1 263 1 view .LVU312
 1248 005a 80B2     		uxth	r0, r0
 1249 005c BDE8F081 		pop	{r4, r5, r6, r7, r8, pc}
 263:device/adc_tcp_server.c **** 
 1250              		.loc 1 263 1 view .LVU313
 1251              		.cfi_endproc
 1252              	.LFE170:
 1254              		.section	.rodata.discard_stale_stream_before_start.str1.4,"aMS",%progbits,1
 1255              		.align	2
 1256              	.LC13:
 1257 0000 41435449 		.ascii	"ACTION START rejected: previous TCP data not ACKed,"
 1257      4F4E2053 
 1257      54415254 
 1257      2072656A 
 1257      65637465 
 1258 0033 20726561 		.ascii	" ready=%u queued=%u unacked_data=%lu overrun=%lu fl"
 1258      64793D25 
 1258      75207175 
 1258      65756564 
 1258      3D257520 
 1259 0066 6167733D 		.ascii	"ags=0x%08lX\000"
 1259      30782530 
 1259      386C5800 
 1260 0072 0000     		.align	2
 1261              	.LC14:
 1262 0074 5B544350 		.ascii	"[TCP] \000"
 1262      5D2000
 1263 007b 00       		.align	2
 1264              	.LC15:
 1265 007c 41435449 		.ascii	"ACTION START: discard stale stream data before rest"
 1265      4F4E2053 
 1265      54415254 
 1265      3A206469 
 1265      73636172 
 1266 00af 6172742C 		.ascii	"art, ready=%u queued=%u overrun=%lu flags=0x%08lX\000"
 1266      20726561 
 1266      64793D25 
 1266      75207175 
 1266      65756564 
 1267              		.section	.text.discard_stale_stream_before_start,"ax",%progbits
 1268              		.align	1
 1269              		.syntax unified
 1270              		.thumb
 1271              		.thumb_func
 1272              		.fpu fpv4-sp-d16
 1274              	discard_stale_stream_before_start:
 1275              	.LFB176:
 530:device/adc_tcp_server.c ****     uint16_t ready = AdcStream_GetReadyCount();
 1276              		.loc 1 530 1 is_stmt 1 view -0
 1277              		.cfi_startproc
 1278              		@ args = 0, pretend = 0, frame = 0
 1279              		@ frame_needed = 0, uses_anonymous_args = 0
 1280 0000 F0B5     		push	{r4, r5, r6, r7, lr}
 1281              	.LCFI8:
 1282              		.cfi_def_cfa_offset 20
ARM GAS  /tmp/ccq8x8aq.s 			page 42


 1283              		.cfi_offset 4, -20
 1284              		.cfi_offset 5, -16
 1285              		.cfi_offset 6, -12
 1286              		.cfi_offset 7, -8
 1287              		.cfi_offset 14, -4
 1288 0002 85B0     		sub	sp, sp, #20
 1289              	.LCFI9:
 1290              		.cfi_def_cfa_offset 40
 531:device/adc_tcp_server.c ****     uint16_t queued = AdcStream_GetQueuedCount();
 1291              		.loc 1 531 5 view .LVU315
 531:device/adc_tcp_server.c ****     uint16_t queued = AdcStream_GetQueuedCount();
 1292              		.loc 1 531 22 is_stmt 0 view .LVU316
 1293 0004 FFF7FEFF 		bl	AdcStream_GetReadyCount
 1294              	.LVL98:
 1295 0008 0446     		mov	r4, r0
 1296              	.LVL99:
 532:device/adc_tcp_server.c ****     uint32_t overrun = AdcStream_GetOverrunCount();
 1297              		.loc 1 532 5 is_stmt 1 view .LVU317
 532:device/adc_tcp_server.c ****     uint32_t overrun = AdcStream_GetOverrunCount();
 1298              		.loc 1 532 23 is_stmt 0 view .LVU318
 1299 000a FFF7FEFF 		bl	AdcStream_GetQueuedCount
 1300              	.LVL100:
 1301 000e 0546     		mov	r5, r0
 1302              	.LVL101:
 533:device/adc_tcp_server.c ****     uint32_t flags = AdcStream_GetFlags();
 1303              		.loc 1 533 5 is_stmt 1 view .LVU319
 533:device/adc_tcp_server.c ****     uint32_t flags = AdcStream_GetFlags();
 1304              		.loc 1 533 24 is_stmt 0 view .LVU320
 1305 0010 FFF7FEFF 		bl	AdcStream_GetOverrunCount
 1306              	.LVL102:
 1307 0014 0646     		mov	r6, r0
 1308              	.LVL103:
 534:device/adc_tcp_server.c **** 
 1309              		.loc 1 534 5 is_stmt 1 view .LVU321
 534:device/adc_tcp_server.c **** 
 1310              		.loc 1 534 22 is_stmt 0 view .LVU322
 1311 0016 FFF7FEFF 		bl	AdcStream_GetFlags
 1312              	.LVL104:
 534:device/adc_tcp_server.c **** 
 1313              		.loc 1 534 22 view .LVU323
 1314 001a 0746     		mov	r7, r0
 1315              	.LVL105:
 536:device/adc_tcp_server.c ****     {
 1316              		.loc 1 536 5 is_stmt 1 view .LVU324
 536:device/adc_tcp_server.c ****     {
 1317              		.loc 1 536 8 is_stmt 0 view .LVU325
 1318 001c 14B9     		cbnz	r4, .L81
 536:device/adc_tcp_server.c ****     {
 1319              		.loc 1 536 23 discriminator 1 view .LVU326
 1320 001e 0DB9     		cbnz	r5, .L81
 536:device/adc_tcp_server.c ****     {
 1321              		.loc 1 536 41 discriminator 2 view .LVU327
 1322 0020 06B9     		cbnz	r6, .L81
 536:device/adc_tcp_server.c ****     {
 1323              		.loc 1 536 60 discriminator 3 view .LVU328
 1324 0022 68B3     		cbz	r0, .L84
 1325              	.L81:
ARM GAS  /tmp/ccq8x8aq.s 			page 43


 541:device/adc_tcp_server.c ****     {
 1326              		.loc 1 541 5 is_stmt 1 view .LVU329
 541:device/adc_tcp_server.c ****     {
 1327              		.loc 1 541 30 is_stmt 0 view .LVU330
 1328 0024 174B     		ldr	r3, .L87
 1329 0026 1B68     		ldr	r3, [r3]
 541:device/adc_tcp_server.c ****     {
 1330              		.loc 1 541 8 view .LVU331
 1331 0028 A3B9     		cbnz	r3, .L86
 552:device/adc_tcp_server.c ****                  (unsigned int)ready,
 1332              		.loc 1 552 5 is_stmt 1 view .LVU332
 552:device/adc_tcp_server.c ****                  (unsigned int)ready,
 1333              		.loc 1 552 5 view .LVU333
 1334 002a 1749     		ldr	r1, .L87+4
 1335 002c 0020     		movs	r0, #0
 1336              	.LVL106:
 552:device/adc_tcp_server.c ****                  (unsigned int)ready,
 1337              		.loc 1 552 5 is_stmt 0 view .LVU334
 1338 002e FFF7FEFF 		bl	SEGGER_RTT_printf
 1339              	.LVL107:
 552:device/adc_tcp_server.c ****                  (unsigned int)ready,
 1340              		.loc 1 552 5 is_stmt 1 view .LVU335
 1341 0032 0197     		str	r7, [sp, #4]
 1342 0034 0096     		str	r6, [sp]
 1343 0036 2B46     		mov	r3, r5
 1344 0038 2246     		mov	r2, r4
 1345 003a 1449     		ldr	r1, .L87+8
 1346 003c 0020     		movs	r0, #0
 1347 003e FFF7FEFF 		bl	SEGGER_RTT_printf
 1348              	.LVL108:
 552:device/adc_tcp_server.c ****                  (unsigned int)ready,
 1349              		.loc 1 552 5 view .LVU336
 1350 0042 1349     		ldr	r1, .L87+12
 1351 0044 0020     		movs	r0, #0
 1352 0046 FFF7FEFF 		bl	SEGGER_RTT_printf
 1353              	.LVL109:
 552:device/adc_tcp_server.c ****                  (unsigned int)ready,
 1354              		.loc 1 552 5 view .LVU337
 558:device/adc_tcp_server.c ****     return 0;
 1355              		.loc 1 558 5 view .LVU338
 1356 004a FFF7FEFF 		bl	AdcStream_ResetDiscard
 1357              	.LVL110:
 559:device/adc_tcp_server.c **** }
 1358              		.loc 1 559 5 view .LVU339
 559:device/adc_tcp_server.c **** }
 1359              		.loc 1 559 12 is_stmt 0 view .LVU340
 1360 004e 0020     		movs	r0, #0
 1361              	.L80:
 560:device/adc_tcp_server.c **** 
 1362              		.loc 1 560 1 view .LVU341
 1363 0050 05B0     		add	sp, sp, #20
 1364              	.LCFI10:
 1365              		.cfi_remember_state
 1366              		.cfi_def_cfa_offset 20
 1367              		@ sp needed
 1368 0052 F0BD     		pop	{r4, r5, r6, r7, pc}
 1369              	.LVL111:
ARM GAS  /tmp/ccq8x8aq.s 			page 44


 1370              	.L86:
 1371              	.LCFI11:
 1372              		.cfi_restore_state
 543:device/adc_tcp_server.c ****                     (unsigned int)ready,
 1373              		.loc 1 543 9 is_stmt 1 view .LVU342
 543:device/adc_tcp_server.c ****                     (unsigned int)ready,
 1374              		.loc 1 543 9 view .LVU343
 1375 0054 0F49     		ldr	r1, .L87+16
 1376 0056 0020     		movs	r0, #0
 1377              	.LVL112:
 543:device/adc_tcp_server.c ****                     (unsigned int)ready,
 1378              		.loc 1 543 9 is_stmt 0 view .LVU344
 1379 0058 FFF7FEFF 		bl	SEGGER_RTT_printf
 1380              	.LVL113:
 543:device/adc_tcp_server.c ****                     (unsigned int)ready,
 1381              		.loc 1 543 9 is_stmt 1 view .LVU345
 1382 005c 0297     		str	r7, [sp, #8]
 1383 005e 0196     		str	r6, [sp, #4]
 1384 0060 084B     		ldr	r3, .L87
 1385 0062 1B68     		ldr	r3, [r3]
 1386 0064 0093     		str	r3, [sp]
 1387 0066 2B46     		mov	r3, r5
 1388 0068 2246     		mov	r2, r4
 1389 006a 0B49     		ldr	r1, .L87+20
 1390 006c 0020     		movs	r0, #0
 1391 006e FFF7FEFF 		bl	SEGGER_RTT_printf
 1392              	.LVL114:
 543:device/adc_tcp_server.c ****                     (unsigned int)ready,
 1393              		.loc 1 543 9 view .LVU346
 1394 0072 0749     		ldr	r1, .L87+12
 1395 0074 0020     		movs	r0, #0
 1396 0076 FFF7FEFF 		bl	SEGGER_RTT_printf
 1397              	.LVL115:
 543:device/adc_tcp_server.c ****                     (unsigned int)ready,
 1398              		.loc 1 543 9 view .LVU347
 549:device/adc_tcp_server.c ****     }
 1399              		.loc 1 549 9 view .LVU348
 549:device/adc_tcp_server.c ****     }
 1400              		.loc 1 549 16 is_stmt 0 view .LVU349
 1401 007a 4FF0FF30 		mov	r0, #-1
 1402 007e E7E7     		b	.L80
 1403              	.LVL116:
 1404              	.L84:
 538:device/adc_tcp_server.c ****     }
 1405              		.loc 1 538 16 view .LVU350
 1406 0080 0020     		movs	r0, #0
 1407              	.LVL117:
 538:device/adc_tcp_server.c ****     }
 1408              		.loc 1 538 16 view .LVU351
 1409 0082 E5E7     		b	.L80
 1410              	.L88:
 1411              		.align	2
 1412              	.L87:
 1413 0084 00000000 		.word	.LANCHOR4
 1414 0088 74000000 		.word	.LC14
 1415 008c 7C000000 		.word	.LC15
 1416 0090 4C000000 		.word	.LC9
ARM GAS  /tmp/ccq8x8aq.s 			page 45


 1417 0094 00000000 		.word	.LC10
 1418 0098 00000000 		.word	.LC13
 1419              		.cfi_endproc
 1420              	.LFE176:
 1422              		.section	.text.send_small_frame,"ax",%progbits
 1423              		.align	1
 1424              		.syntax unified
 1425              		.thumb
 1426              		.thumb_func
 1427              		.fpu fpv4-sp-d16
 1429              	send_small_frame:
 1430              	.LVL118:
 1431              	.LFB171:
 266:device/adc_tcp_server.c ****     if (s_client == 0)
 1432              		.loc 1 266 1 is_stmt 1 view -0
 1433              		.cfi_startproc
 1434              		@ args = 0, pretend = 0, frame = 0
 1435              		@ frame_needed = 0, uses_anonymous_args = 0
 266:device/adc_tcp_server.c ****     if (s_client == 0)
 1436              		.loc 1 266 1 is_stmt 0 view .LVU353
 1437 0000 30B5     		push	{r4, r5, lr}
 1438              	.LCFI12:
 1439              		.cfi_def_cfa_offset 12
 1440              		.cfi_offset 4, -12
 1441              		.cfi_offset 5, -8
 1442              		.cfi_offset 14, -4
 1443 0002 83B0     		sub	sp, sp, #12
 1444              	.LCFI13:
 1445              		.cfi_def_cfa_offset 24
 1446 0004 1346     		mov	r3, r2
 267:device/adc_tcp_server.c ****     {
 1447              		.loc 1 267 5 is_stmt 1 view .LVU354
 267:device/adc_tcp_server.c ****     {
 1448              		.loc 1 267 18 is_stmt 0 view .LVU355
 1449 0006 204A     		ldr	r2, .L98
 1450              	.LVL119:
 267:device/adc_tcp_server.c ****     {
 1451              		.loc 1 267 18 view .LVU356
 1452 0008 1268     		ldr	r2, [r2]
 267:device/adc_tcp_server.c ****     {
 1453              		.loc 1 267 8 view .LVU357
 1454 000a 72B3     		cbz	r2, .L91
 1455 000c 0C46     		mov	r4, r1
 272:device/adc_tcp_server.c ****     {
 1456              		.loc 1 272 5 is_stmt 1 view .LVU358
 272:device/adc_tcp_server.c ****     {
 1457              		.loc 1 272 9 is_stmt 0 view .LVU359
 1458 000e 03F10C02 		add	r2, r3, #12
 1459 0012 92B2     		uxth	r2, r2
 272:device/adc_tcp_server.c ****     {
 1460              		.loc 1 272 8 view .LVU360
 1461 0014 402A     		cmp	r2, #64
 1462 0016 2BD8     		bhi	.L92
 277:device/adc_tcp_server.c ****     {
 1463              		.loc 1 277 5 is_stmt 1 view .LVU361
 277:device/adc_tcp_server.c ****     {
 1464              		.loc 1 277 21 is_stmt 0 view .LVU362
ARM GAS  /tmp/ccq8x8aq.s 			page 46


 1465 0018 1C4A     		ldr	r2, .L98+4
 1466 001a 1288     		ldrh	r2, [r2]
 277:device/adc_tcp_server.c ****     {
 1467              		.loc 1 277 8 view .LVU363
 1468 001c 272A     		cmp	r2, #39
 1469 001e 2AD8     		bhi	.L93
 282:device/adc_tcp_server.c **** 
 1470              		.loc 1 282 5 is_stmt 1 view .LVU364
 282:device/adc_tcp_server.c **** 
 1471              		.loc 1 282 26 is_stmt 0 view .LVU365
 1472 0020 1B4A     		ldr	r2, .L98+8
 1473 0022 1168     		ldr	r1, [r2]
 1474              	.LVL120:
 282:device/adc_tcp_server.c **** 
 1475              		.loc 1 282 26 view .LVU366
 1476 0024 4D1C     		adds	r5, r1, #1
 1477 0026 1560     		str	r5, [r2]
 1478 0028 1A4A     		ldr	r2, .L98+12
 1479 002a 0092     		str	r2, [sp]
 1480 002c 2246     		mov	r2, r4
 1481 002e FFF7FEFF 		bl	build_small_frame
 1482              	.LVL121:
 282:device/adc_tcp_server.c **** 
 1483              		.loc 1 282 26 view .LVU367
 1484 0032 0446     		mov	r4, r0
 1485              	.LVL122:
 284:device/adc_tcp_server.c ****     {
 1486              		.loc 1 284 5 is_stmt 1 view .LVU368
 284:device/adc_tcp_server.c ****     {
 1487              		.loc 1 284 9 is_stmt 0 view .LVU369
 1488 0034 144B     		ldr	r3, .L98
 1489 0036 1868     		ldr	r0, [r3]
 1490 0038 B0F86430 		ldrh	r3, [r0, #100]
 284:device/adc_tcp_server.c ****     {
 1491              		.loc 1 284 8 view .LVU370
 1492 003c A342     		cmp	r3, r4
 1493 003e 1DD3     		bcc	.L94
 289:device/adc_tcp_server.c ****     if (e == ERR_OK)
 1494              		.loc 1 289 5 is_stmt 1 view .LVU371
 289:device/adc_tcp_server.c ****     if (e == ERR_OK)
 1495              		.loc 1 289 15 is_stmt 0 view .LVU372
 1496 0040 0123     		movs	r3, #1
 1497 0042 2246     		mov	r2, r4
 1498 0044 1349     		ldr	r1, .L98+12
 1499 0046 FFF7FEFF 		bl	tcp_write
 1500              	.LVL123:
 290:device/adc_tcp_server.c ****     {
 1501              		.loc 1 290 5 is_stmt 1 view .LVU373
 290:device/adc_tcp_server.c ****     {
 1502              		.loc 1 290 8 is_stmt 0 view .LVU374
 1503 004a 0546     		mov	r5, r0
 1504 004c 10B1     		cbz	r0, .L97
 1505              	.LVL124:
 1506              	.L90:
 300:device/adc_tcp_server.c **** 
 1507              		.loc 1 300 1 view .LVU375
 1508 004e 2846     		mov	r0, r5
ARM GAS  /tmp/ccq8x8aq.s 			page 47


 1509 0050 03B0     		add	sp, sp, #12
 1510              	.LCFI14:
 1511              		.cfi_remember_state
 1512              		.cfi_def_cfa_offset 12
 1513              		@ sp needed
 1514 0052 30BD     		pop	{r4, r5, pc}
 1515              	.LVL125:
 1516              	.L97:
 1517              	.LCFI15:
 1518              		.cfi_restore_state
 292:device/adc_tcp_server.c ****         {
 1519              		.loc 1 292 9 is_stmt 1 view .LVU376
 292:device/adc_tcp_server.c ****         {
 1520              		.loc 1 292 13 is_stmt 0 view .LVU377
 1521 0054 0022     		movs	r2, #0
 1522 0056 2146     		mov	r1, r4
 1523 0058 1046     		mov	r0, r2
 1524              	.LVL126:
 292:device/adc_tcp_server.c ****         {
 1525              		.loc 1 292 13 view .LVU378
 1526 005a FFF7FEFF 		bl	txq_push
 1527              	.LVL127:
 292:device/adc_tcp_server.c ****         {
 1528              		.loc 1 292 12 view .LVU379
 1529 005e 80B9     		cbnz	r0, .L95
 296:device/adc_tcp_server.c ****     }
 1530              		.loc 1 296 9 is_stmt 1 view .LVU380
 296:device/adc_tcp_server.c ****     }
 1531              		.loc 1 296 15 is_stmt 0 view .LVU381
 1532 0060 094B     		ldr	r3, .L98
 1533 0062 1868     		ldr	r0, [r3]
 1534 0064 FFF7FEFF 		bl	tcp_output
 1535              	.LVL128:
 1536 0068 F1E7     		b	.L90
 1537              	.LVL129:
 1538              	.L91:
 269:device/adc_tcp_server.c ****     }
 1539              		.loc 1 269 16 view .LVU382
 1540 006a 6FF00A05 		mvn	r5, #10
 1541 006e EEE7     		b	.L90
 1542              	.L92:
 274:device/adc_tcp_server.c ****     }
 1543              		.loc 1 274 16 view .LVU383
 1544 0070 6FF00F05 		mvn	r5, #15
 1545 0074 EBE7     		b	.L90
 1546              	.L93:
 279:device/adc_tcp_server.c ****     }
 1547              		.loc 1 279 16 view .LVU384
 1548 0076 4FF0FF35 		mov	r5, #-1
 1549 007a E8E7     		b	.L90
 1550              	.LVL130:
 1551              	.L94:
 286:device/adc_tcp_server.c ****     }
 1552              		.loc 1 286 16 view .LVU385
 1553 007c 4FF0FF35 		mov	r5, #-1
 1554 0080 E5E7     		b	.L90
 1555              	.L95:
ARM GAS  /tmp/ccq8x8aq.s 			page 48


 294:device/adc_tcp_server.c ****         }
 1556              		.loc 1 294 20 view .LVU386
 1557 0082 4FF0FF35 		mov	r5, #-1
 1558 0086 E2E7     		b	.L90
 1559              	.L99:
 1560              		.align	2
 1561              	.L98:
 1562 0088 00000000 		.word	.LANCHOR5
 1563 008c 00000000 		.word	.LANCHOR0
 1564 0090 00000000 		.word	.LANCHOR7
 1565 0094 00000000 		.word	.LANCHOR14
 1566              		.cfi_endproc
 1567              	.LFE171:
 1569              		.section	.rodata.send_ack.str1.4,"aMS",%progbits,1
 1570              		.align	2
 1571              	.LC16:
 1572 0000 54582041 		.ascii	"TX ACK: status=%ld, fs=%lu, bits=%u, range=%u, runn"
 1572      434B3A20 
 1572      73746174 
 1572      75733D25 
 1572      6C642C20 
 1573 0033 696E673D 		.ascii	"ing=%u, flags=0x%08lX, ready=%u, queued=%u, free=%u"
 1573      25752C20 
 1573      666C6167 
 1573      733D3078 
 1573      2530386C 
 1574 0066 00       		.ascii	"\000"
 1575 0067 00       		.align	2
 1576              	.LC17:
 1577 0068 54582041 		.ascii	"TX ACK failed: status=%ld, err=%d, sndbuf=%u, txq=%"
 1577      434B2066 
 1577      61696C65 
 1577      643A2073 
 1577      74617475 
 1578 009b 7500     		.ascii	"u\000"
 1579              		.section	.text.send_ack,"ax",%progbits
 1580              		.align	1
 1581              		.syntax unified
 1582              		.thumb
 1583              		.thumb_func
 1584              		.fpu fpv4-sp-d16
 1586              	send_ack:
 1587              	.LVL131:
 1588              	.LFB173:
 329:device/adc_tcp_server.c ****     uint8_t p[44];
 1589              		.loc 1 329 1 is_stmt 1 view -0
 1590              		.cfi_startproc
 1591              		@ args = 0, pretend = 0, frame = 56
 1592              		@ frame_needed = 0, uses_anonymous_args = 0
 329:device/adc_tcp_server.c ****     uint8_t p[44];
 1593              		.loc 1 329 1 is_stmt 0 view .LVU388
 1594 0000 2DE9F04F 		push	{r4, r5, r6, r7, r8, r9, r10, fp, lr}
 1595              	.LCFI16:
 1596              		.cfi_def_cfa_offset 36
 1597              		.cfi_offset 4, -36
 1598              		.cfi_offset 5, -32
 1599              		.cfi_offset 6, -28
ARM GAS  /tmp/ccq8x8aq.s 			page 49


 1600              		.cfi_offset 7, -24
 1601              		.cfi_offset 8, -20
 1602              		.cfi_offset 9, -16
 1603              		.cfi_offset 10, -12
 1604              		.cfi_offset 11, -8
 1605              		.cfi_offset 14, -4
 1606 0004 97B0     		sub	sp, sp, #92
 1607              	.LCFI17:
 1608              		.cfi_def_cfa_offset 128
 1609 0006 0446     		mov	r4, r0
 330:device/adc_tcp_server.c **** 
 1610              		.loc 1 330 5 is_stmt 1 view .LVU389
 332:device/adc_tcp_server.c ****     put_u32(&p[4], g_app_cfg.fs_hz);
 1611              		.loc 1 332 5 view .LVU390
 1612 0008 0146     		mov	r1, r0
 1613 000a 0BA8     		add	r0, sp, #44
 1614              	.LVL132:
 332:device/adc_tcp_server.c ****     put_u32(&p[4], g_app_cfg.fs_hz);
 1615              		.loc 1 332 5 is_stmt 0 view .LVU391
 1616 000c FFF7FEFF 		bl	put_u32
 1617              	.LVL133:
 333:device/adc_tcp_server.c ****     p[8] = g_app_cfg.bits;
 1618              		.loc 1 333 5 is_stmt 1 view .LVU392
 1619 0010 524D     		ldr	r5, .L108
 1620 0012 2968     		ldr	r1, [r5]
 1621 0014 0CA8     		add	r0, sp, #48
 1622 0016 FFF7FEFF 		bl	put_u32
 1623              	.LVL134:
 334:device/adc_tcp_server.c ****     p[9] = g_app_cfg.range;
 1624              		.loc 1 334 5 view .LVU393
 334:device/adc_tcp_server.c ****     p[9] = g_app_cfg.range;
 1625              		.loc 1 334 21 is_stmt 0 view .LVU394
 1626 001a 2B79     		ldrb	r3, [r5, #4]	@ zero_extendqisi2
 334:device/adc_tcp_server.c ****     p[9] = g_app_cfg.range;
 1627              		.loc 1 334 10 view .LVU395
 1628 001c 8DF83430 		strb	r3, [sp, #52]
 335:device/adc_tcp_server.c ****     p[10] = AdcStream_IsRunning();
 1629              		.loc 1 335 5 is_stmt 1 view .LVU396
 335:device/adc_tcp_server.c ****     p[10] = AdcStream_IsRunning();
 1630              		.loc 1 335 21 is_stmt 0 view .LVU397
 1631 0020 6B79     		ldrb	r3, [r5, #5]	@ zero_extendqisi2
 335:device/adc_tcp_server.c ****     p[10] = AdcStream_IsRunning();
 1632              		.loc 1 335 10 view .LVU398
 1633 0022 8DF83530 		strb	r3, [sp, #53]
 336:device/adc_tcp_server.c ****     p[11] = 0;
 1634              		.loc 1 336 5 is_stmt 1 view .LVU399
 336:device/adc_tcp_server.c ****     p[11] = 0;
 1635              		.loc 1 336 13 is_stmt 0 view .LVU400
 1636 0026 FFF7FEFF 		bl	AdcStream_IsRunning
 1637              	.LVL135:
 336:device/adc_tcp_server.c ****     p[11] = 0;
 1638              		.loc 1 336 11 view .LVU401
 1639 002a 8DF83600 		strb	r0, [sp, #54]
 337:device/adc_tcp_server.c ****     put_u32(&p[12], AdcStream_GetOverrunCount());
 1640              		.loc 1 337 5 is_stmt 1 view .LVU402
 337:device/adc_tcp_server.c ****     put_u32(&p[12], AdcStream_GetOverrunCount());
 1641              		.loc 1 337 11 is_stmt 0 view .LVU403
ARM GAS  /tmp/ccq8x8aq.s 			page 50


 1642 002e 0023     		movs	r3, #0
 1643 0030 8DF83730 		strb	r3, [sp, #55]
 338:device/adc_tcp_server.c ****     put_u32(&p[16], AdcStream_GetSampleSeq());
 1644              		.loc 1 338 5 is_stmt 1 view .LVU404
 1645 0034 FFF7FEFF 		bl	AdcStream_GetOverrunCount
 1646              	.LVL136:
 1647 0038 0146     		mov	r1, r0
 1648 003a 0EA8     		add	r0, sp, #56
 1649 003c FFF7FEFF 		bl	put_u32
 1650              	.LVL137:
 339:device/adc_tcp_server.c ****     put_u32(&p[20], AdcStream_GetFlags());
 1651              		.loc 1 339 5 view .LVU405
 1652 0040 FFF7FEFF 		bl	AdcStream_GetSampleSeq
 1653              	.LVL138:
 1654 0044 0146     		mov	r1, r0
 1655 0046 0FA8     		add	r0, sp, #60
 1656 0048 FFF7FEFF 		bl	put_u32
 1657              	.LVL139:
 340:device/adc_tcp_server.c ****     put_u16(&p[24], AdcStream_GetReadyCount());
 1658              		.loc 1 340 5 view .LVU406
 1659 004c FFF7FEFF 		bl	AdcStream_GetFlags
 1660              	.LVL140:
 1661 0050 0146     		mov	r1, r0
 1662 0052 10A8     		add	r0, sp, #64
 1663 0054 FFF7FEFF 		bl	put_u32
 1664              	.LVL141:
 341:device/adc_tcp_server.c ****     put_u16(&p[26], AdcStream_GetQueuedCount());
 1665              		.loc 1 341 5 view .LVU407
 1666 0058 FFF7FEFF 		bl	AdcStream_GetReadyCount
 1667              	.LVL142:
 1668 005c 0146     		mov	r1, r0
 1669 005e 11A8     		add	r0, sp, #68
 1670 0060 FFF7FEFF 		bl	put_u16
 1671              	.LVL143:
 342:device/adc_tcp_server.c ****     put_u16(&p[28], AdcStream_GetFreeCount());
 1672              		.loc 1 342 5 view .LVU408
 1673 0064 FFF7FEFF 		bl	AdcStream_GetQueuedCount
 1674              	.LVL144:
 1675 0068 0146     		mov	r1, r0
 1676 006a 0DF14600 		add	r0, sp, #70
 1677 006e FFF7FEFF 		bl	put_u16
 1678              	.LVL145:
 343:device/adc_tcp_server.c ****     put_u16(&p[30], (s_client != 0) ? tcp_sndbuf(s_client) : 0U);
 1679              		.loc 1 343 5 view .LVU409
 1680 0072 FFF7FEFF 		bl	AdcStream_GetFreeCount
 1681              	.LVL146:
 1682 0076 0146     		mov	r1, r0
 1683 0078 12A8     		add	r0, sp, #72
 1684 007a FFF7FEFF 		bl	put_u16
 1685              	.LVL147:
 344:device/adc_tcp_server.c ****     put_u32(&p[32], s_unacked_total_bytes);
 1686              		.loc 1 344 5 view .LVU410
 344:device/adc_tcp_server.c ****     put_u32(&p[32], s_unacked_total_bytes);
 1687              		.loc 1 344 31 is_stmt 0 view .LVU411
 1688 007e 384B     		ldr	r3, .L108+4
 1689 0080 1B68     		ldr	r3, [r3]
 344:device/adc_tcp_server.c ****     put_u32(&p[32], s_unacked_total_bytes);
ARM GAS  /tmp/ccq8x8aq.s 			page 51


 1690              		.loc 1 344 5 view .LVU412
 1691 0082 002B     		cmp	r3, #0
 1692 0084 4DD0     		beq	.L105
 344:device/adc_tcp_server.c ****     put_u32(&p[32], s_unacked_total_bytes);
 1693              		.loc 1 344 5 discriminator 1 view .LVU413
 1694 0086 B3F86410 		ldrh	r1, [r3, #100]
 1695              	.L101:
 344:device/adc_tcp_server.c ****     put_u32(&p[32], s_unacked_total_bytes);
 1696              		.loc 1 344 5 discriminator 4 view .LVU414
 1697 008a 0DF14A00 		add	r0, sp, #74
 1698 008e FFF7FEFF 		bl	put_u16
 1699              	.LVL148:
 345:device/adc_tcp_server.c ****     put_u32(&p[36], s_tcp_err_mem);
 1700              		.loc 1 345 5 is_stmt 1 discriminator 4 view .LVU415
 1701 0092 344B     		ldr	r3, .L108+8
 1702 0094 1968     		ldr	r1, [r3]
 1703 0096 13A8     		add	r0, sp, #76
 1704 0098 FFF7FEFF 		bl	put_u32
 1705              	.LVL149:
 346:device/adc_tcp_server.c ****     put_u32(&p[40], s_tcp_acked_data_frames);
 1706              		.loc 1 346 5 discriminator 4 view .LVU416
 1707 009c 324B     		ldr	r3, .L108+12
 1708 009e 1968     		ldr	r1, [r3]
 1709 00a0 14A8     		add	r0, sp, #80
 1710 00a2 FFF7FEFF 		bl	put_u32
 1711              	.LVL150:
 347:device/adc_tcp_server.c **** 
 1712              		.loc 1 347 5 discriminator 4 view .LVU417
 1713 00a6 314B     		ldr	r3, .L108+16
 1714 00a8 1968     		ldr	r1, [r3]
 1715 00aa 15A8     		add	r0, sp, #84
 1716 00ac FFF7FEFF 		bl	put_u32
 1717              	.LVL151:
 349:device/adc_tcp_server.c **** 
 1718              		.loc 1 349 5 discriminator 4 view .LVU418
 349:device/adc_tcp_server.c **** 
 1719              		.loc 1 349 15 is_stmt 0 discriminator 4 view .LVU419
 1720 00b0 2C22     		movs	r2, #44
 1721 00b2 0DEB0201 		add	r1, sp, r2
 1722 00b6 1020     		movs	r0, #16
 1723 00b8 FFF7FEFF 		bl	send_small_frame
 1724              	.LVL152:
 351:device/adc_tcp_server.c ****     {
 1725              		.loc 1 351 5 is_stmt 1 discriminator 4 view .LVU420
 351:device/adc_tcp_server.c ****     {
 1726              		.loc 1 351 8 is_stmt 0 discriminator 4 view .LVU421
 1727 00bc 0546     		mov	r5, r0
 1728 00be 90BB     		cbnz	r0, .L102
 353:device/adc_tcp_server.c ****                    (long)status,
 1729              		.loc 1 353 9 is_stmt 1 view .LVU422
 353:device/adc_tcp_server.c ****                    (long)status,
 1730              		.loc 1 353 9 view .LVU423
 1731 00c0 2B49     		ldr	r1, .L108+20
 1732 00c2 FFF7FEFF 		bl	SEGGER_RTT_printf
 1733              	.LVL153:
 353:device/adc_tcp_server.c ****                    (long)status,
 1734              		.loc 1 353 9 view .LVU424
ARM GAS  /tmp/ccq8x8aq.s 			page 52


 1735 00c6 254B     		ldr	r3, .L108
 1736 00c8 D3F80090 		ldr	r9, [r3]
 1737 00cc 93F804A0 		ldrb	r10, [r3, #4]	@ zero_extendqisi2
 1738 00d0 93F805B0 		ldrb	fp, [r3, #5]	@ zero_extendqisi2
 1739 00d4 FFF7FEFF 		bl	AdcStream_IsRunning
 1740              	.LVL154:
 1741 00d8 0990     		str	r0, [sp, #36]
 1742 00da FFF7FEFF 		bl	AdcStream_GetFlags
 1743              	.LVL155:
 1744 00de 0646     		mov	r6, r0
 1745 00e0 FFF7FEFF 		bl	AdcStream_GetReadyCount
 1746              	.LVL156:
 1747 00e4 0746     		mov	r7, r0
 1748 00e6 FFF7FEFF 		bl	AdcStream_GetQueuedCount
 1749              	.LVL157:
 1750 00ea 8046     		mov	r8, r0
 1751 00ec FFF7FEFF 		bl	AdcStream_GetFreeCount
 1752              	.LVL158:
 1753 00f0 0690     		str	r0, [sp, #24]
 1754 00f2 CDF81480 		str	r8, [sp, #20]
 1755 00f6 0497     		str	r7, [sp, #16]
 1756 00f8 0396     		str	r6, [sp, #12]
 1757 00fa 099B     		ldr	r3, [sp, #36]
 1758 00fc 0293     		str	r3, [sp, #8]
 1759 00fe CDF804B0 		str	fp, [sp, #4]
 1760 0102 CDF800A0 		str	r10, [sp]
 1761 0106 4B46     		mov	r3, r9
 1762 0108 2246     		mov	r2, r4
 1763 010a 1A49     		ldr	r1, .L108+24
 1764 010c 0020     		movs	r0, #0
 1765 010e FFF7FEFF 		bl	SEGGER_RTT_printf
 1766              	.LVL159:
 353:device/adc_tcp_server.c ****                    (long)status,
 1767              		.loc 1 353 9 view .LVU425
 1768 0112 1949     		ldr	r1, .L108+28
 1769 0114 0020     		movs	r0, #0
 1770 0116 FFF7FEFF 		bl	SEGGER_RTT_printf
 1771              	.LVL160:
 353:device/adc_tcp_server.c ****                    (long)status,
 1772              		.loc 1 353 9 view .LVU426
 1773              	.L103:
 366:device/adc_tcp_server.c ****                     (long)status,
 1774              		.loc 1 366 9 discriminator 5 view .LVU427
 373:device/adc_tcp_server.c **** }
 1775              		.loc 1 373 5 discriminator 5 view .LVU428
 374:device/adc_tcp_server.c **** 
 1776              		.loc 1 374 1 is_stmt 0 discriminator 5 view .LVU429
 1777 011a 2846     		mov	r0, r5
 1778 011c 17B0     		add	sp, sp, #92
 1779              	.LCFI18:
 1780              		.cfi_remember_state
 1781              		.cfi_def_cfa_offset 36
 1782              		@ sp needed
 1783 011e BDE8F08F 		pop	{r4, r5, r6, r7, r8, r9, r10, fp, pc}
 1784              	.LVL161:
 1785              	.L105:
 1786              	.LCFI19:
ARM GAS  /tmp/ccq8x8aq.s 			page 53


 1787              		.cfi_restore_state
 344:device/adc_tcp_server.c ****     put_u32(&p[32], s_unacked_total_bytes);
 1788              		.loc 1 344 5 view .LVU430
 1789 0122 0021     		movs	r1, #0
 1790 0124 B1E7     		b	.L101
 1791              	.LVL162:
 1792              	.L102:
 366:device/adc_tcp_server.c ****                     (long)status,
 1793              		.loc 1 366 9 is_stmt 1 view .LVU431
 366:device/adc_tcp_server.c ****                     (long)status,
 1794              		.loc 1 366 9 view .LVU432
 1795 0126 1549     		ldr	r1, .L108+32
 1796 0128 0020     		movs	r0, #0
 1797              	.LVL163:
 366:device/adc_tcp_server.c ****                     (long)status,
 1798              		.loc 1 366 9 is_stmt 0 view .LVU433
 1799 012a FFF7FEFF 		bl	SEGGER_RTT_printf
 1800              	.LVL164:
 366:device/adc_tcp_server.c ****                     (long)status,
 1801              		.loc 1 366 9 is_stmt 1 view .LVU434
 1802 012e 0C4B     		ldr	r3, .L108+4
 1803 0130 1B68     		ldr	r3, [r3]
 1804 0132 83B1     		cbz	r3, .L106
 366:device/adc_tcp_server.c ****                     (long)status,
 1805              		.loc 1 366 9 is_stmt 0 discriminator 1 view .LVU435
 1806 0134 B3F86430 		ldrh	r3, [r3, #100]
 1807              	.L104:
 366:device/adc_tcp_server.c ****                     (long)status,
 1808              		.loc 1 366 9 discriminator 4 view .LVU436
 1809 0138 114A     		ldr	r2, .L108+36
 1810 013a 1288     		ldrh	r2, [r2]
 1811 013c 0192     		str	r2, [sp, #4]
 1812 013e 0093     		str	r3, [sp]
 1813 0140 2B46     		mov	r3, r5
 1814 0142 2246     		mov	r2, r4
 1815 0144 0F49     		ldr	r1, .L108+40
 1816 0146 0020     		movs	r0, #0
 1817 0148 FFF7FEFF 		bl	SEGGER_RTT_printf
 1818              	.LVL165:
 366:device/adc_tcp_server.c ****                     (long)status,
 1819              		.loc 1 366 9 is_stmt 1 discriminator 4 view .LVU437
 1820 014c 0A49     		ldr	r1, .L108+28
 1821 014e 0020     		movs	r0, #0
 1822 0150 FFF7FEFF 		bl	SEGGER_RTT_printf
 1823              	.LVL166:
 1824 0154 E1E7     		b	.L103
 1825              	.L106:
 366:device/adc_tcp_server.c ****                     (long)status,
 1826              		.loc 1 366 9 is_stmt 0 view .LVU438
 1827 0156 0023     		movs	r3, #0
 1828 0158 EEE7     		b	.L104
 1829              	.L109:
 1830 015a 00BF     		.align	2
 1831              	.L108:
 1832 015c 00000000 		.word	g_app_cfg
 1833 0160 00000000 		.word	.LANCHOR5
 1834 0164 00000000 		.word	.LANCHOR3
ARM GAS  /tmp/ccq8x8aq.s 			page 54


 1835 0168 00000000 		.word	.LANCHOR15
 1836 016c 00000000 		.word	.LANCHOR9
 1837 0170 00000000 		.word	.LC7
 1838 0174 00000000 		.word	.LC16
 1839 0178 4C000000 		.word	.LC9
 1840 017c 00000000 		.word	.LC10
 1841 0180 00000000 		.word	.LANCHOR0
 1842 0184 68000000 		.word	.LC17
 1843              		.cfi_endproc
 1844              	.LFE173:
 1846              		.section	.rodata.on_accept.str1.4,"aMS",%progbits,1
 1847              		.align	2
 1848              	.LC18:
 1849 0000 54435020 		.ascii	"TCP accept error: err=%d\000"
 1849      61636365 
 1849      70742065 
 1849      72726F72 
 1849      3A206572 
 1850 0019 000000   		.align	2
 1851              	.LC19:
 1852 001c 54435020 		.ascii	"TCP reject new client: already connected, remote=%s"
 1852      72656A65 
 1852      6374206E 
 1852      65772063 
 1852      6C69656E 
 1853 004f 3A257500 		.ascii	":%u\000"
 1854 0053 00       		.align	2
 1855              	.LC20:
 1856 0054 54435020 		.ascii	"TCP client connected: remote=%s:%u, local_port=%u\000"
 1856      636C6965 
 1856      6E742063 
 1856      6F6E6E65 
 1856      63746564 
 1857              		.section	.text.on_accept,"ax",%progbits
 1858              		.align	1
 1859              		.syntax unified
 1860              		.thumb
 1861              		.thumb_func
 1862              		.fpu fpv4-sp-d16
 1864              	on_accept:
 1865              	.LVL167:
 1866              	.LFB184:
 935:device/adc_tcp_server.c **** 
 936:device/adc_tcp_server.c **** static err_t on_poll(void *arg, struct tcp_pcb *tpcb)
 937:device/adc_tcp_server.c **** {
 938:device/adc_tcp_server.c ****     (void)arg;
 939:device/adc_tcp_server.c ****     (void)tpcb;
 940:device/adc_tcp_server.c **** 
 941:device/adc_tcp_server.c ****     AdcTcpServer_Task();
 942:device/adc_tcp_server.c ****     return ERR_OK;
 943:device/adc_tcp_server.c **** }
 944:device/adc_tcp_server.c **** 
 945:device/adc_tcp_server.c **** static err_t on_accept(void *arg, struct tcp_pcb *newpcb, err_t err)
 946:device/adc_tcp_server.c **** {
 1867              		.loc 1 946 1 is_stmt 1 view -0
 1868              		.cfi_startproc
 1869              		@ args = 0, pretend = 0, frame = 0
ARM GAS  /tmp/ccq8x8aq.s 			page 55


 1870              		@ frame_needed = 0, uses_anonymous_args = 0
 1871              		.loc 1 946 1 is_stmt 0 view .LVU440
 1872 0000 70B5     		push	{r4, r5, r6, lr}
 1873              	.LCFI20:
 1874              		.cfi_def_cfa_offset 16
 1875              		.cfi_offset 4, -16
 1876              		.cfi_offset 5, -12
 1877              		.cfi_offset 6, -8
 1878              		.cfi_offset 14, -4
 1879 0002 82B0     		sub	sp, sp, #8
 1880              	.LCFI21:
 1881              		.cfi_def_cfa_offset 24
 947:device/adc_tcp_server.c ****     (void)arg;
 1882              		.loc 1 947 5 is_stmt 1 view .LVU441
 948:device/adc_tcp_server.c **** 
 949:device/adc_tcp_server.c ****     if (err != ERR_OK)
 1883              		.loc 1 949 5 view .LVU442
 1884              		.loc 1 949 8 is_stmt 0 view .LVU443
 1885 0004 1646     		mov	r6, r2
 1886 0006 002A     		cmp	r2, #0
 1887 0008 58D1     		bne	.L116
 1888 000a 0D46     		mov	r5, r1
 950:device/adc_tcp_server.c ****     {
 951:device/adc_tcp_server.c ****         TCP_LOG_ERR("TCP accept error: err=%d", (int)err);
 952:device/adc_tcp_server.c ****         return err;
 953:device/adc_tcp_server.c ****     }
 954:device/adc_tcp_server.c **** 
 955:device/adc_tcp_server.c ****     if (s_client != 0)
 1889              		.loc 1 955 5 is_stmt 1 view .LVU444
 1890              		.loc 1 955 18 is_stmt 0 view .LVU445
 1891 000c 404B     		ldr	r3, .L119
 1892 000e 1B68     		ldr	r3, [r3]
 1893              		.loc 1 955 8 view .LVU446
 1894 0010 002B     		cmp	r3, #0
 1895 0012 62D1     		bne	.L117
 956:device/adc_tcp_server.c ****     {
 957:device/adc_tcp_server.c ****         TCP_LOG_ERR("TCP reject new client: already connected, remote=%s:%u",
 958:device/adc_tcp_server.c ****                     ipaddr_ntoa(&newpcb->remote_ip),
 959:device/adc_tcp_server.c ****                     (unsigned int)newpcb->remote_port);
 960:device/adc_tcp_server.c ****         tcp_close(newpcb);
 961:device/adc_tcp_server.c ****         return ERR_ABRT;
 962:device/adc_tcp_server.c ****     }
 963:device/adc_tcp_server.c **** 
 964:device/adc_tcp_server.c ****     s_client = newpcb;
 1896              		.loc 1 964 5 is_stmt 1 view .LVU447
 1897              		.loc 1 964 14 is_stmt 0 view .LVU448
 1898 0014 3E4B     		ldr	r3, .L119
 1899 0016 1960     		str	r1, [r3]
 965:device/adc_tcp_server.c ****     s_rxlen = 0;
 1900              		.loc 1 965 5 is_stmt 1 view .LVU449
 1901              		.loc 1 965 13 is_stmt 0 view .LVU450
 1902 0018 3E4B     		ldr	r3, .L119+4
 1903 001a 0022     		movs	r2, #0
 1904              	.LVL168:
 1905              		.loc 1 965 13 view .LVU451
 1906 001c 1A80     		strh	r2, [r3]	@ movhi
 966:device/adc_tcp_server.c ****     txq_reset();
ARM GAS  /tmp/ccq8x8aq.s 			page 56


 1907              		.loc 1 966 5 is_stmt 1 view .LVU452
 1908 001e FFF7FEFF 		bl	txq_reset
 1909              	.LVL169:
 967:device/adc_tcp_server.c ****     if (!AdcStream_IsRunning())
 1910              		.loc 1 967 5 view .LVU453
 1911              		.loc 1 967 10 is_stmt 0 view .LVU454
 1912 0022 FFF7FEFF 		bl	AdcStream_IsRunning
 1913              	.LVL170:
 1914              		.loc 1 967 8 view .LVU455
 1915 0026 0028     		cmp	r0, #0
 1916 0028 6ED0     		beq	.L118
 1917              	.L114:
 968:device/adc_tcp_server.c ****     {
 969:device/adc_tcp_server.c ****         AdcStream_ResetDiscard();
 970:device/adc_tcp_server.c ****     }
 971:device/adc_tcp_server.c ****     s_pending_stop_ack = 0;
 1918              		.loc 1 971 5 is_stmt 1 view .LVU456
 1919              		.loc 1 971 24 is_stmt 0 view .LVU457
 1920 002a 0024     		movs	r4, #0
 1921 002c 3A4B     		ldr	r3, .L119+8
 1922 002e 1C60     		str	r4, [r3]
 972:device/adc_tcp_server.c ****     s_start_wait_ack = 0;
 1923              		.loc 1 972 5 is_stmt 1 view .LVU458
 1924              		.loc 1 972 22 is_stmt 0 view .LVU459
 1925 0030 3A4B     		ldr	r3, .L119+12
 1926 0032 1C70     		strb	r4, [r3]
 973:device/adc_tcp_server.c ****     s_start_do_now = 0;
 1927              		.loc 1 973 5 is_stmt 1 view .LVU460
 1928              		.loc 1 973 20 is_stmt 0 view .LVU461
 1929 0034 3A4B     		ldr	r3, .L119+16
 1930 0036 1C70     		strb	r4, [r3]
 974:device/adc_tcp_server.c ****     s_tcp_err_mem = 0;
 1931              		.loc 1 974 5 is_stmt 1 view .LVU462
 1932              		.loc 1 974 19 is_stmt 0 view .LVU463
 1933 0038 3A4B     		ldr	r3, .L119+20
 1934 003a 1C60     		str	r4, [r3]
 975:device/adc_tcp_server.c ****     s_tcp_sndq_full = 0;
 1935              		.loc 1 975 5 is_stmt 1 view .LVU464
 1936              		.loc 1 975 21 is_stmt 0 view .LVU465
 1937 003c 3A4B     		ldr	r3, .L119+24
 1938 003e 1C60     		str	r4, [r3]
 976:device/adc_tcp_server.c ****     s_tcp_sent_frames = 0;
 1939              		.loc 1 976 5 is_stmt 1 view .LVU466
 1940              		.loc 1 976 23 is_stmt 0 view .LVU467
 1941 0040 3A4B     		ldr	r3, .L119+28
 1942 0042 1C60     		str	r4, [r3]
 977:device/adc_tcp_server.c ****     s_tcp_acked_data_frames = 0;
 1943              		.loc 1 977 5 is_stmt 1 view .LVU468
 1944              		.loc 1 977 29 is_stmt 0 view .LVU469
 1945 0044 3A4B     		ldr	r3, .L119+32
 1946 0046 1C60     		str	r4, [r3]
 978:device/adc_tcp_server.c ****     s_tcp_data_bytes_written = 0;
 1947              		.loc 1 978 5 is_stmt 1 view .LVU470
 1948              		.loc 1 978 30 is_stmt 0 view .LVU471
 1949 0048 3A4B     		ldr	r3, .L119+36
 1950 004a 1C60     		str	r4, [r3]
 979:device/adc_tcp_server.c ****     s_tcp_write_err_count = 0;
ARM GAS  /tmp/ccq8x8aq.s 			page 57


 1951              		.loc 1 979 5 is_stmt 1 view .LVU472
 1952              		.loc 1 979 27 is_stmt 0 view .LVU473
 1953 004c 3A4B     		ldr	r3, .L119+40
 1954 004e 1C60     		str	r4, [r3]
 980:device/adc_tcp_server.c ****     s_tcp_no_sndbuf_count = 0;
 1955              		.loc 1 980 5 is_stmt 1 view .LVU474
 1956              		.loc 1 980 27 is_stmt 0 view .LVU475
 1957 0050 3A4B     		ldr	r3, .L119+44
 1958 0052 1C60     		str	r4, [r3]
 981:device/adc_tcp_server.c ****     s_tcp_no_seg_count = 0;
 1959              		.loc 1 981 5 is_stmt 1 view .LVU476
 1960              		.loc 1 981 24 is_stmt 0 view .LVU477
 1961 0054 3A4B     		ldr	r3, .L119+48
 1962 0056 1C60     		str	r4, [r3]
 982:device/adc_tcp_server.c **** 
 983:device/adc_tcp_server.c ****     tcp_recv(newpcb, on_recv);
 1963              		.loc 1 983 5 is_stmt 1 view .LVU478
 1964 0058 3A49     		ldr	r1, .L119+52
 1965 005a 2846     		mov	r0, r5
 1966 005c FFF7FEFF 		bl	tcp_recv
 1967              	.LVL171:
 984:device/adc_tcp_server.c ****     tcp_sent(newpcb, on_sent);
 1968              		.loc 1 984 5 view .LVU479
 1969 0060 3949     		ldr	r1, .L119+56
 1970 0062 2846     		mov	r0, r5
 1971 0064 FFF7FEFF 		bl	tcp_sent
 1972              	.LVL172:
 985:device/adc_tcp_server.c ****     tcp_err(newpcb, on_err);
 1973              		.loc 1 985 5 view .LVU480
 1974 0068 3849     		ldr	r1, .L119+60
 1975 006a 2846     		mov	r0, r5
 1976 006c FFF7FEFF 		bl	tcp_err
 1977              	.LVL173:
 986:device/adc_tcp_server.c ****     tcp_poll(newpcb, on_poll, 1);
 1978              		.loc 1 986 5 view .LVU481
 1979 0070 0122     		movs	r2, #1
 1980 0072 3749     		ldr	r1, .L119+64
 1981 0074 2846     		mov	r0, r5
 1982 0076 FFF7FEFF 		bl	tcp_poll
 1983              	.LVL174:
 987:device/adc_tcp_server.c ****     tcp_nagle_disable(newpcb);
 1984              		.loc 1 987 5 view .LVU482
 1985              		.loc 1 987 5 view .LVU483
 1986 007a 6B8B     		ldrh	r3, [r5, #26]
 1987 007c 43F04003 		orr	r3, r3, #64
 1988 0080 6B83     		strh	r3, [r5, #26]	@ movhi
 1989              		.loc 1 987 5 view .LVU484
 988:device/adc_tcp_server.c **** 
 989:device/adc_tcp_server.c **** #ifdef TCP_PRIO_MAX
 990:device/adc_tcp_server.c ****     tcp_setprio(newpcb, TCP_PRIO_MAX);
 1990              		.loc 1 990 5 view .LVU485
 1991 0082 7F21     		movs	r1, #127
 1992 0084 2846     		mov	r0, r5
 1993 0086 FFF7FEFF 		bl	tcp_setprio
 1994              	.LVL175:
 991:device/adc_tcp_server.c **** #endif
 992:device/adc_tcp_server.c **** 
ARM GAS  /tmp/ccq8x8aq.s 			page 58


 993:device/adc_tcp_server.c ****     TCP_LOG_OK("TCP client connected: remote=%s:%u, local_port=%u",
 1995              		.loc 1 993 5 view .LVU486
 1996              		.loc 1 993 5 view .LVU487
 1997 008a 3249     		ldr	r1, .L119+68
 1998 008c 2046     		mov	r0, r4
 1999 008e FFF7FEFF 		bl	SEGGER_RTT_printf
 2000              	.LVL176:
 2001              		.loc 1 993 5 view .LVU488
 2002 0092 281D     		adds	r0, r5, #4
 2003 0094 FFF7FEFF 		bl	ip4addr_ntoa
 2004              	.LVL177:
 2005 0098 0246     		mov	r2, r0
 2006 009a EB8A     		ldrh	r3, [r5, #22]
 2007 009c 0093     		str	r3, [sp]
 2008 009e 2B8B     		ldrh	r3, [r5, #24]
 2009 00a0 2D49     		ldr	r1, .L119+72
 2010 00a2 2046     		mov	r0, r4
 2011 00a4 FFF7FEFF 		bl	SEGGER_RTT_printf
 2012              	.LVL178:
 2013              		.loc 1 993 5 view .LVU489
 2014 00a8 2C49     		ldr	r1, .L119+76
 2015 00aa 2046     		mov	r0, r4
 2016 00ac FFF7FEFF 		bl	SEGGER_RTT_printf
 2017              	.LVL179:
 2018              		.loc 1 993 5 view .LVU490
 994:device/adc_tcp_server.c ****                ipaddr_ntoa(&newpcb->remote_ip),
 995:device/adc_tcp_server.c ****                (unsigned int)newpcb->remote_port,
 996:device/adc_tcp_server.c ****                (unsigned int)newpcb->local_port);
 997:device/adc_tcp_server.c **** 
 998:device/adc_tcp_server.c ****     (void)send_ack(0);
 2019              		.loc 1 998 5 view .LVU491
 2020              		.loc 1 998 11 is_stmt 0 view .LVU492
 2021 00b0 2046     		mov	r0, r4
 2022 00b2 FFF7FEFF 		bl	send_ack
 2023              	.LVL180:
 999:device/adc_tcp_server.c ****     return ERR_OK;
 2024              		.loc 1 999 5 is_stmt 1 view .LVU493
 2025              		.loc 1 999 12 is_stmt 0 view .LVU494
 2026 00b6 3046     		mov	r0, r6
 2027              	.LVL181:
 2028              	.L112:
1000:device/adc_tcp_server.c **** }
 2029              		.loc 1 1000 1 view .LVU495
 2030 00b8 02B0     		add	sp, sp, #8
 2031              	.LCFI22:
 2032              		.cfi_remember_state
 2033              		.cfi_def_cfa_offset 16
 2034              		@ sp needed
 2035 00ba 70BD     		pop	{r4, r5, r6, pc}
 2036              	.LVL182:
 2037              	.L116:
 2038              	.LCFI23:
 2039              		.cfi_restore_state
 951:device/adc_tcp_server.c ****         return err;
 2040              		.loc 1 951 9 is_stmt 1 view .LVU496
 951:device/adc_tcp_server.c ****         return err;
 2041              		.loc 1 951 9 view .LVU497
ARM GAS  /tmp/ccq8x8aq.s 			page 59


 2042 00bc 2849     		ldr	r1, .L119+80
 2043              	.LVL183:
 951:device/adc_tcp_server.c ****         return err;
 2044              		.loc 1 951 9 is_stmt 0 view .LVU498
 2045 00be 0020     		movs	r0, #0
 2046              	.LVL184:
 951:device/adc_tcp_server.c ****         return err;
 2047              		.loc 1 951 9 view .LVU499
 2048 00c0 FFF7FEFF 		bl	SEGGER_RTT_printf
 2049              	.LVL185:
 951:device/adc_tcp_server.c ****         return err;
 2050              		.loc 1 951 9 is_stmt 1 view .LVU500
 2051 00c4 3246     		mov	r2, r6
 2052 00c6 2749     		ldr	r1, .L119+84
 2053 00c8 0020     		movs	r0, #0
 2054 00ca FFF7FEFF 		bl	SEGGER_RTT_printf
 2055              	.LVL186:
 951:device/adc_tcp_server.c ****         return err;
 2056              		.loc 1 951 9 view .LVU501
 2057 00ce 2349     		ldr	r1, .L119+76
 2058 00d0 0020     		movs	r0, #0
 2059 00d2 FFF7FEFF 		bl	SEGGER_RTT_printf
 2060              	.LVL187:
 951:device/adc_tcp_server.c ****         return err;
 2061              		.loc 1 951 9 view .LVU502
 952:device/adc_tcp_server.c ****     }
 2062              		.loc 1 952 9 view .LVU503
 952:device/adc_tcp_server.c ****     }
 2063              		.loc 1 952 16 is_stmt 0 view .LVU504
 2064 00d6 3046     		mov	r0, r6
 2065 00d8 EEE7     		b	.L112
 2066              	.LVL188:
 2067              	.L117:
 957:device/adc_tcp_server.c ****                     ipaddr_ntoa(&newpcb->remote_ip),
 2068              		.loc 1 957 9 is_stmt 1 view .LVU505
 957:device/adc_tcp_server.c ****                     ipaddr_ntoa(&newpcb->remote_ip),
 2069              		.loc 1 957 9 view .LVU506
 2070 00da 2149     		ldr	r1, .L119+80
 2071              	.LVL189:
 957:device/adc_tcp_server.c ****                     ipaddr_ntoa(&newpcb->remote_ip),
 2072              		.loc 1 957 9 is_stmt 0 view .LVU507
 2073 00dc 0020     		movs	r0, #0
 2074              	.LVL190:
 957:device/adc_tcp_server.c ****                     ipaddr_ntoa(&newpcb->remote_ip),
 2075              		.loc 1 957 9 view .LVU508
 2076 00de FFF7FEFF 		bl	SEGGER_RTT_printf
 2077              	.LVL191:
 957:device/adc_tcp_server.c ****                     ipaddr_ntoa(&newpcb->remote_ip),
 2078              		.loc 1 957 9 is_stmt 1 view .LVU509
 2079 00e2 281D     		adds	r0, r5, #4
 2080 00e4 FFF7FEFF 		bl	ip4addr_ntoa
 2081              	.LVL192:
 2082 00e8 0246     		mov	r2, r0
 2083 00ea 2B8B     		ldrh	r3, [r5, #24]
 2084 00ec 1E49     		ldr	r1, .L119+88
 2085 00ee 0020     		movs	r0, #0
 2086 00f0 FFF7FEFF 		bl	SEGGER_RTT_printf
ARM GAS  /tmp/ccq8x8aq.s 			page 60


 2087              	.LVL193:
 957:device/adc_tcp_server.c ****                     ipaddr_ntoa(&newpcb->remote_ip),
 2088              		.loc 1 957 9 view .LVU510
 2089 00f4 1949     		ldr	r1, .L119+76
 2090 00f6 0020     		movs	r0, #0
 2091 00f8 FFF7FEFF 		bl	SEGGER_RTT_printf
 2092              	.LVL194:
 957:device/adc_tcp_server.c ****                     ipaddr_ntoa(&newpcb->remote_ip),
 2093              		.loc 1 957 9 view .LVU511
 960:device/adc_tcp_server.c ****         return ERR_ABRT;
 2094              		.loc 1 960 9 view .LVU512
 2095 00fc 2846     		mov	r0, r5
 2096 00fe FFF7FEFF 		bl	tcp_close
 2097              	.LVL195:
 961:device/adc_tcp_server.c ****     }
 2098              		.loc 1 961 9 view .LVU513
 961:device/adc_tcp_server.c ****     }
 2099              		.loc 1 961 16 is_stmt 0 view .LVU514
 2100 0102 6FF00C00 		mvn	r0, #12
 2101 0106 D7E7     		b	.L112
 2102              	.L118:
 969:device/adc_tcp_server.c ****     }
 2103              		.loc 1 969 9 is_stmt 1 view .LVU515
 2104 0108 FFF7FEFF 		bl	AdcStream_ResetDiscard
 2105              	.LVL196:
 2106 010c 8DE7     		b	.L114
 2107              	.L120:
 2108 010e 00BF     		.align	2
 2109              	.L119:
 2110 0110 00000000 		.word	.LANCHOR5
 2111 0114 00000000 		.word	.LANCHOR12
 2112 0118 00000000 		.word	.LANCHOR16
 2113 011c 00000000 		.word	.LANCHOR10
 2114 0120 00000000 		.word	.LANCHOR11
 2115 0124 00000000 		.word	.LANCHOR15
 2116 0128 00000000 		.word	.LANCHOR17
 2117 012c 00000000 		.word	.LANCHOR18
 2118 0130 00000000 		.word	.LANCHOR9
 2119 0134 00000000 		.word	.LANCHOR19
 2120 0138 00000000 		.word	.LANCHOR20
 2121 013c 00000000 		.word	.LANCHOR21
 2122 0140 00000000 		.word	.LANCHOR22
 2123 0144 00000000 		.word	on_recv
 2124 0148 00000000 		.word	on_sent
 2125 014c 00000000 		.word	on_err
 2126 0150 00000000 		.word	on_poll
 2127 0154 00000000 		.word	.LC7
 2128 0158 54000000 		.word	.LC20
 2129 015c 4C000000 		.word	.LC9
 2130 0160 00000000 		.word	.LC10
 2131 0164 00000000 		.word	.LC18
 2132 0168 1C000000 		.word	.LC19
 2133              		.cfi_endproc
 2134              	.LFE184:
 2136              		.section	.text.stream_debug_reset_on_start,"ax",%progbits
 2137              		.align	1
 2138              		.syntax unified
ARM GAS  /tmp/ccq8x8aq.s 			page 61


 2139              		.thumb
 2140              		.thumb_func
 2141              		.fpu fpv4-sp-d16
 2143              	stream_debug_reset_on_start:
 2144              	.LFB174:
 378:device/adc_tcp_server.c ****     s_stream_start_tick = HAL_GetTick();
 2145              		.loc 1 378 1 view -0
 2146              		.cfi_startproc
 2147              		@ args = 0, pretend = 0, frame = 0
 2148              		@ frame_needed = 0, uses_anonymous_args = 0
 2149 0000 10B5     		push	{r4, lr}
 2150              	.LCFI24:
 2151              		.cfi_def_cfa_offset 8
 2152              		.cfi_offset 4, -8
 2153              		.cfi_offset 14, -4
 379:device/adc_tcp_server.c ****     s_last_stream_stat_tick = s_stream_start_tick;
 2154              		.loc 1 379 5 view .LVU517
 379:device/adc_tcp_server.c ****     s_last_stream_stat_tick = s_stream_start_tick;
 2155              		.loc 1 379 27 is_stmt 0 view .LVU518
 2156 0002 FFF7FEFF 		bl	HAL_GetTick
 2157              	.LVL197:
 379:device/adc_tcp_server.c ****     s_last_stream_stat_tick = s_stream_start_tick;
 2158              		.loc 1 379 25 view .LVU519
 2159 0006 164B     		ldr	r3, .L123
 2160 0008 1860     		str	r0, [r3]
 380:device/adc_tcp_server.c ****     s_last_stream_seq = AdcStream_GetSampleSeq();
 2161              		.loc 1 380 5 is_stmt 1 view .LVU520
 380:device/adc_tcp_server.c ****     s_last_stream_seq = AdcStream_GetSampleSeq();
 2162              		.loc 1 380 29 is_stmt 0 view .LVU521
 2163 000a 164B     		ldr	r3, .L123+4
 2164 000c 1860     		str	r0, [r3]
 381:device/adc_tcp_server.c ****     s_last_stream_irq = AdcStream_GetDrdyIrqCount();
 2165              		.loc 1 381 5 is_stmt 1 view .LVU522
 381:device/adc_tcp_server.c ****     s_last_stream_irq = AdcStream_GetDrdyIrqCount();
 2166              		.loc 1 381 25 is_stmt 0 view .LVU523
 2167 000e FFF7FEFF 		bl	AdcStream_GetSampleSeq
 2168              	.LVL198:
 381:device/adc_tcp_server.c ****     s_last_stream_irq = AdcStream_GetDrdyIrqCount();
 2169              		.loc 1 381 23 view .LVU524
 2170 0012 154B     		ldr	r3, .L123+8
 2171 0014 1860     		str	r0, [r3]
 382:device/adc_tcp_server.c ****     s_no_drdy_warned = 0;
 2172              		.loc 1 382 5 is_stmt 1 view .LVU525
 382:device/adc_tcp_server.c ****     s_no_drdy_warned = 0;
 2173              		.loc 1 382 25 is_stmt 0 view .LVU526
 2174 0016 FFF7FEFF 		bl	AdcStream_GetDrdyIrqCount
 2175              	.LVL199:
 383:device/adc_tcp_server.c ****     s_no_data_warned = 0;
 2176              		.loc 1 383 5 is_stmt 1 view .LVU527
 384:device/adc_tcp_server.c ****     s_stream_debug_active = 1;
 2177              		.loc 1 384 5 view .LVU528
 384:device/adc_tcp_server.c ****     s_stream_debug_active = 1;
 2178              		.loc 1 384 22 is_stmt 0 view .LVU529
 2179 001a 0024     		movs	r4, #0
 2180 001c 134B     		ldr	r3, .L123+12
 2181 001e 1C70     		strb	r4, [r3]
 385:device/adc_tcp_server.c ****     s_stream_stop_reported = 0;
ARM GAS  /tmp/ccq8x8aq.s 			page 62


 2182              		.loc 1 385 5 is_stmt 1 view .LVU530
 385:device/adc_tcp_server.c ****     s_stream_stop_reported = 0;
 2183              		.loc 1 385 27 is_stmt 0 view .LVU531
 2184 0020 134B     		ldr	r3, .L123+16
 2185 0022 0122     		movs	r2, #1
 2186 0024 1A70     		strb	r2, [r3]
 386:device/adc_tcp_server.c ****     s_last_isr_stop_count = AdcStream_GetIsrStopCount();
 2187              		.loc 1 386 5 is_stmt 1 view .LVU532
 386:device/adc_tcp_server.c ****     s_last_isr_stop_count = AdcStream_GetIsrStopCount();
 2188              		.loc 1 386 28 is_stmt 0 view .LVU533
 2189 0026 134B     		ldr	r3, .L123+20
 2190 0028 1C70     		strb	r4, [r3]
 387:device/adc_tcp_server.c ****     s_data_frame_too_large_warned = 0;
 2191              		.loc 1 387 5 is_stmt 1 view .LVU534
 387:device/adc_tcp_server.c ****     s_data_frame_too_large_warned = 0;
 2192              		.loc 1 387 29 is_stmt 0 view .LVU535
 2193 002a FFF7FEFF 		bl	AdcStream_GetIsrStopCount
 2194              	.LVL200:
 387:device/adc_tcp_server.c ****     s_data_frame_too_large_warned = 0;
 2195              		.loc 1 387 27 view .LVU536
 2196 002e 124B     		ldr	r3, .L123+24
 2197 0030 1860     		str	r0, [r3]
 388:device/adc_tcp_server.c ****     s_tx_block_wait_count = 0;
 2198              		.loc 1 388 5 is_stmt 1 view .LVU537
 389:device/adc_tcp_server.c ****     s_last_tx_frames = s_tcp_sent_frames;
 2199              		.loc 1 389 5 view .LVU538
 389:device/adc_tcp_server.c ****     s_last_tx_frames = s_tcp_sent_frames;
 2200              		.loc 1 389 27 is_stmt 0 view .LVU539
 2201 0032 124B     		ldr	r3, .L123+28
 2202 0034 1C60     		str	r4, [r3]
 390:device/adc_tcp_server.c ****     s_last_acked_frames = s_tcp_acked_data_frames;
 2203              		.loc 1 390 5 is_stmt 1 view .LVU540
 390:device/adc_tcp_server.c ****     s_last_acked_frames = s_tcp_acked_data_frames;
 2204              		.loc 1 390 22 is_stmt 0 view .LVU541
 2205 0036 124B     		ldr	r3, .L123+32
 2206 0038 1A68     		ldr	r2, [r3]
 2207 003a 124B     		ldr	r3, .L123+36
 2208 003c 1A60     		str	r2, [r3]
 391:device/adc_tcp_server.c ****     s_last_tcp_bytes = s_tcp_data_bytes_written;
 2209              		.loc 1 391 5 is_stmt 1 view .LVU542
 391:device/adc_tcp_server.c ****     s_last_tcp_bytes = s_tcp_data_bytes_written;
 2210              		.loc 1 391 25 is_stmt 0 view .LVU543
 2211 003e 124B     		ldr	r3, .L123+40
 2212 0040 1A68     		ldr	r2, [r3]
 2213 0042 124B     		ldr	r3, .L123+44
 2214 0044 1A60     		str	r2, [r3]
 392:device/adc_tcp_server.c ****     s_last_memerr = s_tcp_err_mem;
 2215              		.loc 1 392 5 is_stmt 1 view .LVU544
 392:device/adc_tcp_server.c ****     s_last_memerr = s_tcp_err_mem;
 2216              		.loc 1 392 22 is_stmt 0 view .LVU545
 2217 0046 124B     		ldr	r3, .L123+48
 2218 0048 1A68     		ldr	r2, [r3]
 2219 004a 124B     		ldr	r3, .L123+52
 2220 004c 1A60     		str	r2, [r3]
 393:device/adc_tcp_server.c ****     s_last_overrun = AdcStream_GetOverrunCount();
 2221              		.loc 1 393 5 is_stmt 1 view .LVU546
 393:device/adc_tcp_server.c ****     s_last_overrun = AdcStream_GetOverrunCount();
ARM GAS  /tmp/ccq8x8aq.s 			page 63


 2222              		.loc 1 393 19 is_stmt 0 view .LVU547
 2223 004e 124B     		ldr	r3, .L123+56
 2224 0050 1A68     		ldr	r2, [r3]
 2225 0052 124B     		ldr	r3, .L123+60
 2226 0054 1A60     		str	r2, [r3]
 394:device/adc_tcp_server.c **** }
 2227              		.loc 1 394 5 is_stmt 1 view .LVU548
 394:device/adc_tcp_server.c **** }
 2228              		.loc 1 394 22 is_stmt 0 view .LVU549
 2229 0056 FFF7FEFF 		bl	AdcStream_GetOverrunCount
 2230              	.LVL201:
 394:device/adc_tcp_server.c **** }
 2231              		.loc 1 394 20 view .LVU550
 2232 005a 114B     		ldr	r3, .L123+64
 2233 005c 1860     		str	r0, [r3]
 395:device/adc_tcp_server.c **** 
 2234              		.loc 1 395 1 view .LVU551
 2235 005e 10BD     		pop	{r4, pc}
 2236              	.L124:
 2237              		.align	2
 2238              	.L123:
 2239 0060 00000000 		.word	.LANCHOR23
 2240 0064 00000000 		.word	.LANCHOR24
 2241 0068 00000000 		.word	.LANCHOR25
 2242 006c 00000000 		.word	.LANCHOR26
 2243 0070 00000000 		.word	.LANCHOR13
 2244 0074 00000000 		.word	.LANCHOR27
 2245 0078 00000000 		.word	.LANCHOR28
 2246 007c 00000000 		.word	.LANCHOR29
 2247 0080 00000000 		.word	.LANCHOR18
 2248 0084 00000000 		.word	.LANCHOR30
 2249 0088 00000000 		.word	.LANCHOR9
 2250 008c 00000000 		.word	.LANCHOR31
 2251 0090 00000000 		.word	.LANCHOR19
 2252 0094 00000000 		.word	.LANCHOR32
 2253 0098 00000000 		.word	.LANCHOR15
 2254 009c 00000000 		.word	.LANCHOR33
 2255 00a0 00000000 		.word	.LANCHOR34
 2256              		.cfi_endproc
 2257              	.LFE174:
 2259              		.section	.rodata.start_stream_now.str1.4,"aMS",%progbits,1
 2260              		.align	2
 2261              	.LC21:
 2262 0000 41435449 		.ascii	"ACTION START: AdcStream_Start fs=%lu bits=%u range="
 2262      4F4E2053 
 2262      54415254 
 2262      3A204164 
 2262      63537472 
 2263 0033 257500   		.ascii	"%u\000"
 2264 0036 0000     		.align	2
 2265              	.LC22:
 2266 0038 41435449 		.ascii	"ACTION START failed: AdcStream_Start returned error"
 2266      4F4E2053 
 2266      54415254 
 2266      20666169 
 2266      6C65643A 
 2267 006b 00       		.ascii	"\000"
ARM GAS  /tmp/ccq8x8aq.s 			page 64


 2268              		.align	2
 2269              	.LC23:
 2270 006c 41435449 		.ascii	"ACTION START done: stream running=%u, drdy_pin=%u\000"
 2270      4F4E2053 
 2270      54415254 
 2270      20646F6E 
 2270      653A2073 
 2271              		.section	.text.start_stream_now,"ax",%progbits
 2272              		.align	1
 2273              		.syntax unified
 2274              		.thumb
 2275              		.thumb_func
 2276              		.fpu fpv4-sp-d16
 2278              	start_stream_now:
 2279              	.LFB177:
 563:device/adc_tcp_server.c ****     TCP_LOG_INFO("ACTION START: AdcStream_Start fs=%lu bits=%u range=%u",
 2280              		.loc 1 563 1 is_stmt 1 view -0
 2281              		.cfi_startproc
 2282              		@ args = 0, pretend = 0, frame = 0
 2283              		@ frame_needed = 0, uses_anonymous_args = 0
 2284 0000 30B5     		push	{r4, r5, lr}
 2285              	.LCFI25:
 2286              		.cfi_def_cfa_offset 12
 2287              		.cfi_offset 4, -12
 2288              		.cfi_offset 5, -8
 2289              		.cfi_offset 14, -4
 2290 0002 83B0     		sub	sp, sp, #12
 2291              	.LCFI26:
 2292              		.cfi_def_cfa_offset 24
 564:device/adc_tcp_server.c ****                  (unsigned long)g_app_cfg.fs_hz,
 2293              		.loc 1 564 5 view .LVU553
 564:device/adc_tcp_server.c ****                  (unsigned long)g_app_cfg.fs_hz,
 2294              		.loc 1 564 5 view .LVU554
 2295 0004 1E49     		ldr	r1, .L130
 2296 0006 0020     		movs	r0, #0
 2297 0008 FFF7FEFF 		bl	SEGGER_RTT_printf
 2298              	.LVL202:
 564:device/adc_tcp_server.c ****                  (unsigned long)g_app_cfg.fs_hz,
 2299              		.loc 1 564 5 view .LVU555
 2300 000c 1D4C     		ldr	r4, .L130+4
 2301 000e 6379     		ldrb	r3, [r4, #5]	@ zero_extendqisi2
 2302 0010 0093     		str	r3, [sp]
 2303 0012 2379     		ldrb	r3, [r4, #4]	@ zero_extendqisi2
 2304 0014 2268     		ldr	r2, [r4]
 2305 0016 1C49     		ldr	r1, .L130+8
 2306 0018 0020     		movs	r0, #0
 2307 001a FFF7FEFF 		bl	SEGGER_RTT_printf
 2308              	.LVL203:
 564:device/adc_tcp_server.c ****                  (unsigned long)g_app_cfg.fs_hz,
 2309              		.loc 1 564 5 view .LVU556
 2310 001e 1B49     		ldr	r1, .L130+12
 2311 0020 0020     		movs	r0, #0
 2312 0022 FFF7FEFF 		bl	SEGGER_RTT_printf
 2313              	.LVL204:
 564:device/adc_tcp_server.c ****                  (unsigned long)g_app_cfg.fs_hz,
 2314              		.loc 1 564 5 view .LVU557
 569:device/adc_tcp_server.c ****     {
ARM GAS  /tmp/ccq8x8aq.s 			page 65


 2315              		.loc 1 569 5 view .LVU558
 569:device/adc_tcp_server.c ****     {
 2316              		.loc 1 569 9 is_stmt 0 view .LVU559
 2317 0026 2046     		mov	r0, r4
 2318 0028 FFF7FEFF 		bl	AdcStream_Start
 2319              	.LVL205:
 569:device/adc_tcp_server.c ****     {
 2320              		.loc 1 569 8 view .LVU560
 2321 002c C0B9     		cbnz	r0, .L129
 2322 002e 0546     		mov	r5, r0
 575:device/adc_tcp_server.c **** 
 2323              		.loc 1 575 5 is_stmt 1 view .LVU561
 2324 0030 FFF7FEFF 		bl	stream_debug_reset_on_start
 2325              	.LVL206:
 577:device/adc_tcp_server.c ****                (unsigned int)AdcStream_IsRunning(),
 2326              		.loc 1 577 5 view .LVU562
 577:device/adc_tcp_server.c ****                (unsigned int)AdcStream_IsRunning(),
 2327              		.loc 1 577 5 view .LVU563
 2328 0034 1649     		ldr	r1, .L130+16
 2329 0036 0020     		movs	r0, #0
 2330 0038 FFF7FEFF 		bl	SEGGER_RTT_printf
 2331              	.LVL207:
 577:device/adc_tcp_server.c ****                (unsigned int)AdcStream_IsRunning(),
 2332              		.loc 1 577 5 view .LVU564
 2333 003c FFF7FEFF 		bl	AdcStream_IsRunning
 2334              	.LVL208:
 2335 0040 0446     		mov	r4, r0
 2336 0042 FFF7FEFF 		bl	AdcStream_GetDrdyPinLevel
 2337              	.LVL209:
 2338 0046 0346     		mov	r3, r0
 2339 0048 2246     		mov	r2, r4
 2340 004a 1249     		ldr	r1, .L130+20
 2341 004c 0020     		movs	r0, #0
 2342 004e FFF7FEFF 		bl	SEGGER_RTT_printf
 2343              	.LVL210:
 577:device/adc_tcp_server.c ****                (unsigned int)AdcStream_IsRunning(),
 2344              		.loc 1 577 5 view .LVU565
 2345 0052 0E49     		ldr	r1, .L130+12
 2346 0054 0020     		movs	r0, #0
 2347 0056 FFF7FEFF 		bl	SEGGER_RTT_printf
 2348              	.LVL211:
 577:device/adc_tcp_server.c ****                (unsigned int)AdcStream_IsRunning(),
 2349              		.loc 1 577 5 view .LVU566
 580:device/adc_tcp_server.c **** }
 2350              		.loc 1 580 5 view .LVU567
 2351              	.L125:
 581:device/adc_tcp_server.c **** 
 2352              		.loc 1 581 1 is_stmt 0 view .LVU568
 2353 005a 2846     		mov	r0, r5
 2354 005c 03B0     		add	sp, sp, #12
 2355              	.LCFI27:
 2356              		.cfi_remember_state
 2357              		.cfi_def_cfa_offset 12
 2358              		@ sp needed
 2359 005e 30BD     		pop	{r4, r5, pc}
 2360              	.L129:
 2361              	.LCFI28:
ARM GAS  /tmp/ccq8x8aq.s 			page 66


 2362              		.cfi_restore_state
 571:device/adc_tcp_server.c ****         return -1;
 2363              		.loc 1 571 9 is_stmt 1 view .LVU569
 571:device/adc_tcp_server.c ****         return -1;
 2364              		.loc 1 571 9 view .LVU570
 2365 0060 0D49     		ldr	r1, .L130+24
 2366 0062 0020     		movs	r0, #0
 2367 0064 FFF7FEFF 		bl	SEGGER_RTT_printf
 2368              	.LVL212:
 571:device/adc_tcp_server.c ****         return -1;
 2369              		.loc 1 571 9 view .LVU571
 2370 0068 0C49     		ldr	r1, .L130+28
 2371 006a 0020     		movs	r0, #0
 2372 006c FFF7FEFF 		bl	SEGGER_RTT_printf
 2373              	.LVL213:
 571:device/adc_tcp_server.c ****         return -1;
 2374              		.loc 1 571 9 view .LVU572
 2375 0070 0649     		ldr	r1, .L130+12
 2376 0072 0020     		movs	r0, #0
 2377 0074 FFF7FEFF 		bl	SEGGER_RTT_printf
 2378              	.LVL214:
 571:device/adc_tcp_server.c ****         return -1;
 2379              		.loc 1 571 9 view .LVU573
 572:device/adc_tcp_server.c ****     }
 2380              		.loc 1 572 9 view .LVU574
 572:device/adc_tcp_server.c ****     }
 2381              		.loc 1 572 16 is_stmt 0 view .LVU575
 2382 0078 4FF0FF35 		mov	r5, #-1
 2383 007c EDE7     		b	.L125
 2384              	.L131:
 2385 007e 00BF     		.align	2
 2386              	.L130:
 2387 0080 74000000 		.word	.LC14
 2388 0084 00000000 		.word	g_app_cfg
 2389 0088 00000000 		.word	.LC21
 2390 008c 4C000000 		.word	.LC9
 2391 0090 00000000 		.word	.LC7
 2392 0094 6C000000 		.word	.LC23
 2393 0098 00000000 		.word	.LC10
 2394 009c 38000000 		.word	.LC22
 2395              		.cfi_endproc
 2396              	.LFE177:
 2398              		.section	.rodata.stream_debug_print_periodic.str1.4,"aMS",%progbits,1
 2399              		.align	2
 2400              	.LC24:
 2401 0000 53545245 		.ascii	"STREAM stopped: seq=%lu, status_new=%lu, ready=%u, "
 2401      414D2073 
 2401      746F7070 
 2401      65643A20 
 2401      7365713D 
 2402 0033 71756575 		.ascii	"queued=%u, free=%u, overrun=%lu, pend_drop=%lu, spi"
 2402      65643D25 
 2402      752C2066 
 2402      7265653D 
 2402      25752C20 
 2403 0066 5F657272 		.ascii	"_err=%lu, flags=0x%08lX\000"
 2403      3D256C75 
ARM GAS  /tmp/ccq8x8aq.s 			page 67


 2403      2C20666C 
 2403      6167733D 
 2403      30782530 
 2404 007e 0000     		.align	2
 2405              	.LC25:
 2406 0080 53545245 		.ascii	"STREAM no sample data after START: running=%u, stat"
 2406      414D206E 
 2406      6F207361 
 2406      6D706C65 
 2406      20646174 
 2407 00b3 75735F6E 		.ascii	"us_new=%lu, status_skip=%lu, dma_chunk=%lu, dma_irq"
 2407      65773D25 
 2407      6C752C20 
 2407      73746174 
 2407      75735F73 
 2408 00e6 3D256C75 		.ascii	"=%lu, pend_drop=%lu, spi_err=%lu, flags=0x%08lX, dr"
 2408      2C207065 
 2408      6E645F64 
 2408      726F703D 
 2408      256C752C 
 2409 0119 64795F70 		.ascii	"dy_pin=%u\000"
 2409      696E3D25 
 2409      7500
 2410              		.global	__aeabi_uldivmod
 2411 0123 00       		.align	2
 2412              	.LC26:
 2413 0124 53544154 		.ascii	"STAT fs=%lu bits=%u run=%u seq=%lu(+%lu/s) tx=%lu/s"
 2413      2066733D 
 2413      256C7520 
 2413      62697473 
 2413      3D257520 
 2414 0157 2061636B 		.ascii	" ack=%lu/s net=%luKB/s ready=%u queued=%u free=%u o"
 2414      3D256C75 
 2414      2F73206E 
 2414      65743D25 
 2414      6C754B42 
 2415 018a 763D256C 		.ascii	"v=%lu(+%lu) mem=%lu(+%lu) wait=%lu no_buf=%lu no_se"
 2415      75282B25 
 2415      6C752920 
 2415      6D656D3D 
 2415      256C7528 
 2416 01bd 673D256C 		.ascii	"g=%lu wr_err=%lu sndbuf=%u sndq=%u/%u pend=%lu flag"
 2416      75207772 
 2416      5F657272 
 2416      3D256C75 
 2416      20736E64 
 2417 01f0 733D3078 		.ascii	"s=0x%08lX\000"
 2417      2530386C 
 2417      5800
 2418 01fa 0000     		.align	2
 2419              	.LC27:
 2420 01fc 53545245 		.ascii	"STREAM seq not increasing: status_new=%lu status_sk"
 2420      414D2073 
 2420      6571206E 
 2420      6F742069 
 2420      6E637265 
 2421 022f 69703D25 		.ascii	"ip=%lu dma_chunk=%lu dma_irq=%lu pend=%lu spi_err=%"
ARM GAS  /tmp/ccq8x8aq.s 			page 68


 2421      6C752064 
 2421      6D615F63 
 2421      68756E6B 
 2421      3D256C75 
 2422 0262 6C752066 		.ascii	"lu flags=0x%08lX\000"
 2422      6C616773 
 2422      3D307825 
 2422      30386C58 
 2422      00
 2423              		.section	.text.stream_debug_print_periodic,"ax",%progbits
 2424              		.align	1
 2425              		.syntax unified
 2426              		.thumb
 2427              		.thumb_func
 2428              		.fpu fpv4-sp-d16
 2430              	stream_debug_print_periodic:
 2431              	.LFB175:
 398:device/adc_tcp_server.c ****     uint32_t now;
 2432              		.loc 1 398 1 is_stmt 1 view -0
 2433              		.cfi_startproc
 2434              		@ args = 0, pretend = 0, frame = 64
 2435              		@ frame_needed = 0, uses_anonymous_args = 0
 399:device/adc_tcp_server.c ****     uint32_t seq;
 2436              		.loc 1 399 5 view .LVU577
 400:device/adc_tcp_server.c ****     uint32_t flags;
 2437              		.loc 1 400 5 view .LVU578
 401:device/adc_tcp_server.c ****     uint32_t overrun;
 2438              		.loc 1 401 5 view .LVU579
 402:device/adc_tcp_server.c ****     uint8_t running;
 2439              		.loc 1 402 5 view .LVU580
 403:device/adc_tcp_server.c **** 
 2440              		.loc 1 403 5 view .LVU581
 405:device/adc_tcp_server.c ****     {
 2441              		.loc 1 405 5 view .LVU582
 405:device/adc_tcp_server.c ****     {
 2442              		.loc 1 405 31 is_stmt 0 view .LVU583
 2443 0000 014B     		ldr	r3, .L149
 2444 0002 1B78     		ldrb	r3, [r3]	@ zero_extendqisi2
 405:device/adc_tcp_server.c ****     {
 2445              		.loc 1 405 8 view .LVU584
 2446 0004 13B9     		cbnz	r3, .L146
 2447 0006 7047     		bx	lr
 2448              	.L150:
 2449              		.align	2
 2450              	.L149:
 2451 0008 00000000 		.word	.LANCHOR13
 2452              	.L146:
 398:device/adc_tcp_server.c ****     uint32_t now;
 2453              		.loc 1 398 1 view .LVU585
 2454 000c 2DE9F04F 		push	{r4, r5, r6, r7, r8, r9, r10, fp, lr}
 2455              	.LCFI29:
 2456              		.cfi_def_cfa_offset 36
 2457              		.cfi_offset 4, -36
 2458              		.cfi_offset 5, -32
 2459              		.cfi_offset 6, -28
 2460              		.cfi_offset 7, -24
 2461              		.cfi_offset 8, -20
ARM GAS  /tmp/ccq8x8aq.s 			page 69


 2462              		.cfi_offset 9, -16
 2463              		.cfi_offset 10, -12
 2464              		.cfi_offset 11, -8
 2465              		.cfi_offset 14, -4
 2466 0010 A7B0     		sub	sp, sp, #156
 2467              	.LCFI30:
 2468              		.cfi_def_cfa_offset 192
 410:device/adc_tcp_server.c ****     running = AdcStream_IsRunning();
 2469              		.loc 1 410 5 is_stmt 1 view .LVU586
 410:device/adc_tcp_server.c ****     running = AdcStream_IsRunning();
 2470              		.loc 1 410 11 is_stmt 0 view .LVU587
 2471 0012 FFF7FEFF 		bl	HAL_GetTick
 2472              	.LVL215:
 2473 0016 8246     		mov	r10, r0
 2474              	.LVL216:
 411:device/adc_tcp_server.c ****     seq = AdcStream_GetSampleSeq();
 2475              		.loc 1 411 5 is_stmt 1 view .LVU588
 411:device/adc_tcp_server.c ****     seq = AdcStream_GetSampleSeq();
 2476              		.loc 1 411 15 is_stmt 0 view .LVU589
 2477 0018 FFF7FEFF 		bl	AdcStream_IsRunning
 2478              	.LVL217:
 411:device/adc_tcp_server.c ****     seq = AdcStream_GetSampleSeq();
 2479              		.loc 1 411 15 view .LVU590
 2480 001c 0446     		mov	r4, r0
 2481 001e 1890     		str	r0, [sp, #96]
 2482              	.LVL218:
 412:device/adc_tcp_server.c ****     flags = AdcStream_GetFlags();
 2483              		.loc 1 412 5 is_stmt 1 view .LVU591
 412:device/adc_tcp_server.c ****     flags = AdcStream_GetFlags();
 2484              		.loc 1 412 11 is_stmt 0 view .LVU592
 2485 0020 FFF7FEFF 		bl	AdcStream_GetSampleSeq
 2486              	.LVL219:
 2487 0024 8346     		mov	fp, r0
 2488              	.LVL220:
 413:device/adc_tcp_server.c ****     overrun = AdcStream_GetOverrunCount();
 2489              		.loc 1 413 5 is_stmt 1 view .LVU593
 413:device/adc_tcp_server.c ****     overrun = AdcStream_GetOverrunCount();
 2490              		.loc 1 413 13 is_stmt 0 view .LVU594
 2491 0026 FFF7FEFF 		bl	AdcStream_GetFlags
 2492              	.LVL221:
 413:device/adc_tcp_server.c ****     overrun = AdcStream_GetOverrunCount();
 2493              		.loc 1 413 13 view .LVU595
 2494 002a 1990     		str	r0, [sp, #100]
 2495              	.LVL222:
 414:device/adc_tcp_server.c **** 
 2496              		.loc 1 414 5 is_stmt 1 view .LVU596
 414:device/adc_tcp_server.c **** 
 2497              		.loc 1 414 15 is_stmt 0 view .LVU597
 2498 002c FFF7FEFF 		bl	AdcStream_GetOverrunCount
 2499              	.LVL223:
 414:device/adc_tcp_server.c **** 
 2500              		.loc 1 414 15 view .LVU598
 2501 0030 1790     		str	r0, [sp, #92]
 2502              	.LVL224:
 416:device/adc_tcp_server.c ****         (((now - s_stream_start_tick) > 50U) || (AdcStream_GetIsrStopCount() != s_last_isr_stop_cou
 2503              		.loc 1 416 5 is_stmt 1 view .LVU599
 416:device/adc_tcp_server.c ****         (((now - s_stream_start_tick) > 50U) || (AdcStream_GetIsrStopCount() != s_last_isr_stop_cou
ARM GAS  /tmp/ccq8x8aq.s 			page 70


 2504              		.loc 1 416 8 is_stmt 0 view .LVU600
 2505 0032 002C     		cmp	r4, #0
 2506 0034 3BD1     		bne	.L134
 416:device/adc_tcp_server.c ****         (((now - s_stream_start_tick) > 50U) || (AdcStream_GetIsrStopCount() != s_last_isr_stop_cou
 2507              		.loc 1 416 52 discriminator 1 view .LVU601
 2508 0036 B04B     		ldr	r3, .L151
 2509 0038 1B78     		ldrb	r3, [r3]	@ zero_extendqisi2
 416:device/adc_tcp_server.c ****         (((now - s_stream_start_tick) > 50U) || (AdcStream_GetIsrStopCount() != s_last_isr_stop_cou
 2510              		.loc 1 416 25 discriminator 1 view .LVU602
 2511 003a 002B     		cmp	r3, #0
 2512 003c 37D1     		bne	.L134
 417:device/adc_tcp_server.c ****     {
 2513              		.loc 1 417 16 discriminator 2 view .LVU603
 2514 003e AF4B     		ldr	r3, .L151+4
 2515 0040 1B68     		ldr	r3, [r3]
 2516 0042 AAEB0303 		sub	r3, r10, r3
 416:device/adc_tcp_server.c ****         (((now - s_stream_start_tick) > 50U) || (AdcStream_GetIsrStopCount() != s_last_isr_stop_cou
 2517              		.loc 1 416 59 discriminator 2 view .LVU604
 2518 0046 322B     		cmp	r3, #50
 2519 0048 05D8     		bhi	.L135
 417:device/adc_tcp_server.c ****     {
 2520              		.loc 1 417 50 view .LVU605
 2521 004a FFF7FEFF 		bl	AdcStream_GetIsrStopCount
 2522              	.LVL225:
 417:device/adc_tcp_server.c ****     {
 2523              		.loc 1 417 78 view .LVU606
 2524 004e AC4B     		ldr	r3, .L151+8
 2525 0050 1B68     		ldr	r3, [r3]
 417:device/adc_tcp_server.c ****     {
 2526              		.loc 1 417 46 view .LVU607
 2527 0052 9842     		cmp	r0, r3
 2528 0054 2BD0     		beq	.L134
 2529              	.L135:
 419:device/adc_tcp_server.c ****         TCP_LOG_ERR("STREAM stopped: seq=%lu, status_new=%lu, ready=%u, queued=%u, free=%u, overrun
 2530              		.loc 1 419 9 is_stmt 1 view .LVU608
 419:device/adc_tcp_server.c ****         TCP_LOG_ERR("STREAM stopped: seq=%lu, status_new=%lu, ready=%u, queued=%u, free=%u, overrun
 2531              		.loc 1 419 32 is_stmt 0 view .LVU609
 2532 0056 A84B     		ldr	r3, .L151
 2533 0058 0122     		movs	r2, #1
 2534 005a 1A70     		strb	r2, [r3]
 420:device/adc_tcp_server.c ****                     (unsigned long)seq,
 2535              		.loc 1 420 9 is_stmt 1 view .LVU610
 420:device/adc_tcp_server.c ****                     (unsigned long)seq,
 2536              		.loc 1 420 9 view .LVU611
 2537 005c A949     		ldr	r1, .L151+12
 2538 005e 0020     		movs	r0, #0
 2539 0060 FFF7FEFF 		bl	SEGGER_RTT_printf
 2540              	.LVL226:
 420:device/adc_tcp_server.c ****                     (unsigned long)seq,
 2541              		.loc 1 420 9 view .LVU612
 2542 0064 FFF7FEFF 		bl	AdcStream_GetStatusNewCount
 2543              	.LVL227:
 2544 0068 0446     		mov	r4, r0
 2545              	.LVL228:
 420:device/adc_tcp_server.c ****                     (unsigned long)seq,
 2546              		.loc 1 420 9 is_stmt 0 view .LVU613
 2547 006a FFF7FEFF 		bl	AdcStream_GetReadyCount
ARM GAS  /tmp/ccq8x8aq.s 			page 71


 2548              	.LVL229:
 2549 006e 0546     		mov	r5, r0
 2550 0070 FFF7FEFF 		bl	AdcStream_GetQueuedCount
 2551              	.LVL230:
 2552 0074 0646     		mov	r6, r0
 2553 0076 FFF7FEFF 		bl	AdcStream_GetFreeCount
 2554              	.LVL231:
 2555 007a 0746     		mov	r7, r0
 2556 007c FFF7FEFF 		bl	ADS127L11_GetDmaPendingDropCount
 2557              	.LVL232:
 2558 0080 8046     		mov	r8, r0
 2559 0082 FFF7FEFF 		bl	AdcStream_GetSpiErrorCount
 2560              	.LVL233:
 2561 0086 199B     		ldr	r3, [sp, #100]
 2562 0088 0693     		str	r3, [sp, #24]
 2563 008a 0590     		str	r0, [sp, #20]
 2564 008c CDF81080 		str	r8, [sp, #16]
 2565 0090 179B     		ldr	r3, [sp, #92]
 2566 0092 0393     		str	r3, [sp, #12]
 2567 0094 0297     		str	r7, [sp, #8]
 2568 0096 0196     		str	r6, [sp, #4]
 2569 0098 0095     		str	r5, [sp]
 2570 009a 2346     		mov	r3, r4
 2571 009c 5A46     		mov	r2, fp
 2572 009e 9A49     		ldr	r1, .L151+16
 2573 00a0 0020     		movs	r0, #0
 2574 00a2 FFF7FEFF 		bl	SEGGER_RTT_printf
 2575              	.LVL234:
 420:device/adc_tcp_server.c ****                     (unsigned long)seq,
 2576              		.loc 1 420 9 is_stmt 1 view .LVU614
 2577 00a6 9949     		ldr	r1, .L151+20
 2578 00a8 0020     		movs	r0, #0
 2579 00aa FFF7FEFF 		bl	SEGGER_RTT_printf
 2580              	.LVL235:
 2581              	.L134:
 420:device/adc_tcp_server.c ****                     (unsigned long)seq,
 2582              		.loc 1 420 9 discriminator 1 view .LVU615
 433:device/adc_tcp_server.c ****         (seq == 0U) &&
 2583              		.loc 1 433 5 discriminator 1 view .LVU616
 433:device/adc_tcp_server.c ****         (seq == 0U) &&
 2584              		.loc 1 433 15 is_stmt 0 discriminator 1 view .LVU617
 2585 00ae 934B     		ldr	r3, .L151+4
 2586 00b0 1B68     		ldr	r3, [r3]
 2587 00b2 AAEB0303 		sub	r3, r10, r3
 433:device/adc_tcp_server.c ****         (seq == 0U) &&
 2588              		.loc 1 433 8 discriminator 1 view .LVU618
 2589 00b6 B3F57A7F 		cmp	r3, #1000
 2590 00ba 07D9     		bls	.L136
 433:device/adc_tcp_server.c ****         (seq == 0U) &&
 2591              		.loc 1 433 47 discriminator 1 view .LVU619
 2592 00bc BBF1000F 		cmp	fp, #0
 2593 00c0 04D1     		bne	.L136
 435:device/adc_tcp_server.c ****     {
 2594              		.loc 1 435 27 view .LVU620
 2595 00c2 934B     		ldr	r3, .L151+24
 2596 00c4 1B78     		ldrb	r3, [r3]	@ zero_extendqisi2
 434:device/adc_tcp_server.c ****         (s_no_data_warned == 0U))
ARM GAS  /tmp/ccq8x8aq.s 			page 72


 2597              		.loc 1 434 21 view .LVU621
 2598 00c6 002B     		cmp	r3, #0
 2599 00c8 00F04C81 		beq	.L147
 2600              	.L136:
 438:device/adc_tcp_server.c ****                     (unsigned int)running,
 2601              		.loc 1 438 9 is_stmt 1 discriminator 1 view .LVU622
 450:device/adc_tcp_server.c ****     {
 2602              		.loc 1 450 5 discriminator 1 view .LVU623
 450:device/adc_tcp_server.c ****     {
 2603              		.loc 1 450 14 is_stmt 0 discriminator 1 view .LVU624
 2604 00cc 914B     		ldr	r3, .L151+28
 2605 00ce 1C68     		ldr	r4, [r3]
 2606 00d0 AAEB0404 		sub	r4, r10, r4
 450:device/adc_tcp_server.c ****     {
 2607              		.loc 1 450 8 discriminator 1 view .LVU625
 2608 00d4 B4F57A7F 		cmp	r4, #1000
 2609 00d8 C0F00A81 		bcc	.L132
 455:device/adc_tcp_server.c ****     if (dt_ms == 0U)
 2610              		.loc 1 455 5 is_stmt 1 view .LVU626
 2611              	.LVL236:
 456:device/adc_tcp_server.c ****     {
 2612              		.loc 1 456 5 view .LVU627
 456:device/adc_tcp_server.c ****     {
 2613              		.loc 1 456 8 is_stmt 0 view .LVU628
 2614 00dc 04B9     		cbnz	r4, .L137
 458:device/adc_tcp_server.c ****     }
 2615              		.loc 1 458 15 view .LVU629
 2616 00de 0124     		movs	r4, #1
 2617              	.LVL237:
 2618              	.L137:
 460:device/adc_tcp_server.c **** 
 2619              		.loc 1 460 5 is_stmt 1 view .LVU630
 460:device/adc_tcp_server.c **** 
 2620              		.loc 1 460 29 is_stmt 0 view .LVU631
 2621 00e0 8C4B     		ldr	r3, .L151+28
 2622 00e2 C3F800A0 		str	r10, [r3]
 463:device/adc_tcp_server.c ****     uint32_t tx_delta = s_tcp_sent_frames - s_last_tx_frames;
 2623              		.loc 1 463 5 is_stmt 1 view .LVU632
 463:device/adc_tcp_server.c ****     uint32_t tx_delta = s_tcp_sent_frames - s_last_tx_frames;
 2624              		.loc 1 463 30 is_stmt 0 view .LVU633
 2625 00e6 8C4B     		ldr	r3, .L151+32
 2626 00e8 1B68     		ldr	r3, [r3]
 463:device/adc_tcp_server.c ****     uint32_t tx_delta = s_tcp_sent_frames - s_last_tx_frames;
 2627              		.loc 1 463 14 view .LVU634
 2628 00ea ABEB0303 		sub	r3, fp, r3
 2629              	.LVL238:
 464:device/adc_tcp_server.c ****     uint32_t ack_delta = s_tcp_acked_data_frames - s_last_acked_frames;
 2630              		.loc 1 464 5 is_stmt 1 view .LVU635
 464:device/adc_tcp_server.c ****     uint32_t ack_delta = s_tcp_acked_data_frames - s_last_acked_frames;
 2631              		.loc 1 464 43 is_stmt 0 view .LVU636
 2632 00ee 8B4A     		ldr	r2, .L151+36
 2633 00f0 1168     		ldr	r1, [r2]
 2634 00f2 8B4A     		ldr	r2, .L151+40
 2635 00f4 1268     		ldr	r2, [r2]
 464:device/adc_tcp_server.c ****     uint32_t ack_delta = s_tcp_acked_data_frames - s_last_acked_frames;
 2636              		.loc 1 464 14 view .LVU637
 2637 00f6 A1EB0208 		sub	r8, r1, r2
ARM GAS  /tmp/ccq8x8aq.s 			page 73


 2638              	.LVL239:
 465:device/adc_tcp_server.c ****     uint32_t byte_delta = s_tcp_data_bytes_written - s_last_tcp_bytes;
 2639              		.loc 1 465 5 is_stmt 1 view .LVU638
 465:device/adc_tcp_server.c ****     uint32_t byte_delta = s_tcp_data_bytes_written - s_last_tcp_bytes;
 2640              		.loc 1 465 50 is_stmt 0 view .LVU639
 2641 00fa 8A4A     		ldr	r2, .L151+44
 2642 00fc 1768     		ldr	r7, [r2]
 2643 00fe 8A4A     		ldr	r2, .L151+48
 2644 0100 1268     		ldr	r2, [r2]
 465:device/adc_tcp_server.c ****     uint32_t byte_delta = s_tcp_data_bytes_written - s_last_tcp_bytes;
 2645              		.loc 1 465 14 view .LVU640
 2646 0102 BF1A     		subs	r7, r7, r2
 2647              	.LVL240:
 466:device/adc_tcp_server.c ****     uint32_t mem_delta = s_tcp_err_mem - s_last_memerr;
 2648              		.loc 1 466 5 is_stmt 1 view .LVU641
 466:device/adc_tcp_server.c ****     uint32_t mem_delta = s_tcp_err_mem - s_last_memerr;
 2649              		.loc 1 466 52 is_stmt 0 view .LVU642
 2650 0104 894A     		ldr	r2, .L151+52
 2651 0106 1568     		ldr	r5, [r2]
 2652 0108 894A     		ldr	r2, .L151+56
 2653 010a 1268     		ldr	r2, [r2]
 466:device/adc_tcp_server.c ****     uint32_t mem_delta = s_tcp_err_mem - s_last_memerr;
 2654              		.loc 1 466 14 view .LVU643
 2655 010c AD1A     		subs	r5, r5, r2
 2656              	.LVL241:
 467:device/adc_tcp_server.c ****     uint32_t ov_delta = overrun - s_last_overrun;
 2657              		.loc 1 467 5 is_stmt 1 view .LVU644
 467:device/adc_tcp_server.c ****     uint32_t ov_delta = overrun - s_last_overrun;
 2658              		.loc 1 467 40 is_stmt 0 view .LVU645
 2659 010e 894E     		ldr	r6, .L151+60
 2660 0110 3168     		ldr	r1, [r6]
 2661 0112 894A     		ldr	r2, .L151+64
 2662 0114 1268     		ldr	r2, [r2]
 467:device/adc_tcp_server.c ****     uint32_t ov_delta = overrun - s_last_overrun;
 2663              		.loc 1 467 14 view .LVU646
 2664 0116 8A1A     		subs	r2, r1, r2
 2665 0118 1C92     		str	r2, [sp, #112]
 2666              	.LVL242:
 468:device/adc_tcp_server.c **** 
 2667              		.loc 1 468 5 is_stmt 1 view .LVU647
 468:device/adc_tcp_server.c **** 
 2668              		.loc 1 468 33 is_stmt 0 view .LVU648
 2669 011a 884A     		ldr	r2, .L151+68
 2670              	.LVL243:
 468:device/adc_tcp_server.c **** 
 2671              		.loc 1 468 33 view .LVU649
 2672 011c 1268     		ldr	r2, [r2]
 468:device/adc_tcp_server.c **** 
 2673              		.loc 1 468 14 view .LVU650
 2674 011e 1799     		ldr	r1, [sp, #92]
 2675 0120 8A1A     		subs	r2, r1, r2
 2676 0122 1D92     		str	r2, [sp, #116]
 2677              	.LVL244:
 470:device/adc_tcp_server.c ****     uint32_t tx_per_s = (uint32_t)(((uint64_t)tx_delta * 1000ULL) / (uint64_t)dt_ms);
 2678              		.loc 1 470 5 is_stmt 1 view .LVU651
 470:device/adc_tcp_server.c ****     uint32_t tx_per_s = (uint32_t)(((uint64_t)tx_delta * 1000ULL) / (uint64_t)dt_ms);
 2679              		.loc 1 470 58 is_stmt 0 view .LVU652
ARM GAS  /tmp/ccq8x8aq.s 			page 74


 2680 0124 5801     		lsls	r0, r3, #5
 2681 0126 D90E     		lsrs	r1, r3, #27
 2682 0128 C01A     		subs	r0, r0, r3
 2683 012a 61F10001 		sbc	r1, r1, #0
 2684 012e 8A00     		lsls	r2, r1, #2
 2685              	.LVL245:
 470:device/adc_tcp_server.c ****     uint32_t tx_per_s = (uint32_t)(((uint64_t)tx_delta * 1000ULL) / (uint64_t)dt_ms);
 2686              		.loc 1 470 58 view .LVU653
 2687 0130 42EA9072 		orr	r2, r2, r0, lsr #30
 2688 0134 4FEA800C 		lsl	ip, r0, #2
 2689 0138 1CEB0300 		adds	r0, ip, r3
 2690 013c 42F10001 		adc	r1, r2, #0
 2691 0140 CB00     		lsls	r3, r1, #3
 2692              	.LVL246:
 470:device/adc_tcp_server.c ****     uint32_t tx_per_s = (uint32_t)(((uint64_t)tx_delta * 1000ULL) / (uint64_t)dt_ms);
 2693              		.loc 1 470 58 view .LVU654
 2694 0142 43EA5073 		orr	r3, r3, r0, lsr #29
 2695 0146 C200     		lsls	r2, r0, #3
 2696 0148 1046     		mov	r0, r2
 2697 014a 1946     		mov	r1, r3
 470:device/adc_tcp_server.c ****     uint32_t tx_per_s = (uint32_t)(((uint64_t)tx_delta * 1000ULL) / (uint64_t)dt_ms);
 2698              		.loc 1 470 71 view .LVU655
 2699 014c 4FF00009 		mov	r9, #0
 470:device/adc_tcp_server.c ****     uint32_t tx_per_s = (uint32_t)(((uint64_t)tx_delta * 1000ULL) / (uint64_t)dt_ms);
 2700              		.loc 1 470 69 view .LVU656
 2701 0150 2246     		mov	r2, r4
 2702 0152 4B46     		mov	r3, r9
 2703 0154 FFF7FEFF 		bl	__aeabi_uldivmod
 2704              	.LVL247:
 470:device/adc_tcp_server.c ****     uint32_t tx_per_s = (uint32_t)(((uint64_t)tx_delta * 1000ULL) / (uint64_t)dt_ms);
 2705              		.loc 1 470 69 view .LVU657
 2706 0158 2290     		str	r0, [sp, #136]
 2707              	.LVL248:
 471:device/adc_tcp_server.c ****     uint32_t ack_per_s = (uint32_t)(((uint64_t)ack_delta * 1000ULL) / (uint64_t)dt_ms);
 2708              		.loc 1 471 5 is_stmt 1 view .LVU658
 471:device/adc_tcp_server.c ****     uint32_t ack_per_s = (uint32_t)(((uint64_t)ack_delta * 1000ULL) / (uint64_t)dt_ms);
 2709              		.loc 1 471 56 is_stmt 0 view .LVU659
 2710 015a 4FEA4810 		lsl	r0, r8, #5
 2711              	.LVL249:
 471:device/adc_tcp_server.c ****     uint32_t ack_per_s = (uint32_t)(((uint64_t)ack_delta * 1000ULL) / (uint64_t)dt_ms);
 2712              		.loc 1 471 56 view .LVU660
 2713 015e 4FEAD861 		lsr	r1, r8, #27
 2714 0162 B0EB0800 		subs	r0, r0, r8
 2715 0166 61F10001 		sbc	r1, r1, #0
 2716 016a 8B00     		lsls	r3, r1, #2
 2717 016c 43EA9073 		orr	r3, r3, r0, lsr #30
 2718 0170 8200     		lsls	r2, r0, #2
 2719 0172 12EB0800 		adds	r0, r2, r8
 2720 0176 43F10001 		adc	r1, r3, #0
 2721 017a CB00     		lsls	r3, r1, #3
 2722 017c 43EA5073 		orr	r3, r3, r0, lsr #29
 2723 0180 C200     		lsls	r2, r0, #3
 2724 0182 1046     		mov	r0, r2
 2725 0184 1946     		mov	r1, r3
 471:device/adc_tcp_server.c ****     uint32_t ack_per_s = (uint32_t)(((uint64_t)ack_delta * 1000ULL) / (uint64_t)dt_ms);
 2726              		.loc 1 471 67 view .LVU661
 2727 0186 2246     		mov	r2, r4
ARM GAS  /tmp/ccq8x8aq.s 			page 75


 2728 0188 4B46     		mov	r3, r9
 2729 018a FFF7FEFF 		bl	__aeabi_uldivmod
 2730              	.LVL250:
 2731 018e 2390     		str	r0, [sp, #140]
 2732              	.LVL251:
 472:device/adc_tcp_server.c ****     uint32_t kb_per_s = (uint32_t)(((uint64_t)byte_delta * 1000ULL) / ((uint64_t)dt_ms * 1024ULL));
 2733              		.loc 1 472 5 is_stmt 1 view .LVU662
 472:device/adc_tcp_server.c ****     uint32_t kb_per_s = (uint32_t)(((uint64_t)byte_delta * 1000ULL) / ((uint64_t)dt_ms * 1024ULL));
 2734              		.loc 1 472 58 is_stmt 0 view .LVU663
 2735 0190 7801     		lsls	r0, r7, #5
 2736              	.LVL252:
 472:device/adc_tcp_server.c ****     uint32_t kb_per_s = (uint32_t)(((uint64_t)byte_delta * 1000ULL) / ((uint64_t)dt_ms * 1024ULL));
 2737              		.loc 1 472 58 view .LVU664
 2738 0192 F90E     		lsrs	r1, r7, #27
 2739 0194 C01B     		subs	r0, r0, r7
 2740 0196 61F10001 		sbc	r1, r1, #0
 2741 019a 8B00     		lsls	r3, r1, #2
 2742 019c 43EA9073 		orr	r3, r3, r0, lsr #30
 2743 01a0 8200     		lsls	r2, r0, #2
 2744 01a2 D019     		adds	r0, r2, r7
 2745 01a4 43F10001 		adc	r1, r3, #0
 2746 01a8 CB00     		lsls	r3, r1, #3
 2747 01aa 43EA5073 		orr	r3, r3, r0, lsr #29
 2748 01ae C200     		lsls	r2, r0, #3
 2749 01b0 1046     		mov	r0, r2
 2750 01b2 1946     		mov	r1, r3
 472:device/adc_tcp_server.c ****     uint32_t kb_per_s = (uint32_t)(((uint64_t)byte_delta * 1000ULL) / ((uint64_t)dt_ms * 1024ULL));
 2751              		.loc 1 472 69 view .LVU665
 2752 01b4 2246     		mov	r2, r4
 2753 01b6 4B46     		mov	r3, r9
 2754 01b8 FFF7FEFF 		bl	__aeabi_uldivmod
 2755              	.LVL253:
 2756 01bc 2490     		str	r0, [sp, #144]
 2757              	.LVL254:
 473:device/adc_tcp_server.c **** 
 2758              		.loc 1 473 5 is_stmt 1 view .LVU666
 473:device/adc_tcp_server.c **** 
 2759              		.loc 1 473 58 is_stmt 0 view .LVU667
 2760 01be 6801     		lsls	r0, r5, #5
 2761              	.LVL255:
 473:device/adc_tcp_server.c **** 
 2762              		.loc 1 473 58 view .LVU668
 2763 01c0 E90E     		lsrs	r1, r5, #27
 2764 01c2 401B     		subs	r0, r0, r5
 2765 01c4 61F10001 		sbc	r1, r1, #0
 2766 01c8 8B00     		lsls	r3, r1, #2
 2767 01ca 43EA9073 		orr	r3, r3, r0, lsr #30
 2768 01ce 8200     		lsls	r2, r0, #2
 2769 01d0 5019     		adds	r0, r2, r5
 2770 01d2 43F10001 		adc	r1, r3, #0
 2771 01d6 CB00     		lsls	r3, r1, #3
 2772 01d8 43EA5073 		orr	r3, r3, r0, lsr #29
 2773 01dc C200     		lsls	r2, r0, #3
 2774 01de 1046     		mov	r0, r2
 2775 01e0 1946     		mov	r1, r3
 473:device/adc_tcp_server.c **** 
 2776              		.loc 1 473 69 view .LVU669
ARM GAS  /tmp/ccq8x8aq.s 			page 76


 2777 01e2 A202     		lsls	r2, r4, #10
 2778 01e4 A30D     		lsrs	r3, r4, #22
 2779 01e6 FFF7FEFF 		bl	__aeabi_uldivmod
 2780              	.LVL256:
 2781 01ea 2590     		str	r0, [sp, #148]
 2782              	.LVL257:
 475:device/adc_tcp_server.c ****                  (unsigned long)g_app_cfg.fs_hz,
 2783              		.loc 1 475 5 is_stmt 1 view .LVU670
 475:device/adc_tcp_server.c ****                  (unsigned long)g_app_cfg.fs_hz,
 2784              		.loc 1 475 5 view .LVU671
 2785 01ec 5449     		ldr	r1, .L151+72
 2786 01ee 4846     		mov	r0, r9
 2787              	.LVL258:
 475:device/adc_tcp_server.c ****                  (unsigned long)g_app_cfg.fs_hz,
 2788              		.loc 1 475 5 is_stmt 0 view .LVU672
 2789 01f0 FFF7FEFF 		bl	SEGGER_RTT_printf
 2790              	.LVL259:
 475:device/adc_tcp_server.c ****                  (unsigned long)g_app_cfg.fs_hz,
 2791              		.loc 1 475 5 is_stmt 1 view .LVU673
 2792 01f4 534B     		ldr	r3, .L151+76
 2793 01f6 1A68     		ldr	r2, [r3]
 2794 01f8 1A92     		str	r2, [sp, #104]
 2795 01fa 1B79     		ldrb	r3, [r3, #4]	@ zero_extendqisi2
 2796 01fc 1B93     		str	r3, [sp, #108]
 2797 01fe FFF7FEFF 		bl	AdcStream_GetReadyCount
 2798              	.LVL260:
 2799 0202 1E90     		str	r0, [sp, #120]
 2800 0204 FFF7FEFF 		bl	AdcStream_GetQueuedCount
 2801              	.LVL261:
 2802 0208 1F90     		str	r0, [sp, #124]
 2803 020a FFF7FEFF 		bl	AdcStream_GetFreeCount
 2804              	.LVL262:
 2805 020e 2090     		str	r0, [sp, #128]
 2806 0210 3668     		ldr	r6, [r6]
 2807 0212 4D4B     		ldr	r3, .L151+80
 2808 0214 1F68     		ldr	r7, [r3]
 2809              	.LVL263:
 475:device/adc_tcp_server.c ****                  (unsigned long)g_app_cfg.fs_hz,
 2810              		.loc 1 475 5 is_stmt 0 view .LVU674
 2811 0216 4D4B     		ldr	r3, .L151+84
 2812 0218 D3F80080 		ldr	r8, [r3]
 2813              	.LVL264:
 475:device/adc_tcp_server.c ****                  (unsigned long)g_app_cfg.fs_hz,
 2814              		.loc 1 475 5 view .LVU675
 2815 021c 4C4B     		ldr	r3, .L151+88
 2816 021e D3F80090 		ldr	r9, [r3]
 2817 0222 4C4B     		ldr	r3, .L151+92
 2818 0224 1C68     		ldr	r4, [r3]
 2819              	.LVL265:
 475:device/adc_tcp_server.c ****                  (unsigned long)g_app_cfg.fs_hz,
 2820              		.loc 1 475 5 view .LVU676
 2821 0226 4C4B     		ldr	r3, .L151+96
 2822 0228 1B68     		ldr	r3, [r3]
 2823 022a 002B     		cmp	r3, #0
 2824 022c 00F0CA80 		beq	.L141
 475:device/adc_tcp_server.c ****                  (unsigned long)g_app_cfg.fs_hz,
 2825              		.loc 1 475 5 discriminator 1 view .LVU677
ARM GAS  /tmp/ccq8x8aq.s 			page 77


 2826 0230 B3F86450 		ldrh	r5, [r3, #100]
 2827              	.LVL266:
 2828              	.L138:
 475:device/adc_tcp_server.c ****                  (unsigned long)g_app_cfg.fs_hz,
 2829              		.loc 1 475 5 discriminator 4 view .LVU678
 2830 0234 FFF7FEFF 		bl	tcp_sndq_len_now
 2831              	.LVL267:
 2832 0238 2190     		str	r0, [sp, #132]
 2833 023a FFF7FEFF 		bl	ADS127L11_GetDmaPendingDropCount
 2834              	.LVL268:
 2835 023e 199B     		ldr	r3, [sp, #100]
 2836 0240 1593     		str	r3, [sp, #84]
 2837 0242 1490     		str	r0, [sp, #80]
 2838 0244 3023     		movs	r3, #48
 2839 0246 1393     		str	r3, [sp, #76]
 2840 0248 219B     		ldr	r3, [sp, #132]
 2841 024a 1293     		str	r3, [sp, #72]
 2842 024c 1195     		str	r5, [sp, #68]
 2843 024e 1094     		str	r4, [sp, #64]
 2844 0250 CDF83C90 		str	r9, [sp, #60]
 2845 0254 CDF83880 		str	r8, [sp, #56]
 2846 0258 0D97     		str	r7, [sp, #52]
 2847 025a 1C9B     		ldr	r3, [sp, #112]
 2848 025c 0C93     		str	r3, [sp, #48]
 2849 025e 0B96     		str	r6, [sp, #44]
 2850 0260 1D9B     		ldr	r3, [sp, #116]
 2851 0262 0A93     		str	r3, [sp, #40]
 2852 0264 179C     		ldr	r4, [sp, #92]
 2853 0266 0994     		str	r4, [sp, #36]
 2854 0268 209B     		ldr	r3, [sp, #128]
 2855 026a 0893     		str	r3, [sp, #32]
 2856 026c 1F9B     		ldr	r3, [sp, #124]
 2857 026e 0793     		str	r3, [sp, #28]
 2858 0270 1E9B     		ldr	r3, [sp, #120]
 2859 0272 0693     		str	r3, [sp, #24]
 2860 0274 259B     		ldr	r3, [sp, #148]
 2861 0276 0593     		str	r3, [sp, #20]
 2862 0278 249B     		ldr	r3, [sp, #144]
 2863 027a 0493     		str	r3, [sp, #16]
 2864 027c 239B     		ldr	r3, [sp, #140]
 2865 027e 0393     		str	r3, [sp, #12]
 2866 0280 229B     		ldr	r3, [sp, #136]
 2867 0282 0293     		str	r3, [sp, #8]
 2868 0284 CDF804B0 		str	fp, [sp, #4]
 2869 0288 189B     		ldr	r3, [sp, #96]
 2870 028a 0093     		str	r3, [sp]
 2871 028c 1B9B     		ldr	r3, [sp, #108]
 2872 028e 1A9A     		ldr	r2, [sp, #104]
 2873 0290 3249     		ldr	r1, .L151+100
 2874 0292 0020     		movs	r0, #0
 2875 0294 FFF7FEFF 		bl	SEGGER_RTT_printf
 2876              	.LVL269:
 475:device/adc_tcp_server.c ****                  (unsigned long)g_app_cfg.fs_hz,
 2877              		.loc 1 475 5 is_stmt 1 discriminator 4 view .LVU679
 2878 0298 1C49     		ldr	r1, .L151+20
 2879 029a 0020     		movs	r0, #0
 2880 029c FFF7FEFF 		bl	SEGGER_RTT_printf
ARM GAS  /tmp/ccq8x8aq.s 			page 78


 2881              	.LVL270:
 475:device/adc_tcp_server.c ****                  (unsigned long)g_app_cfg.fs_hz,
 2882              		.loc 1 475 5 discriminator 4 view .LVU680
 501:device/adc_tcp_server.c ****     s_last_acked_frames = s_tcp_acked_data_frames;
 2883              		.loc 1 501 5 discriminator 4 view .LVU681
 501:device/adc_tcp_server.c ****     s_last_acked_frames = s_tcp_acked_data_frames;
 2884              		.loc 1 501 22 is_stmt 0 discriminator 4 view .LVU682
 2885 02a0 1E4B     		ldr	r3, .L151+36
 2886 02a2 1A68     		ldr	r2, [r3]
 2887 02a4 1E4B     		ldr	r3, .L151+40
 2888 02a6 1A60     		str	r2, [r3]
 502:device/adc_tcp_server.c ****     s_last_tcp_bytes = s_tcp_data_bytes_written;
 2889              		.loc 1 502 5 is_stmt 1 discriminator 4 view .LVU683
 502:device/adc_tcp_server.c ****     s_last_tcp_bytes = s_tcp_data_bytes_written;
 2890              		.loc 1 502 25 is_stmt 0 discriminator 4 view .LVU684
 2891 02a8 1E4B     		ldr	r3, .L151+44
 2892 02aa 1A68     		ldr	r2, [r3]
 2893 02ac 1E4B     		ldr	r3, .L151+48
 2894 02ae 1A60     		str	r2, [r3]
 503:device/adc_tcp_server.c ****     s_last_memerr = s_tcp_err_mem;
 2895              		.loc 1 503 5 is_stmt 1 discriminator 4 view .LVU685
 503:device/adc_tcp_server.c ****     s_last_memerr = s_tcp_err_mem;
 2896              		.loc 1 503 22 is_stmt 0 discriminator 4 view .LVU686
 2897 02b0 1E4B     		ldr	r3, .L151+52
 2898 02b2 1A68     		ldr	r2, [r3]
 2899 02b4 1E4B     		ldr	r3, .L151+56
 2900 02b6 1A60     		str	r2, [r3]
 504:device/adc_tcp_server.c ****     s_last_overrun = overrun;
 2901              		.loc 1 504 5 is_stmt 1 discriminator 4 view .LVU687
 504:device/adc_tcp_server.c ****     s_last_overrun = overrun;
 2902              		.loc 1 504 19 is_stmt 0 discriminator 4 view .LVU688
 2903 02b8 1E4B     		ldr	r3, .L151+60
 2904 02ba 1A68     		ldr	r2, [r3]
 2905 02bc 1E4B     		ldr	r3, .L151+64
 2906 02be 1A60     		str	r2, [r3]
 505:device/adc_tcp_server.c **** #endif
 2907              		.loc 1 505 5 is_stmt 1 discriminator 4 view .LVU689
 505:device/adc_tcp_server.c **** #endif
 2908              		.loc 1 505 20 is_stmt 0 discriminator 4 view .LVU690
 2909 02c0 1E4B     		ldr	r3, .L151+68
 2910 02c2 1C60     		str	r4, [r3]
 508:device/adc_tcp_server.c ****     {
 2911              		.loc 1 508 5 is_stmt 1 discriminator 4 view .LVU691
 508:device/adc_tcp_server.c ****     {
 2912              		.loc 1 508 14 is_stmt 0 discriminator 4 view .LVU692
 2913 02c4 144B     		ldr	r3, .L151+32
 2914 02c6 1B68     		ldr	r3, [r3]
 508:device/adc_tcp_server.c ****     {
 2915              		.loc 1 508 8 discriminator 4 view .LVU693
 2916 02c8 5B45     		cmp	r3, fp
 2917 02ca 7DD0     		beq	.L148
 2918              	.L139:
 510:device/adc_tcp_server.c ****                     (unsigned long)AdcStream_GetStatusNewCount(),
 2919              		.loc 1 510 9 is_stmt 1 discriminator 1 view .LVU694
 520:device/adc_tcp_server.c ****     s_last_stream_irq = AdcStream_GetDrdyIrqCount();
 2920              		.loc 1 520 5 discriminator 1 view .LVU695
 520:device/adc_tcp_server.c ****     s_last_stream_irq = AdcStream_GetDrdyIrqCount();
ARM GAS  /tmp/ccq8x8aq.s 			page 79


 2921              		.loc 1 520 23 is_stmt 0 discriminator 1 view .LVU696
 2922 02cc 124B     		ldr	r3, .L151+32
 2923 02ce C3F800B0 		str	fp, [r3]
 521:device/adc_tcp_server.c **** 
 2924              		.loc 1 521 5 is_stmt 1 discriminator 1 view .LVU697
 521:device/adc_tcp_server.c **** 
 2925              		.loc 1 521 25 is_stmt 0 discriminator 1 view .LVU698
 2926 02d2 FFF7FEFF 		bl	AdcStream_GetDrdyIrqCount
 2927              	.LVL271:
 523:device/adc_tcp_server.c ****     {
 2928              		.loc 1 523 5 is_stmt 1 discriminator 1 view .LVU699
 523:device/adc_tcp_server.c ****     {
 2929              		.loc 1 523 8 is_stmt 0 discriminator 1 view .LVU700
 2930 02d6 189B     		ldr	r3, [sp, #96]
 2931 02d8 53B9     		cbnz	r3, .L132
 523:device/adc_tcp_server.c ****     {
 2932              		.loc 1 523 34 discriminator 1 view .LVU701
 2933 02da 084B     		ldr	r3, .L151+4
 2934 02dc 1868     		ldr	r0, [r3]
 2935 02de AAEB0000 		sub	r0, r10, r0
 523:device/adc_tcp_server.c ****     {
 2936              		.loc 1 523 25 discriminator 1 view .LVU702
 2937 02e2 40F6B833 		movw	r3, #3000
 2938 02e6 9842     		cmp	r0, r3
 2939 02e8 02D9     		bls	.L132
 525:device/adc_tcp_server.c ****     }
 2940              		.loc 1 525 9 is_stmt 1 view .LVU703
 525:device/adc_tcp_server.c ****     }
 2941              		.loc 1 525 31 is_stmt 0 view .LVU704
 2942 02ea 1D4B     		ldr	r3, .L151+104
 2943 02ec 0022     		movs	r2, #0
 2944 02ee 1A70     		strb	r2, [r3]
 2945              	.LVL272:
 2946              	.L132:
 527:device/adc_tcp_server.c **** 
 2947              		.loc 1 527 1 view .LVU705
 2948 02f0 27B0     		add	sp, sp, #156
 2949              	.LCFI31:
 2950              		.cfi_remember_state
 2951              		.cfi_def_cfa_offset 36
 2952              		@ sp needed
 2953 02f2 BDE8F08F 		pop	{r4, r5, r6, r7, r8, r9, r10, fp, pc}
 2954              	.LVL273:
 2955              	.L152:
 527:device/adc_tcp_server.c **** 
 2956              		.loc 1 527 1 view .LVU706
 2957 02f6 00BF     		.align	2
 2958              	.L151:
 2959 02f8 00000000 		.word	.LANCHOR27
 2960 02fc 00000000 		.word	.LANCHOR23
 2961 0300 00000000 		.word	.LANCHOR28
 2962 0304 00000000 		.word	.LC10
 2963 0308 00000000 		.word	.LC24
 2964 030c 4C000000 		.word	.LC9
 2965 0310 00000000 		.word	.LANCHOR26
 2966 0314 00000000 		.word	.LANCHOR24
 2967 0318 00000000 		.word	.LANCHOR25
ARM GAS  /tmp/ccq8x8aq.s 			page 80


 2968 031c 00000000 		.word	.LANCHOR18
 2969 0320 00000000 		.word	.LANCHOR30
 2970 0324 00000000 		.word	.LANCHOR9
 2971 0328 00000000 		.word	.LANCHOR31
 2972 032c 00000000 		.word	.LANCHOR19
 2973 0330 00000000 		.word	.LANCHOR32
 2974 0334 00000000 		.word	.LANCHOR15
 2975 0338 00000000 		.word	.LANCHOR33
 2976 033c 00000000 		.word	.LANCHOR34
 2977 0340 74000000 		.word	.LC14
 2978 0344 00000000 		.word	g_app_cfg
 2979 0348 00000000 		.word	.LANCHOR29
 2980 034c 00000000 		.word	.LANCHOR21
 2981 0350 00000000 		.word	.LANCHOR22
 2982 0354 00000000 		.word	.LANCHOR20
 2983 0358 00000000 		.word	.LANCHOR5
 2984 035c 24010000 		.word	.LC26
 2985 0360 00000000 		.word	.LANCHOR13
 2986              	.LVL274:
 2987              	.L147:
 2988              	.LCFI32:
 2989              		.cfi_restore_state
 437:device/adc_tcp_server.c ****         TCP_LOG_ERR("STREAM no sample data after START: running=%u, status_new=%lu, status_skip=%lu
 2990              		.loc 1 437 9 is_stmt 1 view .LVU707
 437:device/adc_tcp_server.c ****         TCP_LOG_ERR("STREAM no sample data after START: running=%u, status_new=%lu, status_skip=%lu
 2991              		.loc 1 437 26 is_stmt 0 view .LVU708
 2992 0364 2E4B     		ldr	r3, .L153
 2993 0366 0122     		movs	r2, #1
 2994 0368 1A70     		strb	r2, [r3]
 438:device/adc_tcp_server.c ****                     (unsigned int)running,
 2995              		.loc 1 438 9 is_stmt 1 view .LVU709
 438:device/adc_tcp_server.c ****                     (unsigned int)running,
 2996              		.loc 1 438 9 view .LVU710
 2997 036a 2E49     		ldr	r1, .L153+4
 2998 036c 0020     		movs	r0, #0
 2999 036e FFF7FEFF 		bl	SEGGER_RTT_printf
 3000              	.LVL275:
 438:device/adc_tcp_server.c ****                     (unsigned int)running,
 3001              		.loc 1 438 9 view .LVU711
 3002 0372 FFF7FEFF 		bl	AdcStream_GetStatusNewCount
 3003              	.LVL276:
 3004 0376 0446     		mov	r4, r0
 3005 0378 FFF7FEFF 		bl	AdcStream_GetStatusSkipCount
 3006              	.LVL277:
 3007 037c 0546     		mov	r5, r0
 3008 037e FFF7FEFF 		bl	AdcStream_GetContDmaChunkCount
 3009              	.LVL278:
 3010 0382 0646     		mov	r6, r0
 3011 0384 FFF7FEFF 		bl	ADS127L11_GetDmaCompleteCount
 3012              	.LVL279:
 3013 0388 0746     		mov	r7, r0
 3014 038a FFF7FEFF 		bl	ADS127L11_GetDmaPendingDropCount
 3015              	.LVL280:
 3016 038e 8046     		mov	r8, r0
 3017 0390 FFF7FEFF 		bl	AdcStream_GetSpiErrorCount
 3018              	.LVL281:
 3019 0394 8146     		mov	r9, r0
ARM GAS  /tmp/ccq8x8aq.s 			page 81


 3020 0396 FFF7FEFF 		bl	AdcStream_GetDrdyPinLevel
 3021              	.LVL282:
 3022 039a 0690     		str	r0, [sp, #24]
 3023 039c 199B     		ldr	r3, [sp, #100]
 3024 039e 0593     		str	r3, [sp, #20]
 3025 03a0 CDF81090 		str	r9, [sp, #16]
 3026 03a4 CDF80C80 		str	r8, [sp, #12]
 3027 03a8 0297     		str	r7, [sp, #8]
 3028 03aa 0196     		str	r6, [sp, #4]
 3029 03ac 0095     		str	r5, [sp]
 3030 03ae 2346     		mov	r3, r4
 3031 03b0 189A     		ldr	r2, [sp, #96]
 3032 03b2 1D49     		ldr	r1, .L153+8
 3033 03b4 0020     		movs	r0, #0
 3034 03b6 FFF7FEFF 		bl	SEGGER_RTT_printf
 3035              	.LVL283:
 438:device/adc_tcp_server.c ****                     (unsigned int)running,
 3036              		.loc 1 438 9 view .LVU712
 3037 03ba 1C49     		ldr	r1, .L153+12
 3038 03bc 0020     		movs	r0, #0
 3039 03be FFF7FEFF 		bl	SEGGER_RTT_printf
 3040              	.LVL284:
 3041 03c2 83E6     		b	.L136
 3042              	.LVL285:
 3043              	.L141:
 475:device/adc_tcp_server.c ****                  (unsigned long)g_app_cfg.fs_hz,
 3044              		.loc 1 475 5 is_stmt 0 view .LVU713
 3045 03c4 0025     		movs	r5, #0
 3046              	.LVL286:
 475:device/adc_tcp_server.c ****                  (unsigned long)g_app_cfg.fs_hz,
 3047              		.loc 1 475 5 view .LVU714
 3048 03c6 35E7     		b	.L138
 3049              	.L148:
 508:device/adc_tcp_server.c ****     {
 3050              		.loc 1 508 40 discriminator 1 view .LVU715
 3051 03c8 FFF7FEFF 		bl	AdcStream_IsRunning
 3052              	.LVL287:
 508:device/adc_tcp_server.c ****     {
 3053              		.loc 1 508 36 discriminator 1 view .LVU716
 3054 03cc 0028     		cmp	r0, #0
 3055 03ce 3FF47DAF 		beq	.L139
 510:device/adc_tcp_server.c ****                     (unsigned long)AdcStream_GetStatusNewCount(),
 3056              		.loc 1 510 9 is_stmt 1 view .LVU717
 510:device/adc_tcp_server.c ****                     (unsigned long)AdcStream_GetStatusNewCount(),
 3057              		.loc 1 510 9 view .LVU718
 3058 03d2 1449     		ldr	r1, .L153+4
 3059 03d4 0020     		movs	r0, #0
 3060 03d6 FFF7FEFF 		bl	SEGGER_RTT_printf
 3061              	.LVL288:
 510:device/adc_tcp_server.c ****                     (unsigned long)AdcStream_GetStatusNewCount(),
 3062              		.loc 1 510 9 view .LVU719
 3063 03da FFF7FEFF 		bl	AdcStream_GetStatusNewCount
 3064              	.LVL289:
 3065 03de 0446     		mov	r4, r0
 3066 03e0 FFF7FEFF 		bl	AdcStream_GetStatusSkipCount
 3067              	.LVL290:
 3068 03e4 0546     		mov	r5, r0
ARM GAS  /tmp/ccq8x8aq.s 			page 82


 3069 03e6 FFF7FEFF 		bl	AdcStream_GetContDmaChunkCount
 3070              	.LVL291:
 3071 03ea 0646     		mov	r6, r0
 3072 03ec FFF7FEFF 		bl	ADS127L11_GetDmaCompleteCount
 3073              	.LVL292:
 3074 03f0 0746     		mov	r7, r0
 3075 03f2 FFF7FEFF 		bl	ADS127L11_GetDmaPendingDropCount
 3076              	.LVL293:
 3077 03f6 8046     		mov	r8, r0
 3078 03f8 FFF7FEFF 		bl	AdcStream_GetSpiErrorCount
 3079              	.LVL294:
 3080 03fc 199B     		ldr	r3, [sp, #100]
 3081 03fe 0493     		str	r3, [sp, #16]
 3082 0400 0390     		str	r0, [sp, #12]
 3083 0402 CDF80880 		str	r8, [sp, #8]
 3084 0406 0197     		str	r7, [sp, #4]
 3085 0408 0096     		str	r6, [sp]
 3086 040a 2B46     		mov	r3, r5
 3087 040c 2246     		mov	r2, r4
 3088 040e 0849     		ldr	r1, .L153+16
 3089 0410 0020     		movs	r0, #0
 3090 0412 FFF7FEFF 		bl	SEGGER_RTT_printf
 3091              	.LVL295:
 510:device/adc_tcp_server.c ****                     (unsigned long)AdcStream_GetStatusNewCount(),
 3092              		.loc 1 510 9 view .LVU720
 3093 0416 0549     		ldr	r1, .L153+12
 3094 0418 0020     		movs	r0, #0
 3095 041a FFF7FEFF 		bl	SEGGER_RTT_printf
 3096              	.LVL296:
 3097 041e 55E7     		b	.L139
 3098              	.L154:
 3099              		.align	2
 3100              	.L153:
 3101 0420 00000000 		.word	.LANCHOR26
 3102 0424 00000000 		.word	.LC10
 3103 0428 80000000 		.word	.LC25
 3104 042c 4C000000 		.word	.LC9
 3105 0430 FC010000 		.word	.LC27
 3106              		.cfi_endproc
 3107              	.LFE175:
 3109              		.section	.rodata.AdcTcpServer_Init.str1.4,"aMS",%progbits,1
 3110              		.align	2
 3111              	.LC28:
 3112 0000 54435020 		.ascii	"TCP server init start, port=%u\000"
 3112      73657276 
 3112      65722069 
 3112      6E697420 
 3112      73746172 
 3113 001f 00       		.align	2
 3114              	.LC29:
 3115 0020 7463705F 		.ascii	"tcp_new failed\000"
 3115      6E657720 
 3115      6661696C 
 3115      656400
 3116 002f 00       		.align	2
 3117              	.LC30:
 3118 0030 7463705F 		.ascii	"tcp_bind failed: port=%u err=%d\000"
ARM GAS  /tmp/ccq8x8aq.s 			page 83


 3118      62696E64 
 3118      20666169 
 3118      6C65643A 
 3118      20706F72 
 3119              		.align	2
 3120              	.LC31:
 3121 0050 7463705F 		.ascii	"tcp_listen failed\000"
 3121      6C697374 
 3121      656E2066 
 3121      61696C65 
 3121      6400
 3122 0062 0000     		.align	2
 3123              	.LC32:
 3124 0064 54435020 		.ascii	"TCP server listening: port=%u\000"
 3124      73657276 
 3124      6572206C 
 3124      69737465 
 3124      6E696E67 
 3125              		.section	.text.AdcTcpServer_Init,"ax",%progbits
 3126              		.align	1
 3127              		.global	AdcTcpServer_Init
 3128              		.syntax unified
 3129              		.thumb
 3130              		.thumb_func
 3131              		.fpu fpv4-sp-d16
 3133              	AdcTcpServer_Init:
 3134              	.LFB185:
1001:device/adc_tcp_server.c **** 
1002:device/adc_tcp_server.c **** void AdcTcpServer_Init(void)
1003:device/adc_tcp_server.c **** {
 3135              		.loc 1 1003 1 view -0
 3136              		.cfi_startproc
 3137              		@ args = 0, pretend = 0, frame = 0
 3138              		@ frame_needed = 0, uses_anonymous_args = 0
 3139 0000 10B5     		push	{r4, lr}
 3140              	.LCFI33:
 3141              		.cfi_def_cfa_offset 8
 3142              		.cfi_offset 4, -8
 3143              		.cfi_offset 14, -4
1004:device/adc_tcp_server.c ****     TCP_LOG_INFO("TCP server init start, port=%u", (unsigned int)APP_TCP_PORT);
 3144              		.loc 1 1004 5 view .LVU722
 3145              		.loc 1 1004 5 view .LVU723
 3146 0002 3149     		ldr	r1, .L164
 3147 0004 0020     		movs	r0, #0
 3148 0006 FFF7FEFF 		bl	SEGGER_RTT_printf
 3149              	.LVL297:
 3150              		.loc 1 1004 5 view .LVU724
 3151 000a 41F28832 		movw	r2, #5000
 3152 000e 2F49     		ldr	r1, .L164+4
 3153 0010 0020     		movs	r0, #0
 3154 0012 FFF7FEFF 		bl	SEGGER_RTT_printf
 3155              	.LVL298:
 3156              		.loc 1 1004 5 view .LVU725
 3157 0016 2E49     		ldr	r1, .L164+8
 3158 0018 0020     		movs	r0, #0
 3159 001a FFF7FEFF 		bl	SEGGER_RTT_printf
 3160              	.LVL299:
ARM GAS  /tmp/ccq8x8aq.s 			page 84


 3161              		.loc 1 1004 5 view .LVU726
1005:device/adc_tcp_server.c **** 
1006:device/adc_tcp_server.c ****     s_listen = tcp_new();
 3162              		.loc 1 1006 5 view .LVU727
 3163              		.loc 1 1006 16 is_stmt 0 view .LVU728
 3164 001e FFF7FEFF 		bl	tcp_new
 3165              	.LVL300:
 3166              		.loc 1 1006 14 view .LVU729
 3167 0022 2C4B     		ldr	r3, .L164+12
 3168 0024 1860     		str	r0, [r3]
1007:device/adc_tcp_server.c ****     if (s_listen == 0)
 3169              		.loc 1 1007 5 is_stmt 1 view .LVU730
 3170              		.loc 1 1007 8 is_stmt 0 view .LVU731
 3171 0026 00B3     		cbz	r0, .L161
1008:device/adc_tcp_server.c ****     {
1009:device/adc_tcp_server.c ****         TCP_LOG_ERR("tcp_new failed");
1010:device/adc_tcp_server.c ****         return;
1011:device/adc_tcp_server.c ****     }
1012:device/adc_tcp_server.c **** 
1013:device/adc_tcp_server.c ****     err_t e = tcp_bind(s_listen, IP_ADDR_ANY, APP_TCP_PORT);
 3172              		.loc 1 1013 5 is_stmt 1 view .LVU732
 3173              		.loc 1 1013 15 is_stmt 0 view .LVU733
 3174 0028 41F28832 		movw	r2, #5000
 3175 002c 2A49     		ldr	r1, .L164+16
 3176 002e FFF7FEFF 		bl	tcp_bind
 3177              	.LVL301:
1014:device/adc_tcp_server.c ****     if (e != ERR_OK)
 3178              		.loc 1 1014 5 is_stmt 1 view .LVU734
 3179              		.loc 1 1014 8 is_stmt 0 view .LVU735
 3180 0032 0446     		mov	r4, r0
 3181 0034 28BB     		cbnz	r0, .L162
1015:device/adc_tcp_server.c ****     {
1016:device/adc_tcp_server.c ****         TCP_LOG_ERR("tcp_bind failed: port=%u err=%d", (unsigned int)APP_TCP_PORT, (int)e);
1017:device/adc_tcp_server.c ****         tcp_close(s_listen);
1018:device/adc_tcp_server.c ****         s_listen = 0;
1019:device/adc_tcp_server.c ****         return;
1020:device/adc_tcp_server.c ****     }
1021:device/adc_tcp_server.c **** 
1022:device/adc_tcp_server.c ****     s_listen = tcp_listen(s_listen);
 3182              		.loc 1 1022 5 is_stmt 1 view .LVU736
 3183              		.loc 1 1022 16 is_stmt 0 view .LVU737
 3184 0036 274C     		ldr	r4, .L164+12
 3185 0038 FF21     		movs	r1, #255
 3186 003a 2068     		ldr	r0, [r4]
 3187              	.LVL302:
 3188              		.loc 1 1022 16 view .LVU738
 3189 003c FFF7FEFF 		bl	tcp_listen_with_backlog
 3190              	.LVL303:
 3191              		.loc 1 1022 14 view .LVU739
 3192 0040 2060     		str	r0, [r4]
1023:device/adc_tcp_server.c ****     if (s_listen == 0)
 3193              		.loc 1 1023 5 is_stmt 1 view .LVU740
 3194              		.loc 1 1023 8 is_stmt 0 view .LVU741
 3195 0042 0028     		cmp	r0, #0
 3196 0044 33D0     		beq	.L163
1024:device/adc_tcp_server.c ****     {
1025:device/adc_tcp_server.c ****         TCP_LOG_ERR("tcp_listen failed");
ARM GAS  /tmp/ccq8x8aq.s 			page 85


1026:device/adc_tcp_server.c ****         return;
1027:device/adc_tcp_server.c ****     }
1028:device/adc_tcp_server.c **** 
1029:device/adc_tcp_server.c ****     tcp_accept(s_listen, on_accept);
 3197              		.loc 1 1029 5 is_stmt 1 view .LVU742
 3198 0046 2549     		ldr	r1, .L164+20
 3199 0048 FFF7FEFF 		bl	tcp_accept
 3200              	.LVL304:
1030:device/adc_tcp_server.c ****     TCP_LOG_OK("TCP server listening: port=%u", (unsigned int)APP_TCP_PORT);
 3201              		.loc 1 1030 5 view .LVU743
 3202              		.loc 1 1030 5 view .LVU744
 3203 004c 2449     		ldr	r1, .L164+24
 3204 004e 0020     		movs	r0, #0
 3205 0050 FFF7FEFF 		bl	SEGGER_RTT_printf
 3206              	.LVL305:
 3207              		.loc 1 1030 5 view .LVU745
 3208 0054 41F28832 		movw	r2, #5000
 3209 0058 2249     		ldr	r1, .L164+28
 3210 005a 0020     		movs	r0, #0
 3211 005c FFF7FEFF 		bl	SEGGER_RTT_printf
 3212              	.LVL306:
 3213              		.loc 1 1030 5 view .LVU746
 3214 0060 1B49     		ldr	r1, .L164+8
 3215 0062 0020     		movs	r0, #0
 3216 0064 FFF7FEFF 		bl	SEGGER_RTT_printf
 3217              	.LVL307:
 3218              		.loc 1 1030 5 view .LVU747
 3219              	.L155:
1031:device/adc_tcp_server.c **** }
 3220              		.loc 1 1031 1 is_stmt 0 view .LVU748
 3221 0068 10BD     		pop	{r4, pc}
 3222              	.L161:
1009:device/adc_tcp_server.c ****         return;
 3223              		.loc 1 1009 9 is_stmt 1 view .LVU749
1009:device/adc_tcp_server.c ****         return;
 3224              		.loc 1 1009 9 view .LVU750
 3225 006a 1F49     		ldr	r1, .L164+32
 3226 006c FFF7FEFF 		bl	SEGGER_RTT_printf
 3227              	.LVL308:
1009:device/adc_tcp_server.c ****         return;
 3228              		.loc 1 1009 9 view .LVU751
 3229 0070 1E49     		ldr	r1, .L164+36
 3230 0072 0020     		movs	r0, #0
 3231 0074 FFF7FEFF 		bl	SEGGER_RTT_printf
 3232              	.LVL309:
1009:device/adc_tcp_server.c ****         return;
 3233              		.loc 1 1009 9 view .LVU752
 3234 0078 1549     		ldr	r1, .L164+8
 3235 007a 0020     		movs	r0, #0
 3236 007c FFF7FEFF 		bl	SEGGER_RTT_printf
 3237              	.LVL310:
1009:device/adc_tcp_server.c ****         return;
 3238              		.loc 1 1009 9 view .LVU753
1010:device/adc_tcp_server.c ****     }
 3239              		.loc 1 1010 9 view .LVU754
 3240 0080 F2E7     		b	.L155
 3241              	.LVL311:
ARM GAS  /tmp/ccq8x8aq.s 			page 86


 3242              	.L162:
1016:device/adc_tcp_server.c ****         tcp_close(s_listen);
 3243              		.loc 1 1016 9 view .LVU755
1016:device/adc_tcp_server.c ****         tcp_close(s_listen);
 3244              		.loc 1 1016 9 view .LVU756
 3245 0082 1949     		ldr	r1, .L164+32
 3246 0084 0020     		movs	r0, #0
 3247              	.LVL312:
1016:device/adc_tcp_server.c ****         tcp_close(s_listen);
 3248              		.loc 1 1016 9 is_stmt 0 view .LVU757
 3249 0086 FFF7FEFF 		bl	SEGGER_RTT_printf
 3250              	.LVL313:
1016:device/adc_tcp_server.c ****         tcp_close(s_listen);
 3251              		.loc 1 1016 9 is_stmt 1 view .LVU758
 3252 008a 2346     		mov	r3, r4
 3253 008c 41F28832 		movw	r2, #5000
 3254 0090 1749     		ldr	r1, .L164+40
 3255 0092 0020     		movs	r0, #0
 3256 0094 FFF7FEFF 		bl	SEGGER_RTT_printf
 3257              	.LVL314:
1016:device/adc_tcp_server.c ****         tcp_close(s_listen);
 3258              		.loc 1 1016 9 view .LVU759
 3259 0098 0D49     		ldr	r1, .L164+8
 3260 009a 0020     		movs	r0, #0
 3261 009c FFF7FEFF 		bl	SEGGER_RTT_printf
 3262              	.LVL315:
1016:device/adc_tcp_server.c ****         tcp_close(s_listen);
 3263              		.loc 1 1016 9 view .LVU760
1017:device/adc_tcp_server.c ****         s_listen = 0;
 3264              		.loc 1 1017 9 view .LVU761
 3265 00a0 0C4C     		ldr	r4, .L164+12
 3266 00a2 2068     		ldr	r0, [r4]
 3267 00a4 FFF7FEFF 		bl	tcp_close
 3268              	.LVL316:
1018:device/adc_tcp_server.c ****         return;
 3269              		.loc 1 1018 9 view .LVU762
1018:device/adc_tcp_server.c ****         return;
 3270              		.loc 1 1018 18 is_stmt 0 view .LVU763
 3271 00a8 0023     		movs	r3, #0
 3272 00aa 2360     		str	r3, [r4]
1019:device/adc_tcp_server.c ****     }
 3273              		.loc 1 1019 9 is_stmt 1 view .LVU764
 3274 00ac DCE7     		b	.L155
 3275              	.L163:
1025:device/adc_tcp_server.c ****         return;
 3276              		.loc 1 1025 9 view .LVU765
1025:device/adc_tcp_server.c ****         return;
 3277              		.loc 1 1025 9 view .LVU766
 3278 00ae 0E49     		ldr	r1, .L164+32
 3279 00b0 FFF7FEFF 		bl	SEGGER_RTT_printf
 3280              	.LVL317:
1025:device/adc_tcp_server.c ****         return;
 3281              		.loc 1 1025 9 view .LVU767
 3282 00b4 0F49     		ldr	r1, .L164+44
 3283 00b6 0020     		movs	r0, #0
 3284 00b8 FFF7FEFF 		bl	SEGGER_RTT_printf
 3285              	.LVL318:
ARM GAS  /tmp/ccq8x8aq.s 			page 87


1025:device/adc_tcp_server.c ****         return;
 3286              		.loc 1 1025 9 view .LVU768
 3287 00bc 0449     		ldr	r1, .L164+8
 3288 00be 0020     		movs	r0, #0
 3289 00c0 FFF7FEFF 		bl	SEGGER_RTT_printf
 3290              	.LVL319:
1025:device/adc_tcp_server.c ****         return;
 3291              		.loc 1 1025 9 view .LVU769
1026:device/adc_tcp_server.c ****     }
 3292              		.loc 1 1026 9 view .LVU770
 3293 00c4 D0E7     		b	.L155
 3294              	.L165:
 3295 00c6 00BF     		.align	2
 3296              	.L164:
 3297 00c8 74000000 		.word	.LC14
 3298 00cc 00000000 		.word	.LC28
 3299 00d0 4C000000 		.word	.LC9
 3300 00d4 00000000 		.word	.LANCHOR35
 3301 00d8 00000000 		.word	ip_addr_any
 3302 00dc 00000000 		.word	on_accept
 3303 00e0 00000000 		.word	.LC7
 3304 00e4 64000000 		.word	.LC32
 3305 00e8 00000000 		.word	.LC10
 3306 00ec 20000000 		.word	.LC29
 3307 00f0 30000000 		.word	.LC30
 3308 00f4 50000000 		.word	.LC31
 3309              		.cfi_endproc
 3310              	.LFE185:
 3312              		.section	.rodata.AdcTcpServer_Task.str1.4,"aMS",%progbits,1
 3313              		.align	2
 3314              	.LC33:
 3315 0000 53544F50 		.ascii	"STOP ACK sent after data drained\000"
 3315      2041434B 
 3315      2073656E 
 3315      74206166 
 3315      74657220 
 3316              		.section	.text.AdcTcpServer_Task,"ax",%progbits
 3317              		.align	1
 3318              		.global	AdcTcpServer_Task
 3319              		.syntax unified
 3320              		.thumb
 3321              		.thumb_func
 3322              		.fpu fpv4-sp-d16
 3324              	AdcTcpServer_Task:
 3325              	.LFB186:
1032:device/adc_tcp_server.c **** 
1033:device/adc_tcp_server.c **** void AdcTcpServer_Task(void)
1034:device/adc_tcp_server.c **** {
 3326              		.loc 1 1034 1 view -0
 3327              		.cfi_startproc
 3328              		@ args = 0, pretend = 0, frame = 0
 3329              		@ frame_needed = 0, uses_anonymous_args = 0
 3330 0000 2DE9F047 		push	{r4, r5, r6, r7, r8, r9, r10, lr}
 3331              	.LCFI34:
 3332              		.cfi_def_cfa_offset 32
 3333              		.cfi_offset 4, -32
 3334              		.cfi_offset 5, -28
ARM GAS  /tmp/ccq8x8aq.s 			page 88


 3335              		.cfi_offset 6, -24
 3336              		.cfi_offset 7, -20
 3337              		.cfi_offset 8, -16
 3338              		.cfi_offset 9, -12
 3339              		.cfi_offset 10, -8
 3340              		.cfi_offset 14, -4
1035:device/adc_tcp_server.c ****     uint8_t wrote_any = 0;
 3341              		.loc 1 1035 5 view .LVU772
 3342              	.LVL320:
1036:device/adc_tcp_server.c ****     uint16_t burst_count = 0;
 3343              		.loc 1 1036 5 view .LVU773
1037:device/adc_tcp_server.c **** 
1038:device/adc_tcp_server.c ****     /* 处理 ISR 延迟停采请求，避免在 EXTI 中断里调用 SPI 停止动作。 */
1039:device/adc_tcp_server.c ****     AdcStream_Task();
 3344              		.loc 1 1039 5 view .LVU774
 3345 0004 FFF7FEFF 		bl	AdcStream_Task
 3346              	.LVL321:
1040:device/adc_tcp_server.c **** 
1041:device/adc_tcp_server.c ****     if (s_client == 0)
 3347              		.loc 1 1041 5 view .LVU775
 3348              		.loc 1 1041 18 is_stmt 0 view .LVU776
 3349 0008 664B     		ldr	r3, .L190
 3350 000a 1B68     		ldr	r3, [r3]
 3351              		.loc 1 1041 8 view .LVU777
 3352 000c 002B     		cmp	r3, #0
 3353 000e 00F0AB80 		beq	.L166
1042:device/adc_tcp_server.c ****     {
1043:device/adc_tcp_server.c ****         return;
1044:device/adc_tcp_server.c ****     }
1045:device/adc_tcp_server.c **** 
1046:device/adc_tcp_server.c ****     if (s_start_do_now != 0U)
 3354              		.loc 1 1046 5 is_stmt 1 view .LVU778
 3355              		.loc 1 1046 24 is_stmt 0 view .LVU779
 3356 0012 654B     		ldr	r3, .L190+4
 3357 0014 1B78     		ldrb	r3, [r3]	@ zero_extendqisi2
 3358              		.loc 1 1046 8 view .LVU780
 3359 0016 3BB9     		cbnz	r3, .L183
 3360              	.L168:
1047:device/adc_tcp_server.c ****     {
1048:device/adc_tcp_server.c ****         s_start_do_now = 0;
1049:device/adc_tcp_server.c ****         if (start_stream_now() != 0)
1050:device/adc_tcp_server.c ****         {
1051:device/adc_tcp_server.c ****             (void)send_ack(-21);
1052:device/adc_tcp_server.c ****         }
1053:device/adc_tcp_server.c ****     }
1054:device/adc_tcp_server.c **** 
1055:device/adc_tcp_server.c ****     stream_debug_print_periodic();
 3361              		.loc 1 1055 5 is_stmt 1 view .LVU781
 3362 0018 FFF7FEFF 		bl	stream_debug_print_periodic
 3363              	.LVL322:
1056:device/adc_tcp_server.c **** 
1057:device/adc_tcp_server.c ****     AdcStreamBlock_t *blk = AdcStream_PeekReadyBlock();
 3364              		.loc 1 1057 5 view .LVU782
 3365              		.loc 1 1057 29 is_stmt 0 view .LVU783
 3366 001c FFF7FEFF 		bl	AdcStream_PeekReadyBlock
 3367              	.LVL323:
 3368 0020 0446     		mov	r4, r0
ARM GAS  /tmp/ccq8x8aq.s 			page 89


 3369              	.LVL324:
1058:device/adc_tcp_server.c ****     while (blk != 0)
 3370              		.loc 1 1058 5 is_stmt 1 view .LVU784
1036:device/adc_tcp_server.c **** 
 3371              		.loc 1 1036 14 is_stmt 0 view .LVU785
 3372 0022 0026     		movs	r6, #0
1035:device/adc_tcp_server.c ****     uint16_t burst_count = 0;
 3373              		.loc 1 1035 13 view .LVU786
 3374 0024 B146     		mov	r9, r6
 3375              		.loc 1 1058 11 view .LVU787
 3376 0026 51E0     		b	.L169
 3377              	.LVL325:
 3378              	.L183:
1048:device/adc_tcp_server.c ****         if (start_stream_now() != 0)
 3379              		.loc 1 1048 9 is_stmt 1 view .LVU788
1048:device/adc_tcp_server.c ****         if (start_stream_now() != 0)
 3380              		.loc 1 1048 24 is_stmt 0 view .LVU789
 3381 0028 5F4B     		ldr	r3, .L190+4
 3382 002a 0022     		movs	r2, #0
 3383 002c 1A70     		strb	r2, [r3]
1049:device/adc_tcp_server.c ****         {
 3384              		.loc 1 1049 9 is_stmt 1 view .LVU790
1049:device/adc_tcp_server.c ****         {
 3385              		.loc 1 1049 13 is_stmt 0 view .LVU791
 3386 002e FFF7FEFF 		bl	start_stream_now
 3387              	.LVL326:
1049:device/adc_tcp_server.c ****         {
 3388              		.loc 1 1049 12 view .LVU792
 3389 0032 0028     		cmp	r0, #0
 3390 0034 F0D0     		beq	.L168
1051:device/adc_tcp_server.c ****         }
 3391              		.loc 1 1051 13 is_stmt 1 view .LVU793
1051:device/adc_tcp_server.c ****         }
 3392              		.loc 1 1051 19 is_stmt 0 view .LVU794
 3393 0036 6FF01400 		mvn	r0, #20
 3394 003a FFF7FEFF 		bl	send_ack
 3395              	.LVL327:
 3396 003e EBE7     		b	.L168
 3397              	.LVL328:
 3398              	.L184:
 3399              	.LBB7:
1059:device/adc_tcp_server.c ****     {
1060:device/adc_tcp_server.c ****         uint16_t sndbuf_now;
1061:device/adc_tcp_server.c ****         uint16_t sndq_now;
1062:device/adc_tcp_server.c ****         uint16_t need_seg;
1063:device/adc_tcp_server.c ****         uint16_t sndq_limit;
1064:device/adc_tcp_server.c ****         err_t e;
1065:device/adc_tcp_server.c **** 
1066:device/adc_tcp_server.c ****         if (s_txq_count >= TXQ_LEN)
1067:device/adc_tcp_server.c ****         {
1068:device/adc_tcp_server.c ****             s_tcp_err_mem++;
 3400              		.loc 1 1068 13 is_stmt 1 view .LVU795
 3401              		.loc 1 1068 26 is_stmt 0 view .LVU796
 3402 0040 5A4A     		ldr	r2, .L190+8
 3403 0042 1368     		ldr	r3, [r2]
 3404 0044 0133     		adds	r3, r3, #1
 3405 0046 1360     		str	r3, [r2]
ARM GAS  /tmp/ccq8x8aq.s 			page 90


1069:device/adc_tcp_server.c ****             s_tx_block_wait_count++;
 3406              		.loc 1 1069 13 is_stmt 1 view .LVU797
 3407              		.loc 1 1069 34 is_stmt 0 view .LVU798
 3408 0048 594A     		ldr	r2, .L190+12
 3409 004a 1368     		ldr	r3, [r2]
 3410 004c 0133     		adds	r3, r3, #1
 3411 004e 1360     		str	r3, [r2]
1070:device/adc_tcp_server.c ****             break;
 3412              		.loc 1 1070 13 is_stmt 1 view .LVU799
 3413 0050 80E0     		b	.L171
 3414              	.LVL329:
 3415              	.L185:
1071:device/adc_tcp_server.c ****         }
1072:device/adc_tcp_server.c **** 
1073:device/adc_tcp_server.c ****         build_data_frame(blk);
1074:device/adc_tcp_server.c ****         need_seg = tcp_required_segs(blk->frame_len);
1075:device/adc_tcp_server.c ****         sndbuf_now = tcp_sndbuf(s_client);
1076:device/adc_tcp_server.c ****         sndq_now = tcp_sndq_len_now();
1077:device/adc_tcp_server.c ****         sndq_limit = (TCP_SND_QUEUELEN > 4U) ? (uint16_t)(TCP_SND_QUEUELEN - 4U) : (uint16_t)TCP_SN
1078:device/adc_tcp_server.c **** 
1079:device/adc_tcp_server.c ****         /*
1080:device/adc_tcp_server.c ****          * 新发送策略：
1081:device/adc_tcp_server.c ****          * 1. 一个 DATA block 约 2*MSS，减少应用帧数量和 CRC/tcp_write 调度次数；
1082:device/adc_tcp_server.c ****          * 2. 零拷贝 tcp_write，block 等 tcp_sent 完整确认后再释放；
1083:device/adc_tcp_server.c ****          * 3. 一轮尽量写多个 block，最后统一 tcp_output；
1084:device/adc_tcp_server.c ****          * 4. ERR_MEM/空间不足时不取走 READY block，下一轮继续发送，避免制造�
1085:device/adc_tcp_server.c ****          */
1086:device/adc_tcp_server.c ****         if (sndbuf_now < blk->frame_len)
1087:device/adc_tcp_server.c ****         {
1088:device/adc_tcp_server.c ****             s_tcp_err_mem++;
 3416              		.loc 1 1088 13 view .LVU800
 3417              		.loc 1 1088 26 is_stmt 0 view .LVU801
 3418 0052 564A     		ldr	r2, .L190+8
 3419 0054 1368     		ldr	r3, [r2]
 3420 0056 0133     		adds	r3, r3, #1
 3421 0058 1360     		str	r3, [r2]
1089:device/adc_tcp_server.c ****             s_tcp_no_sndbuf_count++;
 3422              		.loc 1 1089 13 is_stmt 1 view .LVU802
 3423              		.loc 1 1089 34 is_stmt 0 view .LVU803
 3424 005a 564A     		ldr	r2, .L190+16
 3425 005c 1368     		ldr	r3, [r2]
 3426 005e 0133     		adds	r3, r3, #1
 3427 0060 1360     		str	r3, [r2]
1090:device/adc_tcp_server.c ****             s_tx_block_wait_count++;
 3428              		.loc 1 1090 13 is_stmt 1 view .LVU804
 3429              		.loc 1 1090 34 is_stmt 0 view .LVU805
 3430 0062 534A     		ldr	r2, .L190+12
 3431 0064 1368     		ldr	r3, [r2]
 3432 0066 0133     		adds	r3, r3, #1
 3433 0068 1360     		str	r3, [r2]
1091:device/adc_tcp_server.c ****             break;
 3434              		.loc 1 1091 13 is_stmt 1 view .LVU806
 3435 006a 73E0     		b	.L171
 3436              	.LVL330:
 3437              	.L186:
1092:device/adc_tcp_server.c ****         }
1093:device/adc_tcp_server.c **** 
ARM GAS  /tmp/ccq8x8aq.s 			page 91


1094:device/adc_tcp_server.c ****         if ((uint16_t)(sndq_now + need_seg) >= sndq_limit)
1095:device/adc_tcp_server.c ****         {
1096:device/adc_tcp_server.c ****             s_tcp_err_mem++;
 3438              		.loc 1 1096 13 view .LVU807
 3439              		.loc 1 1096 26 is_stmt 0 view .LVU808
 3440 006c 4F4A     		ldr	r2, .L190+8
 3441 006e 1368     		ldr	r3, [r2]
 3442 0070 0133     		adds	r3, r3, #1
 3443 0072 1360     		str	r3, [r2]
1097:device/adc_tcp_server.c ****             s_tcp_no_seg_count++;
 3444              		.loc 1 1097 13 is_stmt 1 view .LVU809
 3445              		.loc 1 1097 31 is_stmt 0 view .LVU810
 3446 0074 504A     		ldr	r2, .L190+20
 3447 0076 1368     		ldr	r3, [r2]
 3448 0078 0133     		adds	r3, r3, #1
 3449 007a 1360     		str	r3, [r2]
1098:device/adc_tcp_server.c ****             s_tcp_sndq_full++;
 3450              		.loc 1 1098 13 is_stmt 1 view .LVU811
 3451              		.loc 1 1098 28 is_stmt 0 view .LVU812
 3452 007c 4F4A     		ldr	r2, .L190+24
 3453 007e 1368     		ldr	r3, [r2]
 3454 0080 0133     		adds	r3, r3, #1
 3455 0082 1360     		str	r3, [r2]
1099:device/adc_tcp_server.c ****             s_tx_block_wait_count++;
 3456              		.loc 1 1099 13 is_stmt 1 view .LVU813
 3457              		.loc 1 1099 34 is_stmt 0 view .LVU814
 3458 0084 4A4A     		ldr	r2, .L190+12
 3459 0086 1368     		ldr	r3, [r2]
 3460 0088 0133     		adds	r3, r3, #1
 3461 008a 1360     		str	r3, [r2]
1100:device/adc_tcp_server.c ****             break;
 3462              		.loc 1 1100 13 is_stmt 1 view .LVU815
 3463 008c 62E0     		b	.L171
 3464              	.LVL331:
 3465              	.L187:
1101:device/adc_tcp_server.c ****         }
1102:device/adc_tcp_server.c **** 
1103:device/adc_tcp_server.c ****         e = tcp_write(s_client, blk->frame, blk->frame_len, TCP_WRITE_FLAG_MORE);
1104:device/adc_tcp_server.c ****         if (e != ERR_OK)
1105:device/adc_tcp_server.c ****         {
1106:device/adc_tcp_server.c ****             s_tcp_err_mem++;
 3466              		.loc 1 1106 13 view .LVU816
 3467              		.loc 1 1106 26 is_stmt 0 view .LVU817
 3468 008e 474A     		ldr	r2, .L190+8
 3469 0090 1368     		ldr	r3, [r2]
 3470 0092 0133     		adds	r3, r3, #1
 3471 0094 1360     		str	r3, [r2]
1107:device/adc_tcp_server.c ****             s_tcp_write_err_count++;
 3472              		.loc 1 1107 13 is_stmt 1 view .LVU818
 3473              		.loc 1 1107 34 is_stmt 0 view .LVU819
 3474 0096 4A4A     		ldr	r2, .L190+28
 3475 0098 1368     		ldr	r3, [r2]
 3476 009a 0133     		adds	r3, r3, #1
 3477 009c 1360     		str	r3, [r2]
1108:device/adc_tcp_server.c ****             s_tx_block_wait_count++;
 3478              		.loc 1 1108 13 is_stmt 1 view .LVU820
 3479              		.loc 1 1108 34 is_stmt 0 view .LVU821
ARM GAS  /tmp/ccq8x8aq.s 			page 92


 3480 009e 444A     		ldr	r2, .L190+12
 3481 00a0 1368     		ldr	r3, [r2]
 3482 00a2 0133     		adds	r3, r3, #1
 3483 00a4 1360     		str	r3, [r2]
1109:device/adc_tcp_server.c ****             break;
 3484              		.loc 1 1109 13 is_stmt 1 view .LVU822
 3485 00a6 55E0     		b	.L171
 3486              	.LVL332:
 3487              	.L188:
1110:device/adc_tcp_server.c ****         }
1111:device/adc_tcp_server.c **** 
1112:device/adc_tcp_server.c ****         if (txq_push(TXQ_TYPE_DATA, blk->frame_len, blk) != 0)
1113:device/adc_tcp_server.c ****         {
1114:device/adc_tcp_server.c ****             s_tcp_err_mem++;
 3488              		.loc 1 1114 13 view .LVU823
 3489              		.loc 1 1114 26 is_stmt 0 view .LVU824
 3490 00a8 404A     		ldr	r2, .L190+8
 3491 00aa 1368     		ldr	r3, [r2]
 3492 00ac 0133     		adds	r3, r3, #1
 3493 00ae 1360     		str	r3, [r2]
1115:device/adc_tcp_server.c ****             s_tx_block_wait_count++;
 3494              		.loc 1 1115 13 is_stmt 1 view .LVU825
 3495              		.loc 1 1115 34 is_stmt 0 view .LVU826
 3496 00b0 3F4A     		ldr	r2, .L190+12
 3497 00b2 1368     		ldr	r3, [r2]
 3498 00b4 0133     		adds	r3, r3, #1
 3499 00b6 1360     		str	r3, [r2]
1116:device/adc_tcp_server.c ****             break;
 3500              		.loc 1 1116 13 is_stmt 1 view .LVU827
 3501 00b8 4CE0     		b	.L171
 3502              	.LVL333:
 3503              	.L176:
1117:device/adc_tcp_server.c ****         }
1118:device/adc_tcp_server.c **** 
1119:device/adc_tcp_server.c ****         s_tcp_sent_frames++;
1120:device/adc_tcp_server.c ****         s_tcp_data_bytes_written += blk->data_bytes;
1121:device/adc_tcp_server.c ****         s_tx_block_wait_count = 0;
1122:device/adc_tcp_server.c ****         wrote_any = 1U;
1123:device/adc_tcp_server.c **** 
1124:device/adc_tcp_server.c **** #if (ADC_TCP_DATA_TRACE_ENABLE != 0U)
1125:device/adc_tcp_server.c ****         if ((s_tcp_sent_frames <= 8U) || ((s_tcp_sent_frames % 100U) == 0U))
1126:device/adc_tcp_server.c ****         {
1127:device/adc_tcp_server.c ****             TCP_LOG_INFO("TX DATA no=%lu first=%lu samples=%u bytes=%u frame=%u sndbuf=%u sndq=%u/%
1128:device/adc_tcp_server.c ****                          (unsigned long)s_tcp_sent_frames,
1129:device/adc_tcp_server.c ****                          (unsigned long)blk->first_sample_seq,
1130:device/adc_tcp_server.c ****                          (unsigned int)blk->sample_count,
1131:device/adc_tcp_server.c ****                          (unsigned int)blk->data_bytes,
1132:device/adc_tcp_server.c ****                          (unsigned int)blk->frame_len,
1133:device/adc_tcp_server.c ****                          (unsigned int)tcp_sndbuf(s_client),
1134:device/adc_tcp_server.c ****                          (unsigned int)tcp_sndq_len_now(),
1135:device/adc_tcp_server.c ****                          (unsigned int)TCP_SND_QUEUELEN,
1136:device/adc_tcp_server.c ****                          (unsigned int)s_txq_count);
1137:device/adc_tcp_server.c ****         }
1138:device/adc_tcp_server.c **** #endif
1139:device/adc_tcp_server.c **** 
1140:device/adc_tcp_server.c ****         AdcStream_MarkBlockQueued(blk);
1141:device/adc_tcp_server.c **** 
ARM GAS  /tmp/ccq8x8aq.s 			page 93


1142:device/adc_tcp_server.c ****         burst_count++;
1143:device/adc_tcp_server.c ****         if ((burst_count >= APP_TCP_SEND_BURST_MAX) || ((burst_count & 1U) == 0U))
1144:device/adc_tcp_server.c ****         {
1145:device/adc_tcp_server.c ****             /* 穿插处理 SPI DMA pending，避免只顾 TCP 导致 DMA pending 堆积。 */
1146:device/adc_tcp_server.c ****             AdcStream_Task();
 3504              		.loc 1 1146 13 view .LVU828
 3505 00ba FFF7FEFF 		bl	AdcStream_Task
 3506              	.LVL334:
 3507              	.L177:
1147:device/adc_tcp_server.c ****         }
1148:device/adc_tcp_server.c **** 
1149:device/adc_tcp_server.c ****         if (burst_count >= APP_TCP_SEND_BURST_MAX)
 3508              		.loc 1 1149 9 view .LVU829
 3509              		.loc 1 1149 12 is_stmt 0 view .LVU830
 3510 00be 052E     		cmp	r6, #5
 3511 00c0 46D8     		bhi	.L181
1150:device/adc_tcp_server.c ****         {
1151:device/adc_tcp_server.c ****             break;
1152:device/adc_tcp_server.c ****         }
1153:device/adc_tcp_server.c **** 
1154:device/adc_tcp_server.c ****         blk = AdcStream_PeekReadyBlock();
 3512              		.loc 1 1154 9 is_stmt 1 view .LVU831
 3513              		.loc 1 1154 15 is_stmt 0 view .LVU832
 3514 00c2 FFF7FEFF 		bl	AdcStream_PeekReadyBlock
 3515              	.LVL335:
 3516 00c6 0446     		mov	r4, r0
 3517              	.LVL336:
1122:device/adc_tcp_server.c **** 
 3518              		.loc 1 1122 19 view .LVU833
 3519 00c8 4FF00109 		mov	r9, #1
 3520              	.LVL337:
 3521              	.L169:
1122:device/adc_tcp_server.c **** 
 3522              		.loc 1 1122 19 view .LVU834
 3523              	.LBE7:
1058:device/adc_tcp_server.c ****     {
 3524              		.loc 1 1058 11 is_stmt 1 view .LVU835
 3525 00cc 002C     		cmp	r4, #0
 3526 00ce 41D0     		beq	.L171
 3527              	.LBB8:
1060:device/adc_tcp_server.c ****         uint16_t sndq_now;
 3528              		.loc 1 1060 9 view .LVU836
1061:device/adc_tcp_server.c ****         uint16_t need_seg;
 3529              		.loc 1 1061 9 view .LVU837
1062:device/adc_tcp_server.c ****         uint16_t sndq_limit;
 3530              		.loc 1 1062 9 view .LVU838
1063:device/adc_tcp_server.c ****         err_t e;
 3531              		.loc 1 1063 9 view .LVU839
1064:device/adc_tcp_server.c **** 
 3532              		.loc 1 1064 9 view .LVU840
1066:device/adc_tcp_server.c ****         {
 3533              		.loc 1 1066 9 view .LVU841
1066:device/adc_tcp_server.c ****         {
 3534              		.loc 1 1066 25 is_stmt 0 view .LVU842
 3535 00d0 3C4B     		ldr	r3, .L190+32
 3536 00d2 1B88     		ldrh	r3, [r3]
1066:device/adc_tcp_server.c ****         {
ARM GAS  /tmp/ccq8x8aq.s 			page 94


 3537              		.loc 1 1066 12 view .LVU843
 3538 00d4 272B     		cmp	r3, #39
 3539 00d6 B3D8     		bhi	.L184
1073:device/adc_tcp_server.c ****         need_seg = tcp_required_segs(blk->frame_len);
 3540              		.loc 1 1073 9 is_stmt 1 view .LVU844
 3541 00d8 2046     		mov	r0, r4
1073:device/adc_tcp_server.c ****         need_seg = tcp_required_segs(blk->frame_len);
 3542              		.loc 1 1073 9 is_stmt 0 view .LVU845
 3543 00da FFF7FEFF 		bl	build_data_frame
 3544              	.LVL338:
1074:device/adc_tcp_server.c ****         sndbuf_now = tcp_sndbuf(s_client);
 3545              		.loc 1 1074 9 is_stmt 1 view .LVU846
1074:device/adc_tcp_server.c ****         sndbuf_now = tcp_sndbuf(s_client);
 3546              		.loc 1 1074 20 is_stmt 0 view .LVU847
 3547 00de A788     		ldrh	r7, [r4, #4]
 3548 00e0 3846     		mov	r0, r7
 3549 00e2 FFF7FEFF 		bl	tcp_required_segs
 3550              	.LVL339:
 3551 00e6 0546     		mov	r5, r0
 3552              	.LVL340:
1075:device/adc_tcp_server.c ****         sndq_now = tcp_sndq_len_now();
 3553              		.loc 1 1075 9 is_stmt 1 view .LVU848
1075:device/adc_tcp_server.c ****         sndq_now = tcp_sndq_len_now();
 3554              		.loc 1 1075 22 is_stmt 0 view .LVU849
 3555 00e8 2E4B     		ldr	r3, .L190
 3556 00ea D3F80080 		ldr	r8, [r3]
1075:device/adc_tcp_server.c ****         sndq_now = tcp_sndq_len_now();
 3557              		.loc 1 1075 20 view .LVU850
 3558 00ee B8F864A0 		ldrh	r10, [r8, #100]
 3559              	.LVL341:
1076:device/adc_tcp_server.c ****         sndq_limit = (TCP_SND_QUEUELEN > 4U) ? (uint16_t)(TCP_SND_QUEUELEN - 4U) : (uint16_t)TCP_SN
 3560              		.loc 1 1076 9 is_stmt 1 view .LVU851
1076:device/adc_tcp_server.c ****         sndq_limit = (TCP_SND_QUEUELEN > 4U) ? (uint16_t)(TCP_SND_QUEUELEN - 4U) : (uint16_t)TCP_SN
 3561              		.loc 1 1076 20 is_stmt 0 view .LVU852
 3562 00f2 FFF7FEFF 		bl	tcp_sndq_len_now
 3563              	.LVL342:
1077:device/adc_tcp_server.c **** 
 3564              		.loc 1 1077 9 is_stmt 1 view .LVU853
1086:device/adc_tcp_server.c ****         {
 3565              		.loc 1 1086 9 view .LVU854
1086:device/adc_tcp_server.c ****         {
 3566              		.loc 1 1086 12 is_stmt 0 view .LVU855
 3567 00f6 5745     		cmp	r7, r10
 3568 00f8 ABD8     		bhi	.L185
1094:device/adc_tcp_server.c ****         {
 3569              		.loc 1 1094 9 is_stmt 1 view .LVU856
1094:device/adc_tcp_server.c ****         {
 3570              		.loc 1 1094 13 is_stmt 0 view .LVU857
 3571 00fa 0544     		add	r5, r5, r0
 3572              	.LVL343:
1094:device/adc_tcp_server.c ****         {
 3573              		.loc 1 1094 13 view .LVU858
 3574 00fc ADB2     		uxth	r5, r5
1094:device/adc_tcp_server.c ****         {
 3575              		.loc 1 1094 12 view .LVU859
 3576 00fe 2B2D     		cmp	r5, #43
 3577 0100 B4D8     		bhi	.L186
ARM GAS  /tmp/ccq8x8aq.s 			page 95


1103:device/adc_tcp_server.c ****         if (e != ERR_OK)
 3578              		.loc 1 1103 9 is_stmt 1 view .LVU860
1103:device/adc_tcp_server.c ****         if (e != ERR_OK)
 3579              		.loc 1 1103 13 is_stmt 0 view .LVU861
 3580 0102 0223     		movs	r3, #2
 3581 0104 3A46     		mov	r2, r7
 3582 0106 04F10C01 		add	r1, r4, #12
 3583 010a 4046     		mov	r0, r8
 3584              	.LVL344:
1103:device/adc_tcp_server.c ****         if (e != ERR_OK)
 3585              		.loc 1 1103 13 view .LVU862
 3586 010c FFF7FEFF 		bl	tcp_write
 3587              	.LVL345:
1104:device/adc_tcp_server.c ****         {
 3588              		.loc 1 1104 9 is_stmt 1 view .LVU863
1104:device/adc_tcp_server.c ****         {
 3589              		.loc 1 1104 12 is_stmt 0 view .LVU864
 3590 0110 0028     		cmp	r0, #0
 3591 0112 BCD1     		bne	.L187
1112:device/adc_tcp_server.c ****         {
 3592              		.loc 1 1112 9 is_stmt 1 view .LVU865
1112:device/adc_tcp_server.c ****         {
 3593              		.loc 1 1112 13 is_stmt 0 view .LVU866
 3594 0114 2246     		mov	r2, r4
 3595 0116 A188     		ldrh	r1, [r4, #4]
 3596 0118 0120     		movs	r0, #1
 3597              	.LVL346:
1112:device/adc_tcp_server.c ****         {
 3598              		.loc 1 1112 13 view .LVU867
 3599 011a FFF7FEFF 		bl	txq_push
 3600              	.LVL347:
1112:device/adc_tcp_server.c ****         {
 3601              		.loc 1 1112 12 view .LVU868
 3602 011e 0028     		cmp	r0, #0
 3603 0120 C2D1     		bne	.L188
1119:device/adc_tcp_server.c ****         s_tcp_data_bytes_written += blk->data_bytes;
 3604              		.loc 1 1119 9 is_stmt 1 view .LVU869
1119:device/adc_tcp_server.c ****         s_tcp_data_bytes_written += blk->data_bytes;
 3605              		.loc 1 1119 26 is_stmt 0 view .LVU870
 3606 0122 294A     		ldr	r2, .L190+36
 3607 0124 1368     		ldr	r3, [r2]
 3608 0126 0133     		adds	r3, r3, #1
 3609 0128 1360     		str	r3, [r2]
1120:device/adc_tcp_server.c ****         s_tx_block_wait_count = 0;
 3610              		.loc 1 1120 9 is_stmt 1 view .LVU871
1120:device/adc_tcp_server.c ****         s_tx_block_wait_count = 0;
 3611              		.loc 1 1120 40 is_stmt 0 view .LVU872
 3612 012a E188     		ldrh	r1, [r4, #6]
1120:device/adc_tcp_server.c ****         s_tx_block_wait_count = 0;
 3613              		.loc 1 1120 34 view .LVU873
 3614 012c 274A     		ldr	r2, .L190+40
 3615 012e 1368     		ldr	r3, [r2]
 3616 0130 0B44     		add	r3, r3, r1
 3617 0132 1360     		str	r3, [r2]
1121:device/adc_tcp_server.c ****         wrote_any = 1U;
 3618              		.loc 1 1121 9 is_stmt 1 view .LVU874
1121:device/adc_tcp_server.c ****         wrote_any = 1U;
ARM GAS  /tmp/ccq8x8aq.s 			page 96


 3619              		.loc 1 1121 31 is_stmt 0 view .LVU875
 3620 0134 1E4B     		ldr	r3, .L190+12
 3621 0136 0022     		movs	r2, #0
 3622 0138 1A60     		str	r2, [r3]
1122:device/adc_tcp_server.c **** 
 3623              		.loc 1 1122 9 is_stmt 1 view .LVU876
 3624              	.LVL348:
1140:device/adc_tcp_server.c **** 
 3625              		.loc 1 1140 9 view .LVU877
 3626 013a 2046     		mov	r0, r4
 3627 013c FFF7FEFF 		bl	AdcStream_MarkBlockQueued
 3628              	.LVL349:
1142:device/adc_tcp_server.c ****         if ((burst_count >= APP_TCP_SEND_BURST_MAX) || ((burst_count & 1U) == 0U))
 3629              		.loc 1 1142 9 view .LVU878
1142:device/adc_tcp_server.c ****         if ((burst_count >= APP_TCP_SEND_BURST_MAX) || ((burst_count & 1U) == 0U))
 3630              		.loc 1 1142 20 is_stmt 0 view .LVU879
 3631 0140 0136     		adds	r6, r6, #1
 3632              	.LVL350:
1142:device/adc_tcp_server.c ****         if ((burst_count >= APP_TCP_SEND_BURST_MAX) || ((burst_count & 1U) == 0U))
 3633              		.loc 1 1142 20 view .LVU880
 3634 0142 B6B2     		uxth	r6, r6
 3635              	.LVL351:
1143:device/adc_tcp_server.c ****         {
 3636              		.loc 1 1143 9 is_stmt 1 view .LVU881
1143:device/adc_tcp_server.c ****         {
 3637              		.loc 1 1143 12 is_stmt 0 view .LVU882
 3638 0144 052E     		cmp	r6, #5
 3639 0146 B8D8     		bhi	.L176
1143:device/adc_tcp_server.c ****         {
 3640              		.loc 1 1143 53 discriminator 1 view .LVU883
 3641 0148 16F0010F 		tst	r6, #1
 3642 014c B7D1     		bne	.L177
 3643 014e B4E7     		b	.L176
 3644              	.L181:
1122:device/adc_tcp_server.c **** 
 3645              		.loc 1 1122 19 view .LVU884
 3646 0150 4FF00109 		mov	r9, #1
 3647              	.LVL352:
 3648              	.L171:
1122:device/adc_tcp_server.c **** 
 3649              		.loc 1 1122 19 view .LVU885
 3650              	.LBE8:
1155:device/adc_tcp_server.c ****     }
1156:device/adc_tcp_server.c **** 
1157:device/adc_tcp_server.c ****     if ((s_pending_stop_ack != 0) && (AdcStream_GetReadyCount() == 0U))
 3651              		.loc 1 1157 5 is_stmt 1 view .LVU886
 3652              		.loc 1 1157 29 is_stmt 0 view .LVU887
 3653 0154 1E4B     		ldr	r3, .L190+44
 3654 0156 1B68     		ldr	r3, [r3]
 3655              		.loc 1 1157 8 view .LVU888
 3656 0158 43B9     		cbnz	r3, .L189
 3657              	.L179:
1158:device/adc_tcp_server.c ****     {
1159:device/adc_tcp_server.c ****         if (send_ack(s_pending_stop_ack > 0 ? 0 : s_pending_stop_ack) == ERR_OK)
1160:device/adc_tcp_server.c ****         {
1161:device/adc_tcp_server.c ****             s_pending_stop_ack = 0;
1162:device/adc_tcp_server.c ****             wrote_any = 1;
ARM GAS  /tmp/ccq8x8aq.s 			page 97


1163:device/adc_tcp_server.c ****             TCP_LOG_OK("STOP ACK sent after data drained");
 3658              		.loc 1 1163 13 is_stmt 1 discriminator 1 view .LVU889
1164:device/adc_tcp_server.c ****         }
1165:device/adc_tcp_server.c ****     }
1166:device/adc_tcp_server.c **** 
1167:device/adc_tcp_server.c ****     if (wrote_any != 0U)
 3659              		.loc 1 1167 5 discriminator 1 view .LVU890
 3660              		.loc 1 1167 8 is_stmt 0 discriminator 1 view .LVU891
 3661 015a B9F1000F 		cmp	r9, #0
 3662 015e 03D0     		beq	.L166
 3663              	.LVL353:
 3664              	.L180:
1168:device/adc_tcp_server.c ****     {
1169:device/adc_tcp_server.c ****         (void)tcp_output(s_client);
 3665              		.loc 1 1169 9 is_stmt 1 view .LVU892
 3666              		.loc 1 1169 15 is_stmt 0 view .LVU893
 3667 0160 104B     		ldr	r3, .L190
 3668 0162 1868     		ldr	r0, [r3]
 3669 0164 FFF7FEFF 		bl	tcp_output
 3670              	.LVL354:
 3671              	.L166:
1170:device/adc_tcp_server.c ****     }
1171:device/adc_tcp_server.c **** }
 3672              		.loc 1 1171 1 view .LVU894
 3673 0168 BDE8F087 		pop	{r4, r5, r6, r7, r8, r9, r10, pc}
 3674              	.LVL355:
 3675              	.L189:
1157:device/adc_tcp_server.c ****     {
 3676              		.loc 1 1157 39 discriminator 1 view .LVU895
 3677 016c FFF7FEFF 		bl	AdcStream_GetReadyCount
 3678              	.LVL356:
1157:device/adc_tcp_server.c ****     {
 3679              		.loc 1 1157 35 discriminator 1 view .LVU896
 3680 0170 0028     		cmp	r0, #0
 3681 0172 F2D1     		bne	.L179
1159:device/adc_tcp_server.c ****         {
 3682              		.loc 1 1159 9 is_stmt 1 view .LVU897
1159:device/adc_tcp_server.c ****         {
 3683              		.loc 1 1159 13 is_stmt 0 view .LVU898
 3684 0174 164B     		ldr	r3, .L190+44
 3685 0176 1868     		ldr	r0, [r3]
 3686 0178 00EAE070 		and	r0, r0, r0, asr #31
 3687 017c FFF7FEFF 		bl	send_ack
 3688              	.LVL357:
1159:device/adc_tcp_server.c ****         {
 3689              		.loc 1 1159 12 view .LVU899
 3690 0180 0028     		cmp	r0, #0
 3691 0182 EAD1     		bne	.L179
1161:device/adc_tcp_server.c ****             wrote_any = 1;
 3692              		.loc 1 1161 13 is_stmt 1 view .LVU900
1161:device/adc_tcp_server.c ****             wrote_any = 1;
 3693              		.loc 1 1161 32 is_stmt 0 view .LVU901
 3694 0184 0024     		movs	r4, #0
 3695              	.LVL358:
1161:device/adc_tcp_server.c ****             wrote_any = 1;
 3696              		.loc 1 1161 32 view .LVU902
 3697 0186 124B     		ldr	r3, .L190+44
ARM GAS  /tmp/ccq8x8aq.s 			page 98


 3698 0188 1C60     		str	r4, [r3]
1162:device/adc_tcp_server.c ****             TCP_LOG_OK("STOP ACK sent after data drained");
 3699              		.loc 1 1162 13 is_stmt 1 view .LVU903
 3700              	.LVL359:
1163:device/adc_tcp_server.c ****         }
 3701              		.loc 1 1163 13 view .LVU904
1163:device/adc_tcp_server.c ****         }
 3702              		.loc 1 1163 13 view .LVU905
 3703 018a 1249     		ldr	r1, .L190+48
 3704 018c 2046     		mov	r0, r4
 3705 018e FFF7FEFF 		bl	SEGGER_RTT_printf
 3706              	.LVL360:
1163:device/adc_tcp_server.c ****         }
 3707              		.loc 1 1163 13 view .LVU906
 3708 0192 1149     		ldr	r1, .L190+52
 3709 0194 2046     		mov	r0, r4
 3710 0196 FFF7FEFF 		bl	SEGGER_RTT_printf
 3711              	.LVL361:
1163:device/adc_tcp_server.c ****         }
 3712              		.loc 1 1163 13 view .LVU907
 3713 019a 1049     		ldr	r1, .L190+56
 3714 019c 2046     		mov	r0, r4
 3715 019e FFF7FEFF 		bl	SEGGER_RTT_printf
 3716              	.LVL362:
1163:device/adc_tcp_server.c ****         }
 3717              		.loc 1 1163 13 view .LVU908
1167:device/adc_tcp_server.c ****     {
 3718              		.loc 1 1167 5 view .LVU909
 3719 01a2 DDE7     		b	.L180
 3720              	.L191:
 3721              		.align	2
 3722              	.L190:
 3723 01a4 00000000 		.word	.LANCHOR5
 3724 01a8 00000000 		.word	.LANCHOR11
 3725 01ac 00000000 		.word	.LANCHOR15
 3726 01b0 00000000 		.word	.LANCHOR29
 3727 01b4 00000000 		.word	.LANCHOR21
 3728 01b8 00000000 		.word	.LANCHOR22
 3729 01bc 00000000 		.word	.LANCHOR17
 3730 01c0 00000000 		.word	.LANCHOR20
 3731 01c4 00000000 		.word	.LANCHOR0
 3732 01c8 00000000 		.word	.LANCHOR18
 3733 01cc 00000000 		.word	.LANCHOR19
 3734 01d0 00000000 		.word	.LANCHOR16
 3735 01d4 00000000 		.word	.LC7
 3736 01d8 00000000 		.word	.LC33
 3737 01dc 4C000000 		.word	.LC9
 3738              		.cfi_endproc
 3739              	.LFE186:
 3741              		.section	.text.on_poll,"ax",%progbits
 3742              		.align	1
 3743              		.syntax unified
 3744              		.thumb
 3745              		.thumb_func
 3746              		.fpu fpv4-sp-d16
 3748              	on_poll:
 3749              	.LVL363:
ARM GAS  /tmp/ccq8x8aq.s 			page 99


 3750              	.LFB183:
 937:device/adc_tcp_server.c ****     (void)arg;
 3751              		.loc 1 937 1 view -0
 3752              		.cfi_startproc
 3753              		@ args = 0, pretend = 0, frame = 0
 3754              		@ frame_needed = 0, uses_anonymous_args = 0
 937:device/adc_tcp_server.c ****     (void)arg;
 3755              		.loc 1 937 1 is_stmt 0 view .LVU911
 3756 0000 08B5     		push	{r3, lr}
 3757              	.LCFI35:
 3758              		.cfi_def_cfa_offset 8
 3759              		.cfi_offset 3, -8
 3760              		.cfi_offset 14, -4
 938:device/adc_tcp_server.c ****     (void)tpcb;
 3761              		.loc 1 938 5 is_stmt 1 view .LVU912
 939:device/adc_tcp_server.c **** 
 3762              		.loc 1 939 5 view .LVU913
 941:device/adc_tcp_server.c ****     return ERR_OK;
 3763              		.loc 1 941 5 view .LVU914
 3764 0002 FFF7FEFF 		bl	AdcTcpServer_Task
 3765              	.LVL364:
 942:device/adc_tcp_server.c **** }
 3766              		.loc 1 942 5 view .LVU915
 943:device/adc_tcp_server.c **** 
 3767              		.loc 1 943 1 is_stmt 0 view .LVU916
 3768 0006 0020     		movs	r0, #0
 3769 0008 08BD     		pop	{r3, pc}
 3770              		.cfi_endproc
 3771              	.LFE183:
 3773              		.section	.rodata.handle_frame.str1.4,"aMS",%progbits,1
 3774              		.align	2
 3775              	.LC34:
 3776 0000 434D4420 		.ascii	"CMD SET_PARAM received: payload_len=%u\000"
 3776      5345545F 
 3776      50415241 
 3776      4D207265 
 3776      63656976 
 3777 0027 00       		.align	2
 3778              	.LC35:
 3779 0028 434D4420 		.ascii	"CMD SET_PARAM invalid length: %u\000"
 3779      5345545F 
 3779      50415241 
 3779      4D20696E 
 3779      76616C69 
 3780 0049 000000   		.align	2
 3781              	.LC36:
 3782 004c 434D4420 		.ascii	"CMD SET_PARAM params: fs=%lu bits=%u range=%u\000"
 3782      5345545F 
 3782      50415241 
 3782      4D207061 
 3782      72616D73 
 3783 007a 0000     		.align	2
 3784              	.LC37:
 3785 007c 434D4420 		.ascii	"CMD SET_PARAM rejected: invalid params\000"
 3785      5345545F 
 3785      50415241 
 3785      4D207265 
ARM GAS  /tmp/ccq8x8aq.s 			page 100


 3785      6A656374 
 3786 00a3 00       		.align	2
 3787              	.LC38:
 3788 00a4 41435449 		.ascii	"ACTION SET_PARAM: stop stream before reconfigure\000"
 3788      4F4E2053 
 3788      45545F50 
 3788      4152414D 
 3788      3A207374 
 3789 00d5 000000   		.align	2
 3790              	.LC39:
 3791 00d8 41435449 		.ascii	"ACTION SET_PARAM failed: RangeCtrl_Set range=%u\000"
 3791      4F4E2053 
 3791      45545F50 
 3791      4152414D 
 3791      20666169 
 3792              		.align	2
 3793              	.LC40:
 3794 0108 41435449 		.ascii	"ACTION SET_PARAM: RangeCtrl_Set done\000"
 3794      4F4E2053 
 3794      45545F50 
 3794      4152414D 
 3794      3A205261 
 3795 012d 000000   		.align	2
 3796              	.LC41:
 3797 0130 41435449 		.ascii	"ACTION SET_PARAM failed: ADS127L11_Configure\000"
 3797      4F4E2053 
 3797      45545F50 
 3797      4152414D 
 3797      20666169 
 3798 015d 000000   		.align	2
 3799              	.LC42:
 3800 0160 41435449 		.ascii	"ACTION SET_PARAM: ADS127L11_Configure done\000"
 3800      4F4E2053 
 3800      45545F50 
 3800      4152414D 
 3800      3A204144 
 3801 018b 00       		.align	2
 3802              	.LC43:
 3803 018c 41435449 		.ascii	"ACTION SET_PARAM failed: FlashParam_Save\000"
 3803      4F4E2053 
 3803      45545F50 
 3803      4152414D 
 3803      20666169 
 3804 01b5 000000   		.align	2
 3805              	.LC44:
 3806 01b8 41435449 		.ascii	"ACTION SET_PARAM: FlashParam_Save done\000"
 3806      4F4E2053 
 3806      45545F50 
 3806      4152414D 
 3806      3A20466C 
 3807 01df 00       		.align	2
 3808              	.LC45:
 3809 01e0 434D4420 		.ascii	"CMD GET_PARAM received\000"
 3809      4745545F 
 3809      50415241 
 3809      4D207265 
 3809      63656976 
ARM GAS  /tmp/ccq8x8aq.s 			page 101


 3810 01f7 00       		.align	2
 3811              	.LC46:
 3812 01f8 41435449 		.ascii	"ACTION GET_PARAM: fs=%lu bits=%u range=%u running=%"
 3812      4F4E2047 
 3812      45545F50 
 3812      4152414D 
 3812      3A206673 
 3813 022b 7500     		.ascii	"u\000"
 3814 022d 000000   		.align	2
 3815              	.LC47:
 3816 0230 434D4420 		.ascii	"CMD START received: fs=%lu bits=%u range=%u\000"
 3816      53544152 
 3816      54207265 
 3816      63656976 
 3816      65643A20 
 3817              		.align	2
 3818              	.LC48:
 3819 025c 41435449 		.ascii	"ACTION START ignored: stream already running\000"
 3819      4F4E2053 
 3819      54415254 
 3819      2069676E 
 3819      6F726564 
 3820 0289 000000   		.align	2
 3821              	.LC49:
 3822 028c 41435449 		.ascii	"ACTION START failed: ADS127L11_Configure\000"
 3822      4F4E2053 
 3822      54415254 
 3822      20666169 
 3822      6C65643A 
 3823 02b5 000000   		.align	2
 3824              	.LC50:
 3825 02b8 41435449 		.ascii	"ACTION START: ADS127L11_Configure done\000"
 3825      4F4E2053 
 3825      54415254 
 3825      3A204144 
 3825      53313237 
 3826 02df 00       		.align	2
 3827              	.LC51:
 3828 02e0 41435449 		.ascii	"ACTION START failed: RangeCtrl_Set range=%u\000"
 3828      4F4E2053 
 3828      54415254 
 3828      20666169 
 3828      6C65643A 
 3829              		.align	2
 3830              	.LC52:
 3831 030c 41435449 		.ascii	"ACTION START: RangeCtrl_Set done\000"
 3831      4F4E2053 
 3831      54415254 
 3831      3A205261 
 3831      6E676543 
 3832 032d 000000   		.align	2
 3833              	.LC53:
 3834 0330 41435449 		.ascii	"ACTION START: ACK sent, wait TCP sent callback befo"
 3834      4F4E2053 
 3834      54415254 
 3834      3A204143 
 3834      4B207365 
ARM GAS  /tmp/ccq8x8aq.s 			page 102


 3835 0363 72652072 		.ascii	"re real sampling\000"
 3835      65616C20 
 3835      73616D70 
 3835      6C696E67 
 3835      00
 3836              		.align	2
 3837              	.LC54:
 3838 0374 434D4420 		.ascii	"CMD STOP received\000"
 3838      53544F50 
 3838      20726563 
 3838      65697665 
 3838      6400
 3839 0386 0000     		.align	2
 3840              	.LC55:
 3841 0388 41435449 		.ascii	"ACTION STOP: AdcStream_Stop\000"
 3841      4F4E2053 
 3841      544F503A 
 3841      20416463 
 3841      53747265 
 3842              		.align	2
 3843              	.LC56:
 3844 03a4 41435449 		.ascii	"ACTION STOP done: running=%u, ready=%u queued=%u fl"
 3844      4F4E2053 
 3844      544F5020 
 3844      646F6E65 
 3844      3A207275 
 3845 03d7 6167733D 		.ascii	"ags=0x%08lX\000"
 3845      30782530 
 3845      386C5800 
 3846 03e3 00       		.align	2
 3847              	.LC57:
 3848 03e4 41435449 		.ascii	"ACTION STOP: pending ACK after queued data drained\000"
 3848      4F4E2053 
 3848      544F503A 
 3848      2070656E 
 3848      64696E67 
 3849 0417 00       		.align	2
 3850              	.LC58:
 3851 0418 434D4420 		.ascii	"CMD UNKNOWN received: type=0x%02X len=%u\000"
 3851      554E4B4E 
 3851      4F574E20 
 3851      72656365 
 3851      69766564 
 3852              		.section	.text.handle_frame,"ax",%progbits
 3853              		.align	1
 3854              		.syntax unified
 3855              		.thumb
 3856              		.thumb_func
 3857              		.fpu fpv4-sp-d16
 3859              	handle_frame:
 3860              	.LVL365:
 3861              	.LFB178:
 584:device/adc_tcp_server.c ****     if (type == APP_TYPE_SET_PARAM)
 3862              		.loc 1 584 1 is_stmt 1 view -0
 3863              		.cfi_startproc
 3864              		@ args = 0, pretend = 0, frame = 8
 3865              		@ frame_needed = 0, uses_anonymous_args = 0
ARM GAS  /tmp/ccq8x8aq.s 			page 103


 584:device/adc_tcp_server.c ****     if (type == APP_TYPE_SET_PARAM)
 3866              		.loc 1 584 1 is_stmt 0 view .LVU918
 3867 0000 2DE9F043 		push	{r4, r5, r6, r7, r8, r9, lr}
 3868              	.LCFI36:
 3869              		.cfi_def_cfa_offset 28
 3870              		.cfi_offset 4, -28
 3871              		.cfi_offset 5, -24
 3872              		.cfi_offset 6, -20
 3873              		.cfi_offset 7, -16
 3874              		.cfi_offset 8, -12
 3875              		.cfi_offset 9, -8
 3876              		.cfi_offset 14, -4
 3877 0004 85B0     		sub	sp, sp, #20
 3878              	.LCFI37:
 3879              		.cfi_def_cfa_offset 48
 3880 0006 1546     		mov	r5, r2
 585:device/adc_tcp_server.c ****     {
 3881              		.loc 1 585 5 is_stmt 1 view .LVU919
 585:device/adc_tcp_server.c ****     {
 3882              		.loc 1 585 8 is_stmt 0 view .LVU920
 3883 0008 0128     		cmp	r0, #1
 3884 000a 1ED0     		beq	.L212
 3885 000c 0446     		mov	r4, r0
 651:device/adc_tcp_server.c ****     {
 3886              		.loc 1 651 5 is_stmt 1 view .LVU921
 651:device/adc_tcp_server.c ****     {
 3887              		.loc 1 651 8 is_stmt 0 view .LVU922
 3888 000e 0228     		cmp	r0, #2
 3889 0010 00F0F980 		beq	.L213
 667:device/adc_tcp_server.c ****     {
 3890              		.loc 1 667 5 is_stmt 1 view .LVU923
 667:device/adc_tcp_server.c ****     {
 3891              		.loc 1 667 8 is_stmt 0 view .LVU924
 3892 0014 0328     		cmp	r0, #3
 3893 0016 00F01E81 		beq	.L214
 721:device/adc_tcp_server.c ****     {
 3894              		.loc 1 721 5 is_stmt 1 view .LVU925
 721:device/adc_tcp_server.c ****     {
 3895              		.loc 1 721 8 is_stmt 0 view .LVU926
 3896 001a 0428     		cmp	r0, #4
 3897 001c 00F0DD81 		beq	.L215
 746:device/adc_tcp_server.c ****     (void)send_ack(-99);
 3898              		.loc 1 746 5 is_stmt 1 view .LVU927
 746:device/adc_tcp_server.c ****     (void)send_ack(-99);
 3899              		.loc 1 746 5 view .LVU928
 3900 0020 C149     		ldr	r1, .L223
 3901              	.LVL366:
 746:device/adc_tcp_server.c ****     (void)send_ack(-99);
 3902              		.loc 1 746 5 is_stmt 0 view .LVU929
 3903 0022 0020     		movs	r0, #0
 3904              	.LVL367:
 746:device/adc_tcp_server.c ****     (void)send_ack(-99);
 3905              		.loc 1 746 5 view .LVU930
 3906 0024 FFF7FEFF 		bl	SEGGER_RTT_printf
 3907              	.LVL368:
 746:device/adc_tcp_server.c ****     (void)send_ack(-99);
 3908              		.loc 1 746 5 is_stmt 1 view .LVU931
ARM GAS  /tmp/ccq8x8aq.s 			page 104


 3909 0028 2B46     		mov	r3, r5
 3910 002a 2246     		mov	r2, r4
 3911 002c BF49     		ldr	r1, .L223+4
 3912 002e 0020     		movs	r0, #0
 3913 0030 FFF7FEFF 		bl	SEGGER_RTT_printf
 3914              	.LVL369:
 746:device/adc_tcp_server.c ****     (void)send_ack(-99);
 3915              		.loc 1 746 5 view .LVU932
 3916 0034 BE49     		ldr	r1, .L223+8
 3917 0036 0020     		movs	r0, #0
 3918 0038 FFF7FEFF 		bl	SEGGER_RTT_printf
 3919              	.LVL370:
 746:device/adc_tcp_server.c ****     (void)send_ack(-99);
 3920              		.loc 1 746 5 view .LVU933
 747:device/adc_tcp_server.c **** }
 3921              		.loc 1 747 5 view .LVU934
 747:device/adc_tcp_server.c **** }
 3922              		.loc 1 747 11 is_stmt 0 view .LVU935
 3923 003c 6FF06200 		mvn	r0, #98
 3924 0040 FFF7FEFF 		bl	send_ack
 3925              	.LVL371:
 3926              	.L194:
 748:device/adc_tcp_server.c **** 
 3927              		.loc 1 748 1 view .LVU936
 3928 0044 05B0     		add	sp, sp, #20
 3929              	.LCFI38:
 3930              		.cfi_remember_state
 3931              		.cfi_def_cfa_offset 28
 3932              		@ sp needed
 3933 0046 BDE8F083 		pop	{r4, r5, r6, r7, r8, r9, pc}
 3934              	.LVL372:
 3935              	.L212:
 3936              	.LCFI39:
 3937              		.cfi_restore_state
 748:device/adc_tcp_server.c **** 
 3938              		.loc 1 748 1 view .LVU937
 3939 004a 0E46     		mov	r6, r1
 3940              	.LBB9:
 587:device/adc_tcp_server.c **** 
 3941              		.loc 1 587 9 is_stmt 1 view .LVU938
 587:device/adc_tcp_server.c **** 
 3942              		.loc 1 587 9 view .LVU939
 3943 004c B949     		ldr	r1, .L223+12
 3944              	.LVL373:
 587:device/adc_tcp_server.c **** 
 3945              		.loc 1 587 9 is_stmt 0 view .LVU940
 3946 004e 0020     		movs	r0, #0
 3947              	.LVL374:
 587:device/adc_tcp_server.c **** 
 3948              		.loc 1 587 9 view .LVU941
 3949 0050 FFF7FEFF 		bl	SEGGER_RTT_printf
 3950              	.LVL375:
 587:device/adc_tcp_server.c **** 
 3951              		.loc 1 587 9 is_stmt 1 view .LVU942
 3952 0054 2A46     		mov	r2, r5
 3953 0056 B849     		ldr	r1, .L223+16
 3954 0058 0020     		movs	r0, #0
ARM GAS  /tmp/ccq8x8aq.s 			page 105


 3955 005a FFF7FEFF 		bl	SEGGER_RTT_printf
 3956              	.LVL376:
 587:device/adc_tcp_server.c **** 
 3957              		.loc 1 587 9 view .LVU943
 3958 005e B449     		ldr	r1, .L223+8
 3959 0060 0020     		movs	r0, #0
 3960 0062 FFF7FEFF 		bl	SEGGER_RTT_printf
 3961              	.LVL377:
 587:device/adc_tcp_server.c **** 
 3962              		.loc 1 587 9 view .LVU944
 589:device/adc_tcp_server.c ****         {
 3963              		.loc 1 589 9 view .LVU945
 589:device/adc_tcp_server.c ****         {
 3964              		.loc 1 589 12 is_stmt 0 view .LVU946
 3965 0066 072D     		cmp	r5, #7
 3966 0068 76D9     		bls	.L216
 596:device/adc_tcp_server.c ****         cfg.fs_hz = get_u32(&payload[0]);
 3967              		.loc 1 596 9 is_stmt 1 view .LVU947
 597:device/adc_tcp_server.c ****         cfg.bits = payload[4];
 3968              		.loc 1 597 9 view .LVU948
 597:device/adc_tcp_server.c ****         cfg.bits = payload[4];
 3969              		.loc 1 597 21 is_stmt 0 view .LVU949
 3970 006a 3046     		mov	r0, r6
 3971 006c FFF7FEFF 		bl	get_u32
 3972              	.LVL378:
 597:device/adc_tcp_server.c ****         cfg.bits = payload[4];
 3973              		.loc 1 597 19 view .LVU950
 3974 0070 0290     		str	r0, [sp, #8]
 598:device/adc_tcp_server.c ****         cfg.range = payload[5];
 3975              		.loc 1 598 9 is_stmt 1 view .LVU951
 598:device/adc_tcp_server.c ****         cfg.range = payload[5];
 3976              		.loc 1 598 18 is_stmt 0 view .LVU952
 3977 0072 3379     		ldrb	r3, [r6, #4]	@ zero_extendqisi2
 3978 0074 8DF80C30 		strb	r3, [sp, #12]
 599:device/adc_tcp_server.c ****         cfg.reserved0 = 0;
 3979              		.loc 1 599 9 is_stmt 1 view .LVU953
 599:device/adc_tcp_server.c ****         cfg.reserved0 = 0;
 3980              		.loc 1 599 19 is_stmt 0 view .LVU954
 3981 0078 7379     		ldrb	r3, [r6, #5]	@ zero_extendqisi2
 3982 007a 8DF80D30 		strb	r3, [sp, #13]
 600:device/adc_tcp_server.c ****         cfg.reserved1 = 0;
 3983              		.loc 1 600 9 is_stmt 1 view .LVU955
 600:device/adc_tcp_server.c ****         cfg.reserved1 = 0;
 3984              		.loc 1 600 23 is_stmt 0 view .LVU956
 3985 007e 0024     		movs	r4, #0
 3986 0080 8DF80E40 		strb	r4, [sp, #14]
 601:device/adc_tcp_server.c **** 
 3987              		.loc 1 601 9 is_stmt 1 view .LVU957
 601:device/adc_tcp_server.c **** 
 3988              		.loc 1 601 23 is_stmt 0 view .LVU958
 3989 0084 8DF80F40 		strb	r4, [sp, #15]
 603:device/adc_tcp_server.c ****                      (unsigned long)cfg.fs_hz,
 3990              		.loc 1 603 9 is_stmt 1 view .LVU959
 603:device/adc_tcp_server.c ****                      (unsigned long)cfg.fs_hz,
 3991              		.loc 1 603 9 view .LVU960
 3992 0088 AA49     		ldr	r1, .L223+12
 3993 008a 2046     		mov	r0, r4
ARM GAS  /tmp/ccq8x8aq.s 			page 106


 3994 008c FFF7FEFF 		bl	SEGGER_RTT_printf
 3995              	.LVL379:
 603:device/adc_tcp_server.c ****                      (unsigned long)cfg.fs_hz,
 3996              		.loc 1 603 9 view .LVU961
 3997 0090 9DF80D30 		ldrb	r3, [sp, #13]	@ zero_extendqisi2
 3998 0094 0093     		str	r3, [sp]
 3999 0096 9DF80C30 		ldrb	r3, [sp, #12]	@ zero_extendqisi2
 4000 009a 029A     		ldr	r2, [sp, #8]
 4001 009c A749     		ldr	r1, .L223+20
 4002 009e 2046     		mov	r0, r4
 4003 00a0 FFF7FEFF 		bl	SEGGER_RTT_printf
 4004              	.LVL380:
 603:device/adc_tcp_server.c ****                      (unsigned long)cfg.fs_hz,
 4005              		.loc 1 603 9 view .LVU962
 4006 00a4 A249     		ldr	r1, .L223+8
 4007 00a6 2046     		mov	r0, r4
 4008 00a8 FFF7FEFF 		bl	SEGGER_RTT_printf
 4009              	.LVL381:
 603:device/adc_tcp_server.c ****                      (unsigned long)cfg.fs_hz,
 4010              		.loc 1 603 9 view .LVU963
 608:device/adc_tcp_server.c ****         {
 4011              		.loc 1 608 9 view .LVU964
 608:device/adc_tcp_server.c ****         {
 4012              		.loc 1 608 14 is_stmt 0 view .LVU965
 4013 00ac 02A8     		add	r0, sp, #8
 4014 00ae FFF7FEFF 		bl	AppConfig_IsValid
 4015              	.LVL382:
 608:device/adc_tcp_server.c ****         {
 4016              		.loc 1 608 12 view .LVU966
 4017 00b2 0028     		cmp	r0, #0
 4018 00b4 62D0     		beq	.L217
 615:device/adc_tcp_server.c ****         s_start_do_now = 0;
 4019              		.loc 1 615 9 is_stmt 1 view .LVU967
 615:device/adc_tcp_server.c ****         s_start_do_now = 0;
 4020              		.loc 1 615 26 is_stmt 0 view .LVU968
 4021 00b6 0024     		movs	r4, #0
 4022 00b8 A14B     		ldr	r3, .L223+24
 4023 00ba 1C70     		strb	r4, [r3]
 616:device/adc_tcp_server.c **** 
 4024              		.loc 1 616 9 is_stmt 1 view .LVU969
 616:device/adc_tcp_server.c **** 
 4025              		.loc 1 616 24 is_stmt 0 view .LVU970
 4026 00bc A14B     		ldr	r3, .L223+28
 4027 00be 1C70     		strb	r4, [r3]
 618:device/adc_tcp_server.c ****         AdcStream_Stop();
 4028              		.loc 1 618 9 is_stmt 1 view .LVU971
 618:device/adc_tcp_server.c ****         AdcStream_Stop();
 4029              		.loc 1 618 9 view .LVU972
 4030 00c0 9C49     		ldr	r1, .L223+12
 4031 00c2 2046     		mov	r0, r4
 4032 00c4 FFF7FEFF 		bl	SEGGER_RTT_printf
 4033              	.LVL383:
 618:device/adc_tcp_server.c ****         AdcStream_Stop();
 4034              		.loc 1 618 9 view .LVU973
 4035 00c8 9F49     		ldr	r1, .L223+32
 4036 00ca 2046     		mov	r0, r4
 4037 00cc FFF7FEFF 		bl	SEGGER_RTT_printf
ARM GAS  /tmp/ccq8x8aq.s 			page 107


 4038              	.LVL384:
 618:device/adc_tcp_server.c ****         AdcStream_Stop();
 4039              		.loc 1 618 9 view .LVU974
 4040 00d0 9749     		ldr	r1, .L223+8
 4041 00d2 2046     		mov	r0, r4
 4042 00d4 FFF7FEFF 		bl	SEGGER_RTT_printf
 4043              	.LVL385:
 618:device/adc_tcp_server.c ****         AdcStream_Stop();
 4044              		.loc 1 618 9 view .LVU975
 619:device/adc_tcp_server.c **** 
 4045              		.loc 1 619 9 view .LVU976
 4046 00d8 FFF7FEFF 		bl	AdcStream_Stop
 4047              	.LVL386:
 621:device/adc_tcp_server.c **** 
 4048              		.loc 1 621 9 view .LVU977
 621:device/adc_tcp_server.c **** 
 4049              		.loc 1 621 19 is_stmt 0 view .LVU978
 4050 00dc 9B4B     		ldr	r3, .L223+36
 4051 00de 04AA     		add	r2, sp, #16
 4052 00e0 12E90300 		ldmdb	r2, {r0, r1}
 4053 00e4 83E80300 		stm	r3, {r0, r1}
 623:device/adc_tcp_server.c ****         {
 4054              		.loc 1 623 9 is_stmt 1 view .LVU979
 623:device/adc_tcp_server.c ****         {
 4055              		.loc 1 623 13 is_stmt 0 view .LVU980
 4056 00e8 5879     		ldrb	r0, [r3, #5]	@ zero_extendqisi2
 4057 00ea FFF7FEFF 		bl	RangeCtrl_Set
 4058              	.LVL387:
 623:device/adc_tcp_server.c ****         {
 4059              		.loc 1 623 12 view .LVU981
 4060 00ee 0028     		cmp	r0, #0
 4061 00f0 55D1     		bne	.L218
 629:device/adc_tcp_server.c **** 
 4062              		.loc 1 629 9 is_stmt 1 view .LVU982
 629:device/adc_tcp_server.c **** 
 4063              		.loc 1 629 9 view .LVU983
 4064 00f2 9749     		ldr	r1, .L223+40
 4065 00f4 0020     		movs	r0, #0
 4066 00f6 FFF7FEFF 		bl	SEGGER_RTT_printf
 4067              	.LVL388:
 629:device/adc_tcp_server.c **** 
 4068              		.loc 1 629 9 view .LVU984
 4069 00fa 9649     		ldr	r1, .L223+44
 4070 00fc 0020     		movs	r0, #0
 4071 00fe FFF7FEFF 		bl	SEGGER_RTT_printf
 4072              	.LVL389:
 629:device/adc_tcp_server.c **** 
 4073              		.loc 1 629 9 view .LVU985
 4074 0102 8B49     		ldr	r1, .L223+8
 4075 0104 0020     		movs	r0, #0
 4076 0106 FFF7FEFF 		bl	SEGGER_RTT_printf
 4077              	.LVL390:
 629:device/adc_tcp_server.c **** 
 4078              		.loc 1 629 9 view .LVU986
 631:device/adc_tcp_server.c ****         {
 4079              		.loc 1 631 9 view .LVU987
 631:device/adc_tcp_server.c ****         {
ARM GAS  /tmp/ccq8x8aq.s 			page 108


 4080              		.loc 1 631 13 is_stmt 0 view .LVU988
 4081 010a 9048     		ldr	r0, .L223+36
 4082 010c FFF7FEFF 		bl	ADS127L11_Configure
 4083              	.LVL391:
 631:device/adc_tcp_server.c ****         {
 4084              		.loc 1 631 12 view .LVU989
 4085 0110 0028     		cmp	r0, #0
 4086 0112 57D1     		bne	.L219
 637:device/adc_tcp_server.c **** 
 4087              		.loc 1 637 9 is_stmt 1 view .LVU990
 637:device/adc_tcp_server.c **** 
 4088              		.loc 1 637 9 view .LVU991
 4089 0114 8E49     		ldr	r1, .L223+40
 4090 0116 0020     		movs	r0, #0
 4091 0118 FFF7FEFF 		bl	SEGGER_RTT_printf
 4092              	.LVL392:
 637:device/adc_tcp_server.c **** 
 4093              		.loc 1 637 9 view .LVU992
 4094 011c 8E49     		ldr	r1, .L223+48
 4095 011e 0020     		movs	r0, #0
 4096 0120 FFF7FEFF 		bl	SEGGER_RTT_printf
 4097              	.LVL393:
 637:device/adc_tcp_server.c **** 
 4098              		.loc 1 637 9 view .LVU993
 4099 0124 8249     		ldr	r1, .L223+8
 4100 0126 0020     		movs	r0, #0
 4101 0128 FFF7FEFF 		bl	SEGGER_RTT_printf
 4102              	.LVL394:
 637:device/adc_tcp_server.c **** 
 4103              		.loc 1 637 9 view .LVU994
 639:device/adc_tcp_server.c ****         {
 4104              		.loc 1 639 9 view .LVU995
 639:device/adc_tcp_server.c ****         {
 4105              		.loc 1 639 13 is_stmt 0 view .LVU996
 4106 012c 8748     		ldr	r0, .L223+36
 4107 012e FFF7FEFF 		bl	FlashParam_Save
 4108              	.LVL395:
 639:device/adc_tcp_server.c ****         {
 4109              		.loc 1 639 12 view .LVU997
 4110 0132 0028     		cmp	r0, #0
 4111 0134 57D0     		beq	.L201
 641:device/adc_tcp_server.c ****             (void)send_ack(-13);
 4112              		.loc 1 641 13 is_stmt 1 view .LVU998
 641:device/adc_tcp_server.c ****             (void)send_ack(-13);
 4113              		.loc 1 641 13 view .LVU999
 4114 0136 7C49     		ldr	r1, .L223
 4115 0138 0020     		movs	r0, #0
 4116 013a FFF7FEFF 		bl	SEGGER_RTT_printf
 4117              	.LVL396:
 641:device/adc_tcp_server.c ****             (void)send_ack(-13);
 4118              		.loc 1 641 13 view .LVU1000
 4119 013e 8749     		ldr	r1, .L223+52
 4120 0140 0020     		movs	r0, #0
 4121 0142 FFF7FEFF 		bl	SEGGER_RTT_printf
 4122              	.LVL397:
 641:device/adc_tcp_server.c ****             (void)send_ack(-13);
 4123              		.loc 1 641 13 view .LVU1001
ARM GAS  /tmp/ccq8x8aq.s 			page 109


 4124 0146 7A49     		ldr	r1, .L223+8
 4125 0148 0020     		movs	r0, #0
 4126 014a FFF7FEFF 		bl	SEGGER_RTT_printf
 4127              	.LVL398:
 641:device/adc_tcp_server.c ****             (void)send_ack(-13);
 4128              		.loc 1 641 13 view .LVU1002
 642:device/adc_tcp_server.c ****             return;
 4129              		.loc 1 642 13 view .LVU1003
 642:device/adc_tcp_server.c ****             return;
 4130              		.loc 1 642 19 is_stmt 0 view .LVU1004
 4131 014e 6FF00C00 		mvn	r0, #12
 4132 0152 FFF7FEFF 		bl	send_ack
 4133              	.LVL399:
 643:device/adc_tcp_server.c ****         }
 4134              		.loc 1 643 13 is_stmt 1 view .LVU1005
 4135 0156 75E7     		b	.L194
 4136              	.L216:
 591:device/adc_tcp_server.c ****             (void)send_ack(-10);
 4137              		.loc 1 591 13 view .LVU1006
 591:device/adc_tcp_server.c ****             (void)send_ack(-10);
 4138              		.loc 1 591 13 view .LVU1007
 4139 0158 7349     		ldr	r1, .L223
 4140 015a 0020     		movs	r0, #0
 4141 015c FFF7FEFF 		bl	SEGGER_RTT_printf
 4142              	.LVL400:
 591:device/adc_tcp_server.c ****             (void)send_ack(-10);
 4143              		.loc 1 591 13 view .LVU1008
 4144 0160 2A46     		mov	r2, r5
 4145 0162 7F49     		ldr	r1, .L223+56
 4146 0164 0020     		movs	r0, #0
 4147 0166 FFF7FEFF 		bl	SEGGER_RTT_printf
 4148              	.LVL401:
 591:device/adc_tcp_server.c ****             (void)send_ack(-10);
 4149              		.loc 1 591 13 view .LVU1009
 4150 016a 7149     		ldr	r1, .L223+8
 4151 016c 0020     		movs	r0, #0
 4152 016e FFF7FEFF 		bl	SEGGER_RTT_printf
 4153              	.LVL402:
 591:device/adc_tcp_server.c ****             (void)send_ack(-10);
 4154              		.loc 1 591 13 view .LVU1010
 592:device/adc_tcp_server.c ****             return;
 4155              		.loc 1 592 13 view .LVU1011
 592:device/adc_tcp_server.c ****             return;
 4156              		.loc 1 592 19 is_stmt 0 view .LVU1012
 4157 0172 6FF00900 		mvn	r0, #9
 4158 0176 FFF7FEFF 		bl	send_ack
 4159              	.LVL403:
 593:device/adc_tcp_server.c ****         }
 4160              		.loc 1 593 13 is_stmt 1 view .LVU1013
 4161 017a 63E7     		b	.L194
 4162              	.L217:
 610:device/adc_tcp_server.c ****             (void)send_ack(-11);
 4163              		.loc 1 610 13 view .LVU1014
 610:device/adc_tcp_server.c ****             (void)send_ack(-11);
 4164              		.loc 1 610 13 view .LVU1015
 4165 017c 6A49     		ldr	r1, .L223
 4166 017e 2046     		mov	r0, r4
ARM GAS  /tmp/ccq8x8aq.s 			page 110


 4167 0180 FFF7FEFF 		bl	SEGGER_RTT_printf
 4168              	.LVL404:
 610:device/adc_tcp_server.c ****             (void)send_ack(-11);
 4169              		.loc 1 610 13 view .LVU1016
 4170 0184 7749     		ldr	r1, .L223+60
 4171 0186 2046     		mov	r0, r4
 4172 0188 FFF7FEFF 		bl	SEGGER_RTT_printf
 4173              	.LVL405:
 610:device/adc_tcp_server.c ****             (void)send_ack(-11);
 4174              		.loc 1 610 13 view .LVU1017
 4175 018c 6849     		ldr	r1, .L223+8
 4176 018e 2046     		mov	r0, r4
 4177 0190 FFF7FEFF 		bl	SEGGER_RTT_printf
 4178              	.LVL406:
 610:device/adc_tcp_server.c ****             (void)send_ack(-11);
 4179              		.loc 1 610 13 view .LVU1018
 611:device/adc_tcp_server.c ****             return;
 4180              		.loc 1 611 13 view .LVU1019
 611:device/adc_tcp_server.c ****             return;
 4181              		.loc 1 611 19 is_stmt 0 view .LVU1020
 4182 0194 6FF00A00 		mvn	r0, #10
 4183 0198 FFF7FEFF 		bl	send_ack
 4184              	.LVL407:
 612:device/adc_tcp_server.c ****         }
 4185              		.loc 1 612 13 is_stmt 1 view .LVU1021
 4186 019c 52E7     		b	.L194
 4187              	.L218:
 625:device/adc_tcp_server.c ****             (void)send_ack(-14);
 4188              		.loc 1 625 13 view .LVU1022
 625:device/adc_tcp_server.c ****             (void)send_ack(-14);
 4189              		.loc 1 625 13 view .LVU1023
 4190 019e 6249     		ldr	r1, .L223
 4191 01a0 2046     		mov	r0, r4
 4192 01a2 FFF7FEFF 		bl	SEGGER_RTT_printf
 4193              	.LVL408:
 625:device/adc_tcp_server.c ****             (void)send_ack(-14);
 4194              		.loc 1 625 13 view .LVU1024
 4195 01a6 694B     		ldr	r3, .L223+36
 4196 01a8 5A79     		ldrb	r2, [r3, #5]	@ zero_extendqisi2
 4197 01aa 6F49     		ldr	r1, .L223+64
 4198 01ac 2046     		mov	r0, r4
 4199 01ae FFF7FEFF 		bl	SEGGER_RTT_printf
 4200              	.LVL409:
 625:device/adc_tcp_server.c ****             (void)send_ack(-14);
 4201              		.loc 1 625 13 view .LVU1025
 4202 01b2 5F49     		ldr	r1, .L223+8
 4203 01b4 2046     		mov	r0, r4
 4204 01b6 FFF7FEFF 		bl	SEGGER_RTT_printf
 4205              	.LVL410:
 625:device/adc_tcp_server.c ****             (void)send_ack(-14);
 4206              		.loc 1 625 13 view .LVU1026
 626:device/adc_tcp_server.c ****             return;
 4207              		.loc 1 626 13 view .LVU1027
 626:device/adc_tcp_server.c ****             return;
 4208              		.loc 1 626 19 is_stmt 0 view .LVU1028
 4209 01ba 6FF00D00 		mvn	r0, #13
 4210 01be FFF7FEFF 		bl	send_ack
ARM GAS  /tmp/ccq8x8aq.s 			page 111


 4211              	.LVL411:
 627:device/adc_tcp_server.c ****         }
 4212              		.loc 1 627 13 is_stmt 1 view .LVU1029
 4213 01c2 3FE7     		b	.L194
 4214              	.L219:
 633:device/adc_tcp_server.c ****             (void)send_ack(-12);
 4215              		.loc 1 633 13 view .LVU1030
 633:device/adc_tcp_server.c ****             (void)send_ack(-12);
 4216              		.loc 1 633 13 view .LVU1031
 4217 01c4 5849     		ldr	r1, .L223
 4218 01c6 0020     		movs	r0, #0
 4219 01c8 FFF7FEFF 		bl	SEGGER_RTT_printf
 4220              	.LVL412:
 633:device/adc_tcp_server.c ****             (void)send_ack(-12);
 4221              		.loc 1 633 13 view .LVU1032
 4222 01cc 6749     		ldr	r1, .L223+68
 4223 01ce 0020     		movs	r0, #0
 4224 01d0 FFF7FEFF 		bl	SEGGER_RTT_printf
 4225              	.LVL413:
 633:device/adc_tcp_server.c ****             (void)send_ack(-12);
 4226              		.loc 1 633 13 view .LVU1033
 4227 01d4 5649     		ldr	r1, .L223+8
 4228 01d6 0020     		movs	r0, #0
 4229 01d8 FFF7FEFF 		bl	SEGGER_RTT_printf
 4230              	.LVL414:
 633:device/adc_tcp_server.c ****             (void)send_ack(-12);
 4231              		.loc 1 633 13 view .LVU1034
 634:device/adc_tcp_server.c ****             return;
 4232              		.loc 1 634 13 view .LVU1035
 634:device/adc_tcp_server.c ****             return;
 4233              		.loc 1 634 19 is_stmt 0 view .LVU1036
 4234 01dc 6FF00B00 		mvn	r0, #11
 4235 01e0 FFF7FEFF 		bl	send_ack
 4236              	.LVL415:
 635:device/adc_tcp_server.c ****         }
 4237              		.loc 1 635 13 is_stmt 1 view .LVU1037
 4238 01e4 2EE7     		b	.L194
 4239              	.L201:
 645:device/adc_tcp_server.c **** 
 4240              		.loc 1 645 9 view .LVU1038
 645:device/adc_tcp_server.c **** 
 4241              		.loc 1 645 9 view .LVU1039
 4242 01e6 5A49     		ldr	r1, .L223+40
 4243 01e8 0020     		movs	r0, #0
 4244 01ea FFF7FEFF 		bl	SEGGER_RTT_printf
 4245              	.LVL416:
 645:device/adc_tcp_server.c **** 
 4246              		.loc 1 645 9 view .LVU1040
 4247 01ee 6049     		ldr	r1, .L223+72
 4248 01f0 0020     		movs	r0, #0
 4249 01f2 FFF7FEFF 		bl	SEGGER_RTT_printf
 4250              	.LVL417:
 645:device/adc_tcp_server.c **** 
 4251              		.loc 1 645 9 view .LVU1041
 4252 01f6 4E49     		ldr	r1, .L223+8
 4253 01f8 0020     		movs	r0, #0
 4254 01fa FFF7FEFF 		bl	SEGGER_RTT_printf
ARM GAS  /tmp/ccq8x8aq.s 			page 112


 4255              	.LVL418:
 645:device/adc_tcp_server.c **** 
 4256              		.loc 1 645 9 view .LVU1042
 647:device/adc_tcp_server.c ****         return;
 4257              		.loc 1 647 9 view .LVU1043
 647:device/adc_tcp_server.c ****         return;
 4258              		.loc 1 647 15 is_stmt 0 view .LVU1044
 4259 01fe 0020     		movs	r0, #0
 4260 0200 FFF7FEFF 		bl	send_ack
 4261              	.LVL419:
 648:device/adc_tcp_server.c ****     }
 4262              		.loc 1 648 9 is_stmt 1 view .LVU1045
 4263 0204 1EE7     		b	.L194
 4264              	.LVL420:
 4265              	.L213:
 648:device/adc_tcp_server.c ****     }
 4266              		.loc 1 648 9 is_stmt 0 view .LVU1046
 4267              	.LBE9:
 653:device/adc_tcp_server.c ****         (void)len;
 4268              		.loc 1 653 9 is_stmt 1 view .LVU1047
 654:device/adc_tcp_server.c **** 
 4269              		.loc 1 654 9 view .LVU1048
 656:device/adc_tcp_server.c ****         TCP_LOG_INFO("ACTION GET_PARAM: fs=%lu bits=%u range=%u running=%u",
 4270              		.loc 1 656 9 view .LVU1049
 656:device/adc_tcp_server.c ****         TCP_LOG_INFO("ACTION GET_PARAM: fs=%lu bits=%u range=%u running=%u",
 4271              		.loc 1 656 9 view .LVU1050
 4272 0206 4B4D     		ldr	r5, .L223+12
 4273 0208 2946     		mov	r1, r5
 4274              	.LVL421:
 656:device/adc_tcp_server.c ****         TCP_LOG_INFO("ACTION GET_PARAM: fs=%lu bits=%u range=%u running=%u",
 4275              		.loc 1 656 9 is_stmt 0 view .LVU1051
 4276 020a 0020     		movs	r0, #0
 4277              	.LVL422:
 656:device/adc_tcp_server.c ****         TCP_LOG_INFO("ACTION GET_PARAM: fs=%lu bits=%u range=%u running=%u",
 4278              		.loc 1 656 9 view .LVU1052
 4279 020c FFF7FEFF 		bl	SEGGER_RTT_printf
 4280              	.LVL423:
 656:device/adc_tcp_server.c ****         TCP_LOG_INFO("ACTION GET_PARAM: fs=%lu bits=%u range=%u running=%u",
 4281              		.loc 1 656 9 is_stmt 1 view .LVU1053
 4282 0210 5849     		ldr	r1, .L223+76
 4283 0212 0020     		movs	r0, #0
 4284 0214 FFF7FEFF 		bl	SEGGER_RTT_printf
 4285              	.LVL424:
 656:device/adc_tcp_server.c ****         TCP_LOG_INFO("ACTION GET_PARAM: fs=%lu bits=%u range=%u running=%u",
 4286              		.loc 1 656 9 view .LVU1054
 4287 0218 454C     		ldr	r4, .L223+8
 4288 021a 2146     		mov	r1, r4
 4289 021c 0020     		movs	r0, #0
 4290 021e FFF7FEFF 		bl	SEGGER_RTT_printf
 4291              	.LVL425:
 656:device/adc_tcp_server.c ****         TCP_LOG_INFO("ACTION GET_PARAM: fs=%lu bits=%u range=%u running=%u",
 4292              		.loc 1 656 9 view .LVU1055
 657:device/adc_tcp_server.c ****                      (unsigned long)g_app_cfg.fs_hz,
 4293              		.loc 1 657 9 view .LVU1056
 657:device/adc_tcp_server.c ****                      (unsigned long)g_app_cfg.fs_hz,
 4294              		.loc 1 657 9 view .LVU1057
 4295 0222 2946     		mov	r1, r5
ARM GAS  /tmp/ccq8x8aq.s 			page 113


 4296 0224 0020     		movs	r0, #0
 4297 0226 FFF7FEFF 		bl	SEGGER_RTT_printf
 4298              	.LVL426:
 657:device/adc_tcp_server.c ****                      (unsigned long)g_app_cfg.fs_hz,
 4299              		.loc 1 657 9 view .LVU1058
 4300 022a 484B     		ldr	r3, .L223+36
 4301 022c 1D68     		ldr	r5, [r3]
 4302 022e 1E79     		ldrb	r6, [r3, #4]	@ zero_extendqisi2
 4303 0230 5F79     		ldrb	r7, [r3, #5]	@ zero_extendqisi2
 4304 0232 FFF7FEFF 		bl	AdcStream_IsRunning
 4305              	.LVL427:
 4306 0236 0190     		str	r0, [sp, #4]
 4307 0238 0097     		str	r7, [sp]
 4308 023a 3346     		mov	r3, r6
 4309 023c 2A46     		mov	r2, r5
 4310 023e 4E49     		ldr	r1, .L223+80
 4311 0240 0020     		movs	r0, #0
 4312 0242 FFF7FEFF 		bl	SEGGER_RTT_printf
 4313              	.LVL428:
 657:device/adc_tcp_server.c ****                      (unsigned long)g_app_cfg.fs_hz,
 4314              		.loc 1 657 9 view .LVU1059
 4315 0246 2146     		mov	r1, r4
 4316 0248 0020     		movs	r0, #0
 4317 024a FFF7FEFF 		bl	SEGGER_RTT_printf
 4318              	.LVL429:
 657:device/adc_tcp_server.c ****                      (unsigned long)g_app_cfg.fs_hz,
 4319              		.loc 1 657 9 view .LVU1060
 663:device/adc_tcp_server.c ****         return;
 4320              		.loc 1 663 9 view .LVU1061
 663:device/adc_tcp_server.c ****         return;
 4321              		.loc 1 663 15 is_stmt 0 view .LVU1062
 4322 024e 0020     		movs	r0, #0
 4323 0250 FFF7FEFF 		bl	send_ack
 4324              	.LVL430:
 664:device/adc_tcp_server.c ****     }
 4325              		.loc 1 664 9 is_stmt 1 view .LVU1063
 4326 0254 F6E6     		b	.L194
 4327              	.LVL431:
 4328              	.L214:
 669:device/adc_tcp_server.c ****         (void)len;
 4329              		.loc 1 669 9 view .LVU1064
 670:device/adc_tcp_server.c **** 
 4330              		.loc 1 670 9 view .LVU1065
 672:device/adc_tcp_server.c ****                      (unsigned long)g_app_cfg.fs_hz,
 4331              		.loc 1 672 9 view .LVU1066
 672:device/adc_tcp_server.c ****                      (unsigned long)g_app_cfg.fs_hz,
 4332              		.loc 1 672 9 view .LVU1067
 4333 0256 3749     		ldr	r1, .L223+12
 4334              	.LVL432:
 672:device/adc_tcp_server.c ****                      (unsigned long)g_app_cfg.fs_hz,
 4335              		.loc 1 672 9 is_stmt 0 view .LVU1068
 4336 0258 0020     		movs	r0, #0
 4337              	.LVL433:
 672:device/adc_tcp_server.c ****                      (unsigned long)g_app_cfg.fs_hz,
 4338              		.loc 1 672 9 view .LVU1069
 4339 025a FFF7FEFF 		bl	SEGGER_RTT_printf
 4340              	.LVL434:
ARM GAS  /tmp/ccq8x8aq.s 			page 114


 672:device/adc_tcp_server.c ****                      (unsigned long)g_app_cfg.fs_hz,
 4341              		.loc 1 672 9 is_stmt 1 view .LVU1070
 4342 025e 3B4A     		ldr	r2, .L223+36
 4343 0260 5379     		ldrb	r3, [r2, #5]	@ zero_extendqisi2
 4344 0262 0093     		str	r3, [sp]
 4345 0264 1379     		ldrb	r3, [r2, #4]	@ zero_extendqisi2
 4346 0266 1268     		ldr	r2, [r2]
 4347 0268 4449     		ldr	r1, .L223+84
 4348 026a 0020     		movs	r0, #0
 4349 026c FFF7FEFF 		bl	SEGGER_RTT_printf
 4350              	.LVL435:
 672:device/adc_tcp_server.c ****                      (unsigned long)g_app_cfg.fs_hz,
 4351              		.loc 1 672 9 view .LVU1071
 4352 0270 2F49     		ldr	r1, .L223+8
 4353 0272 0020     		movs	r0, #0
 4354 0274 FFF7FEFF 		bl	SEGGER_RTT_printf
 4355              	.LVL436:
 672:device/adc_tcp_server.c ****                      (unsigned long)g_app_cfg.fs_hz,
 4356              		.loc 1 672 9 view .LVU1072
 677:device/adc_tcp_server.c ****         {
 4357              		.loc 1 677 9 view .LVU1073
 677:device/adc_tcp_server.c ****         {
 4358              		.loc 1 677 13 is_stmt 0 view .LVU1074
 4359 0278 FFF7FEFF 		bl	AdcStream_IsRunning
 4360              	.LVL437:
 677:device/adc_tcp_server.c ****         {
 4361              		.loc 1 677 12 view .LVU1075
 4362 027c 68BB     		cbnz	r0, .L220
 689:device/adc_tcp_server.c ****         {
 4363              		.loc 1 689 9 is_stmt 1 view .LVU1076
 689:device/adc_tcp_server.c ****         {
 4364              		.loc 1 689 13 is_stmt 0 view .LVU1077
 4365 027e FFF7FEFF 		bl	discard_stale_stream_before_start
 4366              	.LVL438:
 689:device/adc_tcp_server.c ****         {
 4367              		.loc 1 689 12 view .LVU1078
 4368 0282 0028     		cmp	r0, #0
 4369 0284 39D1     		bne	.L221
 695:device/adc_tcp_server.c ****         {
 4370              		.loc 1 695 9 is_stmt 1 view .LVU1079
 695:device/adc_tcp_server.c ****         {
 4371              		.loc 1 695 13 is_stmt 0 view .LVU1080
 4372 0286 3148     		ldr	r0, .L223+36
 4373 0288 FFF7FEFF 		bl	ADS127L11_Configure
 4374              	.LVL439:
 695:device/adc_tcp_server.c ****         {
 4375              		.loc 1 695 12 view .LVU1081
 4376 028c 0028     		cmp	r0, #0
 4377 028e 39D1     		bne	.L222
 701:device/adc_tcp_server.c **** 
 4378              		.loc 1 701 9 is_stmt 1 view .LVU1082
 701:device/adc_tcp_server.c **** 
 4379              		.loc 1 701 9 view .LVU1083
 4380 0290 2F49     		ldr	r1, .L223+40
 4381 0292 0020     		movs	r0, #0
 4382 0294 FFF7FEFF 		bl	SEGGER_RTT_printf
 4383              	.LVL440:
ARM GAS  /tmp/ccq8x8aq.s 			page 115


 701:device/adc_tcp_server.c **** 
 4384              		.loc 1 701 9 view .LVU1084
 4385 0298 3949     		ldr	r1, .L223+88
 4386 029a 0020     		movs	r0, #0
 4387 029c FFF7FEFF 		bl	SEGGER_RTT_printf
 4388              	.LVL441:
 701:device/adc_tcp_server.c **** 
 4389              		.loc 1 701 9 view .LVU1085
 4390 02a0 2349     		ldr	r1, .L223+8
 4391 02a2 0020     		movs	r0, #0
 4392 02a4 FFF7FEFF 		bl	SEGGER_RTT_printf
 4393              	.LVL442:
 701:device/adc_tcp_server.c **** 
 4394              		.loc 1 701 9 view .LVU1086
 703:device/adc_tcp_server.c ****         {
 4395              		.loc 1 703 9 view .LVU1087
 703:device/adc_tcp_server.c ****         {
 4396              		.loc 1 703 13 is_stmt 0 view .LVU1088
 4397 02a8 284B     		ldr	r3, .L223+36
 4398 02aa 5879     		ldrb	r0, [r3, #5]	@ zero_extendqisi2
 4399 02ac FFF7FEFF 		bl	RangeCtrl_Set
 4400              	.LVL443:
 703:device/adc_tcp_server.c ****         {
 4401              		.loc 1 703 12 view .LVU1089
 4402 02b0 0028     		cmp	r0, #0
 4403 02b2 6DD0     		beq	.L208
 705:device/adc_tcp_server.c ****             (void)send_ack(-23);
 4404              		.loc 1 705 13 is_stmt 1 view .LVU1090
 705:device/adc_tcp_server.c ****             (void)send_ack(-23);
 4405              		.loc 1 705 13 view .LVU1091
 4406 02b4 1C49     		ldr	r1, .L223
 4407 02b6 0020     		movs	r0, #0
 4408 02b8 FFF7FEFF 		bl	SEGGER_RTT_printf
 4409              	.LVL444:
 705:device/adc_tcp_server.c ****             (void)send_ack(-23);
 4410              		.loc 1 705 13 view .LVU1092
 4411 02bc 234B     		ldr	r3, .L223+36
 4412 02be 5A79     		ldrb	r2, [r3, #5]	@ zero_extendqisi2
 4413 02c0 3049     		ldr	r1, .L223+92
 4414 02c2 0020     		movs	r0, #0
 4415 02c4 FFF7FEFF 		bl	SEGGER_RTT_printf
 4416              	.LVL445:
 705:device/adc_tcp_server.c ****             (void)send_ack(-23);
 4417              		.loc 1 705 13 view .LVU1093
 4418 02c8 1949     		ldr	r1, .L223+8
 4419 02ca 0020     		movs	r0, #0
 4420 02cc FFF7FEFF 		bl	SEGGER_RTT_printf
 4421              	.LVL446:
 705:device/adc_tcp_server.c ****             (void)send_ack(-23);
 4422              		.loc 1 705 13 view .LVU1094
 706:device/adc_tcp_server.c ****             return;
 4423              		.loc 1 706 13 view .LVU1095
 706:device/adc_tcp_server.c ****             return;
 4424              		.loc 1 706 19 is_stmt 0 view .LVU1096
 4425 02d0 6FF01600 		mvn	r0, #22
 4426 02d4 FFF7FEFF 		bl	send_ack
 4427              	.LVL447:
ARM GAS  /tmp/ccq8x8aq.s 			page 116


 707:device/adc_tcp_server.c ****         }
 4428              		.loc 1 707 13 is_stmt 1 view .LVU1097
 4429 02d8 B4E6     		b	.L194
 4430              	.L220:
 679:device/adc_tcp_server.c ****             (void)send_ack(0);
 4431              		.loc 1 679 13 view .LVU1098
 679:device/adc_tcp_server.c ****             (void)send_ack(0);
 4432              		.loc 1 679 13 view .LVU1099
 4433 02da 1649     		ldr	r1, .L223+12
 4434 02dc 0020     		movs	r0, #0
 4435 02de FFF7FEFF 		bl	SEGGER_RTT_printf
 4436              	.LVL448:
 679:device/adc_tcp_server.c ****             (void)send_ack(0);
 4437              		.loc 1 679 13 view .LVU1100
 4438 02e2 2949     		ldr	r1, .L223+96
 4439 02e4 0020     		movs	r0, #0
 4440 02e6 FFF7FEFF 		bl	SEGGER_RTT_printf
 4441              	.LVL449:
 679:device/adc_tcp_server.c ****             (void)send_ack(0);
 4442              		.loc 1 679 13 view .LVU1101
 4443 02ea 1149     		ldr	r1, .L223+8
 4444 02ec 0020     		movs	r0, #0
 4445 02ee FFF7FEFF 		bl	SEGGER_RTT_printf
 4446              	.LVL450:
 679:device/adc_tcp_server.c ****             (void)send_ack(0);
 4447              		.loc 1 679 13 view .LVU1102
 680:device/adc_tcp_server.c ****             return;
 4448              		.loc 1 680 13 view .LVU1103
 680:device/adc_tcp_server.c ****             return;
 4449              		.loc 1 680 19 is_stmt 0 view .LVU1104
 4450 02f2 0020     		movs	r0, #0
 4451 02f4 FFF7FEFF 		bl	send_ack
 4452              	.LVL451:
 681:device/adc_tcp_server.c ****         }
 4453              		.loc 1 681 13 is_stmt 1 view .LVU1105
 4454 02f8 A4E6     		b	.L194
 4455              	.L221:
 691:device/adc_tcp_server.c ****             return;
 4456              		.loc 1 691 13 view .LVU1106
 691:device/adc_tcp_server.c ****             return;
 4457              		.loc 1 691 19 is_stmt 0 view .LVU1107
 4458 02fa 6FF01500 		mvn	r0, #21
 4459 02fe FFF7FEFF 		bl	send_ack
 4460              	.LVL452:
 692:device/adc_tcp_server.c ****         }
 4461              		.loc 1 692 13 is_stmt 1 view .LVU1108
 4462 0302 9FE6     		b	.L194
 4463              	.L222:
 697:device/adc_tcp_server.c ****             (void)send_ack(-20);
 4464              		.loc 1 697 13 view .LVU1109
 697:device/adc_tcp_server.c ****             (void)send_ack(-20);
 4465              		.loc 1 697 13 view .LVU1110
 4466 0304 0849     		ldr	r1, .L223
 4467 0306 0020     		movs	r0, #0
 4468 0308 FFF7FEFF 		bl	SEGGER_RTT_printf
 4469              	.LVL453:
 697:device/adc_tcp_server.c ****             (void)send_ack(-20);
ARM GAS  /tmp/ccq8x8aq.s 			page 117


 4470              		.loc 1 697 13 view .LVU1111
 4471 030c 1F49     		ldr	r1, .L223+100
 4472 030e 0020     		movs	r0, #0
 4473 0310 FFF7FEFF 		bl	SEGGER_RTT_printf
 4474              	.LVL454:
 697:device/adc_tcp_server.c ****             (void)send_ack(-20);
 4475              		.loc 1 697 13 view .LVU1112
 4476 0314 0649     		ldr	r1, .L223+8
 4477 0316 0020     		movs	r0, #0
 4478 0318 FFF7FEFF 		bl	SEGGER_RTT_printf
 4479              	.LVL455:
 697:device/adc_tcp_server.c ****             (void)send_ack(-20);
 4480              		.loc 1 697 13 view .LVU1113
 698:device/adc_tcp_server.c ****             return;
 4481              		.loc 1 698 13 view .LVU1114
 698:device/adc_tcp_server.c ****             return;
 4482              		.loc 1 698 19 is_stmt 0 view .LVU1115
 4483 031c 6FF01300 		mvn	r0, #19
 4484 0320 FFF7FEFF 		bl	send_ack
 4485              	.LVL456:
 699:device/adc_tcp_server.c ****         }
 4486              		.loc 1 699 13 is_stmt 1 view .LVU1116
 4487 0324 8EE6     		b	.L194
 4488              	.L224:
 4489 0326 00BF     		.align	2
 4490              	.L223:
 4491 0328 00000000 		.word	.LC10
 4492 032c 18040000 		.word	.LC58
 4493 0330 4C000000 		.word	.LC9
 4494 0334 74000000 		.word	.LC14
 4495 0338 00000000 		.word	.LC34
 4496 033c 4C000000 		.word	.LC36
 4497 0340 00000000 		.word	.LANCHOR10
 4498 0344 00000000 		.word	.LANCHOR11
 4499 0348 A4000000 		.word	.LC38
 4500 034c 00000000 		.word	g_app_cfg
 4501 0350 00000000 		.word	.LC7
 4502 0354 08010000 		.word	.LC40
 4503 0358 60010000 		.word	.LC42
 4504 035c 8C010000 		.word	.LC43
 4505 0360 28000000 		.word	.LC35
 4506 0364 7C000000 		.word	.LC37
 4507 0368 D8000000 		.word	.LC39
 4508 036c 30010000 		.word	.LC41
 4509 0370 B8010000 		.word	.LC44
 4510 0374 E0010000 		.word	.LC45
 4511 0378 F8010000 		.word	.LC46
 4512 037c 30020000 		.word	.LC47
 4513 0380 B8020000 		.word	.LC50
 4514 0384 E0020000 		.word	.LC51
 4515 0388 5C020000 		.word	.LC48
 4516 038c 8C020000 		.word	.LC49
 4517              	.L208:
 709:device/adc_tcp_server.c **** 
 4518              		.loc 1 709 9 view .LVU1117
 709:device/adc_tcp_server.c **** 
 4519              		.loc 1 709 9 view .LVU1118
ARM GAS  /tmp/ccq8x8aq.s 			page 118


 4520 0390 3949     		ldr	r1, .L225
 4521 0392 0020     		movs	r0, #0
 4522 0394 FFF7FEFF 		bl	SEGGER_RTT_printf
 4523              	.LVL457:
 709:device/adc_tcp_server.c **** 
 4524              		.loc 1 709 9 view .LVU1119
 4525 0398 3849     		ldr	r1, .L225+4
 4526 039a 0020     		movs	r0, #0
 4527 039c FFF7FEFF 		bl	SEGGER_RTT_printf
 4528              	.LVL458:
 709:device/adc_tcp_server.c **** 
 4529              		.loc 1 709 9 view .LVU1120
 4530 03a0 3749     		ldr	r1, .L225+8
 4531 03a2 0020     		movs	r0, #0
 4532 03a4 FFF7FEFF 		bl	SEGGER_RTT_printf
 4533              	.LVL459:
 709:device/adc_tcp_server.c **** 
 4534              		.loc 1 709 9 view .LVU1121
 711:device/adc_tcp_server.c ****         {
 4535              		.loc 1 711 9 view .LVU1122
 711:device/adc_tcp_server.c ****         {
 4536              		.loc 1 711 13 is_stmt 0 view .LVU1123
 4537 03a8 0020     		movs	r0, #0
 4538 03aa FFF7FEFF 		bl	send_ack
 4539              	.LVL460:
 711:device/adc_tcp_server.c ****         {
 4540              		.loc 1 711 12 view .LVU1124
 4541 03ae 0028     		cmp	r0, #0
 4542 03b0 7FF448AE 		bne	.L194
 714:device/adc_tcp_server.c ****             s_start_do_now = 0;
 4543              		.loc 1 714 13 is_stmt 1 view .LVU1125
 714:device/adc_tcp_server.c ****             s_start_do_now = 0;
 4544              		.loc 1 714 30 is_stmt 0 view .LVU1126
 4545 03b4 334B     		ldr	r3, .L225+12
 4546 03b6 0122     		movs	r2, #1
 4547 03b8 1A70     		strb	r2, [r3]
 715:device/adc_tcp_server.c ****             TCP_LOG_INFO("ACTION START: ACK sent, wait TCP sent callback before real sampling");
 4548              		.loc 1 715 13 is_stmt 1 view .LVU1127
 715:device/adc_tcp_server.c ****             TCP_LOG_INFO("ACTION START: ACK sent, wait TCP sent callback before real sampling");
 4549              		.loc 1 715 28 is_stmt 0 view .LVU1128
 4550 03ba 0024     		movs	r4, #0
 4551 03bc 324B     		ldr	r3, .L225+16
 4552 03be 1C70     		strb	r4, [r3]
 716:device/adc_tcp_server.c ****         }
 4553              		.loc 1 716 13 is_stmt 1 view .LVU1129
 716:device/adc_tcp_server.c ****         }
 4554              		.loc 1 716 13 view .LVU1130
 4555 03c0 3249     		ldr	r1, .L225+20
 4556 03c2 2046     		mov	r0, r4
 4557 03c4 FFF7FEFF 		bl	SEGGER_RTT_printf
 4558              	.LVL461:
 716:device/adc_tcp_server.c ****         }
 4559              		.loc 1 716 13 view .LVU1131
 4560 03c8 3149     		ldr	r1, .L225+24
 4561 03ca 2046     		mov	r0, r4
 4562 03cc FFF7FEFF 		bl	SEGGER_RTT_printf
 4563              	.LVL462:
ARM GAS  /tmp/ccq8x8aq.s 			page 119


 716:device/adc_tcp_server.c ****         }
 4564              		.loc 1 716 13 view .LVU1132
 4565 03d0 2B49     		ldr	r1, .L225+8
 4566 03d2 2046     		mov	r0, r4
 4567 03d4 FFF7FEFF 		bl	SEGGER_RTT_printf
 4568              	.LVL463:
 716:device/adc_tcp_server.c ****         }
 4569              		.loc 1 716 13 view .LVU1133
 718:device/adc_tcp_server.c ****     }
 4570              		.loc 1 718 9 view .LVU1134
 4571 03d8 34E6     		b	.L194
 4572              	.LVL464:
 4573              	.L215:
 723:device/adc_tcp_server.c ****         (void)len;
 4574              		.loc 1 723 9 view .LVU1135
 724:device/adc_tcp_server.c **** 
 4575              		.loc 1 724 9 view .LVU1136
 726:device/adc_tcp_server.c **** 
 4576              		.loc 1 726 9 view .LVU1137
 726:device/adc_tcp_server.c **** 
 4577              		.loc 1 726 9 view .LVU1138
 4578 03da 2C4E     		ldr	r6, .L225+20
 4579 03dc 3146     		mov	r1, r6
 4580              	.LVL465:
 726:device/adc_tcp_server.c **** 
 4581              		.loc 1 726 9 is_stmt 0 view .LVU1139
 4582 03de 0020     		movs	r0, #0
 4583              	.LVL466:
 726:device/adc_tcp_server.c **** 
 4584              		.loc 1 726 9 view .LVU1140
 4585 03e0 FFF7FEFF 		bl	SEGGER_RTT_printf
 4586              	.LVL467:
 726:device/adc_tcp_server.c **** 
 4587              		.loc 1 726 9 is_stmt 1 view .LVU1141
 4588 03e4 2B49     		ldr	r1, .L225+28
 4589 03e6 0020     		movs	r0, #0
 4590 03e8 FFF7FEFF 		bl	SEGGER_RTT_printf
 4591              	.LVL468:
 726:device/adc_tcp_server.c **** 
 4592              		.loc 1 726 9 view .LVU1142
 4593 03ec 244D     		ldr	r5, .L225+8
 4594 03ee 2946     		mov	r1, r5
 4595 03f0 0020     		movs	r0, #0
 4596 03f2 FFF7FEFF 		bl	SEGGER_RTT_printf
 4597              	.LVL469:
 726:device/adc_tcp_server.c **** 
 4598              		.loc 1 726 9 view .LVU1143
 728:device/adc_tcp_server.c ****         s_start_do_now = 0;
 4599              		.loc 1 728 9 view .LVU1144
 728:device/adc_tcp_server.c ****         s_start_do_now = 0;
 4600              		.loc 1 728 26 is_stmt 0 view .LVU1145
 4601 03f6 0024     		movs	r4, #0
 4602 03f8 224B     		ldr	r3, .L225+12
 4603 03fa 1C70     		strb	r4, [r3]
 729:device/adc_tcp_server.c **** 
 4604              		.loc 1 729 9 is_stmt 1 view .LVU1146
 729:device/adc_tcp_server.c **** 
ARM GAS  /tmp/ccq8x8aq.s 			page 120


 4605              		.loc 1 729 24 is_stmt 0 view .LVU1147
 4606 03fc 224B     		ldr	r3, .L225+16
 4607 03fe 1C70     		strb	r4, [r3]
 731:device/adc_tcp_server.c ****         AdcStream_Stop();
 4608              		.loc 1 731 9 is_stmt 1 view .LVU1148
 731:device/adc_tcp_server.c ****         AdcStream_Stop();
 4609              		.loc 1 731 9 view .LVU1149
 4610 0400 3146     		mov	r1, r6
 4611 0402 2046     		mov	r0, r4
 4612 0404 FFF7FEFF 		bl	SEGGER_RTT_printf
 4613              	.LVL470:
 731:device/adc_tcp_server.c ****         AdcStream_Stop();
 4614              		.loc 1 731 9 view .LVU1150
 4615 0408 2349     		ldr	r1, .L225+32
 4616 040a 2046     		mov	r0, r4
 4617 040c FFF7FEFF 		bl	SEGGER_RTT_printf
 4618              	.LVL471:
 731:device/adc_tcp_server.c ****         AdcStream_Stop();
 4619              		.loc 1 731 9 view .LVU1151
 4620 0410 2946     		mov	r1, r5
 4621 0412 2046     		mov	r0, r4
 4622 0414 FFF7FEFF 		bl	SEGGER_RTT_printf
 4623              	.LVL472:
 731:device/adc_tcp_server.c ****         AdcStream_Stop();
 4624              		.loc 1 731 9 view .LVU1152
 732:device/adc_tcp_server.c ****         TCP_LOG_OK("ACTION STOP done: running=%u, ready=%u queued=%u flags=0x%08lX",
 4625              		.loc 1 732 9 view .LVU1153
 4626 0418 FFF7FEFF 		bl	AdcStream_Stop
 4627              	.LVL473:
 733:device/adc_tcp_server.c ****                    (unsigned int)AdcStream_IsRunning(),
 4628              		.loc 1 733 9 view .LVU1154
 733:device/adc_tcp_server.c ****                    (unsigned int)AdcStream_IsRunning(),
 4629              		.loc 1 733 9 view .LVU1155
 4630 041c 1649     		ldr	r1, .L225
 4631 041e 2046     		mov	r0, r4
 4632 0420 FFF7FEFF 		bl	SEGGER_RTT_printf
 4633              	.LVL474:
 733:device/adc_tcp_server.c ****                    (unsigned int)AdcStream_IsRunning(),
 4634              		.loc 1 733 9 view .LVU1156
 4635 0424 FFF7FEFF 		bl	AdcStream_IsRunning
 4636              	.LVL475:
 4637 0428 0746     		mov	r7, r0
 4638 042a FFF7FEFF 		bl	AdcStream_GetReadyCount
 4639              	.LVL476:
 4640 042e 8046     		mov	r8, r0
 4641 0430 FFF7FEFF 		bl	AdcStream_GetQueuedCount
 4642              	.LVL477:
 4643 0434 8146     		mov	r9, r0
 4644 0436 FFF7FEFF 		bl	AdcStream_GetFlags
 4645              	.LVL478:
 4646 043a 0190     		str	r0, [sp, #4]
 4647 043c CDF80090 		str	r9, [sp]
 4648 0440 4346     		mov	r3, r8
 4649 0442 3A46     		mov	r2, r7
 4650 0444 1549     		ldr	r1, .L225+36
 4651 0446 2046     		mov	r0, r4
 4652 0448 FFF7FEFF 		bl	SEGGER_RTT_printf
ARM GAS  /tmp/ccq8x8aq.s 			page 121


 4653              	.LVL479:
 733:device/adc_tcp_server.c ****                    (unsigned int)AdcStream_IsRunning(),
 4654              		.loc 1 733 9 view .LVU1157
 4655 044c 2946     		mov	r1, r5
 4656 044e 2046     		mov	r0, r4
 4657 0450 FFF7FEFF 		bl	SEGGER_RTT_printf
 4658              	.LVL480:
 733:device/adc_tcp_server.c ****                    (unsigned int)AdcStream_IsRunning(),
 4659              		.loc 1 733 9 view .LVU1158
 740:device/adc_tcp_server.c ****         TCP_LOG_INFO("ACTION STOP: pending ACK after queued data drained");
 4660              		.loc 1 740 9 view .LVU1159
 740:device/adc_tcp_server.c ****         TCP_LOG_INFO("ACTION STOP: pending ACK after queued data drained");
 4661              		.loc 1 740 28 is_stmt 0 view .LVU1160
 4662 0454 124B     		ldr	r3, .L225+40
 4663 0456 0122     		movs	r2, #1
 4664 0458 1A60     		str	r2, [r3]
 741:device/adc_tcp_server.c ****         AdcTcpServer_Task();
 4665              		.loc 1 741 9 is_stmt 1 view .LVU1161
 741:device/adc_tcp_server.c ****         AdcTcpServer_Task();
 4666              		.loc 1 741 9 view .LVU1162
 4667 045a 3146     		mov	r1, r6
 4668 045c 2046     		mov	r0, r4
 4669 045e FFF7FEFF 		bl	SEGGER_RTT_printf
 4670              	.LVL481:
 741:device/adc_tcp_server.c ****         AdcTcpServer_Task();
 4671              		.loc 1 741 9 view .LVU1163
 4672 0462 1049     		ldr	r1, .L225+44
 4673 0464 2046     		mov	r0, r4
 4674 0466 FFF7FEFF 		bl	SEGGER_RTT_printf
 4675              	.LVL482:
 741:device/adc_tcp_server.c ****         AdcTcpServer_Task();
 4676              		.loc 1 741 9 view .LVU1164
 4677 046a 2946     		mov	r1, r5
 4678 046c 2046     		mov	r0, r4
 4679 046e FFF7FEFF 		bl	SEGGER_RTT_printf
 4680              	.LVL483:
 741:device/adc_tcp_server.c ****         AdcTcpServer_Task();
 4681              		.loc 1 741 9 view .LVU1165
 742:device/adc_tcp_server.c ****         return;
 4682              		.loc 1 742 9 view .LVU1166
 4683 0472 FFF7FEFF 		bl	AdcTcpServer_Task
 4684              	.LVL484:
 743:device/adc_tcp_server.c ****     }
 4685              		.loc 1 743 9 view .LVU1167
 4686 0476 E5E5     		b	.L194
 4687              	.L226:
 4688              		.align	2
 4689              	.L225:
 4690 0478 00000000 		.word	.LC7
 4691 047c 0C030000 		.word	.LC52
 4692 0480 4C000000 		.word	.LC9
 4693 0484 00000000 		.word	.LANCHOR10
 4694 0488 00000000 		.word	.LANCHOR11
 4695 048c 74000000 		.word	.LC14
 4696 0490 30030000 		.word	.LC53
 4697 0494 74030000 		.word	.LC54
 4698 0498 88030000 		.word	.LC55
ARM GAS  /tmp/ccq8x8aq.s 			page 122


 4699 049c A4030000 		.word	.LC56
 4700 04a0 00000000 		.word	.LANCHOR16
 4701 04a4 E4030000 		.word	.LC57
 4702              		.cfi_endproc
 4703              	.LFE178:
 4705              		.section	.rodata.parse_rx_stream.str1.4,"aMS",%progbits,1
 4706              		.align	2
 4707              	.LC59:
 4708 0000 52582062 		.ascii	"RX buffer overflow: incoming=%u buffered=%u\000"
 4708      75666665 
 4708      72206F76 
 4708      6572666C 
 4708      6F773A20 
 4709              		.align	2
 4710              	.LC60:
 4711 002c 52582069 		.ascii	"RX invalid payload length: %u\000"
 4711      6E76616C 
 4711      69642070 
 4711      61796C6F 
 4711      6164206C 
 4712 004a 0000     		.align	2
 4713              	.LC61:
 4714 004c 52582043 		.ascii	"RX CMD frame: type=0x%02X(%s), seq=%lu, payload_len"
 4714      4D442066 
 4714      72616D65 
 4714      3A207479 
 4714      70653D30 
 4715 007f 3D257500 		.ascii	"=%u\000"
 4716 0083 00       		.align	2
 4717              	.LC62:
 4718 0084 52582066 		.ascii	"RX frame rejected: type=0x%02X(%s), seq=%lu, ver=%u"
 4718      72616D65 
 4718      2072656A 
 4718      65637465 
 4718      643A2074 
 4719 00b7 2C207278 		.ascii	", rx_crc=0x%04X, calc=0x%04X\000"
 4719      5F637263 
 4719      3D307825 
 4719      3034582C 
 4719      2063616C 
 4720              		.section	.text.parse_rx_stream,"ax",%progbits
 4721              		.align	1
 4722              		.syntax unified
 4723              		.thumb
 4724              		.thumb_func
 4725              		.fpu fpv4-sp-d16
 4727              	parse_rx_stream:
 4728              	.LVL485:
 4729              	.LFB179:
 751:device/adc_tcp_server.c ****     if (len > sizeof(s_rxbuf) - s_rxlen)
 4730              		.loc 1 751 1 view -0
 4731              		.cfi_startproc
 4732              		@ args = 0, pretend = 0, frame = 0
 4733              		@ frame_needed = 0, uses_anonymous_args = 0
 751:device/adc_tcp_server.c ****     if (len > sizeof(s_rxbuf) - s_rxlen)
 4734              		.loc 1 751 1 is_stmt 0 view .LVU1169
 4735 0000 2DE9F04F 		push	{r4, r5, r6, r7, r8, r9, r10, fp, lr}
ARM GAS  /tmp/ccq8x8aq.s 			page 123


 4736              	.LCFI40:
 4737              		.cfi_def_cfa_offset 36
 4738              		.cfi_offset 4, -36
 4739              		.cfi_offset 5, -32
 4740              		.cfi_offset 6, -28
 4741              		.cfi_offset 7, -24
 4742              		.cfi_offset 8, -20
 4743              		.cfi_offset 9, -16
 4744              		.cfi_offset 10, -12
 4745              		.cfi_offset 11, -8
 4746              		.cfi_offset 14, -4
 4747 0004 85B0     		sub	sp, sp, #20
 4748              	.LCFI41:
 4749              		.cfi_def_cfa_offset 56
 4750 0006 0C46     		mov	r4, r1
 752:device/adc_tcp_server.c ****     {
 4751              		.loc 1 752 5 is_stmt 1 view .LVU1170
 752:device/adc_tcp_server.c ****     {
 4752              		.loc 1 752 31 is_stmt 0 view .LVU1171
 4753 0008 554B     		ldr	r3, .L242
 4754 000a 1D88     		ldrh	r5, [r3]
 4755 000c C5F58073 		rsb	r3, r5, #256
 752:device/adc_tcp_server.c ****     {
 4756              		.loc 1 752 8 view .LVU1172
 4757 0010 9942     		cmp	r1, r3
 4758 0012 09D8     		bhi	.L238
 759:device/adc_tcp_server.c ****     s_rxlen = (uint16_t)(s_rxlen + len);
 4759              		.loc 1 759 5 is_stmt 1 view .LVU1173
 4760 0014 0A46     		mov	r2, r1
 4761 0016 0146     		mov	r1, r0
 4762              	.LVL486:
 759:device/adc_tcp_server.c ****     s_rxlen = (uint16_t)(s_rxlen + len);
 4763              		.loc 1 759 5 is_stmt 0 view .LVU1174
 4764 0018 5248     		ldr	r0, .L242+4
 4765              	.LVL487:
 759:device/adc_tcp_server.c ****     s_rxlen = (uint16_t)(s_rxlen + len);
 4766              		.loc 1 759 5 view .LVU1175
 4767 001a 2844     		add	r0, r0, r5
 4768 001c FFF7FEFF 		bl	memcpy
 4769              	.LVL488:
 760:device/adc_tcp_server.c **** 
 4770              		.loc 1 760 5 is_stmt 1 view .LVU1176
 760:device/adc_tcp_server.c **** 
 4771              		.loc 1 760 15 is_stmt 0 view .LVU1177
 4772 0020 2C44     		add	r4, r4, r5
 760:device/adc_tcp_server.c **** 
 4773              		.loc 1 760 13 view .LVU1178
 4774 0022 4F4B     		ldr	r3, .L242
 4775 0024 1C80     		strh	r4, [r3]	@ movhi
 762:device/adc_tcp_server.c ****     {
 4776              		.loc 1 762 5 is_stmt 1 view .LVU1179
 762:device/adc_tcp_server.c ****     {
 4777              		.loc 1 762 11 is_stmt 0 view .LVU1180
 4778 0026 4BE0     		b	.L230
 4779              	.LVL489:
 4780              	.L238:
 754:device/adc_tcp_server.c ****         s_rxlen = 0;
ARM GAS  /tmp/ccq8x8aq.s 			page 124


 4781              		.loc 1 754 9 is_stmt 1 view .LVU1181
 754:device/adc_tcp_server.c ****         s_rxlen = 0;
 4782              		.loc 1 754 9 view .LVU1182
 4783 0028 4F49     		ldr	r1, .L242+8
 4784              	.LVL490:
 754:device/adc_tcp_server.c ****         s_rxlen = 0;
 4785              		.loc 1 754 9 is_stmt 0 view .LVU1183
 4786 002a 0020     		movs	r0, #0
 4787              	.LVL491:
 754:device/adc_tcp_server.c ****         s_rxlen = 0;
 4788              		.loc 1 754 9 view .LVU1184
 4789 002c FFF7FEFF 		bl	SEGGER_RTT_printf
 4790              	.LVL492:
 754:device/adc_tcp_server.c ****         s_rxlen = 0;
 4791              		.loc 1 754 9 is_stmt 1 view .LVU1185
 4792 0030 4B4D     		ldr	r5, .L242
 4793 0032 2B88     		ldrh	r3, [r5]
 4794 0034 2246     		mov	r2, r4
 4795 0036 4D49     		ldr	r1, .L242+12
 4796 0038 0020     		movs	r0, #0
 4797 003a FFF7FEFF 		bl	SEGGER_RTT_printf
 4798              	.LVL493:
 754:device/adc_tcp_server.c ****         s_rxlen = 0;
 4799              		.loc 1 754 9 view .LVU1186
 4800 003e 4C49     		ldr	r1, .L242+16
 4801 0040 0020     		movs	r0, #0
 4802 0042 FFF7FEFF 		bl	SEGGER_RTT_printf
 4803              	.LVL494:
 754:device/adc_tcp_server.c ****         s_rxlen = 0;
 4804              		.loc 1 754 9 view .LVU1187
 755:device/adc_tcp_server.c ****         return;
 4805              		.loc 1 755 9 view .LVU1188
 755:device/adc_tcp_server.c ****         return;
 4806              		.loc 1 755 17 is_stmt 0 view .LVU1189
 4807 0046 0023     		movs	r3, #0
 4808 0048 2B80     		strh	r3, [r5]	@ movhi
 756:device/adc_tcp_server.c ****     }
 4809              		.loc 1 756 9 is_stmt 1 view .LVU1190
 4810              	.L227:
 817:device/adc_tcp_server.c **** 
 4811              		.loc 1 817 1 is_stmt 0 view .LVU1191
 4812 004a 05B0     		add	sp, sp, #20
 4813              	.LCFI42:
 4814              		.cfi_remember_state
 4815              		.cfi_def_cfa_offset 36
 4816              		@ sp needed
 4817 004c BDE8F08F 		pop	{r4, r5, r6, r7, r8, r9, r10, fp, pc}
 4818              	.L240:
 4819              	.LCFI43:
 4820              		.cfi_restore_state
 4821              	.LBB10:
 766:device/adc_tcp_server.c ****             continue;
 4822              		.loc 1 766 13 is_stmt 1 view .LVU1192
 766:device/adc_tcp_server.c ****             continue;
 4823              		.loc 1 766 43 is_stmt 0 view .LVU1193
 4824 0050 621E     		subs	r2, r4, #1
 4825 0052 92B2     		uxth	r2, r2
ARM GAS  /tmp/ccq8x8aq.s 			page 125


 766:device/adc_tcp_server.c ****             continue;
 4826              		.loc 1 766 13 view .LVU1194
 4827 0054 424B     		ldr	r3, .L242
 4828 0056 1A80     		strh	r2, [r3]	@ movhi
 4829 0058 4248     		ldr	r0, .L242+4
 4830 005a 411C     		adds	r1, r0, #1
 4831 005c FFF7FEFF 		bl	memmove
 4832              	.LVL495:
 767:device/adc_tcp_server.c ****         }
 4833              		.loc 1 767 13 is_stmt 1 view .LVU1195
 4834 0060 2EE0     		b	.L230
 4835              	.LVL496:
 4836              	.L241:
 773:device/adc_tcp_server.c ****             s_rxlen = 0;
 4837              		.loc 1 773 13 view .LVU1196
 773:device/adc_tcp_server.c ****             s_rxlen = 0;
 4838              		.loc 1 773 13 view .LVU1197
 4839 0062 4149     		ldr	r1, .L242+8
 4840 0064 0020     		movs	r0, #0
 4841              	.LVL497:
 773:device/adc_tcp_server.c ****             s_rxlen = 0;
 4842              		.loc 1 773 13 is_stmt 0 view .LVU1198
 4843 0066 FFF7FEFF 		bl	SEGGER_RTT_printf
 4844              	.LVL498:
 773:device/adc_tcp_server.c ****             s_rxlen = 0;
 4845              		.loc 1 773 13 is_stmt 1 view .LVU1199
 4846 006a 2A46     		mov	r2, r5
 4847 006c 4149     		ldr	r1, .L242+20
 4848 006e 0020     		movs	r0, #0
 4849 0070 FFF7FEFF 		bl	SEGGER_RTT_printf
 4850              	.LVL499:
 773:device/adc_tcp_server.c ****             s_rxlen = 0;
 4851              		.loc 1 773 13 view .LVU1200
 4852 0074 3E49     		ldr	r1, .L242+16
 4853 0076 0020     		movs	r0, #0
 4854 0078 FFF7FEFF 		bl	SEGGER_RTT_printf
 4855              	.LVL500:
 773:device/adc_tcp_server.c ****             s_rxlen = 0;
 4856              		.loc 1 773 13 view .LVU1201
 774:device/adc_tcp_server.c ****             return;
 4857              		.loc 1 774 13 view .LVU1202
 774:device/adc_tcp_server.c ****             return;
 4858              		.loc 1 774 21 is_stmt 0 view .LVU1203
 4859 007c 384B     		ldr	r3, .L242
 4860 007e 0022     		movs	r2, #0
 4861 0080 1A80     		strh	r2, [r3]	@ movhi
 775:device/adc_tcp_server.c ****         }
 4862              		.loc 1 775 13 is_stmt 1 view .LVU1204
 4863 0082 E2E7     		b	.L227
 4864              	.LVL501:
 4865              	.L234:
 802:device/adc_tcp_server.c ****                         (unsigned int)frame_type,
 4866              		.loc 1 802 13 view .LVU1205
 802:device/adc_tcp_server.c ****                         (unsigned int)frame_type,
 4867              		.loc 1 802 13 view .LVU1206
 4868 0084 3849     		ldr	r1, .L242+8
 4869 0086 0020     		movs	r0, #0
ARM GAS  /tmp/ccq8x8aq.s 			page 126


 4870              	.LVL502:
 802:device/adc_tcp_server.c ****                         (unsigned int)frame_type,
 4871              		.loc 1 802 13 is_stmt 0 view .LVU1207
 4872 0088 FFF7FEFF 		bl	SEGGER_RTT_printf
 4873              	.LVL503:
 802:device/adc_tcp_server.c ****                         (unsigned int)frame_type,
 4874              		.loc 1 802 13 is_stmt 1 view .LVU1208
 4875 008c 4846     		mov	r0, r9
 4876 008e FFF7FEFF 		bl	cmd_name
 4877              	.LVL504:
 4878 0092 0346     		mov	r3, r0
 4879 0094 0394     		str	r4, [sp, #12]
 4880 0096 0297     		str	r7, [sp, #8]
 4881 0098 CDF804A0 		str	r10, [sp, #4]
 4882 009c CDF80080 		str	r8, [sp]
 4883 00a0 4A46     		mov	r2, r9
 4884 00a2 3549     		ldr	r1, .L242+24
 4885 00a4 0020     		movs	r0, #0
 4886 00a6 FFF7FEFF 		bl	SEGGER_RTT_printf
 4887              	.LVL505:
 802:device/adc_tcp_server.c ****                         (unsigned int)frame_type,
 4888              		.loc 1 802 13 view .LVU1209
 4889 00aa 3149     		ldr	r1, .L242+16
 4890 00ac 0020     		movs	r0, #0
 4891 00ae FFF7FEFF 		bl	SEGGER_RTT_printf
 4892              	.LVL506:
 4893              	.L235:
 802:device/adc_tcp_server.c ****                         (unsigned int)frame_type,
 4894              		.loc 1 802 13 discriminator 1 view .LVU1210
 811:device/adc_tcp_server.c ****         if (s_rxlen != 0U)
 4895              		.loc 1 811 9 discriminator 1 view .LVU1211
 811:device/adc_tcp_server.c ****         if (s_rxlen != 0U)
 4896              		.loc 1 811 19 is_stmt 0 discriminator 1 view .LVU1212
 4897 00b2 2B4B     		ldr	r3, .L242
 4898 00b4 1A88     		ldrh	r2, [r3]
 4899 00b6 921B     		subs	r2, r2, r6
 4900 00b8 92B2     		uxth	r2, r2
 811:device/adc_tcp_server.c ****         if (s_rxlen != 0U)
 4901              		.loc 1 811 17 discriminator 1 view .LVU1213
 4902 00ba 1A80     		strh	r2, [r3]	@ movhi
 812:device/adc_tcp_server.c ****         {
 4903              		.loc 1 812 9 is_stmt 1 discriminator 1 view .LVU1214
 812:device/adc_tcp_server.c ****         {
 4904              		.loc 1 812 12 is_stmt 0 discriminator 1 view .LVU1215
 4905 00bc 002A     		cmp	r2, #0
 4906 00be 49D1     		bne	.L239
 4907              	.LVL507:
 4908              	.L230:
 812:device/adc_tcp_server.c ****         {
 4909              		.loc 1 812 12 discriminator 1 view .LVU1216
 4910              	.LBE10:
 762:device/adc_tcp_server.c ****     {
 4911              		.loc 1 762 11 is_stmt 1 view .LVU1217
 762:device/adc_tcp_server.c ****     {
 4912              		.loc 1 762 20 is_stmt 0 view .LVU1218
 4913 00c0 274B     		ldr	r3, .L242
 4914 00c2 1C88     		ldrh	r4, [r3]
ARM GAS  /tmp/ccq8x8aq.s 			page 127


 762:device/adc_tcp_server.c ****     {
 4915              		.loc 1 762 11 view .LVU1219
 4916 00c4 0B2C     		cmp	r4, #11
 4917 00c6 C0D9     		bls	.L227
 4918              	.LBB11:
 764:device/adc_tcp_server.c ****         {
 4919              		.loc 1 764 9 is_stmt 1 view .LVU1220
 764:device/adc_tcp_server.c ****         {
 4920              		.loc 1 764 13 is_stmt 0 view .LVU1221
 4921 00c8 2648     		ldr	r0, .L242+4
 4922 00ca FFF7FEFF 		bl	get_u16
 4923              	.LVL508:
 764:device/adc_tcp_server.c ****         {
 4924              		.loc 1 764 12 view .LVU1222
 4925 00ce 4AF25A53 		movw	r3, #42330
 4926 00d2 9842     		cmp	r0, r3
 4927 00d4 BCD1     		bne	.L240
 770:device/adc_tcp_server.c ****         if (payload_len > sizeof(s_rxbuf) - APP_FRAME_HDR_LEN - APP_FRAME_CRC_LEN)
 4928              		.loc 1 770 9 is_stmt 1 view .LVU1223
 770:device/adc_tcp_server.c ****         if (payload_len > sizeof(s_rxbuf) - APP_FRAME_HDR_LEN - APP_FRAME_CRC_LEN)
 4929              		.loc 1 770 32 is_stmt 0 view .LVU1224
 4930 00d6 2948     		ldr	r0, .L242+28
 4931 00d8 FFF7FEFF 		bl	get_u16
 4932              	.LVL509:
 4933 00dc 0546     		mov	r5, r0
 4934              	.LVL510:
 771:device/adc_tcp_server.c ****         {
 4935              		.loc 1 771 9 is_stmt 1 view .LVU1225
 771:device/adc_tcp_server.c ****         {
 4936              		.loc 1 771 12 is_stmt 0 view .LVU1226
 4937 00de F428     		cmp	r0, #244
 4938 00e0 BFD8     		bhi	.L241
 778:device/adc_tcp_server.c ****         if (s_rxlen < total)
 4939              		.loc 1 778 9 is_stmt 1 view .LVU1227
 778:device/adc_tcp_server.c ****         if (s_rxlen < total)
 4940              		.loc 1 778 18 is_stmt 0 view .LVU1228
 4941 00e2 00F10C06 		add	r6, r0, #12
 4942 00e6 B6B2     		uxth	r6, r6
 4943              	.LVL511:
 779:device/adc_tcp_server.c ****         {
 4944              		.loc 1 779 9 is_stmt 1 view .LVU1229
 779:device/adc_tcp_server.c ****         {
 4945              		.loc 1 779 12 is_stmt 0 view .LVU1230
 4946 00e8 B442     		cmp	r4, r6
 4947 00ea AED3     		bcc	.L227
 784:device/adc_tcp_server.c ****         uint8_t frame_type = s_rxbuf[3];
 4948              		.loc 1 784 9 is_stmt 1 view .LVU1231
 784:device/adc_tcp_server.c ****         uint8_t frame_type = s_rxbuf[3];
 4949              		.loc 1 784 17 is_stmt 0 view .LVU1232
 4950 00ec 1D4C     		ldr	r4, .L242+4
 4951 00ee 94F802A0 		ldrb	r10, [r4, #2]	@ zero_extendqisi2
 4952              	.LVL512:
 785:device/adc_tcp_server.c ****         uint32_t frame_seq = get_u32(&s_rxbuf[6]);
 4953              		.loc 1 785 9 is_stmt 1 view .LVU1233
 785:device/adc_tcp_server.c ****         uint32_t frame_seq = get_u32(&s_rxbuf[6]);
 4954              		.loc 1 785 17 is_stmt 0 view .LVU1234
 4955 00f2 94F80390 		ldrb	r9, [r4, #3]	@ zero_extendqisi2
ARM GAS  /tmp/ccq8x8aq.s 			page 128


 4956              	.LVL513:
 786:device/adc_tcp_server.c ****         uint16_t rx_crc = get_u16(&s_rxbuf[APP_FRAME_HDR_LEN + payload_len]);
 4957              		.loc 1 786 9 is_stmt 1 view .LVU1235
 786:device/adc_tcp_server.c ****         uint16_t rx_crc = get_u16(&s_rxbuf[APP_FRAME_HDR_LEN + payload_len]);
 4958              		.loc 1 786 30 is_stmt 0 view .LVU1236
 4959 00f6 A01D     		adds	r0, r4, #6
 4960              	.LVL514:
 786:device/adc_tcp_server.c ****         uint16_t rx_crc = get_u16(&s_rxbuf[APP_FRAME_HDR_LEN + payload_len]);
 4961              		.loc 1 786 30 view .LVU1237
 4962 00f8 FFF7FEFF 		bl	get_u32
 4963              	.LVL515:
 4964 00fc 8046     		mov	r8, r0
 4965              	.LVL516:
 787:device/adc_tcp_server.c ****         uint16_t calc = crc16_modbus(s_rxbuf, APP_FRAME_HDR_LEN + payload_len);
 4966              		.loc 1 787 9 is_stmt 1 view .LVU1238
 787:device/adc_tcp_server.c ****         uint16_t calc = crc16_modbus(s_rxbuf, APP_FRAME_HDR_LEN + payload_len);
 4967              		.loc 1 787 62 is_stmt 0 view .LVU1239
 4968 00fe 05F10A0B 		add	fp, r5, #10
 787:device/adc_tcp_server.c ****         uint16_t calc = crc16_modbus(s_rxbuf, APP_FRAME_HDR_LEN + payload_len);
 4969              		.loc 1 787 27 view .LVU1240
 4970 0102 04EB0B00 		add	r0, r4, fp
 4971              	.LVL517:
 787:device/adc_tcp_server.c ****         uint16_t calc = crc16_modbus(s_rxbuf, APP_FRAME_HDR_LEN + payload_len);
 4972              		.loc 1 787 27 view .LVU1241
 4973 0106 FFF7FEFF 		bl	get_u16
 4974              	.LVL518:
 4975 010a 0746     		mov	r7, r0
 4976              	.LVL519:
 788:device/adc_tcp_server.c **** 
 4977              		.loc 1 788 9 is_stmt 1 view .LVU1242
 788:device/adc_tcp_server.c **** 
 4978              		.loc 1 788 25 is_stmt 0 view .LVU1243
 4979 010c 5946     		mov	r1, fp
 4980 010e 2046     		mov	r0, r4
 4981 0110 FFF7FEFF 		bl	crc16_modbus
 4982              	.LVL520:
 4983 0114 0446     		mov	r4, r0
 4984              	.LVL521:
 790:device/adc_tcp_server.c ****         {
 4985              		.loc 1 790 9 is_stmt 1 view .LVU1244
 790:device/adc_tcp_server.c ****         {
 4986              		.loc 1 790 12 is_stmt 0 view .LVU1245
 4987 0116 BAF1010F 		cmp	r10, #1
 4988 011a B3D1     		bne	.L234
 790:device/adc_tcp_server.c ****         {
 4989              		.loc 1 790 42 discriminator 1 view .LVU1246
 4990 011c 8742     		cmp	r7, r0
 4991 011e B1D1     		bne	.L234
 792:device/adc_tcp_server.c ****                          (unsigned int)frame_type,
 4992              		.loc 1 792 13 is_stmt 1 view .LVU1247
 792:device/adc_tcp_server.c ****                          (unsigned int)frame_type,
 4993              		.loc 1 792 13 view .LVU1248
 4994 0120 1749     		ldr	r1, .L242+32
 4995 0122 0020     		movs	r0, #0
 4996              	.LVL522:
 792:device/adc_tcp_server.c ****                          (unsigned int)frame_type,
 4997              		.loc 1 792 13 is_stmt 0 view .LVU1249
ARM GAS  /tmp/ccq8x8aq.s 			page 129


 4998 0124 FFF7FEFF 		bl	SEGGER_RTT_printf
 4999              	.LVL523:
 792:device/adc_tcp_server.c ****                          (unsigned int)frame_type,
 5000              		.loc 1 792 13 is_stmt 1 view .LVU1250
 5001 0128 4846     		mov	r0, r9
 5002 012a FFF7FEFF 		bl	cmd_name
 5003              	.LVL524:
 5004 012e 0346     		mov	r3, r0
 5005 0130 0195     		str	r5, [sp, #4]
 5006 0132 CDF80080 		str	r8, [sp]
 5007 0136 4A46     		mov	r2, r9
 5008 0138 1249     		ldr	r1, .L242+36
 5009 013a 0020     		movs	r0, #0
 5010 013c FFF7FEFF 		bl	SEGGER_RTT_printf
 5011              	.LVL525:
 792:device/adc_tcp_server.c ****                          (unsigned int)frame_type,
 5012              		.loc 1 792 13 view .LVU1251
 5013 0140 0B49     		ldr	r1, .L242+16
 5014 0142 0020     		movs	r0, #0
 5015 0144 FFF7FEFF 		bl	SEGGER_RTT_printf
 5016              	.LVL526:
 792:device/adc_tcp_server.c ****                          (unsigned int)frame_type,
 5017              		.loc 1 792 13 view .LVU1252
 798:device/adc_tcp_server.c ****         }
 5018              		.loc 1 798 13 view .LVU1253
 5019 0148 2A46     		mov	r2, r5
 5020 014a 0F49     		ldr	r1, .L242+40
 5021 014c 4846     		mov	r0, r9
 5022 014e FFF7FEFF 		bl	handle_frame
 5023              	.LVL527:
 5024 0152 AEE7     		b	.L235
 5025              	.L239:
 814:device/adc_tcp_server.c ****         }
 5026              		.loc 1 814 13 view .LVU1254
 814:device/adc_tcp_server.c ****         }
 5027              		.loc 1 814 30 is_stmt 0 view .LVU1255
 5028 0154 0348     		ldr	r0, .L242+4
 814:device/adc_tcp_server.c ****         }
 5029              		.loc 1 814 13 view .LVU1256
 5030 0156 8119     		adds	r1, r0, r6
 5031 0158 FFF7FEFF 		bl	memmove
 5032              	.LVL528:
 5033 015c B0E7     		b	.L230
 5034              	.L243:
 5035 015e 00BF     		.align	2
 5036              	.L242:
 5037 0160 00000000 		.word	.LANCHOR12
 5038 0164 00000000 		.word	.LANCHOR36
 5039 0168 00000000 		.word	.LC10
 5040 016c 00000000 		.word	.LC59
 5041 0170 4C000000 		.word	.LC9
 5042 0174 2C000000 		.word	.LC60
 5043 0178 84000000 		.word	.LC62
 5044 017c 04000000 		.word	.LANCHOR36+4
 5045 0180 74000000 		.word	.LC14
 5046 0184 4C000000 		.word	.LC61
 5047 0188 0A000000 		.word	.LANCHOR36+10
ARM GAS  /tmp/ccq8x8aq.s 			page 130


 5048              	.LBE11:
 5049              		.cfi_endproc
 5050              	.LFE179:
 5052              		.section	.rodata.on_recv.str1.4,"aMS",%progbits,1
 5053              		.align	2
 5054              	.LC63:
 5055 0000 54435020 		.ascii	"TCP recv close/error: err=%d, p_present=%u\000"
 5055      72656376 
 5055      20636C6F 
 5055      73652F65 
 5055      72726F72 
 5056 002b 00       		.align	2
 5057              	.LC64:
 5058 002c 54435020 		.ascii	"TCP client disconnected, stream stopped\000"
 5058      636C6965 
 5058      6E742064 
 5058      6973636F 
 5058      6E6E6563 
 5059              		.align	2
 5060              	.LC65:
 5061 0054 54435020 		.ascii	"TCP RX bytes: tot_len=%u\000"
 5061      52582062 
 5061      79746573 
 5061      3A20746F 
 5061      745F6C65 
 5062              		.section	.text.on_recv,"ax",%progbits
 5063              		.align	1
 5064              		.syntax unified
 5065              		.thumb
 5066              		.thumb_func
 5067              		.fpu fpv4-sp-d16
 5069              	on_recv:
 5070              	.LVL529:
 5071              	.LFB181:
 877:device/adc_tcp_server.c ****     (void)arg;
 5072              		.loc 1 877 1 is_stmt 1 view -0
 5073              		.cfi_startproc
 5074              		@ args = 0, pretend = 0, frame = 0
 5075              		@ frame_needed = 0, uses_anonymous_args = 0
 877:device/adc_tcp_server.c ****     (void)arg;
 5076              		.loc 1 877 1 is_stmt 0 view .LVU1258
 5077 0000 70B5     		push	{r4, r5, r6, lr}
 5078              	.LCFI44:
 5079              		.cfi_def_cfa_offset 16
 5080              		.cfi_offset 4, -16
 5081              		.cfi_offset 5, -12
 5082              		.cfi_offset 6, -8
 5083              		.cfi_offset 14, -4
 5084 0002 0C46     		mov	r4, r1
 5085 0004 1546     		mov	r5, r2
 878:device/adc_tcp_server.c **** 
 5086              		.loc 1 878 5 is_stmt 1 view .LVU1259
 880:device/adc_tcp_server.c ****     {
 5087              		.loc 1 880 5 view .LVU1260
 880:device/adc_tcp_server.c ****     {
 5088              		.loc 1 880 8 is_stmt 0 view .LVU1261
 5089 0006 1E46     		mov	r6, r3
ARM GAS  /tmp/ccq8x8aq.s 			page 131


 5090 0008 9BB9     		cbnz	r3, .L245
 880:device/adc_tcp_server.c ****     {
 5091              		.loc 1 880 25 discriminator 1 view .LVU1262
 5092 000a 92B1     		cbz	r2, .L245
 904:device/adc_tcp_server.c **** 
 5093              		.loc 1 904 5 is_stmt 1 view .LVU1263
 5094 000c 1189     		ldrh	r1, [r2, #8]
 5095              	.LVL530:
 904:device/adc_tcp_server.c **** 
 5096              		.loc 1 904 5 is_stmt 0 view .LVU1264
 5097 000e 2046     		mov	r0, r4
 5098              	.LVL531:
 904:device/adc_tcp_server.c **** 
 5099              		.loc 1 904 5 view .LVU1265
 5100 0010 FFF7FEFF 		bl	tcp_recved
 5101              	.LVL532:
 906:device/adc_tcp_server.c **** 
 5102              		.loc 1 906 5 is_stmt 1 view .LVU1266
 906:device/adc_tcp_server.c **** 
 5103              		.loc 1 906 5 view .LVU1267
 5104 0014 2949     		ldr	r1, .L254
 5105 0016 0020     		movs	r0, #0
 5106 0018 FFF7FEFF 		bl	SEGGER_RTT_printf
 5107              	.LVL533:
 906:device/adc_tcp_server.c **** 
 5108              		.loc 1 906 5 view .LVU1268
 5109 001c 2A89     		ldrh	r2, [r5, #8]
 5110 001e 2849     		ldr	r1, .L254+4
 5111 0020 0020     		movs	r0, #0
 5112 0022 FFF7FEFF 		bl	SEGGER_RTT_printf
 5113              	.LVL534:
 906:device/adc_tcp_server.c **** 
 5114              		.loc 1 906 5 view .LVU1269
 5115 0026 2749     		ldr	r1, .L254+8
 5116 0028 0020     		movs	r0, #0
 5117 002a FFF7FEFF 		bl	SEGGER_RTT_printf
 5118              	.LVL535:
 906:device/adc_tcp_server.c **** 
 5119              		.loc 1 906 5 view .LVU1270
 908:device/adc_tcp_server.c ****     while (q != 0)
 5120              		.loc 1 908 5 view .LVU1271
 909:device/adc_tcp_server.c ****     {
 5121              		.loc 1 909 5 view .LVU1272
 908:device/adc_tcp_server.c ****     while (q != 0)
 5122              		.loc 1 908 18 is_stmt 0 view .LVU1273
 5123 002e 2C46     		mov	r4, r5
 5124              	.LVL536:
 909:device/adc_tcp_server.c ****     {
 5125              		.loc 1 909 11 view .LVU1274
 5126 0030 3DE0     		b	.L250
 5127              	.LVL537:
 5128              	.L245:
 882:device/adc_tcp_server.c **** 
 5129              		.loc 1 882 9 is_stmt 1 view .LVU1275
 882:device/adc_tcp_server.c **** 
 5130              		.loc 1 882 9 view .LVU1276
 5131 0032 2249     		ldr	r1, .L254
ARM GAS  /tmp/ccq8x8aq.s 			page 132


 5132              	.LVL538:
 882:device/adc_tcp_server.c **** 
 5133              		.loc 1 882 9 is_stmt 0 view .LVU1277
 5134 0034 0020     		movs	r0, #0
 5135              	.LVL539:
 882:device/adc_tcp_server.c **** 
 5136              		.loc 1 882 9 view .LVU1278
 5137 0036 FFF7FEFF 		bl	SEGGER_RTT_printf
 5138              	.LVL540:
 882:device/adc_tcp_server.c **** 
 5139              		.loc 1 882 9 is_stmt 1 view .LVU1279
 5140 003a 2B1E     		subs	r3, r5, #0
 5141 003c 18BF     		it	ne
 5142 003e 0123     		movne	r3, #1
 5143 0040 3246     		mov	r2, r6
 5144 0042 2149     		ldr	r1, .L254+12
 5145 0044 0020     		movs	r0, #0
 5146 0046 FFF7FEFF 		bl	SEGGER_RTT_printf
 5147              	.LVL541:
 882:device/adc_tcp_server.c **** 
 5148              		.loc 1 882 9 view .LVU1280
 5149 004a 1E49     		ldr	r1, .L254+8
 5150 004c 0020     		movs	r0, #0
 5151 004e FFF7FEFF 		bl	SEGGER_RTT_printf
 5152              	.LVL542:
 882:device/adc_tcp_server.c **** 
 5153              		.loc 1 882 9 view .LVU1281
 884:device/adc_tcp_server.c ****         if (p != 0)
 5154              		.loc 1 884 9 view .LVU1282
 5155 0052 FFF7FEFF 		bl	AdcStream_Stop
 5156              	.LVL543:
 885:device/adc_tcp_server.c ****         {
 5157              		.loc 1 885 9 view .LVU1283
 885:device/adc_tcp_server.c ****         {
 5158              		.loc 1 885 12 is_stmt 0 view .LVU1284
 5159 0056 15B1     		cbz	r5, .L247
 887:device/adc_tcp_server.c ****         }
 5160              		.loc 1 887 13 is_stmt 1 view .LVU1285
 5161 0058 2846     		mov	r0, r5
 5162 005a FFF7FEFF 		bl	pbuf_free
 5163              	.LVL544:
 5164              	.L247:
 889:device/adc_tcp_server.c ****         if (s_client == tpcb)
 5165              		.loc 1 889 9 view .LVU1286
 5166 005e 2046     		mov	r0, r4
 5167 0060 FFF7FEFF 		bl	tcp_close
 5168              	.LVL545:
 890:device/adc_tcp_server.c ****         {
 5169              		.loc 1 890 9 view .LVU1287
 890:device/adc_tcp_server.c ****         {
 5170              		.loc 1 890 22 is_stmt 0 view .LVU1288
 5171 0064 194B     		ldr	r3, .L254+16
 5172 0066 1B68     		ldr	r3, [r3]
 890:device/adc_tcp_server.c ****         {
 5173              		.loc 1 890 12 view .LVU1289
 5174 0068 A342     		cmp	r3, r4
 5175 006a 17D0     		beq	.L253
ARM GAS  /tmp/ccq8x8aq.s 			page 133


 5176              	.L248:
 894:device/adc_tcp_server.c ****         s_start_wait_ack = 0;
 5177              		.loc 1 894 9 is_stmt 1 view .LVU1290
 894:device/adc_tcp_server.c ****         s_start_wait_ack = 0;
 5178              		.loc 1 894 17 is_stmt 0 view .LVU1291
 5179 006c 0024     		movs	r4, #0
 5180              	.LVL546:
 894:device/adc_tcp_server.c ****         s_start_wait_ack = 0;
 5181              		.loc 1 894 17 view .LVU1292
 5182 006e 184B     		ldr	r3, .L254+20
 5183 0070 1C80     		strh	r4, [r3]	@ movhi
 895:device/adc_tcp_server.c ****         s_start_do_now = 0;
 5184              		.loc 1 895 9 is_stmt 1 view .LVU1293
 895:device/adc_tcp_server.c ****         s_start_do_now = 0;
 5185              		.loc 1 895 26 is_stmt 0 view .LVU1294
 5186 0072 184B     		ldr	r3, .L254+24
 5187 0074 1C70     		strb	r4, [r3]
 896:device/adc_tcp_server.c ****         s_stream_debug_active = 0;
 5188              		.loc 1 896 9 is_stmt 1 view .LVU1295
 896:device/adc_tcp_server.c ****         s_stream_debug_active = 0;
 5189              		.loc 1 896 24 is_stmt 0 view .LVU1296
 5190 0076 184B     		ldr	r3, .L254+28
 5191 0078 1C70     		strb	r4, [r3]
 897:device/adc_tcp_server.c ****         txq_reset();
 5192              		.loc 1 897 9 is_stmt 1 view .LVU1297
 897:device/adc_tcp_server.c ****         txq_reset();
 5193              		.loc 1 897 31 is_stmt 0 view .LVU1298
 5194 007a 184B     		ldr	r3, .L254+32
 5195 007c 1C70     		strb	r4, [r3]
 898:device/adc_tcp_server.c **** 
 5196              		.loc 1 898 9 is_stmt 1 view .LVU1299
 5197 007e FFF7FEFF 		bl	txq_reset
 5198              	.LVL547:
 900:device/adc_tcp_server.c ****         return ERR_OK;
 5199              		.loc 1 900 9 view .LVU1300
 900:device/adc_tcp_server.c ****         return ERR_OK;
 5200              		.loc 1 900 9 view .LVU1301
 5201 0082 1749     		ldr	r1, .L254+36
 5202 0084 2046     		mov	r0, r4
 5203 0086 FFF7FEFF 		bl	SEGGER_RTT_printf
 5204              	.LVL548:
 900:device/adc_tcp_server.c ****         return ERR_OK;
 5205              		.loc 1 900 9 view .LVU1302
 5206 008a 1649     		ldr	r1, .L254+40
 5207 008c 2046     		mov	r0, r4
 5208 008e FFF7FEFF 		bl	SEGGER_RTT_printf
 5209              	.LVL549:
 900:device/adc_tcp_server.c ****         return ERR_OK;
 5210              		.loc 1 900 9 view .LVU1303
 5211 0092 0C49     		ldr	r1, .L254+8
 5212 0094 2046     		mov	r0, r4
 5213 0096 FFF7FEFF 		bl	SEGGER_RTT_printf
 5214              	.LVL550:
 900:device/adc_tcp_server.c ****         return ERR_OK;
 5215              		.loc 1 900 9 view .LVU1304
 901:device/adc_tcp_server.c ****     }
 5216              		.loc 1 901 9 view .LVU1305
ARM GAS  /tmp/ccq8x8aq.s 			page 134


 901:device/adc_tcp_server.c ****     }
 5217              		.loc 1 901 16 is_stmt 0 view .LVU1306
 5218 009a 0DE0     		b	.L249
 5219              	.LVL551:
 5220              	.L253:
 892:device/adc_tcp_server.c ****         }
 5221              		.loc 1 892 13 is_stmt 1 view .LVU1307
 892:device/adc_tcp_server.c ****         }
 5222              		.loc 1 892 22 is_stmt 0 view .LVU1308
 5223 009c 0B4B     		ldr	r3, .L254+16
 5224 009e 0022     		movs	r2, #0
 5225 00a0 1A60     		str	r2, [r3]
 5226 00a2 E3E7     		b	.L248
 5227              	.LVL552:
 5228              	.L251:
 911:device/adc_tcp_server.c ****         q = q->next;
 5229              		.loc 1 911 9 is_stmt 1 view .LVU1309
 5230 00a4 6189     		ldrh	r1, [r4, #10]
 5231 00a6 6068     		ldr	r0, [r4, #4]
 5232 00a8 FFF7FEFF 		bl	parse_rx_stream
 5233              	.LVL553:
 912:device/adc_tcp_server.c ****     }
 5234              		.loc 1 912 9 view .LVU1310
 912:device/adc_tcp_server.c ****     }
 5235              		.loc 1 912 11 is_stmt 0 view .LVU1311
 5236 00ac 2468     		ldr	r4, [r4]
 5237              	.LVL554:
 5238              	.L250:
 909:device/adc_tcp_server.c ****     {
 5239              		.loc 1 909 11 is_stmt 1 view .LVU1312
 5240 00ae 002C     		cmp	r4, #0
 5241 00b0 F8D1     		bne	.L251
 915:device/adc_tcp_server.c ****     return ERR_OK;
 5242              		.loc 1 915 5 view .LVU1313
 5243 00b2 2846     		mov	r0, r5
 5244 00b4 FFF7FEFF 		bl	pbuf_free
 5245              	.LVL555:
 916:device/adc_tcp_server.c **** }
 5246              		.loc 1 916 5 view .LVU1314
 5247              	.L249:
 917:device/adc_tcp_server.c **** 
 5248              		.loc 1 917 1 is_stmt 0 view .LVU1315
 5249 00b8 0020     		movs	r0, #0
 5250 00ba 70BD     		pop	{r4, r5, r6, pc}
 5251              	.LVL556:
 5252              	.L255:
 917:device/adc_tcp_server.c **** 
 5253              		.loc 1 917 1 view .LVU1316
 5254              		.align	2
 5255              	.L254:
 5256 00bc 74000000 		.word	.LC14
 5257 00c0 54000000 		.word	.LC65
 5258 00c4 4C000000 		.word	.LC9
 5259 00c8 00000000 		.word	.LC63
 5260 00cc 00000000 		.word	.LANCHOR5
 5261 00d0 00000000 		.word	.LANCHOR12
 5262 00d4 00000000 		.word	.LANCHOR10
ARM GAS  /tmp/ccq8x8aq.s 			page 135


 5263 00d8 00000000 		.word	.LANCHOR11
 5264 00dc 00000000 		.word	.LANCHOR13
 5265 00e0 00000000 		.word	.LC7
 5266 00e4 2C000000 		.word	.LC64
 5267              		.cfi_endproc
 5268              	.LFE181:
 5270              		.section	.bss.s_ackbuf,"aw",%nobits
 5271              		.align	2
 5272              		.set	.LANCHOR14,. + 0
 5275              	s_ackbuf:
 5276 0000 00000000 		.space	64
 5276      00000000 
 5276      00000000 
 5276      00000000 
 5276      00000000 
 5277              		.section	.bss.s_client,"aw",%nobits
 5278              		.align	2
 5279              		.set	.LANCHOR5,. + 0
 5282              	s_client:
 5283 0000 00000000 		.space	4
 5284              		.section	.bss.s_frame_seq,"aw",%nobits
 5285              		.align	2
 5286              		.set	.LANCHOR7,. + 0
 5289              	s_frame_seq:
 5290 0000 00000000 		.space	4
 5291              		.section	.bss.s_last_acked_frames,"aw",%nobits
 5292              		.align	2
 5293              		.set	.LANCHOR31,. + 0
 5296              	s_last_acked_frames:
 5297 0000 00000000 		.space	4
 5298              		.section	.bss.s_last_isr_stop_count,"aw",%nobits
 5299              		.align	2
 5300              		.set	.LANCHOR28,. + 0
 5303              	s_last_isr_stop_count:
 5304 0000 00000000 		.space	4
 5305              		.section	.bss.s_last_memerr,"aw",%nobits
 5306              		.align	2
 5307              		.set	.LANCHOR33,. + 0
 5310              	s_last_memerr:
 5311 0000 00000000 		.space	4
 5312              		.section	.bss.s_last_overrun,"aw",%nobits
 5313              		.align	2
 5314              		.set	.LANCHOR34,. + 0
 5317              	s_last_overrun:
 5318 0000 00000000 		.space	4
 5319              		.section	.bss.s_last_stream_seq,"aw",%nobits
 5320              		.align	2
 5321              		.set	.LANCHOR25,. + 0
 5324              	s_last_stream_seq:
 5325 0000 00000000 		.space	4
 5326              		.section	.bss.s_last_stream_stat_tick,"aw",%nobits
 5327              		.align	2
 5328              		.set	.LANCHOR24,. + 0
 5331              	s_last_stream_stat_tick:
 5332 0000 00000000 		.space	4
 5333              		.section	.bss.s_last_tcp_bytes,"aw",%nobits
 5334              		.align	2
ARM GAS  /tmp/ccq8x8aq.s 			page 136


 5335              		.set	.LANCHOR32,. + 0
 5338              	s_last_tcp_bytes:
 5339 0000 00000000 		.space	4
 5340              		.section	.bss.s_last_tx_frames,"aw",%nobits
 5341              		.align	2
 5342              		.set	.LANCHOR30,. + 0
 5345              	s_last_tx_frames:
 5346 0000 00000000 		.space	4
 5347              		.section	.bss.s_listen,"aw",%nobits
 5348              		.align	2
 5349              		.set	.LANCHOR35,. + 0
 5352              	s_listen:
 5353 0000 00000000 		.space	4
 5354              		.section	.bss.s_no_data_warned,"aw",%nobits
 5355              		.set	.LANCHOR26,. + 0
 5358              	s_no_data_warned:
 5359 0000 00       		.space	1
 5360              		.section	.bss.s_pending_stop_ack,"aw",%nobits
 5361              		.align	2
 5362              		.set	.LANCHOR16,. + 0
 5365              	s_pending_stop_ack:
 5366 0000 00000000 		.space	4
 5367              		.section	.bss.s_rxbuf,"aw",%nobits
 5368              		.align	2
 5369              		.set	.LANCHOR36,. + 0
 5372              	s_rxbuf:
 5373 0000 00000000 		.space	256
 5373      00000000 
 5373      00000000 
 5373      00000000 
 5373      00000000 
 5374              		.section	.bss.s_rxlen,"aw",%nobits
 5375              		.align	1
 5376              		.set	.LANCHOR12,. + 0
 5379              	s_rxlen:
 5380 0000 0000     		.space	2
 5381              		.section	.bss.s_start_do_now,"aw",%nobits
 5382              		.set	.LANCHOR11,. + 0
 5385              	s_start_do_now:
 5386 0000 00       		.space	1
 5387              		.section	.bss.s_start_wait_ack,"aw",%nobits
 5388              		.set	.LANCHOR10,. + 0
 5391              	s_start_wait_ack:
 5392 0000 00       		.space	1
 5393              		.section	.bss.s_stream_debug_active,"aw",%nobits
 5394              		.set	.LANCHOR13,. + 0
 5397              	s_stream_debug_active:
 5398 0000 00       		.space	1
 5399              		.section	.bss.s_stream_start_tick,"aw",%nobits
 5400              		.align	2
 5401              		.set	.LANCHOR23,. + 0
 5404              	s_stream_start_tick:
 5405 0000 00000000 		.space	4
 5406              		.section	.bss.s_stream_stop_reported,"aw",%nobits
 5407              		.set	.LANCHOR27,. + 0
 5410              	s_stream_stop_reported:
 5411 0000 00       		.space	1
ARM GAS  /tmp/ccq8x8aq.s 			page 137


 5412              		.section	.bss.s_tcp_acked_data_frames,"aw",%nobits
 5413              		.align	2
 5414              		.set	.LANCHOR9,. + 0
 5417              	s_tcp_acked_data_frames:
 5418 0000 00000000 		.space	4
 5419              		.section	.bss.s_tcp_data_bytes_written,"aw",%nobits
 5420              		.align	2
 5421              		.set	.LANCHOR19,. + 0
 5424              	s_tcp_data_bytes_written:
 5425 0000 00000000 		.space	4
 5426              		.section	.bss.s_tcp_err_mem,"aw",%nobits
 5427              		.align	2
 5428              		.set	.LANCHOR15,. + 0
 5431              	s_tcp_err_mem:
 5432 0000 00000000 		.space	4
 5433              		.section	.bss.s_tcp_no_seg_count,"aw",%nobits
 5434              		.align	2
 5435              		.set	.LANCHOR22,. + 0
 5438              	s_tcp_no_seg_count:
 5439 0000 00000000 		.space	4
 5440              		.section	.bss.s_tcp_no_sndbuf_count,"aw",%nobits
 5441              		.align	2
 5442              		.set	.LANCHOR21,. + 0
 5445              	s_tcp_no_sndbuf_count:
 5446 0000 00000000 		.space	4
 5447              		.section	.bss.s_tcp_sent_frames,"aw",%nobits
 5448              		.align	2
 5449              		.set	.LANCHOR18,. + 0
 5452              	s_tcp_sent_frames:
 5453 0000 00000000 		.space	4
 5454              		.section	.bss.s_tcp_sndq_full,"aw",%nobits
 5455              		.align	2
 5456              		.set	.LANCHOR17,. + 0
 5459              	s_tcp_sndq_full:
 5460 0000 00000000 		.space	4
 5461              		.section	.bss.s_tcp_write_err_count,"aw",%nobits
 5462              		.align	2
 5463              		.set	.LANCHOR20,. + 0
 5466              	s_tcp_write_err_count:
 5467 0000 00000000 		.space	4
 5468              		.section	.bss.s_tx_block_wait_count,"aw",%nobits
 5469              		.align	2
 5470              		.set	.LANCHOR29,. + 0
 5473              	s_tx_block_wait_count:
 5474 0000 00000000 		.space	4
 5475              		.section	.bss.s_txq,"aw",%nobits
 5476              		.align	2
 5477              		.set	.LANCHOR2,. + 0
 5480              	s_txq:
 5481 0000 00000000 		.space	320
 5481      00000000 
 5481      00000000 
 5481      00000000 
 5481      00000000 
 5482              		.section	.bss.s_txq_count,"aw",%nobits
 5483              		.align	1
 5484              		.set	.LANCHOR0,. + 0
ARM GAS  /tmp/ccq8x8aq.s 			page 138


 5487              	s_txq_count:
 5488 0000 0000     		.space	2
 5489              		.section	.bss.s_txq_head,"aw",%nobits
 5490              		.set	.LANCHOR8,. + 0
 5493              	s_txq_head:
 5494 0000 00       		.space	1
 5495              		.section	.bss.s_txq_tail,"aw",%nobits
 5496              		.set	.LANCHOR1,. + 0
 5499              	s_txq_tail:
 5500 0000 00       		.space	1
 5501              		.section	.bss.s_unacked_data_bytes,"aw",%nobits
 5502              		.align	2
 5503              		.set	.LANCHOR4,. + 0
 5506              	s_unacked_data_bytes:
 5507 0000 00000000 		.space	4
 5508              		.section	.bss.s_unacked_total_bytes,"aw",%nobits
 5509              		.align	2
 5510              		.set	.LANCHOR3,. + 0
 5513              	s_unacked_total_bytes:
 5514 0000 00000000 		.space	4
 5515              		.section	.rodata.s_crc_table.11640,"a"
 5516              		.align	2
 5517              		.set	.LANCHOR6,. + 0
 5520              	s_crc_table.11640:
 5521 0000 0000     		.short	0
 5522 0002 C1C0     		.short	-16191
 5523 0004 81C1     		.short	-15999
 5524 0006 4001     		.short	320
 5525 0008 01C3     		.short	-15615
 5526 000a C003     		.short	960
 5527 000c 8002     		.short	640
 5528 000e 41C2     		.short	-15807
 5529 0010 01C6     		.short	-14847
 5530 0012 C006     		.short	1728
 5531 0014 8007     		.short	1920
 5532 0016 41C7     		.short	-14527
 5533 0018 0005     		.short	1280
 5534 001a C1C5     		.short	-14911
 5535 001c 81C4     		.short	-15231
 5536 001e 4004     		.short	1088
 5537 0020 01CC     		.short	-13311
 5538 0022 C00C     		.short	3264
 5539 0024 800D     		.short	3456
 5540 0026 41CD     		.short	-12991
 5541 0028 000F     		.short	3840
 5542 002a C1CF     		.short	-12351
 5543 002c 81CE     		.short	-12671
 5544 002e 400E     		.short	3648
 5545 0030 000A     		.short	2560
 5546 0032 C1CA     		.short	-13631
 5547 0034 81CB     		.short	-13439
 5548 0036 400B     		.short	2880
 5549 0038 01C9     		.short	-14079
 5550 003a C009     		.short	2496
 5551 003c 8008     		.short	2176
 5552 003e 41C8     		.short	-14271
 5553 0040 01D8     		.short	-10239
ARM GAS  /tmp/ccq8x8aq.s 			page 139


 5554 0042 C018     		.short	6336
 5555 0044 8019     		.short	6528
 5556 0046 41D9     		.short	-9919
 5557 0048 001B     		.short	6912
 5558 004a C1DB     		.short	-9279
 5559 004c 81DA     		.short	-9599
 5560 004e 401A     		.short	6720
 5561 0050 001E     		.short	7680
 5562 0052 C1DE     		.short	-8511
 5563 0054 81DF     		.short	-8319
 5564 0056 401F     		.short	8000
 5565 0058 01DD     		.short	-8959
 5566 005a C01D     		.short	7616
 5567 005c 801C     		.short	7296
 5568 005e 41DC     		.short	-9151
 5569 0060 0014     		.short	5120
 5570 0062 C1D4     		.short	-11071
 5571 0064 81D5     		.short	-10879
 5572 0066 4015     		.short	5440
 5573 0068 01D7     		.short	-10495
 5574 006a C017     		.short	6080
 5575 006c 8016     		.short	5760
 5576 006e 41D6     		.short	-10687
 5577 0070 01D2     		.short	-11775
 5578 0072 C012     		.short	4800
 5579 0074 8013     		.short	4992
 5580 0076 41D3     		.short	-11455
 5581 0078 0011     		.short	4352
 5582 007a C1D1     		.short	-11839
 5583 007c 81D0     		.short	-12159
 5584 007e 4010     		.short	4160
 5585 0080 01F0     		.short	-4095
 5586 0082 C030     		.short	12480
 5587 0084 8031     		.short	12672
 5588 0086 41F1     		.short	-3775
 5589 0088 0033     		.short	13056
 5590 008a C1F3     		.short	-3135
 5591 008c 81F2     		.short	-3455
 5592 008e 4032     		.short	12864
 5593 0090 0036     		.short	13824
 5594 0092 C1F6     		.short	-2367
 5595 0094 81F7     		.short	-2175
 5596 0096 4037     		.short	14144
 5597 0098 01F5     		.short	-2815
 5598 009a C035     		.short	13760
 5599 009c 8034     		.short	13440
 5600 009e 41F4     		.short	-3007
 5601 00a0 003C     		.short	15360
 5602 00a2 C1FC     		.short	-831
 5603 00a4 81FD     		.short	-639
 5604 00a6 403D     		.short	15680
 5605 00a8 01FF     		.short	-255
 5606 00aa C03F     		.short	16320
 5607 00ac 803E     		.short	16000
 5608 00ae 41FE     		.short	-447
 5609 00b0 01FA     		.short	-1535
 5610 00b2 C03A     		.short	15040
ARM GAS  /tmp/ccq8x8aq.s 			page 140


 5611 00b4 803B     		.short	15232
 5612 00b6 41FB     		.short	-1215
 5613 00b8 0039     		.short	14592
 5614 00ba C1F9     		.short	-1599
 5615 00bc 81F8     		.short	-1919
 5616 00be 4038     		.short	14400
 5617 00c0 0028     		.short	10240
 5618 00c2 C1E8     		.short	-5951
 5619 00c4 81E9     		.short	-5759
 5620 00c6 4029     		.short	10560
 5621 00c8 01EB     		.short	-5375
 5622 00ca C02B     		.short	11200
 5623 00cc 802A     		.short	10880
 5624 00ce 41EA     		.short	-5567
 5625 00d0 01EE     		.short	-4607
 5626 00d2 C02E     		.short	11968
 5627 00d4 802F     		.short	12160
 5628 00d6 41EF     		.short	-4287
 5629 00d8 002D     		.short	11520
 5630 00da C1ED     		.short	-4671
 5631 00dc 81EC     		.short	-4991
 5632 00de 402C     		.short	11328
 5633 00e0 01E4     		.short	-7167
 5634 00e2 C024     		.short	9408
 5635 00e4 8025     		.short	9600
 5636 00e6 41E5     		.short	-6847
 5637 00e8 0027     		.short	9984
 5638 00ea C1E7     		.short	-6207
 5639 00ec 81E6     		.short	-6527
 5640 00ee 4026     		.short	9792
 5641 00f0 0022     		.short	8704
 5642 00f2 C1E2     		.short	-7487
 5643 00f4 81E3     		.short	-7295
 5644 00f6 4023     		.short	9024
 5645 00f8 01E1     		.short	-7935
 5646 00fa C021     		.short	8640
 5647 00fc 8020     		.short	8320
 5648 00fe 41E0     		.short	-8127
 5649 0100 01A0     		.short	-24575
 5650 0102 C060     		.short	24768
 5651 0104 8061     		.short	24960
 5652 0106 41A1     		.short	-24255
 5653 0108 0063     		.short	25344
 5654 010a C1A3     		.short	-23615
 5655 010c 81A2     		.short	-23935
 5656 010e 4062     		.short	25152
 5657 0110 0066     		.short	26112
 5658 0112 C1A6     		.short	-22847
 5659 0114 81A7     		.short	-22655
 5660 0116 4067     		.short	26432
 5661 0118 01A5     		.short	-23295
 5662 011a C065     		.short	26048
 5663 011c 8064     		.short	25728
 5664 011e 41A4     		.short	-23487
 5665 0120 006C     		.short	27648
 5666 0122 C1AC     		.short	-21311
 5667 0124 81AD     		.short	-21119
ARM GAS  /tmp/ccq8x8aq.s 			page 141


 5668 0126 406D     		.short	27968
 5669 0128 01AF     		.short	-20735
 5670 012a C06F     		.short	28608
 5671 012c 806E     		.short	28288
 5672 012e 41AE     		.short	-20927
 5673 0130 01AA     		.short	-22015
 5674 0132 C06A     		.short	27328
 5675 0134 806B     		.short	27520
 5676 0136 41AB     		.short	-21695
 5677 0138 0069     		.short	26880
 5678 013a C1A9     		.short	-22079
 5679 013c 81A8     		.short	-22399
 5680 013e 4068     		.short	26688
 5681 0140 0078     		.short	30720
 5682 0142 C1B8     		.short	-18239
 5683 0144 81B9     		.short	-18047
 5684 0146 4079     		.short	31040
 5685 0148 01BB     		.short	-17663
 5686 014a C07B     		.short	31680
 5687 014c 807A     		.short	31360
 5688 014e 41BA     		.short	-17855
 5689 0150 01BE     		.short	-16895
 5690 0152 C07E     		.short	32448
 5691 0154 807F     		.short	32640
 5692 0156 41BF     		.short	-16575
 5693 0158 007D     		.short	32000
 5694 015a C1BD     		.short	-16959
 5695 015c 81BC     		.short	-17279
 5696 015e 407C     		.short	31808
 5697 0160 01B4     		.short	-19455
 5698 0162 C074     		.short	29888
 5699 0164 8075     		.short	30080
 5700 0166 41B5     		.short	-19135
 5701 0168 0077     		.short	30464
 5702 016a C1B7     		.short	-18495
 5703 016c 81B6     		.short	-18815
 5704 016e 4076     		.short	30272
 5705 0170 0072     		.short	29184
 5706 0172 C1B2     		.short	-19775
 5707 0174 81B3     		.short	-19583
 5708 0176 4073     		.short	29504
 5709 0178 01B1     		.short	-20223
 5710 017a C071     		.short	29120
 5711 017c 8070     		.short	28800
 5712 017e 41B0     		.short	-20415
 5713 0180 0050     		.short	20480
 5714 0182 C190     		.short	-28479
 5715 0184 8191     		.short	-28287
 5716 0186 4051     		.short	20800
 5717 0188 0193     		.short	-27903
 5718 018a C053     		.short	21440
 5719 018c 8052     		.short	21120
 5720 018e 4192     		.short	-28095
 5721 0190 0196     		.short	-27135
 5722 0192 C056     		.short	22208
 5723 0194 8057     		.short	22400
 5724 0196 4197     		.short	-26815
ARM GAS  /tmp/ccq8x8aq.s 			page 142


 5725 0198 0055     		.short	21760
 5726 019a C195     		.short	-27199
 5727 019c 8194     		.short	-27519
 5728 019e 4054     		.short	21568
 5729 01a0 019C     		.short	-25599
 5730 01a2 C05C     		.short	23744
 5731 01a4 805D     		.short	23936
 5732 01a6 419D     		.short	-25279
 5733 01a8 005F     		.short	24320
 5734 01aa C19F     		.short	-24639
 5735 01ac 819E     		.short	-24959
 5736 01ae 405E     		.short	24128
 5737 01b0 005A     		.short	23040
 5738 01b2 C19A     		.short	-25919
 5739 01b4 819B     		.short	-25727
 5740 01b6 405B     		.short	23360
 5741 01b8 0199     		.short	-26367
 5742 01ba C059     		.short	22976
 5743 01bc 8058     		.short	22656
 5744 01be 4198     		.short	-26559
 5745 01c0 0188     		.short	-30719
 5746 01c2 C048     		.short	18624
 5747 01c4 8049     		.short	18816
 5748 01c6 4189     		.short	-30399
 5749 01c8 004B     		.short	19200
 5750 01ca C18B     		.short	-29759
 5751 01cc 818A     		.short	-30079
 5752 01ce 404A     		.short	19008
 5753 01d0 004E     		.short	19968
 5754 01d2 C18E     		.short	-28991
 5755 01d4 818F     		.short	-28799
 5756 01d6 404F     		.short	20288
 5757 01d8 018D     		.short	-29439
 5758 01da C04D     		.short	19904
 5759 01dc 804C     		.short	19584
 5760 01de 418C     		.short	-29631
 5761 01e0 0044     		.short	17408
 5762 01e2 C184     		.short	-31551
 5763 01e4 8185     		.short	-31359
 5764 01e6 4045     		.short	17728
 5765 01e8 0187     		.short	-30975
 5766 01ea C047     		.short	18368
 5767 01ec 8046     		.short	18048
 5768 01ee 4186     		.short	-31167
 5769 01f0 0182     		.short	-32255
 5770 01f2 C042     		.short	17088
 5771 01f4 8043     		.short	17280
 5772 01f6 4183     		.short	-31935
 5773 01f8 0041     		.short	16640
 5774 01fa C181     		.short	-32319
 5775 01fc 8180     		.short	-32639
 5776 01fe 4040     		.short	16448
 5777              		.text
 5778              	.Letext0:
 5779              		.file 2 "/opt/gcc-arm-none-eabi-9-2020-q2-update/arm-none-eabi/include/machine/_default_types.h"
 5780              		.file 3 "/opt/gcc-arm-none-eabi-9-2020-q2-update/arm-none-eabi/include/sys/_stdint.h"
 5781              		.file 4 "device/app_config.h"
ARM GAS  /tmp/ccq8x8aq.s 			page 143


 5782              		.file 5 "Drivers/CMSIS/Include/core_cm4.h"
 5783              		.file 6 "Drivers/CMSIS/Device/ST/STM32F4xx/Include/system_stm32f4xx.h"
 5784              		.file 7 "Drivers/STM32F4xx_HAL_Driver/Inc/stm32f4xx_hal.h"
 5785              		.file 8 "device/adc_stream.h"
 5786              		.file 9 "/opt/gcc-arm-none-eabi-9-2020-q2-update/lib/gcc/arm-none-eabi/9.3.1/include/stddef.h"
 5787              		.file 10 "/opt/gcc-arm-none-eabi-9-2020-q2-update/arm-none-eabi/include/sys/_types.h"
 5788              		.file 11 "/opt/gcc-arm-none-eabi-9-2020-q2-update/arm-none-eabi/include/sys/reent.h"
 5789              		.file 12 "/opt/gcc-arm-none-eabi-9-2020-q2-update/arm-none-eabi/include/sys/lock.h"
 5790              		.file 13 "/opt/gcc-arm-none-eabi-9-2020-q2-update/arm-none-eabi/include/stdlib.h"
 5791              		.file 14 "/opt/gcc-arm-none-eabi-9-2020-q2-update/arm-none-eabi/include/time.h"
 5792              		.file 15 "Middlewares/Third_Party/LwIP/src/include/lwip/arch.h"
 5793              		.file 16 "/opt/gcc-arm-none-eabi-9-2020-q2-update/arm-none-eabi/include/ctype.h"
 5794              		.file 17 "Middlewares/Third_Party/LwIP/src/include/lwip/tcpbase.h"
 5795              		.file 18 "Middlewares/Third_Party/LwIP/src/include/lwip/err.h"
 5796              		.file 19 "Middlewares/Third_Party/LwIP/src/include/lwip/pbuf.h"
 5797              		.file 20 "Middlewares/Third_Party/LwIP/src/include/lwip/ip4_addr.h"
 5798              		.file 21 "Middlewares/Third_Party/LwIP/src/include/lwip/ip_addr.h"
 5799              		.file 22 "Middlewares/Third_Party/LwIP/src/include/lwip/memp.h"
 5800              		.file 23 "Middlewares/Third_Party/LwIP/src/include/lwip/priv/memp_priv.h"
 5801              		.file 24 "Middlewares/Third_Party/LwIP/src/include/lwip/netif.h"
 5802              		.file 25 "Middlewares/Third_Party/LwIP/src/include/lwip/prot/ip4.h"
 5803              		.file 26 "Middlewares/Third_Party/LwIP/src/include/lwip/ip.h"
 5804              		.file 27 "Middlewares/Third_Party/LwIP/src/include/lwip/tcp.h"
 5805              		.file 28 "ARM_SEGGER_RTT/SEGGER_RTT.h"
 5806              		.file 29 "/opt/gcc-arm-none-eabi-9-2020-q2-update/arm-none-eabi/include/string.h"
 5807              		.file 30 "device/range_ctrl.h"
 5808              		.file 31 "device/ads127l11.h"
 5809              		.file 32 "device/flash_param.h"
 5810              		.file 33 "<built-in>"
ARM GAS  /tmp/ccq8x8aq.s 			page 144


DEFINED SYMBOLS
                            *ABS*:0000000000000000 adc_tcp_server.c
     /tmp/ccq8x8aq.s:18     .rodata.cmd_name.str1.4:0000000000000000 $d
     /tmp/ccq8x8aq.s:40     .text.cmd_name:0000000000000000 $t
     /tmp/ccq8x8aq.s:47     .text.cmd_name:0000000000000000 cmd_name
     /tmp/ccq8x8aq.s:69     .text.cmd_name:0000000000000012 $d
     /tmp/ccq8x8aq.s:85     .text.cmd_name:0000000000000022 $t
     /tmp/ccq8x8aq.s:141    .text.cmd_name:000000000000004c $d
     /tmp/ccq8x8aq.s:152    .text.get_u16:0000000000000000 $t
     /tmp/ccq8x8aq.s:158    .text.get_u16:0000000000000000 get_u16
     /tmp/ccq8x8aq.s:179    .text.get_u32:0000000000000000 $t
     /tmp/ccq8x8aq.s:185    .text.get_u32:0000000000000000 get_u32
     /tmp/ccq8x8aq.s:214    .text.put_u16:0000000000000000 $t
     /tmp/ccq8x8aq.s:220    .text.put_u16:0000000000000000 put_u16
     /tmp/ccq8x8aq.s:243    .text.put_u32:0000000000000000 $t
     /tmp/ccq8x8aq.s:249    .text.put_u32:0000000000000000 put_u32
     /tmp/ccq8x8aq.s:282    .text.txq_next:0000000000000000 $t
     /tmp/ccq8x8aq.s:288    .text.txq_next:0000000000000000 txq_next
     /tmp/ccq8x8aq.s:318    .text.txq_push:0000000000000000 $t
     /tmp/ccq8x8aq.s:324    .text.txq_push:0000000000000000 txq_push
     /tmp/ccq8x8aq.s:413    .text.txq_push:0000000000000050 $d
     /tmp/ccq8x8aq.s:422    .text.tcp_sndq_len_now:0000000000000000 $t
     /tmp/ccq8x8aq.s:428    .text.tcp_sndq_len_now:0000000000000000 tcp_sndq_len_now
     /tmp/ccq8x8aq.s:453    .text.tcp_sndq_len_now:0000000000000010 $d
     /tmp/ccq8x8aq.s:458    .text.tcp_required_segs:0000000000000000 $t
     /tmp/ccq8x8aq.s:464    .text.tcp_required_segs:0000000000000000 tcp_required_segs
     /tmp/ccq8x8aq.s:497    .text.tcp_required_segs:0000000000000014 $d
     /tmp/ccq8x8aq.s:502    .text.crc16_modbus:0000000000000000 $t
     /tmp/ccq8x8aq.s:508    .text.crc16_modbus:0000000000000000 crc16_modbus
     /tmp/ccq8x8aq.s:575    .text.crc16_modbus:0000000000000028 $d
     /tmp/ccq8x8aq.s:580    .text.build_data_frame:0000000000000000 $t
     /tmp/ccq8x8aq.s:586    .text.build_data_frame:0000000000000000 build_data_frame
     /tmp/ccq8x8aq.s:718    .text.build_data_frame:0000000000000090 $d
     /tmp/ccq8x8aq.s:724    .rodata.on_sent.str1.4:0000000000000000 $d
     /tmp/ccq8x8aq.s:735    .text.on_sent:0000000000000000 $t
     /tmp/ccq8x8aq.s:741    .text.on_sent:0000000000000000 on_sent
     /tmp/ccq8x8aq.s:969    .text.on_sent:00000000000000e0 $d
     /tmp/ccq8x8aq.s:984    .text.txq_reset:0000000000000000 $t
     /tmp/ccq8x8aq.s:990    .text.txq_reset:0000000000000000 txq_reset
     /tmp/ccq8x8aq.s:1033   .text.txq_reset:0000000000000028 $d
     /tmp/ccq8x8aq.s:1043   .rodata.on_err.str1.4:0000000000000000 $d
     /tmp/ccq8x8aq.s:1053   .text.on_err:0000000000000000 $t
     /tmp/ccq8x8aq.s:1059   .text.on_err:0000000000000000 on_err
     /tmp/ccq8x8aq.s:1148   .text.on_err:0000000000000058 $d
     /tmp/ccq8x8aq.s:1162   .text.build_small_frame:0000000000000000 $t
     /tmp/ccq8x8aq.s:1168   .text.build_small_frame:0000000000000000 build_small_frame
     /tmp/ccq8x8aq.s:1255   .rodata.discard_stale_stream_before_start.str1.4:0000000000000000 $d
     /tmp/ccq8x8aq.s:1268   .text.discard_stale_stream_before_start:0000000000000000 $t
     /tmp/ccq8x8aq.s:1274   .text.discard_stale_stream_before_start:0000000000000000 discard_stale_stream_before_start
     /tmp/ccq8x8aq.s:1413   .text.discard_stale_stream_before_start:0000000000000084 $d
     /tmp/ccq8x8aq.s:1423   .text.send_small_frame:0000000000000000 $t
     /tmp/ccq8x8aq.s:1429   .text.send_small_frame:0000000000000000 send_small_frame
     /tmp/ccq8x8aq.s:1562   .text.send_small_frame:0000000000000088 $d
     /tmp/ccq8x8aq.s:1570   .rodata.send_ack.str1.4:0000000000000000 $d
     /tmp/ccq8x8aq.s:1580   .text.send_ack:0000000000000000 $t
     /tmp/ccq8x8aq.s:1586   .text.send_ack:0000000000000000 send_ack
     /tmp/ccq8x8aq.s:1832   .text.send_ack:000000000000015c $d
ARM GAS  /tmp/ccq8x8aq.s 			page 145


     /tmp/ccq8x8aq.s:1847   .rodata.on_accept.str1.4:0000000000000000 $d
     /tmp/ccq8x8aq.s:1858   .text.on_accept:0000000000000000 $t
     /tmp/ccq8x8aq.s:1864   .text.on_accept:0000000000000000 on_accept
     /tmp/ccq8x8aq.s:2110   .text.on_accept:0000000000000110 $d
     /tmp/ccq8x8aq.s:5069   .text.on_recv:0000000000000000 on_recv
     /tmp/ccq8x8aq.s:3748   .text.on_poll:0000000000000000 on_poll
     /tmp/ccq8x8aq.s:2137   .text.stream_debug_reset_on_start:0000000000000000 $t
     /tmp/ccq8x8aq.s:2143   .text.stream_debug_reset_on_start:0000000000000000 stream_debug_reset_on_start
     /tmp/ccq8x8aq.s:2239   .text.stream_debug_reset_on_start:0000000000000060 $d
     /tmp/ccq8x8aq.s:2260   .rodata.start_stream_now.str1.4:0000000000000000 $d
     /tmp/ccq8x8aq.s:2272   .text.start_stream_now:0000000000000000 $t
     /tmp/ccq8x8aq.s:2278   .text.start_stream_now:0000000000000000 start_stream_now
     /tmp/ccq8x8aq.s:2387   .text.start_stream_now:0000000000000080 $d
     /tmp/ccq8x8aq.s:2399   .rodata.stream_debug_print_periodic.str1.4:0000000000000000 $d
     /tmp/ccq8x8aq.s:2424   .text.stream_debug_print_periodic:0000000000000000 $t
     /tmp/ccq8x8aq.s:2430   .text.stream_debug_print_periodic:0000000000000000 stream_debug_print_periodic
     /tmp/ccq8x8aq.s:2451   .text.stream_debug_print_periodic:0000000000000008 $d
     /tmp/ccq8x8aq.s:2454   .text.stream_debug_print_periodic:000000000000000c $t
     /tmp/ccq8x8aq.s:2959   .text.stream_debug_print_periodic:00000000000002f8 $d
     /tmp/ccq8x8aq.s:2992   .text.stream_debug_print_periodic:0000000000000364 $t
     /tmp/ccq8x8aq.s:3101   .text.stream_debug_print_periodic:0000000000000420 $d
     /tmp/ccq8x8aq.s:3110   .rodata.AdcTcpServer_Init.str1.4:0000000000000000 $d
     /tmp/ccq8x8aq.s:3126   .text.AdcTcpServer_Init:0000000000000000 $t
     /tmp/ccq8x8aq.s:3133   .text.AdcTcpServer_Init:0000000000000000 AdcTcpServer_Init
     /tmp/ccq8x8aq.s:3297   .text.AdcTcpServer_Init:00000000000000c8 $d
     /tmp/ccq8x8aq.s:3313   .rodata.AdcTcpServer_Task.str1.4:0000000000000000 $d
     /tmp/ccq8x8aq.s:3317   .text.AdcTcpServer_Task:0000000000000000 $t
     /tmp/ccq8x8aq.s:3324   .text.AdcTcpServer_Task:0000000000000000 AdcTcpServer_Task
     /tmp/ccq8x8aq.s:3723   .text.AdcTcpServer_Task:00000000000001a4 $d
     /tmp/ccq8x8aq.s:3742   .text.on_poll:0000000000000000 $t
     /tmp/ccq8x8aq.s:3774   .rodata.handle_frame.str1.4:0000000000000000 $d
     /tmp/ccq8x8aq.s:3853   .text.handle_frame:0000000000000000 $t
     /tmp/ccq8x8aq.s:3859   .text.handle_frame:0000000000000000 handle_frame
     /tmp/ccq8x8aq.s:4491   .text.handle_frame:0000000000000328 $d
     /tmp/ccq8x8aq.s:4520   .text.handle_frame:0000000000000390 $t
     /tmp/ccq8x8aq.s:4690   .text.handle_frame:0000000000000478 $d
     /tmp/ccq8x8aq.s:4706   .rodata.parse_rx_stream.str1.4:0000000000000000 $d
     /tmp/ccq8x8aq.s:4721   .text.parse_rx_stream:0000000000000000 $t
     /tmp/ccq8x8aq.s:4727   .text.parse_rx_stream:0000000000000000 parse_rx_stream
     /tmp/ccq8x8aq.s:5037   .text.parse_rx_stream:0000000000000160 $d
     /tmp/ccq8x8aq.s:5053   .rodata.on_recv.str1.4:0000000000000000 $d
     /tmp/ccq8x8aq.s:5063   .text.on_recv:0000000000000000 $t
     /tmp/ccq8x8aq.s:5256   .text.on_recv:00000000000000bc $d
     /tmp/ccq8x8aq.s:5271   .bss.s_ackbuf:0000000000000000 $d
     /tmp/ccq8x8aq.s:5275   .bss.s_ackbuf:0000000000000000 s_ackbuf
     /tmp/ccq8x8aq.s:5278   .bss.s_client:0000000000000000 $d
     /tmp/ccq8x8aq.s:5282   .bss.s_client:0000000000000000 s_client
     /tmp/ccq8x8aq.s:5285   .bss.s_frame_seq:0000000000000000 $d
     /tmp/ccq8x8aq.s:5289   .bss.s_frame_seq:0000000000000000 s_frame_seq
     /tmp/ccq8x8aq.s:5292   .bss.s_last_acked_frames:0000000000000000 $d
     /tmp/ccq8x8aq.s:5296   .bss.s_last_acked_frames:0000000000000000 s_last_acked_frames
     /tmp/ccq8x8aq.s:5299   .bss.s_last_isr_stop_count:0000000000000000 $d
     /tmp/ccq8x8aq.s:5303   .bss.s_last_isr_stop_count:0000000000000000 s_last_isr_stop_count
     /tmp/ccq8x8aq.s:5306   .bss.s_last_memerr:0000000000000000 $d
     /tmp/ccq8x8aq.s:5310   .bss.s_last_memerr:0000000000000000 s_last_memerr
     /tmp/ccq8x8aq.s:5313   .bss.s_last_overrun:0000000000000000 $d
     /tmp/ccq8x8aq.s:5317   .bss.s_last_overrun:0000000000000000 s_last_overrun
ARM GAS  /tmp/ccq8x8aq.s 			page 146


     /tmp/ccq8x8aq.s:5320   .bss.s_last_stream_seq:0000000000000000 $d
     /tmp/ccq8x8aq.s:5324   .bss.s_last_stream_seq:0000000000000000 s_last_stream_seq
     /tmp/ccq8x8aq.s:5327   .bss.s_last_stream_stat_tick:0000000000000000 $d
     /tmp/ccq8x8aq.s:5331   .bss.s_last_stream_stat_tick:0000000000000000 s_last_stream_stat_tick
     /tmp/ccq8x8aq.s:5334   .bss.s_last_tcp_bytes:0000000000000000 $d
     /tmp/ccq8x8aq.s:5338   .bss.s_last_tcp_bytes:0000000000000000 s_last_tcp_bytes
     /tmp/ccq8x8aq.s:5341   .bss.s_last_tx_frames:0000000000000000 $d
     /tmp/ccq8x8aq.s:5345   .bss.s_last_tx_frames:0000000000000000 s_last_tx_frames
     /tmp/ccq8x8aq.s:5348   .bss.s_listen:0000000000000000 $d
     /tmp/ccq8x8aq.s:5352   .bss.s_listen:0000000000000000 s_listen
     /tmp/ccq8x8aq.s:5358   .bss.s_no_data_warned:0000000000000000 s_no_data_warned
     /tmp/ccq8x8aq.s:5359   .bss.s_no_data_warned:0000000000000000 $d
     /tmp/ccq8x8aq.s:5361   .bss.s_pending_stop_ack:0000000000000000 $d
     /tmp/ccq8x8aq.s:5365   .bss.s_pending_stop_ack:0000000000000000 s_pending_stop_ack
     /tmp/ccq8x8aq.s:5368   .bss.s_rxbuf:0000000000000000 $d
     /tmp/ccq8x8aq.s:5372   .bss.s_rxbuf:0000000000000000 s_rxbuf
     /tmp/ccq8x8aq.s:5375   .bss.s_rxlen:0000000000000000 $d
     /tmp/ccq8x8aq.s:5379   .bss.s_rxlen:0000000000000000 s_rxlen
     /tmp/ccq8x8aq.s:5385   .bss.s_start_do_now:0000000000000000 s_start_do_now
     /tmp/ccq8x8aq.s:5386   .bss.s_start_do_now:0000000000000000 $d
     /tmp/ccq8x8aq.s:5391   .bss.s_start_wait_ack:0000000000000000 s_start_wait_ack
     /tmp/ccq8x8aq.s:5392   .bss.s_start_wait_ack:0000000000000000 $d
     /tmp/ccq8x8aq.s:5397   .bss.s_stream_debug_active:0000000000000000 s_stream_debug_active
     /tmp/ccq8x8aq.s:5398   .bss.s_stream_debug_active:0000000000000000 $d
     /tmp/ccq8x8aq.s:5400   .bss.s_stream_start_tick:0000000000000000 $d
     /tmp/ccq8x8aq.s:5404   .bss.s_stream_start_tick:0000000000000000 s_stream_start_tick
     /tmp/ccq8x8aq.s:5410   .bss.s_stream_stop_reported:0000000000000000 s_stream_stop_reported
     /tmp/ccq8x8aq.s:5411   .bss.s_stream_stop_reported:0000000000000000 $d
     /tmp/ccq8x8aq.s:5413   .bss.s_tcp_acked_data_frames:0000000000000000 $d
     /tmp/ccq8x8aq.s:5417   .bss.s_tcp_acked_data_frames:0000000000000000 s_tcp_acked_data_frames
     /tmp/ccq8x8aq.s:5420   .bss.s_tcp_data_bytes_written:0000000000000000 $d
     /tmp/ccq8x8aq.s:5424   .bss.s_tcp_data_bytes_written:0000000000000000 s_tcp_data_bytes_written
     /tmp/ccq8x8aq.s:5427   .bss.s_tcp_err_mem:0000000000000000 $d
     /tmp/ccq8x8aq.s:5431   .bss.s_tcp_err_mem:0000000000000000 s_tcp_err_mem
     /tmp/ccq8x8aq.s:5434   .bss.s_tcp_no_seg_count:0000000000000000 $d
     /tmp/ccq8x8aq.s:5438   .bss.s_tcp_no_seg_count:0000000000000000 s_tcp_no_seg_count
     /tmp/ccq8x8aq.s:5441   .bss.s_tcp_no_sndbuf_count:0000000000000000 $d
     /tmp/ccq8x8aq.s:5445   .bss.s_tcp_no_sndbuf_count:0000000000000000 s_tcp_no_sndbuf_count
     /tmp/ccq8x8aq.s:5448   .bss.s_tcp_sent_frames:0000000000000000 $d
     /tmp/ccq8x8aq.s:5452   .bss.s_tcp_sent_frames:0000000000000000 s_tcp_sent_frames
     /tmp/ccq8x8aq.s:5455   .bss.s_tcp_sndq_full:0000000000000000 $d
     /tmp/ccq8x8aq.s:5459   .bss.s_tcp_sndq_full:0000000000000000 s_tcp_sndq_full
     /tmp/ccq8x8aq.s:5462   .bss.s_tcp_write_err_count:0000000000000000 $d
     /tmp/ccq8x8aq.s:5466   .bss.s_tcp_write_err_count:0000000000000000 s_tcp_write_err_count
     /tmp/ccq8x8aq.s:5469   .bss.s_tx_block_wait_count:0000000000000000 $d
     /tmp/ccq8x8aq.s:5473   .bss.s_tx_block_wait_count:0000000000000000 s_tx_block_wait_count
     /tmp/ccq8x8aq.s:5476   .bss.s_txq:0000000000000000 $d
     /tmp/ccq8x8aq.s:5480   .bss.s_txq:0000000000000000 s_txq
     /tmp/ccq8x8aq.s:5483   .bss.s_txq_count:0000000000000000 $d
     /tmp/ccq8x8aq.s:5487   .bss.s_txq_count:0000000000000000 s_txq_count
     /tmp/ccq8x8aq.s:5493   .bss.s_txq_head:0000000000000000 s_txq_head
     /tmp/ccq8x8aq.s:5494   .bss.s_txq_head:0000000000000000 $d
     /tmp/ccq8x8aq.s:5499   .bss.s_txq_tail:0000000000000000 s_txq_tail
     /tmp/ccq8x8aq.s:5500   .bss.s_txq_tail:0000000000000000 $d
     /tmp/ccq8x8aq.s:5502   .bss.s_unacked_data_bytes:0000000000000000 $d
     /tmp/ccq8x8aq.s:5506   .bss.s_unacked_data_bytes:0000000000000000 s_unacked_data_bytes
     /tmp/ccq8x8aq.s:5509   .bss.s_unacked_total_bytes:0000000000000000 $d
ARM GAS  /tmp/ccq8x8aq.s 			page 147


     /tmp/ccq8x8aq.s:5513   .bss.s_unacked_total_bytes:0000000000000000 s_unacked_total_bytes
     /tmp/ccq8x8aq.s:5516   .rodata.s_crc_table.11640:0000000000000000 $d
     /tmp/ccq8x8aq.s:5520   .rodata.s_crc_table.11640:0000000000000000 s_crc_table.11640

UNDEFINED SYMBOLS
g_app_cfg
AdcStream_ReleaseQueuedBlock
SEGGER_RTT_printf
memset
AdcStream_Stop
memcpy
AdcStream_GetReadyCount
AdcStream_GetQueuedCount
AdcStream_GetOverrunCount
AdcStream_GetFlags
AdcStream_ResetDiscard
tcp_write
tcp_output
AdcStream_IsRunning
AdcStream_GetSampleSeq
AdcStream_GetFreeCount
tcp_recv
tcp_sent
tcp_err
tcp_poll
tcp_setprio
ip4addr_ntoa
tcp_close
HAL_GetTick
AdcStream_GetDrdyIrqCount
AdcStream_GetIsrStopCount
AdcStream_Start
AdcStream_GetDrdyPinLevel
__aeabi_uldivmod
AdcStream_GetStatusNewCount
ADS127L11_GetDmaPendingDropCount
AdcStream_GetSpiErrorCount
AdcStream_GetStatusSkipCount
AdcStream_GetContDmaChunkCount
ADS127L11_GetDmaCompleteCount
tcp_new
tcp_bind
tcp_listen_with_backlog
tcp_accept
ip_addr_any
AdcStream_Task
AdcStream_PeekReadyBlock
AdcStream_MarkBlockQueued
AppConfig_IsValid
RangeCtrl_Set
ADS127L11_Configure
FlashParam_Save
memmove
tcp_recved
pbuf_free
