:020000040800F2
:1000000000000320D9E1000841140008431400084F
:1000100045140008471400084914000800000000B7
:100020000000000000000000000000004B14000869
:100030004D140008000000004F140008511400087F
:1000400029E2000829E2000829E2000829E2000864
:1000500029E2000829E2000829E2000829E2000854
:1000600029E200085914000829E2000829E20008E2
:1000700029E2000829E2000829E2000829E2000834
:1000800029E2000829E2000829E2000829E2000824
:1000900029E2000829E2000829E2000829E2000814
:1000A00029E2000829E2000829E2000829E2000804
:1000B00029E2000829E2000829E2000829E20008F4
:1000C00029E2000829E2000829E2000829E20008E4
:1000D00029E2000829E2000829E2000829E20008D4
:1000E00029E2000829E2000829E2000829E20008C4
:1000F00029E2000829E2000829E2000829E20008B4
:1001000029E2000829E2000829E2000829E20008A3
:1001100029E2000829E2000829E2000829E2000893
:1001200085D3000829D4000829E2000829E2000844
:1001300029E2000829E2000829E2000829E2000873
:1001400029E2000829E2000829E2000829E2000863
:1001500029E2000829E2000829E2000829E2000853
:1001600029E2000829E2000829E2000829E2000843
:1001700029E2000829E2000829E200080000000046
:1001800029E2000829E2000829E2000829E2000823
:1001900029E2000829E2000829E2000829E2000813
:0C01A000000000000000000029E2000840
:1001B00010B5054C237833B9044B13B10448AFF3A1
:1001C00000800123237010BDC80000200000000043
:1001D000A0F6000808B5034B1BB103490348AFF371
:1001E000008008BD00000000CC000020A0F6000840
:1001F00001F0FF01102A2BDB10F0070F08D010F8D8
:10020000013B013A8B422DD010F0070F42B3F6D1DB
:10021000F0B441EA012141EA014122F007047FF0F4
:1002200000070023F0E80256083C85EA010586EA4B
:10023000010685FA47F5A3FA87F586FA47F6A5FA87
:1002400087F68EB9EED1F0BC01F0FF0102F0070293
:1002500032B110F8013B013A83EA010313B1F8D13E
:100260000020704701387047002D06BF354603381F
:10027000073815F0010F07D1013015F4807F02BF58
:10028000013015F4C03F0130F0BC0138704700BFA9
:100290004FEA4102B2F1E04324BFB3F5001CDCF1A8
:1002A000FE5C0DD901F0004C4FEAC0024CEA5070E0
:1002B000B2F1004F40EB830008BF20F0010070470F
:1002C00011F0804F21D113F13872BCBF01F0004012
:1002D000704741F480114FEA5252C2F11802C2F144
:1002E000200C10FA0CF320FA02F018BF40F00100C5
:1002F0004FEAC1234FEAD32303FA0CFC40EA0C0077
:1003000023FA02F34FEA4303CCE77FEA625307D1B3
:1003100050EA01331EBF4FF0FE4040F440007047EA
:1003200001F0004040F0FE4040F40000704700BF84
:1003300053B94AB9002908BF00281CBF4FF0FF314C
:100340004FF0FF3000F06EB9ADF1080C6DE904CE4E
:1003500000F006F8DDF804E0DDE9022304B07047A0
:100360002DE9F047089D04468C46002B40F0838021
:100370008A42174647D9B2FA82F242B1C2F120004E
:1003800024FA00F09140974040EA010C94404FEA73
:100390001748230CBCFBF8F61FFA87FE08FB16C1B2
:1003A00043EA014306FB0EF1994209D9FB1806F115
:1003B000FF3080F01981994240F21681023E3B44A1
:1003C0005B1AA4B2B3FBF8F008FB103344EA034411
:1003D00000FB0EFEA64509D93C1900F1FF3380F061
:1003E0000581A64540F2028102383C4440EA0640BD
:1003F000A4EB0E0400261DB1D4400023C5E9004340
:100400003146BDE8F08702B9FFDEB2FA82F2002A77
:1004100050D1CB1B4FEA174E1FFA87F80126B3FBCA
:10042000FEFC210C0EFB1C3341EA034108FB0CF3DC
:100430008B4207D979180CF1FF3002D28B4200F2BF
:10044000E9808446C91AA3B2B1FBFEF00EFB10117D
:1004500043EA014408FB00F8A04507D93C1900F124
:10046000FF3302D2A04500F2D9801846A4EB08045D
:1004700040EA0C40BFE78B4209D9002D00F0B18063
:100480000026C5E9000130463146BDE8F087B3FAE1
:1004900083F6002E4AD18B4202D3824200F2B8800A
:1004A000841A61EB030101208C46002DA8D0C5E918
:1004B000004CA5E7C2F1200320FA03F6974001FAA9
:1004C00002F04FEA174ED9403043030CB1FBFEF661
:1004D0001FFA87F80EFB161143EA014306FB08F1E9
:1004E000994204FA02F409D9FB1806F1FF3C80F0A6
:1004F0008D80994240F28A80023E3B445B1A81B271
:10050000B3FBFEF00EFB103341EA034100FB08F39E
:100510008B4207D9791800F1FF3C73D28B4271D915
:1005200002383944CB1A40EA064678E7C6F1200C77
:1005300003FA06F422FA0CF31C4320FA0CF701FA32
:1005400006F34FEA144E21FA0CF11F433B0CB1FBAA
:10055000FEF91FFA84F80EFB191143EA014109FB69
:1005600008FA8A4502FA06F200FA06F308D9611879
:1005700009F1FF3048D28A4546D9A9F10209214440
:10058000A1EB0A01BFB2B1FBFEF00EFB101147EA6E
:10059000014700FB08F8B84507D9E71900F1FF311A
:1005A0002ED2B8452CD90238274440EA0940A7EB9F
:1005B0000807A0FB02894F45C64649461AD317D003
:1005C0005DB1B3EB0E0267EB010707FA0CFCF240DA
:1005D0004CEA0202F740C5E9002700263146BDE893
:1005E000F0872E4628460BE70646E9E61846FDE664
:1005F0004345E5D2B8EB020E69EB04010138DFE7B1
:100600000846D2E760468DE78146B9E7664675E75A
:1006100030464AE7ACF1020C394413E702383C4457
:1006200024E700BF704700BF86B0002200921F4B36
:10063000196B41F000711963196B01F000710091A1
:1006400000990192196B41F080611963196B01F0F7
:100650008061019101990292196B41F00061196367
:10066000196B01F00061029102990392196B41F03C
:1006700000711963196B01F00071039103990492E1
:10068000196B41F080611963196B01F0806104916D
:10069000049905921A6B42F000621A631B6B03F017
:1006A00000630593059B06B0704700BF0038024009
:1006B00082B000230193084B5A6C42F480425A6482
:1006C0005B6C03F480430193019B044A536843F439
:1006D0000003536002B07047003802400038014008
:1006E000C0F38200013805280AD8DFE800F00305CE
:1006F00009090B07044870470448704704487047CD
:100700000448704704487047ECF60008D4F6000827
:10071000E0F60008C0F60008C8F600082DE9F04F22
:1007200099B02E4C214600200DF046FD2C4A5379FD
:100730000093137912682B4900200DF03DFD2A4DDE
:10074000294600200DF038FD214600200DF034FD33
:10075000264A5378139391781491D0781590137991
:1007600051799079D4791694167A1796567A977AA1
:1007700092F80BC092F80CE092F80D8092F80E906F
:1007800092F80FA0B2F810B054691094CDF83CB0B4
:10079000CDF838A0CDF83490CDF83080CDF82CE0ED
:1007A000CDF828C009970896179E0796169C0694C0
:1007B0000590049103931598029014990191139B4D
:1007C00000931378927C0A4900200DF0F5FC29462D
:1007D00000200DF0F1FC19B0BDE8F08FF8F600082C
:1007E0004000002000F700082CF700084800002017
:1007F00030F7000808B50E4900200DF0DDFC0D4B68
:1008000093F82D3013F0010F0DD0012213F0040FD7
:100810000BD00123084900200DF0CEFC0749002031
:100820000DF0CAFC08BD0022F0E70023F2E700BF8C
:10083000F8F6000888410220A4F700082CF7000809
:1008400008B50DF04DFA002108460DF027FA0249CF
:1008500000200DF0B1FC08BDC4F7000800B589B058
:10086000002200921D4B196B41F001011963196BB5
:1008700001F00101009100990192196B41F0020110
:100880001963196B01F00201019101990292196B30
:1008900041F0040119631B6B03F004030293029BF4
:1008A000022304930592032306930B2307938623C5
:1008B000039303A90A4801F0F3FA4FF4605303933A
:1008C00003A9084801F0ECFA3223039303A9064870
:1008D00001F0E6FA09B05DF804FB00BF0038024001
:1008E00000000240000402400008024010B50A4C1B
:1008F00000224021204601F078FC142001F058FD30
:1009000001224021204601F070FC4FF4967001F066
:100910004FFD002010BD00BF00080240002876D027
:100920002DE9F0418EB00446027843781B0443EA77
:100930000263827843EA0223C1780B431A0202F46D
:100940007F0242EA0162190A01F47F410A4342EA46
:1009500013630D93027943791B0443EA026382799E
:1009600043EA0223C1790B431A0202F47F0242EAEE
:100970000162190A01F47F410A4342EA13630C93AE
:10098000027A437A1B0443EA0263827A43EA02232F
:10099000C17A0B431A0202F47F0242EA0162190A89
:1009A00001F47F410A4342EA13630B930BAB0CAA99
:1009B0000DA9174803F000FD164900200DF0FCFBBF
:1009C000A378E27821796079A579E679277A94F895
:1009D00009C094F80AE094F80B80CDF82480CDF893
:1009E00020E0CDF81CC0069705960495039002916F
:1009F0000192009363782278074900200DF0DCFB18
:100A0000064900200DF0D8FB0EB0BDE8F08170471C
:100A100088410220F8F60008CCF700082CF70008FF
:100A200008B501F037F80B4B98420AD80A4B9842A8
:100A300009D80A4B984208D2094B984207D90C2092
:100A400000E0102008BD0420FCE70020FAE70820A1
:100A5000F8E700BF7FD1F008FFE0F50500879303BA
:100A6000BF0E1602002A37D02DE9F04105460E468A
:100A70009046FFF7D5FF074601F094FC0446174B5C
:100A80001B6913F0010F07D001F08CFC031B642BD2
:100A9000F5D90320BDE8F081EB029BB2B60106F464
:100AA000F86633431F4347F001070C4B1F6101F009
:100AB00079FC0446094B1B6913F0010F06D001F0C5
:100AC00071FC001B6428F5D90320E3E7034B5B6945
:100AD000A8F800300020DDE70120704700800240C8
:100AE000002876D070B582B00646002404604460C9
:100AF0008460C460046107E04FF6FF72934223D024
:100B0000072B26D00134E4B21F2C5FD80023ADF8A8
:100B10000630ADF804300DF1060202212046FFF741
:100B2000A1FF054601AA03212046FFF79BFF002DE8
:100B3000E8D10028E6D1BDF80630002BDCD1BDF8A5
:100B40000420002AD8D1DDE7BDF804109142D7D1A6
:100B5000D8E7BDF8043023F00F039BB24CF2F0024B
:100B60009342CFD1012535707470BDF80630738083
:100B7000BDF80430B380B21D00212046FFF772FF9C
:100B800006F1080229462046FFF76CFF06F10A022B
:100B900029462046FFF766FF06F10C020421204695
:100BA000FFF760FF06F10E0205212046FFF75AFF0E
:100BB00006F1100206212046FFF754FF06F112024B
:100BC0001F212046FFF74EFF002000E0022002B068
:100BD00070BD012070470000F0B589B0054601F0F6
:100BE000E1FB044602E0642001F0E2FB01F0DAFBE5
:100BF000001BA84227D203A8FFF772FF0646002871
:100C0000F1D1BDF8163003F02403242BEBD1244995
:100C10000DF0D2FA9DF80D40BDF80E50BDF81070E1
:100C2000BDF81E00FFF75CFD019000972B462246A1
:100C30001C4900200DF0C0FA1B4900200DF0BCFA41
:100C4000304609B0F0BD03A8FFF74AFFC8B91749FD
:100C50000DF0B2FA9DF80D50BDF81660BDF81E40BB
:100C60002046FFF73DFD0190009433462A46104987
:100C700000200DF0A1FA0C4900200DF09DFA01268C
:100C8000DEE70A4900200DF097FA0A4900200DF02E
:100C900093FA054900200DF08FFA0126D0E700BF36
:100CA000F8F6000814F800082CF700085CF80008B3
:100CB00064F80008C4F8000808B50A4B93F82D3012
:100CC00013F0010F06D0074B93F82D3013F0040FEB
:100CD00004D008BD034803F03DFCF4E7014803F0ED
:100CE00077FCF6E78841022000B583B00CF0F8FFEE
:100CF000002108460CF0D2FF104D294600200DF0CF
:100D00005BFA0F4900200DF057FA0E4C21460020E7
:100D10000DF052FA294600200DF04EFA0A490A68F1
:100D20008B6849680091094900200DF045FA214679
:100D300000200DF041FA72B6FEE700BF5CF8000833
:100D4000F4F800082CF70008003802400CF90008FD
:100D500000B595B03022002108A80DF0C1FA00239B
:100D60000393049305930693079301932D4A116C03
:100D700041F080511164126C02F080520192019A8C
:100D80000293294B1A6842F440421A601B6803F42C
:100D900040430293029B012308934FF4803309934D
:100DA00002230E934FF480020F92192210924FF4F7
:100DB000A872119212930423139308A800F06EFBFB
:100DC00098B90F23039302230493002305934FF450
:100DD000A05306934FF480530793052103A800F016
:100DE000A9FD80B915B05DF804FB104900200DF095
:100DF000E3F90F4900200DF0DFF90E4900200DF056
:100E0000DBF9FFF771FF094900200DF0D5F90A4918
:100E100000200DF0D1F9074900200DF0CDF9FFF7C2
:100E200063FF00BF00380240007000405CF800081B
:100E300044F900082CF7000860F9000870B5FFF7C6
:100E4000FFFC9F4900200DF0B7F99E4900200DF0EE
:100E5000B3F99D4C214600200DF0AEF901F07CFA6B
:100E60009A4D294600200DF0A7F9994900200DF070
:100E7000A3F9214600200DF09FF9FFF769FF2946ED
:100E800000200DF099F9934900200DF095F92146C5
:100E900000200DF091F900F047F9294600200DF0EF
:100EA0008BF98D4900200DF087F9214600200DF0C7
:100EB00083F9FFF7FDFBFFF7D1FCFFF7B5FB2946F0
:100EC00000200DF079F9854900200DF075F92146D3
:100ED00000200DF071F9FFF709FD68B1804900208D
:100EE0000DF06AF97F4900200DF066F921460020D7
:100EF0000DF062F9FFF7F8FE744D294600200DF061
:100F00005BF9794900200DF057F96F4C214600201C
:100F10000DF052F900F09EF9294600200DF04CF931
:100F2000724900200DF048F9214600200DF044F9E7
:100F300000F046FA294600200DF03EF96C490020E9
:100F40000DF03AF9214600200DF036F9694E314690
:100F500069480CF0C9FBFFF7E1FB02F0EBFC294606
:100F600000200DF029F9654900200DF025F92146F2
:100F700000200DF021F93046FFF7D0FC604801F069
:100F800091FD044608B102282CD1504900200DF0F3
:100F900013F922465B4900200DF00EF94A49002062
:100FA0000DF00AF9FFF788FEFFF724FC41F28830C4
:100FB000FFF712FE28BBFFF77FFE4F4B58790CF06E
:100FC0009FFC00B3464900200DF0F6F84A4B5A79D1
:100FD0004D4900200DF0F0F83B4900200DF0ECF8F1
:100FE000FFF782FE3E4900200DF0E6F82246474911
:100FF00000200DF0E1F8344900200DF0DDF8FFF796
:1010000073FEFFF771FE314D294600200DF0D4F834
:101010003F4900200DF0D0F82B4C214600200DF068
:10102000CBF809F0DFF9294600200DF0C5F8394961
:1010300000200DF0C1F8214600200DF0BDF82E482B
:101040000CF0BCF868B1264900200DF0B5F8324923
:1010500000200DF0B1F8214600200DF0ADF8FFF7AB
:1010600043FE1A4D294600200DF0A6F82B4900201A
:101070000DF0A2F8144C214600200DF09DF80AF066
:1010800067FE294600200DF097F8254900200DF055
:1010900093F8214600200DF08FF8294600200DF02E
:1010A0008BF8204900200DF087F8214600200DF034
:1010B00083F802F0CDFCFFF7FFFD0AF0A5FEF8E78C
:1010C0007CF9000884F900082CF70008F8F60008FD
:1010D0008CF9000898F90008ACF90008B8F9000884
:1010E0005CF80008D4F9000810FA000820FA00089B
:1010F0002CFA0008480000204000002038FA0008C0
:101100009C40022044FA000880FA000860FA0008B7
:10111000A0FA0008B0FA0008C0FA0008D8FA0008DF
:10112000E8FA000804FB00082DE9F0418AB0002429
:10113000059406940794089409940094414B1A6B03
:1011400042F010021A631A6B02F010020092009A29
:1011500001941A6B42F080021A631A6B02F080024B
:101160000192019A02941A6B42F004021A631A6BFC
:1011700002F004020292029A03941A6B42F00102F6
:101180001A631A6B02F001020392039A04941A6B19
:1011900042F002021A631B6B03F002030493049BE8
:1011A000294E22461221304601F01FF8274F2246D1
:1011B0004D21384601F019F8DFF8948022460121CC
:1011C000404601F012F801221146304601F00DF8B8
:1011D000082305934FF488130693079405A9304616
:1011E00000F05EFE132305930125069507940894ED
:1011F00005A9304600F054FE0D230593069507948B
:10120000089405A9384600F04BFE0595069507940D
:10121000089405A9404600F043FE40230593069537
:101220000794089505A9384600F03AFE2246214663
:10123000092001F001F8092001F032F80AB0BDE8F8
:10124000F08100BF00380240001002400008024058
:101250000000024008B50E480E4B03604FF4827345
:10126000436000238360C3600361012242614FF445
:10127000007282612022C2610362436283620A2398
:10128000C36201F0D5FD00B908BDFFF72DFDFBE7F6
:1012900034F501200034014000B589B000230393E8
:1012A00004930593069307930268154B9A4202D064
:1012B00009B05DF804FB0022019203F58233596CFA
:1012C00041F400515964596C01F4005101910199A4
:1012D0000292196B41F0100119631B6B03F01003AC
:1012E0000293029B64230393022304930592032336
:1012F00006930523079303A9024800F0D1FDD7E721
:10130000003401400010024008B50268064B9A42C2
:1013100000D008BD054A536C23F400535364642184
:10132000034800F0B5FEF4E7003401400038024005
:10133000001002400268094B9A4200D0704782B008
:1013400000230193064B1A6C42F002021A641B6CD4
:1013500003F002030193019B02B0704700040040B8
:101360000038024000B587B0002301930293039335
:10137000049305930268104B9A4202D007B05DF8BF
:1013800004FB0021009103F50D331A6B42F00102BA
:101390001A631B6B03F001030093009B402301932E
:1013A00002230293039103220492059301A90348A7
:1013B00000F076FDE2E700BF0004004000000240BC
:1013C00000B58BB000230893099301930293039314
:1013D00004930593069307931748184A02604360E5
:1013E00083604FF6FF72C2600361836101F0C0FF4A
:1013F000C8B900230893099308A90F4802F08AF896
:10140000A0B9602301930523029300220392059261
:1014100001A9094802F010F858B90748FFF7A2FFE0
:101420000BB05DF804FBFFF75FFCE2E7FFF75CFC45
:10143000E7E7FFF759FCF0E78CF5012000040040D6
:10144000FEE7FEE7FEE7FEE7FEE7704770477047FE
:1014500008B500F09BFF08BD08B5082000F0CCFEE1
:1014600008BD000082B0002100910B4B5A6C42F481
:1014700080425A645A6C02F480420092009A0191B0
:101480001A6C42F080521A641B6C03F08053019373
:10149000019B02B0704700BF00380240002800F0F6
:1014A000DF8170B582B00446036813F0010F3BD0B2
:1014B000A64B9B6803F00C03042B2CD0A34B9B681A
:1014C00003F00C03082B21D06368B3F5803F4FD0A5
:1014D000B3F5A02F52D09D4B1A6822F480321A60C7
:1014E0001A6822F480221A606368002B50D000F042
:1014F00059FF0546954B1B6813F4003F14D100F0CB
:1015000051FF401B6428F5D90320B0E18F4B5B6885
:1015100013F4800FD8D08D4B1B6813F4003F03D019
:101520006368002B00F09E81236813F0020F54D0F3
:10153000864B9B6813F00C0F3ED0844B9B6803F0E6
:101540000C03082B33D0E368002B67D0804B0122BB
:101550001A6000F027FF05467C4B1B6813F0020F52
:1015600053D100F01FFF401B0228F5D903207EE174
:10157000764A136843F480331360B5E7734B1A68F7
:1015800042F480221A601A6842F480321A60ABE793
:1015900000F008FF05466D4B1B6813F4003FC3D0F5
:1015A00000F000FF401B6428F5D903205FE1674B82
:1015B0005B6813F4800FC6D1644B1B6813F0020FF5
:1015C00003D0E368012B40F04F81604A136823F099
:1015D000F803216943EAC1031360236813F0080F7D
:1015E00040D0636963B35B4B01221A6000F0DAFEFE
:1015F0000546564B5B6F13F0020F33D100F0D2FE5D
:10160000401B0228F5D9032031E1504A136823F02A
:10161000F803216943EAC1031360DEE74C4B002263
:101620001A6000F0BFFE0546484B1B6813F0020F1E
:10163000D3D000F0B7FE401B0228F5D9032016E1F5
:10164000444B00221A6000F0ADFE05463F4B5B6F35
:1016500013F0020F06D000F0A5FE401B0228F5D9BA
:10166000032004E1236813F0040F78D0374B1B6C80
:1016700013F0805F0DD100230193344B1A6C42F0BC
:1016800080521A641B6C03F080530193019B012567
:1016900000E00025304B1B6813F4807F21D0A36845
:1016A000012B32D0052B36D0284B1A6F22F00102C5
:1016B0001A671A6F22F004021A67A368002B34D04D
:1016C00000F070FE0646214B1B6F13F0020F45D150
:1016D00000F068FE801B41F288339842F3D9032062
:1016E000C5E01D4A136843F48073136000F05AFE8E
:1016F0000646194B1B6813F4807FD0D100F052FED0
:10170000801B0228F5D90320B1E0104A136F43F083
:1017100001031367D1E70D4B1A6F42F004021A67F9
:101720001A6F42F001021A67C7E700F03BFE064657
:10173000064B1B6F13F0020F10D000F033FE801B1E
:1017400041F288339842F3D9032090E000380240F8
:1017500000004742800E474200700040EDB9A36987
:10176000002B00F08380494A926802F00C02082A9C
:1017700051D0022B17D0464B00221A6000F012FE07
:101780000446424B1B6813F0007F42D000F00AFE73
:10179000001B0228F5D9032069E03C4A136C23F0B2
:1017A00080531364DBE73A4B00221A6000F0FAFD25
:1017B0000546364B1B6813F0007F06D000F0F2FDA3
:1017C000401B0228F5D9032051E0E369226A134344
:1017D000626A43EA8213A26A5208013A43EA024368
:1017E000E26A43EA0263294A5360294B01221A60E4
:1017F00000F0D8FD0446254B1B6813F0007F06D18E
:1018000000F0D0FD001B0228F5D903202FE00020B6
:101810002DE000202BE0012B2BD01C4B5B6803F448
:101820008001E269914226D103F03F02216A8A4297
:1018300023D1616A47F6C0721A40B2EB811F1ED1F4
:1018400003F44031A26A5208013AB1EB024F18D1B9
:1018500003F07063E26AB3EB026F14D1002006E07C
:1018600001207047012002E0012000E0002002B0CA
:1018700070BD0120FBE70120F9E70120F7E7012017
:10188000F5E70120F3E70120F1E700BF003802404F
:1018900060004742F8B5244B9B6803F00C03042B0F
:1018A0003DD0082B3DD1204B5A6802F03F025B68C7
:1018B00013F4800F12D01C4B5968C1F38811002318
:1018C0001A48A1FB0001FEF733FD174B5B68C3F319
:1018D000014301335B00B0FBF3F023E0124B5B6884
:1018E000C3F388135C010025E41A65F10005AE011D
:1018F00046EA9466A701381B66EB0501CC0044EA72
:101900005074C500E81844F100018B0243EA90537B
:101910008402204619460023FEF70AFDD5E7034856
:1019200000E00348F8BD00BF0038024040787D0168
:101930000024F400002800F09B8070B50D4604469A
:101940004F4B1B6803F00F038B4208D2CBB24C4ABB
:101950001370136803F00F038B4240F08B802368F1
:1019600013F0020F17D013F0040F04D0454A936808
:1019700043F4E0539360236813F0080F04D0414A06
:10198000936843F4604393603E4A936823F0F00306
:10199000A1680B439360236813F0010F32D0636892
:1019A000012B21D09A1E012A25D9364A126812F03D
:1019B000020F61D033498A6822F0030213438B601F
:1019C00000F0F0FC06462F4B9B6803F00C036268A6
:1019D000B3EB820F16D000F0E5FC801B41F2883398
:1019E0009842F0D9032042E0264A126812F4003FE0
:1019F000E0D101203BE0234A126812F0007FD9D1E8
:101A0000012034E01E4B1B6803F00F03AB4207D9E3
:101A1000EAB21B4B1A701B6803F00F03AB422DD1C7
:101A2000236813F0040F06D0164A936823F4E0539A
:101A3000E1680B439360236813F0080F07D0114A45
:101A4000936823F46043216943EAC1039360FFF77D
:101A500021FF0C4B9B68C3F303130B4AD35CD840A4
:101A60000A4B18600A4B186800F050FC002070BD4B
:101A7000012070470120FAE70120F8E70120F6E78E
:101A8000003C02400038024014FB000828000020FF
:101A900024000020014B1868704700BF2800002078
:101AA00010B40A490C6924F440740C610C6944F4C4
:101AB00040740C610C6944F001040C610260BFF3D6
:101AC0006F8F43605DF8044B704700BF003C0240DD
:101AD000074B1A6922F440721A611A6942F40072C3
:101AE0001A611A6942F001021A610160704700BF71
:101AF000003C0240074B1A6922F440721A611A69CD
:101B000042F480721A611A6942F001021A6101807E
:101B1000704700BF003C0240064B1A6922F4407235
:101B20001A611A691A611A6942F001021A61017098
:101B3000704700BF003C0240274BDB6813F0100FDA
:101B400007D0264AD36943F01003D361224B1022F9
:101B5000DA60214BDB6813F0200F07D01F4AD369EE
:101B600043F00803D3611C4B2022DA601A4BDB6878
:101B700013F0400F07D0194AD36943F00403D3612F
:101B8000154B4022DA60144BDB6813F0800F07D04E
:101B9000124AD36943F00203D3610F4B8022DA600B
:101BA0000D4BDB6813F4807F08D00C4AD36943F0F7
:101BB0000103D361084B4FF48072DA60064BDB6897
:101BC00013F0020F07D0054AD36943F02003D36115
:101BD000014B0222DA607047003C02400000002006
:101BE000094B1B69002B01DB00207047064B074A9D
:101BF0005A6002F188325A601B69002B01DB002019
:101C000070470120704700BF003C02402301674538
:101C1000034A136943F0004313610020704700BF7B
:101C2000003C024038B50446144B0022DA6100F053
:101C3000B9FB0546124BDB6813F4803F0AD0B4F1C0
:101C4000FF3FF7D024B100F0ADFB401BA042F1D91B
:101C500003200DE00A4BDB6813F0010F02D0084BA4
:101C60000122DA60064BDB6813F4F97F01D1002012
:101C700038BDFFF761FF0120FAE700BF0000002038
:101C8000003C0240F8B516461B4A127E012A30D0AD
:101C900004460D461F46184B01221A764CF250306E
:101CA000FFF7C0FF90B9ACB1012C18D0022C1BD0AB
:101CB00032463B462846FFF7F3FE4CF25030FFF722
:101CC000B1FF0E4A136923F0010313610A4B00228E
:101CD0001A76F8BDF1B22846FFF71EFFEDE7B1B264
:101CE0002846FFF707FFE8E731462846FFF7F0FEF2
:101CF000E3E70220EDE700BF00000020003C0240C7
:101D0000114A136923F44073136103290ED001298A
:101D100013D00D4A136943F4004313610A4A13694F
:101D200043EA002040F4803010617047136943F4A7
:101D3000004343F004031361F0E7034A136943F0DF
:101D400004031361EAE700BF003C024010B449B14C
:101D5000012924D0022902D04FF4407403E04FF44B
:101D6000007400E000240B2800D904300D4B1969E1
:101D700021F4407119611A6922431A611A6922F02B
:101D8000F8021A611A6942EAC00040F002001861C4
:101D90001A6942F480321A615DF8044B70474FF4BF
:101DA0008074E0E7003C0240164B1B6813F4007F90
:101DB00010D0144B1A6822F400721A601A6842F4A8
:101DC00000621A601A6822F400621A601A6842F40B
:101DD00000721A600B4B1B6813F4806F10D0094B14
:101DE0001A6822F480621A601A6842F480521A60FB
:101DF0001A6822F480521A601A6842F480621A60EB
:101E0000704700BF003C0240F8B5234B1B7E012BFE
:101E100040D004460E46204B01221A764CF2503038
:101E2000FFF700FF074680BB4FF0FF3333602368A6
:101E3000012B16D0A568E368A2681344AB4222D9EF
:101E4000217C2846FFF782FF4CF25030FFF7EAFE74
:101E5000124A136923F0FA031361074690B901355A
:101E6000E9E76168207CFFF74BFF4CF25030FFF749
:101E7000D9FE0746094A136923F4004323F00403FB
:101E8000136100E03560FFF78FFF034B00221A76E5
:101E90003846F8BD0227FBE700000020003C024066
:101EA00000230F2B00F2EA80F0B482B05EE0866877
:101EB0005F000324BC4026EA0406CC68BC403443DF
:101EC0008460466826EA02064C68C4F300129A4011
:101ED0003243426058E0DC08083450F8247003F0C4
:101EE000070296000F22B24027EA02070A69B240B1
:101EF0003A4340F824205BE0092200E00022B2408F
:101F00003A4302345E4E46F824205E4A9468EA431F
:101F100024EA05064F6817F4801F01D045EA04063D
:101F2000584CA660E46802EA04064F6817F4001FE4
:101F300001D045EA0406534CE660646802EA0406F0
:101F40004F6817F4003F01D045EA04064D4C666027
:101F5000246822404E6816F4803F01D045EA04020E
:101F6000484C226001330F2B00F2858001229A40F9
:101F70000C6804EA020532EA0404F3D14C6804F068
:101F80000304013C012C92D94A6802F00302032A9F
:101F900009D0C4685E000322B24024EA02048A68C1
:101FA000B2402243C2604A6802F00302022A92D081
:101FB00004685E000322B24024EA02044A6802F088
:101FC0000302B240224302604A6812F4403FC9D083
:101FD000002201922C4A546C44F480445464526CA4
:101FE00002F480420192019A9C08A61C244A52F8ED
:101FF000267003F0030296000F22B24027EA020780
:10200000224A90423FF47AAF02F58062904222D099
:1020100002F58062904220D002F5806290421ED08C
:1020200002F5806290421CD002F5806290421AD084
:1020300002F58062904218D002F58062904216D07C
:1020400002F58062904214D002F5806290423FF423
:1020500053AF0A2253E7012251E702224FE703223E
:102060004DE704224BE7052249E7062247E707220E
:1020700045E7082243E702B0F0BC7047704700BF55
:1020800000380140003C014000380240000002409E
:1020900000230F2B00F29B80F0B52DE0092600E015
:1020A000002606FA04F4AC4275D005685C000326ED
:1020B00006FA04F425EA0405056023FA06F5083556
:1020C00050F8256003F007074FEA870C0F2707FA3F
:1020D0000CF726EA070640F82560C56825EA0405DE
:1020E000C560456825EA02024260826822EA04046B
:1020F000846001330F2B69D801229A4002EA01075C
:1021000032EA0104F5D14FEA930C0CF10205304C90
:1021100054F8255003F00304A4000F2606FA04FE29
:102120000EEA05052B4EB042BAD006F58066B042E5
:1021300021D006F58066B0421FD006F58066B04219
:102140001DD006F58066B0421BD006F58066B04211
:1021500019D006F58066B04217D006F58066B04209
:1021600015D006F58066B04213D006F58066B04201
:1021700094D00A2695E7012693E7022691E70326E5
:102180008FE704268DE705268BE7062689E70726D5
:1021900087E7082685E7104C256825EA07052560AE
:1021A000656825EA07056560E56825EA0705E560D5
:1021B000A56825EA0707A760054D0CF1020455F84C
:1021C000246026EA0E0645F824606EE7F0BD7047ED
:1021D0000038014000000240003C01400369194200
:1021E00001D001207047002070470AB1816170471B
:1021F000090481617047000008B5054B5B69034223
:1022000000D108BD024B586108F04CFCF9E700BF53
:10221000003C0140074AD36823F4E0631B041B0C15
:10222000000200F4E060034343F0BF6343F4003373
:10223000D360704700ED00E030B4174BDB68C3F3A8
:102240000223C3F10704042C28BF04241D1D062DFE
:1022500018D9033B4FF0FF3505FA04F421EA0401D5
:10226000994005FA03F322EA0303194300280BDB24
:102270000901C9B200F1604000F5614080F8001327
:1022800030BC70470023E5E700F00F000901C9B238
:10229000024B1954F4E700BF00ED00E014ED00E03C
:1022A000002807DB00F01F02400901239340024A87
:1022B00042F82030704700BF00E100E000280CDB4E
:1022C00000F01F024009012393402030034A42F8E6
:1022D0002030BFF34F8FBFF36F8F704700E100E0F6
:1022E0000138B0F1807F0AD2064B5860064AF021CF
:1022F00082F823100020986007221A60704701209E
:10230000704700BF10E000E000ED00E010B50446AB
:102310000E4B18784FF47A73B3FBF0F30C4A106845
:10232000B0FBF3F0FFF7DCFF68B90F2C01D90120F7
:102330000AE0002221464FF0FF30FFF77DFF054BFA
:102340001C60002000E0012010BD00BF2000002024
:10235000280000202400002008B50B4B1A6842F426
:1023600000721A601A6842F480621A601A6842F4B5
:1023700080721A600320FFF74DFF0F20FFF7C6FFA2
:10238000FFF770F8002008BD003C0240034A1168C6
:10239000034B1B780B441360704700BFD4F501203A
:1023A00020000020014B1868704700BFD4F50120C1
:1023B00038B50446FFF7F6FF0546B4F1FF3F02D0FB
:1023C000044B1B781C44FFF7EDFF401BA042FAD3DF
:1023D00038BD00BF200000202DE9F04182B0054645
:1023E00000230193D0F8688008F1120350F82340CD
:1023F000C66E012712E001A801F050FA019B43B319
:102400002362A3600FE06B6943F48043636015E0CF
:1024100003F1120255F82240013E9846DEB1D7B1D1
:10242000236A002BE7D0002FF8D0AB6D002BEAD148
:102430006B6943F0004343F480436360236843F0D7
:102440000043236008F10103032BE1D9A8F1030342
:10245000DEE70027E2E7EB6EB34211D008F1030399
:1024600003F00303BFF35F8F2A6903EB830302EBDF
:10247000C303296841F208028B50C5F86880EE66F4
:1024800002B0BDE8F08100005079137943EA0023DF
:1024900007480B50D07893781B0443EA00635078C8
:1024A00043EA002312781343024A8B50704700BF5F
:1024B000408002404480024070B400220BE0C668B5
:1024C000551C05EB850506EBC505DD600B5943F48E
:1024D00040030B510132032A16D8C16802EB820374
:1024E000DC0001EBC30300250D515D609D60DD60E4
:1024F000951D40F825300D5945F480150D51022ADF
:10250000DDD9C568DD60E1E700238362C168026848
:1025100041F21003D15070BC704730B4002207E084
:102520000469511C01EB810104EBC101D960013246
:10253000032A20D8046902EB8203DD0004EBC30305
:102540000021615159609960D960196259624FF058
:1025500000416151416941F480415960596821F05D
:102560000041596002F1120140F82130022AD7D906
:102570000169D960DBE70023C36503668366C36630
:1025800083650169026841F20C03D15030BC704789
:102590002DE9F041876A00EB87039B698D681C6811
:1025A000002CC0F2BD8090463C1D00EB8404E46921
:1025B000002C40F0B7802C689C605C6824F4FF54C9
:1025C00024F01F046E6834435C600C6814F0010F43
:1025D00005D01C6824F440044E6934431C600C6828
:1025E00014F0200F05D01C6824F040640E693443B9
:1025F0001C60096811F0040F03D0196841F08001D4
:102600001960196841F080511960BE464FF0000C06
:10261000012628E0196821F08041196030E000EBC4
:1026200084039B691968002931DB211D00EB8101BE
:10263000C96961BB196821F0805119600136AD6824
:1026400029689960596821F4FF5121F01F016A68D7
:10265000114359600CF1010CBFF35F8F196841F011
:1026600000411960A646A96859B3196821F00051C4
:102670001960B8F1000FCDD0196841F080411960A0
:102680000EF10104032CCAD9AEF10304C7E700EB35
:1026900087039969002204E000EB83018969013214
:1026A0001F46B2420AD2BFF35F8F0B6823F000438C
:1026B0000B607B1C032BEFD9FB1EEDE70220BDE86E
:1026C000F081B8F1000F26D01A6842F080421A60FB
:1026D0001A6842F000521A6000EB8707BA69BFF32C
:1026E0005F8F136843F000431360C26B0EF1040365
:1026F00000EB8303DA61C0F828E0EFF310820123D6
:1027000083F31088036C9C440CF10103036482F38F
:1027100010880020D3E71A6822F080421A60D7E7B9
:102720000220CCE70220CAE770B505460C460268D5
:1027300013683C491940A37B5B06207C002861D1CB
:102740004FF400000343607C00285DD14FF480000B
:102750000343A0680343E07F43EA00436069034307
:10276000A07F002852D14FF400500343207F43EA5A
:102770000033A0690343207943EA802394F82000C2
:10278000002845D14FF400700343E07B43EAC013B7
:10279000606A034394F8280043EA00130B43136074
:1027A0002B681E680120FFF703FE2B681E60296856
:1027B0008A6922F0BE021204120CA36C1B0494F866
:1027C0004C0038BB80200343206D034394F8550030
:1027D000012821D00020034394F8560001281DD081
:1027E0000020034394F85400012819D0002003432B
:1027F00013438B612B689C690120FFF7D9FD2B687F
:102800009C6170BD00209DE70020A1E70020ACE79F
:102810000020B9E70020D6E70820DCE70420E0E745
:102820000220E4E70F8120FDF8B505460C4602685A
:1028300041F21803D35829491940237B002B49D171
:102840004FF08063607B43EA4063607F002843D1A0
:102850004FF480100343A07B43EA40536069034375
:10286000207F43EAC013A07F43EA8013206A03431A
:1028700094F8240043EA80030B4341F21806935175
:102880002B689F590120FFF793FD2B689F512279F8
:10289000A36843EA4263A26913432269134394F88D
:1028A000252043EAC213A26A43EA82032268134343
:1028B0002A6843F4000302F5805213602B6803F585
:1028C00080531C680120FFF773FD2B6803F58053CC
:1028D0001C60F8BD0023B5E70020BBE7233FDEF80E
:1028E00070B5A4B0064601258DF83C508DF83D50DA
:1028F00000240D948DF84B408DF84A508DF84840D7
:102900008DF83A508DF830508DF84C408DF83B40A2
:1029100014948DF854401D948DF878401F948DF8D0
:1029200082408DF880404FF4804310934FF4006351
:1029300011938DF881400BA9FFF7F6FE8DF80C502E
:102940008DF80D508DF81D508DF80E5005948DF8B2
:102950001C408DF81E4008948DF824508DF80450CA
:102960004FF4803302934FF4800306934FF40053E7
:1029700004938DF825500A94009469463046FFF779
:1029800053FF24B070BD30B583B0044600230193DB
:10299000026841F21805535943F4801353510368F8
:1029A0005B5901930120FFF703FD2368019A5A51F7
:1029B00003B030BD7047000000286CD030B583B044
:1029C0000446D0F88430002B34D000230193334BDD
:1029D0005A6C42F480425A645B6C03F48043019366
:1029E000019B2F4B5A6822F400025A605A68A16872
:1029F0000A435A605B68236803F580531A6842F003
:102A000001021A60FFF7CEFC0546236803F58053E8
:102A10001B6813F0010F13D0FFF7C4FC401BB0F587
:102A2000FA7FF2D90423C4F88830E023C4F8843054
:102A300001202EE02023C0F88430FFF7BBFFC4E75D
:102A40002046FFF74DFF2046FFF736FD2046FFF7F3
:102A500064FD626800212046FFF716FD2268D36BF3
:102A600043F40273D3632268D2F80C3143F4003389
:102A700043F06003C2F80C312268D2F8103143F4FD
:102A80000313C2F810310020C4F888001023C4F8E2
:102A9000843003B030BD0120704700BF00380240D1
:102AA0000038014038B5D0F88430102B01D0012017
:102AB00038BD04462023C0F884300423C366FFF7E2
:102AC0008BFC2268136843F00803136023681D68B9
:102AD0000120FFF76DFC23681D602268136843F036
:102AE0000403136023681D680120FFF761FC23685D
:102AF0001D602046FFF747FF216841F21803CA58BE
:102B000042F40052CA502168CA5842F00202CA5028
:102B10004023C4F884300020CAE7F8B5044631B138
:102B20001546D4F88430402B09D00120F8BDD0F8E8
:102B3000883043F00103C0F888300120F6E7002216
:102B40002046FFF725FD002835D1BFF34F8FA36A3C
:102B50009A1D54F822600133A362032B01D9043B70
:102B6000A362A36A2268063354F8231041F20403D7
:102B7000D150FFF717FC07463368002B30DA236883
:102B800041F214029A5812F4005F1CD1B5F1FF3FD4
:102B9000F2D0FFF707FCC01BA84201D8002DEBD1F3
:102BA000D4F8883043F00403C4F888304FF0405321
:102BB00033600120BAE7D4F8883043F00203C4F848
:102BC00088300120B2E7D4F8882042F00802C4F827
:102BD000882041F214029B58C4F88C300120A5E7EC
:102BE0000020A3E72DE9F84F044681B18A46D0F8CA
:102BF0008430402B6CD1C76D07F1120350F823507D
:102C0000C36EC3F104094FF00008464634E0D0F823
:102C1000883043F00103C0F88830012059E02B6868
:102C200013F4007F02D00023236663662B68C3F38E
:102C30000D4B2B6813F4807F03D02B6823674FF074
:102C40000108AA682A625B4604F1800104F17C0055
:102C500000F04AFE236E01332366636E5B446366B5
:102C600000232B627B1C032B00D9FB1E03F11202F5
:102C700054F8225001361F462B68002B14DB4E45BA
:102C800012D2B8F1000F0FD12B6813F4807F03D05C
:102C9000EB69A367AB6963672B6813F4007FBED150
:102CA000E36F002BBBD1DDE7E36E1E44E6662EB971
:102CB000E765B8F1000F05D101200AE02046FFF7D3
:102CC0008BFBF5E7E36FCAF800300020E06700E017
:102CD0000120BDE8F88F00002DE9F04782B00546DD
:102CE000884617461E46FFF75DFB0A9B1B1A03EB3F
:102CF0000609FFF757FB82462A4B1B68C3F3CB3309
:102D000009FB03F301932B689C6838EA04030CBFAA
:102D100001240024BC4240D0B6F1FF3FF3D0FFF7BE
:102D200041FBA0EB0A00484506D2B9F1000F03D0E1
:102D3000019B73BB9946E6E72A68536823F0E003DA
:102D400053606B68B3F5827F0BD0AB6AB3F5005F5D
:102D500014D0012385F85130002385F8503003202A
:102D60001CE0AB68B3F5004F02D0B3F5806FECD137
:102D70002A68136823F040031360E6E72A681368A3
:102D800023F4005313602A68136843F4005313605C
:102D9000DFE7019B013B0193B5E7002002B0BDE8EE
:102DA000F08700BF2800002070B584B004460D46AF
:102DB000164600920B4601220221FFF78DFFE0B973
:102DC0000146194B1B68194AA2FB03235B0D4FF404
:102DD0007A7202FB03F303936368B3F5827F12D028
:102DE000039B3BB1039B013B039323689B6813F058
:102DF000800FF5D1084604B070BD636D43F0200329
:102E000063650321F6E700962B46002280212046C9
:102E1000FFF762FF01460028ECD0636D43F020030A
:102E200063650321E6E700BF28000020819F5E164E
:102E300000285AD010B50446436A33B94368B3F545
:102E4000827F05D00023C36102E000230361436158
:102E50000023A36294F85130002B40D0022384F861
:102E600051302268136823F040031360636803F451
:102E70008273A26802F404421343E26802F400621F
:102E80001343226902F002021343626902F0010255
:102E90001343A26902F400721343E26902F038029C
:102EA0001343226A02F080021343A26A02F4005222
:102EB000216813430B60638B03F00403626A02F022
:102EC0001002216813434B602268D36923F4006326
:102ED000D36100206065012384F8513010BD84F86F
:102EE00050302046FEF7D8F9B8E70120704790B17E
:102EF00010B50446022380F851300268136823F0AD
:102F000040031360FEF700FA0020606584F851006A
:102F100084F8500010BD012070472DE9F04383B0C4
:102F20000446884691461F460A9DFFF73BFA06462F
:102F300094F85130DBB26268012B0AD0B2F5827F7F
:102F400040F00581A268002A40F00581042B40F082
:102F50000481B8F1000F00F00281B9F1000F00F018
:102F60000081002F00F0FF8094F85030012B00F01A
:102F7000FC80012384F8503094F85130DBB2042BEC
:102F800002D0052384F8513000236365C4F83890DB
:102F9000E787A787C4F83080E786A7862364636441
:102FA00023681A6812F0400F03D11A6842F04002F9
:102FB0001A60E368B3F5006F11D063680BB1012F9D
:102FC0000BD1226B236812781A73236B01332363AE
:102FD000E38E9BB2013B9BB2E386012771E06368FD
:102FE0000BB1012F0BD1226B23681288DA60236B9F
:102FF00002332363E38E9BB2013B9BB2E38601273E
:103000001BE023689A6812F0010F0ED0E28F92B293
:103010005AB1DA68A36B1A80A36B0233A363E38F00
:103020009BB2013B9BB2E3870127FFF7BBF9801BF3
:10303000A84202D3B5F1FF3F1ED1E38E9BB21BB96C
:10304000E38F9BB2002B62D023689A6812F0020FC4
:10305000D7D0E28E92B2002AD3D0002FD1D0226BEB
:103060001288DA60236B02332363E38E9BB2013B49
:103070009BB2E3860027C4E7012384F85130002384
:1030800084F85030032063E023689A6812F0010F3F
:103090000ED0E28F92B25AB1DA68A36B1A70A36BAA
:1030A0000133A363E38F9BB2013B9BB2E38701270C
:1030B000FFF778F9831BAB4202D3B5F1FF3F1ED176
:1030C000EDB1E38E9BB213B9E38F9BB2FBB12368E2
:1030D0009A6812F0020FD7D0E28E92B2002AD3D0B3
:1030E000002FD1D0226B12781A73236B0133236324
:1030F000E38E9BB2013B9BB2E3860027C4E701232A
:1031000084F85130002384F85030032020E0324608
:1031100029462046FFF748FE90B9A36833B90193CA
:103120002368DA6801929B680193019B012384F86C
:103130005130002384F85030636D4BB1012007E01B
:1031400020236365002384F85030012000E0022032
:1031500003B0BDE8F0830220FAE70220F8E701207F
:10316000F6E70120F4E70120F2E70220F0E790F80B
:1031700051007047406D704730B4056A026A22F012
:10318000010202624268846924F073040B681C43E4
:1031900025F002058B682B43104DA84203D005F59E
:1031A0008065A84205D123F00803CD682B4323F0A6
:1031B00004030A4DA84203D005F58065A84205D155
:1031C00022F440724D6915438A692A434260846142
:1031D0004A684263036230BC704700BF0000014090
:1031E00030B4036A026A22F4807202624268C469DF
:1031F00024F073040D682C4323F400738D6843EAB4
:103200000523124DA84203D005F58065A84206D1DA
:1032100023F40063CD6843EA052323F480630B4D58
:10322000A84203D005F58065A84207D122F4405298
:103230004D6942EA05128D6942EA05124260C46195
:103240004A68C263036230BC704700BF000001409F
:1032500030B4036A026A22F4805202624468C2698E
:1032600022F4E6420D6842EA052223F400538D68F9
:1032700043EA0533094DA84203D005F58065A8420D
:1032800004D124F480444D6944EA85144460C26149
:103290004A680264036230BC704700BF000001400E
:1032A0000368324A904212D0B0F1804F0FD0A2F59D
:1032B0007C4290420BD002F58062904207D002F52A
:1032C0008062904203D002F57842904203D123F00D
:1032D00070034A681343254A90422AD0B0F1804FC8
:1032E00027D0A2F57C42904223D002F58062904222
:1032F0001FD002F5806290421BD002F578429042C6
:1033000017D002F57052904213D002F580629042BD
:103310000FD002F5806290420BD0A2F59832904215
:1033200007D002F58062904203D002F5806290429D
:1033300003D123F44073CA68134323F080034A691E
:1033400013438A68C2620A688262084A904203D0C4
:1033500002F58062904201D10A690263026842F07C
:1033600004020260012242610360704700000140D4
:1033700040B310B5044690F83D30F3B1022384F811
:103380003D30214651F8040BFFF78AFF012384F8F2
:10339000463084F83E3084F83F3084F8403084F87A
:1033A000413084F8423084F8433084F8443084F863
:1033B000453084F83D30002010BD80F83C30FDF7EA
:1033C000B9FFDBE70120704730B4036A026A22F0DC
:1033D000100202624468826922F4E6420D6842EA01
:1033E000052223F020038D6843EA0513114DA842FE
:1033F00003D005F58065A84206D123F08003CD688F
:1034000043EA051323F040030A4DA84203D005F513
:103410008065A84207D124F440644D6944EA8504DC
:103420008D6944EA8504446082614A68826303626C
:1034300030BC70470000014038B590F83C30012B9B
:1034400066D004460D46012380F83C300C2A5AD839
:10345000DFE802F0075959591B5959593059595940
:1034600044000068FFF788FE2268936943F0080370
:1034700093612268936923F004039361226893693E
:1034800029690B43936100203EE00068FFF79CFF31
:103490002268936943F4006393612268936923F47B
:1034A0008063936122689369296943EA01239361E8
:1034B000002029E00068FFF793FE2268D36943F0FB
:1034C0000803D3612268D36923F00403D36122681F
:1034D000D36929690B43D361002015E00068FFF729
:1034E000B7FE2268D36943F40063D3612268D369CD
:1034F00023F48063D3612268D369296943EA0123F5
:10350000D361002000E00120002384F83C3038BD66
:103510000220FCE790F83C30012B3BD030B4012373
:1035200080F83C30022380F83D3003685C689D6879
:1035300024F070040A6822435A600368164A9342D2
:103540001AD0B3F1804F17D0A2F57C42934213D02A
:1035500002F5806293420FD002F5806293420BD055
:1035600002F57842934207D002F57052934203D09D
:10357000A2F59432934204D125F080054A681543A0
:103580009D60012380F83D30002380F83C301846D0
:1035900030BC70470220704700000140034AD2F857
:1035A000883043F47003C2F88830704700ED00E0C3
:1035B00010B403460C4A0D490D48006850B10C4840
:1035C00000680344521A934208D8094A13605DF810
:1035D000044B70470648074C0460F0E7064B0C228A
:1035E0001A604FF0FF30F2E70000032000040000F3
:1035F000E4000020B0C402209CC4022001207047D7
:10360000024B16221A604FF0FF3070479CC4022014
:1036100008B54FF0FF31FFF7F3FFFEE770B50C463A
:1036200016460025B54207DAAFF30080214601F8BF
:10363000010B01350C46F5E7304670BD70B50C4600
:1036400016460025B54205DA14F8010BAFF30080E9
:103650000135F7E7304670BD4FF0FF3070474FF44B
:1036600000534B60002070470120704700207047D6
:1036700000B583B000230193054B1B781BB1019863
:1036800003B05DF804FB01A90248FFF7ABFAF6E7C7
:10369000E80000209C40022010B58CB00C4630227F
:1036A000002168460AF01CFE2246002303E0116850
:1036B000F1B10133126822B3032B2ED8516803EB0A
:1036C00043000DF1300C0CEB800040F8301C5189A8
:1036D00040F82C1C002BEAD0581E03EB43010DEBE5
:1036E000810100EB40000CEB800040F8281CDEE775
:1036F00003EB43010CA800EB8101002041F8280CEA
:10370000D7E7238907494B60C1F808D04C631422DE
:103710000548FFF702FA002001E06FF00B000CB043
:1037200010BD00BF4C4102209C4002202DE9F04119
:1037300082B004462C4D2D4B2B6000268DF8006086
:1037400080238DF80130E1238DF802308DF803607D
:103750008DF804608DF80560C5F804D04FF40003BF
:10376000AB60234BEB60234B2B614FF4C0636B6169
:103770002846FFF721F90746DFF8808034223146DA
:1037800040460AF0ADFD212348F8043C4FF44003C5
:10379000C8F81030184800F001FD062384F82C30DA
:1037A0006B681A7884F826205A7884F827209A784B
:1037B00084F82820DA7884F829201A7984F82A20D5
:1037C0005B7984F82B3040F2DC53A38494F82D30DD
:1037D00043F00A0384F82D3017B902B0BDE8F08138
:1037E000FDF782FAF9E700BF9C400220008002400A
:1037F000D8F50120FC3F022078FB00085041022050
:1038000008B50146054800F01FFD054B1B78012B4C
:1038100000D008BD024B00221A70FAE778FB0008BE
:10382000E800002038B5054603E0204600F0EAFF36
:103830005CB12846FFF71CFF04460028F8D02B692E
:10384000294698470028F3D0EFE738BD10B5044665
:1038500070B1732384F82E30742384F82F30084B12
:103860006361084BA3612046FFF760FF002010BD95
:10387000054B40F25B12054905480AF039FDE8E7BF
:10388000DD9200089936000824FB000840FB000880
:1038900050FB000808B5FEF785FD08BD10B582B0E5
:1038A00004460E4800F09EFC88B1034600F1200259
:1038B00022600B4A02614FF4C062019222680092BA
:1038C00041220021084600F035FF02B010BD054B33
:1038D00001221A7000232360F7E700BF78FB00087D
:1038E00001380008E800002030B4A2F120040025CF
:1038F00042F8205C22F8185C22F8163C02684AB1B3
:103900000A6814600C60026832B11189194411818F
:103910001268F9E70460F5E730BC704708B590F825
:103920002D3013F0040F02D000F014FE08BD00F09B
:103930002FFEFBE7F0B585B03B4FC0203870A821C3
:1039400079700123BB706422FA70384EFF22327006
:103950007270B2700024F470354D28706970AB70CD
:10396000EB7000F030F93A787B781B0443EA02638D
:10397000BA7843EA0223F9780B431A0202F47F0271
:1039800042EA0162190A01F47F410A4342EA1363E1
:1039900028490B60327873781B0443EA0263B278DB
:1039A00043EA0223F07803431A0202F47F0242EA58
:1039B0000062180A00F47F40024342EA13631E4A81
:1039C000136028786B781B0443EA0063A87843EA05
:1039D0000023ED782B43180200F47F0040EA0560D5
:1039E0001D0A05F47F45284340EA1360134B186015
:1039F00013480290134801900094134800F012FD00
:103A000078B1114C204600F09FFD1049204600F08F
:103A100003FE204600F09EFD204600F0D9FD05B0D3
:103A2000F0BDFDF761F9ECE7C8410220C441022076
:103A300084410220BC410220CC410220D04102201E
:103A40008D3A00084D380008884102201D390008D1
:103A500010B50D4C2046FFF7E5FE04F0F7FE94F894
:103A60002D3013F0040F06D0074B93F82D3013F0D0
:103A7000010F04D010BD204600F0AAFDF4E7024873
:103A800000F068FDF6E700BF8841022070B50446EB
:103A900043890E2B1CD90D46C37B1BB991F83030DE
:103AA0000133C37360688689037813F0010F0AD06D
:103AB000012B12D006221E490AF0DCFB18B9637BE9
:103AC00043F008036373082E12D0B6F5C16F1FD000
:103AD000204600F097FE002070BD4378002BF2D105
:103AE00083785E2BEFD1637B43F010036373EAE7C7
:103AF00095F82D3013F0080FEAD00E21204600F083
:103B00003BFE0028E4D12946204605F0EDFDE2E722
:103B100095F82D3013F0080FDAD00E21204600F072
:103B20002BFE0028D4D12946204605F0E7F9D2E73C
:103B3000ECFB00082DE9F04105460C4616461F46F1
:103B4000BDF8180000F02EF880460E21204600F047
:103B50000EFEE8B96168A1F80C803B680B60BB8879
:103B60008B803368C1F80630B3884B8195F82C30D0
:103B7000062B05D1AB69214628469847BDE8F08160
:103B8000054B4FF49972054905480AF0B1FBF1E77E
:103B90006FF00100F2E700BF84FB0008B8FB0008EB
:103BA00050FB0008030A43EA002080B2704703027A
:103BB00003F47F0343EA0063020A02F47F421343E3
:103BC00043EA1060704708B500F0C8F800F0FAFA50
:103BD00000F0F0FB04F0AAFE01F0B4F904F022FEBC
:103BE00008BD0000014B1B6818447047F40000201A
:103BF000024B1B68C01A80B2704700BFF40000205F
:103C0000F8B50446FFF7F4FF074625882846FFF776
:103C1000E9FF064664882046FFF7E4FFB5F5804FCC
:103C200010D8B4F5804F0FD8BC4202D00388BB42F5
:103C30000CD1094B1B68B3420AD07388BB4209D12F
:103C4000012000E00020F8BD0020FCE70020FAE79A
:103C50000120F8E70020F6E7F800002038B5044618
:103C6000354B1B68834240D8344B1B68A34244D970
:103C70002379002B49D12388B3F5804F4DD8208874
:103C8000FFF7B0FF844216D00379A3B92B4B1B6812
:103C9000834210D02A4B1B68834246D0038823807E
:103CA0000088B0F5804F06D0FFF79CFF0546204600
:103CB000FFF79EFF68806088FFF794FF0546844207
:103CC00012D0037983B91E4B1B68A34230D02388DE
:103CD0002B802088B0F5804F06D0FFF783FF044685
:103CE0002846FFF785FF608038BD164B40F2DF1293
:103CF000154916480AF0FCFAB6E7124B4FF4F07279
:103D0000134912480AF0F4FAB2E70E4B40F2E112FE
:103D100010490E480AF0ECFAADE70A4B4FF4F27284
:103D20000D490A480AF0E4FAA9E7054B1C60B5E71B
:103D3000034B1860CBE700BFF4000020F800002020
:103D4000F0000020FCFB000828FC000850FB0008E5
:103D500040FC00085CFC000878FC000838B50B4CFF
:103D600024F003040A4B1C604FF480452580002397
:103D7000638023712846FFF735FF064B1860012347
:103D8000037105804580044B1C6038BDEF41022063
:103D9000F4000020F8000020F0000020002844D0AB
:103DA00038B5044610F0030F1FD1A0F108051F4BD2
:103DB0001B68AB4221D800F10C031D4A12689342E4
:103DC0001BD810F8043C03B32846FFF719FF20B3B3
:103DD000002304F8043C174B1B68AB4201D9154B78
:103DE0001D602846FFF73AFF0EE0134B40F27322A6
:103DF000124913480AF07CFA06E00F4B40F27F228A
:103E000010490F480AF074FA38BD0B4B4FF4237277
:103E10000D490B480AF06CFAF6E7074B40F2952281
:103E20000A4907480AF064FAEEE77047F4000020F8
:103E3000F8000020F0000020FCFB0008A4FC0008B3
:103E400050FB0008C8FC0008E4FC00080CFD00085A
:103E50002DE9F8430546CC1CA4B224F00304A4B217
:103E60000B2C04D9B4F5804F02D9002599E00C241D
:103E70008C42C0F095804D4B1B68AB4203D84C4B35
:103E80001B68AB4206D84B4B40F2D1224A494B4803
:103E90000AF02EFA454B1B68AB4200F28280444B7D
:103EA0001B68AB427DD9A5F10800FFF7A1FE0646CD
:103EB00035F8088CA8EB00081FFA88F8A8F1080864
:103EC0001FFA88F8444529D844456DD869D035F89B
:103ED000087C3846FFF786FE81460379002B33D1F4
:103EE000B7F5804F22D0B9F800703444A4B208343A
:103EF000A4B2334B1B684B4520D02046FFF772FE1F
:103F0000002303710780468025F8084C0088B0F52F
:103F1000804F46D0FFF766FE448042E0254B4FF4C9
:103F20003972284925480AF0E3F9CDE7214B40F2E0
:103F3000F522254921480AF0DBF9D4E72046FFF7AE
:103F400051FE1F4B1860D8E704F11403434528D8ED
:103F50003444A4B20834A4B2B7F5804F18D0204638
:103F6000FFF740FE164B1B68834201D9144B1860C3
:103F70000023037135F8083C0380468025F8084C7F
:103F80000088B0F5804F0CD0FFF72CFE448008E08D
:103F9000084B40F216320C4908480AF0A9F9DEE74E
:103FA00000252846BDE8F8830025FAE7F400002044
:103FB000F8000020FCFB000840FD000850FB000852
:103FC000F000002058FD000878FD0008002800F0EF
:103FD0009A802DE9F0410346C61CB6B226F00306CE
:103FE000B6B20B2E04D9B6F5804F02D9002088E076
:103FF0000C269E42C0F08980454B1868FFF7F8FDFB
:1040000005464CE0434B40F28732434943480AF0AF
:104010006FF962E0012303713D4B1868A0420FD095
:10402000274408373E4B1B689F421FD814F00305F6
:1040300024D15DBB04F1080063E00088FFF7D2FDE6
:1040400003791BB1364A12688242F6D1304A1060B9
:10405000334A12688242E3D0002BE1D02D4B40F26C
:10406000B53230492D480AF043F9D9E7294B40F2DF
:10407000B9322D4929480AF03BF9D7E7254B40F2E0
:10408000BB322A4925480AF033F9D2E7214B40F2E6
:10409000BD32274921480AF02BF9CBE72588A846ED
:1040A0003746C6F580439D422AD22846FFF79AFD3F
:1040B00004460379002BF1D10388A3EB0803083BE6
:1040C000BB42EBD307F114029342A3D32E44B6B202
:1040D0000836B6B2B6F5804F94D03046FFF782FD71
:1040E00000230371238803804580268001232371E8
:1040F0000088B0F5804F8FD0FFF774FD46808BE7C6
:104100000020BDE8F081002070470020F9E700BFE3
:10411000F0000020FCFB000878FD000850FB0008C0
:10412000F80000208CFD0008A8FD0008D8FD00085C
:1041300008FE000810B583681C6824B122681A6064
:1041400014F0030F01D1204610BD044B4FF48C72C4
:10415000034904480AF0CCF8F5E700BF2CFE00083C
:104160005CFE000850FB000838B505460C4611F00F
:10417000030F05D1AB681B682360AB681C6038BDBA
:10418000034B4FF4B672034903480AF0B1F8F1E764
:104190002CFE000880FE000850FB00088368002207
:1041A0001A604368033323F003034188914208DD1A
:1041B00081680968196081680B6001880B440132CD
:1041C000F3E7704710B5002406E0054B53F82400D0
:1041D000FFF7E4FF0134A4B2082CF6D910BD00BFEC
:1041E0005CFF000810B5044620B15CB12046FFF723
:1041F000A1FF10BD044B4FF49E72044904480AF01D
:1042000077F8F2E72046F4E72CFE0008A0FE00084D
:1042100050FB000808B5082805D8074B53F82000C4
:10422000FFF788FF08BD054B40F2571204490548C7
:104230000AF05EF80020F5E75CFF00082CFE00089D
:10424000B4FE000850FB000838B50C46054630B1F6
:1042500025B11CB121462846FFF786FF38BD044B27
:1042600040F29512034904480AF042F8F0E700BF13
:104270002CFE0008A0FE000850FB000808B5082826
:1042800006D821B1064B53F82000FFF76DFF08BD9B
:10429000044B4FF4D572044904480AF029F8F6E7B4
:1042A0005CFF00082CFE0008D4FE000850FB00084C
:1042B0000B688268934205D011B18360012070477A
:1042C0000023FAE7002070470B68C268934205D0CC
:1042D00011B1C360012070470023FAE70020704746
:1042E0006FF00B00704738B504460D4601F0F2FD43
:1042F0002946204604F0E8FB38BD000038B50C46DE
:10430000054670B195F82D3003F00502052A07D156
:1043100014F0010F04D06A6812B113F0080F08D12D
:1043200038BD064B40F26D320549064809F0E0FF02
:10433000E8E7291D284604F03DFEF1E780FF00086C
:10434000B0FF000850FB000870B582B00446154667
:104350000E4639B175B1326863689A4212D10020B5
:1043600002B070BD104B40F2CB121049104809F05A
:10437000BFFFEFE70C4B4FF4E6720C490C4809F015
:10438000B7FFE8E701922B6001A92846FFF7ABFFD2
:104390003EB13368636001212046FFF7AFFF012083
:1043A000DEE70023F6E700BF80FF0008D4FF000827
:1043B00050FB0008704700002DE9F04182B0044630
:1043C00016461D460F46D9B1E6B1EDB10FB13B68B7
:1043D000E3B901AA39462046FFF7B6FF4FF00108BE
:1043E000002231462046FFF763FF0022294620467F
:1043F000FFF76AFFB8F1000F0BD002B0BDE8F08103
:10440000074FE1E7064EE0E7054DDFE74FF0000814
:10441000E6E701AA39462046FFF796FFEDE700BF21
:104420007019010870B5059C064610B3002C29D000
:10443000002930D0002A30D0002B30D0002070600E
:10444000B060F060364D7561B08486F82D00F06183
:10445000049830623348007886F83000069830615E
:104460003046FFF7A9FF3046A04700283ED0002085
:1044700050E02D4B40F227122C492D4809F038FF0F
:10448000304647E0284B4FF494722A49284809F0F7
:104490002FFF00203EE02849CCE7274ACCE7264BF7
:1044A000CCE7002386F8303024E01F4B40F28B121B
:1044B00022491F4809F01CFF10E01B4B40F28D12EF
:1044C0001F491B4809F014FF94F8302096F830304B
:1044D0009A4207D0246844B1B442E6D00135FF2D9A
:1044E000F2DDEAE7013386F830303CB196F830303F
:1044F000FF2BD6D0134B1C680025ECE796F8303024
:10450000FE2B08D00133074A13700E4B1A68326035
:104510001E60304670BD034B00221A70F5E700BFE5
:10452000E14200082001002080FF0008E4FF0008AD
:1045300050FB000800000108701901082400010860
:1045400038000108CCC30220014B1860704700BF3F
:10455000D0C3022008B528B190F82D3013F0010F18
:1045600008D008BD074B4FF454720749074809F0BB
:10457000BFFEF6E743F0010380F82D300321FFF77B
:10458000BDFEEEE780FF00086800010850FB000850
:1045900008B560B190F82D3013F0010F06D003F08C
:1045A000FE0380F82D3013F0080F08D108BD054B2D
:1045B00040F29B320449054809F09AFEF6E704F000
:1045C0007FFCF3E780FF00088400010850FB00082F
:1045D00010B530B1044690F82D3013F0040F08D018
:1045E00010BD0A4B4FF4787209490A4809F080FE61
:1045F000F6E743F0040380F82D300321FFF77EFE39
:10460000E369002BECD020469847E9E780FF0008DB
:10461000A400010850FB000800B1C1617047000010
:10462000024658B1064B186838B190F83030013363
:10463000DBB2934203D00068F6E770470020704772
:10464000CCC3022010B40024046041600281438185
:104650009DF8043003739DF808304373012383737E
:10466000C4735DF8044B704770B50C46164605469A
:10467000C0B13DB3B4F5803F26D23CB3A2B22B8982
:1046800013449BB2934223D395F90C10002911DBFC
:1046900006B369680C1B6C6069890A446A812B81C6
:1046A000002012E00C4B40F2DF120C490C4809F0DC
:1046B0001FFEDEE769680C1B05F11001A142EAD973
:1046C000012002E0012000E0012070BD0020FCE795
:1046D0000120FAE70120F8E7C8000108F800010806
:1046E00050FB0008F0B583B006460D461446412A3B
:1046F00001D0012A0FD10720FFF78CFD074638B102
:104700000023019300942B462A463146FFF79AFF77
:10471000384603B0F0BD044B4FF4A572034904487A
:1047200009F0E6FDE7E700BFC80001080401010841
:1047300050FB000870B582B00D461E460699C41C99
:1047400024F003042819BDF81C3098420DD801B19B
:10475000214434460223019300922B462A463046D8
:10476000FFF770FF204602B070BD0024FAE708B5DD
:104770000022FFF779FF08BD38B50C46054690B119
:1047800015B3B4F5803F21D214B3A2B26B89934222
:1047900011D36968214469609B1A6B812B899A1A2D
:1047A0002A81002038BD0B4B40F24B220A490B48AE
:1047B00009F09EFDE4E7074B40F2552208490748FF
:1047C00009F096FD0120EDE70120EBE70120E9E784
:1047D0000020E7E7C8000108F800010850FB0008C6
:1047E0001801010808B5002902DBFFF73DFF08BDED
:1047F0004942FFF7C1FFFAE708B50122FFF7F2FFD0
:1048000008BD000070B510B10446002517E0284B24
:104810004FF437722749284809F06AFD00252846D9
:1048200070BD234B40F2F1222449234809F060FD7A
:104830000AE02369204698470135EDB23446002C42
:10484000EDD0A37B002BECD0A37B013BDBB2A373A9
:10485000002BE4D12668237B03F00F03627B12F068
:10486000020F0AD02369002BE3D1114B40F2FF2243
:104870001349114809F03CFDDBE7022B06D0012B60
:1048800009D06BB92046FFF789FAD5E72146082001
:10489000FFF7F4FCD0E721460720FFF7EFFCCBE75A
:1048A000034B40F20F320749034809F021FDC3E7EB
:1048B000C8000108F800010850FB00083801010891
:1048C00050010108740101082DE9F04782B00E463D
:1048D000904685B2B2F5C17F46D007460ED8012A70
:1048E00002D0412A40F08380424631460020FFF743
:1048F000F9FE8146484602B0BDE8F087B2F5207F58
:1049000075D1033525F00305ADB2CA1C93B223F06F
:1049100003031D44ADB205F1100080B222F0030282
:1049200095426ED382426FD8FFF750FB8146002834
:10493000E0D007F110010144033100230193CDF8C9
:1049400000803346324621F00301FFF77BFED9F8A1
:10495000043013F0030FCDD02D4B4FF491722D493D
:104960002D4809F0C5FCC5E70027B94618E0B9F1A4
:10497000000F02D04846FFF745FFB946BAE7244B7F
:104980004FF480722549244809F0B2FCB9F1000FB8
:104990002BD0CAF80070361BB6B20025002EA9D065
:1049A000BA460820FFF736FC07460028DFD0EB1C8C
:1049B00023F003039BB2C3F5BE6304339CB2B4423D
:1049C00028BF344605F1100101440331002301934F
:1049D000CDF800802346324621F00301FFF732FE76
:1049E0007B6813F0030FD1D0C9E7B946D3E7084B72
:1049F00040F227120A49084809F07AFC4FF00009F2
:104A000078E74FF0000975E74FF0000972E700BF43
:104A1000C8000108EC01010850FB000888010108EA
:104A200018020108F8B50E460446B8B12789B74206
:104A30002ED935466389AB4218D2EB1A9DB2238931
:104A4000F21B134423812468002CF3D11A4B40F24B
:104A5000AF121A491A4809F04BFCEBE7164B4FF41A
:104A6000CC721849164809F043FCDFE7227B12F0AC
:104A70000F0F05D1AB4203D0637B13F0020F08D0B8
:104A800065812581206808B1FFF7BCFE0023236003
:104A9000F8BD63681B1BE91889B22046FFF7D8F9F7
:104AA00004460028ECD1044B40F2BD1206490448EC
:104AB00009F01EFCE4E700BFC80001084C02010831
:104AC00050FB00083402010864020108034600207C
:104AD0001BB1013080B21B68FAE7704770B108B5AE
:104AE000837B0133DBB2837303B108BD044B40F217
:104AF00042320449044809F0FBFBF6E7704700BF67
:104B0000C80001088002010850FB000838B510B148
:104B10000D46044661B9154B40F259321449154807
:104B200009F0E6FB19E02389288903442381144610
:104B30002268002AF7D1228963899A420ED123681C
:104B400033B10A4B40F263320B490A4809F0D0FBFB
:104B500023892A8913442381256038BD034B40F201
:104B600062320649034809F0C3FBE8E7C8000108C0
:104B70009402010850FB0008FC020108CC02010865
:104B80002DE9F04148B10C46054631B102890B8947
:104B90009A4202D30027B8463AE03A4B40F2C93273
:104BA00039493A4809F0A4FB6FF00F0068E0354B33
:104BB00040F2D9323649354809F09AFB3CE0314B96
:104BC00040F2DA323349314809F092FB37E02D6880
:104BD00015B14FF000083AE014B94FF0000836E084
:104BE000284B4FF479722C49284809F081FB6FF06B
:104BF0000F0045E023687BB3224B40F2E93227499E
:104C0000224809F075FB6FF0050039E0002C36D022
:104C10006E89A6EB08066389DB1B9E4200D31E4605
:104C20006868616832463944404409F031FBB04459
:104C300037446B894345BAD36389BB42BFD3638989
:104C4000BB4201D8246800276B894345BFD01CB103
:104C5000628923899A42CDD0002DD7D06A892B89C9
:104C60009A42D3D12B68002BD0D0064B40F2EE32C3
:104C70000A49064809F03CFB6FF0050000E00020FF
:104C8000BDE8F081C80001080C03010850FB0008D2
:104C90003C03010854030108700301088003010864
:104CA0002DE9F84330B188469146054669B10027A1
:104CB0003E462AE01B4B40F20A421B491B4809F0C2
:104CC00017FB00273846BDE8F883164B40F20B422D
:104CD0001749164809F00CFB0027F3E76C89E41A22
:104CE000A4B2A14500D24C4669682246194408EB9B
:104CF000060009F0CDFA2744BFB22644B6B2A9EBAC
:104D000004041FFA84F900232D68B9F1000FD9D0EB
:104D1000002DD7D0002BE1D069899942DED85B1AEB
:104D20009BB2F1E7C8000108AC03010850FB000882
:104D3000CC03010838B514460A462189FFF7C4FDA3
:104D4000054618B12146FFF71BFF08B9284638BDB4
:104D5000034B40F224520349034809F0C9FAF5E72E
:104D6000C8000108F003010850FB000810B400243B
:104D700009E0164B4FF440421A800DE00134A4B212
:104D8000B4F5804F1FD2114A138801339BB21380B0
:104D90004FF6FF729342ECD0002003280ED80C4B44
:104DA00053F820301B6833B1D98A084A12889142DF
:104DB000E4D0DB68F7E70130C0B2EEE7034B1888B8
:104DC0005DF8044B70470020FAE700BF3000002078
:104DD000100A010838B504460D4649B9074BFF22B1
:104DE0000749084809F084FA02E00023A367E46851
:104DF0001CB1A36FAB42FAD1F7E738BD0404010838
:104E00003004010850FB000838B5054620B12B7D61
:104E1000012B09D1012417E00D4B40F211120D496D
:104E20000D4809F065FAF2E7094B4FF489720B4916
:104E3000094809F05DFAEDE7094B53F8243029469B
:104E40001868FFF7C7FF0134032CF5D938BD00BF40
:104E5000040401085804010850FB00086404010818
:104E6000100A010810B50446037D012B04D0214629
:104E70000220FFF703FA10BD034BDF220349044869
:104E800009F036FAF3E700BF040401087C040108C6
:104E900050FB000838B5054648B12B7D042B1FD0C8
:104EA000072B26D0032B0AD00024204638BD174BF1
:104EB0004FF4CE721649174809F01AFAEDE7284662
:104EC00003F066F8044608B905232B75D4B1B4F194
:104ED000FF3FEAD16B8B43F008036B830024E4E7C8
:104EE000284603F055F804460028EFD105232B751A
:104EF000ECE7284603F04CF804460028E6D10923E5
:104F00002B75E3E7284603F0BBF9CEE7040401085C
:104F10005804010850FB0008094B186878B110B517
:104F200006E023F008034383FFF7B4FF20462CB1CB
:104F3000C468438B13F0080FF8D0F2E710BD704738
:104F4000D8C3022008B509F0EBF96FEA80406FEA98
:104F50009040014B188008BD3000002010B5044679
:104F6000037D012B04D021460120FFF787F910BDF6
:104F7000034BD4220349044809F0BAF9F3E700BF10
:104F8000040401089804010850FB000870B50446A9
:104F900080B1656A218D6818E26A638E40F66836D2
:104FA000B34294BFD3189319C31A002B0ADB61854F
:104FB000801A70BD0E4B40F2A6320E490E4809F021
:104FC00097F9E6E7AB1A002B03DD00236385002089
:104FD000EFE7551BB5F5803F01D26585F7E7044B38
:104FE00040F2B6320549044809F082F9F5E700BFFE
:104FF00004040108AC04010850FB0008D0040108B7
:1050000038B5C0B10C460546037D012B1BD02B8D56
:10501000191989B241F2D062914201D88B421AD952
:1050200041F2D0632B852846FFF7B0FF40F6673387
:10503000984212D838BD0D4B40F2CF320C490D4882
:1050400009F056F9F6E7094B40F2D2320A4909480D
:1050500009F04EF9DBE72985E5E76B8B43F00203A6
:105060006B83284603F00CF9E4E700BF0404010851
:10507000EC04010850FB00080405010850B110B50C
:105080000446406808B1FFF7BDFB21460320FFF747
:10509000F5F810BD704738B110B50468FFF7EEFFA2
:1050A0002046002CF9D110BD7047000008B508B1AA
:1050B000417508BD034B4FF4CE620349034809F024
:1050C00017F9F6E7040401082C05010850FB000855
:1050D00000B101617047000080B138B50C4605464B
:1050E000037D012B02D0C5F8804038BD044B40F24F
:1050F000DF720449044809F0FBF8F4E7704700BF89
:10510000040401084805010850FB000878B138B5CF
:105110000C460546037D012B01D0EC6738BD044BDE
:1051200040F2F3720349044809F0E2F8F5E77047EA
:10513000040401087005010850FB000880B138B56F
:105140000C460546037D012B02D0C5F88C4038BDC6
:10515000044B40F60D020449044809F0C9F8F4E78D
:10516000704700BF040401089805010850FB0008BF
:1051700070B548B10D4614460646037D012B0BD091
:10518000C6F88850747770BD074B40F63D0207495A
:10519000074809F0ADF8F6E7034B40F63E02054933
:1051A000034809F0A5F8EBE704040108C00501086D
:1051B00050FB0008D805010810B5C8B10446037DAE
:1051C000ABB10A2B13D0012B11D0406F18B1FFF7F0
:1051D00019FB002363674FF6FF732386E06EFFF72A
:1051E0005AFF206FFFF757FF0023E366236710BDC8
:1051F000034B40F651020349034809F079F8F6E7FA
:1052000004040108F805010850FB00082DE9F041ED
:1052100084B0AF4A136801331360AE4A1378013388
:105220001370AD4B1C68002787E1AC4B40F2BE42C7
:10523000AB49AC4809F05CF885E1A84B40F2BF42AD
:10524000A949A84809F054F881E1A44B4FF49862A9
:10525000A649A44809F04CF87DE12746E4686CE1D2
:1052600094F84230052B40F2818101256FE09B4B81
:1052700040F2D5429E499B4809F03AF88DE120461C
:1052800002F002FD60B1002384F8943094F8953068
:10529000062B00F29380013384F89530002556E008
:1052A000204602F0EDFF0028EDD100254FE0B4F9D3
:1052B00030309BB247F6FE72934201D80133238609
:1052C000B4F93020B4F940309A4240DB204602F075
:1052D00091FE20B1236F002B39D1E36EBBB3237D48
:1052E000022B14D094F842200C2A28BF0C22B4F9C7
:1052F0003C10B4F93E3003EBE1037E498A5C9340F5
:1053000047F6FE7293421EDC1BB2A4F84030002325
:105310002386B4F86030B4F84820934228BF13467F
:105320005B08A4F84A30618E4A0092B2934201D2DF
:10533000A4F84A20A4F848100023A4F868302046B6
:1053400003F0F0F803E047F6FF73DEE70125227D66
:10535000062A35D0637A13F0080604D0042A3CD01C
:10536000072A3AD00026237D032B64D0092B6BD06B
:10537000002D72D1E568237F0133DBB22377627F92
:105380009342C0F0D880002323775B4A1370D4F88F
:105390008830002B00F0C780214620699847564B83
:1053A0001B78002B7FF43DAF002800F0BE8027461D
:1053B0002C46C2E00125CAE70025C8E70025C6E75C
:1053C000638B13F0100FC5D0216A414B1B685B1A29
:1053D000282BBFD90135EDB2BCE73D4B1A68236AD3
:1053E000D21AD4F8901001F5242303F6B8434348A9
:1053F000A0FB0303B2EB531F03D90135EDB2012625
:10540000B1E794F897303E4800FB03133B49A1FBFA
:105410000313B2EB531F01D80026A4E7204603F084
:10542000B7F830B994F89730013384F897300026F4
:1054300099E7002697E7216A254A1268521A282A16
:1054400094D90135EDB291E7226A214B1B689B1A72
:10545000F02B8DD90135EDB28AE7D4F88C50204677
:10546000FFF7AAFE27B31C4B1B68A34218D0E368C2
:10547000FB60002E4AD1D4F81080E6682046FFF782
:105480006DFD1D4B00221A701DB16FF00C014046DE
:10549000A847194B1B78002B7FF4C3AE34464CE071
:1054A0000E4B40F26D5217490E4808F021FFDEE71F
:1054B000094B1B68A34206D0084B40F271521249B7
:1054C000084808F015FFE268034B1A60D1E700BFF7
:1054D000DCC3022022010020D8C3022004040108FA
:1054E0001406010850FB0008400601086C0601087C
:1054F000D0060108000A0108D4C30220D34D62106F
:10550000F82401000807010834070108231D626A16
:10551000216D208B0290E08A019000932346204663
:1055200002F02CFEA7E7002039E7204602F0A8FE93
:1055300027462C4601E027462C46002C50D0237DE0
:10554000002B3FF472AE237D012B3FF476AE237D1A
:105550000A2B3FF47AAEA27F424B1B789A423FF46B
:105560007CAEA377237D022B3FF47AAE94F84230D1
:105570000B2B3FF6EBAE94F89550002D3FF497AE11
:10558000236F33B1384B40F2D4423849384808F0E1
:10559000AFFEE36E002B3FF46AAE94F896300B2B0F
:1055A0003FF608AF94F89530013B324AD25C94F84C
:1055B0009430934202D2013384F8943094F89430BA
:1055C0009342FFF4F9AEB4F8601000297FF457AEAF
:1055D000204603F00BF800283FF455AE0025B6E650
:1055E000254B1D680EE0204B40F2A1522349204874
:1055F00008F07EFE2A6A224B1B689B1AF02B06D805
:105600002C46ED6855B32B7D0A2BF3D0EBE72846EB
:10561000FFF7D2FD9CB1184B1B68AB4207D0EB687B
:10562000E360EE682846FFF799FC3546EAE70E4B43
:1056300040F2AF5213490E4808F05AFEEFE70E4B06
:105640001B68AB4206D0084B40F2B3520E490848E3
:1056500008F04EFEEA68084B1A60E2E704B0BDE8C5
:10566000F08100BF22010020040401089C0601080B
:1056700050FB0008200A0108E8C302206007010867
:10568000DCC3022090070108B807010838B50546B9
:105690000C4649B185B12B68A34215D0CBB1DA686D
:1056A000A24214D01346F9E7214B40F68302214968
:1056B000214808F01DFEEDE71D4B40F684021F490E
:1056C0001D4808F015FEE6E7DB682B6001E0E268A4
:1056D000DA600023E3602046FFF76EFD237D0A2B8E
:1056E00005D0012B03D0638B13F0010F18D1237D5C
:1056F000012B11D0E36E33B10D4B40F693021049EC
:105700000D4808F0F5FD236F33B1094B40F69402C4
:105710000C49094808F0ECFD00232375E38238BDED
:1057200043F002036383204602F0AAFDDFE700BFD7
:1057300004040108E007010850FB0008FC07010809
:105740001C0801083408010830B585B00D46044630
:1057500080B125B1237D042B14D0072B12D0237DDB
:10576000012B6DD0022B77D0002B50D02046FFF7B5
:1057700091FB47E03E4B4FF4AF723E493E4808F084
:10578000B7FDE6E7636FE3B1638B13F0100F1ED034
:10579000231D228B0292E28A019200932346626AC1
:1057A000216D204602F0EAFC2046FFF705FD334B51
:1057B0001B68A34213D0C3B1DA68A24213D01346C8
:1057C000F9E7228D41F2D0639A42C8D0DCE7284B3A
:1057D0004FF4B2722A49284808F08AFDD8E7DA68FF
:1057E000264B1A6001E0E268DA600023E360254B93
:1057F00001221A70244B1B68A34205D02046FFF7F4
:10580000ADFB002005B030BD01F0C0FDF9E7E38A33
:105810008BB11E4B1B68A34205D053B1DA68A2427C
:1058200005D01346F9E7DA68184B1A6001E0E26820
:10583000DA600023E3602046FFF790FB0020E1E7F9
:105840002046FFF7E1FA21461148FFF71FFF2046E7
:10585000FFF708FB0020D5E721460848FFF716FFB1
:10586000084B01221A702046FFF778FB0020C9E799
:10587000040401085008010850FB0008D8C30220A6
:1058800070080108D4C30220ECC30220E4C3022044
:10589000E0C3022008B560B10346027D012A03D0AF
:1058A000428B42F01002428301211846FFF74CFF61
:1058B00008BD054B4FF4F4720449054808F018FD83
:1058C0006FF00F00F4E700BF040401088C08010822
:1058D00050FB000810B551B1144608468AB1118931
:1058E000FFF78EFB2046FEF78DFF002010BD084B12
:1058F0004FF4D3620749084808F0FAFC6FF00F0034
:10590000F4E70BB10020F1E7FFF7C4FFEEE700BFBB
:1059100004040108A408010850FB0008F8B520B3EE
:105920000446466F777B00234367D0F8805035B339
:10593000324601460069A847054645BB17F0200FCF
:105940002BD0238D41F2D062934201D001332385C5
:10595000D4F880600EB300231A4621462069B04770
:1059600010F10D0F19D1054617E00D4B40F20962F9
:105970000C490D4808F0BCFC6FF00F050DE000234A
:10598000324601461846FFF7A5FF0546D5E715F153
:105990000D0F02D066676FF004052846F8BD00BF02
:1059A00004040108C008010850FB000870B51C4A37
:1059B0001378013313701B4B1C6813E043F0020390
:1059C0006383204602F05CFC638B23F00303638354
:1059D00013E023F0080363832046FFF75BFA10E02F
:1059E000E5682C46DCB1A27F0D4B1B789A42F7D0BC
:1059F000A377638B13F0010FE0D1638B13F0080FD3
:105A0000E7D1E568636F002BEBD0074E00233370BE
:105A10002046FFF783FF3378002BE2D0CBE770BD41
:105A200022010020D8C30220D4C3022008B5FFF70A
:105A3000BDFF064A13780133DBB2137013F0010F78
:105A400000D108BDFFF7E2FBFBE700BF210100200A
:105A50002DE9F04784B0F8B10D460446037D012BD3
:105A600022D0237D0A2B27D0D4F85080D4F824905C
:105A7000D4F88C602769002B43D1B4F816A0BAF192
:105A8000000F48D02B4B1B68A3421DD013B3DA681C
:105A9000A2421DD01346F9E7274B40F23D22274989
:105AA000274808F025FC29E0234B4FF410722549C4
:105AB000234808F01DFCD4E721462348FFF7E6FD04
:105AC0002046FFF74BFA19E0DA681A4B1A6001E03A
:105AD000E268DA600025E560AA46206F08B1FFF7AA
:105AE000DAFAE06E08B1FFF7D6FAB5B92046FFF74B
:105AF00035FA1EB16FF00C013846B04704B0BDE86E
:105B0000F087B4F816A021461048FFF7BFFD104BF0
:105B100001221A70E1E70025DFE7231D228B0292A4
:105B2000CDF804A0009323464A464146204602F0A1
:105B300025FBDBE7E4C3022004040108E8080108B0
:105B400050FB000804090108E8C30220D8C3022062
:105B5000D4C3022008B50121FFF77AFF08BD000079
:105B600010B50A4B1B680024204600E0DB6843B1F7
:105B7000196A074A1268521AA242F7D31446184605
:105B8000F4E708B1FFF7E6FF10BD00BFE8C302204D
:105B9000DCC3022010F0800F01D108B970477F20CC
:105BA00070B50138C2B20E4B1B680024204606E0D7
:105BB0000C4A12681C6A141B0A461846DB6853B16B
:105BC000597D9142F4D3F9D11E6A064D2D68AD1B63
:105BD000A542F3D3ECE708B1FFF7BCFF70BD00BFEF
:105BE000D8C30220DCC3022070B50C46054660B95C
:105BF0000A4B4FF410620A490A4808F079FB04E0A6
:105C0000E6682046FFF7A6FF34462CB122682B68D1
:105C10009A42F5D0E468F8E770BD00BF04040108BB
:105C20003809010850FB000838B50446A0F1080304
:105C3000DBB2012B04D8104B1B680021084608E09A
:105C40000E4B40F2DD620E490E4808F051FBF2E7C0
:105C5000DB685BB11A7DA242FAD11D6A0A4A12685A
:105C6000521B8A42F4D311461846F1E710B10021C5
:105C7000FFF7EEFE38BD00BFD8C3022004040108C0
:105C80006C09010850FB0008DCC3022038B505464A
:105C90000120FEF7BFFA044668B354B398220021EE
:105CA000204608F01DFB657542F6A053A4F8643049
:105CB00041F2D06262852285FF22E2724FF40672C1
:105CC00062860622A4F84020E2874FF6FF72228601
:105CD0000122A4F848201A4A12682262194A12784E
:105CE000A277A4F84A30184BC4F88030174BC4F898
:105CF0009030204638BDFFF70FF9FFF731FF012044
:105D0000FEF788FA04460028C7D10920FFF78CFF68
:105D10000120FEF77FFA04460028BED10820FFF7D5
:105D200083FF0120FEF776FA04460028B5D1284605
:105D3000FFF730FF0120FEF76DFA0446ADE700BF24
:105D4000DCC3022022010020D558000800DD6D00D0
:105D500008B54020FFF79AFF08BD000008B530B134
:105D6000074B1868074A12681044186008BD064BB4
:105D700040F6AF020549064808F0BAFAF0E700BF5E
:105D80002C000020DCC30220040401087C09010867
:105D900050FB000870B500284DD01D460446002970
:105DA00053D0037D002B5AD10B6843600283007AE5
:105DB00000285ED0FEF734FC002872D00CB12368B6
:105DC00023B910F1040F6FD043682360E68A26B927
:105DD000FEF7CCFFE082002869D02046FFF7BEFF27
:105DE00000226262206501386064A065E06541F2CE
:105DF000D06363852385E262A4F860304FF40673B4
:105E000063860123A4F84830C4F884500221204658
:105E100002F010F80546002841D102232375002E18
:105E200031D0244B1B68A34227D063B3DA68A24267
:105E300027D01346F9E7204B40F235421F4920484E
:105E400008F056FA6FF00F0529E01B4B40F236427E
:105E50001C491B4808F04CFA6FF00F051FE0164B69
:105E60004FF487621849164808F042FA6FF00905A6
:105E700015E0201D03F004FC9EE7DA680D4B1A6064
:105E800001E0E268DA60114B1A68E2601C6002F01F
:105E90008FFC0F4B01221A70204602F0F1F92846C0
:105EA00070BD6FF00305FAE76FF00305F7E76FF0D9
:105EB0000105F4E7E4C3022004040108980901087D
:105EC00050FB0008B4090108D0090108D8C302201A
:105ED000D4C3022000B338B50D460446036803B9A5
:105EE00038BD0E4B1968FFF77FFE0D4B1968204631
:105EF000FFF77AFE002DF3D02B68002BF0D0094B72
:105F00001B6800E0DB68002BEAD019682268914228
:105F1000F8D12A681A60F5E7704700BFD8C302209D
:105F2000E4C30220E0C302200A4A1388591C1180EE
:105F3000094A116819B1094A1288934204D2084AE1
:105F400012681344187D7047DBB2D2B29B1ADBB2E1
:105F5000C85C70474C01002058010020540100200B
:105F60005001002038B50446E8B1224B1B88002BB5
:105F70003FD0214B00221A801F4B1A881D4B1B88D3
:105F80009A4236D2FFF7D0FF0128F5D0022812D06E
:105F900078B3FFF7C9FF01282BD9174B1A88104493
:105FA00002381880E8E7154B40F27D721449154815
:105FB00008F09EF9D9E7FFF7B7FF042819D10E4B77
:105FC0001B8801330B4A1288934212DAFFF7ACFFA9
:105FD00085B22D02ADB2FFF7A7FF80B205436B1E5D
:105FE0009BB240F2B352934201D940F2B455658658
:105FF000C2E738BD5C0100204C010020280A0108DE
:10600000580A010850FB000810B5044630B1114B86
:106010001B7813F0100F09D1002010BD0E4B40F279
:106020005A220E490E4808F063F9F0E7638B13F02B
:10603000100F06D1D4F88C301BB16FF00E0120691F
:10604000984721460748FFF721FB2046FEF786FFC9
:106050000120E2E744010020280A0108740A01082F
:1060600050FB0008D8C30220234B1B7813F0040F09
:1060700041D130B585B00446A0B11F4B1B7813F059
:10608000020F29D01D4B1A68636AD11A002904DB5C
:10609000218D0B44D31A002B0CDD194B1B8813BB2D
:1060A00005B030BD174B40F2EE221749174808F0F3
:1060B0001FF9E2E7164B1968164B114800880D8846
:1060C000029549880191191F0091024412490968FB
:1060D000204602F053F8E3E713F0010FDDD00F4B39
:1060E0001B682362D9E7638B43F002036383204676
:1060F00002F0C6F8D4E770472801002048010020CC
:106100005E010020280A01089C0A010850FB0008D3
:1061100050010020E841022024010020DCC30220BD
:10612000414B1B7813F0040F7CD1F0B585B00446C9
:1061300048B13D4B1B7813F0100F0CD113F0020F38
:106140001DD105B0F0BD394B40F2812238493948A4
:1061500008F0CEF8EDE7384B1968384B384A10880C
:10616000384A12680D88029549880191191F0091DB
:10617000024435490968204602F000F8E1E7607DF5
:10618000FFF784FD054600283ED0304B5A69026077
:106190001B694360E38AC382274E33681B880383ED
:1061A00003230375274F3B6801334362C362FFF744
:1061B000D5FDA86528656864E8653B68013B6B65AB
:1061C00023692B61AC67637A03F00C036B72237A4B
:1061D0002B721F4B1A68EA601D6002F0E9FA1D4B32
:1061E00001221A702846FFF7BDFE3368DB89A5F847
:1061F0006030A5F862301221284601F01BFE60B91C
:10620000284602F03DF89CE7A369002B99D04FF097
:10621000FF3200212069984793E700212846FFF7C5
:1062200017FC8EE7704700BF28010020280A0108EC
:10623000BC0A010850FB000850010020E841022080
:106240005E0100204801002024010020D4410220EA
:10625000D8C30220D4C302202DE9F84306460C46D9
:10626000994608E0264B40F257422649264808F056
:106270003FF821E03C46002C3ED0E3685868FDF72B
:1062800096FC0546B4F80880E3689889FDF78AFC17
:1062900010F0030F2ED00120804445441B4B18689A
:1062A0002D1A002D28DC27686068FEF70FFC0546D4
:1062B000B6F866308342D5D3B6F86600451BA6F81B
:1062C00066502389124A11880B4413802046FEF73A
:1062D000D5FEB6F86630002BCCD0002FCAD1B9F16C
:1062E000000FC7D1064B40F261420A49064807F049
:1062F000FFFFBFE70020CFE72046BDE8F88300BFDF
:10630000280A0108DC0A010850FB000824010020CB
:106310003C010020040B010870B5044600286ED033
:10632000237D032B73D9AD4B1B7813F0100F3CD09A
:10633000B4F86000A26D8618616DA94B1B68CD1A78
:10634000002D0ADB99426AD0A64909688A4214D115
:10635000A54A1268D28990420FD2A34A1268D28904
:1063600090B2A4F86020B4F86210884201D9A4F871
:10637000622063659B4B1B68A3659A4B1B68616C2D
:106380005A1A002A51DD012A03D4226D9A1A002AD2
:106390007DDD204601F03AFF636B33B1A26B91497A
:1063A0000968521A002AC0F23181904B1B88002BD9
:1063B00000F03B82227D062A00F23782616A884A19
:1063C00012688E1A012E05D41344CB1A0133002B08
:1063D00040F34281521A002AC0F28081804B196832
:1063E000626A8B1A002B06DB238D1344CB1A013310
:1063F000002B40F37881204601F008FF25E27C4B1A
:1064000040F27B427B497C4807F072FF88E7784B7B
:1064100040F27C427949784807F06AFF83E7714986
:106420000968511A00298FDA97E7704A12882AB949
:10643000A26DB4F860000244B24203D0002384F895
:106440004330A9E7B4F93020002AF7DB8B42F5D1BD
:1064500094F84330FF2B02D0013384F8433094F892
:106460004330032B08D9B4F84810628E0A4492B224
:10647000914207D8A4F84820022B8DD9204601F07C
:1064800041FE89E74FF6FF72A4F84820F4E7628BDB
:1064900012F0040F09D022F004026283B4F84A20FB
:1064A000A4F848200022A4F86820002084F84200C4
:1064B000B4F93C50E28F02EBE502A4F840209AB216
:1064C00089B2511A89B284F843006364237D032B97
:1064D00017D9B4F84820B4F84A309A4249D2638BAD
:1064E00013F4006F3ED00123608E13FB00F39BB2C8
:1064F0008B4294BFD118511889B28A4234D8A4F87B
:106500004810E36E3E4A216F2046FFF7A5FE034682
:1065100020673C4AE16E2046FFF79EFEE066226F50
:10652000002A47D00023238600232377B4F8643061
:10653000354909880B44A4F86430638B13F4006F69
:106540003FF42AAF002A39D0E56CD3685868FDF7CC
:106550002EFB2D1A002D3FF71FAF638B23F4006332
:10656000638319E70223BFE74FF6FF73A4F84830AF
:10657000C7E7B4F86830194489B28B4210D8A4F840
:106580006810B4F868309A42BBD89B1AA4F86830F7
:10659000638E13449BB29A4207D8A4F84830B0E700
:1065A0004FF6FF73A4F86830EBE74FF6FF73A4F8DB
:1065B0004830A6E74FF6FF732386B5E740B1E56C98
:1065C000C3685868FDF7F3FA2D1A002D3FF7E4AEC3
:1065D000638B23F400636383DEE600BF28010020A1
:1065E0004801002024010020500100205E0100200D
:1065F000280A0108240B010850FB0008400B010881
:106600005C0B0108640B01083C0100208F4A1688CE
:106610009BB2F21A92B2B4F93C00C0F3CF05521B00
:1066200011B280B210FA82F212B2A28700290FDBF7
:10663000B4F93E30A1EBA3019BB213FA81F1E187DB
:10664000D21012FA81F2A4F8402000236363ACE672
:106650009B1B2B4419B2EBE77D4B5D68DDB14FF618
:10666000FE739E421FD8B6B2794B5B681B89B3425A
:1066700021D3774B1A89921B1A815B681A89921B66
:1066800092B26989B1421ED2711A8EB22A81002358
:106690006B812D68F5E76F4B40F294526E496F485D
:1066A00007F026FEDBE76B4B40F295526C496B48D6
:1066B00007F01EFED7E7674B40F2975269496748DB
:1066C00007F016FED5E731462846FEF755F8636A0F
:1066D000654A13605E4AD26853607FE6638B43F07D
:1066E000020363837AE6914203D0204601F08EFDD7
:1066F000ABE0574B1D89DB689889FDF753FA10F022
:10670000030F38D001232B449BB2584A1380228DAB
:10671000934232D8554B1A88534B1B68134463621B
:10672000238D9A4275D8238D504A12889B1A23854F
:106730002046FEF72BFC464B5B681A8922B14C4A77
:106740001360434B00225A60414BDB689889FDF788
:1067500029FA10F0010F04D0464A137843F02003C1
:106760001370638B13F0010F5BD023F0010343F030
:106770000203638369E00023C5E7354BDB68988932
:10678000FDF710FA10F0010F2FD1228D304B1A8136
:10679000DB689889FDF706FA10F0020F03D02C4A47
:1067A0001389013B13812A4E31897068FEF73AF94B
:1067B0003589F3689889FDF7F5F910F0030F26D0B5
:1067C00001232B449BB2294A1380274A12681344A1
:1067D000626A218D0A4493429CD01E4B40F2CB52F8
:1067E00025491E4807F084FD94E7194EF3689889FF
:1067F00005B225F47C5580B2FDF7D4F900F03E00D7
:10680000FDF7D0F903B2F2681D439581BDE700237F
:10681000D7E7104B40F207621849104807F068FDAF
:1068200081E743F0010363830FE00F4B1B68626A4B
:10683000991A002905DB218D0A449B1A0133002B8C
:1068400003DD638B43F00203638370BDDCC302206E
:106850002C010020280A01086C0B010850FB0008DD
:106860007C0B01088C0B0108480100205E01002010
:1068700040010020440100209C0B0108D40B0108BA
:1068800070B584B00446C8B1944B1B7813F0040F64
:106890003AD0217D022919D0626A914B1B689A4235
:1068A0001DD0991A002916DB218D0A449B1A002B52
:1068B00011DC638B43F0020363830CE0894B4FF4DC
:1068C00047728949894807F013FDDDE7226D884B3F
:1068D0001B689A4203D00025284604B070BD59B108
:1068E000844A137843F008031370638B23F0010389
:1068F00063836FF00D05EFE77A4B4FF44E727E49DC
:106900007A4807F0F5FCEBE713F0020F04D0237D83
:10691000023BDBB2012B1DD8638B13F0100F02D1A9
:10692000764B1B682362002384F8973084F89630F6
:106930002046FFF717FB237D023B072B00F2338233
:10694000DFE813F00E00A8004F016001B6014F010F
:10695000E4011702638B43F0020363830025BBE766
:106960005E4B1B7803F01202122A04D013F0100FB2
:1069700071D10025B0E7626C01325D4909688A4235
:10698000F4D1574B1B685A1C6262E26261645C4A34
:106990001268D289A4F86020A4F86220013B6365E4
:1069A00004232375638E590041F21C128A4238BFBA
:1069B0000A46B2EB830F2BD99B009BB2A4F8483058
:1069C000B4F8663073B3B4F86630013BA4F86630AF
:1069D000256F7DB32B6823672846FEF74FFB236F97
:1069E000002B34D00023238684F84230D4F884303E
:1069F00043B10022214620699847054610F10D0F4A
:106A00003FF46AAF638B43F002036383002563E7BF
:106A100041F21C12914202D95B009BB2CEE741F2D7
:106A20001C13CBE72F4B4FF45B7236492F4807F00E
:106A30005FFCC8E7E56E15B12B68E366CCE7294B30
:106A40004FF45D723049294807F052FCF4E74FF6E5
:106A5000FF732386CAE72A4B19682C4B2C4A1088EF
:106A60001F4A12680D88029549880191191F0091EB
:106A700002441F490968204601F080FB94F8423027
:106A8000052B01D9002527E700252586204601F0A2
:106A900065FD21E7114B1B7813F0100F00F090807B
:106AA000134B1968636CCB1A012B03D4236DCB1ADB
:106AB000002B2FDD124B1868144B154A1588084A15
:106AC00012680688029640880190181F00902A4498
:106AD000204601F053FB0025FEE600BF2801002000
:106AE00048010020280A0108F40B010850FB0008A7
:106AF0002401002044010020100C0108DCC3022006
:106B000050010020300C0108480C0108E841022027
:106B10005E01002004232375A36F002B37D09B69EF
:106B20006BB3A36F9B69002B39D0002221462069EB
:106B30009847054668BB2046FFF7EEFBA04B1B8835
:106B400013B1013B9E4A1380638E590041F21C121F
:106B50008A4238BF0A46B2EB830F27D99B009BB20B
:106B6000A4F84830974B1B7813F0200F3FF4B4AED5
:106B7000638B43F00203638307232375ACE6924BD8
:106B80004FF46A729149924807F0B2FBC9E76FF07F
:106B9000050515F10D0F05D16FF00C059CE66FF0A2
:106BA0000F05F6E72046FEF7D5FFF5E741F21C1288
:106BB000914202D95B009BB2D2E741F21C13CFE7AE
:106BC00013F0020F00F0F180636A013B814A126802
:106BD000934201D000257FE6204601F055FA0025BA
:106BE0007AE62046FFF798FB764B1B7813F0200FD0
:106BF00000F0DD80638B43F002036383072323757A
:106C0000002569E62046FFF787FB6E4B1B7813F0E3
:106C1000200F38D0704B1B7813F0100F04D0226D6A
:106C20006E4B1B689A4207D0638B43F00203638369
:106C30000823237500254FE6E36E002BF4D1638B08
:106C400043F0020363832046FEF7B6FA644B1B68E9
:106C5000A34205D053B1DA68A24205D01346F9E742
:106C6000DA685F4B1A6001E0E268DA605D4B01228E
:106C70001A700A2323755C4B1A68E2601C6001F0ED
:106C800097FD002528E6544B1B7813F0100F00F0F9
:106C90009080226D514B1B689A4201D000251BE663
:106CA000E36E0BB1002517E606232375002513E6D6
:106CB0002046FFF731FB434B1B7813F0200F01D127
:106CC000002509E6638B43F0020363832046FEF749
:106CD00073FA434B1B68A34205D053B1DA68A24252
:106CE00005D01346F9E7DA683D4B1A6001E0E26827
:106CF000DA603C4B01221A700A2323753A4B1A685A
:106D0000E2601C6001F054FD0025E5E52046FFF738
:106D100003FB314B1B7813F0100F4CD0226D2F4B1F
:106D20001B689A4201D00025D6E5E36E0BB1002521
:106D3000D2E52046FEF740FA294B1B68A34205D056
:106D400053B1DA68A24205D01346F9E7DA68244B5A
:106D50001A6001E0E268DA60224B01221A700A230D
:106D60002375214B1A68E2601C6001F021FD0025AB
:106D7000B2E52046FFF7D0FA174B1B7813F0100F3F
:106D80001BD0226D154B1B689A4201D00025A3E54C
:106D9000E36E0BB100259FE50A4A137843F0100318
:106DA0001370002598E5002596E5002594E500255B
:106DB00092E5002590E500258EE500258CE500BFD5
:106DC0003C01002044010020280A01085C0C010855
:106DD00050FB000848010020280100202401002069
:106DE000D8C30220D4C30220E8C30220F0B585B086
:106DF000054650B16A68724B1A606B89132B0BD829
:106E00002846FDF7FFFC05B0F0BD6E4B83226E49AE
:106E10006E4807F06DFAEDE76D4B1968586902F09E
:106E2000C8FD0028ECD16A4B5B6903F0F003E02B4E
:106E3000E6D0634B1B689889FCF7B4FEC0F30731BA
:106E40008900C9B21329DBD98BB22A899342D7D8DA
:106E5000A3F1140292B25F4802805F4800240460EC
:106E6000688983422ED92B68002B67D014212846CD
:106E7000FDF782FC6C89594B1C80564B1F883E1BCA
:106E8000B6B221462846FDF777FC28684389B3420D
:106E9000B6D34268504B1A603146FDF76DFC2B8922
:106EA000E41B1C442C816B89002B4ED12A892B6852
:106EB0001B899A420BD0434BE0224949434807F0D3
:106EC00017FA04E0454B1A802846FDF755FC3C4C68
:106ED00026683088FCF766FE308026687088FCF7EC
:106EE00061FE708026687068FCF761FE70603D4B43
:106EF00018602668B068FCF75AFEB0603A4B18601C
:106F00002668F089FCF74EFEF08123689889FCF72B
:106F100049FE00F03F00354B18702B89344A13802E
:106F200010F0030F06D05A1C92B231490A809342E6
:106F30003FF666AF2F4B1C6800262AE0214BC22289
:106F40002D49224807F0D4F990E71E4BDF222B4948
:106F50001E4807F0CDF9A9E71A4BFB2228491B4828
:106F600007F0C6F91AE0174BFC222649174807F02C
:106F7000BFF916E0134BFD222349144807F0B8F976
:106F800012E0218B0E4B1B681A8891423ED0264698
:106F9000E468002C55D0237D002BDDD0237D0A2B07
:106FA000E1D0237D012BE5D0227A002AE9D0084BDD
:106FB0005B6893F830300133DBB29A42E1D0E6E708
:106FC00050010020280A01087C0C010850FB000831
:106FD000D44102205C01002058010020540100200F
:106FE000B00C0108480100202401002028010020E5
:106FF0005E010020D8C30220940C0108A40C0108F3
:10700000D00C0108F80C0108240D0108E28A5B8805
:107010009A42BCD16268774B1B699A42B7D1226809
:10702000744B5B699A42B2D1E368A34262D02EB13D
:10703000E368F360704B1A68E2601C60E368A34287
:1070400060D0002C66D0002C00F068816B4A0023D1
:10705000136029891181556069490968D160694ABD
:107060001360694A1370694A1380694B1B7813F0E7
:10707000080F03D06B7B43F001036B73636F6BB13D
:107080002046FEF74BFC10F10D0F00F0AB80636F54
:1070900023B1604B1B88002B40F0A4805E4B1C602A
:1070A0002046FFF7EDFB10F10D0F13D0564B1B7868
:1070B00013F0080F00F0C080D4F88C301BB16FF0D3
:1070C0000D012069984721464B48FEF7DFFA20461C
:1070D000FDF744FF0023504A13604A4A1360474BB0
:1070E000586800283FF48FAEFDF78CFB434B00221D
:1070F0005A6088E6494B40F20D124949494807F069
:10710000F7F894E7454B40F215124749454807F018
:10711000EFF896E7454B1C680EE0404B40F21F121B
:107120004349404807F0E4F80AE0218B344B1B68E0
:107130001A88914210D0E4681CB3237D0A2BECD14D
:10714000227A002AF1D02B4B5B6893F83030013360
:10715000DBB29A42E9D0EEE7E28A5B889A42EAD152
:107160006268244B1B699A42E5D12268214B5B6916
:107170009A42E0D12046FEF777FF2846FDF742FB12
:1071800041E62C4B1E683046214607E0C28A1C4B64
:107190001B685B889A420ED00146C06898B1027A9B
:1071A000002AF3D0134B5B6893F830300133DBB225
:1071B0009A42EBD0F0E703680E4A5269934202D03C
:1071C00008B1002BE8D100283FF43DAF21B1C368DE
:1071D000CB60C660174B1860FEF7A2FF2846FDF78C
:1071E00011FB10E6638D002B7FF474AF204601F095
:1071F0000DF86FE7D4410220D8C302202C010020F3
:107200005001002040010020440100203C010020EA
:10721000280100205E010020ECC30220280A01089A
:107220004C0D010850FB0008780D0108E8C302204E
:10723000A40D0108E0C30220484B1A885AB1E36F3D
:1072400033B121462069984710F10D0F3FF442AF4A
:10725000424B00221A802046FEF7D6FE00287FF41B
:1072600039AF3F4B1B68EBB1636F33B13D4B4FF40C
:10727000F3723D493D4807F03BF8638B13F0100F64
:1072800028D1D4F880506DB30023354A12682146C6
:107290002069A84710F10D0F3FF41CAF10B1304B1F
:1072A0001B686367324B1B7813F0200F05D0636FA8
:1072B00003B35A7B42F020025A732E4B00221A600D
:1072C0002046FEF7A1FE00287FF404AF204600F020
:1072D000D7FFFFE6224B1868FDF794FA2046FEF729
:1072E00039FCF7E600231E4A126821461846FEF7CD
:1072F000F1FACFE7238D41F2D062934201D00133FE
:107300002385D4F88050002DD7D000231A4621467B
:107310002069A84710F10D0FCFD1DBE6164B1B6893
:107320009889FCF73FFC10F0040F03D02846FDF7C6
:1073300069FA68E5104B1968104B114A1088114A18
:1073400012680C88029449880191191F0091024427
:107350000D490968002000F011FFE7E73C0100201B
:1073600040010020280A0108D40D010850FB000844
:1073700044010020ECC3022050010020E84102201B
:107380005E0100204801002024010020024A1378F9
:1073900043F01003137070474401002038B50C46C9
:1073A0000546B8B12B7D042B05D0072B03D0022B4B
:1073B00001D0032B41D1002C42D0B5F86430A34258
:1073C00010D3B5F866302F2B13D833B32B6FBBB166
:1073D000002036E01B4B40F233121B491B4806F0DD
:1073E00087FFDFE76B8B43F080036B834FF0FF3049
:1073F00027E06B8B43F080036B834FF0FF3020E07E
:10740000EB6E0BB100201CE00E4B40F25512104900
:107410000E4806F06DFF002013E02B6F43B1094BBF
:107420004FF4AC720B49094806F062FF002008E0F7
:10743000EB6E002BF3D1002003E06FF00A0000E0B8
:10744000002038BDF00D0108200E010850FB000897
:10745000400E01087C0E010810B5044628B163688F
:107460009B7B012B09D1002010BD054B40F29A52A5
:107470000449054806F03CFFF1E70120F4E700BFAE
:10748000F00D0108B00E010850FB000838B5144695
:107490000D4689B16B6803F11402A40004F00404E2
:1074A00014341C44944206D0074B40F275720749CD
:1074B000074806F01DFF38BD034B40F256720549E0
:1074C000034806F015FFE5E7F00D0108000F01087D
:1074D00050FB0008D80E01082DE9F0470E4617466C
:1074E00098469DF820A08146002841D0002E46D025
:1074F0004FEA8A0505F004050320FCF78BFE0446DD
:10750000002843D080F80AA0002303604660338936
:107510001FFA85FA53453DD33189A1EB0A01218138
:1075200014213046FDF723F900283AD163685E68DC
:10753000E660B9F81600FCF735FB3080E668B9F86C
:107540001800FCF72FFB7080E6684046FCF72FFB25
:107550007060A8080530E56847EA0030FCF722FBB8
:10756000A881E36800229A74DA742046BDE8F087A7
:107570000E4BA3220E490F4806F0BAFEB6E70B4B9E
:10758000A4220D490B4806F0B3FEB1E73046FDF7E3
:1075900039F9EAE7054BB0220849064806F0A8FE8B
:1075A000BAE72046FDF76AFD0024DEE7F00D01088A
:1075B000140F010850FB0008340F0108580F010890
:1075C0002DE9F04106460C469846114489B2143123
:1075D0004FF4207289B22220FDF776F9074648B3AE
:1075E00004F113034289934227DA7D68BDF818003D
:1075F000FCF7D8FA2880BDF81C00FCF7D3FA6880A5
:10760000C5F804803046FCF7D2FAA860A408053417
:107610002403A4B29DF820002043FCF7C3FAA881FC
:10762000BDF82400FCF7BEFAE88100232B746B74CC
:10763000AB74EB743846BDE8F081044B40F2237222
:107640000349044806F054FECFE700BFF00D0108DF
:10765000700F010850FB0008F0B585B00D461646C6
:107660001F460446A0B1638D039310230293238B1E
:107670000193E38A00933B4632462946606AFFF74E
:107680009FFF18B1636A628D1344E36205B0F0BDD9
:10769000034B40F242720349034806F029FEE2E739
:1076A000F00D0108A00F010850FB000808B508B153
:1076B000007A18B9104601F0E3FF08BDFCF7B0FFEF
:1076C000FBE700002DE9F04184B00C461646054664
:1076D00048B184B1BEB12846FFF7BEFED8B1002044
:1076E00004B0BDE8F0813B4B4FF4B7623A493B48E8
:1076F00006F0FEFDEDE7374B40F2B9523849374806
:1077000006F0F6FDE6E7334B40F2BA52354933480E
:1077100006F0EEFDDFE7EF68606AFCF748FAB86054
:10772000EF68608DFCF73EFAF881636A628D13445E
:10773000E362D5F80C8008F11407AB7A13F0010F5F
:1077400034D1B4F93030002B38DB636B002B38D0E8
:10775000EB686A6851685B1A9BB25189C91A5181FA
:1077600069680A89D31A0B816A68EB685360002242
:107770001A745A74EA68AB7A9B0003F0040314335A
:107780001344BB4206D0134B40F21C621649134807
:1077900006F0AEFD029606230193A37A0093E37AE6
:1077A000221D2146686802F0EFF899E70F48FCF7C0
:1077B000FEF9C8F8140008F11807C2E70023238671
:1077C000C3E70B4B1B686363EB685868FCF7EFF982
:1077D000A063BDE7F00D0108C80F010850FB0008C9
:1077E000E80F010808100108000F0108B4050402A1
:1077F000DCC30220F0B585B0044615461E460F4690
:10780000C9B1324629462046FFF750FF0246E8B18B
:10781000CCB1E37AA17A029206220192009132461B
:107820002946384602F0B0F804463846FCF7EAFF2D
:10783000204605B0F0BD074B40F287720649074865
:1078400006F056FDDDE70021FF23E4E76FF00304B7
:10785000EBE700BFF00D01082C10010850FB0008F9
:107860002DE9F04F8BB00391049300286FD092461E
:107870008046B0F862305B08B0F832B05B4528BF94
:107880005B4603B19B46039B002B6BD051464046A1
:10789000FFF784FD0790002840F01C81B8F866606F
:1078A000D8F86C90B9F1000F00F022814B46069396
:1078B0001B68002BFBD19946069B9C7AA40004F020
:1078C00004041B8923449B4557DB069B1B890993B2
:1078D0001C44A4B2ABEB0404A4B2BAF1000F00F054
:1078E0000E81002C00F01581002B00F0158154450D
:1078F000A8BF54462546A4B2049B13F0010F44D1FF
:10790000069BD3F804904A4613461268002AFBD11E
:1079100091461A7B12F0C00F06D15A685B89134456
:10792000039A934200F0FB80012221460020FCF7DD
:10793000CBFF8146002800F08381039B4360FDF765
:10794000C5F80644B6B2069F00230993DBE0AC4BB2
:107950004FF4CF72AB49AC4806F0CAFC6FF00F038E
:107960000793B7E0A64B40F2AD12A849A64806F02F
:10797000BFFC6FF00F030793ACE0A14B4FF4F37221
:10798000A349A14806F0B4FC9FE74FF420722146BA
:107990000020FCF799FF8146002800F04F812A461D
:1079A0000399406806F074FC4846FDF78FF80644DA
:1079B000B6B2069F00230993A5E0914B40F26622E0
:1079C0009449914806F094FC2A46039B191978685B
:1079D00006F05EFC3846FDF779F80644B6B2302E64
:1079E00050D8D8F85C3000220092234439464046F3
:1079F000FFF772FD0746002800F02A81029B002B4A
:107A000074D0B9F1000F69D0C9F800702C44A4B249
:107A1000B946544580F08680AAEB0405ADB25D45B9
:107A200028BF5D46049B13F0010F0DD04FF4207268
:107A300029463620FCF748FF0746002800F002815F
:107A40004389AB42C0D2B8E7012229463620FCF771
:107A50003BFF0590002800F0F880039B234443601F
:107A60004FF4207200213620FCF72EFF074618B194
:107A70000599FDF74BF8ADE7DDF820900598FCF788
:107A8000C1FE04E0DDF820903846FCF7BBFEB8F8F4
:107A90001A3043F08003A8F81A30B9F1000F02D071
:107AA0004846FCF7AFFE029B13B11846FDF7F3FA08
:107AB000B8F86630002B00F0D980D8F87030002B71
:107AC00040F0D880D8F86C30002B00F0C4804FF024
:107AD000FF33079307980BB0BDE8F08F484B40F297
:107AE000AB224D49484806F003FC8DE702908DE734
:107AF0004F46CDF81890002309931C4603E0CDF8BB
:107B000024A054464F4600230293CDF82090994676
:107B10007FE709944F46F6E7099C4F46F3E709943F
:107B2000069FF0E7DDF82090B9F1000F3ED0069BEC
:107B3000002B33D04946069C6068FCF7E7FFB9F894
:107B40000830228913442381069B002B54D0069BC6
:107B50001A46029B1360D8F85C305344C8F85C3076
:107B6000B8F86430A3EB0A0AA8F864A0A8F8666025
:107B70001EB1D8F87030002B54D0002FAAD0FB686B
:107B8000002BA7D0049A12F0020FA3D19C890820E1
:107B9000FCF708F8FB6804439C819BE7184B4FF403
:107BA00038721E49184806F0A3FBC3E7099B002B57
:107BB000CAD0069B2BB15B681BB1069B5B6809981A
:107BC0000BE00F4B40F2E62215490F4806F090FB00
:107BD000F3E71A8902441A810B4619680029F8D183
:107BE0001A8909990A441A815A890A445A81069ABB
:107BF00013890B441381A7E7029BC8F86C30AAE7EE
:107C0000F00D01085810010850FB00087010010821
:107C1000A4100108BC100108FC1001081011010893
:107C200048110108D8F86C30002BA6D1134B40F254
:107C300012321349134806F05BFB9EE7029026E7D9
:107C4000029024E7DDF8209021E7DDF820901EE780
:107C5000DDF820901BE7094B40F22732084909481C
:107C600006F046FB4FF0FF33079333E74FF0FF3347
:107C700007932FE74FF0FF3307932BE7F00D010831
:107C80008011010850FB00082DE9F04F83B00C462D
:107C9000074600283DD0FD6E002D00F0B480002C7A
:107CA0003FD02B89A34240F2B1807B8EA34242D3C6
:107CB0002B89002B47D095F80A904FEA890B0BF0DF
:107CC000040BB5F808A0AAEB0406B6B206EB0B014C
:107CD0004FF4207289B23620FCF7F6FD804670B171
:107CE000686803892A899B1A14FA83F3D8F8041068
:107CF0009BB232465944FCF7D3FFB0422BD0B8F1C7
:107D0000000F00F087804046FCF77CFD4FF0FF300D
:107D10007DE0424B40F24B324149424806F0E8FADE
:107D2000B9E73E4B40F253323F493E4806F0E0FA95
:107D30006FF005006BE0394B40F25B323B4939484C
:107D400006F0D6FAB4E7354B4FF457723849354848
:107D500006F0CEFAAFE7EB689889FBF723FFC3B2D2
:107D600000F03F0610F0080B03D003F037064FF089
:107D7000080B16F0010F03D006F0FE064BF0010BC6
:107D8000EB685868FBF713FFCDF8009023185A46AC
:107D900041463846FFF7A0FB81460028AFD068680F
:107DA000FCF794FEB7F866301B1AA7F866306868CF
:107DB0000189A4EB0A04A4B2214489B2FCF732FE83
:107DC0002B891C442C81EB689C893046FBF7EAFE2A
:107DD000EB6804439C816868FCF778FEB7F866306E
:107DE0001844A7F86600D9F80400FCF76FFEB7F84E
:107DF00066301844A7F866002B68C9F80030C5F84B
:107E00000090002003E04FF0FF3000E0002003B0BE
:107E1000BDE8F08F4FF0FF30F9E700BFF00D01082B
:107E2000A011010850FB0008C4110108E811010865
:107E3000F81101082DE9F04383B004460D4611F016
:107E400003074BD0002C51D015F0020801D04FF0A1
:107E500001084FEA880606F004064FF42072314606
:107E60003620FCF731FD8146002847D043899E42E9
:107E70004BD8CDF80080E36D2A4649462046FFF7EF
:107E80002BFB0646002848D0C36813F0030F4BD1E4
:107E90003389002B50D1E36E002B55D01A461B6856
:107EA000002BFBD1166017B1E36D0133E36515F0CC
:107EB000010F03D0638B43F0200363837068FCF7EA
:107EC00005FEB4F86630184480B2A4F866000028B5
:107ED00049D0236F002B39D0002045E0244B40F2DD
:107EE00011422449244806F003FAABE7204B40F244
:107EF00013422249204806F0FBF9A5E7638B43F0C3
:107F0000800363834FF0FF302EE0194B40F239427B
:107F10001B49194806F0ECF9ABE7638B43F080038B
:107F200063834FF0FF301FE0114B40F2424215498E
:107F3000114806F0DDF9ABE70D4B40F24342124920
:107F40000D4806F0D5F9A6E7E666ACE7E36E0BB19F
:107F5000002009E0064B40F265420C49064806F055
:107F6000C7F9002000E0002003B0BDE8F08300BFA7
:107F7000F00D01080812010850FB0008601201080A
:107F800080120108BC120108D41201080013010874
:107F900070B5054688B1EB6E53B11C461B68002BCB
:107FA000FBD1E3689889FBF7FDFD10F0070F0CD0BB
:107FB00001212846FFF73EFF70BD0B4B40F2EB322C
:107FC0000A490B4806F094F9E5E7E3689E89012029
:107FD000FBF7E8FDE36806439E816B8B43F02003CB
:107FE0006B830020E8E700BFF00D010828130108AB
:107FF00050FB0008F8B5054658B12C6F002C34D062
:10800000236873B12046FFF727FA002830D124688F
:10801000F6E71A4B40F2636219491A4806F068F90C
:10802000EBE72046FFF718FA28BBEB6E23602B6FB7
:10803000EB6600232B676B8B43F400636B83E36871
:108040005868FBF7B4FD06462789E3689889FBF773
:10805000A9FD10F0030F06D001231F443E44EE6437
:1080600000206863F8BD0023F7E76FF00500F9E72B
:108070006FF00500F6E76FF00500F3E7F00D01087B
:108080004413010850FB0008F8B50746C8B13E6F1D
:1080900066B33046FFF7E0F958BB33683B6707F13A
:1080A0006C052B68ABB1DB685868FBF780FD0446B4
:1080B000F3685868FBF77BFD241A002C09DA2D6859
:1080C000EFE70D4B40F2C1620C490D4806F010F984
:1080D000DDE72B6833602E6097F84230FF2B02D02B
:1080E000013387F8423000207863F8BD6FF0050057
:1080F000FBE76FF00500F8E7F00D010868130108D1
:1081000050FB000810B5044630B1236F1BB1638BE0
:1081100013F0040F08D010BD154B40F2F962154959
:10812000154806F0E5F8F0E72046FFF7ADFF002818
:10813000F1D1B4F86030B4F84820934228BF134618
:108140005B08A4F84A30628EB3EB420F02D25300B0
:10815000A4F84A30B4F84A3002EB42021A44A4F8B8
:108160004820638B43F00403638300232386D2E714
:10817000F00D01088013010850FB00082DE9F041C3
:1081800084B004460E4615460A9F98462BB367B343
:108190003046FBF70CFD03464DF216020392142203
:1081A0000292BDF830200192BDF82C2000920022EE
:1081B00011462846FFF704FA054658B100231A462F
:1081C00001462046FFF762F93B46424629462046D3
:1081D000FFF710FB04B0BDE8F081084B40F2C47219
:1081E0000749084806F084F8D1E7044B40F2C5720D
:1081F0000549044806F07CF8CAE700BFF00D010805
:10820000A013010850FB0008BC13010838B5044650
:10821000E0B1206DFBF7CBFC03460022114620465F
:10822000FFF71AFA0546C8B100231A460146204650
:10823000FFF72CF9231D224629462046FFF7DAFADC
:1082400098B1638B43F00303638338BD094B40F25D
:10825000EA720949094806F04BF8DAE7638B43F004
:10826000030363836FF00100EFE7638B23F00303E5
:108270006383EAE7F00D0108D813010850FB0008FA
:108280002DE9F047054600283BD02B7D012B40D03F
:108290009E4B1B68AB4200F03181B5F84860B5F8E1
:1082A00060309E4228BF1E46B046EC6E002C38D08F
:1082B0002A1D29462846FFF7F9F90746002800F04D
:1082C0001F810DB12B682BB917F1040F00F01B8132
:1082D0007B682B60E3685868FBF769FC6B6CC01A1D
:1082E00023891844B0423CD9B5F860309E4229D069
:1082F0006B8B13F0020F18D02846FFF787FF034659
:1083000018E0834B40F2E1428249834805F0F0FFD8
:10831000BBE77F4B40F2E34280497F4805F0E8FF2E
:10832000B6E76B8B13F0020F07D16B8B23F0800342
:108330006B8300231846BDE8F0872846FFF766FFE9
:108340000346F7E72B6F002BD2D195F89530002B21
:10835000CED185F89430012285F8952085F89630A5
:10836000C6E7002385F895302B6F002B00F0C48002
:108370001E461B68002BFBD151E0654B40F2365284
:108380006749654805F0B4FF5DE011896A8E914246
:1083900065D2B5F86420002A61D0B5F866202F2A8E
:1083A0005DD813F0A00F5AD1BFE7E368B3F80C9083
:1083B0001020FBF7F7FBE36849EA0009A3F80C90EB
:1083C00050E06A8B42F080026A83B3E7002069E0E4
:1083D00028656DE0002375E02C6726461EE005F158
:1083E000700A01E0DAF800A0DAF800306BB1DB685F
:1083F0005868FBF7DCFB8146E3685868FBF7D7FB5E
:10840000A9EB0009B9F1000FECDBDAF800302360CA
:10841000CAF8004002E02046FCF730FEEC6E002C6B
:1084200083D0E3685868FBF7C2FB6B6CC01A2389E2
:10843000184440453FF679AFE3689889FBF7B2FBF3
:1084400010F0040F99D12B6F4BB16B8B13F0440FCD
:1084500005D1EA6E002A9CD01168002995D02B7DA9
:10846000022BA2D13A4629462046FFF72BF90346B4
:108470000028A6D12368EB662B7D022B03D06B8BE3
:1084800023F003036B83E3685868FBF790FB814696
:10849000B4F808A0E3689889FBF784FB10F0030F99
:1084A00094D00120504448442B6D1B1A002B8FDBC5
:1084B000B4F80890E3689889FBF774FB10F0030F99
:1084C00088D0012319EB030FA5D0002323602B6F65
:1084D000002B81D0E3685868FBF769FB8146F3689D
:1084E0005868FBF764FBA9EB0009B9F1000FFFF630
:1084F00076AF3460264691E71E4690E7002319E7E1
:108500006FF0030316E76FF0030313E7ECC30220D9
:10851000F00D0108F813010850FB000810140108C1
:108520003814010810B5044650B194F84230FF2BBE
:1085300002D0013384F842302046FFF7A1FE10BD7F
:10854000034B4FF4D3620349034805F0D1FEECE737
:10855000F00D01085014010850FB000810B5044646
:1085600020B12046FFF746FD40B110BD054B40F25B
:10857000AD620549054805F0BBFEF2E72046FFF76E
:10858000D1FFF2E7F00D01087414010850FB000858
:1085900038B50446C0B1206D0138FBF708FB03462F
:1085A000002211462046FFF757F80546A0B10023E8
:1085B0001A4601462046FEF769FF231D224629463A
:1085C0002046FFF717F938BD054B40F62402054950
:1085D000054805F08DFEDEE74FF0FF30F3E700BF02
:1085E000F00D01089014010850FB00082DE9F0413E
:1085F0000446A8B1E56E002D5BD094F89630FF2BB1
:1086000002D0013384F89630EB689889FBF7CAFAF8
:1086100010F0010F0CD02B89002B3BD0002208E07A
:10862000264B40F64F022649264805F061FEE1E759
:10863000002202F0FF07EB685B6882F00102002174
:108640002046FFF709F80646A8B3D0F804801FB308
:10865000B8F90C7027F47C571120FBF7A3FA00B28D
:108660000743A8F80C70EB685868FBF7A0FA0130D4
:10867000236D1B1A002B1ADB00231A4631462046B5
:10868000FEF704FF231D224631462046FFF7B2F8CD
:10869000BDE8F0810122CCE7686803892A899B1A2A
:1086A0009BB2012208F11401FCF7FAFADBE720651E
:1086B000E2E70020ECE74FF0FF30E9E7F00D0108BA
:1086C000AC14010850FB0008F8B504460F461646E6
:1086D0000620FBF79FFD80B10546002303608760FD
:1086E000C6604460104B1A6872B15368E31A002BDD
:1086F0000FDA02600C4B1860F8BD0C4BBE220C491F
:108700000C4805F0F5FDF7E71860F5E72B601560FC
:10871000F2E7002AF0D01368002BF7D05968611AED
:108720000029F3DB1A46F4E764010020D0140108A5
:108730000415010850FB000870B5044643689847CB
:10874000FBF7A8F805462668084B18683044431B19
:10875000002B05DA224606497019FFF7B5FF70BDF8
:1087600022460349FFF7B0FFF9E700BF6001002090
:108770003987000870B504460D461646B0F1804FA3
:1087800007D2FBF787F8324629462044FFF79CFFC3
:1087900070BD044B40F229120349044805F0A8FDBE
:1087A000EFE700BFD01401084415010850FB000892
:1087B00008B50A4B1B6853B9094B1B6843B1074BFB
:1087C00001221A6000220749FA20FFF7D3FF08BDF3
:1087D000054B1B68002BF2D1F9E700BF68010020B0
:1087E000D8C30220ED870008E8C3022008B5FDF7D2
:1087F0001DF9084B1B682BB100220749FA20FFF72F
:10880000B9FF08BD054B1B68002BF5D1044B0022B6
:108810001A60F6E7D8C30220ED870008E8C30220FB
:108820006801002010B5012408E0064B03EBC402E8
:10883000054953F83400FFF79DFF0134022CF4D9A9
:1088400010BD00BF7C1501083987000870B5FBF723
:1088500021F805460B4B196891B14B68EA1A002ABA
:108860000EDB0868074A10608C68CE68064A136001
:108870000620FBF703FD002CECD03046A047E9E7CB
:1088800070BD00BF6401002060010020F8B50E46F5
:1088900015460746C8B1FEB13C7A3CB11E4B5B6839
:1088A00093F830300133DBB29C4225D1DDB12FB3D8
:1088B0003B682BB3184A5269B2F1FF3F22D0B1682E
:1088C00053400B4220D0002017E0144B872214495C
:1088D000144805F00DFDDEE7104B882212491148BF
:1088E00005F006FDD8E78FB13B688BB10A4A5269A3
:1088F00093420FD0284600E00020F8BD0120FCE79D
:108900000120FAE70120F8E70120F6E70120F4E76B
:108910000120F2E70120F0E7D4410220941501087C
:10892000C015010850FB0008E415010808B505F062
:10893000F7FC6FEA80406FEA9040014B188008BD59
:10894000320000202DE9F04F83B00F468146D0B1B0
:1089500007B3B9F80A30072B23D9D9F80440524B92
:108960001968586901F025F880462088FBF71AF944
:1089700082466088FBF716F905464C4B1C684FF0A1
:10898000000B5E4619E04A4BCF224A494A4805F09F
:10899000AFFCDDE7464BD0224849474805F0A8FC2C
:1089A000D7E74846FBF72EFF03B0BDE8F08FA3469C
:1089B000A38A534526D02646E468002C2FD0638A2C
:1089C000AB42F8D1424639462046FFF75FFF002808
:1089D000F1D0237C13F0040FEAD1BBF1000FE6D0F5
:1089E000B8F1000FE4D0304B5B69B3F1FF3FDFD14A
:1089F000DBF800207B689A42DAD022689342D7D114
:108A0000A346D5E763681BB1274A12699342D2D1C6
:108A10002EB1E368F360254B1A68E2601C6084B1F4
:108A20008CB108214846FBF7A7FEA8B91CB3A5697D
:108A3000EDB1E069CDF800A0214B4A462146A84798
:108A4000B2E75C46ECE77A68174B5B699A42E8D07C
:108A50004846FBF7D7FEA7E7154B4FF4B872194904
:108A6000154805F045FC4846FBF7CCFE9CE7484618
:108A7000FBF7C8FE98E7B8F1000F05D10A4B5B6918
:108A800003F0F003E02B03D14846FBF7BBFE8BE776
:108A9000054B9989083109B24846FBF7ADFE032121
:108AA000484600F0C7FDEFE7D4410220F0C30220A2
:108AB000941501080C16010850FB00082416010843
:108AC000E441022040160108B8B102460368A3B190
:108AD00099B10B688BB1094B1B686BB110B401E005
:108AE000DB6833B11C6810688442F9D108681860EB
:108AF000F6E75DF8044B704770477047F0C30220FB
:108B000010B5044600EB4002094B53F8320038B16F
:108B1000FBF778FE04EB4403DB00054A0021D1504B
:108B200004EB4404024800EBC4040023237510BD89
:108B30006C0100202DE9F04F83B0074690464FF0BE
:108B4000000ECDF800E0F3464FF00A0A7346564691
:108B5000D146CDF804A003E068B91E4601331BB22C
:108B6000092B4BDC1C4603EB43025C4800EBC202C2
:108B7000107D0A2EF0D00028F0D047B13A6804EBFF
:108B8000440C564D05EBCC056D68AA420ED0012869
:108B900018D00128E2D904EB4404504A02EBC40483
:108BA000628A7245DAD396469946D7E7B8F1000F44
:108BB00000F08C80494D05EBCC0292684245E6D12D
:108BC0001E4655E004EB4402444850F832204AB1B6
:108BD00004EB440400EBC404628A5A45BED39346B6
:108BE0009A46BBE704EB44043C4A02EBC404628AA5
:108BF00000988242B2D300920193AFE711F0020FC6
:108C000066D10A2E38D0092E16DDB9F1090F39DCEC
:108C100009EB4903314A52F83330002B3AD0304B3C
:108C200040F26D122F49304805F062FB4E46092E86
:108C300034DC3046FFF764FF092E37DC344606EBA0
:108C40004603264A02EBC3031B7D002B36D137B106
:108C5000396804EB4403214A02EBC30359601F4BFC
:108C600004EB440203EBC20200215182C2F80880E7
:108C7000304603B0BDE8F08F11F0010FC3D14FF0C3
:108C8000FF36F5E7019B092B06DDBAF1090F22DC5F
:108C90005646CCE74E46CAE7019EC8E7104B40F265
:108CA0007F121249104805F023FBC2E70C4B40F23B
:108CB00083120E490C4805F01BFBBFE7084B4FF42D
:108CC000C2720B49084805F013FBC0E71E46CFE708
:108CD0004FF0FF36CCE74FF0FF36C9E76C010020BC
:108CE0005C1601089016010850FB0008A816010840
:108CF000BC160108F0B583B005460C4616461F4663
:108D000090F82C20062A3BD1002C41D02068002866
:108D10003ED0294600F04DFE002839D1226802F0ED
:108D2000F002E02A34D02A4639462046FFF702FFF7
:108D3000031E30DB1A4A03EB430402EBC40002219A
:108D400001758560E1000831114437684F60B788CC
:108D50000F810021418252F83470FFB1E3000C46CC
:108D6000D1504FF400630093334605F12602394693
:108D70002846FAF7DFFE3846FBF744FD20460BE0B5
:108D8000084B40F2A9120849084805F0B1FABBE7C0
:108D90006FF00F0000E058B203B0F0BD0020FBE719
:108DA0006C0100205C160108E816010850FB000861
:108DB0002DE9F04782B00F4690461D46DDF82CA005
:108DC0008146002842D04FF420721C210E20FBF770
:108DD0007BFD0646002851D043891B2B3ED9746881
:108DE000BDF83400FAF7DEFEE08099F82C30062B4F
:108DF0003CD12B68A360AB88A381DAF80030C4F8BB
:108E00001230BAF80430E3820A9B1B68C4F80E30B3
:108E10000C9B1B68A3610025257001236370082348
:108E2000A370E570062323710423637140F60603E3
:108E3000009343463A4631464846FAF77BFE3046B1
:108E4000FBF7E0FC284602B0BDE8F0870D4B40F28E
:108E500057420D490D4805F04BFAB4E7094B40F273
:108E600062420B49094805F043FAB8E7054B40F266
:108E700069420849054805F03BFABAE74FF0FF3070
:108E8000E1E700BF5C16010840FB000850FB00084A
:108E90000C1701084017010830B585B0044600F1F1
:108EA000260304340125039502910449019100949D
:108EB0001946FFF77DFF05B030BD00BFF4FB000889
:108EC00038B50546002400E00134092C12DC04EB1F
:108ED0004403094A02EBC3031B7D002BF4D004EBCF
:108EE000440302EBC3039B68AB42EDD12046FFF77E
:108EF00007FEE9E738BD00BF6C0100202DE9F04115
:108F000086B0A9B104460E4645682B88B3F5807F2C
:108F100008D12B79062B05D16B79042B02D16B88F4
:108F2000082B0DD02046FBF76DFC06B0BDE8F081A4
:108F30001D4B40F28A221D491D4805F0D9F9F4E77E
:108F4000D5F80E300593AF694B6883B905F1080871
:108F500000270223424605A93046FFF7CBFEEB88E7
:108F6000B3F5807F0ED02046FBF74CFCDDE7BB421B
:108F700014BF0027012705F108080FB10123E9E715
:108F80000223E7E7002FEED006F12601331D02226F
:108F9000039205AA0292CDF8048000930B46424644
:108FA0003046FFF705FFDEE75C16010840FB0008CE
:108FB00050FB000808B5024AFFF76EFF08BD00BF6E
:108FC000ECFB000810B5002405E0042B1BD920465B
:108FD000FFF796FD0134092C35DC04EB4403DA007D
:108FE000194B13441A7D002AF4D004EB4401CB0042
:108FF000154919444B8A01339BB24B82B3F5967FD6
:10900000E5D2012AE1D0032A0DD0042A13D0012A87
:10901000E0D104EB4403DA000B4B1344191D9868AC
:10902000FFF7C8FFD6E704EB4403DA00064B13440E
:1090300004221A75CEE704EB4403DA00024B134412
:1090400002221A75C6E710BD6C01002070B582B00F
:1090500005460E46144602EB42022F4B03EBC203B9
:109060001B7D012B19D904EB44032B4A02EBC303EC
:109070001B7D022B19D004EB4403DB000833264C84
:1090800023444FF400620092043305F12602314676
:109090002846FAF74FFD02B070BD204B40F2EE2299
:1090A0001F49204805F024F9DDE704EB440302EBF7
:1090B000C3035B8AB3F58E7F1BD8B3F5877FDAD302
:1090C000154B04EB440103EBC10104EB4402D20055
:1090D00008321A44043204312846FFF7DDFE002826
:1090E000C9D104EB44030C4A02EBC30303221A75F3
:1090F000C1E704EB440102EBC10104312846FFF74C
:1091000059FF0028B7D104EB4403034A02EBC30321
:1091100003221A75AFE700BF6C0100205C1601083E
:10912000A417010850FB00082DE9F04383B08046E6
:109130000E46174600F126090146306800F039FC5A
:10914000002840F0AB80336803F0F002E02A00F022
:10915000A880002E00F0A880002B00F0A8804246D6
:1091600001213046FFF7E6FC051E13DBABB27E2B78
:1091700012D8EDB205EB4502504B03EBC2031B7D49
:1091800093B913464D4A02EBC30301241C75C3F87F
:1091900008800AE06CB249E0494B40F2C1324949CB
:1091A000494805F0A5F8E4E7002405EB4503434AE8
:1091B00002EBC3031B7D83B1BCB9B7B14FF0FF34E1
:1091C000DFB105EB45033D4A02EBC3031B7D012BD9
:1091D0001BD8012B2AD13C4638E0394B40F2CD3226
:1091E0003A49394805F084F8E6E731464046FFF74A
:1091F000E1FE0446002FE3D118E0314B40F2E132AA
:109200003349314805F074F8DBE7324B1D7005EB4C
:109210004503DB00083313444FF40062009204332B
:109220004A4639464046FAF785FC0446204603B0D4
:10923000BDE8F083224B40F2F1322749224805F085
:1092400057F8237B13F0400F22D124683CB1628988
:1092500023899A42F5D12368002BEBD1F1E7002353
:10926000C3B13A464FF420710E20FBF763FD074669
:1092700007B305EB4503114A52F8330008B1FBF779
:10928000C1FA05EB45030D4A42F833700024CDE7DF
:109290000123E5E73846FBF721FCE9E76FF00F040F
:1092A000C4E76FF00F04C1E76FF00F04BEE76FF083
:1092B0000F04BBE74FF0FF34B8E700BF6C0100209C
:1092C0005C160108D417010850FB0008E4170108D8
:1092D0000C1801085C02002018180108F0B585B0D0
:1092E0000F461546064600283DD0002F43D0002DDE
:1092F00049D03146286800F05CFB0346002840F066
:1093000081802A6802F0F001E02944D07168B068D9
:109310005140014209D092B24FF6A9618A4204D06D
:10932000F268002A7AD006F10C053E4A127802EB68
:1093300042003D4901EBC001097D012943D90146A5
:10934000394800EBC1018968B1423CD12C6802EB7D
:10935000420100EBC10149688C4234D139463046A4
:10936000FFF774FE58E0314B40F21E32304931486D
:1093700004F0BEFFB9E72D4B40F21F322E492D48B5
:1093800004F0B6FFB3E7294B4FF448722B49294844
:1093900004F0AEFFADE701238DF8083000238DF80F
:1093A00009305E238DF80A306B7803F07F038DF867
:1093B0000B30AB788DF80C30EB788DF80D3002ABBC
:1093C00021E00133DBB2092B16D803EB4300164C26
:1093D00004EBC000027D012AF3D98268B242F0D1C9
:1093E0002A6841688A42ECD10E4A13701A463946FF
:1093F0003046FFF72BFE0FE03A4629463046FFF78E
:1094000093FE09E00E4B4FF40062009206F1260233
:1094100039463046FAF78EFB05B0F0BD6FF0030019
:10942000FAE700BF5C0200206C0100205C16010816
:1094300040FB000850FB00080C18010884170108C5
:10944000ECFB00082DE9F04186B006468846174639
:109450004FF4207224212220FBF736FAA0B30546F0
:109460004389232B33D9D6F804C06C6884F8008074
:109470006770002323716371A371E3716B68726875
:10948000166850689168D7689E60D86019615F61FE
:109490001669506991699E61D8611962DCF80C30D7
:1094A000059305A800F0ECF858B10021A170E17017
:1094B0000290012301930091FF2305AA284600F0A2
:1094C00063FA2846FBF79EF906B0BDE8F081044B2D
:1094D0004FF4B4720349044804F00AFFC3E700BF25
:1094E000341801086818010850FB00082DE9F04302
:1094F00085B005464A4B9F683B7803F00F034FEA5F
:1095000083084446132C15D90E464389032B11D9E1
:1095100043681B78082B61D1414B586900F0F00378
:10952000E02B1AD03E4B196800F043FAA8B92B89FA
:10953000072B05D82846FBF765F905B0BDE8F08391
:1095400008F10E0949462846FBF711F900283AD0E0
:109550002A89131999B28A4203D92846FBF752F98E
:10956000EBE74FF420720E20FBF7AEF9044600281B
:10957000F3D0428908F108039A4213D34246394690
:10958000406804F085FE41462046FBF7F5F860B9D7
:1095900029462046FBF7F4FA88B92846FBF732F94A
:1095A000254615E0FBF72EF9D7E71E4BB6221E49DC
:1095B0001E4804F09DFE2046FBF724F9CDE7204627
:1095C000FBF720F9C9E749462846FBF7D5F848B923
:1095D0006C6841462846FBF7CAF850B12846FBF7AD
:1095E00011F9AAE70F4BC7221149104804F080FE79
:1095F000B3E768680A494B69C3600B6903610022DD
:109600002270A270E270FF2303728272C27202960D
:109610000120019000921431284600F0B5F9DDE7F1
:10962000D4410220341801089418010850FB0008A6
:10963000CC18010808B50A460321FFF703FF08BD4F
:1096400008B50A460B21FFF7FDFE08BD08B590F8E6
:109650002D3013F0010F0DD00146436863B1074A66
:109660005069834204D000F0A4F908B9002002E058
:10967000012000E0002008BD0020FCE7D4410220CA
:1096800030B40446164B186800E00068B0B190F89A
:109690002D3013F0010FF8D013F0040FF5D042680D
:1096A000002AF2D0216885684A402A4215D013F07A
:1096B000020FEAD1C3689942E7D10EE0094B1B685B
:1096C0005BB193F82D2002F00502052A05D15A68F6
:1096D0001AB122787F2A00D0184630BC704700BFEC
:1096E000CCC30220D0C302202DE9F8430446D0F8B1
:1096F000048098F800301A09042A04D0FBF782F895
:109700000020BDE8F8830F4603F00F034FEA8309FA
:109710004D46B8F80200FAF745FA06462389834217
:109720001CD86389AB421ED32389B3421BD3132DAC
:1097300019D9D8F81030524A5361D8F80C10116179
:1097400003F0F003E02B12D197F82D3013F0010F46
:1097500023D07B68002B65D100251FE00146204601
:10976000FBF760F9DDE72046FBF74CF8C8E7384621
:10977000FFF76CFF002857D1414B1B7D7F2B55D045
:10978000404B1D6800E02D6845B1BD42FBD0284626
:10979000FFF75CFF0028F6D000E000253946384B83
:1097A000186900F006F9002842D1354B1B6903F017
:1097B000F003E02B3CD0002D3ED0B8F8063023F06B
:1097C000C0039BB23BB1204600F0A0FB044600283A
:1097D00096D0D0F804802A4A15605760C2F80880F5
:1097E00098F8003003F00F039B0093814946204610
:1097F000FAF7C2FF98F80930062B2ED0112B1FD094
:10980000012B2FD029461E4B586900F0D2F828B9F9
:109810001B4B5B6903F0F003E02B28D12046FAF7DD
:10982000F1FF11E03D46B9E73D46B7E70025B5E752
:109830002046FAF7E7FF63E72046FAF7E3FF5FE722
:1098400039462046FFF77EF80D4B00221A605A6019
:109850009A609A811A615A6152E739462046FDF7AB
:10986000C5FAF1E739462046FFF740FEECE74946E6
:109870002046FAF7C1FF02212046FFF7DBFECDE7C5
:10988000D4410220CCC302202DE9F04383B004462A
:109890000F4616469946DDF83080827B012A3FD17B
:1098A000002E51D014212046FAF761FF002859D12B
:1098B00065686389132B3BD985F808909DF82C3097
:1098C0006B7233682B6145232B709DF828306B70C9
:1098D0002089FAF767F968800023AB71EB71DFF834
:1098E000A490B9F80000FAF75DF9A880B9F8003043
:1098F0000133A9F800301FB33B68EB600023AB7263
:10990000EB72B8F8243013B12289934224D3D8F8EB
:109910001430324621464046984703B0BDE8F083F4
:10992000134B4FF455721349134804F0E1FCB7E7A9
:109930000F4B4FF4627211490F4804F0D9FCBBE79A
:109940000F4B1B68EB60D9E76389132B0DD9636854
:109950001B69019301AED4E732464146204600F030
:10996000E1FBDAE76FF00100D7E76FF00100D4E721
:10997000001901083419010850FB000840190108BA
:10998000701901085E02002030B585B00A9C1546AA
:109990001AB109B10A6802B9211D02949DF8242068
:1099A00001929DF8202000922A46FFF76DFF05B036
:1099B00030BD0346421E12F1030F12D891F82D005C
:1099C00010F0020014D04A689A420CD088685A40BD
:1099D00002420AD1C24323EA00039A4207D0002080
:1099E0007047012070470020704700207047012019
:1099F000704700002DE9F04182B0036801930E46E4
:109A0000002738460DF1040C032834D800259CF8B3
:109A100000401E4BA3FB04E3DB0803EB830EA4EB27
:109A20004E04E4B2DBB28CF80030AE460135EDB244
:109A300030340DF10808C6440EF8084C002BE6D16E
:109A40006B1EDBB25DB17C1C974219DA02AD1D447E
:109A500015F8085C06F8015B27461D46F0E77B1CFD
:109A6000974211DA2E2406F8014B0CF1010C01305B
:109A7000C0B21F46C8E7002306F8013C084600E0D4
:109A8000002002B0BDE8F0810020FAE7CDCCCCCCBC
:109A900008B510220149FFF7ADFF08BD60020020A4
:109AA00038B504460C4B1B68834208D00D4651B1B3
:109AB00023682B6021460420FAF7E0FB38BD0268DA
:109AC000054B1A60F6E7054B40F24512044905487C
:109AD00004F00EFCECE700BF7402002074190108CA
:109AE000AC19010850FB00082DE9F843804689466F
:109AF000814215D0B9F1000F09D0D9F800304345A3
:109B000005D0304BAD223049304804F0F1FBD8F895
:109B100004506B689A8852B10026D8F804502EE0A1
:109B2000284BAB222A49294804F0E2FBE2E71B68F4
:109B3000C8F8043043466A6853F8081F5E689C689A
:109B4000D868116056609460D06019691161012174
:109B50002846FFF775FD2846FAF7B8FF064628465F
:109B6000FAF750FED9E7174BCC221A49174804F0F0
:109B7000BFFB3444A6B22846FAF744FE3D4655B131
:109B80006B681F682846FAF7A1FF04463318B3F53F
:109B9000803FEEDBE7E749464046FFF781FF0E4B8B
:109BA0001B88B34206D30C4A13889B1B1380304694
:109BB000BDE8F883034BD2220849044804F098FB1F
:109BC000F1E700BF74190108D419010850FB00081F
:109BD000C8190108E819010870020020081A0108D4
:109BE0002DE9F0410646884600272BE09A69D6F811
:109BF00010C0624511D1B3F80CC0B28894450CD1A5
:109C000001E0294618461A6892B11D4613468BB1E9
:109C10005A69D6F80CC06245E8D001340028F0D06B
:109C200093F81FC0C27F9445EDD829461846EAE74D
:109C30002B46EAE710B1FFF757FF0744474508DA1C
:109C4000012C06DD044B1B680024214625462046D6
:109C5000DDE73846BDE8F0817402002010B5044607
:109C600020B121460520FAF709FB10BD034B4FF444
:109C700031720349034804F03BFBF2E77419010811
:109C8000F800010850FB000810B5044638B16069BF
:109C900008B1FAF7B7FD2046FFF7E0FF10BD044B0F
:109CA00040F2CE220349044804F022FBEFE700BF54
:109CB000741901082C1A010850FB00082DE9F0471F
:109CC00081460E4692464C686088F9F76BFF237810
:109CD00003F00F03B0EB830F03D24FF0FF30BDE86A
:109CE000F0879A00801A85B2E088F9F75BFFC0F32D
:109CF0000C04E400776800233B707B70BB70FB7042
:109D0000BC8028191FFA80FCF880A445C0F092801E
:109D1000D9F804104FF001081D4622E03960C5B1A2
:109D2000EA88A24200F289809B889C4500F28880E4
:109D30002E60BB889A4201D04FF0000821B3BAF1DF
:109D4000000F43D199F81E3013F0010F3ED1504659
:109D5000C5E79B889C4576D8C9F80460EEE719688A
:109D60001D460029EAD04B689A88A242D6D8A24262
:109D70006CD0D988A1426CD8002DF0D0E9888A42F5
:109D8000EDD04FF00008EAE79DB1EA88BB889A421F
:109D900007D82E60EA88BB889A42D0D04FF00008DE
:109DA000CDE72D4B4FF4DB722C492D4804F0A0FA7F
:109DB000EFE7D9F8043033B1274B4FF4DF7229496C
:109DC000274804F095FAC9F80460B8E7B8F1000F25
:109DD0002ED0D9F8043033B35868838833BB3A683F
:109DE00052B15368F9889A88914202D11A681F4685
:109DF000F6E71F464FF00008B8F1000F18D0B84240
:109E000009D03B68A3B1144B4FF4F17216491448C2
:109E100004F06EFA0CE0104B4FF4F0721349104846
:109E200004F066FAEDE74FF0000801E04FF000089B
:109E3000404654E74FF0FF3051E74FF0FF304EE718
:109E40004FF0FF304BE74FF0FF3048E74FF0FF3067
:109E500045E74FF0FF3042E774190108381A01084E
:109E600050FB0008581A0108A01A0108901A0108AE
:109E700008B50520FAF7CEF908BD000070B5054613
:109E80000E460420FAF7C6F90446C8B10023636001
:109E9000A360E36023616361A361E3610F23E37760
:109EA0000E4B1A6822601C602B686868A968EA6813
:109EB000A360E060216162612B69A361204670BDEF
:109EC00031462846FFF78CFEB04202DA002CDDD185
:109ED000F4E70420FAF79EF90446F7E7740200203D
:109EE00038B5094B1868002404E005682146FFF7DF
:109EF000FBFD284638B1C37F002BF6D0013BC3776A
:109F000004460068F6E738BD740200202DE9F843E6
:109F1000064645682B7803F00F03052B40F0D580EB
:109F2000E888F9F73FFEC0F30C084FEAC8086888D4
:109F3000F9F738FE2B7803F00F039F00B0EB830F87
:109F4000C0F0C380C01B87B23046FAF7BFFD814620
:109F50006D4B1B8803440A2B02DC6C4B1C680DE024
:109F600001462846FFF73CFE002800F0AE80664B15
:109F70001B884B440A2BF0DDA7E024685CB16269C2
:109F8000EB689A42F9D1A2692B699A42F5D1A2896C
:109F9000AB889A42F1D174B3E888F9F703FEC0F3B5
:109FA0000C0080B3ED8805F02005002D0CBF0122C8
:109FB000002209D108EB07039BB2984500F282808A
:109FC0004FF6EB718B427DD831462046FFF776FE87
:109FD000B0F1FF3F76D04C4B1A889144A3F8009023
:109FE0002DB94744A783A37F43F00103A37701283A
:109FF0001BD000256DE049462846FFF73FFF044689
:10A000000028CFD161E0E089F9F7CCFDC0F30C0066
:10A010000028C7D02B686868A968EA68A360E06078
:10A02000216162612B69A361BCE7A08B1430636876
:10A030005D682E68234653F8082FD3F804C09F6844
:10A04000D9682A60C5F804C0AF60E9601A692A615E
:10A0500080B2F9F7A7FD68800023AB71EB71AB729A
:10A06000EB72656809E0776814213046FAF784FBE3
:10A0700031462846FAF74AFD3E68002EF3D1234BBD
:10A080001968A14205D029B10B68A34202D0194634
:10A09000F9E731462046FFF703FD2846FAF716FD9B
:10A0A0000446194B1B88834204D3174A13881C1B90
:10A0B00014800EE0164B40F29B221649164804F01D
:10A0C00017F9F2E744B1636873B13046FAF79AFBC7
:10A0D00000252846BDE8F8830D4B4FF42A720F493E
:10A0E0000D4804F005F9EEE7084B1B68A34206D0C3
:10A0F000074B40F2AB220A49074804F0F9F8002167
:10A100002046FFF7CDFCE0E770020020740200203B
:10A1100074190108C41A010850FB0008E01A01086C
:10A12000EC1A01082DE9F04F8BB006460691089213
:10A130008B8C143B50D4C3F3CF030493D6F804B0F4
:10A140009BF8003003F00F03052B40F0D380738998
:10A15000132B43D9BBF80600F9F724FDC0F30C0319
:10A16000059300F400530993B6F808A0AAF1140A65
:10A170001FFA8AF3029314270024029B002B00F09D
:10A18000B780049BDB009BB2029A934228BF134620
:10A1900003934FF4207214210E20FAF795FB8246A8
:10A1A000002800F0AA804389132B21D9DAF8043063
:10A1B000DBF80020DBF80450DBF80800DBF80C10BB
:10A1C0001A605D609860D960DBF810201A61DAF8D7
:10A1D00004300793039D3CE00733ACE7484B4FF452
:10A1E0003F724849484804F083F86FF0050043E0A7
:10A1F000434B4FF449724549434804F079F8D5E799
:10A200003F4B40F22D3242493F4804F071F826E0BE
:10A21000FFF72EFE804650B3736801943B440093D1
:10A220000346412221460020FAF784FA814630B3E2
:10A230003046FAF753FCC8F81460364BC8F81030B3
:10A2400049465046FAF762FC2D1BADB20DB1366897
:10A250000027EDB17389DC1BA4B2BB42D0D3AC4262
:10A2600028BF2C46002CD3D136682746F1E750464C
:10A27000FAF7C8FA4FF0FF300BB0BDE8F08F404658
:10A28000FFF7ECFC5046FAF7BDFA4FF0FF30F3E76A
:10A290002744BFB2069B9B8C133B059AC2F30C006C
:10A2A000029A934201DD099B0BB140F40050F9F78B
:10A2B00079FC079DE880039B03F1140080B2F9F755
:10A2C00071FC68800023AB72EB7206984369089AB0
:10A2D000514698475046FAF795FA029A039BD31ACB
:10A2E0009BB20293059B049A13449BB2059344E7E7
:10A2F0000020C1E76FF00500BEE74FF0FF30BBE77D
:10A30000741901080C1B010850FB0008281B0108E8
:10A31000481B0108899C000808B51A4A00211A4800
:10A3200003F0DEFF0023194A1370194A032111704C
:10A33000184A1370184A1370184A1370184A138079
:10A34000184A1380184A1360184A1360184A136099
:10A35000184A1360184A1360184A1360184A1360A9
:10A36000184A1360184A1370184A1360184A136089
:10A37000184A1360184A1360184A1360184A136089
:10A3800008BD00BF006B010078020020B56D012000
:10A3900034000020B66D0120A16D0120A06D0120C8
:10A3A000BA6D0120B86D0120A46D01209C6D0120C3
:10A3B000A86D0120886D0120846D0120946D01201D
:10A3C000906D0120986D0120B46D01207C6D0120FD
:10A3D000806D0120786D0120AC6D0120B06D0120F1
:10A3E0008C6D012008B5034B00221A70FFF794FF13
:10A3F00008BD00BFA26D012010B5EFF3108472B646
:10A400000023054A1370054A1370FFF785FF04B94E
:10A4100062B602F07BFD10BDA26D0120B56D01207A
:10A4200070B5044603F030F850B302F0C7FC02F0F8
:10A430003DFE204602F000FF054620BBEFF31086EC
:10A4400072B6FFF769FF204603F04AF80F4B187009
:10A4500001230F4A13700F4A13700F4A136843F415
:10A460008073136006B962B60C4B08225A6109204A
:10A47000F7F716FF02F0AAFC02F09AFC284670BD1E
:10A480004FF0FF35FAE76FF00105F7E734000020E1
:10A49000A26D0120B56D0120886D0120003C0140B6
:10A4A000EFF3108272B61E4B1B889BB2002B33D089
:10A4B000F0B41C4B1B7840F6583103FB01F31A49EA
:10A4C000CB5C03F0FF041BBB164D2878144B1B8894
:10A4D0000E4640F6583100FB01F170184380134BD3
:10A4E0001F88C780124F3F7847701B889BB21C3370
:10A4F0008380012373542B780133DBB21F2B00D8E8
:10A500001C46084B1C70002305490B8007490B8033
:10A5100002B962B6F0BC70470AB962B670477047BC
:10A52000BA6D0120B66D012078020020B86D0120BF
:10A530003400002008B5EFF3108272B600230949F9
:10A540000B7009490B7009490B7002B962B60920FA
:10A55000F7F7A6FE02F032FC02F0A8FDFFF7A0FF1D
:10A5600008BD00BFA26D0120B56D0120B46D0120B2
:10A5700008B502F0B9FE074B1B7803B908BD054BBF
:10A5800000221A7002F01AFC02F090FDFFF788FF1B
:10A59000F4E700BFB46D0120014B1878704700BF8D
:10A5A000A26D0120014B1868704700BFA46D012007
:10A5B000014B1868704700BF9C6D0120014B186863
:10A5C000704700BFA86D0120014B1868704700BF9D
:10A5D000886D0120014B1868704700BF846D012011
:10A5E000014B1868704700BF906D012008B5082125
:10A5F0000148F7F7F3FD08BD00100240002318469C
:10A6000001E001339BB21F2B0BD840F6583202FBFE
:10A6100003F204498A5CD2B2012AF2D1013080B23D
:10A62000EFE77047780200200023184601E001336D
:10A630009BB21F2B0BD840F6583202FB03F20449A1
:10A640008A5CD2B2022AF2D1013080B2EFE77047C1
:10A65000780200200023184601E001339BB21F2B33
:10A660000AD840F6583202FB03F204498A5C002AF9
:10A67000F3D1013080B2F0E7704700BF78020020CC
:10A68000014B1868704700BF786D0120014B1868B6
:10A69000704700BFAC6D0120014B1868704700BFC8
:10A6A000B06D01200A4B1B7840F6583203FB02F3D1
:10A6B000084AD35CDBB2012B01D000207047044B69
:10A6C0001A7840F65830034B02FB0030704700BF49
:10A6D000A16D01207802002018B10378DBB2012BB4
:10A6E00000D0704702230370044B1B780133DBB2A8
:10A6F0001F2B00D90023014A1370F2E7A16D01203E
:10A700000E4B1B7840F6583203FB02F30C4AD35C25
:10A71000DBB2022B00D07047084A137840F658315C
:10A7200003FB01F306490020C85413780133DBB260
:10A730001F2B00D90346014A1370ECE7A06D0120DE
:10A740007802002008B51C4B1B7813B11B4B1B78FB
:10A7500003B908BD194B00221A70194A136823F473
:10A760008073136002F03CFBD0B1164A13680133CA
:10A770001360154A136801331360114A136843F0DC
:10A78000200312490B600B6813600B4B00221A70F8
:10A790000F4B01221A700F4A136801331360D8E778
:10A7A000074A136843F4007313600920F7F786FD26
:10A7B000094B08225A61CCE7A26D0120B56D01203A
:10A7C000886D0120A86D0120806D0120986D012009
:10A7D000B46D0120906D0120003C01408D4B1B7831
:10A7E000002B00F015812DE9F04F83B004460D4693
:10A7F00000B111B903B0BDE8F08F02F0ABFD064621
:10A8000002F0AEFD009002F0B1FD81464EB140B1C4
:10A81000B0B2A84205D8804A136801331360002201
:10A82000ACE07E4A1368013313607D4A136843F439
:10A8300000631360DEE77B490A6801320A60009A10
:10A8400006EB0208784A11785FFA81FE40F658322A
:10A8500001FB02F1754A01EB020C8A5C02F0FF0772
:10A860000197002A7CD1724A128892B29AB9714A31
:10A87000D2F800A06D4A40F6583B0BFB0E22C2F8FE
:10A8800008A082F801904FF0000AA2F802A0A2F8F6
:10A8900006A0A2F804A0684A128892B21A3292B2B4
:10A8A00009EB020B40F64A3AD3457ED8B9F1020FC4
:10A8B00000F08980009F16F807A05C4E40F6583BD8
:10A8C0000BFB0E6606EB020E8EF80CA002F1010ED9
:10A8D00098F801A0B6448EF80CA0023298F802E075
:10A8E000164486F80CE0544E328819FA82F292B27D
:10A8F00032804F4E328892B2013292B23280DFF80B
:10A9000034E1DEF800200132CEF80020328892B225
:10A9100040F2B936B24230D9454A1288ACF802202A
:10A92000454A1688ACF80660444E36788CF80160CB
:10A93000128892B21C32ACF8042001223B4E8A5598
:10A94000394A12780132D2B21F2A00D80192364A0F
:10A9500001991170002236490A8037490A800CE0BB
:10A9600037490A6801320A6032490A6801320A60CE
:10A970002B490A6842F003020A601A4683189BB208
:10A98000AB4234D8A6182F4F396801313960A25C28
:10A9900012F0010F7FF44FAF2B490A6801320A60B1
:10A9A0002A490A6801320A60E7E725490A68013244
:10A9B0000A6020490A6801320A6019490A6842F0AF
:10A9C00001020A60D9E7009F16F807A0DFF85CB023
:10A9D00040F6583606FB0EB606EB020E8EF80CA0BB
:10A9E000013298F801E0164486F80CE07BE7154B3D
:10A9F0001B68B3F5005F7FF6FDAE0A4B1B68002BAA
:10AA00007FF4F8AE064A136843F480631360F1E6FE
:10AA1000704700BFA26D0120786D0120806D01207C
:10AA2000886D0120AC6D0120B66D012078020020F8
:10AA3000BA6D0120A46D0120B86D01203400002002
:10AA40009C6D01208C6D0120B06D01207C6D01207A
:10AA50000D4A1368013313600C4A13680133136005
:10AA60000B4A136843F483530A490B600B68136065
:10AA7000094B00221A70094B01221A70084A136808
:10AA800001331360704700BFA86D0120806D012065
:10AA9000886D0120986D0120A26D0120B46D012008
:10AAA000906D0120082800D0704708B5FFF74AFED6
:10AAB00008BD0000302823D843B2002B32D0013823
:10AAC0002F281BD8DFE800F0183020221A1A1A1A93
:10AAD0001A1A1A1A1A1A1A241A1A1A1A1A1A1A1ACC
:10AAE0001A1A1A1A1A1A1A26282A1A1A1A1A1A1A9C
:10AAF0001A1A1A1A1A1A1A2C0D4870470D4870475C
:10AB0000812813D10C4870470C4870470C48704797
:10AB10000C4870470C4870470C4870470C48704709
:10AB20000C487047034870470B487047014870470E
:10AB30007C1B0108581B0108AC1B01086C1B010899
:10AB4000741B01089C1B0108881B0108901B01084D
:10AB5000981B0108A01B0108601B010803784078BE
:10AB600043EA002070470378427843EA0223827860
:10AB700043EA0243C07843EA006070470170090A63
:10AB8000417070470170C1F307234370C1F307435D
:10AB90008370090EC17070470130C0B2272800D9F8
:10ABA00000207047F8B5134B1E88272E1ED8054687
:10ABB0000C46114F3878114901EBC0039D7021F804
:10ABC00030405A60FFF7E8FF38700136094B1E80AD
:10ABD0000B4A136823441360012D01D00020F8BDF7
:10ABE000084B1968214419600020F8E74FF0FF3046
:10ABF000F5E700BFD4700120D7700120946F0120C9
:10AC0000DC700120D8700120034B1B6813B1B3F82E
:10AC100066007047002070471C6E012000F2B350A0
:10AC20008008034BA3FB0030C00900D1012070470E
:10AC3000D97CC65930B4054600224FF6FF708A42CF
:10AC400009D2AB5C4340DBB2044C34F8133083EAE6
:10AC500010200132F3E730BC704700BF742A0108AE
:10AC6000F8B5044600F10C06C58805F11007BFB21F
:10AC70004AF25A513046FFF781FF0123A373812323
:10AC8000E373394604F11000FFF778FF184B196899
:10AC90004A1C1A6004F11200FFF774FF154F39685F
:10ACA00004F11600FFF76EFF3B79A3767B79E3761C
:10ACB0006378237700236377A16804F11E00FFF710
:10ACC00061FF618804F12200FFF758FFE18804F179
:10ACD0002400FFF753FF1C35ADB2A580023D294685
:10ACE0003046FFF7A7FF01467019FFF747FFF8BD91
:10ACF0002C6E01204000002008B54FF4A072002106
:10AD0000074803F0EDFA0023064A1370064A137051
:10AD1000064A1380064A1360064A136008BD00BF46
:10AD2000946F0120D6700120D7700120D4700120CB
:10AD3000DC700120D8700120F0B593B0F7F732FB3A
:10AD40005C4B1B680BB113B0F0BD04465A4B1B782B
:10AD5000002BF8D1594B1B68002BF4D1584B1B68C2
:10AD6000C31A002BEFDB574802F076FE00285DD0B7
:10AD7000FAF7EEFF514B1860002863D0514D2A7B43
:10AD80006B7B1B0443EA0263AA7B43EA0223E97B51
:10AD90000B431A0202F47F0242EA0162190A01F42B
:10ADA0007F410A4342EA136311930021FAF790F9B5
:10ADB000424E45493068FAF7C1F9012243493068EB
:10ADC000FAF7D6F93068438B43F0400343837F2181
:10ADD000FAF76CF918220BA9284602F07BFE3C4FCB
:10ADE0003B6801333B603B49002003F0E5F92B8AC7
:10ADF000AA7C019200930BAB3A683749002003F01C
:10AE0000DBF93649002003F0D7F9354B2A8A11A91E
:10AE10003068FAF7BFFF054628BB274B01221A709E
:10AE2000284B58692044264B18608CE702A802F092
:10AE3000EFFD244E02AD0FCD0FC695E8070086E862
:10AE4000070095E7274903F0B7F92749002003F0E9
:10AE5000B3F92249002003F0AFF91A4B5869204496
:10AE6000174B18606FE71F49002003F0A5F92A4629
:10AE70001E49002003F0A0F91849002003F09CF9B6
:10AE800000213068FAF724F900213068FAF756F902
:10AE9000002211463068FAF76BF93068FAF75AFE6B
:10AEA00000233360044A1370064B58692044044B56
:10AEB000186048E71C6E0120286E0120246E0120D6
:10AEC000506E0120480000206DB20008B5C900088E
:10AED000206E0120E01B0108E81B01082CF7000888
:10AEE00021B80008B41B0108C01B0108201C010880
:10AEF000F8B51546404B1B68934203D39B1A3E4A54
:10AF000013603BE03C4B00221A6037E0521B26F8EE
:10AF10003420BB78012B0FD0384B1B781BB1384B3A
:10AF20001B88002B48D0374B1B781BB1344B1B8838
:10AF3000002B54D00020F8BD334B1B68AB4203D329
:10AF40005B1B314A1360E7E72F4B00221A60E3E7EF
:10AF50002D4B00221A602D4A136801331360FFF74E
:10AF6000CFFB002346F834307B60294C2078FFF774
:10AF700013FE2070224A1388013B1380002DCBD092
:10AF80001F4B1B88002BC7D0214B1C78214E06EB92
:10AF9000C40736F83420AA42B8D8AD1A1D4B03EBCB
:10AFA000C4039B78012BDCD1174B1B689A42CFD886
:10AFB0009A1A154B1A60CEE70024104B1C70164BE2
:10AFC00001221A701549204603F0F6F8144920466C
:10AFD00003F0F2F81349204603F0EEF8A3E70F4917
:10AFE000002003F0E9F81049002003F0E5F80D49CE
:10AFF000002003F0E1F89DE7DC700120636F012081
:10B00000D47001205C6E0120D8700120706F012087
:10B01000D6700120946F0120626F01203C1C010852
:10B02000481C01082CF70008881C01082DE9F04194
:10B0300007460E4690461C46069D4AF25A5128463F
:10B04000FFF79CFD0123AB70EF702146281DFFF731
:10B0500095FD3146A81DFFF795FD44B1B8F1000FED
:10B0600005D02246414605F10A0003F011F904F12A
:10B070000A0631462846FFF7DDFD0146A819FFF70D
:10B080007DFD04F10C0080B2BDE8F08130B583B0E5
:10B090001346204A126872B30C4603F10C0292B2B6
:10B0A000602A2BD81C4A1288272A2AD81B4A1168E2
:10B0B0004D1C15601A4A00922246FFF7B7FF04465E
:10B0C000144B1868B0F86430A3421DD30123224604
:10B0D0001349FCF7C5FB054610B1284603B030BD47
:10B0E000002221461046FFF75DFD80B9094B186824
:10B0F000FDF7C6F8F1E76FF00A05EEE76FF00F0510
:10B10000EBE74FF0FF35E8E74FF0FF35E5E74FF0AD
:10B11000FF35E2E71C6E0120D47001202C6E012067
:10B12000BC6D0120F0B591B00546014607A8FFF7B8
:10B1300029FD464C237B8DF82030637B8DF8213030
:10B14000A37B8DF82230E37B8DF82330218A09A878
:10B15000FFF714FDA37C8DF826303D4B1B68002BB8
:10B1600062D001238DF827303A4B1B788DF82830B8
:10B1700000248DF829408DF82A408DF82B40334B60
:10B180001A788DF82C205A788DF82D209A788DF821
:10B190002E20DA788DF82F201A798DF830205A7900
:10B1A0008DF831209A798DF83220DA798DF83320B4
:10B1B0001A7A8DF834205A7A8DF835209A7A8DF8DB
:10B1C0003620DA7A8DF8372059690EA8FFF7DAFCB5
:10B1D00021460FA8FFF7D6FC242207A92220FFF75B
:10B1E00055FF044610BB1C4902F0E6FF174B5A7B83
:10B1F000997BD87B1E8A9F7CDFF858C09CF800C0E2
:10B20000CDF814C0049703960290019100921B7B25
:10B210002A461249002002F0CFFF1149002002F017
:10B22000CBFF204611B0F0BD00239BE70D49002065
:10B2300002F0C2FF23462A460B49002002F0BCFF61
:10B240000749002002F0B8FFEBE700BF48000020EC
:10B250001C6E01205C6E01203C1C0108C01C010812
:10B260002CF70008B41B01080C1D010838B50C466A
:10B270001B49002002F0A0FF22461A49002002F0DC
:10B280009BFF194D2946002002F096FFFFF752F967
:10B290000024164B1C60164B1C60164B1C70164B82
:10B2A0001C80164B1C70164B1C70164B1C70164BDA
:10B2B0001C70FFF721FDF7F775F8144B5B69184414
:10B2C000134B18601349204602F076FF12492046BE
:10B2D00002F072FF2946204602F06EFF38BD00BF23
:10B2E000B41B0108341D01082CF700081C6E012056
:10B2F000246E0120286E0120606F0120636F012001
:10B30000626F01205C6E0120646F01204800002004
:10B31000506E01203C1C0108501D0108F0B585B09D
:10B32000FFF76CF90446FFF77FF90546FFF740F990
:10B330000646FFF749F9074614B90DB906B968B3CF
:10B34000174B1B68A3B91749002002F035FF01977E
:10B3500000962B4622461449002002F02DFF134987
:10B36000002002F029FFFFF747F8002005B0F0BDEC
:10B370000F49002002F020FF02970196084B1B683E
:10B3800000932B4622460B49002002F015FF074987
:10B39000002002F011FF4FF0FF30E7E70020E5E763
:10B3A000D8700120E01B0108F81D01082CF70008E7
:10B3B000B41B0108841D010808B5124B00221A8035
:10B3C000FFF79AFCFFF7E8F8C8B100230E4A1360B4
:10B3D0000E4A13700E4A13700E4A13700E4A136011
:10B3E0000E4A13600E4A13600E4A13600E4A136031
:10B3F0000E4A13600E4A13600E4A136008BDFEF732
:10B40000FBFFE2E7606F0120586E0120636F0120AF
:10B41000626F01205C6E0120786F0120886F01202F
:10B42000846F0120706F0120746F01208C6F0120E8
:10B43000806F01207C6F012030B589B01C4B9B7C54
:10B440008DF8003000248DF801408DF802408DF811
:10B450000340184D296801A8FFF794FB2B798DF85C
:10B4600008306B798DF80930FFF796F88DF80A00EF
:10B470008DF80B40FFF796F8014603A8FFF782FB13
:10B480000D4904A8FFF77EFB214605A8FFF77AFBCC
:10B49000214606A8FFF776FB214607A8FFF772FBB7
:10B4A000202269463020FFF7F1FD09B030BD00BF12
:10B4B00048000020400000200A00010070B5054649
:10B4C0001C4E3468FFF736F8002333601A4A1360C5
:10B4D0001A4A13701A4A13801A4A13701A4A1370C0
:10B4E0001A4A1370FFF708FCC4B100212046F9F78F
:10B4F000EFFD00212046F9F7EFFD00212046F9F786
:10B5000005FE002211462046F9F732FE00212046B2
:10B51000F9F714FE2046FAF7BDF908B925B970BD50
:10B520002046FAF717FBF9E7F6F73CFF6430084BC3
:10B530001860F4E71C6E0120246E0120286E0120A3
:10B54000606F0120636F0120626F0120646F012032
:10B55000506E012010B5F6F725FF164B1860164BFC
:10B560001860FFF71FF8154B1860FFF733F8002439
:10B57000134B1C70134B01221A70134B1C70FFF7F6
:10B580002FF8124B1860124B1C60124B1A68124BAA
:10B590001A60124B1A68124B1A60124B1A68124B3F
:10B5A0001A60124B1A68124B1A60FFF701F8114B20
:10B5B000186010BD686F0120446E0120406E0120AC
:10B5C000546E0120646F01206C6F0120346E0120E5
:10B5D000906F0120846F01204C6E0120706F01205C
:10B5E000306E0120746F0120486E0120786F0120B9
:10B5F000386E01203C6E012030B583B01E4900201A
:10B6000002F0DAFD1D4C63790093237922681C490E
:10B61000002002F0D1FD1B49002002F0CDFD2046A4
:10B62000FEF7FEFEC0B90546FFF794FF164900205D
:10B6300002F0C2FDFEF7B0FF0446FEF7D7FF034657
:10B6400022461249002002F0B7FD0E49002002F008
:10B65000B3FD284603B030BD0D49002002F0ACFD1B
:10B660000C49002002F0A8FD0649002002F0A4FDCC
:10B670004FF0FF35EDE700BFE01B01084000002060
:10B68000601E01082CF700083C1C0108CC1E0108B4
:10B69000B41B0108981E01082DE9F04F97B004462D
:10B6A00001460BA8FFF76EFA524D29680CA8FFF768
:10B6B00069FA2B798DF834306B798DF83530FEF7D7
:10B6C0006BFF8DF8360000238DF83730FEF770FFE2
:10B6D00001460EA8FFF756FAFEF764FF01460FA8D1
:10B6E000FFF750FAFEF770FF014610A8FFF74AFA7D
:10B6F000FEF784FF014611A8FFF740FAFEF794FF1A
:10B7000001460DF14600FFF739FAFEF7A3FF0146A7
:10B7100012A8FFF733FA384B1B68002B4DD0B3F853
:10B7200064100DF14A00FFF729FA344B196813A889
:10B73000FFF728FA324B196814A8FFF723FA314BA8
:10B74000196815A8FFF71EFA2C220DEB0201102034
:10B75000FFF79CFC054690BB2B4902F02DFD254BC5
:10B76000D3F8009093F804A093F805B0FEF714FF07
:10B770000990FEF729FF0646FEF740FF0746FEF751
:10B7800053FF8046FEF766FF0690CDF814800497BD
:10B790000396099B0293CDF804B0CDF800A04B4668
:10B7A00022461A49002002F007FD1949002002F044
:10B7B00003FD284617B0BDE8F08F0021B1E7154919
:10B7C000002002F0F9FC0C4B1B6883B1B3F8643025
:10B7D000114A1288019200932B4622460F490020FD
:10B7E00002F0EAFC0A49002002F0E6FCE1E700234F
:10B7F000EEE700BF400000201C6E0120DC7001203D
:10B80000786F0120706F01203C1C0108001F0108A7
:10B810002CF70008B41B0108D4700120681F010830
:10B8200070B582B01646002A40D10C462D4B1960E7
:10B8300000252D4B1D602D4B1D702D492046F9F71D
:10B840004BFC2C492046F9F761FC2B492046F9F7BF
:10B8500075FC012229492046F9F78AFC638B43F0E5
:10B86000400363837F212046F9F720FCFFF7A4FD06
:10B870002349284602F0A0FC201DFEF709F90246E4
:10B88000E38A2049897C01910093238B1E49284635
:10B8900002F092FC1D49284602F08EFCFFF7CCFD19
:10B8A0002846FFF7F9FE304602B070BD1849002067
:10B8B00002F082FC32461749002002F07DFC134959
:10B8C000002002F079FC0023084A1370064A136036
:10B8D000044A1360F6F766FD0A4B5B6918440E4B89
:10B8E0001860E0E71C6E0120246E0120286E012004
:10B8F000FDC80008F1AE00086DB20008B5C9000827
:10B900003C1C010848000020C41F01082CF7000857
:10B91000B41B0108A01F0108506E0120014B1B78C9
:10B9200013B97047646F01202DE9F04FA7B0F6F707
:10B9300039FD8246FEF730FE04461890FEF732FECF
:10B940008346FEF741FE1990FEF732FE1790002C59
:10B950003BD1B04B1B78002B37D1AF4B1B68AAEB08
:10B960000303322B05D8FEF73BFEAC4B1B68984215
:10B970002BD0A84B01221A70A949002002F01CFC10
:10B98000FEF784FE0446FEF739FE0546FEF74CFE40
:10B990000646FEF75FFE074601F0D6FC8046FEF73E
:10B9A0000DFE199B06930590CDF81080179B03930D
:10B9B00002970196009523465A469A49002002F0C4
:10B9C000FBFB9949002002F0F7FB934B1B68AAEBA5
:10B9D0000303B3F57A7F07D9BBF1000F04D1934B72
:10B9E0001B78002B00F04C81914B1C68AAEB0404DF
:10B9F000B4F57A7FC0F00A8104B901248C4BC3F8F6
:10BA000000A08C4B1B68ABEB03038B4A11688B4A7D
:10BA10001268A1EB02088A4A17688A4A1268BF1A9C
:10BA2000894A1568894A1268AD1A894E3168894A6F
:10BA300012688A1A1C92884A126817998A1A1D92EB
:10BA40005801D90EC01A61F100018A0042EA9072D1
:10BA50004FEA800C1CEB030042F10001CB0043EAEB
:10BA60005073C200104619464FF0000922464B465B
:10BA7000F4F75EFC22904FEA48104FEAD861B0EB31
:10BA8000080061F100018B0043EA9073820012EB21
:10BA9000080043F10001CB0043EA5073C200104696
:10BAA000194622464B46F4F743FC23907801F90EE1
:10BAB000C01B61F100018B0043EA90738200D01932
:10BAC00043F10001CB0043EA5073C200104619460F
:10BAD00022464B46F4F72CFC24906801E90E401BEB
:10BAE00061F100018B0043EA90738200501943F129
:10BAF0000001CB0043EA5073C20010461946A2026F
:10BB0000A30DF4F715FC25905449484602F054FB68
:10BB1000534B1A681A921B791B93FEF76FFD1E9008
:10BB2000FEF782FD1F90FEF795FD209036684D4B85
:10BB30001F684D4BD3F800804C4BD3F800904C4B12
:10BB40001C684C4B1B68002B00F0CA80B3F8645093
:10BB5000FFF75AF8219001F0F7FB199B1593149009
:10BB600030231393219B129311951094CDF83C90A0
:10BB7000CDF838800D971C9B0C930B961D9B0A9358
:10BB8000179C0994209B08931F9B07931E9B069369
:10BB9000259B0593249B0493239B0393229B029351
:10BBA000CDF804B0189B00931B9B1A9A32490020D1
:10BBB00002F002FB1C49002002F0FEFA1E4B1A683C
:10BBC0001E4B1A601E4B1A681E4B1A601E4B1A68D9
:10BBD0001E4B1A601E4B1A681E4B1A601E4B1C60CF
:10BBE000144B1B685B457DD0124BC3F800B0FEF7C9
:10BBF000F1FC189B53B9084B1868AAEB000040F6FB
:10BC0000B833984202D91D4B00221A7027B0BDE804
:10BC1000F08F00BF6C6F0120686F0120346E01202F
:10BC2000B41B0108082001082CF70008546E0120FD
:10BC3000446E0120406E0120846F01204C6E012073
:10BC4000706F0120306E0120746F0120486E01205A
:10BC5000786F0120386E01203C6E0120E01B010846
:10BC600040000020906F0120806F01207C6F012038
:10BC70008C6F01201C6E01202C210108646F0120B3
:10BC80002E4B01221A702E49002002F095FAFEF781
:10BC9000FDFC0446FEF700FD0546FEF7F1FC0646F6
:10BCA00001F06AFB074601F04FFB8046FEF786FC79
:10BCB0008146FEF79BFC0690199B0593CDF81090EA
:10BCC000CDF80C800297019600952346189A1D49DD
:10BCD000002002F071FA1C49002002F06DFA83E6A0
:10BCE000002535E7FEF758FC00283FF47DAF1449E6
:10BCF000002002F061FAFEF7C9FC0446FEF7CCFC16
:10BD00000546FEF7BDFC064601F036FB074601F08E
:10BD10001BFB8046FEF752FC199B04930390CDF861
:10BD20000880019700962B4622460849002002F021
:10BD300043FA0549002002F03FFA55E7546E01200E
:10BD4000B41B0108882001082CF700080422010810
:10BD500070B590B0234E02A801F05AFE354602ACF1
:10BD60000FCC0FC594E8070085E80700304601F0C6
:10BD700062FD50BB1B4C18220AA9204601F0AAFE06
:10BD80001949002002F018FAA37C6269019200931D
:10BD9000238A0AAA1549002002F00EFA144900204D
:10BDA00002F00AFA0024134B1C60134B1C60134B67
:10BDB0001C70F6F7F7FA00F5FA70114B1860114B8A
:10BDC0001C60FEF799FF10B070BD02A801F020FEC4
:10BDD000354602AC0FCC0FC594E8070085E8070094
:10BDE000C8E700BF48000020E01B01087C220108D2
:10BDF0002CF700081C6E0120246E0120286E012003
:10BE0000506E0120206E01202DE9F047FEF7B0FBB7
:10BE1000724B1B6883B1724B1B7813B1714B1B883B
:10BE20006BB1714B1B78D3B9FFF778FDFEF73AFC85
:10BE300004460026B14664E0FEF77EFFAFE06B49A2
:10BE4000002002F0B9F96A49002002F0B5F9694909
:10BE5000002002F0B1F90120FFF730FB9FE0624BB8
:10BE600000221A70FFF7C8FB0028DDD06FF0140025
:10BE7000FFF712FCD8E7604A1368013313605F4A8A
:10BE800013680133136080E05B4A13680133136069
:10BE90005B4A136801331360584A13680133136017
:10BEA00073E0554A136801331360564A136801332F
:10BEB0001360554A136801331360504A1368013305
:10BEC000136062E04C4A1368013313604F4A1368F1
:10BED00001331360494A13680133136055E0464A41
:10BEE000136801331360454A1368013313604CE053
:10BEF000FEF73EFB052E46D8FEF7D4FB04464FF076
:10BF00000109002C41D0374B1B88272BB3D8204682
:10BF1000FEF7A6FEA7883846FEF780FE05462F4BA3
:10BF2000D3F80080B8F864A0FEF76EFE5745ABD892
:10BF30000544ADB22B2DB4D802233A4604F10C01CE
:10BF40004046FBF78DFC0028BCD12246A188012089
:10BF5000FEF728FE0028C2D12D4A13680133136072
:10BF6000E1882C4A13680B441360244B00221A60AA
:10BF70002046FEF7B1FB0136B6B2052EB8D816F052
:10BF8000010FB7D1B4E74FF00109234B1B6843B948
:10BF9000B9F1000F03D0114B1868FCF771F9BDE837
:10BFA000F087FEF72BFB0028F2D11B4B186800EA44
:10BFB000E070FFF771FB0028EAD10024164B1C60EB
:10BFC0001649204602F0F8F81549204602F0F4F828
:10BFD0000849204602F0F0F8DDE700BF1C6E0120A2
:10BFE0005C6E0120D4700120626F0120E01B01080B
:10BFF000C02201082CF70008786F0120906F012003
:10C00000806F01207C6F0120886F01208C6F0120E0
:10C01000846F0120746F0120586E01203C1C0108C0
:10C02000082301082DE9F04F97B00D461646012868
:10C0300024D00446022800F0FD80032800F022816D
:10C04000042800F0E081212800F02C82202800F054
:10C050003982C049002002F0AFF833462246BE497B
:10C06000002002F0A9F8BD49002002F0A5F86FF009
:10C070006200FFF711FB17B0BDE8F08FB849002050
:10C0800002F09AF83246B749002002F095F8B34919
:10C09000002002F091F8072E75D92846FEF763FDBF
:10C0A0000F902B798DF840306B798DF8413000245A
:10C0B0008DF842408DF84340A949204602F07CF8B3
:10C0C0009DF8413000939DF840300F9AA6492046D4
:10C0D00002F072F8A149204602F06EF80FA801F0B4
:10C0E000D3F9002861D00024A04B1C70A04B1C7019
:10C0F0009B49204602F060F89E49204602F05CF819
:10C100009649204602F058F8FEF714FA9A4B109917
:10C110000F9883E80300587901F0F2FB002855D10D
:10C120009649002002F048F89549002002F044F8B2
:10C130008A49002002F040F88F4800F0C9FF00282B
:10C1400057D18E49002002F037F88E49002002F0C6
:10C1500033F88249002002F02FF8874801F047FBAE
:10C16000002857D07B49002002F026F8864900209D
:10C1700002F022F87949002002F01EF86FF00C005E
:10C18000FFF78AFA77E77349002002F015F8324684
:10C190007E49002002F010F87049002002F00CF8EF
:10C1A0006FF00900FFF778FA65E76A49204602F068
:10C1B00003F87749204601F0FFFF6849204601F067
:10C1C000FBFF6FF00A00FFF767FA54E7614920466A
:10C1D00001F0F2FF684B5A796E49204601F0ECFFFE
:10C1E0005E49204601F0E8FF6FF00D00FFF754FABA
:10C1F00041E75849002001F0DFFF6749002001F0C6
:10C20000DBFF5649002001F0D7FF6FF00B00FFF76E
:10C2100043FA30E75949002001F0CEFF5F49002082
:10C2200001F0CAFF4D49002001F0C6FF0020FFF7D2
:10C2300033FA20E74A4D2946002001F0BDFF584956
:10C24000002001F0B9FF454C2146002001F0B4FF69
:10C250002946002001F0B0FF474B1D681E795F7929
:10C26000FEF79AF90190009733462A464D4900207F
:10C2700001F0A2FF2146002001F09EFF0020FFF701
:10C280000BFAF8E63649002001F096FF3A4A537956
:10C290000093137912684449002001F08DFF2F4963
:10C2A000002001F089FFFEF777F968BBFFF736F849
:10C2B000002839D1304800F00BFF002839D12F4930
:10C2C000002001F079FF3949002001F075FF234972
:10C2D000002001F071FF284B587901F011FB002874
:10C2E0006CD01C49002001F067FF234B5A7930497C
:10C2F000002001F061FF1949002001F05DFF6FF09F
:10C300001600FFF7C9F9B6E61549002001F054FF01
:10C310002849002001F050FF1049002001F04CFF97
:10C320000020FFF7B9F9A6E66FF01500FFF7B4F9A2
:10C33000A1E60849002001F03FFF1F49002001F05D
:10C340003BFF0649002001F037FF6FF01300FFF7B5
:10C35000A3F990E6B41B0108F02801082CF70008A7
:10C36000E01B01082C23010878230108636F0120DA
:10C37000626F0120D0230108400000203C1C01080E
:10C38000342401088C240108B8240108542301082E
:10C39000A8230108042401085C240108E4240108FE
:10C3A0000C250108242501085C250108E425010865
:10C3B0000C26010888250108B8250108CB49002072
:10C3C00001F0FAFECA49002001F0F6FEC94900203A
:10C3D00001F0F2FE0020FFF75FF900287FF44BAE7A
:10C3E000C54B01221A700024C44B1C70C44920465E
:10C3F00001F0E2FEC349204601F0DEFEBD492046C1
:10C4000001F0DAFE37E6BE4E3146002001F0D4FEE0
:10C41000BD49002001F0D0FEB64D2946002001F0B4
:10C42000CBFE0024B44B1C70B44B1C70314620462C
:10C4300001F0C2FEB549204601F0BEFE2946204665
:10C4400001F0BAFEFEF776F8A849204601F0B4FEE6
:10C45000FEF7A2F80746FEF7D1F88046FEF7E4F8AB
:10C460008146FEF7B1F80190CDF8009043463A4678
:10C47000A749204601F0A0FE2946204601F09CFE77
:10C48000A44B01221A603146204601F095FEA249D4
:10C49000204601F091FE2946204601F08DFEFFF76F
:10C4A000B3FCE8E59649002001F086FE9B49002098
:10C4B00001F082FE8F49002001F07EFE0020FEF791
:10C4C00031FED8E58E49002001F076FE32469449CF
:10C4D000002001F071FE8749002001F06DFE072E5B
:10C4E00040F2BA80FEF758F8002840F0C7800FAC41
:10C4F0008C4F0FCF0FC497E8070084E807002B7814
:10C500008DF848306B788DF84930AB788DF84A302B
:10C51000EB788DF84B30281DFEF720FBADF84C0072
:10C52000AB798DF84E3000238DF84F30EF791B2E0C
:10C5300028D92B7A8DF83C306B7A8DF83D30AB7A68
:10C540008DF83E30EB7A8DF83F302B7B8DF8403004
:10C550006B7B8DF84130AB7B8DF84230EB7B8DF8F7
:10C5600043302B7C8DF844306B7C8DF84530AB7CB0
:10C570008DF84630EB7C8DF8473005F11400FEF75E
:10C58000F2FA14905E49002001F016FE9DF84AC0B0
:10C590009DF84B20BDF84C109DF84E009DF83C4096
:10C5A0009DF83D509DF83E609DF83FE09DF8448029
:10C5B0009DF845909DF846A09DF847B00D97149BB7
:10C5C0000C93CDF82CB0CDF828A0CDF82490CDF860
:10C5D0002080CDF81CE00696059504940390029106
:10C5E0000192CDF800C09DF849309DF848204E4991
:10C5F000002001F0E1FD3F49002001F0DDFD0FA822
:10C6000001F02AFA00284AD0464C0FAD0FCD0FC4D6
:10C6100095E8070084E8070017F0010F4FD10024C8
:10C620002046FEF77FFD00287FF425AD002C7FF427
:10C6300022AD17F0020F3FF41EAD3C4B01221A70E1
:10C640002F4901F0B9FD3A49002001F0B5FD294913
:10C65000002001F0B1FD0EE53649002001F0ACFDEF
:10C6600032463549002001F0A7FD2249002001F0A3
:10C67000A3FD6FF01D00FEF755FDFCE42D490020E1
:10C6800001F09AFD2D49002001F096FD1949002086
:10C6900001F092FD6FF02000FEF744FDEBE4254928
:10C6A00001F08AFD2649002001F086FD1149002095
:10C6B00001F082FD6FF01E00FEF734FDDBE4A4F113
:10C6C000100001F0C5F8044600283DD019490020AB
:10C6D00001F072FD1B49002001F06EFD05490020AC
:10C6E00001F06AFD6FF01F049AE700BF3C1C0108CF
:10C6F000382601082CF70008636F0120626F0120C3
:10C70000E01B01085C260108A0260108B4260108E8
:10C71000D0260108586E012010270108442701087F
:10C720005C27010848000020D82701085C6E012022
:10C73000BC280108B41B010884270108A4270108AC
:10C740004C280108782801080649002001F034FD32
:10C750000549002001F030FD0449002001F02CFDC6
:10C760005EE700BF3C1C0108A02801082CF7000868
:10C770002DE9F04F85B00C46554B1D88C5F58073EB
:10C78000994209D80A4601465248284401F080FDE2
:10C790002C444F4B1C804BE04F49002001F00CFD16
:10C7A0004B4D2B8822464D49002001F005FD4C4998
:10C7B000002001F001FD00232B8005B0BDE8F08FC3
:10C7C000621E92B2424B1A804248411C01F06EFD3B
:10C7D0002EE04149002001F0EFFC2A4641490020AB
:10C7E00001F0EAFC3E49002001F0E6FC384B002253
:10C7F0001A80E2E73849002001F0DEFC4846FEF7E7
:10C8000059F9034603940297CDF804A0CDF80080AF
:10C810004A463549002001F0CFFC3149002001F0A3
:10C82000CBFC2B4B1A88921B92B21A80002A49D15A
:10C83000274B1C880B2CC0D92648FEF78FF94AF2EB
:10C840005A539842BCD12948FEF788F90546F42886
:10C85000BFD800F10C06B6B2B442AED31D4C94F86A
:10C8600002A094F80390A01DFEF77DF9804605F123
:10C870000A0B04EB0B00FEF771F9074659462046F8
:10C88000FEF7D8F90446BAF1010FB3D18742B1D10E
:10C890001749002001F090FC4846FEF70BF90346CB
:10C8A0000195CDF800804A461249002001F084FC31
:10C8B0000B49002001F080FC2A460F494846FFF74B
:10C8C000B1FBAEE70348811901F0F0FCB0E700BF0F
:10C8D000606F0120606E0120B41B01081C29010853
:10C8E0002CF7000848290108A0290108646E0120DE
:10C8F000E01B0108682901086A6E012070B50C462A
:10C9000015461E469BB992B111892046F8F778FB6F
:10C910002149002001F050FC2A892049002001F023
:10C920004BFC1F49002001F047FC2C462DE01A4922
:10C93000002001F041FC2B1E18BF0123324619498B
:10C94000002001F039FC1649002001F035FC15B13A
:10C950002846F7F757FF144B1B68A3420CD0134926
:10C96000002001F029FC1249002001F025FC0C49AF
:10C97000002001F021FC0DE00120FEF79FFDEEE715
:10C9800061896068FFF7F4FE2468002CF8D128461E
:10C99000F7F738FF002070BDE01B0108582A010896
:10C9A0002CF70008F02901081C6E01203C1C01082E
:10C9B0001C2A010808B5FFF727FA002008BD00006F
:10C9C000084B9B6813F0800F09D008B10138F7E7D6
:10C9D000054A1368013313604FF0FF3070470020A1
:10C9E000704700BF0034014014F1012082B04023A1
:10C9F000094A926812F0010F06D02BB1064AD2689C
:10CA00000192019A013BF3E7034BDA6801929B68BC
:10CA10000193019B02B070470034014028B10379B3
:10CA2000102B04D00320013070470320FBE70220C5
:10CA3000F9E70000036823F001030360044B026878
:10CA400012F0010F02D00BB1013BF8E7704700BFB5
:10CA5000A086010038B50546194B1A68194B9A4251
:10CA600002D0174B174A1A60154C2046F6F73FFACA
:10CA70004FF4827363600023A360E36023610122AB
:10CA800062614FF40072A261E56123626362A36296
:10CA90000A23E3622046F6F7CBF930B9084B1A684F
:10CAA000136843F04003136038BD2046F6F762FB7D
:10CAB000054B18602046F6F75AFB044B1860EDE76B
:10CAC00034F50120003401400CF1012010F1012067
:10CAD00008B50820FFF7BEFF08BD000010B586B0FE
:10CAE0001D4B04AC93E8030084E803000023029389
:10CAF000039303F1804303F504334FF480129A61EA
:10CB0000FFF774FF6423009308230DEB0302214613
:10CB10001248F6F702FA68B91148FFF751FF0446C8
:10CB2000B0B9FFF763FF0F4A136801331360204663
:10CB300006B010BD094C2046F6F71CFB0A4B1860E6
:10CB40002046F6F714FB094B18604FF0FF34EEE770
:10CB50006FF00104EBE700BF742C010834F50120ED
:10CB6000400D0300E07001200CF1012010F10120C4
:10CB7000F0B587B007460C461D46264B93E80300E8
:10CB800004908DF8141002908DF80C10AB1EDBB2DF
:10CB9000032B37D81646AB1E06AA134403F8087CAD
:10CBA0006B1E134403F8084C1B4B4FF480129A6120
:10CBB000642300932B4602AA04A91848F6F7ADF99E
:10CBC000044688B91648FFF7FBFE0746F8B9FFF799
:10CBD0000DFFCEB1AC4217D206AB234413F8103C84
:10CBE00033550134E4B2F5E70C4C2046F6F7C2FAAF
:10CBF0000C4B18602046F6F7BAFA0B4B18606FF032
:10CC0000010701E04FF0FF37384607B0F0BD6FF085
:10CC10000207F9E7B8F600080010024034F50120D9
:10CC2000400D03000CF1012010F10120D8B110B526
:10CC3000046800F055FC00FB0444E300114AB2EB29
:10CC4000C40F12D3104A934211D8104A934210D8FD
:10CC50000F4A93420FD80F4A93420ED80E4A93427E
:10CC60000DD8382002E008207047082010BD1020A1
:10CC7000FCE71820FAE72020F8E72820F6E7302024
:10CC8000F4E700BFA037A000D01B5000E80D28003B
:10CC9000F40614007A030A00BD0105002DE9F041F5
:10CCA0008AB000240594069407940894099401948A
:10CCB0003C4B1A6B42F010021A631A6B02F010021E
:10CCC0000192019A02945A6C42F480425A645A6C5E
:10CCD00002F480420292029A03945A6C42F4005287
:10CCE0005A645A6C02F400520392039A04941A6B29
:10CCF00042F480021A631B6B03F480030493049BC9
:10CD0000294D012211462846F5F76FFA22460221E5
:10CD10002846F5F76AFA224610212846F5F765FA03
:10CD2000132305930126069607940327089705A960
:10CD30002846F5F7B5F86423059302230693079474
:10CD400008970523099305A92846F5F7A9F84FF098
:10CD50000808CDF814804FF404130693079608973B
:10CD600005A92846F5F79CF8104BC3F81480224615
:10CD700021460920F5F760FA0920F5F791FA2246D5
:10CD800031463820F5F758FA3820F5F789FA324657
:10CD900031463920F5F750FA3920F5F781FA0AB013
:10CDA000BDE8F0810038024000100240003C014024
:10CDB000014B02229A61704700100240024B4FF46F
:10CDC00000329A61704700BF0010024008B5FFF7BB
:10CDD0000DFE024B4FF480129A6108BD0010024014
:10CDE000F0B583B0374B1F88374B1B78002B67D1CA
:10CDF000BFB27B1EB3F5004F5BD200240094334BCF
:10CE00001A6B42F480021A631A6B02F480020092D9
:10CE1000009A01945A6C42F400525A645B6C03F419
:10CE200000530193019B2A4E3046FFF703FE294D24
:10CE30002846FFF7FFFD284B40F67D729A60FFF70A
:10CE4000D5FD264B4FF480129A61254B1C70254B63
:10CE50001C70254B5A6822F003025A60234AB260C4
:10CE60002349F1607760746122493160AA60224AE7
:10CE7000EA606F606C61214A2A60326842F0010208
:10CE800032605A6842F003025A601D4B1A681368F8
:10CE900043F0400313602B6843F001032B60194AF1
:10CEA000136801331360084B01221A70204603B047
:10CEB000F0BD154A1368013313604FF0FF30F6E7F9
:10CEC0000020F4E73A000020E4700120003802401E
:10CED00010640240286402400064024000100240D6
:10CEE000F9700120F8700120003401400C34014039
:10CEF000087101201E050208E870012046010208A1
:10CF000034F5012008F10120FC70012008B5002350
:10CF10000E4A13700E4A13700E4A13700E4A53686D
:10CF200023F0030353600D48FFF784FD0C48FFF71F
:10CF300081FD0C4B40F67D729A60A3F5A8434FF437
:10CF400080129A61FFF752FD08BD00BFE470012016
:10CF5000F9700120F870012000340140286402407B
:10CF6000106402400064024070B504460D460C4B4C
:10CF70001B78DEB2FFF7CAFFFFF7AAFDFFF7AEFD91
:10CF800008B10A3870BD04F00F003346002229466C
:10CF900040F08000FFF7ECFD0028F3D01438F1E7F3
:10CFA0003C00002070B582B004460A46184B93E856
:10CFB000030000908DF80410164B1B7822B3DEB2EC
:10CFC0001546FFF7A3FFFFF783FDFFF787FD10B1BD
:10CFD0000A3802B070BD04F00F003346002211463B
:10CFE00040F04000FFF7C4FD08B11438F1E73346C4
:10CFF0006A4600210846FFF7BBFD18B99DF80130CD
:10D000002B70E6E71E38E4E74FF0FF30E1E700BFA2
:10D01000B8F600083C00002030B585B0024648B1A3
:10D020001A4B1B78012100911949002001F0C4F826
:10D0300000240BE0174AF3E70090174B53F8243015
:10D040002A461649002001F0B7F801340F2C16D8F3
:10D0500000238DF80F30124B1D5D0DF10F01284696
:10D06000FFF7A0FF0028E7D19DF80F3000930A4B8F
:10D0700053F824302A460B4901F09EF8E5E70A49A7
:10D08000002001F099F805B030BD00BF3C00002041
:10D09000802C0108C8F70008F02D0108D82C0108E1
:10D0A000302E0108B82C0108002D010808B5FFF743
:10D0B0002DFF0548FFF784FC044B4FF480129A6162
:10D0C000FFF794FC08BD00BF400D030000100240B4
:10D0D00010B584B0044600F0D7F9002857D0FFF708
:10D0E0006DFEFFF7E3FF0120F5F762F9FFF7F0FCB3
:10D0F00000210420FFF738FF00284BD15B210520D9
:10D10000FFF732FF002848D100210620FFF72CFF4F
:10D11000002845D1206800F0EDF901460720FFF70F
:10D1200023FF00283FD12379102B20D0002141F08C
:10D1300001010820FFF718FFC0BB2046FFF76EFC77
:10D140001C4B187000238DF80F302379102B10D052
:10D1500001240DF10F010820FFF724FFA0B99DF86D
:10D160000F2002F00903A34205D104B010BD08212D
:10D17000DDE70924EDE7009409230F49002001F0C1
:10D180001BF86FF00700F0E76FF00600EDE74FF0D7
:10D19000FF30EAE76FF00100E7E76FF00200E4E735
:10D1A0006FF00300E1E76FF00400DEE76FF00500C9
:10D1B000DBE700BF3C000020142D010838B5054610
:10D1C000FFF76CFDFFF784FC184C4FF48013A3614C
:10D1D0004FF40033A361002201212046F5F705F842
:10D1E0000220F5F7E5F8012211462046F4F7FDFF8D
:10D1F0000520F5F7DDF8FFF7F9FB0D4B03221A7058
:10D20000FFF76CFC60B92846FFF762FF044650B98F
:10D210006420F5F7CDF80748FFF7FEFE204638BD3D
:10D220006FF00904FAE76FF01304F7E7001002400B
:10D230003C000020642D010838B5044600F024F9B4
:10D2400000283BD0FFF762FE204600F049F9431C5E
:10D25000DBB21C4A012111701B4A10701B4A13706B
:10D260001A0392B21A490A805B039BB2194A1380CF
:10D2700013889BB2DBB113889BB2B3F5004F16D86D
:10D28000144B1A8892B20021134801F029F80025A6
:10D29000124B1D702046FFF7C9FCFFF7DBFBFFF7C1
:10D2A000A5FB0F4B4FF480129A61284638BD0D4AFA
:10D2B0001368013313606FF00100F7E74FF0FF30A0
:10D2C000F4E700BF360000203500002037000020C2
:10D2D000380000203A00002008710120E870012089
:10D2E00000100240FC70012038B5124B1B787BB156
:10D2F000EFF3108572B610480378DBB20F4A14784A
:10D30000E4B200210170117005B962B60BB93CB9E5
:10D3100038BD0B4B198889B20A48FDF75FFAF6E76A
:10D32000074B1888198889B2064B13FA80F0FDF76D
:10D3300055FAEDE7E4700120F9700120F870012042
:10D340003800002008710120014B1868704700BFA9
:10D3500004710120014B1878704700BF370000208E
:10D36000014B1878704700BF36000020014B187839
:10D37000704700BF35000020014B1868704700BFA0
:10D380000071012038B51F4A136803F00C0103F047
:10D39000100503F020043D20906013F0010F03D02E
:10D3A000194A13680133136009BB184B1B78EBB1A2
:10D3B0006DB1174A136801331360164B1B781BB10C
:10D3C000154A136801331360124B01221A706CB1B5
:10D3D0000F4A136801331360104B1B781BB10E4AC0
:10D3E0001368013313600D4B01221A7038BD0C4ACB
:10D3F0001368013313600B4A136801331360FDF7A0
:10D4000027FBF3E700640240F4700120E470012080
:10D4100000710120F970012004710120F8700120D1
:10D42000EC700120F070012008B50D4A136803F478
:10D4300040714FF47460906013F0400F03D0094ABC
:10D4400013680133136001B908BD074A136801333B
:10D450001360064A136801331360FDF7F9FAF3E726
:10D4600000640240F4700120EC700120F070012093
:10D47000044A026018220271002242718271C27154
:10D48000704700BF801A06000346D8B102681149F0
:10D490008A420DD010498A420AD010498A4207D0E8
:10D4A0004CF250318A4203D046F2A8118A420BD185
:10D4B0001A79182A01D0102A08D15B79022B07D8D3
:10D4C00001207047002070470020704700207047FF
:10D4D00000207047801A0600400D0300A08601005E
:10D4E00020B10379102B03D003207047032070472D
:10D4F000022070470D4B98420FD009D846F2A8136E
:10D5000098420CD04CF2503398420AD10320704715
:10D51000074B984207D10120704702207047042032
:10D520007047002070470020704700BFA0860100B0
:10D53000400D030030B4054600244FF6FF700DE0A7
:10D5400040080133DBB2072B07D810F0010FF7D0EA
:10D550004AF2010282EA5000F3E701348C4203D21E
:10D560002B5D58400023EEE730BC70470B4641B1BD
:10D5700081681960017B1971417B59710021997192
:10D58000D9718AB1036913604369536083699360F9
:10D59000C369D360038C138290F822309374002304
:10D5A000D374416A516193617047000000B3F8B5CC
:10D5B0000746154E054606F1300C34460FCC286060
:10D5C0006960AA60EB60264610356445F5D13A687B
:10D5D0000E4B9A420FD17A680D4B9A420ED12C21F4
:10D5E0003846FFF7A7FFBB8D83420AD10020F8BD64
:10D5F0004FF0FF3070476FF00100F8E76FF0020066
:10D60000F5E76FF00300F2E700000E081127C1AD47
:10D610000A00010070B504460E4615462822002176
:10D62000083000F05DFE134B2360134B63603368DA
:10D63000A36033792373737963730026A673E6734B
:10D640002B6823616B686361AB68A361EB68E3617E
:10D650002B8A2384AB7C84F8223084F823606B69A6
:10D660006362A6622C212046FFF764FFA085E68551
:10D6700070BD00BF1127C1AD0A00010030B587B0F1
:10D680000023009368B30546F4F7AAFA0023019338
:10D690000B2303930123049302230593694601A8F6
:10D6A000F4F7B2FB70B900242F2C16D82A5D0023A2
:10D6B00004F1006101F560210020F4F7E3FA30B9CC
:10D6C0000134F1E7F4F7A4FA6FF0010003E0F4F796
:10D6D0009FFA6FF0020007B030BDF4F799FA00200E
:10D6E000F9E74FF0FF30F6E7F0B597B0002855D0D6
:10D6F0000C460546002954D00AA8FFF757FF0646F6
:10D7000078B9224629460AA8FFF730FF2846FFF7D6
:10D71000BBFEC8B1204600F09FF950B3304617B0A9
:10D72000F0BD08AF3846FFF7A3FE97E8030085E891
:10D730000300684600F06CF96D460FCD0FC495E804
:10D74000070084E80700E9E76E463046FFF790FEE1
:10D7500096E8030085E80300304600F059F93546A5
:10D760000FCD0FC495E8070084E807006FF00906A5
:10D77000D4E76E463046FFF77BFE96E8030085E867
:10D780000300304600F044F935460FCD0FC495E84C
:10D79000070084E807006FF00A06BFE74FF0FF3686
:10D7A000BCE74FF0FF36B9E7A8B130B58DB00C46F5
:10D7B000054699B1FFF768FE98B1204600F04CF994
:10D7C00090B1224629466846FFF724FF6846FFF7D6
:10D7D00055FF0DB030BD4FF0FF3070474FF0FF30B8
:10D7E000F7E76FF00100F4E76FF00200F1E7F8B13E
:10D7F00070B592B00646FFF747FE50B109A910A8D0
:10D80000FFF772FF40B909A93046FFF7CDFF12B00C
:10D8100070BD4FF0FF30FAE7684600F0F9F809AD47
:10D820006C460FCC0FC594E8070085E80700EAE7CF
:10D830004FF0FF30704740B100B583B001466846F5
:10D84000FFF752FF03B05DF804FB4FF0FF30704765
:10D85000E8B130B58DB0044600F0FEF850B103A930
:10D860000AA8FFF741FF40B921460AA8FFF79CFF2D
:10D870000DB030BD4FF0FF30FAE76D462846FFF798
:10D88000F7FD95E803000CAB03E90300ECE74FF06C
:10D89000FF30704708B5024601210248F4F7A5FCA5
:10D8A00008BD00BF0008024008B502460421024836
:10D8B000F4F79BFC08BD00BF0008024008B5024613
:10D8C00008210248F4F791FC08BD00BF000802409F
:10D8D00008B5024601210248F4F787FC08BD00BFE5
:10D8E0000000024008B50120FFF7D4FF0120FFF738
:10D8F000DBFF0120FFF7E2FF0120FFF7E9FF08BD92
:10D9000010B502280FD80446FFF7ECFF0520F4F706
:10D910004FFD012C19D0022C1BD04CB1FFF7E2FFB8
:10D920004FF0FF3010E0FFF7DDFF4FF0FF300BE06E
:10D930000020FFF7AFFF0120FFF7CAFF074B1C7065
:10D940003220F4F735FD002010BD0020FFF7ACFFBA
:10D95000F1E70020FFF7B2FFEDE700BF18F101206B
:10D9600003783BB943783BB983783BB9C3783BB183
:10D97000002070470020704700207047002070474B
:10D98000012070470378FF2B01D0002070474378B7
:10D99000FF2B01D0002070478378FF2B01D000209F
:10D9A0007047C378FF2B01D00020704701207047DB
:10D9B00038B50446FFF7D4FF58B905462046FFF7AF
:10D9C000E1FF38B9E378013BDBB2FD2B04D8012538
:10D9D00000E00025284638BD0546FBE7A0B130B57C
:10D9E00085B00C461146034604B10AB905B030BDF6
:10D9F00042788078DD780295019000921B78034A86
:10DA0000204600F0CDFCF1E7704700BF402E010832
:10DA100070B4C0250570A82444700A218170642266
:10DA2000C270FF220271427182710022C2710572BE
:10DA3000447281720126C672057344738173C821D2
:10DA4000C17342F2283101828674C27440F6B83143
:10DA50004161826170BC704770B580B30546FFF7C5
:10DA6000A7FF044670B32E1D3046FFF779FF04462A
:10DA700038BB3046FFF786FF064618BB05F10800A5
:10DA8000FFF796FF0446E8B105F10C00FFF790FFA1
:10DA90000446B8B12B8A013B9BB24FF6FD7293420C
:10DAA00012D8AB7C013BDBB2F62B0FD86B69A3F528
:10DAB000FA734EF66C0293420AD8012402E0002465
:10DAC00000E00024204670BD3446FBE73446F9E709
:10DAD0003446F7E720B108B50C30FFF77FFF08BDEB
:10DAE00070470369C268934204D88068801A03446F
:10DAF000581E70479B1A581E70472DE9F84304467C
:10DB000088461646C5688768A7EB0509914507D979
:10DB10004068284400F0BCFB3544E560BDE8F8836C
:10DB200040684A46284400F0B3FBED1B35442A46C2
:10DB300008EB0901606800F0ABFBE560EEE72DE95A
:10DB4000F843064688461746C5684FF0000918E0B6
:10DB5000641B621EB3685C1B944228BF1446BC421F
:10DB600028BF3C46706822464146284400F090FB9E
:10DB7000A144A0443F1B2544B368AB4209D0F560E3
:10DB80004FB13469A542E3D3B268641B1444621EEA
:10DB9000E0E70025F3E74846BDE8F883114B032290
:10DBA0001A615A6110499961104ADA614FF4806232
:10DBB0001A6200229A625A62DA6219660C49596640
:10DBC000102199661A67DA665A670A4A1068C3F81C
:10DBD0000700094A92E803001860998020229A7190
:10DBE000704700BFF4C302204C2E01082CF1012025
:10DBF0001CF10120582E01085C2E0108F8B50F46D3
:10DC00001646451C05EB4505164B03EBC50500EB19
:10DC1000400003EBC000C46A012C11D0022C1CD0C0
:10DC200014B100242046F8BD2846FFF75AFF86426B
:10DC3000F8D8324639462846FFF75FFF3446F1E709
:10DC40002846FFF74EFF3446864228BF0446224648
:10DC500039462846FFF751FFE4E72846FFF76FFFF4
:10DC60000446DFE7F4C30220F8B504460D46164625
:10DC7000094B1B786BB1EFF311874FF0200181F353
:10DC80001188324629462046FFF7B8FF87F31188EE
:10DC9000F8BDFFF783FFEEE7F4C3022038B5044672
:10DCA0000D460E4B1B789BB10C4B1B69A34212D93E
:10DCB000EFF311834FF0200181F3118804EB44044A
:10DCC000064800EBC404E56283F31188002038BDE8
:10DCD000FFF764FFE8E74FF0FF30F8E7F4C30220F6
:10DCE00008B5FFF75BFF08BD10B504468268531CFA
:10DCF0004068834205D820688154A360E3680133FB
:10DD0000E360A26863689A4200D010BD2168206970
:10DD1000FFF7AAFFA368984203D04FF0FF33E360F8
:10DD2000F3E70023A360F0E72DE9F84F81460F46A3
:10DD300015461E46DDF828A00B9A0B464FF0010849
:10DD4000AB4204D3B3FBF5F308F10108F8E7B045A3
:10DD500000D2B04612F0010B18D1BAF1000F15D065
:10DD600012F0020F02D0BEB1202400E02024BAF14C
:10DD7000000F0BD0C24509D90AF1FF3A21464846A7
:10DD8000FFF7B2FFD9F80C30002BF0DAD9F80C30DD
:10DD9000002B25DB012407E03024E8E7B7FBF4F390
:10DDA0009D4206D805FB04F4012EF7D9013EF9E7A0
:10DDB0001C46B7FBF4F304FB1377124AD15C4846C8
:10DDC000FFF792FFD9F80C30002B03DBB4FBF5F31F
:10DDD000AC42EDD2BBF1000F02D0BAF1000F01D17D
:10DDE000BDE8F88FBAF1000FFAD0C245F8D90AF1B0
:10DDF000FF3A20214846FFF777FFD9F80C30002B77
:10DE0000F0DAEDE7642E01082DE9F04F83B080468B
:10DE1000894616469A460C9FDDF834B081EAE174D3
:10DE2000A4EBE1740125A64203DC94FBF6F4013572
:10DE3000F9E7554500D2554637B1B9F1000F02DB7D
:10DE40001BF0040F00D0013F1BF0020F02D0BAF10B
:10DE5000000F03D01BF0010F00D1C7B9D8F80C3068
:10DE6000002B11DBB9F1000F1FDB1BF0040F23D1D6
:10DE7000D8F80C30002B07DB0BF00303022B20D06B
:10DE8000D8F80C30002B2FDA03B0BDE8F08F002F4C
:10DE9000E4D0AF42E2D9013F20214046FFF724FF02
:10DEA000D8F80C30002BF2DAD8E7C9F100092D219F
:10DEB0004046FFF719FFDBE72B214046FFF714FF31
:10DEC000D6E7BAF1000FDBD1002FD9D0002FD7D081
:10DED000AF42D5D9013F30214046FFF705FFD8F8C2
:10DEE0000C30002BF2DACBE7CDF804B000975346A4
:10DEF000324649464046FFF717FFC5E72DE9F04394
:10DF00002DED028B99B007460C46164603AB1393D2
:10DF100040231493002315931790169397E0002540
:10DF2000012211E045F0010501340CE045F0020545
:10DF3000013408E045F00405013404E045F008052B
:10DF4000013400E000221AB32378233B0D2BF9D8CB
:10DF500001A151F823F000BF3DDF000845DF0008B4
:10DF600045DF000845DF000845DF000845DF000801
:10DF700045DF000845DF000835DF000845DF000801
:10DF800025DF000845DF000845DF00082DDF000819
:10DF90004FF000082378A3F13002D2B2092A07D843
:10DFA000013408EB880803EB4803A3F13008F1E7DC
:10DFB0002E2B03D04FF00009237812E001344FF0EC
:10DFC00000092378A3F13002D2B2092AF4D801342F
:10DFD00009EB890903EB4909A9F13009F1E714F8C4
:10DFE000013F6C2BFBD0682BF9D0252B7ED029D399
:10DFF000782B27D8462B25D3463B322B22D8DFE877
:10E0000003F07A21212121212121212121212121F6
:10E01000212121214C212121212121212121211ACC
:10E0200032217A21212121212121212168212159F7
:10E03000213F21214C0033681A1D3260197813A842
:10E04000FFF752FE0134169B002BC0F29C8014F89F
:10E05000011B002900F0978025293FF460AF13A829
:10E06000FFF742FEEFE733681A1D32601968019529
:10E07000CDF800804B460A2213A8FFF7C5FEE1E762
:10E0800033681A1D326019680195CDF800804B463F
:10E090000A2213A8FFF748FED4E733681A1D32603E
:10E0A00019680195CDF800804B46102213A8FFF7A0
:10E0B0003BFEC7E733681A1D32601D6815F8011B67
:10E0C0000029BFD013A8FFF70FFE169B002BF5DA2F
:10E0D000B8E733681A1D32601968002301930823DA
:10E0E0000093102213A8FFF71FFEABE7252113A80A
:10E0F000FFF7FAFDA6E73368073323F0070303F1C0
:10E1000008023260D3E90001F2F7C2F808EE100A03
:10E11000B5EEC08AF1EE10FA30D4FDEEC87A17EEF3
:10E12000901A0195CDF800804B460A220029B8BF0D
:10E13000494213A8FFF768FE2E2113A8FFF7D4FD6C
:10E14000DFED1B7A28EE278ABDEEC88A18EE100A8A
:10E150000028B8BF4042174B83FB0023C117C1EB17
:10E16000A3110195CDF8008003230A224FF47A759C
:10E1700005FB110113A8FFF747FE63E72D2113A844
:10E18000FFF7B2FDC9E7169B002B05DD159A4AB9CA
:10E19000159A169B13441693169819B0BDEC028B72
:10E1A000BDE8F08303A93846FFF75EFDF0E700BF46
:10E1B00000007A44D34D62100EB400B582B003ABB8
:10E1C00053F8041B019301AAFFF798FE02B05DF813
:10E1D00004EB03B070470000DFF834D0F5F7DEF948
:10E1E0000C480D490D4A002302E0D458C4500433B2
:10E1F000C4188C42F9D30A4A0A4C002301E0136088
:10E200000432A242FBD300F011F8F2F717FE704778
:10E210000000032000000020C8000020EC2F0108AF
:10E22000C8000020ACC40220FEE7000070B50D4D10
:10E230000D4C641BA4100026A64209D10B4D0C4CBA
:10E2400001F02EFA641BA4100026A64205D170BD71
:10E2500055F8043B98470136EEE755F8043B9847DC
:10E260000136F2E7E42F0108E42F0108E42F01084A
:10E27000E82F010830B501390024A24201D1002065
:10E2800005E0035D01340D5DAB42F6D0581B30BD97
:10E290000A44914200F1FF3300D1704710B511F8E4
:10E2A000014B03F8014F9142F9D110BD884210B5DE
:10E2B00001EB020402D98442234607D8431EA1423F
:10E2C00008D011F8012B03F8012FF8E702440146AA
:10E2D0008A4200D110BD13F8014D02F8014DF7E755
:10E2E00002440346934200D1704703F8011BF9E74B
:10E2F0000FB40A4B13B51C6824B1A36913B92046A7
:10E3000000F0F8F805AB049AA1680193204600F0EC
:10E31000DBFB02B0BDE8104004B070476400002091
:10E32000174B10B51C68A36BB3B9182000F094F913
:10E33000A06328B90246134B13484E2100F064F83D
:10E34000124A134BC0E90023124B83600B238381D5
:10E3500001220023C0E90423A16B0F480A694B691D
:10E360000E4C504304FB0300A2FB04345A1C04442B
:10E3700044F10000C1E9042020F0004010BD00BFBE
:10E3800064000020782E01088F2E01080E33CDABDB
:10E3900034126DE6ECDE05002DF451582D7F954CBE
:10E3A0000CB430B5174B0C1E1D689DB008DA8B23DA
:10E3B0002B604FF0FF301DB0BDE8304002B0704719
:10E3C0004FF40273ADF8143014BF04F1FF33234649
:10E3D000049307934FF6FF7302900690ADF8163042
:10E3E000209A21AB02A92846019300F043FA431C6E
:10E3F000BCBF8B232B60002CDDD0029B00221A7047
:10E40000D9E700BF640000201FB514461A46094B27
:10E410001B680546D8684CB1074B0091CDE9013423
:10E4200006492B4600F0E4F800F038FF044B1C4688
:10E43000F3E700BF640000200B2F0108182F01082C
:10E44000462F0108002310B50446C0E90033C0E997
:10E450000433836081814366C28183611946082247
:10E460005C30FFF73DFF054B6362054BA362054B34
:10E47000E362054B2462236310BD00BF71F0000806
:10E4800093F00008CBF00008EFF00008014900F01D
:10E49000C1B800BFD9F3000870B54A1E68255543BE
:10E4A0000E4605F1740100F02FF9044640B1002139
:10E4B000C0E900160C30A06005F16802FFF710FFFC
:10E4C000204670BD014800F0C5B800BFA8C40220B6
:10E4D000014800F0C0B800BFA8C40220014800F005
:10E4E000B9B800BFA3C40220014800F0B4B800BF0F
:10E4F000A3C4022010B50446FFF7F0FFA3691BB1C7
:10E50000BDE81040FFF7F0BFC4E912332365134B99
:10E51000134A1B68A262A34204BF0123A3612046E1
:10E5200000F020F86060204600F01CF8A060204653
:10E5300000F018F80022E06004216068FFF782FF15
:10E54000A06801220921FFF77DFFE0680222122165
:10E55000FFF778FF0123A361D2E700BF742E010803
:10E560008DE40008F8B50746FFF7ACFF1E4B1E68A8
:10E57000B36913B93046FFF7BDFF4836D6E9013419
:10E58000013B03D533680BB33668F7E7B4F90C5099
:10E59000D5B9164BE36004F15800656600F059F8F0
:10E5A000FFF796FFC4E90155C4E904552560A5614C
:10E5B0000822294604F15C00FFF792FEC4E90D55DC
:10E5C000C4E912552046F8BD6834D9E7042138461D
:10E5D000FFF762FF044630600028D5D1FFF778FFCF
:10E5E0000C233B60EEE700BF742E01080100FFFF23
:10E5F0000EB403B5014603AB054853F8042B00687D
:10E60000019300F061FA02B05DF804EB03B07047CB
:10E61000640000202DE9F8430646884600F14804CE
:10E620000027D4E90195B9F1010905D52468002C2A
:10E63000F7D13846BDE8F883AB89012B07D9B5F986
:10E640000E30013303D029463046C04707436835B2
:10E65000E9E7704770477047024B0146186800F0C1
:10E6600053B800BF6400002037B5002948D051F8E6
:10E67000043C0190002BA1F10404B8BFE41800F0A1
:10E680005DFF204A01981368154633B96360146032
:10E6900003B0BDE8304000F057BFA3420BD921685A
:10E6A0006218934204BF1A685B68636004BF521823
:10E6B00022602C60ECE71A465B680BB1A342FAD9E2
:10E6C00011685518A5420BD1246821445418A3425F
:10E6D0001160DDD11C685B68536021441160D7E78D
:10E6E00002D90C230360D3E7256861198B4204BF6C
:10E6F00019685B68636004BF491921605460C7E70B
:10E7000003B030BD2CF50120F8B5CD1C25F0030574
:10E7100008350C2D38BF0C25002D064601DBA9421B
:10E7200003D90C2333600020F8BD00F007FF214916
:10E730000A6814469CB9204F3B6823B921463046ED
:10E7400000F086FC38602946304600F081FC431C0E
:10E7500023D10C233360304600F0F6FEE3E7236854
:10E760005B1B17D40B2B03D923601C44256004E0EA
:10E770006368A2420CBF0B605360304600F0E4FEB9
:10E7800004F10B00231D20F00700C21ACCD01B1A85
:10E79000A350C9E722466468CCE7C41C24F00304F4
:10E7A000A042E3D0211A304600F052FC0130DDD106
:10E7B000CFE700BF2CF5012030F501202DE9F0470F
:10E7C0008E689E4282460C4690461F4638D88A89FB
:10E7D00012F4906F32D025680969A5EB01096569CB
:10E7E00005EB450505EBD57501334B446D109D4296
:10E7F00038BF1D46530531D52946FFF785FF06462C
:10E8000050B90C23CAF80030A38943F04003A38118
:10E810004FF0FF30BDE8F08721694A46FFF738FD29
:10E82000A38923F4906343F08003A381266165618B
:10E830004E44A5EB09052660A5603E46BE4200D9C0
:10E840003E46324620684146FFF730FDA368226805
:10E850009B1B3244A36022600020DBE72A4600F0C5
:10E8600079FE06460028E1D121695046FFF7FCFEFB
:10E87000C7E700002DE9F04F98468B891B069DB035
:10E8800007460D4614460ED50B6963B94021FFF7C4
:10E890003BFF2860286120B90C233B604FF0FF301C
:10E8A000D1E040236B610023099320238DF82930A8
:10E8B000CDF80C803023DFF8A8818DF82A304FF096
:10E8C000010923469A4613F8012B0AB1252AF9D1EA
:10E8D000BAEB040B0BD05B46224629463846FFF7BD
:10E8E0006DFF013000F0AA80099A5A4409929AF803
:10E8F0000030002B00F0A28000234FF0FF32CDE962
:10E9000005230AF1010A049307938DF853301A93F3
:10E910005446052214F8011B5148F1F769FC049A8A
:10E92000D8B9D00644BF20238DF85330110744BF17
:10E930002B238DF853309AF800302A2B15D0079AE4
:10E94000544600204FF00A0C214611F8013B303BA1
:10E95000092B4ED9B0B1079214E0A0EB080309FAD5
:10E9600003F313430493A246D2E7039B191D1B68CC
:10E970000391002BBBBF5B4242F002020793079357
:10E98000B8BF049223782E2B0CD163782A2B35D173
:10E99000039B1A1D1B680392002BB8BF4FF0FF3377
:10E9A00002340593DFF8C8A0217803225046F1F71E
:10E9B0001FFC40B14023A0EB0A0003FA00F0049BC7
:10E9C00003430134049314F8011B26488DF82810E2
:10E9D0000622F1F70DFC002838D0234B1BBB039B0C
:10E9E000073323F0070308330393099B3344099348
:10E9F00067E70CFB02320C460120A5E70023013437
:10EA0000059319464FF00A0C204610F8012B303AB6
:10EA1000092A03D9002BC5D00591C3E70CFB0121BE
:10EA200004460123F0E703AB00932A460F4B04A9E9
:10EA30003846AFF30080421C0646D6D1AB895B0650
:10EA40003FF52CAF09981DB0BDE8F08F03AB0093E4
:10EA50002A46064B04A9384600F0D4F9EBE700BF7C
:10EA6000A82F0108B22F010800000000BDE7000830
:10EA7000AE2F01089368013B002B10B4936008DAB5
:10EA80009469A34201DB0A2903D15DF8044B00F02D
:10EA900033BB1368581C1060197008465DF8044BAE
:10EAA0007047F8B506460F461446D518AC4201D15A
:10EAB000002007E014F8011B3A463046FFF7DAFF62
:10EAC000431CF3D1F8BD00002DE9F04F0D469DB079
:10EAD00014469846064618B183690BB9FFF70AFD3C
:10EAE000894B9D421BD175686B6ED90705D4AB89E4
:10EAF0009A0502D4A86DFFF7ADFDAB891B0701D5C0
:10EB00002B69EBB92946304600F05AFBC0B16B6E59
:10EB1000DC070ED54FF0FF301DB0BDE8F08F7B4B0A
:10EB20009D4201D1B568DFE7794B9D4208BFF5688A
:10EB3000DAE7AB899805EDD4A86DFFF78CFDE9E71E
:10EB40000023099320238DF82930CDF80C80302341
:10EB5000DFF8C0818DF82A304FF0010923469A462C
:10EB600013F8012B0AB1252AF9D1BAEB040B0BD00B
:10EB70005B46224629463046FFF793FF013000F0FE
:10EB8000AA80099A5A4409929AF80030002B00F0A2
:10EB9000A28000234FF0FF32CDE905230AF1010ADC
:10EBA000049307938DF853301A935446052214F8B2
:10EBB000011B5848F1F71CFB049AD8B9D10644BF91
:10EBC00020238DF85330130744BF2B238DF8533087
:10EBD0009AF800302A2B15D0079A544600204FF09F
:10EBE0000A0C214611F8013B303B092B4ED9B0B13C
:10EBF000079214E0A0EB080309FA03F3134304930C
:10EC0000A246D2E7039B191D1B680391002BBBBFD3
:10EC10005B4242F0020207930793B8BF0492237845
:10EC20002E2B0CD163782A2B35D1039B1A1D1B6820
:10EC30000392002BB8BF4FF0FF3302340593DFF887
:10EC4000E4A0217803225046F1F7D2FA40B14023E4
:10EC5000A0EB0A0003FA00F0049B03430134049381
:10EC600014F8011B2C488DF828100622F1F7C0FA81
:10EC700000283FD0294B1BBB039B073323F007031E
:10EC800008330393099B3B44099367E70CFB02326B
:10EC90000C460120A5E700230134059319464FF0E7
:10ECA0000A0C204610F8012B303A092A03D9002B10
:10ECB000C5D00591C3E70CFB012104460123F0E711
:10ECC00003AB00932A46164B04A93046AFF30080ED
:10ECD0000746781CD6D16B6ED90705D4AB899A0547
:10ECE00002D4A86DFFF7B7FCAB895B063FF512AF06
:10ECF000099811E703AB00932A46094B04A9304653
:10ED000000F080F8E4E700BF682F0108882F0108B1
:10ED1000482F0108A82F0108B22F010800000000A9
:10ED2000A3EA0008AE2F01082DE9F04716469946E0
:10ED30008A680B69DDF820809342B8BF13463360C0
:10ED400091F8432007460C460AB10133336023682B
:10ED5000990642BF336802333360256815F0060513
:10ED600006D104F1190AE36832689B1AAB4226DC2B
:10ED700094F84320131E226818BF012392062BD457
:10ED800004F1430249463846C04701301ED023688B
:10ED9000E568326803F00603042B08BFAD1AA368C8
:10EDA00022690CBF25EAE57500259342C4BF9B1A72
:10EDB000ED1800261A34B5421AD1002008E00123CC
:10EDC000524649463846C047013003D14FF0FF3024
:10EDD000BDE8F0870135C6E7E1185A1C302081F8FC
:10EDE0004300224494F8451082F843100233C7E7E9
:10EDF0000123224649463846C0470130E6D0013655
:10EE0000D9E700002DE9FF470C469146277E0C9973
:10EE1000782F80469A4604F1430207D8622F0AD819
:10EE2000002F00F0D880582F00F0A38004F1420694
:10EE300084F842703AE0A7F16303152BF6D801A0DD
:10EE400050F823F09DEE0008B1EE00082DEE00080A
:10EE50002DEE00082DEE00082DEE0008B1EE0008A2
:10EE60002DEE00082DEE00082DEE00082DEE000816
:10EE7000BDEF0008E1EE00089FEF00082DEE00084E
:10EE80002DEE0008DFEF00082DEE0008E1EE00088F
:10EE90002DEE00082DEE0008A7EF00080B681A1DE4
:10EEA0001B680A6004F1420684F842300123A3E0A3
:10EEB000256808682E0600F104030AD505680B6072
:10EEC000002D03DA2D236D4284F843305E480A2377
:10EED00019E015F0400F05680B6018BF2DB2EFE781
:10EEE0000B682568181D0860280601D51D6802E01A
:10EEF0006906FBD51D8854486F2F0CBF08230A23D1
:10EF0000002184F843106668A660002EA2BF216825
:10EF100021F0040121600DB9002E4DD01646B5FB3D
:10EF2000F3F103FB1157C75D06F8017D2F46BB4285
:10EF30000D46F4D9082B0BD12368DF0708D52369C8
:10EF400061689942DEBF302306F8013C06F1FF36C6
:10EF5000921B2261CDF800A04B4603AA21464046F1
:10EF6000FFF7E2FE01304CD14FF0FF3004B0BDE8B6
:10EF7000F087354884F8457023680E681F0656F8F8
:10EF8000045B0E6014D5D90744BF43F0200323600F
:10EF90001DB9236823F0200323601023B0E7236802
:10EFA00043F0200323607823284884F84530E3E7C2
:10EFB0005E0648BFADB2E6E71646BBE70B682668BB
:10EFC00060691D1D0D6035061B6801D5186002E0E3
:10EFD0007106FBD51880002323611646BAE70B683B
:10EFE0001A1D0A601E68626800213046F1F700F9B8
:10EFF00008B1801B606063682361002384F843309C
:10F00000A8E72369324649464046D0470130ABD095
:10F0100023689B0713D4E068039B9842B8BF184647
:10F02000A4E70123324649464046D04701309BD0F1
:10F030000135E36803995B1AAB42F2DCEBE700258C
:10F0400004F11906F5E700BFB92F0108CA2F01081E
:10F0500038B5064D0023044608462B60F4F7A8FA9D
:10F06000431C02D12B6803B1236038BD9CC402202D
:10F0700010B50C46B1F90E1000F092FA0028ABBFA3
:10F08000636DA3891B1823F48053ACBF6365A38110
:10F0900010BD2DE9F0411F468B89DB0505460C4666
:10F0A000164605D5B1F90E100223002200F0D0F962
:10F0B000A389B4F90E1023F48053A38132463B4652
:10F0C0002846BDE8F04100F069B810B50C46B1F92A
:10F0D0000E1000F0BDF9431CA38915BF606523F431
:10F0E000805343F48053A38118BFA38110BDB1F9AD
:10F0F0000E1000F0DBB80000F8B50E4614460546C9
:10F1000018B183690BB9FFF7F5F9214B9C422BD15C
:10F110006C68A369A360A3891A072FD523696BB311
:10F1200023692068C01A6369F6B28342374604DC5B
:10F130002146284600F050F930BBA368013BA3608C
:10F1400023685A1C22601E7063690130834204D018
:10F15000A389DB0706D50A2E04D12146284600F0F4
:10F160003BF988B93846F8BD0A4B9C4201D1AC68DE
:10F17000CFE7094B9C4208BFEC68CAE72146284606
:10F1800000F01EF80028CBD04FF0FF37EAE700BFB1
:10F19000682F0108882F0108482F010838B5074D4E
:10F1A00004460846114600222A601A46F4F746FA39
:10F1B000431C02D12B6803B1236038BD9CC40220DC
:10F1C000324B70B51D6806460C4625B1AB6913B9C4
:10F1D0002846FFF78FF92E4B9C420FD16C68A3890C
:10F1E000B4F90C2019072CD4DD0611D4092333609F
:10F1F00042F04003A3814FF0FF303EE0254B9C429C
:10F2000001D1AC68EBE7244B9C4208BFEC68E6E711
:10F21000580712D5616B41B104F14403994202D001
:10F220003046FFF721FA00236363A38923F0240308
:10F23000A3810023636023692360A38943F008034B
:10F24000A38123694BB9A38903F42073B3F5007F2D
:10F2500003D02146304600F031F9A089B4F90C20E2
:10F2600010F001030AD00023A36063695B42A3612D
:10F27000236943B910F08000BAD170BD810758BF2F
:10F280006369A360F4E70020F7E700BF6400002093
:10F29000682F0108882F0108482F010808B50620AB
:10F2A00000F0B8F90120F4F7B3F9000038B5064DC5
:10F2B0000023044608462B60F4F7CEF9431C02D124
:10F2C0002B6803B1236038BD9CC402208A892DE9D4
:10F2D000F041054610070C4658D44B68002B05DC5E
:10F2E0000B6C002B02DC0020BDE8F081E66A002EEA
:10F2F000F9D0002312F480522F682B6032D0606D59
:10F30000A3895A0705D56368C01A636B0BB1236CD8
:10F31000C01A00230246E66A216A2846B047431C09
:10F32000A38906D129681D292CD82A4ACA40D607A4
:10F3300028D500226260D9042269226004D5421CCB
:10F3400001D12B6803B96065616B2F600029CAD0B9
:10F3500004F14403994202D02846FFF785F90020C2
:10F360006063C1E7216A01232846B047411CC7D129
:10F370002B68002BC4D01D2B01D0162B01D12F6080
:10F38000B1E7A38943F04003A381ADE70F69002FE4
:10F39000A9D093070E6808BF4B690F6018BF002300
:10F3A000A6EB07088B60B8F1000F9CDD216AA66A06
:10F3B00043463A462846B047002806DCA38943F076
:10F3C0004003A3814FF0FF308EE70744A8EB00080D
:10F3D000E9E700BF0100402038B50B6905460C463F
:10F3E00013B90025284638BD18B183690BB9FFF75A
:10F3F00081F8144B9C421BD16C68B4F90C30002B83
:10F40000EFD0626ED00704D4990502D4A06DFFF747
:10F4100021F928462146FFF759FF636EDA070546B2
:10F42000E0D4A3899B05DDD4A06DFFF714F9D9E7DB
:10F43000054B9C4201D1AC68DFE7044B9C4208BFFE
:10F44000EC68DAE7682F0108882F0108482F0108C7
:10F4500038B5074D04460846114600222A601A4670
:10F46000F4F704F9431C02D12B6803B1236038BDC3
:10F470009CC4022070B50E46B1F90E10002996B05A
:10F4800014461D4607DA00232B60B3891A0610D4F0
:10F490004FF480630EE06A4600F0D8F80028F2DBF3
:10F4A000019A02F47042A2F500535A425A412A606E
:10F4B000EEE740230020236016B070BD8B8973B542
:10F4C0009D0706460C4607D504F1470323602361D8
:10F4D0000123636102B070BD01AB6A46FFF7CAFF4A
:10F4E000009905463046FFF70FF948B9B4F90C30DA
:10F4F0009A05EFD423F0030343F00203A381E3E76B
:10F500000D4BB362A389206043F08003A381009B6D
:10F510006361019B20615BB1B4F90E10304600F0CD
:10F52000A7F828B1A38923F0030343F00103A381C3
:10F53000A0890543A581CDE78DE400080148FFF7C8
:10F5400089B800BFA4C402200148FFF784B800BFF7
:10F55000A4C40220F8B5074614460E4621B9BDE8FA
:10F56000F8401146FFF7D0B822B9FFF77DF82546DD
:10F570002846F8BD00F08CF8A0420FD2214638464C
:10F58000FFF7C2F805460028F2D031462246FEF7C2
:10F590007FFE31463846FFF767F8E9E73546E7E78B
:10F5A00038B5074D04460846114600222A601A461F
:10F5B000F4F734F8431C02D12B6803B1236038BD43
:10F5C0009CC402201F2938B504460D4604D91623D1
:10F5D00003604FF0FF3038BD426C12B152F8213059
:10F5E0004BB9204600F030F82A4601462046BDE8D7
:10F5F000384000F017B8012B0AD0591C03D116234C
:10F6000003600120E7E7002442F825402846984798
:10F610000020E0E7024B01461868FFF7D3BF00BFA8
:10F620006400002038B5074D002304460846114603
:10F630002B60F3F7E5FF431C02D12B6803B1236075
:10F6400038BD00BF9CC40220F3F7D8BF38B5074DC2
:10F6500000230446084611462B60F4F700F8431CCB
:10F6600002D12B6803B1236038BD00BF9CC40220C7
:10F6700038B5064D0023044608462B60F3F7F4FF27
:10F68000431C02D12B6803B1236038BD9CC4022007
:10F6900051F8043C181F002BBCBF0B58C018704712
:10F6A000F8B500BFF8BC08BC9E467047F8B500BF6F
:08F6B000F8BC08BC9E4670473F
:10F6B8000000000000000000556E6B6E6F776E0052
:10F6C80031304D2046756C6C000000003130304DF3
:10F6D8002048616C660000003130304D2046756C62
:10F6E8006C00000031304D2048616C66000000005D
:10F6F8005B4F4B5D20000000466C6173685061727F
:10F70800616D206C6F61643A2066733D256C752CC1
:10F7180020626974733D25752C2072616E67653DA2
:10F72800257500000D0A00004E6574506172616D08
:10F73800206C6F61643A206465763D25752C206CD9
:10F748006F63616C3D25752E25752E25752E2575E3
:10F758002C206D61736B3D25752E25752E25752E14
:10F7680025752C2067773D25752E25752E25752E38
:10F7780025752C207365727665723D25752E257565
:10F788002E25752E25753A25752C207265636F6EAA
:10F798006E6563743D256C756D7300004C77495038
:10F7A800206E657469663A2075703D256C752C204D
:10F7B8006C696E6B3D256C75000000000D0A0D0A22
:10F7C800000000004C7749502061646472657373CF
:10F7D800206170706C793A206C6F63616C3D25759F
:10F7E8002E25752E25752E2575206D61736B3D258B
:10F7F800752E25752E25752E25752067773D25755F
:10F808002E25752E25752E25750000004C414E3885
:10F81800373230412073656C66746573743A2061C1
:10F828006464723D25752C204944313D307825307B
:10F8380034582C204944323D3078253034582C2017
:10F848006C696E6B3D55502C2073706565643D2561
:10F85800730000005B4641494C5D20004C414E3826
:10F86800373230412073656C66746573743A205082
:10F87800485920666F756E6420627574206C696ED5
:10F888006B206E6F742072656164792C20616464EA
:10F89800723D25752C204253523D3078253034581E
:10F8A8002C205350454349414C3D3078253034583D
:10F8B8002C2073706565643D257300004C414E38FB
:10F8C800373230412073656C66746573743A205022
:10F8D8004859206E6F7420666F756E6420627920B7
:10F8E8004D44494F2F4D4443000000004572726F4C
:10F8F800725F48616E646C657220656E74657265CE
:10F90800640000005243432D3E43523D3078253079
:10F91800386C58205243432D3E434647523D307879
:10F928002530386C58205243432D3E504C4C4346AA
:10F9380047523D30782530386C58000048414C5FBC
:10F948005243435F4F7363436F6E66696720666116
:10F95800696C65640000000048414C5F5243435F96
:10F96800436C6F636B436F6E666967206661696C91
:10F97800656400005B494E464F5D2000424F4F547E
:10F988000000000048414C5F496E697400000000A7
:10F9980053797374656D436C6F636B5F436F6E6609
:10F9A800696700004750494F20696E69740000007C
:10F9B80045544820524D4949204750494F2F436CE0
:10F9C8006F636B20666F7263650000004C414E38B0
:10F9D800373230412072657365742070696E207506
:10F9E8006E646566696E65643A20636865636B205A
:10F9F8004554485F52455345545F50696E20696EBF
:10FA0800206D61696E2E68004C414E3837323041A6
:10FA180020726573657400005350493420696E691B
:10FA28007400000054494D3320696E697400000069
:10FA38004C77495020696E6974000000455448208D
:10FA48004D41432073746172742C20737461747512
:10FA5800733D256400000000455448204D41432073
:10FA68007374617274206661696C65642C207374A8
:10FA7800617475733D25640052616E6765437472E5
:10FA88006C20736574206661696C65642C207261F2
:10FA98006E67653D2575000052616E676543747237
:10FAA8006C2073657400000041646353747265616F
:10FAB8006D20696E697400004144533132374C310E
:10FAC8003120696E6974206661696C6564000000A4
:10FAD8004144533132374C313120696E697400002A
:10FAE8004144432054435020616374697665206320
:10FAF8006C69656E7420696E69740000456E746582
:10FB080072207768696C65283129000000000000C0
:10FB18000000000001020304060708094C57495079
:10FB28002F5461726765742F65746865726E6574A9
:10FB380069662E63000000006E6574696620213DC9
:10FB4800204E554C4C000000417373657274696F08
:10FB58006E2022257322206661696C6564206174B9
:10FB6800206C696E6520256420696E2025730A0063
:10FB780020060C0078F60120EC0000204D69646432
:10FB88006C6577617265732F54686972645F506140
:10FB98007274792F4C7749502F7372632F6E657486
:10FBA80069662F65746865726E65742E630000005F
:10FBB8006E657469662D3E6877616464725F6C6512
:10FBC8006E206D757374206265203620666F722012
:10FBD80065746865726E65745F6F7574707574218D
:10FBE80000000000FFFFFFFFFFFF00000000000013
:10FBF800000000004D6964646C6577617265732F5D
:10FC080054686972645F50617274792F4C774950F7
:10FC18002F7372632F636F72652F6D656D2E63008E
:10FC2800706C75675F686F6C65733A206D656D20E1
:10FC38003E3D2072616D0000706C75675F686F6C87
:10FC480065733A206D656D203C2072616D5F656E4D
:10FC580064000000706C75675F686F6C65733A20AC
:10FC68006D656D2D3E75736564203D3D2030000047
:10FC7800706C75675F686F6C65733A206D656D2D84
:10FC88003E6E657874203C3D204D454D5F53495A82
:10FC9800455F414C49474E45440000006D656D5F26
:10FCA800667265653A2073616E6974792063686568
:10FCB800636B20616C69676E6D656E74000000008F
:10FCC8006D656D5F667265653A20696C6C65676124
:10FCD8006C206D656D6F7279000000006D656D5F59
:10FCE800667265653A20696C6C6567616C206D6544
:10FCF8006D6F72793A20646F75626C652066726503
:10FD0800650000006D656D5F667265653A20696C17
:10FD18006C6567616C206D656D6F72793A206E6FE6
:10FD28006E2D6C696E6B65643A20646F75626C65E4
:10FD380020667265650000006D656D5F7472696D9F
:10FD48003A206C6567616C206D656D6F7279000093
:10FD58006D656D5F7472696D2063616E206F6E6C86
:10FD68007920736872696E6B206D656D6F727900AA
:10FD7800696E76616C6964206E657874207074723F
:10FD8800000000006D656D5F6D616C6C6F633A20FB
:10FD9800216C667265652D3E757365640000000010
:10FDA8006D656D5F6D616C6C6F633A20616C6C6F33
:10FDB8006361746564206D656D6F7279206E6F7410
:10FDC8002061626F76652072616D5F656E642E00DA
:10FDD8006D656D5F6D616C6C6F633A20616C6C6F03
:10FDE8006361746564206D656D6F72792070726FE0
:10FDF8007065726C7920616C69676E65642E0000AD
:10FE08006D656D5F6D616C6C6F633A2073616E69CF
:10FE1800747920636865636B20616C69676E6D65D2
:10FE28006E7400004D6964646C6577617265732F48
:10FE380054686972645F50617274792F4C774950C5
:10FE48002F7372632F636F72652F6D656D702E63EC
:10FE5800000000006D656D705F6D616C6C6F633ADA
:10FE6800206D656D702070726F7065726C7920619D
:10FE78006C69676E656400006D656D705F667265BC
:10FE8800653A206D656D2070726F7065726C7920AF
:10FE9800616C69676E656400696E76616C6964207F
:10FEA800706F6F6C20646573630000006D656D7022
:10FEB8005F6D616C6C6F633A2074797065203C20CB
:10FEC8004D454D505F4D4158000000006D656D7007
:10FED8005F667265653A2074797065203C204D45EF
:10FEE8004D505F4D4158000018000F0028B80220FF
:10FEF800FC0000201000600094B9022000010020DE
:10FF080004060800048802200401002020000500DF
:10FF18000CC00220080100201000030098C3022032
:10FF28000C0100209800040034C1022010010020B8
:10FF38001C00040098BF022014010020100060007B
:10FF4800008202201801002020000400B0C0022016
:10FF58001C01002050FF00082CFF000838FF000893
:10FF680044FF000814FF0008F0FE000820FF000806
:10FF7800FCFE000808FF00084D6964646C65776141
:10FF88007265732F54686972645F50617274792F57
:10FF98004C7749502F7372632F636F72652F6E65AC
:10FFA8007469662E630000006E657469665F697324
:10FFB8007375655F7265706F7274733A20696E76D7
:10FFC800616C6964206E657469660000696E7661AB
:10FFD8006C696420706F696E746572006E6574690F
:10FFE800665F6164643A20696E76616C6964206E4C
:08FFF800657469660000000059
:020000040801F1
:100000006E657469665F6164643A204E6F20696E44
:1000100069742066756E6374696F6E2067697665B2
:100020006E0000006E6574696620616C72656164C3
:100030007920616464656400746F6F206D616E790E
:10004000206E65746966732C206D61782E2073753F
:1000500070706F72746564206E756D626572206970
:1000600073203235350000006E657469665F736514
:10007000745F75703A20696E76616C6964206E6594
:10008000746966006E657469665F7365745F646F3A
:10009000776E3A20696E76616C6964206E6574696A
:1000A000660000006E657469665F7365745F6C69F5
:1000B0006E6B5F75703A20696E76616C6964206E54
:1000C00065746966000000004D6964646C65776161
:1000D0007265732F54686972645F50617274792F0E
:1000E0004C7749502F7372632F636F72652F706264
:1000F00075662E63000000007020213D204E554C97
:100100004C000000696E76616C69642070627566EF
:100110005F74797065000000696E6372656D656E6D
:10012000745F6D61676E6974756465203C3D207015
:100130002D3E6C656E000000706275665F667265CC
:10014000653A20702D3E726566203E20300000002A
:1001500070632D3E637573746F6D5F667265655F66
:1001600066756E6374696F6E20213D204E554C4C50
:1001700000000000696E76616C69642070627566CB
:100180002074797065000000706275665F616C6C48
:100190006F633A207062756620712D3E7061796CD4
:1001A0006F61642070726F7065726C7920616C6928
:1001B000676E656400000000504255465F504F4F27
:1001C0004C5F42554653495A45206D757374206201
:1001D0006520626967676572207468616E204D45AD
:1001E0004D5F414C49474E4D454E54007062756617
:1001F0005F616C6C6F633A20706275662D3E706152
:10020000796C6F61642070726F7065726C792061B7
:100210006C69676E65640000706275665F616C6C26
:100220006F633A206572726F6E656F7573207479B3
:1002300070650000706275665F7265616C6C6F63FB
:100240003A207020213D204E554C4C00706275665E
:100250005F7265616C6C6F633A207120213D204EA6
:10026000554C4C006D656D5F7472696D20726574DC
:1002700075726E65642071203D3D204E554C4C00DA
:100280007062756620726566206F766572666C6F47
:1002900077000000286820213D204E554C4C292035
:1002A000262620287420213D204E554C4C292028FC
:1002B00070726F6772616D6D65722076696F6C61C7
:1002C000746573204150492900000000702D3E7470
:1002D0006F745F6C656E203D3D20702D3E6C656EC9
:1002E00020286F66206C61737420706275662069C7
:1002F0006E20636861696E2900000000702D3E6EFB
:10030000657874203D3D204E554C4C0070627566FA
:100310005F636F70793A20746172676574206E6FE5
:10032000742062696720656E6F75676820746F203E
:10033000686F6C6420736F75726365006F666673B7
:1003400065745F746F203C3D20705F746F2D3E6C50
:10035000656E00006F66667365745F66726F6D2010
:100360003C3D20705F66726F6D2D3E6C656E0000C7
:10037000705F746F20213D204E554C4C00000000F2
:10038000706275665F636F7079282920646F65738A
:10039000206E6F7420616C6C6F77207061636B6589
:1003A0007420717565756573210000007062756653
:1003B0005F636F70795F7061727469616C3A206914
:1003C0006E76616C696420627566000070627566A5
:1003D0005F636F70795F7061727469616C3A2069F4
:1003E0006E76616C6964206461746170747200007F
:1003F000706275665F636F7079206661696C6564B1
:10040000000000004D6964646C6577617265732F4C
:1004100054686972645F50617274792F4C774950E7
:100420002F7372632F636F72652F7463702E630076
:100430007463705F72656D6F76655F6C6973746508
:100440006E65723A20696E76616C6964206C6973BE
:1004500074656E657200000070636220213D204E5D
:10046000554C4C007063622D3E7374617465203D81
:100470003D204C495354454E000000007463705FAA
:10048000667265655F6C697374656E3A20214C49CC
:100490005354454E000000007463705F66726565DA
:1004A0003A204C495354454E000000007463705F7D
:1004B0007570646174655F7263765F616E6E5F779D
:1004C0006E643A20696E76616C69642070636200C4
:1004D0006E65775F7263765F616E6E5F776E6420C4
:1004E0003C3D203078666666660000007463705F8D
:1004F0007265637665643A20696E76616C69642022
:1005000070636200646F6E27742063616C6C20748A
:1005100063705F72656376656420666F72206C69D4
:100520007374656E2D706362730000007463705F96
:100530007365747072696F3A20696E76616C696474
:100540002070636200000000696E76616C6964204F
:10055000736F636B657420737461746520666F726A
:1005600020726563762063616C6C6261636B00006E
:10057000696E76616C696420736F636B6574207358
:100580007461746520666F722073656E7420636198
:100590006C6C6261636B0000696E76616C696420EB
:1005A000736F636B657420737461746520666F721A
:1005B000206572722063616C6C6261636B00000085
:1005C0007463705F706F6C6C3A20696E76616C69F1
:1005D0006420706362000000696E76616C6964205B
:1005E000736F636B657420737461746520666F72DA
:1005F00020706F6C6C0000007463705F7063625FEA
:1006000070757267653A20696E76616C69642070F6
:10061000636200007463705F736C6F77746D723A1D
:1006200020616374697665207063622D3E73746126
:10063000746520213D20434C4F5345440A0000007F
:100640007463705F736C6F77746D723A206163745A
:10065000697665207063622D3E7374617465202134
:100660003D204C495354454E0A0000007463705FAE
:10067000736C6F77746D723A20616374697665206C
:100680007063622D3E737461746520213D2054496E
:100690004D452D574149540A000000007463705FB6
:1006A000736C6F7774696D723A20706572736973D9
:1006B00074207469636B696E672077697468206958
:1006C0006E2D666C69676874206461746100000057
:1006D0007463705F736C6F7774696D723A207065C4
:1006E0007273697374207469636B696E67207769CC
:1006F000746820656D7074792073656E642062750E
:1007000066666572000000007463705F736C6F77DB
:10071000746D723A206D6964646C65207463702036
:10072000213D207463705F6163746976655F7063F7
:10073000627300007463705F736C6F77746D723AEC
:1007400020666972737420706362203D3D2074637B
:10075000705F6163746976655F7063627300000047
:100760007463705F736C6F77746D723A2054494D87
:10077000452D57414954207063622D3E7374617456
:1007800065203D3D2054494D452D574149540000B9
:100790007463705F736C6F77746D723A206D696407
:1007A000646C652074637020213D207463705F74F5
:1007B000775F7063627300007463705F736C6F7750
:1007C000746D723A20666972737420706362203DA2
:1007D0003D207463705F74775F7063627300000024
:1007E0007463705F7063625F72656D6F76653A20E7
:1007F000696E76616C696420706362007463705F17
:100800007063625F72656D6F76653A20696E7661BE
:100810006C6964207063626C69737400756E7365D3
:100820006E74207365676D656E7473206C65616BA3
:10083000696E6700756E61636B6564207365676DD3
:10084000656E7473206C65616B696E6700000000F3
:100850007463705F636C6F73655F73687574646FE6
:10086000776E3A20696E76616C696420706362000D
:100870007063622D3E666C61677320262054465F6C
:100880005258434C4F534544000000007463705F5E
:10089000636C6F73653A20696E76616C6964207071
:1008A000636200007463705F726563765F6E756C7F
:1008B0006C3A20696E76616C696420706362000036
:1008C0007463705F70726F636573735F7265667572
:1008D0007365645F646174613A20696E76616C6906
:1008E00064207063620000007463705F6162616E17
:1008F000646F6E3A20696E76616C69642070636221
:1009000000000000646F6E27742063616C6C2074BB
:1009100063705F61626F72742F7463705F61626194
:100920006E646F6E20666F72206C697374656E2DD5
:1009300070636273000000007463705F6E657469B9
:10094000665F69705F616464725F6368616E67654A
:10095000645F7063626C6973743A20696E76616C6F
:100960006964206F6C645F6164647200696E7661B3
:100970006C69642073746174650000007463705F57
:100980006E6578745F6973733A20696E76616C691D
:1009900064207063620000007463705F636F6E6E4A
:1009A0006563743A20696E76616C69642070636275
:1009B000000000007463705F636F6E6E6563743A6D
:1009C00020696E76616C696420697061646472008C
:1009D0007463705F636F6E6E6563743A2063616EFB
:1009E000206F6E6C7920636F6E6E65637420667223
:1009F0006F6D20737461746520434C4F5345440000
:100A000001020304050607070707070707000000A0
:100A1000E0C30220E4C30220D8C30220E8C30220BE
:100A200003060C18306078004D6964646C6577616A
:100A30007265732F54686972645F50617274792FA4
:100A40004C7749502F7372632F636F72652F7463F5
:100A5000705F696E2E6300007463705F7061727303
:100A6000656F70743A20696E76616C69642070639A
:100A7000620000007463705F696E7075745F646516
:100A80006C617965645F636C6F73653A20696E763B
:100A9000616C696420706362000000007463705FC1
:100AA00074696D65776169745F696E7075743A20F9
:100AB000696E76616C696420706362007463705F54
:100AC0006C697374656E5F696E7075743A20696ED7
:100AD00076616C6964207063620000007063622D4F
:100AE0003E736E645F71756575656C656E203E3D25
:100AF00020706275665F636C656E286E6578742D14
:100B00003E7029007463705F726563656976653A4B
:100B10002076616C6964207175657565206C656E01
:100B2000677468007463705F726563656976653ABF
:100B300020696E76616C6964207063620000000059
:100B40007463705F726563656976653A2077726F6A
:100B50006E6720737461746500000000756E6163D8
:100B60006B656400756E73656E740000696E736505
:100B7000672E7020213D204E554C4C00696E7361EC
:100B80006E65206F6666736574210000706275661D
:100B900020746F6F2073686F727421007463705FCC
:100BA000726563656976653A207365676D656E7415
:100BB000206E6F74207472696D6D656420636F724E
:100BC000726563746C7920746F207263765F776EE0
:100BD000640A00007463705F726563656976653AE4
:100BE000207463706C656E203E207263765F776E52
:100BF000640A00007463705F70726F636573733AA8
:100C000020696E76616C6964207063620000000088
:100C10007463705F696E7075743A207063622D3E04
:100C2000737461746520213D20434C4F534544004B
:100C30007063622D3E736E645F71756575656C657A
:100C40006E203E20300000006E6F207365676D657A
:100C50006E7420746F206672656500007063622D8B
:100C60003E6C697374656E65722D3E616363657079
:100C70007420213D204E554C4C0000007463705F81
:100C8000696E7075743A20696E76616C6964207063
:100C900062756600702D3E6E65787420213D204E91
:100CA000554C4C00702D3E6C656E203D3D20300053
:100CB000702D3E746F745F6C656E203D3D20702D0D
:100CC0003E6E6578742D3E746F745F6C656E0000C7
:100CD0007463705F696E7075743A206163746976CD
:100CE00065207063622D3E737461746520213D2020
:100CF000434C4F53454400007463705F696E7075D8
:100D0000743A20616374697665207063622D3E7366
:100D10007461746520213D2054494D452D5741494A
:100D2000540000007463705F696E7075743A2061DE
:100D30006374697665207063622D3E7374617465B7
:100D400020213D204C495354454E00007463705F90
:100D5000696E7075743A207063622D3E6E657874AA
:100D600020213D2070636220286265666F726520D5
:100D700063616368652900007463705F696E7075F4
:100D8000743A207063622D3E6E65787420213D2098
:100D900070636220286166746572206361636865B0
:100DA000290000007463705F696E7075743A205496
:100DB000494D452D57414954207063622D3E73744F
:100DC000617465203D3D2054494D452D574149549E
:100DD000000000007063622D3E7265667573656485
:100DE0005F64617461203D3D204E554C4C00000015
:100DF0004D6964646C6577617265732F54686972BC
:100E0000645F50617274792F4C7749502F7372630D
:100E10002F636F72652F7463705F6F75742E63003C
:100E20007463705F77726974655F636865636B7321
:100E30003A20696E76616C6964207063620000001C
:100E40007463705F77726974653A20706275667357
:100E5000206F6E207175657565203D3E20617420A0
:100E60006C65617374206F6E6520717565756520A2
:100E70006E6F6E2D656D7074790000007463705F25
:100E800077726974653A206E6F20706275667320A0
:100E90006F6E207175657565203D3E20626F7468C8
:100EA0002071756575657320656D7074790000003B
:100EB0007463705F6F75747075745F7365676D656B
:100EC0006E745F627573793A20696E76616C6964DD
:100ED00020736567000000007463705F6F75747045
:100EE00075745F66696C6C5F6F7074696F6E733A6E
:100EF00020696E76616C696420706275660000001E
:100F00006F7074696F6E73206E6F742066696C6C9D
:100F1000656400007463705F6372656174655F731C
:100F200065676D656E743A20696E76616C696420E0
:100F3000706362007463705F6372656174655F7390
:100F400065676D656E743A20696E76616C696420C0
:100F50007062756600000000702D3E746F745F6CE7
:100F6000656E203E3D206F70746C656E0000000061
:100F7000636865636B20746861742066697273745A
:100F800020706275662063616E20686F6C642073E8
:100F90007472756374207463705F6864720000001B
:100FA0007463705F6F75747075745F616C6C6F6380
:100FB0005F6865616465723A20696E76616C696428
:100FC00020706362000000007463705F6F7574705E
:100FD00075745F7365676D656E743A20696E7661CE
:100FE0006C696420736567007463705F6F757470FB
:100FF00075745F7365676D656E743A20696E7661AE
:101000006C696420706362007463705F6F757470E4
:1010100075745F7365676D656E743A20696E76618D
:101020006C6964206E657469660000007463705FAB
:101030006F75747075745F636F6E74726F6C5F73CD
:1010400065676D656E743A20696E76616C696420BF
:1010500070627566000000007463705F7772697477
:10106000653A20696E76616C696420706362000085
:101070007463705F77726974653A20617267203DAE
:101080003D204E554C4C202870726F6772616D6D1B
:1010900065722076696F6C617465732041504929CF
:1010A000000000006D73735F6C6F63616C20697387
:1010B00020746F6F20736D616C6C00007463705FDF
:1010C00077726974653A20636865636B2074686140
:1010D0007420666972737420706275662063616E35
:1010E00020686F6C642074686520636F6D706C6538
:1010F0007465207365676C656E00000070726576BC
:101100005F73656720213D204E554C4C0000000068
:101110007463705F77726974653A2063616E6E6F95
:101120007420636F6E636174656E617465207768A7
:10113000656E207063622D3E756E73656E742069F6
:101140007320656D707479007463705F7772697471
:10115000653A20657874656E73696F6E206F6620DE
:101160007265666572656E63652072657175697218
:101170006573207265666572656E636500000000C8
:101180007463705F77726974653A2076616C696424
:10119000207175657565206C656E67746800000068
:1011A0007463705F73706C69745F756E73656E7471
:1011B0005F7365673A20696E76616C69642070635D
:1011C0006200000043616E27742073706C697420A4
:1011D0007365676D656E7420696E746F206C656EE3
:1011E000677468203000000073706C6974203C3DA7
:1011F000206D737300000000757365672D3E6C658C
:101200006E203E20300000007463705F656E717563
:101210006575655F666C6167733A206E656564200D
:10122000656974686572205443505F53594E206F4E
:1012300072205443505F46494E20696E20666C61AF
:101240006773202870726F6772616D6D65722076AA
:10125000696F6C617465732041504929000000007A
:101260007463705F656E71756575655F666C6167E7
:10127000733A20696E76616C696420706362000065
:101280007463705F656E71756575655F666C6167C7
:10129000733A20636865636B2074686174206669C3
:1012A00072737420706275662063616E20686F6C63
:1012B00064206F70746C656E000000007365672DAC
:1012C0003E746370686472206E6F7420616C69672D
:1012D0006E6564007463705F656E71756575655FDA
:1012E000666C6167733A20696E76616C696420731D
:1012F00065676D656E74206C656E677468000000CC
:101300007463705F656E71756575655F666C616746
:10131000733A20696E76616C6964207175657565D4
:10132000206C656E677468007463705F73656E64CB
:101330005F66696E3A20696E76616C6964207063DD
:10134000620000007463705F7265786D69745F722B
:10135000746F5F707265706172653A20696E766154
:101360006C696420706362007463705F7265786D8D
:1013700069743A20696E76616C69642070636200FA
:101380007463705F7265786D69745F666173743AD7
:1013900020696E76616C69642070636200000000F1
:1013A0007463705F7273743A20696E76616C6964FD
:1013B000206C6F63616C5F69700000007463705F24
:1013C0007273743A20696E76616C69642072656D1F
:1013D0006F74655F697000007463705F73656E643D
:1013E0005F656D7074795F61636B3A20696E7661D9
:1013F0006C696420706362007463705F6F757470F1
:1014000075743A20696E76616C696420706362005D
:10141000646F6E27742063616C6C207463705F6FFF
:10142000757470757420666F72206C697374656E64
:101430002D70636273000000525354206E6F74204D
:101440006578706563746564206865726521000065
:101450007463705F7265786D69745F72746F5F63D7
:101460006F6D6D69743A20696E76616C6964207085
:10147000636200007463705F7265786D69745F7297
:10148000746F3A20696E76616C69642070636200E3
:101490007463705F6B656570616C6976653A20692D
:1014A0006E76616C69642070636200007463705FC3
:1014B0007A65726F5F77696E646F775F70726F6263
:1014C000653A20696E76616C696420706362000021
:1014D0004D6964646C6577617265732F54686972D5
:1014E000645F50617274792F4C7749502F73726327
:1014F0002F636F72652F74696D656F7574732E63DA
:10150000000000007379735F74696D656F75743ADC
:101510002074696D656F757420213D204E554C4CCB
:101520002C20706F6F6C204D454D505F5359535FA9
:1015300054494D454F555420697320656D70747939
:101540000000000054696D656F75742074696D65E5
:1015500020746F6F206C6F6E672C206D617820692E
:1015600073204C5749505F55494E5433325F4D41BB
:10157000582F34206D73656373000000FA0000007B
:101580002D5A0008E8030000E19E0008E80300006F
:10159000C58F00084D6964646C6577617265732F4F
:1015A00054686972645F50617274792F4C77495046
:1015B0002F7372632F636F72652F7564702E6300D3
:1015C0007564705F696E7075745F6C6F63616C5F7A
:1015D0006D617463683A20696E76616C696420702D
:1015E000636200007564705F696E7075745F6C6F24
:1015F00063616C5F6D617463683A20696E76616CDB
:101600006964206E65746966000000007564705F2F
:10161000696E7075743A20696E76616C69642070C9
:10162000627566007564705F696E7075743A2069E2
:101630006E76616C6964206E6574696600000000F6
:10164000706275665F72656D6F76655F686561640F
:101650006572206661696C65640A00004D696464A6
:101660006C6577617265732F54686972645F50614D
:101670007274792F4C7749502F7372632F636F7296
:10168000652F697076342F6574686172702E6300FF
:101690006172705F7461626C655B695D2E71203D83
:1016A0003D204E554C4C000069203C204152505F7B
:1016B0005441424C455F53495A4500006172705F86
:1016C0007461626C655B695D2E7374617465203D45
:1016D0003D204554484152505F53544154455F4565
:1016E0004D505459000000006E657469662D3E68C7
:1016F00077616464725F6C656E203D3D204554489F
:101700005F4857414444525F4C454E0063686563EF
:101710006B207468617420666972737420706275DE
:10172000662063616E20686F6C64207374727563E9
:1017300074206574686172705F68647200000000F4
:101740006E657469662D3E6877616464725F6C656E
:101750006E206D75737420626520746865207361F6
:101760006D65206173204554485F48574144445299
:101770005F4C454E20666F722065746861727021FF
:101780000000000069706164647220213D204E55A4
:101790004C4C00006574685F72657420213D204EDA
:1017A000554C4C006172705F7461626C655B617274
:1017B000705F6964785D2E7374617465203E3D20AE
:1017C0004554484152505F53544154455F5354412E
:1017D000424C450074797065206F766572666C6F57
:1017E000770000006172705F7461626C655B695DB7
:1017F0002E7374617465203D3D2050454E44494E22
:1018000047206F7220535441424C45007120213DC6
:10181000204E554C4C0000006E6F207061636B656C
:10182000742071756575657320616C6C6F77656484
:10183000210000004D6964646C6577617265732FE7
:1018400054686972645F50617274792F4C774950A3
:101850002F7372632F636F72652F697076342F69EF
:10186000636D702E63000000636865636B207468AD
:10187000617420666972737420706275662063619A
:101880006E20686F6C642069636D70206D65737382
:101890006167650069636D705F696E7075743A2089
:1018A0006D6F76696E6720722D3E7061796C6F6125
:1018B0006420746F2069636D70206865616465726F
:1018C000206661696C65640A0000000069636D70E0
:1018D0005F696E7075743A20726573746F72696EA9
:1018E00067206F726967696E616C20702D3E706150
:1018F000796C6F6164206661696C65640A00000040
:101900004D6964646C6577617265732F54686972A0
:10191000645F50617274792F4C7749502F737263F2
:101920002F636F72652F697076342F6970342E6360
:1019300000000000702D3E726566203D3D203100A4
:10194000636865636B207468617420666972737480
:1019500020706275662063616E20686F6C6420730E
:1019600074727563742069705F68647200000000AF
:10197000000000004D6964646C6577617265732FC7
:1019800054686972645F50617274792F4C77495062
:101990002F7372632F636F72652F697076342F69AE
:1019A00070345F667261672E6300000073616E6958
:1019B000747920636865636B206C696E6B65642065
:1019C0006C697374000000007072657620213D2000
:1019D00069707200707265762D3E6E657874203D78
:1019E0003D2069707200000070627566735F6672F8
:1019F000656564202B20636C656E203C3D2030784B
:101A0000666666660000000069705F7265617373E8
:101A10005F70627566636F756E74203E3D20706204
:101A20007566735F6672656564000000706372209E
:101A3000213D204E554C4C00636865636B206672F7
:101A400061676D656E747320646F6E2774206F76A6
:101A500065726C61700000006E6F2070726576694F
:101A60006F757320667261676D656E742C20746883
:101A70006973206D757374206265207468652066D3
:101A80006972737420667261676D656E74210000FF
:101A900073616E69747920636865636B0000000090
:101AA00076616C69646174655F64617461677261B9
:101AB0006D3A6E6578745F70627566213D4E554C67
:101AC0004C00000069705F72656173735F706275CE
:101AD00066636F756E74203E3D20636C656E00001A
:101AE00069707220213D204E554C4C006E6F742061
:101AF0006669727374616C74686F756768206A7563
:101B0000737420656E717565756564006970345F06
:101B10006672616728293A207062756620746F6F5B
:101B20002073686F7274000074686973206E656555
:101B300064732061207062756620696E206F6E6527
:101B40002070696563652100702D3E6C656E203ED6
:101B50003D20706F66660000554E4B4E4F574E004D
:101B60004745545F504152414D000000535441528B
:101B70005400000053544F50000000005345545F80
:101B8000504152414D0000005345545F4E455400B2
:101B90004745545F4E4554004E45545F41434B000A
:101BA00052454749535445520000000044415441B6
:101BB000000000005B544350204641494C5D20002A
:101BC0007463705F6E6577206661696C65642C2054
:101BD0007265636F6E6E656374206C61746572000C
:101BE0005B5443505D20000054435020636C696592
:101BF0006E7420636F6E6E65637420617474656DBE
:101C000070742023256C753A207365727665723D79
:101C100025733A25752C206465763D2575000000F6
:101C20007463705F636F6E6E656374206661696C68
:101C300065643A206572723D256400005B54435030
:101C4000204F4B5D2000000053544152542041432B
:101C50004B20636F6E6669726D65642062792054F3
:101C600043502C207265616C2073616D706C696EDD
:101C7000672077696C6C20737461727420696E20C0
:101C80007461736B000000004E45545F41434B206C
:101C9000636F6E6669726D6564206279205443508B
:101CA0002C207265636F6E6E6563742077696C6C4F
:101CB00020737461727420696E207461736B00000C
:101CC0005458204E45545F41434B3A20737461741D
:101CD00075733D256C642C207365727665723D25A5
:101CE000752E25752E25752E25753A25752C2064A3
:101CF00065763D25752C207265636F6E6E65637425
:101D00005F70656E64696E673D2575005458204E9E
:101D100045545F41434B206661696C65643A2073AA
:101D200074617475733D256C642C206572723D2559
:101D300064000000544350206572726F722063612A
:101D40006C6C6261636B3A206572723D25640000C1
:101D5000544350206572726F722068616E646C65C6
:101D6000642C2073747265616D2073746F7070657C
:101D7000642C2077616974207265636F6E6E656391
:101D800074000000414354494F4E20535441525473
:101D90002072656A65637465643A2070726576695D
:101DA0006F7573205443502064617461206E6F74AA
:101DB0002041434B65642C2072656164793D257533
:101DC000207175657565643D257520756E61636B61
:101DD00065645F646174613D256C75206F76657222
:101DE00072756E3D256C7520666C6167733D307849
:101DF0002530386C58000000414354494F4E205361
:101E0000544152543A20646973636172642073745C
:101E1000616C652073747265616D2064617461200A
:101E20006265666F726520726573746172742C20CE
:101E300072656164793D2575207175657565643DD0
:101E40002575206F76657272756E3D256C752066FE
:101E50006C6167733D30782530386C5800000000A5
:101E6000414354494F4E2053544152543A20416407
:101E70006353747265616D5F53746172742066732D
:101E80003D256C7520626974733D25752072616E05
:101E900067653D2575000000414354494F4E20536E
:101EA00054415254206661696C65643A2041646310
:101EB00053747265616D5F537461727420726574DE
:101EC00075726E6564206572726F72004143544989
:101ED0004F4E20535441525420646F6E653A207324
:101EE000747265616D2072756E6E696E673D2575E1
:101EF0002C20647264795F70696E3D257500000066
:101F000054582041434B3A207374617475733D25D6
:101F10006C642C2066733D256C752C20626974738B
:101F20003D25752C2072616E67653D25752C2072EC
:101F3000756E6E696E673D25752C20666C616773E2
:101F40003D30782530386C582C2072656164793DBD
:101F500025752C207175657565643D25752C206689
:101F60007265653D2575000054582041434B20663D
:101F700061696C65643A207374617475733D256C96
:101F8000642C206572723D25642C20736E6462752A
:101F9000663D25752C207478713D25750000000084
:101FA00054435020636F6E6E6563742063616C6C84
:101FB0006261636B206661696C65643A2065727268
:101FC0003D25640054435020636F6E6E65637465F5
:101FD0006420746F207365727665723A2072656D45
:101FE0006F74653D25733A25752C206C6F63616CA9
:101FF0005F706F72743D25752C206465766963652A
:102000005F69643D2575000053545245414D20736E
:10201000746F707065643A207365713D256C752C22
:10202000207374617475735F6E65773D256C752CD4
:102030002072656164793D25752C20717565756523
:10204000643D25752C20667265653D25752C206FD5
:1020500076657272756E3D256C752C2070656E64A8
:102060005F64726F703D256C752C207370695F65BD
:1020700072723D256C752C20666C6167733D3078FB
:102080002530386C5800000053545245414D206EA5
:102090006F2073616D706C6520646174612061668E
:1020A0007465722053544152543A2072756E6E69B1
:1020B0006E673D25752C207374617475735F6E6552
:1020C000773D256C752C207374617475735F736B29
:1020D00069703D256C752C20646D615F6368756E59
:1020E0006B3D256C752C20646D615F6972713D25B7
:1020F0006C752C2070656E645F64726F703D256C2A
:10210000752C207370695F6572723D256C752C208B
:10211000666C6167733D30782530386C582C2064CC
:102120007264795F70696E3D2575000053544154A7
:102130002066733D256C7520626974733D2575209A
:1021400072756E3D2575207365713D256C75282B64
:10215000256C752F73292074783D256C752F73209D
:1021600061636B3D256C752F73206E65743D256C26
:10217000754B422F732072656164793D257520711E
:1021800075657565643D257520667265653D2575C7
:10219000206F763D256C75282B256C7529206D6583
:1021A0006D3D256C75282B256C7529207761697428
:1021B0003D256C75206E6F5F6275663D256C7520E0
:1021C0006E6F5F7365673D256C752077725F657212
:1021D000723D256C7520736E646275663D257520B1
:1021E000736E64713D25752F25752070656E643D95
:1021F000256C7520666C6167733D30782530386CCE
:102200005800000053545245414D20736571206EB3
:102210006F7420696E6372656173696E673A2073CB
:1022200074617475735F6E65773D256C752073748A
:10223000617475735F736B69703D256C7520646D97
:10224000615F6368756E6B3D256C7520646D615FC1
:102250006972713D256C752070656E643D256C75E5
:10226000207370695F6572723D256C7520666C61C4
:1022700067733D30782530386C5800005443502047
:1022800061637469766520636C69656E7420696E3C
:1022900069743A207365727665723D25733A2575C7
:1022A0002C206465766963655F69643D25752C2023
:1022B0007265636F6E6E6563743D256C756D73003A
:1022C0005265636F6E6E65637420726571756573B8
:1022D00074656420616E642054582071756575655D
:1022E00020656D7074792C20636C6F736520637545
:1022F0007272656E742054435020616E6420726562
:10230000636F6E6E6563740053544F502041434BAE
:102310002073656E742061667465722064617461F7
:1023200020647261696E656400000000434D4420C2
:102330005345545F504152414D2072656365697643
:1023400065643A207061796C6F61645F6C656E3DA5
:1023500025750000434D44205345545F5041524180
:102360004D20696E76616C6964206C656E67746877
:102370003A20257500000000434D44205345545F2A
:10238000504152414D20706172616D733A20667305
:102390003D256C7520626974733D25752072616EF0
:1023A00067653D2575000000434D44205345545F4B
:1023B000504152414D2072656A65637465643A20EC
:1023C000696E76616C696420706172616D73000082
:1023D000414354494F4E205345545F504152414D63
:1023E0003A2073746F702073747265616D2062653A
:1023F000666F7265207265636F6E66696775726578
:1024000000000000414354494F4E205345545F5053
:102410004152414D206661696C65643A2052616E9B
:1024200067654374726C5F5365742072616E676593
:102430003D257500414354494F4E205345545F504C
:102440004152414D3A2052616E67654374726C5F30
:1024500053657420646F6E65000000004143544969
:102460004F4E205345545F504152414D20666169A3
:102470006C65643A204144533132374C31315F430B
:102480006F6E6669677572650000000041435449CC
:102490004F4E205345545F504152414D3A204144E4
:1024A000533132374C31315F436F6E6669677572F5
:1024B0006520646F6E650000414354494F4E2053C0
:1024C00045545F504152414D206661696C65643AE4
:1024D00020466C617368506172616D5F536176650F
:1024E00000000000414354494F4E205345545F5073
:1024F0004152414D3A20466C617368506172616D82
:102500005F5361766520646F6E650000434D442023
:102510004745545F504152414D207265636569766D
:1025200065640000414354494F4E204745545F5075
:102530004152414D3A2066733D256C7520626974A5
:10254000733D25752072616E67653D257520727536
:102550006E6E696E673D257500000000434D442096
:1025600053544152542072656365697665643A201C
:1025700066733D256C7520626974733D2575207204
:10258000616E67653D257500414354494F4E2053A8
:10259000544152542069676E6F7265643A207374B7
:1025A0007265616D20616C72656164792072756E0F
:1025B0006E696E6700000000414354494F4E20533E
:1025C00054415254206661696C65643A2041445319
:1025D0003132374C31315F436F6E666967757265B2
:1025E00000000000414354494F4E2053544152547F
:1025F0003A204144533132374C31315F436F6E667C
:10260000696775726520646F6E65000041435449C7
:102610004F4E205354415254206661696C65643AB0
:102620002052616E67654374726C5F5365742072EB
:10263000616E67653D257500414354494F4E2053F7
:10264000544152543A2052616E67654374726C5F14
:1026500053657420646F6E65000000004143544967
:102660004F4E2053544152543A2041434B207365FE
:102670006E742C2077616974205443502073656E0A
:10268000742063616C6C6261636B206265666F725B
:1026900065207265616C2073616D706C696E670096
:1026A000434D442053544F502072656365697665ED
:1026B00064000000414354494F4E2053544F503A58
:1026C0002041646353747265616D5F53746F700071
:1026D000414354494F4E2053544F5020646F6E6510
:1026E0003A2072756E6E696E673D25752C20726595
:1026F0006164793D2575207175657565643D257545
:1027000020666C6167733D30782530386C58000066
:10271000414354494F4E2053544F503A2070656EF8
:1027200064696E672041434B206166746572207155
:102730007565756564206461746120647261696E99
:1027400065640000434D44204745545F4E45542086
:10275000726563656976656400000000434D44203E
:102760005345545F4E4554207265636569766564D0
:102770003A207061796C6F61645F6C656E3D2575A0
:1027800000000000434D44205345545F4E45542003
:10279000696E76616C6964206C656E6774683A2056
:1027A00025750000434D44205345545F4E45542049
:1027B00072656A65637465643A2073747265616DED
:1027C0002069732072756E6E696E672C2053544FAA
:1027D0005020666972737400434D44205345545F22
:1027E0004E455420706172616D733A207365727644
:1027F00065723D25752E25752E25752E25753A2574
:10280000752C206465763D25752C206C6F63616C9A
:102810003D25752E25752E25752E25752C2067775F
:102820003D25752E25752E25752E25752C20726556
:10283000636F6E6E6563743D256C756D732C2066D9
:102840006C6167733D30782530325800434D442029
:102850005345545F4E45542072656A6563746564E0
:102860003A20696E76616C6964206E6574207061CF
:1028700072616D7300000000434D44205345545F66
:102880004E4554206661696C65643A20466C6173FC
:1028900068506172616D5F536176654E65740000CA
:1028A000434D44205345545F4E45543A207361765E
:1028B000656420746F20466C61736800434D44204A
:1028C0005345545F4E45543A207265636F6E6E6592
:1028D0006374206166746572204E45545F41434BBA
:1028E000206973205443502D41434B656400000020
:1028F000434D4420554E4B4E4F574E2072656365F5
:10290000697665643A20747970653D307825303297
:1029100058206C656E3D25750000000052582062FD
:102920007566666572206F766572666C6F773A20A1
:10293000696E636F6D696E673D25752062756666A9
:10294000657265643D257500525820696E76616C2C
:102950006964207061796C6F6164206C656E677466
:10296000683A202575000000525820434D442066E7
:1029700072616D653A20747970653D30782530322A
:1029800058282573292C207365713D256C752C20E2
:102990007061796C6F61645F6C656E3D25750000D8
:1029A0005258206672616D652072656A6563746550
:1029B000643A20747970653D307825303258282586
:1029C00073292C207365713D256C752C20766572FA
:1029D0003D25752C2072785F6372633D3078253019
:1029E00034582C2063616C633D30782530345800B6
:1029F000544350207265637620636C6F73652F6556
:102A000072726F723A206572723D25642C20705F7D
:102A100070726573656E743D2575000054435020D7
:102A2000646973636F6E6E65637465642062792098
:102A30007365727665722C2073747265616D207394
:102A4000746F707065642C2077616974207265639F
:102A50006F6E6E65637400005443502052582062BC
:102A6000797465733A20746F745F6C656E3D25757B
:102A7000000000000000C1C081C1400101C3C003CB
:102A8000800241C201C6C006800741C70005C1C51A
:102A900081C4400401CCC00C800D41CD000FC1CFDA
:102AA00081CE400E000AC1CA81CB400B01C9C009CA
:102AB000800841C801D8C018801941D9001BC1DB6A
:102AC00081DA401A001EC1DE81DF401F01DDC01D1A
:102AD000801C41DC0014C1D481D5401501D7C0173A
:102AE000801641D601D2C012801341D30011C1D14A
:102AF00081D0401001F0C030803141F10033C1F38A
:102B000081F240320036C1F681F7403701F5C03519
:102B1000803441F4003CC1FC81FD403D01FFC03FD9
:102B2000803E41FE01FAC03A803B41FB0039C1F9C9
:102B300081F840380028C1E881E9402901EBC02B29
:102B4000802A41EA01EEC02E802F41EF002DC1ED19
:102B500081EC402C01E4C024802541E50027C1E739
:102B600081E640260022C1E281E3402301E1C02149
:102B7000802041E001A0C060806141A10063C1A349
:102B800081A240620066C1A681A7406701A5C06519
:102B9000806441A4006CC1AC81AD406D01AFC06FD9
:102BA000806E41AE01AAC06A806B41AB0069C1A9C9
:102BB00081A840680078C1B881B9407901BBC07B69
:102BC000807A41BA01BEC07E807F41BF007DC1BD19
:102BD00081BC407C01B4C074807541B50077C1B739
:102BE00081B640760072C1B281B3407301B1C07149
:102BF000807041B00050C190819140510193C05309
:102C0000805241920196C056805741970055C19518
:102C100081944054019CC05C805D419D005FC19FD8
:102C2000819E405E005AC19A819B405B0199C059C8
:102C3000805841980188C04880494189004BC18B28
:102C4000818A404A004EC18E818F404F018DC04D18
:102C5000804C418C0044C184818540450187C04738
:102C6000804641860182C042804341830041C18148
:102C700081804040FFFFFFFFFFFFFFFE00000000DC
:102C80005B414453205245475D2064756D7020625E
:102C90006567696E3A2025732C206672616D655FE9
:102CA00062797465733D25752C2073746174757336
:102CB0005F656E3D25750A005B41445320524547D0
:102CC0005D2030782530325820252D3873203D2066
:102CD0003078253032580A005B4144532052454732
:102CE0005D2030782530325820252D3873207265CC
:102CF0006164204641494C207265743D25640A0098
:102D00005B414453205245475D2064756D702065DA
:102D10006E640A005B414453204641494C5D2043A8
:102D20004F4E464947342076657269667920666160
:102D3000696C3A20726561643D30782530325820E4
:102D40006578706563745F6D61736B3D30782530B5
:102D50003258206578706563743D3078253032587C
:102D60000A000000616674657220696E6974202B28
:102D7000203130306D7300004445565F49440000F7
:102D80005245565F49440000535441545553000086
:102D9000434F4E54524F4C004D555800434F4E46F2
:102DA00049473100434F4E4649473200434F4E4654
:102DB00049473300434F4E46494734004F46465338
:102DC000455432004F464653455431004F46465312
:102DD000455430004741494E320000004741494EBA
:102DE000310000004741494E30000000435243008B
:102DF000782D0108802D0108882D0108902D0108EB
:102E0000982D01089C2D0108A42D0108AC2D010866
:102E1000B42D0108BC2D0108C42D0108CC2D0108DA
:102E2000D42D0108DC2D0108E42D0108EC2D01084A
:102E3000000102030405060708090A0B0C0D0E0F1A
:102E400025752E25752E25752E2575005465726DF8
:102E5000696E616C000000005254540053454747AE
:102E6000455200003031323334353637383941423B
:102E700043444546680000205245454E54206D614C
:102E80006C6C6F6320737563636565646564002FA4
:102E90006D6E742F776F726B73706163652F776FD0
:102EA000726B73706163652F4743432D392D7069D1
:102EB00070656C696E652F6A656E6B696E732D4700
:102EC00043432D392D706970656C696E652D323004
:102ED000305F32303230303532315F313539303079
:102EE00035333337342F7372632F6E65776C6962B5
:102EF0002F6E65776C69622F6C6962632F737464DF
:102F00006C69622F72616E642E63002C2066756E90
:102F10006374696F6E3A2000617373657274696FD0
:102F20006E2022257322206661696C65643A2066F2
:102F3000696C6520222573222C206C696E65202522
:102F400064257325730A00000000000000000000E3
:102F50000000000000000000000000000000000071
:102F60000000000000000000000000000000000061
:102F70000000000000000000000000000000000051
:102F80000000000000000000000000000000000041
:102F90000000000000000000000000000000000031
:102FA0000000000000000000232D302B2000686C82
:102FB0004C0065666745464700303132333435365C
:102FC0003738394142434445460030313233343595
:0C2FD000363738396162636465660000C2
:082FDC0084D3FE7F0100000018
:042FE400D50100080B
:042FE800B10100082B
:102FEC0000000000000000000000000000000000D5
:102FFC0001000000000000000000000000000000C4
:10300C0001000000100000000024F4006E19000004
:10301C0000C000C003030104004000800300000056
:10302C00801A060018000000C0A80A64FFFFFF0009
:10303C00C0A80A01C0A80AC828230100B80B0000C8
:10304C00000000006800002000000000682F01084C
:10305C00882F0108482F0108000000000000000024
:10306C000000000000000000000000000000000054
:10307C000000000000000000000000000000000044
:10308C000000000000000000000000000000000034
:10309C000000000000000000000000000000000024
:0830AC0000000000000000001C
:040000050800E1D935
:00000001FF
