ARM GAS  /tmp/ccbstRKj.s 			page 1


   1              		.cpu cortex-m4
   2              		.eabi_attribute 27, 1
   3              		.eabi_attribute 28, 1
   4              		.eabi_attribute 20, 1
   5              		.eabi_attribute 21, 1
   6              		.eabi_attribute 23, 3
   7              		.eabi_attribute 24, 1
   8              		.eabi_attribute 25, 1
   9              		.eabi_attribute 26, 1
  10              		.eabi_attribute 30, 1
  11              		.eabi_attribute 34, 1
  12              		.eabi_attribute 18, 4
  13              		.file	"etharp.c"
  14              		.text
  15              	.Ltext0:
  16              		.cfi_sections	.debug_frame
  17              		.section	.rodata.free_etharp_q.str1.4,"aMS",%progbits,1
  18              		.align	2
  19              	.LC0:
  20 0000 4D696464 		.ascii	"Middlewares/Third_Party/LwIP/src/core/ipv4/etharp.c"
  20      6C657761 
  20      7265732F 
  20      54686972 
  20      645F5061 
  21 0033 00       		.ascii	"\000"
  22              		.align	2
  23              	.LC1:
  24 0034 7120213D 		.ascii	"q != NULL\000"
  24      204E554C 
  24      4C00
  25 003e 0000     		.align	2
  26              	.LC2:
  27 0040 41737365 		.ascii	"Assertion \"%s\" failed at line %d in %s\012\000"
  27      7274696F 
  27      6E202225 
  27      73222066 
  27      61696C65 
  28              		.align	2
  29              	.LC3:
  30 0068 722D3E70 		.ascii	"r->p != NULL\000"
  30      20213D20 
  30      4E554C4C 
  30      00
  31              		.section	.text.free_etharp_q,"ax",%progbits
  32              		.align	1
  33              		.arch armv7e-m
  34              		.syntax unified
  35              		.thumb
  36              		.thumb_func
  37              		.fpu fpv4-sp-d16
  39              	free_etharp_q:
  40              	.LVL0:
  41              	.LFB159:
  42              		.file 1 "Middlewares/Third_Party/LwIP/src/core/ipv4/etharp.c"
   1:Middlewares/Third_Party/LwIP/src/core/ipv4/etharp.c **** /**
   2:Middlewares/Third_Party/LwIP/src/core/ipv4/etharp.c ****  * @file
   3:Middlewares/Third_Party/LwIP/src/core/ipv4/etharp.c ****  * Address Resolution Protocol module for IP over Ethernet
ARM GAS  /tmp/ccbstRKj.s 			page 2


   4:Middlewares/Third_Party/LwIP/src/core/ipv4/etharp.c ****  *
   5:Middlewares/Third_Party/LwIP/src/core/ipv4/etharp.c ****  * Functionally, ARP is divided into two parts. The first maps an IP address
   6:Middlewares/Third_Party/LwIP/src/core/ipv4/etharp.c ****  * to a physical address when sending a packet, and the second part answers
   7:Middlewares/Third_Party/LwIP/src/core/ipv4/etharp.c ****  * requests from other machines for our physical address.
   8:Middlewares/Third_Party/LwIP/src/core/ipv4/etharp.c ****  *
   9:Middlewares/Third_Party/LwIP/src/core/ipv4/etharp.c ****  * This implementation complies with RFC 826 (Ethernet ARP). It supports
  10:Middlewares/Third_Party/LwIP/src/core/ipv4/etharp.c ****  * Gratuitious ARP from RFC3220 (IP Mobility Support for IPv4) section 4.6
  11:Middlewares/Third_Party/LwIP/src/core/ipv4/etharp.c ****  * if an interface calls etharp_gratuitous(our_netif) upon address change.
  12:Middlewares/Third_Party/LwIP/src/core/ipv4/etharp.c ****  */
  13:Middlewares/Third_Party/LwIP/src/core/ipv4/etharp.c **** 
  14:Middlewares/Third_Party/LwIP/src/core/ipv4/etharp.c **** /*
  15:Middlewares/Third_Party/LwIP/src/core/ipv4/etharp.c ****  * Copyright (c) 2001-2003 Swedish Institute of Computer Science.
  16:Middlewares/Third_Party/LwIP/src/core/ipv4/etharp.c ****  * Copyright (c) 2003-2004 Leon Woestenberg <leon.woestenberg@axon.tv>
  17:Middlewares/Third_Party/LwIP/src/core/ipv4/etharp.c ****  * Copyright (c) 2003-2004 Axon Digital Design B.V., The Netherlands.
  18:Middlewares/Third_Party/LwIP/src/core/ipv4/etharp.c ****  * All rights reserved.
  19:Middlewares/Third_Party/LwIP/src/core/ipv4/etharp.c ****  *
  20:Middlewares/Third_Party/LwIP/src/core/ipv4/etharp.c ****  * Redistribution and use in source and binary forms, with or without modification,
  21:Middlewares/Third_Party/LwIP/src/core/ipv4/etharp.c ****  * are permitted provided that the following conditions are met:
  22:Middlewares/Third_Party/LwIP/src/core/ipv4/etharp.c ****  *
  23:Middlewares/Third_Party/LwIP/src/core/ipv4/etharp.c ****  * 1. Redistributions of source code must retain the above copyright notice,
  24:Middlewares/Third_Party/LwIP/src/core/ipv4/etharp.c ****  *    this list of conditions and the following disclaimer.
  25:Middlewares/Third_Party/LwIP/src/core/ipv4/etharp.c ****  * 2. Redistributions in binary form must reproduce the above copyright notice,
  26:Middlewares/Third_Party/LwIP/src/core/ipv4/etharp.c ****  *    this list of conditions and the following disclaimer in the documentation
  27:Middlewares/Third_Party/LwIP/src/core/ipv4/etharp.c ****  *    and/or other materials provided with the distribution.
  28:Middlewares/Third_Party/LwIP/src/core/ipv4/etharp.c ****  * 3. The name of the author may not be used to endorse or promote products
  29:Middlewares/Third_Party/LwIP/src/core/ipv4/etharp.c ****  *    derived from this software without specific prior written permission.
  30:Middlewares/Third_Party/LwIP/src/core/ipv4/etharp.c ****  *
  31:Middlewares/Third_Party/LwIP/src/core/ipv4/etharp.c ****  * THIS SOFTWARE IS PROVIDED BY THE AUTHOR ``AS IS'' AND ANY EXPRESS OR IMPLIED
  32:Middlewares/Third_Party/LwIP/src/core/ipv4/etharp.c ****  * WARRANTIES, INCLUDING, BUT NOT LIMITED TO, THE IMPLIED WARRANTIES OF
  33:Middlewares/Third_Party/LwIP/src/core/ipv4/etharp.c ****  * MERCHANTABILITY AND FITNESS FOR A PARTICULAR PURPOSE ARE DISCLAIMED. IN NO EVENT
  34:Middlewares/Third_Party/LwIP/src/core/ipv4/etharp.c ****  * SHALL THE AUTHOR BE LIABLE FOR ANY DIRECT, INDIRECT, INCIDENTAL, SPECIAL,
  35:Middlewares/Third_Party/LwIP/src/core/ipv4/etharp.c ****  * EXEMPLARY, OR CONSEQUENTIAL DAMAGES (INCLUDING, BUT NOT LIMITED TO, PROCUREMENT
  36:Middlewares/Third_Party/LwIP/src/core/ipv4/etharp.c ****  * OF SUBSTITUTE GOODS OR SERVICES; LOSS OF USE, DATA, OR PROFITS; OR BUSINESS
  37:Middlewares/Third_Party/LwIP/src/core/ipv4/etharp.c ****  * INTERRUPTION) HOWEVER CAUSED AND ON ANY THEORY OF LIABILITY, WHETHER IN
  38:Middlewares/Third_Party/LwIP/src/core/ipv4/etharp.c ****  * CONTRACT, STRICT LIABILITY, OR TORT (INCLUDING NEGLIGENCE OR OTHERWISE) ARISING
  39:Middlewares/Third_Party/LwIP/src/core/ipv4/etharp.c ****  * IN ANY WAY OUT OF THE USE OF THIS SOFTWARE, EVEN IF ADVISED OF THE POSSIBILITY
  40:Middlewares/Third_Party/LwIP/src/core/ipv4/etharp.c ****  * OF SUCH DAMAGE.
  41:Middlewares/Third_Party/LwIP/src/core/ipv4/etharp.c ****  *
  42:Middlewares/Third_Party/LwIP/src/core/ipv4/etharp.c ****  * This file is part of the lwIP TCP/IP stack.
  43:Middlewares/Third_Party/LwIP/src/core/ipv4/etharp.c ****  *
  44:Middlewares/Third_Party/LwIP/src/core/ipv4/etharp.c ****  */
  45:Middlewares/Third_Party/LwIP/src/core/ipv4/etharp.c **** 
  46:Middlewares/Third_Party/LwIP/src/core/ipv4/etharp.c **** #include "lwip/opt.h"
  47:Middlewares/Third_Party/LwIP/src/core/ipv4/etharp.c **** 
  48:Middlewares/Third_Party/LwIP/src/core/ipv4/etharp.c **** #if LWIP_IPV4 && LWIP_ARP /* don't build if not configured for use in lwipopts.h */
  49:Middlewares/Third_Party/LwIP/src/core/ipv4/etharp.c **** 
  50:Middlewares/Third_Party/LwIP/src/core/ipv4/etharp.c **** #include "lwip/etharp.h"
  51:Middlewares/Third_Party/LwIP/src/core/ipv4/etharp.c **** #include "lwip/stats.h"
  52:Middlewares/Third_Party/LwIP/src/core/ipv4/etharp.c **** #include "lwip/snmp.h"
  53:Middlewares/Third_Party/LwIP/src/core/ipv4/etharp.c **** #include "lwip/dhcp.h"
  54:Middlewares/Third_Party/LwIP/src/core/ipv4/etharp.c **** #include "lwip/autoip.h"
  55:Middlewares/Third_Party/LwIP/src/core/ipv4/etharp.c **** #include "lwip/prot/iana.h"
  56:Middlewares/Third_Party/LwIP/src/core/ipv4/etharp.c **** #include "netif/ethernet.h"
  57:Middlewares/Third_Party/LwIP/src/core/ipv4/etharp.c **** 
  58:Middlewares/Third_Party/LwIP/src/core/ipv4/etharp.c **** #include <string.h>
  59:Middlewares/Third_Party/LwIP/src/core/ipv4/etharp.c **** 
  60:Middlewares/Third_Party/LwIP/src/core/ipv4/etharp.c **** #ifdef LWIP_HOOK_FILENAME
ARM GAS  /tmp/ccbstRKj.s 			page 3


  61:Middlewares/Third_Party/LwIP/src/core/ipv4/etharp.c **** #include LWIP_HOOK_FILENAME
  62:Middlewares/Third_Party/LwIP/src/core/ipv4/etharp.c **** #endif
  63:Middlewares/Third_Party/LwIP/src/core/ipv4/etharp.c **** 
  64:Middlewares/Third_Party/LwIP/src/core/ipv4/etharp.c **** /** Re-request a used ARP entry 1 minute before it would expire to prevent
  65:Middlewares/Third_Party/LwIP/src/core/ipv4/etharp.c ****  *  breaking a steadily used connection because the ARP entry timed out. */
  66:Middlewares/Third_Party/LwIP/src/core/ipv4/etharp.c **** #define ARP_AGE_REREQUEST_USED_UNICAST   (ARP_MAXAGE - 30)
  67:Middlewares/Third_Party/LwIP/src/core/ipv4/etharp.c **** #define ARP_AGE_REREQUEST_USED_BROADCAST (ARP_MAXAGE - 15)
  68:Middlewares/Third_Party/LwIP/src/core/ipv4/etharp.c **** 
  69:Middlewares/Third_Party/LwIP/src/core/ipv4/etharp.c **** /** the time an ARP entry stays pending after first request,
  70:Middlewares/Third_Party/LwIP/src/core/ipv4/etharp.c ****  *  for ARP_TMR_INTERVAL = 1000, this is
  71:Middlewares/Third_Party/LwIP/src/core/ipv4/etharp.c ****  *  10 seconds.
  72:Middlewares/Third_Party/LwIP/src/core/ipv4/etharp.c ****  *
  73:Middlewares/Third_Party/LwIP/src/core/ipv4/etharp.c ****  *  @internal Keep this number at least 2, otherwise it might
  74:Middlewares/Third_Party/LwIP/src/core/ipv4/etharp.c ****  *  run out instantly if the timeout occurs directly after a request.
  75:Middlewares/Third_Party/LwIP/src/core/ipv4/etharp.c ****  */
  76:Middlewares/Third_Party/LwIP/src/core/ipv4/etharp.c **** #define ARP_MAXPENDING 5
  77:Middlewares/Third_Party/LwIP/src/core/ipv4/etharp.c **** 
  78:Middlewares/Third_Party/LwIP/src/core/ipv4/etharp.c **** /** ARP states */
  79:Middlewares/Third_Party/LwIP/src/core/ipv4/etharp.c **** enum etharp_state {
  80:Middlewares/Third_Party/LwIP/src/core/ipv4/etharp.c ****   ETHARP_STATE_EMPTY = 0,
  81:Middlewares/Third_Party/LwIP/src/core/ipv4/etharp.c ****   ETHARP_STATE_PENDING,
  82:Middlewares/Third_Party/LwIP/src/core/ipv4/etharp.c ****   ETHARP_STATE_STABLE,
  83:Middlewares/Third_Party/LwIP/src/core/ipv4/etharp.c ****   ETHARP_STATE_STABLE_REREQUESTING_1,
  84:Middlewares/Third_Party/LwIP/src/core/ipv4/etharp.c ****   ETHARP_STATE_STABLE_REREQUESTING_2
  85:Middlewares/Third_Party/LwIP/src/core/ipv4/etharp.c **** #if ETHARP_SUPPORT_STATIC_ENTRIES
  86:Middlewares/Third_Party/LwIP/src/core/ipv4/etharp.c ****   , ETHARP_STATE_STATIC
  87:Middlewares/Third_Party/LwIP/src/core/ipv4/etharp.c **** #endif /* ETHARP_SUPPORT_STATIC_ENTRIES */
  88:Middlewares/Third_Party/LwIP/src/core/ipv4/etharp.c **** };
  89:Middlewares/Third_Party/LwIP/src/core/ipv4/etharp.c **** 
  90:Middlewares/Third_Party/LwIP/src/core/ipv4/etharp.c **** struct etharp_entry {
  91:Middlewares/Third_Party/LwIP/src/core/ipv4/etharp.c **** #if ARP_QUEUEING
  92:Middlewares/Third_Party/LwIP/src/core/ipv4/etharp.c ****   /** Pointer to queue of pending outgoing packets on this ARP entry. */
  93:Middlewares/Third_Party/LwIP/src/core/ipv4/etharp.c ****   struct etharp_q_entry *q;
  94:Middlewares/Third_Party/LwIP/src/core/ipv4/etharp.c **** #else /* ARP_QUEUEING */
  95:Middlewares/Third_Party/LwIP/src/core/ipv4/etharp.c ****   /** Pointer to a single pending outgoing packet on this ARP entry. */
  96:Middlewares/Third_Party/LwIP/src/core/ipv4/etharp.c ****   struct pbuf *q;
  97:Middlewares/Third_Party/LwIP/src/core/ipv4/etharp.c **** #endif /* ARP_QUEUEING */
  98:Middlewares/Third_Party/LwIP/src/core/ipv4/etharp.c ****   ip4_addr_t ipaddr;
  99:Middlewares/Third_Party/LwIP/src/core/ipv4/etharp.c ****   struct netif *netif;
 100:Middlewares/Third_Party/LwIP/src/core/ipv4/etharp.c ****   struct eth_addr ethaddr;
 101:Middlewares/Third_Party/LwIP/src/core/ipv4/etharp.c ****   u16_t ctime;
 102:Middlewares/Third_Party/LwIP/src/core/ipv4/etharp.c ****   u8_t state;
 103:Middlewares/Third_Party/LwIP/src/core/ipv4/etharp.c **** };
 104:Middlewares/Third_Party/LwIP/src/core/ipv4/etharp.c **** 
 105:Middlewares/Third_Party/LwIP/src/core/ipv4/etharp.c **** static struct etharp_entry arp_table[ARP_TABLE_SIZE];
 106:Middlewares/Third_Party/LwIP/src/core/ipv4/etharp.c **** 
 107:Middlewares/Third_Party/LwIP/src/core/ipv4/etharp.c **** #if !LWIP_NETIF_HWADDRHINT
 108:Middlewares/Third_Party/LwIP/src/core/ipv4/etharp.c **** static netif_addr_idx_t etharp_cached_entry;
 109:Middlewares/Third_Party/LwIP/src/core/ipv4/etharp.c **** #endif /* !LWIP_NETIF_HWADDRHINT */
 110:Middlewares/Third_Party/LwIP/src/core/ipv4/etharp.c **** 
 111:Middlewares/Third_Party/LwIP/src/core/ipv4/etharp.c **** /** Try hard to create a new entry - we want the IP address to appear in
 112:Middlewares/Third_Party/LwIP/src/core/ipv4/etharp.c ****     the cache (even if this means removing an active entry or so). */
 113:Middlewares/Third_Party/LwIP/src/core/ipv4/etharp.c **** #define ETHARP_FLAG_TRY_HARD     1
 114:Middlewares/Third_Party/LwIP/src/core/ipv4/etharp.c **** #define ETHARP_FLAG_FIND_ONLY    2
 115:Middlewares/Third_Party/LwIP/src/core/ipv4/etharp.c **** #if ETHARP_SUPPORT_STATIC_ENTRIES
 116:Middlewares/Third_Party/LwIP/src/core/ipv4/etharp.c **** #define ETHARP_FLAG_STATIC_ENTRY 4
 117:Middlewares/Third_Party/LwIP/src/core/ipv4/etharp.c **** #endif /* ETHARP_SUPPORT_STATIC_ENTRIES */
ARM GAS  /tmp/ccbstRKj.s 			page 4


 118:Middlewares/Third_Party/LwIP/src/core/ipv4/etharp.c **** 
 119:Middlewares/Third_Party/LwIP/src/core/ipv4/etharp.c **** #if LWIP_NETIF_HWADDRHINT
 120:Middlewares/Third_Party/LwIP/src/core/ipv4/etharp.c **** #define ETHARP_SET_ADDRHINT(netif, addrhint)  do { if (((netif) != NULL) && ((netif)->hints != NULL
 121:Middlewares/Third_Party/LwIP/src/core/ipv4/etharp.c ****                                               (netif)->hints->addr_hint = (addrhint); }} while(0)
 122:Middlewares/Third_Party/LwIP/src/core/ipv4/etharp.c **** #else /* LWIP_NETIF_HWADDRHINT */
 123:Middlewares/Third_Party/LwIP/src/core/ipv4/etharp.c **** #define ETHARP_SET_ADDRHINT(netif, addrhint)  (etharp_cached_entry = (addrhint))
 124:Middlewares/Third_Party/LwIP/src/core/ipv4/etharp.c **** #endif /* LWIP_NETIF_HWADDRHINT */
 125:Middlewares/Third_Party/LwIP/src/core/ipv4/etharp.c **** 
 126:Middlewares/Third_Party/LwIP/src/core/ipv4/etharp.c **** 
 127:Middlewares/Third_Party/LwIP/src/core/ipv4/etharp.c **** /* Check for maximum ARP_TABLE_SIZE */
 128:Middlewares/Third_Party/LwIP/src/core/ipv4/etharp.c **** #if (ARP_TABLE_SIZE > NETIF_ADDR_IDX_MAX)
 129:Middlewares/Third_Party/LwIP/src/core/ipv4/etharp.c **** #error "ARP_TABLE_SIZE must fit in an s16_t, you have to reduce it in your lwipopts.h"
 130:Middlewares/Third_Party/LwIP/src/core/ipv4/etharp.c **** #endif
 131:Middlewares/Third_Party/LwIP/src/core/ipv4/etharp.c **** 
 132:Middlewares/Third_Party/LwIP/src/core/ipv4/etharp.c **** 
 133:Middlewares/Third_Party/LwIP/src/core/ipv4/etharp.c **** static err_t etharp_request_dst(struct netif *netif, const ip4_addr_t *ipaddr, const struct eth_add
 134:Middlewares/Third_Party/LwIP/src/core/ipv4/etharp.c **** static err_t etharp_raw(struct netif *netif,
 135:Middlewares/Third_Party/LwIP/src/core/ipv4/etharp.c ****                         const struct eth_addr *ethsrc_addr, const struct eth_addr *ethdst_addr,
 136:Middlewares/Third_Party/LwIP/src/core/ipv4/etharp.c ****                         const struct eth_addr *hwsrc_addr, const ip4_addr_t *ipsrc_addr,
 137:Middlewares/Third_Party/LwIP/src/core/ipv4/etharp.c ****                         const struct eth_addr *hwdst_addr, const ip4_addr_t *ipdst_addr,
 138:Middlewares/Third_Party/LwIP/src/core/ipv4/etharp.c ****                         const u16_t opcode);
 139:Middlewares/Third_Party/LwIP/src/core/ipv4/etharp.c **** 
 140:Middlewares/Third_Party/LwIP/src/core/ipv4/etharp.c **** #if ARP_QUEUEING
 141:Middlewares/Third_Party/LwIP/src/core/ipv4/etharp.c **** /**
 142:Middlewares/Third_Party/LwIP/src/core/ipv4/etharp.c ****  * Free a complete queue of etharp entries
 143:Middlewares/Third_Party/LwIP/src/core/ipv4/etharp.c ****  *
 144:Middlewares/Third_Party/LwIP/src/core/ipv4/etharp.c ****  * @param q a qeueue of etharp_q_entry's to free
 145:Middlewares/Third_Party/LwIP/src/core/ipv4/etharp.c ****  */
 146:Middlewares/Third_Party/LwIP/src/core/ipv4/etharp.c **** static void
 147:Middlewares/Third_Party/LwIP/src/core/ipv4/etharp.c **** free_etharp_q(struct etharp_q_entry *q)
 148:Middlewares/Third_Party/LwIP/src/core/ipv4/etharp.c **** {
  43              		.loc 1 148 1 view -0
  44              		.cfi_startproc
  45              		@ args = 0, pretend = 0, frame = 0
  46              		@ frame_needed = 0, uses_anonymous_args = 0
  47              		.loc 1 148 1 is_stmt 0 view .LVU1
  48 0000 38B5     		push	{r3, r4, r5, lr}
  49              	.LCFI0:
  50              		.cfi_def_cfa_offset 16
  51              		.cfi_offset 3, -16
  52              		.cfi_offset 4, -12
  53              		.cfi_offset 5, -8
  54              		.cfi_offset 14, -4
 149:Middlewares/Third_Party/LwIP/src/core/ipv4/etharp.c ****   struct etharp_q_entry *r;
  55              		.loc 1 149 3 is_stmt 1 view .LVU2
 150:Middlewares/Third_Party/LwIP/src/core/ipv4/etharp.c ****   LWIP_ASSERT("q != NULL", q != NULL);
  56              		.loc 1 150 3 view .LVU3
  57              		.loc 1 150 3 view .LVU4
  58 0002 0446     		mov	r4, r0
  59 0004 70B9     		cbnz	r0, .L3
  60              		.loc 1 150 3 discriminator 1 view .LVU5
  61              		.loc 1 150 3 discriminator 1 view .LVU6
  62 0006 0E4B     		ldr	r3, .L8
  63 0008 9622     		movs	r2, #150
  64 000a 0E49     		ldr	r1, .L8+4
  65 000c 0E48     		ldr	r0, .L8+8
  66              	.LVL1:
ARM GAS  /tmp/ccbstRKj.s 			page 5


  67              		.loc 1 150 3 is_stmt 0 discriminator 1 view .LVU7
  68 000e FFF7FEFF 		bl	printf
  69              	.LVL2:
  70 0012 07E0     		b	.L3
  71              	.LVL3:
  72              	.L4:
 151:Middlewares/Third_Party/LwIP/src/core/ipv4/etharp.c ****   while (q) {
 152:Middlewares/Third_Party/LwIP/src/core/ipv4/etharp.c ****     r = q;
 153:Middlewares/Third_Party/LwIP/src/core/ipv4/etharp.c ****     q = q->next;
 154:Middlewares/Third_Party/LwIP/src/core/ipv4/etharp.c ****     LWIP_ASSERT("r->p != NULL", (r->p != NULL));
  73              		.loc 1 154 5 is_stmt 1 discriminator 3 view .LVU8
  74              		.loc 1 154 5 discriminator 3 view .LVU9
 155:Middlewares/Third_Party/LwIP/src/core/ipv4/etharp.c ****     pbuf_free(r->p);
  75              		.loc 1 155 5 discriminator 3 view .LVU10
  76 0014 6068     		ldr	r0, [r4, #4]
  77 0016 FFF7FEFF 		bl	pbuf_free
  78              	.LVL4:
 156:Middlewares/Third_Party/LwIP/src/core/ipv4/etharp.c ****     memp_free(MEMP_ARP_QUEUE, r);
  79              		.loc 1 156 5 discriminator 3 view .LVU11
  80 001a 2146     		mov	r1, r4
  81 001c 0720     		movs	r0, #7
  82 001e FFF7FEFF 		bl	memp_free
  83              	.LVL5:
 153:Middlewares/Third_Party/LwIP/src/core/ipv4/etharp.c ****     LWIP_ASSERT("r->p != NULL", (r->p != NULL));
  84              		.loc 1 153 7 is_stmt 0 discriminator 3 view .LVU12
  85 0022 2C46     		mov	r4, r5
  86              	.LVL6:
  87              	.L3:
 151:Middlewares/Third_Party/LwIP/src/core/ipv4/etharp.c ****     r = q;
  88              		.loc 1 151 9 is_stmt 1 view .LVU13
  89 0024 54B1     		cbz	r4, .L7
 152:Middlewares/Third_Party/LwIP/src/core/ipv4/etharp.c ****     q = q->next;
  90              		.loc 1 152 5 view .LVU14
  91              	.LVL7:
 153:Middlewares/Third_Party/LwIP/src/core/ipv4/etharp.c ****     LWIP_ASSERT("r->p != NULL", (r->p != NULL));
  92              		.loc 1 153 5 view .LVU15
 153:Middlewares/Third_Party/LwIP/src/core/ipv4/etharp.c ****     LWIP_ASSERT("r->p != NULL", (r->p != NULL));
  93              		.loc 1 153 7 is_stmt 0 view .LVU16
  94 0026 2568     		ldr	r5, [r4]
  95              	.LVL8:
 154:Middlewares/Third_Party/LwIP/src/core/ipv4/etharp.c ****     pbuf_free(r->p);
  96              		.loc 1 154 5 is_stmt 1 view .LVU17
 154:Middlewares/Third_Party/LwIP/src/core/ipv4/etharp.c ****     pbuf_free(r->p);
  97              		.loc 1 154 5 view .LVU18
  98 0028 6368     		ldr	r3, [r4, #4]
  99 002a 002B     		cmp	r3, #0
 100 002c F2D1     		bne	.L4
 154:Middlewares/Third_Party/LwIP/src/core/ipv4/etharp.c ****     pbuf_free(r->p);
 101              		.loc 1 154 5 discriminator 1 view .LVU19
 154:Middlewares/Third_Party/LwIP/src/core/ipv4/etharp.c ****     pbuf_free(r->p);
 102              		.loc 1 154 5 discriminator 1 view .LVU20
 103 002e 044B     		ldr	r3, .L8
 104 0030 9A22     		movs	r2, #154
 105 0032 0649     		ldr	r1, .L8+12
 106 0034 0448     		ldr	r0, .L8+8
 107 0036 FFF7FEFF 		bl	printf
 108              	.LVL9:
ARM GAS  /tmp/ccbstRKj.s 			page 6


 109 003a EBE7     		b	.L4
 110              	.LVL10:
 111              	.L7:
 157:Middlewares/Third_Party/LwIP/src/core/ipv4/etharp.c ****   }
 158:Middlewares/Third_Party/LwIP/src/core/ipv4/etharp.c **** }
 112              		.loc 1 158 1 is_stmt 0 view .LVU21
 113 003c 38BD     		pop	{r3, r4, r5, pc}
 114              	.LVL11:
 115              	.L9:
 116              		.loc 1 158 1 view .LVU22
 117 003e 00BF     		.align	2
 118              	.L8:
 119 0040 00000000 		.word	.LC0
 120 0044 34000000 		.word	.LC1
 121 0048 40000000 		.word	.LC2
 122 004c 68000000 		.word	.LC3
 123              		.cfi_endproc
 124              	.LFE159:
 126              		.section	.text.etharp_free_entry,"ax",%progbits
 127              		.align	1
 128              		.syntax unified
 129              		.thumb
 130              		.thumb_func
 131              		.fpu fpv4-sp-d16
 133              	etharp_free_entry:
 134              	.LVL12:
 135              	.LFB160:
 159:Middlewares/Third_Party/LwIP/src/core/ipv4/etharp.c **** #else /* ARP_QUEUEING */
 160:Middlewares/Third_Party/LwIP/src/core/ipv4/etharp.c **** 
 161:Middlewares/Third_Party/LwIP/src/core/ipv4/etharp.c **** /** Compatibility define: free the queued pbuf */
 162:Middlewares/Third_Party/LwIP/src/core/ipv4/etharp.c **** #define free_etharp_q(q) pbuf_free(q)
 163:Middlewares/Third_Party/LwIP/src/core/ipv4/etharp.c **** 
 164:Middlewares/Third_Party/LwIP/src/core/ipv4/etharp.c **** #endif /* ARP_QUEUEING */
 165:Middlewares/Third_Party/LwIP/src/core/ipv4/etharp.c **** 
 166:Middlewares/Third_Party/LwIP/src/core/ipv4/etharp.c **** /** Clean up ARP table entries */
 167:Middlewares/Third_Party/LwIP/src/core/ipv4/etharp.c **** static void
 168:Middlewares/Third_Party/LwIP/src/core/ipv4/etharp.c **** etharp_free_entry(int i)
 169:Middlewares/Third_Party/LwIP/src/core/ipv4/etharp.c **** {
 136              		.loc 1 169 1 is_stmt 1 view -0
 137              		.cfi_startproc
 138              		@ args = 0, pretend = 0, frame = 0
 139              		@ frame_needed = 0, uses_anonymous_args = 0
 140              		.loc 1 169 1 is_stmt 0 view .LVU24
 141 0000 10B5     		push	{r4, lr}
 142              	.LCFI1:
 143              		.cfi_def_cfa_offset 8
 144              		.cfi_offset 4, -8
 145              		.cfi_offset 14, -4
 146 0002 0446     		mov	r4, r0
 170:Middlewares/Third_Party/LwIP/src/core/ipv4/etharp.c ****   /* remove from SNMP ARP index tree */
 171:Middlewares/Third_Party/LwIP/src/core/ipv4/etharp.c ****   mib2_remove_arp_entry(arp_table[i].netif, &arp_table[i].ipaddr);
 147              		.loc 1 171 66 is_stmt 1 view .LVU25
 172:Middlewares/Third_Party/LwIP/src/core/ipv4/etharp.c ****   /* and empty packet queue */
 173:Middlewares/Third_Party/LwIP/src/core/ipv4/etharp.c ****   if (arp_table[i].q != NULL) {
 148              		.loc 1 173 3 view .LVU26
 149              		.loc 1 173 19 is_stmt 0 view .LVU27
 150 0004 00EB4002 		add	r2, r0, r0, lsl #1
ARM GAS  /tmp/ccbstRKj.s 			page 7


 151 0008 0E4B     		ldr	r3, .L13
 152 000a 53F83200 		ldr	r0, [r3, r2, lsl #3]
 153              	.LVL13:
 154              		.loc 1 173 6 view .LVU28
 155 000e 38B1     		cbz	r0, .L11
 174:Middlewares/Third_Party/LwIP/src/core/ipv4/etharp.c ****     /* remove all queued packets */
 175:Middlewares/Third_Party/LwIP/src/core/ipv4/etharp.c ****     LWIP_DEBUGF(ETHARP_DEBUG, ("etharp_free_entry: freeing entry %"U16_F", packet queue %p.\n", (u1
 156              		.loc 1 175 5 is_stmt 1 discriminator 4 view .LVU29
 157              		.loc 1 175 5 discriminator 4 view .LVU30
 158              		.loc 1 175 5 discriminator 4 view .LVU31
 176:Middlewares/Third_Party/LwIP/src/core/ipv4/etharp.c ****     free_etharp_q(arp_table[i].q);
 159              		.loc 1 176 5 discriminator 4 view .LVU32
 160 0010 FFF7FEFF 		bl	free_etharp_q
 161              	.LVL14:
 177:Middlewares/Third_Party/LwIP/src/core/ipv4/etharp.c ****     arp_table[i].q = NULL;
 162              		.loc 1 177 5 discriminator 4 view .LVU33
 163              		.loc 1 177 20 is_stmt 0 discriminator 4 view .LVU34
 164 0014 04EB4403 		add	r3, r4, r4, lsl #1
 165 0018 DB00     		lsls	r3, r3, #3
 166 001a 0A4A     		ldr	r2, .L13
 167 001c 0021     		movs	r1, #0
 168 001e D150     		str	r1, [r2, r3]
 169              	.L11:
 178:Middlewares/Third_Party/LwIP/src/core/ipv4/etharp.c ****   }
 179:Middlewares/Third_Party/LwIP/src/core/ipv4/etharp.c ****   /* recycle entry for re-use */
 180:Middlewares/Third_Party/LwIP/src/core/ipv4/etharp.c ****   arp_table[i].state = ETHARP_STATE_EMPTY;
 170              		.loc 1 180 3 is_stmt 1 view .LVU35
 171              		.loc 1 180 22 is_stmt 0 view .LVU36
 172 0020 0848     		ldr	r0, .L13
 173 0022 04EB4403 		add	r3, r4, r4, lsl #1
 174 0026 00EBC303 		add	r3, r0, r3, lsl #3
 175 002a 0022     		movs	r2, #0
 176 002c 1A75     		strb	r2, [r3, #20]
 181:Middlewares/Third_Party/LwIP/src/core/ipv4/etharp.c **** #ifdef LWIP_DEBUG
 182:Middlewares/Third_Party/LwIP/src/core/ipv4/etharp.c ****   /* for debugging, clean out the complete entry */
 183:Middlewares/Third_Party/LwIP/src/core/ipv4/etharp.c ****   arp_table[i].ctime = 0;
 177              		.loc 1 183 3 is_stmt 1 view .LVU37
 178              		.loc 1 183 22 is_stmt 0 view .LVU38
 179 002e 5A82     		strh	r2, [r3, #18]	@ movhi
 184:Middlewares/Third_Party/LwIP/src/core/ipv4/etharp.c ****   arp_table[i].netif = NULL;
 180              		.loc 1 184 3 is_stmt 1 view .LVU39
 181              		.loc 1 184 22 is_stmt 0 view .LVU40
 182 0030 9A60     		str	r2, [r3, #8]
 185:Middlewares/Third_Party/LwIP/src/core/ipv4/etharp.c ****   ip4_addr_set_zero(&arp_table[i].ipaddr);
 183              		.loc 1 185 3 is_stmt 1 view .LVU41
 184 0032 5A60     		str	r2, [r3, #4]
 186:Middlewares/Third_Party/LwIP/src/core/ipv4/etharp.c ****   arp_table[i].ethaddr = ethzero;
 185              		.loc 1 186 3 view .LVU42
 186              		.loc 1 186 24 is_stmt 0 view .LVU43
 187 0034 1C46     		mov	r4, r3
 188              	.LVL15:
 189              		.loc 1 186 24 view .LVU44
 190 0036 044B     		ldr	r3, .L13+4
 191 0038 1868     		ldr	r0, [r3]	@ unaligned
 192 003a E060     		str	r0, [r4, #12]
 193 003c 9B88     		ldrh	r3, [r3, #4]	@ unaligned
 194 003e 2382     		strh	r3, [r4, #16]	@ unaligned
ARM GAS  /tmp/ccbstRKj.s 			page 8


 187:Middlewares/Third_Party/LwIP/src/core/ipv4/etharp.c **** #endif /* LWIP_DEBUG */
 188:Middlewares/Third_Party/LwIP/src/core/ipv4/etharp.c **** }
 195              		.loc 1 188 1 view .LVU45
 196 0040 10BD     		pop	{r4, pc}
 197              	.L14:
 198 0042 00BF     		.align	2
 199              	.L13:
 200 0044 00000000 		.word	.LANCHOR0
 201 0048 00000000 		.word	ethzero
 202              		.cfi_endproc
 203              	.LFE160:
 205              		.section	.rodata.etharp_find_entry.str1.4,"aMS",%progbits,1
 206              		.align	2
 207              	.LC4:
 208 0000 6172705F 		.ascii	"arp_table[i].q == NULL\000"
 208      7461626C 
 208      655B695D 
 208      2E71203D 
 208      3D204E55 
 209 0017 00       		.align	2
 210              	.LC5:
 211 0018 69203C20 		.ascii	"i < ARP_TABLE_SIZE\000"
 211      4152505F 
 211      5441424C 
 211      455F5349 
 211      5A4500
 212 002b 00       		.align	2
 213              	.LC6:
 214 002c 6172705F 		.ascii	"arp_table[i].state == ETHARP_STATE_EMPTY\000"
 214      7461626C 
 214      655B695D 
 214      2E737461 
 214      7465203D 
 215              		.section	.text.etharp_find_entry,"ax",%progbits
 216              		.align	1
 217              		.syntax unified
 218              		.thumb
 219              		.thumb_func
 220              		.fpu fpv4-sp-d16
 222              	etharp_find_entry:
 223              	.LVL16:
 224              	.LFB162:
 189:Middlewares/Third_Party/LwIP/src/core/ipv4/etharp.c **** 
 190:Middlewares/Third_Party/LwIP/src/core/ipv4/etharp.c **** /**
 191:Middlewares/Third_Party/LwIP/src/core/ipv4/etharp.c ****  * Clears expired entries in the ARP table.
 192:Middlewares/Third_Party/LwIP/src/core/ipv4/etharp.c ****  *
 193:Middlewares/Third_Party/LwIP/src/core/ipv4/etharp.c ****  * This function should be called every ARP_TMR_INTERVAL milliseconds (1 second),
 194:Middlewares/Third_Party/LwIP/src/core/ipv4/etharp.c ****  * in order to expire entries in the ARP table.
 195:Middlewares/Third_Party/LwIP/src/core/ipv4/etharp.c ****  */
 196:Middlewares/Third_Party/LwIP/src/core/ipv4/etharp.c **** void
 197:Middlewares/Third_Party/LwIP/src/core/ipv4/etharp.c **** etharp_tmr(void)
 198:Middlewares/Third_Party/LwIP/src/core/ipv4/etharp.c **** {
 199:Middlewares/Third_Party/LwIP/src/core/ipv4/etharp.c ****   int i;
 200:Middlewares/Third_Party/LwIP/src/core/ipv4/etharp.c **** 
 201:Middlewares/Third_Party/LwIP/src/core/ipv4/etharp.c ****   LWIP_DEBUGF(ETHARP_DEBUG, ("etharp_timer\n"));
 202:Middlewares/Third_Party/LwIP/src/core/ipv4/etharp.c ****   /* remove expired entries from the ARP table */
 203:Middlewares/Third_Party/LwIP/src/core/ipv4/etharp.c ****   for (i = 0; i < ARP_TABLE_SIZE; ++i) {
ARM GAS  /tmp/ccbstRKj.s 			page 9


 204:Middlewares/Third_Party/LwIP/src/core/ipv4/etharp.c ****     u8_t state = arp_table[i].state;
 205:Middlewares/Third_Party/LwIP/src/core/ipv4/etharp.c ****     if (state != ETHARP_STATE_EMPTY
 206:Middlewares/Third_Party/LwIP/src/core/ipv4/etharp.c **** #if ETHARP_SUPPORT_STATIC_ENTRIES
 207:Middlewares/Third_Party/LwIP/src/core/ipv4/etharp.c ****         && (state != ETHARP_STATE_STATIC)
 208:Middlewares/Third_Party/LwIP/src/core/ipv4/etharp.c **** #endif /* ETHARP_SUPPORT_STATIC_ENTRIES */
 209:Middlewares/Third_Party/LwIP/src/core/ipv4/etharp.c ****        ) {
 210:Middlewares/Third_Party/LwIP/src/core/ipv4/etharp.c ****       arp_table[i].ctime++;
 211:Middlewares/Third_Party/LwIP/src/core/ipv4/etharp.c ****       if ((arp_table[i].ctime >= ARP_MAXAGE) ||
 212:Middlewares/Third_Party/LwIP/src/core/ipv4/etharp.c ****           ((arp_table[i].state == ETHARP_STATE_PENDING)  &&
 213:Middlewares/Third_Party/LwIP/src/core/ipv4/etharp.c ****            (arp_table[i].ctime >= ARP_MAXPENDING))) {
 214:Middlewares/Third_Party/LwIP/src/core/ipv4/etharp.c ****         /* pending or stable entry has become old! */
 215:Middlewares/Third_Party/LwIP/src/core/ipv4/etharp.c ****         LWIP_DEBUGF(ETHARP_DEBUG, ("etharp_timer: expired %s entry %d.\n",
 216:Middlewares/Third_Party/LwIP/src/core/ipv4/etharp.c ****                                    arp_table[i].state >= ETHARP_STATE_STABLE ? "stable" : "pending"
 217:Middlewares/Third_Party/LwIP/src/core/ipv4/etharp.c ****         /* clean up entries that have just been expired */
 218:Middlewares/Third_Party/LwIP/src/core/ipv4/etharp.c ****         etharp_free_entry(i);
 219:Middlewares/Third_Party/LwIP/src/core/ipv4/etharp.c ****       } else if (arp_table[i].state == ETHARP_STATE_STABLE_REREQUESTING_1) {
 220:Middlewares/Third_Party/LwIP/src/core/ipv4/etharp.c ****         /* Don't send more than one request every 2 seconds. */
 221:Middlewares/Third_Party/LwIP/src/core/ipv4/etharp.c ****         arp_table[i].state = ETHARP_STATE_STABLE_REREQUESTING_2;
 222:Middlewares/Third_Party/LwIP/src/core/ipv4/etharp.c ****       } else if (arp_table[i].state == ETHARP_STATE_STABLE_REREQUESTING_2) {
 223:Middlewares/Third_Party/LwIP/src/core/ipv4/etharp.c ****         /* Reset state to stable, so that the next transmitted packet will
 224:Middlewares/Third_Party/LwIP/src/core/ipv4/etharp.c ****            re-send an ARP request. */
 225:Middlewares/Third_Party/LwIP/src/core/ipv4/etharp.c ****         arp_table[i].state = ETHARP_STATE_STABLE;
 226:Middlewares/Third_Party/LwIP/src/core/ipv4/etharp.c ****       } else if (arp_table[i].state == ETHARP_STATE_PENDING) {
 227:Middlewares/Third_Party/LwIP/src/core/ipv4/etharp.c ****         /* still pending, resend an ARP query */
 228:Middlewares/Third_Party/LwIP/src/core/ipv4/etharp.c ****         etharp_request(arp_table[i].netif, &arp_table[i].ipaddr);
 229:Middlewares/Third_Party/LwIP/src/core/ipv4/etharp.c ****       }
 230:Middlewares/Third_Party/LwIP/src/core/ipv4/etharp.c ****     }
 231:Middlewares/Third_Party/LwIP/src/core/ipv4/etharp.c ****   }
 232:Middlewares/Third_Party/LwIP/src/core/ipv4/etharp.c **** }
 233:Middlewares/Third_Party/LwIP/src/core/ipv4/etharp.c **** 
 234:Middlewares/Third_Party/LwIP/src/core/ipv4/etharp.c **** /**
 235:Middlewares/Third_Party/LwIP/src/core/ipv4/etharp.c ****  * Search the ARP table for a matching or new entry.
 236:Middlewares/Third_Party/LwIP/src/core/ipv4/etharp.c ****  *
 237:Middlewares/Third_Party/LwIP/src/core/ipv4/etharp.c ****  * If an IP address is given, return a pending or stable ARP entry that matches
 238:Middlewares/Third_Party/LwIP/src/core/ipv4/etharp.c ****  * the address. If no match is found, create a new entry with this address set,
 239:Middlewares/Third_Party/LwIP/src/core/ipv4/etharp.c ****  * but in state ETHARP_EMPTY. The caller must check and possibly change the
 240:Middlewares/Third_Party/LwIP/src/core/ipv4/etharp.c ****  * state of the returned entry.
 241:Middlewares/Third_Party/LwIP/src/core/ipv4/etharp.c ****  *
 242:Middlewares/Third_Party/LwIP/src/core/ipv4/etharp.c ****  * If ipaddr is NULL, return a initialized new entry in state ETHARP_EMPTY.
 243:Middlewares/Third_Party/LwIP/src/core/ipv4/etharp.c ****  *
 244:Middlewares/Third_Party/LwIP/src/core/ipv4/etharp.c ****  * In all cases, attempt to create new entries from an empty entry. If no
 245:Middlewares/Third_Party/LwIP/src/core/ipv4/etharp.c ****  * empty entries are available and ETHARP_FLAG_TRY_HARD flag is set, recycle
 246:Middlewares/Third_Party/LwIP/src/core/ipv4/etharp.c ****  * old entries. Heuristic choose the least important entry for recycling.
 247:Middlewares/Third_Party/LwIP/src/core/ipv4/etharp.c ****  *
 248:Middlewares/Third_Party/LwIP/src/core/ipv4/etharp.c ****  * @param ipaddr IP address to find in ARP cache, or to add if not found.
 249:Middlewares/Third_Party/LwIP/src/core/ipv4/etharp.c ****  * @param flags See @ref etharp_state
 250:Middlewares/Third_Party/LwIP/src/core/ipv4/etharp.c ****  * @param netif netif related to this address (used for NETIF_HWADDRHINT)
 251:Middlewares/Third_Party/LwIP/src/core/ipv4/etharp.c ****  *
 252:Middlewares/Third_Party/LwIP/src/core/ipv4/etharp.c ****  * @return The ARP entry index that matched or is created, ERR_MEM if no
 253:Middlewares/Third_Party/LwIP/src/core/ipv4/etharp.c ****  * entry is found or could be recycled.
 254:Middlewares/Third_Party/LwIP/src/core/ipv4/etharp.c ****  */
 255:Middlewares/Third_Party/LwIP/src/core/ipv4/etharp.c **** static s16_t
 256:Middlewares/Third_Party/LwIP/src/core/ipv4/etharp.c **** etharp_find_entry(const ip4_addr_t *ipaddr, u8_t flags, struct netif *netif)
 257:Middlewares/Third_Party/LwIP/src/core/ipv4/etharp.c **** {
 225              		.loc 1 257 1 is_stmt 1 view -0
 226              		.cfi_startproc
 227              		@ args = 0, pretend = 0, frame = 8
ARM GAS  /tmp/ccbstRKj.s 			page 10


 228              		@ frame_needed = 0, uses_anonymous_args = 0
 229              		.loc 1 257 1 is_stmt 0 view .LVU47
 230 0000 2DE9F04F 		push	{r4, r5, r6, r7, r8, r9, r10, fp, lr}
 231              	.LCFI2:
 232              		.cfi_def_cfa_offset 36
 233              		.cfi_offset 4, -36
 234              		.cfi_offset 5, -32
 235              		.cfi_offset 6, -28
 236              		.cfi_offset 7, -24
 237              		.cfi_offset 8, -20
 238              		.cfi_offset 9, -16
 239              		.cfi_offset 10, -12
 240              		.cfi_offset 11, -8
 241              		.cfi_offset 14, -4
 242 0004 83B0     		sub	sp, sp, #12
 243              	.LCFI3:
 244              		.cfi_def_cfa_offset 48
 245 0006 0746     		mov	r7, r0
 246 0008 9046     		mov	r8, r2
 258:Middlewares/Third_Party/LwIP/src/core/ipv4/etharp.c ****   s16_t old_pending = ARP_TABLE_SIZE, old_stable = ARP_TABLE_SIZE;
 247              		.loc 1 258 3 is_stmt 1 view .LVU48
 248              	.LVL17:
 259:Middlewares/Third_Party/LwIP/src/core/ipv4/etharp.c ****   s16_t empty = ARP_TABLE_SIZE;
 249              		.loc 1 259 3 view .LVU49
 260:Middlewares/Third_Party/LwIP/src/core/ipv4/etharp.c ****   s16_t i = 0;
 250              		.loc 1 260 3 view .LVU50
 261:Middlewares/Third_Party/LwIP/src/core/ipv4/etharp.c ****   /* oldest entry with packets on queue */
 262:Middlewares/Third_Party/LwIP/src/core/ipv4/etharp.c ****   s16_t old_queue = ARP_TABLE_SIZE;
 251              		.loc 1 262 3 view .LVU51
 263:Middlewares/Third_Party/LwIP/src/core/ipv4/etharp.c ****   /* its age */
 264:Middlewares/Third_Party/LwIP/src/core/ipv4/etharp.c ****   u16_t age_queue = 0, age_pending = 0, age_stable = 0;
 252              		.loc 1 264 3 view .LVU52
 265:Middlewares/Third_Party/LwIP/src/core/ipv4/etharp.c **** 
 266:Middlewares/Third_Party/LwIP/src/core/ipv4/etharp.c ****   LWIP_UNUSED_ARG(netif);
 253              		.loc 1 266 3 view .LVU53
 267:Middlewares/Third_Party/LwIP/src/core/ipv4/etharp.c **** 
 268:Middlewares/Third_Party/LwIP/src/core/ipv4/etharp.c ****   /**
 269:Middlewares/Third_Party/LwIP/src/core/ipv4/etharp.c ****    * a) do a search through the cache, remember candidates
 270:Middlewares/Third_Party/LwIP/src/core/ipv4/etharp.c ****    * b) select candidate entry
 271:Middlewares/Third_Party/LwIP/src/core/ipv4/etharp.c ****    * c) create new entry
 272:Middlewares/Third_Party/LwIP/src/core/ipv4/etharp.c ****    */
 273:Middlewares/Third_Party/LwIP/src/core/ipv4/etharp.c **** 
 274:Middlewares/Third_Party/LwIP/src/core/ipv4/etharp.c ****   /* a) in a single search sweep, do all of this
 275:Middlewares/Third_Party/LwIP/src/core/ipv4/etharp.c ****    * 1) remember the first empty entry (if any)
 276:Middlewares/Third_Party/LwIP/src/core/ipv4/etharp.c ****    * 2) remember the oldest stable entry (if any)
 277:Middlewares/Third_Party/LwIP/src/core/ipv4/etharp.c ****    * 3) remember the oldest pending entry without queued packets (if any)
 278:Middlewares/Third_Party/LwIP/src/core/ipv4/etharp.c ****    * 4) remember the oldest pending entry with queued packets (if any)
 279:Middlewares/Third_Party/LwIP/src/core/ipv4/etharp.c ****    * 5) search for a matching IP entry, either pending or stable
 280:Middlewares/Third_Party/LwIP/src/core/ipv4/etharp.c ****    *    until 5 matches, or all entries are searched for.
 281:Middlewares/Third_Party/LwIP/src/core/ipv4/etharp.c ****    */
 282:Middlewares/Third_Party/LwIP/src/core/ipv4/etharp.c **** 
 283:Middlewares/Third_Party/LwIP/src/core/ipv4/etharp.c ****   for (i = 0; i < ARP_TABLE_SIZE; ++i) {
 254              		.loc 1 283 3 view .LVU54
 264:Middlewares/Third_Party/LwIP/src/core/ipv4/etharp.c **** 
 255              		.loc 1 264 41 is_stmt 0 view .LVU55
 256 000a 4FF0000E 		mov	lr, #0
 264:Middlewares/Third_Party/LwIP/src/core/ipv4/etharp.c **** 
ARM GAS  /tmp/ccbstRKj.s 			page 11


 257              		.loc 1 264 24 view .LVU56
 258 000e CDF800E0 		str	lr, [sp]
 264:Middlewares/Third_Party/LwIP/src/core/ipv4/etharp.c **** 
 259              		.loc 1 264 9 view .LVU57
 260 0012 F346     		mov	fp, lr
 262:Middlewares/Third_Party/LwIP/src/core/ipv4/etharp.c ****   /* its age */
 261              		.loc 1 262 9 view .LVU58
 262 0014 4FF00A0A 		mov	r10, #10
 263              		.loc 1 283 10 view .LVU59
 264 0018 7346     		mov	r3, lr
 259:Middlewares/Third_Party/LwIP/src/core/ipv4/etharp.c ****   s16_t i = 0;
 265              		.loc 1 259 9 view .LVU60
 266 001a 5646     		mov	r6, r10
 258:Middlewares/Third_Party/LwIP/src/core/ipv4/etharp.c ****   s16_t empty = ARP_TABLE_SIZE;
 267              		.loc 1 258 39 view .LVU61
 268 001c D146     		mov	r9, r10
 258:Middlewares/Third_Party/LwIP/src/core/ipv4/etharp.c ****   s16_t empty = ARP_TABLE_SIZE;
 269              		.loc 1 258 9 view .LVU62
 270 001e CDF804A0 		str	r10, [sp, #4]
 271              		.loc 1 283 3 view .LVU63
 272 0022 03E0     		b	.L16
 273              	.LVL18:
 274              	.L45:
 275              	.LBB2:
 284:Middlewares/Third_Party/LwIP/src/core/ipv4/etharp.c ****     u8_t state = arp_table[i].state;
 285:Middlewares/Third_Party/LwIP/src/core/ipv4/etharp.c ****     /* no empty entry found yet and now we do find one? */
 286:Middlewares/Third_Party/LwIP/src/core/ipv4/etharp.c ****     if ((empty == ARP_TABLE_SIZE) && (state == ETHARP_STATE_EMPTY)) {
 276              		.loc 1 286 35 discriminator 1 view .LVU64
 277 0024 68B9     		cbnz	r0, .L17
 287:Middlewares/Third_Party/LwIP/src/core/ipv4/etharp.c ****       LWIP_DEBUGF(ETHARP_DEBUG, ("etharp_find_entry: found empty entry %d\n", (int)i));
 288:Middlewares/Third_Party/LwIP/src/core/ipv4/etharp.c ****       /* remember first empty entry */
 289:Middlewares/Third_Party/LwIP/src/core/ipv4/etharp.c ****       empty = i;
 278              		.loc 1 289 13 view .LVU65
 279 0026 1E46     		mov	r6, r3
 280              	.LVL19:
 281              	.L18:
 282              		.loc 1 289 13 view .LVU66
 283              	.LBE2:
 283:Middlewares/Third_Party/LwIP/src/core/ipv4/etharp.c ****     u8_t state = arp_table[i].state;
 284              		.loc 1 283 35 is_stmt 1 discriminator 2 view .LVU67
 285 0028 0133     		adds	r3, r3, #1
 286              	.LVL20:
 283:Middlewares/Third_Party/LwIP/src/core/ipv4/etharp.c ****     u8_t state = arp_table[i].state;
 287              		.loc 1 283 35 is_stmt 0 discriminator 2 view .LVU68
 288 002a 1BB2     		sxth	r3, r3
 289              	.LVL21:
 290              	.L16:
 283:Middlewares/Third_Party/LwIP/src/core/ipv4/etharp.c ****     u8_t state = arp_table[i].state;
 291              		.loc 1 283 15 is_stmt 1 discriminator 1 view .LVU69
 283:Middlewares/Third_Party/LwIP/src/core/ipv4/etharp.c ****     u8_t state = arp_table[i].state;
 292              		.loc 1 283 3 is_stmt 0 discriminator 1 view .LVU70
 293 002c 092B     		cmp	r3, #9
 294 002e 4BDC     		bgt	.L44
 295              	.LBB3:
 284:Middlewares/Third_Party/LwIP/src/core/ipv4/etharp.c ****     u8_t state = arp_table[i].state;
 296              		.loc 1 284 5 is_stmt 1 view .LVU71
 284:Middlewares/Third_Party/LwIP/src/core/ipv4/etharp.c ****     u8_t state = arp_table[i].state;
ARM GAS  /tmp/ccbstRKj.s 			page 12


 297              		.loc 1 284 30 is_stmt 0 view .LVU72
 298 0030 1C46     		mov	r4, r3
 284:Middlewares/Third_Party/LwIP/src/core/ipv4/etharp.c ****     u8_t state = arp_table[i].state;
 299              		.loc 1 284 10 view .LVU73
 300 0032 03EB4302 		add	r2, r3, r3, lsl #1
 301 0036 5C48     		ldr	r0, .L52
 302 0038 00EBC202 		add	r2, r0, r2, lsl #3
 303 003c 107D     		ldrb	r0, [r2, #20]	@ zero_extendqisi2
 304              	.LVL22:
 286:Middlewares/Third_Party/LwIP/src/core/ipv4/etharp.c ****       LWIP_DEBUGF(ETHARP_DEBUG, ("etharp_find_entry: found empty entry %d\n", (int)i));
 305              		.loc 1 286 5 is_stmt 1 view .LVU74
 286:Middlewares/Third_Party/LwIP/src/core/ipv4/etharp.c ****       LWIP_DEBUGF(ETHARP_DEBUG, ("etharp_find_entry: found empty entry %d\n", (int)i));
 306              		.loc 1 286 8 is_stmt 0 view .LVU75
 307 003e 0A2E     		cmp	r6, #10
 308 0040 F0D0     		beq	.L45
 309              	.L17:
 290:Middlewares/Third_Party/LwIP/src/core/ipv4/etharp.c ****     } else if (state != ETHARP_STATE_EMPTY) {
 310              		.loc 1 290 12 is_stmt 1 view .LVU76
 311              		.loc 1 290 15 is_stmt 0 view .LVU77
 312 0042 0028     		cmp	r0, #0
 313 0044 F0D0     		beq	.L18
 291:Middlewares/Third_Party/LwIP/src/core/ipv4/etharp.c ****       LWIP_ASSERT("state == ETHARP_STATE_PENDING || state >= ETHARP_STATE_STABLE",
 314              		.loc 1 291 7 is_stmt 1 discriminator 3 view .LVU78
 315              		.loc 1 291 7 discriminator 3 view .LVU79
 316              		.loc 1 291 7 discriminator 3 view .LVU80
 317              		.loc 1 291 7 discriminator 3 view .LVU81
 292:Middlewares/Third_Party/LwIP/src/core/ipv4/etharp.c ****                   state == ETHARP_STATE_PENDING || state >= ETHARP_STATE_STABLE);
 293:Middlewares/Third_Party/LwIP/src/core/ipv4/etharp.c ****       /* if given, does IP address match IP address in ARP entry? */
 294:Middlewares/Third_Party/LwIP/src/core/ipv4/etharp.c ****       if (ipaddr && ip4_addr_cmp(ipaddr, &arp_table[i].ipaddr)
 318              		.loc 1 294 7 discriminator 3 view .LVU82
 319              		.loc 1 294 10 is_stmt 0 discriminator 3 view .LVU83
 320 0046 47B1     		cbz	r7, .L19
 321              		.loc 1 294 21 discriminator 1 view .LVU84
 322 0048 3A68     		ldr	r2, [r7]
 323 004a 04EB440C 		add	ip, r4, r4, lsl #1
 324 004e 564D     		ldr	r5, .L52
 325 0050 05EBCC05 		add	r5, r5, ip, lsl #3
 326 0054 6D68     		ldr	r5, [r5, #4]
 327              		.loc 1 294 18 discriminator 1 view .LVU85
 328 0056 AA42     		cmp	r2, r5
 329 0058 0ED0     		beq	.L46
 330              	.L19:
 295:Middlewares/Third_Party/LwIP/src/core/ipv4/etharp.c **** #if ETHARP_TABLE_MATCH_NETIF
 296:Middlewares/Third_Party/LwIP/src/core/ipv4/etharp.c ****           && ((netif == NULL) || (netif == arp_table[i].netif))
 297:Middlewares/Third_Party/LwIP/src/core/ipv4/etharp.c **** #endif /* ETHARP_TABLE_MATCH_NETIF */
 298:Middlewares/Third_Party/LwIP/src/core/ipv4/etharp.c ****          ) {
 299:Middlewares/Third_Party/LwIP/src/core/ipv4/etharp.c ****         LWIP_DEBUGF(ETHARP_DEBUG | LWIP_DBG_TRACE, ("etharp_find_entry: found matching entry %d\n",
 300:Middlewares/Third_Party/LwIP/src/core/ipv4/etharp.c ****         /* found exact IP address match, simply bail out */
 301:Middlewares/Third_Party/LwIP/src/core/ipv4/etharp.c ****         return i;
 302:Middlewares/Third_Party/LwIP/src/core/ipv4/etharp.c ****       }
 303:Middlewares/Third_Party/LwIP/src/core/ipv4/etharp.c ****       /* pending entry? */
 304:Middlewares/Third_Party/LwIP/src/core/ipv4/etharp.c ****       if (state == ETHARP_STATE_PENDING) {
 331              		.loc 1 304 7 is_stmt 1 view .LVU86
 332              		.loc 1 304 10 is_stmt 0 view .LVU87
 333 005a 0128     		cmp	r0, #1
 334 005c 18D0     		beq	.L47
 305:Middlewares/Third_Party/LwIP/src/core/ipv4/etharp.c ****         /* pending with queued packets? */
ARM GAS  /tmp/ccbstRKj.s 			page 13


 306:Middlewares/Third_Party/LwIP/src/core/ipv4/etharp.c ****         if (arp_table[i].q != NULL) {
 307:Middlewares/Third_Party/LwIP/src/core/ipv4/etharp.c ****           if (arp_table[i].ctime >= age_queue) {
 308:Middlewares/Third_Party/LwIP/src/core/ipv4/etharp.c ****             old_queue = i;
 309:Middlewares/Third_Party/LwIP/src/core/ipv4/etharp.c ****             age_queue = arp_table[i].ctime;
 310:Middlewares/Third_Party/LwIP/src/core/ipv4/etharp.c ****           }
 311:Middlewares/Third_Party/LwIP/src/core/ipv4/etharp.c ****         } else
 312:Middlewares/Third_Party/LwIP/src/core/ipv4/etharp.c ****           /* pending without queued packets? */
 313:Middlewares/Third_Party/LwIP/src/core/ipv4/etharp.c ****         {
 314:Middlewares/Third_Party/LwIP/src/core/ipv4/etharp.c ****           if (arp_table[i].ctime >= age_pending) {
 315:Middlewares/Third_Party/LwIP/src/core/ipv4/etharp.c ****             old_pending = i;
 316:Middlewares/Third_Party/LwIP/src/core/ipv4/etharp.c ****             age_pending = arp_table[i].ctime;
 317:Middlewares/Third_Party/LwIP/src/core/ipv4/etharp.c ****           }
 318:Middlewares/Third_Party/LwIP/src/core/ipv4/etharp.c ****         }
 319:Middlewares/Third_Party/LwIP/src/core/ipv4/etharp.c ****         /* stable entry? */
 320:Middlewares/Third_Party/LwIP/src/core/ipv4/etharp.c ****       } else if (state >= ETHARP_STATE_STABLE) {
 335              		.loc 1 320 14 is_stmt 1 view .LVU88
 336              		.loc 1 320 17 is_stmt 0 view .LVU89
 337 005e 0128     		cmp	r0, #1
 338 0060 E2D9     		bls	.L18
 321:Middlewares/Third_Party/LwIP/src/core/ipv4/etharp.c **** #if ETHARP_SUPPORT_STATIC_ENTRIES
 322:Middlewares/Third_Party/LwIP/src/core/ipv4/etharp.c ****         /* don't record old_stable for static entries since they never expire */
 323:Middlewares/Third_Party/LwIP/src/core/ipv4/etharp.c ****         if (state < ETHARP_STATE_STATIC)
 324:Middlewares/Third_Party/LwIP/src/core/ipv4/etharp.c **** #endif /* ETHARP_SUPPORT_STATIC_ENTRIES */
 325:Middlewares/Third_Party/LwIP/src/core/ipv4/etharp.c ****         {
 326:Middlewares/Third_Party/LwIP/src/core/ipv4/etharp.c ****           /* remember entry with oldest stable entry in oldest, its age in maxtime */
 327:Middlewares/Third_Party/LwIP/src/core/ipv4/etharp.c ****           if (arp_table[i].ctime >= age_stable) {
 339              		.loc 1 327 11 is_stmt 1 view .LVU90
 340              		.loc 1 327 27 is_stmt 0 view .LVU91
 341 0062 04EB4404 		add	r4, r4, r4, lsl #1
 342 0066 504A     		ldr	r2, .L52
 343 0068 02EBC404 		add	r4, r2, r4, lsl #3
 344 006c 628A     		ldrh	r2, [r4, #18]
 345              		.loc 1 327 14 view .LVU92
 346 006e 7245     		cmp	r2, lr
 347 0070 DAD3     		bcc	.L18
 328:Middlewares/Third_Party/LwIP/src/core/ipv4/etharp.c ****             old_stable = i;
 329:Middlewares/Third_Party/LwIP/src/core/ipv4/etharp.c ****             age_stable = arp_table[i].ctime;
 348              		.loc 1 329 24 view .LVU93
 349 0072 9646     		mov	lr, r2
 350              	.LVL23:
 328:Middlewares/Third_Party/LwIP/src/core/ipv4/etharp.c ****             old_stable = i;
 351              		.loc 1 328 24 view .LVU94
 352 0074 9946     		mov	r9, r3
 353              	.LVL24:
 328:Middlewares/Third_Party/LwIP/src/core/ipv4/etharp.c ****             old_stable = i;
 354              		.loc 1 328 24 view .LVU95
 355 0076 D7E7     		b	.L18
 356              	.LVL25:
 357              	.L46:
 296:Middlewares/Third_Party/LwIP/src/core/ipv4/etharp.c **** #endif /* ETHARP_TABLE_MATCH_NETIF */
 358              		.loc 1 296 11 view .LVU96
 359 0078 B8F1000F 		cmp	r8, #0
 360 007c 00F08C80 		beq	.L33
 296:Middlewares/Third_Party/LwIP/src/core/ipv4/etharp.c **** #endif /* ETHARP_TABLE_MATCH_NETIF */
 361              		.loc 1 296 56 discriminator 1 view .LVU97
 362 0080 494D     		ldr	r5, .L52
 363 0082 05EBCC02 		add	r2, r5, ip, lsl #3
ARM GAS  /tmp/ccbstRKj.s 			page 14


 364 0086 9268     		ldr	r2, [r2, #8]
 296:Middlewares/Third_Party/LwIP/src/core/ipv4/etharp.c **** #endif /* ETHARP_TABLE_MATCH_NETIF */
 365              		.loc 1 296 31 discriminator 1 view .LVU98
 366 0088 4245     		cmp	r2, r8
 367 008a E6D1     		bne	.L19
 301:Middlewares/Third_Party/LwIP/src/core/ipv4/etharp.c ****       }
 368              		.loc 1 301 16 view .LVU99
 369 008c 1E46     		mov	r6, r3
 370              	.LVL26:
 301:Middlewares/Third_Party/LwIP/src/core/ipv4/etharp.c ****       }
 371              		.loc 1 301 16 view .LVU100
 372 008e 55E0     		b	.L20
 373              	.LVL27:
 374              	.L47:
 306:Middlewares/Third_Party/LwIP/src/core/ipv4/etharp.c ****           if (arp_table[i].ctime >= age_queue) {
 375              		.loc 1 306 9 is_stmt 1 view .LVU101
 306:Middlewares/Third_Party/LwIP/src/core/ipv4/etharp.c ****           if (arp_table[i].ctime >= age_queue) {
 376              		.loc 1 306 25 is_stmt 0 view .LVU102
 377 0090 04EB4402 		add	r2, r4, r4, lsl #1
 378 0094 4448     		ldr	r0, .L52
 379              	.LVL28:
 306:Middlewares/Third_Party/LwIP/src/core/ipv4/etharp.c ****           if (arp_table[i].ctime >= age_queue) {
 380              		.loc 1 306 25 view .LVU103
 381 0096 50F83220 		ldr	r2, [r0, r2, lsl #3]
 306:Middlewares/Third_Party/LwIP/src/core/ipv4/etharp.c ****           if (arp_table[i].ctime >= age_queue) {
 382              		.loc 1 306 12 view .LVU104
 383 009a 4AB1     		cbz	r2, .L22
 307:Middlewares/Third_Party/LwIP/src/core/ipv4/etharp.c ****             old_queue = i;
 384              		.loc 1 307 11 is_stmt 1 view .LVU105
 307:Middlewares/Third_Party/LwIP/src/core/ipv4/etharp.c ****             old_queue = i;
 385              		.loc 1 307 27 is_stmt 0 view .LVU106
 386 009c 04EB4404 		add	r4, r4, r4, lsl #1
 387 00a0 00EBC404 		add	r4, r0, r4, lsl #3
 388 00a4 628A     		ldrh	r2, [r4, #18]
 307:Middlewares/Third_Party/LwIP/src/core/ipv4/etharp.c ****             old_queue = i;
 389              		.loc 1 307 14 view .LVU107
 390 00a6 5A45     		cmp	r2, fp
 391 00a8 BED3     		bcc	.L18
 309:Middlewares/Third_Party/LwIP/src/core/ipv4/etharp.c ****           }
 392              		.loc 1 309 23 view .LVU108
 393 00aa 9346     		mov	fp, r2
 394              	.LVL29:
 308:Middlewares/Third_Party/LwIP/src/core/ipv4/etharp.c ****             age_queue = arp_table[i].ctime;
 395              		.loc 1 308 23 view .LVU109
 396 00ac 9A46     		mov	r10, r3
 397              	.LVL30:
 308:Middlewares/Third_Party/LwIP/src/core/ipv4/etharp.c ****             age_queue = arp_table[i].ctime;
 398              		.loc 1 308 23 view .LVU110
 399 00ae BBE7     		b	.L18
 400              	.LVL31:
 401              	.L22:
 314:Middlewares/Third_Party/LwIP/src/core/ipv4/etharp.c ****             old_pending = i;
 402              		.loc 1 314 11 is_stmt 1 view .LVU111
 314:Middlewares/Third_Party/LwIP/src/core/ipv4/etharp.c ****             old_pending = i;
 403              		.loc 1 314 27 is_stmt 0 view .LVU112
 404 00b0 04EB4404 		add	r4, r4, r4, lsl #1
 405 00b4 3C4A     		ldr	r2, .L52
ARM GAS  /tmp/ccbstRKj.s 			page 15


 406 00b6 02EBC404 		add	r4, r2, r4, lsl #3
 407 00ba 628A     		ldrh	r2, [r4, #18]
 314:Middlewares/Third_Party/LwIP/src/core/ipv4/etharp.c ****             old_pending = i;
 408              		.loc 1 314 14 view .LVU113
 409 00bc 0098     		ldr	r0, [sp]
 410              	.LVL32:
 314:Middlewares/Third_Party/LwIP/src/core/ipv4/etharp.c ****             old_pending = i;
 411              		.loc 1 314 14 view .LVU114
 412 00be 8242     		cmp	r2, r0
 413 00c0 B2D3     		bcc	.L18
 316:Middlewares/Third_Party/LwIP/src/core/ipv4/etharp.c ****           }
 414              		.loc 1 316 25 view .LVU115
 415 00c2 0092     		str	r2, [sp]
 416              	.LVL33:
 315:Middlewares/Third_Party/LwIP/src/core/ipv4/etharp.c ****             age_pending = arp_table[i].ctime;
 417              		.loc 1 315 25 view .LVU116
 418 00c4 0193     		str	r3, [sp, #4]
 419              	.LVL34:
 315:Middlewares/Third_Party/LwIP/src/core/ipv4/etharp.c ****             age_pending = arp_table[i].ctime;
 420              		.loc 1 315 25 view .LVU117
 421 00c6 AFE7     		b	.L18
 422              	.LVL35:
 423              	.L44:
 315:Middlewares/Third_Party/LwIP/src/core/ipv4/etharp.c ****             age_pending = arp_table[i].ctime;
 424              		.loc 1 315 25 view .LVU118
 425              	.LBE3:
 330:Middlewares/Third_Party/LwIP/src/core/ipv4/etharp.c ****           }
 331:Middlewares/Third_Party/LwIP/src/core/ipv4/etharp.c ****         }
 332:Middlewares/Third_Party/LwIP/src/core/ipv4/etharp.c ****       }
 333:Middlewares/Third_Party/LwIP/src/core/ipv4/etharp.c ****     }
 334:Middlewares/Third_Party/LwIP/src/core/ipv4/etharp.c ****   }
 335:Middlewares/Third_Party/LwIP/src/core/ipv4/etharp.c ****   /* { we have no match } => try to create a new entry */
 336:Middlewares/Third_Party/LwIP/src/core/ipv4/etharp.c **** 
 337:Middlewares/Third_Party/LwIP/src/core/ipv4/etharp.c ****   /* don't create new entry, only search? */
 338:Middlewares/Third_Party/LwIP/src/core/ipv4/etharp.c ****   if (((flags & ETHARP_FLAG_FIND_ONLY) != 0) ||
 426              		.loc 1 338 3 is_stmt 1 view .LVU119
 427              		.loc 1 338 6 is_stmt 0 view .LVU120
 428 00c8 11F0020F 		tst	r1, #2
 429 00cc 66D1     		bne	.L38
 430              		.loc 1 338 46 discriminator 1 view .LVU121
 431 00ce 0A2E     		cmp	r6, #10
 432 00d0 38D0     		beq	.L48
 433              	.L24:
 339:Middlewares/Third_Party/LwIP/src/core/ipv4/etharp.c ****       /* or no empty entry found and not allowed to recycle? */
 340:Middlewares/Third_Party/LwIP/src/core/ipv4/etharp.c ****       ((empty == ARP_TABLE_SIZE) && ((flags & ETHARP_FLAG_TRY_HARD) == 0))) {
 341:Middlewares/Third_Party/LwIP/src/core/ipv4/etharp.c ****     LWIP_DEBUGF(ETHARP_DEBUG | LWIP_DBG_TRACE, ("etharp_find_entry: no empty entry found and not al
 342:Middlewares/Third_Party/LwIP/src/core/ipv4/etharp.c ****     return (s16_t)ERR_MEM;
 343:Middlewares/Third_Party/LwIP/src/core/ipv4/etharp.c ****   }
 344:Middlewares/Third_Party/LwIP/src/core/ipv4/etharp.c **** 
 345:Middlewares/Third_Party/LwIP/src/core/ipv4/etharp.c ****   /* b) choose the least destructive entry to recycle:
 346:Middlewares/Third_Party/LwIP/src/core/ipv4/etharp.c ****    * 1) empty entry
 347:Middlewares/Third_Party/LwIP/src/core/ipv4/etharp.c ****    * 2) oldest stable entry
 348:Middlewares/Third_Party/LwIP/src/core/ipv4/etharp.c ****    * 3) oldest pending entry without queued packets
 349:Middlewares/Third_Party/LwIP/src/core/ipv4/etharp.c ****    * 4) oldest pending entry with queued packets
 350:Middlewares/Third_Party/LwIP/src/core/ipv4/etharp.c ****    *
 351:Middlewares/Third_Party/LwIP/src/core/ipv4/etharp.c ****    * { ETHARP_FLAG_TRY_HARD is set at this point }
 352:Middlewares/Third_Party/LwIP/src/core/ipv4/etharp.c ****    */
ARM GAS  /tmp/ccbstRKj.s 			page 16


 353:Middlewares/Third_Party/LwIP/src/core/ipv4/etharp.c **** 
 354:Middlewares/Third_Party/LwIP/src/core/ipv4/etharp.c ****   /* 1) empty entry available? */
 355:Middlewares/Third_Party/LwIP/src/core/ipv4/etharp.c ****   if (empty < ARP_TABLE_SIZE) {
 434              		.loc 1 355 3 is_stmt 1 view .LVU122
 435              		.loc 1 355 6 is_stmt 0 view .LVU123
 436 00d2 092E     		cmp	r6, #9
 437 00d4 16DD     		ble	.L25
 356:Middlewares/Third_Party/LwIP/src/core/ipv4/etharp.c ****     i = empty;
 357:Middlewares/Third_Party/LwIP/src/core/ipv4/etharp.c ****     LWIP_DEBUGF(ETHARP_DEBUG | LWIP_DBG_TRACE, ("etharp_find_entry: selecting empty entry %d\n", (i
 358:Middlewares/Third_Party/LwIP/src/core/ipv4/etharp.c ****   } else {
 359:Middlewares/Third_Party/LwIP/src/core/ipv4/etharp.c ****     /* 2) found recyclable stable entry? */
 360:Middlewares/Third_Party/LwIP/src/core/ipv4/etharp.c ****     if (old_stable < ARP_TABLE_SIZE) {
 438              		.loc 1 360 5 is_stmt 1 view .LVU124
 439              		.loc 1 360 8 is_stmt 0 view .LVU125
 440 00d6 B9F1090F 		cmp	r9, #9
 441 00da 39DC     		bgt	.L26
 361:Middlewares/Third_Party/LwIP/src/core/ipv4/etharp.c ****       /* recycle oldest stable*/
 362:Middlewares/Third_Party/LwIP/src/core/ipv4/etharp.c ****       i = old_stable;
 442              		.loc 1 362 7 is_stmt 1 view .LVU126
 443              	.LVL36:
 363:Middlewares/Third_Party/LwIP/src/core/ipv4/etharp.c ****       LWIP_DEBUGF(ETHARP_DEBUG | LWIP_DBG_TRACE, ("etharp_find_entry: selecting oldest stable entry
 444              		.loc 1 363 7 view .LVU127
 445              		.loc 1 363 7 view .LVU128
 446              		.loc 1 363 7 view .LVU129
 364:Middlewares/Third_Party/LwIP/src/core/ipv4/etharp.c ****       /* no queued packets should exist on stable entries */
 365:Middlewares/Third_Party/LwIP/src/core/ipv4/etharp.c ****       LWIP_ASSERT("arp_table[i].q == NULL", arp_table[i].q == NULL);
 447              		.loc 1 365 7 view .LVU130
 448              		.loc 1 365 7 view .LVU131
 449 00dc 09EB4903 		add	r3, r9, r9, lsl #1
 450 00e0 314A     		ldr	r2, .L52
 451 00e2 52F83330 		ldr	r3, [r2, r3, lsl #3]
 452 00e6 002B     		cmp	r3, #0
 453 00e8 3AD0     		beq	.L40
 454              		.loc 1 365 7 discriminator 1 view .LVU132
 455              		.loc 1 365 7 discriminator 1 view .LVU133
 456 00ea 304B     		ldr	r3, .L52+4
 457 00ec 40F26D12 		movw	r2, #365
 458 00f0 2F49     		ldr	r1, .L52+8
 459              	.LVL37:
 460              		.loc 1 365 7 is_stmt 0 discriminator 1 view .LVU134
 461 00f2 3048     		ldr	r0, .L52+12
 462 00f4 FFF7FEFF 		bl	printf
 463              	.LVL38:
 362:Middlewares/Third_Party/LwIP/src/core/ipv4/etharp.c ****       LWIP_DEBUGF(ETHARP_DEBUG | LWIP_DBG_TRACE, ("etharp_find_entry: selecting oldest stable entry
 464              		.loc 1 362 9 discriminator 1 view .LVU135
 465 00f8 4E46     		mov	r6, r9
 466              	.LVL39:
 467              	.L27:
 366:Middlewares/Third_Party/LwIP/src/core/ipv4/etharp.c ****       /* 3) found recyclable pending entry without queued packets? */
 367:Middlewares/Third_Party/LwIP/src/core/ipv4/etharp.c ****     } else if (old_pending < ARP_TABLE_SIZE) {
 368:Middlewares/Third_Party/LwIP/src/core/ipv4/etharp.c ****       /* recycle oldest pending */
 369:Middlewares/Third_Party/LwIP/src/core/ipv4/etharp.c ****       i = old_pending;
 370:Middlewares/Third_Party/LwIP/src/core/ipv4/etharp.c ****       LWIP_DEBUGF(ETHARP_DEBUG | LWIP_DBG_TRACE, ("etharp_find_entry: selecting oldest pending entr
 371:Middlewares/Third_Party/LwIP/src/core/ipv4/etharp.c ****       /* 4) found recyclable pending entry with queued packets? */
 372:Middlewares/Third_Party/LwIP/src/core/ipv4/etharp.c ****     } else if (old_queue < ARP_TABLE_SIZE) {
 373:Middlewares/Third_Party/LwIP/src/core/ipv4/etharp.c ****       /* recycle oldest pending (queued packets are free in etharp_free_entry) */
 374:Middlewares/Third_Party/LwIP/src/core/ipv4/etharp.c ****       i = old_queue;
ARM GAS  /tmp/ccbstRKj.s 			page 17


 375:Middlewares/Third_Party/LwIP/src/core/ipv4/etharp.c ****       LWIP_DEBUGF(ETHARP_DEBUG | LWIP_DBG_TRACE, ("etharp_find_entry: selecting oldest pending entr
 376:Middlewares/Third_Party/LwIP/src/core/ipv4/etharp.c ****       /* no empty or recyclable entries found */
 377:Middlewares/Third_Party/LwIP/src/core/ipv4/etharp.c ****     } else {
 378:Middlewares/Third_Party/LwIP/src/core/ipv4/etharp.c ****       LWIP_DEBUGF(ETHARP_DEBUG | LWIP_DBG_TRACE, ("etharp_find_entry: no empty or recyclable entrie
 379:Middlewares/Third_Party/LwIP/src/core/ipv4/etharp.c ****       return (s16_t)ERR_MEM;
 380:Middlewares/Third_Party/LwIP/src/core/ipv4/etharp.c ****     }
 381:Middlewares/Third_Party/LwIP/src/core/ipv4/etharp.c **** 
 382:Middlewares/Third_Party/LwIP/src/core/ipv4/etharp.c ****     /* { empty or recyclable entry found } */
 383:Middlewares/Third_Party/LwIP/src/core/ipv4/etharp.c ****     LWIP_ASSERT("i < ARP_TABLE_SIZE", i < ARP_TABLE_SIZE);
 468              		.loc 1 383 5 is_stmt 1 view .LVU136
 469              		.loc 1 383 5 view .LVU137
 470 00fa 092E     		cmp	r6, #9
 471 00fc 34DC     		bgt	.L49
 472              	.L28:
 473              		.loc 1 383 5 discriminator 3 view .LVU138
 474              		.loc 1 383 5 discriminator 3 view .LVU139
 384:Middlewares/Third_Party/LwIP/src/core/ipv4/etharp.c ****     etharp_free_entry(i);
 475              		.loc 1 384 5 discriminator 3 view .LVU140
 476 00fe 3046     		mov	r0, r6
 477 0100 FFF7FEFF 		bl	etharp_free_entry
 478              	.LVL40:
 479              	.L25:
 385:Middlewares/Third_Party/LwIP/src/core/ipv4/etharp.c ****   }
 386:Middlewares/Third_Party/LwIP/src/core/ipv4/etharp.c **** 
 387:Middlewares/Third_Party/LwIP/src/core/ipv4/etharp.c ****   LWIP_ASSERT("i < ARP_TABLE_SIZE", i < ARP_TABLE_SIZE);
 480              		.loc 1 387 3 view .LVU141
 481              		.loc 1 387 3 view .LVU142
 482 0104 092E     		cmp	r6, #9
 483 0106 37DC     		bgt	.L50
 484              	.L29:
 485              		.loc 1 387 3 discriminator 3 view .LVU143
 486              		.loc 1 387 3 discriminator 3 view .LVU144
 388:Middlewares/Third_Party/LwIP/src/core/ipv4/etharp.c ****   LWIP_ASSERT("arp_table[i].state == ETHARP_STATE_EMPTY",
 487              		.loc 1 388 3 discriminator 3 view .LVU145
 488              		.loc 1 388 3 discriminator 3 view .LVU146
 489 0108 3446     		mov	r4, r6
 490 010a 06EB4603 		add	r3, r6, r6, lsl #1
 491 010e 264A     		ldr	r2, .L52
 492 0110 02EBC303 		add	r3, r2, r3, lsl #3
 493 0114 1B7D     		ldrb	r3, [r3, #20]	@ zero_extendqisi2
 494 0116 002B     		cmp	r3, #0
 495 0118 36D1     		bne	.L51
 496              	.L30:
 497              		.loc 1 388 3 discriminator 3 view .LVU147
 498              		.loc 1 388 3 discriminator 3 view .LVU148
 389:Middlewares/Third_Party/LwIP/src/core/ipv4/etharp.c ****               arp_table[i].state == ETHARP_STATE_EMPTY);
 390:Middlewares/Third_Party/LwIP/src/core/ipv4/etharp.c **** 
 391:Middlewares/Third_Party/LwIP/src/core/ipv4/etharp.c ****   /* IP address given? */
 392:Middlewares/Third_Party/LwIP/src/core/ipv4/etharp.c ****   if (ipaddr != NULL) {
 499              		.loc 1 392 3 discriminator 3 view .LVU149
 500              		.loc 1 392 6 is_stmt 0 discriminator 3 view .LVU150
 501 011a 37B1     		cbz	r7, .L31
 393:Middlewares/Third_Party/LwIP/src/core/ipv4/etharp.c ****     /* set IP address */
 394:Middlewares/Third_Party/LwIP/src/core/ipv4/etharp.c ****     ip4_addr_copy(arp_table[i].ipaddr, *ipaddr);
 502              		.loc 1 394 5 is_stmt 1 view .LVU151
 503 011c 3968     		ldr	r1, [r7]
 504 011e 04EB4403 		add	r3, r4, r4, lsl #1
ARM GAS  /tmp/ccbstRKj.s 			page 18


 505 0122 214A     		ldr	r2, .L52
 506 0124 02EBC303 		add	r3, r2, r3, lsl #3
 507 0128 5960     		str	r1, [r3, #4]
 508              	.L31:
 395:Middlewares/Third_Party/LwIP/src/core/ipv4/etharp.c ****   }
 396:Middlewares/Third_Party/LwIP/src/core/ipv4/etharp.c ****   arp_table[i].ctime = 0;
 509              		.loc 1 396 3 view .LVU152
 510              		.loc 1 396 22 is_stmt 0 view .LVU153
 511 012a 1F4B     		ldr	r3, .L52
 512 012c 04EB4402 		add	r2, r4, r4, lsl #1
 513 0130 03EBC202 		add	r2, r3, r2, lsl #3
 514 0134 0021     		movs	r1, #0
 515 0136 5182     		strh	r1, [r2, #18]	@ movhi
 397:Middlewares/Third_Party/LwIP/src/core/ipv4/etharp.c **** #if ETHARP_TABLE_MATCH_NETIF
 398:Middlewares/Third_Party/LwIP/src/core/ipv4/etharp.c ****   arp_table[i].netif = netif;
 516              		.loc 1 398 3 is_stmt 1 view .LVU154
 517              		.loc 1 398 22 is_stmt 0 view .LVU155
 518 0138 C2F80880 		str	r8, [r2, #8]
 399:Middlewares/Third_Party/LwIP/src/core/ipv4/etharp.c **** #endif /* ETHARP_TABLE_MATCH_NETIF */
 400:Middlewares/Third_Party/LwIP/src/core/ipv4/etharp.c ****   return (s16_t)i;
 519              		.loc 1 400 3 is_stmt 1 view .LVU156
 520              	.LVL41:
 521              	.L20:
 401:Middlewares/Third_Party/LwIP/src/core/ipv4/etharp.c **** }
 522              		.loc 1 401 1 is_stmt 0 view .LVU157
 523 013c 3046     		mov	r0, r6
 524 013e 03B0     		add	sp, sp, #12
 525              	.LCFI4:
 526              		.cfi_remember_state
 527              		.cfi_def_cfa_offset 36
 528              	.LVL42:
 529              		.loc 1 401 1 view .LVU158
 530              		@ sp needed
 531 0140 BDE8F08F 		pop	{r4, r5, r6, r7, r8, r9, r10, fp, pc}
 532              	.LVL43:
 533              	.L48:
 534              	.LCFI5:
 535              		.cfi_restore_state
 340:Middlewares/Third_Party/LwIP/src/core/ipv4/etharp.c ****     LWIP_DEBUGF(ETHARP_DEBUG | LWIP_DBG_TRACE, ("etharp_find_entry: no empty entry found and not al
 536              		.loc 1 340 34 view .LVU159
 537 0144 11F0010F 		tst	r1, #1
 538 0148 C3D1     		bne	.L24
 342:Middlewares/Third_Party/LwIP/src/core/ipv4/etharp.c ****   }
 539              		.loc 1 342 12 view .LVU160
 540 014a 4FF0FF36 		mov	r6, #-1
 541              	.LVL44:
 342:Middlewares/Third_Party/LwIP/src/core/ipv4/etharp.c ****   }
 542              		.loc 1 342 12 view .LVU161
 543 014e F5E7     		b	.L20
 544              	.LVL45:
 545              	.L26:
 367:Middlewares/Third_Party/LwIP/src/core/ipv4/etharp.c ****       /* recycle oldest pending */
 546              		.loc 1 367 12 is_stmt 1 view .LVU162
 367:Middlewares/Third_Party/LwIP/src/core/ipv4/etharp.c ****       /* recycle oldest pending */
 547              		.loc 1 367 15 is_stmt 0 view .LVU163
 548 0150 019B     		ldr	r3, [sp, #4]
 549              	.LVL46:
ARM GAS  /tmp/ccbstRKj.s 			page 19


 367:Middlewares/Third_Party/LwIP/src/core/ipv4/etharp.c ****       /* recycle oldest pending */
 550              		.loc 1 367 15 view .LVU164
 551 0152 092B     		cmp	r3, #9
 552 0154 06DD     		ble	.L41
 372:Middlewares/Third_Party/LwIP/src/core/ipv4/etharp.c ****       /* recycle oldest pending (queued packets are free in etharp_free_entry) */
 553              		.loc 1 372 12 is_stmt 1 view .LVU165
 372:Middlewares/Third_Party/LwIP/src/core/ipv4/etharp.c ****       /* recycle oldest pending (queued packets are free in etharp_free_entry) */
 554              		.loc 1 372 15 is_stmt 0 view .LVU166
 555 0156 BAF1090F 		cmp	r10, #9
 556 015a 22DC     		bgt	.L42
 374:Middlewares/Third_Party/LwIP/src/core/ipv4/etharp.c ****       LWIP_DEBUGF(ETHARP_DEBUG | LWIP_DBG_TRACE, ("etharp_find_entry: selecting oldest pending entr
 557              		.loc 1 374 9 view .LVU167
 558 015c 5646     		mov	r6, r10
 559              	.LVL47:
 374:Middlewares/Third_Party/LwIP/src/core/ipv4/etharp.c ****       LWIP_DEBUGF(ETHARP_DEBUG | LWIP_DBG_TRACE, ("etharp_find_entry: selecting oldest pending entr
 560              		.loc 1 374 9 view .LVU168
 561 015e CCE7     		b	.L27
 562              	.LVL48:
 563              	.L40:
 362:Middlewares/Third_Party/LwIP/src/core/ipv4/etharp.c ****       LWIP_DEBUGF(ETHARP_DEBUG | LWIP_DBG_TRACE, ("etharp_find_entry: selecting oldest stable entry
 564              		.loc 1 362 9 view .LVU169
 565 0160 4E46     		mov	r6, r9
 566              	.LVL49:
 362:Middlewares/Third_Party/LwIP/src/core/ipv4/etharp.c ****       LWIP_DEBUGF(ETHARP_DEBUG | LWIP_DBG_TRACE, ("etharp_find_entry: selecting oldest stable entry
 567              		.loc 1 362 9 view .LVU170
 568 0162 CAE7     		b	.L27
 569              	.LVL50:
 570              	.L41:
 369:Middlewares/Third_Party/LwIP/src/core/ipv4/etharp.c ****       LWIP_DEBUGF(ETHARP_DEBUG | LWIP_DBG_TRACE, ("etharp_find_entry: selecting oldest pending entr
 571              		.loc 1 369 9 view .LVU171
 572 0164 019E     		ldr	r6, [sp, #4]
 573              	.LVL51:
 369:Middlewares/Third_Party/LwIP/src/core/ipv4/etharp.c ****       LWIP_DEBUGF(ETHARP_DEBUG | LWIP_DBG_TRACE, ("etharp_find_entry: selecting oldest pending entr
 574              		.loc 1 369 9 view .LVU172
 575 0166 C8E7     		b	.L27
 576              	.LVL52:
 577              	.L49:
 383:Middlewares/Third_Party/LwIP/src/core/ipv4/etharp.c ****     etharp_free_entry(i);
 578              		.loc 1 383 5 is_stmt 1 discriminator 1 view .LVU173
 383:Middlewares/Third_Party/LwIP/src/core/ipv4/etharp.c ****     etharp_free_entry(i);
 579              		.loc 1 383 5 discriminator 1 view .LVU174
 580 0168 104B     		ldr	r3, .L52+4
 581 016a 40F27F12 		movw	r2, #383
 582 016e 1249     		ldr	r1, .L52+16
 583 0170 1048     		ldr	r0, .L52+12
 584 0172 FFF7FEFF 		bl	printf
 585              	.LVL53:
 586 0176 C2E7     		b	.L28
 587              	.L50:
 387:Middlewares/Third_Party/LwIP/src/core/ipv4/etharp.c ****   LWIP_ASSERT("arp_table[i].state == ETHARP_STATE_EMPTY",
 588              		.loc 1 387 3 discriminator 1 view .LVU175
 387:Middlewares/Third_Party/LwIP/src/core/ipv4/etharp.c ****   LWIP_ASSERT("arp_table[i].state == ETHARP_STATE_EMPTY",
 589              		.loc 1 387 3 discriminator 1 view .LVU176
 590 0178 0C4B     		ldr	r3, .L52+4
 591 017a 40F28312 		movw	r2, #387
 592 017e 0E49     		ldr	r1, .L52+16
 593 0180 0C48     		ldr	r0, .L52+12
ARM GAS  /tmp/ccbstRKj.s 			page 20


 594 0182 FFF7FEFF 		bl	printf
 595              	.LVL54:
 596 0186 BFE7     		b	.L29
 597              	.L51:
 388:Middlewares/Third_Party/LwIP/src/core/ipv4/etharp.c ****               arp_table[i].state == ETHARP_STATE_EMPTY);
 598              		.loc 1 388 3 discriminator 1 view .LVU177
 388:Middlewares/Third_Party/LwIP/src/core/ipv4/etharp.c ****               arp_table[i].state == ETHARP_STATE_EMPTY);
 599              		.loc 1 388 3 discriminator 1 view .LVU178
 600 0188 084B     		ldr	r3, .L52+4
 601 018a 4FF4C272 		mov	r2, #388
 602 018e 0B49     		ldr	r1, .L52+20
 603 0190 0848     		ldr	r0, .L52+12
 604 0192 FFF7FEFF 		bl	printf
 605              	.LVL55:
 606 0196 C0E7     		b	.L30
 607              	.LVL56:
 608              	.L33:
 609              	.LBB4:
 301:Middlewares/Third_Party/LwIP/src/core/ipv4/etharp.c ****       }
 610              		.loc 1 301 16 is_stmt 0 view .LVU179
 611 0198 1E46     		mov	r6, r3
 612              	.LVL57:
 301:Middlewares/Third_Party/LwIP/src/core/ipv4/etharp.c ****       }
 613              		.loc 1 301 16 view .LVU180
 614 019a CFE7     		b	.L20
 615              	.LVL58:
 616              	.L38:
 301:Middlewares/Third_Party/LwIP/src/core/ipv4/etharp.c ****       }
 617              		.loc 1 301 16 view .LVU181
 618              	.LBE4:
 342:Middlewares/Third_Party/LwIP/src/core/ipv4/etharp.c ****   }
 619              		.loc 1 342 12 view .LVU182
 620 019c 4FF0FF36 		mov	r6, #-1
 621              	.LVL59:
 342:Middlewares/Third_Party/LwIP/src/core/ipv4/etharp.c ****   }
 622              		.loc 1 342 12 view .LVU183
 623 01a0 CCE7     		b	.L20
 624              	.LVL60:
 625              	.L42:
 379:Middlewares/Third_Party/LwIP/src/core/ipv4/etharp.c ****     }
 626              		.loc 1 379 14 view .LVU184
 627 01a2 4FF0FF36 		mov	r6, #-1
 628              	.LVL61:
 379:Middlewares/Third_Party/LwIP/src/core/ipv4/etharp.c ****     }
 629              		.loc 1 379 14 view .LVU185
 630 01a6 C9E7     		b	.L20
 631              	.L53:
 632              		.align	2
 633              	.L52:
 634 01a8 00000000 		.word	.LANCHOR0
 635 01ac 00000000 		.word	.LC0
 636 01b0 00000000 		.word	.LC4
 637 01b4 40000000 		.word	.LC2
 638 01b8 18000000 		.word	.LC5
 639 01bc 2C000000 		.word	.LC6
 640              		.cfi_endproc
 641              	.LFE162:
ARM GAS  /tmp/ccbstRKj.s 			page 21


 643              		.section	.rodata.etharp_update_arp_entry.str1.4,"aMS",%progbits,1
 644              		.align	2
 645              	.LC7:
 646 0000 6E657469 		.ascii	"netif->hwaddr_len == ETH_HWADDR_LEN\000"
 646      662D3E68 
 646      77616464 
 646      725F6C65 
 646      6E203D3D 
 647              		.section	.text.etharp_update_arp_entry,"ax",%progbits
 648              		.align	1
 649              		.syntax unified
 650              		.thumb
 651              		.thumb_func
 652              		.fpu fpv4-sp-d16
 654              	etharp_update_arp_entry:
 655              	.LVL62:
 656              	.LFB163:
 402:Middlewares/Third_Party/LwIP/src/core/ipv4/etharp.c **** 
 403:Middlewares/Third_Party/LwIP/src/core/ipv4/etharp.c **** /**
 404:Middlewares/Third_Party/LwIP/src/core/ipv4/etharp.c ****  * Update (or insert) a IP/MAC address pair in the ARP cache.
 405:Middlewares/Third_Party/LwIP/src/core/ipv4/etharp.c ****  *
 406:Middlewares/Third_Party/LwIP/src/core/ipv4/etharp.c ****  * If a pending entry is resolved, any queued packets will be sent
 407:Middlewares/Third_Party/LwIP/src/core/ipv4/etharp.c ****  * at this point.
 408:Middlewares/Third_Party/LwIP/src/core/ipv4/etharp.c ****  *
 409:Middlewares/Third_Party/LwIP/src/core/ipv4/etharp.c ****  * @param netif netif related to this entry (used for NETIF_ADDRHINT)
 410:Middlewares/Third_Party/LwIP/src/core/ipv4/etharp.c ****  * @param ipaddr IP address of the inserted ARP entry.
 411:Middlewares/Third_Party/LwIP/src/core/ipv4/etharp.c ****  * @param ethaddr Ethernet address of the inserted ARP entry.
 412:Middlewares/Third_Party/LwIP/src/core/ipv4/etharp.c ****  * @param flags See @ref etharp_state
 413:Middlewares/Third_Party/LwIP/src/core/ipv4/etharp.c ****  *
 414:Middlewares/Third_Party/LwIP/src/core/ipv4/etharp.c ****  * @return
 415:Middlewares/Third_Party/LwIP/src/core/ipv4/etharp.c ****  * - ERR_OK Successfully updated ARP cache.
 416:Middlewares/Third_Party/LwIP/src/core/ipv4/etharp.c ****  * - ERR_MEM If we could not add a new ARP entry when ETHARP_FLAG_TRY_HARD was set.
 417:Middlewares/Third_Party/LwIP/src/core/ipv4/etharp.c ****  * - ERR_ARG Non-unicast address given, those will not appear in ARP cache.
 418:Middlewares/Third_Party/LwIP/src/core/ipv4/etharp.c ****  *
 419:Middlewares/Third_Party/LwIP/src/core/ipv4/etharp.c ****  * @see pbuf_free()
 420:Middlewares/Third_Party/LwIP/src/core/ipv4/etharp.c ****  */
 421:Middlewares/Third_Party/LwIP/src/core/ipv4/etharp.c **** static err_t
 422:Middlewares/Third_Party/LwIP/src/core/ipv4/etharp.c **** etharp_update_arp_entry(struct netif *netif, const ip4_addr_t *ipaddr, struct eth_addr *ethaddr, u8
 423:Middlewares/Third_Party/LwIP/src/core/ipv4/etharp.c **** {
 657              		.loc 1 423 1 is_stmt 1 view -0
 658              		.cfi_startproc
 659              		@ args = 0, pretend = 0, frame = 0
 660              		@ frame_needed = 0, uses_anonymous_args = 0
 661              		.loc 1 423 1 is_stmt 0 view .LVU187
 662 0000 F0B5     		push	{r4, r5, r6, r7, lr}
 663              	.LCFI6:
 664              		.cfi_def_cfa_offset 20
 665              		.cfi_offset 4, -20
 666              		.cfi_offset 5, -16
 667              		.cfi_offset 6, -12
 668              		.cfi_offset 7, -8
 669              		.cfi_offset 14, -4
 670 0002 83B0     		sub	sp, sp, #12
 671              	.LCFI7:
 672              		.cfi_def_cfa_offset 32
 673 0004 0546     		mov	r5, r0
 674 0006 0C46     		mov	r4, r1
ARM GAS  /tmp/ccbstRKj.s 			page 22


 675 0008 1646     		mov	r6, r2
 676 000a 1F46     		mov	r7, r3
 424:Middlewares/Third_Party/LwIP/src/core/ipv4/etharp.c ****   s16_t i;
 677              		.loc 1 424 3 is_stmt 1 view .LVU188
 425:Middlewares/Third_Party/LwIP/src/core/ipv4/etharp.c ****   LWIP_ASSERT("netif->hwaddr_len == ETH_HWADDR_LEN", netif->hwaddr_len == ETH_HWADDR_LEN);
 678              		.loc 1 425 3 view .LVU189
 679              		.loc 1 425 3 view .LVU190
 680 000c 90F83020 		ldrb	r2, [r0, #48]	@ zero_extendqisi2
 681              	.LVL63:
 682              		.loc 1 425 3 is_stmt 0 view .LVU191
 683 0010 062A     		cmp	r2, #6
 684 0012 27D1     		bne	.L63
 685              	.LVL64:
 686              	.L55:
 687              		.loc 1 425 3 is_stmt 1 discriminator 4 view .LVU192
 688              		.loc 1 425 3 discriminator 4 view .LVU193
 426:Middlewares/Third_Party/LwIP/src/core/ipv4/etharp.c ****   LWIP_DEBUGF(ETHARP_DEBUG | LWIP_DBG_TRACE, ("etharp_update_arp_entry: %"U16_F".%"U16_F".%"U16_F".
 689              		.loc 1 426 3 discriminator 4 view .LVU194
 690              		.loc 1 426 3 discriminator 4 view .LVU195
 691              		.loc 1 426 3 discriminator 4 view .LVU196
 427:Middlewares/Third_Party/LwIP/src/core/ipv4/etharp.c ****               ip4_addr1_16(ipaddr), ip4_addr2_16(ipaddr), ip4_addr3_16(ipaddr), ip4_addr4_16(ipaddr
 428:Middlewares/Third_Party/LwIP/src/core/ipv4/etharp.c ****               (u16_t)ethaddr->addr[0], (u16_t)ethaddr->addr[1], (u16_t)ethaddr->addr[2],
 429:Middlewares/Third_Party/LwIP/src/core/ipv4/etharp.c ****               (u16_t)ethaddr->addr[3], (u16_t)ethaddr->addr[4], (u16_t)ethaddr->addr[5]));
 430:Middlewares/Third_Party/LwIP/src/core/ipv4/etharp.c ****   /* non-unicast address? */
 431:Middlewares/Third_Party/LwIP/src/core/ipv4/etharp.c ****   if (ip4_addr_isany(ipaddr) ||
 692              		.loc 1 431 3 discriminator 4 view .LVU197
 693              		.loc 1 431 6 is_stmt 0 discriminator 4 view .LVU198
 694 0014 74B3     		cbz	r4, .L56
 695              		.loc 1 431 7 discriminator 1 view .LVU199
 696 0016 2068     		ldr	r0, [r4]
 697 0018 60B3     		cbz	r0, .L56
 432:Middlewares/Third_Party/LwIP/src/core/ipv4/etharp.c ****       ip4_addr_isbroadcast(ipaddr, netif) ||
 698              		.loc 1 432 7 discriminator 2 view .LVU200
 699 001a 2946     		mov	r1, r5
 700 001c FFF7FEFF 		bl	ip4_addr_isbroadcast_u32
 701              	.LVL65:
 431:Middlewares/Third_Party/LwIP/src/core/ipv4/etharp.c ****       ip4_addr_isbroadcast(ipaddr, netif) ||
 702              		.loc 1 431 30 discriminator 2 view .LVU201
 703 0020 40BB     		cbnz	r0, .L56
 433:Middlewares/Third_Party/LwIP/src/core/ipv4/etharp.c ****       ip4_addr_ismulticast(ipaddr)) {
 704              		.loc 1 433 7 view .LVU202
 705 0022 2268     		ldr	r2, [r4]
 706 0024 02F0F002 		and	r2, r2, #240
 432:Middlewares/Third_Party/LwIP/src/core/ipv4/etharp.c ****       ip4_addr_isbroadcast(ipaddr, netif) ||
 707              		.loc 1 432 43 view .LVU203
 708 0028 E02A     		cmp	r2, #224
 709 002a 23D0     		beq	.L56
 434:Middlewares/Third_Party/LwIP/src/core/ipv4/etharp.c ****     LWIP_DEBUGF(ETHARP_DEBUG | LWIP_DBG_TRACE, ("etharp_update_arp_entry: will not add non-unicast 
 435:Middlewares/Third_Party/LwIP/src/core/ipv4/etharp.c ****     return ERR_ARG;
 436:Middlewares/Third_Party/LwIP/src/core/ipv4/etharp.c ****   }
 437:Middlewares/Third_Party/LwIP/src/core/ipv4/etharp.c ****   /* find or create ARP entry */
 438:Middlewares/Third_Party/LwIP/src/core/ipv4/etharp.c ****   i = etharp_find_entry(ipaddr, flags, netif);
 710              		.loc 1 438 3 is_stmt 1 view .LVU204
 711              		.loc 1 438 7 is_stmt 0 view .LVU205
 712 002c 2A46     		mov	r2, r5
 713 002e 3946     		mov	r1, r7
 714 0030 2046     		mov	r0, r4
ARM GAS  /tmp/ccbstRKj.s 			page 23


 715 0032 FFF7FEFF 		bl	etharp_find_entry
 716              	.LVL66:
 439:Middlewares/Third_Party/LwIP/src/core/ipv4/etharp.c ****   /* bail out if no entry could be found */
 440:Middlewares/Third_Party/LwIP/src/core/ipv4/etharp.c ****   if (i < 0) {
 717              		.loc 1 440 3 is_stmt 1 view .LVU206
 718              		.loc 1 440 6 is_stmt 0 view .LVU207
 719 0036 0028     		cmp	r0, #0
 720              	.LVL67:
 721              		.loc 1 440 6 view .LVU208
 722 0038 1FDB     		blt	.L64
 441:Middlewares/Third_Party/LwIP/src/core/ipv4/etharp.c ****     return (err_t)i;
 442:Middlewares/Third_Party/LwIP/src/core/ipv4/etharp.c ****   }
 443:Middlewares/Third_Party/LwIP/src/core/ipv4/etharp.c **** 
 444:Middlewares/Third_Party/LwIP/src/core/ipv4/etharp.c **** #if ETHARP_SUPPORT_STATIC_ENTRIES
 445:Middlewares/Third_Party/LwIP/src/core/ipv4/etharp.c ****   if (flags & ETHARP_FLAG_STATIC_ENTRY) {
 446:Middlewares/Third_Party/LwIP/src/core/ipv4/etharp.c ****     /* record static type */
 447:Middlewares/Third_Party/LwIP/src/core/ipv4/etharp.c ****     arp_table[i].state = ETHARP_STATE_STATIC;
 448:Middlewares/Third_Party/LwIP/src/core/ipv4/etharp.c ****   } else if (arp_table[i].state == ETHARP_STATE_STATIC) {
 449:Middlewares/Third_Party/LwIP/src/core/ipv4/etharp.c ****     /* found entry is a static type, don't overwrite it */
 450:Middlewares/Third_Party/LwIP/src/core/ipv4/etharp.c ****     return ERR_VAL;
 451:Middlewares/Third_Party/LwIP/src/core/ipv4/etharp.c ****   } else
 452:Middlewares/Third_Party/LwIP/src/core/ipv4/etharp.c **** #endif /* ETHARP_SUPPORT_STATIC_ENTRIES */
 453:Middlewares/Third_Party/LwIP/src/core/ipv4/etharp.c ****   {
 454:Middlewares/Third_Party/LwIP/src/core/ipv4/etharp.c ****     /* mark it stable */
 455:Middlewares/Third_Party/LwIP/src/core/ipv4/etharp.c ****     arp_table[i].state = ETHARP_STATE_STABLE;
 723              		.loc 1 455 5 is_stmt 1 view .LVU209
 724              		.loc 1 455 17 is_stmt 0 view .LVU210
 725 003a 0446     		mov	r4, r0
 726              	.LVL68:
 727              		.loc 1 455 24 view .LVU211
 728 003c 204A     		ldr	r2, .L65
 729 003e 00EB4003 		add	r3, r0, r0, lsl #1
 730 0042 02EBC303 		add	r3, r2, r3, lsl #3
 731 0046 0221     		movs	r1, #2
 732 0048 1975     		strb	r1, [r3, #20]
 456:Middlewares/Third_Party/LwIP/src/core/ipv4/etharp.c ****   }
 457:Middlewares/Third_Party/LwIP/src/core/ipv4/etharp.c **** 
 458:Middlewares/Third_Party/LwIP/src/core/ipv4/etharp.c ****   /* record network interface */
 459:Middlewares/Third_Party/LwIP/src/core/ipv4/etharp.c ****   arp_table[i].netif = netif;
 733              		.loc 1 459 3 is_stmt 1 view .LVU212
 734              		.loc 1 459 22 is_stmt 0 view .LVU213
 735 004a 9D60     		str	r5, [r3, #8]
 460:Middlewares/Third_Party/LwIP/src/core/ipv4/etharp.c ****   /* insert in SNMP ARP index tree */
 461:Middlewares/Third_Party/LwIP/src/core/ipv4/etharp.c ****   mib2_add_arp_entry(netif, &arp_table[i].ipaddr);
 736              		.loc 1 461 50 is_stmt 1 view .LVU214
 462:Middlewares/Third_Party/LwIP/src/core/ipv4/etharp.c **** 
 463:Middlewares/Third_Party/LwIP/src/core/ipv4/etharp.c ****   LWIP_DEBUGF(ETHARP_DEBUG | LWIP_DBG_TRACE, ("etharp_update_arp_entry: updating stable entry %"S16
 737              		.loc 1 463 3 view .LVU215
 738              		.loc 1 463 3 view .LVU216
 739              		.loc 1 463 3 view .LVU217
 464:Middlewares/Third_Party/LwIP/src/core/ipv4/etharp.c ****   /* update address */
 465:Middlewares/Third_Party/LwIP/src/core/ipv4/etharp.c ****   SMEMCPY(&arp_table[i].ethaddr, ethaddr, ETH_HWADDR_LEN);
 740              		.loc 1 465 3 view .LVU218
 741 004c 00EB4000 		add	r0, r0, r0, lsl #1
 742 0050 C000     		lsls	r0, r0, #3
 743 0052 0830     		adds	r0, r0, #8
 744 0054 1044     		add	r0, r0, r2
ARM GAS  /tmp/ccbstRKj.s 			page 24


 745 0056 3268     		ldr	r2, [r6]	@ unaligned
 746 0058 4260     		str	r2, [r0, #4]	@ unaligned
 747 005a B288     		ldrh	r2, [r6, #4]	@ unaligned
 748 005c 0281     		strh	r2, [r0, #8]	@ unaligned
 466:Middlewares/Third_Party/LwIP/src/core/ipv4/etharp.c ****   /* reset time stamp */
 467:Middlewares/Third_Party/LwIP/src/core/ipv4/etharp.c ****   arp_table[i].ctime = 0;
 749              		.loc 1 467 3 view .LVU219
 750              		.loc 1 467 22 is_stmt 0 view .LVU220
 751 005e 0022     		movs	r2, #0
 752 0060 5A82     		strh	r2, [r3, #18]	@ movhi
 468:Middlewares/Third_Party/LwIP/src/core/ipv4/etharp.c ****   /* this is where we will send out queued packets! */
 469:Middlewares/Third_Party/LwIP/src/core/ipv4/etharp.c **** #if ARP_QUEUEING
 470:Middlewares/Third_Party/LwIP/src/core/ipv4/etharp.c ****   while (arp_table[i].q != NULL) {
 753              		.loc 1 470 3 is_stmt 1 view .LVU221
 754              		.loc 1 470 9 is_stmt 0 view .LVU222
 755 0062 23E0     		b	.L60
 756              	.LVL69:
 757              	.L63:
 425:Middlewares/Third_Party/LwIP/src/core/ipv4/etharp.c ****   LWIP_DEBUGF(ETHARP_DEBUG | LWIP_DBG_TRACE, ("etharp_update_arp_entry: %"U16_F".%"U16_F".%"U16_F".
 758              		.loc 1 425 3 is_stmt 1 discriminator 1 view .LVU223
 425:Middlewares/Third_Party/LwIP/src/core/ipv4/etharp.c ****   LWIP_DEBUGF(ETHARP_DEBUG | LWIP_DBG_TRACE, ("etharp_update_arp_entry: %"U16_F".%"U16_F".%"U16_F".
 759              		.loc 1 425 3 discriminator 1 view .LVU224
 760 0064 174B     		ldr	r3, .L65+4
 761              	.LVL70:
 425:Middlewares/Third_Party/LwIP/src/core/ipv4/etharp.c ****   LWIP_DEBUGF(ETHARP_DEBUG | LWIP_DBG_TRACE, ("etharp_update_arp_entry: %"U16_F".%"U16_F".%"U16_F".
 762              		.loc 1 425 3 is_stmt 0 discriminator 1 view .LVU225
 763 0066 40F2A912 		movw	r2, #425
 764 006a 1749     		ldr	r1, .L65+8
 765              	.LVL71:
 425:Middlewares/Third_Party/LwIP/src/core/ipv4/etharp.c ****   LWIP_DEBUGF(ETHARP_DEBUG | LWIP_DBG_TRACE, ("etharp_update_arp_entry: %"U16_F".%"U16_F".%"U16_F".
 766              		.loc 1 425 3 discriminator 1 view .LVU226
 767 006c 1748     		ldr	r0, .L65+12
 768              	.LVL72:
 425:Middlewares/Third_Party/LwIP/src/core/ipv4/etharp.c ****   LWIP_DEBUGF(ETHARP_DEBUG | LWIP_DBG_TRACE, ("etharp_update_arp_entry: %"U16_F".%"U16_F".%"U16_F".
 769              		.loc 1 425 3 discriminator 1 view .LVU227
 770 006e FFF7FEFF 		bl	printf
 771              	.LVL73:
 772 0072 CFE7     		b	.L55
 773              	.L56:
 434:Middlewares/Third_Party/LwIP/src/core/ipv4/etharp.c ****     return ERR_ARG;
 774              		.loc 1 434 5 is_stmt 1 discriminator 4 view .LVU228
 434:Middlewares/Third_Party/LwIP/src/core/ipv4/etharp.c ****     return ERR_ARG;
 775              		.loc 1 434 5 discriminator 4 view .LVU229
 434:Middlewares/Third_Party/LwIP/src/core/ipv4/etharp.c ****     return ERR_ARG;
 776              		.loc 1 434 5 discriminator 4 view .LVU230
 435:Middlewares/Third_Party/LwIP/src/core/ipv4/etharp.c ****   }
 777              		.loc 1 435 5 discriminator 4 view .LVU231
 435:Middlewares/Third_Party/LwIP/src/core/ipv4/etharp.c ****   }
 778              		.loc 1 435 12 is_stmt 0 discriminator 4 view .LVU232
 779 0074 6FF00F00 		mvn	r0, #15
 780 0078 20E0     		b	.L58
 781              	.L64:
 441:Middlewares/Third_Party/LwIP/src/core/ipv4/etharp.c ****   }
 782              		.loc 1 441 5 is_stmt 1 view .LVU233
 441:Middlewares/Third_Party/LwIP/src/core/ipv4/etharp.c ****   }
 783              		.loc 1 441 12 is_stmt 0 view .LVU234
 784 007a 40B2     		sxtb	r0, r0
ARM GAS  /tmp/ccbstRKj.s 			page 25


 785 007c 1EE0     		b	.L58
 786              	.LVL74:
 787              	.L61:
 788              	.LBB5:
 471:Middlewares/Third_Party/LwIP/src/core/ipv4/etharp.c ****     struct pbuf *p;
 789              		.loc 1 471 5 is_stmt 1 view .LVU235
 472:Middlewares/Third_Party/LwIP/src/core/ipv4/etharp.c ****     /* remember remainder of queue */
 473:Middlewares/Third_Party/LwIP/src/core/ipv4/etharp.c ****     struct etharp_q_entry *q = arp_table[i].q;
 790              		.loc 1 473 5 view .LVU236
 474:Middlewares/Third_Party/LwIP/src/core/ipv4/etharp.c ****     /* pop first item off the queue */
 475:Middlewares/Third_Party/LwIP/src/core/ipv4/etharp.c ****     arp_table[i].q = q->next;
 791              		.loc 1 475 5 view .LVU237
 792              		.loc 1 475 23 is_stmt 0 view .LVU238
 793 007e 0868     		ldr	r0, [r1]
 794              		.loc 1 475 20 view .LVU239
 795 0080 04EB4403 		add	r3, r4, r4, lsl #1
 796 0084 0E4A     		ldr	r2, .L65
 797 0086 42F83300 		str	r0, [r2, r3, lsl #3]
 476:Middlewares/Third_Party/LwIP/src/core/ipv4/etharp.c ****     /* get the packet pointer */
 477:Middlewares/Third_Party/LwIP/src/core/ipv4/etharp.c ****     p = q->p;
 798              		.loc 1 477 5 is_stmt 1 view .LVU240
 799              		.loc 1 477 7 is_stmt 0 view .LVU241
 800 008a 4F68     		ldr	r7, [r1, #4]
 801              	.LVL75:
 478:Middlewares/Third_Party/LwIP/src/core/ipv4/etharp.c ****     /* now queue entry can be freed */
 479:Middlewares/Third_Party/LwIP/src/core/ipv4/etharp.c ****     memp_free(MEMP_ARP_QUEUE, q);
 802              		.loc 1 479 5 is_stmt 1 view .LVU242
 803 008c 0720     		movs	r0, #7
 804 008e FFF7FEFF 		bl	memp_free
 805              	.LVL76:
 480:Middlewares/Third_Party/LwIP/src/core/ipv4/etharp.c **** #else /* ARP_QUEUEING */
 481:Middlewares/Third_Party/LwIP/src/core/ipv4/etharp.c ****   if (arp_table[i].q != NULL) {
 482:Middlewares/Third_Party/LwIP/src/core/ipv4/etharp.c ****     struct pbuf *p = arp_table[i].q;
 483:Middlewares/Third_Party/LwIP/src/core/ipv4/etharp.c ****     arp_table[i].q = NULL;
 484:Middlewares/Third_Party/LwIP/src/core/ipv4/etharp.c **** #endif /* ARP_QUEUEING */
 485:Middlewares/Third_Party/LwIP/src/core/ipv4/etharp.c ****     /* send the queued IP packet */
 486:Middlewares/Third_Party/LwIP/src/core/ipv4/etharp.c ****     ethernet_output(netif, p, (struct eth_addr *)(netif->hwaddr), ethaddr, ETHTYPE_IP);
 806              		.loc 1 486 5 view .LVU243
 807 0092 4FF40063 		mov	r3, #2048
 808 0096 0093     		str	r3, [sp]
 809 0098 3346     		mov	r3, r6
 810 009a 05F12A02 		add	r2, r5, #42
 811 009e 3946     		mov	r1, r7
 812 00a0 2846     		mov	r0, r5
 813 00a2 FFF7FEFF 		bl	ethernet_output
 814              	.LVL77:
 487:Middlewares/Third_Party/LwIP/src/core/ipv4/etharp.c ****     /* free the queued IP packet */
 488:Middlewares/Third_Party/LwIP/src/core/ipv4/etharp.c ****     pbuf_free(p);
 815              		.loc 1 488 5 view .LVU244
 816 00a6 3846     		mov	r0, r7
 817 00a8 FFF7FEFF 		bl	pbuf_free
 818              	.LVL78:
 819              	.L60:
 820              		.loc 1 488 5 is_stmt 0 view .LVU245
 821              	.LBE5:
 470:Middlewares/Third_Party/LwIP/src/core/ipv4/etharp.c ****     struct pbuf *p;
 822              		.loc 1 470 9 is_stmt 1 view .LVU246
ARM GAS  /tmp/ccbstRKj.s 			page 26


 470:Middlewares/Third_Party/LwIP/src/core/ipv4/etharp.c ****     struct pbuf *p;
 823              		.loc 1 470 22 is_stmt 0 view .LVU247
 824 00ac 04EB4403 		add	r3, r4, r4, lsl #1
 825 00b0 034A     		ldr	r2, .L65
 826 00b2 52F83310 		ldr	r1, [r2, r3, lsl #3]
 470:Middlewares/Third_Party/LwIP/src/core/ipv4/etharp.c ****     struct pbuf *p;
 827              		.loc 1 470 9 view .LVU248
 828 00b6 0029     		cmp	r1, #0
 829 00b8 E1D1     		bne	.L61
 489:Middlewares/Third_Party/LwIP/src/core/ipv4/etharp.c ****   }
 490:Middlewares/Third_Party/LwIP/src/core/ipv4/etharp.c ****   return ERR_OK;
 830              		.loc 1 490 10 view .LVU249
 831 00ba 0020     		movs	r0, #0
 832              	.L58:
 491:Middlewares/Third_Party/LwIP/src/core/ipv4/etharp.c **** }
 833              		.loc 1 491 1 view .LVU250
 834 00bc 03B0     		add	sp, sp, #12
 835              	.LCFI8:
 836              		.cfi_def_cfa_offset 20
 837              		@ sp needed
 838 00be F0BD     		pop	{r4, r5, r6, r7, pc}
 839              	.LVL79:
 840              	.L66:
 841              		.loc 1 491 1 view .LVU251
 842              		.align	2
 843              	.L65:
 844 00c0 00000000 		.word	.LANCHOR0
 845 00c4 00000000 		.word	.LC0
 846 00c8 00000000 		.word	.LC7
 847 00cc 40000000 		.word	.LC2
 848              		.cfi_endproc
 849              	.LFE163:
 851              		.section	.rodata.etharp_raw.str1.4,"aMS",%progbits,1
 852              		.align	2
 853              	.LC8:
 854 0000 6E657469 		.ascii	"netif != NULL\000"
 854      6620213D 
 854      204E554C 
 854      4C00
 855 000e 0000     		.align	2
 856              	.LC9:
 857 0010 63686563 		.ascii	"check that first pbuf can hold struct etharp_hdr\000"
 857      6B207468 
 857      61742066 
 857      69727374 
 857      20706275 
 858 0041 000000   		.align	2
 859              	.LC10:
 860 0044 6E657469 		.ascii	"netif->hwaddr_len must be the same as ETH_HWADDR_LE"
 860      662D3E68 
 860      77616464 
 860      725F6C65 
 860      6E206D75 
 861 0077 4E20666F 		.ascii	"N for etharp!\000"
 861      72206574 
 861      68617270 
 861      2100
ARM GAS  /tmp/ccbstRKj.s 			page 27


 862              		.section	.text.etharp_raw,"ax",%progbits
 863              		.align	1
 864              		.syntax unified
 865              		.thumb
 866              		.thumb_func
 867              		.fpu fpv4-sp-d16
 869              	etharp_raw:
 870              	.LVL80:
 871              	.LFB171:
 492:Middlewares/Third_Party/LwIP/src/core/ipv4/etharp.c **** 
 493:Middlewares/Third_Party/LwIP/src/core/ipv4/etharp.c **** #if ETHARP_SUPPORT_STATIC_ENTRIES
 494:Middlewares/Third_Party/LwIP/src/core/ipv4/etharp.c **** /** Add a new static entry to the ARP table. If an entry exists for the
 495:Middlewares/Third_Party/LwIP/src/core/ipv4/etharp.c ****  * specified IP address, this entry is overwritten.
 496:Middlewares/Third_Party/LwIP/src/core/ipv4/etharp.c ****  * If packets are queued for the specified IP address, they are sent out.
 497:Middlewares/Third_Party/LwIP/src/core/ipv4/etharp.c ****  *
 498:Middlewares/Third_Party/LwIP/src/core/ipv4/etharp.c ****  * @param ipaddr IP address for the new static entry
 499:Middlewares/Third_Party/LwIP/src/core/ipv4/etharp.c ****  * @param ethaddr ethernet address for the new static entry
 500:Middlewares/Third_Party/LwIP/src/core/ipv4/etharp.c ****  * @return See return values of etharp_add_static_entry
 501:Middlewares/Third_Party/LwIP/src/core/ipv4/etharp.c ****  */
 502:Middlewares/Third_Party/LwIP/src/core/ipv4/etharp.c **** err_t
 503:Middlewares/Third_Party/LwIP/src/core/ipv4/etharp.c **** etharp_add_static_entry(const ip4_addr_t *ipaddr, struct eth_addr *ethaddr)
 504:Middlewares/Third_Party/LwIP/src/core/ipv4/etharp.c **** {
 505:Middlewares/Third_Party/LwIP/src/core/ipv4/etharp.c ****   struct netif *netif;
 506:Middlewares/Third_Party/LwIP/src/core/ipv4/etharp.c ****   LWIP_ASSERT_CORE_LOCKED();
 507:Middlewares/Third_Party/LwIP/src/core/ipv4/etharp.c ****   LWIP_DEBUGF(ETHARP_DEBUG | LWIP_DBG_TRACE, ("etharp_add_static_entry: %"U16_F".%"U16_F".%"U16_F".
 508:Middlewares/Third_Party/LwIP/src/core/ipv4/etharp.c ****               ip4_addr1_16(ipaddr), ip4_addr2_16(ipaddr), ip4_addr3_16(ipaddr), ip4_addr4_16(ipaddr
 509:Middlewares/Third_Party/LwIP/src/core/ipv4/etharp.c ****               (u16_t)ethaddr->addr[0], (u16_t)ethaddr->addr[1], (u16_t)ethaddr->addr[2],
 510:Middlewares/Third_Party/LwIP/src/core/ipv4/etharp.c ****               (u16_t)ethaddr->addr[3], (u16_t)ethaddr->addr[4], (u16_t)ethaddr->addr[5]));
 511:Middlewares/Third_Party/LwIP/src/core/ipv4/etharp.c **** 
 512:Middlewares/Third_Party/LwIP/src/core/ipv4/etharp.c ****   netif = ip4_route(ipaddr);
 513:Middlewares/Third_Party/LwIP/src/core/ipv4/etharp.c ****   if (netif == NULL) {
 514:Middlewares/Third_Party/LwIP/src/core/ipv4/etharp.c ****     return ERR_RTE;
 515:Middlewares/Third_Party/LwIP/src/core/ipv4/etharp.c ****   }
 516:Middlewares/Third_Party/LwIP/src/core/ipv4/etharp.c **** 
 517:Middlewares/Third_Party/LwIP/src/core/ipv4/etharp.c ****   return etharp_update_arp_entry(netif, ipaddr, ethaddr, ETHARP_FLAG_TRY_HARD | ETHARP_FLAG_STATIC_
 518:Middlewares/Third_Party/LwIP/src/core/ipv4/etharp.c **** }
 519:Middlewares/Third_Party/LwIP/src/core/ipv4/etharp.c **** 
 520:Middlewares/Third_Party/LwIP/src/core/ipv4/etharp.c **** /** Remove a static entry from the ARP table previously added with a call to
 521:Middlewares/Third_Party/LwIP/src/core/ipv4/etharp.c ****  * etharp_add_static_entry.
 522:Middlewares/Third_Party/LwIP/src/core/ipv4/etharp.c ****  *
 523:Middlewares/Third_Party/LwIP/src/core/ipv4/etharp.c ****  * @param ipaddr IP address of the static entry to remove
 524:Middlewares/Third_Party/LwIP/src/core/ipv4/etharp.c ****  * @return ERR_OK: entry removed
 525:Middlewares/Third_Party/LwIP/src/core/ipv4/etharp.c ****  *         ERR_MEM: entry wasn't found
 526:Middlewares/Third_Party/LwIP/src/core/ipv4/etharp.c ****  *         ERR_ARG: entry wasn't a static entry but a dynamic one
 527:Middlewares/Third_Party/LwIP/src/core/ipv4/etharp.c ****  */
 528:Middlewares/Third_Party/LwIP/src/core/ipv4/etharp.c **** err_t
 529:Middlewares/Third_Party/LwIP/src/core/ipv4/etharp.c **** etharp_remove_static_entry(const ip4_addr_t *ipaddr)
 530:Middlewares/Third_Party/LwIP/src/core/ipv4/etharp.c **** {
 531:Middlewares/Third_Party/LwIP/src/core/ipv4/etharp.c ****   s16_t i;
 532:Middlewares/Third_Party/LwIP/src/core/ipv4/etharp.c ****   LWIP_ASSERT_CORE_LOCKED();
 533:Middlewares/Third_Party/LwIP/src/core/ipv4/etharp.c ****   LWIP_DEBUGF(ETHARP_DEBUG | LWIP_DBG_TRACE, ("etharp_remove_static_entry: %"U16_F".%"U16_F".%"U16_
 534:Middlewares/Third_Party/LwIP/src/core/ipv4/etharp.c ****               ip4_addr1_16(ipaddr), ip4_addr2_16(ipaddr), ip4_addr3_16(ipaddr), ip4_addr4_16(ipaddr
 535:Middlewares/Third_Party/LwIP/src/core/ipv4/etharp.c **** 
 536:Middlewares/Third_Party/LwIP/src/core/ipv4/etharp.c ****   /* find or create ARP entry */
 537:Middlewares/Third_Party/LwIP/src/core/ipv4/etharp.c ****   i = etharp_find_entry(ipaddr, ETHARP_FLAG_FIND_ONLY, NULL);
 538:Middlewares/Third_Party/LwIP/src/core/ipv4/etharp.c ****   /* bail out if no entry could be found */
 539:Middlewares/Third_Party/LwIP/src/core/ipv4/etharp.c ****   if (i < 0) {
ARM GAS  /tmp/ccbstRKj.s 			page 28


 540:Middlewares/Third_Party/LwIP/src/core/ipv4/etharp.c ****     return (err_t)i;
 541:Middlewares/Third_Party/LwIP/src/core/ipv4/etharp.c ****   }
 542:Middlewares/Third_Party/LwIP/src/core/ipv4/etharp.c **** 
 543:Middlewares/Third_Party/LwIP/src/core/ipv4/etharp.c ****   if (arp_table[i].state != ETHARP_STATE_STATIC) {
 544:Middlewares/Third_Party/LwIP/src/core/ipv4/etharp.c ****     /* entry wasn't a static entry, cannot remove it */
 545:Middlewares/Third_Party/LwIP/src/core/ipv4/etharp.c ****     return ERR_ARG;
 546:Middlewares/Third_Party/LwIP/src/core/ipv4/etharp.c ****   }
 547:Middlewares/Third_Party/LwIP/src/core/ipv4/etharp.c ****   /* entry found, free it */
 548:Middlewares/Third_Party/LwIP/src/core/ipv4/etharp.c ****   etharp_free_entry(i);
 549:Middlewares/Third_Party/LwIP/src/core/ipv4/etharp.c ****   return ERR_OK;
 550:Middlewares/Third_Party/LwIP/src/core/ipv4/etharp.c **** }
 551:Middlewares/Third_Party/LwIP/src/core/ipv4/etharp.c **** #endif /* ETHARP_SUPPORT_STATIC_ENTRIES */
 552:Middlewares/Third_Party/LwIP/src/core/ipv4/etharp.c **** 
 553:Middlewares/Third_Party/LwIP/src/core/ipv4/etharp.c **** /**
 554:Middlewares/Third_Party/LwIP/src/core/ipv4/etharp.c ****  * Remove all ARP table entries of the specified netif.
 555:Middlewares/Third_Party/LwIP/src/core/ipv4/etharp.c ****  *
 556:Middlewares/Third_Party/LwIP/src/core/ipv4/etharp.c ****  * @param netif points to a network interface
 557:Middlewares/Third_Party/LwIP/src/core/ipv4/etharp.c ****  */
 558:Middlewares/Third_Party/LwIP/src/core/ipv4/etharp.c **** void
 559:Middlewares/Third_Party/LwIP/src/core/ipv4/etharp.c **** etharp_cleanup_netif(struct netif *netif)
 560:Middlewares/Third_Party/LwIP/src/core/ipv4/etharp.c **** {
 561:Middlewares/Third_Party/LwIP/src/core/ipv4/etharp.c ****   int i;
 562:Middlewares/Third_Party/LwIP/src/core/ipv4/etharp.c **** 
 563:Middlewares/Third_Party/LwIP/src/core/ipv4/etharp.c ****   for (i = 0; i < ARP_TABLE_SIZE; ++i) {
 564:Middlewares/Third_Party/LwIP/src/core/ipv4/etharp.c ****     u8_t state = arp_table[i].state;
 565:Middlewares/Third_Party/LwIP/src/core/ipv4/etharp.c ****     if ((state != ETHARP_STATE_EMPTY) && (arp_table[i].netif == netif)) {
 566:Middlewares/Third_Party/LwIP/src/core/ipv4/etharp.c ****       etharp_free_entry(i);
 567:Middlewares/Third_Party/LwIP/src/core/ipv4/etharp.c ****     }
 568:Middlewares/Third_Party/LwIP/src/core/ipv4/etharp.c ****   }
 569:Middlewares/Third_Party/LwIP/src/core/ipv4/etharp.c **** }
 570:Middlewares/Third_Party/LwIP/src/core/ipv4/etharp.c **** 
 571:Middlewares/Third_Party/LwIP/src/core/ipv4/etharp.c **** /**
 572:Middlewares/Third_Party/LwIP/src/core/ipv4/etharp.c ****  * Finds (stable) ethernet/IP address pair from ARP table
 573:Middlewares/Third_Party/LwIP/src/core/ipv4/etharp.c ****  * using interface and IP address index.
 574:Middlewares/Third_Party/LwIP/src/core/ipv4/etharp.c ****  * @note the addresses in the ARP table are in network order!
 575:Middlewares/Third_Party/LwIP/src/core/ipv4/etharp.c ****  *
 576:Middlewares/Third_Party/LwIP/src/core/ipv4/etharp.c ****  * @param netif points to interface index
 577:Middlewares/Third_Party/LwIP/src/core/ipv4/etharp.c ****  * @param ipaddr points to the (network order) IP address index
 578:Middlewares/Third_Party/LwIP/src/core/ipv4/etharp.c ****  * @param eth_ret points to return pointer
 579:Middlewares/Third_Party/LwIP/src/core/ipv4/etharp.c ****  * @param ip_ret points to return pointer
 580:Middlewares/Third_Party/LwIP/src/core/ipv4/etharp.c ****  * @return table index if found, -1 otherwise
 581:Middlewares/Third_Party/LwIP/src/core/ipv4/etharp.c ****  */
 582:Middlewares/Third_Party/LwIP/src/core/ipv4/etharp.c **** ssize_t
 583:Middlewares/Third_Party/LwIP/src/core/ipv4/etharp.c **** etharp_find_addr(struct netif *netif, const ip4_addr_t *ipaddr,
 584:Middlewares/Third_Party/LwIP/src/core/ipv4/etharp.c ****                  struct eth_addr **eth_ret, const ip4_addr_t **ip_ret)
 585:Middlewares/Third_Party/LwIP/src/core/ipv4/etharp.c **** {
 586:Middlewares/Third_Party/LwIP/src/core/ipv4/etharp.c ****   s16_t i;
 587:Middlewares/Third_Party/LwIP/src/core/ipv4/etharp.c **** 
 588:Middlewares/Third_Party/LwIP/src/core/ipv4/etharp.c ****   LWIP_ASSERT("eth_ret != NULL && ip_ret != NULL",
 589:Middlewares/Third_Party/LwIP/src/core/ipv4/etharp.c ****               eth_ret != NULL && ip_ret != NULL);
 590:Middlewares/Third_Party/LwIP/src/core/ipv4/etharp.c **** 
 591:Middlewares/Third_Party/LwIP/src/core/ipv4/etharp.c ****   LWIP_UNUSED_ARG(netif);
 592:Middlewares/Third_Party/LwIP/src/core/ipv4/etharp.c **** 
 593:Middlewares/Third_Party/LwIP/src/core/ipv4/etharp.c ****   i = etharp_find_entry(ipaddr, ETHARP_FLAG_FIND_ONLY, netif);
 594:Middlewares/Third_Party/LwIP/src/core/ipv4/etharp.c ****   if ((i >= 0) && (arp_table[i].state >= ETHARP_STATE_STABLE)) {
 595:Middlewares/Third_Party/LwIP/src/core/ipv4/etharp.c ****     *eth_ret = &arp_table[i].ethaddr;
 596:Middlewares/Third_Party/LwIP/src/core/ipv4/etharp.c ****     *ip_ret = &arp_table[i].ipaddr;
ARM GAS  /tmp/ccbstRKj.s 			page 29


 597:Middlewares/Third_Party/LwIP/src/core/ipv4/etharp.c ****     return i;
 598:Middlewares/Third_Party/LwIP/src/core/ipv4/etharp.c ****   }
 599:Middlewares/Third_Party/LwIP/src/core/ipv4/etharp.c ****   return -1;
 600:Middlewares/Third_Party/LwIP/src/core/ipv4/etharp.c **** }
 601:Middlewares/Third_Party/LwIP/src/core/ipv4/etharp.c **** 
 602:Middlewares/Third_Party/LwIP/src/core/ipv4/etharp.c **** /**
 603:Middlewares/Third_Party/LwIP/src/core/ipv4/etharp.c ****  * Possibility to iterate over stable ARP table entries
 604:Middlewares/Third_Party/LwIP/src/core/ipv4/etharp.c ****  *
 605:Middlewares/Third_Party/LwIP/src/core/ipv4/etharp.c ****  * @param i entry number, 0 to ARP_TABLE_SIZE
 606:Middlewares/Third_Party/LwIP/src/core/ipv4/etharp.c ****  * @param ipaddr return value: IP address
 607:Middlewares/Third_Party/LwIP/src/core/ipv4/etharp.c ****  * @param netif return value: points to interface
 608:Middlewares/Third_Party/LwIP/src/core/ipv4/etharp.c ****  * @param eth_ret return value: ETH address
 609:Middlewares/Third_Party/LwIP/src/core/ipv4/etharp.c ****  * @return 1 on valid index, 0 otherwise
 610:Middlewares/Third_Party/LwIP/src/core/ipv4/etharp.c ****  */
 611:Middlewares/Third_Party/LwIP/src/core/ipv4/etharp.c **** int
 612:Middlewares/Third_Party/LwIP/src/core/ipv4/etharp.c **** etharp_get_entry(size_t i, ip4_addr_t **ipaddr, struct netif **netif, struct eth_addr **eth_ret)
 613:Middlewares/Third_Party/LwIP/src/core/ipv4/etharp.c **** {
 614:Middlewares/Third_Party/LwIP/src/core/ipv4/etharp.c ****   LWIP_ASSERT("ipaddr != NULL", ipaddr != NULL);
 615:Middlewares/Third_Party/LwIP/src/core/ipv4/etharp.c ****   LWIP_ASSERT("netif != NULL", netif != NULL);
 616:Middlewares/Third_Party/LwIP/src/core/ipv4/etharp.c ****   LWIP_ASSERT("eth_ret != NULL", eth_ret != NULL);
 617:Middlewares/Third_Party/LwIP/src/core/ipv4/etharp.c **** 
 618:Middlewares/Third_Party/LwIP/src/core/ipv4/etharp.c ****   if ((i < ARP_TABLE_SIZE) && (arp_table[i].state >= ETHARP_STATE_STABLE)) {
 619:Middlewares/Third_Party/LwIP/src/core/ipv4/etharp.c ****     *ipaddr  = &arp_table[i].ipaddr;
 620:Middlewares/Third_Party/LwIP/src/core/ipv4/etharp.c ****     *netif   = arp_table[i].netif;
 621:Middlewares/Third_Party/LwIP/src/core/ipv4/etharp.c ****     *eth_ret = &arp_table[i].ethaddr;
 622:Middlewares/Third_Party/LwIP/src/core/ipv4/etharp.c ****     return 1;
 623:Middlewares/Third_Party/LwIP/src/core/ipv4/etharp.c ****   } else {
 624:Middlewares/Third_Party/LwIP/src/core/ipv4/etharp.c ****     return 0;
 625:Middlewares/Third_Party/LwIP/src/core/ipv4/etharp.c ****   }
 626:Middlewares/Third_Party/LwIP/src/core/ipv4/etharp.c **** }
 627:Middlewares/Third_Party/LwIP/src/core/ipv4/etharp.c **** 
 628:Middlewares/Third_Party/LwIP/src/core/ipv4/etharp.c **** /**
 629:Middlewares/Third_Party/LwIP/src/core/ipv4/etharp.c ****  * Responds to ARP requests to us. Upon ARP replies to us, add entry to cache
 630:Middlewares/Third_Party/LwIP/src/core/ipv4/etharp.c ****  * send out queued IP packets. Updates cache with snooped address pairs.
 631:Middlewares/Third_Party/LwIP/src/core/ipv4/etharp.c ****  *
 632:Middlewares/Third_Party/LwIP/src/core/ipv4/etharp.c ****  * Should be called for incoming ARP packets. The pbuf in the argument
 633:Middlewares/Third_Party/LwIP/src/core/ipv4/etharp.c ****  * is freed by this function.
 634:Middlewares/Third_Party/LwIP/src/core/ipv4/etharp.c ****  *
 635:Middlewares/Third_Party/LwIP/src/core/ipv4/etharp.c ****  * @param p The ARP packet that arrived on netif. Is freed by this function.
 636:Middlewares/Third_Party/LwIP/src/core/ipv4/etharp.c ****  * @param netif The lwIP network interface on which the ARP packet pbuf arrived.
 637:Middlewares/Third_Party/LwIP/src/core/ipv4/etharp.c ****  *
 638:Middlewares/Third_Party/LwIP/src/core/ipv4/etharp.c ****  * @see pbuf_free()
 639:Middlewares/Third_Party/LwIP/src/core/ipv4/etharp.c ****  */
 640:Middlewares/Third_Party/LwIP/src/core/ipv4/etharp.c **** void
 641:Middlewares/Third_Party/LwIP/src/core/ipv4/etharp.c **** etharp_input(struct pbuf *p, struct netif *netif)
 642:Middlewares/Third_Party/LwIP/src/core/ipv4/etharp.c **** {
 643:Middlewares/Third_Party/LwIP/src/core/ipv4/etharp.c ****   struct etharp_hdr *hdr;
 644:Middlewares/Third_Party/LwIP/src/core/ipv4/etharp.c ****   /* these are aligned properly, whereas the ARP header fields might not be */
 645:Middlewares/Third_Party/LwIP/src/core/ipv4/etharp.c ****   ip4_addr_t sipaddr, dipaddr;
 646:Middlewares/Third_Party/LwIP/src/core/ipv4/etharp.c ****   u8_t for_us;
 647:Middlewares/Third_Party/LwIP/src/core/ipv4/etharp.c **** 
 648:Middlewares/Third_Party/LwIP/src/core/ipv4/etharp.c ****   LWIP_ASSERT_CORE_LOCKED();
 649:Middlewares/Third_Party/LwIP/src/core/ipv4/etharp.c **** 
 650:Middlewares/Third_Party/LwIP/src/core/ipv4/etharp.c ****   LWIP_ERROR("netif != NULL", (netif != NULL), return;);
 651:Middlewares/Third_Party/LwIP/src/core/ipv4/etharp.c **** 
 652:Middlewares/Third_Party/LwIP/src/core/ipv4/etharp.c ****   hdr = (struct etharp_hdr *)p->payload;
 653:Middlewares/Third_Party/LwIP/src/core/ipv4/etharp.c **** 
ARM GAS  /tmp/ccbstRKj.s 			page 30


 654:Middlewares/Third_Party/LwIP/src/core/ipv4/etharp.c ****   /* RFC 826 "Packet Reception": */
 655:Middlewares/Third_Party/LwIP/src/core/ipv4/etharp.c ****   if ((hdr->hwtype != PP_HTONS(LWIP_IANA_HWTYPE_ETHERNET)) ||
 656:Middlewares/Third_Party/LwIP/src/core/ipv4/etharp.c ****       (hdr->hwlen != ETH_HWADDR_LEN) ||
 657:Middlewares/Third_Party/LwIP/src/core/ipv4/etharp.c ****       (hdr->protolen != sizeof(ip4_addr_t)) ||
 658:Middlewares/Third_Party/LwIP/src/core/ipv4/etharp.c ****       (hdr->proto != PP_HTONS(ETHTYPE_IP)))  {
 659:Middlewares/Third_Party/LwIP/src/core/ipv4/etharp.c ****     LWIP_DEBUGF(ETHARP_DEBUG | LWIP_DBG_TRACE | LWIP_DBG_LEVEL_WARNING,
 660:Middlewares/Third_Party/LwIP/src/core/ipv4/etharp.c ****                 ("etharp_input: packet dropped, wrong hw type, hwlen, proto, protolen or ethernet t
 661:Middlewares/Third_Party/LwIP/src/core/ipv4/etharp.c ****                  hdr->hwtype, (u16_t)hdr->hwlen, hdr->proto, (u16_t)hdr->protolen));
 662:Middlewares/Third_Party/LwIP/src/core/ipv4/etharp.c ****     ETHARP_STATS_INC(etharp.proterr);
 663:Middlewares/Third_Party/LwIP/src/core/ipv4/etharp.c ****     ETHARP_STATS_INC(etharp.drop);
 664:Middlewares/Third_Party/LwIP/src/core/ipv4/etharp.c ****     pbuf_free(p);
 665:Middlewares/Third_Party/LwIP/src/core/ipv4/etharp.c ****     return;
 666:Middlewares/Third_Party/LwIP/src/core/ipv4/etharp.c ****   }
 667:Middlewares/Third_Party/LwIP/src/core/ipv4/etharp.c ****   ETHARP_STATS_INC(etharp.recv);
 668:Middlewares/Third_Party/LwIP/src/core/ipv4/etharp.c **** 
 669:Middlewares/Third_Party/LwIP/src/core/ipv4/etharp.c **** #if LWIP_AUTOIP
 670:Middlewares/Third_Party/LwIP/src/core/ipv4/etharp.c ****   /* We have to check if a host already has configured our random
 671:Middlewares/Third_Party/LwIP/src/core/ipv4/etharp.c ****    * created link local address and continuously check if there is
 672:Middlewares/Third_Party/LwIP/src/core/ipv4/etharp.c ****    * a host with this IP-address so we can detect collisions */
 673:Middlewares/Third_Party/LwIP/src/core/ipv4/etharp.c ****   autoip_arp_reply(netif, hdr);
 674:Middlewares/Third_Party/LwIP/src/core/ipv4/etharp.c **** #endif /* LWIP_AUTOIP */
 675:Middlewares/Third_Party/LwIP/src/core/ipv4/etharp.c **** 
 676:Middlewares/Third_Party/LwIP/src/core/ipv4/etharp.c ****   /* Copy struct ip4_addr_wordaligned to aligned ip4_addr, to support compilers without
 677:Middlewares/Third_Party/LwIP/src/core/ipv4/etharp.c ****    * structure packing (not using structure copy which breaks strict-aliasing rules). */
 678:Middlewares/Third_Party/LwIP/src/core/ipv4/etharp.c ****   IPADDR_WORDALIGNED_COPY_TO_IP4_ADDR_T(&sipaddr, &hdr->sipaddr);
 679:Middlewares/Third_Party/LwIP/src/core/ipv4/etharp.c ****   IPADDR_WORDALIGNED_COPY_TO_IP4_ADDR_T(&dipaddr, &hdr->dipaddr);
 680:Middlewares/Third_Party/LwIP/src/core/ipv4/etharp.c **** 
 681:Middlewares/Third_Party/LwIP/src/core/ipv4/etharp.c ****   /* this interface is not configured? */
 682:Middlewares/Third_Party/LwIP/src/core/ipv4/etharp.c ****   if (ip4_addr_isany_val(*netif_ip4_addr(netif))) {
 683:Middlewares/Third_Party/LwIP/src/core/ipv4/etharp.c ****     for_us = 0;
 684:Middlewares/Third_Party/LwIP/src/core/ipv4/etharp.c ****   } else {
 685:Middlewares/Third_Party/LwIP/src/core/ipv4/etharp.c ****     /* ARP packet directed to us? */
 686:Middlewares/Third_Party/LwIP/src/core/ipv4/etharp.c ****     for_us = (u8_t)ip4_addr_cmp(&dipaddr, netif_ip4_addr(netif));
 687:Middlewares/Third_Party/LwIP/src/core/ipv4/etharp.c ****   }
 688:Middlewares/Third_Party/LwIP/src/core/ipv4/etharp.c **** 
 689:Middlewares/Third_Party/LwIP/src/core/ipv4/etharp.c ****   /* ARP message directed to us?
 690:Middlewares/Third_Party/LwIP/src/core/ipv4/etharp.c ****       -> add IP address in ARP cache; assume requester wants to talk to us,
 691:Middlewares/Third_Party/LwIP/src/core/ipv4/etharp.c ****          can result in directly sending the queued packets for this host.
 692:Middlewares/Third_Party/LwIP/src/core/ipv4/etharp.c ****      ARP message not directed to us?
 693:Middlewares/Third_Party/LwIP/src/core/ipv4/etharp.c ****       ->  update the source IP address in the cache, if present */
 694:Middlewares/Third_Party/LwIP/src/core/ipv4/etharp.c ****   etharp_update_arp_entry(netif, &sipaddr, &(hdr->shwaddr),
 695:Middlewares/Third_Party/LwIP/src/core/ipv4/etharp.c ****                           for_us ? ETHARP_FLAG_TRY_HARD : ETHARP_FLAG_FIND_ONLY);
 696:Middlewares/Third_Party/LwIP/src/core/ipv4/etharp.c **** 
 697:Middlewares/Third_Party/LwIP/src/core/ipv4/etharp.c ****   /* now act on the message itself */
 698:Middlewares/Third_Party/LwIP/src/core/ipv4/etharp.c ****   switch (hdr->opcode) {
 699:Middlewares/Third_Party/LwIP/src/core/ipv4/etharp.c ****     /* ARP request? */
 700:Middlewares/Third_Party/LwIP/src/core/ipv4/etharp.c ****     case PP_HTONS(ARP_REQUEST):
 701:Middlewares/Third_Party/LwIP/src/core/ipv4/etharp.c ****       /* ARP request. If it asked for our address, we send out a
 702:Middlewares/Third_Party/LwIP/src/core/ipv4/etharp.c ****        * reply. In any case, we time-stamp any existing ARP entry,
 703:Middlewares/Third_Party/LwIP/src/core/ipv4/etharp.c ****        * and possibly send out an IP packet that was queued on it. */
 704:Middlewares/Third_Party/LwIP/src/core/ipv4/etharp.c **** 
 705:Middlewares/Third_Party/LwIP/src/core/ipv4/etharp.c ****       LWIP_DEBUGF (ETHARP_DEBUG | LWIP_DBG_TRACE, ("etharp_input: incoming ARP request\n"));
 706:Middlewares/Third_Party/LwIP/src/core/ipv4/etharp.c ****       /* ARP request for our address? */
 707:Middlewares/Third_Party/LwIP/src/core/ipv4/etharp.c ****       if (for_us) {
 708:Middlewares/Third_Party/LwIP/src/core/ipv4/etharp.c ****         /* send ARP response */
 709:Middlewares/Third_Party/LwIP/src/core/ipv4/etharp.c ****         etharp_raw(netif,
 710:Middlewares/Third_Party/LwIP/src/core/ipv4/etharp.c ****                    (struct eth_addr *)netif->hwaddr, &hdr->shwaddr,
ARM GAS  /tmp/ccbstRKj.s 			page 31


 711:Middlewares/Third_Party/LwIP/src/core/ipv4/etharp.c ****                    (struct eth_addr *)netif->hwaddr, netif_ip4_addr(netif),
 712:Middlewares/Third_Party/LwIP/src/core/ipv4/etharp.c ****                    &hdr->shwaddr, &sipaddr,
 713:Middlewares/Third_Party/LwIP/src/core/ipv4/etharp.c ****                    ARP_REPLY);
 714:Middlewares/Third_Party/LwIP/src/core/ipv4/etharp.c ****         /* we are not configured? */
 715:Middlewares/Third_Party/LwIP/src/core/ipv4/etharp.c ****       } else if (ip4_addr_isany_val(*netif_ip4_addr(netif))) {
 716:Middlewares/Third_Party/LwIP/src/core/ipv4/etharp.c ****         /* { for_us == 0 and netif->ip_addr.addr == 0 } */
 717:Middlewares/Third_Party/LwIP/src/core/ipv4/etharp.c ****         LWIP_DEBUGF(ETHARP_DEBUG | LWIP_DBG_TRACE, ("etharp_input: we are unconfigured, ARP request
 718:Middlewares/Third_Party/LwIP/src/core/ipv4/etharp.c ****         /* request was not directed to us */
 719:Middlewares/Third_Party/LwIP/src/core/ipv4/etharp.c ****       } else {
 720:Middlewares/Third_Party/LwIP/src/core/ipv4/etharp.c ****         /* { for_us == 0 and netif->ip_addr.addr != 0 } */
 721:Middlewares/Third_Party/LwIP/src/core/ipv4/etharp.c ****         LWIP_DEBUGF(ETHARP_DEBUG | LWIP_DBG_TRACE, ("etharp_input: ARP request was not for us.\n"))
 722:Middlewares/Third_Party/LwIP/src/core/ipv4/etharp.c ****       }
 723:Middlewares/Third_Party/LwIP/src/core/ipv4/etharp.c ****       break;
 724:Middlewares/Third_Party/LwIP/src/core/ipv4/etharp.c ****     case PP_HTONS(ARP_REPLY):
 725:Middlewares/Third_Party/LwIP/src/core/ipv4/etharp.c ****       /* ARP reply. We already updated the ARP cache earlier. */
 726:Middlewares/Third_Party/LwIP/src/core/ipv4/etharp.c ****       LWIP_DEBUGF(ETHARP_DEBUG | LWIP_DBG_TRACE, ("etharp_input: incoming ARP reply\n"));
 727:Middlewares/Third_Party/LwIP/src/core/ipv4/etharp.c **** #if (LWIP_DHCP && DHCP_DOES_ARP_CHECK)
 728:Middlewares/Third_Party/LwIP/src/core/ipv4/etharp.c ****       /* DHCP wants to know about ARP replies from any host with an
 729:Middlewares/Third_Party/LwIP/src/core/ipv4/etharp.c ****        * IP address also offered to us by the DHCP server. We do not
 730:Middlewares/Third_Party/LwIP/src/core/ipv4/etharp.c ****        * want to take a duplicate IP address on a single network.
 731:Middlewares/Third_Party/LwIP/src/core/ipv4/etharp.c ****        * @todo How should we handle redundant (fail-over) interfaces? */
 732:Middlewares/Third_Party/LwIP/src/core/ipv4/etharp.c ****       dhcp_arp_reply(netif, &sipaddr);
 733:Middlewares/Third_Party/LwIP/src/core/ipv4/etharp.c **** #endif /* (LWIP_DHCP && DHCP_DOES_ARP_CHECK) */
 734:Middlewares/Third_Party/LwIP/src/core/ipv4/etharp.c ****       break;
 735:Middlewares/Third_Party/LwIP/src/core/ipv4/etharp.c ****     default:
 736:Middlewares/Third_Party/LwIP/src/core/ipv4/etharp.c ****       LWIP_DEBUGF(ETHARP_DEBUG | LWIP_DBG_TRACE, ("etharp_input: ARP unknown opcode type %"S16_F"\n
 737:Middlewares/Third_Party/LwIP/src/core/ipv4/etharp.c ****       ETHARP_STATS_INC(etharp.err);
 738:Middlewares/Third_Party/LwIP/src/core/ipv4/etharp.c ****       break;
 739:Middlewares/Third_Party/LwIP/src/core/ipv4/etharp.c ****   }
 740:Middlewares/Third_Party/LwIP/src/core/ipv4/etharp.c ****   /* free ARP packet */
 741:Middlewares/Third_Party/LwIP/src/core/ipv4/etharp.c ****   pbuf_free(p);
 742:Middlewares/Third_Party/LwIP/src/core/ipv4/etharp.c **** }
 743:Middlewares/Third_Party/LwIP/src/core/ipv4/etharp.c **** 
 744:Middlewares/Third_Party/LwIP/src/core/ipv4/etharp.c **** /** Just a small helper function that sends a pbuf to an ethernet address
 745:Middlewares/Third_Party/LwIP/src/core/ipv4/etharp.c ****  * in the arp_table specified by the index 'arp_idx'.
 746:Middlewares/Third_Party/LwIP/src/core/ipv4/etharp.c ****  */
 747:Middlewares/Third_Party/LwIP/src/core/ipv4/etharp.c **** static err_t
 748:Middlewares/Third_Party/LwIP/src/core/ipv4/etharp.c **** etharp_output_to_arp_index(struct netif *netif, struct pbuf *q, netif_addr_idx_t arp_idx)
 749:Middlewares/Third_Party/LwIP/src/core/ipv4/etharp.c **** {
 750:Middlewares/Third_Party/LwIP/src/core/ipv4/etharp.c ****   LWIP_ASSERT("arp_table[arp_idx].state >= ETHARP_STATE_STABLE",
 751:Middlewares/Third_Party/LwIP/src/core/ipv4/etharp.c ****               arp_table[arp_idx].state >= ETHARP_STATE_STABLE);
 752:Middlewares/Third_Party/LwIP/src/core/ipv4/etharp.c ****   /* if arp table entry is about to expire: re-request it,
 753:Middlewares/Third_Party/LwIP/src/core/ipv4/etharp.c ****      but only if its state is ETHARP_STATE_STABLE to prevent flooding the
 754:Middlewares/Third_Party/LwIP/src/core/ipv4/etharp.c ****      network with ARP requests if this address is used frequently. */
 755:Middlewares/Third_Party/LwIP/src/core/ipv4/etharp.c ****   if (arp_table[arp_idx].state == ETHARP_STATE_STABLE) {
 756:Middlewares/Third_Party/LwIP/src/core/ipv4/etharp.c ****     if (arp_table[arp_idx].ctime >= ARP_AGE_REREQUEST_USED_BROADCAST) {
 757:Middlewares/Third_Party/LwIP/src/core/ipv4/etharp.c ****       /* issue a standard request using broadcast */
 758:Middlewares/Third_Party/LwIP/src/core/ipv4/etharp.c ****       if (etharp_request(netif, &arp_table[arp_idx].ipaddr) == ERR_OK) {
 759:Middlewares/Third_Party/LwIP/src/core/ipv4/etharp.c ****         arp_table[arp_idx].state = ETHARP_STATE_STABLE_REREQUESTING_1;
 760:Middlewares/Third_Party/LwIP/src/core/ipv4/etharp.c ****       }
 761:Middlewares/Third_Party/LwIP/src/core/ipv4/etharp.c ****     } else if (arp_table[arp_idx].ctime >= ARP_AGE_REREQUEST_USED_UNICAST) {
 762:Middlewares/Third_Party/LwIP/src/core/ipv4/etharp.c ****       /* issue a unicast request (for 15 seconds) to prevent unnecessary broadcast */
 763:Middlewares/Third_Party/LwIP/src/core/ipv4/etharp.c ****       if (etharp_request_dst(netif, &arp_table[arp_idx].ipaddr, &arp_table[arp_idx].ethaddr) == ERR
 764:Middlewares/Third_Party/LwIP/src/core/ipv4/etharp.c ****         arp_table[arp_idx].state = ETHARP_STATE_STABLE_REREQUESTING_1;
 765:Middlewares/Third_Party/LwIP/src/core/ipv4/etharp.c ****       }
 766:Middlewares/Third_Party/LwIP/src/core/ipv4/etharp.c ****     }
 767:Middlewares/Third_Party/LwIP/src/core/ipv4/etharp.c ****   }
ARM GAS  /tmp/ccbstRKj.s 			page 32


 768:Middlewares/Third_Party/LwIP/src/core/ipv4/etharp.c **** 
 769:Middlewares/Third_Party/LwIP/src/core/ipv4/etharp.c ****   return ethernet_output(netif, q, (struct eth_addr *)(netif->hwaddr), &arp_table[arp_idx].ethaddr,
 770:Middlewares/Third_Party/LwIP/src/core/ipv4/etharp.c **** }
 771:Middlewares/Third_Party/LwIP/src/core/ipv4/etharp.c **** 
 772:Middlewares/Third_Party/LwIP/src/core/ipv4/etharp.c **** /**
 773:Middlewares/Third_Party/LwIP/src/core/ipv4/etharp.c ****  * Resolve and fill-in Ethernet address header for outgoing IP packet.
 774:Middlewares/Third_Party/LwIP/src/core/ipv4/etharp.c ****  *
 775:Middlewares/Third_Party/LwIP/src/core/ipv4/etharp.c ****  * For IP multicast and broadcast, corresponding Ethernet addresses
 776:Middlewares/Third_Party/LwIP/src/core/ipv4/etharp.c ****  * are selected and the packet is transmitted on the link.
 777:Middlewares/Third_Party/LwIP/src/core/ipv4/etharp.c ****  *
 778:Middlewares/Third_Party/LwIP/src/core/ipv4/etharp.c ****  * For unicast addresses, the packet is submitted to etharp_query(). In
 779:Middlewares/Third_Party/LwIP/src/core/ipv4/etharp.c ****  * case the IP address is outside the local network, the IP address of
 780:Middlewares/Third_Party/LwIP/src/core/ipv4/etharp.c ****  * the gateway is used.
 781:Middlewares/Third_Party/LwIP/src/core/ipv4/etharp.c ****  *
 782:Middlewares/Third_Party/LwIP/src/core/ipv4/etharp.c ****  * @param netif The lwIP network interface which the IP packet will be sent on.
 783:Middlewares/Third_Party/LwIP/src/core/ipv4/etharp.c ****  * @param q The pbuf(s) containing the IP packet to be sent.
 784:Middlewares/Third_Party/LwIP/src/core/ipv4/etharp.c ****  * @param ipaddr The IP address of the packet destination.
 785:Middlewares/Third_Party/LwIP/src/core/ipv4/etharp.c ****  *
 786:Middlewares/Third_Party/LwIP/src/core/ipv4/etharp.c ****  * @return
 787:Middlewares/Third_Party/LwIP/src/core/ipv4/etharp.c ****  * - ERR_RTE No route to destination (no gateway to external networks),
 788:Middlewares/Third_Party/LwIP/src/core/ipv4/etharp.c ****  * or the return type of either etharp_query() or ethernet_output().
 789:Middlewares/Third_Party/LwIP/src/core/ipv4/etharp.c ****  */
 790:Middlewares/Third_Party/LwIP/src/core/ipv4/etharp.c **** err_t
 791:Middlewares/Third_Party/LwIP/src/core/ipv4/etharp.c **** etharp_output(struct netif *netif, struct pbuf *q, const ip4_addr_t *ipaddr)
 792:Middlewares/Third_Party/LwIP/src/core/ipv4/etharp.c **** {
 793:Middlewares/Third_Party/LwIP/src/core/ipv4/etharp.c ****   const struct eth_addr *dest;
 794:Middlewares/Third_Party/LwIP/src/core/ipv4/etharp.c ****   struct eth_addr mcastaddr;
 795:Middlewares/Third_Party/LwIP/src/core/ipv4/etharp.c ****   const ip4_addr_t *dst_addr = ipaddr;
 796:Middlewares/Third_Party/LwIP/src/core/ipv4/etharp.c **** 
 797:Middlewares/Third_Party/LwIP/src/core/ipv4/etharp.c ****   LWIP_ASSERT_CORE_LOCKED();
 798:Middlewares/Third_Party/LwIP/src/core/ipv4/etharp.c ****   LWIP_ASSERT("netif != NULL", netif != NULL);
 799:Middlewares/Third_Party/LwIP/src/core/ipv4/etharp.c ****   LWIP_ASSERT("q != NULL", q != NULL);
 800:Middlewares/Third_Party/LwIP/src/core/ipv4/etharp.c ****   LWIP_ASSERT("ipaddr != NULL", ipaddr != NULL);
 801:Middlewares/Third_Party/LwIP/src/core/ipv4/etharp.c **** 
 802:Middlewares/Third_Party/LwIP/src/core/ipv4/etharp.c ****   /* Determine on destination hardware address. Broadcasts and multicasts
 803:Middlewares/Third_Party/LwIP/src/core/ipv4/etharp.c ****    * are special, other IP addresses are looked up in the ARP table. */
 804:Middlewares/Third_Party/LwIP/src/core/ipv4/etharp.c **** 
 805:Middlewares/Third_Party/LwIP/src/core/ipv4/etharp.c ****   /* broadcast destination IP address? */
 806:Middlewares/Third_Party/LwIP/src/core/ipv4/etharp.c ****   if (ip4_addr_isbroadcast(ipaddr, netif)) {
 807:Middlewares/Third_Party/LwIP/src/core/ipv4/etharp.c ****     /* broadcast on Ethernet also */
 808:Middlewares/Third_Party/LwIP/src/core/ipv4/etharp.c ****     dest = (const struct eth_addr *)&ethbroadcast;
 809:Middlewares/Third_Party/LwIP/src/core/ipv4/etharp.c ****     /* multicast destination IP address? */
 810:Middlewares/Third_Party/LwIP/src/core/ipv4/etharp.c ****   } else if (ip4_addr_ismulticast(ipaddr)) {
 811:Middlewares/Third_Party/LwIP/src/core/ipv4/etharp.c ****     /* Hash IP multicast address to MAC address.*/
 812:Middlewares/Third_Party/LwIP/src/core/ipv4/etharp.c ****     mcastaddr.addr[0] = LL_IP4_MULTICAST_ADDR_0;
 813:Middlewares/Third_Party/LwIP/src/core/ipv4/etharp.c ****     mcastaddr.addr[1] = LL_IP4_MULTICAST_ADDR_1;
 814:Middlewares/Third_Party/LwIP/src/core/ipv4/etharp.c ****     mcastaddr.addr[2] = LL_IP4_MULTICAST_ADDR_2;
 815:Middlewares/Third_Party/LwIP/src/core/ipv4/etharp.c ****     mcastaddr.addr[3] = ip4_addr2(ipaddr) & 0x7f;
 816:Middlewares/Third_Party/LwIP/src/core/ipv4/etharp.c ****     mcastaddr.addr[4] = ip4_addr3(ipaddr);
 817:Middlewares/Third_Party/LwIP/src/core/ipv4/etharp.c ****     mcastaddr.addr[5] = ip4_addr4(ipaddr);
 818:Middlewares/Third_Party/LwIP/src/core/ipv4/etharp.c ****     /* destination Ethernet address is multicast */
 819:Middlewares/Third_Party/LwIP/src/core/ipv4/etharp.c ****     dest = &mcastaddr;
 820:Middlewares/Third_Party/LwIP/src/core/ipv4/etharp.c ****     /* unicast destination IP address? */
 821:Middlewares/Third_Party/LwIP/src/core/ipv4/etharp.c ****   } else {
 822:Middlewares/Third_Party/LwIP/src/core/ipv4/etharp.c ****     netif_addr_idx_t i;
 823:Middlewares/Third_Party/LwIP/src/core/ipv4/etharp.c ****     /* outside local network? if so, this can neither be a global broadcast nor
 824:Middlewares/Third_Party/LwIP/src/core/ipv4/etharp.c ****        a subnet broadcast. */
ARM GAS  /tmp/ccbstRKj.s 			page 33


 825:Middlewares/Third_Party/LwIP/src/core/ipv4/etharp.c ****     if (!ip4_addr_netcmp(ipaddr, netif_ip4_addr(netif), netif_ip4_netmask(netif)) &&
 826:Middlewares/Third_Party/LwIP/src/core/ipv4/etharp.c ****         !ip4_addr_islinklocal(ipaddr)) {
 827:Middlewares/Third_Party/LwIP/src/core/ipv4/etharp.c **** #if LWIP_AUTOIP
 828:Middlewares/Third_Party/LwIP/src/core/ipv4/etharp.c ****       struct ip_hdr *iphdr = LWIP_ALIGNMENT_CAST(struct ip_hdr *, q->payload);
 829:Middlewares/Third_Party/LwIP/src/core/ipv4/etharp.c ****       /* According to RFC 3297, chapter 2.6.2 (Forwarding Rules), a packet with
 830:Middlewares/Third_Party/LwIP/src/core/ipv4/etharp.c ****          a link-local source address must always be "directly to its destination
 831:Middlewares/Third_Party/LwIP/src/core/ipv4/etharp.c ****          on the same physical link. The host MUST NOT send the packet to any
 832:Middlewares/Third_Party/LwIP/src/core/ipv4/etharp.c ****          router for forwarding". */
 833:Middlewares/Third_Party/LwIP/src/core/ipv4/etharp.c ****       if (!ip4_addr_islinklocal(&iphdr->src))
 834:Middlewares/Third_Party/LwIP/src/core/ipv4/etharp.c **** #endif /* LWIP_AUTOIP */
 835:Middlewares/Third_Party/LwIP/src/core/ipv4/etharp.c ****       {
 836:Middlewares/Third_Party/LwIP/src/core/ipv4/etharp.c **** #ifdef LWIP_HOOK_ETHARP_GET_GW
 837:Middlewares/Third_Party/LwIP/src/core/ipv4/etharp.c ****         /* For advanced routing, a single default gateway might not be enough, so get
 838:Middlewares/Third_Party/LwIP/src/core/ipv4/etharp.c ****            the IP address of the gateway to handle the current destination address. */
 839:Middlewares/Third_Party/LwIP/src/core/ipv4/etharp.c ****         dst_addr = LWIP_HOOK_ETHARP_GET_GW(netif, ipaddr);
 840:Middlewares/Third_Party/LwIP/src/core/ipv4/etharp.c ****         if (dst_addr == NULL)
 841:Middlewares/Third_Party/LwIP/src/core/ipv4/etharp.c **** #endif /* LWIP_HOOK_ETHARP_GET_GW */
 842:Middlewares/Third_Party/LwIP/src/core/ipv4/etharp.c ****         {
 843:Middlewares/Third_Party/LwIP/src/core/ipv4/etharp.c ****           /* interface has default gateway? */
 844:Middlewares/Third_Party/LwIP/src/core/ipv4/etharp.c ****           if (!ip4_addr_isany_val(*netif_ip4_gw(netif))) {
 845:Middlewares/Third_Party/LwIP/src/core/ipv4/etharp.c ****             /* send to hardware address of default gateway IP address */
 846:Middlewares/Third_Party/LwIP/src/core/ipv4/etharp.c ****             dst_addr = netif_ip4_gw(netif);
 847:Middlewares/Third_Party/LwIP/src/core/ipv4/etharp.c ****             /* no default gateway available */
 848:Middlewares/Third_Party/LwIP/src/core/ipv4/etharp.c ****           } else {
 849:Middlewares/Third_Party/LwIP/src/core/ipv4/etharp.c ****             /* no route to destination error (default gateway missing) */
 850:Middlewares/Third_Party/LwIP/src/core/ipv4/etharp.c ****             return ERR_RTE;
 851:Middlewares/Third_Party/LwIP/src/core/ipv4/etharp.c ****           }
 852:Middlewares/Third_Party/LwIP/src/core/ipv4/etharp.c ****         }
 853:Middlewares/Third_Party/LwIP/src/core/ipv4/etharp.c ****       }
 854:Middlewares/Third_Party/LwIP/src/core/ipv4/etharp.c ****     }
 855:Middlewares/Third_Party/LwIP/src/core/ipv4/etharp.c **** #if LWIP_NETIF_HWADDRHINT
 856:Middlewares/Third_Party/LwIP/src/core/ipv4/etharp.c ****     if (netif->hints != NULL) {
 857:Middlewares/Third_Party/LwIP/src/core/ipv4/etharp.c ****       /* per-pcb cached entry was given */
 858:Middlewares/Third_Party/LwIP/src/core/ipv4/etharp.c ****       netif_addr_idx_t etharp_cached_entry = netif->hints->addr_hint;
 859:Middlewares/Third_Party/LwIP/src/core/ipv4/etharp.c ****       if (etharp_cached_entry < ARP_TABLE_SIZE) {
 860:Middlewares/Third_Party/LwIP/src/core/ipv4/etharp.c **** #endif /* LWIP_NETIF_HWADDRHINT */
 861:Middlewares/Third_Party/LwIP/src/core/ipv4/etharp.c ****         if ((arp_table[etharp_cached_entry].state >= ETHARP_STATE_STABLE) &&
 862:Middlewares/Third_Party/LwIP/src/core/ipv4/etharp.c **** #if ETHARP_TABLE_MATCH_NETIF
 863:Middlewares/Third_Party/LwIP/src/core/ipv4/etharp.c ****             (arp_table[etharp_cached_entry].netif == netif) &&
 864:Middlewares/Third_Party/LwIP/src/core/ipv4/etharp.c **** #endif
 865:Middlewares/Third_Party/LwIP/src/core/ipv4/etharp.c ****             (ip4_addr_cmp(dst_addr, &arp_table[etharp_cached_entry].ipaddr))) {
 866:Middlewares/Third_Party/LwIP/src/core/ipv4/etharp.c ****           /* the per-pcb-cached entry is stable and the right one! */
 867:Middlewares/Third_Party/LwIP/src/core/ipv4/etharp.c ****           ETHARP_STATS_INC(etharp.cachehit);
 868:Middlewares/Third_Party/LwIP/src/core/ipv4/etharp.c ****           return etharp_output_to_arp_index(netif, q, etharp_cached_entry);
 869:Middlewares/Third_Party/LwIP/src/core/ipv4/etharp.c ****         }
 870:Middlewares/Third_Party/LwIP/src/core/ipv4/etharp.c **** #if LWIP_NETIF_HWADDRHINT
 871:Middlewares/Third_Party/LwIP/src/core/ipv4/etharp.c ****       }
 872:Middlewares/Third_Party/LwIP/src/core/ipv4/etharp.c ****     }
 873:Middlewares/Third_Party/LwIP/src/core/ipv4/etharp.c **** #endif /* LWIP_NETIF_HWADDRHINT */
 874:Middlewares/Third_Party/LwIP/src/core/ipv4/etharp.c **** 
 875:Middlewares/Third_Party/LwIP/src/core/ipv4/etharp.c ****     /* find stable entry: do this here since this is a critical path for
 876:Middlewares/Third_Party/LwIP/src/core/ipv4/etharp.c ****        throughput and etharp_find_entry() is kind of slow */
 877:Middlewares/Third_Party/LwIP/src/core/ipv4/etharp.c ****     for (i = 0; i < ARP_TABLE_SIZE; i++) {
 878:Middlewares/Third_Party/LwIP/src/core/ipv4/etharp.c ****       if ((arp_table[i].state >= ETHARP_STATE_STABLE) &&
 879:Middlewares/Third_Party/LwIP/src/core/ipv4/etharp.c **** #if ETHARP_TABLE_MATCH_NETIF
 880:Middlewares/Third_Party/LwIP/src/core/ipv4/etharp.c ****           (arp_table[i].netif == netif) &&
 881:Middlewares/Third_Party/LwIP/src/core/ipv4/etharp.c **** #endif
ARM GAS  /tmp/ccbstRKj.s 			page 34


 882:Middlewares/Third_Party/LwIP/src/core/ipv4/etharp.c ****           (ip4_addr_cmp(dst_addr, &arp_table[i].ipaddr))) {
 883:Middlewares/Third_Party/LwIP/src/core/ipv4/etharp.c ****         /* found an existing, stable entry */
 884:Middlewares/Third_Party/LwIP/src/core/ipv4/etharp.c ****         ETHARP_SET_ADDRHINT(netif, i);
 885:Middlewares/Third_Party/LwIP/src/core/ipv4/etharp.c ****         return etharp_output_to_arp_index(netif, q, i);
 886:Middlewares/Third_Party/LwIP/src/core/ipv4/etharp.c ****       }
 887:Middlewares/Third_Party/LwIP/src/core/ipv4/etharp.c ****     }
 888:Middlewares/Third_Party/LwIP/src/core/ipv4/etharp.c ****     /* no stable entry found, use the (slower) query function:
 889:Middlewares/Third_Party/LwIP/src/core/ipv4/etharp.c ****        queue on destination Ethernet address belonging to ipaddr */
 890:Middlewares/Third_Party/LwIP/src/core/ipv4/etharp.c ****     return etharp_query(netif, dst_addr, q);
 891:Middlewares/Third_Party/LwIP/src/core/ipv4/etharp.c ****   }
 892:Middlewares/Third_Party/LwIP/src/core/ipv4/etharp.c **** 
 893:Middlewares/Third_Party/LwIP/src/core/ipv4/etharp.c ****   /* continuation for multicast/broadcast destinations */
 894:Middlewares/Third_Party/LwIP/src/core/ipv4/etharp.c ****   /* obtain source Ethernet address of the given interface */
 895:Middlewares/Third_Party/LwIP/src/core/ipv4/etharp.c ****   /* send packet directly on the link */
 896:Middlewares/Third_Party/LwIP/src/core/ipv4/etharp.c ****   return ethernet_output(netif, q, (struct eth_addr *)(netif->hwaddr), dest, ETHTYPE_IP);
 897:Middlewares/Third_Party/LwIP/src/core/ipv4/etharp.c **** }
 898:Middlewares/Third_Party/LwIP/src/core/ipv4/etharp.c **** 
 899:Middlewares/Third_Party/LwIP/src/core/ipv4/etharp.c **** /**
 900:Middlewares/Third_Party/LwIP/src/core/ipv4/etharp.c ****  * Send an ARP request for the given IP address and/or queue a packet.
 901:Middlewares/Third_Party/LwIP/src/core/ipv4/etharp.c ****  *
 902:Middlewares/Third_Party/LwIP/src/core/ipv4/etharp.c ****  * If the IP address was not yet in the cache, a pending ARP cache entry
 903:Middlewares/Third_Party/LwIP/src/core/ipv4/etharp.c ****  * is added and an ARP request is sent for the given address. The packet
 904:Middlewares/Third_Party/LwIP/src/core/ipv4/etharp.c ****  * is queued on this entry.
 905:Middlewares/Third_Party/LwIP/src/core/ipv4/etharp.c ****  *
 906:Middlewares/Third_Party/LwIP/src/core/ipv4/etharp.c ****  * If the IP address was already pending in the cache, a new ARP request
 907:Middlewares/Third_Party/LwIP/src/core/ipv4/etharp.c ****  * is sent for the given address. The packet is queued on this entry.
 908:Middlewares/Third_Party/LwIP/src/core/ipv4/etharp.c ****  *
 909:Middlewares/Third_Party/LwIP/src/core/ipv4/etharp.c ****  * If the IP address was already stable in the cache, and a packet is
 910:Middlewares/Third_Party/LwIP/src/core/ipv4/etharp.c ****  * given, it is directly sent and no ARP request is sent out.
 911:Middlewares/Third_Party/LwIP/src/core/ipv4/etharp.c ****  *
 912:Middlewares/Third_Party/LwIP/src/core/ipv4/etharp.c ****  * If the IP address was already stable in the cache, and no packet is
 913:Middlewares/Third_Party/LwIP/src/core/ipv4/etharp.c ****  * given, an ARP request is sent out.
 914:Middlewares/Third_Party/LwIP/src/core/ipv4/etharp.c ****  *
 915:Middlewares/Third_Party/LwIP/src/core/ipv4/etharp.c ****  * @param netif The lwIP network interface on which ipaddr
 916:Middlewares/Third_Party/LwIP/src/core/ipv4/etharp.c ****  * must be queried for.
 917:Middlewares/Third_Party/LwIP/src/core/ipv4/etharp.c ****  * @param ipaddr The IP address to be resolved.
 918:Middlewares/Third_Party/LwIP/src/core/ipv4/etharp.c ****  * @param q If non-NULL, a pbuf that must be delivered to the IP address.
 919:Middlewares/Third_Party/LwIP/src/core/ipv4/etharp.c ****  * q is not freed by this function.
 920:Middlewares/Third_Party/LwIP/src/core/ipv4/etharp.c ****  *
 921:Middlewares/Third_Party/LwIP/src/core/ipv4/etharp.c ****  * @note q must only be ONE packet, not a packet queue!
 922:Middlewares/Third_Party/LwIP/src/core/ipv4/etharp.c ****  *
 923:Middlewares/Third_Party/LwIP/src/core/ipv4/etharp.c ****  * @return
 924:Middlewares/Third_Party/LwIP/src/core/ipv4/etharp.c ****  * - ERR_BUF Could not make room for Ethernet header.
 925:Middlewares/Third_Party/LwIP/src/core/ipv4/etharp.c ****  * - ERR_MEM Hardware address unknown, and no more ARP entries available
 926:Middlewares/Third_Party/LwIP/src/core/ipv4/etharp.c ****  *   to query for address or queue the packet.
 927:Middlewares/Third_Party/LwIP/src/core/ipv4/etharp.c ****  * - ERR_MEM Could not queue packet due to memory shortage.
 928:Middlewares/Third_Party/LwIP/src/core/ipv4/etharp.c ****  * - ERR_RTE No route to destination (no gateway to external networks).
 929:Middlewares/Third_Party/LwIP/src/core/ipv4/etharp.c ****  * - ERR_ARG Non-unicast address given, those will not appear in ARP cache.
 930:Middlewares/Third_Party/LwIP/src/core/ipv4/etharp.c ****  *
 931:Middlewares/Third_Party/LwIP/src/core/ipv4/etharp.c ****  */
 932:Middlewares/Third_Party/LwIP/src/core/ipv4/etharp.c **** err_t
 933:Middlewares/Third_Party/LwIP/src/core/ipv4/etharp.c **** etharp_query(struct netif *netif, const ip4_addr_t *ipaddr, struct pbuf *q)
 934:Middlewares/Third_Party/LwIP/src/core/ipv4/etharp.c **** {
 935:Middlewares/Third_Party/LwIP/src/core/ipv4/etharp.c ****   struct eth_addr *srcaddr = (struct eth_addr *)netif->hwaddr;
 936:Middlewares/Third_Party/LwIP/src/core/ipv4/etharp.c ****   err_t result = ERR_MEM;
 937:Middlewares/Third_Party/LwIP/src/core/ipv4/etharp.c ****   int is_new_entry = 0;
 938:Middlewares/Third_Party/LwIP/src/core/ipv4/etharp.c ****   s16_t i_err;
ARM GAS  /tmp/ccbstRKj.s 			page 35


 939:Middlewares/Third_Party/LwIP/src/core/ipv4/etharp.c ****   netif_addr_idx_t i;
 940:Middlewares/Third_Party/LwIP/src/core/ipv4/etharp.c **** 
 941:Middlewares/Third_Party/LwIP/src/core/ipv4/etharp.c ****   /* non-unicast address? */
 942:Middlewares/Third_Party/LwIP/src/core/ipv4/etharp.c ****   if (ip4_addr_isbroadcast(ipaddr, netif) ||
 943:Middlewares/Third_Party/LwIP/src/core/ipv4/etharp.c ****       ip4_addr_ismulticast(ipaddr) ||
 944:Middlewares/Third_Party/LwIP/src/core/ipv4/etharp.c ****       ip4_addr_isany(ipaddr)) {
 945:Middlewares/Third_Party/LwIP/src/core/ipv4/etharp.c ****     LWIP_DEBUGF(ETHARP_DEBUG | LWIP_DBG_TRACE, ("etharp_query: will not add non-unicast IP address 
 946:Middlewares/Third_Party/LwIP/src/core/ipv4/etharp.c ****     return ERR_ARG;
 947:Middlewares/Third_Party/LwIP/src/core/ipv4/etharp.c ****   }
 948:Middlewares/Third_Party/LwIP/src/core/ipv4/etharp.c **** 
 949:Middlewares/Third_Party/LwIP/src/core/ipv4/etharp.c ****   /* find entry in ARP cache, ask to create entry if queueing packet */
 950:Middlewares/Third_Party/LwIP/src/core/ipv4/etharp.c ****   i_err = etharp_find_entry(ipaddr, ETHARP_FLAG_TRY_HARD, netif);
 951:Middlewares/Third_Party/LwIP/src/core/ipv4/etharp.c **** 
 952:Middlewares/Third_Party/LwIP/src/core/ipv4/etharp.c ****   /* could not find or create entry? */
 953:Middlewares/Third_Party/LwIP/src/core/ipv4/etharp.c ****   if (i_err < 0) {
 954:Middlewares/Third_Party/LwIP/src/core/ipv4/etharp.c ****     LWIP_DEBUGF(ETHARP_DEBUG | LWIP_DBG_TRACE, ("etharp_query: could not create ARP entry\n"));
 955:Middlewares/Third_Party/LwIP/src/core/ipv4/etharp.c ****     if (q) {
 956:Middlewares/Third_Party/LwIP/src/core/ipv4/etharp.c ****       LWIP_DEBUGF(ETHARP_DEBUG | LWIP_DBG_TRACE, ("etharp_query: packet dropped\n"));
 957:Middlewares/Third_Party/LwIP/src/core/ipv4/etharp.c ****       ETHARP_STATS_INC(etharp.memerr);
 958:Middlewares/Third_Party/LwIP/src/core/ipv4/etharp.c ****     }
 959:Middlewares/Third_Party/LwIP/src/core/ipv4/etharp.c ****     return (err_t)i_err;
 960:Middlewares/Third_Party/LwIP/src/core/ipv4/etharp.c ****   }
 961:Middlewares/Third_Party/LwIP/src/core/ipv4/etharp.c ****   LWIP_ASSERT("type overflow", (size_t)i_err < NETIF_ADDR_IDX_MAX);
 962:Middlewares/Third_Party/LwIP/src/core/ipv4/etharp.c ****   i = (netif_addr_idx_t)i_err;
 963:Middlewares/Third_Party/LwIP/src/core/ipv4/etharp.c **** 
 964:Middlewares/Third_Party/LwIP/src/core/ipv4/etharp.c ****   /* mark a fresh entry as pending (we just sent a request) */
 965:Middlewares/Third_Party/LwIP/src/core/ipv4/etharp.c ****   if (arp_table[i].state == ETHARP_STATE_EMPTY) {
 966:Middlewares/Third_Party/LwIP/src/core/ipv4/etharp.c ****     is_new_entry = 1;
 967:Middlewares/Third_Party/LwIP/src/core/ipv4/etharp.c ****     arp_table[i].state = ETHARP_STATE_PENDING;
 968:Middlewares/Third_Party/LwIP/src/core/ipv4/etharp.c ****     /* record network interface for re-sending arp request in etharp_tmr */
 969:Middlewares/Third_Party/LwIP/src/core/ipv4/etharp.c ****     arp_table[i].netif = netif;
 970:Middlewares/Third_Party/LwIP/src/core/ipv4/etharp.c ****   }
 971:Middlewares/Third_Party/LwIP/src/core/ipv4/etharp.c **** 
 972:Middlewares/Third_Party/LwIP/src/core/ipv4/etharp.c ****   /* { i is either a STABLE or (new or existing) PENDING entry } */
 973:Middlewares/Third_Party/LwIP/src/core/ipv4/etharp.c ****   LWIP_ASSERT("arp_table[i].state == PENDING or STABLE",
 974:Middlewares/Third_Party/LwIP/src/core/ipv4/etharp.c ****               ((arp_table[i].state == ETHARP_STATE_PENDING) ||
 975:Middlewares/Third_Party/LwIP/src/core/ipv4/etharp.c ****                (arp_table[i].state >= ETHARP_STATE_STABLE)));
 976:Middlewares/Third_Party/LwIP/src/core/ipv4/etharp.c **** 
 977:Middlewares/Third_Party/LwIP/src/core/ipv4/etharp.c ****   /* do we have a new entry? or an implicit query request? */
 978:Middlewares/Third_Party/LwIP/src/core/ipv4/etharp.c ****   if (is_new_entry || (q == NULL)) {
 979:Middlewares/Third_Party/LwIP/src/core/ipv4/etharp.c ****     /* try to resolve it; send out ARP request */
 980:Middlewares/Third_Party/LwIP/src/core/ipv4/etharp.c ****     result = etharp_request(netif, ipaddr);
 981:Middlewares/Third_Party/LwIP/src/core/ipv4/etharp.c ****     if (result != ERR_OK) {
 982:Middlewares/Third_Party/LwIP/src/core/ipv4/etharp.c ****       /* ARP request couldn't be sent */
 983:Middlewares/Third_Party/LwIP/src/core/ipv4/etharp.c ****       /* We don't re-send arp request in etharp_tmr, but we still queue packets,
 984:Middlewares/Third_Party/LwIP/src/core/ipv4/etharp.c ****          since this failure could be temporary, and the next packet calling
 985:Middlewares/Third_Party/LwIP/src/core/ipv4/etharp.c ****          etharp_query again could lead to sending the queued packets. */
 986:Middlewares/Third_Party/LwIP/src/core/ipv4/etharp.c ****     }
 987:Middlewares/Third_Party/LwIP/src/core/ipv4/etharp.c ****     if (q == NULL) {
 988:Middlewares/Third_Party/LwIP/src/core/ipv4/etharp.c ****       return result;
 989:Middlewares/Third_Party/LwIP/src/core/ipv4/etharp.c ****     }
 990:Middlewares/Third_Party/LwIP/src/core/ipv4/etharp.c ****   }
 991:Middlewares/Third_Party/LwIP/src/core/ipv4/etharp.c **** 
 992:Middlewares/Third_Party/LwIP/src/core/ipv4/etharp.c ****   /* packet given? */
 993:Middlewares/Third_Party/LwIP/src/core/ipv4/etharp.c ****   LWIP_ASSERT("q != NULL", q != NULL);
 994:Middlewares/Third_Party/LwIP/src/core/ipv4/etharp.c ****   /* stable entry? */
 995:Middlewares/Third_Party/LwIP/src/core/ipv4/etharp.c ****   if (arp_table[i].state >= ETHARP_STATE_STABLE) {
ARM GAS  /tmp/ccbstRKj.s 			page 36


 996:Middlewares/Third_Party/LwIP/src/core/ipv4/etharp.c ****     /* we have a valid IP->Ethernet address mapping */
 997:Middlewares/Third_Party/LwIP/src/core/ipv4/etharp.c ****     ETHARP_SET_ADDRHINT(netif, i);
 998:Middlewares/Third_Party/LwIP/src/core/ipv4/etharp.c ****     /* send the packet */
 999:Middlewares/Third_Party/LwIP/src/core/ipv4/etharp.c ****     result = ethernet_output(netif, q, srcaddr, &(arp_table[i].ethaddr), ETHTYPE_IP);
1000:Middlewares/Third_Party/LwIP/src/core/ipv4/etharp.c ****     /* pending entry? (either just created or already pending */
1001:Middlewares/Third_Party/LwIP/src/core/ipv4/etharp.c ****   } else if (arp_table[i].state == ETHARP_STATE_PENDING) {
1002:Middlewares/Third_Party/LwIP/src/core/ipv4/etharp.c ****     /* entry is still pending, queue the given packet 'q' */
1003:Middlewares/Third_Party/LwIP/src/core/ipv4/etharp.c ****     struct pbuf *p;
1004:Middlewares/Third_Party/LwIP/src/core/ipv4/etharp.c ****     int copy_needed = 0;
1005:Middlewares/Third_Party/LwIP/src/core/ipv4/etharp.c ****     /* IF q includes a pbuf that must be copied, copy the whole chain into a
1006:Middlewares/Third_Party/LwIP/src/core/ipv4/etharp.c ****      * new PBUF_RAM. See the definition of PBUF_NEEDS_COPY for details. */
1007:Middlewares/Third_Party/LwIP/src/core/ipv4/etharp.c ****     p = q;
1008:Middlewares/Third_Party/LwIP/src/core/ipv4/etharp.c ****     while (p) {
1009:Middlewares/Third_Party/LwIP/src/core/ipv4/etharp.c ****       LWIP_ASSERT("no packet queues allowed!", (p->len != p->tot_len) || (p->next == 0));
1010:Middlewares/Third_Party/LwIP/src/core/ipv4/etharp.c ****       if (PBUF_NEEDS_COPY(p)) {
1011:Middlewares/Third_Party/LwIP/src/core/ipv4/etharp.c ****         copy_needed = 1;
1012:Middlewares/Third_Party/LwIP/src/core/ipv4/etharp.c ****         break;
1013:Middlewares/Third_Party/LwIP/src/core/ipv4/etharp.c ****       }
1014:Middlewares/Third_Party/LwIP/src/core/ipv4/etharp.c ****       p = p->next;
1015:Middlewares/Third_Party/LwIP/src/core/ipv4/etharp.c ****     }
1016:Middlewares/Third_Party/LwIP/src/core/ipv4/etharp.c ****     if (copy_needed) {
1017:Middlewares/Third_Party/LwIP/src/core/ipv4/etharp.c ****       /* copy the whole packet into new pbufs */
1018:Middlewares/Third_Party/LwIP/src/core/ipv4/etharp.c ****       p = pbuf_clone(PBUF_LINK, PBUF_RAM, q);
1019:Middlewares/Third_Party/LwIP/src/core/ipv4/etharp.c ****     } else {
1020:Middlewares/Third_Party/LwIP/src/core/ipv4/etharp.c ****       /* referencing the old pbuf is enough */
1021:Middlewares/Third_Party/LwIP/src/core/ipv4/etharp.c ****       p = q;
1022:Middlewares/Third_Party/LwIP/src/core/ipv4/etharp.c ****       pbuf_ref(p);
1023:Middlewares/Third_Party/LwIP/src/core/ipv4/etharp.c ****     }
1024:Middlewares/Third_Party/LwIP/src/core/ipv4/etharp.c ****     /* packet could be taken over? */
1025:Middlewares/Third_Party/LwIP/src/core/ipv4/etharp.c ****     if (p != NULL) {
1026:Middlewares/Third_Party/LwIP/src/core/ipv4/etharp.c ****       /* queue packet ... */
1027:Middlewares/Third_Party/LwIP/src/core/ipv4/etharp.c **** #if ARP_QUEUEING
1028:Middlewares/Third_Party/LwIP/src/core/ipv4/etharp.c ****       struct etharp_q_entry *new_entry;
1029:Middlewares/Third_Party/LwIP/src/core/ipv4/etharp.c ****       /* allocate a new arp queue entry */
1030:Middlewares/Third_Party/LwIP/src/core/ipv4/etharp.c ****       new_entry = (struct etharp_q_entry *)memp_malloc(MEMP_ARP_QUEUE);
1031:Middlewares/Third_Party/LwIP/src/core/ipv4/etharp.c ****       if (new_entry != NULL) {
1032:Middlewares/Third_Party/LwIP/src/core/ipv4/etharp.c ****         unsigned int qlen = 0;
1033:Middlewares/Third_Party/LwIP/src/core/ipv4/etharp.c ****         new_entry->next = 0;
1034:Middlewares/Third_Party/LwIP/src/core/ipv4/etharp.c ****         new_entry->p = p;
1035:Middlewares/Third_Party/LwIP/src/core/ipv4/etharp.c ****         if (arp_table[i].q != NULL) {
1036:Middlewares/Third_Party/LwIP/src/core/ipv4/etharp.c ****           /* queue was already existent, append the new entry to the end */
1037:Middlewares/Third_Party/LwIP/src/core/ipv4/etharp.c ****           struct etharp_q_entry *r;
1038:Middlewares/Third_Party/LwIP/src/core/ipv4/etharp.c ****           r = arp_table[i].q;
1039:Middlewares/Third_Party/LwIP/src/core/ipv4/etharp.c ****           qlen++;
1040:Middlewares/Third_Party/LwIP/src/core/ipv4/etharp.c ****           while (r->next != NULL) {
1041:Middlewares/Third_Party/LwIP/src/core/ipv4/etharp.c ****             r = r->next;
1042:Middlewares/Third_Party/LwIP/src/core/ipv4/etharp.c ****             qlen++;
1043:Middlewares/Third_Party/LwIP/src/core/ipv4/etharp.c ****           }
1044:Middlewares/Third_Party/LwIP/src/core/ipv4/etharp.c ****           r->next = new_entry;
1045:Middlewares/Third_Party/LwIP/src/core/ipv4/etharp.c ****         } else {
1046:Middlewares/Third_Party/LwIP/src/core/ipv4/etharp.c ****           /* queue did not exist, first item in queue */
1047:Middlewares/Third_Party/LwIP/src/core/ipv4/etharp.c ****           arp_table[i].q = new_entry;
1048:Middlewares/Third_Party/LwIP/src/core/ipv4/etharp.c ****         }
1049:Middlewares/Third_Party/LwIP/src/core/ipv4/etharp.c **** #if ARP_QUEUE_LEN
1050:Middlewares/Third_Party/LwIP/src/core/ipv4/etharp.c ****         if (qlen >= ARP_QUEUE_LEN) {
1051:Middlewares/Third_Party/LwIP/src/core/ipv4/etharp.c ****           struct etharp_q_entry *old;
1052:Middlewares/Third_Party/LwIP/src/core/ipv4/etharp.c ****           old = arp_table[i].q;
ARM GAS  /tmp/ccbstRKj.s 			page 37


1053:Middlewares/Third_Party/LwIP/src/core/ipv4/etharp.c ****           arp_table[i].q = arp_table[i].q->next;
1054:Middlewares/Third_Party/LwIP/src/core/ipv4/etharp.c ****           pbuf_free(old->p);
1055:Middlewares/Third_Party/LwIP/src/core/ipv4/etharp.c ****           memp_free(MEMP_ARP_QUEUE, old);
1056:Middlewares/Third_Party/LwIP/src/core/ipv4/etharp.c ****         }
1057:Middlewares/Third_Party/LwIP/src/core/ipv4/etharp.c **** #endif
1058:Middlewares/Third_Party/LwIP/src/core/ipv4/etharp.c ****         LWIP_DEBUGF(ETHARP_DEBUG | LWIP_DBG_TRACE, ("etharp_query: queued packet %p on ARP entry %"
1059:Middlewares/Third_Party/LwIP/src/core/ipv4/etharp.c ****         result = ERR_OK;
1060:Middlewares/Third_Party/LwIP/src/core/ipv4/etharp.c ****       } else {
1061:Middlewares/Third_Party/LwIP/src/core/ipv4/etharp.c ****         /* the pool MEMP_ARP_QUEUE is empty */
1062:Middlewares/Third_Party/LwIP/src/core/ipv4/etharp.c ****         pbuf_free(p);
1063:Middlewares/Third_Party/LwIP/src/core/ipv4/etharp.c ****         LWIP_DEBUGF(ETHARP_DEBUG | LWIP_DBG_TRACE, ("etharp_query: could not queue a copy of PBUF_R
1064:Middlewares/Third_Party/LwIP/src/core/ipv4/etharp.c ****         result = ERR_MEM;
1065:Middlewares/Third_Party/LwIP/src/core/ipv4/etharp.c ****       }
1066:Middlewares/Third_Party/LwIP/src/core/ipv4/etharp.c **** #else /* ARP_QUEUEING */
1067:Middlewares/Third_Party/LwIP/src/core/ipv4/etharp.c ****       /* always queue one packet per ARP request only, freeing a previously queued packet */
1068:Middlewares/Third_Party/LwIP/src/core/ipv4/etharp.c ****       if (arp_table[i].q != NULL) {
1069:Middlewares/Third_Party/LwIP/src/core/ipv4/etharp.c ****         LWIP_DEBUGF(ETHARP_DEBUG | LWIP_DBG_TRACE, ("etharp_query: dropped previously queued packet
1070:Middlewares/Third_Party/LwIP/src/core/ipv4/etharp.c ****         pbuf_free(arp_table[i].q);
1071:Middlewares/Third_Party/LwIP/src/core/ipv4/etharp.c ****       }
1072:Middlewares/Third_Party/LwIP/src/core/ipv4/etharp.c ****       arp_table[i].q = p;
1073:Middlewares/Third_Party/LwIP/src/core/ipv4/etharp.c ****       result = ERR_OK;
1074:Middlewares/Third_Party/LwIP/src/core/ipv4/etharp.c ****       LWIP_DEBUGF(ETHARP_DEBUG | LWIP_DBG_TRACE, ("etharp_query: queued packet %p on ARP entry %"U1
1075:Middlewares/Third_Party/LwIP/src/core/ipv4/etharp.c **** #endif /* ARP_QUEUEING */
1076:Middlewares/Third_Party/LwIP/src/core/ipv4/etharp.c ****     } else {
1077:Middlewares/Third_Party/LwIP/src/core/ipv4/etharp.c ****       ETHARP_STATS_INC(etharp.memerr);
1078:Middlewares/Third_Party/LwIP/src/core/ipv4/etharp.c ****       LWIP_DEBUGF(ETHARP_DEBUG | LWIP_DBG_TRACE, ("etharp_query: could not queue a copy of PBUF_REF
1079:Middlewares/Third_Party/LwIP/src/core/ipv4/etharp.c ****       result = ERR_MEM;
1080:Middlewares/Third_Party/LwIP/src/core/ipv4/etharp.c ****     }
1081:Middlewares/Third_Party/LwIP/src/core/ipv4/etharp.c ****   }
1082:Middlewares/Third_Party/LwIP/src/core/ipv4/etharp.c ****   return result;
1083:Middlewares/Third_Party/LwIP/src/core/ipv4/etharp.c **** }
1084:Middlewares/Third_Party/LwIP/src/core/ipv4/etharp.c **** 
1085:Middlewares/Third_Party/LwIP/src/core/ipv4/etharp.c **** /**
1086:Middlewares/Third_Party/LwIP/src/core/ipv4/etharp.c ****  * Send a raw ARP packet (opcode and all addresses can be modified)
1087:Middlewares/Third_Party/LwIP/src/core/ipv4/etharp.c ****  *
1088:Middlewares/Third_Party/LwIP/src/core/ipv4/etharp.c ****  * @param netif the lwip network interface on which to send the ARP packet
1089:Middlewares/Third_Party/LwIP/src/core/ipv4/etharp.c ****  * @param ethsrc_addr the source MAC address for the ethernet header
1090:Middlewares/Third_Party/LwIP/src/core/ipv4/etharp.c ****  * @param ethdst_addr the destination MAC address for the ethernet header
1091:Middlewares/Third_Party/LwIP/src/core/ipv4/etharp.c ****  * @param hwsrc_addr the source MAC address for the ARP protocol header
1092:Middlewares/Third_Party/LwIP/src/core/ipv4/etharp.c ****  * @param ipsrc_addr the source IP address for the ARP protocol header
1093:Middlewares/Third_Party/LwIP/src/core/ipv4/etharp.c ****  * @param hwdst_addr the destination MAC address for the ARP protocol header
1094:Middlewares/Third_Party/LwIP/src/core/ipv4/etharp.c ****  * @param ipdst_addr the destination IP address for the ARP protocol header
1095:Middlewares/Third_Party/LwIP/src/core/ipv4/etharp.c ****  * @param opcode the type of the ARP packet
1096:Middlewares/Third_Party/LwIP/src/core/ipv4/etharp.c ****  * @return ERR_OK if the ARP packet has been sent
1097:Middlewares/Third_Party/LwIP/src/core/ipv4/etharp.c ****  *         ERR_MEM if the ARP packet couldn't be allocated
1098:Middlewares/Third_Party/LwIP/src/core/ipv4/etharp.c ****  *         any other err_t on failure
1099:Middlewares/Third_Party/LwIP/src/core/ipv4/etharp.c ****  */
1100:Middlewares/Third_Party/LwIP/src/core/ipv4/etharp.c **** static err_t
1101:Middlewares/Third_Party/LwIP/src/core/ipv4/etharp.c **** etharp_raw(struct netif *netif, const struct eth_addr *ethsrc_addr,
1102:Middlewares/Third_Party/LwIP/src/core/ipv4/etharp.c ****            const struct eth_addr *ethdst_addr,
1103:Middlewares/Third_Party/LwIP/src/core/ipv4/etharp.c ****            const struct eth_addr *hwsrc_addr, const ip4_addr_t *ipsrc_addr,
1104:Middlewares/Third_Party/LwIP/src/core/ipv4/etharp.c ****            const struct eth_addr *hwdst_addr, const ip4_addr_t *ipdst_addr,
1105:Middlewares/Third_Party/LwIP/src/core/ipv4/etharp.c ****            const u16_t opcode)
1106:Middlewares/Third_Party/LwIP/src/core/ipv4/etharp.c **** {
 872              		.loc 1 1106 1 is_stmt 1 view -0
 873              		.cfi_startproc
 874              		@ args = 16, pretend = 0, frame = 0
ARM GAS  /tmp/ccbstRKj.s 			page 38


 875              		@ frame_needed = 0, uses_anonymous_args = 0
 876              		.loc 1 1106 1 is_stmt 0 view .LVU253
 877 0000 2DE9F047 		push	{r4, r5, r6, r7, r8, r9, r10, lr}
 878              	.LCFI9:
 879              		.cfi_def_cfa_offset 32
 880              		.cfi_offset 4, -32
 881              		.cfi_offset 5, -28
 882              		.cfi_offset 6, -24
 883              		.cfi_offset 7, -20
 884              		.cfi_offset 8, -16
 885              		.cfi_offset 9, -12
 886              		.cfi_offset 10, -8
 887              		.cfi_offset 14, -4
 888 0004 82B0     		sub	sp, sp, #8
 889              	.LCFI10:
 890              		.cfi_def_cfa_offset 40
 891 0006 0F46     		mov	r7, r1
 892 0008 9046     		mov	r8, r2
 893 000a 1D46     		mov	r5, r3
 894 000c DDF82CA0 		ldr	r10, [sp, #44]
1107:Middlewares/Third_Party/LwIP/src/core/ipv4/etharp.c ****   struct pbuf *p;
 895              		.loc 1 1107 3 is_stmt 1 view .LVU254
1108:Middlewares/Third_Party/LwIP/src/core/ipv4/etharp.c ****   err_t result = ERR_OK;
 896              		.loc 1 1108 3 view .LVU255
 897              	.LVL81:
1109:Middlewares/Third_Party/LwIP/src/core/ipv4/etharp.c ****   struct etharp_hdr *hdr;
 898              		.loc 1 1109 3 view .LVU256
1110:Middlewares/Third_Party/LwIP/src/core/ipv4/etharp.c **** 
1111:Middlewares/Third_Party/LwIP/src/core/ipv4/etharp.c ****   LWIP_ASSERT("netif != NULL", netif != NULL);
 899              		.loc 1 1111 3 view .LVU257
 900              		.loc 1 1111 3 view .LVU258
 901 0010 8146     		mov	r9, r0
 902 0012 0028     		cmp	r0, #0
 903 0014 42D0     		beq	.L74
 904              	.LVL82:
 905              	.L68:
 906              		.loc 1 1111 3 discriminator 3 view .LVU259
 907              		.loc 1 1111 3 discriminator 3 view .LVU260
1112:Middlewares/Third_Party/LwIP/src/core/ipv4/etharp.c **** 
1113:Middlewares/Third_Party/LwIP/src/core/ipv4/etharp.c ****   /* allocate a pbuf for the outgoing ARP request packet */
1114:Middlewares/Third_Party/LwIP/src/core/ipv4/etharp.c ****   p = pbuf_alloc(PBUF_LINK, SIZEOF_ETHARP_HDR, PBUF_RAM);
 908              		.loc 1 1114 3 discriminator 3 view .LVU261
 909              		.loc 1 1114 7 is_stmt 0 discriminator 3 view .LVU262
 910 0016 4FF42072 		mov	r2, #640
 911 001a 1C21     		movs	r1, #28
 912 001c 0E20     		movs	r0, #14
 913 001e FFF7FEFF 		bl	pbuf_alloc
 914              	.LVL83:
1115:Middlewares/Third_Party/LwIP/src/core/ipv4/etharp.c ****   /* could allocate a pbuf for an ARP request? */
1116:Middlewares/Third_Party/LwIP/src/core/ipv4/etharp.c ****   if (p == NULL) {
 915              		.loc 1 1116 3 is_stmt 1 discriminator 3 view .LVU263
 916              		.loc 1 1116 6 is_stmt 0 discriminator 3 view .LVU264
 917 0022 0646     		mov	r6, r0
 918 0024 0028     		cmp	r0, #0
 919 0026 51D0     		beq	.L72
1117:Middlewares/Third_Party/LwIP/src/core/ipv4/etharp.c ****     LWIP_DEBUGF(ETHARP_DEBUG | LWIP_DBG_TRACE | LWIP_DBG_LEVEL_SERIOUS,
1118:Middlewares/Third_Party/LwIP/src/core/ipv4/etharp.c ****                 ("etharp_raw: could not allocate pbuf for ARP request.\n"));
ARM GAS  /tmp/ccbstRKj.s 			page 39


1119:Middlewares/Third_Party/LwIP/src/core/ipv4/etharp.c ****     ETHARP_STATS_INC(etharp.memerr);
1120:Middlewares/Third_Party/LwIP/src/core/ipv4/etharp.c ****     return ERR_MEM;
1121:Middlewares/Third_Party/LwIP/src/core/ipv4/etharp.c ****   }
1122:Middlewares/Third_Party/LwIP/src/core/ipv4/etharp.c ****   LWIP_ASSERT("check that first pbuf can hold struct etharp_hdr",
 920              		.loc 1 1122 3 is_stmt 1 view .LVU265
 921              		.loc 1 1122 3 view .LVU266
 922 0028 4389     		ldrh	r3, [r0, #10]
 923 002a 1B2B     		cmp	r3, #27
 924 002c 3ED9     		bls	.L75
 925              	.LVL84:
 926              	.L70:
 927              		.loc 1 1122 3 discriminator 3 view .LVU267
 928              		.loc 1 1122 3 discriminator 3 view .LVU268
1123:Middlewares/Third_Party/LwIP/src/core/ipv4/etharp.c ****               (p->len >= SIZEOF_ETHARP_HDR));
1124:Middlewares/Third_Party/LwIP/src/core/ipv4/etharp.c **** 
1125:Middlewares/Third_Party/LwIP/src/core/ipv4/etharp.c ****   hdr = (struct etharp_hdr *)p->payload;
 929              		.loc 1 1125 3 discriminator 3 view .LVU269
 930              		.loc 1 1125 7 is_stmt 0 discriminator 3 view .LVU270
 931 002e 7468     		ldr	r4, [r6, #4]
 932              	.LVL85:
1126:Middlewares/Third_Party/LwIP/src/core/ipv4/etharp.c ****   LWIP_DEBUGF(ETHARP_DEBUG | LWIP_DBG_TRACE, ("etharp_raw: sending raw ARP packet.\n"));
 933              		.loc 1 1126 3 is_stmt 1 discriminator 3 view .LVU271
 934              		.loc 1 1126 3 discriminator 3 view .LVU272
 935              		.loc 1 1126 3 discriminator 3 view .LVU273
1127:Middlewares/Third_Party/LwIP/src/core/ipv4/etharp.c ****   hdr->opcode = lwip_htons(opcode);
 936              		.loc 1 1127 3 discriminator 3 view .LVU274
 937              		.loc 1 1127 17 is_stmt 0 discriminator 3 view .LVU275
 938 0030 BDF83400 		ldrh	r0, [sp, #52]
 939 0034 FFF7FEFF 		bl	lwip_htons
 940              	.LVL86:
 941              		.loc 1 1127 15 discriminator 3 view .LVU276
 942 0038 E080     		strh	r0, [r4, #6]	@ unaligned
1128:Middlewares/Third_Party/LwIP/src/core/ipv4/etharp.c **** 
1129:Middlewares/Third_Party/LwIP/src/core/ipv4/etharp.c ****   LWIP_ASSERT("netif->hwaddr_len must be the same as ETH_HWADDR_LEN for etharp!",
 943              		.loc 1 1129 3 is_stmt 1 discriminator 3 view .LVU277
 944              		.loc 1 1129 3 discriminator 3 view .LVU278
 945 003a 99F83030 		ldrb	r3, [r9, #48]	@ zero_extendqisi2
 946 003e 062B     		cmp	r3, #6
 947 0040 3CD1     		bne	.L76
 948              	.L71:
 949              		.loc 1 1129 3 discriminator 3 view .LVU279
 950              		.loc 1 1129 3 discriminator 3 view .LVU280
1130:Middlewares/Third_Party/LwIP/src/core/ipv4/etharp.c ****               (netif->hwaddr_len == ETH_HWADDR_LEN));
1131:Middlewares/Third_Party/LwIP/src/core/ipv4/etharp.c **** 
1132:Middlewares/Third_Party/LwIP/src/core/ipv4/etharp.c ****   /* Write the ARP MAC-Addresses */
1133:Middlewares/Third_Party/LwIP/src/core/ipv4/etharp.c ****   SMEMCPY(&hdr->shwaddr, hwsrc_addr, ETH_HWADDR_LEN);
 951              		.loc 1 1133 3 discriminator 3 view .LVU281
 952 0042 2B68     		ldr	r3, [r5]	@ unaligned
 953 0044 A360     		str	r3, [r4, #8]	@ unaligned
 954 0046 AB88     		ldrh	r3, [r5, #4]	@ unaligned
 955 0048 A381     		strh	r3, [r4, #12]	@ unaligned
1134:Middlewares/Third_Party/LwIP/src/core/ipv4/etharp.c ****   SMEMCPY(&hdr->dhwaddr, hwdst_addr, ETH_HWADDR_LEN);
 956              		.loc 1 1134 3 discriminator 3 view .LVU282
 957 004a DAF80030 		ldr	r3, [r10]	@ unaligned
 958 004e C4F81230 		str	r3, [r4, #18]	@ unaligned
 959 0052 BAF80430 		ldrh	r3, [r10, #4]	@ unaligned
 960 0056 E382     		strh	r3, [r4, #22]	@ unaligned
ARM GAS  /tmp/ccbstRKj.s 			page 40


1135:Middlewares/Third_Party/LwIP/src/core/ipv4/etharp.c ****   /* Copy struct ip4_addr_wordaligned to aligned ip4_addr, to support compilers without
1136:Middlewares/Third_Party/LwIP/src/core/ipv4/etharp.c ****    * structure packing. */
1137:Middlewares/Third_Party/LwIP/src/core/ipv4/etharp.c ****   IPADDR_WORDALIGNED_COPY_FROM_IP4_ADDR_T(&hdr->sipaddr, ipsrc_addr);
 961              		.loc 1 1137 3 discriminator 3 view .LVU283
 962 0058 0A9B     		ldr	r3, [sp, #40]
 963 005a 1B68     		ldr	r3, [r3]	@ unaligned
 964 005c C4F80E30 		str	r3, [r4, #14]	@ unaligned
1138:Middlewares/Third_Party/LwIP/src/core/ipv4/etharp.c ****   IPADDR_WORDALIGNED_COPY_FROM_IP4_ADDR_T(&hdr->dipaddr, ipdst_addr);
 965              		.loc 1 1138 3 discriminator 3 view .LVU284
 966 0060 0C9B     		ldr	r3, [sp, #48]
 967 0062 1B68     		ldr	r3, [r3]	@ unaligned
 968 0064 A361     		str	r3, [r4, #24]	@ unaligned
1139:Middlewares/Third_Party/LwIP/src/core/ipv4/etharp.c **** 
1140:Middlewares/Third_Party/LwIP/src/core/ipv4/etharp.c ****   hdr->hwtype = PP_HTONS(LWIP_IANA_HWTYPE_ETHERNET);
 969              		.loc 1 1140 3 discriminator 3 view .LVU285
 970              		.loc 1 1140 15 is_stmt 0 discriminator 3 view .LVU286
 971 0066 0025     		movs	r5, #0
 972              	.LVL87:
 973              		.loc 1 1140 15 discriminator 3 view .LVU287
 974 0068 2570     		strb	r5, [r4]
 975 006a 0123     		movs	r3, #1
 976 006c 6370     		strb	r3, [r4, #1]
1141:Middlewares/Third_Party/LwIP/src/core/ipv4/etharp.c ****   hdr->proto = PP_HTONS(ETHTYPE_IP);
 977              		.loc 1 1141 3 is_stmt 1 discriminator 3 view .LVU288
 978              		.loc 1 1141 14 is_stmt 0 discriminator 3 view .LVU289
 979 006e 0823     		movs	r3, #8
 980 0070 A370     		strb	r3, [r4, #2]
 981 0072 E570     		strb	r5, [r4, #3]
1142:Middlewares/Third_Party/LwIP/src/core/ipv4/etharp.c ****   /* set hwlen and protolen */
1143:Middlewares/Third_Party/LwIP/src/core/ipv4/etharp.c ****   hdr->hwlen = ETH_HWADDR_LEN;
 982              		.loc 1 1143 3 is_stmt 1 discriminator 3 view .LVU290
 983              		.loc 1 1143 14 is_stmt 0 discriminator 3 view .LVU291
 984 0074 0623     		movs	r3, #6
 985 0076 2371     		strb	r3, [r4, #4]
1144:Middlewares/Third_Party/LwIP/src/core/ipv4/etharp.c ****   hdr->protolen = sizeof(ip4_addr_t);
 986              		.loc 1 1144 3 is_stmt 1 discriminator 3 view .LVU292
 987              		.loc 1 1144 17 is_stmt 0 discriminator 3 view .LVU293
 988 0078 0423     		movs	r3, #4
 989 007a 6371     		strb	r3, [r4, #5]
1145:Middlewares/Third_Party/LwIP/src/core/ipv4/etharp.c **** 
1146:Middlewares/Third_Party/LwIP/src/core/ipv4/etharp.c ****   /* send ARP query */
1147:Middlewares/Third_Party/LwIP/src/core/ipv4/etharp.c **** #if LWIP_AUTOIP
1148:Middlewares/Third_Party/LwIP/src/core/ipv4/etharp.c ****   /* If we are using Link-Local, all ARP packets that contain a Link-Local
1149:Middlewares/Third_Party/LwIP/src/core/ipv4/etharp.c ****    * 'sender IP address' MUST be sent using link-layer broadcast instead of
1150:Middlewares/Third_Party/LwIP/src/core/ipv4/etharp.c ****    * link-layer unicast. (See RFC3927 Section 2.5, last paragraph) */
1151:Middlewares/Third_Party/LwIP/src/core/ipv4/etharp.c ****   if (ip4_addr_islinklocal(ipsrc_addr)) {
1152:Middlewares/Third_Party/LwIP/src/core/ipv4/etharp.c ****     ethernet_output(netif, p, ethsrc_addr, &ethbroadcast, ETHTYPE_ARP);
1153:Middlewares/Third_Party/LwIP/src/core/ipv4/etharp.c ****   } else
1154:Middlewares/Third_Party/LwIP/src/core/ipv4/etharp.c **** #endif /* LWIP_AUTOIP */
1155:Middlewares/Third_Party/LwIP/src/core/ipv4/etharp.c ****   {
1156:Middlewares/Third_Party/LwIP/src/core/ipv4/etharp.c ****     ethernet_output(netif, p, ethsrc_addr, ethdst_addr, ETHTYPE_ARP);
 990              		.loc 1 1156 5 is_stmt 1 discriminator 3 view .LVU294
 991 007c 40F60603 		movw	r3, #2054
 992 0080 0093     		str	r3, [sp]
 993 0082 4346     		mov	r3, r8
 994 0084 3A46     		mov	r2, r7
 995 0086 3146     		mov	r1, r6
ARM GAS  /tmp/ccbstRKj.s 			page 41


 996 0088 4846     		mov	r0, r9
 997 008a FFF7FEFF 		bl	ethernet_output
 998              	.LVL88:
1157:Middlewares/Third_Party/LwIP/src/core/ipv4/etharp.c ****   }
1158:Middlewares/Third_Party/LwIP/src/core/ipv4/etharp.c **** 
1159:Middlewares/Third_Party/LwIP/src/core/ipv4/etharp.c ****   ETHARP_STATS_INC(etharp.xmit);
 999              		.loc 1 1159 32 discriminator 3 view .LVU295
1160:Middlewares/Third_Party/LwIP/src/core/ipv4/etharp.c ****   /* free ARP query packet */
1161:Middlewares/Third_Party/LwIP/src/core/ipv4/etharp.c ****   pbuf_free(p);
 1000              		.loc 1 1161 3 discriminator 3 view .LVU296
 1001 008e 3046     		mov	r0, r6
 1002 0090 FFF7FEFF 		bl	pbuf_free
 1003              	.LVL89:
1162:Middlewares/Third_Party/LwIP/src/core/ipv4/etharp.c ****   p = NULL;
 1004              		.loc 1 1162 3 discriminator 3 view .LVU297
1163:Middlewares/Third_Party/LwIP/src/core/ipv4/etharp.c ****   /* could not allocate pbuf for ARP request */
1164:Middlewares/Third_Party/LwIP/src/core/ipv4/etharp.c **** 
1165:Middlewares/Third_Party/LwIP/src/core/ipv4/etharp.c ****   return result;
 1005              		.loc 1 1165 3 discriminator 3 view .LVU298
 1006              		.loc 1 1165 10 is_stmt 0 discriminator 3 view .LVU299
 1007 0094 2846     		mov	r0, r5
 1008              	.LVL90:
 1009              	.L69:
1166:Middlewares/Third_Party/LwIP/src/core/ipv4/etharp.c **** }
 1010              		.loc 1 1166 1 view .LVU300
 1011 0096 02B0     		add	sp, sp, #8
 1012              	.LCFI11:
 1013              		.cfi_remember_state
 1014              		.cfi_def_cfa_offset 32
 1015              		@ sp needed
 1016 0098 BDE8F087 		pop	{r4, r5, r6, r7, r8, r9, r10, pc}
 1017              	.LVL91:
 1018              	.L74:
 1019              	.LCFI12:
 1020              		.cfi_restore_state
1111:Middlewares/Third_Party/LwIP/src/core/ipv4/etharp.c **** 
 1021              		.loc 1 1111 3 is_stmt 1 discriminator 1 view .LVU301
1111:Middlewares/Third_Party/LwIP/src/core/ipv4/etharp.c **** 
 1022              		.loc 1 1111 3 discriminator 1 view .LVU302
 1023 009c 0D4B     		ldr	r3, .L77
 1024              	.LVL92:
1111:Middlewares/Third_Party/LwIP/src/core/ipv4/etharp.c **** 
 1025              		.loc 1 1111 3 is_stmt 0 discriminator 1 view .LVU303
 1026 009e 40F25742 		movw	r2, #1111
 1027              	.LVL93:
1111:Middlewares/Third_Party/LwIP/src/core/ipv4/etharp.c **** 
 1028              		.loc 1 1111 3 discriminator 1 view .LVU304
 1029 00a2 0D49     		ldr	r1, .L77+4
 1030              	.LVL94:
1111:Middlewares/Third_Party/LwIP/src/core/ipv4/etharp.c **** 
 1031              		.loc 1 1111 3 discriminator 1 view .LVU305
 1032 00a4 0D48     		ldr	r0, .L77+8
 1033              	.LVL95:
1111:Middlewares/Third_Party/LwIP/src/core/ipv4/etharp.c **** 
 1034              		.loc 1 1111 3 discriminator 1 view .LVU306
 1035 00a6 FFF7FEFF 		bl	printf
 1036              	.LVL96:
ARM GAS  /tmp/ccbstRKj.s 			page 42


 1037 00aa B4E7     		b	.L68
 1038              	.LVL97:
 1039              	.L75:
1122:Middlewares/Third_Party/LwIP/src/core/ipv4/etharp.c ****               (p->len >= SIZEOF_ETHARP_HDR));
 1040              		.loc 1 1122 3 is_stmt 1 discriminator 1 view .LVU307
1122:Middlewares/Third_Party/LwIP/src/core/ipv4/etharp.c ****               (p->len >= SIZEOF_ETHARP_HDR));
 1041              		.loc 1 1122 3 discriminator 1 view .LVU308
 1042 00ac 094B     		ldr	r3, .L77
 1043 00ae 40F26242 		movw	r2, #1122
 1044 00b2 0B49     		ldr	r1, .L77+12
 1045 00b4 0948     		ldr	r0, .L77+8
 1046              	.LVL98:
1122:Middlewares/Third_Party/LwIP/src/core/ipv4/etharp.c ****               (p->len >= SIZEOF_ETHARP_HDR));
 1047              		.loc 1 1122 3 is_stmt 0 discriminator 1 view .LVU309
 1048 00b6 FFF7FEFF 		bl	printf
 1049              	.LVL99:
 1050 00ba B8E7     		b	.L70
 1051              	.LVL100:
 1052              	.L76:
1129:Middlewares/Third_Party/LwIP/src/core/ipv4/etharp.c ****               (netif->hwaddr_len == ETH_HWADDR_LEN));
 1053              		.loc 1 1129 3 is_stmt 1 discriminator 1 view .LVU310
1129:Middlewares/Third_Party/LwIP/src/core/ipv4/etharp.c ****               (netif->hwaddr_len == ETH_HWADDR_LEN));
 1054              		.loc 1 1129 3 discriminator 1 view .LVU311
 1055 00bc 054B     		ldr	r3, .L77
 1056 00be 40F26942 		movw	r2, #1129
 1057 00c2 0849     		ldr	r1, .L77+16
 1058 00c4 0548     		ldr	r0, .L77+8
 1059 00c6 FFF7FEFF 		bl	printf
 1060              	.LVL101:
 1061 00ca BAE7     		b	.L71
 1062              	.LVL102:
 1063              	.L72:
1120:Middlewares/Third_Party/LwIP/src/core/ipv4/etharp.c ****   }
 1064              		.loc 1 1120 12 is_stmt 0 view .LVU312
 1065 00cc 4FF0FF30 		mov	r0, #-1
 1066              	.LVL103:
1120:Middlewares/Third_Party/LwIP/src/core/ipv4/etharp.c ****   }
 1067              		.loc 1 1120 12 view .LVU313
 1068 00d0 E1E7     		b	.L69
 1069              	.L78:
 1070 00d2 00BF     		.align	2
 1071              	.L77:
 1072 00d4 00000000 		.word	.LC0
 1073 00d8 00000000 		.word	.LC8
 1074 00dc 40000000 		.word	.LC2
 1075 00e0 10000000 		.word	.LC9
 1076 00e4 44000000 		.word	.LC10
 1077              		.cfi_endproc
 1078              	.LFE171:
 1080              		.section	.text.etharp_request_dst,"ax",%progbits
 1081              		.align	1
 1082              		.syntax unified
 1083              		.thumb
 1084              		.thumb_func
 1085              		.fpu fpv4-sp-d16
 1087              	etharp_request_dst:
 1088              	.LVL104:
ARM GAS  /tmp/ccbstRKj.s 			page 43


 1089              	.LFB172:
1167:Middlewares/Third_Party/LwIP/src/core/ipv4/etharp.c **** 
1168:Middlewares/Third_Party/LwIP/src/core/ipv4/etharp.c **** /**
1169:Middlewares/Third_Party/LwIP/src/core/ipv4/etharp.c ****  * Send an ARP request packet asking for ipaddr to a specific eth address.
1170:Middlewares/Third_Party/LwIP/src/core/ipv4/etharp.c ****  * Used to send unicast request to refresh the ARP table just before an entry
1171:Middlewares/Third_Party/LwIP/src/core/ipv4/etharp.c ****  * times out
1172:Middlewares/Third_Party/LwIP/src/core/ipv4/etharp.c ****  *
1173:Middlewares/Third_Party/LwIP/src/core/ipv4/etharp.c ****  * @param netif the lwip network interface on which to send the request
1174:Middlewares/Third_Party/LwIP/src/core/ipv4/etharp.c ****  * @param ipaddr the IP address for which to ask
1175:Middlewares/Third_Party/LwIP/src/core/ipv4/etharp.c ****  * @param hw_dst_addr the ethernet address to send this packet to
1176:Middlewares/Third_Party/LwIP/src/core/ipv4/etharp.c ****  * @return ERR_OK if the request has been sent
1177:Middlewares/Third_Party/LwIP/src/core/ipv4/etharp.c ****  *         ERR_MEM if the ARP packet couldn't be allocated
1178:Middlewares/Third_Party/LwIP/src/core/ipv4/etharp.c ****  *         any other err_t on failure
1179:Middlewares/Third_Party/LwIP/src/core/ipv4/etharp.c ****  */
1180:Middlewares/Third_Party/LwIP/src/core/ipv4/etharp.c **** static err_t
1181:Middlewares/Third_Party/LwIP/src/core/ipv4/etharp.c **** etharp_request_dst(struct netif *netif, const ip4_addr_t *ipaddr, const struct eth_addr *hw_dst_add
1182:Middlewares/Third_Party/LwIP/src/core/ipv4/etharp.c **** {
 1090              		.loc 1 1182 1 is_stmt 1 view -0
 1091              		.cfi_startproc
 1092              		@ args = 0, pretend = 0, frame = 0
 1093              		@ frame_needed = 0, uses_anonymous_args = 0
 1094              		.loc 1 1182 1 is_stmt 0 view .LVU315
 1095 0000 30B5     		push	{r4, r5, lr}
 1096              	.LCFI13:
 1097              		.cfi_def_cfa_offset 12
 1098              		.cfi_offset 4, -12
 1099              		.cfi_offset 5, -8
 1100              		.cfi_offset 14, -4
 1101 0002 85B0     		sub	sp, sp, #20
 1102              	.LCFI14:
 1103              		.cfi_def_cfa_offset 32
 1104 0004 0446     		mov	r4, r0
1183:Middlewares/Third_Party/LwIP/src/core/ipv4/etharp.c ****   return etharp_raw(netif, (struct eth_addr *)netif->hwaddr, hw_dst_addr,
 1105              		.loc 1 1183 3 is_stmt 1 view .LVU316
 1106              		.loc 1 1183 47 is_stmt 0 view .LVU317
 1107 0006 00F12A03 		add	r3, r0, #42
1184:Middlewares/Third_Party/LwIP/src/core/ipv4/etharp.c ****                     (struct eth_addr *)netif->hwaddr, netif_ip4_addr(netif), &ethzero,
 1108              		.loc 1 1184 55 view .LVU318
 1109 000a 0434     		adds	r4, r4, #4
1183:Middlewares/Third_Party/LwIP/src/core/ipv4/etharp.c ****   return etharp_raw(netif, (struct eth_addr *)netif->hwaddr, hw_dst_addr,
 1110              		.loc 1 1183 10 view .LVU319
 1111 000c 0125     		movs	r5, #1
 1112 000e 0395     		str	r5, [sp, #12]
 1113 0010 0291     		str	r1, [sp, #8]
 1114 0012 0449     		ldr	r1, .L81
 1115              	.LVL105:
1183:Middlewares/Third_Party/LwIP/src/core/ipv4/etharp.c ****   return etharp_raw(netif, (struct eth_addr *)netif->hwaddr, hw_dst_addr,
 1116              		.loc 1 1183 10 view .LVU320
 1117 0014 0191     		str	r1, [sp, #4]
 1118 0016 0094     		str	r4, [sp]
 1119 0018 1946     		mov	r1, r3
 1120 001a FFF7FEFF 		bl	etharp_raw
 1121              	.LVL106:
1185:Middlewares/Third_Party/LwIP/src/core/ipv4/etharp.c ****                     ipaddr, ARP_REQUEST);
1186:Middlewares/Third_Party/LwIP/src/core/ipv4/etharp.c **** }
 1122              		.loc 1 1186 1 view .LVU321
 1123 001e 05B0     		add	sp, sp, #20
ARM GAS  /tmp/ccbstRKj.s 			page 44


 1124              	.LCFI15:
 1125              		.cfi_def_cfa_offset 12
 1126              		@ sp needed
 1127 0020 30BD     		pop	{r4, r5, pc}
 1128              	.LVL107:
 1129              	.L82:
 1130              		.loc 1 1186 1 view .LVU322
 1131 0022 00BF     		.align	2
 1132              	.L81:
 1133 0024 00000000 		.word	ethzero
 1134              		.cfi_endproc
 1135              	.LFE172:
 1137              		.section	.text.etharp_cleanup_netif,"ax",%progbits
 1138              		.align	1
 1139              		.global	etharp_cleanup_netif
 1140              		.syntax unified
 1141              		.thumb
 1142              		.thumb_func
 1143              		.fpu fpv4-sp-d16
 1145              	etharp_cleanup_netif:
 1146              	.LVL108:
 1147              	.LFB164:
 560:Middlewares/Third_Party/LwIP/src/core/ipv4/etharp.c ****   int i;
 1148              		.loc 1 560 1 is_stmt 1 view -0
 1149              		.cfi_startproc
 1150              		@ args = 0, pretend = 0, frame = 0
 1151              		@ frame_needed = 0, uses_anonymous_args = 0
 560:Middlewares/Third_Party/LwIP/src/core/ipv4/etharp.c ****   int i;
 1152              		.loc 1 560 1 is_stmt 0 view .LVU324
 1153 0000 38B5     		push	{r3, r4, r5, lr}
 1154              	.LCFI16:
 1155              		.cfi_def_cfa_offset 16
 1156              		.cfi_offset 3, -16
 1157              		.cfi_offset 4, -12
 1158              		.cfi_offset 5, -8
 1159              		.cfi_offset 14, -4
 1160 0002 0546     		mov	r5, r0
 561:Middlewares/Third_Party/LwIP/src/core/ipv4/etharp.c **** 
 1161              		.loc 1 561 3 is_stmt 1 view .LVU325
 563:Middlewares/Third_Party/LwIP/src/core/ipv4/etharp.c ****     u8_t state = arp_table[i].state;
 1162              		.loc 1 563 3 view .LVU326
 1163              	.LVL109:
 563:Middlewares/Third_Party/LwIP/src/core/ipv4/etharp.c ****     u8_t state = arp_table[i].state;
 1164              		.loc 1 563 10 is_stmt 0 view .LVU327
 1165 0004 0024     		movs	r4, #0
 563:Middlewares/Third_Party/LwIP/src/core/ipv4/etharp.c ****     u8_t state = arp_table[i].state;
 1166              		.loc 1 563 3 view .LVU328
 1167 0006 00E0     		b	.L84
 1168              	.LVL110:
 1169              	.L85:
 563:Middlewares/Third_Party/LwIP/src/core/ipv4/etharp.c ****     u8_t state = arp_table[i].state;
 1170              		.loc 1 563 35 is_stmt 1 discriminator 2 view .LVU329
 1171 0008 0134     		adds	r4, r4, #1
 1172              	.LVL111:
 1173              	.L84:
 563:Middlewares/Third_Party/LwIP/src/core/ipv4/etharp.c ****     u8_t state = arp_table[i].state;
 1174              		.loc 1 563 15 discriminator 1 view .LVU330
ARM GAS  /tmp/ccbstRKj.s 			page 45


 563:Middlewares/Third_Party/LwIP/src/core/ipv4/etharp.c ****     u8_t state = arp_table[i].state;
 1175              		.loc 1 563 3 is_stmt 0 discriminator 1 view .LVU331
 1176 000a 092C     		cmp	r4, #9
 1177 000c 12DC     		bgt	.L88
 1178              	.LBB6:
 564:Middlewares/Third_Party/LwIP/src/core/ipv4/etharp.c ****     if ((state != ETHARP_STATE_EMPTY) && (arp_table[i].netif == netif)) {
 1179              		.loc 1 564 5 is_stmt 1 view .LVU332
 564:Middlewares/Third_Party/LwIP/src/core/ipv4/etharp.c ****     if ((state != ETHARP_STATE_EMPTY) && (arp_table[i].netif == netif)) {
 1180              		.loc 1 564 10 is_stmt 0 view .LVU333
 1181 000e 04EB4403 		add	r3, r4, r4, lsl #1
 1182 0012 094A     		ldr	r2, .L89
 1183 0014 02EBC303 		add	r3, r2, r3, lsl #3
 1184 0018 1B7D     		ldrb	r3, [r3, #20]	@ zero_extendqisi2
 1185              	.LVL112:
 565:Middlewares/Third_Party/LwIP/src/core/ipv4/etharp.c ****       etharp_free_entry(i);
 1186              		.loc 1 565 5 is_stmt 1 view .LVU334
 565:Middlewares/Third_Party/LwIP/src/core/ipv4/etharp.c ****       etharp_free_entry(i);
 1187              		.loc 1 565 8 is_stmt 0 view .LVU335
 1188 001a 002B     		cmp	r3, #0
 1189 001c F4D0     		beq	.L85
 565:Middlewares/Third_Party/LwIP/src/core/ipv4/etharp.c ****       etharp_free_entry(i);
 1190              		.loc 1 565 55 discriminator 1 view .LVU336
 1191 001e 04EB4403 		add	r3, r4, r4, lsl #1
 1192              	.LVL113:
 565:Middlewares/Third_Party/LwIP/src/core/ipv4/etharp.c ****       etharp_free_entry(i);
 1193              		.loc 1 565 55 discriminator 1 view .LVU337
 1194 0022 02EBC303 		add	r3, r2, r3, lsl #3
 1195              	.LVL114:
 565:Middlewares/Third_Party/LwIP/src/core/ipv4/etharp.c ****       etharp_free_entry(i);
 1196              		.loc 1 565 55 discriminator 1 view .LVU338
 1197 0026 9B68     		ldr	r3, [r3, #8]
 1198              	.LVL115:
 565:Middlewares/Third_Party/LwIP/src/core/ipv4/etharp.c ****       etharp_free_entry(i);
 1199              		.loc 1 565 39 discriminator 1 view .LVU339
 1200 0028 AB42     		cmp	r3, r5
 1201 002a EDD1     		bne	.L85
 566:Middlewares/Third_Party/LwIP/src/core/ipv4/etharp.c ****     }
 1202              		.loc 1 566 7 is_stmt 1 view .LVU340
 1203 002c 2046     		mov	r0, r4
 1204 002e FFF7FEFF 		bl	etharp_free_entry
 1205              	.LVL116:
 566:Middlewares/Third_Party/LwIP/src/core/ipv4/etharp.c ****     }
 1206              		.loc 1 566 7 is_stmt 0 view .LVU341
 1207 0032 E9E7     		b	.L85
 1208              	.L88:
 566:Middlewares/Third_Party/LwIP/src/core/ipv4/etharp.c ****     }
 1209              		.loc 1 566 7 view .LVU342
 1210              	.LBE6:
 569:Middlewares/Third_Party/LwIP/src/core/ipv4/etharp.c **** 
 1211              		.loc 1 569 1 view .LVU343
 1212 0034 38BD     		pop	{r3, r4, r5, pc}
 1213              	.LVL117:
 1214              	.L90:
 569:Middlewares/Third_Party/LwIP/src/core/ipv4/etharp.c **** 
 1215              		.loc 1 569 1 view .LVU344
 1216 0036 00BF     		.align	2
 1217              	.L89:
ARM GAS  /tmp/ccbstRKj.s 			page 46


 1218 0038 00000000 		.word	.LANCHOR0
 1219              		.cfi_endproc
 1220              	.LFE164:
 1222              		.section	.rodata.etharp_find_addr.str1.4,"aMS",%progbits,1
 1223              		.align	2
 1224              	.LC11:
 1225 0000 6574685F 		.ascii	"eth_ret != NULL && ip_ret != NULL\000"
 1225      72657420 
 1225      213D204E 
 1225      554C4C20 
 1225      26262069 
 1226              		.section	.text.etharp_find_addr,"ax",%progbits
 1227              		.align	1
 1228              		.global	etharp_find_addr
 1229              		.syntax unified
 1230              		.thumb
 1231              		.thumb_func
 1232              		.fpu fpv4-sp-d16
 1234              	etharp_find_addr:
 1235              	.LVL118:
 1236              	.LFB165:
 585:Middlewares/Third_Party/LwIP/src/core/ipv4/etharp.c ****   s16_t i;
 1237              		.loc 1 585 1 is_stmt 1 view -0
 1238              		.cfi_startproc
 1239              		@ args = 0, pretend = 0, frame = 0
 1240              		@ frame_needed = 0, uses_anonymous_args = 0
 585:Middlewares/Third_Party/LwIP/src/core/ipv4/etharp.c ****   s16_t i;
 1241              		.loc 1 585 1 is_stmt 0 view .LVU346
 1242 0000 F8B5     		push	{r3, r4, r5, r6, r7, lr}
 1243              	.LCFI17:
 1244              		.cfi_def_cfa_offset 24
 1245              		.cfi_offset 3, -24
 1246              		.cfi_offset 4, -20
 1247              		.cfi_offset 5, -16
 1248              		.cfi_offset 6, -12
 1249              		.cfi_offset 7, -8
 1250              		.cfi_offset 14, -4
 1251 0002 0746     		mov	r7, r0
 1252 0004 0E46     		mov	r6, r1
 1253 0006 1C46     		mov	r4, r3
 586:Middlewares/Third_Party/LwIP/src/core/ipv4/etharp.c **** 
 1254              		.loc 1 586 3 is_stmt 1 view .LVU347
 588:Middlewares/Third_Party/LwIP/src/core/ipv4/etharp.c ****               eth_ret != NULL && ip_ret != NULL);
 1255              		.loc 1 588 3 view .LVU348
 588:Middlewares/Third_Party/LwIP/src/core/ipv4/etharp.c ****               eth_ret != NULL && ip_ret != NULL);
 1256              		.loc 1 588 3 view .LVU349
 1257 0008 1546     		mov	r5, r2
 1258 000a FAB1     		cbz	r2, .L92
 588:Middlewares/Third_Party/LwIP/src/core/ipv4/etharp.c ****               eth_ret != NULL && ip_ret != NULL);
 1259              		.loc 1 588 3 is_stmt 0 discriminator 2 view .LVU350
 1260 000c F3B1     		cbz	r3, .L92
 1261              	.LVL119:
 1262              	.L93:
 588:Middlewares/Third_Party/LwIP/src/core/ipv4/etharp.c ****               eth_ret != NULL && ip_ret != NULL);
 1263              		.loc 1 588 3 is_stmt 1 discriminator 5 view .LVU351
 588:Middlewares/Third_Party/LwIP/src/core/ipv4/etharp.c ****               eth_ret != NULL && ip_ret != NULL);
 1264              		.loc 1 588 3 discriminator 5 view .LVU352
ARM GAS  /tmp/ccbstRKj.s 			page 47


 591:Middlewares/Third_Party/LwIP/src/core/ipv4/etharp.c **** 
 1265              		.loc 1 591 3 discriminator 5 view .LVU353
 593:Middlewares/Third_Party/LwIP/src/core/ipv4/etharp.c ****   if ((i >= 0) && (arp_table[i].state >= ETHARP_STATE_STABLE)) {
 1266              		.loc 1 593 3 discriminator 5 view .LVU354
 593:Middlewares/Third_Party/LwIP/src/core/ipv4/etharp.c ****   if ((i >= 0) && (arp_table[i].state >= ETHARP_STATE_STABLE)) {
 1267              		.loc 1 593 7 is_stmt 0 discriminator 5 view .LVU355
 1268 000e 3A46     		mov	r2, r7
 1269 0010 0221     		movs	r1, #2
 1270 0012 3046     		mov	r0, r6
 1271 0014 FFF7FEFF 		bl	etharp_find_entry
 1272              	.LVL120:
 594:Middlewares/Third_Party/LwIP/src/core/ipv4/etharp.c ****     *eth_ret = &arp_table[i].ethaddr;
 1273              		.loc 1 594 3 is_stmt 1 discriminator 5 view .LVU356
 594:Middlewares/Third_Party/LwIP/src/core/ipv4/etharp.c ****     *eth_ret = &arp_table[i].ethaddr;
 1274              		.loc 1 594 6 is_stmt 0 discriminator 5 view .LVU357
 1275 0018 021E     		subs	r2, r0, #0
 1276 001a 1FDB     		blt	.L95
 594:Middlewares/Third_Party/LwIP/src/core/ipv4/etharp.c ****     *eth_ret = &arp_table[i].ethaddr;
 1277              		.loc 1 594 32 discriminator 1 view .LVU358
 1278 001c 1046     		mov	r0, r2
 1279              	.LVL121:
 594:Middlewares/Third_Party/LwIP/src/core/ipv4/etharp.c ****     *eth_ret = &arp_table[i].ethaddr;
 1280              		.loc 1 594 32 discriminator 1 view .LVU359
 1281 001e 02EB4203 		add	r3, r2, r2, lsl #1
 1282 0022 1149     		ldr	r1, .L98
 1283 0024 01EBC303 		add	r3, r1, r3, lsl #3
 1284 0028 1B7D     		ldrb	r3, [r3, #20]	@ zero_extendqisi2
 594:Middlewares/Third_Party/LwIP/src/core/ipv4/etharp.c ****     *eth_ret = &arp_table[i].ethaddr;
 1285              		.loc 1 594 16 discriminator 1 view .LVU360
 1286 002a 012B     		cmp	r3, #1
 1287 002c 19D9     		bls	.L96
 595:Middlewares/Third_Party/LwIP/src/core/ipv4/etharp.c ****     *ip_ret = &arp_table[i].ipaddr;
 1288              		.loc 1 595 5 is_stmt 1 view .LVU361
 595:Middlewares/Third_Party/LwIP/src/core/ipv4/etharp.c ****     *ip_ret = &arp_table[i].ipaddr;
 1289              		.loc 1 595 16 is_stmt 0 view .LVU362
 1290 002e 0B46     		mov	r3, r1
 1291 0030 02EB4201 		add	r1, r2, r2, lsl #1
 1292 0034 C900     		lsls	r1, r1, #3
 1293 0036 0831     		adds	r1, r1, #8
 1294 0038 1944     		add	r1, r1, r3
 1295 003a 0431     		adds	r1, r1, #4
 595:Middlewares/Third_Party/LwIP/src/core/ipv4/etharp.c ****     *ip_ret = &arp_table[i].ipaddr;
 1296              		.loc 1 595 14 view .LVU363
 1297 003c 2960     		str	r1, [r5]
 596:Middlewares/Third_Party/LwIP/src/core/ipv4/etharp.c ****     return i;
 1298              		.loc 1 596 5 is_stmt 1 view .LVU364
 596:Middlewares/Third_Party/LwIP/src/core/ipv4/etharp.c ****     return i;
 1299              		.loc 1 596 15 is_stmt 0 view .LVU365
 1300 003e 02EB4202 		add	r2, r2, r2, lsl #1
 1301 0042 03EBC202 		add	r2, r3, r2, lsl #3
 1302 0046 0432     		adds	r2, r2, #4
 596:Middlewares/Third_Party/LwIP/src/core/ipv4/etharp.c ****     return i;
 1303              		.loc 1 596 13 view .LVU366
 1304 0048 2260     		str	r2, [r4]
 597:Middlewares/Third_Party/LwIP/src/core/ipv4/etharp.c ****   }
 1305              		.loc 1 597 5 is_stmt 1 view .LVU367
 1306              	.L91:
ARM GAS  /tmp/ccbstRKj.s 			page 48


 600:Middlewares/Third_Party/LwIP/src/core/ipv4/etharp.c **** 
 1307              		.loc 1 600 1 is_stmt 0 view .LVU368
 1308 004a F8BD     		pop	{r3, r4, r5, r6, r7, pc}
 1309              	.LVL122:
 1310              	.L92:
 588:Middlewares/Third_Party/LwIP/src/core/ipv4/etharp.c ****               eth_ret != NULL && ip_ret != NULL);
 1311              		.loc 1 588 3 is_stmt 1 discriminator 3 view .LVU369
 588:Middlewares/Third_Party/LwIP/src/core/ipv4/etharp.c ****               eth_ret != NULL && ip_ret != NULL);
 1312              		.loc 1 588 3 discriminator 3 view .LVU370
 1313 004c 074B     		ldr	r3, .L98+4
 1314              	.LVL123:
 588:Middlewares/Third_Party/LwIP/src/core/ipv4/etharp.c ****               eth_ret != NULL && ip_ret != NULL);
 1315              		.loc 1 588 3 is_stmt 0 discriminator 3 view .LVU371
 1316 004e 4FF41372 		mov	r2, #588
 1317              	.LVL124:
 588:Middlewares/Third_Party/LwIP/src/core/ipv4/etharp.c ****               eth_ret != NULL && ip_ret != NULL);
 1318              		.loc 1 588 3 discriminator 3 view .LVU372
 1319 0052 0749     		ldr	r1, .L98+8
 1320              	.LVL125:
 588:Middlewares/Third_Party/LwIP/src/core/ipv4/etharp.c ****               eth_ret != NULL && ip_ret != NULL);
 1321              		.loc 1 588 3 discriminator 3 view .LVU373
 1322 0054 0748     		ldr	r0, .L98+12
 1323              	.LVL126:
 588:Middlewares/Third_Party/LwIP/src/core/ipv4/etharp.c ****               eth_ret != NULL && ip_ret != NULL);
 1324              		.loc 1 588 3 discriminator 3 view .LVU374
 1325 0056 FFF7FEFF 		bl	printf
 1326              	.LVL127:
 1327 005a D8E7     		b	.L93
 1328              	.LVL128:
 1329              	.L95:
 599:Middlewares/Third_Party/LwIP/src/core/ipv4/etharp.c **** }
 1330              		.loc 1 599 10 view .LVU375
 1331 005c 4FF0FF30 		mov	r0, #-1
 1332              	.LVL129:
 599:Middlewares/Third_Party/LwIP/src/core/ipv4/etharp.c **** }
 1333              		.loc 1 599 10 view .LVU376
 1334 0060 F3E7     		b	.L91
 1335              	.L96:
 1336 0062 4FF0FF30 		mov	r0, #-1
 1337 0066 F0E7     		b	.L91
 1338              	.L99:
 1339              		.align	2
 1340              	.L98:
 1341 0068 00000000 		.word	.LANCHOR0
 1342 006c 00000000 		.word	.LC0
 1343 0070 00000000 		.word	.LC11
 1344 0074 40000000 		.word	.LC2
 1345              		.cfi_endproc
 1346              	.LFE165:
 1348              		.section	.rodata.etharp_get_entry.str1.4,"aMS",%progbits,1
 1349              		.align	2
 1350              	.LC12:
 1351 0000 69706164 		.ascii	"ipaddr != NULL\000"
 1351      64722021 
 1351      3D204E55 
 1351      4C4C00
 1352 000f 00       		.align	2
ARM GAS  /tmp/ccbstRKj.s 			page 49


 1353              	.LC13:
 1354 0010 6574685F 		.ascii	"eth_ret != NULL\000"
 1354      72657420 
 1354      213D204E 
 1354      554C4C00 
 1355              		.section	.text.etharp_get_entry,"ax",%progbits
 1356              		.align	1
 1357              		.global	etharp_get_entry
 1358              		.syntax unified
 1359              		.thumb
 1360              		.thumb_func
 1361              		.fpu fpv4-sp-d16
 1363              	etharp_get_entry:
 1364              	.LVL130:
 1365              	.LFB166:
 613:Middlewares/Third_Party/LwIP/src/core/ipv4/etharp.c ****   LWIP_ASSERT("ipaddr != NULL", ipaddr != NULL);
 1366              		.loc 1 613 1 is_stmt 1 view -0
 1367              		.cfi_startproc
 1368              		@ args = 0, pretend = 0, frame = 0
 1369              		@ frame_needed = 0, uses_anonymous_args = 0
 613:Middlewares/Third_Party/LwIP/src/core/ipv4/etharp.c ****   LWIP_ASSERT("ipaddr != NULL", ipaddr != NULL);
 1370              		.loc 1 613 1 is_stmt 0 view .LVU378
 1371 0000 F8B5     		push	{r3, r4, r5, r6, r7, lr}
 1372              	.LCFI18:
 1373              		.cfi_def_cfa_offset 24
 1374              		.cfi_offset 3, -24
 1375              		.cfi_offset 4, -20
 1376              		.cfi_offset 5, -16
 1377              		.cfi_offset 6, -12
 1378              		.cfi_offset 7, -8
 1379              		.cfi_offset 14, -4
 1380 0002 0446     		mov	r4, r0
 1381 0004 1646     		mov	r6, r2
 1382 0006 1D46     		mov	r5, r3
 614:Middlewares/Third_Party/LwIP/src/core/ipv4/etharp.c ****   LWIP_ASSERT("netif != NULL", netif != NULL);
 1383              		.loc 1 614 3 is_stmt 1 view .LVU379
 614:Middlewares/Third_Party/LwIP/src/core/ipv4/etharp.c ****   LWIP_ASSERT("netif != NULL", netif != NULL);
 1384              		.loc 1 614 3 view .LVU380
 1385 0008 0F46     		mov	r7, r1
 1386 000a E9B1     		cbz	r1, .L108
 1387              	.LVL131:
 1388              	.L101:
 614:Middlewares/Third_Party/LwIP/src/core/ipv4/etharp.c ****   LWIP_ASSERT("netif != NULL", netif != NULL);
 1389              		.loc 1 614 3 discriminator 3 view .LVU381
 614:Middlewares/Third_Party/LwIP/src/core/ipv4/etharp.c ****   LWIP_ASSERT("netif != NULL", netif != NULL);
 1390              		.loc 1 614 3 discriminator 3 view .LVU382
 615:Middlewares/Third_Party/LwIP/src/core/ipv4/etharp.c ****   LWIP_ASSERT("eth_ret != NULL", eth_ret != NULL);
 1391              		.loc 1 615 3 discriminator 3 view .LVU383
 615:Middlewares/Third_Party/LwIP/src/core/ipv4/etharp.c ****   LWIP_ASSERT("eth_ret != NULL", eth_ret != NULL);
 1392              		.loc 1 615 3 discriminator 3 view .LVU384
 1393 000c 26B3     		cbz	r6, .L109
 1394              	.L102:
 615:Middlewares/Third_Party/LwIP/src/core/ipv4/etharp.c ****   LWIP_ASSERT("eth_ret != NULL", eth_ret != NULL);
 1395              		.loc 1 615 3 discriminator 3 view .LVU385
 615:Middlewares/Third_Party/LwIP/src/core/ipv4/etharp.c ****   LWIP_ASSERT("eth_ret != NULL", eth_ret != NULL);
 1396              		.loc 1 615 3 discriminator 3 view .LVU386
 616:Middlewares/Third_Party/LwIP/src/core/ipv4/etharp.c **** 
ARM GAS  /tmp/ccbstRKj.s 			page 50


 1397              		.loc 1 616 3 discriminator 3 view .LVU387
 616:Middlewares/Third_Party/LwIP/src/core/ipv4/etharp.c **** 
 1398              		.loc 1 616 3 discriminator 3 view .LVU388
 1399 000e 5DB3     		cbz	r5, .L110
 1400              	.L103:
 616:Middlewares/Third_Party/LwIP/src/core/ipv4/etharp.c **** 
 1401              		.loc 1 616 3 discriminator 3 view .LVU389
 616:Middlewares/Third_Party/LwIP/src/core/ipv4/etharp.c **** 
 1402              		.loc 1 616 3 discriminator 3 view .LVU390
 618:Middlewares/Third_Party/LwIP/src/core/ipv4/etharp.c ****     *ipaddr  = &arp_table[i].ipaddr;
 1403              		.loc 1 618 3 discriminator 3 view .LVU391
 618:Middlewares/Third_Party/LwIP/src/core/ipv4/etharp.c ****     *ipaddr  = &arp_table[i].ipaddr;
 1404              		.loc 1 618 6 is_stmt 0 discriminator 3 view .LVU392
 1405 0010 092C     		cmp	r4, #9
 1406 0012 31D8     		bhi	.L105
 618:Middlewares/Third_Party/LwIP/src/core/ipv4/etharp.c ****     *ipaddr  = &arp_table[i].ipaddr;
 1407              		.loc 1 618 44 discriminator 1 view .LVU393
 1408 0014 04EB4403 		add	r3, r4, r4, lsl #1
 1409 0018 194A     		ldr	r2, .L111
 1410 001a 02EBC303 		add	r3, r2, r3, lsl #3
 1411 001e 1B7D     		ldrb	r3, [r3, #20]	@ zero_extendqisi2
 618:Middlewares/Third_Party/LwIP/src/core/ipv4/etharp.c ****     *ipaddr  = &arp_table[i].ipaddr;
 1412              		.loc 1 618 28 discriminator 1 view .LVU394
 1413 0020 012B     		cmp	r3, #1
 1414 0022 2BD9     		bls	.L106
 619:Middlewares/Third_Party/LwIP/src/core/ipv4/etharp.c ****     *netif   = arp_table[i].netif;
 1415              		.loc 1 619 5 is_stmt 1 view .LVU395
 619:Middlewares/Third_Party/LwIP/src/core/ipv4/etharp.c ****     *netif   = arp_table[i].netif;
 1416              		.loc 1 619 16 is_stmt 0 view .LVU396
 1417 0024 1346     		mov	r3, r2
 1418 0026 04EB4402 		add	r2, r4, r4, lsl #1
 1419 002a 03EBC202 		add	r2, r3, r2, lsl #3
 1420 002e 111D     		adds	r1, r2, #4
 619:Middlewares/Third_Party/LwIP/src/core/ipv4/etharp.c ****     *netif   = arp_table[i].netif;
 1421              		.loc 1 619 14 view .LVU397
 1422 0030 3960     		str	r1, [r7]
 620:Middlewares/Third_Party/LwIP/src/core/ipv4/etharp.c ****     *eth_ret = &arp_table[i].ethaddr;
 1423              		.loc 1 620 5 is_stmt 1 view .LVU398
 620:Middlewares/Third_Party/LwIP/src/core/ipv4/etharp.c ****     *eth_ret = &arp_table[i].ethaddr;
 1424              		.loc 1 620 28 is_stmt 0 view .LVU399
 1425 0032 9268     		ldr	r2, [r2, #8]
 620:Middlewares/Third_Party/LwIP/src/core/ipv4/etharp.c ****     *eth_ret = &arp_table[i].ethaddr;
 1426              		.loc 1 620 14 view .LVU400
 1427 0034 3260     		str	r2, [r6]
 621:Middlewares/Third_Party/LwIP/src/core/ipv4/etharp.c ****     return 1;
 1428              		.loc 1 621 5 is_stmt 1 view .LVU401
 621:Middlewares/Third_Party/LwIP/src/core/ipv4/etharp.c ****     return 1;
 1429              		.loc 1 621 16 is_stmt 0 view .LVU402
 1430 0036 04EB4404 		add	r4, r4, r4, lsl #1
 1431              	.LVL132:
 621:Middlewares/Third_Party/LwIP/src/core/ipv4/etharp.c ****     return 1;
 1432              		.loc 1 621 16 view .LVU403
 1433 003a E400     		lsls	r4, r4, #3
 1434 003c 0834     		adds	r4, r4, #8
 1435 003e 1C44     		add	r4, r4, r3
 1436 0040 0434     		adds	r4, r4, #4
 621:Middlewares/Third_Party/LwIP/src/core/ipv4/etharp.c ****     return 1;
ARM GAS  /tmp/ccbstRKj.s 			page 51


 1437              		.loc 1 621 14 view .LVU404
 1438 0042 2C60     		str	r4, [r5]
 622:Middlewares/Third_Party/LwIP/src/core/ipv4/etharp.c ****   } else {
 1439              		.loc 1 622 5 is_stmt 1 view .LVU405
 622:Middlewares/Third_Party/LwIP/src/core/ipv4/etharp.c ****   } else {
 1440              		.loc 1 622 12 is_stmt 0 view .LVU406
 1441 0044 0120     		movs	r0, #1
 1442              	.L100:
 626:Middlewares/Third_Party/LwIP/src/core/ipv4/etharp.c **** 
 1443              		.loc 1 626 1 view .LVU407
 1444 0046 F8BD     		pop	{r3, r4, r5, r6, r7, pc}
 1445              	.LVL133:
 1446              	.L108:
 614:Middlewares/Third_Party/LwIP/src/core/ipv4/etharp.c ****   LWIP_ASSERT("netif != NULL", netif != NULL);
 1447              		.loc 1 614 3 is_stmt 1 discriminator 1 view .LVU408
 614:Middlewares/Third_Party/LwIP/src/core/ipv4/etharp.c ****   LWIP_ASSERT("netif != NULL", netif != NULL);
 1448              		.loc 1 614 3 discriminator 1 view .LVU409
 1449 0048 0E4B     		ldr	r3, .L111+4
 1450              	.LVL134:
 614:Middlewares/Third_Party/LwIP/src/core/ipv4/etharp.c ****   LWIP_ASSERT("netif != NULL", netif != NULL);
 1451              		.loc 1 614 3 is_stmt 0 discriminator 1 view .LVU410
 1452 004a 40F26622 		movw	r2, #614
 1453              	.LVL135:
 614:Middlewares/Third_Party/LwIP/src/core/ipv4/etharp.c ****   LWIP_ASSERT("netif != NULL", netif != NULL);
 1454              		.loc 1 614 3 discriminator 1 view .LVU411
 1455 004e 0E49     		ldr	r1, .L111+8
 1456              	.LVL136:
 614:Middlewares/Third_Party/LwIP/src/core/ipv4/etharp.c ****   LWIP_ASSERT("netif != NULL", netif != NULL);
 1457              		.loc 1 614 3 discriminator 1 view .LVU412
 1458 0050 0E48     		ldr	r0, .L111+12
 1459              	.LVL137:
 614:Middlewares/Third_Party/LwIP/src/core/ipv4/etharp.c ****   LWIP_ASSERT("netif != NULL", netif != NULL);
 1460              		.loc 1 614 3 discriminator 1 view .LVU413
 1461 0052 FFF7FEFF 		bl	printf
 1462              	.LVL138:
 1463 0056 D9E7     		b	.L101
 1464              	.L109:
 615:Middlewares/Third_Party/LwIP/src/core/ipv4/etharp.c ****   LWIP_ASSERT("eth_ret != NULL", eth_ret != NULL);
 1465              		.loc 1 615 3 is_stmt 1 discriminator 1 view .LVU414
 615:Middlewares/Third_Party/LwIP/src/core/ipv4/etharp.c ****   LWIP_ASSERT("eth_ret != NULL", eth_ret != NULL);
 1466              		.loc 1 615 3 discriminator 1 view .LVU415
 1467 0058 0A4B     		ldr	r3, .L111+4
 1468 005a 40F26722 		movw	r2, #615
 1469 005e 0C49     		ldr	r1, .L111+16
 1470 0060 0A48     		ldr	r0, .L111+12
 1471 0062 FFF7FEFF 		bl	printf
 1472              	.LVL139:
 1473 0066 D2E7     		b	.L102
 1474              	.L110:
 616:Middlewares/Third_Party/LwIP/src/core/ipv4/etharp.c **** 
 1475              		.loc 1 616 3 discriminator 1 view .LVU416
 616:Middlewares/Third_Party/LwIP/src/core/ipv4/etharp.c **** 
 1476              		.loc 1 616 3 discriminator 1 view .LVU417
 1477 0068 064B     		ldr	r3, .L111+4
 1478 006a 4FF41A72 		mov	r2, #616
 1479 006e 0949     		ldr	r1, .L111+20
 1480 0070 0648     		ldr	r0, .L111+12
ARM GAS  /tmp/ccbstRKj.s 			page 52


 1481 0072 FFF7FEFF 		bl	printf
 1482              	.LVL140:
 1483 0076 CBE7     		b	.L103
 1484              	.L105:
 624:Middlewares/Third_Party/LwIP/src/core/ipv4/etharp.c ****   }
 1485              		.loc 1 624 12 is_stmt 0 view .LVU418
 1486 0078 0020     		movs	r0, #0
 1487 007a E4E7     		b	.L100
 1488              	.L106:
 1489 007c 0020     		movs	r0, #0
 1490 007e E2E7     		b	.L100
 1491              	.L112:
 1492              		.align	2
 1493              	.L111:
 1494 0080 00000000 		.word	.LANCHOR0
 1495 0084 00000000 		.word	.LC0
 1496 0088 00000000 		.word	.LC12
 1497 008c 40000000 		.word	.LC2
 1498 0090 00000000 		.word	.LC8
 1499 0094 10000000 		.word	.LC13
 1500              		.cfi_endproc
 1501              	.LFE166:
 1503              		.section	.text.etharp_input,"ax",%progbits
 1504              		.align	1
 1505              		.global	etharp_input
 1506              		.syntax unified
 1507              		.thumb
 1508              		.thumb_func
 1509              		.fpu fpv4-sp-d16
 1511              	etharp_input:
 1512              	.LVL141:
 1513              	.LFB167:
 642:Middlewares/Third_Party/LwIP/src/core/ipv4/etharp.c ****   struct etharp_hdr *hdr;
 1514              		.loc 1 642 1 is_stmt 1 view -0
 1515              		.cfi_startproc
 1516              		@ args = 0, pretend = 0, frame = 8
 1517              		@ frame_needed = 0, uses_anonymous_args = 0
 642:Middlewares/Third_Party/LwIP/src/core/ipv4/etharp.c ****   struct etharp_hdr *hdr;
 1518              		.loc 1 642 1 is_stmt 0 view .LVU420
 1519 0000 2DE9F041 		push	{r4, r5, r6, r7, r8, lr}
 1520              	.LCFI19:
 1521              		.cfi_def_cfa_offset 24
 1522              		.cfi_offset 4, -24
 1523              		.cfi_offset 5, -20
 1524              		.cfi_offset 6, -16
 1525              		.cfi_offset 7, -12
 1526              		.cfi_offset 8, -8
 1527              		.cfi_offset 14, -4
 1528 0004 86B0     		sub	sp, sp, #24
 1529              	.LCFI20:
 1530              		.cfi_def_cfa_offset 48
 643:Middlewares/Third_Party/LwIP/src/core/ipv4/etharp.c ****   /* these are aligned properly, whereas the ARP header fields might not be */
 1531              		.loc 1 643 3 is_stmt 1 view .LVU421
 645:Middlewares/Third_Party/LwIP/src/core/ipv4/etharp.c ****   u8_t for_us;
 1532              		.loc 1 645 3 view .LVU422
 646:Middlewares/Third_Party/LwIP/src/core/ipv4/etharp.c **** 
 1533              		.loc 1 646 3 view .LVU423
ARM GAS  /tmp/ccbstRKj.s 			page 53


 648:Middlewares/Third_Party/LwIP/src/core/ipv4/etharp.c **** 
 1534              		.loc 1 648 28 view .LVU424
 650:Middlewares/Third_Party/LwIP/src/core/ipv4/etharp.c **** 
 1535              		.loc 1 650 3 view .LVU425
 650:Middlewares/Third_Party/LwIP/src/core/ipv4/etharp.c **** 
 1536              		.loc 1 650 3 view .LVU426
 1537 0006 A9B1     		cbz	r1, .L124
 1538 0008 0446     		mov	r4, r0
 1539 000a 0E46     		mov	r6, r1
 650:Middlewares/Third_Party/LwIP/src/core/ipv4/etharp.c **** 
 1540              		.loc 1 650 3 discriminator 2 view .LVU427
 650:Middlewares/Third_Party/LwIP/src/core/ipv4/etharp.c **** 
 1541              		.loc 1 650 3 discriminator 2 view .LVU428
 652:Middlewares/Third_Party/LwIP/src/core/ipv4/etharp.c **** 
 1542              		.loc 1 652 3 discriminator 2 view .LVU429
 652:Middlewares/Third_Party/LwIP/src/core/ipv4/etharp.c **** 
 1543              		.loc 1 652 7 is_stmt 0 discriminator 2 view .LVU430
 1544 000c 4568     		ldr	r5, [r0, #4]
 1545              	.LVL142:
 655:Middlewares/Third_Party/LwIP/src/core/ipv4/etharp.c ****       (hdr->hwlen != ETH_HWADDR_LEN) ||
 1546              		.loc 1 655 3 is_stmt 1 discriminator 2 view .LVU431
 655:Middlewares/Third_Party/LwIP/src/core/ipv4/etharp.c ****       (hdr->hwlen != ETH_HWADDR_LEN) ||
 1547              		.loc 1 655 11 is_stmt 0 discriminator 2 view .LVU432
 1548 000e 2B88     		ldrh	r3, [r5]	@ unaligned
 655:Middlewares/Third_Party/LwIP/src/core/ipv4/etharp.c ****       (hdr->hwlen != ETH_HWADDR_LEN) ||
 1549              		.loc 1 655 6 discriminator 2 view .LVU433
 1550 0010 B3F5807F 		cmp	r3, #256
 1551 0014 08D1     		bne	.L116
 656:Middlewares/Third_Party/LwIP/src/core/ipv4/etharp.c ****       (hdr->protolen != sizeof(ip4_addr_t)) ||
 1552              		.loc 1 656 11 discriminator 1 view .LVU434
 1553 0016 2B79     		ldrb	r3, [r5, #4]	@ zero_extendqisi2
 655:Middlewares/Third_Party/LwIP/src/core/ipv4/etharp.c ****       (hdr->hwlen != ETH_HWADDR_LEN) ||
 1554              		.loc 1 655 60 discriminator 1 view .LVU435
 1555 0018 062B     		cmp	r3, #6
 1556 001a 05D1     		bne	.L116
 657:Middlewares/Third_Party/LwIP/src/core/ipv4/etharp.c ****       (hdr->proto != PP_HTONS(ETHTYPE_IP)))  {
 1557              		.loc 1 657 11 view .LVU436
 1558 001c 6B79     		ldrb	r3, [r5, #5]	@ zero_extendqisi2
 656:Middlewares/Third_Party/LwIP/src/core/ipv4/etharp.c ****       (hdr->protolen != sizeof(ip4_addr_t)) ||
 1559              		.loc 1 656 38 view .LVU437
 1560 001e 042B     		cmp	r3, #4
 1561 0020 02D1     		bne	.L116
 658:Middlewares/Third_Party/LwIP/src/core/ipv4/etharp.c ****     LWIP_DEBUGF(ETHARP_DEBUG | LWIP_DBG_TRACE | LWIP_DBG_LEVEL_WARNING,
 1562              		.loc 1 658 11 view .LVU438
 1563 0022 6B88     		ldrh	r3, [r5, #2]	@ unaligned
 657:Middlewares/Third_Party/LwIP/src/core/ipv4/etharp.c ****       (hdr->proto != PP_HTONS(ETHTYPE_IP)))  {
 1564              		.loc 1 657 45 view .LVU439
 1565 0024 082B     		cmp	r3, #8
 1566 0026 0DD0     		beq	.L117
 1567              	.L116:
 659:Middlewares/Third_Party/LwIP/src/core/ipv4/etharp.c ****                 ("etharp_input: packet dropped, wrong hw type, hwlen, proto, protolen or ethernet t
 1568              		.loc 1 659 5 is_stmt 1 discriminator 4 view .LVU440
 659:Middlewares/Third_Party/LwIP/src/core/ipv4/etharp.c ****                 ("etharp_input: packet dropped, wrong hw type, hwlen, proto, protolen or ethernet t
 1569              		.loc 1 659 5 discriminator 4 view .LVU441
 659:Middlewares/Third_Party/LwIP/src/core/ipv4/etharp.c ****                 ("etharp_input: packet dropped, wrong hw type, hwlen, proto, protolen or ethernet t
 1570              		.loc 1 659 5 discriminator 4 view .LVU442
 662:Middlewares/Third_Party/LwIP/src/core/ipv4/etharp.c ****     ETHARP_STATS_INC(etharp.drop);
ARM GAS  /tmp/ccbstRKj.s 			page 54


 1571              		.loc 1 662 37 discriminator 4 view .LVU443
 663:Middlewares/Third_Party/LwIP/src/core/ipv4/etharp.c ****     pbuf_free(p);
 1572              		.loc 1 663 34 discriminator 4 view .LVU444
 664:Middlewares/Third_Party/LwIP/src/core/ipv4/etharp.c ****     return;
 1573              		.loc 1 664 5 discriminator 4 view .LVU445
 1574 0028 2046     		mov	r0, r4
 1575              	.LVL143:
 664:Middlewares/Third_Party/LwIP/src/core/ipv4/etharp.c ****     return;
 1576              		.loc 1 664 5 is_stmt 0 discriminator 4 view .LVU446
 1577 002a FFF7FEFF 		bl	pbuf_free
 1578              	.LVL144:
 665:Middlewares/Third_Party/LwIP/src/core/ipv4/etharp.c ****   }
 1579              		.loc 1 665 5 is_stmt 1 discriminator 4 view .LVU447
 1580              	.L113:
 742:Middlewares/Third_Party/LwIP/src/core/ipv4/etharp.c **** 
 1581              		.loc 1 742 1 is_stmt 0 view .LVU448
 1582 002e 06B0     		add	sp, sp, #24
 1583              	.LCFI21:
 1584              		.cfi_remember_state
 1585              		.cfi_def_cfa_offset 24
 1586              		@ sp needed
 1587 0030 BDE8F081 		pop	{r4, r5, r6, r7, r8, pc}
 1588              	.LVL145:
 1589              	.L124:
 1590              	.LCFI22:
 1591              		.cfi_restore_state
 650:Middlewares/Third_Party/LwIP/src/core/ipv4/etharp.c **** 
 1592              		.loc 1 650 3 is_stmt 1 discriminator 1 view .LVU449
 650:Middlewares/Third_Party/LwIP/src/core/ipv4/etharp.c **** 
 1593              		.loc 1 650 3 discriminator 1 view .LVU450
 1594 0034 1D4B     		ldr	r3, .L126
 1595 0036 40F28A22 		movw	r2, #650
 1596 003a 1D49     		ldr	r1, .L126+4
 1597              	.LVL146:
 650:Middlewares/Third_Party/LwIP/src/core/ipv4/etharp.c **** 
 1598              		.loc 1 650 3 is_stmt 0 discriminator 1 view .LVU451
 1599 003c 1D48     		ldr	r0, .L126+8
 1600              	.LVL147:
 650:Middlewares/Third_Party/LwIP/src/core/ipv4/etharp.c **** 
 1601              		.loc 1 650 3 discriminator 1 view .LVU452
 1602 003e FFF7FEFF 		bl	printf
 1603              	.LVL148:
 650:Middlewares/Third_Party/LwIP/src/core/ipv4/etharp.c **** 
 1604              		.loc 1 650 3 is_stmt 1 discriminator 1 view .LVU453
 650:Middlewares/Third_Party/LwIP/src/core/ipv4/etharp.c **** 
 1605              		.loc 1 650 3 discriminator 1 view .LVU454
 1606 0042 F4E7     		b	.L113
 1607              	.LVL149:
 1608              	.L117:
 667:Middlewares/Third_Party/LwIP/src/core/ipv4/etharp.c **** 
 1609              		.loc 1 667 32 view .LVU455
 678:Middlewares/Third_Party/LwIP/src/core/ipv4/etharp.c ****   IPADDR_WORDALIGNED_COPY_TO_IP4_ADDR_T(&dipaddr, &hdr->dipaddr);
 1610              		.loc 1 678 3 view .LVU456
 1611 0044 D5F80E30 		ldr	r3, [r5, #14]	@ unaligned
 1612 0048 0593     		str	r3, [sp, #20]
 679:Middlewares/Third_Party/LwIP/src/core/ipv4/etharp.c **** 
 1613              		.loc 1 679 3 view .LVU457
ARM GAS  /tmp/ccbstRKj.s 			page 55


 1614 004a AF69     		ldr	r7, [r5, #24]	@ unaligned
 682:Middlewares/Third_Party/LwIP/src/core/ipv4/etharp.c ****     for_us = 0;
 1615              		.loc 1 682 3 view .LVU458
 682:Middlewares/Third_Party/LwIP/src/core/ipv4/etharp.c ****     for_us = 0;
 1616              		.loc 1 682 7 is_stmt 0 view .LVU459
 1617 004c 4B68     		ldr	r3, [r1, #4]
 682:Middlewares/Third_Party/LwIP/src/core/ipv4/etharp.c ****     for_us = 0;
 1618              		.loc 1 682 6 view .LVU460
 1619 004e 83B9     		cbnz	r3, .L118
 1620              	.LVL150:
 694:Middlewares/Third_Party/LwIP/src/core/ipv4/etharp.c ****                           for_us ? ETHARP_FLAG_TRY_HARD : ETHARP_FLAG_FIND_ONLY);
 1621              		.loc 1 694 3 is_stmt 1 view .LVU461
 1622 0050 05F10808 		add	r8, r5, #8
 683:Middlewares/Third_Party/LwIP/src/core/ipv4/etharp.c ****   } else {
 1623              		.loc 1 683 12 is_stmt 0 view .LVU462
 1624 0054 0027     		movs	r7, #0
 694:Middlewares/Third_Party/LwIP/src/core/ipv4/etharp.c ****                           for_us ? ETHARP_FLAG_TRY_HARD : ETHARP_FLAG_FIND_ONLY);
 1625              		.loc 1 694 3 view .LVU463
 1626 0056 0223     		movs	r3, #2
 1627              	.LVL151:
 1628              	.L119:
 694:Middlewares/Third_Party/LwIP/src/core/ipv4/etharp.c ****                           for_us ? ETHARP_FLAG_TRY_HARD : ETHARP_FLAG_FIND_ONLY);
 1629              		.loc 1 694 3 discriminator 4 view .LVU464
 1630 0058 4246     		mov	r2, r8
 1631 005a 05A9     		add	r1, sp, #20
 1632              	.LVL152:
 694:Middlewares/Third_Party/LwIP/src/core/ipv4/etharp.c ****                           for_us ? ETHARP_FLAG_TRY_HARD : ETHARP_FLAG_FIND_ONLY);
 1633              		.loc 1 694 3 discriminator 4 view .LVU465
 1634 005c 3046     		mov	r0, r6
 1635              	.LVL153:
 694:Middlewares/Third_Party/LwIP/src/core/ipv4/etharp.c ****                           for_us ? ETHARP_FLAG_TRY_HARD : ETHARP_FLAG_FIND_ONLY);
 1636              		.loc 1 694 3 discriminator 4 view .LVU466
 1637 005e FFF7FEFF 		bl	etharp_update_arp_entry
 1638              	.LVL154:
 698:Middlewares/Third_Party/LwIP/src/core/ipv4/etharp.c ****     /* ARP request? */
 1639              		.loc 1 698 3 is_stmt 1 discriminator 4 view .LVU467
 698:Middlewares/Third_Party/LwIP/src/core/ipv4/etharp.c ****     /* ARP request? */
 1640              		.loc 1 698 14 is_stmt 0 discriminator 4 view .LVU468
 1641 0062 EB88     		ldrh	r3, [r5, #6]	@ unaligned
 698:Middlewares/Third_Party/LwIP/src/core/ipv4/etharp.c ****     /* ARP request? */
 1642              		.loc 1 698 3 discriminator 4 view .LVU469
 1643 0064 B3F5807F 		cmp	r3, #256
 1644 0068 0ED0     		beq	.L125
 1645              	.L120:
 741:Middlewares/Third_Party/LwIP/src/core/ipv4/etharp.c **** }
 1646              		.loc 1 741 3 is_stmt 1 discriminator 10 view .LVU470
 1647 006a 2046     		mov	r0, r4
 1648 006c FFF7FEFF 		bl	pbuf_free
 1649              	.LVL155:
 1650 0070 DDE7     		b	.L113
 1651              	.LVL156:
 1652              	.L118:
 686:Middlewares/Third_Party/LwIP/src/core/ipv4/etharp.c ****   }
 1653              		.loc 1 686 5 view .LVU471
 686:Middlewares/Third_Party/LwIP/src/core/ipv4/etharp.c ****   }
 1654              		.loc 1 686 14 is_stmt 0 view .LVU472
 1655 0072 BB42     		cmp	r3, r7
ARM GAS  /tmp/ccbstRKj.s 			page 56


 1656 0074 14BF     		ite	ne
 1657 0076 0027     		movne	r7, #0
 1658 0078 0127     		moveq	r7, #1
 1659              	.LVL157:
 694:Middlewares/Third_Party/LwIP/src/core/ipv4/etharp.c ****                           for_us ? ETHARP_FLAG_TRY_HARD : ETHARP_FLAG_FIND_ONLY);
 1660              		.loc 1 694 3 is_stmt 1 view .LVU473
 1661 007a 05F10808 		add	r8, r5, #8
 1662 007e 0FB1     		cbz	r7, .L122
 1663 0080 0123     		movs	r3, #1
 1664 0082 E9E7     		b	.L119
 1665              	.L122:
 1666 0084 0223     		movs	r3, #2
 1667 0086 E7E7     		b	.L119
 1668              	.LVL158:
 1669              	.L125:
 705:Middlewares/Third_Party/LwIP/src/core/ipv4/etharp.c ****       /* ARP request for our address? */
 1670              		.loc 1 705 7 discriminator 4 view .LVU474
 705:Middlewares/Third_Party/LwIP/src/core/ipv4/etharp.c ****       /* ARP request for our address? */
 1671              		.loc 1 705 7 discriminator 4 view .LVU475
 705:Middlewares/Third_Party/LwIP/src/core/ipv4/etharp.c ****       /* ARP request for our address? */
 1672              		.loc 1 705 7 discriminator 4 view .LVU476
 707:Middlewares/Third_Party/LwIP/src/core/ipv4/etharp.c ****         /* send ARP response */
 1673              		.loc 1 707 7 discriminator 4 view .LVU477
 707:Middlewares/Third_Party/LwIP/src/core/ipv4/etharp.c ****         /* send ARP response */
 1674              		.loc 1 707 10 is_stmt 0 discriminator 4 view .LVU478
 1675 0088 002F     		cmp	r7, #0
 1676 008a EED0     		beq	.L120
 709:Middlewares/Third_Party/LwIP/src/core/ipv4/etharp.c ****                    (struct eth_addr *)netif->hwaddr, &hdr->shwaddr,
 1677              		.loc 1 709 9 is_stmt 1 view .LVU479
 710:Middlewares/Third_Party/LwIP/src/core/ipv4/etharp.c ****                    (struct eth_addr *)netif->hwaddr, netif_ip4_addr(netif),
 1678              		.loc 1 710 39 is_stmt 0 view .LVU480
 1679 008c 06F12A01 		add	r1, r6, #42
 711:Middlewares/Third_Party/LwIP/src/core/ipv4/etharp.c ****                    &hdr->shwaddr, &sipaddr,
 1680              		.loc 1 711 54 view .LVU481
 1681 0090 331D     		adds	r3, r6, #4
 709:Middlewares/Third_Party/LwIP/src/core/ipv4/etharp.c ****                    (struct eth_addr *)netif->hwaddr, &hdr->shwaddr,
 1682              		.loc 1 709 9 view .LVU482
 1683 0092 0222     		movs	r2, #2
 1684 0094 0392     		str	r2, [sp, #12]
 1685 0096 05AA     		add	r2, sp, #20
 1686 0098 0292     		str	r2, [sp, #8]
 1687 009a CDF80480 		str	r8, [sp, #4]
 1688 009e 0093     		str	r3, [sp]
 1689 00a0 0B46     		mov	r3, r1
 1690 00a2 4246     		mov	r2, r8
 1691 00a4 3046     		mov	r0, r6
 1692 00a6 FFF7FEFF 		bl	etharp_raw
 1693              	.LVL159:
 1694 00aa DEE7     		b	.L120
 1695              	.L127:
 1696              		.align	2
 1697              	.L126:
 1698 00ac 00000000 		.word	.LC0
 1699 00b0 00000000 		.word	.LC8
 1700 00b4 40000000 		.word	.LC2
 1701              		.cfi_endproc
 1702              	.LFE167:
ARM GAS  /tmp/ccbstRKj.s 			page 57


 1704              		.section	.text.etharp_request,"ax",%progbits
 1705              		.align	1
 1706              		.global	etharp_request
 1707              		.syntax unified
 1708              		.thumb
 1709              		.thumb_func
 1710              		.fpu fpv4-sp-d16
 1712              	etharp_request:
 1713              	.LVL160:
 1714              	.LFB173:
1187:Middlewares/Third_Party/LwIP/src/core/ipv4/etharp.c **** 
1188:Middlewares/Third_Party/LwIP/src/core/ipv4/etharp.c **** /**
1189:Middlewares/Third_Party/LwIP/src/core/ipv4/etharp.c ****  * Send an ARP request packet asking for ipaddr.
1190:Middlewares/Third_Party/LwIP/src/core/ipv4/etharp.c ****  *
1191:Middlewares/Third_Party/LwIP/src/core/ipv4/etharp.c ****  * @param netif the lwip network interface on which to send the request
1192:Middlewares/Third_Party/LwIP/src/core/ipv4/etharp.c ****  * @param ipaddr the IP address for which to ask
1193:Middlewares/Third_Party/LwIP/src/core/ipv4/etharp.c ****  * @return ERR_OK if the request has been sent
1194:Middlewares/Third_Party/LwIP/src/core/ipv4/etharp.c ****  *         ERR_MEM if the ARP packet couldn't be allocated
1195:Middlewares/Third_Party/LwIP/src/core/ipv4/etharp.c ****  *         any other err_t on failure
1196:Middlewares/Third_Party/LwIP/src/core/ipv4/etharp.c ****  */
1197:Middlewares/Third_Party/LwIP/src/core/ipv4/etharp.c **** err_t
1198:Middlewares/Third_Party/LwIP/src/core/ipv4/etharp.c **** etharp_request(struct netif *netif, const ip4_addr_t *ipaddr)
1199:Middlewares/Third_Party/LwIP/src/core/ipv4/etharp.c **** {
 1715              		.loc 1 1199 1 is_stmt 1 view -0
 1716              		.cfi_startproc
 1717              		@ args = 0, pretend = 0, frame = 0
 1718              		@ frame_needed = 0, uses_anonymous_args = 0
 1719              		.loc 1 1199 1 is_stmt 0 view .LVU484
 1720 0000 08B5     		push	{r3, lr}
 1721              	.LCFI23:
 1722              		.cfi_def_cfa_offset 8
 1723              		.cfi_offset 3, -8
 1724              		.cfi_offset 14, -4
1200:Middlewares/Third_Party/LwIP/src/core/ipv4/etharp.c ****   LWIP_DEBUGF(ETHARP_DEBUG | LWIP_DBG_TRACE, ("etharp_request: sending ARP request.\n"));
 1725              		.loc 1 1200 3 is_stmt 1 view .LVU485
 1726              		.loc 1 1200 3 view .LVU486
 1727              		.loc 1 1200 3 view .LVU487
1201:Middlewares/Third_Party/LwIP/src/core/ipv4/etharp.c ****   return etharp_request_dst(netif, ipaddr, &ethbroadcast);
 1728              		.loc 1 1201 3 view .LVU488
 1729              		.loc 1 1201 10 is_stmt 0 view .LVU489
 1730 0002 024A     		ldr	r2, .L130
 1731 0004 FFF7FEFF 		bl	etharp_request_dst
 1732              	.LVL161:
1202:Middlewares/Third_Party/LwIP/src/core/ipv4/etharp.c **** }
 1733              		.loc 1 1202 1 view .LVU490
 1734 0008 08BD     		pop	{r3, pc}
 1735              	.L131:
 1736 000a 00BF     		.align	2
 1737              	.L130:
 1738 000c 00000000 		.word	ethbroadcast
 1739              		.cfi_endproc
 1740              	.LFE173:
 1742              		.section	.text.etharp_tmr,"ax",%progbits
 1743              		.align	1
 1744              		.global	etharp_tmr
 1745              		.syntax unified
 1746              		.thumb
ARM GAS  /tmp/ccbstRKj.s 			page 58


 1747              		.thumb_func
 1748              		.fpu fpv4-sp-d16
 1750              	etharp_tmr:
 1751              	.LFB161:
 198:Middlewares/Third_Party/LwIP/src/core/ipv4/etharp.c ****   int i;
 1752              		.loc 1 198 1 is_stmt 1 view -0
 1753              		.cfi_startproc
 1754              		@ args = 0, pretend = 0, frame = 0
 1755              		@ frame_needed = 0, uses_anonymous_args = 0
 1756 0000 10B5     		push	{r4, lr}
 1757              	.LCFI24:
 1758              		.cfi_def_cfa_offset 8
 1759              		.cfi_offset 4, -8
 1760              		.cfi_offset 14, -4
 199:Middlewares/Third_Party/LwIP/src/core/ipv4/etharp.c **** 
 1761              		.loc 1 199 3 view .LVU492
 201:Middlewares/Third_Party/LwIP/src/core/ipv4/etharp.c ****   /* remove expired entries from the ARP table */
 1762              		.loc 1 201 3 view .LVU493
 201:Middlewares/Third_Party/LwIP/src/core/ipv4/etharp.c ****   /* remove expired entries from the ARP table */
 1763              		.loc 1 201 3 view .LVU494
 201:Middlewares/Third_Party/LwIP/src/core/ipv4/etharp.c ****   /* remove expired entries from the ARP table */
 1764              		.loc 1 201 3 view .LVU495
 203:Middlewares/Third_Party/LwIP/src/core/ipv4/etharp.c ****     u8_t state = arp_table[i].state;
 1765              		.loc 1 203 3 view .LVU496
 1766              	.LVL162:
 203:Middlewares/Third_Party/LwIP/src/core/ipv4/etharp.c ****     u8_t state = arp_table[i].state;
 1767              		.loc 1 203 10 is_stmt 0 view .LVU497
 1768 0002 0024     		movs	r4, #0
 203:Middlewares/Third_Party/LwIP/src/core/ipv4/etharp.c ****     u8_t state = arp_table[i].state;
 1769              		.loc 1 203 3 view .LVU498
 1770 0004 05E0     		b	.L133
 1771              	.LVL163:
 1772              	.L142:
 1773              	.LBB7:
 212:Middlewares/Third_Party/LwIP/src/core/ipv4/etharp.c ****            (arp_table[i].ctime >= ARP_MAXPENDING))) {
 1774              		.loc 1 212 58 view .LVU499
 1775 0006 042B     		cmp	r3, #4
 1776 0008 1BD9     		bls	.L136
 1777              	.L135:
 215:Middlewares/Third_Party/LwIP/src/core/ipv4/etharp.c ****                                    arp_table[i].state >= ETHARP_STATE_STABLE ? "stable" : "pending"
 1778              		.loc 1 215 9 is_stmt 1 discriminator 8 view .LVU500
 215:Middlewares/Third_Party/LwIP/src/core/ipv4/etharp.c ****                                    arp_table[i].state >= ETHARP_STATE_STABLE ? "stable" : "pending"
 1779              		.loc 1 215 9 discriminator 8 view .LVU501
 215:Middlewares/Third_Party/LwIP/src/core/ipv4/etharp.c ****                                    arp_table[i].state >= ETHARP_STATE_STABLE ? "stable" : "pending"
 1780              		.loc 1 215 9 discriminator 8 view .LVU502
 218:Middlewares/Third_Party/LwIP/src/core/ipv4/etharp.c ****       } else if (arp_table[i].state == ETHARP_STATE_STABLE_REREQUESTING_1) {
 1781              		.loc 1 218 9 discriminator 8 view .LVU503
 1782 000a 2046     		mov	r0, r4
 1783 000c FFF7FEFF 		bl	etharp_free_entry
 1784              	.LVL164:
 1785              	.L134:
 218:Middlewares/Third_Party/LwIP/src/core/ipv4/etharp.c ****       } else if (arp_table[i].state == ETHARP_STATE_STABLE_REREQUESTING_1) {
 1786              		.loc 1 218 9 is_stmt 0 discriminator 8 view .LVU504
 1787              	.LBE7:
 203:Middlewares/Third_Party/LwIP/src/core/ipv4/etharp.c ****     u8_t state = arp_table[i].state;
 1788              		.loc 1 203 35 is_stmt 1 discriminator 2 view .LVU505
 1789 0010 0134     		adds	r4, r4, #1
ARM GAS  /tmp/ccbstRKj.s 			page 59


 1790              	.LVL165:
 1791              	.L133:
 203:Middlewares/Third_Party/LwIP/src/core/ipv4/etharp.c ****     u8_t state = arp_table[i].state;
 1792              		.loc 1 203 15 discriminator 1 view .LVU506
 203:Middlewares/Third_Party/LwIP/src/core/ipv4/etharp.c ****     u8_t state = arp_table[i].state;
 1793              		.loc 1 203 3 is_stmt 0 discriminator 1 view .LVU507
 1794 0012 092C     		cmp	r4, #9
 1795 0014 35DC     		bgt	.L141
 1796              	.LBB8:
 204:Middlewares/Third_Party/LwIP/src/core/ipv4/etharp.c ****     if (state != ETHARP_STATE_EMPTY
 1797              		.loc 1 204 5 is_stmt 1 view .LVU508
 204:Middlewares/Third_Party/LwIP/src/core/ipv4/etharp.c ****     if (state != ETHARP_STATE_EMPTY
 1798              		.loc 1 204 10 is_stmt 0 view .LVU509
 1799 0016 04EB4403 		add	r3, r4, r4, lsl #1
 1800 001a DA00     		lsls	r2, r3, #3
 1801 001c 194B     		ldr	r3, .L145
 1802 001e 1344     		add	r3, r3, r2
 1803 0020 1A7D     		ldrb	r2, [r3, #20]	@ zero_extendqisi2
 1804              	.LVL166:
 205:Middlewares/Third_Party/LwIP/src/core/ipv4/etharp.c **** #if ETHARP_SUPPORT_STATIC_ENTRIES
 1805              		.loc 1 205 5 is_stmt 1 view .LVU510
 205:Middlewares/Third_Party/LwIP/src/core/ipv4/etharp.c **** #if ETHARP_SUPPORT_STATIC_ENTRIES
 1806              		.loc 1 205 8 is_stmt 0 view .LVU511
 1807 0022 002A     		cmp	r2, #0
 1808 0024 F4D0     		beq	.L134
 210:Middlewares/Third_Party/LwIP/src/core/ipv4/etharp.c ****       if ((arp_table[i].ctime >= ARP_MAXAGE) ||
 1809              		.loc 1 210 7 is_stmt 1 view .LVU512
 210:Middlewares/Third_Party/LwIP/src/core/ipv4/etharp.c ****       if ((arp_table[i].ctime >= ARP_MAXAGE) ||
 1810              		.loc 1 210 19 is_stmt 0 view .LVU513
 1811 0026 04EB4401 		add	r1, r4, r4, lsl #1
 1812 002a CB00     		lsls	r3, r1, #3
 1813 002c 1549     		ldr	r1, .L145
 1814 002e 1944     		add	r1, r1, r3
 1815 0030 4B8A     		ldrh	r3, [r1, #18]
 210:Middlewares/Third_Party/LwIP/src/core/ipv4/etharp.c ****       if ((arp_table[i].ctime >= ARP_MAXAGE) ||
 1816              		.loc 1 210 25 view .LVU514
 1817 0032 0133     		adds	r3, r3, #1
 1818 0034 9BB2     		uxth	r3, r3
 1819 0036 4B82     		strh	r3, [r1, #18]	@ movhi
 211:Middlewares/Third_Party/LwIP/src/core/ipv4/etharp.c ****           ((arp_table[i].state == ETHARP_STATE_PENDING)  &&
 1820              		.loc 1 211 7 is_stmt 1 view .LVU515
 211:Middlewares/Third_Party/LwIP/src/core/ipv4/etharp.c ****           ((arp_table[i].state == ETHARP_STATE_PENDING)  &&
 1821              		.loc 1 211 10 is_stmt 0 view .LVU516
 1822 0038 B3F5967F 		cmp	r3, #300
 1823 003c E5D2     		bcs	.L135
 211:Middlewares/Third_Party/LwIP/src/core/ipv4/etharp.c ****           ((arp_table[i].state == ETHARP_STATE_PENDING)  &&
 1824              		.loc 1 211 46 discriminator 1 view .LVU517
 1825 003e 012A     		cmp	r2, #1
 1826 0040 E1D0     		beq	.L142
 1827              	.L136:
 219:Middlewares/Third_Party/LwIP/src/core/ipv4/etharp.c ****         /* Don't send more than one request every 2 seconds. */
 1828              		.loc 1 219 14 is_stmt 1 view .LVU518
 219:Middlewares/Third_Party/LwIP/src/core/ipv4/etharp.c ****         /* Don't send more than one request every 2 seconds. */
 1829              		.loc 1 219 17 is_stmt 0 view .LVU519
 1830 0042 032A     		cmp	r2, #3
 1831 0044 0DD0     		beq	.L143
 222:Middlewares/Third_Party/LwIP/src/core/ipv4/etharp.c ****         /* Reset state to stable, so that the next transmitted packet will
ARM GAS  /tmp/ccbstRKj.s 			page 60


 1832              		.loc 1 222 14 is_stmt 1 view .LVU520
 222:Middlewares/Third_Party/LwIP/src/core/ipv4/etharp.c ****         /* Reset state to stable, so that the next transmitted packet will
 1833              		.loc 1 222 17 is_stmt 0 view .LVU521
 1834 0046 042A     		cmp	r2, #4
 1835 0048 13D0     		beq	.L144
 226:Middlewares/Third_Party/LwIP/src/core/ipv4/etharp.c ****         /* still pending, resend an ARP query */
 1836              		.loc 1 226 14 is_stmt 1 view .LVU522
 226:Middlewares/Third_Party/LwIP/src/core/ipv4/etharp.c ****         /* still pending, resend an ARP query */
 1837              		.loc 1 226 17 is_stmt 0 view .LVU523
 1838 004a 012A     		cmp	r2, #1
 1839 004c E0D1     		bne	.L134
 228:Middlewares/Third_Party/LwIP/src/core/ipv4/etharp.c ****       }
 1840              		.loc 1 228 9 is_stmt 1 view .LVU524
 228:Middlewares/Third_Party/LwIP/src/core/ipv4/etharp.c ****       }
 1841              		.loc 1 228 44 is_stmt 0 view .LVU525
 1842 004e 04EB4403 		add	r3, r4, r4, lsl #1
 1843 0052 DA00     		lsls	r2, r3, #3
 1844              	.LVL167:
 228:Middlewares/Third_Party/LwIP/src/core/ipv4/etharp.c ****       }
 1845              		.loc 1 228 44 view .LVU526
 1846 0054 0B4B     		ldr	r3, .L145
 1847 0056 1344     		add	r3, r3, r2
 228:Middlewares/Third_Party/LwIP/src/core/ipv4/etharp.c ****       }
 1848              		.loc 1 228 9 view .LVU527
 1849 0058 191D     		adds	r1, r3, #4
 1850              	.LVL168:
 228:Middlewares/Third_Party/LwIP/src/core/ipv4/etharp.c ****       }
 1851              		.loc 1 228 9 view .LVU528
 1852 005a 9868     		ldr	r0, [r3, #8]
 1853 005c FFF7FEFF 		bl	etharp_request
 1854              	.LVL169:
 228:Middlewares/Third_Party/LwIP/src/core/ipv4/etharp.c ****       }
 1855              		.loc 1 228 9 view .LVU529
 1856 0060 D6E7     		b	.L134
 1857              	.LVL170:
 1858              	.L143:
 221:Middlewares/Third_Party/LwIP/src/core/ipv4/etharp.c ****       } else if (arp_table[i].state == ETHARP_STATE_STABLE_REREQUESTING_2) {
 1859              		.loc 1 221 9 is_stmt 1 view .LVU530
 221:Middlewares/Third_Party/LwIP/src/core/ipv4/etharp.c ****       } else if (arp_table[i].state == ETHARP_STATE_STABLE_REREQUESTING_2) {
 1860              		.loc 1 221 28 is_stmt 0 view .LVU531
 1861 0062 04EB4403 		add	r3, r4, r4, lsl #1
 1862 0066 DA00     		lsls	r2, r3, #3
 1863              	.LVL171:
 221:Middlewares/Third_Party/LwIP/src/core/ipv4/etharp.c ****       } else if (arp_table[i].state == ETHARP_STATE_STABLE_REREQUESTING_2) {
 1864              		.loc 1 221 28 view .LVU532
 1865 0068 064B     		ldr	r3, .L145
 1866 006a 1344     		add	r3, r3, r2
 1867 006c 0422     		movs	r2, #4
 1868 006e 1A75     		strb	r2, [r3, #20]
 1869              	.LVL172:
 221:Middlewares/Third_Party/LwIP/src/core/ipv4/etharp.c ****       } else if (arp_table[i].state == ETHARP_STATE_STABLE_REREQUESTING_2) {
 1870              		.loc 1 221 28 view .LVU533
 1871 0070 CEE7     		b	.L134
 1872              	.LVL173:
 1873              	.L144:
 225:Middlewares/Third_Party/LwIP/src/core/ipv4/etharp.c ****       } else if (arp_table[i].state == ETHARP_STATE_PENDING) {
 1874              		.loc 1 225 9 is_stmt 1 view .LVU534
ARM GAS  /tmp/ccbstRKj.s 			page 61


 225:Middlewares/Third_Party/LwIP/src/core/ipv4/etharp.c ****       } else if (arp_table[i].state == ETHARP_STATE_PENDING) {
 1875              		.loc 1 225 28 is_stmt 0 view .LVU535
 1876 0072 04EB4403 		add	r3, r4, r4, lsl #1
 1877 0076 DA00     		lsls	r2, r3, #3
 1878              	.LVL174:
 225:Middlewares/Third_Party/LwIP/src/core/ipv4/etharp.c ****       } else if (arp_table[i].state == ETHARP_STATE_PENDING) {
 1879              		.loc 1 225 28 view .LVU536
 1880 0078 024B     		ldr	r3, .L145
 1881 007a 1344     		add	r3, r3, r2
 1882 007c 0222     		movs	r2, #2
 1883 007e 1A75     		strb	r2, [r3, #20]
 1884              	.LVL175:
 225:Middlewares/Third_Party/LwIP/src/core/ipv4/etharp.c ****       } else if (arp_table[i].state == ETHARP_STATE_PENDING) {
 1885              		.loc 1 225 28 view .LVU537
 1886 0080 C6E7     		b	.L134
 1887              	.L141:
 225:Middlewares/Third_Party/LwIP/src/core/ipv4/etharp.c ****       } else if (arp_table[i].state == ETHARP_STATE_PENDING) {
 1888              		.loc 1 225 28 view .LVU538
 1889              	.LBE8:
 232:Middlewares/Third_Party/LwIP/src/core/ipv4/etharp.c **** 
 1890              		.loc 1 232 1 view .LVU539
 1891 0082 10BD     		pop	{r4, pc}
 1892              	.LVL176:
 1893              	.L146:
 232:Middlewares/Third_Party/LwIP/src/core/ipv4/etharp.c **** 
 1894              		.loc 1 232 1 view .LVU540
 1895              		.align	2
 1896              	.L145:
 1897 0084 00000000 		.word	.LANCHOR0
 1898              		.cfi_endproc
 1899              	.LFE161:
 1901              		.section	.rodata.etharp_output_to_arp_index.str1.4,"aMS",%progbits,1
 1902              		.align	2
 1903              	.LC14:
 1904 0000 6172705F 		.ascii	"arp_table[arp_idx].state >= ETHARP_STATE_STABLE\000"
 1904      7461626C 
 1904      655B6172 
 1904      705F6964 
 1904      785D2E73 
 1905              		.section	.text.etharp_output_to_arp_index,"ax",%progbits
 1906              		.align	1
 1907              		.syntax unified
 1908              		.thumb
 1909              		.thumb_func
 1910              		.fpu fpv4-sp-d16
 1912              	etharp_output_to_arp_index:
 1913              	.LVL177:
 1914              	.LFB168:
 749:Middlewares/Third_Party/LwIP/src/core/ipv4/etharp.c ****   LWIP_ASSERT("arp_table[arp_idx].state >= ETHARP_STATE_STABLE",
 1915              		.loc 1 749 1 is_stmt 1 view -0
 1916              		.cfi_startproc
 1917              		@ args = 0, pretend = 0, frame = 0
 1918              		@ frame_needed = 0, uses_anonymous_args = 0
 749:Middlewares/Third_Party/LwIP/src/core/ipv4/etharp.c ****   LWIP_ASSERT("arp_table[arp_idx].state >= ETHARP_STATE_STABLE",
 1919              		.loc 1 749 1 is_stmt 0 view .LVU542
 1920 0000 70B5     		push	{r4, r5, r6, lr}
 1921              	.LCFI25:
ARM GAS  /tmp/ccbstRKj.s 			page 62


 1922              		.cfi_def_cfa_offset 16
 1923              		.cfi_offset 4, -16
 1924              		.cfi_offset 5, -12
 1925              		.cfi_offset 6, -8
 1926              		.cfi_offset 14, -4
 1927 0002 82B0     		sub	sp, sp, #8
 1928              	.LCFI26:
 1929              		.cfi_def_cfa_offset 24
 1930 0004 0546     		mov	r5, r0
 1931 0006 0E46     		mov	r6, r1
 1932 0008 1446     		mov	r4, r2
 750:Middlewares/Third_Party/LwIP/src/core/ipv4/etharp.c ****               arp_table[arp_idx].state >= ETHARP_STATE_STABLE);
 1933              		.loc 1 750 3 is_stmt 1 view .LVU543
 750:Middlewares/Third_Party/LwIP/src/core/ipv4/etharp.c ****               arp_table[arp_idx].state >= ETHARP_STATE_STABLE);
 1934              		.loc 1 750 3 view .LVU544
 1935 000a 02EB4202 		add	r2, r2, r2, lsl #1
 1936              	.LVL178:
 750:Middlewares/Third_Party/LwIP/src/core/ipv4/etharp.c ****               arp_table[arp_idx].state >= ETHARP_STATE_STABLE);
 1937              		.loc 1 750 3 is_stmt 0 view .LVU545
 1938 000e 2F4B     		ldr	r3, .L155
 1939 0010 03EBC203 		add	r3, r3, r2, lsl #3
 1940 0014 1B7D     		ldrb	r3, [r3, #20]	@ zero_extendqisi2
 1941 0016 012B     		cmp	r3, #1
 1942 0018 19D9     		bls	.L152
 1943              	.LVL179:
 1944              	.L148:
 750:Middlewares/Third_Party/LwIP/src/core/ipv4/etharp.c ****               arp_table[arp_idx].state >= ETHARP_STATE_STABLE);
 1945              		.loc 1 750 3 is_stmt 1 discriminator 3 view .LVU546
 750:Middlewares/Third_Party/LwIP/src/core/ipv4/etharp.c ****               arp_table[arp_idx].state >= ETHARP_STATE_STABLE);
 1946              		.loc 1 750 3 discriminator 3 view .LVU547
 755:Middlewares/Third_Party/LwIP/src/core/ipv4/etharp.c ****     if (arp_table[arp_idx].ctime >= ARP_AGE_REREQUEST_USED_BROADCAST) {
 1947              		.loc 1 755 3 discriminator 3 view .LVU548
 755:Middlewares/Third_Party/LwIP/src/core/ipv4/etharp.c ****     if (arp_table[arp_idx].ctime >= ARP_AGE_REREQUEST_USED_BROADCAST) {
 1948              		.loc 1 755 25 is_stmt 0 discriminator 3 view .LVU549
 1949 001a 04EB4403 		add	r3, r4, r4, lsl #1
 1950 001e 2B4A     		ldr	r2, .L155
 1951 0020 02EBC303 		add	r3, r2, r3, lsl #3
 1952 0024 1B7D     		ldrb	r3, [r3, #20]	@ zero_extendqisi2
 755:Middlewares/Third_Party/LwIP/src/core/ipv4/etharp.c ****     if (arp_table[arp_idx].ctime >= ARP_AGE_REREQUEST_USED_BROADCAST) {
 1953              		.loc 1 755 6 discriminator 3 view .LVU550
 1954 0026 022B     		cmp	r3, #2
 1955 0028 19D0     		beq	.L153
 1956              	.L149:
 769:Middlewares/Third_Party/LwIP/src/core/ipv4/etharp.c **** }
 1957              		.loc 1 769 3 is_stmt 1 view .LVU551
 769:Middlewares/Third_Party/LwIP/src/core/ipv4/etharp.c **** }
 1958              		.loc 1 769 72 is_stmt 0 view .LVU552
 1959 002a 04EB4403 		add	r3, r4, r4, lsl #1
 1960 002e DB00     		lsls	r3, r3, #3
 1961 0030 0833     		adds	r3, r3, #8
 1962 0032 264C     		ldr	r4, .L155
 1963 0034 2344     		add	r3, r3, r4
 769:Middlewares/Third_Party/LwIP/src/core/ipv4/etharp.c **** }
 1964              		.loc 1 769 10 view .LVU553
 1965 0036 4FF40062 		mov	r2, #2048
 1966 003a 0092     		str	r2, [sp]
 1967 003c 0433     		adds	r3, r3, #4
ARM GAS  /tmp/ccbstRKj.s 			page 63


 1968 003e 05F12A02 		add	r2, r5, #42
 1969 0042 3146     		mov	r1, r6
 1970 0044 2846     		mov	r0, r5
 1971 0046 FFF7FEFF 		bl	ethernet_output
 1972              	.LVL180:
 770:Middlewares/Third_Party/LwIP/src/core/ipv4/etharp.c **** 
 1973              		.loc 1 770 1 view .LVU554
 1974 004a 02B0     		add	sp, sp, #8
 1975              	.LCFI27:
 1976              		.cfi_remember_state
 1977              		.cfi_def_cfa_offset 16
 1978              		@ sp needed
 1979 004c 70BD     		pop	{r4, r5, r6, pc}
 1980              	.LVL181:
 1981              	.L152:
 1982              	.LCFI28:
 1983              		.cfi_restore_state
 750:Middlewares/Third_Party/LwIP/src/core/ipv4/etharp.c ****               arp_table[arp_idx].state >= ETHARP_STATE_STABLE);
 1984              		.loc 1 750 3 is_stmt 1 discriminator 1 view .LVU555
 750:Middlewares/Third_Party/LwIP/src/core/ipv4/etharp.c ****               arp_table[arp_idx].state >= ETHARP_STATE_STABLE);
 1985              		.loc 1 750 3 discriminator 1 view .LVU556
 1986 004e 204B     		ldr	r3, .L155+4
 1987 0050 40F2EE22 		movw	r2, #750
 1988 0054 1F49     		ldr	r1, .L155+8
 1989              	.LVL182:
 750:Middlewares/Third_Party/LwIP/src/core/ipv4/etharp.c ****               arp_table[arp_idx].state >= ETHARP_STATE_STABLE);
 1990              		.loc 1 750 3 is_stmt 0 discriminator 1 view .LVU557
 1991 0056 2048     		ldr	r0, .L155+12
 1992              	.LVL183:
 750:Middlewares/Third_Party/LwIP/src/core/ipv4/etharp.c ****               arp_table[arp_idx].state >= ETHARP_STATE_STABLE);
 1993              		.loc 1 750 3 discriminator 1 view .LVU558
 1994 0058 FFF7FEFF 		bl	printf
 1995              	.LVL184:
 1996 005c DDE7     		b	.L148
 1997              	.L153:
 756:Middlewares/Third_Party/LwIP/src/core/ipv4/etharp.c ****       /* issue a standard request using broadcast */
 1998              		.loc 1 756 5 is_stmt 1 view .LVU559
 756:Middlewares/Third_Party/LwIP/src/core/ipv4/etharp.c ****       /* issue a standard request using broadcast */
 1999              		.loc 1 756 27 is_stmt 0 view .LVU560
 2000 005e 04EB4403 		add	r3, r4, r4, lsl #1
 2001 0062 02EBC303 		add	r3, r2, r3, lsl #3
 2002 0066 5B8A     		ldrh	r3, [r3, #18]
 756:Middlewares/Third_Party/LwIP/src/core/ipv4/etharp.c ****       /* issue a standard request using broadcast */
 2003              		.loc 1 756 8 view .LVU561
 2004 0068 B3F58E7F 		cmp	r3, #284
 2005 006c 1BD8     		bhi	.L154
 761:Middlewares/Third_Party/LwIP/src/core/ipv4/etharp.c ****       /* issue a unicast request (for 15 seconds) to prevent unnecessary broadcast */
 2006              		.loc 1 761 12 is_stmt 1 view .LVU562
 761:Middlewares/Third_Party/LwIP/src/core/ipv4/etharp.c ****       /* issue a unicast request (for 15 seconds) to prevent unnecessary broadcast */
 2007              		.loc 1 761 15 is_stmt 0 view .LVU563
 2008 006e B3F5877F 		cmp	r3, #270
 2009 0072 DAD3     		bcc	.L149
 763:Middlewares/Third_Party/LwIP/src/core/ipv4/etharp.c ****         arp_table[arp_idx].state = ETHARP_STATE_STABLE_REREQUESTING_1;
 2010              		.loc 1 763 7 is_stmt 1 view .LVU564
 763:Middlewares/Third_Party/LwIP/src/core/ipv4/etharp.c ****         arp_table[arp_idx].state = ETHARP_STATE_STABLE_REREQUESTING_1;
 2011              		.loc 1 763 37 is_stmt 0 view .LVU565
 2012 0074 154B     		ldr	r3, .L155
ARM GAS  /tmp/ccbstRKj.s 			page 64


 2013 0076 04EB4401 		add	r1, r4, r4, lsl #1
 2014 007a 03EBC101 		add	r1, r3, r1, lsl #3
 763:Middlewares/Third_Party/LwIP/src/core/ipv4/etharp.c ****         arp_table[arp_idx].state = ETHARP_STATE_STABLE_REREQUESTING_1;
 2015              		.loc 1 763 65 view .LVU566
 2016 007e 04EB4402 		add	r2, r4, r4, lsl #1
 2017 0082 D200     		lsls	r2, r2, #3
 2018 0084 0832     		adds	r2, r2, #8
 2019 0086 1A44     		add	r2, r2, r3
 763:Middlewares/Third_Party/LwIP/src/core/ipv4/etharp.c ****         arp_table[arp_idx].state = ETHARP_STATE_STABLE_REREQUESTING_1;
 2020              		.loc 1 763 11 view .LVU567
 2021 0088 0432     		adds	r2, r2, #4
 2022 008a 0431     		adds	r1, r1, #4
 2023 008c 2846     		mov	r0, r5
 2024 008e FFF7FEFF 		bl	etharp_request_dst
 2025              	.LVL185:
 763:Middlewares/Third_Party/LwIP/src/core/ipv4/etharp.c ****         arp_table[arp_idx].state = ETHARP_STATE_STABLE_REREQUESTING_1;
 2026              		.loc 1 763 10 view .LVU568
 2027 0092 0028     		cmp	r0, #0
 2028 0094 C9D1     		bne	.L149
 764:Middlewares/Third_Party/LwIP/src/core/ipv4/etharp.c ****       }
 2029              		.loc 1 764 9 is_stmt 1 view .LVU569
 764:Middlewares/Third_Party/LwIP/src/core/ipv4/etharp.c ****       }
 2030              		.loc 1 764 34 is_stmt 0 view .LVU570
 2031 0096 04EB4403 		add	r3, r4, r4, lsl #1
 2032 009a 0C4A     		ldr	r2, .L155
 2033 009c 02EBC303 		add	r3, r2, r3, lsl #3
 2034 00a0 0322     		movs	r2, #3
 2035 00a2 1A75     		strb	r2, [r3, #20]
 2036 00a4 C1E7     		b	.L149
 2037              	.L154:
 758:Middlewares/Third_Party/LwIP/src/core/ipv4/etharp.c ****         arp_table[arp_idx].state = ETHARP_STATE_STABLE_REREQUESTING_1;
 2038              		.loc 1 758 7 is_stmt 1 view .LVU571
 758:Middlewares/Third_Party/LwIP/src/core/ipv4/etharp.c ****         arp_table[arp_idx].state = ETHARP_STATE_STABLE_REREQUESTING_1;
 2039              		.loc 1 758 33 is_stmt 0 view .LVU572
 2040 00a6 04EB4401 		add	r1, r4, r4, lsl #1
 2041 00aa 02EBC101 		add	r1, r2, r1, lsl #3
 758:Middlewares/Third_Party/LwIP/src/core/ipv4/etharp.c ****         arp_table[arp_idx].state = ETHARP_STATE_STABLE_REREQUESTING_1;
 2042              		.loc 1 758 11 view .LVU573
 2043 00ae 0431     		adds	r1, r1, #4
 2044 00b0 2846     		mov	r0, r5
 2045 00b2 FFF7FEFF 		bl	etharp_request
 2046              	.LVL186:
 758:Middlewares/Third_Party/LwIP/src/core/ipv4/etharp.c ****         arp_table[arp_idx].state = ETHARP_STATE_STABLE_REREQUESTING_1;
 2047              		.loc 1 758 10 view .LVU574
 2048 00b6 0028     		cmp	r0, #0
 2049 00b8 B7D1     		bne	.L149
 759:Middlewares/Third_Party/LwIP/src/core/ipv4/etharp.c ****       }
 2050              		.loc 1 759 9 is_stmt 1 view .LVU575
 759:Middlewares/Third_Party/LwIP/src/core/ipv4/etharp.c ****       }
 2051              		.loc 1 759 34 is_stmt 0 view .LVU576
 2052 00ba 04EB4403 		add	r3, r4, r4, lsl #1
 2053 00be 034A     		ldr	r2, .L155
 2054 00c0 02EBC303 		add	r3, r2, r3, lsl #3
 2055 00c4 0322     		movs	r2, #3
 2056 00c6 1A75     		strb	r2, [r3, #20]
 2057 00c8 AFE7     		b	.L149
 2058              	.L156:
ARM GAS  /tmp/ccbstRKj.s 			page 65


 2059 00ca 00BF     		.align	2
 2060              	.L155:
 2061 00cc 00000000 		.word	.LANCHOR0
 2062 00d0 00000000 		.word	.LC0
 2063 00d4 00000000 		.word	.LC14
 2064 00d8 40000000 		.word	.LC2
 2065              		.cfi_endproc
 2066              	.LFE168:
 2068              		.section	.rodata.etharp_query.str1.4,"aMS",%progbits,1
 2069              		.align	2
 2070              	.LC15:
 2071 0000 74797065 		.ascii	"type overflow\000"
 2071      206F7665 
 2071      72666C6F 
 2071      7700
 2072 000e 0000     		.align	2
 2073              	.LC16:
 2074 0010 6172705F 		.ascii	"arp_table[i].state == PENDING or STABLE\000"
 2074      7461626C 
 2074      655B695D 
 2074      2E737461 
 2074      7465203D 
 2075              		.align	2
 2076              	.LC17:
 2077 0038 6E6F2070 		.ascii	"no packet queues allowed!\000"
 2077      61636B65 
 2077      74207175 
 2077      65756573 
 2077      20616C6C 
 2078              		.section	.text.etharp_query,"ax",%progbits
 2079              		.align	1
 2080              		.global	etharp_query
 2081              		.syntax unified
 2082              		.thumb
 2083              		.thumb_func
 2084              		.fpu fpv4-sp-d16
 2086              	etharp_query:
 2087              	.LVL187:
 2088              	.LFB170:
 934:Middlewares/Third_Party/LwIP/src/core/ipv4/etharp.c ****   struct eth_addr *srcaddr = (struct eth_addr *)netif->hwaddr;
 2089              		.loc 1 934 1 is_stmt 1 view -0
 2090              		.cfi_startproc
 2091              		@ args = 0, pretend = 0, frame = 0
 2092              		@ frame_needed = 0, uses_anonymous_args = 0
 934:Middlewares/Third_Party/LwIP/src/core/ipv4/etharp.c ****   struct eth_addr *srcaddr = (struct eth_addr *)netif->hwaddr;
 2093              		.loc 1 934 1 is_stmt 0 view .LVU578
 2094 0000 2DE9F043 		push	{r4, r5, r6, r7, r8, r9, lr}
 2095              	.LCFI29:
 2096              		.cfi_def_cfa_offset 28
 2097              		.cfi_offset 4, -28
 2098              		.cfi_offset 5, -24
 2099              		.cfi_offset 6, -20
 2100              		.cfi_offset 7, -16
 2101              		.cfi_offset 8, -12
 2102              		.cfi_offset 9, -8
 2103              		.cfi_offset 14, -4
 2104 0004 83B0     		sub	sp, sp, #12
ARM GAS  /tmp/ccbstRKj.s 			page 66


 2105              	.LCFI30:
 2106              		.cfi_def_cfa_offset 40
 2107 0006 0746     		mov	r7, r0
 2108 0008 0E46     		mov	r6, r1
 2109 000a 9046     		mov	r8, r2
 935:Middlewares/Third_Party/LwIP/src/core/ipv4/etharp.c ****   err_t result = ERR_MEM;
 2110              		.loc 1 935 3 is_stmt 1 view .LVU579
 935:Middlewares/Third_Party/LwIP/src/core/ipv4/etharp.c ****   err_t result = ERR_MEM;
 2111              		.loc 1 935 20 is_stmt 0 view .LVU580
 2112 000c 00F12A09 		add	r9, r0, #42
 2113              	.LVL188:
 936:Middlewares/Third_Party/LwIP/src/core/ipv4/etharp.c ****   int is_new_entry = 0;
 2114              		.loc 1 936 3 is_stmt 1 view .LVU581
 937:Middlewares/Third_Party/LwIP/src/core/ipv4/etharp.c ****   s16_t i_err;
 2115              		.loc 1 937 3 view .LVU582
 938:Middlewares/Third_Party/LwIP/src/core/ipv4/etharp.c ****   netif_addr_idx_t i;
 2116              		.loc 1 938 3 view .LVU583
 939:Middlewares/Third_Party/LwIP/src/core/ipv4/etharp.c **** 
 2117              		.loc 1 939 3 view .LVU584
 942:Middlewares/Third_Party/LwIP/src/core/ipv4/etharp.c ****       ip4_addr_ismulticast(ipaddr) ||
 2118              		.loc 1 942 3 view .LVU585
 942:Middlewares/Third_Party/LwIP/src/core/ipv4/etharp.c ****       ip4_addr_ismulticast(ipaddr) ||
 2119              		.loc 1 942 7 is_stmt 0 view .LVU586
 2120 0010 0146     		mov	r1, r0
 2121              	.LVL189:
 942:Middlewares/Third_Party/LwIP/src/core/ipv4/etharp.c ****       ip4_addr_ismulticast(ipaddr) ||
 2122              		.loc 1 942 7 view .LVU587
 2123 0012 3068     		ldr	r0, [r6]
 2124              	.LVL190:
 942:Middlewares/Third_Party/LwIP/src/core/ipv4/etharp.c ****       ip4_addr_ismulticast(ipaddr) ||
 2125              		.loc 1 942 7 view .LVU588
 2126 0014 FFF7FEFF 		bl	ip4_addr_isbroadcast_u32
 2127              	.LVL191:
 942:Middlewares/Third_Party/LwIP/src/core/ipv4/etharp.c ****       ip4_addr_ismulticast(ipaddr) ||
 2128              		.loc 1 942 6 view .LVU589
 2129 0018 0028     		cmp	r0, #0
 2130 001a 40F0DB80 		bne	.L178
 943:Middlewares/Third_Party/LwIP/src/core/ipv4/etharp.c ****       ip4_addr_isany(ipaddr)) {
 2131              		.loc 1 943 7 discriminator 1 view .LVU590
 2132 001e 3368     		ldr	r3, [r6]
 2133 0020 03F0F002 		and	r2, r3, #240
 942:Middlewares/Third_Party/LwIP/src/core/ipv4/etharp.c ****       ip4_addr_ismulticast(ipaddr) ||
 2134              		.loc 1 942 43 discriminator 1 view .LVU591
 2135 0024 E02A     		cmp	r2, #224
 2136 0026 00F0D880 		beq	.L179
 943:Middlewares/Third_Party/LwIP/src/core/ipv4/etharp.c ****       ip4_addr_isany(ipaddr)) {
 2137              		.loc 1 943 36 view .LVU592
 2138 002a 002E     		cmp	r6, #0
 2139 002c 00F0D880 		beq	.L180
 944:Middlewares/Third_Party/LwIP/src/core/ipv4/etharp.c ****     LWIP_DEBUGF(ETHARP_DEBUG | LWIP_DBG_TRACE, ("etharp_query: will not add non-unicast IP address 
 2140              		.loc 1 944 7 view .LVU593
 2141 0030 002B     		cmp	r3, #0
 2142 0032 00F0D880 		beq	.L181
 950:Middlewares/Third_Party/LwIP/src/core/ipv4/etharp.c **** 
 2143              		.loc 1 950 3 is_stmt 1 view .LVU594
 950:Middlewares/Third_Party/LwIP/src/core/ipv4/etharp.c **** 
 2144              		.loc 1 950 11 is_stmt 0 view .LVU595
ARM GAS  /tmp/ccbstRKj.s 			page 67


 2145 0036 3A46     		mov	r2, r7
 2146 0038 0121     		movs	r1, #1
 2147 003a 3046     		mov	r0, r6
 2148 003c FFF7FEFF 		bl	etharp_find_entry
 2149              	.LVL192:
 953:Middlewares/Third_Party/LwIP/src/core/ipv4/etharp.c ****     LWIP_DEBUGF(ETHARP_DEBUG | LWIP_DBG_TRACE, ("etharp_query: could not create ARP entry\n"));
 2150              		.loc 1 953 3 is_stmt 1 view .LVU596
 953:Middlewares/Third_Party/LwIP/src/core/ipv4/etharp.c ****     LWIP_DEBUGF(ETHARP_DEBUG | LWIP_DBG_TRACE, ("etharp_query: could not create ARP entry\n"));
 2151              		.loc 1 953 6 is_stmt 0 view .LVU597
 2152 0040 051E     		subs	r5, r0, #0
 2153 0042 12DB     		blt	.L190
 961:Middlewares/Third_Party/LwIP/src/core/ipv4/etharp.c ****   i = (netif_addr_idx_t)i_err;
 2154              		.loc 1 961 3 is_stmt 1 view .LVU598
 961:Middlewares/Third_Party/LwIP/src/core/ipv4/etharp.c ****   i = (netif_addr_idx_t)i_err;
 2155              		.loc 1 961 3 view .LVU599
 2156 0044 ABB2     		uxth	r3, r5
 2157 0046 7E2B     		cmp	r3, #126
 2158 0048 11D8     		bhi	.L191
 2159              	.LVL193:
 2160              	.L160:
 961:Middlewares/Third_Party/LwIP/src/core/ipv4/etharp.c ****   i = (netif_addr_idx_t)i_err;
 2161              		.loc 1 961 3 discriminator 3 view .LVU600
 961:Middlewares/Third_Party/LwIP/src/core/ipv4/etharp.c ****   i = (netif_addr_idx_t)i_err;
 2162              		.loc 1 961 3 discriminator 3 view .LVU601
 962:Middlewares/Third_Party/LwIP/src/core/ipv4/etharp.c **** 
 2163              		.loc 1 962 3 discriminator 3 view .LVU602
 962:Middlewares/Third_Party/LwIP/src/core/ipv4/etharp.c **** 
 2164              		.loc 1 962 5 is_stmt 0 discriminator 3 view .LVU603
 2165 004a EDB2     		uxtb	r5, r5
 2166              	.LVL194:
 965:Middlewares/Third_Party/LwIP/src/core/ipv4/etharp.c ****     is_new_entry = 1;
 2167              		.loc 1 965 3 is_stmt 1 discriminator 3 view .LVU604
 965:Middlewares/Third_Party/LwIP/src/core/ipv4/etharp.c ****     is_new_entry = 1;
 2168              		.loc 1 965 19 is_stmt 0 discriminator 3 view .LVU605
 2169 004c 05EB4502 		add	r2, r5, r5, lsl #1
 2170 0050 684B     		ldr	r3, .L198
 2171 0052 03EBC203 		add	r3, r3, r2, lsl #3
 2172 0056 1B7D     		ldrb	r3, [r3, #20]	@ zero_extendqisi2
 965:Middlewares/Third_Party/LwIP/src/core/ipv4/etharp.c ****     is_new_entry = 1;
 2173              		.loc 1 965 6 discriminator 3 view .LVU606
 2174 0058 8BB9     		cbnz	r3, .L182
 966:Middlewares/Third_Party/LwIP/src/core/ipv4/etharp.c ****     arp_table[i].state = ETHARP_STATE_PENDING;
 2175              		.loc 1 966 5 is_stmt 1 view .LVU607
 2176              	.LVL195:
 967:Middlewares/Third_Party/LwIP/src/core/ipv4/etharp.c ****     /* record network interface for re-sending arp request in etharp_tmr */
 2177              		.loc 1 967 5 view .LVU608
 967:Middlewares/Third_Party/LwIP/src/core/ipv4/etharp.c ****     /* record network interface for re-sending arp request in etharp_tmr */
 2178              		.loc 1 967 24 is_stmt 0 view .LVU609
 2179 005a 1346     		mov	r3, r2
 2180 005c 654A     		ldr	r2, .L198
 2181 005e 02EBC303 		add	r3, r2, r3, lsl #3
 2182 0062 0124     		movs	r4, #1
 2183 0064 1C75     		strb	r4, [r3, #20]
 969:Middlewares/Third_Party/LwIP/src/core/ipv4/etharp.c ****   }
 2184              		.loc 1 969 5 is_stmt 1 view .LVU610
 969:Middlewares/Third_Party/LwIP/src/core/ipv4/etharp.c ****   }
 2185              		.loc 1 969 24 is_stmt 0 view .LVU611
ARM GAS  /tmp/ccbstRKj.s 			page 68


 2186 0066 9F60     		str	r7, [r3, #8]
 2187 0068 0AE0     		b	.L161
 2188              	.LVL196:
 2189              	.L190:
 954:Middlewares/Third_Party/LwIP/src/core/ipv4/etharp.c ****     if (q) {
 2190              		.loc 1 954 5 is_stmt 1 discriminator 4 view .LVU612
 954:Middlewares/Third_Party/LwIP/src/core/ipv4/etharp.c ****     if (q) {
 2191              		.loc 1 954 5 discriminator 4 view .LVU613
 954:Middlewares/Third_Party/LwIP/src/core/ipv4/etharp.c ****     if (q) {
 2192              		.loc 1 954 5 discriminator 4 view .LVU614
 955:Middlewares/Third_Party/LwIP/src/core/ipv4/etharp.c ****       LWIP_DEBUGF(ETHARP_DEBUG | LWIP_DBG_TRACE, ("etharp_query: packet dropped\n"));
 2193              		.loc 1 955 5 discriminator 4 view .LVU615
 956:Middlewares/Third_Party/LwIP/src/core/ipv4/etharp.c ****       ETHARP_STATS_INC(etharp.memerr);
 2194              		.loc 1 956 7 discriminator 4 view .LVU616
 957:Middlewares/Third_Party/LwIP/src/core/ipv4/etharp.c ****     }
 2195              		.loc 1 957 38 discriminator 4 view .LVU617
 959:Middlewares/Third_Party/LwIP/src/core/ipv4/etharp.c ****   }
 2196              		.loc 1 959 5 discriminator 4 view .LVU618
 959:Middlewares/Third_Party/LwIP/src/core/ipv4/etharp.c ****   }
 2197              		.loc 1 959 12 is_stmt 0 discriminator 4 view .LVU619
 2198 006a 6CB2     		sxtb	r4, r5
 2199 006c 4EE0     		b	.L158
 2200              	.L191:
 961:Middlewares/Third_Party/LwIP/src/core/ipv4/etharp.c ****   i = (netif_addr_idx_t)i_err;
 2201              		.loc 1 961 3 is_stmt 1 discriminator 1 view .LVU620
 961:Middlewares/Third_Party/LwIP/src/core/ipv4/etharp.c ****   i = (netif_addr_idx_t)i_err;
 2202              		.loc 1 961 3 discriminator 1 view .LVU621
 2203 006e 624B     		ldr	r3, .L198+4
 2204 0070 40F2C132 		movw	r2, #961
 2205 0074 6149     		ldr	r1, .L198+8
 2206 0076 6248     		ldr	r0, .L198+12
 2207              	.LVL197:
 961:Middlewares/Third_Party/LwIP/src/core/ipv4/etharp.c ****   i = (netif_addr_idx_t)i_err;
 2208              		.loc 1 961 3 is_stmt 0 discriminator 1 view .LVU622
 2209 0078 FFF7FEFF 		bl	printf
 2210              	.LVL198:
 2211 007c E5E7     		b	.L160
 2212              	.LVL199:
 2213              	.L182:
 937:Middlewares/Third_Party/LwIP/src/core/ipv4/etharp.c ****   s16_t i_err;
 2214              		.loc 1 937 7 view .LVU623
 2215 007e 0024     		movs	r4, #0
 2216              	.LVL200:
 2217              	.L161:
 973:Middlewares/Third_Party/LwIP/src/core/ipv4/etharp.c ****               ((arp_table[i].state == ETHARP_STATE_PENDING) ||
 2218              		.loc 1 973 3 is_stmt 1 view .LVU624
 973:Middlewares/Third_Party/LwIP/src/core/ipv4/etharp.c ****               ((arp_table[i].state == ETHARP_STATE_PENDING) ||
 2219              		.loc 1 973 3 view .LVU625
 2220 0080 05EB4503 		add	r3, r5, r5, lsl #1
 2221 0084 5B4A     		ldr	r2, .L198
 2222 0086 02EBC303 		add	r3, r2, r3, lsl #3
 2223 008a 1B7D     		ldrb	r3, [r3, #20]	@ zero_extendqisi2
 2224 008c A3B1     		cbz	r3, .L192
 2225              	.L162:
 973:Middlewares/Third_Party/LwIP/src/core/ipv4/etharp.c ****               ((arp_table[i].state == ETHARP_STATE_PENDING) ||
 2226              		.loc 1 973 3 discriminator 3 view .LVU626
 973:Middlewares/Third_Party/LwIP/src/core/ipv4/etharp.c ****               ((arp_table[i].state == ETHARP_STATE_PENDING) ||
ARM GAS  /tmp/ccbstRKj.s 			page 69


 2227              		.loc 1 973 3 discriminator 3 view .LVU627
 978:Middlewares/Third_Party/LwIP/src/core/ipv4/etharp.c ****     /* try to resolve it; send out ARP request */
 2228              		.loc 1 978 3 discriminator 3 view .LVU628
 978:Middlewares/Third_Party/LwIP/src/core/ipv4/etharp.c ****     /* try to resolve it; send out ARP request */
 2229              		.loc 1 978 6 is_stmt 0 discriminator 3 view .LVU629
 2230 008e DCB9     		cbnz	r4, .L163
 978:Middlewares/Third_Party/LwIP/src/core/ipv4/etharp.c ****     /* try to resolve it; send out ARP request */
 2231              		.loc 1 978 20 discriminator 1 view .LVU630
 2232 0090 B8F1000F 		cmp	r8, #0
 2233 0094 18D0     		beq	.L163
 936:Middlewares/Third_Party/LwIP/src/core/ipv4/etharp.c ****   int is_new_entry = 0;
 2234              		.loc 1 936 9 view .LVU631
 2235 0096 4FF0FF34 		mov	r4, #-1
 2236              	.LVL201:
 2237              	.L164:
 993:Middlewares/Third_Party/LwIP/src/core/ipv4/etharp.c ****   /* stable entry? */
 2238              		.loc 1 993 3 is_stmt 1 view .LVU632
 993:Middlewares/Third_Party/LwIP/src/core/ipv4/etharp.c ****   /* stable entry? */
 2239              		.loc 1 993 3 view .LVU633
 2240 009a B8F1000F 		cmp	r8, #0
 2241 009e 1CD0     		beq	.L193
 2242              	.L165:
 993:Middlewares/Third_Party/LwIP/src/core/ipv4/etharp.c ****   /* stable entry? */
 2243              		.loc 1 993 3 discriminator 3 view .LVU634
 993:Middlewares/Third_Party/LwIP/src/core/ipv4/etharp.c ****   /* stable entry? */
 2244              		.loc 1 993 3 discriminator 3 view .LVU635
 995:Middlewares/Third_Party/LwIP/src/core/ipv4/etharp.c ****     /* we have a valid IP->Ethernet address mapping */
 2245              		.loc 1 995 3 discriminator 3 view .LVU636
 995:Middlewares/Third_Party/LwIP/src/core/ipv4/etharp.c ****     /* we have a valid IP->Ethernet address mapping */
 2246              		.loc 1 995 19 is_stmt 0 discriminator 3 view .LVU637
 2247 00a0 05EB4503 		add	r3, r5, r5, lsl #1
 2248 00a4 534A     		ldr	r2, .L198
 2249 00a6 02EBC303 		add	r3, r2, r3, lsl #3
 2250 00aa 1B7D     		ldrb	r3, [r3, #20]	@ zero_extendqisi2
 995:Middlewares/Third_Party/LwIP/src/core/ipv4/etharp.c ****     /* we have a valid IP->Ethernet address mapping */
 2251              		.loc 1 995 6 discriminator 3 view .LVU638
 2252 00ac 012B     		cmp	r3, #1
 2253 00ae 1CD8     		bhi	.L194
1001:Middlewares/Third_Party/LwIP/src/core/ipv4/etharp.c ****     /* entry is still pending, queue the given packet 'q' */
 2254              		.loc 1 1001 10 is_stmt 1 view .LVU639
1001:Middlewares/Third_Party/LwIP/src/core/ipv4/etharp.c ****     /* entry is still pending, queue the given packet 'q' */
 2255              		.loc 1 1001 13 is_stmt 0 view .LVU640
 2256 00b0 012B     		cmp	r3, #1
 2257 00b2 2BD1     		bne	.L158
 2258              	.LBB9:
1007:Middlewares/Third_Party/LwIP/src/core/ipv4/etharp.c ****     while (p) {
 2259              		.loc 1 1007 7 view .LVU641
 2260 00b4 4446     		mov	r4, r8
 2261              	.LVL202:
1007:Middlewares/Third_Party/LwIP/src/core/ipv4/etharp.c ****     while (p) {
 2262              		.loc 1 1007 7 view .LVU642
 2263 00b6 39E0     		b	.L167
 2264              	.LVL203:
 2265              	.L192:
1007:Middlewares/Third_Party/LwIP/src/core/ipv4/etharp.c ****     while (p) {
 2266              		.loc 1 1007 7 view .LVU643
 2267              	.LBE9:
ARM GAS  /tmp/ccbstRKj.s 			page 70


 973:Middlewares/Third_Party/LwIP/src/core/ipv4/etharp.c ****               ((arp_table[i].state == ETHARP_STATE_PENDING) ||
 2268              		.loc 1 973 3 is_stmt 1 discriminator 1 view .LVU644
 973:Middlewares/Third_Party/LwIP/src/core/ipv4/etharp.c ****               ((arp_table[i].state == ETHARP_STATE_PENDING) ||
 2269              		.loc 1 973 3 discriminator 1 view .LVU645
 2270 00b8 4F4B     		ldr	r3, .L198+4
 2271 00ba 40F2CD32 		movw	r2, #973
 2272 00be 5149     		ldr	r1, .L198+16
 2273 00c0 4F48     		ldr	r0, .L198+12
 2274 00c2 FFF7FEFF 		bl	printf
 2275              	.LVL204:
 2276 00c6 E2E7     		b	.L162
 2277              	.L163:
 980:Middlewares/Third_Party/LwIP/src/core/ipv4/etharp.c ****     if (result != ERR_OK) {
 2278              		.loc 1 980 5 view .LVU646
 980:Middlewares/Third_Party/LwIP/src/core/ipv4/etharp.c ****     if (result != ERR_OK) {
 2279              		.loc 1 980 14 is_stmt 0 view .LVU647
 2280 00c8 3146     		mov	r1, r6
 2281 00ca 3846     		mov	r0, r7
 2282 00cc FFF7FEFF 		bl	etharp_request
 2283              	.LVL205:
 2284 00d0 0446     		mov	r4, r0
 2285              	.LVL206:
 981:Middlewares/Third_Party/LwIP/src/core/ipv4/etharp.c ****       /* ARP request couldn't be sent */
 2286              		.loc 1 981 5 is_stmt 1 view .LVU648
 986:Middlewares/Third_Party/LwIP/src/core/ipv4/etharp.c ****     if (q == NULL) {
 2287              		.loc 1 986 5 view .LVU649
 987:Middlewares/Third_Party/LwIP/src/core/ipv4/etharp.c ****       return result;
 2288              		.loc 1 987 5 view .LVU650
 987:Middlewares/Third_Party/LwIP/src/core/ipv4/etharp.c ****       return result;
 2289              		.loc 1 987 8 is_stmt 0 view .LVU651
 2290 00d2 B8F1000F 		cmp	r8, #0
 2291 00d6 E0D1     		bne	.L164
 2292 00d8 18E0     		b	.L158
 2293              	.L193:
 993:Middlewares/Third_Party/LwIP/src/core/ipv4/etharp.c ****   /* stable entry? */
 2294              		.loc 1 993 3 is_stmt 1 discriminator 1 view .LVU652
 993:Middlewares/Third_Party/LwIP/src/core/ipv4/etharp.c ****   /* stable entry? */
 2295              		.loc 1 993 3 discriminator 1 view .LVU653
 2296 00da 474B     		ldr	r3, .L198+4
 2297 00dc 40F2E132 		movw	r2, #993
 2298 00e0 4949     		ldr	r1, .L198+20
 2299 00e2 4748     		ldr	r0, .L198+12
 2300 00e4 FFF7FEFF 		bl	printf
 2301              	.LVL207:
 2302 00e8 DAE7     		b	.L165
 2303              	.L194:
 997:Middlewares/Third_Party/LwIP/src/core/ipv4/etharp.c ****     /* send the packet */
 2304              		.loc 1 997 5 view .LVU654
 2305 00ea 484B     		ldr	r3, .L198+24
 2306 00ec 1D70     		strb	r5, [r3]
 999:Middlewares/Third_Party/LwIP/src/core/ipv4/etharp.c ****     /* pending entry? (either just created or already pending */
 2307              		.loc 1 999 5 view .LVU655
 999:Middlewares/Third_Party/LwIP/src/core/ipv4/etharp.c ****     /* pending entry? (either just created or already pending */
 2308              		.loc 1 999 49 is_stmt 0 view .LVU656
 2309 00ee 05EB4503 		add	r3, r5, r5, lsl #1
 2310 00f2 DB00     		lsls	r3, r3, #3
 2311 00f4 0833     		adds	r3, r3, #8
ARM GAS  /tmp/ccbstRKj.s 			page 71


 2312 00f6 1344     		add	r3, r3, r2
 999:Middlewares/Third_Party/LwIP/src/core/ipv4/etharp.c ****     /* pending entry? (either just created or already pending */
 2313              		.loc 1 999 14 view .LVU657
 2314 00f8 4FF40062 		mov	r2, #2048
 2315 00fc 0092     		str	r2, [sp]
 2316 00fe 0433     		adds	r3, r3, #4
 2317 0100 4A46     		mov	r2, r9
 2318 0102 4146     		mov	r1, r8
 2319 0104 3846     		mov	r0, r7
 2320 0106 FFF7FEFF 		bl	ethernet_output
 2321              	.LVL208:
 2322 010a 0446     		mov	r4, r0
 2323              	.LVL209:
 2324              	.L158:
1083:Middlewares/Third_Party/LwIP/src/core/ipv4/etharp.c **** 
 2325              		.loc 1 1083 1 view .LVU658
 2326 010c 2046     		mov	r0, r4
 2327 010e 03B0     		add	sp, sp, #12
 2328              	.LCFI31:
 2329              		.cfi_remember_state
 2330              		.cfi_def_cfa_offset 28
 2331              		@ sp needed
 2332 0110 BDE8F083 		pop	{r4, r5, r6, r7, r8, r9, pc}
 2333              	.LVL210:
 2334              	.L196:
 2335              	.LCFI32:
 2336              		.cfi_restore_state
 2337              	.LBB17:
1009:Middlewares/Third_Party/LwIP/src/core/ipv4/etharp.c ****       if (PBUF_NEEDS_COPY(p)) {
 2338              		.loc 1 1009 7 is_stmt 1 discriminator 3 view .LVU659
1009:Middlewares/Third_Party/LwIP/src/core/ipv4/etharp.c ****       if (PBUF_NEEDS_COPY(p)) {
 2339              		.loc 1 1009 7 discriminator 3 view .LVU660
 2340 0114 384B     		ldr	r3, .L198+4
 2341 0116 40F2F132 		movw	r2, #1009
 2342 011a 3D49     		ldr	r1, .L198+28
 2343 011c 3848     		ldr	r0, .L198+12
 2344 011e FFF7FEFF 		bl	printf
 2345              	.LVL211:
 2346              	.L168:
1009:Middlewares/Third_Party/LwIP/src/core/ipv4/etharp.c ****       if (PBUF_NEEDS_COPY(p)) {
 2347              		.loc 1 1009 7 discriminator 5 view .LVU661
1009:Middlewares/Third_Party/LwIP/src/core/ipv4/etharp.c ****       if (PBUF_NEEDS_COPY(p)) {
 2348              		.loc 1 1009 7 discriminator 5 view .LVU662
1010:Middlewares/Third_Party/LwIP/src/core/ipv4/etharp.c ****         copy_needed = 1;
 2349              		.loc 1 1010 7 discriminator 5 view .LVU663
1010:Middlewares/Third_Party/LwIP/src/core/ipv4/etharp.c ****         copy_needed = 1;
 2350              		.loc 1 1010 11 is_stmt 0 discriminator 5 view .LVU664
 2351 0122 237B     		ldrb	r3, [r4, #12]	@ zero_extendqisi2
1010:Middlewares/Third_Party/LwIP/src/core/ipv4/etharp.c ****         copy_needed = 1;
 2352              		.loc 1 1010 10 discriminator 5 view .LVU665
 2353 0124 13F0400F 		tst	r3, #64
 2354 0128 26D1     		bne	.L185
1014:Middlewares/Third_Party/LwIP/src/core/ipv4/etharp.c ****     }
 2355              		.loc 1 1014 7 is_stmt 1 view .LVU666
1014:Middlewares/Third_Party/LwIP/src/core/ipv4/etharp.c ****     }
 2356              		.loc 1 1014 9 is_stmt 0 view .LVU667
 2357 012a 2468     		ldr	r4, [r4]
ARM GAS  /tmp/ccbstRKj.s 			page 72


 2358              	.LVL212:
 2359              	.L167:
1008:Middlewares/Third_Party/LwIP/src/core/ipv4/etharp.c ****       LWIP_ASSERT("no packet queues allowed!", (p->len != p->tot_len) || (p->next == 0));
 2360              		.loc 1 1008 11 is_stmt 1 view .LVU668
 2361 012c 3CB1     		cbz	r4, .L195
1009:Middlewares/Third_Party/LwIP/src/core/ipv4/etharp.c ****       if (PBUF_NEEDS_COPY(p)) {
 2362              		.loc 1 1009 7 view .LVU669
1009:Middlewares/Third_Party/LwIP/src/core/ipv4/etharp.c ****       if (PBUF_NEEDS_COPY(p)) {
 2363              		.loc 1 1009 7 view .LVU670
 2364 012e 6289     		ldrh	r2, [r4, #10]
 2365 0130 2389     		ldrh	r3, [r4, #8]
 2366 0132 9A42     		cmp	r2, r3
 2367 0134 F5D1     		bne	.L168
1009:Middlewares/Third_Party/LwIP/src/core/ipv4/etharp.c ****       if (PBUF_NEEDS_COPY(p)) {
 2368              		.loc 1 1009 7 is_stmt 0 discriminator 1 view .LVU671
 2369 0136 2368     		ldr	r3, [r4]
 2370 0138 002B     		cmp	r3, #0
 2371 013a EBD1     		bne	.L196
 2372 013c F1E7     		b	.L168
 2373              	.L195:
1004:Middlewares/Third_Party/LwIP/src/core/ipv4/etharp.c ****     /* IF q includes a pbuf that must be copied, copy the whole chain into a
 2374              		.loc 1 1004 9 view .LVU672
 2375 013e 0023     		movs	r3, #0
 2376              	.L169:
 2377              	.LVL213:
1016:Middlewares/Third_Party/LwIP/src/core/ipv4/etharp.c ****       /* copy the whole packet into new pbufs */
 2378              		.loc 1 1016 5 is_stmt 1 view .LVU673
1016:Middlewares/Third_Party/LwIP/src/core/ipv4/etharp.c ****       /* copy the whole packet into new pbufs */
 2379              		.loc 1 1016 8 is_stmt 0 view .LVU674
 2380 0140 E3B1     		cbz	r3, .L171
1018:Middlewares/Third_Party/LwIP/src/core/ipv4/etharp.c ****     } else {
 2381              		.loc 1 1018 7 is_stmt 1 view .LVU675
1018:Middlewares/Third_Party/LwIP/src/core/ipv4/etharp.c ****     } else {
 2382              		.loc 1 1018 11 is_stmt 0 view .LVU676
 2383 0142 4246     		mov	r2, r8
 2384 0144 4FF42071 		mov	r1, #640
 2385 0148 0E20     		movs	r0, #14
 2386 014a FFF7FEFF 		bl	pbuf_clone
 2387              	.LVL214:
1018:Middlewares/Third_Party/LwIP/src/core/ipv4/etharp.c ****     } else {
 2388              		.loc 1 1018 11 view .LVU677
 2389 014e 8046     		mov	r8, r0
 2390              	.LVL215:
 2391              	.L172:
1025:Middlewares/Third_Party/LwIP/src/core/ipv4/etharp.c ****       /* queue packet ... */
 2392              		.loc 1 1025 5 is_stmt 1 view .LVU678
1025:Middlewares/Third_Party/LwIP/src/core/ipv4/etharp.c ****       /* queue packet ... */
 2393              		.loc 1 1025 8 is_stmt 0 view .LVU679
 2394 0150 B8F1000F 		cmp	r8, #0
 2395 0154 4AD0     		beq	.L186
 2396              	.LBB10:
1028:Middlewares/Third_Party/LwIP/src/core/ipv4/etharp.c ****       /* allocate a new arp queue entry */
 2397              		.loc 1 1028 7 is_stmt 1 view .LVU680
1030:Middlewares/Third_Party/LwIP/src/core/ipv4/etharp.c ****       if (new_entry != NULL) {
 2398              		.loc 1 1030 7 view .LVU681
1030:Middlewares/Third_Party/LwIP/src/core/ipv4/etharp.c ****       if (new_entry != NULL) {
 2399              		.loc 1 1030 44 is_stmt 0 view .LVU682
ARM GAS  /tmp/ccbstRKj.s 			page 73


 2400 0156 0720     		movs	r0, #7
 2401 0158 FFF7FEFF 		bl	memp_malloc
 2402              	.LVL216:
1031:Middlewares/Third_Party/LwIP/src/core/ipv4/etharp.c ****         unsigned int qlen = 0;
 2403              		.loc 1 1031 7 is_stmt 1 view .LVU683
1031:Middlewares/Third_Party/LwIP/src/core/ipv4/etharp.c ****         unsigned int qlen = 0;
 2404              		.loc 1 1031 10 is_stmt 0 view .LVU684
 2405 015c 0646     		mov	r6, r0
 2406              	.LVL217:
1031:Middlewares/Third_Party/LwIP/src/core/ipv4/etharp.c ****         unsigned int qlen = 0;
 2407              		.loc 1 1031 10 view .LVU685
 2408 015e 98B3     		cbz	r0, .L173
 2409              	.LBB11:
1032:Middlewares/Third_Party/LwIP/src/core/ipv4/etharp.c ****         new_entry->next = 0;
 2410              		.loc 1 1032 9 is_stmt 1 view .LVU686
 2411              	.LVL218:
1033:Middlewares/Third_Party/LwIP/src/core/ipv4/etharp.c ****         new_entry->p = p;
 2412              		.loc 1 1033 9 view .LVU687
1033:Middlewares/Third_Party/LwIP/src/core/ipv4/etharp.c ****         new_entry->p = p;
 2413              		.loc 1 1033 25 is_stmt 0 view .LVU688
 2414 0160 0023     		movs	r3, #0
 2415 0162 0360     		str	r3, [r0]
1034:Middlewares/Third_Party/LwIP/src/core/ipv4/etharp.c ****         if (arp_table[i].q != NULL) {
 2416              		.loc 1 1034 9 is_stmt 1 view .LVU689
1034:Middlewares/Third_Party/LwIP/src/core/ipv4/etharp.c ****         if (arp_table[i].q != NULL) {
 2417              		.loc 1 1034 22 is_stmt 0 view .LVU690
 2418 0164 C0F80480 		str	r8, [r0, #4]
1035:Middlewares/Third_Party/LwIP/src/core/ipv4/etharp.c ****           /* queue was already existent, append the new entry to the end */
 2419              		.loc 1 1035 9 is_stmt 1 view .LVU691
1035:Middlewares/Third_Party/LwIP/src/core/ipv4/etharp.c ****           /* queue was already existent, append the new entry to the end */
 2420              		.loc 1 1035 25 is_stmt 0 view .LVU692
 2421 0168 05EB4503 		add	r3, r5, r5, lsl #1
 2422 016c 214A     		ldr	r2, .L198
 2423 016e 52F83320 		ldr	r2, [r2, r3, lsl #3]
1035:Middlewares/Third_Party/LwIP/src/core/ipv4/etharp.c ****           /* queue was already existent, append the new entry to the end */
 2424              		.loc 1 1035 12 view .LVU693
 2425 0172 8AB1     		cbz	r2, .L197
 2426              	.LBB12:
1039:Middlewares/Third_Party/LwIP/src/core/ipv4/etharp.c ****           while (r->next != NULL) {
 2427              		.loc 1 1039 15 view .LVU694
 2428 0174 0121     		movs	r1, #1
 2429 0176 07E0     		b	.L174
 2430              	.LVL219:
 2431              	.L185:
1039:Middlewares/Third_Party/LwIP/src/core/ipv4/etharp.c ****           while (r->next != NULL) {
 2432              		.loc 1 1039 15 view .LVU695
 2433              	.LBE12:
 2434              	.LBE11:
 2435              	.LBE10:
1011:Middlewares/Third_Party/LwIP/src/core/ipv4/etharp.c ****         break;
 2436              		.loc 1 1011 21 view .LVU696
 2437 0178 0123     		movs	r3, #1
 2438 017a E1E7     		b	.L169
 2439              	.LVL220:
 2440              	.L171:
1021:Middlewares/Third_Party/LwIP/src/core/ipv4/etharp.c ****       pbuf_ref(p);
 2441              		.loc 1 1021 7 is_stmt 1 view .LVU697
ARM GAS  /tmp/ccbstRKj.s 			page 74


1022:Middlewares/Third_Party/LwIP/src/core/ipv4/etharp.c ****     }
 2442              		.loc 1 1022 7 view .LVU698
 2443 017c 4046     		mov	r0, r8
 2444 017e FFF7FEFF 		bl	pbuf_ref
 2445              	.LVL221:
1022:Middlewares/Third_Party/LwIP/src/core/ipv4/etharp.c ****     }
 2446              		.loc 1 1022 7 is_stmt 0 view .LVU699
 2447 0182 E5E7     		b	.L172
 2448              	.LVL222:
 2449              	.L176:
 2450              	.LBB16:
 2451              	.LBB15:
 2452              	.LBB13:
1041:Middlewares/Third_Party/LwIP/src/core/ipv4/etharp.c ****             qlen++;
 2453              		.loc 1 1041 13 is_stmt 1 view .LVU700
1042:Middlewares/Third_Party/LwIP/src/core/ipv4/etharp.c ****           }
 2454              		.loc 1 1042 13 view .LVU701
1042:Middlewares/Third_Party/LwIP/src/core/ipv4/etharp.c ****           }
 2455              		.loc 1 1042 17 is_stmt 0 view .LVU702
 2456 0184 0131     		adds	r1, r1, #1
 2457              	.LVL223:
1041:Middlewares/Third_Party/LwIP/src/core/ipv4/etharp.c ****             qlen++;
 2458              		.loc 1 1041 15 view .LVU703
 2459 0186 1A46     		mov	r2, r3
 2460              	.LVL224:
 2461              	.L174:
1040:Middlewares/Third_Party/LwIP/src/core/ipv4/etharp.c ****             r = r->next;
 2462              		.loc 1 1040 17 is_stmt 1 view .LVU704
1040:Middlewares/Third_Party/LwIP/src/core/ipv4/etharp.c ****             r = r->next;
 2463              		.loc 1 1040 19 is_stmt 0 view .LVU705
 2464 0188 1368     		ldr	r3, [r2]
1040:Middlewares/Third_Party/LwIP/src/core/ipv4/etharp.c ****             r = r->next;
 2465              		.loc 1 1040 17 view .LVU706
 2466 018a 002B     		cmp	r3, #0
 2467 018c FAD1     		bne	.L176
1044:Middlewares/Third_Party/LwIP/src/core/ipv4/etharp.c ****         } else {
 2468              		.loc 1 1044 11 is_stmt 1 view .LVU707
1044:Middlewares/Third_Party/LwIP/src/core/ipv4/etharp.c ****         } else {
 2469              		.loc 1 1044 19 is_stmt 0 view .LVU708
 2470 018e 1660     		str	r6, [r2]
1044:Middlewares/Third_Party/LwIP/src/core/ipv4/etharp.c ****         } else {
 2471              		.loc 1 1044 19 view .LVU709
 2472              	.LBE13:
1050:Middlewares/Third_Party/LwIP/src/core/ipv4/etharp.c ****           struct etharp_q_entry *old;
 2473              		.loc 1 1050 9 is_stmt 1 view .LVU710
1050:Middlewares/Third_Party/LwIP/src/core/ipv4/etharp.c ****           struct etharp_q_entry *old;
 2474              		.loc 1 1050 12 is_stmt 0 view .LVU711
 2475 0190 0229     		cmp	r1, #2
 2476 0192 08D8     		bhi	.L177
1059:Middlewares/Third_Party/LwIP/src/core/ipv4/etharp.c ****       } else {
 2477              		.loc 1 1059 16 view .LVU712
 2478 0194 0024     		movs	r4, #0
 2479 0196 B9E7     		b	.L158
 2480              	.LVL225:
 2481              	.L197:
1047:Middlewares/Third_Party/LwIP/src/core/ipv4/etharp.c ****         }
 2482              		.loc 1 1047 11 is_stmt 1 view .LVU713
ARM GAS  /tmp/ccbstRKj.s 			page 75


1047:Middlewares/Third_Party/LwIP/src/core/ipv4/etharp.c ****         }
 2483              		.loc 1 1047 26 is_stmt 0 view .LVU714
 2484 0198 05EB4503 		add	r3, r5, r5, lsl #1
 2485 019c 154A     		ldr	r2, .L198
 2486 019e 42F83300 		str	r0, [r2, r3, lsl #3]
1050:Middlewares/Third_Party/LwIP/src/core/ipv4/etharp.c ****           struct etharp_q_entry *old;
 2487              		.loc 1 1050 9 is_stmt 1 view .LVU715
1059:Middlewares/Third_Party/LwIP/src/core/ipv4/etharp.c ****       } else {
 2488              		.loc 1 1059 16 is_stmt 0 view .LVU716
 2489 01a2 0024     		movs	r4, #0
 2490 01a4 B2E7     		b	.L158
 2491              	.LVL226:
 2492              	.L177:
 2493              	.LBB14:
1051:Middlewares/Third_Party/LwIP/src/core/ipv4/etharp.c ****           old = arp_table[i].q;
 2494              		.loc 1 1051 11 is_stmt 1 view .LVU717
1052:Middlewares/Third_Party/LwIP/src/core/ipv4/etharp.c ****           arp_table[i].q = arp_table[i].q->next;
 2495              		.loc 1 1052 11 view .LVU718
1052:Middlewares/Third_Party/LwIP/src/core/ipv4/etharp.c ****           arp_table[i].q = arp_table[i].q->next;
 2496              		.loc 1 1052 15 is_stmt 0 view .LVU719
 2497 01a6 134A     		ldr	r2, .L198
 2498              	.LVL227:
1052:Middlewares/Third_Party/LwIP/src/core/ipv4/etharp.c ****           arp_table[i].q = arp_table[i].q->next;
 2499              		.loc 1 1052 15 view .LVU720
 2500 01a8 05EB4503 		add	r3, r5, r5, lsl #1
 2501 01ac 52F83340 		ldr	r4, [r2, r3, lsl #3]
 2502              	.LVL228:
1053:Middlewares/Third_Party/LwIP/src/core/ipv4/etharp.c ****           pbuf_free(old->p);
 2503              		.loc 1 1053 11 is_stmt 1 view .LVU721
1053:Middlewares/Third_Party/LwIP/src/core/ipv4/etharp.c ****           pbuf_free(old->p);
 2504              		.loc 1 1053 42 is_stmt 0 view .LVU722
 2505 01b0 2168     		ldr	r1, [r4]
 2506              	.LVL229:
1053:Middlewares/Third_Party/LwIP/src/core/ipv4/etharp.c ****           pbuf_free(old->p);
 2507              		.loc 1 1053 26 view .LVU723
 2508 01b2 42F83310 		str	r1, [r2, r3, lsl #3]
1054:Middlewares/Third_Party/LwIP/src/core/ipv4/etharp.c ****           memp_free(MEMP_ARP_QUEUE, old);
 2509              		.loc 1 1054 11 is_stmt 1 view .LVU724
 2510 01b6 6068     		ldr	r0, [r4, #4]
 2511              	.LVL230:
1054:Middlewares/Third_Party/LwIP/src/core/ipv4/etharp.c ****           memp_free(MEMP_ARP_QUEUE, old);
 2512              		.loc 1 1054 11 is_stmt 0 view .LVU725
 2513 01b8 FFF7FEFF 		bl	pbuf_free
 2514              	.LVL231:
1055:Middlewares/Third_Party/LwIP/src/core/ipv4/etharp.c ****         }
 2515              		.loc 1 1055 11 is_stmt 1 view .LVU726
 2516 01bc 2146     		mov	r1, r4
 2517 01be 0720     		movs	r0, #7
 2518 01c0 FFF7FEFF 		bl	memp_free
 2519              	.LVL232:
 2520              	.LBE14:
1059:Middlewares/Third_Party/LwIP/src/core/ipv4/etharp.c ****       } else {
 2521              		.loc 1 1059 16 is_stmt 0 view .LVU727
 2522 01c4 0024     		movs	r4, #0
 2523              	.LVL233:
1059:Middlewares/Third_Party/LwIP/src/core/ipv4/etharp.c ****       } else {
 2524              		.loc 1 1059 16 view .LVU728
ARM GAS  /tmp/ccbstRKj.s 			page 76


 2525 01c6 A1E7     		b	.L158
 2526              	.LVL234:
 2527              	.L173:
1059:Middlewares/Third_Party/LwIP/src/core/ipv4/etharp.c ****       } else {
 2528              		.loc 1 1059 16 view .LVU729
 2529              	.LBE15:
1062:Middlewares/Third_Party/LwIP/src/core/ipv4/etharp.c ****         LWIP_DEBUGF(ETHARP_DEBUG | LWIP_DBG_TRACE, ("etharp_query: could not queue a copy of PBUF_R
 2530              		.loc 1 1062 9 is_stmt 1 view .LVU730
 2531 01c8 4046     		mov	r0, r8
 2532              	.LVL235:
1062:Middlewares/Third_Party/LwIP/src/core/ipv4/etharp.c ****         LWIP_DEBUGF(ETHARP_DEBUG | LWIP_DBG_TRACE, ("etharp_query: could not queue a copy of PBUF_R
 2533              		.loc 1 1062 9 is_stmt 0 view .LVU731
 2534 01ca FFF7FEFF 		bl	pbuf_free
 2535              	.LVL236:
1063:Middlewares/Third_Party/LwIP/src/core/ipv4/etharp.c ****         result = ERR_MEM;
 2536              		.loc 1 1063 9 is_stmt 1 view .LVU732
1063:Middlewares/Third_Party/LwIP/src/core/ipv4/etharp.c ****         result = ERR_MEM;
 2537              		.loc 1 1063 9 view .LVU733
1063:Middlewares/Third_Party/LwIP/src/core/ipv4/etharp.c ****         result = ERR_MEM;
 2538              		.loc 1 1063 9 view .LVU734
1064:Middlewares/Third_Party/LwIP/src/core/ipv4/etharp.c ****       }
 2539              		.loc 1 1064 9 view .LVU735
1064:Middlewares/Third_Party/LwIP/src/core/ipv4/etharp.c ****       }
 2540              		.loc 1 1064 16 is_stmt 0 view .LVU736
 2541 01ce 4FF0FF34 		mov	r4, #-1
 2542 01d2 9BE7     		b	.L158
 2543              	.LVL237:
 2544              	.L178:
1064:Middlewares/Third_Party/LwIP/src/core/ipv4/etharp.c ****       }
 2545              		.loc 1 1064 16 view .LVU737
 2546              	.LBE16:
 2547              	.LBE17:
 946:Middlewares/Third_Party/LwIP/src/core/ipv4/etharp.c ****   }
 2548              		.loc 1 946 12 view .LVU738
 2549 01d4 6FF00F04 		mvn	r4, #15
 2550 01d8 98E7     		b	.L158
 2551              	.L179:
 2552 01da 6FF00F04 		mvn	r4, #15
 2553 01de 95E7     		b	.L158
 2554              	.L180:
 2555 01e0 6FF00F04 		mvn	r4, #15
 2556 01e4 92E7     		b	.L158
 2557              	.L181:
 2558 01e6 6FF00F04 		mvn	r4, #15
 2559 01ea 8FE7     		b	.L158
 2560              	.LVL238:
 2561              	.L186:
 2562              	.LBB18:
1079:Middlewares/Third_Party/LwIP/src/core/ipv4/etharp.c ****     }
 2563              		.loc 1 1079 14 view .LVU739
 2564 01ec 4FF0FF34 		mov	r4, #-1
 2565 01f0 8CE7     		b	.L158
 2566              	.L199:
 2567 01f2 00BF     		.align	2
 2568              	.L198:
 2569 01f4 00000000 		.word	.LANCHOR0
 2570 01f8 00000000 		.word	.LC0
ARM GAS  /tmp/ccbstRKj.s 			page 77


 2571 01fc 00000000 		.word	.LC15
 2572 0200 40000000 		.word	.LC2
 2573 0204 10000000 		.word	.LC16
 2574 0208 34000000 		.word	.LC1
 2575 020c 00000000 		.word	.LANCHOR1
 2576 0210 38000000 		.word	.LC17
 2577              	.LBE18:
 2578              		.cfi_endproc
 2579              	.LFE170:
 2581              		.section	.text.etharp_output,"ax",%progbits
 2582              		.align	1
 2583              		.global	etharp_output
 2584              		.syntax unified
 2585              		.thumb
 2586              		.thumb_func
 2587              		.fpu fpv4-sp-d16
 2589              	etharp_output:
 2590              	.LVL239:
 2591              	.LFB169:
 792:Middlewares/Third_Party/LwIP/src/core/ipv4/etharp.c ****   const struct eth_addr *dest;
 2592              		.loc 1 792 1 is_stmt 1 view -0
 2593              		.cfi_startproc
 2594              		@ args = 0, pretend = 0, frame = 8
 2595              		@ frame_needed = 0, uses_anonymous_args = 0
 792:Middlewares/Third_Party/LwIP/src/core/ipv4/etharp.c ****   const struct eth_addr *dest;
 2596              		.loc 1 792 1 is_stmt 0 view .LVU741
 2597 0000 F0B5     		push	{r4, r5, r6, r7, lr}
 2598              	.LCFI33:
 2599              		.cfi_def_cfa_offset 20
 2600              		.cfi_offset 4, -20
 2601              		.cfi_offset 5, -16
 2602              		.cfi_offset 6, -12
 2603              		.cfi_offset 7, -8
 2604              		.cfi_offset 14, -4
 2605 0002 85B0     		sub	sp, sp, #20
 2606              	.LCFI34:
 2607              		.cfi_def_cfa_offset 40
 2608 0004 0F46     		mov	r7, r1
 2609 0006 1546     		mov	r5, r2
 793:Middlewares/Third_Party/LwIP/src/core/ipv4/etharp.c ****   struct eth_addr mcastaddr;
 2610              		.loc 1 793 3 is_stmt 1 view .LVU742
 794:Middlewares/Third_Party/LwIP/src/core/ipv4/etharp.c ****   const ip4_addr_t *dst_addr = ipaddr;
 2611              		.loc 1 794 3 view .LVU743
 795:Middlewares/Third_Party/LwIP/src/core/ipv4/etharp.c **** 
 2612              		.loc 1 795 3 view .LVU744
 2613              	.LVL240:
 797:Middlewares/Third_Party/LwIP/src/core/ipv4/etharp.c ****   LWIP_ASSERT("netif != NULL", netif != NULL);
 2614              		.loc 1 797 28 view .LVU745
 798:Middlewares/Third_Party/LwIP/src/core/ipv4/etharp.c ****   LWIP_ASSERT("q != NULL", q != NULL);
 2615              		.loc 1 798 3 view .LVU746
 798:Middlewares/Third_Party/LwIP/src/core/ipv4/etharp.c ****   LWIP_ASSERT("q != NULL", q != NULL);
 2616              		.loc 1 798 3 view .LVU747
 2617 0008 0646     		mov	r6, r0
 2618 000a 0028     		cmp	r0, #0
 2619 000c 3DD0     		beq	.L215
 2620              	.LVL241:
 2621              	.L201:
ARM GAS  /tmp/ccbstRKj.s 			page 78


 798:Middlewares/Third_Party/LwIP/src/core/ipv4/etharp.c ****   LWIP_ASSERT("q != NULL", q != NULL);
 2622              		.loc 1 798 3 discriminator 3 view .LVU748
 798:Middlewares/Third_Party/LwIP/src/core/ipv4/etharp.c ****   LWIP_ASSERT("q != NULL", q != NULL);
 2623              		.loc 1 798 3 discriminator 3 view .LVU749
 799:Middlewares/Third_Party/LwIP/src/core/ipv4/etharp.c ****   LWIP_ASSERT("ipaddr != NULL", ipaddr != NULL);
 2624              		.loc 1 799 3 discriminator 3 view .LVU750
 799:Middlewares/Third_Party/LwIP/src/core/ipv4/etharp.c ****   LWIP_ASSERT("ipaddr != NULL", ipaddr != NULL);
 2625              		.loc 1 799 3 discriminator 3 view .LVU751
 2626 000e 002F     		cmp	r7, #0
 2627 0010 43D0     		beq	.L216
 2628              	.L202:
 799:Middlewares/Third_Party/LwIP/src/core/ipv4/etharp.c ****   LWIP_ASSERT("ipaddr != NULL", ipaddr != NULL);
 2629              		.loc 1 799 3 discriminator 3 view .LVU752
 799:Middlewares/Third_Party/LwIP/src/core/ipv4/etharp.c ****   LWIP_ASSERT("ipaddr != NULL", ipaddr != NULL);
 2630              		.loc 1 799 3 discriminator 3 view .LVU753
 800:Middlewares/Third_Party/LwIP/src/core/ipv4/etharp.c **** 
 2631              		.loc 1 800 3 discriminator 3 view .LVU754
 800:Middlewares/Third_Party/LwIP/src/core/ipv4/etharp.c **** 
 2632              		.loc 1 800 3 discriminator 3 view .LVU755
 2633 0012 002D     		cmp	r5, #0
 2634 0014 49D0     		beq	.L217
 2635              	.L203:
 800:Middlewares/Third_Party/LwIP/src/core/ipv4/etharp.c **** 
 2636              		.loc 1 800 3 discriminator 3 view .LVU756
 800:Middlewares/Third_Party/LwIP/src/core/ipv4/etharp.c **** 
 2637              		.loc 1 800 3 discriminator 3 view .LVU757
 806:Middlewares/Third_Party/LwIP/src/core/ipv4/etharp.c ****     /* broadcast on Ethernet also */
 2638              		.loc 1 806 3 discriminator 3 view .LVU758
 806:Middlewares/Third_Party/LwIP/src/core/ipv4/etharp.c ****     /* broadcast on Ethernet also */
 2639              		.loc 1 806 7 is_stmt 0 discriminator 3 view .LVU759
 2640 0016 3146     		mov	r1, r6
 2641 0018 2868     		ldr	r0, [r5]
 2642 001a FFF7FEFF 		bl	ip4_addr_isbroadcast_u32
 2643              	.LVL242:
 806:Middlewares/Third_Party/LwIP/src/core/ipv4/etharp.c ****     /* broadcast on Ethernet also */
 2644              		.loc 1 806 6 discriminator 3 view .LVU760
 2645 001e 0346     		mov	r3, r0
 2646 0020 0028     		cmp	r0, #0
 2647 0022 40F08180 		bne	.L212
 810:Middlewares/Third_Party/LwIP/src/core/ipv4/etharp.c ****     /* Hash IP multicast address to MAC address.*/
 2648              		.loc 1 810 10 is_stmt 1 view .LVU761
 810:Middlewares/Third_Party/LwIP/src/core/ipv4/etharp.c ****     /* Hash IP multicast address to MAC address.*/
 2649              		.loc 1 810 14 is_stmt 0 view .LVU762
 2650 0026 2A68     		ldr	r2, [r5]
 2651 0028 02F0F001 		and	r1, r2, #240
 810:Middlewares/Third_Party/LwIP/src/core/ipv4/etharp.c ****     /* Hash IP multicast address to MAC address.*/
 2652              		.loc 1 810 13 view .LVU763
 2653 002c E029     		cmp	r1, #224
 2654 002e 44D0     		beq	.L218
 2655              	.LBB19:
 822:Middlewares/Third_Party/LwIP/src/core/ipv4/etharp.c ****     /* outside local network? if so, this can neither be a global broadcast nor
 2656              		.loc 1 822 5 is_stmt 1 view .LVU764
 825:Middlewares/Third_Party/LwIP/src/core/ipv4/etharp.c ****         !ip4_addr_islinklocal(ipaddr)) {
 2657              		.loc 1 825 5 view .LVU765
 825:Middlewares/Third_Party/LwIP/src/core/ipv4/etharp.c ****         !ip4_addr_islinklocal(ipaddr)) {
 2658              		.loc 1 825 10 is_stmt 0 view .LVU766
 2659 0030 7168     		ldr	r1, [r6, #4]
ARM GAS  /tmp/ccbstRKj.s 			page 79


 2660 0032 B068     		ldr	r0, [r6, #8]
 825:Middlewares/Third_Party/LwIP/src/core/ipv4/etharp.c ****         !ip4_addr_islinklocal(ipaddr)) {
 2661              		.loc 1 825 9 view .LVU767
 2662 0034 5140     		eors	r1, r1, r2
 825:Middlewares/Third_Party/LwIP/src/core/ipv4/etharp.c ****         !ip4_addr_islinklocal(ipaddr)) {
 2663              		.loc 1 825 8 view .LVU768
 2664 0036 0142     		tst	r1, r0
 2665 0038 09D0     		beq	.L206
 826:Middlewares/Third_Party/LwIP/src/core/ipv4/etharp.c **** #if LWIP_AUTOIP
 2666              		.loc 1 826 10 discriminator 1 view .LVU769
 2667 003a 92B2     		uxth	r2, r2
 825:Middlewares/Third_Party/LwIP/src/core/ipv4/etharp.c ****         !ip4_addr_islinklocal(ipaddr)) {
 2668              		.loc 1 825 83 discriminator 1 view .LVU770
 2669 003c 4FF6A961 		movw	r1, #65193
 2670 0040 8A42     		cmp	r2, r1
 2671 0042 04D0     		beq	.L206
 844:Middlewares/Third_Party/LwIP/src/core/ipv4/etharp.c ****             /* send to hardware address of default gateway IP address */
 2672              		.loc 1 844 11 is_stmt 1 view .LVU771
 844:Middlewares/Third_Party/LwIP/src/core/ipv4/etharp.c ****             /* send to hardware address of default gateway IP address */
 2673              		.loc 1 844 16 is_stmt 0 view .LVU772
 2674 0044 F268     		ldr	r2, [r6, #12]
 844:Middlewares/Third_Party/LwIP/src/core/ipv4/etharp.c ****             /* send to hardware address of default gateway IP address */
 2675              		.loc 1 844 14 view .LVU773
 2676 0046 002A     		cmp	r2, #0
 2677 0048 7AD0     		beq	.L213
 846:Middlewares/Third_Party/LwIP/src/core/ipv4/etharp.c ****             /* no default gateway available */
 2678              		.loc 1 846 13 is_stmt 1 view .LVU774
 846:Middlewares/Third_Party/LwIP/src/core/ipv4/etharp.c ****             /* no default gateway available */
 2679              		.loc 1 846 22 is_stmt 0 view .LVU775
 2680 004a 06F10C05 		add	r5, r6, #12
 2681              	.LVL243:
 2682              	.L206:
 861:Middlewares/Third_Party/LwIP/src/core/ipv4/etharp.c **** #if ETHARP_TABLE_MATCH_NETIF
 2683              		.loc 1 861 9 is_stmt 1 view .LVU776
 861:Middlewares/Third_Party/LwIP/src/core/ipv4/etharp.c **** #if ETHARP_TABLE_MATCH_NETIF
 2684              		.loc 1 861 44 is_stmt 0 view .LVU777
 2685 004e 3E4A     		ldr	r2, .L220
 2686 0050 1278     		ldrb	r2, [r2]	@ zero_extendqisi2
 2687 0052 02EB4200 		add	r0, r2, r2, lsl #1
 2688 0056 3D49     		ldr	r1, .L220+4
 2689 0058 01EBC001 		add	r1, r1, r0, lsl #3
 2690 005c 097D     		ldrb	r1, [r1, #20]	@ zero_extendqisi2
 861:Middlewares/Third_Party/LwIP/src/core/ipv4/etharp.c **** #if ETHARP_TABLE_MATCH_NETIF
 2691              		.loc 1 861 12 view .LVU778
 2692 005e 0129     		cmp	r1, #1
 2693 0060 43D9     		bls	.L210
 863:Middlewares/Third_Party/LwIP/src/core/ipv4/etharp.c **** #endif
 2694              		.loc 1 863 44 discriminator 1 view .LVU779
 2695 0062 0146     		mov	r1, r0
 2696 0064 3948     		ldr	r0, .L220+4
 2697 0066 00EBC101 		add	r1, r0, r1, lsl #3
 2698 006a 8968     		ldr	r1, [r1, #8]
 861:Middlewares/Third_Party/LwIP/src/core/ipv4/etharp.c **** #if ETHARP_TABLE_MATCH_NETIF
 2699              		.loc 1 861 75 discriminator 1 view .LVU780
 2700 006c B142     		cmp	r1, r6
 2701 006e 3CD1     		bne	.L210
 865:Middlewares/Third_Party/LwIP/src/core/ipv4/etharp.c ****           /* the per-pcb-cached entry is stable and the right one! */
ARM GAS  /tmp/ccbstRKj.s 			page 80


 2702              		.loc 1 865 14 view .LVU781
 2703 0070 2C68     		ldr	r4, [r5]
 2704 0072 02EB4201 		add	r1, r2, r2, lsl #1
 2705 0076 00EBC101 		add	r1, r0, r1, lsl #3
 2706 007a 4968     		ldr	r1, [r1, #4]
 863:Middlewares/Third_Party/LwIP/src/core/ipv4/etharp.c **** #endif
 2707              		.loc 1 863 61 view .LVU782
 2708 007c 8C42     		cmp	r4, r1
 2709 007e 34D1     		bne	.L210
 867:Middlewares/Third_Party/LwIP/src/core/ipv4/etharp.c ****           return etharp_output_to_arp_index(netif, q, etharp_cached_entry);
 2710              		.loc 1 867 44 is_stmt 1 view .LVU783
 868:Middlewares/Third_Party/LwIP/src/core/ipv4/etharp.c ****         }
 2711              		.loc 1 868 11 view .LVU784
 868:Middlewares/Third_Party/LwIP/src/core/ipv4/etharp.c ****         }
 2712              		.loc 1 868 18 is_stmt 0 view .LVU785
 2713 0080 3946     		mov	r1, r7
 2714 0082 3046     		mov	r0, r6
 2715 0084 FFF7FEFF 		bl	etharp_output_to_arp_index
 2716              	.LVL244:
 2717 0088 58E0     		b	.L207
 2718              	.LVL245:
 2719              	.L215:
 868:Middlewares/Third_Party/LwIP/src/core/ipv4/etharp.c ****         }
 2720              		.loc 1 868 18 view .LVU786
 2721              	.LBE19:
 798:Middlewares/Third_Party/LwIP/src/core/ipv4/etharp.c ****   LWIP_ASSERT("q != NULL", q != NULL);
 2722              		.loc 1 798 3 is_stmt 1 discriminator 1 view .LVU787
 798:Middlewares/Third_Party/LwIP/src/core/ipv4/etharp.c ****   LWIP_ASSERT("q != NULL", q != NULL);
 2723              		.loc 1 798 3 discriminator 1 view .LVU788
 2724 008a 314B     		ldr	r3, .L220+8
 2725 008c 40F21E32 		movw	r2, #798
 2726              	.LVL246:
 798:Middlewares/Third_Party/LwIP/src/core/ipv4/etharp.c ****   LWIP_ASSERT("q != NULL", q != NULL);
 2727              		.loc 1 798 3 is_stmt 0 discriminator 1 view .LVU789
 2728 0090 3049     		ldr	r1, .L220+12
 2729              	.LVL247:
 798:Middlewares/Third_Party/LwIP/src/core/ipv4/etharp.c ****   LWIP_ASSERT("q != NULL", q != NULL);
 2730              		.loc 1 798 3 discriminator 1 view .LVU790
 2731 0092 3148     		ldr	r0, .L220+16
 2732              	.LVL248:
 798:Middlewares/Third_Party/LwIP/src/core/ipv4/etharp.c ****   LWIP_ASSERT("q != NULL", q != NULL);
 2733              		.loc 1 798 3 discriminator 1 view .LVU791
 2734 0094 FFF7FEFF 		bl	printf
 2735              	.LVL249:
 2736 0098 B9E7     		b	.L201
 2737              	.L216:
 799:Middlewares/Third_Party/LwIP/src/core/ipv4/etharp.c ****   LWIP_ASSERT("ipaddr != NULL", ipaddr != NULL);
 2738              		.loc 1 799 3 is_stmt 1 discriminator 1 view .LVU792
 799:Middlewares/Third_Party/LwIP/src/core/ipv4/etharp.c ****   LWIP_ASSERT("ipaddr != NULL", ipaddr != NULL);
 2739              		.loc 1 799 3 discriminator 1 view .LVU793
 2740 009a 2D4B     		ldr	r3, .L220+8
 2741 009c 40F21F32 		movw	r2, #799
 2742 00a0 2E49     		ldr	r1, .L220+20
 2743 00a2 2D48     		ldr	r0, .L220+16
 2744 00a4 FFF7FEFF 		bl	printf
 2745              	.LVL250:
 2746 00a8 B3E7     		b	.L202
ARM GAS  /tmp/ccbstRKj.s 			page 81


 2747              	.L217:
 800:Middlewares/Third_Party/LwIP/src/core/ipv4/etharp.c **** 
 2748              		.loc 1 800 3 discriminator 1 view .LVU794
 800:Middlewares/Third_Party/LwIP/src/core/ipv4/etharp.c **** 
 2749              		.loc 1 800 3 discriminator 1 view .LVU795
 2750 00aa 294B     		ldr	r3, .L220+8
 2751 00ac 4FF44872 		mov	r2, #800
 2752 00b0 2B49     		ldr	r1, .L220+24
 2753 00b2 2948     		ldr	r0, .L220+16
 2754 00b4 FFF7FEFF 		bl	printf
 2755              	.LVL251:
 2756 00b8 ADE7     		b	.L203
 2757              	.L218:
 812:Middlewares/Third_Party/LwIP/src/core/ipv4/etharp.c ****     mcastaddr.addr[1] = LL_IP4_MULTICAST_ADDR_1;
 2758              		.loc 1 812 5 view .LVU796
 812:Middlewares/Third_Party/LwIP/src/core/ipv4/etharp.c ****     mcastaddr.addr[1] = LL_IP4_MULTICAST_ADDR_1;
 2759              		.loc 1 812 23 is_stmt 0 view .LVU797
 2760 00ba 0123     		movs	r3, #1
 2761 00bc 8DF80830 		strb	r3, [sp, #8]
 813:Middlewares/Third_Party/LwIP/src/core/ipv4/etharp.c ****     mcastaddr.addr[2] = LL_IP4_MULTICAST_ADDR_2;
 2762              		.loc 1 813 5 is_stmt 1 view .LVU798
 813:Middlewares/Third_Party/LwIP/src/core/ipv4/etharp.c ****     mcastaddr.addr[2] = LL_IP4_MULTICAST_ADDR_2;
 2763              		.loc 1 813 23 is_stmt 0 view .LVU799
 2764 00c0 0023     		movs	r3, #0
 2765 00c2 8DF80930 		strb	r3, [sp, #9]
 814:Middlewares/Third_Party/LwIP/src/core/ipv4/etharp.c ****     mcastaddr.addr[3] = ip4_addr2(ipaddr) & 0x7f;
 2766              		.loc 1 814 5 is_stmt 1 view .LVU800
 814:Middlewares/Third_Party/LwIP/src/core/ipv4/etharp.c ****     mcastaddr.addr[3] = ip4_addr2(ipaddr) & 0x7f;
 2767              		.loc 1 814 23 is_stmt 0 view .LVU801
 2768 00c6 5E23     		movs	r3, #94
 2769 00c8 8DF80A30 		strb	r3, [sp, #10]
 815:Middlewares/Third_Party/LwIP/src/core/ipv4/etharp.c ****     mcastaddr.addr[4] = ip4_addr3(ipaddr);
 2770              		.loc 1 815 5 is_stmt 1 view .LVU802
 815:Middlewares/Third_Party/LwIP/src/core/ipv4/etharp.c ****     mcastaddr.addr[4] = ip4_addr3(ipaddr);
 2771              		.loc 1 815 43 is_stmt 0 view .LVU803
 2772 00cc 6B78     		ldrb	r3, [r5, #1]	@ zero_extendqisi2
 2773 00ce 03F07F03 		and	r3, r3, #127
 815:Middlewares/Third_Party/LwIP/src/core/ipv4/etharp.c ****     mcastaddr.addr[4] = ip4_addr3(ipaddr);
 2774              		.loc 1 815 23 view .LVU804
 2775 00d2 8DF80B30 		strb	r3, [sp, #11]
 816:Middlewares/Third_Party/LwIP/src/core/ipv4/etharp.c ****     mcastaddr.addr[5] = ip4_addr4(ipaddr);
 2776              		.loc 1 816 5 is_stmt 1 view .LVU805
 816:Middlewares/Third_Party/LwIP/src/core/ipv4/etharp.c ****     mcastaddr.addr[5] = ip4_addr4(ipaddr);
 2777              		.loc 1 816 25 is_stmt 0 view .LVU806
 2778 00d6 AB78     		ldrb	r3, [r5, #2]	@ zero_extendqisi2
 816:Middlewares/Third_Party/LwIP/src/core/ipv4/etharp.c ****     mcastaddr.addr[5] = ip4_addr4(ipaddr);
 2779              		.loc 1 816 23 view .LVU807
 2780 00d8 8DF80C30 		strb	r3, [sp, #12]
 817:Middlewares/Third_Party/LwIP/src/core/ipv4/etharp.c ****     /* destination Ethernet address is multicast */
 2781              		.loc 1 817 5 is_stmt 1 view .LVU808
 817:Middlewares/Third_Party/LwIP/src/core/ipv4/etharp.c ****     /* destination Ethernet address is multicast */
 2782              		.loc 1 817 25 is_stmt 0 view .LVU809
 2783 00dc EB78     		ldrb	r3, [r5, #3]	@ zero_extendqisi2
 817:Middlewares/Third_Party/LwIP/src/core/ipv4/etharp.c ****     /* destination Ethernet address is multicast */
 2784              		.loc 1 817 23 view .LVU810
 2785 00de 8DF80D30 		strb	r3, [sp, #13]
 819:Middlewares/Third_Party/LwIP/src/core/ipv4/etharp.c ****     /* unicast destination IP address? */
ARM GAS  /tmp/ccbstRKj.s 			page 82


 2786              		.loc 1 819 5 is_stmt 1 view .LVU811
 2787              	.LVL252:
 819:Middlewares/Third_Party/LwIP/src/core/ipv4/etharp.c ****     /* unicast destination IP address? */
 2788              		.loc 1 819 10 is_stmt 0 view .LVU812
 2789 00e2 02AB     		add	r3, sp, #8
 2790              	.LVL253:
 819:Middlewares/Third_Party/LwIP/src/core/ipv4/etharp.c ****     /* unicast destination IP address? */
 2791              		.loc 1 819 10 view .LVU813
 2792 00e4 21E0     		b	.L204
 2793              	.LVL254:
 2794              	.L209:
 2795              	.LBB20:
 877:Middlewares/Third_Party/LwIP/src/core/ipv4/etharp.c ****       if ((arp_table[i].state >= ETHARP_STATE_STABLE) &&
 2796              		.loc 1 877 37 is_stmt 1 discriminator 2 view .LVU814
 877:Middlewares/Third_Party/LwIP/src/core/ipv4/etharp.c ****       if ((arp_table[i].state >= ETHARP_STATE_STABLE) &&
 2797              		.loc 1 877 38 is_stmt 0 discriminator 2 view .LVU815
 2798 00e6 0133     		adds	r3, r3, #1
 2799              	.LVL255:
 877:Middlewares/Third_Party/LwIP/src/core/ipv4/etharp.c ****       if ((arp_table[i].state >= ETHARP_STATE_STABLE) &&
 2800              		.loc 1 877 38 discriminator 2 view .LVU816
 2801 00e8 DBB2     		uxtb	r3, r3
 2802              	.LVL256:
 2803              	.L210:
 877:Middlewares/Third_Party/LwIP/src/core/ipv4/etharp.c ****       if ((arp_table[i].state >= ETHARP_STATE_STABLE) &&
 2804              		.loc 1 877 17 is_stmt 1 discriminator 1 view .LVU817
 877:Middlewares/Third_Party/LwIP/src/core/ipv4/etharp.c ****       if ((arp_table[i].state >= ETHARP_STATE_STABLE) &&
 2805              		.loc 1 877 5 is_stmt 0 discriminator 1 view .LVU818
 2806 00ea 092B     		cmp	r3, #9
 2807 00ec 16D8     		bhi	.L219
 878:Middlewares/Third_Party/LwIP/src/core/ipv4/etharp.c **** #if ETHARP_TABLE_MATCH_NETIF
 2808              		.loc 1 878 7 is_stmt 1 view .LVU819
 878:Middlewares/Third_Party/LwIP/src/core/ipv4/etharp.c **** #if ETHARP_TABLE_MATCH_NETIF
 2809              		.loc 1 878 24 is_stmt 0 view .LVU820
 2810 00ee 03EB4300 		add	r0, r3, r3, lsl #1
 2811 00f2 164C     		ldr	r4, .L220+4
 2812 00f4 04EBC000 		add	r0, r4, r0, lsl #3
 2813 00f8 027D     		ldrb	r2, [r0, #20]	@ zero_extendqisi2
 878:Middlewares/Third_Party/LwIP/src/core/ipv4/etharp.c **** #if ETHARP_TABLE_MATCH_NETIF
 2814              		.loc 1 878 10 view .LVU821
 2815 00fa 012A     		cmp	r2, #1
 2816 00fc F3D9     		bls	.L209
 880:Middlewares/Third_Party/LwIP/src/core/ipv4/etharp.c **** #endif
 2817              		.loc 1 880 24 discriminator 1 view .LVU822
 2818 00fe 8268     		ldr	r2, [r0, #8]
 878:Middlewares/Third_Party/LwIP/src/core/ipv4/etharp.c **** #if ETHARP_TABLE_MATCH_NETIF
 2819              		.loc 1 878 55 discriminator 1 view .LVU823
 2820 0100 B242     		cmp	r2, r6
 2821 0102 F0D1     		bne	.L209
 882:Middlewares/Third_Party/LwIP/src/core/ipv4/etharp.c ****         /* found an existing, stable entry */
 2822              		.loc 1 882 12 view .LVU824
 2823 0104 2A68     		ldr	r2, [r5]
 2824 0106 4168     		ldr	r1, [r0, #4]
 880:Middlewares/Third_Party/LwIP/src/core/ipv4/etharp.c **** #endif
 2825              		.loc 1 880 41 view .LVU825
 2826 0108 8A42     		cmp	r2, r1
 2827 010a ECD1     		bne	.L209
 884:Middlewares/Third_Party/LwIP/src/core/ipv4/etharp.c ****         return etharp_output_to_arp_index(netif, q, i);
ARM GAS  /tmp/ccbstRKj.s 			page 83


 2828              		.loc 1 884 9 is_stmt 1 view .LVU826
 2829 010c 0E4A     		ldr	r2, .L220
 2830 010e 1370     		strb	r3, [r2]
 885:Middlewares/Third_Party/LwIP/src/core/ipv4/etharp.c ****       }
 2831              		.loc 1 885 9 view .LVU827
 885:Middlewares/Third_Party/LwIP/src/core/ipv4/etharp.c ****       }
 2832              		.loc 1 885 16 is_stmt 0 view .LVU828
 2833 0110 1A46     		mov	r2, r3
 2834 0112 3946     		mov	r1, r7
 2835 0114 3046     		mov	r0, r6
 2836 0116 FFF7FEFF 		bl	etharp_output_to_arp_index
 2837              	.LVL257:
 885:Middlewares/Third_Party/LwIP/src/core/ipv4/etharp.c ****       }
 2838              		.loc 1 885 16 view .LVU829
 2839 011a 0FE0     		b	.L207
 2840              	.LVL258:
 2841              	.L219:
 890:Middlewares/Third_Party/LwIP/src/core/ipv4/etharp.c ****   }
 2842              		.loc 1 890 5 is_stmt 1 view .LVU830
 890:Middlewares/Third_Party/LwIP/src/core/ipv4/etharp.c ****   }
 2843              		.loc 1 890 12 is_stmt 0 view .LVU831
 2844 011c 3A46     		mov	r2, r7
 2845 011e 2946     		mov	r1, r5
 2846 0120 3046     		mov	r0, r6
 2847 0122 FFF7FEFF 		bl	etharp_query
 2848              	.LVL259:
 890:Middlewares/Third_Party/LwIP/src/core/ipv4/etharp.c ****   }
 2849              		.loc 1 890 12 view .LVU832
 2850 0126 09E0     		b	.L207
 2851              	.LVL260:
 2852              	.L212:
 890:Middlewares/Third_Party/LwIP/src/core/ipv4/etharp.c ****   }
 2853              		.loc 1 890 12 view .LVU833
 2854              	.LBE20:
 808:Middlewares/Third_Party/LwIP/src/core/ipv4/etharp.c ****     /* multicast destination IP address? */
 2855              		.loc 1 808 10 view .LVU834
 2856 0128 0E4B     		ldr	r3, .L220+28
 2857              	.L204:
 2858              	.LVL261:
 896:Middlewares/Third_Party/LwIP/src/core/ipv4/etharp.c **** }
 2859              		.loc 1 896 3 is_stmt 1 view .LVU835
 896:Middlewares/Third_Party/LwIP/src/core/ipv4/etharp.c **** }
 2860              		.loc 1 896 10 is_stmt 0 view .LVU836
 2861 012a 4FF40062 		mov	r2, #2048
 2862 012e 0092     		str	r2, [sp]
 2863 0130 06F12A02 		add	r2, r6, #42
 2864 0134 3946     		mov	r1, r7
 2865 0136 3046     		mov	r0, r6
 2866 0138 FFF7FEFF 		bl	ethernet_output
 2867              	.LVL262:
 2868              	.L207:
 897:Middlewares/Third_Party/LwIP/src/core/ipv4/etharp.c **** 
 2869              		.loc 1 897 1 view .LVU837
 2870 013c 05B0     		add	sp, sp, #20
 2871              	.LCFI35:
 2872              		.cfi_remember_state
 2873              		.cfi_def_cfa_offset 20
ARM GAS  /tmp/ccbstRKj.s 			page 84


 2874              		@ sp needed
 2875 013e F0BD     		pop	{r4, r5, r6, r7, pc}
 2876              	.LVL263:
 2877              	.L213:
 2878              	.LCFI36:
 2879              		.cfi_restore_state
 2880              	.LBB21:
 850:Middlewares/Third_Party/LwIP/src/core/ipv4/etharp.c ****           }
 2881              		.loc 1 850 20 view .LVU838
 2882 0140 6FF00300 		mvn	r0, #3
 2883 0144 FAE7     		b	.L207
 2884              	.L221:
 2885 0146 00BF     		.align	2
 2886              	.L220:
 2887 0148 00000000 		.word	.LANCHOR1
 2888 014c 00000000 		.word	.LANCHOR0
 2889 0150 00000000 		.word	.LC0
 2890 0154 00000000 		.word	.LC8
 2891 0158 40000000 		.word	.LC2
 2892 015c 34000000 		.word	.LC1
 2893 0160 00000000 		.word	.LC12
 2894 0164 00000000 		.word	ethbroadcast
 2895              	.LBE21:
 2896              		.cfi_endproc
 2897              	.LFE169:
 2899              		.section	.bss.arp_table,"aw",%nobits
 2900              		.align	2
 2901              		.set	.LANCHOR0,. + 0
 2904              	arp_table:
 2905 0000 00000000 		.space	240
 2905      00000000 
 2905      00000000 
 2905      00000000 
 2905      00000000 
 2906              		.section	.bss.etharp_cached_entry,"aw",%nobits
 2907              		.set	.LANCHOR1,. + 0
 2910              	etharp_cached_entry:
 2911 0000 00       		.space	1
 2912              		.text
 2913              	.Letext0:
 2914              		.file 2 "/opt/gcc-arm-none-eabi-9-2020-q2-update/arm-none-eabi/include/machine/_default_types.h"
 2915              		.file 3 "/opt/gcc-arm-none-eabi-9-2020-q2-update/arm-none-eabi/include/sys/_stdint.h"
 2916              		.file 4 "Drivers/CMSIS/Include/core_cm4.h"
 2917              		.file 5 "Drivers/CMSIS/Device/ST/STM32F4xx/Include/system_stm32f4xx.h"
 2918              		.file 6 "/opt/gcc-arm-none-eabi-9-2020-q2-update/lib/gcc/arm-none-eabi/9.3.1/include/stddef.h"
 2919              		.file 7 "Drivers/STM32F4xx_HAL_Driver/Inc/stm32f4xx_hal.h"
 2920              		.file 8 "/opt/gcc-arm-none-eabi-9-2020-q2-update/arm-none-eabi/include/sys/_types.h"
 2921              		.file 9 "/opt/gcc-arm-none-eabi-9-2020-q2-update/arm-none-eabi/include/sys/reent.h"
 2922              		.file 10 "/opt/gcc-arm-none-eabi-9-2020-q2-update/arm-none-eabi/include/sys/lock.h"
 2923              		.file 11 "/opt/gcc-arm-none-eabi-9-2020-q2-update/arm-none-eabi/include/stdlib.h"
 2924              		.file 12 "/opt/gcc-arm-none-eabi-9-2020-q2-update/arm-none-eabi/include/sys/types.h"
 2925              		.file 13 "/opt/gcc-arm-none-eabi-9-2020-q2-update/arm-none-eabi/include/time.h"
 2926              		.file 14 "Middlewares/Third_Party/LwIP/src/include/lwip/arch.h"
 2927              		.file 15 "/opt/gcc-arm-none-eabi-9-2020-q2-update/arm-none-eabi/include/ctype.h"
 2928              		.file 16 "Middlewares/Third_Party/LwIP/src/include/lwip/err.h"
 2929              		.file 17 "Middlewares/Third_Party/LwIP/src/include/lwip/pbuf.h"
 2930              		.file 18 "Middlewares/Third_Party/LwIP/src/include/lwip/ip4_addr.h"
ARM GAS  /tmp/ccbstRKj.s 			page 85


 2931              		.file 19 "Middlewares/Third_Party/LwIP/src/include/lwip/ip_addr.h"
 2932              		.file 20 "Middlewares/Third_Party/LwIP/src/include/lwip/memp.h"
 2933              		.file 21 "Middlewares/Third_Party/LwIP/src/include/lwip/priv/memp_priv.h"
 2934              		.file 22 "Middlewares/Third_Party/LwIP/src/include/lwip/netif.h"
 2935              		.file 23 "Middlewares/Third_Party/LwIP/src/include/lwip/prot/ethernet.h"
 2936              		.file 24 "Middlewares/Third_Party/LwIP/src/include/lwip/prot/etharp.h"
 2937              		.file 25 "Middlewares/Third_Party/LwIP/src/include/lwip/prot/ieee.h"
 2938              		.file 26 "Middlewares/Third_Party/LwIP/src/include/lwip/etharp.h"
 2939              		.file 27 "Middlewares/Third_Party/LwIP/src/include/lwip/prot/iana.h"
 2940              		.file 28 "Middlewares/Third_Party/LwIP/src/include/netif/ethernet.h"
 2941              		.file 29 "Middlewares/Third_Party/LwIP/src/include/lwip/def.h"
 2942              		.file 30 "/opt/gcc-arm-none-eabi-9-2020-q2-update/arm-none-eabi/include/stdio.h"
ARM GAS  /tmp/ccbstRKj.s 			page 86


DEFINED SYMBOLS
                            *ABS*:0000000000000000 etharp.c
     /tmp/ccbstRKj.s:18     .rodata.free_etharp_q.str1.4:0000000000000000 $d
     /tmp/ccbstRKj.s:32     .text.free_etharp_q:0000000000000000 $t
     /tmp/ccbstRKj.s:39     .text.free_etharp_q:0000000000000000 free_etharp_q
     /tmp/ccbstRKj.s:119    .text.free_etharp_q:0000000000000040 $d
     /tmp/ccbstRKj.s:127    .text.etharp_free_entry:0000000000000000 $t
     /tmp/ccbstRKj.s:133    .text.etharp_free_entry:0000000000000000 etharp_free_entry
     /tmp/ccbstRKj.s:200    .text.etharp_free_entry:0000000000000044 $d
     /tmp/ccbstRKj.s:206    .rodata.etharp_find_entry.str1.4:0000000000000000 $d
     /tmp/ccbstRKj.s:216    .text.etharp_find_entry:0000000000000000 $t
     /tmp/ccbstRKj.s:222    .text.etharp_find_entry:0000000000000000 etharp_find_entry
     /tmp/ccbstRKj.s:634    .text.etharp_find_entry:00000000000001a8 $d
     /tmp/ccbstRKj.s:644    .rodata.etharp_update_arp_entry.str1.4:0000000000000000 $d
     /tmp/ccbstRKj.s:648    .text.etharp_update_arp_entry:0000000000000000 $t
     /tmp/ccbstRKj.s:654    .text.etharp_update_arp_entry:0000000000000000 etharp_update_arp_entry
     /tmp/ccbstRKj.s:844    .text.etharp_update_arp_entry:00000000000000c0 $d
     /tmp/ccbstRKj.s:852    .rodata.etharp_raw.str1.4:0000000000000000 $d
     /tmp/ccbstRKj.s:863    .text.etharp_raw:0000000000000000 $t
     /tmp/ccbstRKj.s:869    .text.etharp_raw:0000000000000000 etharp_raw
     /tmp/ccbstRKj.s:1072   .text.etharp_raw:00000000000000d4 $d
     /tmp/ccbstRKj.s:1081   .text.etharp_request_dst:0000000000000000 $t
     /tmp/ccbstRKj.s:1087   .text.etharp_request_dst:0000000000000000 etharp_request_dst
     /tmp/ccbstRKj.s:1133   .text.etharp_request_dst:0000000000000024 $d
     /tmp/ccbstRKj.s:1138   .text.etharp_cleanup_netif:0000000000000000 $t
     /tmp/ccbstRKj.s:1145   .text.etharp_cleanup_netif:0000000000000000 etharp_cleanup_netif
     /tmp/ccbstRKj.s:1218   .text.etharp_cleanup_netif:0000000000000038 $d
     /tmp/ccbstRKj.s:1223   .rodata.etharp_find_addr.str1.4:0000000000000000 $d
     /tmp/ccbstRKj.s:1227   .text.etharp_find_addr:0000000000000000 $t
     /tmp/ccbstRKj.s:1234   .text.etharp_find_addr:0000000000000000 etharp_find_addr
     /tmp/ccbstRKj.s:1341   .text.etharp_find_addr:0000000000000068 $d
     /tmp/ccbstRKj.s:1349   .rodata.etharp_get_entry.str1.4:0000000000000000 $d
     /tmp/ccbstRKj.s:1356   .text.etharp_get_entry:0000000000000000 $t
     /tmp/ccbstRKj.s:1363   .text.etharp_get_entry:0000000000000000 etharp_get_entry
     /tmp/ccbstRKj.s:1494   .text.etharp_get_entry:0000000000000080 $d
     /tmp/ccbstRKj.s:1504   .text.etharp_input:0000000000000000 $t
     /tmp/ccbstRKj.s:1511   .text.etharp_input:0000000000000000 etharp_input
     /tmp/ccbstRKj.s:1698   .text.etharp_input:00000000000000ac $d
     /tmp/ccbstRKj.s:1705   .text.etharp_request:0000000000000000 $t
     /tmp/ccbstRKj.s:1712   .text.etharp_request:0000000000000000 etharp_request
     /tmp/ccbstRKj.s:1738   .text.etharp_request:000000000000000c $d
     /tmp/ccbstRKj.s:1743   .text.etharp_tmr:0000000000000000 $t
     /tmp/ccbstRKj.s:1750   .text.etharp_tmr:0000000000000000 etharp_tmr
     /tmp/ccbstRKj.s:1897   .text.etharp_tmr:0000000000000084 $d
     /tmp/ccbstRKj.s:1902   .rodata.etharp_output_to_arp_index.str1.4:0000000000000000 $d
     /tmp/ccbstRKj.s:1906   .text.etharp_output_to_arp_index:0000000000000000 $t
     /tmp/ccbstRKj.s:1912   .text.etharp_output_to_arp_index:0000000000000000 etharp_output_to_arp_index
     /tmp/ccbstRKj.s:2061   .text.etharp_output_to_arp_index:00000000000000cc $d
     /tmp/ccbstRKj.s:2069   .rodata.etharp_query.str1.4:0000000000000000 $d
     /tmp/ccbstRKj.s:2079   .text.etharp_query:0000000000000000 $t
     /tmp/ccbstRKj.s:2086   .text.etharp_query:0000000000000000 etharp_query
     /tmp/ccbstRKj.s:2569   .text.etharp_query:00000000000001f4 $d
     /tmp/ccbstRKj.s:2582   .text.etharp_output:0000000000000000 $t
     /tmp/ccbstRKj.s:2589   .text.etharp_output:0000000000000000 etharp_output
     /tmp/ccbstRKj.s:2887   .text.etharp_output:0000000000000148 $d
     /tmp/ccbstRKj.s:2900   .bss.arp_table:0000000000000000 $d
     /tmp/ccbstRKj.s:2904   .bss.arp_table:0000000000000000 arp_table
ARM GAS  /tmp/ccbstRKj.s 			page 87


     /tmp/ccbstRKj.s:2910   .bss.etharp_cached_entry:0000000000000000 etharp_cached_entry
     /tmp/ccbstRKj.s:2911   .bss.etharp_cached_entry:0000000000000000 $d

UNDEFINED SYMBOLS
printf
pbuf_free
memp_free
ethzero
ip4_addr_isbroadcast_u32
ethernet_output
pbuf_alloc
lwip_htons
ethbroadcast
pbuf_clone
memp_malloc
pbuf_ref
