ARM GAS  /tmp/ccekGo1E.s 			page 1


   1              		.cpu cortex-m4
   2              		.eabi_attribute 27, 1
   3              		.eabi_attribute 28, 1
   4              		.eabi_attribute 20, 1
   5              		.eabi_attribute 21, 1
   6              		.eabi_attribute 23, 3
   7              		.eabi_attribute 24, 1
   8              		.eabi_attribute 25, 1
   9              		.eabi_attribute 26, 1
  10              		.eabi_attribute 30, 1
  11              		.eabi_attribute 34, 1
  12              		.eabi_attribute 18, 4
  13              		.file	"mqtt.c"
  14              		.text
  15              	.Ltext0:
  16              		.cfi_sections	.debug_frame
  17              		.section	.text.msg_generate_packet_id,"ax",%progbits
  18              		.align	1
  19              		.arch armv7e-m
  20              		.syntax unified
  21              		.thumb
  22              		.thumb_func
  23              		.fpu fpv4-sp-d16
  25              	msg_generate_packet_id:
  26              	.LVL0:
  27              	.LFB160:
  28              		.file 1 "Middlewares/Third_Party/LwIP/src/apps/mqtt/mqtt.c"
   1:Middlewares/Third_Party/LwIP/src/apps/mqtt/mqtt.c **** /**
   2:Middlewares/Third_Party/LwIP/src/apps/mqtt/mqtt.c ****  * @file
   3:Middlewares/Third_Party/LwIP/src/apps/mqtt/mqtt.c ****  * MQTT client
   4:Middlewares/Third_Party/LwIP/src/apps/mqtt/mqtt.c ****  *
   5:Middlewares/Third_Party/LwIP/src/apps/mqtt/mqtt.c ****  * @defgroup mqtt MQTT client
   6:Middlewares/Third_Party/LwIP/src/apps/mqtt/mqtt.c ****  * @ingroup apps
   7:Middlewares/Third_Party/LwIP/src/apps/mqtt/mqtt.c ****  * @verbinclude mqtt_client.txt
   8:Middlewares/Third_Party/LwIP/src/apps/mqtt/mqtt.c ****  */
   9:Middlewares/Third_Party/LwIP/src/apps/mqtt/mqtt.c **** 
  10:Middlewares/Third_Party/LwIP/src/apps/mqtt/mqtt.c **** /*
  11:Middlewares/Third_Party/LwIP/src/apps/mqtt/mqtt.c ****  * Copyright (c) 2016 Erik Andersson <erian747@gmail.com>
  12:Middlewares/Third_Party/LwIP/src/apps/mqtt/mqtt.c ****  * All rights reserved.
  13:Middlewares/Third_Party/LwIP/src/apps/mqtt/mqtt.c ****  *
  14:Middlewares/Third_Party/LwIP/src/apps/mqtt/mqtt.c ****  * Redistribution and use in source and binary forms, with or without modification,
  15:Middlewares/Third_Party/LwIP/src/apps/mqtt/mqtt.c ****  * are permitted provided that the following conditions are met:
  16:Middlewares/Third_Party/LwIP/src/apps/mqtt/mqtt.c ****  *
  17:Middlewares/Third_Party/LwIP/src/apps/mqtt/mqtt.c ****  * 1. Redistributions of source code must retain the above copyright notice,
  18:Middlewares/Third_Party/LwIP/src/apps/mqtt/mqtt.c ****  *    this list of conditions and the following disclaimer.
  19:Middlewares/Third_Party/LwIP/src/apps/mqtt/mqtt.c ****  * 2. Redistributions in binary form must reproduce the above copyright notice,
  20:Middlewares/Third_Party/LwIP/src/apps/mqtt/mqtt.c ****  *    this list of conditions and the following disclaimer in the documentation
  21:Middlewares/Third_Party/LwIP/src/apps/mqtt/mqtt.c ****  *    and/or other materials provided with the distribution.
  22:Middlewares/Third_Party/LwIP/src/apps/mqtt/mqtt.c ****  * 3. The name of the author may not be used to endorse or promote products
  23:Middlewares/Third_Party/LwIP/src/apps/mqtt/mqtt.c ****  *    derived from this software without specific prior written permission.
  24:Middlewares/Third_Party/LwIP/src/apps/mqtt/mqtt.c ****  *
  25:Middlewares/Third_Party/LwIP/src/apps/mqtt/mqtt.c ****  * THIS SOFTWARE IS PROVIDED BY THE AUTHOR ``AS IS'' AND ANY EXPRESS OR IMPLIED
  26:Middlewares/Third_Party/LwIP/src/apps/mqtt/mqtt.c ****  * WARRANTIES, INCLUDING, BUT NOT LIMITED TO, THE IMPLIED WARRANTIES OF
  27:Middlewares/Third_Party/LwIP/src/apps/mqtt/mqtt.c ****  * MERCHANTABILITY AND FITNESS FOR A PARTICULAR PURPOSE ARE DISCLAIMED. IN NO EVENT
  28:Middlewares/Third_Party/LwIP/src/apps/mqtt/mqtt.c ****  * SHALL THE AUTHOR BE LIABLE FOR ANY DIRECT, INDIRECT, INCIDENTAL, SPECIAL,
  29:Middlewares/Third_Party/LwIP/src/apps/mqtt/mqtt.c ****  * EXEMPLARY, OR CONSEQUENTIAL DAMAGES (INCLUDING, BUT NOT LIMITED TO, PROCUREMENT
  30:Middlewares/Third_Party/LwIP/src/apps/mqtt/mqtt.c ****  * OF SUBSTITUTE GOODS OR SERVICES; LOSS OF USE, DATA, OR PROFITS; OR BUSINESS
ARM GAS  /tmp/ccekGo1E.s 			page 2


  31:Middlewares/Third_Party/LwIP/src/apps/mqtt/mqtt.c ****  * INTERRUPTION) HOWEVER CAUSED AND ON ANY THEORY OF LIABILITY, WHETHER IN
  32:Middlewares/Third_Party/LwIP/src/apps/mqtt/mqtt.c ****  * CONTRACT, STRICT LIABILITY, OR TORT (INCLUDING NEGLIGENCE OR OTHERWISE) ARISING
  33:Middlewares/Third_Party/LwIP/src/apps/mqtt/mqtt.c ****  * IN ANY WAY OUT OF THE USE OF THIS SOFTWARE, EVEN IF ADVISED OF THE POSSIBILITY
  34:Middlewares/Third_Party/LwIP/src/apps/mqtt/mqtt.c ****  * OF SUCH DAMAGE.
  35:Middlewares/Third_Party/LwIP/src/apps/mqtt/mqtt.c ****  *
  36:Middlewares/Third_Party/LwIP/src/apps/mqtt/mqtt.c ****  * This file is part of the lwIP TCP/IP stack
  37:Middlewares/Third_Party/LwIP/src/apps/mqtt/mqtt.c ****  *
  38:Middlewares/Third_Party/LwIP/src/apps/mqtt/mqtt.c ****  * Author: Erik Andersson <erian747@gmail.com>
  39:Middlewares/Third_Party/LwIP/src/apps/mqtt/mqtt.c ****  *
  40:Middlewares/Third_Party/LwIP/src/apps/mqtt/mqtt.c ****  *
  41:Middlewares/Third_Party/LwIP/src/apps/mqtt/mqtt.c ****  * @todo:
  42:Middlewares/Third_Party/LwIP/src/apps/mqtt/mqtt.c ****  * - Handle large outgoing payloads for PUBLISH messages
  43:Middlewares/Third_Party/LwIP/src/apps/mqtt/mqtt.c ****  * - Fix restriction of a single topic in each (UN)SUBSCRIBE message (protocol has support for mult
  44:Middlewares/Third_Party/LwIP/src/apps/mqtt/mqtt.c ****  * - Add support for legacy MQTT protocol version
  45:Middlewares/Third_Party/LwIP/src/apps/mqtt/mqtt.c ****  *
  46:Middlewares/Third_Party/LwIP/src/apps/mqtt/mqtt.c ****  * Please coordinate changes and requests with Erik Andersson
  47:Middlewares/Third_Party/LwIP/src/apps/mqtt/mqtt.c ****  * Erik Andersson <erian747@gmail.com>
  48:Middlewares/Third_Party/LwIP/src/apps/mqtt/mqtt.c ****  *
  49:Middlewares/Third_Party/LwIP/src/apps/mqtt/mqtt.c ****  */
  50:Middlewares/Third_Party/LwIP/src/apps/mqtt/mqtt.c **** #include "lwip/apps/mqtt.h"
  51:Middlewares/Third_Party/LwIP/src/apps/mqtt/mqtt.c **** #include "lwip/apps/mqtt_priv.h"
  52:Middlewares/Third_Party/LwIP/src/apps/mqtt/mqtt.c **** #include "lwip/timeouts.h"
  53:Middlewares/Third_Party/LwIP/src/apps/mqtt/mqtt.c **** #include "lwip/ip_addr.h"
  54:Middlewares/Third_Party/LwIP/src/apps/mqtt/mqtt.c **** #include "lwip/mem.h"
  55:Middlewares/Third_Party/LwIP/src/apps/mqtt/mqtt.c **** #include "lwip/err.h"
  56:Middlewares/Third_Party/LwIP/src/apps/mqtt/mqtt.c **** #include "lwip/pbuf.h"
  57:Middlewares/Third_Party/LwIP/src/apps/mqtt/mqtt.c **** #include "lwip/altcp.h"
  58:Middlewares/Third_Party/LwIP/src/apps/mqtt/mqtt.c **** #include "lwip/altcp_tcp.h"
  59:Middlewares/Third_Party/LwIP/src/apps/mqtt/mqtt.c **** #include "lwip/altcp_tls.h"
  60:Middlewares/Third_Party/LwIP/src/apps/mqtt/mqtt.c **** #include <string.h>
  61:Middlewares/Third_Party/LwIP/src/apps/mqtt/mqtt.c **** 
  62:Middlewares/Third_Party/LwIP/src/apps/mqtt/mqtt.c **** #if LWIP_TCP && LWIP_CALLBACK_API
  63:Middlewares/Third_Party/LwIP/src/apps/mqtt/mqtt.c **** 
  64:Middlewares/Third_Party/LwIP/src/apps/mqtt/mqtt.c **** /**
  65:Middlewares/Third_Party/LwIP/src/apps/mqtt/mqtt.c ****  * MQTT_DEBUG: Default is off.
  66:Middlewares/Third_Party/LwIP/src/apps/mqtt/mqtt.c ****  */
  67:Middlewares/Third_Party/LwIP/src/apps/mqtt/mqtt.c **** #if !defined MQTT_DEBUG || defined __DOXYGEN__
  68:Middlewares/Third_Party/LwIP/src/apps/mqtt/mqtt.c **** #define MQTT_DEBUG                  LWIP_DBG_OFF
  69:Middlewares/Third_Party/LwIP/src/apps/mqtt/mqtt.c **** #endif
  70:Middlewares/Third_Party/LwIP/src/apps/mqtt/mqtt.c **** 
  71:Middlewares/Third_Party/LwIP/src/apps/mqtt/mqtt.c **** #define MQTT_DEBUG_TRACE        (MQTT_DEBUG | LWIP_DBG_TRACE)
  72:Middlewares/Third_Party/LwIP/src/apps/mqtt/mqtt.c **** #define MQTT_DEBUG_STATE        (MQTT_DEBUG | LWIP_DBG_STATE)
  73:Middlewares/Third_Party/LwIP/src/apps/mqtt/mqtt.c **** #define MQTT_DEBUG_WARN         (MQTT_DEBUG | LWIP_DBG_LEVEL_WARNING)
  74:Middlewares/Third_Party/LwIP/src/apps/mqtt/mqtt.c **** #define MQTT_DEBUG_WARN_STATE   (MQTT_DEBUG | LWIP_DBG_LEVEL_WARNING | LWIP_DBG_STATE)
  75:Middlewares/Third_Party/LwIP/src/apps/mqtt/mqtt.c **** #define MQTT_DEBUG_SERIOUS      (MQTT_DEBUG | LWIP_DBG_LEVEL_SERIOUS)
  76:Middlewares/Third_Party/LwIP/src/apps/mqtt/mqtt.c **** 
  77:Middlewares/Third_Party/LwIP/src/apps/mqtt/mqtt.c **** 
  78:Middlewares/Third_Party/LwIP/src/apps/mqtt/mqtt.c **** 
  79:Middlewares/Third_Party/LwIP/src/apps/mqtt/mqtt.c **** /**
  80:Middlewares/Third_Party/LwIP/src/apps/mqtt/mqtt.c ****  * MQTT client connection states
  81:Middlewares/Third_Party/LwIP/src/apps/mqtt/mqtt.c ****  */
  82:Middlewares/Third_Party/LwIP/src/apps/mqtt/mqtt.c **** enum {
  83:Middlewares/Third_Party/LwIP/src/apps/mqtt/mqtt.c ****   TCP_DISCONNECTED,
  84:Middlewares/Third_Party/LwIP/src/apps/mqtt/mqtt.c ****   TCP_CONNECTING,
  85:Middlewares/Third_Party/LwIP/src/apps/mqtt/mqtt.c ****   MQTT_CONNECTING,
  86:Middlewares/Third_Party/LwIP/src/apps/mqtt/mqtt.c ****   MQTT_CONNECTED
  87:Middlewares/Third_Party/LwIP/src/apps/mqtt/mqtt.c **** };
ARM GAS  /tmp/ccekGo1E.s 			page 3


  88:Middlewares/Third_Party/LwIP/src/apps/mqtt/mqtt.c **** 
  89:Middlewares/Third_Party/LwIP/src/apps/mqtt/mqtt.c **** /**
  90:Middlewares/Third_Party/LwIP/src/apps/mqtt/mqtt.c ****  * MQTT control message types
  91:Middlewares/Third_Party/LwIP/src/apps/mqtt/mqtt.c ****  */
  92:Middlewares/Third_Party/LwIP/src/apps/mqtt/mqtt.c **** enum mqtt_message_type {
  93:Middlewares/Third_Party/LwIP/src/apps/mqtt/mqtt.c ****   MQTT_MSG_TYPE_CONNECT = 1,
  94:Middlewares/Third_Party/LwIP/src/apps/mqtt/mqtt.c ****   MQTT_MSG_TYPE_CONNACK = 2,
  95:Middlewares/Third_Party/LwIP/src/apps/mqtt/mqtt.c ****   MQTT_MSG_TYPE_PUBLISH = 3,
  96:Middlewares/Third_Party/LwIP/src/apps/mqtt/mqtt.c ****   MQTT_MSG_TYPE_PUBACK = 4,
  97:Middlewares/Third_Party/LwIP/src/apps/mqtt/mqtt.c ****   MQTT_MSG_TYPE_PUBREC = 5,
  98:Middlewares/Third_Party/LwIP/src/apps/mqtt/mqtt.c ****   MQTT_MSG_TYPE_PUBREL = 6,
  99:Middlewares/Third_Party/LwIP/src/apps/mqtt/mqtt.c ****   MQTT_MSG_TYPE_PUBCOMP = 7,
 100:Middlewares/Third_Party/LwIP/src/apps/mqtt/mqtt.c ****   MQTT_MSG_TYPE_SUBSCRIBE = 8,
 101:Middlewares/Third_Party/LwIP/src/apps/mqtt/mqtt.c ****   MQTT_MSG_TYPE_SUBACK = 9,
 102:Middlewares/Third_Party/LwIP/src/apps/mqtt/mqtt.c ****   MQTT_MSG_TYPE_UNSUBSCRIBE = 10,
 103:Middlewares/Third_Party/LwIP/src/apps/mqtt/mqtt.c ****   MQTT_MSG_TYPE_UNSUBACK = 11,
 104:Middlewares/Third_Party/LwIP/src/apps/mqtt/mqtt.c ****   MQTT_MSG_TYPE_PINGREQ = 12,
 105:Middlewares/Third_Party/LwIP/src/apps/mqtt/mqtt.c ****   MQTT_MSG_TYPE_PINGRESP = 13,
 106:Middlewares/Third_Party/LwIP/src/apps/mqtt/mqtt.c ****   MQTT_MSG_TYPE_DISCONNECT = 14
 107:Middlewares/Third_Party/LwIP/src/apps/mqtt/mqtt.c **** };
 108:Middlewares/Third_Party/LwIP/src/apps/mqtt/mqtt.c **** 
 109:Middlewares/Third_Party/LwIP/src/apps/mqtt/mqtt.c **** /** Helpers to extract control packet type and qos from first byte in fixed header */
 110:Middlewares/Third_Party/LwIP/src/apps/mqtt/mqtt.c **** #define MQTT_CTL_PACKET_TYPE(fixed_hdr_byte0) ((fixed_hdr_byte0 & 0xf0) >> 4)
 111:Middlewares/Third_Party/LwIP/src/apps/mqtt/mqtt.c **** #define MQTT_CTL_PACKET_QOS(fixed_hdr_byte0) ((fixed_hdr_byte0 & 0x6) >> 1)
 112:Middlewares/Third_Party/LwIP/src/apps/mqtt/mqtt.c **** 
 113:Middlewares/Third_Party/LwIP/src/apps/mqtt/mqtt.c **** /**
 114:Middlewares/Third_Party/LwIP/src/apps/mqtt/mqtt.c ****  * MQTT connect flags, only used in CONNECT message
 115:Middlewares/Third_Party/LwIP/src/apps/mqtt/mqtt.c ****  */
 116:Middlewares/Third_Party/LwIP/src/apps/mqtt/mqtt.c **** enum mqtt_connect_flag {
 117:Middlewares/Third_Party/LwIP/src/apps/mqtt/mqtt.c ****   MQTT_CONNECT_FLAG_USERNAME = 1 << 7,
 118:Middlewares/Third_Party/LwIP/src/apps/mqtt/mqtt.c ****   MQTT_CONNECT_FLAG_PASSWORD = 1 << 6,
 119:Middlewares/Third_Party/LwIP/src/apps/mqtt/mqtt.c ****   MQTT_CONNECT_FLAG_WILL_RETAIN = 1 << 5,
 120:Middlewares/Third_Party/LwIP/src/apps/mqtt/mqtt.c ****   MQTT_CONNECT_FLAG_WILL = 1 << 2,
 121:Middlewares/Third_Party/LwIP/src/apps/mqtt/mqtt.c ****   MQTT_CONNECT_FLAG_CLEAN_SESSION = 1 << 1
 122:Middlewares/Third_Party/LwIP/src/apps/mqtt/mqtt.c **** };
 123:Middlewares/Third_Party/LwIP/src/apps/mqtt/mqtt.c **** 
 124:Middlewares/Third_Party/LwIP/src/apps/mqtt/mqtt.c **** 
 125:Middlewares/Third_Party/LwIP/src/apps/mqtt/mqtt.c **** static void mqtt_cyclic_timer(void *arg);
 126:Middlewares/Third_Party/LwIP/src/apps/mqtt/mqtt.c **** 
 127:Middlewares/Third_Party/LwIP/src/apps/mqtt/mqtt.c **** #if defined(LWIP_DEBUG)
 128:Middlewares/Third_Party/LwIP/src/apps/mqtt/mqtt.c **** static const char *const mqtt_message_type_str[15] = {
 129:Middlewares/Third_Party/LwIP/src/apps/mqtt/mqtt.c ****   "UNDEFINED",
 130:Middlewares/Third_Party/LwIP/src/apps/mqtt/mqtt.c ****   "CONNECT",
 131:Middlewares/Third_Party/LwIP/src/apps/mqtt/mqtt.c ****   "CONNACK",
 132:Middlewares/Third_Party/LwIP/src/apps/mqtt/mqtt.c ****   "PUBLISH",
 133:Middlewares/Third_Party/LwIP/src/apps/mqtt/mqtt.c ****   "PUBACK",
 134:Middlewares/Third_Party/LwIP/src/apps/mqtt/mqtt.c ****   "PUBREC",
 135:Middlewares/Third_Party/LwIP/src/apps/mqtt/mqtt.c ****   "PUBREL",
 136:Middlewares/Third_Party/LwIP/src/apps/mqtt/mqtt.c ****   "PUBCOMP",
 137:Middlewares/Third_Party/LwIP/src/apps/mqtt/mqtt.c ****   "SUBSCRIBE",
 138:Middlewares/Third_Party/LwIP/src/apps/mqtt/mqtt.c ****   "SUBACK",
 139:Middlewares/Third_Party/LwIP/src/apps/mqtt/mqtt.c ****   "UNSUBSCRIBE",
 140:Middlewares/Third_Party/LwIP/src/apps/mqtt/mqtt.c ****   "UNSUBACK",
 141:Middlewares/Third_Party/LwIP/src/apps/mqtt/mqtt.c ****   "PINGREQ",
 142:Middlewares/Third_Party/LwIP/src/apps/mqtt/mqtt.c ****   "PINGRESP",
 143:Middlewares/Third_Party/LwIP/src/apps/mqtt/mqtt.c ****   "DISCONNECT"
 144:Middlewares/Third_Party/LwIP/src/apps/mqtt/mqtt.c **** };
ARM GAS  /tmp/ccekGo1E.s 			page 4


 145:Middlewares/Third_Party/LwIP/src/apps/mqtt/mqtt.c **** 
 146:Middlewares/Third_Party/LwIP/src/apps/mqtt/mqtt.c **** /**
 147:Middlewares/Third_Party/LwIP/src/apps/mqtt/mqtt.c ****  * Message type value to string
 148:Middlewares/Third_Party/LwIP/src/apps/mqtt/mqtt.c ****  * @param msg_type see enum mqtt_message_type
 149:Middlewares/Third_Party/LwIP/src/apps/mqtt/mqtt.c ****  *
 150:Middlewares/Third_Party/LwIP/src/apps/mqtt/mqtt.c ****  * @return Control message type text string
 151:Middlewares/Third_Party/LwIP/src/apps/mqtt/mqtt.c ****  */
 152:Middlewares/Third_Party/LwIP/src/apps/mqtt/mqtt.c **** static const char *
 153:Middlewares/Third_Party/LwIP/src/apps/mqtt/mqtt.c **** mqtt_msg_type_to_str(u8_t msg_type)
 154:Middlewares/Third_Party/LwIP/src/apps/mqtt/mqtt.c **** {
 155:Middlewares/Third_Party/LwIP/src/apps/mqtt/mqtt.c ****   if (msg_type >= LWIP_ARRAYSIZE(mqtt_message_type_str)) {
 156:Middlewares/Third_Party/LwIP/src/apps/mqtt/mqtt.c ****     msg_type = 0;
 157:Middlewares/Third_Party/LwIP/src/apps/mqtt/mqtt.c ****   }
 158:Middlewares/Third_Party/LwIP/src/apps/mqtt/mqtt.c ****   return mqtt_message_type_str[msg_type];
 159:Middlewares/Third_Party/LwIP/src/apps/mqtt/mqtt.c **** }
 160:Middlewares/Third_Party/LwIP/src/apps/mqtt/mqtt.c **** 
 161:Middlewares/Third_Party/LwIP/src/apps/mqtt/mqtt.c **** #endif
 162:Middlewares/Third_Party/LwIP/src/apps/mqtt/mqtt.c **** 
 163:Middlewares/Third_Party/LwIP/src/apps/mqtt/mqtt.c **** 
 164:Middlewares/Third_Party/LwIP/src/apps/mqtt/mqtt.c **** /**
 165:Middlewares/Third_Party/LwIP/src/apps/mqtt/mqtt.c ****  * Generate MQTT packet identifier
 166:Middlewares/Third_Party/LwIP/src/apps/mqtt/mqtt.c ****  * @param client MQTT client
 167:Middlewares/Third_Party/LwIP/src/apps/mqtt/mqtt.c ****  * @return New packet identifier, range 1 to 65535
 168:Middlewares/Third_Party/LwIP/src/apps/mqtt/mqtt.c ****  */
 169:Middlewares/Third_Party/LwIP/src/apps/mqtt/mqtt.c **** static u16_t
 170:Middlewares/Third_Party/LwIP/src/apps/mqtt/mqtt.c **** msg_generate_packet_id(mqtt_client_t *client)
 171:Middlewares/Third_Party/LwIP/src/apps/mqtt/mqtt.c **** {
  29              		.loc 1 171 1 view -0
  30              		.cfi_startproc
  31              		@ args = 0, pretend = 0, frame = 0
  32              		@ frame_needed = 0, uses_anonymous_args = 0
  33              		@ link register save eliminated.
 172:Middlewares/Third_Party/LwIP/src/apps/mqtt/mqtt.c ****   client->pkt_id_seq++;
  34              		.loc 1 172 3 view .LVU1
  35              		.loc 1 172 9 is_stmt 0 view .LVU2
  36 0000 C388     		ldrh	r3, [r0, #6]
  37              		.loc 1 172 21 view .LVU3
  38 0002 0133     		adds	r3, r3, #1
  39 0004 9BB2     		uxth	r3, r3
  40 0006 C380     		strh	r3, [r0, #6]	@ movhi
 173:Middlewares/Third_Party/LwIP/src/apps/mqtt/mqtt.c ****   if (client->pkt_id_seq == 0) {
  41              		.loc 1 173 3 is_stmt 1 view .LVU4
  42              		.loc 1 173 6 is_stmt 0 view .LVU5
  43 0008 0BB9     		cbnz	r3, .L2
 174:Middlewares/Third_Party/LwIP/src/apps/mqtt/mqtt.c ****     client->pkt_id_seq++;
  44              		.loc 1 174 5 is_stmt 1 view .LVU6
  45              		.loc 1 174 23 is_stmt 0 view .LVU7
  46 000a 0133     		adds	r3, r3, #1
  47 000c C380     		strh	r3, [r0, #6]	@ movhi
  48              	.L2:
 175:Middlewares/Third_Party/LwIP/src/apps/mqtt/mqtt.c ****   }
 176:Middlewares/Third_Party/LwIP/src/apps/mqtt/mqtt.c ****   return client->pkt_id_seq;
  49              		.loc 1 176 3 is_stmt 1 view .LVU8
 177:Middlewares/Third_Party/LwIP/src/apps/mqtt/mqtt.c **** }
  50              		.loc 1 177 1 is_stmt 0 view .LVU9
  51 000e C088     		ldrh	r0, [r0, #6]
  52              	.LVL1:
ARM GAS  /tmp/ccekGo1E.s 			page 5


  53              		.loc 1 177 1 view .LVU10
  54 0010 7047     		bx	lr
  55              		.cfi_endproc
  56              	.LFE160:
  58              		.section	.text.mqtt_ringbuf_put,"ax",%progbits
  59              		.align	1
  60              		.syntax unified
  61              		.thumb
  62              		.thumb_func
  63              		.fpu fpv4-sp-d16
  65              	mqtt_ringbuf_put:
  66              	.LVL2:
  67              	.LFB161:
 178:Middlewares/Third_Party/LwIP/src/apps/mqtt/mqtt.c **** 
 179:Middlewares/Third_Party/LwIP/src/apps/mqtt/mqtt.c **** /*-------------------------------------------------------------------------------------------------
 180:Middlewares/Third_Party/LwIP/src/apps/mqtt/mqtt.c **** /* Output ring buffer */
 181:Middlewares/Third_Party/LwIP/src/apps/mqtt/mqtt.c **** 
 182:Middlewares/Third_Party/LwIP/src/apps/mqtt/mqtt.c **** /** Add single item to ring buffer */
 183:Middlewares/Third_Party/LwIP/src/apps/mqtt/mqtt.c **** static void
 184:Middlewares/Third_Party/LwIP/src/apps/mqtt/mqtt.c **** mqtt_ringbuf_put(struct mqtt_ringbuf_t *rb, u8_t item)
 185:Middlewares/Third_Party/LwIP/src/apps/mqtt/mqtt.c **** {
  68              		.loc 1 185 1 is_stmt 1 view -0
  69              		.cfi_startproc
  70              		@ args = 0, pretend = 0, frame = 0
  71              		@ frame_needed = 0, uses_anonymous_args = 0
  72              		@ link register save eliminated.
 186:Middlewares/Third_Party/LwIP/src/apps/mqtt/mqtt.c ****   rb->buf[rb->put] = item;
  73              		.loc 1 186 3 view .LVU12
  74              		.loc 1 186 13 is_stmt 0 view .LVU13
  75 0000 0388     		ldrh	r3, [r0]
  76              		.loc 1 186 20 view .LVU14
  77 0002 C218     		adds	r2, r0, r3
  78 0004 1171     		strb	r1, [r2, #4]
 187:Middlewares/Third_Party/LwIP/src/apps/mqtt/mqtt.c ****   rb->put++;
  79              		.loc 1 187 3 is_stmt 1 view .LVU15
  80              		.loc 1 187 10 is_stmt 0 view .LVU16
  81 0006 0133     		adds	r3, r3, #1
  82 0008 9BB2     		uxth	r3, r3
  83 000a 0380     		strh	r3, [r0]	@ movhi
 188:Middlewares/Third_Party/LwIP/src/apps/mqtt/mqtt.c ****   if (rb->put >= MQTT_OUTPUT_RINGBUF_SIZE) {
  84              		.loc 1 188 3 is_stmt 1 view .LVU17
  85              		.loc 1 188 6 is_stmt 0 view .LVU18
  86 000c FF2B     		cmp	r3, #255
  87 000e 01D9     		bls	.L3
 189:Middlewares/Third_Party/LwIP/src/apps/mqtt/mqtt.c ****     rb->put = 0;
  88              		.loc 1 189 5 is_stmt 1 view .LVU19
  89              		.loc 1 189 13 is_stmt 0 view .LVU20
  90 0010 0023     		movs	r3, #0
  91 0012 0380     		strh	r3, [r0]	@ movhi
  92              	.L3:
 190:Middlewares/Third_Party/LwIP/src/apps/mqtt/mqtt.c ****   }
 191:Middlewares/Third_Party/LwIP/src/apps/mqtt/mqtt.c **** }
  93              		.loc 1 191 1 view .LVU21
  94 0014 7047     		bx	lr
  95              		.cfi_endproc
  96              	.LFE161:
  98              		.section	.text.mqtt_ringbuf_get_ptr,"ax",%progbits
ARM GAS  /tmp/ccekGo1E.s 			page 6


  99              		.align	1
 100              		.syntax unified
 101              		.thumb
 102              		.thumb_func
 103              		.fpu fpv4-sp-d16
 105              	mqtt_ringbuf_get_ptr:
 106              	.LVL3:
 107              	.LFB162:
 192:Middlewares/Third_Party/LwIP/src/apps/mqtt/mqtt.c **** 
 193:Middlewares/Third_Party/LwIP/src/apps/mqtt/mqtt.c **** /** Return pointer to ring buffer get position */
 194:Middlewares/Third_Party/LwIP/src/apps/mqtt/mqtt.c **** static u8_t *
 195:Middlewares/Third_Party/LwIP/src/apps/mqtt/mqtt.c **** mqtt_ringbuf_get_ptr(struct mqtt_ringbuf_t *rb)
 196:Middlewares/Third_Party/LwIP/src/apps/mqtt/mqtt.c **** {
 108              		.loc 1 196 1 is_stmt 1 view -0
 109              		.cfi_startproc
 110              		@ args = 0, pretend = 0, frame = 0
 111              		@ frame_needed = 0, uses_anonymous_args = 0
 112              		@ link register save eliminated.
 197:Middlewares/Third_Party/LwIP/src/apps/mqtt/mqtt.c ****   return &rb->buf[rb->get];
 113              		.loc 1 197 3 view .LVU23
 114              		.loc 1 197 21 is_stmt 0 view .LVU24
 115 0000 4388     		ldrh	r3, [r0, #2]
 116              		.loc 1 197 10 view .LVU25
 117 0002 1844     		add	r0, r0, r3
 118              	.LVL4:
 198:Middlewares/Third_Party/LwIP/src/apps/mqtt/mqtt.c **** }
 119              		.loc 1 198 1 view .LVU26
 120 0004 0430     		adds	r0, r0, #4
 121 0006 7047     		bx	lr
 122              		.cfi_endproc
 123              	.LFE162:
 125              		.section	.text.mqtt_ringbuf_len,"ax",%progbits
 126              		.align	1
 127              		.syntax unified
 128              		.thumb
 129              		.thumb_func
 130              		.fpu fpv4-sp-d16
 132              	mqtt_ringbuf_len:
 133              	.LVL5:
 134              	.LFB164:
 199:Middlewares/Third_Party/LwIP/src/apps/mqtt/mqtt.c **** 
 200:Middlewares/Third_Party/LwIP/src/apps/mqtt/mqtt.c **** static void
 201:Middlewares/Third_Party/LwIP/src/apps/mqtt/mqtt.c **** mqtt_ringbuf_advance_get_idx(struct mqtt_ringbuf_t *rb, u16_t len)
 202:Middlewares/Third_Party/LwIP/src/apps/mqtt/mqtt.c **** {
 203:Middlewares/Third_Party/LwIP/src/apps/mqtt/mqtt.c ****   LWIP_ASSERT("mqtt_ringbuf_advance_get_idx: len < MQTT_OUTPUT_RINGBUF_SIZE", len < MQTT_OUTPUT_RIN
 204:Middlewares/Third_Party/LwIP/src/apps/mqtt/mqtt.c **** 
 205:Middlewares/Third_Party/LwIP/src/apps/mqtt/mqtt.c ****   rb->get += len;
 206:Middlewares/Third_Party/LwIP/src/apps/mqtt/mqtt.c ****   if (rb->get >= MQTT_OUTPUT_RINGBUF_SIZE) {
 207:Middlewares/Third_Party/LwIP/src/apps/mqtt/mqtt.c ****     rb->get = rb->get - MQTT_OUTPUT_RINGBUF_SIZE;
 208:Middlewares/Third_Party/LwIP/src/apps/mqtt/mqtt.c ****   }
 209:Middlewares/Third_Party/LwIP/src/apps/mqtt/mqtt.c **** }
 210:Middlewares/Third_Party/LwIP/src/apps/mqtt/mqtt.c **** 
 211:Middlewares/Third_Party/LwIP/src/apps/mqtt/mqtt.c **** /** Return number of bytes in ring buffer */
 212:Middlewares/Third_Party/LwIP/src/apps/mqtt/mqtt.c **** static u16_t
 213:Middlewares/Third_Party/LwIP/src/apps/mqtt/mqtt.c **** mqtt_ringbuf_len(struct mqtt_ringbuf_t *rb)
 214:Middlewares/Third_Party/LwIP/src/apps/mqtt/mqtt.c **** {
 135              		.loc 1 214 1 is_stmt 1 view -0
ARM GAS  /tmp/ccekGo1E.s 			page 7


 136              		.cfi_startproc
 137              		@ args = 0, pretend = 0, frame = 0
 138              		@ frame_needed = 0, uses_anonymous_args = 0
 139              		@ link register save eliminated.
 215:Middlewares/Third_Party/LwIP/src/apps/mqtt/mqtt.c ****   u32_t len = rb->put - rb->get;
 140              		.loc 1 215 3 view .LVU28
 141              		.loc 1 215 17 is_stmt 0 view .LVU29
 142 0000 0388     		ldrh	r3, [r0]
 143              		.loc 1 215 27 view .LVU30
 144 0002 4088     		ldrh	r0, [r0, #2]
 145              	.LVL6:
 146              		.loc 1 215 23 view .LVU31
 147 0004 181A     		subs	r0, r3, r0
 148              	.LVL7:
 216:Middlewares/Third_Party/LwIP/src/apps/mqtt/mqtt.c ****   if (len > 0xFFFF) {
 149              		.loc 1 216 3 is_stmt 1 view .LVU32
 150              		.loc 1 216 6 is_stmt 0 view .LVU33
 151 0006 B0F5803F 		cmp	r0, #65536
 152 000a 01D3     		bcc	.L7
 217:Middlewares/Third_Party/LwIP/src/apps/mqtt/mqtt.c ****     len += MQTT_OUTPUT_RINGBUF_SIZE;
 153              		.loc 1 217 5 is_stmt 1 view .LVU34
 154              		.loc 1 217 9 is_stmt 0 view .LVU35
 155 000c 00F58070 		add	r0, r0, #256
 156              	.LVL8:
 157              	.L7:
 218:Middlewares/Third_Party/LwIP/src/apps/mqtt/mqtt.c ****   }
 219:Middlewares/Third_Party/LwIP/src/apps/mqtt/mqtt.c ****   return (u16_t)len;
 158              		.loc 1 219 3 is_stmt 1 view .LVU36
 220:Middlewares/Third_Party/LwIP/src/apps/mqtt/mqtt.c **** }
 159              		.loc 1 220 1 is_stmt 0 view .LVU37
 160 0010 80B2     		uxth	r0, r0
 161              	.LVL9:
 162              		.loc 1 220 1 view .LVU38
 163 0012 7047     		bx	lr
 164              		.cfi_endproc
 165              	.LFE164:
 167              		.section	.text.mqtt_delete_request,"ax",%progbits
 168              		.align	1
 169              		.syntax unified
 170              		.thumb
 171              		.thumb_func
 172              		.fpu fpv4-sp-d16
 174              	mqtt_delete_request:
 175              	.LVL10:
 176              	.LFB168:
 221:Middlewares/Third_Party/LwIP/src/apps/mqtt/mqtt.c **** 
 222:Middlewares/Third_Party/LwIP/src/apps/mqtt/mqtt.c **** /** Return number of bytes free in ring buffer */
 223:Middlewares/Third_Party/LwIP/src/apps/mqtt/mqtt.c **** #define mqtt_ringbuf_free(rb) (MQTT_OUTPUT_RINGBUF_SIZE - mqtt_ringbuf_len(rb))
 224:Middlewares/Third_Party/LwIP/src/apps/mqtt/mqtt.c **** 
 225:Middlewares/Third_Party/LwIP/src/apps/mqtt/mqtt.c **** /** Return number of bytes possible to read without wrapping around */
 226:Middlewares/Third_Party/LwIP/src/apps/mqtt/mqtt.c **** #define mqtt_ringbuf_linear_read_length(rb) LWIP_MIN(mqtt_ringbuf_len(rb), (MQTT_OUTPUT_RINGBUF_SIZ
 227:Middlewares/Third_Party/LwIP/src/apps/mqtt/mqtt.c **** 
 228:Middlewares/Third_Party/LwIP/src/apps/mqtt/mqtt.c **** /**
 229:Middlewares/Third_Party/LwIP/src/apps/mqtt/mqtt.c ****  * Try send as many bytes as possible from output ring buffer
 230:Middlewares/Third_Party/LwIP/src/apps/mqtt/mqtt.c ****  * @param rb Output ring buffer
 231:Middlewares/Third_Party/LwIP/src/apps/mqtt/mqtt.c ****  * @param tpcb TCP connection handle
 232:Middlewares/Third_Party/LwIP/src/apps/mqtt/mqtt.c ****  */
ARM GAS  /tmp/ccekGo1E.s 			page 8


 233:Middlewares/Third_Party/LwIP/src/apps/mqtt/mqtt.c **** static void
 234:Middlewares/Third_Party/LwIP/src/apps/mqtt/mqtt.c **** mqtt_output_send(struct mqtt_ringbuf_t *rb, struct altcp_pcb *tpcb)
 235:Middlewares/Third_Party/LwIP/src/apps/mqtt/mqtt.c **** {
 236:Middlewares/Third_Party/LwIP/src/apps/mqtt/mqtt.c ****   err_t err;
 237:Middlewares/Third_Party/LwIP/src/apps/mqtt/mqtt.c ****   u8_t wrap = 0;
 238:Middlewares/Third_Party/LwIP/src/apps/mqtt/mqtt.c ****   u16_t ringbuf_lin_len = mqtt_ringbuf_linear_read_length(rb);
 239:Middlewares/Third_Party/LwIP/src/apps/mqtt/mqtt.c ****   u16_t send_len = altcp_sndbuf(tpcb);
 240:Middlewares/Third_Party/LwIP/src/apps/mqtt/mqtt.c ****   LWIP_ASSERT("mqtt_output_send: tpcb != NULL", tpcb != NULL);
 241:Middlewares/Third_Party/LwIP/src/apps/mqtt/mqtt.c **** 
 242:Middlewares/Third_Party/LwIP/src/apps/mqtt/mqtt.c ****   if (send_len == 0 || ringbuf_lin_len == 0) {
 243:Middlewares/Third_Party/LwIP/src/apps/mqtt/mqtt.c ****     return;
 244:Middlewares/Third_Party/LwIP/src/apps/mqtt/mqtt.c ****   }
 245:Middlewares/Third_Party/LwIP/src/apps/mqtt/mqtt.c **** 
 246:Middlewares/Third_Party/LwIP/src/apps/mqtt/mqtt.c ****   LWIP_DEBUGF(MQTT_DEBUG_TRACE, ("mqtt_output_send: tcp_sndbuf: %d bytes, ringbuf_linear_available:
 247:Middlewares/Third_Party/LwIP/src/apps/mqtt/mqtt.c ****                                  send_len, ringbuf_lin_len, rb->get, rb->put));
 248:Middlewares/Third_Party/LwIP/src/apps/mqtt/mqtt.c **** 
 249:Middlewares/Third_Party/LwIP/src/apps/mqtt/mqtt.c ****   if (send_len > ringbuf_lin_len) {
 250:Middlewares/Third_Party/LwIP/src/apps/mqtt/mqtt.c ****     /* Space in TCP output buffer is larger than available in ring buffer linear portion */
 251:Middlewares/Third_Party/LwIP/src/apps/mqtt/mqtt.c ****     send_len = ringbuf_lin_len;
 252:Middlewares/Third_Party/LwIP/src/apps/mqtt/mqtt.c ****     /* Wrap around if more data in ring buffer after linear portion */
 253:Middlewares/Third_Party/LwIP/src/apps/mqtt/mqtt.c ****     wrap = (mqtt_ringbuf_len(rb) > ringbuf_lin_len);
 254:Middlewares/Third_Party/LwIP/src/apps/mqtt/mqtt.c ****   }
 255:Middlewares/Third_Party/LwIP/src/apps/mqtt/mqtt.c ****   err = altcp_write(tpcb, mqtt_ringbuf_get_ptr(rb), send_len, TCP_WRITE_FLAG_COPY | (wrap ? TCP_WRI
 256:Middlewares/Third_Party/LwIP/src/apps/mqtt/mqtt.c ****   if ((err == ERR_OK) && wrap) {
 257:Middlewares/Third_Party/LwIP/src/apps/mqtt/mqtt.c ****     mqtt_ringbuf_advance_get_idx(rb, send_len);
 258:Middlewares/Third_Party/LwIP/src/apps/mqtt/mqtt.c ****     /* Use the lesser one of ring buffer linear length and TCP send buffer size */
 259:Middlewares/Third_Party/LwIP/src/apps/mqtt/mqtt.c ****     send_len = LWIP_MIN(altcp_sndbuf(tpcb), mqtt_ringbuf_linear_read_length(rb));
 260:Middlewares/Third_Party/LwIP/src/apps/mqtt/mqtt.c ****     err = altcp_write(tpcb, mqtt_ringbuf_get_ptr(rb), send_len, TCP_WRITE_FLAG_COPY);
 261:Middlewares/Third_Party/LwIP/src/apps/mqtt/mqtt.c ****   }
 262:Middlewares/Third_Party/LwIP/src/apps/mqtt/mqtt.c **** 
 263:Middlewares/Third_Party/LwIP/src/apps/mqtt/mqtt.c ****   if (err == ERR_OK) {
 264:Middlewares/Third_Party/LwIP/src/apps/mqtt/mqtt.c ****     mqtt_ringbuf_advance_get_idx(rb, send_len);
 265:Middlewares/Third_Party/LwIP/src/apps/mqtt/mqtt.c ****     /* Flush */
 266:Middlewares/Third_Party/LwIP/src/apps/mqtt/mqtt.c ****     altcp_output(tpcb);
 267:Middlewares/Third_Party/LwIP/src/apps/mqtt/mqtt.c ****   } else {
 268:Middlewares/Third_Party/LwIP/src/apps/mqtt/mqtt.c ****     LWIP_DEBUGF(MQTT_DEBUG_WARN, ("mqtt_output_send: Send failed with err %d (\"%s\")\n", err, lwip
 269:Middlewares/Third_Party/LwIP/src/apps/mqtt/mqtt.c ****   }
 270:Middlewares/Third_Party/LwIP/src/apps/mqtt/mqtt.c **** }
 271:Middlewares/Third_Party/LwIP/src/apps/mqtt/mqtt.c **** 
 272:Middlewares/Third_Party/LwIP/src/apps/mqtt/mqtt.c **** 
 273:Middlewares/Third_Party/LwIP/src/apps/mqtt/mqtt.c **** 
 274:Middlewares/Third_Party/LwIP/src/apps/mqtt/mqtt.c **** /*-------------------------------------------------------------------------------------------------
 275:Middlewares/Third_Party/LwIP/src/apps/mqtt/mqtt.c **** /* Request queue */
 276:Middlewares/Third_Party/LwIP/src/apps/mqtt/mqtt.c **** 
 277:Middlewares/Third_Party/LwIP/src/apps/mqtt/mqtt.c **** /**
 278:Middlewares/Third_Party/LwIP/src/apps/mqtt/mqtt.c ****  * Create request item
 279:Middlewares/Third_Party/LwIP/src/apps/mqtt/mqtt.c ****  * @param r_objs Pointer to request objects
 280:Middlewares/Third_Party/LwIP/src/apps/mqtt/mqtt.c ****  * @param r_objs_len Number of array entries
 281:Middlewares/Third_Party/LwIP/src/apps/mqtt/mqtt.c ****  * @param pkt_id Packet identifier of request
 282:Middlewares/Third_Party/LwIP/src/apps/mqtt/mqtt.c ****  * @param cb Packet callback to call when requests lifetime ends
 283:Middlewares/Third_Party/LwIP/src/apps/mqtt/mqtt.c ****  * @param arg Parameter following callback
 284:Middlewares/Third_Party/LwIP/src/apps/mqtt/mqtt.c ****  * @return Request or NULL if failed to create
 285:Middlewares/Third_Party/LwIP/src/apps/mqtt/mqtt.c ****  */
 286:Middlewares/Third_Party/LwIP/src/apps/mqtt/mqtt.c **** static struct mqtt_request_t *
 287:Middlewares/Third_Party/LwIP/src/apps/mqtt/mqtt.c **** mqtt_create_request(struct mqtt_request_t *r_objs, size_t r_objs_len, u16_t pkt_id, mqtt_request_cb
 288:Middlewares/Third_Party/LwIP/src/apps/mqtt/mqtt.c **** {
 289:Middlewares/Third_Party/LwIP/src/apps/mqtt/mqtt.c ****   struct mqtt_request_t *r = NULL;
ARM GAS  /tmp/ccekGo1E.s 			page 9


 290:Middlewares/Third_Party/LwIP/src/apps/mqtt/mqtt.c ****   u8_t n;
 291:Middlewares/Third_Party/LwIP/src/apps/mqtt/mqtt.c ****   LWIP_ASSERT("mqtt_create_request: r_objs != NULL", r_objs != NULL);
 292:Middlewares/Third_Party/LwIP/src/apps/mqtt/mqtt.c ****   for (n = 0; n < r_objs_len; n++) {
 293:Middlewares/Third_Party/LwIP/src/apps/mqtt/mqtt.c ****     /* Item point to itself if not in use */
 294:Middlewares/Third_Party/LwIP/src/apps/mqtt/mqtt.c ****     if (r_objs[n].next == &r_objs[n]) {
 295:Middlewares/Third_Party/LwIP/src/apps/mqtt/mqtt.c ****       r = &r_objs[n];
 296:Middlewares/Third_Party/LwIP/src/apps/mqtt/mqtt.c ****       r->next = NULL;
 297:Middlewares/Third_Party/LwIP/src/apps/mqtt/mqtt.c ****       r->cb = cb;
 298:Middlewares/Third_Party/LwIP/src/apps/mqtt/mqtt.c ****       r->arg = arg;
 299:Middlewares/Third_Party/LwIP/src/apps/mqtt/mqtt.c ****       r->pkt_id = pkt_id;
 300:Middlewares/Third_Party/LwIP/src/apps/mqtt/mqtt.c ****       break;
 301:Middlewares/Third_Party/LwIP/src/apps/mqtt/mqtt.c ****     }
 302:Middlewares/Third_Party/LwIP/src/apps/mqtt/mqtt.c ****   }
 303:Middlewares/Third_Party/LwIP/src/apps/mqtt/mqtt.c ****   return r;
 304:Middlewares/Third_Party/LwIP/src/apps/mqtt/mqtt.c **** }
 305:Middlewares/Third_Party/LwIP/src/apps/mqtt/mqtt.c **** 
 306:Middlewares/Third_Party/LwIP/src/apps/mqtt/mqtt.c **** 
 307:Middlewares/Third_Party/LwIP/src/apps/mqtt/mqtt.c **** /**
 308:Middlewares/Third_Party/LwIP/src/apps/mqtt/mqtt.c ****  * Append request to pending request queue
 309:Middlewares/Third_Party/LwIP/src/apps/mqtt/mqtt.c ****  * @param tail Pointer to request queue tail pointer
 310:Middlewares/Third_Party/LwIP/src/apps/mqtt/mqtt.c ****  * @param r Request to append
 311:Middlewares/Third_Party/LwIP/src/apps/mqtt/mqtt.c ****  */
 312:Middlewares/Third_Party/LwIP/src/apps/mqtt/mqtt.c **** static void
 313:Middlewares/Third_Party/LwIP/src/apps/mqtt/mqtt.c **** mqtt_append_request(struct mqtt_request_t **tail, struct mqtt_request_t *r)
 314:Middlewares/Third_Party/LwIP/src/apps/mqtt/mqtt.c **** {
 315:Middlewares/Third_Party/LwIP/src/apps/mqtt/mqtt.c ****   struct mqtt_request_t *head = NULL;
 316:Middlewares/Third_Party/LwIP/src/apps/mqtt/mqtt.c ****   s16_t time_before = 0;
 317:Middlewares/Third_Party/LwIP/src/apps/mqtt/mqtt.c ****   struct mqtt_request_t *iter;
 318:Middlewares/Third_Party/LwIP/src/apps/mqtt/mqtt.c **** 
 319:Middlewares/Third_Party/LwIP/src/apps/mqtt/mqtt.c ****   LWIP_ASSERT("mqtt_append_request: tail != NULL", tail != NULL);
 320:Middlewares/Third_Party/LwIP/src/apps/mqtt/mqtt.c **** 
 321:Middlewares/Third_Party/LwIP/src/apps/mqtt/mqtt.c ****   /* Iterate trough queue to find head, and count total timeout time */
 322:Middlewares/Third_Party/LwIP/src/apps/mqtt/mqtt.c ****   for (iter = *tail; iter != NULL; iter = iter->next) {
 323:Middlewares/Third_Party/LwIP/src/apps/mqtt/mqtt.c ****     time_before += iter->timeout_diff;
 324:Middlewares/Third_Party/LwIP/src/apps/mqtt/mqtt.c ****     head = iter;
 325:Middlewares/Third_Party/LwIP/src/apps/mqtt/mqtt.c ****   }
 326:Middlewares/Third_Party/LwIP/src/apps/mqtt/mqtt.c **** 
 327:Middlewares/Third_Party/LwIP/src/apps/mqtt/mqtt.c ****   LWIP_ASSERT("mqtt_append_request: time_before <= MQTT_REQ_TIMEOUT", time_before <= MQTT_REQ_TIMEO
 328:Middlewares/Third_Party/LwIP/src/apps/mqtt/mqtt.c ****   r->timeout_diff = MQTT_REQ_TIMEOUT - time_before;
 329:Middlewares/Third_Party/LwIP/src/apps/mqtt/mqtt.c ****   if (head == NULL) {
 330:Middlewares/Third_Party/LwIP/src/apps/mqtt/mqtt.c ****     *tail = r;
 331:Middlewares/Third_Party/LwIP/src/apps/mqtt/mqtt.c ****   } else {
 332:Middlewares/Third_Party/LwIP/src/apps/mqtt/mqtt.c ****     head->next = r;
 333:Middlewares/Third_Party/LwIP/src/apps/mqtt/mqtt.c ****   }
 334:Middlewares/Third_Party/LwIP/src/apps/mqtt/mqtt.c **** }
 335:Middlewares/Third_Party/LwIP/src/apps/mqtt/mqtt.c **** 
 336:Middlewares/Third_Party/LwIP/src/apps/mqtt/mqtt.c **** 
 337:Middlewares/Third_Party/LwIP/src/apps/mqtt/mqtt.c **** /**
 338:Middlewares/Third_Party/LwIP/src/apps/mqtt/mqtt.c ****  * Delete request item
 339:Middlewares/Third_Party/LwIP/src/apps/mqtt/mqtt.c ****  * @param r Request item to delete
 340:Middlewares/Third_Party/LwIP/src/apps/mqtt/mqtt.c ****  */
 341:Middlewares/Third_Party/LwIP/src/apps/mqtt/mqtt.c **** static void
 342:Middlewares/Third_Party/LwIP/src/apps/mqtt/mqtt.c **** mqtt_delete_request(struct mqtt_request_t *r)
 343:Middlewares/Third_Party/LwIP/src/apps/mqtt/mqtt.c **** {
 177              		.loc 1 343 1 is_stmt 1 view -0
 178              		.cfi_startproc
 179              		@ args = 0, pretend = 0, frame = 0
ARM GAS  /tmp/ccekGo1E.s 			page 10


 180              		@ frame_needed = 0, uses_anonymous_args = 0
 181              		@ link register save eliminated.
 344:Middlewares/Third_Party/LwIP/src/apps/mqtt/mqtt.c ****   if (r != NULL) {
 182              		.loc 1 344 3 view .LVU40
 183              		.loc 1 344 6 is_stmt 0 view .LVU41
 184 0000 0346     		mov	r3, r0
 185 0002 00B1     		cbz	r0, .L8
 345:Middlewares/Third_Party/LwIP/src/apps/mqtt/mqtt.c ****     r->next = r;
 186              		.loc 1 345 5 is_stmt 1 view .LVU42
 187              		.loc 1 345 13 is_stmt 0 view .LVU43
 188 0004 1860     		str	r0, [r3]
 189              	.L8:
 346:Middlewares/Third_Party/LwIP/src/apps/mqtt/mqtt.c ****   }
 347:Middlewares/Third_Party/LwIP/src/apps/mqtt/mqtt.c **** }
 190              		.loc 1 347 1 view .LVU44
 191 0006 7047     		bx	lr
 192              		.cfi_endproc
 193              	.LFE168:
 195              		.section	.text.mqtt_output_append_u8,"ax",%progbits
 196              		.align	1
 197              		.syntax unified
 198              		.thumb
 199              		.thumb_func
 200              		.fpu fpv4-sp-d16
 202              	mqtt_output_append_u8:
 203              	.LVL11:
 204              	.LFB173:
 348:Middlewares/Third_Party/LwIP/src/apps/mqtt/mqtt.c **** 
 349:Middlewares/Third_Party/LwIP/src/apps/mqtt/mqtt.c **** /**
 350:Middlewares/Third_Party/LwIP/src/apps/mqtt/mqtt.c ****  * Remove a request item with a specific packet identifier from request queue
 351:Middlewares/Third_Party/LwIP/src/apps/mqtt/mqtt.c ****  * @param tail Pointer to request queue tail pointer
 352:Middlewares/Third_Party/LwIP/src/apps/mqtt/mqtt.c ****  * @param pkt_id Packet identifier of request to take
 353:Middlewares/Third_Party/LwIP/src/apps/mqtt/mqtt.c ****  * @return Request item if found, NULL if not
 354:Middlewares/Third_Party/LwIP/src/apps/mqtt/mqtt.c ****  */
 355:Middlewares/Third_Party/LwIP/src/apps/mqtt/mqtt.c **** static struct mqtt_request_t *
 356:Middlewares/Third_Party/LwIP/src/apps/mqtt/mqtt.c **** mqtt_take_request(struct mqtt_request_t **tail, u16_t pkt_id)
 357:Middlewares/Third_Party/LwIP/src/apps/mqtt/mqtt.c **** {
 358:Middlewares/Third_Party/LwIP/src/apps/mqtt/mqtt.c ****   struct mqtt_request_t *iter = NULL, *prev = NULL;
 359:Middlewares/Third_Party/LwIP/src/apps/mqtt/mqtt.c ****   LWIP_ASSERT("mqtt_take_request: tail != NULL", tail != NULL);
 360:Middlewares/Third_Party/LwIP/src/apps/mqtt/mqtt.c ****   /* Search all request for pkt_id */
 361:Middlewares/Third_Party/LwIP/src/apps/mqtt/mqtt.c ****   for (iter = *tail; iter != NULL; iter = iter->next) {
 362:Middlewares/Third_Party/LwIP/src/apps/mqtt/mqtt.c ****     if (iter->pkt_id == pkt_id) {
 363:Middlewares/Third_Party/LwIP/src/apps/mqtt/mqtt.c ****       break;
 364:Middlewares/Third_Party/LwIP/src/apps/mqtt/mqtt.c ****     }
 365:Middlewares/Third_Party/LwIP/src/apps/mqtt/mqtt.c ****     prev = iter;
 366:Middlewares/Third_Party/LwIP/src/apps/mqtt/mqtt.c ****   }
 367:Middlewares/Third_Party/LwIP/src/apps/mqtt/mqtt.c **** 
 368:Middlewares/Third_Party/LwIP/src/apps/mqtt/mqtt.c ****   /* If request was found */
 369:Middlewares/Third_Party/LwIP/src/apps/mqtt/mqtt.c ****   if (iter != NULL) {
 370:Middlewares/Third_Party/LwIP/src/apps/mqtt/mqtt.c ****     /* unchain */
 371:Middlewares/Third_Party/LwIP/src/apps/mqtt/mqtt.c ****     if (prev == NULL) {
 372:Middlewares/Third_Party/LwIP/src/apps/mqtt/mqtt.c ****       *tail = iter->next;
 373:Middlewares/Third_Party/LwIP/src/apps/mqtt/mqtt.c ****     } else {
 374:Middlewares/Third_Party/LwIP/src/apps/mqtt/mqtt.c ****       prev->next = iter->next;
 375:Middlewares/Third_Party/LwIP/src/apps/mqtt/mqtt.c ****     }
 376:Middlewares/Third_Party/LwIP/src/apps/mqtt/mqtt.c ****     /* If exists, add remaining timeout time for the request to next */
 377:Middlewares/Third_Party/LwIP/src/apps/mqtt/mqtt.c ****     if (iter->next != NULL) {
ARM GAS  /tmp/ccekGo1E.s 			page 11


 378:Middlewares/Third_Party/LwIP/src/apps/mqtt/mqtt.c ****       iter->next->timeout_diff += iter->timeout_diff;
 379:Middlewares/Third_Party/LwIP/src/apps/mqtt/mqtt.c ****     }
 380:Middlewares/Third_Party/LwIP/src/apps/mqtt/mqtt.c ****     iter->next = NULL;
 381:Middlewares/Third_Party/LwIP/src/apps/mqtt/mqtt.c ****   }
 382:Middlewares/Third_Party/LwIP/src/apps/mqtt/mqtt.c ****   return iter;
 383:Middlewares/Third_Party/LwIP/src/apps/mqtt/mqtt.c **** }
 384:Middlewares/Third_Party/LwIP/src/apps/mqtt/mqtt.c **** 
 385:Middlewares/Third_Party/LwIP/src/apps/mqtt/mqtt.c **** /**
 386:Middlewares/Third_Party/LwIP/src/apps/mqtt/mqtt.c ****  * Handle requests timeout
 387:Middlewares/Third_Party/LwIP/src/apps/mqtt/mqtt.c ****  * @param tail Pointer to request queue tail pointer
 388:Middlewares/Third_Party/LwIP/src/apps/mqtt/mqtt.c ****  * @param t Time since last call in seconds
 389:Middlewares/Third_Party/LwIP/src/apps/mqtt/mqtt.c ****  */
 390:Middlewares/Third_Party/LwIP/src/apps/mqtt/mqtt.c **** static void
 391:Middlewares/Third_Party/LwIP/src/apps/mqtt/mqtt.c **** mqtt_request_time_elapsed(struct mqtt_request_t **tail, u8_t t)
 392:Middlewares/Third_Party/LwIP/src/apps/mqtt/mqtt.c **** {
 393:Middlewares/Third_Party/LwIP/src/apps/mqtt/mqtt.c ****   struct mqtt_request_t *r;
 394:Middlewares/Third_Party/LwIP/src/apps/mqtt/mqtt.c ****   LWIP_ASSERT("mqtt_request_time_elapsed: tail != NULL", tail != NULL);
 395:Middlewares/Third_Party/LwIP/src/apps/mqtt/mqtt.c ****   r = *tail;
 396:Middlewares/Third_Party/LwIP/src/apps/mqtt/mqtt.c ****   while (t > 0 && r != NULL) {
 397:Middlewares/Third_Party/LwIP/src/apps/mqtt/mqtt.c ****     if (t >= r->timeout_diff) {
 398:Middlewares/Third_Party/LwIP/src/apps/mqtt/mqtt.c ****       t -= (u8_t)r->timeout_diff;
 399:Middlewares/Third_Party/LwIP/src/apps/mqtt/mqtt.c ****       /* Unchain */
 400:Middlewares/Third_Party/LwIP/src/apps/mqtt/mqtt.c ****       *tail = r->next;
 401:Middlewares/Third_Party/LwIP/src/apps/mqtt/mqtt.c ****       /* Notify upper layer about timeout */
 402:Middlewares/Third_Party/LwIP/src/apps/mqtt/mqtt.c ****       if (r->cb != NULL) {
 403:Middlewares/Third_Party/LwIP/src/apps/mqtt/mqtt.c ****         r->cb(r->arg, ERR_TIMEOUT);
 404:Middlewares/Third_Party/LwIP/src/apps/mqtt/mqtt.c ****       }
 405:Middlewares/Third_Party/LwIP/src/apps/mqtt/mqtt.c ****       mqtt_delete_request(r);
 406:Middlewares/Third_Party/LwIP/src/apps/mqtt/mqtt.c ****       /* Tail might be be modified in callback, so re-read it in every iteration */
 407:Middlewares/Third_Party/LwIP/src/apps/mqtt/mqtt.c ****       r = *(struct mqtt_request_t *const volatile *)tail;
 408:Middlewares/Third_Party/LwIP/src/apps/mqtt/mqtt.c ****     } else {
 409:Middlewares/Third_Party/LwIP/src/apps/mqtt/mqtt.c ****       r->timeout_diff -= t;
 410:Middlewares/Third_Party/LwIP/src/apps/mqtt/mqtt.c ****       t = 0;
 411:Middlewares/Third_Party/LwIP/src/apps/mqtt/mqtt.c ****     }
 412:Middlewares/Third_Party/LwIP/src/apps/mqtt/mqtt.c ****   }
 413:Middlewares/Third_Party/LwIP/src/apps/mqtt/mqtt.c **** }
 414:Middlewares/Third_Party/LwIP/src/apps/mqtt/mqtt.c **** 
 415:Middlewares/Third_Party/LwIP/src/apps/mqtt/mqtt.c **** /**
 416:Middlewares/Third_Party/LwIP/src/apps/mqtt/mqtt.c ****  * Free all request items
 417:Middlewares/Third_Party/LwIP/src/apps/mqtt/mqtt.c ****  * @param tail Pointer to request queue tail pointer
 418:Middlewares/Third_Party/LwIP/src/apps/mqtt/mqtt.c ****  */
 419:Middlewares/Third_Party/LwIP/src/apps/mqtt/mqtt.c **** static void
 420:Middlewares/Third_Party/LwIP/src/apps/mqtt/mqtt.c **** mqtt_clear_requests(struct mqtt_request_t **tail)
 421:Middlewares/Third_Party/LwIP/src/apps/mqtt/mqtt.c **** {
 422:Middlewares/Third_Party/LwIP/src/apps/mqtt/mqtt.c ****   struct mqtt_request_t *iter, *next;
 423:Middlewares/Third_Party/LwIP/src/apps/mqtt/mqtt.c ****   LWIP_ASSERT("mqtt_clear_requests: tail != NULL", tail != NULL);
 424:Middlewares/Third_Party/LwIP/src/apps/mqtt/mqtt.c ****   for (iter = *tail; iter != NULL; iter = next) {
 425:Middlewares/Third_Party/LwIP/src/apps/mqtt/mqtt.c ****     next = iter->next;
 426:Middlewares/Third_Party/LwIP/src/apps/mqtt/mqtt.c ****     mqtt_delete_request(iter);
 427:Middlewares/Third_Party/LwIP/src/apps/mqtt/mqtt.c ****   }
 428:Middlewares/Third_Party/LwIP/src/apps/mqtt/mqtt.c ****   *tail = NULL;
 429:Middlewares/Third_Party/LwIP/src/apps/mqtt/mqtt.c **** }
 430:Middlewares/Third_Party/LwIP/src/apps/mqtt/mqtt.c **** /**
 431:Middlewares/Third_Party/LwIP/src/apps/mqtt/mqtt.c ****  * Initialize all request items
 432:Middlewares/Third_Party/LwIP/src/apps/mqtt/mqtt.c ****  * @param r_objs Pointer to request objects
 433:Middlewares/Third_Party/LwIP/src/apps/mqtt/mqtt.c ****  * @param r_objs_len Number of array entries
 434:Middlewares/Third_Party/LwIP/src/apps/mqtt/mqtt.c ****  */
ARM GAS  /tmp/ccekGo1E.s 			page 12


 435:Middlewares/Third_Party/LwIP/src/apps/mqtt/mqtt.c **** static void
 436:Middlewares/Third_Party/LwIP/src/apps/mqtt/mqtt.c **** mqtt_init_requests(struct mqtt_request_t *r_objs, size_t r_objs_len)
 437:Middlewares/Third_Party/LwIP/src/apps/mqtt/mqtt.c **** {
 438:Middlewares/Third_Party/LwIP/src/apps/mqtt/mqtt.c ****   u8_t n;
 439:Middlewares/Third_Party/LwIP/src/apps/mqtt/mqtt.c ****   LWIP_ASSERT("mqtt_init_requests: r_objs != NULL", r_objs != NULL);
 440:Middlewares/Third_Party/LwIP/src/apps/mqtt/mqtt.c ****   for (n = 0; n < r_objs_len; n++) {
 441:Middlewares/Third_Party/LwIP/src/apps/mqtt/mqtt.c ****     /* Item pointing to itself indicates unused */
 442:Middlewares/Third_Party/LwIP/src/apps/mqtt/mqtt.c ****     r_objs[n].next = &r_objs[n];
 443:Middlewares/Third_Party/LwIP/src/apps/mqtt/mqtt.c ****   }
 444:Middlewares/Third_Party/LwIP/src/apps/mqtt/mqtt.c **** }
 445:Middlewares/Third_Party/LwIP/src/apps/mqtt/mqtt.c **** 
 446:Middlewares/Third_Party/LwIP/src/apps/mqtt/mqtt.c **** /*-------------------------------------------------------------------------------------------------
 447:Middlewares/Third_Party/LwIP/src/apps/mqtt/mqtt.c **** /* Output message build helpers */
 448:Middlewares/Third_Party/LwIP/src/apps/mqtt/mqtt.c **** 
 449:Middlewares/Third_Party/LwIP/src/apps/mqtt/mqtt.c **** 
 450:Middlewares/Third_Party/LwIP/src/apps/mqtt/mqtt.c **** static void
 451:Middlewares/Third_Party/LwIP/src/apps/mqtt/mqtt.c **** mqtt_output_append_u8(struct mqtt_ringbuf_t *rb, u8_t value)
 452:Middlewares/Third_Party/LwIP/src/apps/mqtt/mqtt.c **** {
 205              		.loc 1 452 1 is_stmt 1 view -0
 206              		.cfi_startproc
 207              		@ args = 0, pretend = 0, frame = 0
 208              		@ frame_needed = 0, uses_anonymous_args = 0
 209              		.loc 1 452 1 is_stmt 0 view .LVU46
 210 0000 08B5     		push	{r3, lr}
 211              	.LCFI0:
 212              		.cfi_def_cfa_offset 8
 213              		.cfi_offset 3, -8
 214              		.cfi_offset 14, -4
 453:Middlewares/Third_Party/LwIP/src/apps/mqtt/mqtt.c ****   mqtt_ringbuf_put(rb, value);
 215              		.loc 1 453 3 is_stmt 1 view .LVU47
 216 0002 FFF7FEFF 		bl	mqtt_ringbuf_put
 217              	.LVL12:
 454:Middlewares/Third_Party/LwIP/src/apps/mqtt/mqtt.c **** }
 218              		.loc 1 454 1 is_stmt 0 view .LVU48
 219 0006 08BD     		pop	{r3, pc}
 220              		.cfi_endproc
 221              	.LFE173:
 223              		.section	.text.mqtt_output_append_u16,"ax",%progbits
 224              		.align	1
 225              		.syntax unified
 226              		.thumb
 227              		.thumb_func
 228              		.fpu fpv4-sp-d16
 230              	mqtt_output_append_u16:
 231              	.LVL13:
 232              	.LFB174:
 455:Middlewares/Third_Party/LwIP/src/apps/mqtt/mqtt.c **** 
 456:Middlewares/Third_Party/LwIP/src/apps/mqtt/mqtt.c **** static
 457:Middlewares/Third_Party/LwIP/src/apps/mqtt/mqtt.c **** void mqtt_output_append_u16(struct mqtt_ringbuf_t *rb, u16_t value)
 458:Middlewares/Third_Party/LwIP/src/apps/mqtt/mqtt.c **** {
 233              		.loc 1 458 1 is_stmt 1 view -0
 234              		.cfi_startproc
 235              		@ args = 0, pretend = 0, frame = 0
 236              		@ frame_needed = 0, uses_anonymous_args = 0
 237              		.loc 1 458 1 is_stmt 0 view .LVU50
 238 0000 38B5     		push	{r3, r4, r5, lr}
 239              	.LCFI1:
ARM GAS  /tmp/ccekGo1E.s 			page 13


 240              		.cfi_def_cfa_offset 16
 241              		.cfi_offset 3, -16
 242              		.cfi_offset 4, -12
 243              		.cfi_offset 5, -8
 244              		.cfi_offset 14, -4
 245 0002 0546     		mov	r5, r0
 246 0004 0C46     		mov	r4, r1
 459:Middlewares/Third_Party/LwIP/src/apps/mqtt/mqtt.c ****   mqtt_ringbuf_put(rb, value >> 8);
 247              		.loc 1 459 3 is_stmt 1 view .LVU51
 248 0006 090A     		lsrs	r1, r1, #8
 249              	.LVL14:
 250              		.loc 1 459 3 is_stmt 0 view .LVU52
 251 0008 FFF7FEFF 		bl	mqtt_ringbuf_put
 252              	.LVL15:
 460:Middlewares/Third_Party/LwIP/src/apps/mqtt/mqtt.c ****   mqtt_ringbuf_put(rb, value & 0xff);
 253              		.loc 1 460 3 is_stmt 1 view .LVU53
 254 000c E1B2     		uxtb	r1, r4
 255 000e 2846     		mov	r0, r5
 256 0010 FFF7FEFF 		bl	mqtt_ringbuf_put
 257              	.LVL16:
 461:Middlewares/Third_Party/LwIP/src/apps/mqtt/mqtt.c **** }
 258              		.loc 1 461 1 is_stmt 0 view .LVU54
 259 0014 38BD     		pop	{r3, r4, r5, pc}
 260              		.loc 1 461 1 view .LVU55
 261              		.cfi_endproc
 262              	.LFE174:
 264              		.section	.text.mqtt_output_append_buf,"ax",%progbits
 265              		.align	1
 266              		.syntax unified
 267              		.thumb
 268              		.thumb_func
 269              		.fpu fpv4-sp-d16
 271              	mqtt_output_append_buf:
 272              	.LVL17:
 273              	.LFB175:
 462:Middlewares/Third_Party/LwIP/src/apps/mqtt/mqtt.c **** 
 463:Middlewares/Third_Party/LwIP/src/apps/mqtt/mqtt.c **** static void
 464:Middlewares/Third_Party/LwIP/src/apps/mqtt/mqtt.c **** mqtt_output_append_buf(struct mqtt_ringbuf_t *rb, const void *data, u16_t length)
 465:Middlewares/Third_Party/LwIP/src/apps/mqtt/mqtt.c **** {
 274              		.loc 1 465 1 is_stmt 1 view -0
 275              		.cfi_startproc
 276              		@ args = 0, pretend = 0, frame = 0
 277              		@ frame_needed = 0, uses_anonymous_args = 0
 278              		.loc 1 465 1 is_stmt 0 view .LVU57
 279 0000 F8B5     		push	{r3, r4, r5, r6, r7, lr}
 280              	.LCFI2:
 281              		.cfi_def_cfa_offset 24
 282              		.cfi_offset 3, -24
 283              		.cfi_offset 4, -20
 284              		.cfi_offset 5, -16
 285              		.cfi_offset 6, -12
 286              		.cfi_offset 7, -8
 287              		.cfi_offset 14, -4
 288 0002 0746     		mov	r7, r0
 289 0004 0E46     		mov	r6, r1
 290 0006 1546     		mov	r5, r2
 466:Middlewares/Third_Party/LwIP/src/apps/mqtt/mqtt.c ****   u16_t n;
ARM GAS  /tmp/ccekGo1E.s 			page 14


 291              		.loc 1 466 3 is_stmt 1 view .LVU58
 467:Middlewares/Third_Party/LwIP/src/apps/mqtt/mqtt.c ****   for (n = 0; n < length; n++) {
 292              		.loc 1 467 3 view .LVU59
 293              	.LVL18:
 294              		.loc 1 467 10 is_stmt 0 view .LVU60
 295 0008 0024     		movs	r4, #0
 296              	.LVL19:
 297              	.L15:
 298              		.loc 1 467 15 is_stmt 1 discriminator 1 view .LVU61
 299              		.loc 1 467 3 is_stmt 0 discriminator 1 view .LVU62
 300 000a AC42     		cmp	r4, r5
 301 000c 06D2     		bcs	.L18
 468:Middlewares/Third_Party/LwIP/src/apps/mqtt/mqtt.c ****     mqtt_ringbuf_put(rb, ((const u8_t *)data)[n]);
 302              		.loc 1 468 5 is_stmt 1 discriminator 3 view .LVU63
 303 000e 315D     		ldrb	r1, [r6, r4]	@ zero_extendqisi2
 304 0010 3846     		mov	r0, r7
 305 0012 FFF7FEFF 		bl	mqtt_ringbuf_put
 306              	.LVL20:
 467:Middlewares/Third_Party/LwIP/src/apps/mqtt/mqtt.c ****   for (n = 0; n < length; n++) {
 307              		.loc 1 467 27 discriminator 3 view .LVU64
 467:Middlewares/Third_Party/LwIP/src/apps/mqtt/mqtt.c ****   for (n = 0; n < length; n++) {
 308              		.loc 1 467 28 is_stmt 0 discriminator 3 view .LVU65
 309 0016 0134     		adds	r4, r4, #1
 310              	.LVL21:
 467:Middlewares/Third_Party/LwIP/src/apps/mqtt/mqtt.c ****   for (n = 0; n < length; n++) {
 311              		.loc 1 467 28 discriminator 3 view .LVU66
 312 0018 A4B2     		uxth	r4, r4
 313              	.LVL22:
 467:Middlewares/Third_Party/LwIP/src/apps/mqtt/mqtt.c ****   for (n = 0; n < length; n++) {
 314              		.loc 1 467 28 discriminator 3 view .LVU67
 315 001a F6E7     		b	.L15
 316              	.L18:
 469:Middlewares/Third_Party/LwIP/src/apps/mqtt/mqtt.c ****   }
 470:Middlewares/Third_Party/LwIP/src/apps/mqtt/mqtt.c **** }
 317              		.loc 1 470 1 view .LVU68
 318 001c F8BD     		pop	{r3, r4, r5, r6, r7, pc}
 319              		.loc 1 470 1 view .LVU69
 320              		.cfi_endproc
 321              	.LFE175:
 323              		.section	.text.mqtt_output_append_string,"ax",%progbits
 324              		.align	1
 325              		.syntax unified
 326              		.thumb
 327              		.thumb_func
 328              		.fpu fpv4-sp-d16
 330              	mqtt_output_append_string:
 331              	.LVL23:
 332              	.LFB176:
 471:Middlewares/Third_Party/LwIP/src/apps/mqtt/mqtt.c **** 
 472:Middlewares/Third_Party/LwIP/src/apps/mqtt/mqtt.c **** static void
 473:Middlewares/Third_Party/LwIP/src/apps/mqtt/mqtt.c **** mqtt_output_append_string(struct mqtt_ringbuf_t *rb, const char *str, u16_t length)
 474:Middlewares/Third_Party/LwIP/src/apps/mqtt/mqtt.c **** {
 333              		.loc 1 474 1 is_stmt 1 view -0
 334              		.cfi_startproc
 335              		@ args = 0, pretend = 0, frame = 0
 336              		@ frame_needed = 0, uses_anonymous_args = 0
 337              		.loc 1 474 1 is_stmt 0 view .LVU71
ARM GAS  /tmp/ccekGo1E.s 			page 15


 338 0000 F8B5     		push	{r3, r4, r5, r6, r7, lr}
 339              	.LCFI3:
 340              		.cfi_def_cfa_offset 24
 341              		.cfi_offset 3, -24
 342              		.cfi_offset 4, -20
 343              		.cfi_offset 5, -16
 344              		.cfi_offset 6, -12
 345              		.cfi_offset 7, -8
 346              		.cfi_offset 14, -4
 347 0002 0646     		mov	r6, r0
 348 0004 0F46     		mov	r7, r1
 349 0006 1546     		mov	r5, r2
 475:Middlewares/Third_Party/LwIP/src/apps/mqtt/mqtt.c ****   u16_t n;
 350              		.loc 1 475 3 is_stmt 1 view .LVU72
 476:Middlewares/Third_Party/LwIP/src/apps/mqtt/mqtt.c ****   mqtt_ringbuf_put(rb, length >> 8);
 351              		.loc 1 476 3 view .LVU73
 352 0008 110A     		lsrs	r1, r2, #8
 353              	.LVL24:
 354              		.loc 1 476 3 is_stmt 0 view .LVU74
 355 000a FFF7FEFF 		bl	mqtt_ringbuf_put
 356              	.LVL25:
 477:Middlewares/Third_Party/LwIP/src/apps/mqtt/mqtt.c ****   mqtt_ringbuf_put(rb, length & 0xff);
 357              		.loc 1 477 3 is_stmt 1 view .LVU75
 358 000e E9B2     		uxtb	r1, r5
 359 0010 3046     		mov	r0, r6
 360 0012 FFF7FEFF 		bl	mqtt_ringbuf_put
 361              	.LVL26:
 478:Middlewares/Third_Party/LwIP/src/apps/mqtt/mqtt.c ****   for (n = 0; n < length; n++) {
 362              		.loc 1 478 3 view .LVU76
 363              		.loc 1 478 10 is_stmt 0 view .LVU77
 364 0016 0024     		movs	r4, #0
 365              	.LVL27:
 366              	.L20:
 367              		.loc 1 478 15 is_stmt 1 discriminator 1 view .LVU78
 368              		.loc 1 478 3 is_stmt 0 discriminator 1 view .LVU79
 369 0018 AC42     		cmp	r4, r5
 370 001a 06D2     		bcs	.L23
 479:Middlewares/Third_Party/LwIP/src/apps/mqtt/mqtt.c ****     mqtt_ringbuf_put(rb, str[n]);
 371              		.loc 1 479 5 is_stmt 1 discriminator 3 view .LVU80
 372 001c 395D     		ldrb	r1, [r7, r4]	@ zero_extendqisi2
 373 001e 3046     		mov	r0, r6
 374 0020 FFF7FEFF 		bl	mqtt_ringbuf_put
 375              	.LVL28:
 478:Middlewares/Third_Party/LwIP/src/apps/mqtt/mqtt.c ****   for (n = 0; n < length; n++) {
 376              		.loc 1 478 27 discriminator 3 view .LVU81
 478:Middlewares/Third_Party/LwIP/src/apps/mqtt/mqtt.c ****   for (n = 0; n < length; n++) {
 377              		.loc 1 478 28 is_stmt 0 discriminator 3 view .LVU82
 378 0024 0134     		adds	r4, r4, #1
 379              	.LVL29:
 478:Middlewares/Third_Party/LwIP/src/apps/mqtt/mqtt.c ****   for (n = 0; n < length; n++) {
 380              		.loc 1 478 28 discriminator 3 view .LVU83
 381 0026 A4B2     		uxth	r4, r4
 382              	.LVL30:
 478:Middlewares/Third_Party/LwIP/src/apps/mqtt/mqtt.c ****   for (n = 0; n < length; n++) {
 383              		.loc 1 478 28 discriminator 3 view .LVU84
 384 0028 F6E7     		b	.L20
 385              	.L23:
ARM GAS  /tmp/ccekGo1E.s 			page 16


 480:Middlewares/Third_Party/LwIP/src/apps/mqtt/mqtt.c ****   }
 481:Middlewares/Third_Party/LwIP/src/apps/mqtt/mqtt.c **** }
 386              		.loc 1 481 1 view .LVU85
 387 002a F8BD     		pop	{r3, r4, r5, r6, r7, pc}
 388              		.loc 1 481 1 view .LVU86
 389              		.cfi_endproc
 390              	.LFE176:
 392              		.section	.text.mqtt_output_append_fixed_header,"ax",%progbits
 393              		.align	1
 394              		.syntax unified
 395              		.thumb
 396              		.thumb_func
 397              		.fpu fpv4-sp-d16
 399              	mqtt_output_append_fixed_header:
 400              	.LVL31:
 401              	.LFB177:
 482:Middlewares/Third_Party/LwIP/src/apps/mqtt/mqtt.c **** 
 483:Middlewares/Third_Party/LwIP/src/apps/mqtt/mqtt.c **** /**
 484:Middlewares/Third_Party/LwIP/src/apps/mqtt/mqtt.c ****  * Append fixed header
 485:Middlewares/Third_Party/LwIP/src/apps/mqtt/mqtt.c ****  * @param rb Output ring buffer
 486:Middlewares/Third_Party/LwIP/src/apps/mqtt/mqtt.c ****  * @param msg_type see enum mqtt_message_type
 487:Middlewares/Third_Party/LwIP/src/apps/mqtt/mqtt.c ****  * @param fdup MQTT DUP flag
 488:Middlewares/Third_Party/LwIP/src/apps/mqtt/mqtt.c ****  * @param fqos MQTT QoS field
 489:Middlewares/Third_Party/LwIP/src/apps/mqtt/mqtt.c ****  * @param fretain MQTT retain flag
 490:Middlewares/Third_Party/LwIP/src/apps/mqtt/mqtt.c ****  * @param r_length Remaining length after fixed header
 491:Middlewares/Third_Party/LwIP/src/apps/mqtt/mqtt.c ****  */
 492:Middlewares/Third_Party/LwIP/src/apps/mqtt/mqtt.c **** 
 493:Middlewares/Third_Party/LwIP/src/apps/mqtt/mqtt.c **** static void
 494:Middlewares/Third_Party/LwIP/src/apps/mqtt/mqtt.c **** mqtt_output_append_fixed_header(struct mqtt_ringbuf_t *rb, u8_t msg_type, u8_t fdup,
 495:Middlewares/Third_Party/LwIP/src/apps/mqtt/mqtt.c ****                                 u8_t fqos, u8_t fretain, u16_t r_length)
 496:Middlewares/Third_Party/LwIP/src/apps/mqtt/mqtt.c **** {
 402              		.loc 1 496 1 is_stmt 1 view -0
 403              		.cfi_startproc
 404              		@ args = 8, pretend = 0, frame = 0
 405              		@ frame_needed = 0, uses_anonymous_args = 0
 406              		.loc 1 496 1 is_stmt 0 view .LVU88
 407 0000 38B5     		push	{r3, r4, r5, lr}
 408              	.LCFI4:
 409              		.cfi_def_cfa_offset 16
 410              		.cfi_offset 3, -16
 411              		.cfi_offset 4, -12
 412              		.cfi_offset 5, -8
 413              		.cfi_offset 14, -4
 414 0002 0546     		mov	r5, r0
 415 0004 BDF81440 		ldrh	r4, [sp, #20]
 497:Middlewares/Third_Party/LwIP/src/apps/mqtt/mqtt.c ****   /* Start with control byte */
 498:Middlewares/Third_Party/LwIP/src/apps/mqtt/mqtt.c ****   mqtt_output_append_u8(rb, (((msg_type & 0x0f) << 4) | ((fdup & 1) << 3) | ((fqos & 3) << 1) | (fr
 416              		.loc 1 498 3 is_stmt 1 view .LVU89
 417              		.loc 1 498 69 is_stmt 0 view .LVU90
 418 0008 D200     		lsls	r2, r2, #3
 419              	.LVL32:
 420              		.loc 1 498 69 view .LVU91
 421 000a 02F00802 		and	r2, r2, #8
 422              		.loc 1 498 55 view .LVU92
 423 000e 42EA0112 		orr	r2, r2, r1, lsl #4
 424 0012 52B2     		sxtb	r2, r2
 425              		.loc 1 498 89 view .LVU93
ARM GAS  /tmp/ccekGo1E.s 			page 17


 426 0014 5900     		lsls	r1, r3, #1
 427              	.LVL33:
 428              		.loc 1 498 89 view .LVU94
 429 0016 01F00601 		and	r1, r1, #6
 430              		.loc 1 498 75 view .LVU95
 431 001a 0A43     		orrs	r2, r2, r1
 432              		.loc 1 498 106 view .LVU96
 433 001c 9DF81010 		ldrb	r1, [sp, #16]	@ zero_extendqisi2
 434 0020 01F00101 		and	r1, r1, #1
 435              		.loc 1 498 95 view .LVU97
 436 0024 1143     		orrs	r1, r1, r2
 437              		.loc 1 498 3 view .LVU98
 438 0026 C9B2     		uxtb	r1, r1
 439 0028 FFF7FEFF 		bl	mqtt_output_append_u8
 440              	.LVL34:
 441              		.loc 1 498 3 view .LVU99
 442 002c 07E0     		b	.L26
 443              	.LVL35:
 444              	.L27:
 499:Middlewares/Third_Party/LwIP/src/apps/mqtt/mqtt.c ****   /* Encode remaining length field */
 500:Middlewares/Third_Party/LwIP/src/apps/mqtt/mqtt.c ****   do {
 501:Middlewares/Third_Party/LwIP/src/apps/mqtt/mqtt.c ****     mqtt_output_append_u8(rb, (r_length & 0x7f) | (r_length >= 128 ? 0x80 : 0));
 445              		.loc 1 501 49 view .LVU100
 446 002e 0023     		movs	r3, #0
 447              	.L25:
 448              		.loc 1 501 49 discriminator 4 view .LVU101
 449 0030 1943     		orrs	r1, r1, r3
 450              		.loc 1 501 5 discriminator 4 view .LVU102
 451 0032 C9B2     		uxtb	r1, r1
 452 0034 2846     		mov	r0, r5
 453 0036 FFF7FEFF 		bl	mqtt_output_append_u8
 454              	.LVL36:
 502:Middlewares/Third_Party/LwIP/src/apps/mqtt/mqtt.c ****     r_length >>= 7;
 455              		.loc 1 502 5 is_stmt 1 discriminator 4 view .LVU103
 503:Middlewares/Third_Party/LwIP/src/apps/mqtt/mqtt.c ****   } while (r_length > 0);
 456              		.loc 1 503 11 discriminator 4 view .LVU104
 457              		.loc 1 503 3 is_stmt 0 discriminator 4 view .LVU105
 458 003a E409     		lsrs	r4, r4, #7
 459              	.LVL37:
 460              		.loc 1 503 3 discriminator 4 view .LVU106
 461 003c 06D0     		beq	.L29
 462              	.L26:
 463              	.LVL38:
 500:Middlewares/Third_Party/LwIP/src/apps/mqtt/mqtt.c ****     mqtt_output_append_u8(rb, (r_length & 0x7f) | (r_length >= 128 ? 0x80 : 0));
 464              		.loc 1 500 3 is_stmt 1 view .LVU107
 501:Middlewares/Third_Party/LwIP/src/apps/mqtt/mqtt.c ****     r_length >>= 7;
 465              		.loc 1 501 5 view .LVU108
 501:Middlewares/Third_Party/LwIP/src/apps/mqtt/mqtt.c ****     r_length >>= 7;
 466              		.loc 1 501 41 is_stmt 0 view .LVU109
 467 003e 04F07F01 		and	r1, r4, #127
 501:Middlewares/Third_Party/LwIP/src/apps/mqtt/mqtt.c ****     r_length >>= 7;
 468              		.loc 1 501 49 view .LVU110
 469 0042 7F2C     		cmp	r4, #127
 470 0044 F3D9     		bls	.L27
 471 0046 6FF07F03 		mvn	r3, #127
 472 004a F1E7     		b	.L25
 473              	.LVL39:
ARM GAS  /tmp/ccekGo1E.s 			page 18


 474              	.L29:
 504:Middlewares/Third_Party/LwIP/src/apps/mqtt/mqtt.c **** }
 475              		.loc 1 504 1 view .LVU111
 476 004c 38BD     		pop	{r3, r4, r5, pc}
 477              		.loc 1 504 1 view .LVU112
 478              		.cfi_endproc
 479              	.LFE177:
 481              		.section	.text.mqtt_incomming_suback,"ax",%progbits
 482              		.align	1
 483              		.syntax unified
 484              		.thumb
 485              		.thumb_func
 486              		.fpu fpv4-sp-d16
 488              	mqtt_incomming_suback:
 489              	.LVL40:
 490              	.LFB182:
 505:Middlewares/Third_Party/LwIP/src/apps/mqtt/mqtt.c **** 
 506:Middlewares/Third_Party/LwIP/src/apps/mqtt/mqtt.c **** 
 507:Middlewares/Third_Party/LwIP/src/apps/mqtt/mqtt.c **** /**
 508:Middlewares/Third_Party/LwIP/src/apps/mqtt/mqtt.c ****  * Check output buffer space
 509:Middlewares/Third_Party/LwIP/src/apps/mqtt/mqtt.c ****  * @param rb Output ring buffer
 510:Middlewares/Third_Party/LwIP/src/apps/mqtt/mqtt.c ****  * @param r_length Remaining length after fixed header
 511:Middlewares/Third_Party/LwIP/src/apps/mqtt/mqtt.c ****  * @return 1 if message will fit, 0 if not enough buffer space
 512:Middlewares/Third_Party/LwIP/src/apps/mqtt/mqtt.c ****  */
 513:Middlewares/Third_Party/LwIP/src/apps/mqtt/mqtt.c **** static u8_t
 514:Middlewares/Third_Party/LwIP/src/apps/mqtt/mqtt.c **** mqtt_output_check_space(struct mqtt_ringbuf_t *rb, u16_t r_length)
 515:Middlewares/Third_Party/LwIP/src/apps/mqtt/mqtt.c **** {
 516:Middlewares/Third_Party/LwIP/src/apps/mqtt/mqtt.c ****   /* Start with length of type byte + remaining length */
 517:Middlewares/Third_Party/LwIP/src/apps/mqtt/mqtt.c ****   u16_t total_len = 1 + r_length;
 518:Middlewares/Third_Party/LwIP/src/apps/mqtt/mqtt.c **** 
 519:Middlewares/Third_Party/LwIP/src/apps/mqtt/mqtt.c ****   LWIP_ASSERT("mqtt_output_check_space: rb != NULL", rb != NULL);
 520:Middlewares/Third_Party/LwIP/src/apps/mqtt/mqtt.c **** 
 521:Middlewares/Third_Party/LwIP/src/apps/mqtt/mqtt.c ****   /* Calculate number of required bytes to contain the remaining bytes field and add to total*/
 522:Middlewares/Third_Party/LwIP/src/apps/mqtt/mqtt.c ****   do {
 523:Middlewares/Third_Party/LwIP/src/apps/mqtt/mqtt.c ****     total_len++;
 524:Middlewares/Third_Party/LwIP/src/apps/mqtt/mqtt.c ****     r_length >>= 7;
 525:Middlewares/Third_Party/LwIP/src/apps/mqtt/mqtt.c ****   } while (r_length > 0);
 526:Middlewares/Third_Party/LwIP/src/apps/mqtt/mqtt.c **** 
 527:Middlewares/Third_Party/LwIP/src/apps/mqtt/mqtt.c ****   return (total_len <= mqtt_ringbuf_free(rb));
 528:Middlewares/Third_Party/LwIP/src/apps/mqtt/mqtt.c **** }
 529:Middlewares/Third_Party/LwIP/src/apps/mqtt/mqtt.c **** 
 530:Middlewares/Third_Party/LwIP/src/apps/mqtt/mqtt.c **** 
 531:Middlewares/Third_Party/LwIP/src/apps/mqtt/mqtt.c **** /**
 532:Middlewares/Third_Party/LwIP/src/apps/mqtt/mqtt.c ****  * Close connection to server
 533:Middlewares/Third_Party/LwIP/src/apps/mqtt/mqtt.c ****  * @param client MQTT client
 534:Middlewares/Third_Party/LwIP/src/apps/mqtt/mqtt.c ****  * @param reason Reason for disconnection
 535:Middlewares/Third_Party/LwIP/src/apps/mqtt/mqtt.c ****  */
 536:Middlewares/Third_Party/LwIP/src/apps/mqtt/mqtt.c **** static void
 537:Middlewares/Third_Party/LwIP/src/apps/mqtt/mqtt.c **** mqtt_close(mqtt_client_t *client, mqtt_connection_status_t reason)
 538:Middlewares/Third_Party/LwIP/src/apps/mqtt/mqtt.c **** {
 539:Middlewares/Third_Party/LwIP/src/apps/mqtt/mqtt.c ****   LWIP_ASSERT("mqtt_close: client != NULL", client != NULL);
 540:Middlewares/Third_Party/LwIP/src/apps/mqtt/mqtt.c **** 
 541:Middlewares/Third_Party/LwIP/src/apps/mqtt/mqtt.c ****   /* Bring down TCP connection if not already done */
 542:Middlewares/Third_Party/LwIP/src/apps/mqtt/mqtt.c ****   if (client->conn != NULL) {
 543:Middlewares/Third_Party/LwIP/src/apps/mqtt/mqtt.c ****     err_t res;
 544:Middlewares/Third_Party/LwIP/src/apps/mqtt/mqtt.c ****     altcp_recv(client->conn, NULL);
 545:Middlewares/Third_Party/LwIP/src/apps/mqtt/mqtt.c ****     altcp_err(client->conn,  NULL);
ARM GAS  /tmp/ccekGo1E.s 			page 19


 546:Middlewares/Third_Party/LwIP/src/apps/mqtt/mqtt.c ****     altcp_sent(client->conn, NULL);
 547:Middlewares/Third_Party/LwIP/src/apps/mqtt/mqtt.c ****     res = altcp_close(client->conn);
 548:Middlewares/Third_Party/LwIP/src/apps/mqtt/mqtt.c ****     if (res != ERR_OK) {
 549:Middlewares/Third_Party/LwIP/src/apps/mqtt/mqtt.c ****       altcp_abort(client->conn);
 550:Middlewares/Third_Party/LwIP/src/apps/mqtt/mqtt.c ****       LWIP_DEBUGF(MQTT_DEBUG_TRACE, ("mqtt_close: Close err=%s\n", lwip_strerr(res)));
 551:Middlewares/Third_Party/LwIP/src/apps/mqtt/mqtt.c ****     }
 552:Middlewares/Third_Party/LwIP/src/apps/mqtt/mqtt.c ****     client->conn = NULL;
 553:Middlewares/Third_Party/LwIP/src/apps/mqtt/mqtt.c ****   }
 554:Middlewares/Third_Party/LwIP/src/apps/mqtt/mqtt.c **** 
 555:Middlewares/Third_Party/LwIP/src/apps/mqtt/mqtt.c ****   /* Remove all pending requests */
 556:Middlewares/Third_Party/LwIP/src/apps/mqtt/mqtt.c ****   mqtt_clear_requests(&client->pend_req_queue);
 557:Middlewares/Third_Party/LwIP/src/apps/mqtt/mqtt.c ****   /* Stop cyclic timer */
 558:Middlewares/Third_Party/LwIP/src/apps/mqtt/mqtt.c ****   sys_untimeout(mqtt_cyclic_timer, client);
 559:Middlewares/Third_Party/LwIP/src/apps/mqtt/mqtt.c **** 
 560:Middlewares/Third_Party/LwIP/src/apps/mqtt/mqtt.c ****   /* Notify upper layer of disconnection if changed state */
 561:Middlewares/Third_Party/LwIP/src/apps/mqtt/mqtt.c ****   if (client->conn_state != TCP_DISCONNECTED) {
 562:Middlewares/Third_Party/LwIP/src/apps/mqtt/mqtt.c **** 
 563:Middlewares/Third_Party/LwIP/src/apps/mqtt/mqtt.c ****     client->conn_state = TCP_DISCONNECTED;
 564:Middlewares/Third_Party/LwIP/src/apps/mqtt/mqtt.c ****     if (client->connect_cb != NULL) {
 565:Middlewares/Third_Party/LwIP/src/apps/mqtt/mqtt.c ****       client->connect_cb(client, client->connect_arg, reason);
 566:Middlewares/Third_Party/LwIP/src/apps/mqtt/mqtt.c ****     }
 567:Middlewares/Third_Party/LwIP/src/apps/mqtt/mqtt.c ****   }
 568:Middlewares/Third_Party/LwIP/src/apps/mqtt/mqtt.c **** }
 569:Middlewares/Third_Party/LwIP/src/apps/mqtt/mqtt.c **** 
 570:Middlewares/Third_Party/LwIP/src/apps/mqtt/mqtt.c **** 
 571:Middlewares/Third_Party/LwIP/src/apps/mqtt/mqtt.c **** /**
 572:Middlewares/Third_Party/LwIP/src/apps/mqtt/mqtt.c ****  * Interval timer, called every MQTT_CYCLIC_TIMER_INTERVAL seconds in MQTT_CONNECTING and MQTT_CONN
 573:Middlewares/Third_Party/LwIP/src/apps/mqtt/mqtt.c ****  * @param arg MQTT client
 574:Middlewares/Third_Party/LwIP/src/apps/mqtt/mqtt.c ****  */
 575:Middlewares/Third_Party/LwIP/src/apps/mqtt/mqtt.c **** static void
 576:Middlewares/Third_Party/LwIP/src/apps/mqtt/mqtt.c **** mqtt_cyclic_timer(void *arg)
 577:Middlewares/Third_Party/LwIP/src/apps/mqtt/mqtt.c **** {
 578:Middlewares/Third_Party/LwIP/src/apps/mqtt/mqtt.c ****   u8_t restart_timer = 1;
 579:Middlewares/Third_Party/LwIP/src/apps/mqtt/mqtt.c ****   mqtt_client_t *client = (mqtt_client_t *)arg;
 580:Middlewares/Third_Party/LwIP/src/apps/mqtt/mqtt.c ****   LWIP_ASSERT("mqtt_cyclic_timer: client != NULL", client != NULL);
 581:Middlewares/Third_Party/LwIP/src/apps/mqtt/mqtt.c **** 
 582:Middlewares/Third_Party/LwIP/src/apps/mqtt/mqtt.c ****   if (client->conn_state == MQTT_CONNECTING) {
 583:Middlewares/Third_Party/LwIP/src/apps/mqtt/mqtt.c ****     client->cyclic_tick++;
 584:Middlewares/Third_Party/LwIP/src/apps/mqtt/mqtt.c ****     if ((client->cyclic_tick * MQTT_CYCLIC_TIMER_INTERVAL) >= MQTT_CONNECT_TIMOUT) {
 585:Middlewares/Third_Party/LwIP/src/apps/mqtt/mqtt.c ****       LWIP_DEBUGF(MQTT_DEBUG_TRACE, ("mqtt_cyclic_timer: CONNECT attempt to server timed out\n"));
 586:Middlewares/Third_Party/LwIP/src/apps/mqtt/mqtt.c ****       /* Disconnect TCP */
 587:Middlewares/Third_Party/LwIP/src/apps/mqtt/mqtt.c ****       mqtt_close(client, MQTT_CONNECT_TIMEOUT);
 588:Middlewares/Third_Party/LwIP/src/apps/mqtt/mqtt.c ****       restart_timer = 0;
 589:Middlewares/Third_Party/LwIP/src/apps/mqtt/mqtt.c ****     }
 590:Middlewares/Third_Party/LwIP/src/apps/mqtt/mqtt.c ****   } else if (client->conn_state == MQTT_CONNECTED) {
 591:Middlewares/Third_Party/LwIP/src/apps/mqtt/mqtt.c ****     /* Handle timeout for pending requests */
 592:Middlewares/Third_Party/LwIP/src/apps/mqtt/mqtt.c ****     mqtt_request_time_elapsed(&client->pend_req_queue, MQTT_CYCLIC_TIMER_INTERVAL);
 593:Middlewares/Third_Party/LwIP/src/apps/mqtt/mqtt.c **** 
 594:Middlewares/Third_Party/LwIP/src/apps/mqtt/mqtt.c ****     /* keep_alive > 0 means keep alive functionality shall be used */
 595:Middlewares/Third_Party/LwIP/src/apps/mqtt/mqtt.c ****     if (client->keep_alive > 0) {
 596:Middlewares/Third_Party/LwIP/src/apps/mqtt/mqtt.c **** 
 597:Middlewares/Third_Party/LwIP/src/apps/mqtt/mqtt.c ****       client->server_watchdog++;
 598:Middlewares/Third_Party/LwIP/src/apps/mqtt/mqtt.c ****       /* If reception from server has been idle for 1.5*keep_alive time, server is considered unres
 599:Middlewares/Third_Party/LwIP/src/apps/mqtt/mqtt.c ****       if ((client->server_watchdog * MQTT_CYCLIC_TIMER_INTERVAL) > (client->keep_alive + client->ke
 600:Middlewares/Third_Party/LwIP/src/apps/mqtt/mqtt.c ****         LWIP_DEBUGF(MQTT_DEBUG_WARN, ("mqtt_cyclic_timer: Server incoming keep-alive timeout\n"));
 601:Middlewares/Third_Party/LwIP/src/apps/mqtt/mqtt.c ****         mqtt_close(client, MQTT_CONNECT_TIMEOUT);
 602:Middlewares/Third_Party/LwIP/src/apps/mqtt/mqtt.c ****         restart_timer = 0;
ARM GAS  /tmp/ccekGo1E.s 			page 20


 603:Middlewares/Third_Party/LwIP/src/apps/mqtt/mqtt.c ****       }
 604:Middlewares/Third_Party/LwIP/src/apps/mqtt/mqtt.c **** 
 605:Middlewares/Third_Party/LwIP/src/apps/mqtt/mqtt.c ****       /* If time for a keep alive message to be sent, transmission has been idle for keep_alive tim
 606:Middlewares/Third_Party/LwIP/src/apps/mqtt/mqtt.c ****       if ((client->cyclic_tick * MQTT_CYCLIC_TIMER_INTERVAL) >= client->keep_alive) {
 607:Middlewares/Third_Party/LwIP/src/apps/mqtt/mqtt.c ****         LWIP_DEBUGF(MQTT_DEBUG_TRACE, ("mqtt_cyclic_timer: Sending keep-alive message to server\n")
 608:Middlewares/Third_Party/LwIP/src/apps/mqtt/mqtt.c ****         if (mqtt_output_check_space(&client->output, 0) != 0) {
 609:Middlewares/Third_Party/LwIP/src/apps/mqtt/mqtt.c ****           mqtt_output_append_fixed_header(&client->output, MQTT_MSG_TYPE_PINGREQ, 0, 0, 0, 0);
 610:Middlewares/Third_Party/LwIP/src/apps/mqtt/mqtt.c ****           client->cyclic_tick = 0;
 611:Middlewares/Third_Party/LwIP/src/apps/mqtt/mqtt.c ****         }
 612:Middlewares/Third_Party/LwIP/src/apps/mqtt/mqtt.c ****       } else {
 613:Middlewares/Third_Party/LwIP/src/apps/mqtt/mqtt.c ****         client->cyclic_tick++;
 614:Middlewares/Third_Party/LwIP/src/apps/mqtt/mqtt.c ****       }
 615:Middlewares/Third_Party/LwIP/src/apps/mqtt/mqtt.c ****     }
 616:Middlewares/Third_Party/LwIP/src/apps/mqtt/mqtt.c ****   } else {
 617:Middlewares/Third_Party/LwIP/src/apps/mqtt/mqtt.c ****     LWIP_DEBUGF(MQTT_DEBUG_WARN, ("mqtt_cyclic_timer: Timer should not be running in state %d\n", c
 618:Middlewares/Third_Party/LwIP/src/apps/mqtt/mqtt.c ****     restart_timer = 0;
 619:Middlewares/Third_Party/LwIP/src/apps/mqtt/mqtt.c ****   }
 620:Middlewares/Third_Party/LwIP/src/apps/mqtt/mqtt.c ****   if (restart_timer) {
 621:Middlewares/Third_Party/LwIP/src/apps/mqtt/mqtt.c ****     sys_timeout(MQTT_CYCLIC_TIMER_INTERVAL * 1000, mqtt_cyclic_timer, arg);
 622:Middlewares/Third_Party/LwIP/src/apps/mqtt/mqtt.c ****   }
 623:Middlewares/Third_Party/LwIP/src/apps/mqtt/mqtt.c **** }
 624:Middlewares/Third_Party/LwIP/src/apps/mqtt/mqtt.c **** 
 625:Middlewares/Third_Party/LwIP/src/apps/mqtt/mqtt.c **** 
 626:Middlewares/Third_Party/LwIP/src/apps/mqtt/mqtt.c **** /**
 627:Middlewares/Third_Party/LwIP/src/apps/mqtt/mqtt.c ****  * Send PUBACK, PUBREC or PUBREL response message
 628:Middlewares/Third_Party/LwIP/src/apps/mqtt/mqtt.c ****  * @param client MQTT client
 629:Middlewares/Third_Party/LwIP/src/apps/mqtt/mqtt.c ****  * @param msg PUBACK, PUBREC or PUBREL
 630:Middlewares/Third_Party/LwIP/src/apps/mqtt/mqtt.c ****  * @param pkt_id Packet identifier
 631:Middlewares/Third_Party/LwIP/src/apps/mqtt/mqtt.c ****  * @param qos QoS value
 632:Middlewares/Third_Party/LwIP/src/apps/mqtt/mqtt.c ****  * @return ERR_OK if successful, ERR_MEM if out of memory
 633:Middlewares/Third_Party/LwIP/src/apps/mqtt/mqtt.c ****  */
 634:Middlewares/Third_Party/LwIP/src/apps/mqtt/mqtt.c **** static err_t
 635:Middlewares/Third_Party/LwIP/src/apps/mqtt/mqtt.c **** pub_ack_rec_rel_response(mqtt_client_t *client, u8_t msg, u16_t pkt_id, u8_t qos)
 636:Middlewares/Third_Party/LwIP/src/apps/mqtt/mqtt.c **** {
 637:Middlewares/Third_Party/LwIP/src/apps/mqtt/mqtt.c ****   err_t err = ERR_OK;
 638:Middlewares/Third_Party/LwIP/src/apps/mqtt/mqtt.c ****   if (mqtt_output_check_space(&client->output, 2)) {
 639:Middlewares/Third_Party/LwIP/src/apps/mqtt/mqtt.c ****     mqtt_output_append_fixed_header(&client->output, msg, 0, qos, 0, 2);
 640:Middlewares/Third_Party/LwIP/src/apps/mqtt/mqtt.c ****     mqtt_output_append_u16(&client->output, pkt_id);
 641:Middlewares/Third_Party/LwIP/src/apps/mqtt/mqtt.c ****     mqtt_output_send(&client->output, client->conn);
 642:Middlewares/Third_Party/LwIP/src/apps/mqtt/mqtt.c ****   } else {
 643:Middlewares/Third_Party/LwIP/src/apps/mqtt/mqtt.c ****     LWIP_DEBUGF(MQTT_DEBUG_TRACE, ("pub_ack_rec_rel_response: OOM creating response: %s with pkt_id
 644:Middlewares/Third_Party/LwIP/src/apps/mqtt/mqtt.c ****                                    mqtt_msg_type_to_str(msg), pkt_id));
 645:Middlewares/Third_Party/LwIP/src/apps/mqtt/mqtt.c ****     err = ERR_MEM;
 646:Middlewares/Third_Party/LwIP/src/apps/mqtt/mqtt.c ****   }
 647:Middlewares/Third_Party/LwIP/src/apps/mqtt/mqtt.c ****   return err;
 648:Middlewares/Third_Party/LwIP/src/apps/mqtt/mqtt.c **** }
 649:Middlewares/Third_Party/LwIP/src/apps/mqtt/mqtt.c **** 
 650:Middlewares/Third_Party/LwIP/src/apps/mqtt/mqtt.c **** /**
 651:Middlewares/Third_Party/LwIP/src/apps/mqtt/mqtt.c ****  * Subscribe response from server
 652:Middlewares/Third_Party/LwIP/src/apps/mqtt/mqtt.c ****  * @param r Matching request
 653:Middlewares/Third_Party/LwIP/src/apps/mqtt/mqtt.c ****  * @param result Result code from server
 654:Middlewares/Third_Party/LwIP/src/apps/mqtt/mqtt.c ****  */
 655:Middlewares/Third_Party/LwIP/src/apps/mqtt/mqtt.c **** static void
 656:Middlewares/Third_Party/LwIP/src/apps/mqtt/mqtt.c **** mqtt_incomming_suback(struct mqtt_request_t *r, u8_t result)
 657:Middlewares/Third_Party/LwIP/src/apps/mqtt/mqtt.c **** {
 491              		.loc 1 657 1 is_stmt 1 view -0
 492              		.cfi_startproc
ARM GAS  /tmp/ccekGo1E.s 			page 21


 493              		@ args = 0, pretend = 0, frame = 0
 494              		@ frame_needed = 0, uses_anonymous_args = 0
 495              		.loc 1 657 1 is_stmt 0 view .LVU114
 496 0000 08B5     		push	{r3, lr}
 497              	.LCFI5:
 498              		.cfi_def_cfa_offset 8
 499              		.cfi_offset 3, -8
 500              		.cfi_offset 14, -4
 658:Middlewares/Third_Party/LwIP/src/apps/mqtt/mqtt.c ****   if (r->cb != NULL) {
 501              		.loc 1 658 3 is_stmt 1 view .LVU115
 502              		.loc 1 658 8 is_stmt 0 view .LVU116
 503 0002 4368     		ldr	r3, [r0, #4]
 504              		.loc 1 658 6 view .LVU117
 505 0004 23B1     		cbz	r3, .L30
 659:Middlewares/Third_Party/LwIP/src/apps/mqtt/mqtt.c ****     r->cb(r->arg, result < 3 ? ERR_OK : ERR_ABRT);
 506              		.loc 1 659 5 is_stmt 1 view .LVU118
 507 0006 8068     		ldr	r0, [r0, #8]
 508              	.LVL41:
 509              		.loc 1 659 5 is_stmt 0 view .LVU119
 510 0008 0229     		cmp	r1, #2
 511 000a 02D8     		bhi	.L33
 512 000c 0021     		movs	r1, #0
 513              	.LVL42:
 514              	.L32:
 515              		.loc 1 659 5 discriminator 4 view .LVU120
 516 000e 9847     		blx	r3
 517              	.LVL43:
 518              	.L30:
 660:Middlewares/Third_Party/LwIP/src/apps/mqtt/mqtt.c ****   }
 661:Middlewares/Third_Party/LwIP/src/apps/mqtt/mqtt.c **** }
 519              		.loc 1 661 1 view .LVU121
 520 0010 08BD     		pop	{r3, pc}
 521              	.LVL44:
 522              	.L33:
 659:Middlewares/Third_Party/LwIP/src/apps/mqtt/mqtt.c ****     r->cb(r->arg, result < 3 ? ERR_OK : ERR_ABRT);
 523              		.loc 1 659 5 view .LVU122
 524 0012 6FF00C01 		mvn	r1, #12
 525              	.LVL45:
 659:Middlewares/Third_Party/LwIP/src/apps/mqtt/mqtt.c ****     r->cb(r->arg, result < 3 ? ERR_OK : ERR_ABRT);
 526              		.loc 1 659 5 view .LVU123
 527 0016 FAE7     		b	.L32
 528              		.cfi_endproc
 529              	.LFE182:
 531              		.section	.rodata.mqtt_create_request.str1.4,"aMS",%progbits,1
 532              		.align	2
 533              	.LC0:
 534 0000 4D696464 		.ascii	"Middlewares/Third_Party/LwIP/src/apps/mqtt/mqtt.c\000"
 534      6C657761 
 534      7265732F 
 534      54686972 
 534      645F5061 
 535 0032 0000     		.align	2
 536              	.LC1:
 537 0034 6D717474 		.ascii	"mqtt_create_request: r_objs != NULL\000"
 537      5F637265 
 537      6174655F 
 537      72657175 
ARM GAS  /tmp/ccekGo1E.s 			page 22


 537      6573743A 
 538              		.align	2
 539              	.LC2:
 540 0058 41737365 		.ascii	"Assertion \"%s\" failed at line %d in %s\012\000"
 540      7274696F 
 540      6E202225 
 540      73222066 
 540      61696C65 
 541              		.section	.text.mqtt_create_request,"ax",%progbits
 542              		.align	1
 543              		.syntax unified
 544              		.thumb
 545              		.thumb_func
 546              		.fpu fpv4-sp-d16
 548              	mqtt_create_request:
 549              	.LVL46:
 550              	.LFB166:
 288:Middlewares/Third_Party/LwIP/src/apps/mqtt/mqtt.c ****   struct mqtt_request_t *r = NULL;
 551              		.loc 1 288 1 is_stmt 1 view -0
 552              		.cfi_startproc
 553              		@ args = 4, pretend = 0, frame = 0
 554              		@ frame_needed = 0, uses_anonymous_args = 0
 288:Middlewares/Third_Party/LwIP/src/apps/mqtt/mqtt.c ****   struct mqtt_request_t *r = NULL;
 555              		.loc 1 288 1 is_stmt 0 view .LVU125
 556 0000 2DE9F843 		push	{r3, r4, r5, r6, r7, r8, r9, lr}
 557              	.LCFI6:
 558              		.cfi_def_cfa_offset 32
 559              		.cfi_offset 3, -32
 560              		.cfi_offset 4, -28
 561              		.cfi_offset 5, -24
 562              		.cfi_offset 6, -20
 563              		.cfi_offset 7, -16
 564              		.cfi_offset 8, -12
 565              		.cfi_offset 9, -8
 566              		.cfi_offset 14, -4
 567 0004 0F46     		mov	r7, r1
 568 0006 9046     		mov	r8, r2
 569 0008 9946     		mov	r9, r3
 289:Middlewares/Third_Party/LwIP/src/apps/mqtt/mqtt.c ****   u8_t n;
 570              		.loc 1 289 3 is_stmt 1 view .LVU126
 571              	.LVL47:
 290:Middlewares/Third_Party/LwIP/src/apps/mqtt/mqtt.c ****   LWIP_ASSERT("mqtt_create_request: r_objs != NULL", r_objs != NULL);
 572              		.loc 1 290 3 view .LVU127
 291:Middlewares/Third_Party/LwIP/src/apps/mqtt/mqtt.c ****   for (n = 0; n < r_objs_len; n++) {
 573              		.loc 1 291 3 view .LVU128
 291:Middlewares/Third_Party/LwIP/src/apps/mqtt/mqtt.c ****   for (n = 0; n < r_objs_len; n++) {
 574              		.loc 1 291 3 view .LVU129
 575 000a 0646     		mov	r6, r0
 576 000c 58B1     		cbz	r0, .L42
 577              	.LVL48:
 578              	.L36:
 291:Middlewares/Third_Party/LwIP/src/apps/mqtt/mqtt.c ****   for (n = 0; n < r_objs_len; n++) {
 579              		.loc 1 291 3 discriminator 3 view .LVU130
 291:Middlewares/Third_Party/LwIP/src/apps/mqtt/mqtt.c ****   for (n = 0; n < r_objs_len; n++) {
 580              		.loc 1 291 3 discriminator 3 view .LVU131
 292:Middlewares/Third_Party/LwIP/src/apps/mqtt/mqtt.c ****     /* Item point to itself if not in use */
 581              		.loc 1 292 3 discriminator 3 view .LVU132
ARM GAS  /tmp/ccekGo1E.s 			page 23


 292:Middlewares/Third_Party/LwIP/src/apps/mqtt/mqtt.c ****     /* Item point to itself if not in use */
 582              		.loc 1 292 10 is_stmt 0 discriminator 3 view .LVU133
 583 000e 0024     		movs	r4, #0
 584              	.LVL49:
 585              	.L37:
 292:Middlewares/Third_Party/LwIP/src/apps/mqtt/mqtt.c ****     /* Item point to itself if not in use */
 586              		.loc 1 292 15 is_stmt 1 discriminator 1 view .LVU134
 292:Middlewares/Third_Party/LwIP/src/apps/mqtt/mqtt.c ****     /* Item point to itself if not in use */
 587              		.loc 1 292 3 is_stmt 0 discriminator 1 view .LVU135
 588 0010 BC42     		cmp	r4, r7
 589 0012 19D2     		bcs	.L43
 294:Middlewares/Third_Party/LwIP/src/apps/mqtt/mqtt.c ****       r = &r_objs[n];
 590              		.loc 1 294 5 is_stmt 1 view .LVU136
 294:Middlewares/Third_Party/LwIP/src/apps/mqtt/mqtt.c ****       r = &r_objs[n];
 591              		.loc 1 294 15 is_stmt 0 view .LVU137
 592 0014 2501     		lsls	r5, r4, #4
 593 0016 06EB0410 		add	r0, r6, r4, lsl #4
 294:Middlewares/Third_Party/LwIP/src/apps/mqtt/mqtt.c ****       r = &r_objs[n];
 594              		.loc 1 294 18 view .LVU138
 595 001a 7359     		ldr	r3, [r6, r5]
 294:Middlewares/Third_Party/LwIP/src/apps/mqtt/mqtt.c ****       r = &r_objs[n];
 596              		.loc 1 294 8 view .LVU139
 597 001c 9842     		cmp	r0, r3
 598 001e 0AD0     		beq	.L44
 292:Middlewares/Third_Party/LwIP/src/apps/mqtt/mqtt.c ****     /* Item point to itself if not in use */
 599              		.loc 1 292 31 is_stmt 1 discriminator 2 view .LVU140
 292:Middlewares/Third_Party/LwIP/src/apps/mqtt/mqtt.c ****     /* Item point to itself if not in use */
 600              		.loc 1 292 32 is_stmt 0 discriminator 2 view .LVU141
 601 0020 0134     		adds	r4, r4, #1
 602              	.LVL50:
 292:Middlewares/Third_Party/LwIP/src/apps/mqtt/mqtt.c ****     /* Item point to itself if not in use */
 603              		.loc 1 292 32 discriminator 2 view .LVU142
 604 0022 E4B2     		uxtb	r4, r4
 605              	.LVL51:
 292:Middlewares/Third_Party/LwIP/src/apps/mqtt/mqtt.c ****     /* Item point to itself if not in use */
 606              		.loc 1 292 32 discriminator 2 view .LVU143
 607 0024 F4E7     		b	.L37
 608              	.LVL52:
 609              	.L42:
 291:Middlewares/Third_Party/LwIP/src/apps/mqtt/mqtt.c ****   for (n = 0; n < r_objs_len; n++) {
 610              		.loc 1 291 3 is_stmt 1 discriminator 1 view .LVU144
 291:Middlewares/Third_Party/LwIP/src/apps/mqtt/mqtt.c ****   for (n = 0; n < r_objs_len; n++) {
 611              		.loc 1 291 3 discriminator 1 view .LVU145
 612 0026 0A4B     		ldr	r3, .L45
 613              	.LVL53:
 291:Middlewares/Third_Party/LwIP/src/apps/mqtt/mqtt.c ****   for (n = 0; n < r_objs_len; n++) {
 614              		.loc 1 291 3 is_stmt 0 discriminator 1 view .LVU146
 615 0028 40F22312 		movw	r2, #291
 616              	.LVL54:
 291:Middlewares/Third_Party/LwIP/src/apps/mqtt/mqtt.c ****   for (n = 0; n < r_objs_len; n++) {
 617              		.loc 1 291 3 discriminator 1 view .LVU147
 618 002c 0949     		ldr	r1, .L45+4
 619              	.LVL55:
 291:Middlewares/Third_Party/LwIP/src/apps/mqtt/mqtt.c ****   for (n = 0; n < r_objs_len; n++) {
 620              		.loc 1 291 3 discriminator 1 view .LVU148
 621 002e 0A48     		ldr	r0, .L45+8
 622              	.LVL56:
ARM GAS  /tmp/ccekGo1E.s 			page 24


 291:Middlewares/Third_Party/LwIP/src/apps/mqtt/mqtt.c ****   for (n = 0; n < r_objs_len; n++) {
 623              		.loc 1 291 3 discriminator 1 view .LVU149
 624 0030 FFF7FEFF 		bl	printf
 625              	.LVL57:
 626 0034 EBE7     		b	.L36
 627              	.LVL58:
 628              	.L44:
 295:Middlewares/Third_Party/LwIP/src/apps/mqtt/mqtt.c ****       r->next = NULL;
 629              		.loc 1 295 7 is_stmt 1 view .LVU150
 296:Middlewares/Third_Party/LwIP/src/apps/mqtt/mqtt.c ****       r->cb = cb;
 630              		.loc 1 296 7 view .LVU151
 296:Middlewares/Third_Party/LwIP/src/apps/mqtt/mqtt.c ****       r->cb = cb;
 631              		.loc 1 296 15 is_stmt 0 view .LVU152
 632 0036 0023     		movs	r3, #0
 633 0038 0360     		str	r3, [r0]
 297:Middlewares/Third_Party/LwIP/src/apps/mqtt/mqtt.c ****       r->arg = arg;
 634              		.loc 1 297 7 is_stmt 1 view .LVU153
 297:Middlewares/Third_Party/LwIP/src/apps/mqtt/mqtt.c ****       r->arg = arg;
 635              		.loc 1 297 13 is_stmt 0 view .LVU154
 636 003a C0F80490 		str	r9, [r0, #4]
 298:Middlewares/Third_Party/LwIP/src/apps/mqtt/mqtt.c ****       r->pkt_id = pkt_id;
 637              		.loc 1 298 7 is_stmt 1 view .LVU155
 298:Middlewares/Third_Party/LwIP/src/apps/mqtt/mqtt.c ****       r->pkt_id = pkt_id;
 638              		.loc 1 298 14 is_stmt 0 view .LVU156
 639 003e 089B     		ldr	r3, [sp, #32]
 640 0040 8360     		str	r3, [r0, #8]
 299:Middlewares/Third_Party/LwIP/src/apps/mqtt/mqtt.c ****       break;
 641              		.loc 1 299 7 is_stmt 1 view .LVU157
 299:Middlewares/Third_Party/LwIP/src/apps/mqtt/mqtt.c ****       break;
 642              		.loc 1 299 17 is_stmt 0 view .LVU158
 643 0042 A0F80C80 		strh	r8, [r0, #12]	@ movhi
 300:Middlewares/Third_Party/LwIP/src/apps/mqtt/mqtt.c ****     }
 644              		.loc 1 300 7 is_stmt 1 view .LVU159
 645 0046 00E0     		b	.L35
 646              	.LVL59:
 647              	.L43:
 289:Middlewares/Third_Party/LwIP/src/apps/mqtt/mqtt.c ****   u8_t n;
 648              		.loc 1 289 26 is_stmt 0 view .LVU160
 649 0048 0020     		movs	r0, #0
 303:Middlewares/Third_Party/LwIP/src/apps/mqtt/mqtt.c **** }
 650              		.loc 1 303 3 is_stmt 1 view .LVU161
 651              	.LVL60:
 652              	.L35:
 304:Middlewares/Third_Party/LwIP/src/apps/mqtt/mqtt.c **** 
 653              		.loc 1 304 1 is_stmt 0 view .LVU162
 654 004a BDE8F883 		pop	{r3, r4, r5, r6, r7, r8, r9, pc}
 655              	.LVL61:
 656              	.L46:
 304:Middlewares/Third_Party/LwIP/src/apps/mqtt/mqtt.c **** 
 657              		.loc 1 304 1 view .LVU163
 658 004e 00BF     		.align	2
 659              	.L45:
 660 0050 00000000 		.word	.LC0
 661 0054 34000000 		.word	.LC1
 662 0058 58000000 		.word	.LC2
 663              		.cfi_endproc
 664              	.LFE166:
ARM GAS  /tmp/ccekGo1E.s 			page 25


 666              		.section	.rodata.mqtt_output_check_space.str1.4,"aMS",%progbits,1
 667              		.align	2
 668              	.LC3:
 669 0000 6D717474 		.ascii	"mqtt_output_check_space: rb != NULL\000"
 669      5F6F7574 
 669      7075745F 
 669      63686563 
 669      6B5F7370 
 670              		.section	.text.mqtt_output_check_space,"ax",%progbits
 671              		.align	1
 672              		.syntax unified
 673              		.thumb
 674              		.thumb_func
 675              		.fpu fpv4-sp-d16
 677              	mqtt_output_check_space:
 678              	.LVL62:
 679              	.LFB178:
 515:Middlewares/Third_Party/LwIP/src/apps/mqtt/mqtt.c ****   /* Start with length of type byte + remaining length */
 680              		.loc 1 515 1 is_stmt 1 view -0
 681              		.cfi_startproc
 682              		@ args = 0, pretend = 0, frame = 0
 683              		@ frame_needed = 0, uses_anonymous_args = 0
 515:Middlewares/Third_Party/LwIP/src/apps/mqtt/mqtt.c ****   /* Start with length of type byte + remaining length */
 684              		.loc 1 515 1 is_stmt 0 view .LVU165
 685 0000 70B5     		push	{r4, r5, r6, lr}
 686              	.LCFI7:
 687              		.cfi_def_cfa_offset 16
 688              		.cfi_offset 4, -16
 689              		.cfi_offset 5, -12
 690              		.cfi_offset 6, -8
 691              		.cfi_offset 14, -4
 692 0002 0D46     		mov	r5, r1
 517:Middlewares/Third_Party/LwIP/src/apps/mqtt/mqtt.c **** 
 693              		.loc 1 517 3 is_stmt 1 view .LVU166
 517:Middlewares/Third_Party/LwIP/src/apps/mqtt/mqtt.c **** 
 694              		.loc 1 517 9 is_stmt 0 view .LVU167
 695 0004 4C1C     		adds	r4, r1, #1
 696 0006 A4B2     		uxth	r4, r4
 697              	.LVL63:
 519:Middlewares/Third_Party/LwIP/src/apps/mqtt/mqtt.c **** 
 698              		.loc 1 519 3 is_stmt 1 view .LVU168
 519:Middlewares/Third_Party/LwIP/src/apps/mqtt/mqtt.c **** 
 699              		.loc 1 519 3 view .LVU169
 700 0008 0646     		mov	r6, r0
 701 000a 68B1     		cbz	r0, .L51
 702              	.LVL64:
 703              	.L49:
 519:Middlewares/Third_Party/LwIP/src/apps/mqtt/mqtt.c **** 
 704              		.loc 1 519 3 discriminator 1 view .LVU170
 519:Middlewares/Third_Party/LwIP/src/apps/mqtt/mqtt.c **** 
 705              		.loc 1 519 3 discriminator 1 view .LVU171
 522:Middlewares/Third_Party/LwIP/src/apps/mqtt/mqtt.c ****     total_len++;
 706              		.loc 1 522 3 discriminator 1 view .LVU172
 523:Middlewares/Third_Party/LwIP/src/apps/mqtt/mqtt.c ****     r_length >>= 7;
 707              		.loc 1 523 5 discriminator 1 view .LVU173
 523:Middlewares/Third_Party/LwIP/src/apps/mqtt/mqtt.c ****     r_length >>= 7;
 708              		.loc 1 523 14 is_stmt 0 discriminator 1 view .LVU174
ARM GAS  /tmp/ccekGo1E.s 			page 26


 709 000c 0134     		adds	r4, r4, #1
 710              	.LVL65:
 523:Middlewares/Third_Party/LwIP/src/apps/mqtt/mqtt.c ****     r_length >>= 7;
 711              		.loc 1 523 14 discriminator 1 view .LVU175
 712 000e A4B2     		uxth	r4, r4
 713              	.LVL66:
 524:Middlewares/Third_Party/LwIP/src/apps/mqtt/mqtt.c ****   } while (r_length > 0);
 714              		.loc 1 524 5 is_stmt 1 discriminator 1 view .LVU176
 525:Middlewares/Third_Party/LwIP/src/apps/mqtt/mqtt.c **** 
 715              		.loc 1 525 11 discriminator 1 view .LVU177
 525:Middlewares/Third_Party/LwIP/src/apps/mqtt/mqtt.c **** 
 716              		.loc 1 525 3 is_stmt 0 discriminator 1 view .LVU178
 717 0010 ED09     		lsrs	r5, r5, #7
 718              	.LVL67:
 525:Middlewares/Third_Party/LwIP/src/apps/mqtt/mqtt.c **** 
 719              		.loc 1 525 3 discriminator 1 view .LVU179
 720 0012 FBD1     		bne	.L49
 527:Middlewares/Third_Party/LwIP/src/apps/mqtt/mqtt.c **** }
 721              		.loc 1 527 3 is_stmt 1 view .LVU180
 527:Middlewares/Third_Party/LwIP/src/apps/mqtt/mqtt.c **** }
 722              		.loc 1 527 24 is_stmt 0 view .LVU181
 723 0014 3046     		mov	r0, r6
 724 0016 FFF7FEFF 		bl	mqtt_ringbuf_len
 725              	.LVL68:
 726 001a C0F58070 		rsb	r0, r0, #256
 528:Middlewares/Third_Party/LwIP/src/apps/mqtt/mqtt.c **** 
 727              		.loc 1 528 1 view .LVU182
 728 001e 8442     		cmp	r4, r0
 729 0020 CCBF     		ite	gt
 730 0022 0020     		movgt	r0, #0
 731 0024 0120     		movle	r0, #1
 732 0026 70BD     		pop	{r4, r5, r6, pc}
 733              	.LVL69:
 734              	.L51:
 519:Middlewares/Third_Party/LwIP/src/apps/mqtt/mqtt.c **** 
 735              		.loc 1 519 3 is_stmt 1 discriminator 1 view .LVU183
 519:Middlewares/Third_Party/LwIP/src/apps/mqtt/mqtt.c **** 
 736              		.loc 1 519 3 discriminator 1 view .LVU184
 737 0028 034B     		ldr	r3, .L52
 738 002a 40F20722 		movw	r2, #519
 739 002e 0349     		ldr	r1, .L52+4
 740              	.LVL70:
 519:Middlewares/Third_Party/LwIP/src/apps/mqtt/mqtt.c **** 
 741              		.loc 1 519 3 is_stmt 0 discriminator 1 view .LVU185
 742 0030 0348     		ldr	r0, .L52+8
 743              	.LVL71:
 519:Middlewares/Third_Party/LwIP/src/apps/mqtt/mqtt.c **** 
 744              		.loc 1 519 3 discriminator 1 view .LVU186
 745 0032 FFF7FEFF 		bl	printf
 746              	.LVL72:
 747 0036 E9E7     		b	.L49
 748              	.L53:
 749              		.align	2
 750              	.L52:
 751 0038 00000000 		.word	.LC0
 752 003c 00000000 		.word	.LC3
 753 0040 58000000 		.word	.LC2
ARM GAS  /tmp/ccekGo1E.s 			page 27


 754              		.cfi_endproc
 755              	.LFE178:
 757              		.section	.rodata.mqtt_append_request.str1.4,"aMS",%progbits,1
 758              		.align	2
 759              	.LC4:
 760 0000 6D717474 		.ascii	"mqtt_append_request: tail != NULL\000"
 760      5F617070 
 760      656E645F 
 760      72657175 
 760      6573743A 
 761 0022 0000     		.align	2
 762              	.LC5:
 763 0024 6D717474 		.ascii	"mqtt_append_request: time_before <= MQTT_REQ_TIMEOU"
 763      5F617070 
 763      656E645F 
 763      72657175 
 763      6573743A 
 764 0057 5400     		.ascii	"T\000"
 765              		.section	.text.mqtt_append_request,"ax",%progbits
 766              		.align	1
 767              		.syntax unified
 768              		.thumb
 769              		.thumb_func
 770              		.fpu fpv4-sp-d16
 772              	mqtt_append_request:
 773              	.LVL73:
 774              	.LFB167:
 314:Middlewares/Third_Party/LwIP/src/apps/mqtt/mqtt.c ****   struct mqtt_request_t *head = NULL;
 775              		.loc 1 314 1 is_stmt 1 view -0
 776              		.cfi_startproc
 777              		@ args = 0, pretend = 0, frame = 0
 778              		@ frame_needed = 0, uses_anonymous_args = 0
 314:Middlewares/Third_Party/LwIP/src/apps/mqtt/mqtt.c ****   struct mqtt_request_t *head = NULL;
 779              		.loc 1 314 1 is_stmt 0 view .LVU188
 780 0000 F8B5     		push	{r3, r4, r5, r6, r7, lr}
 781              	.LCFI8:
 782              		.cfi_def_cfa_offset 24
 783              		.cfi_offset 3, -24
 784              		.cfi_offset 4, -20
 785              		.cfi_offset 5, -16
 786              		.cfi_offset 6, -12
 787              		.cfi_offset 7, -8
 788              		.cfi_offset 14, -4
 789 0002 0E46     		mov	r6, r1
 315:Middlewares/Third_Party/LwIP/src/apps/mqtt/mqtt.c ****   s16_t time_before = 0;
 790              		.loc 1 315 3 is_stmt 1 view .LVU189
 791              	.LVL74:
 316:Middlewares/Third_Party/LwIP/src/apps/mqtt/mqtt.c ****   struct mqtt_request_t *iter;
 792              		.loc 1 316 3 view .LVU190
 317:Middlewares/Third_Party/LwIP/src/apps/mqtt/mqtt.c **** 
 793              		.loc 1 317 3 view .LVU191
 319:Middlewares/Third_Party/LwIP/src/apps/mqtt/mqtt.c **** 
 794              		.loc 1 319 3 view .LVU192
 319:Middlewares/Third_Party/LwIP/src/apps/mqtt/mqtt.c **** 
 795              		.loc 1 319 3 view .LVU193
 796 0004 0746     		mov	r7, r0
 797 0006 48B1     		cbz	r0, .L62
ARM GAS  /tmp/ccekGo1E.s 			page 28


 798              	.LVL75:
 799              	.L55:
 319:Middlewares/Third_Party/LwIP/src/apps/mqtt/mqtt.c **** 
 800              		.loc 1 319 3 discriminator 3 view .LVU194
 319:Middlewares/Third_Party/LwIP/src/apps/mqtt/mqtt.c **** 
 801              		.loc 1 319 3 discriminator 3 view .LVU195
 322:Middlewares/Third_Party/LwIP/src/apps/mqtt/mqtt.c ****     time_before += iter->timeout_diff;
 802              		.loc 1 322 3 discriminator 3 view .LVU196
 322:Middlewares/Third_Party/LwIP/src/apps/mqtt/mqtt.c ****     time_before += iter->timeout_diff;
 803              		.loc 1 322 13 is_stmt 0 discriminator 3 view .LVU197
 804 0008 3B68     		ldr	r3, [r7]
 805              	.LVL76:
 316:Middlewares/Third_Party/LwIP/src/apps/mqtt/mqtt.c ****   struct mqtt_request_t *iter;
 806              		.loc 1 316 9 discriminator 3 view .LVU198
 807 000a 0024     		movs	r4, #0
 315:Middlewares/Third_Party/LwIP/src/apps/mqtt/mqtt.c ****   s16_t time_before = 0;
 808              		.loc 1 315 26 discriminator 3 view .LVU199
 809 000c 2546     		mov	r5, r4
 810              	.LVL77:
 811              	.L56:
 322:Middlewares/Third_Party/LwIP/src/apps/mqtt/mqtt.c ****     time_before += iter->timeout_diff;
 812              		.loc 1 322 22 is_stmt 1 discriminator 1 view .LVU200
 322:Middlewares/Third_Party/LwIP/src/apps/mqtt/mqtt.c ****     time_before += iter->timeout_diff;
 813              		.loc 1 322 3 is_stmt 0 discriminator 1 view .LVU201
 814 000e 6BB1     		cbz	r3, .L63
 323:Middlewares/Third_Party/LwIP/src/apps/mqtt/mqtt.c ****     head = iter;
 815              		.loc 1 323 5 is_stmt 1 discriminator 3 view .LVU202
 323:Middlewares/Third_Party/LwIP/src/apps/mqtt/mqtt.c ****     head = iter;
 816              		.loc 1 323 24 is_stmt 0 discriminator 3 view .LVU203
 817 0010 DA89     		ldrh	r2, [r3, #14]
 323:Middlewares/Third_Party/LwIP/src/apps/mqtt/mqtt.c ****     head = iter;
 818              		.loc 1 323 17 discriminator 3 view .LVU204
 819 0012 1444     		add	r4, r4, r2
 820              	.LVL78:
 323:Middlewares/Third_Party/LwIP/src/apps/mqtt/mqtt.c ****     head = iter;
 821              		.loc 1 323 17 discriminator 3 view .LVU205
 822 0014 24B2     		sxth	r4, r4
 823              	.LVL79:
 324:Middlewares/Third_Party/LwIP/src/apps/mqtt/mqtt.c ****   }
 824              		.loc 1 324 5 is_stmt 1 discriminator 3 view .LVU206
 322:Middlewares/Third_Party/LwIP/src/apps/mqtt/mqtt.c ****     time_before += iter->timeout_diff;
 825              		.loc 1 322 36 discriminator 3 view .LVU207
 324:Middlewares/Third_Party/LwIP/src/apps/mqtt/mqtt.c ****   }
 826              		.loc 1 324 10 is_stmt 0 discriminator 3 view .LVU208
 827 0016 1D46     		mov	r5, r3
 322:Middlewares/Third_Party/LwIP/src/apps/mqtt/mqtt.c ****     time_before += iter->timeout_diff;
 828              		.loc 1 322 41 discriminator 3 view .LVU209
 829 0018 1B68     		ldr	r3, [r3]
 830              	.LVL80:
 322:Middlewares/Third_Party/LwIP/src/apps/mqtt/mqtt.c ****     time_before += iter->timeout_diff;
 831              		.loc 1 322 41 discriminator 3 view .LVU210
 832 001a F8E7     		b	.L56
 833              	.LVL81:
 834              	.L62:
 319:Middlewares/Third_Party/LwIP/src/apps/mqtt/mqtt.c **** 
 835              		.loc 1 319 3 is_stmt 1 discriminator 1 view .LVU211
 319:Middlewares/Third_Party/LwIP/src/apps/mqtt/mqtt.c **** 
ARM GAS  /tmp/ccekGo1E.s 			page 29


 836              		.loc 1 319 3 discriminator 1 view .LVU212
 837 001c 0C4B     		ldr	r3, .L66
 838 001e 40F23F12 		movw	r2, #319
 839 0022 0C49     		ldr	r1, .L66+4
 840              	.LVL82:
 319:Middlewares/Third_Party/LwIP/src/apps/mqtt/mqtt.c **** 
 841              		.loc 1 319 3 is_stmt 0 discriminator 1 view .LVU213
 842 0024 0C48     		ldr	r0, .L66+8
 843              	.LVL83:
 319:Middlewares/Third_Party/LwIP/src/apps/mqtt/mqtt.c **** 
 844              		.loc 1 319 3 discriminator 1 view .LVU214
 845 0026 FFF7FEFF 		bl	printf
 846              	.LVL84:
 847 002a EDE7     		b	.L55
 848              	.LVL85:
 849              	.L63:
 327:Middlewares/Third_Party/LwIP/src/apps/mqtt/mqtt.c ****   r->timeout_diff = MQTT_REQ_TIMEOUT - time_before;
 850              		.loc 1 327 3 is_stmt 1 view .LVU215
 327:Middlewares/Third_Party/LwIP/src/apps/mqtt/mqtt.c ****   r->timeout_diff = MQTT_REQ_TIMEOUT - time_before;
 851              		.loc 1 327 3 view .LVU216
 852 002c 1E2C     		cmp	r4, #30
 853 002e 05DC     		bgt	.L64
 854              	.LVL86:
 855              	.L58:
 327:Middlewares/Third_Party/LwIP/src/apps/mqtt/mqtt.c ****   r->timeout_diff = MQTT_REQ_TIMEOUT - time_before;
 856              		.loc 1 327 3 discriminator 3 view .LVU217
 327:Middlewares/Third_Party/LwIP/src/apps/mqtt/mqtt.c ****   r->timeout_diff = MQTT_REQ_TIMEOUT - time_before;
 857              		.loc 1 327 3 discriminator 3 view .LVU218
 328:Middlewares/Third_Party/LwIP/src/apps/mqtt/mqtt.c ****   if (head == NULL) {
 858              		.loc 1 328 3 discriminator 3 view .LVU219
 328:Middlewares/Third_Party/LwIP/src/apps/mqtt/mqtt.c ****   if (head == NULL) {
 859              		.loc 1 328 38 is_stmt 0 discriminator 3 view .LVU220
 860 0030 C4F11E04 		rsb	r4, r4, #30
 861              	.LVL87:
 328:Middlewares/Third_Party/LwIP/src/apps/mqtt/mqtt.c ****   if (head == NULL) {
 862              		.loc 1 328 19 discriminator 3 view .LVU221
 863 0034 F481     		strh	r4, [r6, #14]	@ movhi
 329:Middlewares/Third_Party/LwIP/src/apps/mqtt/mqtt.c ****     *tail = r;
 864              		.loc 1 329 3 is_stmt 1 discriminator 3 view .LVU222
 329:Middlewares/Third_Party/LwIP/src/apps/mqtt/mqtt.c ****     *tail = r;
 865              		.loc 1 329 6 is_stmt 0 discriminator 3 view .LVU223
 866 0036 4DB1     		cbz	r5, .L65
 332:Middlewares/Third_Party/LwIP/src/apps/mqtt/mqtt.c ****   }
 867              		.loc 1 332 5 is_stmt 1 view .LVU224
 332:Middlewares/Third_Party/LwIP/src/apps/mqtt/mqtt.c ****   }
 868              		.loc 1 332 16 is_stmt 0 view .LVU225
 869 0038 2E60     		str	r6, [r5]
 870              	.L54:
 334:Middlewares/Third_Party/LwIP/src/apps/mqtt/mqtt.c **** 
 871              		.loc 1 334 1 view .LVU226
 872 003a F8BD     		pop	{r3, r4, r5, r6, r7, pc}
 873              	.LVL88:
 874              	.L64:
 327:Middlewares/Third_Party/LwIP/src/apps/mqtt/mqtt.c ****   r->timeout_diff = MQTT_REQ_TIMEOUT - time_before;
 875              		.loc 1 327 3 is_stmt 1 discriminator 1 view .LVU227
 327:Middlewares/Third_Party/LwIP/src/apps/mqtt/mqtt.c ****   r->timeout_diff = MQTT_REQ_TIMEOUT - time_before;
 876              		.loc 1 327 3 discriminator 1 view .LVU228
ARM GAS  /tmp/ccekGo1E.s 			page 30


 877 003c 044B     		ldr	r3, .L66
 878              	.LVL89:
 327:Middlewares/Third_Party/LwIP/src/apps/mqtt/mqtt.c ****   r->timeout_diff = MQTT_REQ_TIMEOUT - time_before;
 879              		.loc 1 327 3 is_stmt 0 discriminator 1 view .LVU229
 880 003e 40F24712 		movw	r2, #327
 881 0042 0649     		ldr	r1, .L66+12
 882 0044 0448     		ldr	r0, .L66+8
 883 0046 FFF7FEFF 		bl	printf
 884              	.LVL90:
 885 004a F1E7     		b	.L58
 886              	.LVL91:
 887              	.L65:
 330:Middlewares/Third_Party/LwIP/src/apps/mqtt/mqtt.c ****   } else {
 888              		.loc 1 330 5 is_stmt 1 view .LVU230
 330:Middlewares/Third_Party/LwIP/src/apps/mqtt/mqtt.c ****   } else {
 889              		.loc 1 330 11 is_stmt 0 view .LVU231
 890 004c 3E60     		str	r6, [r7]
 891 004e F4E7     		b	.L54
 892              	.L67:
 893              		.align	2
 894              	.L66:
 895 0050 00000000 		.word	.LC0
 896 0054 00000000 		.word	.LC4
 897 0058 58000000 		.word	.LC2
 898 005c 24000000 		.word	.LC5
 899              		.cfi_endproc
 900              	.LFE167:
 902              		.section	.rodata.mqtt_ringbuf_advance_get_idx.str1.4,"aMS",%progbits,1
 903              		.align	2
 904              	.LC6:
 905 0000 6D717474 		.ascii	"mqtt_ringbuf_advance_get_idx: len < MQTT_OUTPUT_RIN"
 905      5F72696E 
 905      67627566 
 905      5F616476 
 905      616E6365 
 906 0033 47425546 		.ascii	"GBUF_SIZE\000"
 906      5F53495A 
 906      4500
 907              		.section	.text.mqtt_ringbuf_advance_get_idx,"ax",%progbits
 908              		.align	1
 909              		.syntax unified
 910              		.thumb
 911              		.thumb_func
 912              		.fpu fpv4-sp-d16
 914              	mqtt_ringbuf_advance_get_idx:
 915              	.LVL92:
 916              	.LFB163:
 202:Middlewares/Third_Party/LwIP/src/apps/mqtt/mqtt.c ****   LWIP_ASSERT("mqtt_ringbuf_advance_get_idx: len < MQTT_OUTPUT_RINGBUF_SIZE", len < MQTT_OUTPUT_RIN
 917              		.loc 1 202 1 is_stmt 1 view -0
 918              		.cfi_startproc
 919              		@ args = 0, pretend = 0, frame = 0
 920              		@ frame_needed = 0, uses_anonymous_args = 0
 202:Middlewares/Third_Party/LwIP/src/apps/mqtt/mqtt.c ****   LWIP_ASSERT("mqtt_ringbuf_advance_get_idx: len < MQTT_OUTPUT_RINGBUF_SIZE", len < MQTT_OUTPUT_RIN
 921              		.loc 1 202 1 is_stmt 0 view .LVU233
 922 0000 38B5     		push	{r3, r4, r5, lr}
 923              	.LCFI9:
 924              		.cfi_def_cfa_offset 16
ARM GAS  /tmp/ccekGo1E.s 			page 31


 925              		.cfi_offset 3, -16
 926              		.cfi_offset 4, -12
 927              		.cfi_offset 5, -8
 928              		.cfi_offset 14, -4
 929 0002 0546     		mov	r5, r0
 930 0004 0C46     		mov	r4, r1
 203:Middlewares/Third_Party/LwIP/src/apps/mqtt/mqtt.c **** 
 931              		.loc 1 203 3 is_stmt 1 view .LVU234
 203:Middlewares/Third_Party/LwIP/src/apps/mqtt/mqtt.c **** 
 932              		.loc 1 203 3 view .LVU235
 933 0006 FF29     		cmp	r1, #255
 934 0008 09D8     		bhi	.L72
 935              	.LVL93:
 936              	.L69:
 203:Middlewares/Third_Party/LwIP/src/apps/mqtt/mqtt.c **** 
 937              		.loc 1 203 3 discriminator 3 view .LVU236
 203:Middlewares/Third_Party/LwIP/src/apps/mqtt/mqtt.c **** 
 938              		.loc 1 203 3 discriminator 3 view .LVU237
 205:Middlewares/Third_Party/LwIP/src/apps/mqtt/mqtt.c ****   if (rb->get >= MQTT_OUTPUT_RINGBUF_SIZE) {
 939              		.loc 1 205 3 discriminator 3 view .LVU238
 205:Middlewares/Third_Party/LwIP/src/apps/mqtt/mqtt.c ****   if (rb->get >= MQTT_OUTPUT_RINGBUF_SIZE) {
 940              		.loc 1 205 11 is_stmt 0 discriminator 3 view .LVU239
 941 000a 6988     		ldrh	r1, [r5, #2]
 942 000c 2144     		add	r1, r1, r4
 943 000e 89B2     		uxth	r1, r1
 944 0010 6980     		strh	r1, [r5, #2]	@ movhi
 206:Middlewares/Third_Party/LwIP/src/apps/mqtt/mqtt.c ****     rb->get = rb->get - MQTT_OUTPUT_RINGBUF_SIZE;
 945              		.loc 1 206 3 is_stmt 1 discriminator 3 view .LVU240
 206:Middlewares/Third_Party/LwIP/src/apps/mqtt/mqtt.c ****     rb->get = rb->get - MQTT_OUTPUT_RINGBUF_SIZE;
 946              		.loc 1 206 6 is_stmt 0 discriminator 3 view .LVU241
 947 0012 FF29     		cmp	r1, #255
 948 0014 02D9     		bls	.L68
 207:Middlewares/Third_Party/LwIP/src/apps/mqtt/mqtt.c ****   }
 949              		.loc 1 207 5 is_stmt 1 view .LVU242
 207:Middlewares/Third_Party/LwIP/src/apps/mqtt/mqtt.c ****   }
 950              		.loc 1 207 23 is_stmt 0 view .LVU243
 951 0016 A1F58071 		sub	r1, r1, #256
 207:Middlewares/Third_Party/LwIP/src/apps/mqtt/mqtt.c ****   }
 952              		.loc 1 207 13 view .LVU244
 953 001a 6980     		strh	r1, [r5, #2]	@ movhi
 954              	.L68:
 209:Middlewares/Third_Party/LwIP/src/apps/mqtt/mqtt.c **** 
 955              		.loc 1 209 1 view .LVU245
 956 001c 38BD     		pop	{r3, r4, r5, pc}
 957              	.LVL94:
 958              	.L72:
 203:Middlewares/Third_Party/LwIP/src/apps/mqtt/mqtt.c **** 
 959              		.loc 1 203 3 is_stmt 1 discriminator 1 view .LVU246
 203:Middlewares/Third_Party/LwIP/src/apps/mqtt/mqtt.c **** 
 960              		.loc 1 203 3 discriminator 1 view .LVU247
 961 001e 034B     		ldr	r3, .L73
 962 0020 CB22     		movs	r2, #203
 963 0022 0349     		ldr	r1, .L73+4
 964              	.LVL95:
 203:Middlewares/Third_Party/LwIP/src/apps/mqtt/mqtt.c **** 
 965              		.loc 1 203 3 is_stmt 0 discriminator 1 view .LVU248
 966 0024 0348     		ldr	r0, .L73+8
ARM GAS  /tmp/ccekGo1E.s 			page 32


 967              	.LVL96:
 203:Middlewares/Third_Party/LwIP/src/apps/mqtt/mqtt.c **** 
 968              		.loc 1 203 3 discriminator 1 view .LVU249
 969 0026 FFF7FEFF 		bl	printf
 970              	.LVL97:
 971 002a EEE7     		b	.L69
 972              	.L74:
 973              		.align	2
 974              	.L73:
 975 002c 00000000 		.word	.LC0
 976 0030 00000000 		.word	.LC6
 977 0034 58000000 		.word	.LC2
 978              		.cfi_endproc
 979              	.LFE163:
 981              		.section	.rodata.mqtt_request_time_elapsed.str1.4,"aMS",%progbits,1
 982              		.align	2
 983              	.LC7:
 984 0000 6D717474 		.ascii	"mqtt_request_time_elapsed: tail != NULL\000"
 984      5F726571 
 984      75657374 
 984      5F74696D 
 984      655F656C 
 985              		.section	.text.mqtt_request_time_elapsed,"ax",%progbits
 986              		.align	1
 987              		.syntax unified
 988              		.thumb
 989              		.thumb_func
 990              		.fpu fpv4-sp-d16
 992              	mqtt_request_time_elapsed:
 993              	.LVL98:
 994              	.LFB170:
 392:Middlewares/Third_Party/LwIP/src/apps/mqtt/mqtt.c ****   struct mqtt_request_t *r;
 995              		.loc 1 392 1 is_stmt 1 view -0
 996              		.cfi_startproc
 997              		@ args = 0, pretend = 0, frame = 0
 998              		@ frame_needed = 0, uses_anonymous_args = 0
 392:Middlewares/Third_Party/LwIP/src/apps/mqtt/mqtt.c ****   struct mqtt_request_t *r;
 999              		.loc 1 392 1 is_stmt 0 view .LVU251
 1000 0000 70B5     		push	{r4, r5, r6, lr}
 1001              	.LCFI10:
 1002              		.cfi_def_cfa_offset 16
 1003              		.cfi_offset 4, -16
 1004              		.cfi_offset 5, -12
 1005              		.cfi_offset 6, -8
 1006              		.cfi_offset 14, -4
 1007 0002 0D46     		mov	r5, r1
 393:Middlewares/Third_Party/LwIP/src/apps/mqtt/mqtt.c ****   LWIP_ASSERT("mqtt_request_time_elapsed: tail != NULL", tail != NULL);
 1008              		.loc 1 393 3 is_stmt 1 view .LVU252
 394:Middlewares/Third_Party/LwIP/src/apps/mqtt/mqtt.c ****   r = *tail;
 1009              		.loc 1 394 3 view .LVU253
 394:Middlewares/Third_Party/LwIP/src/apps/mqtt/mqtt.c ****   r = *tail;
 1010              		.loc 1 394 3 view .LVU254
 1011 0004 0646     		mov	r6, r0
 1012 0006 08B1     		cbz	r0, .L83
 1013              	.LVL99:
 1014              	.L76:
 394:Middlewares/Third_Party/LwIP/src/apps/mqtt/mqtt.c ****   r = *tail;
ARM GAS  /tmp/ccekGo1E.s 			page 33


 1015              		.loc 1 394 3 discriminator 3 view .LVU255
 394:Middlewares/Third_Party/LwIP/src/apps/mqtt/mqtt.c ****   r = *tail;
 1016              		.loc 1 394 3 discriminator 3 view .LVU256
 395:Middlewares/Third_Party/LwIP/src/apps/mqtt/mqtt.c ****   while (t > 0 && r != NULL) {
 1017              		.loc 1 395 3 discriminator 3 view .LVU257
 395:Middlewares/Third_Party/LwIP/src/apps/mqtt/mqtt.c ****   while (t > 0 && r != NULL) {
 1018              		.loc 1 395 5 is_stmt 0 discriminator 3 view .LVU258
 1019 0008 3468     		ldr	r4, [r6]
 1020              	.LVL100:
 396:Middlewares/Third_Party/LwIP/src/apps/mqtt/mqtt.c ****     if (t >= r->timeout_diff) {
 1021              		.loc 1 396 3 is_stmt 1 discriminator 3 view .LVU259
 396:Middlewares/Third_Party/LwIP/src/apps/mqtt/mqtt.c ****     if (t >= r->timeout_diff) {
 1022              		.loc 1 396 9 is_stmt 0 discriminator 3 view .LVU260
 1023 000a 0BE0     		b	.L77
 1024              	.LVL101:
 1025              	.L83:
 394:Middlewares/Third_Party/LwIP/src/apps/mqtt/mqtt.c ****   r = *tail;
 1026              		.loc 1 394 3 is_stmt 1 discriminator 1 view .LVU261
 394:Middlewares/Third_Party/LwIP/src/apps/mqtt/mqtt.c ****   r = *tail;
 1027              		.loc 1 394 3 discriminator 1 view .LVU262
 1028 000c 104B     		ldr	r3, .L84
 1029 000e 4FF4C572 		mov	r2, #394
 1030 0012 1049     		ldr	r1, .L84+4
 1031              	.LVL102:
 394:Middlewares/Third_Party/LwIP/src/apps/mqtt/mqtt.c ****   r = *tail;
 1032              		.loc 1 394 3 is_stmt 0 discriminator 1 view .LVU263
 1033 0014 1048     		ldr	r0, .L84+8
 1034              	.LVL103:
 394:Middlewares/Third_Party/LwIP/src/apps/mqtt/mqtt.c ****   r = *tail;
 1035              		.loc 1 394 3 discriminator 1 view .LVU264
 1036 0016 FFF7FEFF 		bl	printf
 1037              	.LVL104:
 1038 001a F5E7     		b	.L76
 1039              	.LVL105:
 1040              	.L79:
 405:Middlewares/Third_Party/LwIP/src/apps/mqtt/mqtt.c ****       /* Tail might be be modified in callback, so re-read it in every iteration */
 1041              		.loc 1 405 7 is_stmt 1 view .LVU265
 1042 001c 2046     		mov	r0, r4
 1043 001e FFF7FEFF 		bl	mqtt_delete_request
 1044              	.LVL106:
 407:Middlewares/Third_Party/LwIP/src/apps/mqtt/mqtt.c ****     } else {
 1045              		.loc 1 407 7 view .LVU266
 407:Middlewares/Third_Party/LwIP/src/apps/mqtt/mqtt.c ****     } else {
 1046              		.loc 1 407 9 is_stmt 0 view .LVU267
 1047 0022 3468     		ldr	r4, [r6]
 1048              	.LVL107:
 1049              	.L77:
 396:Middlewares/Third_Party/LwIP/src/apps/mqtt/mqtt.c ****     if (t >= r->timeout_diff) {
 1050              		.loc 1 396 9 is_stmt 1 view .LVU268
 1051 0024 9DB1     		cbz	r5, .L75
 396:Middlewares/Third_Party/LwIP/src/apps/mqtt/mqtt.c ****     if (t >= r->timeout_diff) {
 1052              		.loc 1 396 16 is_stmt 0 discriminator 1 view .LVU269
 1053 0026 94B1     		cbz	r4, .L75
 397:Middlewares/Third_Party/LwIP/src/apps/mqtt/mqtt.c ****       t -= (u8_t)r->timeout_diff;
 1054              		.loc 1 397 5 is_stmt 1 view .LVU270
 397:Middlewares/Third_Party/LwIP/src/apps/mqtt/mqtt.c ****       t -= (u8_t)r->timeout_diff;
 1055              		.loc 1 397 11 is_stmt 0 view .LVU271
ARM GAS  /tmp/ccekGo1E.s 			page 34


 1056 0028 AAB2     		uxth	r2, r5
 397:Middlewares/Third_Party/LwIP/src/apps/mqtt/mqtt.c ****       t -= (u8_t)r->timeout_diff;
 1057              		.loc 1 397 15 view .LVU272
 1058 002a E389     		ldrh	r3, [r4, #14]
 397:Middlewares/Third_Party/LwIP/src/apps/mqtt/mqtt.c ****       t -= (u8_t)r->timeout_diff;
 1059              		.loc 1 397 8 view .LVU273
 1060 002c 9A42     		cmp	r2, r3
 1061 002e 0CD3     		bcc	.L78
 398:Middlewares/Third_Party/LwIP/src/apps/mqtt/mqtt.c ****       /* Unchain */
 1062              		.loc 1 398 7 is_stmt 1 view .LVU274
 398:Middlewares/Third_Party/LwIP/src/apps/mqtt/mqtt.c ****       /* Unchain */
 1063              		.loc 1 398 12 is_stmt 0 view .LVU275
 1064 0030 DBB2     		uxtb	r3, r3
 398:Middlewares/Third_Party/LwIP/src/apps/mqtt/mqtt.c ****       /* Unchain */
 1065              		.loc 1 398 9 view .LVU276
 1066 0032 EB1A     		subs	r3, r5, r3
 1067 0034 DDB2     		uxtb	r5, r3
 1068              	.LVL108:
 400:Middlewares/Third_Party/LwIP/src/apps/mqtt/mqtt.c ****       /* Notify upper layer about timeout */
 1069              		.loc 1 400 7 is_stmt 1 view .LVU277
 400:Middlewares/Third_Party/LwIP/src/apps/mqtt/mqtt.c ****       /* Notify upper layer about timeout */
 1070              		.loc 1 400 16 is_stmt 0 view .LVU278
 1071 0036 2368     		ldr	r3, [r4]
 400:Middlewares/Third_Party/LwIP/src/apps/mqtt/mqtt.c ****       /* Notify upper layer about timeout */
 1072              		.loc 1 400 13 view .LVU279
 1073 0038 3360     		str	r3, [r6]
 402:Middlewares/Third_Party/LwIP/src/apps/mqtt/mqtt.c ****         r->cb(r->arg, ERR_TIMEOUT);
 1074              		.loc 1 402 7 is_stmt 1 view .LVU280
 402:Middlewares/Third_Party/LwIP/src/apps/mqtt/mqtt.c ****         r->cb(r->arg, ERR_TIMEOUT);
 1075              		.loc 1 402 12 is_stmt 0 view .LVU281
 1076 003a 6368     		ldr	r3, [r4, #4]
 402:Middlewares/Third_Party/LwIP/src/apps/mqtt/mqtt.c ****         r->cb(r->arg, ERR_TIMEOUT);
 1077              		.loc 1 402 10 view .LVU282
 1078 003c 002B     		cmp	r3, #0
 1079 003e EDD0     		beq	.L79
 403:Middlewares/Third_Party/LwIP/src/apps/mqtt/mqtt.c ****       }
 1080              		.loc 1 403 9 is_stmt 1 view .LVU283
 1081 0040 6FF00201 		mvn	r1, #2
 1082 0044 A068     		ldr	r0, [r4, #8]
 1083 0046 9847     		blx	r3
 1084              	.LVL109:
 1085 0048 E8E7     		b	.L79
 1086              	.L78:
 409:Middlewares/Third_Party/LwIP/src/apps/mqtt/mqtt.c ****       t = 0;
 1087              		.loc 1 409 7 view .LVU284
 409:Middlewares/Third_Party/LwIP/src/apps/mqtt/mqtt.c ****       t = 0;
 1088              		.loc 1 409 23 is_stmt 0 view .LVU285
 1089 004a 9B1A     		subs	r3, r3, r2
 1090 004c E381     		strh	r3, [r4, #14]	@ movhi
 410:Middlewares/Third_Party/LwIP/src/apps/mqtt/mqtt.c ****     }
 1091              		.loc 1 410 7 is_stmt 1 view .LVU286
 1092              	.LVL110:
 396:Middlewares/Third_Party/LwIP/src/apps/mqtt/mqtt.c ****     if (t >= r->timeout_diff) {
 1093              		.loc 1 396 9 view .LVU287
 1094              	.L75:
 413:Middlewares/Third_Party/LwIP/src/apps/mqtt/mqtt.c **** 
 1095              		.loc 1 413 1 is_stmt 0 view .LVU288
ARM GAS  /tmp/ccekGo1E.s 			page 35


 1096 004e 70BD     		pop	{r4, r5, r6, pc}
 1097              	.LVL111:
 1098              	.L85:
 413:Middlewares/Third_Party/LwIP/src/apps/mqtt/mqtt.c **** 
 1099              		.loc 1 413 1 view .LVU289
 1100              		.align	2
 1101              	.L84:
 1102 0050 00000000 		.word	.LC0
 1103 0054 00000000 		.word	.LC7
 1104 0058 58000000 		.word	.LC2
 1105              		.cfi_endproc
 1106              	.LFE170:
 1108              		.section	.rodata.mqtt_clear_requests.str1.4,"aMS",%progbits,1
 1109              		.align	2
 1110              	.LC8:
 1111 0000 6D717474 		.ascii	"mqtt_clear_requests: tail != NULL\000"
 1111      5F636C65 
 1111      61725F72 
 1111      65717565 
 1111      7374733A 
 1112              		.section	.text.mqtt_clear_requests,"ax",%progbits
 1113              		.align	1
 1114              		.syntax unified
 1115              		.thumb
 1116              		.thumb_func
 1117              		.fpu fpv4-sp-d16
 1119              	mqtt_clear_requests:
 1120              	.LVL112:
 1121              	.LFB171:
 421:Middlewares/Third_Party/LwIP/src/apps/mqtt/mqtt.c ****   struct mqtt_request_t *iter, *next;
 1122              		.loc 1 421 1 is_stmt 1 view -0
 1123              		.cfi_startproc
 1124              		@ args = 0, pretend = 0, frame = 0
 1125              		@ frame_needed = 0, uses_anonymous_args = 0
 421:Middlewares/Third_Party/LwIP/src/apps/mqtt/mqtt.c ****   struct mqtt_request_t *iter, *next;
 1126              		.loc 1 421 1 is_stmt 0 view .LVU291
 1127 0000 38B5     		push	{r3, r4, r5, lr}
 1128              	.LCFI11:
 1129              		.cfi_def_cfa_offset 16
 1130              		.cfi_offset 3, -16
 1131              		.cfi_offset 4, -12
 1132              		.cfi_offset 5, -8
 1133              		.cfi_offset 14, -4
 422:Middlewares/Third_Party/LwIP/src/apps/mqtt/mqtt.c ****   LWIP_ASSERT("mqtt_clear_requests: tail != NULL", tail != NULL);
 1134              		.loc 1 422 3 is_stmt 1 view .LVU292
 423:Middlewares/Third_Party/LwIP/src/apps/mqtt/mqtt.c ****   for (iter = *tail; iter != NULL; iter = next) {
 1135              		.loc 1 423 3 view .LVU293
 423:Middlewares/Third_Party/LwIP/src/apps/mqtt/mqtt.c ****   for (iter = *tail; iter != NULL; iter = next) {
 1136              		.loc 1 423 3 view .LVU294
 1137 0002 0546     		mov	r5, r0
 1138 0004 30B1     		cbz	r0, .L91
 1139              	.LVL113:
 1140              	.L87:
 423:Middlewares/Third_Party/LwIP/src/apps/mqtt/mqtt.c ****   for (iter = *tail; iter != NULL; iter = next) {
 1141              		.loc 1 423 3 discriminator 3 view .LVU295
 423:Middlewares/Third_Party/LwIP/src/apps/mqtt/mqtt.c ****   for (iter = *tail; iter != NULL; iter = next) {
 1142              		.loc 1 423 3 discriminator 3 view .LVU296
ARM GAS  /tmp/ccekGo1E.s 			page 36


 424:Middlewares/Third_Party/LwIP/src/apps/mqtt/mqtt.c ****     next = iter->next;
 1143              		.loc 1 424 3 discriminator 3 view .LVU297
 424:Middlewares/Third_Party/LwIP/src/apps/mqtt/mqtt.c ****     next = iter->next;
 1144              		.loc 1 424 13 is_stmt 0 discriminator 3 view .LVU298
 1145 0006 2868     		ldr	r0, [r5]
 1146              	.LVL114:
 1147              	.L88:
 424:Middlewares/Third_Party/LwIP/src/apps/mqtt/mqtt.c ****     next = iter->next;
 1148              		.loc 1 424 22 is_stmt 1 discriminator 1 view .LVU299
 424:Middlewares/Third_Party/LwIP/src/apps/mqtt/mqtt.c ****     next = iter->next;
 1149              		.loc 1 424 3 is_stmt 0 discriminator 1 view .LVU300
 1150 0008 60B1     		cbz	r0, .L92
 425:Middlewares/Third_Party/LwIP/src/apps/mqtt/mqtt.c ****     mqtt_delete_request(iter);
 1151              		.loc 1 425 5 is_stmt 1 discriminator 3 view .LVU301
 425:Middlewares/Third_Party/LwIP/src/apps/mqtt/mqtt.c ****     mqtt_delete_request(iter);
 1152              		.loc 1 425 10 is_stmt 0 discriminator 3 view .LVU302
 1153 000a 0468     		ldr	r4, [r0]
 1154              	.LVL115:
 426:Middlewares/Third_Party/LwIP/src/apps/mqtt/mqtt.c ****   }
 1155              		.loc 1 426 5 is_stmt 1 discriminator 3 view .LVU303
 1156 000c FFF7FEFF 		bl	mqtt_delete_request
 1157              	.LVL116:
 424:Middlewares/Third_Party/LwIP/src/apps/mqtt/mqtt.c ****     next = iter->next;
 1158              		.loc 1 424 36 discriminator 3 view .LVU304
 424:Middlewares/Third_Party/LwIP/src/apps/mqtt/mqtt.c ****     next = iter->next;
 1159              		.loc 1 424 41 is_stmt 0 discriminator 3 view .LVU305
 1160 0010 2046     		mov	r0, r4
 1161 0012 F9E7     		b	.L88
 1162              	.LVL117:
 1163              	.L91:
 423:Middlewares/Third_Party/LwIP/src/apps/mqtt/mqtt.c ****   for (iter = *tail; iter != NULL; iter = next) {
 1164              		.loc 1 423 3 is_stmt 1 discriminator 1 view .LVU306
 423:Middlewares/Third_Party/LwIP/src/apps/mqtt/mqtt.c ****   for (iter = *tail; iter != NULL; iter = next) {
 1165              		.loc 1 423 3 discriminator 1 view .LVU307
 1166 0014 054B     		ldr	r3, .L93
 1167 0016 40F2A712 		movw	r2, #423
 1168 001a 0549     		ldr	r1, .L93+4
 1169 001c 0548     		ldr	r0, .L93+8
 1170              	.LVL118:
 423:Middlewares/Third_Party/LwIP/src/apps/mqtt/mqtt.c ****   for (iter = *tail; iter != NULL; iter = next) {
 1171              		.loc 1 423 3 is_stmt 0 discriminator 1 view .LVU308
 1172 001e FFF7FEFF 		bl	printf
 1173              	.LVL119:
 1174 0022 F0E7     		b	.L87
 1175              	.LVL120:
 1176              	.L92:
 428:Middlewares/Third_Party/LwIP/src/apps/mqtt/mqtt.c **** }
 1177              		.loc 1 428 3 is_stmt 1 view .LVU309
 428:Middlewares/Third_Party/LwIP/src/apps/mqtt/mqtt.c **** }
 1178              		.loc 1 428 9 is_stmt 0 view .LVU310
 1179 0024 0023     		movs	r3, #0
 1180 0026 2B60     		str	r3, [r5]
 429:Middlewares/Third_Party/LwIP/src/apps/mqtt/mqtt.c **** /**
 1181              		.loc 1 429 1 view .LVU311
 1182 0028 38BD     		pop	{r3, r4, r5, pc}
 1183              	.LVL121:
 1184              	.L94:
ARM GAS  /tmp/ccekGo1E.s 			page 37


 429:Middlewares/Third_Party/LwIP/src/apps/mqtt/mqtt.c **** /**
 1185              		.loc 1 429 1 view .LVU312
 1186 002a 00BF     		.align	2
 1187              	.L93:
 1188 002c 00000000 		.word	.LC0
 1189 0030 00000000 		.word	.LC8
 1190 0034 58000000 		.word	.LC2
 1191              		.cfi_endproc
 1192              	.LFE171:
 1194              		.section	.rodata.mqtt_take_request.str1.4,"aMS",%progbits,1
 1195              		.align	2
 1196              	.LC9:
 1197 0000 6D717474 		.ascii	"mqtt_take_request: tail != NULL\000"
 1197      5F74616B 
 1197      655F7265 
 1197      71756573 
 1197      743A2074 
 1198              		.section	.text.mqtt_take_request,"ax",%progbits
 1199              		.align	1
 1200              		.syntax unified
 1201              		.thumb
 1202              		.thumb_func
 1203              		.fpu fpv4-sp-d16
 1205              	mqtt_take_request:
 1206              	.LVL122:
 1207              	.LFB169:
 357:Middlewares/Third_Party/LwIP/src/apps/mqtt/mqtt.c ****   struct mqtt_request_t *iter = NULL, *prev = NULL;
 1208              		.loc 1 357 1 is_stmt 1 view -0
 1209              		.cfi_startproc
 1210              		@ args = 0, pretend = 0, frame = 0
 1211              		@ frame_needed = 0, uses_anonymous_args = 0
 357:Middlewares/Third_Party/LwIP/src/apps/mqtt/mqtt.c ****   struct mqtt_request_t *iter = NULL, *prev = NULL;
 1212              		.loc 1 357 1 is_stmt 0 view .LVU314
 1213 0000 38B5     		push	{r3, r4, r5, lr}
 1214              	.LCFI12:
 1215              		.cfi_def_cfa_offset 16
 1216              		.cfi_offset 3, -16
 1217              		.cfi_offset 4, -12
 1218              		.cfi_offset 5, -8
 1219              		.cfi_offset 14, -4
 1220 0002 0C46     		mov	r4, r1
 358:Middlewares/Third_Party/LwIP/src/apps/mqtt/mqtt.c ****   LWIP_ASSERT("mqtt_take_request: tail != NULL", tail != NULL);
 1221              		.loc 1 358 3 is_stmt 1 view .LVU315
 1222              	.LVL123:
 359:Middlewares/Third_Party/LwIP/src/apps/mqtt/mqtt.c ****   /* Search all request for pkt_id */
 1223              		.loc 1 359 3 view .LVU316
 359:Middlewares/Third_Party/LwIP/src/apps/mqtt/mqtt.c ****   /* Search all request for pkt_id */
 1224              		.loc 1 359 3 view .LVU317
 1225 0004 0546     		mov	r5, r0
 1226 0006 40B1     		cbz	r0, .L105
 1227              	.LVL124:
 1228              	.L96:
 359:Middlewares/Third_Party/LwIP/src/apps/mqtt/mqtt.c ****   /* Search all request for pkt_id */
 1229              		.loc 1 359 3 discriminator 3 view .LVU318
 359:Middlewares/Third_Party/LwIP/src/apps/mqtt/mqtt.c ****   /* Search all request for pkt_id */
 1230              		.loc 1 359 3 discriminator 3 view .LVU319
 361:Middlewares/Third_Party/LwIP/src/apps/mqtt/mqtt.c ****     if (iter->pkt_id == pkt_id) {
ARM GAS  /tmp/ccekGo1E.s 			page 38


 1231              		.loc 1 361 3 discriminator 3 view .LVU320
 361:Middlewares/Third_Party/LwIP/src/apps/mqtt/mqtt.c ****     if (iter->pkt_id == pkt_id) {
 1232              		.loc 1 361 13 is_stmt 0 discriminator 3 view .LVU321
 1233 0008 2868     		ldr	r0, [r5]
 1234              	.LVL125:
 358:Middlewares/Third_Party/LwIP/src/apps/mqtt/mqtt.c ****   LWIP_ASSERT("mqtt_take_request: tail != NULL", tail != NULL);
 1235              		.loc 1 358 40 discriminator 3 view .LVU322
 1236 000a 0022     		movs	r2, #0
 1237              	.LVL126:
 1238              	.L97:
 361:Middlewares/Third_Party/LwIP/src/apps/mqtt/mqtt.c ****     if (iter->pkt_id == pkt_id) {
 1239              		.loc 1 361 22 is_stmt 1 discriminator 1 view .LVU323
 361:Middlewares/Third_Party/LwIP/src/apps/mqtt/mqtt.c ****     if (iter->pkt_id == pkt_id) {
 1240              		.loc 1 361 3 is_stmt 0 discriminator 1 view .LVU324
 1241 000c 68B1     		cbz	r0, .L98
 362:Middlewares/Third_Party/LwIP/src/apps/mqtt/mqtt.c ****       break;
 1242              		.loc 1 362 5 is_stmt 1 view .LVU325
 362:Middlewares/Third_Party/LwIP/src/apps/mqtt/mqtt.c ****       break;
 1243              		.loc 1 362 13 is_stmt 0 view .LVU326
 1244 000e 8389     		ldrh	r3, [r0, #12]
 362:Middlewares/Third_Party/LwIP/src/apps/mqtt/mqtt.c ****       break;
 1245              		.loc 1 362 8 view .LVU327
 1246 0010 A342     		cmp	r3, r4
 1247 0012 0AD0     		beq	.L98
 365:Middlewares/Third_Party/LwIP/src/apps/mqtt/mqtt.c ****   }
 1248              		.loc 1 365 5 is_stmt 1 discriminator 2 view .LVU328
 1249              	.LVL127:
 361:Middlewares/Third_Party/LwIP/src/apps/mqtt/mqtt.c ****     if (iter->pkt_id == pkt_id) {
 1250              		.loc 1 361 36 discriminator 2 view .LVU329
 365:Middlewares/Third_Party/LwIP/src/apps/mqtt/mqtt.c ****   }
 1251              		.loc 1 365 10 is_stmt 0 discriminator 2 view .LVU330
 1252 0014 0246     		mov	r2, r0
 361:Middlewares/Third_Party/LwIP/src/apps/mqtt/mqtt.c ****     if (iter->pkt_id == pkt_id) {
 1253              		.loc 1 361 41 discriminator 2 view .LVU331
 1254 0016 0068     		ldr	r0, [r0]
 1255              	.LVL128:
 361:Middlewares/Third_Party/LwIP/src/apps/mqtt/mqtt.c ****     if (iter->pkt_id == pkt_id) {
 1256              		.loc 1 361 41 discriminator 2 view .LVU332
 1257 0018 F8E7     		b	.L97
 1258              	.LVL129:
 1259              	.L105:
 359:Middlewares/Third_Party/LwIP/src/apps/mqtt/mqtt.c ****   /* Search all request for pkt_id */
 1260              		.loc 1 359 3 is_stmt 1 discriminator 1 view .LVU333
 359:Middlewares/Third_Party/LwIP/src/apps/mqtt/mqtt.c ****   /* Search all request for pkt_id */
 1261              		.loc 1 359 3 discriminator 1 view .LVU334
 1262 001a 0C4B     		ldr	r3, .L107
 1263 001c 40F26712 		movw	r2, #359
 1264 0020 0B49     		ldr	r1, .L107+4
 1265              	.LVL130:
 359:Middlewares/Third_Party/LwIP/src/apps/mqtt/mqtt.c ****   /* Search all request for pkt_id */
 1266              		.loc 1 359 3 is_stmt 0 discriminator 1 view .LVU335
 1267 0022 0C48     		ldr	r0, .L107+8
 1268              	.LVL131:
 359:Middlewares/Third_Party/LwIP/src/apps/mqtt/mqtt.c ****   /* Search all request for pkt_id */
 1269              		.loc 1 359 3 discriminator 1 view .LVU336
 1270 0024 FFF7FEFF 		bl	printf
 1271              	.LVL132:
ARM GAS  /tmp/ccekGo1E.s 			page 39


 1272 0028 EEE7     		b	.L96
 1273              	.LVL133:
 1274              	.L98:
 369:Middlewares/Third_Party/LwIP/src/apps/mqtt/mqtt.c ****     /* unchain */
 1275              		.loc 1 369 3 is_stmt 1 view .LVU337
 369:Middlewares/Third_Party/LwIP/src/apps/mqtt/mqtt.c ****     /* unchain */
 1276              		.loc 1 369 6 is_stmt 0 view .LVU338
 1277 002a 50B1     		cbz	r0, .L95
 371:Middlewares/Third_Party/LwIP/src/apps/mqtt/mqtt.c ****       *tail = iter->next;
 1278              		.loc 1 371 5 is_stmt 1 view .LVU339
 371:Middlewares/Third_Party/LwIP/src/apps/mqtt/mqtt.c ****       *tail = iter->next;
 1279              		.loc 1 371 8 is_stmt 0 view .LVU340
 1280 002c 52B1     		cbz	r2, .L106
 374:Middlewares/Third_Party/LwIP/src/apps/mqtt/mqtt.c ****     }
 1281              		.loc 1 374 7 is_stmt 1 view .LVU341
 374:Middlewares/Third_Party/LwIP/src/apps/mqtt/mqtt.c ****     }
 1282              		.loc 1 374 24 is_stmt 0 view .LVU342
 1283 002e 0368     		ldr	r3, [r0]
 374:Middlewares/Third_Party/LwIP/src/apps/mqtt/mqtt.c ****     }
 1284              		.loc 1 374 18 view .LVU343
 1285 0030 1360     		str	r3, [r2]
 1286              	.L102:
 377:Middlewares/Third_Party/LwIP/src/apps/mqtt/mqtt.c ****       iter->next->timeout_diff += iter->timeout_diff;
 1287              		.loc 1 377 5 is_stmt 1 view .LVU344
 377:Middlewares/Third_Party/LwIP/src/apps/mqtt/mqtt.c ****       iter->next->timeout_diff += iter->timeout_diff;
 1288              		.loc 1 377 13 is_stmt 0 view .LVU345
 1289 0032 0368     		ldr	r3, [r0]
 377:Middlewares/Third_Party/LwIP/src/apps/mqtt/mqtt.c ****       iter->next->timeout_diff += iter->timeout_diff;
 1290              		.loc 1 377 8 view .LVU346
 1291 0034 1BB1     		cbz	r3, .L103
 378:Middlewares/Third_Party/LwIP/src/apps/mqtt/mqtt.c ****     }
 1292              		.loc 1 378 7 is_stmt 1 view .LVU347
 378:Middlewares/Third_Party/LwIP/src/apps/mqtt/mqtt.c ****     }
 1293              		.loc 1 378 39 is_stmt 0 view .LVU348
 1294 0036 C289     		ldrh	r2, [r0, #14]
 1295              	.LVL134:
 378:Middlewares/Third_Party/LwIP/src/apps/mqtt/mqtt.c ****     }
 1296              		.loc 1 378 32 view .LVU349
 1297 0038 D989     		ldrh	r1, [r3, #14]
 1298 003a 0A44     		add	r2, r2, r1
 1299 003c DA81     		strh	r2, [r3, #14]	@ movhi
 1300              	.L103:
 380:Middlewares/Third_Party/LwIP/src/apps/mqtt/mqtt.c ****   }
 1301              		.loc 1 380 5 is_stmt 1 view .LVU350
 380:Middlewares/Third_Party/LwIP/src/apps/mqtt/mqtt.c ****   }
 1302              		.loc 1 380 16 is_stmt 0 view .LVU351
 1303 003e 0023     		movs	r3, #0
 1304 0040 0360     		str	r3, [r0]
 382:Middlewares/Third_Party/LwIP/src/apps/mqtt/mqtt.c **** }
 1305              		.loc 1 382 3 is_stmt 1 view .LVU352
 1306              	.L95:
 383:Middlewares/Third_Party/LwIP/src/apps/mqtt/mqtt.c **** 
 1307              		.loc 1 383 1 is_stmt 0 view .LVU353
 1308 0042 38BD     		pop	{r3, r4, r5, pc}
 1309              	.LVL135:
 1310              	.L106:
 372:Middlewares/Third_Party/LwIP/src/apps/mqtt/mqtt.c ****     } else {
ARM GAS  /tmp/ccekGo1E.s 			page 40


 1311              		.loc 1 372 7 is_stmt 1 view .LVU354
 372:Middlewares/Third_Party/LwIP/src/apps/mqtt/mqtt.c ****     } else {
 1312              		.loc 1 372 19 is_stmt 0 view .LVU355
 1313 0044 0368     		ldr	r3, [r0]
 372:Middlewares/Third_Party/LwIP/src/apps/mqtt/mqtt.c ****     } else {
 1314              		.loc 1 372 13 view .LVU356
 1315 0046 2B60     		str	r3, [r5]
 1316 0048 F3E7     		b	.L102
 1317              	.L108:
 1318 004a 00BF     		.align	2
 1319              	.L107:
 1320 004c 00000000 		.word	.LC0
 1321 0050 00000000 		.word	.LC9
 1322 0054 58000000 		.word	.LC2
 1323              		.cfi_endproc
 1324              	.LFE169:
 1326              		.section	.rodata.mqtt_init_requests.str1.4,"aMS",%progbits,1
 1327              		.align	2
 1328              	.LC10:
 1329 0000 6D717474 		.ascii	"mqtt_init_requests: r_objs != NULL\000"
 1329      5F696E69 
 1329      745F7265 
 1329      71756573 
 1329      74733A20 
 1330              		.section	.text.mqtt_init_requests,"ax",%progbits
 1331              		.align	1
 1332              		.syntax unified
 1333              		.thumb
 1334              		.thumb_func
 1335              		.fpu fpv4-sp-d16
 1337              	mqtt_init_requests:
 1338              	.LVL136:
 1339              	.LFB172:
 437:Middlewares/Third_Party/LwIP/src/apps/mqtt/mqtt.c ****   u8_t n;
 1340              		.loc 1 437 1 is_stmt 1 view -0
 1341              		.cfi_startproc
 1342              		@ args = 0, pretend = 0, frame = 0
 1343              		@ frame_needed = 0, uses_anonymous_args = 0
 437:Middlewares/Third_Party/LwIP/src/apps/mqtt/mqtt.c ****   u8_t n;
 1344              		.loc 1 437 1 is_stmt 0 view .LVU358
 1345 0000 38B5     		push	{r3, r4, r5, lr}
 1346              	.LCFI13:
 1347              		.cfi_def_cfa_offset 16
 1348              		.cfi_offset 3, -16
 1349              		.cfi_offset 4, -12
 1350              		.cfi_offset 5, -8
 1351              		.cfi_offset 14, -4
 1352 0002 0D46     		mov	r5, r1
 438:Middlewares/Third_Party/LwIP/src/apps/mqtt/mqtt.c ****   LWIP_ASSERT("mqtt_init_requests: r_objs != NULL", r_objs != NULL);
 1353              		.loc 1 438 3 is_stmt 1 view .LVU359
 439:Middlewares/Third_Party/LwIP/src/apps/mqtt/mqtt.c ****   for (n = 0; n < r_objs_len; n++) {
 1354              		.loc 1 439 3 view .LVU360
 439:Middlewares/Third_Party/LwIP/src/apps/mqtt/mqtt.c ****   for (n = 0; n < r_objs_len; n++) {
 1355              		.loc 1 439 3 view .LVU361
 1356 0004 0446     		mov	r4, r0
 1357 0006 48B1     		cbz	r0, .L114
 1358              	.LVL137:
ARM GAS  /tmp/ccekGo1E.s 			page 41


 1359              	.L110:
 437:Middlewares/Third_Party/LwIP/src/apps/mqtt/mqtt.c ****   u8_t n;
 1360              		.loc 1 437 1 is_stmt 0 discriminator 1 view .LVU362
 1361 0008 0023     		movs	r3, #0
 1362              	.L111:
 1363              	.LVL138:
 440:Middlewares/Third_Party/LwIP/src/apps/mqtt/mqtt.c ****     /* Item pointing to itself indicates unused */
 1364              		.loc 1 440 15 is_stmt 1 discriminator 1 view .LVU363
 440:Middlewares/Third_Party/LwIP/src/apps/mqtt/mqtt.c ****     /* Item pointing to itself indicates unused */
 1365              		.loc 1 440 3 is_stmt 0 discriminator 1 view .LVU364
 1366 000a AB42     		cmp	r3, r5
 1367 000c 0ED2     		bcs	.L115
 442:Middlewares/Third_Party/LwIP/src/apps/mqtt/mqtt.c ****   }
 1368              		.loc 1 442 5 is_stmt 1 discriminator 3 view .LVU365
 442:Middlewares/Third_Party/LwIP/src/apps/mqtt/mqtt.c ****   }
 1369              		.loc 1 442 29 is_stmt 0 discriminator 3 view .LVU366
 1370 000e 1A01     		lsls	r2, r3, #4
 442:Middlewares/Third_Party/LwIP/src/apps/mqtt/mqtt.c ****   }
 1371              		.loc 1 442 11 discriminator 3 view .LVU367
 1372 0010 04EB0310 		add	r0, r4, r3, lsl #4
 442:Middlewares/Third_Party/LwIP/src/apps/mqtt/mqtt.c ****   }
 1373              		.loc 1 442 20 discriminator 3 view .LVU368
 1374 0014 A050     		str	r0, [r4, r2]
 440:Middlewares/Third_Party/LwIP/src/apps/mqtt/mqtt.c ****     /* Item pointing to itself indicates unused */
 1375              		.loc 1 440 31 is_stmt 1 discriminator 3 view .LVU369
 440:Middlewares/Third_Party/LwIP/src/apps/mqtt/mqtt.c ****     /* Item pointing to itself indicates unused */
 1376              		.loc 1 440 32 is_stmt 0 discriminator 3 view .LVU370
 1377 0016 0133     		adds	r3, r3, #1
 1378              	.LVL139:
 440:Middlewares/Third_Party/LwIP/src/apps/mqtt/mqtt.c ****     /* Item pointing to itself indicates unused */
 1379              		.loc 1 440 32 discriminator 3 view .LVU371
 1380 0018 DBB2     		uxtb	r3, r3
 1381              	.LVL140:
 440:Middlewares/Third_Party/LwIP/src/apps/mqtt/mqtt.c ****     /* Item pointing to itself indicates unused */
 1382              		.loc 1 440 32 discriminator 3 view .LVU372
 1383 001a F6E7     		b	.L111
 1384              	.LVL141:
 1385              	.L114:
 439:Middlewares/Third_Party/LwIP/src/apps/mqtt/mqtt.c ****   for (n = 0; n < r_objs_len; n++) {
 1386              		.loc 1 439 3 is_stmt 1 discriminator 1 view .LVU373
 439:Middlewares/Third_Party/LwIP/src/apps/mqtt/mqtt.c ****   for (n = 0; n < r_objs_len; n++) {
 1387              		.loc 1 439 3 discriminator 1 view .LVU374
 1388 001c 044B     		ldr	r3, .L116
 1389 001e 40F2B712 		movw	r2, #439
 1390 0022 0449     		ldr	r1, .L116+4
 1391              	.LVL142:
 439:Middlewares/Third_Party/LwIP/src/apps/mqtt/mqtt.c ****   for (n = 0; n < r_objs_len; n++) {
 1392              		.loc 1 439 3 is_stmt 0 discriminator 1 view .LVU375
 1393 0024 0448     		ldr	r0, .L116+8
 1394              	.LVL143:
 439:Middlewares/Third_Party/LwIP/src/apps/mqtt/mqtt.c ****   for (n = 0; n < r_objs_len; n++) {
 1395              		.loc 1 439 3 discriminator 1 view .LVU376
 1396 0026 FFF7FEFF 		bl	printf
 1397              	.LVL144:
 1398 002a EDE7     		b	.L110
 1399              	.LVL145:
 1400              	.L115:
ARM GAS  /tmp/ccekGo1E.s 			page 42


 444:Middlewares/Third_Party/LwIP/src/apps/mqtt/mqtt.c **** 
 1401              		.loc 1 444 1 view .LVU377
 1402 002c 38BD     		pop	{r3, r4, r5, pc}
 1403              	.LVL146:
 1404              	.L117:
 444:Middlewares/Third_Party/LwIP/src/apps/mqtt/mqtt.c **** 
 1405              		.loc 1 444 1 view .LVU378
 1406 002e 00BF     		.align	2
 1407              	.L116:
 1408 0030 00000000 		.word	.LC0
 1409 0034 00000000 		.word	.LC10
 1410 0038 58000000 		.word	.LC2
 1411              		.cfi_endproc
 1412              	.LFE172:
 1414              		.section	.rodata.mqtt_output_send.str1.4,"aMS",%progbits,1
 1415              		.align	2
 1416              	.LC11:
 1417 0000 6D717474 		.ascii	"mqtt_output_send: tpcb != NULL\000"
 1417      5F6F7574 
 1417      7075745F 
 1417      73656E64 
 1417      3A207470 
 1418              		.section	.text.mqtt_output_send,"ax",%progbits
 1419              		.align	1
 1420              		.syntax unified
 1421              		.thumb
 1422              		.thumb_func
 1423              		.fpu fpv4-sp-d16
 1425              	mqtt_output_send:
 1426              	.LVL147:
 1427              	.LFB165:
 235:Middlewares/Third_Party/LwIP/src/apps/mqtt/mqtt.c ****   err_t err;
 1428              		.loc 1 235 1 is_stmt 1 view -0
 1429              		.cfi_startproc
 1430              		@ args = 0, pretend = 0, frame = 0
 1431              		@ frame_needed = 0, uses_anonymous_args = 0
 235:Middlewares/Third_Party/LwIP/src/apps/mqtt/mqtt.c ****   err_t err;
 1432              		.loc 1 235 1 is_stmt 0 view .LVU380
 1433 0000 2DE9F041 		push	{r4, r5, r6, r7, r8, lr}
 1434              	.LCFI14:
 1435              		.cfi_def_cfa_offset 24
 1436              		.cfi_offset 4, -24
 1437              		.cfi_offset 5, -20
 1438              		.cfi_offset 6, -16
 1439              		.cfi_offset 7, -12
 1440              		.cfi_offset 8, -8
 1441              		.cfi_offset 14, -4
 1442 0004 0646     		mov	r6, r0
 1443 0006 0D46     		mov	r5, r1
 236:Middlewares/Third_Party/LwIP/src/apps/mqtt/mqtt.c ****   u8_t wrap = 0;
 1444              		.loc 1 236 3 is_stmt 1 view .LVU381
 237:Middlewares/Third_Party/LwIP/src/apps/mqtt/mqtt.c ****   u16_t ringbuf_lin_len = mqtt_ringbuf_linear_read_length(rb);
 1445              		.loc 1 237 3 view .LVU382
 1446              	.LVL148:
 238:Middlewares/Third_Party/LwIP/src/apps/mqtt/mqtt.c ****   u16_t send_len = altcp_sndbuf(tpcb);
 1447              		.loc 1 238 3 view .LVU383
 238:Middlewares/Third_Party/LwIP/src/apps/mqtt/mqtt.c ****   u16_t send_len = altcp_sndbuf(tpcb);
ARM GAS  /tmp/ccekGo1E.s 			page 43


 1448              		.loc 1 238 27 is_stmt 0 view .LVU384
 1449 0008 FFF7FEFF 		bl	mqtt_ringbuf_len
 1450              	.LVL149:
 238:Middlewares/Third_Party/LwIP/src/apps/mqtt/mqtt.c ****   u16_t send_len = altcp_sndbuf(tpcb);
 1451              		.loc 1 238 27 view .LVU385
 1452 000c 0446     		mov	r4, r0
 1453 000e 7088     		ldrh	r0, [r6, #2]
 1454 0010 C0F58073 		rsb	r3, r0, #256
 238:Middlewares/Third_Party/LwIP/src/apps/mqtt/mqtt.c ****   u16_t send_len = altcp_sndbuf(tpcb);
 1455              		.loc 1 238 9 view .LVU386
 1456 0014 9C42     		cmp	r4, r3
 1457 0016 00DB     		blt	.L119
 238:Middlewares/Third_Party/LwIP/src/apps/mqtt/mqtt.c ****   u16_t send_len = altcp_sndbuf(tpcb);
 1458              		.loc 1 238 9 discriminator 2 view .LVU387
 1459 0018 9CB2     		uxth	r4, r3
 1460              	.L119:
 1461              	.LVL150:
 239:Middlewares/Third_Party/LwIP/src/apps/mqtt/mqtt.c ****   LWIP_ASSERT("mqtt_output_send: tpcb != NULL", tpcb != NULL);
 1462              		.loc 1 239 3 is_stmt 1 discriminator 4 view .LVU388
 239:Middlewares/Third_Party/LwIP/src/apps/mqtt/mqtt.c ****   LWIP_ASSERT("mqtt_output_send: tpcb != NULL", tpcb != NULL);
 1463              		.loc 1 239 9 is_stmt 0 discriminator 4 view .LVU389
 1464 001a B5F86470 		ldrh	r7, [r5, #100]
 1465              	.LVL151:
 240:Middlewares/Third_Party/LwIP/src/apps/mqtt/mqtt.c **** 
 1466              		.loc 1 240 3 is_stmt 1 discriminator 4 view .LVU390
 240:Middlewares/Third_Party/LwIP/src/apps/mqtt/mqtt.c **** 
 1467              		.loc 1 240 3 discriminator 4 view .LVU391
 1468 001e 0DB3     		cbz	r5, .L132
 1469              	.L120:
 240:Middlewares/Third_Party/LwIP/src/apps/mqtt/mqtt.c **** 
 1470              		.loc 1 240 3 discriminator 3 view .LVU392
 240:Middlewares/Third_Party/LwIP/src/apps/mqtt/mqtt.c **** 
 1471              		.loc 1 240 3 discriminator 3 view .LVU393
 242:Middlewares/Third_Party/LwIP/src/apps/mqtt/mqtt.c ****     return;
 1472              		.loc 1 242 3 discriminator 3 view .LVU394
 242:Middlewares/Third_Party/LwIP/src/apps/mqtt/mqtt.c ****     return;
 1473              		.loc 1 242 6 is_stmt 0 discriminator 3 view .LVU395
 1474 0020 F7B1     		cbz	r7, .L118
 242:Middlewares/Third_Party/LwIP/src/apps/mqtt/mqtt.c ****     return;
 1475              		.loc 1 242 21 discriminator 1 view .LVU396
 1476 0022 ECB1     		cbz	r4, .L118
 246:Middlewares/Third_Party/LwIP/src/apps/mqtt/mqtt.c ****                                  send_len, ringbuf_lin_len, rb->get, rb->put));
 1477              		.loc 1 246 3 is_stmt 1 discriminator 4 view .LVU397
 246:Middlewares/Third_Party/LwIP/src/apps/mqtt/mqtt.c ****                                  send_len, ringbuf_lin_len, rb->get, rb->put));
 1478              		.loc 1 246 3 discriminator 4 view .LVU398
 246:Middlewares/Third_Party/LwIP/src/apps/mqtt/mqtt.c ****                                  send_len, ringbuf_lin_len, rb->get, rb->put));
 1479              		.loc 1 246 3 discriminator 4 view .LVU399
 249:Middlewares/Third_Party/LwIP/src/apps/mqtt/mqtt.c ****     /* Space in TCP output buffer is larger than available in ring buffer linear portion */
 1480              		.loc 1 249 3 discriminator 4 view .LVU400
 249:Middlewares/Third_Party/LwIP/src/apps/mqtt/mqtt.c ****     /* Space in TCP output buffer is larger than available in ring buffer linear portion */
 1481              		.loc 1 249 6 is_stmt 0 discriminator 4 view .LVU401
 1482 0024 BC42     		cmp	r4, r7
 1483 0026 24D2     		bcs	.L127
 251:Middlewares/Third_Party/LwIP/src/apps/mqtt/mqtt.c ****     /* Wrap around if more data in ring buffer after linear portion */
 1484              		.loc 1 251 5 is_stmt 1 view .LVU402
 1485              	.LVL152:
 253:Middlewares/Third_Party/LwIP/src/apps/mqtt/mqtt.c ****   }
ARM GAS  /tmp/ccekGo1E.s 			page 44


 1486              		.loc 1 253 5 view .LVU403
 253:Middlewares/Third_Party/LwIP/src/apps/mqtt/mqtt.c ****   }
 1487              		.loc 1 253 13 is_stmt 0 view .LVU404
 1488 0028 3046     		mov	r0, r6
 1489 002a FFF7FEFF 		bl	mqtt_ringbuf_len
 1490              	.LVL153:
 253:Middlewares/Third_Party/LwIP/src/apps/mqtt/mqtt.c ****   }
 1491              		.loc 1 253 34 view .LVU405
 1492 002e 8442     		cmp	r4, r0
 1493 0030 2CBF     		ite	cs
 1494 0032 4FF00008 		movcs	r8, #0
 1495 0036 4FF00108 		movcc	r8, #1
 1496              	.LVL154:
 251:Middlewares/Third_Party/LwIP/src/apps/mqtt/mqtt.c ****     /* Wrap around if more data in ring buffer after linear portion */
 1497              		.loc 1 251 14 view .LVU406
 1498 003a 2746     		mov	r7, r4
 1499              	.LVL155:
 1500              	.L122:
 255:Middlewares/Third_Party/LwIP/src/apps/mqtt/mqtt.c ****   if ((err == ERR_OK) && wrap) {
 1501              		.loc 1 255 3 is_stmt 1 view .LVU407
 255:Middlewares/Third_Party/LwIP/src/apps/mqtt/mqtt.c ****   if ((err == ERR_OK) && wrap) {
 1502              		.loc 1 255 27 is_stmt 0 view .LVU408
 1503 003c 3046     		mov	r0, r6
 1504 003e FFF7FEFF 		bl	mqtt_ringbuf_get_ptr
 1505              	.LVL156:
 1506 0042 0146     		mov	r1, r0
 255:Middlewares/Third_Party/LwIP/src/apps/mqtt/mqtt.c ****   if ((err == ERR_OK) && wrap) {
 1507              		.loc 1 255 9 view .LVU409
 1508 0044 B8F1000F 		cmp	r8, #0
 1509 0048 16D0     		beq	.L128
 1510 004a 0323     		movs	r3, #3
 1511              	.L123:
 255:Middlewares/Third_Party/LwIP/src/apps/mqtt/mqtt.c ****   if ((err == ERR_OK) && wrap) {
 1512              		.loc 1 255 9 discriminator 4 view .LVU410
 1513 004c 3A46     		mov	r2, r7
 1514 004e 2846     		mov	r0, r5
 1515 0050 FFF7FEFF 		bl	tcp_write
 1516              	.LVL157:
 256:Middlewares/Third_Party/LwIP/src/apps/mqtt/mqtt.c ****     mqtt_ringbuf_advance_get_idx(rb, send_len);
 1517              		.loc 1 256 3 is_stmt 1 discriminator 4 view .LVU411
 256:Middlewares/Third_Party/LwIP/src/apps/mqtt/mqtt.c ****     mqtt_ringbuf_advance_get_idx(rb, send_len);
 1518              		.loc 1 256 6 is_stmt 0 discriminator 4 view .LVU412
 1519 0054 0346     		mov	r3, r0
 1520 0056 10B9     		cbnz	r0, .L124
 256:Middlewares/Third_Party/LwIP/src/apps/mqtt/mqtt.c ****     mqtt_ringbuf_advance_get_idx(rb, send_len);
 1521              		.loc 1 256 23 discriminator 1 view .LVU413
 1522 0058 B8F1000F 		cmp	r8, #0
 1523 005c 0ED1     		bne	.L133
 1524              	.LVL158:
 1525              	.L124:
 263:Middlewares/Third_Party/LwIP/src/apps/mqtt/mqtt.c ****     mqtt_ringbuf_advance_get_idx(rb, send_len);
 1526              		.loc 1 263 3 is_stmt 1 view .LVU414
 263:Middlewares/Third_Party/LwIP/src/apps/mqtt/mqtt.c ****     mqtt_ringbuf_advance_get_idx(rb, send_len);
 1527              		.loc 1 263 6 is_stmt 0 view .LVU415
 1528 005e 9BB3     		cbz	r3, .L134
 1529              	.LVL159:
 1530              	.L118:
ARM GAS  /tmp/ccekGo1E.s 			page 45


 270:Middlewares/Third_Party/LwIP/src/apps/mqtt/mqtt.c **** 
 1531              		.loc 1 270 1 view .LVU416
 1532 0060 BDE8F081 		pop	{r4, r5, r6, r7, r8, pc}
 1533              	.LVL160:
 1534              	.L132:
 240:Middlewares/Third_Party/LwIP/src/apps/mqtt/mqtt.c **** 
 1535              		.loc 1 240 3 is_stmt 1 discriminator 1 view .LVU417
 240:Middlewares/Third_Party/LwIP/src/apps/mqtt/mqtt.c **** 
 1536              		.loc 1 240 3 discriminator 1 view .LVU418
 1537 0064 1C4B     		ldr	r3, .L135
 1538 0066 F022     		movs	r2, #240
 1539 0068 1C49     		ldr	r1, .L135+4
 1540 006a 1D48     		ldr	r0, .L135+8
 1541 006c FFF7FEFF 		bl	printf
 1542              	.LVL161:
 1543 0070 D6E7     		b	.L120
 1544              	.L127:
 237:Middlewares/Third_Party/LwIP/src/apps/mqtt/mqtt.c ****   u16_t ringbuf_lin_len = mqtt_ringbuf_linear_read_length(rb);
 1545              		.loc 1 237 8 is_stmt 0 view .LVU419
 1546 0072 4FF00008 		mov	r8, #0
 1547 0076 E1E7     		b	.L122
 1548              	.LVL162:
 1549              	.L128:
 255:Middlewares/Third_Party/LwIP/src/apps/mqtt/mqtt.c ****   if ((err == ERR_OK) && wrap) {
 1550              		.loc 1 255 9 view .LVU420
 1551 0078 0123     		movs	r3, #1
 1552 007a E7E7     		b	.L123
 1553              	.LVL163:
 1554              	.L133:
 257:Middlewares/Third_Party/LwIP/src/apps/mqtt/mqtt.c ****     /* Use the lesser one of ring buffer linear length and TCP send buffer size */
 1555              		.loc 1 257 5 is_stmt 1 view .LVU421
 1556 007c 3946     		mov	r1, r7
 1557 007e 3046     		mov	r0, r6
 1558              	.LVL164:
 257:Middlewares/Third_Party/LwIP/src/apps/mqtt/mqtt.c ****     /* Use the lesser one of ring buffer linear length and TCP send buffer size */
 1559              		.loc 1 257 5 is_stmt 0 view .LVU422
 1560 0080 FFF7FEFF 		bl	mqtt_ringbuf_advance_get_idx
 1561              	.LVL165:
 259:Middlewares/Third_Party/LwIP/src/apps/mqtt/mqtt.c ****     err = altcp_write(tpcb, mqtt_ringbuf_get_ptr(rb), send_len, TCP_WRITE_FLAG_COPY);
 1562              		.loc 1 259 5 is_stmt 1 view .LVU423
 259:Middlewares/Third_Party/LwIP/src/apps/mqtt/mqtt.c ****     err = altcp_write(tpcb, mqtt_ringbuf_get_ptr(rb), send_len, TCP_WRITE_FLAG_COPY);
 1563              		.loc 1 259 16 is_stmt 0 view .LVU424
 1564 0084 B5F86470 		ldrh	r7, [r5, #100]
 1565              	.LVL166:
 259:Middlewares/Third_Party/LwIP/src/apps/mqtt/mqtt.c ****     err = altcp_write(tpcb, mqtt_ringbuf_get_ptr(rb), send_len, TCP_WRITE_FLAG_COPY);
 1566              		.loc 1 259 16 view .LVU425
 1567 0088 3C46     		mov	r4, r7
 1568              	.LVL167:
 259:Middlewares/Third_Party/LwIP/src/apps/mqtt/mqtt.c ****     err = altcp_write(tpcb, mqtt_ringbuf_get_ptr(rb), send_len, TCP_WRITE_FLAG_COPY);
 1569              		.loc 1 259 16 view .LVU426
 1570 008a 3046     		mov	r0, r6
 1571 008c FFF7FEFF 		bl	mqtt_ringbuf_len
 1572              	.LVL168:
 1573 0090 7288     		ldrh	r2, [r6, #2]
 1574 0092 C2F58073 		rsb	r3, r2, #256
 1575 0096 9842     		cmp	r0, r3
 1576 0098 12DA     		bge	.L129
ARM GAS  /tmp/ccekGo1E.s 			page 46


 1577 009a 0146     		mov	r1, r0
 1578              	.L125:
 259:Middlewares/Third_Party/LwIP/src/apps/mqtt/mqtt.c ****     err = altcp_write(tpcb, mqtt_ringbuf_get_ptr(rb), send_len, TCP_WRITE_FLAG_COPY);
 1579              		.loc 1 259 14 discriminator 4 view .LVU427
 1580 009c A142     		cmp	r1, r4
 1581 009e 04DC     		bgt	.L126
 259:Middlewares/Third_Party/LwIP/src/apps/mqtt/mqtt.c ****     err = altcp_write(tpcb, mqtt_ringbuf_get_ptr(rb), send_len, TCP_WRITE_FLAG_COPY);
 1582              		.loc 1 259 14 discriminator 6 view .LVU428
 1583 00a0 9842     		cmp	r0, r3
 1584 00a2 0FDB     		blt	.L130
 259:Middlewares/Third_Party/LwIP/src/apps/mqtt/mqtt.c ****     err = altcp_write(tpcb, mqtt_ringbuf_get_ptr(rb), send_len, TCP_WRITE_FLAG_COPY);
 1585              		.loc 1 259 14 discriminator 9 view .LVU429
 1586 00a4 C2F58077 		rsb	r7, r2, #256
 1587 00a8 BFB2     		uxth	r7, r7
 1588              	.L126:
 1589              	.LVL169:
 260:Middlewares/Third_Party/LwIP/src/apps/mqtt/mqtt.c ****   }
 1590              		.loc 1 260 5 is_stmt 1 discriminator 12 view .LVU430
 260:Middlewares/Third_Party/LwIP/src/apps/mqtt/mqtt.c ****   }
 1591              		.loc 1 260 29 is_stmt 0 discriminator 12 view .LVU431
 1592 00aa 3046     		mov	r0, r6
 1593 00ac FFF7FEFF 		bl	mqtt_ringbuf_get_ptr
 1594              	.LVL170:
 1595 00b0 0146     		mov	r1, r0
 260:Middlewares/Third_Party/LwIP/src/apps/mqtt/mqtt.c ****   }
 1596              		.loc 1 260 11 discriminator 12 view .LVU432
 1597 00b2 0123     		movs	r3, #1
 1598 00b4 3A46     		mov	r2, r7
 1599 00b6 2846     		mov	r0, r5
 1600 00b8 FFF7FEFF 		bl	tcp_write
 1601              	.LVL171:
 1602 00bc 0346     		mov	r3, r0
 1603              	.LVL172:
 260:Middlewares/Third_Party/LwIP/src/apps/mqtt/mqtt.c ****   }
 1604              		.loc 1 260 11 discriminator 12 view .LVU433
 1605 00be CEE7     		b	.L124
 1606              	.LVL173:
 1607              	.L129:
 259:Middlewares/Third_Party/LwIP/src/apps/mqtt/mqtt.c ****     err = altcp_write(tpcb, mqtt_ringbuf_get_ptr(rb), send_len, TCP_WRITE_FLAG_COPY);
 1608              		.loc 1 259 16 view .LVU434
 1609 00c0 1946     		mov	r1, r3
 1610 00c2 EBE7     		b	.L125
 1611              	.L130:
 1612 00c4 0746     		mov	r7, r0
 1613 00c6 F0E7     		b	.L126
 1614              	.LVL174:
 1615              	.L134:
 264:Middlewares/Third_Party/LwIP/src/apps/mqtt/mqtt.c ****     /* Flush */
 1616              		.loc 1 264 5 is_stmt 1 view .LVU435
 1617 00c8 3946     		mov	r1, r7
 1618 00ca 3046     		mov	r0, r6
 1619 00cc FFF7FEFF 		bl	mqtt_ringbuf_advance_get_idx
 1620              	.LVL175:
 266:Middlewares/Third_Party/LwIP/src/apps/mqtt/mqtt.c ****   } else {
 1621              		.loc 1 266 5 view .LVU436
 1622 00d0 2846     		mov	r0, r5
 1623 00d2 FFF7FEFF 		bl	tcp_output
ARM GAS  /tmp/ccekGo1E.s 			page 47


 1624              	.LVL176:
 268:Middlewares/Third_Party/LwIP/src/apps/mqtt/mqtt.c ****   }
 1625              		.loc 1 268 5 view .LVU437
 1626 00d6 C3E7     		b	.L118
 1627              	.L136:
 1628              		.align	2
 1629              	.L135:
 1630 00d8 00000000 		.word	.LC0
 1631 00dc 00000000 		.word	.LC11
 1632 00e0 58000000 		.word	.LC2
 1633              		.cfi_endproc
 1634              	.LFE165:
 1636              		.section	.text.mqtt_tcp_poll_cb,"ax",%progbits
 1637              		.align	1
 1638              		.syntax unified
 1639              		.thumb
 1640              		.thumb_func
 1641              		.fpu fpv4-sp-d16
 1643              	mqtt_tcp_poll_cb:
 1644              	.LVL177:
 1645              	.LFB188:
 662:Middlewares/Third_Party/LwIP/src/apps/mqtt/mqtt.c **** 
 663:Middlewares/Third_Party/LwIP/src/apps/mqtt/mqtt.c **** 
 664:Middlewares/Third_Party/LwIP/src/apps/mqtt/mqtt.c **** /**
 665:Middlewares/Third_Party/LwIP/src/apps/mqtt/mqtt.c ****  * Complete MQTT message received or buffer full
 666:Middlewares/Third_Party/LwIP/src/apps/mqtt/mqtt.c ****  * @param client MQTT client
 667:Middlewares/Third_Party/LwIP/src/apps/mqtt/mqtt.c ****  * @param fixed_hdr_idx header index
 668:Middlewares/Third_Party/LwIP/src/apps/mqtt/mqtt.c ****  * @param length length received part
 669:Middlewares/Third_Party/LwIP/src/apps/mqtt/mqtt.c ****  * @param remaining_length Remaining length of complete message
 670:Middlewares/Third_Party/LwIP/src/apps/mqtt/mqtt.c ****  */
 671:Middlewares/Third_Party/LwIP/src/apps/mqtt/mqtt.c **** static mqtt_connection_status_t
 672:Middlewares/Third_Party/LwIP/src/apps/mqtt/mqtt.c **** mqtt_message_received(mqtt_client_t *client, u8_t fixed_hdr_idx, u16_t length, u32_t remaining_leng
 673:Middlewares/Third_Party/LwIP/src/apps/mqtt/mqtt.c **** {
 674:Middlewares/Third_Party/LwIP/src/apps/mqtt/mqtt.c ****   mqtt_connection_status_t res = MQTT_CONNECT_ACCEPTED;
 675:Middlewares/Third_Party/LwIP/src/apps/mqtt/mqtt.c **** 
 676:Middlewares/Third_Party/LwIP/src/apps/mqtt/mqtt.c ****   u8_t *var_hdr_payload = client->rx_buffer + fixed_hdr_idx;
 677:Middlewares/Third_Party/LwIP/src/apps/mqtt/mqtt.c ****   size_t var_hdr_payload_bufsize = sizeof(client->rx_buffer) - fixed_hdr_idx;
 678:Middlewares/Third_Party/LwIP/src/apps/mqtt/mqtt.c **** 
 679:Middlewares/Third_Party/LwIP/src/apps/mqtt/mqtt.c ****   /* Control packet type */
 680:Middlewares/Third_Party/LwIP/src/apps/mqtt/mqtt.c ****   u8_t pkt_type = MQTT_CTL_PACKET_TYPE(client->rx_buffer[0]);
 681:Middlewares/Third_Party/LwIP/src/apps/mqtt/mqtt.c ****   u16_t pkt_id = 0;
 682:Middlewares/Third_Party/LwIP/src/apps/mqtt/mqtt.c **** 
 683:Middlewares/Third_Party/LwIP/src/apps/mqtt/mqtt.c ****   LWIP_ASSERT("client->msg_idx < MQTT_VAR_HEADER_BUFFER_LEN", client->msg_idx < MQTT_VAR_HEADER_BUF
 684:Middlewares/Third_Party/LwIP/src/apps/mqtt/mqtt.c ****   LWIP_ASSERT("fixed_hdr_idx <= client->msg_idx", fixed_hdr_idx <= client->msg_idx);
 685:Middlewares/Third_Party/LwIP/src/apps/mqtt/mqtt.c ****   LWIP_ERROR("buffer length mismatch", fixed_hdr_idx + length <= MQTT_VAR_HEADER_BUFFER_LEN,
 686:Middlewares/Third_Party/LwIP/src/apps/mqtt/mqtt.c ****              return MQTT_CONNECT_DISCONNECTED);
 687:Middlewares/Third_Party/LwIP/src/apps/mqtt/mqtt.c **** 
 688:Middlewares/Third_Party/LwIP/src/apps/mqtt/mqtt.c ****   if (pkt_type == MQTT_MSG_TYPE_CONNACK) {
 689:Middlewares/Third_Party/LwIP/src/apps/mqtt/mqtt.c ****     if (client->conn_state == MQTT_CONNECTING) {
 690:Middlewares/Third_Party/LwIP/src/apps/mqtt/mqtt.c ****       if (length < 2) {
 691:Middlewares/Third_Party/LwIP/src/apps/mqtt/mqtt.c ****         LWIP_DEBUGF(MQTT_DEBUG_WARN,( "mqtt_message_received: Received short CONNACK message\n"));
 692:Middlewares/Third_Party/LwIP/src/apps/mqtt/mqtt.c ****         goto out_disconnect;
 693:Middlewares/Third_Party/LwIP/src/apps/mqtt/mqtt.c ****       }
 694:Middlewares/Third_Party/LwIP/src/apps/mqtt/mqtt.c ****       /* Get result code from CONNACK */
 695:Middlewares/Third_Party/LwIP/src/apps/mqtt/mqtt.c ****       res = (mqtt_connection_status_t)var_hdr_payload[1];
 696:Middlewares/Third_Party/LwIP/src/apps/mqtt/mqtt.c ****       LWIP_DEBUGF(MQTT_DEBUG_TRACE, ("mqtt_message_received: Connect response code %d\n", res));
 697:Middlewares/Third_Party/LwIP/src/apps/mqtt/mqtt.c ****       if (res == MQTT_CONNECT_ACCEPTED) {
ARM GAS  /tmp/ccekGo1E.s 			page 48


 698:Middlewares/Third_Party/LwIP/src/apps/mqtt/mqtt.c ****         /* Reset cyclic_tick when changing to connected state */
 699:Middlewares/Third_Party/LwIP/src/apps/mqtt/mqtt.c ****         client->cyclic_tick = 0;
 700:Middlewares/Third_Party/LwIP/src/apps/mqtt/mqtt.c ****         client->conn_state = MQTT_CONNECTED;
 701:Middlewares/Third_Party/LwIP/src/apps/mqtt/mqtt.c ****         /* Notify upper layer */
 702:Middlewares/Third_Party/LwIP/src/apps/mqtt/mqtt.c ****         if (client->connect_cb != 0) {
 703:Middlewares/Third_Party/LwIP/src/apps/mqtt/mqtt.c ****           client->connect_cb(client, client->connect_arg, res);
 704:Middlewares/Third_Party/LwIP/src/apps/mqtt/mqtt.c ****         }
 705:Middlewares/Third_Party/LwIP/src/apps/mqtt/mqtt.c ****       }
 706:Middlewares/Third_Party/LwIP/src/apps/mqtt/mqtt.c ****     } else {
 707:Middlewares/Third_Party/LwIP/src/apps/mqtt/mqtt.c ****       LWIP_DEBUGF(MQTT_DEBUG_WARN, ("mqtt_message_received: Received CONNACK in connected state\n")
 708:Middlewares/Third_Party/LwIP/src/apps/mqtt/mqtt.c ****     }
 709:Middlewares/Third_Party/LwIP/src/apps/mqtt/mqtt.c ****   } else if (pkt_type == MQTT_MSG_TYPE_PINGRESP) {
 710:Middlewares/Third_Party/LwIP/src/apps/mqtt/mqtt.c ****     LWIP_DEBUGF(MQTT_DEBUG_TRACE, ( "mqtt_message_received: Received PINGRESP from server\n"));
 711:Middlewares/Third_Party/LwIP/src/apps/mqtt/mqtt.c **** 
 712:Middlewares/Third_Party/LwIP/src/apps/mqtt/mqtt.c ****   } else if (pkt_type == MQTT_MSG_TYPE_PUBLISH) {
 713:Middlewares/Third_Party/LwIP/src/apps/mqtt/mqtt.c ****     u16_t payload_offset = 0;
 714:Middlewares/Third_Party/LwIP/src/apps/mqtt/mqtt.c ****     u16_t payload_length = length;
 715:Middlewares/Third_Party/LwIP/src/apps/mqtt/mqtt.c ****     u8_t qos = MQTT_CTL_PACKET_QOS(client->rx_buffer[0]);
 716:Middlewares/Third_Party/LwIP/src/apps/mqtt/mqtt.c **** 
 717:Middlewares/Third_Party/LwIP/src/apps/mqtt/mqtt.c ****     if (client->msg_idx <= MQTT_VAR_HEADER_BUFFER_LEN) {
 718:Middlewares/Third_Party/LwIP/src/apps/mqtt/mqtt.c ****       /* Should have topic and pkt id*/
 719:Middlewares/Third_Party/LwIP/src/apps/mqtt/mqtt.c ****       u8_t *topic;
 720:Middlewares/Third_Party/LwIP/src/apps/mqtt/mqtt.c ****       u16_t after_topic;
 721:Middlewares/Third_Party/LwIP/src/apps/mqtt/mqtt.c ****       u8_t bkp;
 722:Middlewares/Third_Party/LwIP/src/apps/mqtt/mqtt.c ****       u16_t topic_len;
 723:Middlewares/Third_Party/LwIP/src/apps/mqtt/mqtt.c ****       u16_t qos_len = (qos ? 2U : 0U);
 724:Middlewares/Third_Party/LwIP/src/apps/mqtt/mqtt.c ****       if (length < 2 + qos_len) {
 725:Middlewares/Third_Party/LwIP/src/apps/mqtt/mqtt.c ****         LWIP_DEBUGF(MQTT_DEBUG_WARN,( "mqtt_message_received: Received short PUBLISH packet\n"));
 726:Middlewares/Third_Party/LwIP/src/apps/mqtt/mqtt.c ****         goto out_disconnect;
 727:Middlewares/Third_Party/LwIP/src/apps/mqtt/mqtt.c ****       }
 728:Middlewares/Third_Party/LwIP/src/apps/mqtt/mqtt.c ****       topic_len = var_hdr_payload[0];
 729:Middlewares/Third_Party/LwIP/src/apps/mqtt/mqtt.c ****       topic_len = (topic_len << 8) + (u16_t)(var_hdr_payload[1]);
 730:Middlewares/Third_Party/LwIP/src/apps/mqtt/mqtt.c ****       if ((topic_len > length - (2 + qos_len)) ||
 731:Middlewares/Third_Party/LwIP/src/apps/mqtt/mqtt.c ****           (topic_len > var_hdr_payload_bufsize - (2 + qos_len))) {
 732:Middlewares/Third_Party/LwIP/src/apps/mqtt/mqtt.c ****         LWIP_DEBUGF(MQTT_DEBUG_WARN,( "mqtt_message_received: Received short PUBLISH packet (topic)
 733:Middlewares/Third_Party/LwIP/src/apps/mqtt/mqtt.c ****         goto out_disconnect;
 734:Middlewares/Third_Party/LwIP/src/apps/mqtt/mqtt.c ****       }
 735:Middlewares/Third_Party/LwIP/src/apps/mqtt/mqtt.c **** 
 736:Middlewares/Third_Party/LwIP/src/apps/mqtt/mqtt.c ****       topic = var_hdr_payload + 2;
 737:Middlewares/Third_Party/LwIP/src/apps/mqtt/mqtt.c ****       after_topic = 2 + topic_len;
 738:Middlewares/Third_Party/LwIP/src/apps/mqtt/mqtt.c ****       /* Check buffer length, add one byte even for QoS 0 so that zero termination will fit */
 739:Middlewares/Third_Party/LwIP/src/apps/mqtt/mqtt.c ****       if ((after_topic + (qos ? 2U : 1U)) > var_hdr_payload_bufsize) {
 740:Middlewares/Third_Party/LwIP/src/apps/mqtt/mqtt.c ****         LWIP_DEBUGF(MQTT_DEBUG_WARN, ("mqtt_message_received: Receive buffer can not fit topic + pk
 741:Middlewares/Third_Party/LwIP/src/apps/mqtt/mqtt.c ****         goto out_disconnect;
 742:Middlewares/Third_Party/LwIP/src/apps/mqtt/mqtt.c ****       }
 743:Middlewares/Third_Party/LwIP/src/apps/mqtt/mqtt.c **** 
 744:Middlewares/Third_Party/LwIP/src/apps/mqtt/mqtt.c ****       /* id for QoS 1 and 2 */
 745:Middlewares/Third_Party/LwIP/src/apps/mqtt/mqtt.c ****       if (qos > 0) {
 746:Middlewares/Third_Party/LwIP/src/apps/mqtt/mqtt.c ****         if (length < after_topic + 2U) {
 747:Middlewares/Third_Party/LwIP/src/apps/mqtt/mqtt.c ****           LWIP_DEBUGF(MQTT_DEBUG_WARN,( "mqtt_message_received: Received short PUBLISH packet (afte
 748:Middlewares/Third_Party/LwIP/src/apps/mqtt/mqtt.c ****           goto out_disconnect;
 749:Middlewares/Third_Party/LwIP/src/apps/mqtt/mqtt.c ****         }
 750:Middlewares/Third_Party/LwIP/src/apps/mqtt/mqtt.c ****         client->inpub_pkt_id = ((u16_t)var_hdr_payload[after_topic] << 8) + (u16_t)var_hdr_payload[
 751:Middlewares/Third_Party/LwIP/src/apps/mqtt/mqtt.c ****         after_topic += 2;
 752:Middlewares/Third_Party/LwIP/src/apps/mqtt/mqtt.c ****       } else {
 753:Middlewares/Third_Party/LwIP/src/apps/mqtt/mqtt.c ****         client->inpub_pkt_id = 0;
 754:Middlewares/Third_Party/LwIP/src/apps/mqtt/mqtt.c ****       }
ARM GAS  /tmp/ccekGo1E.s 			page 49


 755:Middlewares/Third_Party/LwIP/src/apps/mqtt/mqtt.c ****       /* Take backup of byte after topic */
 756:Middlewares/Third_Party/LwIP/src/apps/mqtt/mqtt.c ****       bkp = topic[topic_len];
 757:Middlewares/Third_Party/LwIP/src/apps/mqtt/mqtt.c ****       /* Zero terminate string */
 758:Middlewares/Third_Party/LwIP/src/apps/mqtt/mqtt.c ****       topic[topic_len] = 0;
 759:Middlewares/Third_Party/LwIP/src/apps/mqtt/mqtt.c ****       /* Payload data remaining in receive buffer */
 760:Middlewares/Third_Party/LwIP/src/apps/mqtt/mqtt.c ****       payload_length = length - after_topic;
 761:Middlewares/Third_Party/LwIP/src/apps/mqtt/mqtt.c ****       payload_offset = after_topic;
 762:Middlewares/Third_Party/LwIP/src/apps/mqtt/mqtt.c **** 
 763:Middlewares/Third_Party/LwIP/src/apps/mqtt/mqtt.c ****       LWIP_DEBUGF(MQTT_DEBUG_TRACE, ("mqtt_incomming_publish: Received message with QoS %d at topic
 764:Middlewares/Third_Party/LwIP/src/apps/mqtt/mqtt.c ****                                      qos, topic, remaining_length + payload_length));
 765:Middlewares/Third_Party/LwIP/src/apps/mqtt/mqtt.c ****       if (client->pub_cb != NULL) {
 766:Middlewares/Third_Party/LwIP/src/apps/mqtt/mqtt.c ****         client->pub_cb(client->inpub_arg, (const char *)topic, remaining_length + payload_length);
 767:Middlewares/Third_Party/LwIP/src/apps/mqtt/mqtt.c ****       }
 768:Middlewares/Third_Party/LwIP/src/apps/mqtt/mqtt.c ****       /* Restore byte after topic */
 769:Middlewares/Third_Party/LwIP/src/apps/mqtt/mqtt.c ****       topic[topic_len] = bkp;
 770:Middlewares/Third_Party/LwIP/src/apps/mqtt/mqtt.c ****     }
 771:Middlewares/Third_Party/LwIP/src/apps/mqtt/mqtt.c ****     if (payload_length > 0 || remaining_length == 0) {
 772:Middlewares/Third_Party/LwIP/src/apps/mqtt/mqtt.c ****       if (length < (size_t)(payload_offset + payload_length)) {
 773:Middlewares/Third_Party/LwIP/src/apps/mqtt/mqtt.c ****         LWIP_DEBUGF(MQTT_DEBUG_WARN,( "mqtt_message_received: Received short packet (payload)\n"));
 774:Middlewares/Third_Party/LwIP/src/apps/mqtt/mqtt.c ****         goto out_disconnect;
 775:Middlewares/Third_Party/LwIP/src/apps/mqtt/mqtt.c ****       }
 776:Middlewares/Third_Party/LwIP/src/apps/mqtt/mqtt.c ****       client->data_cb(client->inpub_arg, var_hdr_payload + payload_offset, payload_length, remainin
 777:Middlewares/Third_Party/LwIP/src/apps/mqtt/mqtt.c ****       /* Reply if QoS > 0 */
 778:Middlewares/Third_Party/LwIP/src/apps/mqtt/mqtt.c ****       if (remaining_length == 0 && qos > 0) {
 779:Middlewares/Third_Party/LwIP/src/apps/mqtt/mqtt.c ****         /* Send PUBACK for QoS 1 or PUBREC for QoS 2 */
 780:Middlewares/Third_Party/LwIP/src/apps/mqtt/mqtt.c ****         u8_t resp_msg = (qos == 1) ? MQTT_MSG_TYPE_PUBACK : MQTT_MSG_TYPE_PUBREC;
 781:Middlewares/Third_Party/LwIP/src/apps/mqtt/mqtt.c ****         LWIP_DEBUGF(MQTT_DEBUG_TRACE, ("mqtt_incomming_publish: Sending publish response: %s with p
 782:Middlewares/Third_Party/LwIP/src/apps/mqtt/mqtt.c ****                                        mqtt_msg_type_to_str(resp_msg), client->inpub_pkt_id));
 783:Middlewares/Third_Party/LwIP/src/apps/mqtt/mqtt.c ****         pub_ack_rec_rel_response(client, resp_msg, client->inpub_pkt_id, 0);
 784:Middlewares/Third_Party/LwIP/src/apps/mqtt/mqtt.c ****       }
 785:Middlewares/Third_Party/LwIP/src/apps/mqtt/mqtt.c ****     }
 786:Middlewares/Third_Party/LwIP/src/apps/mqtt/mqtt.c ****   } else {
 787:Middlewares/Third_Party/LwIP/src/apps/mqtt/mqtt.c ****     /* Get packet identifier */
 788:Middlewares/Third_Party/LwIP/src/apps/mqtt/mqtt.c ****     pkt_id = (u16_t)var_hdr_payload[0] << 8;
 789:Middlewares/Third_Party/LwIP/src/apps/mqtt/mqtt.c ****     pkt_id |= (u16_t)var_hdr_payload[1];
 790:Middlewares/Third_Party/LwIP/src/apps/mqtt/mqtt.c ****     if (pkt_id == 0) {
 791:Middlewares/Third_Party/LwIP/src/apps/mqtt/mqtt.c ****       LWIP_DEBUGF(MQTT_DEBUG_WARN, ("mqtt_message_received: Got message with illegal packet identif
 792:Middlewares/Third_Party/LwIP/src/apps/mqtt/mqtt.c ****       goto out_disconnect;
 793:Middlewares/Third_Party/LwIP/src/apps/mqtt/mqtt.c ****     }
 794:Middlewares/Third_Party/LwIP/src/apps/mqtt/mqtt.c ****     if (pkt_type == MQTT_MSG_TYPE_PUBREC) {
 795:Middlewares/Third_Party/LwIP/src/apps/mqtt/mqtt.c ****       LWIP_DEBUGF(MQTT_DEBUG_TRACE, ("mqtt_message_received: PUBREC, sending PUBREL with pkt_id: %d
 796:Middlewares/Third_Party/LwIP/src/apps/mqtt/mqtt.c ****       pub_ack_rec_rel_response(client, MQTT_MSG_TYPE_PUBREL, pkt_id, 1);
 797:Middlewares/Third_Party/LwIP/src/apps/mqtt/mqtt.c **** 
 798:Middlewares/Third_Party/LwIP/src/apps/mqtt/mqtt.c ****     } else if (pkt_type == MQTT_MSG_TYPE_PUBREL) {
 799:Middlewares/Third_Party/LwIP/src/apps/mqtt/mqtt.c ****       LWIP_DEBUGF(MQTT_DEBUG_TRACE, ("mqtt_message_received: PUBREL, sending PUBCOMP response with 
 800:Middlewares/Third_Party/LwIP/src/apps/mqtt/mqtt.c ****       pub_ack_rec_rel_response(client, MQTT_MSG_TYPE_PUBCOMP, pkt_id, 0);
 801:Middlewares/Third_Party/LwIP/src/apps/mqtt/mqtt.c **** 
 802:Middlewares/Third_Party/LwIP/src/apps/mqtt/mqtt.c ****     } else if (pkt_type == MQTT_MSG_TYPE_SUBACK || pkt_type == MQTT_MSG_TYPE_UNSUBACK ||
 803:Middlewares/Third_Party/LwIP/src/apps/mqtt/mqtt.c ****                pkt_type == MQTT_MSG_TYPE_PUBCOMP || pkt_type == MQTT_MSG_TYPE_PUBACK) {
 804:Middlewares/Third_Party/LwIP/src/apps/mqtt/mqtt.c ****       struct mqtt_request_t *r = mqtt_take_request(&client->pend_req_queue, pkt_id);
 805:Middlewares/Third_Party/LwIP/src/apps/mqtt/mqtt.c ****       if (r != NULL) {
 806:Middlewares/Third_Party/LwIP/src/apps/mqtt/mqtt.c ****         LWIP_DEBUGF(MQTT_DEBUG_TRACE, ("mqtt_message_received: %s response with id %d\n", mqtt_msg_
 807:Middlewares/Third_Party/LwIP/src/apps/mqtt/mqtt.c ****         if (pkt_type == MQTT_MSG_TYPE_SUBACK) {
 808:Middlewares/Third_Party/LwIP/src/apps/mqtt/mqtt.c ****           if (length < 3) {
 809:Middlewares/Third_Party/LwIP/src/apps/mqtt/mqtt.c ****             LWIP_DEBUGF(MQTT_DEBUG_WARN, ("mqtt_message_received: To small SUBACK packet\n"));
 810:Middlewares/Third_Party/LwIP/src/apps/mqtt/mqtt.c ****             goto out_disconnect;
 811:Middlewares/Third_Party/LwIP/src/apps/mqtt/mqtt.c ****           } else {
ARM GAS  /tmp/ccekGo1E.s 			page 50


 812:Middlewares/Third_Party/LwIP/src/apps/mqtt/mqtt.c ****             mqtt_incomming_suback(r, var_hdr_payload[2]);
 813:Middlewares/Third_Party/LwIP/src/apps/mqtt/mqtt.c ****           }
 814:Middlewares/Third_Party/LwIP/src/apps/mqtt/mqtt.c ****         } else if (r->cb != NULL) {
 815:Middlewares/Third_Party/LwIP/src/apps/mqtt/mqtt.c ****           r->cb(r->arg, ERR_OK);
 816:Middlewares/Third_Party/LwIP/src/apps/mqtt/mqtt.c ****         }
 817:Middlewares/Third_Party/LwIP/src/apps/mqtt/mqtt.c ****         mqtt_delete_request(r);
 818:Middlewares/Third_Party/LwIP/src/apps/mqtt/mqtt.c ****       } else {
 819:Middlewares/Third_Party/LwIP/src/apps/mqtt/mqtt.c ****         LWIP_DEBUGF(MQTT_DEBUG_WARN, ( "mqtt_message_received: Received %s reply, with wrong pkt_id
 820:Middlewares/Third_Party/LwIP/src/apps/mqtt/mqtt.c ****       }
 821:Middlewares/Third_Party/LwIP/src/apps/mqtt/mqtt.c ****     } else {
 822:Middlewares/Third_Party/LwIP/src/apps/mqtt/mqtt.c ****       LWIP_DEBUGF(MQTT_DEBUG_WARN, ( "mqtt_message_received: Received unknown message type: %d\n", 
 823:Middlewares/Third_Party/LwIP/src/apps/mqtt/mqtt.c ****       goto out_disconnect;
 824:Middlewares/Third_Party/LwIP/src/apps/mqtt/mqtt.c ****     }
 825:Middlewares/Third_Party/LwIP/src/apps/mqtt/mqtt.c ****   }
 826:Middlewares/Third_Party/LwIP/src/apps/mqtt/mqtt.c ****   return res;
 827:Middlewares/Third_Party/LwIP/src/apps/mqtt/mqtt.c **** out_disconnect:
 828:Middlewares/Third_Party/LwIP/src/apps/mqtt/mqtt.c ****   return MQTT_CONNECT_DISCONNECTED;
 829:Middlewares/Third_Party/LwIP/src/apps/mqtt/mqtt.c **** }
 830:Middlewares/Third_Party/LwIP/src/apps/mqtt/mqtt.c **** 
 831:Middlewares/Third_Party/LwIP/src/apps/mqtt/mqtt.c **** 
 832:Middlewares/Third_Party/LwIP/src/apps/mqtt/mqtt.c **** /**
 833:Middlewares/Third_Party/LwIP/src/apps/mqtt/mqtt.c ****  * MQTT incoming message parser
 834:Middlewares/Third_Party/LwIP/src/apps/mqtt/mqtt.c ****  * @param client MQTT client
 835:Middlewares/Third_Party/LwIP/src/apps/mqtt/mqtt.c ****  * @param p PBUF chain of received data
 836:Middlewares/Third_Party/LwIP/src/apps/mqtt/mqtt.c ****  * @return Connection status
 837:Middlewares/Third_Party/LwIP/src/apps/mqtt/mqtt.c ****  */
 838:Middlewares/Third_Party/LwIP/src/apps/mqtt/mqtt.c **** static mqtt_connection_status_t
 839:Middlewares/Third_Party/LwIP/src/apps/mqtt/mqtt.c **** mqtt_parse_incoming(mqtt_client_t *client, struct pbuf *p)
 840:Middlewares/Third_Party/LwIP/src/apps/mqtt/mqtt.c **** {
 841:Middlewares/Third_Party/LwIP/src/apps/mqtt/mqtt.c ****   u16_t in_offset = 0;
 842:Middlewares/Third_Party/LwIP/src/apps/mqtt/mqtt.c ****   u32_t msg_rem_len = 0;
 843:Middlewares/Third_Party/LwIP/src/apps/mqtt/mqtt.c ****   u8_t fixed_hdr_idx = 0;
 844:Middlewares/Third_Party/LwIP/src/apps/mqtt/mqtt.c ****   u8_t b = 0;
 845:Middlewares/Third_Party/LwIP/src/apps/mqtt/mqtt.c **** 
 846:Middlewares/Third_Party/LwIP/src/apps/mqtt/mqtt.c ****   while (p->tot_len > in_offset) {
 847:Middlewares/Third_Party/LwIP/src/apps/mqtt/mqtt.c ****     /* We ALWAYS parse the header here first. Even if the header was not
 848:Middlewares/Third_Party/LwIP/src/apps/mqtt/mqtt.c ****        included in this segment, we re-parse it here by buffering it in
 849:Middlewares/Third_Party/LwIP/src/apps/mqtt/mqtt.c ****        client->rx_buffer. client->msg_idx keeps track of this. */
 850:Middlewares/Third_Party/LwIP/src/apps/mqtt/mqtt.c ****     if ((fixed_hdr_idx < 2) || ((b & 0x80) != 0)) {
 851:Middlewares/Third_Party/LwIP/src/apps/mqtt/mqtt.c **** 
 852:Middlewares/Third_Party/LwIP/src/apps/mqtt/mqtt.c ****       if (fixed_hdr_idx < client->msg_idx) {
 853:Middlewares/Third_Party/LwIP/src/apps/mqtt/mqtt.c ****         /* parse header from old pbuf (buffered in client->rx_buffer) */
 854:Middlewares/Third_Party/LwIP/src/apps/mqtt/mqtt.c ****         b = client->rx_buffer[fixed_hdr_idx];
 855:Middlewares/Third_Party/LwIP/src/apps/mqtt/mqtt.c ****       } else {
 856:Middlewares/Third_Party/LwIP/src/apps/mqtt/mqtt.c ****         /* parse header from this pbuf and save it in client->rx_buffer in case
 857:Middlewares/Third_Party/LwIP/src/apps/mqtt/mqtt.c ****            it comes in segmented */
 858:Middlewares/Third_Party/LwIP/src/apps/mqtt/mqtt.c ****         b = pbuf_get_at(p, in_offset++);
 859:Middlewares/Third_Party/LwIP/src/apps/mqtt/mqtt.c ****         client->rx_buffer[client->msg_idx++] = b;
 860:Middlewares/Third_Party/LwIP/src/apps/mqtt/mqtt.c ****       }
 861:Middlewares/Third_Party/LwIP/src/apps/mqtt/mqtt.c ****       fixed_hdr_idx++;
 862:Middlewares/Third_Party/LwIP/src/apps/mqtt/mqtt.c **** 
 863:Middlewares/Third_Party/LwIP/src/apps/mqtt/mqtt.c ****       if (fixed_hdr_idx >= 2) {
 864:Middlewares/Third_Party/LwIP/src/apps/mqtt/mqtt.c ****         /* fixed header contains at least 2 bytes but can contain more, depending on
 865:Middlewares/Third_Party/LwIP/src/apps/mqtt/mqtt.c ****            'remaining length'. All bytes but the last of this have 0x80 set to
 866:Middlewares/Third_Party/LwIP/src/apps/mqtt/mqtt.c ****            indicate more bytes are coming. */
 867:Middlewares/Third_Party/LwIP/src/apps/mqtt/mqtt.c ****         msg_rem_len |= (u32_t)(b & 0x7f) << ((fixed_hdr_idx - 2) * 7);
 868:Middlewares/Third_Party/LwIP/src/apps/mqtt/mqtt.c ****         if ((b & 0x80) == 0) {
ARM GAS  /tmp/ccekGo1E.s 			page 51


 869:Middlewares/Third_Party/LwIP/src/apps/mqtt/mqtt.c ****           /* fixed header is done */
 870:Middlewares/Third_Party/LwIP/src/apps/mqtt/mqtt.c ****           LWIP_DEBUGF(MQTT_DEBUG_TRACE, ("mqtt_parse_incoming: Remaining length after fixed header:
 871:Middlewares/Third_Party/LwIP/src/apps/mqtt/mqtt.c ****           if (msg_rem_len == 0) {
 872:Middlewares/Third_Party/LwIP/src/apps/mqtt/mqtt.c ****             /* Complete message with no extra headers of payload received */
 873:Middlewares/Third_Party/LwIP/src/apps/mqtt/mqtt.c ****             mqtt_message_received(client, fixed_hdr_idx, 0, 0);
 874:Middlewares/Third_Party/LwIP/src/apps/mqtt/mqtt.c ****             client->msg_idx = 0;
 875:Middlewares/Third_Party/LwIP/src/apps/mqtt/mqtt.c ****             fixed_hdr_idx = 0;
 876:Middlewares/Third_Party/LwIP/src/apps/mqtt/mqtt.c ****           } else {
 877:Middlewares/Third_Party/LwIP/src/apps/mqtt/mqtt.c ****             /* Bytes remaining in message (changes remaining length if this is
 878:Middlewares/Third_Party/LwIP/src/apps/mqtt/mqtt.c ****                not the first segment of this message) */
 879:Middlewares/Third_Party/LwIP/src/apps/mqtt/mqtt.c ****             msg_rem_len = (msg_rem_len + fixed_hdr_idx) - client->msg_idx;
 880:Middlewares/Third_Party/LwIP/src/apps/mqtt/mqtt.c ****           }
 881:Middlewares/Third_Party/LwIP/src/apps/mqtt/mqtt.c ****         }
 882:Middlewares/Third_Party/LwIP/src/apps/mqtt/mqtt.c ****       }
 883:Middlewares/Third_Party/LwIP/src/apps/mqtt/mqtt.c ****     } else {
 884:Middlewares/Third_Party/LwIP/src/apps/mqtt/mqtt.c ****       /* Fixed header has been parsed, parse variable header */
 885:Middlewares/Third_Party/LwIP/src/apps/mqtt/mqtt.c ****       u16_t cpy_len, cpy_start, buffer_space;
 886:Middlewares/Third_Party/LwIP/src/apps/mqtt/mqtt.c **** 
 887:Middlewares/Third_Party/LwIP/src/apps/mqtt/mqtt.c ****       cpy_start = (client->msg_idx - fixed_hdr_idx) % (MQTT_VAR_HEADER_BUFFER_LEN - fixed_hdr_idx) 
 888:Middlewares/Third_Party/LwIP/src/apps/mqtt/mqtt.c **** 
 889:Middlewares/Third_Party/LwIP/src/apps/mqtt/mqtt.c ****       /* Allow to copy the lesser one of available length in input data or bytes remaining in messa
 890:Middlewares/Third_Party/LwIP/src/apps/mqtt/mqtt.c ****       cpy_len = (u16_t)LWIP_MIN((u16_t)(p->tot_len - in_offset), msg_rem_len);
 891:Middlewares/Third_Party/LwIP/src/apps/mqtt/mqtt.c **** 
 892:Middlewares/Third_Party/LwIP/src/apps/mqtt/mqtt.c ****       /* Limit to available space in buffer */
 893:Middlewares/Third_Party/LwIP/src/apps/mqtt/mqtt.c ****       buffer_space = MQTT_VAR_HEADER_BUFFER_LEN - cpy_start;
 894:Middlewares/Third_Party/LwIP/src/apps/mqtt/mqtt.c ****       if (cpy_len > buffer_space) {
 895:Middlewares/Third_Party/LwIP/src/apps/mqtt/mqtt.c ****         cpy_len = buffer_space;
 896:Middlewares/Third_Party/LwIP/src/apps/mqtt/mqtt.c ****       }
 897:Middlewares/Third_Party/LwIP/src/apps/mqtt/mqtt.c ****       pbuf_copy_partial(p, client->rx_buffer + cpy_start, cpy_len, in_offset);
 898:Middlewares/Third_Party/LwIP/src/apps/mqtt/mqtt.c **** 
 899:Middlewares/Third_Party/LwIP/src/apps/mqtt/mqtt.c ****       /* Advance get and put indexes  */
 900:Middlewares/Third_Party/LwIP/src/apps/mqtt/mqtt.c ****       client->msg_idx += cpy_len;
 901:Middlewares/Third_Party/LwIP/src/apps/mqtt/mqtt.c ****       in_offset += cpy_len;
 902:Middlewares/Third_Party/LwIP/src/apps/mqtt/mqtt.c ****       msg_rem_len -= cpy_len;
 903:Middlewares/Third_Party/LwIP/src/apps/mqtt/mqtt.c **** 
 904:Middlewares/Third_Party/LwIP/src/apps/mqtt/mqtt.c ****       LWIP_DEBUGF(MQTT_DEBUG_TRACE, ("mqtt_parse_incoming: msg_idx: %"U32_F", cpy_len: %"U16_F", re
 905:Middlewares/Third_Party/LwIP/src/apps/mqtt/mqtt.c ****       if ((msg_rem_len == 0) || (cpy_len == buffer_space)) {
 906:Middlewares/Third_Party/LwIP/src/apps/mqtt/mqtt.c ****         /* Whole message received or buffer is full */
 907:Middlewares/Third_Party/LwIP/src/apps/mqtt/mqtt.c ****         mqtt_connection_status_t res = mqtt_message_received(client, fixed_hdr_idx, (cpy_start + cp
 908:Middlewares/Third_Party/LwIP/src/apps/mqtt/mqtt.c ****         if (res != MQTT_CONNECT_ACCEPTED) {
 909:Middlewares/Third_Party/LwIP/src/apps/mqtt/mqtt.c ****           return res;
 910:Middlewares/Third_Party/LwIP/src/apps/mqtt/mqtt.c ****         }
 911:Middlewares/Third_Party/LwIP/src/apps/mqtt/mqtt.c ****         if (msg_rem_len == 0) {
 912:Middlewares/Third_Party/LwIP/src/apps/mqtt/mqtt.c ****           /* Reset parser state */
 913:Middlewares/Third_Party/LwIP/src/apps/mqtt/mqtt.c ****           client->msg_idx = 0;
 914:Middlewares/Third_Party/LwIP/src/apps/mqtt/mqtt.c ****           /* msg_tot_len = 0; */
 915:Middlewares/Third_Party/LwIP/src/apps/mqtt/mqtt.c ****           fixed_hdr_idx = 0;
 916:Middlewares/Third_Party/LwIP/src/apps/mqtt/mqtt.c ****         }
 917:Middlewares/Third_Party/LwIP/src/apps/mqtt/mqtt.c ****       }
 918:Middlewares/Third_Party/LwIP/src/apps/mqtt/mqtt.c ****     }
 919:Middlewares/Third_Party/LwIP/src/apps/mqtt/mqtt.c ****   }
 920:Middlewares/Third_Party/LwIP/src/apps/mqtt/mqtt.c ****   return MQTT_CONNECT_ACCEPTED;
 921:Middlewares/Third_Party/LwIP/src/apps/mqtt/mqtt.c **** }
 922:Middlewares/Third_Party/LwIP/src/apps/mqtt/mqtt.c **** 
 923:Middlewares/Third_Party/LwIP/src/apps/mqtt/mqtt.c **** 
 924:Middlewares/Third_Party/LwIP/src/apps/mqtt/mqtt.c **** /**
 925:Middlewares/Third_Party/LwIP/src/apps/mqtt/mqtt.c ****  * TCP received callback function. @see tcp_recv_fn
ARM GAS  /tmp/ccekGo1E.s 			page 52


 926:Middlewares/Third_Party/LwIP/src/apps/mqtt/mqtt.c ****  * @param arg MQTT client
 927:Middlewares/Third_Party/LwIP/src/apps/mqtt/mqtt.c ****  * @param p PBUF chain of received data
 928:Middlewares/Third_Party/LwIP/src/apps/mqtt/mqtt.c ****  * @param err Passed as return value if not ERR_OK
 929:Middlewares/Third_Party/LwIP/src/apps/mqtt/mqtt.c ****  * @return ERR_OK or err passed into callback
 930:Middlewares/Third_Party/LwIP/src/apps/mqtt/mqtt.c ****  */
 931:Middlewares/Third_Party/LwIP/src/apps/mqtt/mqtt.c **** static err_t
 932:Middlewares/Third_Party/LwIP/src/apps/mqtt/mqtt.c **** mqtt_tcp_recv_cb(void *arg, struct altcp_pcb *pcb, struct pbuf *p, err_t err)
 933:Middlewares/Third_Party/LwIP/src/apps/mqtt/mqtt.c **** {
 934:Middlewares/Third_Party/LwIP/src/apps/mqtt/mqtt.c ****   mqtt_client_t *client = (mqtt_client_t *)arg;
 935:Middlewares/Third_Party/LwIP/src/apps/mqtt/mqtt.c ****   LWIP_ASSERT("mqtt_tcp_recv_cb: client != NULL", client != NULL);
 936:Middlewares/Third_Party/LwIP/src/apps/mqtt/mqtt.c ****   LWIP_ASSERT("mqtt_tcp_recv_cb: client->conn == pcb", client->conn == pcb);
 937:Middlewares/Third_Party/LwIP/src/apps/mqtt/mqtt.c **** 
 938:Middlewares/Third_Party/LwIP/src/apps/mqtt/mqtt.c ****   if (p == NULL) {
 939:Middlewares/Third_Party/LwIP/src/apps/mqtt/mqtt.c ****     LWIP_DEBUGF(MQTT_DEBUG_TRACE, ("mqtt_tcp_recv_cb: Recv pbuf=NULL, remote has closed connection\
 940:Middlewares/Third_Party/LwIP/src/apps/mqtt/mqtt.c ****     mqtt_close(client, MQTT_CONNECT_DISCONNECTED);
 941:Middlewares/Third_Party/LwIP/src/apps/mqtt/mqtt.c ****   } else {
 942:Middlewares/Third_Party/LwIP/src/apps/mqtt/mqtt.c ****     mqtt_connection_status_t res;
 943:Middlewares/Third_Party/LwIP/src/apps/mqtt/mqtt.c ****     if (err != ERR_OK) {
 944:Middlewares/Third_Party/LwIP/src/apps/mqtt/mqtt.c ****       LWIP_DEBUGF(MQTT_DEBUG_WARN, ("mqtt_tcp_recv_cb: Recv err=%d\n", err));
 945:Middlewares/Third_Party/LwIP/src/apps/mqtt/mqtt.c ****       pbuf_free(p);
 946:Middlewares/Third_Party/LwIP/src/apps/mqtt/mqtt.c ****       return err;
 947:Middlewares/Third_Party/LwIP/src/apps/mqtt/mqtt.c ****     }
 948:Middlewares/Third_Party/LwIP/src/apps/mqtt/mqtt.c **** 
 949:Middlewares/Third_Party/LwIP/src/apps/mqtt/mqtt.c ****     /* Tell remote that data has been received */
 950:Middlewares/Third_Party/LwIP/src/apps/mqtt/mqtt.c ****     altcp_recved(pcb, p->tot_len);
 951:Middlewares/Third_Party/LwIP/src/apps/mqtt/mqtt.c ****     res = mqtt_parse_incoming(client, p);
 952:Middlewares/Third_Party/LwIP/src/apps/mqtt/mqtt.c ****     pbuf_free(p);
 953:Middlewares/Third_Party/LwIP/src/apps/mqtt/mqtt.c **** 
 954:Middlewares/Third_Party/LwIP/src/apps/mqtt/mqtt.c ****     if (res != MQTT_CONNECT_ACCEPTED) {
 955:Middlewares/Third_Party/LwIP/src/apps/mqtt/mqtt.c ****       mqtt_close(client, res);
 956:Middlewares/Third_Party/LwIP/src/apps/mqtt/mqtt.c ****     }
 957:Middlewares/Third_Party/LwIP/src/apps/mqtt/mqtt.c ****     /* If keep alive functionality is used */
 958:Middlewares/Third_Party/LwIP/src/apps/mqtt/mqtt.c ****     if (client->keep_alive != 0) {
 959:Middlewares/Third_Party/LwIP/src/apps/mqtt/mqtt.c ****       /* Reset server alive watchdog */
 960:Middlewares/Third_Party/LwIP/src/apps/mqtt/mqtt.c ****       client->server_watchdog = 0;
 961:Middlewares/Third_Party/LwIP/src/apps/mqtt/mqtt.c ****     }
 962:Middlewares/Third_Party/LwIP/src/apps/mqtt/mqtt.c **** 
 963:Middlewares/Third_Party/LwIP/src/apps/mqtt/mqtt.c ****   }
 964:Middlewares/Third_Party/LwIP/src/apps/mqtt/mqtt.c ****   return ERR_OK;
 965:Middlewares/Third_Party/LwIP/src/apps/mqtt/mqtt.c **** }
 966:Middlewares/Third_Party/LwIP/src/apps/mqtt/mqtt.c **** 
 967:Middlewares/Third_Party/LwIP/src/apps/mqtt/mqtt.c **** 
 968:Middlewares/Third_Party/LwIP/src/apps/mqtt/mqtt.c **** /**
 969:Middlewares/Third_Party/LwIP/src/apps/mqtt/mqtt.c ****  * TCP data sent callback function. @see tcp_sent_fn
 970:Middlewares/Third_Party/LwIP/src/apps/mqtt/mqtt.c ****  * @param arg MQTT client
 971:Middlewares/Third_Party/LwIP/src/apps/mqtt/mqtt.c ****  * @param tpcb TCP connection handle
 972:Middlewares/Third_Party/LwIP/src/apps/mqtt/mqtt.c ****  * @param len Number of bytes sent
 973:Middlewares/Third_Party/LwIP/src/apps/mqtt/mqtt.c ****  * @return ERR_OK
 974:Middlewares/Third_Party/LwIP/src/apps/mqtt/mqtt.c ****  */
 975:Middlewares/Third_Party/LwIP/src/apps/mqtt/mqtt.c **** static err_t
 976:Middlewares/Third_Party/LwIP/src/apps/mqtt/mqtt.c **** mqtt_tcp_sent_cb(void *arg, struct altcp_pcb *tpcb, u16_t len)
 977:Middlewares/Third_Party/LwIP/src/apps/mqtt/mqtt.c **** {
 978:Middlewares/Third_Party/LwIP/src/apps/mqtt/mqtt.c ****   mqtt_client_t *client = (mqtt_client_t *)arg;
 979:Middlewares/Third_Party/LwIP/src/apps/mqtt/mqtt.c **** 
 980:Middlewares/Third_Party/LwIP/src/apps/mqtt/mqtt.c ****   LWIP_UNUSED_ARG(tpcb);
 981:Middlewares/Third_Party/LwIP/src/apps/mqtt/mqtt.c ****   LWIP_UNUSED_ARG(len);
 982:Middlewares/Third_Party/LwIP/src/apps/mqtt/mqtt.c **** 
ARM GAS  /tmp/ccekGo1E.s 			page 53


 983:Middlewares/Third_Party/LwIP/src/apps/mqtt/mqtt.c ****   if (client->conn_state == MQTT_CONNECTED) {
 984:Middlewares/Third_Party/LwIP/src/apps/mqtt/mqtt.c ****     struct mqtt_request_t *r;
 985:Middlewares/Third_Party/LwIP/src/apps/mqtt/mqtt.c **** 
 986:Middlewares/Third_Party/LwIP/src/apps/mqtt/mqtt.c ****     /* Reset keep-alive send timer and server watchdog */
 987:Middlewares/Third_Party/LwIP/src/apps/mqtt/mqtt.c ****     client->cyclic_tick = 0;
 988:Middlewares/Third_Party/LwIP/src/apps/mqtt/mqtt.c ****     client->server_watchdog = 0;
 989:Middlewares/Third_Party/LwIP/src/apps/mqtt/mqtt.c ****     /* QoS 0 publish has no response from server, so call its callbacks here */
 990:Middlewares/Third_Party/LwIP/src/apps/mqtt/mqtt.c ****     while ((r = mqtt_take_request(&client->pend_req_queue, 0)) != NULL) {
 991:Middlewares/Third_Party/LwIP/src/apps/mqtt/mqtt.c ****       LWIP_DEBUGF(MQTT_DEBUG_TRACE, ("mqtt_tcp_sent_cb: Calling QoS 0 publish complete callback\n")
 992:Middlewares/Third_Party/LwIP/src/apps/mqtt/mqtt.c ****       if (r->cb != NULL) {
 993:Middlewares/Third_Party/LwIP/src/apps/mqtt/mqtt.c ****         r->cb(r->arg, ERR_OK);
 994:Middlewares/Third_Party/LwIP/src/apps/mqtt/mqtt.c ****       }
 995:Middlewares/Third_Party/LwIP/src/apps/mqtt/mqtt.c ****       mqtt_delete_request(r);
 996:Middlewares/Third_Party/LwIP/src/apps/mqtt/mqtt.c ****     }
 997:Middlewares/Third_Party/LwIP/src/apps/mqtt/mqtt.c ****     /* Try send any remaining buffers from output queue */
 998:Middlewares/Third_Party/LwIP/src/apps/mqtt/mqtt.c ****     mqtt_output_send(&client->output, client->conn);
 999:Middlewares/Third_Party/LwIP/src/apps/mqtt/mqtt.c ****   }
1000:Middlewares/Third_Party/LwIP/src/apps/mqtt/mqtt.c ****   return ERR_OK;
1001:Middlewares/Third_Party/LwIP/src/apps/mqtt/mqtt.c **** }
1002:Middlewares/Third_Party/LwIP/src/apps/mqtt/mqtt.c **** 
1003:Middlewares/Third_Party/LwIP/src/apps/mqtt/mqtt.c **** /**
1004:Middlewares/Third_Party/LwIP/src/apps/mqtt/mqtt.c ****  * TCP error callback function. @see tcp_err_fn
1005:Middlewares/Third_Party/LwIP/src/apps/mqtt/mqtt.c ****  * @param arg MQTT client
1006:Middlewares/Third_Party/LwIP/src/apps/mqtt/mqtt.c ****  * @param err Error encountered
1007:Middlewares/Third_Party/LwIP/src/apps/mqtt/mqtt.c ****  */
1008:Middlewares/Third_Party/LwIP/src/apps/mqtt/mqtt.c **** static void
1009:Middlewares/Third_Party/LwIP/src/apps/mqtt/mqtt.c **** mqtt_tcp_err_cb(void *arg, err_t err)
1010:Middlewares/Third_Party/LwIP/src/apps/mqtt/mqtt.c **** {
1011:Middlewares/Third_Party/LwIP/src/apps/mqtt/mqtt.c ****   mqtt_client_t *client = (mqtt_client_t *)arg;
1012:Middlewares/Third_Party/LwIP/src/apps/mqtt/mqtt.c ****   LWIP_UNUSED_ARG(err); /* only used for debug output */
1013:Middlewares/Third_Party/LwIP/src/apps/mqtt/mqtt.c ****   LWIP_DEBUGF(MQTT_DEBUG_TRACE, ("mqtt_tcp_err_cb: TCP error callback: error %d, arg: %p\n", err, a
1014:Middlewares/Third_Party/LwIP/src/apps/mqtt/mqtt.c ****   LWIP_ASSERT("mqtt_tcp_err_cb: client != NULL", client != NULL);
1015:Middlewares/Third_Party/LwIP/src/apps/mqtt/mqtt.c ****   /* Set conn to null before calling close as pcb is already deallocated*/
1016:Middlewares/Third_Party/LwIP/src/apps/mqtt/mqtt.c ****   client->conn = 0;
1017:Middlewares/Third_Party/LwIP/src/apps/mqtt/mqtt.c ****   mqtt_close(client, MQTT_CONNECT_DISCONNECTED);
1018:Middlewares/Third_Party/LwIP/src/apps/mqtt/mqtt.c **** }
1019:Middlewares/Third_Party/LwIP/src/apps/mqtt/mqtt.c **** 
1020:Middlewares/Third_Party/LwIP/src/apps/mqtt/mqtt.c **** /**
1021:Middlewares/Third_Party/LwIP/src/apps/mqtt/mqtt.c ****  * TCP poll callback function. @see tcp_poll_fn
1022:Middlewares/Third_Party/LwIP/src/apps/mqtt/mqtt.c ****  * @param arg MQTT client
1023:Middlewares/Third_Party/LwIP/src/apps/mqtt/mqtt.c ****  * @param tpcb TCP connection handle
1024:Middlewares/Third_Party/LwIP/src/apps/mqtt/mqtt.c ****  * @return err ERR_OK
1025:Middlewares/Third_Party/LwIP/src/apps/mqtt/mqtt.c ****  */
1026:Middlewares/Third_Party/LwIP/src/apps/mqtt/mqtt.c **** static err_t
1027:Middlewares/Third_Party/LwIP/src/apps/mqtt/mqtt.c **** mqtt_tcp_poll_cb(void *arg, struct altcp_pcb *tpcb)
1028:Middlewares/Third_Party/LwIP/src/apps/mqtt/mqtt.c **** {
 1646              		.loc 1 1028 1 view -0
 1647              		.cfi_startproc
 1648              		@ args = 0, pretend = 0, frame = 0
 1649              		@ frame_needed = 0, uses_anonymous_args = 0
 1650              		.loc 1 1028 1 is_stmt 0 view .LVU439
 1651 0000 08B5     		push	{r3, lr}
 1652              	.LCFI15:
 1653              		.cfi_def_cfa_offset 8
 1654              		.cfi_offset 3, -8
 1655              		.cfi_offset 14, -4
1029:Middlewares/Third_Party/LwIP/src/apps/mqtt/mqtt.c ****   mqtt_client_t *client = (mqtt_client_t *)arg;
ARM GAS  /tmp/ccekGo1E.s 			page 54


 1656              		.loc 1 1029 3 is_stmt 1 view .LVU440
 1657              	.LVL178:
1030:Middlewares/Third_Party/LwIP/src/apps/mqtt/mqtt.c ****   if (client->conn_state == MQTT_CONNECTED) {
 1658              		.loc 1 1030 3 view .LVU441
 1659              		.loc 1 1030 13 is_stmt 0 view .LVU442
 1660 0002 837A     		ldrb	r3, [r0, #10]	@ zero_extendqisi2
 1661              		.loc 1 1030 6 view .LVU443
 1662 0004 032B     		cmp	r3, #3
 1663 0006 01D0     		beq	.L140
 1664              	.LVL179:
 1665              	.L138:
1031:Middlewares/Third_Party/LwIP/src/apps/mqtt/mqtt.c ****     /* Try send any remaining buffers from output queue */
1032:Middlewares/Third_Party/LwIP/src/apps/mqtt/mqtt.c ****     mqtt_output_send(&client->output, tpcb);
1033:Middlewares/Third_Party/LwIP/src/apps/mqtt/mqtt.c ****   }
1034:Middlewares/Third_Party/LwIP/src/apps/mqtt/mqtt.c ****   return ERR_OK;
 1666              		.loc 1 1034 3 is_stmt 1 view .LVU444
1035:Middlewares/Third_Party/LwIP/src/apps/mqtt/mqtt.c **** }
 1667              		.loc 1 1035 1 is_stmt 0 view .LVU445
 1668 0008 0020     		movs	r0, #0
 1669 000a 08BD     		pop	{r3, pc}
 1670              	.LVL180:
 1671              	.L140:
1032:Middlewares/Third_Party/LwIP/src/apps/mqtt/mqtt.c ****   }
 1672              		.loc 1 1032 5 is_stmt 1 view .LVU446
 1673 000c EC30     		adds	r0, r0, #236
 1674              	.LVL181:
1032:Middlewares/Third_Party/LwIP/src/apps/mqtt/mqtt.c ****   }
 1675              		.loc 1 1032 5 is_stmt 0 view .LVU447
 1676 000e FFF7FEFF 		bl	mqtt_output_send
 1677              	.LVL182:
1032:Middlewares/Third_Party/LwIP/src/apps/mqtt/mqtt.c ****   }
 1678              		.loc 1 1032 5 view .LVU448
 1679 0012 F9E7     		b	.L138
 1680              		.cfi_endproc
 1681              	.LFE188:
 1683              		.section	.text.mqtt_tcp_sent_cb,"ax",%progbits
 1684              		.align	1
 1685              		.syntax unified
 1686              		.thumb
 1687              		.thumb_func
 1688              		.fpu fpv4-sp-d16
 1690              	mqtt_tcp_sent_cb:
 1691              	.LVL183:
 1692              	.LFB186:
 977:Middlewares/Third_Party/LwIP/src/apps/mqtt/mqtt.c ****   mqtt_client_t *client = (mqtt_client_t *)arg;
 1693              		.loc 1 977 1 is_stmt 1 view -0
 1694              		.cfi_startproc
 1695              		@ args = 0, pretend = 0, frame = 0
 1696              		@ frame_needed = 0, uses_anonymous_args = 0
 977:Middlewares/Third_Party/LwIP/src/apps/mqtt/mqtt.c ****   mqtt_client_t *client = (mqtt_client_t *)arg;
 1697              		.loc 1 977 1 is_stmt 0 view .LVU450
 1698 0000 38B5     		push	{r3, r4, r5, lr}
 1699              	.LCFI16:
 1700              		.cfi_def_cfa_offset 16
 1701              		.cfi_offset 3, -16
 1702              		.cfi_offset 4, -12
 1703              		.cfi_offset 5, -8
ARM GAS  /tmp/ccekGo1E.s 			page 55


 1704              		.cfi_offset 14, -4
 978:Middlewares/Third_Party/LwIP/src/apps/mqtt/mqtt.c **** 
 1705              		.loc 1 978 3 is_stmt 1 view .LVU451
 1706              	.LVL184:
 980:Middlewares/Third_Party/LwIP/src/apps/mqtt/mqtt.c ****   LWIP_UNUSED_ARG(len);
 1707              		.loc 1 980 3 view .LVU452
 981:Middlewares/Third_Party/LwIP/src/apps/mqtt/mqtt.c **** 
 1708              		.loc 1 981 3 view .LVU453
 983:Middlewares/Third_Party/LwIP/src/apps/mqtt/mqtt.c ****     struct mqtt_request_t *r;
 1709              		.loc 1 983 3 view .LVU454
 983:Middlewares/Third_Party/LwIP/src/apps/mqtt/mqtt.c ****     struct mqtt_request_t *r;
 1710              		.loc 1 983 13 is_stmt 0 view .LVU455
 1711 0002 837A     		ldrb	r3, [r0, #10]	@ zero_extendqisi2
 983:Middlewares/Third_Party/LwIP/src/apps/mqtt/mqtt.c ****     struct mqtt_request_t *r;
 1712              		.loc 1 983 6 view .LVU456
 1713 0004 032B     		cmp	r3, #3
 1714 0006 01D0     		beq	.L147
 1715              	.LVL185:
 1716              	.L142:
1000:Middlewares/Third_Party/LwIP/src/apps/mqtt/mqtt.c **** }
 1717              		.loc 1 1000 3 is_stmt 1 view .LVU457
1001:Middlewares/Third_Party/LwIP/src/apps/mqtt/mqtt.c **** 
 1718              		.loc 1 1001 1 is_stmt 0 view .LVU458
 1719 0008 0020     		movs	r0, #0
 1720 000a 38BD     		pop	{r3, r4, r5, pc}
 1721              	.LVL186:
 1722              	.L147:
1001:Middlewares/Third_Party/LwIP/src/apps/mqtt/mqtt.c **** 
 1723              		.loc 1 1001 1 view .LVU459
 1724 000c 0546     		mov	r5, r0
 1725              	.LBB2:
 984:Middlewares/Third_Party/LwIP/src/apps/mqtt/mqtt.c **** 
 1726              		.loc 1 984 5 is_stmt 1 view .LVU460
 987:Middlewares/Third_Party/LwIP/src/apps/mqtt/mqtt.c ****     client->server_watchdog = 0;
 1727              		.loc 1 987 5 view .LVU461
 987:Middlewares/Third_Party/LwIP/src/apps/mqtt/mqtt.c ****     client->server_watchdog = 0;
 1728              		.loc 1 987 25 is_stmt 0 view .LVU462
 1729 000e 0023     		movs	r3, #0
 1730 0010 0380     		strh	r3, [r0]	@ movhi
 988:Middlewares/Third_Party/LwIP/src/apps/mqtt/mqtt.c ****     /* QoS 0 publish has no response from server, so call its callbacks here */
 1731              		.loc 1 988 5 is_stmt 1 view .LVU463
 988:Middlewares/Third_Party/LwIP/src/apps/mqtt/mqtt.c ****     /* QoS 0 publish has no response from server, so call its callbacks here */
 1732              		.loc 1 988 29 is_stmt 0 view .LVU464
 1733 0012 8380     		strh	r3, [r0, #4]	@ movhi
 990:Middlewares/Third_Party/LwIP/src/apps/mqtt/mqtt.c ****       LWIP_DEBUGF(MQTT_DEBUG_TRACE, ("mqtt_tcp_sent_cb: Calling QoS 0 publish complete callback\n")
 1734              		.loc 1 990 5 is_stmt 1 view .LVU465
 990:Middlewares/Third_Party/LwIP/src/apps/mqtt/mqtt.c ****       LWIP_DEBUGF(MQTT_DEBUG_TRACE, ("mqtt_tcp_sent_cb: Calling QoS 0 publish complete callback\n")
 1735              		.loc 1 990 11 is_stmt 0 view .LVU466
 1736 0014 02E0     		b	.L143
 1737              	.LVL187:
 1738              	.L144:
 995:Middlewares/Third_Party/LwIP/src/apps/mqtt/mqtt.c ****     }
 1739              		.loc 1 995 7 is_stmt 1 view .LVU467
 1740 0016 2046     		mov	r0, r4
 1741 0018 FFF7FEFF 		bl	mqtt_delete_request
 1742              	.LVL188:
 1743              	.L143:
ARM GAS  /tmp/ccekGo1E.s 			page 56


 990:Middlewares/Third_Party/LwIP/src/apps/mqtt/mqtt.c ****       LWIP_DEBUGF(MQTT_DEBUG_TRACE, ("mqtt_tcp_sent_cb: Calling QoS 0 publish complete callback\n")
 1744              		.loc 1 990 11 view .LVU468
 990:Middlewares/Third_Party/LwIP/src/apps/mqtt/mqtt.c ****       LWIP_DEBUGF(MQTT_DEBUG_TRACE, ("mqtt_tcp_sent_cb: Calling QoS 0 publish complete callback\n")
 1745              		.loc 1 990 17 is_stmt 0 view .LVU469
 1746 001c 0021     		movs	r1, #0
 1747 001e 05F11800 		add	r0, r5, #24
 1748 0022 FFF7FEFF 		bl	mqtt_take_request
 1749              	.LVL189:
 990:Middlewares/Third_Party/LwIP/src/apps/mqtt/mqtt.c ****       LWIP_DEBUGF(MQTT_DEBUG_TRACE, ("mqtt_tcp_sent_cb: Calling QoS 0 publish complete callback\n")
 1750              		.loc 1 990 11 view .LVU470
 1751 0026 0446     		mov	r4, r0
 1752 0028 30B1     		cbz	r0, .L148
 991:Middlewares/Third_Party/LwIP/src/apps/mqtt/mqtt.c ****       if (r->cb != NULL) {
 1753              		.loc 1 991 7 is_stmt 1 discriminator 4 view .LVU471
 991:Middlewares/Third_Party/LwIP/src/apps/mqtt/mqtt.c ****       if (r->cb != NULL) {
 1754              		.loc 1 991 7 discriminator 4 view .LVU472
 991:Middlewares/Third_Party/LwIP/src/apps/mqtt/mqtt.c ****       if (r->cb != NULL) {
 1755              		.loc 1 991 7 discriminator 4 view .LVU473
 992:Middlewares/Third_Party/LwIP/src/apps/mqtt/mqtt.c ****         r->cb(r->arg, ERR_OK);
 1756              		.loc 1 992 7 discriminator 4 view .LVU474
 992:Middlewares/Third_Party/LwIP/src/apps/mqtt/mqtt.c ****         r->cb(r->arg, ERR_OK);
 1757              		.loc 1 992 12 is_stmt 0 discriminator 4 view .LVU475
 1758 002a 6368     		ldr	r3, [r4, #4]
 992:Middlewares/Third_Party/LwIP/src/apps/mqtt/mqtt.c ****         r->cb(r->arg, ERR_OK);
 1759              		.loc 1 992 10 discriminator 4 view .LVU476
 1760 002c 002B     		cmp	r3, #0
 1761 002e F2D0     		beq	.L144
 993:Middlewares/Third_Party/LwIP/src/apps/mqtt/mqtt.c ****       }
 1762              		.loc 1 993 9 is_stmt 1 view .LVU477
 1763 0030 0021     		movs	r1, #0
 1764 0032 A068     		ldr	r0, [r4, #8]
 1765              	.LVL190:
 993:Middlewares/Third_Party/LwIP/src/apps/mqtt/mqtt.c ****       }
 1766              		.loc 1 993 9 is_stmt 0 view .LVU478
 1767 0034 9847     		blx	r3
 1768              	.LVL191:
 1769 0036 EEE7     		b	.L144
 1770              	.LVL192:
 1771              	.L148:
 998:Middlewares/Third_Party/LwIP/src/apps/mqtt/mqtt.c ****   }
 1772              		.loc 1 998 5 is_stmt 1 view .LVU479
 1773 0038 E968     		ldr	r1, [r5, #12]
 1774 003a 05F1EC00 		add	r0, r5, #236
 1775              	.LVL193:
 998:Middlewares/Third_Party/LwIP/src/apps/mqtt/mqtt.c ****   }
 1776              		.loc 1 998 5 is_stmt 0 view .LVU480
 1777 003e FFF7FEFF 		bl	mqtt_output_send
 1778              	.LVL194:
 1779 0042 E1E7     		b	.L142
 1780              	.LBE2:
 1781              		.cfi_endproc
 1782              	.LFE186:
 1784              		.section	.text.pub_ack_rec_rel_response,"ax",%progbits
 1785              		.align	1
 1786              		.syntax unified
 1787              		.thumb
 1788              		.thumb_func
ARM GAS  /tmp/ccekGo1E.s 			page 57


 1789              		.fpu fpv4-sp-d16
 1791              	pub_ack_rec_rel_response:
 1792              	.LVL195:
 1793              	.LFB181:
 636:Middlewares/Third_Party/LwIP/src/apps/mqtt/mqtt.c ****   err_t err = ERR_OK;
 1794              		.loc 1 636 1 is_stmt 1 view -0
 1795              		.cfi_startproc
 1796              		@ args = 0, pretend = 0, frame = 0
 1797              		@ frame_needed = 0, uses_anonymous_args = 0
 636:Middlewares/Third_Party/LwIP/src/apps/mqtt/mqtt.c ****   err_t err = ERR_OK;
 1798              		.loc 1 636 1 is_stmt 0 view .LVU482
 1799 0000 2DE9F043 		push	{r4, r5, r6, r7, r8, r9, lr}
 1800              	.LCFI17:
 1801              		.cfi_def_cfa_offset 28
 1802              		.cfi_offset 4, -28
 1803              		.cfi_offset 5, -24
 1804              		.cfi_offset 6, -20
 1805              		.cfi_offset 7, -16
 1806              		.cfi_offset 8, -12
 1807              		.cfi_offset 9, -8
 1808              		.cfi_offset 14, -4
 1809 0004 83B0     		sub	sp, sp, #12
 1810              	.LCFI18:
 1811              		.cfi_def_cfa_offset 40
 1812 0006 0546     		mov	r5, r0
 1813 0008 8846     		mov	r8, r1
 1814 000a 9146     		mov	r9, r2
 1815 000c 1F46     		mov	r7, r3
 637:Middlewares/Third_Party/LwIP/src/apps/mqtt/mqtt.c ****   if (mqtt_output_check_space(&client->output, 2)) {
 1816              		.loc 1 637 3 is_stmt 1 view .LVU483
 1817              	.LVL196:
 638:Middlewares/Third_Party/LwIP/src/apps/mqtt/mqtt.c ****     mqtt_output_append_fixed_header(&client->output, msg, 0, qos, 0, 2);
 1818              		.loc 1 638 3 view .LVU484
 638:Middlewares/Third_Party/LwIP/src/apps/mqtt/mqtt.c ****     mqtt_output_append_fixed_header(&client->output, msg, 0, qos, 0, 2);
 1819              		.loc 1 638 7 is_stmt 0 view .LVU485
 1820 000e 00F1EC06 		add	r6, r0, #236
 1821 0012 0221     		movs	r1, #2
 1822              	.LVL197:
 638:Middlewares/Third_Party/LwIP/src/apps/mqtt/mqtt.c ****     mqtt_output_append_fixed_header(&client->output, msg, 0, qos, 0, 2);
 1823              		.loc 1 638 7 view .LVU486
 1824 0014 3046     		mov	r0, r6
 1825              	.LVL198:
 638:Middlewares/Third_Party/LwIP/src/apps/mqtt/mqtt.c ****     mqtt_output_append_fixed_header(&client->output, msg, 0, qos, 0, 2);
 1826              		.loc 1 638 7 view .LVU487
 1827 0016 FFF7FEFF 		bl	mqtt_output_check_space
 1828              	.LVL199:
 638:Middlewares/Third_Party/LwIP/src/apps/mqtt/mqtt.c ****     mqtt_output_append_fixed_header(&client->output, msg, 0, qos, 0, 2);
 1829              		.loc 1 638 6 view .LVU488
 1830 001a A8B1     		cbz	r0, .L151
 639:Middlewares/Third_Party/LwIP/src/apps/mqtt/mqtt.c ****     mqtt_output_append_u16(&client->output, pkt_id);
 1831              		.loc 1 639 5 is_stmt 1 view .LVU489
 1832 001c 0223     		movs	r3, #2
 1833 001e 0193     		str	r3, [sp, #4]
 1834 0020 0024     		movs	r4, #0
 1835 0022 0094     		str	r4, [sp]
 1836 0024 3B46     		mov	r3, r7
 1837 0026 2246     		mov	r2, r4
ARM GAS  /tmp/ccekGo1E.s 			page 58


 1838 0028 4146     		mov	r1, r8
 1839 002a 3046     		mov	r0, r6
 1840 002c FFF7FEFF 		bl	mqtt_output_append_fixed_header
 1841              	.LVL200:
 640:Middlewares/Third_Party/LwIP/src/apps/mqtt/mqtt.c ****     mqtt_output_send(&client->output, client->conn);
 1842              		.loc 1 640 5 view .LVU490
 1843 0030 4946     		mov	r1, r9
 1844 0032 3046     		mov	r0, r6
 1845 0034 FFF7FEFF 		bl	mqtt_output_append_u16
 1846              	.LVL201:
 641:Middlewares/Third_Party/LwIP/src/apps/mqtt/mqtt.c ****   } else {
 1847              		.loc 1 641 5 view .LVU491
 1848 0038 E968     		ldr	r1, [r5, #12]
 1849 003a 3046     		mov	r0, r6
 1850 003c FFF7FEFF 		bl	mqtt_output_send
 1851              	.LVL202:
 637:Middlewares/Third_Party/LwIP/src/apps/mqtt/mqtt.c ****   if (mqtt_output_check_space(&client->output, 2)) {
 1852              		.loc 1 637 9 is_stmt 0 view .LVU492
 1853 0040 2046     		mov	r0, r4
 1854              	.L150:
 1855              	.LVL203:
 647:Middlewares/Third_Party/LwIP/src/apps/mqtt/mqtt.c **** }
 1856              		.loc 1 647 3 is_stmt 1 view .LVU493
 648:Middlewares/Third_Party/LwIP/src/apps/mqtt/mqtt.c **** 
 1857              		.loc 1 648 1 is_stmt 0 view .LVU494
 1858 0042 03B0     		add	sp, sp, #12
 1859              	.LCFI19:
 1860              		.cfi_remember_state
 1861              		.cfi_def_cfa_offset 28
 1862              		@ sp needed
 1863 0044 BDE8F083 		pop	{r4, r5, r6, r7, r8, r9, pc}
 1864              	.LVL204:
 1865              	.L151:
 1866              	.LCFI20:
 1867              		.cfi_restore_state
 645:Middlewares/Third_Party/LwIP/src/apps/mqtt/mqtt.c ****   }
 1868              		.loc 1 645 9 view .LVU495
 1869 0048 4FF0FF30 		mov	r0, #-1
 1870 004c F9E7     		b	.L150
 1871              		.cfi_endproc
 1872              	.LFE181:
 1874              		.section	.rodata.mqtt_message_received.str1.4,"aMS",%progbits,1
 1875              		.align	2
 1876              	.LC12:
 1877 0000 636C6965 		.ascii	"client->msg_idx < MQTT_VAR_HEADER_BUFFER_LEN\000"
 1877      6E742D3E 
 1877      6D73675F 
 1877      69647820 
 1877      3C204D51 
 1878 002d 000000   		.align	2
 1879              	.LC13:
 1880 0030 66697865 		.ascii	"fixed_hdr_idx <= client->msg_idx\000"
 1880      645F6864 
 1880      725F6964 
 1880      78203C3D 
 1880      20636C69 
 1881 0051 000000   		.align	2
ARM GAS  /tmp/ccekGo1E.s 			page 59


 1882              	.LC14:
 1883 0054 62756666 		.ascii	"buffer length mismatch\000"
 1883      6572206C 
 1883      656E6774 
 1883      68206D69 
 1883      736D6174 
 1884              		.section	.text.mqtt_message_received,"ax",%progbits
 1885              		.align	1
 1886              		.syntax unified
 1887              		.thumb
 1888              		.thumb_func
 1889              		.fpu fpv4-sp-d16
 1891              	mqtt_message_received:
 1892              	.LVL205:
 1893              	.LFB183:
 673:Middlewares/Third_Party/LwIP/src/apps/mqtt/mqtt.c ****   mqtt_connection_status_t res = MQTT_CONNECT_ACCEPTED;
 1894              		.loc 1 673 1 is_stmt 1 view -0
 1895              		.cfi_startproc
 1896              		@ args = 0, pretend = 0, frame = 8
 1897              		@ frame_needed = 0, uses_anonymous_args = 0
 673:Middlewares/Third_Party/LwIP/src/apps/mqtt/mqtt.c ****   mqtt_connection_status_t res = MQTT_CONNECT_ACCEPTED;
 1898              		.loc 1 673 1 is_stmt 0 view .LVU497
 1899 0000 2DE9F04F 		push	{r4, r5, r6, r7, r8, r9, r10, fp, lr}
 1900              	.LCFI21:
 1901              		.cfi_def_cfa_offset 36
 1902              		.cfi_offset 4, -36
 1903              		.cfi_offset 5, -32
 1904              		.cfi_offset 6, -28
 1905              		.cfi_offset 7, -24
 1906              		.cfi_offset 8, -20
 1907              		.cfi_offset 9, -16
 1908              		.cfi_offset 10, -12
 1909              		.cfi_offset 11, -8
 1910              		.cfi_offset 14, -4
 1911 0004 83B0     		sub	sp, sp, #12
 1912              	.LCFI22:
 1913              		.cfi_def_cfa_offset 48
 1914 0006 0446     		mov	r4, r0
 1915 0008 8A46     		mov	r10, r1
 1916 000a 1546     		mov	r5, r2
 1917 000c 1E46     		mov	r6, r3
 674:Middlewares/Third_Party/LwIP/src/apps/mqtt/mqtt.c **** 
 1918              		.loc 1 674 3 is_stmt 1 view .LVU498
 1919              	.LVL206:
 676:Middlewares/Third_Party/LwIP/src/apps/mqtt/mqtt.c ****   size_t var_hdr_payload_bufsize = sizeof(client->rx_buffer) - fixed_hdr_idx;
 1920              		.loc 1 676 3 view .LVU499
 676:Middlewares/Third_Party/LwIP/src/apps/mqtt/mqtt.c ****   size_t var_hdr_payload_bufsize = sizeof(client->rx_buffer) - fixed_hdr_idx;
 1921              		.loc 1 676 27 is_stmt 0 view .LVU500
 1922 000e 00F16C0B 		add	fp, r0, #108
 676:Middlewares/Third_Party/LwIP/src/apps/mqtt/mqtt.c ****   size_t var_hdr_payload_bufsize = sizeof(client->rx_buffer) - fixed_hdr_idx;
 1923              		.loc 1 676 9 view .LVU501
 1924 0012 0BEB0108 		add	r8, fp, r1
 1925              	.LVL207:
 677:Middlewares/Third_Party/LwIP/src/apps/mqtt/mqtt.c **** 
 1926              		.loc 1 677 3 is_stmt 1 view .LVU502
 677:Middlewares/Third_Party/LwIP/src/apps/mqtt/mqtt.c **** 
 1927              		.loc 1 677 10 is_stmt 0 view .LVU503
ARM GAS  /tmp/ccekGo1E.s 			page 60


 1928 0016 C1F18007 		rsb	r7, r1, #128
 1929              	.LVL208:
 680:Middlewares/Third_Party/LwIP/src/apps/mqtt/mqtt.c ****   u16_t pkt_id = 0;
 1930              		.loc 1 680 3 is_stmt 1 view .LVU504
 680:Middlewares/Third_Party/LwIP/src/apps/mqtt/mqtt.c ****   u16_t pkt_id = 0;
 1931              		.loc 1 680 19 is_stmt 0 view .LVU505
 1932 001a 90F86C90 		ldrb	r9, [r0, #108]	@ zero_extendqisi2
 680:Middlewares/Third_Party/LwIP/src/apps/mqtt/mqtt.c ****   u16_t pkt_id = 0;
 1933              		.loc 1 680 8 view .LVU506
 1934 001e 4FEA1919 		lsr	r9, r9, #4
 1935              	.LVL209:
 681:Middlewares/Third_Party/LwIP/src/apps/mqtt/mqtt.c **** 
 1936              		.loc 1 681 3 is_stmt 1 view .LVU507
 683:Middlewares/Third_Party/LwIP/src/apps/mqtt/mqtt.c ****   LWIP_ASSERT("fixed_hdr_idx <= client->msg_idx", fixed_hdr_idx <= client->msg_idx);
 1937              		.loc 1 683 3 view .LVU508
 683:Middlewares/Third_Party/LwIP/src/apps/mqtt/mqtt.c ****   LWIP_ASSERT("fixed_hdr_idx <= client->msg_idx", fixed_hdr_idx <= client->msg_idx);
 1938              		.loc 1 683 3 view .LVU509
 1939 0022 836E     		ldr	r3, [r0, #104]
 1940              	.LVL210:
 683:Middlewares/Third_Party/LwIP/src/apps/mqtt/mqtt.c ****   LWIP_ASSERT("fixed_hdr_idx <= client->msg_idx", fixed_hdr_idx <= client->msg_idx);
 1941              		.loc 1 683 3 is_stmt 0 view .LVU510
 1942 0024 7F2B     		cmp	r3, #127
 1943 0026 43D8     		bhi	.L193
 1944              	.LVL211:
 1945              	.L154:
 683:Middlewares/Third_Party/LwIP/src/apps/mqtt/mqtt.c ****   LWIP_ASSERT("fixed_hdr_idx <= client->msg_idx", fixed_hdr_idx <= client->msg_idx);
 1946              		.loc 1 683 3 is_stmt 1 discriminator 3 view .LVU511
 683:Middlewares/Third_Party/LwIP/src/apps/mqtt/mqtt.c ****   LWIP_ASSERT("fixed_hdr_idx <= client->msg_idx", fixed_hdr_idx <= client->msg_idx);
 1947              		.loc 1 683 3 discriminator 3 view .LVU512
 684:Middlewares/Third_Party/LwIP/src/apps/mqtt/mqtt.c ****   LWIP_ERROR("buffer length mismatch", fixed_hdr_idx + length <= MQTT_VAR_HEADER_BUFFER_LEN,
 1948              		.loc 1 684 3 discriminator 3 view .LVU513
 684:Middlewares/Third_Party/LwIP/src/apps/mqtt/mqtt.c ****   LWIP_ERROR("buffer length mismatch", fixed_hdr_idx + length <= MQTT_VAR_HEADER_BUFFER_LEN,
 1949              		.loc 1 684 3 discriminator 3 view .LVU514
 1950 0028 A36E     		ldr	r3, [r4, #104]
 1951 002a 9A45     		cmp	r10, r3
 1952 002c 48D8     		bhi	.L194
 1953              	.L155:
 684:Middlewares/Third_Party/LwIP/src/apps/mqtt/mqtt.c ****   LWIP_ERROR("buffer length mismatch", fixed_hdr_idx + length <= MQTT_VAR_HEADER_BUFFER_LEN,
 1954              		.loc 1 684 3 discriminator 3 view .LVU515
 684:Middlewares/Third_Party/LwIP/src/apps/mqtt/mqtt.c ****   LWIP_ERROR("buffer length mismatch", fixed_hdr_idx + length <= MQTT_VAR_HEADER_BUFFER_LEN,
 1955              		.loc 1 684 3 discriminator 3 view .LVU516
 685:Middlewares/Third_Party/LwIP/src/apps/mqtt/mqtt.c ****              return MQTT_CONNECT_DISCONNECTED);
 1956              		.loc 1 685 3 discriminator 3 view .LVU517
 685:Middlewares/Third_Party/LwIP/src/apps/mqtt/mqtt.c ****              return MQTT_CONNECT_DISCONNECTED);
 1957              		.loc 1 685 3 discriminator 3 view .LVU518
 1958 002e 0AEB0503 		add	r3, r10, r5
 1959 0032 802B     		cmp	r3, #128
 1960 0034 4CDC     		bgt	.L195
 685:Middlewares/Third_Party/LwIP/src/apps/mqtt/mqtt.c ****              return MQTT_CONNECT_DISCONNECTED);
 1961              		.loc 1 685 3 discriminator 2 view .LVU519
 688:Middlewares/Third_Party/LwIP/src/apps/mqtt/mqtt.c ****     if (client->conn_state == MQTT_CONNECTING) {
 1962              		.loc 1 688 3 discriminator 2 view .LVU520
 688:Middlewares/Third_Party/LwIP/src/apps/mqtt/mqtt.c ****     if (client->conn_state == MQTT_CONNECTING) {
 1963              		.loc 1 688 6 is_stmt 0 discriminator 2 view .LVU521
 1964 0036 B9F1020F 		cmp	r9, #2
 1965 003a 53D0     		beq	.L196
 709:Middlewares/Third_Party/LwIP/src/apps/mqtt/mqtt.c ****     LWIP_DEBUGF(MQTT_DEBUG_TRACE, ( "mqtt_message_received: Received PINGRESP from server\n"));
ARM GAS  /tmp/ccekGo1E.s 			page 61


 1966              		.loc 1 709 10 is_stmt 1 view .LVU522
 709:Middlewares/Third_Party/LwIP/src/apps/mqtt/mqtt.c ****     LWIP_DEBUGF(MQTT_DEBUG_TRACE, ( "mqtt_message_received: Received PINGRESP from server\n"));
 1967              		.loc 1 709 13 is_stmt 0 view .LVU523
 1968 003c B9F10D0F 		cmp	r9, #13
 1969 0040 00F00681 		beq	.L175
 712:Middlewares/Third_Party/LwIP/src/apps/mqtt/mqtt.c ****     u16_t payload_offset = 0;
 1970              		.loc 1 712 10 is_stmt 1 view .LVU524
 712:Middlewares/Third_Party/LwIP/src/apps/mqtt/mqtt.c ****     u16_t payload_offset = 0;
 1971              		.loc 1 712 13 is_stmt 0 view .LVU525
 1972 0044 B9F1030F 		cmp	r9, #3
 1973 0048 66D0     		beq	.L197
 788:Middlewares/Third_Party/LwIP/src/apps/mqtt/mqtt.c ****     pkt_id |= (u16_t)var_hdr_payload[1];
 1974              		.loc 1 788 5 is_stmt 1 view .LVU526
 788:Middlewares/Third_Party/LwIP/src/apps/mqtt/mqtt.c ****     pkt_id |= (u16_t)var_hdr_payload[1];
 1975              		.loc 1 788 36 is_stmt 0 view .LVU527
 1976 004a 1BF80A10 		ldrb	r1, [fp, r10]	@ zero_extendqisi2
 1977              	.LVL212:
 789:Middlewares/Third_Party/LwIP/src/apps/mqtt/mqtt.c ****     if (pkt_id == 0) {
 1978              		.loc 1 789 5 is_stmt 1 view .LVU528
 789:Middlewares/Third_Party/LwIP/src/apps/mqtt/mqtt.c ****     if (pkt_id == 0) {
 1979              		.loc 1 789 37 is_stmt 0 view .LVU529
 1980 004e 98F80120 		ldrb	r2, [r8, #1]	@ zero_extendqisi2
 1981              	.LVL213:
 790:Middlewares/Third_Party/LwIP/src/apps/mqtt/mqtt.c ****       LWIP_DEBUGF(MQTT_DEBUG_WARN, ("mqtt_message_received: Got message with illegal packet identif
 1982              		.loc 1 790 5 is_stmt 1 view .LVU530
 790:Middlewares/Third_Party/LwIP/src/apps/mqtt/mqtt.c ****       LWIP_DEBUGF(MQTT_DEBUG_WARN, ("mqtt_message_received: Got message with illegal packet identif
 1983              		.loc 1 790 8 is_stmt 0 view .LVU531
 1984 0052 52EA0121 		orrs	r1, r2, r1, lsl #8
 1985              	.LVL214:
 790:Middlewares/Third_Party/LwIP/src/apps/mqtt/mqtt.c ****       LWIP_DEBUGF(MQTT_DEBUG_WARN, ("mqtt_message_received: Got message with illegal packet identif
 1986              		.loc 1 790 8 view .LVU532
 1987 0056 00F01681 		beq	.L188
 794:Middlewares/Third_Party/LwIP/src/apps/mqtt/mqtt.c ****       LWIP_DEBUGF(MQTT_DEBUG_TRACE, ("mqtt_message_received: PUBREC, sending PUBREL with pkt_id: %d
 1988              		.loc 1 794 5 is_stmt 1 view .LVU533
 794:Middlewares/Third_Party/LwIP/src/apps/mqtt/mqtt.c ****       LWIP_DEBUGF(MQTT_DEBUG_TRACE, ("mqtt_message_received: PUBREC, sending PUBREL with pkt_id: %d
 1989              		.loc 1 794 8 is_stmt 0 view .LVU534
 1990 005a B9F1050F 		cmp	r9, #5
 1991 005e 00F0DD80 		beq	.L198
 798:Middlewares/Third_Party/LwIP/src/apps/mqtt/mqtt.c ****       LWIP_DEBUGF(MQTT_DEBUG_TRACE, ("mqtt_message_received: PUBREL, sending PUBCOMP response with 
 1992              		.loc 1 798 12 is_stmt 1 view .LVU535
 798:Middlewares/Third_Party/LwIP/src/apps/mqtt/mqtt.c ****       LWIP_DEBUGF(MQTT_DEBUG_TRACE, ("mqtt_message_received: PUBREL, sending PUBCOMP response with 
 1993              		.loc 1 798 15 is_stmt 0 view .LVU536
 1994 0062 B9F1060F 		cmp	r9, #6
 1995 0066 00F0E180 		beq	.L199
 802:Middlewares/Third_Party/LwIP/src/apps/mqtt/mqtt.c ****                pkt_type == MQTT_MSG_TYPE_PUBCOMP || pkt_type == MQTT_MSG_TYPE_PUBACK) {
 1996              		.loc 1 802 12 is_stmt 1 view .LVU537
 802:Middlewares/Third_Party/LwIP/src/apps/mqtt/mqtt.c ****                pkt_type == MQTT_MSG_TYPE_PUBCOMP || pkt_type == MQTT_MSG_TYPE_PUBACK) {
 1997              		.loc 1 802 15 is_stmt 0 view .LVU538
 1998 006a B9F1090F 		cmp	r9, #9
 1999 006e 09D0     		beq	.L170
 802:Middlewares/Third_Party/LwIP/src/apps/mqtt/mqtt.c ****                pkt_type == MQTT_MSG_TYPE_PUBCOMP || pkt_type == MQTT_MSG_TYPE_PUBACK) {
 2000              		.loc 1 802 49 discriminator 1 view .LVU539
 2001 0070 B9F10B0F 		cmp	r9, #11
 2002 0074 06D0     		beq	.L170
 802:Middlewares/Third_Party/LwIP/src/apps/mqtt/mqtt.c ****                pkt_type == MQTT_MSG_TYPE_PUBCOMP || pkt_type == MQTT_MSG_TYPE_PUBACK) {
 2003              		.loc 1 802 87 discriminator 2 view .LVU540
 2004 0076 B9F1070F 		cmp	r9, #7
ARM GAS  /tmp/ccekGo1E.s 			page 62


 2005 007a 03D0     		beq	.L170
 803:Middlewares/Third_Party/LwIP/src/apps/mqtt/mqtt.c ****       struct mqtt_request_t *r = mqtt_take_request(&client->pend_req_queue, pkt_id);
 2006              		.loc 1 803 50 view .LVU541
 2007 007c B9F1040F 		cmp	r9, #4
 2008 0080 40F00481 		bne	.L189
 2009              	.L170:
 2010              	.LBB3:
 804:Middlewares/Third_Party/LwIP/src/apps/mqtt/mqtt.c ****       if (r != NULL) {
 2011              		.loc 1 804 7 is_stmt 1 view .LVU542
 804:Middlewares/Third_Party/LwIP/src/apps/mqtt/mqtt.c ****       if (r != NULL) {
 2012              		.loc 1 804 34 is_stmt 0 view .LVU543
 2013 0084 04F11800 		add	r0, r4, #24
 2014 0088 FFF7FEFF 		bl	mqtt_take_request
 2015              	.LVL215:
 805:Middlewares/Third_Party/LwIP/src/apps/mqtt/mqtt.c ****         LWIP_DEBUGF(MQTT_DEBUG_TRACE, ("mqtt_message_received: %s response with id %d\n", mqtt_msg_
 2016              		.loc 1 805 7 is_stmt 1 view .LVU544
 805:Middlewares/Third_Party/LwIP/src/apps/mqtt/mqtt.c ****         LWIP_DEBUGF(MQTT_DEBUG_TRACE, ("mqtt_message_received: %s response with id %d\n", mqtt_msg_
 2017              		.loc 1 805 10 is_stmt 0 view .LVU545
 2018 008c 0446     		mov	r4, r0
 2019              	.LVL216:
 805:Middlewares/Third_Party/LwIP/src/apps/mqtt/mqtt.c ****         LWIP_DEBUGF(MQTT_DEBUG_TRACE, ("mqtt_message_received: %s response with id %d\n", mqtt_msg_
 2020              		.loc 1 805 10 view .LVU546
 2021 008e 0028     		cmp	r0, #0
 2022 0090 00F0FF80 		beq	.L190
 806:Middlewares/Third_Party/LwIP/src/apps/mqtt/mqtt.c ****         if (pkt_type == MQTT_MSG_TYPE_SUBACK) {
 2023              		.loc 1 806 9 is_stmt 1 discriminator 4 view .LVU547
 806:Middlewares/Third_Party/LwIP/src/apps/mqtt/mqtt.c ****         if (pkt_type == MQTT_MSG_TYPE_SUBACK) {
 2024              		.loc 1 806 9 discriminator 4 view .LVU548
 806:Middlewares/Third_Party/LwIP/src/apps/mqtt/mqtt.c ****         if (pkt_type == MQTT_MSG_TYPE_SUBACK) {
 2025              		.loc 1 806 9 discriminator 4 view .LVU549
 807:Middlewares/Third_Party/LwIP/src/apps/mqtt/mqtt.c ****           if (length < 3) {
 2026              		.loc 1 807 9 discriminator 4 view .LVU550
 807:Middlewares/Third_Party/LwIP/src/apps/mqtt/mqtt.c ****           if (length < 3) {
 2027              		.loc 1 807 12 is_stmt 0 discriminator 4 view .LVU551
 2028 0094 B9F1090F 		cmp	r9, #9
 2029 0098 00F0D080 		beq	.L200
 814:Middlewares/Third_Party/LwIP/src/apps/mqtt/mqtt.c ****           r->cb(r->arg, ERR_OK);
 2030              		.loc 1 814 16 is_stmt 1 view .LVU552
 814:Middlewares/Third_Party/LwIP/src/apps/mqtt/mqtt.c ****           r->cb(r->arg, ERR_OK);
 2031              		.loc 1 814 21 is_stmt 0 view .LVU553
 2032 009c 4368     		ldr	r3, [r0, #4]
 814:Middlewares/Third_Party/LwIP/src/apps/mqtt/mqtt.c ****           r->cb(r->arg, ERR_OK);
 2033              		.loc 1 814 19 view .LVU554
 2034 009e 13B1     		cbz	r3, .L172
 815:Middlewares/Third_Party/LwIP/src/apps/mqtt/mqtt.c ****         }
 2035              		.loc 1 815 11 is_stmt 1 view .LVU555
 2036 00a0 0021     		movs	r1, #0
 2037 00a2 8068     		ldr	r0, [r0, #8]
 2038              	.LVL217:
 815:Middlewares/Third_Party/LwIP/src/apps/mqtt/mqtt.c ****         }
 2039              		.loc 1 815 11 is_stmt 0 view .LVU556
 2040 00a4 9847     		blx	r3
 2041              	.LVL218:
 2042              	.L172:
 817:Middlewares/Third_Party/LwIP/src/apps/mqtt/mqtt.c ****       } else {
 2043              		.loc 1 817 9 is_stmt 1 view .LVU557
 2044 00a6 2046     		mov	r0, r4
ARM GAS  /tmp/ccekGo1E.s 			page 63


 2045 00a8 FFF7FEFF 		bl	mqtt_delete_request
 2046              	.LVL219:
 2047              	.LBE3:
 674:Middlewares/Third_Party/LwIP/src/apps/mqtt/mqtt.c **** 
 2048              		.loc 1 674 28 is_stmt 0 view .LVU558
 2049 00ac 0027     		movs	r7, #0
 2050              	.LVL220:
 2051              	.LBB4:
 674:Middlewares/Third_Party/LwIP/src/apps/mqtt/mqtt.c **** 
 2052              		.loc 1 674 28 view .LVU559
 2053 00ae D0E0     		b	.L157
 2054              	.LVL221:
 2055              	.L193:
 674:Middlewares/Third_Party/LwIP/src/apps/mqtt/mqtt.c **** 
 2056              		.loc 1 674 28 view .LVU560
 2057              	.LBE4:
 683:Middlewares/Third_Party/LwIP/src/apps/mqtt/mqtt.c ****   LWIP_ASSERT("fixed_hdr_idx <= client->msg_idx", fixed_hdr_idx <= client->msg_idx);
 2058              		.loc 1 683 3 is_stmt 1 discriminator 1 view .LVU561
 683:Middlewares/Third_Party/LwIP/src/apps/mqtt/mqtt.c ****   LWIP_ASSERT("fixed_hdr_idx <= client->msg_idx", fixed_hdr_idx <= client->msg_idx);
 2059              		.loc 1 683 3 discriminator 1 view .LVU562
 2060 00b0 7A4B     		ldr	r3, .L203
 2061 00b2 40F2AB22 		movw	r2, #683
 2062              	.LVL222:
 683:Middlewares/Third_Party/LwIP/src/apps/mqtt/mqtt.c ****   LWIP_ASSERT("fixed_hdr_idx <= client->msg_idx", fixed_hdr_idx <= client->msg_idx);
 2063              		.loc 1 683 3 is_stmt 0 discriminator 1 view .LVU563
 2064 00b6 7A49     		ldr	r1, .L203+4
 2065              	.LVL223:
 683:Middlewares/Third_Party/LwIP/src/apps/mqtt/mqtt.c ****   LWIP_ASSERT("fixed_hdr_idx <= client->msg_idx", fixed_hdr_idx <= client->msg_idx);
 2066              		.loc 1 683 3 discriminator 1 view .LVU564
 2067 00b8 7A48     		ldr	r0, .L203+8
 2068              	.LVL224:
 683:Middlewares/Third_Party/LwIP/src/apps/mqtt/mqtt.c ****   LWIP_ASSERT("fixed_hdr_idx <= client->msg_idx", fixed_hdr_idx <= client->msg_idx);
 2069              		.loc 1 683 3 discriminator 1 view .LVU565
 2070 00ba FFF7FEFF 		bl	printf
 2071              	.LVL225:
 2072 00be B3E7     		b	.L154
 2073              	.L194:
 684:Middlewares/Third_Party/LwIP/src/apps/mqtt/mqtt.c ****   LWIP_ERROR("buffer length mismatch", fixed_hdr_idx + length <= MQTT_VAR_HEADER_BUFFER_LEN,
 2074              		.loc 1 684 3 is_stmt 1 discriminator 1 view .LVU566
 684:Middlewares/Third_Party/LwIP/src/apps/mqtt/mqtt.c ****   LWIP_ERROR("buffer length mismatch", fixed_hdr_idx + length <= MQTT_VAR_HEADER_BUFFER_LEN,
 2075              		.loc 1 684 3 discriminator 1 view .LVU567
 2076 00c0 764B     		ldr	r3, .L203
 2077 00c2 4FF42B72 		mov	r2, #684
 2078 00c6 7849     		ldr	r1, .L203+12
 2079 00c8 7648     		ldr	r0, .L203+8
 2080 00ca FFF7FEFF 		bl	printf
 2081              	.LVL226:
 2082 00ce AEE7     		b	.L155
 2083              	.L195:
 685:Middlewares/Third_Party/LwIP/src/apps/mqtt/mqtt.c ****              return MQTT_CONNECT_DISCONNECTED);
 2084              		.loc 1 685 3 discriminator 1 view .LVU568
 685:Middlewares/Third_Party/LwIP/src/apps/mqtt/mqtt.c ****              return MQTT_CONNECT_DISCONNECTED);
 2085              		.loc 1 685 3 discriminator 1 view .LVU569
 2086 00d0 724B     		ldr	r3, .L203
 2087 00d2 40F2AD22 		movw	r2, #685
 2088 00d6 7549     		ldr	r1, .L203+16
 2089 00d8 7248     		ldr	r0, .L203+8
ARM GAS  /tmp/ccekGo1E.s 			page 64


 2090 00da FFF7FEFF 		bl	printf
 2091              	.LVL227:
 685:Middlewares/Third_Party/LwIP/src/apps/mqtt/mqtt.c ****              return MQTT_CONNECT_DISCONNECTED);
 2092              		.loc 1 685 3 discriminator 1 view .LVU570
 685:Middlewares/Third_Party/LwIP/src/apps/mqtt/mqtt.c ****              return MQTT_CONNECT_DISCONNECTED);
 2093              		.loc 1 685 3 discriminator 1 view .LVU571
 2094 00de 4FF48077 		mov	r7, #256
 2095              	.LVL228:
 685:Middlewares/Third_Party/LwIP/src/apps/mqtt/mqtt.c ****              return MQTT_CONNECT_DISCONNECTED);
 2096              		.loc 1 685 3 is_stmt 0 discriminator 1 view .LVU572
 2097 00e2 B6E0     		b	.L157
 2098              	.LVL229:
 2099              	.L196:
 689:Middlewares/Third_Party/LwIP/src/apps/mqtt/mqtt.c ****       if (length < 2) {
 2100              		.loc 1 689 5 is_stmt 1 view .LVU573
 689:Middlewares/Third_Party/LwIP/src/apps/mqtt/mqtt.c ****       if (length < 2) {
 2101              		.loc 1 689 15 is_stmt 0 view .LVU574
 2102 00e4 A37A     		ldrb	r3, [r4, #10]	@ zero_extendqisi2
 689:Middlewares/Third_Party/LwIP/src/apps/mqtt/mqtt.c ****       if (length < 2) {
 2103              		.loc 1 689 8 view .LVU575
 2104 00e6 022B     		cmp	r3, #2
 2105 00e8 01D0     		beq	.L201
 674:Middlewares/Third_Party/LwIP/src/apps/mqtt/mqtt.c **** 
 2106              		.loc 1 674 28 view .LVU576
 2107 00ea 0027     		movs	r7, #0
 2108              	.LVL230:
 674:Middlewares/Third_Party/LwIP/src/apps/mqtt/mqtt.c **** 
 2109              		.loc 1 674 28 view .LVU577
 2110 00ec B1E0     		b	.L157
 2111              	.LVL231:
 2112              	.L201:
 690:Middlewares/Third_Party/LwIP/src/apps/mqtt/mqtt.c ****         LWIP_DEBUGF(MQTT_DEBUG_WARN,( "mqtt_message_received: Received short CONNACK message\n"));
 2113              		.loc 1 690 7 is_stmt 1 view .LVU578
 690:Middlewares/Third_Party/LwIP/src/apps/mqtt/mqtt.c ****         LWIP_DEBUGF(MQTT_DEBUG_WARN,( "mqtt_message_received: Received short CONNACK message\n"));
 2114              		.loc 1 690 10 is_stmt 0 view .LVU579
 2115 00ee 012D     		cmp	r5, #1
 2116 00f0 40F2AB80 		bls	.L174
 695:Middlewares/Third_Party/LwIP/src/apps/mqtt/mqtt.c ****       LWIP_DEBUGF(MQTT_DEBUG_TRACE, ("mqtt_message_received: Connect response code %d\n", res));
 2117              		.loc 1 695 7 is_stmt 1 view .LVU580
 695:Middlewares/Third_Party/LwIP/src/apps/mqtt/mqtt.c ****       LWIP_DEBUGF(MQTT_DEBUG_TRACE, ("mqtt_message_received: Connect response code %d\n", res));
 2118              		.loc 1 695 11 is_stmt 0 view .LVU581
 2119 00f4 98F80170 		ldrb	r7, [r8, #1]	@ zero_extendqisi2
 2120              	.LVL232:
 696:Middlewares/Third_Party/LwIP/src/apps/mqtt/mqtt.c ****       if (res == MQTT_CONNECT_ACCEPTED) {
 2121              		.loc 1 696 7 is_stmt 1 view .LVU582
 696:Middlewares/Third_Party/LwIP/src/apps/mqtt/mqtt.c ****       if (res == MQTT_CONNECT_ACCEPTED) {
 2122              		.loc 1 696 7 view .LVU583
 696:Middlewares/Third_Party/LwIP/src/apps/mqtt/mqtt.c ****       if (res == MQTT_CONNECT_ACCEPTED) {
 2123              		.loc 1 696 7 view .LVU584
 697:Middlewares/Third_Party/LwIP/src/apps/mqtt/mqtt.c ****         /* Reset cyclic_tick when changing to connected state */
 2124              		.loc 1 697 7 view .LVU585
 697:Middlewares/Third_Party/LwIP/src/apps/mqtt/mqtt.c ****         /* Reset cyclic_tick when changing to connected state */
 2125              		.loc 1 697 10 is_stmt 0 view .LVU586
 2126 00f8 002F     		cmp	r7, #0
 2127 00fa 40F0AA80 		bne	.L157
 699:Middlewares/Third_Party/LwIP/src/apps/mqtt/mqtt.c ****         client->conn_state = MQTT_CONNECTED;
 2128              		.loc 1 699 9 is_stmt 1 view .LVU587
ARM GAS  /tmp/ccekGo1E.s 			page 65


 699:Middlewares/Third_Party/LwIP/src/apps/mqtt/mqtt.c ****         client->conn_state = MQTT_CONNECTED;
 2129              		.loc 1 699 29 is_stmt 0 view .LVU588
 2130 00fe 0023     		movs	r3, #0
 2131 0100 2380     		strh	r3, [r4]	@ movhi
 700:Middlewares/Third_Party/LwIP/src/apps/mqtt/mqtt.c ****         /* Notify upper layer */
 2132              		.loc 1 700 9 is_stmt 1 view .LVU589
 700:Middlewares/Third_Party/LwIP/src/apps/mqtt/mqtt.c ****         /* Notify upper layer */
 2133              		.loc 1 700 28 is_stmt 0 view .LVU590
 2134 0102 0323     		movs	r3, #3
 2135 0104 A372     		strb	r3, [r4, #10]
 702:Middlewares/Third_Party/LwIP/src/apps/mqtt/mqtt.c ****           client->connect_cb(client, client->connect_arg, res);
 2136              		.loc 1 702 9 is_stmt 1 view .LVU591
 702:Middlewares/Third_Party/LwIP/src/apps/mqtt/mqtt.c ****           client->connect_cb(client, client->connect_arg, res);
 2137              		.loc 1 702 19 is_stmt 0 view .LVU592
 2138 0106 6369     		ldr	r3, [r4, #20]
 702:Middlewares/Third_Party/LwIP/src/apps/mqtt/mqtt.c ****           client->connect_cb(client, client->connect_arg, res);
 2139              		.loc 1 702 12 view .LVU593
 2140 0108 002B     		cmp	r3, #0
 2141 010a 00F0A280 		beq	.L157
 703:Middlewares/Third_Party/LwIP/src/apps/mqtt/mqtt.c ****         }
 2142              		.loc 1 703 11 is_stmt 1 view .LVU594
 2143 010e 3A46     		mov	r2, r7
 2144 0110 2169     		ldr	r1, [r4, #16]
 2145 0112 2046     		mov	r0, r4
 2146 0114 9847     		blx	r3
 2147              	.LVL233:
 2148 0116 9CE0     		b	.L157
 2149              	.LVL234:
 2150              	.L197:
 2151              	.LBB5:
 713:Middlewares/Third_Party/LwIP/src/apps/mqtt/mqtt.c ****     u16_t payload_length = length;
 2152              		.loc 1 713 5 view .LVU595
 714:Middlewares/Third_Party/LwIP/src/apps/mqtt/mqtt.c ****     u8_t qos = MQTT_CTL_PACKET_QOS(client->rx_buffer[0]);
 2153              		.loc 1 714 5 view .LVU596
 715:Middlewares/Third_Party/LwIP/src/apps/mqtt/mqtt.c **** 
 2154              		.loc 1 715 5 view .LVU597
 715:Middlewares/Third_Party/LwIP/src/apps/mqtt/mqtt.c **** 
 2155              		.loc 1 715 16 is_stmt 0 view .LVU598
 2156 0118 94F86C90 		ldrb	r9, [r4, #108]	@ zero_extendqisi2
 2157              	.LVL235:
 715:Middlewares/Third_Party/LwIP/src/apps/mqtt/mqtt.c **** 
 2158              		.loc 1 715 10 view .LVU599
 2159 011c C9F34109 		ubfx	r9, r9, #1, #2
 2160              	.LVL236:
 717:Middlewares/Third_Party/LwIP/src/apps/mqtt/mqtt.c ****       /* Should have topic and pkt id*/
 2161              		.loc 1 717 5 is_stmt 1 view .LVU600
 717:Middlewares/Third_Party/LwIP/src/apps/mqtt/mqtt.c ****       /* Should have topic and pkt id*/
 2162              		.loc 1 717 15 is_stmt 0 view .LVU601
 2163 0120 A36E     		ldr	r3, [r4, #104]
 717:Middlewares/Third_Party/LwIP/src/apps/mqtt/mqtt.c ****       /* Should have topic and pkt id*/
 2164              		.loc 1 717 8 view .LVU602
 2165 0122 802B     		cmp	r3, #128
 2166 0124 55D8     		bhi	.L176
 2167              	.LBB6:
 719:Middlewares/Third_Party/LwIP/src/apps/mqtt/mqtt.c ****       u16_t after_topic;
 2168              		.loc 1 719 7 is_stmt 1 view .LVU603
 720:Middlewares/Third_Party/LwIP/src/apps/mqtt/mqtt.c ****       u8_t bkp;
ARM GAS  /tmp/ccekGo1E.s 			page 66


 2169              		.loc 1 720 7 view .LVU604
 721:Middlewares/Third_Party/LwIP/src/apps/mqtt/mqtt.c ****       u16_t topic_len;
 2170              		.loc 1 721 7 view .LVU605
 722:Middlewares/Third_Party/LwIP/src/apps/mqtt/mqtt.c ****       u16_t qos_len = (qos ? 2U : 0U);
 2171              		.loc 1 722 7 view .LVU606
 723:Middlewares/Third_Party/LwIP/src/apps/mqtt/mqtt.c ****       if (length < 2 + qos_len) {
 2172              		.loc 1 723 7 view .LVU607
 723:Middlewares/Third_Party/LwIP/src/apps/mqtt/mqtt.c ****       if (length < 2 + qos_len) {
 2173              		.loc 1 723 13 is_stmt 0 view .LVU608
 2174 0126 B9F1000F 		cmp	r9, #0
 2175 012a 37D0     		beq	.L177
 2176 012c 0223     		movs	r3, #2
 2177              	.L161:
 2178              	.LVL237:
 724:Middlewares/Third_Party/LwIP/src/apps/mqtt/mqtt.c ****         LWIP_DEBUGF(MQTT_DEBUG_WARN,( "mqtt_message_received: Received short PUBLISH packet\n"));
 2179              		.loc 1 724 7 is_stmt 1 discriminator 4 view .LVU609
 724:Middlewares/Third_Party/LwIP/src/apps/mqtt/mqtt.c ****         LWIP_DEBUGF(MQTT_DEBUG_WARN,( "mqtt_message_received: Received short PUBLISH packet\n"));
 2180              		.loc 1 724 18 is_stmt 0 discriminator 4 view .LVU610
 2181 012e 5A1C     		adds	r2, r3, #1
 724:Middlewares/Third_Party/LwIP/src/apps/mqtt/mqtt.c ****         LWIP_DEBUGF(MQTT_DEBUG_WARN,( "mqtt_message_received: Received short PUBLISH packet\n"));
 2182              		.loc 1 724 10 discriminator 4 view .LVU611
 2183 0130 9542     		cmp	r5, r2
 2184 0132 40F39280 		ble	.L178
 728:Middlewares/Third_Party/LwIP/src/apps/mqtt/mqtt.c ****       topic_len = (topic_len << 8) + (u16_t)(var_hdr_payload[1]);
 2185              		.loc 1 728 7 is_stmt 1 view .LVU612
 728:Middlewares/Third_Party/LwIP/src/apps/mqtt/mqtt.c ****       topic_len = (topic_len << 8) + (u16_t)(var_hdr_payload[1]);
 2186              		.loc 1 728 17 is_stmt 0 view .LVU613
 2187 0136 1BF80A20 		ldrb	r2, [fp, r10]	@ zero_extendqisi2
 2188              	.LVL238:
 729:Middlewares/Third_Party/LwIP/src/apps/mqtt/mqtt.c ****       if ((topic_len > length - (2 + qos_len)) ||
 2189              		.loc 1 729 7 is_stmt 1 view .LVU614
 729:Middlewares/Third_Party/LwIP/src/apps/mqtt/mqtt.c ****       if ((topic_len > length - (2 + qos_len)) ||
 2190              		.loc 1 729 61 is_stmt 0 view .LVU615
 2191 013a 98F801B0 		ldrb	fp, [r8, #1]	@ zero_extendqisi2
 729:Middlewares/Third_Party/LwIP/src/apps/mqtt/mqtt.c ****       if ((topic_len > length - (2 + qos_len)) ||
 2192              		.loc 1 729 17 view .LVU616
 2193 013e 0BEB022B 		add	fp, fp, r2, lsl #8
 2194 0142 1FFA8BFB 		uxth	fp, fp
 2195              	.LVL239:
 730:Middlewares/Third_Party/LwIP/src/apps/mqtt/mqtt.c ****           (topic_len > var_hdr_payload_bufsize - (2 + qos_len))) {
 2196              		.loc 1 730 7 is_stmt 1 view .LVU617
 730:Middlewares/Third_Party/LwIP/src/apps/mqtt/mqtt.c ****           (topic_len > var_hdr_payload_bufsize - (2 + qos_len))) {
 2197              		.loc 1 730 36 is_stmt 0 view .LVU618
 2198 0146 9A1C     		adds	r2, r3, #2
 730:Middlewares/Third_Party/LwIP/src/apps/mqtt/mqtt.c ****           (topic_len > var_hdr_payload_bufsize - (2 + qos_len))) {
 2199              		.loc 1 730 31 view .LVU619
 2200 0148 AA1A     		subs	r2, r5, r2
 730:Middlewares/Third_Party/LwIP/src/apps/mqtt/mqtt.c ****           (topic_len > var_hdr_payload_bufsize - (2 + qos_len))) {
 2201              		.loc 1 730 10 view .LVU620
 2202 014a 9345     		cmp	fp, r2
 2203 014c 00F38880 		bgt	.L179
 731:Middlewares/Third_Party/LwIP/src/apps/mqtt/mqtt.c ****         LWIP_DEBUGF(MQTT_DEBUG_WARN,( "mqtt_message_received: Received short PUBLISH packet (topic)
 2204              		.loc 1 731 48 discriminator 1 view .LVU621
 2205 0150 FB1A     		subs	r3, r7, r3
 2206              	.LVL240:
 731:Middlewares/Third_Party/LwIP/src/apps/mqtt/mqtt.c ****         LWIP_DEBUGF(MQTT_DEBUG_WARN,( "mqtt_message_received: Received short PUBLISH packet (topic)
 2207              		.loc 1 731 48 discriminator 1 view .LVU622
ARM GAS  /tmp/ccekGo1E.s 			page 67


 2208 0152 023B     		subs	r3, r3, #2
 730:Middlewares/Third_Party/LwIP/src/apps/mqtt/mqtt.c ****           (topic_len > var_hdr_payload_bufsize - (2 + qos_len))) {
 2209              		.loc 1 730 48 discriminator 1 view .LVU623
 2210 0154 9B45     		cmp	fp, r3
 2211 0156 00F28680 		bhi	.L180
 736:Middlewares/Third_Party/LwIP/src/apps/mqtt/mqtt.c ****       after_topic = 2 + topic_len;
 2212              		.loc 1 736 7 is_stmt 1 view .LVU624
 736:Middlewares/Third_Party/LwIP/src/apps/mqtt/mqtt.c ****       after_topic = 2 + topic_len;
 2213              		.loc 1 736 13 is_stmt 0 view .LVU625
 2214 015a 08F10203 		add	r3, r8, #2
 2215 015e 0093     		str	r3, [sp]
 2216              	.LVL241:
 737:Middlewares/Third_Party/LwIP/src/apps/mqtt/mqtt.c ****       /* Check buffer length, add one byte even for QoS 0 so that zero termination will fit */
 2217              		.loc 1 737 7 is_stmt 1 view .LVU626
 737:Middlewares/Third_Party/LwIP/src/apps/mqtt/mqtt.c ****       /* Check buffer length, add one byte even for QoS 0 so that zero termination will fit */
 2218              		.loc 1 737 19 is_stmt 0 view .LVU627
 2219 0160 0BF1020A 		add	r10, fp, #2
 2220 0164 1FFA8AFA 		uxth	r10, r10
 2221              	.LVL242:
 739:Middlewares/Third_Party/LwIP/src/apps/mqtt/mqtt.c ****         LWIP_DEBUGF(MQTT_DEBUG_WARN, ("mqtt_message_received: Receive buffer can not fit topic + pk
 2222              		.loc 1 739 7 is_stmt 1 view .LVU628
 739:Middlewares/Third_Party/LwIP/src/apps/mqtt/mqtt.c ****         LWIP_DEBUGF(MQTT_DEBUG_WARN, ("mqtt_message_received: Receive buffer can not fit topic + pk
 2223              		.loc 1 739 24 is_stmt 0 view .LVU629
 2224 0168 5246     		mov	r2, r10
 739:Middlewares/Third_Party/LwIP/src/apps/mqtt/mqtt.c ****         LWIP_DEBUGF(MQTT_DEBUG_WARN, ("mqtt_message_received: Receive buffer can not fit topic + pk
 2225              		.loc 1 739 36 view .LVU630
 2226 016a B9F1000F 		cmp	r9, #0
 2227 016e 17D0     		beq	.L181
 2228 0170 0223     		movs	r3, #2
 2229              	.LVL243:
 2230              	.L162:
 739:Middlewares/Third_Party/LwIP/src/apps/mqtt/mqtt.c ****         LWIP_DEBUGF(MQTT_DEBUG_WARN, ("mqtt_message_received: Receive buffer can not fit topic + pk
 2231              		.loc 1 739 24 discriminator 4 view .LVU631
 2232 0172 1344     		add	r3, r3, r2
 739:Middlewares/Third_Party/LwIP/src/apps/mqtt/mqtt.c ****         LWIP_DEBUGF(MQTT_DEBUG_WARN, ("mqtt_message_received: Receive buffer can not fit topic + pk
 2233              		.loc 1 739 10 discriminator 4 view .LVU632
 2234 0174 BB42     		cmp	r3, r7
 2235 0176 79D8     		bhi	.L182
 745:Middlewares/Third_Party/LwIP/src/apps/mqtt/mqtt.c ****         if (length < after_topic + 2U) {
 2236              		.loc 1 745 7 is_stmt 1 view .LVU633
 745:Middlewares/Third_Party/LwIP/src/apps/mqtt/mqtt.c ****         if (length < after_topic + 2U) {
 2237              		.loc 1 745 10 is_stmt 0 view .LVU634
 2238 0178 B9F1000F 		cmp	r9, #0
 2239 017c 12D0     		beq	.L163
 746:Middlewares/Third_Party/LwIP/src/apps/mqtt/mqtt.c ****           LWIP_DEBUGF(MQTT_DEBUG_WARN,( "mqtt_message_received: Received short PUBLISH packet (afte
 2240              		.loc 1 746 9 is_stmt 1 view .LVU635
 746:Middlewares/Third_Party/LwIP/src/apps/mqtt/mqtt.c ****           LWIP_DEBUGF(MQTT_DEBUG_WARN,( "mqtt_message_received: Received short PUBLISH packet (afte
 2241              		.loc 1 746 34 is_stmt 0 view .LVU636
 2242 017e 931C     		adds	r3, r2, #2
 746:Middlewares/Third_Party/LwIP/src/apps/mqtt/mqtt.c ****           LWIP_DEBUGF(MQTT_DEBUG_WARN,( "mqtt_message_received: Received short PUBLISH packet (afte
 2243              		.loc 1 746 12 view .LVU637
 2244 0180 9D42     		cmp	r5, r3
 2245 0182 76D3     		bcc	.L183
 750:Middlewares/Third_Party/LwIP/src/apps/mqtt/mqtt.c ****         after_topic += 2;
 2246              		.loc 1 750 9 is_stmt 1 view .LVU638
 750:Middlewares/Third_Party/LwIP/src/apps/mqtt/mqtt.c ****         after_topic += 2;
 2247              		.loc 1 750 55 is_stmt 0 view .LVU639
ARM GAS  /tmp/ccekGo1E.s 			page 68


 2248 0184 18F80210 		ldrb	r1, [r8, r2]	@ zero_extendqisi2
 750:Middlewares/Third_Party/LwIP/src/apps/mqtt/mqtt.c ****         after_topic += 2;
 2249              		.loc 1 750 99 view .LVU640
 2250 0188 4244     		add	r2, r2, r8
 2251 018a 5378     		ldrb	r3, [r2, #1]	@ zero_extendqisi2
 750:Middlewares/Third_Party/LwIP/src/apps/mqtt/mqtt.c ****         after_topic += 2;
 2252              		.loc 1 750 75 view .LVU641
 2253 018c 03EB0123 		add	r3, r3, r1, lsl #8
 750:Middlewares/Third_Party/LwIP/src/apps/mqtt/mqtt.c ****         after_topic += 2;
 2254              		.loc 1 750 30 view .LVU642
 2255 0190 2381     		strh	r3, [r4, #8]	@ movhi
 751:Middlewares/Third_Party/LwIP/src/apps/mqtt/mqtt.c ****       } else {
 2256              		.loc 1 751 9 is_stmt 1 view .LVU643
 751:Middlewares/Third_Party/LwIP/src/apps/mqtt/mqtt.c ****       } else {
 2257              		.loc 1 751 21 is_stmt 0 view .LVU644
 2258 0192 0BF1040A 		add	r10, fp, #4
 2259              	.LVL244:
 751:Middlewares/Third_Party/LwIP/src/apps/mqtt/mqtt.c ****       } else {
 2260              		.loc 1 751 21 view .LVU645
 2261 0196 1FFA8AFA 		uxth	r10, r10
 2262              	.LVL245:
 751:Middlewares/Third_Party/LwIP/src/apps/mqtt/mqtt.c ****       } else {
 2263              		.loc 1 751 21 view .LVU646
 2264 019a 05E0     		b	.L164
 2265              	.LVL246:
 2266              	.L177:
 723:Middlewares/Third_Party/LwIP/src/apps/mqtt/mqtt.c ****       if (length < 2 + qos_len) {
 2267              		.loc 1 723 13 view .LVU647
 2268 019c 0023     		movs	r3, #0
 2269 019e C6E7     		b	.L161
 2270              	.LVL247:
 2271              	.L181:
 739:Middlewares/Third_Party/LwIP/src/apps/mqtt/mqtt.c ****         LWIP_DEBUGF(MQTT_DEBUG_WARN, ("mqtt_message_received: Receive buffer can not fit topic + pk
 2272              		.loc 1 739 36 view .LVU648
 2273 01a0 0123     		movs	r3, #1
 2274              	.LVL248:
 739:Middlewares/Third_Party/LwIP/src/apps/mqtt/mqtt.c ****         LWIP_DEBUGF(MQTT_DEBUG_WARN, ("mqtt_message_received: Receive buffer can not fit topic + pk
 2275              		.loc 1 739 36 view .LVU649
 2276 01a2 E6E7     		b	.L162
 2277              	.L163:
 753:Middlewares/Third_Party/LwIP/src/apps/mqtt/mqtt.c ****       }
 2278              		.loc 1 753 9 is_stmt 1 view .LVU650
 753:Middlewares/Third_Party/LwIP/src/apps/mqtt/mqtt.c ****       }
 2279              		.loc 1 753 30 is_stmt 0 view .LVU651
 2280 01a4 0023     		movs	r3, #0
 2281 01a6 2381     		strh	r3, [r4, #8]	@ movhi
 2282              	.L164:
 756:Middlewares/Third_Party/LwIP/src/apps/mqtt/mqtt.c ****       /* Zero terminate string */
 2283              		.loc 1 756 7 is_stmt 1 view .LVU652
 756:Middlewares/Third_Party/LwIP/src/apps/mqtt/mqtt.c ****       /* Zero terminate string */
 2284              		.loc 1 756 11 is_stmt 0 view .LVU653
 2285 01a8 0099     		ldr	r1, [sp]
 2286 01aa 11F80B30 		ldrb	r3, [r1, fp]	@ zero_extendqisi2
 2287 01ae 0193     		str	r3, [sp, #4]
 2288              	.LVL249:
 758:Middlewares/Third_Party/LwIP/src/apps/mqtt/mqtt.c ****       /* Payload data remaining in receive buffer */
 2289              		.loc 1 758 7 is_stmt 1 view .LVU654
ARM GAS  /tmp/ccekGo1E.s 			page 69


 758:Middlewares/Third_Party/LwIP/src/apps/mqtt/mqtt.c ****       /* Payload data remaining in receive buffer */
 2290              		.loc 1 758 24 is_stmt 0 view .LVU655
 2291 01b0 0023     		movs	r3, #0
 2292 01b2 01F80B30 		strb	r3, [r1, fp]
 760:Middlewares/Third_Party/LwIP/src/apps/mqtt/mqtt.c ****       payload_offset = after_topic;
 2293              		.loc 1 760 7 is_stmt 1 view .LVU656
 760:Middlewares/Third_Party/LwIP/src/apps/mqtt/mqtt.c ****       payload_offset = after_topic;
 2294              		.loc 1 760 22 is_stmt 0 view .LVU657
 2295 01b6 A5EB0A07 		sub	r7, r5, r10
 2296              	.LVL250:
 760:Middlewares/Third_Party/LwIP/src/apps/mqtt/mqtt.c ****       payload_offset = after_topic;
 2297              		.loc 1 760 22 view .LVU658
 2298 01ba BFB2     		uxth	r7, r7
 2299              	.LVL251:
 761:Middlewares/Third_Party/LwIP/src/apps/mqtt/mqtt.c **** 
 2300              		.loc 1 761 7 is_stmt 1 view .LVU659
 763:Middlewares/Third_Party/LwIP/src/apps/mqtt/mqtt.c ****                                      qos, topic, remaining_length + payload_length));
 2301              		.loc 1 763 7 view .LVU660
 763:Middlewares/Third_Party/LwIP/src/apps/mqtt/mqtt.c ****                                      qos, topic, remaining_length + payload_length));
 2302              		.loc 1 763 7 view .LVU661
 763:Middlewares/Third_Party/LwIP/src/apps/mqtt/mqtt.c ****                                      qos, topic, remaining_length + payload_length));
 2303              		.loc 1 763 7 view .LVU662
 765:Middlewares/Third_Party/LwIP/src/apps/mqtt/mqtt.c ****         client->pub_cb(client->inpub_arg, (const char *)topic, remaining_length + payload_length);
 2304              		.loc 1 765 7 view .LVU663
 765:Middlewares/Third_Party/LwIP/src/apps/mqtt/mqtt.c ****         client->pub_cb(client->inpub_arg, (const char *)topic, remaining_length + payload_length);
 2305              		.loc 1 765 17 is_stmt 0 view .LVU664
 2306 01bc 636E     		ldr	r3, [r4, #100]
 765:Middlewares/Third_Party/LwIP/src/apps/mqtt/mqtt.c ****         client->pub_cb(client->inpub_arg, (const char *)topic, remaining_length + payload_length);
 2307              		.loc 1 765 10 view .LVU665
 2308 01be 13B1     		cbz	r3, .L165
 766:Middlewares/Third_Party/LwIP/src/apps/mqtt/mqtt.c ****       }
 2309              		.loc 1 766 9 is_stmt 1 view .LVU666
 2310 01c0 BA19     		adds	r2, r7, r6
 2311 01c2 E06D     		ldr	r0, [r4, #92]
 2312 01c4 9847     		blx	r3
 2313              	.LVL252:
 2314              	.L165:
 769:Middlewares/Third_Party/LwIP/src/apps/mqtt/mqtt.c ****     }
 2315              		.loc 1 769 7 view .LVU667
 769:Middlewares/Third_Party/LwIP/src/apps/mqtt/mqtt.c ****     }
 2316              		.loc 1 769 24 is_stmt 0 view .LVU668
 2317 01c6 009B     		ldr	r3, [sp]
 2318 01c8 1A46     		mov	r2, r3
 2319 01ca 019B     		ldr	r3, [sp, #4]
 2320 01cc 02F80B30 		strb	r3, [r2, fp]
 2321 01d0 02E0     		b	.L160
 2322              	.LVL253:
 2323              	.L176:
 769:Middlewares/Third_Party/LwIP/src/apps/mqtt/mqtt.c ****     }
 2324              		.loc 1 769 24 view .LVU669
 2325              	.LBE6:
 714:Middlewares/Third_Party/LwIP/src/apps/mqtt/mqtt.c ****     u8_t qos = MQTT_CTL_PACKET_QOS(client->rx_buffer[0]);
 2326              		.loc 1 714 11 view .LVU670
 2327 01d2 2F46     		mov	r7, r5
 2328              	.LVL254:
 713:Middlewares/Third_Party/LwIP/src/apps/mqtt/mqtt.c ****     u16_t payload_length = length;
 2329              		.loc 1 713 11 view .LVU671
ARM GAS  /tmp/ccekGo1E.s 			page 70


 2330 01d4 4FF0000A 		mov	r10, #0
 2331              	.LVL255:
 2332              	.L160:
 771:Middlewares/Third_Party/LwIP/src/apps/mqtt/mqtt.c ****       if (length < (size_t)(payload_offset + payload_length)) {
 2333              		.loc 1 771 5 is_stmt 1 view .LVU672
 771:Middlewares/Third_Party/LwIP/src/apps/mqtt/mqtt.c ****       if (length < (size_t)(payload_offset + payload_length)) {
 2334              		.loc 1 771 8 is_stmt 0 view .LVU673
 2335 01d8 0FB9     		cbnz	r7, .L166
 771:Middlewares/Third_Party/LwIP/src/apps/mqtt/mqtt.c ****       if (length < (size_t)(payload_offset + payload_length)) {
 2336              		.loc 1 771 28 discriminator 1 view .LVU674
 2337 01da 002E     		cmp	r6, #0
 2338 01dc 39D1     		bne	.L157
 2339              	.L166:
 772:Middlewares/Third_Party/LwIP/src/apps/mqtt/mqtt.c ****         LWIP_DEBUGF(MQTT_DEBUG_WARN,( "mqtt_message_received: Received short packet (payload)\n"));
 2340              		.loc 1 772 7 is_stmt 1 view .LVU675
 772:Middlewares/Third_Party/LwIP/src/apps/mqtt/mqtt.c ****         LWIP_DEBUGF(MQTT_DEBUG_WARN,( "mqtt_message_received: Received short packet (payload)\n"));
 2341              		.loc 1 772 44 is_stmt 0 view .LVU676
 2342 01de 0AEB0703 		add	r3, r10, r7
 772:Middlewares/Third_Party/LwIP/src/apps/mqtt/mqtt.c ****         LWIP_DEBUGF(MQTT_DEBUG_WARN,( "mqtt_message_received: Received short packet (payload)\n"));
 2343              		.loc 1 772 10 view .LVU677
 2344 01e2 9D42     		cmp	r5, r3
 2345 01e4 48D3     		bcc	.L184
 776:Middlewares/Third_Party/LwIP/src/apps/mqtt/mqtt.c ****       /* Reply if QoS > 0 */
 2346              		.loc 1 776 7 is_stmt 1 view .LVU678
 776:Middlewares/Third_Party/LwIP/src/apps/mqtt/mqtt.c ****       /* Reply if QoS > 0 */
 2347              		.loc 1 776 13 is_stmt 0 view .LVU679
 2348 01e6 256E     		ldr	r5, [r4, #96]
 776:Middlewares/Third_Party/LwIP/src/apps/mqtt/mqtt.c ****       /* Reply if QoS > 0 */
 2349              		.loc 1 776 7 view .LVU680
 2350 01e8 B6FA86F3 		clz	r3, r6
 2351 01ec 5B09     		lsrs	r3, r3, #5
 2352 01ee 3A46     		mov	r2, r7
 2353 01f0 08EB0A01 		add	r1, r8, r10
 2354 01f4 E06D     		ldr	r0, [r4, #92]
 2355 01f6 A847     		blx	r5
 2356              	.LVL256:
 778:Middlewares/Third_Party/LwIP/src/apps/mqtt/mqtt.c ****         /* Send PUBACK for QoS 1 or PUBREC for QoS 2 */
 2357              		.loc 1 778 7 is_stmt 1 view .LVU681
 778:Middlewares/Third_Party/LwIP/src/apps/mqtt/mqtt.c ****         /* Send PUBACK for QoS 1 or PUBREC for QoS 2 */
 2358              		.loc 1 778 10 is_stmt 0 view .LVU682
 2359 01f8 002E     		cmp	r6, #0
 2360 01fa 40D1     		bne	.L185
 778:Middlewares/Third_Party/LwIP/src/apps/mqtt/mqtt.c ****         /* Send PUBACK for QoS 1 or PUBREC for QoS 2 */
 2361              		.loc 1 778 33 discriminator 1 view .LVU683
 2362 01fc B9F1000F 		cmp	r9, #0
 2363 0200 3FD0     		beq	.L186
 2364              	.LBB7:
 780:Middlewares/Third_Party/LwIP/src/apps/mqtt/mqtt.c ****         LWIP_DEBUGF(MQTT_DEBUG_TRACE, ("mqtt_incomming_publish: Sending publish response: %s with p
 2365              		.loc 1 780 9 is_stmt 1 view .LVU684
 780:Middlewares/Third_Party/LwIP/src/apps/mqtt/mqtt.c ****         LWIP_DEBUGF(MQTT_DEBUG_TRACE, ("mqtt_incomming_publish: Sending publish response: %s with p
 2366              		.loc 1 780 14 is_stmt 0 view .LVU685
 2367 0202 B9F1010F 		cmp	r9, #1
 2368 0206 07D0     		beq	.L202
 2369 0208 0521     		movs	r1, #5
 2370              	.L167:
 2371              	.LVL257:
 781:Middlewares/Third_Party/LwIP/src/apps/mqtt/mqtt.c ****                                        mqtt_msg_type_to_str(resp_msg), client->inpub_pkt_id));
ARM GAS  /tmp/ccekGo1E.s 			page 71


 2372              		.loc 1 781 9 is_stmt 1 discriminator 4 view .LVU686
 781:Middlewares/Third_Party/LwIP/src/apps/mqtt/mqtt.c ****                                        mqtt_msg_type_to_str(resp_msg), client->inpub_pkt_id));
 2373              		.loc 1 781 9 discriminator 4 view .LVU687
 781:Middlewares/Third_Party/LwIP/src/apps/mqtt/mqtt.c ****                                        mqtt_msg_type_to_str(resp_msg), client->inpub_pkt_id));
 2374              		.loc 1 781 9 discriminator 4 view .LVU688
 783:Middlewares/Third_Party/LwIP/src/apps/mqtt/mqtt.c ****       }
 2375              		.loc 1 783 9 discriminator 4 view .LVU689
 2376 020a 0023     		movs	r3, #0
 2377 020c 2289     		ldrh	r2, [r4, #8]
 2378 020e 2046     		mov	r0, r4
 2379 0210 FFF7FEFF 		bl	pub_ack_rec_rel_response
 2380              	.LVL258:
 783:Middlewares/Third_Party/LwIP/src/apps/mqtt/mqtt.c ****       }
 2381              		.loc 1 783 9 is_stmt 0 discriminator 4 view .LVU690
 2382              	.LBE7:
 2383              	.LBE5:
 674:Middlewares/Third_Party/LwIP/src/apps/mqtt/mqtt.c **** 
 2384              		.loc 1 674 28 discriminator 4 view .LVU691
 2385 0214 0027     		movs	r7, #0
 2386              	.LVL259:
 674:Middlewares/Third_Party/LwIP/src/apps/mqtt/mqtt.c **** 
 2387              		.loc 1 674 28 discriminator 4 view .LVU692
 2388 0216 1CE0     		b	.L157
 2389              	.LVL260:
 2390              	.L202:
 2391              	.LBB9:
 2392              	.LBB8:
 780:Middlewares/Third_Party/LwIP/src/apps/mqtt/mqtt.c ****         LWIP_DEBUGF(MQTT_DEBUG_TRACE, ("mqtt_incomming_publish: Sending publish response: %s with p
 2393              		.loc 1 780 14 view .LVU693
 2394 0218 0421     		movs	r1, #4
 2395 021a F6E7     		b	.L167
 2396              	.LVL261:
 2397              	.L198:
 780:Middlewares/Third_Party/LwIP/src/apps/mqtt/mqtt.c ****         LWIP_DEBUGF(MQTT_DEBUG_TRACE, ("mqtt_incomming_publish: Sending publish response: %s with p
 2398              		.loc 1 780 14 view .LVU694
 2399              	.LBE8:
 2400              	.LBE9:
 795:Middlewares/Third_Party/LwIP/src/apps/mqtt/mqtt.c ****       pub_ack_rec_rel_response(client, MQTT_MSG_TYPE_PUBREL, pkt_id, 1);
 2401              		.loc 1 795 7 is_stmt 1 discriminator 4 view .LVU695
 795:Middlewares/Third_Party/LwIP/src/apps/mqtt/mqtt.c ****       pub_ack_rec_rel_response(client, MQTT_MSG_TYPE_PUBREL, pkt_id, 1);
 2402              		.loc 1 795 7 discriminator 4 view .LVU696
 795:Middlewares/Third_Party/LwIP/src/apps/mqtt/mqtt.c ****       pub_ack_rec_rel_response(client, MQTT_MSG_TYPE_PUBREL, pkt_id, 1);
 2403              		.loc 1 795 7 discriminator 4 view .LVU697
 796:Middlewares/Third_Party/LwIP/src/apps/mqtt/mqtt.c **** 
 2404              		.loc 1 796 7 discriminator 4 view .LVU698
 2405 021c 0123     		movs	r3, #1
 2406 021e 0A46     		mov	r2, r1
 2407 0220 0621     		movs	r1, #6
 2408              	.LVL262:
 796:Middlewares/Third_Party/LwIP/src/apps/mqtt/mqtt.c **** 
 2409              		.loc 1 796 7 is_stmt 0 discriminator 4 view .LVU699
 2410 0222 2046     		mov	r0, r4
 2411 0224 FFF7FEFF 		bl	pub_ack_rec_rel_response
 2412              	.LVL263:
 674:Middlewares/Third_Party/LwIP/src/apps/mqtt/mqtt.c **** 
 2413              		.loc 1 674 28 discriminator 4 view .LVU700
 2414 0228 0027     		movs	r7, #0
ARM GAS  /tmp/ccekGo1E.s 			page 72


 2415              	.LVL264:
 674:Middlewares/Third_Party/LwIP/src/apps/mqtt/mqtt.c **** 
 2416              		.loc 1 674 28 discriminator 4 view .LVU701
 2417 022a 12E0     		b	.L157
 2418              	.LVL265:
 2419              	.L199:
 799:Middlewares/Third_Party/LwIP/src/apps/mqtt/mqtt.c ****       pub_ack_rec_rel_response(client, MQTT_MSG_TYPE_PUBCOMP, pkt_id, 0);
 2420              		.loc 1 799 7 is_stmt 1 discriminator 4 view .LVU702
 799:Middlewares/Third_Party/LwIP/src/apps/mqtt/mqtt.c ****       pub_ack_rec_rel_response(client, MQTT_MSG_TYPE_PUBCOMP, pkt_id, 0);
 2421              		.loc 1 799 7 discriminator 4 view .LVU703
 799:Middlewares/Third_Party/LwIP/src/apps/mqtt/mqtt.c ****       pub_ack_rec_rel_response(client, MQTT_MSG_TYPE_PUBCOMP, pkt_id, 0);
 2422              		.loc 1 799 7 discriminator 4 view .LVU704
 800:Middlewares/Third_Party/LwIP/src/apps/mqtt/mqtt.c **** 
 2423              		.loc 1 800 7 discriminator 4 view .LVU705
 2424 022c 0023     		movs	r3, #0
 2425 022e 0A46     		mov	r2, r1
 2426 0230 0721     		movs	r1, #7
 2427              	.LVL266:
 800:Middlewares/Third_Party/LwIP/src/apps/mqtt/mqtt.c **** 
 2428              		.loc 1 800 7 is_stmt 0 discriminator 4 view .LVU706
 2429 0232 2046     		mov	r0, r4
 2430 0234 FFF7FEFF 		bl	pub_ack_rec_rel_response
 2431              	.LVL267:
 674:Middlewares/Third_Party/LwIP/src/apps/mqtt/mqtt.c **** 
 2432              		.loc 1 674 28 discriminator 4 view .LVU707
 2433 0238 0027     		movs	r7, #0
 2434              	.LVL268:
 674:Middlewares/Third_Party/LwIP/src/apps/mqtt/mqtt.c **** 
 2435              		.loc 1 674 28 discriminator 4 view .LVU708
 2436 023a 0AE0     		b	.L157
 2437              	.LVL269:
 2438              	.L200:
 2439              	.LBB10:
 808:Middlewares/Third_Party/LwIP/src/apps/mqtt/mqtt.c ****             LWIP_DEBUGF(MQTT_DEBUG_WARN, ("mqtt_message_received: To small SUBACK packet\n"));
 2440              		.loc 1 808 11 is_stmt 1 view .LVU709
 808:Middlewares/Third_Party/LwIP/src/apps/mqtt/mqtt.c ****             LWIP_DEBUGF(MQTT_DEBUG_WARN, ("mqtt_message_received: To small SUBACK packet\n"));
 2441              		.loc 1 808 14 is_stmt 0 view .LVU710
 2442 023c 022D     		cmp	r5, #2
 2443 023e 2AD9     		bls	.L191
 812:Middlewares/Third_Party/LwIP/src/apps/mqtt/mqtt.c ****           }
 2444              		.loc 1 812 13 is_stmt 1 view .LVU711
 2445 0240 98F80210 		ldrb	r1, [r8, #2]	@ zero_extendqisi2
 2446 0244 FFF7FEFF 		bl	mqtt_incomming_suback
 2447              	.LVL270:
 812:Middlewares/Third_Party/LwIP/src/apps/mqtt/mqtt.c ****           }
 2448              		.loc 1 812 13 is_stmt 0 view .LVU712
 2449 0248 2DE7     		b	.L172
 2450              	.LVL271:
 2451              	.L174:
 812:Middlewares/Third_Party/LwIP/src/apps/mqtt/mqtt.c ****           }
 2452              		.loc 1 812 13 view .LVU713
 2453              	.LBE10:
 828:Middlewares/Third_Party/LwIP/src/apps/mqtt/mqtt.c **** }
 2454              		.loc 1 828 10 view .LVU714
 2455 024a 4FF48077 		mov	r7, #256
 2456              	.LVL272:
 828:Middlewares/Third_Party/LwIP/src/apps/mqtt/mqtt.c **** }
ARM GAS  /tmp/ccekGo1E.s 			page 73


 2457              		.loc 1 828 10 view .LVU715
 2458 024e 00E0     		b	.L157
 2459              	.LVL273:
 2460              	.L175:
 674:Middlewares/Third_Party/LwIP/src/apps/mqtt/mqtt.c **** 
 2461              		.loc 1 674 28 view .LVU716
 2462 0250 0027     		movs	r7, #0
 2463              	.LVL274:
 2464              	.L157:
 829:Middlewares/Third_Party/LwIP/src/apps/mqtt/mqtt.c **** 
 2465              		.loc 1 829 1 view .LVU717
 2466 0252 3846     		mov	r0, r7
 2467 0254 03B0     		add	sp, sp, #12
 2468              	.LCFI23:
 2469              		.cfi_remember_state
 2470              		.cfi_def_cfa_offset 36
 2471              		@ sp needed
 2472 0256 BDE8F08F 		pop	{r4, r5, r6, r7, r8, r9, r10, fp, pc}
 2473              	.LVL275:
 2474              	.L178:
 2475              	.LCFI24:
 2476              		.cfi_restore_state
 828:Middlewares/Third_Party/LwIP/src/apps/mqtt/mqtt.c **** }
 2477              		.loc 1 828 10 view .LVU718
 2478 025a 4FF48077 		mov	r7, #256
 2479              	.LVL276:
 828:Middlewares/Third_Party/LwIP/src/apps/mqtt/mqtt.c **** }
 2480              		.loc 1 828 10 view .LVU719
 2481 025e F8E7     		b	.L157
 2482              	.LVL277:
 2483              	.L179:
 828:Middlewares/Third_Party/LwIP/src/apps/mqtt/mqtt.c **** }
 2484              		.loc 1 828 10 view .LVU720
 2485 0260 4FF48077 		mov	r7, #256
 2486              	.LVL278:
 828:Middlewares/Third_Party/LwIP/src/apps/mqtt/mqtt.c **** }
 2487              		.loc 1 828 10 view .LVU721
 2488 0264 F5E7     		b	.L157
 2489              	.LVL279:
 2490              	.L180:
 828:Middlewares/Third_Party/LwIP/src/apps/mqtt/mqtt.c **** }
 2491              		.loc 1 828 10 view .LVU722
 2492 0266 4FF48077 		mov	r7, #256
 2493              	.LVL280:
 828:Middlewares/Third_Party/LwIP/src/apps/mqtt/mqtt.c **** }
 2494              		.loc 1 828 10 view .LVU723
 2495 026a F2E7     		b	.L157
 2496              	.LVL281:
 2497              	.L182:
 828:Middlewares/Third_Party/LwIP/src/apps/mqtt/mqtt.c **** }
 2498              		.loc 1 828 10 view .LVU724
 2499 026c 4FF48077 		mov	r7, #256
 2500              	.LVL282:
 828:Middlewares/Third_Party/LwIP/src/apps/mqtt/mqtt.c **** }
 2501              		.loc 1 828 10 view .LVU725
 2502 0270 EFE7     		b	.L157
 2503              	.LVL283:
ARM GAS  /tmp/ccekGo1E.s 			page 74


 2504              	.L183:
 828:Middlewares/Third_Party/LwIP/src/apps/mqtt/mqtt.c **** }
 2505              		.loc 1 828 10 view .LVU726
 2506 0272 4FF48077 		mov	r7, #256
 2507              	.LVL284:
 828:Middlewares/Third_Party/LwIP/src/apps/mqtt/mqtt.c **** }
 2508              		.loc 1 828 10 view .LVU727
 2509 0276 ECE7     		b	.L157
 2510              	.LVL285:
 2511              	.L184:
 828:Middlewares/Third_Party/LwIP/src/apps/mqtt/mqtt.c **** }
 2512              		.loc 1 828 10 view .LVU728
 2513 0278 4FF48077 		mov	r7, #256
 2514              	.LVL286:
 828:Middlewares/Third_Party/LwIP/src/apps/mqtt/mqtt.c **** }
 2515              		.loc 1 828 10 view .LVU729
 2516 027c E9E7     		b	.L157
 2517              	.LVL287:
 2518              	.L185:
 674:Middlewares/Third_Party/LwIP/src/apps/mqtt/mqtt.c **** 
 2519              		.loc 1 674 28 view .LVU730
 2520 027e 0027     		movs	r7, #0
 2521              	.LVL288:
 674:Middlewares/Third_Party/LwIP/src/apps/mqtt/mqtt.c **** 
 2522              		.loc 1 674 28 view .LVU731
 2523 0280 E7E7     		b	.L157
 2524              	.LVL289:
 2525              	.L186:
 674:Middlewares/Third_Party/LwIP/src/apps/mqtt/mqtt.c **** 
 2526              		.loc 1 674 28 view .LVU732
 2527 0282 0027     		movs	r7, #0
 2528              	.LVL290:
 674:Middlewares/Third_Party/LwIP/src/apps/mqtt/mqtt.c **** 
 2529              		.loc 1 674 28 view .LVU733
 2530 0284 E5E7     		b	.L157
 2531              	.LVL291:
 2532              	.L188:
 828:Middlewares/Third_Party/LwIP/src/apps/mqtt/mqtt.c **** }
 2533              		.loc 1 828 10 view .LVU734
 2534 0286 4FF48077 		mov	r7, #256
 2535              	.LVL292:
 828:Middlewares/Third_Party/LwIP/src/apps/mqtt/mqtt.c **** }
 2536              		.loc 1 828 10 view .LVU735
 2537 028a E2E7     		b	.L157
 2538              	.LVL293:
 2539              	.L189:
 828:Middlewares/Third_Party/LwIP/src/apps/mqtt/mqtt.c **** }
 2540              		.loc 1 828 10 view .LVU736
 2541 028c 4FF48077 		mov	r7, #256
 2542              	.LVL294:
 828:Middlewares/Third_Party/LwIP/src/apps/mqtt/mqtt.c **** }
 2543              		.loc 1 828 10 view .LVU737
 2544 0290 DFE7     		b	.L157
 2545              	.LVL295:
 2546              	.L190:
 674:Middlewares/Third_Party/LwIP/src/apps/mqtt/mqtt.c **** 
 2547              		.loc 1 674 28 view .LVU738
ARM GAS  /tmp/ccekGo1E.s 			page 75


 2548 0292 0027     		movs	r7, #0
 2549              	.LVL296:
 674:Middlewares/Third_Party/LwIP/src/apps/mqtt/mqtt.c **** 
 2550              		.loc 1 674 28 view .LVU739
 2551 0294 DDE7     		b	.L157
 2552              	.LVL297:
 2553              	.L191:
 828:Middlewares/Third_Party/LwIP/src/apps/mqtt/mqtt.c **** }
 2554              		.loc 1 828 10 view .LVU740
 2555 0296 4FF48077 		mov	r7, #256
 2556              	.LVL298:
 828:Middlewares/Third_Party/LwIP/src/apps/mqtt/mqtt.c **** }
 2557              		.loc 1 828 10 view .LVU741
 2558 029a DAE7     		b	.L157
 2559              	.L204:
 2560              		.align	2
 2561              	.L203:
 2562 029c 00000000 		.word	.LC0
 2563 02a0 00000000 		.word	.LC12
 2564 02a4 58000000 		.word	.LC2
 2565 02a8 30000000 		.word	.LC13
 2566 02ac 54000000 		.word	.LC14
 2567              		.cfi_endproc
 2568              	.LFE183:
 2570              		.section	.rodata.mqtt_close.str1.4,"aMS",%progbits,1
 2571              		.align	2
 2572              	.LC15:
 2573 0000 6D717474 		.ascii	"mqtt_close: client != NULL\000"
 2573      5F636C6F 
 2573      73653A20 
 2573      636C6965 
 2573      6E742021 
 2574              		.section	.text.mqtt_close,"ax",%progbits
 2575              		.align	1
 2576              		.syntax unified
 2577              		.thumb
 2578              		.thumb_func
 2579              		.fpu fpv4-sp-d16
 2581              	mqtt_close:
 2582              	.LVL299:
 2583              	.LFB179:
 538:Middlewares/Third_Party/LwIP/src/apps/mqtt/mqtt.c ****   LWIP_ASSERT("mqtt_close: client != NULL", client != NULL);
 2584              		.loc 1 538 1 is_stmt 1 view -0
 2585              		.cfi_startproc
 2586              		@ args = 0, pretend = 0, frame = 0
 2587              		@ frame_needed = 0, uses_anonymous_args = 0
 538:Middlewares/Third_Party/LwIP/src/apps/mqtt/mqtt.c ****   LWIP_ASSERT("mqtt_close: client != NULL", client != NULL);
 2588              		.loc 1 538 1 is_stmt 0 view .LVU743
 2589 0000 38B5     		push	{r3, r4, r5, lr}
 2590              	.LCFI25:
 2591              		.cfi_def_cfa_offset 16
 2592              		.cfi_offset 3, -16
 2593              		.cfi_offset 4, -12
 2594              		.cfi_offset 5, -8
 2595              		.cfi_offset 14, -4
 2596 0002 0D46     		mov	r5, r1
 539:Middlewares/Third_Party/LwIP/src/apps/mqtt/mqtt.c **** 
ARM GAS  /tmp/ccekGo1E.s 			page 76


 2597              		.loc 1 539 3 is_stmt 1 view .LVU744
 539:Middlewares/Third_Party/LwIP/src/apps/mqtt/mqtt.c **** 
 2598              		.loc 1 539 3 view .LVU745
 2599 0004 0446     		mov	r4, r0
 2600 0006 28B3     		cbz	r0, .L211
 2601              	.LVL300:
 2602              	.L206:
 539:Middlewares/Third_Party/LwIP/src/apps/mqtt/mqtt.c **** 
 2603              		.loc 1 539 3 discriminator 3 view .LVU746
 539:Middlewares/Third_Party/LwIP/src/apps/mqtt/mqtt.c **** 
 2604              		.loc 1 539 3 discriminator 3 view .LVU747
 542:Middlewares/Third_Party/LwIP/src/apps/mqtt/mqtt.c ****     err_t res;
 2605              		.loc 1 542 3 discriminator 3 view .LVU748
 542:Middlewares/Third_Party/LwIP/src/apps/mqtt/mqtt.c ****     err_t res;
 2606              		.loc 1 542 13 is_stmt 0 discriminator 3 view .LVU749
 2607 0008 E068     		ldr	r0, [r4, #12]
 542:Middlewares/Third_Party/LwIP/src/apps/mqtt/mqtt.c ****     err_t res;
 2608              		.loc 1 542 6 discriminator 3 view .LVU750
 2609 000a 80B1     		cbz	r0, .L207
 2610              	.LBB11:
 543:Middlewares/Third_Party/LwIP/src/apps/mqtt/mqtt.c ****     altcp_recv(client->conn, NULL);
 2611              		.loc 1 543 5 is_stmt 1 view .LVU751
 544:Middlewares/Third_Party/LwIP/src/apps/mqtt/mqtt.c ****     altcp_err(client->conn,  NULL);
 2612              		.loc 1 544 5 view .LVU752
 2613 000c 0021     		movs	r1, #0
 2614 000e FFF7FEFF 		bl	tcp_recv
 2615              	.LVL301:
 545:Middlewares/Third_Party/LwIP/src/apps/mqtt/mqtt.c ****     altcp_sent(client->conn, NULL);
 2616              		.loc 1 545 5 view .LVU753
 2617 0012 0021     		movs	r1, #0
 2618 0014 E068     		ldr	r0, [r4, #12]
 2619 0016 FFF7FEFF 		bl	tcp_err
 2620              	.LVL302:
 546:Middlewares/Third_Party/LwIP/src/apps/mqtt/mqtt.c ****     res = altcp_close(client->conn);
 2621              		.loc 1 546 5 view .LVU754
 2622 001a 0021     		movs	r1, #0
 2623 001c E068     		ldr	r0, [r4, #12]
 2624 001e FFF7FEFF 		bl	tcp_sent
 2625              	.LVL303:
 547:Middlewares/Third_Party/LwIP/src/apps/mqtt/mqtt.c ****     if (res != ERR_OK) {
 2626              		.loc 1 547 5 view .LVU755
 547:Middlewares/Third_Party/LwIP/src/apps/mqtt/mqtt.c ****     if (res != ERR_OK) {
 2627              		.loc 1 547 11 is_stmt 0 view .LVU756
 2628 0022 E068     		ldr	r0, [r4, #12]
 2629 0024 FFF7FEFF 		bl	tcp_close
 2630              	.LVL304:
 548:Middlewares/Third_Party/LwIP/src/apps/mqtt/mqtt.c ****       altcp_abort(client->conn);
 2631              		.loc 1 548 5 is_stmt 1 view .LVU757
 548:Middlewares/Third_Party/LwIP/src/apps/mqtt/mqtt.c ****       altcp_abort(client->conn);
 2632              		.loc 1 548 8 is_stmt 0 view .LVU758
 2633 0028 E0B9     		cbnz	r0, .L212
 2634              	.LVL305:
 2635              	.L208:
 550:Middlewares/Third_Party/LwIP/src/apps/mqtt/mqtt.c ****     }
 2636              		.loc 1 550 7 is_stmt 1 discriminator 4 view .LVU759
 552:Middlewares/Third_Party/LwIP/src/apps/mqtt/mqtt.c ****   }
 2637              		.loc 1 552 5 discriminator 4 view .LVU760
ARM GAS  /tmp/ccekGo1E.s 			page 77


 552:Middlewares/Third_Party/LwIP/src/apps/mqtt/mqtt.c ****   }
 2638              		.loc 1 552 18 is_stmt 0 discriminator 4 view .LVU761
 2639 002a 0023     		movs	r3, #0
 2640 002c E360     		str	r3, [r4, #12]
 2641              	.L207:
 552:Middlewares/Third_Party/LwIP/src/apps/mqtt/mqtt.c ****   }
 2642              		.loc 1 552 18 discriminator 4 view .LVU762
 2643              	.LBE11:
 556:Middlewares/Third_Party/LwIP/src/apps/mqtt/mqtt.c ****   /* Stop cyclic timer */
 2644              		.loc 1 556 3 is_stmt 1 view .LVU763
 2645 002e 04F11800 		add	r0, r4, #24
 2646 0032 FFF7FEFF 		bl	mqtt_clear_requests
 2647              	.LVL306:
 558:Middlewares/Third_Party/LwIP/src/apps/mqtt/mqtt.c **** 
 2648              		.loc 1 558 3 view .LVU764
 2649 0036 2146     		mov	r1, r4
 2650 0038 0C48     		ldr	r0, .L213
 2651 003a FFF7FEFF 		bl	sys_untimeout
 2652              	.LVL307:
 561:Middlewares/Third_Party/LwIP/src/apps/mqtt/mqtt.c **** 
 2653              		.loc 1 561 3 view .LVU765
 561:Middlewares/Third_Party/LwIP/src/apps/mqtt/mqtt.c **** 
 2654              		.loc 1 561 13 is_stmt 0 view .LVU766
 2655 003e A37A     		ldrb	r3, [r4, #10]	@ zero_extendqisi2
 561:Middlewares/Third_Party/LwIP/src/apps/mqtt/mqtt.c **** 
 2656              		.loc 1 561 6 view .LVU767
 2657 0040 3BB1     		cbz	r3, .L205
 563:Middlewares/Third_Party/LwIP/src/apps/mqtt/mqtt.c ****     if (client->connect_cb != NULL) {
 2658              		.loc 1 563 5 is_stmt 1 view .LVU768
 563:Middlewares/Third_Party/LwIP/src/apps/mqtt/mqtt.c ****     if (client->connect_cb != NULL) {
 2659              		.loc 1 563 24 is_stmt 0 view .LVU769
 2660 0042 0023     		movs	r3, #0
 2661 0044 A372     		strb	r3, [r4, #10]
 564:Middlewares/Third_Party/LwIP/src/apps/mqtt/mqtt.c ****       client->connect_cb(client, client->connect_arg, reason);
 2662              		.loc 1 564 5 is_stmt 1 view .LVU770
 564:Middlewares/Third_Party/LwIP/src/apps/mqtt/mqtt.c ****       client->connect_cb(client, client->connect_arg, reason);
 2663              		.loc 1 564 15 is_stmt 0 view .LVU771
 2664 0046 6369     		ldr	r3, [r4, #20]
 564:Middlewares/Third_Party/LwIP/src/apps/mqtt/mqtt.c ****       client->connect_cb(client, client->connect_arg, reason);
 2665              		.loc 1 564 8 view .LVU772
 2666 0048 1BB1     		cbz	r3, .L205
 565:Middlewares/Third_Party/LwIP/src/apps/mqtt/mqtt.c ****     }
 2667              		.loc 1 565 7 is_stmt 1 view .LVU773
 2668 004a 2A46     		mov	r2, r5
 2669 004c 2169     		ldr	r1, [r4, #16]
 2670 004e 2046     		mov	r0, r4
 2671 0050 9847     		blx	r3
 2672              	.LVL308:
 2673              	.L205:
 568:Middlewares/Third_Party/LwIP/src/apps/mqtt/mqtt.c **** 
 2674              		.loc 1 568 1 is_stmt 0 view .LVU774
 2675 0052 38BD     		pop	{r3, r4, r5, pc}
 2676              	.LVL309:
 2677              	.L211:
 539:Middlewares/Third_Party/LwIP/src/apps/mqtt/mqtt.c **** 
 2678              		.loc 1 539 3 is_stmt 1 discriminator 1 view .LVU775
 539:Middlewares/Third_Party/LwIP/src/apps/mqtt/mqtt.c **** 
ARM GAS  /tmp/ccekGo1E.s 			page 78


 2679              		.loc 1 539 3 discriminator 1 view .LVU776
 2680 0054 064B     		ldr	r3, .L213+4
 2681 0056 40F21B22 		movw	r2, #539
 2682 005a 0649     		ldr	r1, .L213+8
 2683              	.LVL310:
 539:Middlewares/Third_Party/LwIP/src/apps/mqtt/mqtt.c **** 
 2684              		.loc 1 539 3 is_stmt 0 discriminator 1 view .LVU777
 2685 005c 0648     		ldr	r0, .L213+12
 2686              	.LVL311:
 539:Middlewares/Third_Party/LwIP/src/apps/mqtt/mqtt.c **** 
 2687              		.loc 1 539 3 discriminator 1 view .LVU778
 2688 005e FFF7FEFF 		bl	printf
 2689              	.LVL312:
 2690 0062 D1E7     		b	.L206
 2691              	.LVL313:
 2692              	.L212:
 2693              	.LBB12:
 549:Middlewares/Third_Party/LwIP/src/apps/mqtt/mqtt.c ****       LWIP_DEBUGF(MQTT_DEBUG_TRACE, ("mqtt_close: Close err=%s\n", lwip_strerr(res)));
 2694              		.loc 1 549 7 is_stmt 1 view .LVU779
 2695 0064 E068     		ldr	r0, [r4, #12]
 2696              	.LVL314:
 549:Middlewares/Third_Party/LwIP/src/apps/mqtt/mqtt.c ****       LWIP_DEBUGF(MQTT_DEBUG_TRACE, ("mqtt_close: Close err=%s\n", lwip_strerr(res)));
 2697              		.loc 1 549 7 is_stmt 0 view .LVU780
 2698 0066 FFF7FEFF 		bl	tcp_abort
 2699              	.LVL315:
 550:Middlewares/Third_Party/LwIP/src/apps/mqtt/mqtt.c ****     }
 2700              		.loc 1 550 7 is_stmt 1 view .LVU781
 550:Middlewares/Third_Party/LwIP/src/apps/mqtt/mqtt.c ****     }
 2701              		.loc 1 550 7 view .LVU782
 2702 006a DEE7     		b	.L208
 2703              	.L214:
 2704              		.align	2
 2705              	.L213:
 2706 006c 00000000 		.word	mqtt_cyclic_timer
 2707 0070 00000000 		.word	.LC0
 2708 0074 00000000 		.word	.LC15
 2709 0078 58000000 		.word	.LC2
 2710              	.LBE12:
 2711              		.cfi_endproc
 2712              	.LFE179:
 2714              		.section	.rodata.mqtt_tcp_err_cb.str1.4,"aMS",%progbits,1
 2715              		.align	2
 2716              	.LC16:
 2717 0000 6D717474 		.ascii	"mqtt_tcp_err_cb: client != NULL\000"
 2717      5F746370 
 2717      5F657272 
 2717      5F63623A 
 2717      20636C69 
 2718              		.section	.text.mqtt_tcp_err_cb,"ax",%progbits
 2719              		.align	1
 2720              		.syntax unified
 2721              		.thumb
 2722              		.thumb_func
 2723              		.fpu fpv4-sp-d16
 2725              	mqtt_tcp_err_cb:
 2726              	.LVL316:
 2727              	.LFB187:
ARM GAS  /tmp/ccekGo1E.s 			page 79


1010:Middlewares/Third_Party/LwIP/src/apps/mqtt/mqtt.c ****   mqtt_client_t *client = (mqtt_client_t *)arg;
 2728              		.loc 1 1010 1 view -0
 2729              		.cfi_startproc
 2730              		@ args = 0, pretend = 0, frame = 0
 2731              		@ frame_needed = 0, uses_anonymous_args = 0
1010:Middlewares/Third_Party/LwIP/src/apps/mqtt/mqtt.c ****   mqtt_client_t *client = (mqtt_client_t *)arg;
 2732              		.loc 1 1010 1 is_stmt 0 view .LVU784
 2733 0000 10B5     		push	{r4, lr}
 2734              	.LCFI26:
 2735              		.cfi_def_cfa_offset 8
 2736              		.cfi_offset 4, -8
 2737              		.cfi_offset 14, -4
1011:Middlewares/Third_Party/LwIP/src/apps/mqtt/mqtt.c ****   LWIP_UNUSED_ARG(err); /* only used for debug output */
 2738              		.loc 1 1011 3 is_stmt 1 view .LVU785
 2739              	.LVL317:
1012:Middlewares/Third_Party/LwIP/src/apps/mqtt/mqtt.c ****   LWIP_DEBUGF(MQTT_DEBUG_TRACE, ("mqtt_tcp_err_cb: TCP error callback: error %d, arg: %p\n", err, a
 2740              		.loc 1 1012 3 view .LVU786
1013:Middlewares/Third_Party/LwIP/src/apps/mqtt/mqtt.c ****   LWIP_ASSERT("mqtt_tcp_err_cb: client != NULL", client != NULL);
 2741              		.loc 1 1013 3 view .LVU787
1013:Middlewares/Third_Party/LwIP/src/apps/mqtt/mqtt.c ****   LWIP_ASSERT("mqtt_tcp_err_cb: client != NULL", client != NULL);
 2742              		.loc 1 1013 3 view .LVU788
1013:Middlewares/Third_Party/LwIP/src/apps/mqtt/mqtt.c ****   LWIP_ASSERT("mqtt_tcp_err_cb: client != NULL", client != NULL);
 2743              		.loc 1 1013 3 view .LVU789
1014:Middlewares/Third_Party/LwIP/src/apps/mqtt/mqtt.c ****   /* Set conn to null before calling close as pcb is already deallocated*/
 2744              		.loc 1 1014 3 view .LVU790
1014:Middlewares/Third_Party/LwIP/src/apps/mqtt/mqtt.c ****   /* Set conn to null before calling close as pcb is already deallocated*/
 2745              		.loc 1 1014 3 view .LVU791
 2746 0002 0446     		mov	r4, r0
 2747 0004 38B1     		cbz	r0, .L218
 2748              	.LVL318:
 2749              	.L216:
1014:Middlewares/Third_Party/LwIP/src/apps/mqtt/mqtt.c ****   /* Set conn to null before calling close as pcb is already deallocated*/
 2750              		.loc 1 1014 3 discriminator 3 view .LVU792
1014:Middlewares/Third_Party/LwIP/src/apps/mqtt/mqtt.c ****   /* Set conn to null before calling close as pcb is already deallocated*/
 2751              		.loc 1 1014 3 discriminator 3 view .LVU793
1016:Middlewares/Third_Party/LwIP/src/apps/mqtt/mqtt.c ****   mqtt_close(client, MQTT_CONNECT_DISCONNECTED);
 2752              		.loc 1 1016 3 discriminator 3 view .LVU794
1016:Middlewares/Third_Party/LwIP/src/apps/mqtt/mqtt.c ****   mqtt_close(client, MQTT_CONNECT_DISCONNECTED);
 2753              		.loc 1 1016 16 is_stmt 0 discriminator 3 view .LVU795
 2754 0006 0023     		movs	r3, #0
 2755 0008 E360     		str	r3, [r4, #12]
1017:Middlewares/Third_Party/LwIP/src/apps/mqtt/mqtt.c **** }
 2756              		.loc 1 1017 3 is_stmt 1 discriminator 3 view .LVU796
 2757 000a 4FF48071 		mov	r1, #256
 2758 000e 2046     		mov	r0, r4
 2759 0010 FFF7FEFF 		bl	mqtt_close
 2760              	.LVL319:
1018:Middlewares/Third_Party/LwIP/src/apps/mqtt/mqtt.c **** 
 2761              		.loc 1 1018 1 is_stmt 0 discriminator 3 view .LVU797
 2762 0014 10BD     		pop	{r4, pc}
 2763              	.LVL320:
 2764              	.L218:
1014:Middlewares/Third_Party/LwIP/src/apps/mqtt/mqtt.c ****   /* Set conn to null before calling close as pcb is already deallocated*/
 2765              		.loc 1 1014 3 is_stmt 1 discriminator 1 view .LVU798
1014:Middlewares/Third_Party/LwIP/src/apps/mqtt/mqtt.c ****   /* Set conn to null before calling close as pcb is already deallocated*/
 2766              		.loc 1 1014 3 discriminator 1 view .LVU799
 2767 0016 044B     		ldr	r3, .L219
ARM GAS  /tmp/ccekGo1E.s 			page 80


 2768 0018 40F2F632 		movw	r2, #1014
 2769 001c 0349     		ldr	r1, .L219+4
 2770              	.LVL321:
1014:Middlewares/Third_Party/LwIP/src/apps/mqtt/mqtt.c ****   /* Set conn to null before calling close as pcb is already deallocated*/
 2771              		.loc 1 1014 3 is_stmt 0 discriminator 1 view .LVU800
 2772 001e 0448     		ldr	r0, .L219+8
 2773              	.LVL322:
1014:Middlewares/Third_Party/LwIP/src/apps/mqtt/mqtt.c ****   /* Set conn to null before calling close as pcb is already deallocated*/
 2774              		.loc 1 1014 3 discriminator 1 view .LVU801
 2775 0020 FFF7FEFF 		bl	printf
 2776              	.LVL323:
 2777 0024 EFE7     		b	.L216
 2778              	.L220:
 2779 0026 00BF     		.align	2
 2780              	.L219:
 2781 0028 00000000 		.word	.LC0
 2782 002c 00000000 		.word	.LC16
 2783 0030 58000000 		.word	.LC2
 2784              		.cfi_endproc
 2785              	.LFE187:
 2787              		.section	.rodata.mqtt_cyclic_timer.str1.4,"aMS",%progbits,1
 2788              		.align	2
 2789              	.LC17:
 2790 0000 6D717474 		.ascii	"mqtt_cyclic_timer: client != NULL\000"
 2790      5F637963 
 2790      6C69635F 
 2790      74696D65 
 2790      723A2063 
 2791              		.section	.text.mqtt_cyclic_timer,"ax",%progbits
 2792              		.align	1
 2793              		.syntax unified
 2794              		.thumb
 2795              		.thumb_func
 2796              		.fpu fpv4-sp-d16
 2798              	mqtt_cyclic_timer:
 2799              	.LVL324:
 2800              	.LFB180:
 577:Middlewares/Third_Party/LwIP/src/apps/mqtt/mqtt.c ****   u8_t restart_timer = 1;
 2801              		.loc 1 577 1 is_stmt 1 view -0
 2802              		.cfi_startproc
 2803              		@ args = 0, pretend = 0, frame = 0
 2804              		@ frame_needed = 0, uses_anonymous_args = 0
 577:Middlewares/Third_Party/LwIP/src/apps/mqtt/mqtt.c ****   u8_t restart_timer = 1;
 2805              		.loc 1 577 1 is_stmt 0 view .LVU803
 2806 0000 F0B5     		push	{r4, r5, r6, r7, lr}
 2807              	.LCFI27:
 2808              		.cfi_def_cfa_offset 20
 2809              		.cfi_offset 4, -20
 2810              		.cfi_offset 5, -16
 2811              		.cfi_offset 6, -12
 2812              		.cfi_offset 7, -8
 2813              		.cfi_offset 14, -4
 2814 0002 83B0     		sub	sp, sp, #12
 2815              	.LCFI28:
 2816              		.cfi_def_cfa_offset 32
 578:Middlewares/Third_Party/LwIP/src/apps/mqtt/mqtt.c ****   mqtt_client_t *client = (mqtt_client_t *)arg;
 2817              		.loc 1 578 3 is_stmt 1 view .LVU804
ARM GAS  /tmp/ccekGo1E.s 			page 81


 2818              	.LVL325:
 579:Middlewares/Third_Party/LwIP/src/apps/mqtt/mqtt.c ****   LWIP_ASSERT("mqtt_cyclic_timer: client != NULL", client != NULL);
 2819              		.loc 1 579 3 view .LVU805
 580:Middlewares/Third_Party/LwIP/src/apps/mqtt/mqtt.c **** 
 2820              		.loc 1 580 3 view .LVU806
 580:Middlewares/Third_Party/LwIP/src/apps/mqtt/mqtt.c **** 
 2821              		.loc 1 580 3 view .LVU807
 2822 0004 0446     		mov	r4, r0
 2823 0006 30B1     		cbz	r0, .L231
 2824              	.LVL326:
 2825              	.L222:
 580:Middlewares/Third_Party/LwIP/src/apps/mqtt/mqtt.c **** 
 2826              		.loc 1 580 3 discriminator 3 view .LVU808
 580:Middlewares/Third_Party/LwIP/src/apps/mqtt/mqtt.c **** 
 2827              		.loc 1 580 3 discriminator 3 view .LVU809
 582:Middlewares/Third_Party/LwIP/src/apps/mqtt/mqtt.c ****     client->cyclic_tick++;
 2828              		.loc 1 582 3 discriminator 3 view .LVU810
 582:Middlewares/Third_Party/LwIP/src/apps/mqtt/mqtt.c ****     client->cyclic_tick++;
 2829              		.loc 1 582 13 is_stmt 0 discriminator 3 view .LVU811
 2830 0008 A37A     		ldrb	r3, [r4, #10]	@ zero_extendqisi2
 582:Middlewares/Third_Party/LwIP/src/apps/mqtt/mqtt.c ****     client->cyclic_tick++;
 2831              		.loc 1 582 6 discriminator 3 view .LVU812
 2832 000a 022B     		cmp	r3, #2
 2833 000c 0BD0     		beq	.L232
 590:Middlewares/Third_Party/LwIP/src/apps/mqtt/mqtt.c ****     /* Handle timeout for pending requests */
 2834              		.loc 1 590 10 is_stmt 1 view .LVU813
 590:Middlewares/Third_Party/LwIP/src/apps/mqtt/mqtt.c ****     /* Handle timeout for pending requests */
 2835              		.loc 1 590 13 is_stmt 0 view .LVU814
 2836 000e 032B     		cmp	r3, #3
 2837 0010 1ED0     		beq	.L233
 2838              	.LVL327:
 2839              	.L221:
 623:Middlewares/Third_Party/LwIP/src/apps/mqtt/mqtt.c **** 
 2840              		.loc 1 623 1 view .LVU815
 2841 0012 03B0     		add	sp, sp, #12
 2842              	.LCFI29:
 2843              		.cfi_remember_state
 2844              		.cfi_def_cfa_offset 20
 2845              		@ sp needed
 2846 0014 F0BD     		pop	{r4, r5, r6, r7, pc}
 2847              	.LVL328:
 2848              	.L231:
 2849              	.LCFI30:
 2850              		.cfi_restore_state
 580:Middlewares/Third_Party/LwIP/src/apps/mqtt/mqtt.c **** 
 2851              		.loc 1 580 3 is_stmt 1 discriminator 1 view .LVU816
 580:Middlewares/Third_Party/LwIP/src/apps/mqtt/mqtt.c **** 
 2852              		.loc 1 580 3 discriminator 1 view .LVU817
 2853 0016 2A4B     		ldr	r3, .L237
 2854 0018 4FF41172 		mov	r2, #580
 2855 001c 2949     		ldr	r1, .L237+4
 2856 001e 2A48     		ldr	r0, .L237+8
 2857              	.LVL329:
 580:Middlewares/Third_Party/LwIP/src/apps/mqtt/mqtt.c **** 
 2858              		.loc 1 580 3 is_stmt 0 discriminator 1 view .LVU818
 2859 0020 FFF7FEFF 		bl	printf
 2860              	.LVL330:
ARM GAS  /tmp/ccekGo1E.s 			page 82


 2861 0024 F0E7     		b	.L222
 2862              	.L232:
 583:Middlewares/Third_Party/LwIP/src/apps/mqtt/mqtt.c ****     if ((client->cyclic_tick * MQTT_CYCLIC_TIMER_INTERVAL) >= MQTT_CONNECT_TIMOUT) {
 2863              		.loc 1 583 5 is_stmt 1 view .LVU819
 583:Middlewares/Third_Party/LwIP/src/apps/mqtt/mqtt.c ****     if ((client->cyclic_tick * MQTT_CYCLIC_TIMER_INTERVAL) >= MQTT_CONNECT_TIMOUT) {
 2864              		.loc 1 583 11 is_stmt 0 view .LVU820
 2865 0026 2388     		ldrh	r3, [r4]
 583:Middlewares/Third_Party/LwIP/src/apps/mqtt/mqtt.c ****     if ((client->cyclic_tick * MQTT_CYCLIC_TIMER_INTERVAL) >= MQTT_CONNECT_TIMOUT) {
 2866              		.loc 1 583 24 view .LVU821
 2867 0028 0133     		adds	r3, r3, #1
 2868 002a 9BB2     		uxth	r3, r3
 2869 002c 2380     		strh	r3, [r4]	@ movhi
 584:Middlewares/Third_Party/LwIP/src/apps/mqtt/mqtt.c ****       LWIP_DEBUGF(MQTT_DEBUG_TRACE, ("mqtt_cyclic_timer: CONNECT attempt to server timed out\n"));
 2870              		.loc 1 584 5 is_stmt 1 view .LVU822
 584:Middlewares/Third_Party/LwIP/src/apps/mqtt/mqtt.c ****       LWIP_DEBUGF(MQTT_DEBUG_TRACE, ("mqtt_cyclic_timer: CONNECT attempt to server timed out\n"));
 2871              		.loc 1 584 30 is_stmt 0 view .LVU823
 2872 002e 03EB8303 		add	r3, r3, r3, lsl #2
 584:Middlewares/Third_Party/LwIP/src/apps/mqtt/mqtt.c ****       LWIP_DEBUGF(MQTT_DEBUG_TRACE, ("mqtt_cyclic_timer: CONNECT attempt to server timed out\n"));
 2873              		.loc 1 584 8 view .LVU824
 2874 0032 632B     		cmp	r3, #99
 2875 0034 06DC     		bgt	.L234
 2876              	.LVL331:
 2877              	.L224:
 621:Middlewares/Third_Party/LwIP/src/apps/mqtt/mqtt.c ****   }
 2878              		.loc 1 621 5 is_stmt 1 view .LVU825
 2879 0036 2246     		mov	r2, r4
 2880 0038 2449     		ldr	r1, .L237+12
 2881 003a 41F28830 		movw	r0, #5000
 2882 003e FFF7FEFF 		bl	sys_timeout
 2883              	.LVL332:
 623:Middlewares/Third_Party/LwIP/src/apps/mqtt/mqtt.c **** 
 2884              		.loc 1 623 1 is_stmt 0 view .LVU826
 2885 0042 E6E7     		b	.L221
 2886              	.LVL333:
 2887              	.L234:
 585:Middlewares/Third_Party/LwIP/src/apps/mqtt/mqtt.c ****       /* Disconnect TCP */
 2888              		.loc 1 585 7 is_stmt 1 discriminator 4 view .LVU827
 585:Middlewares/Third_Party/LwIP/src/apps/mqtt/mqtt.c ****       /* Disconnect TCP */
 2889              		.loc 1 585 7 discriminator 4 view .LVU828
 585:Middlewares/Third_Party/LwIP/src/apps/mqtt/mqtt.c ****       /* Disconnect TCP */
 2890              		.loc 1 585 7 discriminator 4 view .LVU829
 587:Middlewares/Third_Party/LwIP/src/apps/mqtt/mqtt.c ****       restart_timer = 0;
 2891              		.loc 1 587 7 discriminator 4 view .LVU830
 2892 0044 40F20111 		movw	r1, #257
 2893 0048 2046     		mov	r0, r4
 2894 004a FFF7FEFF 		bl	mqtt_close
 2895              	.LVL334:
 588:Middlewares/Third_Party/LwIP/src/apps/mqtt/mqtt.c ****     }
 2896              		.loc 1 588 7 discriminator 4 view .LVU831
 620:Middlewares/Third_Party/LwIP/src/apps/mqtt/mqtt.c ****     sys_timeout(MQTT_CYCLIC_TIMER_INTERVAL * 1000, mqtt_cyclic_timer, arg);
 2897              		.loc 1 620 3 discriminator 4 view .LVU832
 2898 004e E0E7     		b	.L221
 2899              	.LVL335:
 2900              	.L233:
 592:Middlewares/Third_Party/LwIP/src/apps/mqtt/mqtt.c **** 
 2901              		.loc 1 592 5 view .LVU833
 2902 0050 0521     		movs	r1, #5
ARM GAS  /tmp/ccekGo1E.s 			page 83


 2903 0052 04F11800 		add	r0, r4, #24
 2904 0056 FFF7FEFF 		bl	mqtt_request_time_elapsed
 2905              	.LVL336:
 595:Middlewares/Third_Party/LwIP/src/apps/mqtt/mqtt.c **** 
 2906              		.loc 1 595 5 view .LVU834
 595:Middlewares/Third_Party/LwIP/src/apps/mqtt/mqtt.c **** 
 2907              		.loc 1 595 15 is_stmt 0 view .LVU835
 2908 005a 6288     		ldrh	r2, [r4, #2]
 595:Middlewares/Third_Party/LwIP/src/apps/mqtt/mqtt.c **** 
 2909              		.loc 1 595 8 view .LVU836
 2910 005c 002A     		cmp	r2, #0
 2911 005e EAD0     		beq	.L224
 597:Middlewares/Third_Party/LwIP/src/apps/mqtt/mqtt.c ****       /* If reception from server has been idle for 1.5*keep_alive time, server is considered unres
 2912              		.loc 1 597 7 is_stmt 1 view .LVU837
 597:Middlewares/Third_Party/LwIP/src/apps/mqtt/mqtt.c ****       /* If reception from server has been idle for 1.5*keep_alive time, server is considered unres
 2913              		.loc 1 597 13 is_stmt 0 view .LVU838
 2914 0060 A388     		ldrh	r3, [r4, #4]
 597:Middlewares/Third_Party/LwIP/src/apps/mqtt/mqtt.c ****       /* If reception from server has been idle for 1.5*keep_alive time, server is considered unres
 2915              		.loc 1 597 30 view .LVU839
 2916 0062 0133     		adds	r3, r3, #1
 2917 0064 9BB2     		uxth	r3, r3
 2918 0066 A380     		strh	r3, [r4, #4]	@ movhi
 599:Middlewares/Third_Party/LwIP/src/apps/mqtt/mqtt.c ****         LWIP_DEBUGF(MQTT_DEBUG_WARN, ("mqtt_cyclic_timer: Server incoming keep-alive timeout\n"));
 2919              		.loc 1 599 7 is_stmt 1 view .LVU840
 599:Middlewares/Third_Party/LwIP/src/apps/mqtt/mqtt.c ****         LWIP_DEBUGF(MQTT_DEBUG_WARN, ("mqtt_cyclic_timer: Server incoming keep-alive timeout\n"));
 2920              		.loc 1 599 36 is_stmt 0 view .LVU841
 2921 0068 03EB8303 		add	r3, r3, r3, lsl #2
 599:Middlewares/Third_Party/LwIP/src/apps/mqtt/mqtt.c ****         LWIP_DEBUGF(MQTT_DEBUG_WARN, ("mqtt_cyclic_timer: Server incoming keep-alive timeout\n"));
 2922              		.loc 1 599 88 view .LVU842
 2923 006c 02EB5202 		add	r2, r2, r2, lsr #1
 599:Middlewares/Third_Party/LwIP/src/apps/mqtt/mqtt.c ****         LWIP_DEBUGF(MQTT_DEBUG_WARN, ("mqtt_cyclic_timer: Server incoming keep-alive timeout\n"));
 2924              		.loc 1 599 10 view .LVU843
 2925 0070 9342     		cmp	r3, r2
 2926 0072 0BDC     		bgt	.L235
 578:Middlewares/Third_Party/LwIP/src/apps/mqtt/mqtt.c ****   mqtt_client_t *client = (mqtt_client_t *)arg;
 2927              		.loc 1 578 8 view .LVU844
 2928 0074 0125     		movs	r5, #1
 2929              	.LVL337:
 2930              	.L226:
 606:Middlewares/Third_Party/LwIP/src/apps/mqtt/mqtt.c ****         LWIP_DEBUGF(MQTT_DEBUG_TRACE, ("mqtt_cyclic_timer: Sending keep-alive message to server\n")
 2931              		.loc 1 606 7 is_stmt 1 view .LVU845
 606:Middlewares/Third_Party/LwIP/src/apps/mqtt/mqtt.c ****         LWIP_DEBUGF(MQTT_DEBUG_TRACE, ("mqtt_cyclic_timer: Sending keep-alive message to server\n")
 2932              		.loc 1 606 18 is_stmt 0 view .LVU846
 2933 0076 2388     		ldrh	r3, [r4]
 606:Middlewares/Third_Party/LwIP/src/apps/mqtt/mqtt.c ****         LWIP_DEBUGF(MQTT_DEBUG_TRACE, ("mqtt_cyclic_timer: Sending keep-alive message to server\n")
 2934              		.loc 1 606 32 view .LVU847
 2935 0078 03EB8301 		add	r1, r3, r3, lsl #2
 606:Middlewares/Third_Party/LwIP/src/apps/mqtt/mqtt.c ****         LWIP_DEBUGF(MQTT_DEBUG_TRACE, ("mqtt_cyclic_timer: Sending keep-alive message to server\n")
 2936              		.loc 1 606 71 view .LVU848
 2937 007c 6288     		ldrh	r2, [r4, #2]
 606:Middlewares/Third_Party/LwIP/src/apps/mqtt/mqtt.c ****         LWIP_DEBUGF(MQTT_DEBUG_TRACE, ("mqtt_cyclic_timer: Sending keep-alive message to server\n")
 2938              		.loc 1 606 10 view .LVU849
 2939 007e 9142     		cmp	r1, r2
 2940 0080 0BDA     		bge	.L236
 613:Middlewares/Third_Party/LwIP/src/apps/mqtt/mqtt.c ****       }
 2941              		.loc 1 613 9 is_stmt 1 view .LVU850
 613:Middlewares/Third_Party/LwIP/src/apps/mqtt/mqtt.c ****       }
ARM GAS  /tmp/ccekGo1E.s 			page 84


 2942              		.loc 1 613 28 is_stmt 0 view .LVU851
 2943 0082 0133     		adds	r3, r3, #1
 2944 0084 2380     		strh	r3, [r4]	@ movhi
 2945              	.L228:
 620:Middlewares/Third_Party/LwIP/src/apps/mqtt/mqtt.c ****     sys_timeout(MQTT_CYCLIC_TIMER_INTERVAL * 1000, mqtt_cyclic_timer, arg);
 2946              		.loc 1 620 3 is_stmt 1 view .LVU852
 620:Middlewares/Third_Party/LwIP/src/apps/mqtt/mqtt.c ****     sys_timeout(MQTT_CYCLIC_TIMER_INTERVAL * 1000, mqtt_cyclic_timer, arg);
 2947              		.loc 1 620 6 is_stmt 0 view .LVU853
 2948 0086 002D     		cmp	r5, #0
 2949 0088 C3D0     		beq	.L221
 2950 008a D4E7     		b	.L224
 2951              	.LVL338:
 2952              	.L235:
 600:Middlewares/Third_Party/LwIP/src/apps/mqtt/mqtt.c ****         mqtt_close(client, MQTT_CONNECT_TIMEOUT);
 2953              		.loc 1 600 9 is_stmt 1 discriminator 4 view .LVU854
 600:Middlewares/Third_Party/LwIP/src/apps/mqtt/mqtt.c ****         mqtt_close(client, MQTT_CONNECT_TIMEOUT);
 2954              		.loc 1 600 9 discriminator 4 view .LVU855
 600:Middlewares/Third_Party/LwIP/src/apps/mqtt/mqtt.c ****         mqtt_close(client, MQTT_CONNECT_TIMEOUT);
 2955              		.loc 1 600 9 discriminator 4 view .LVU856
 601:Middlewares/Third_Party/LwIP/src/apps/mqtt/mqtt.c ****         restart_timer = 0;
 2956              		.loc 1 601 9 discriminator 4 view .LVU857
 2957 008c 40F20111 		movw	r1, #257
 2958 0090 2046     		mov	r0, r4
 2959 0092 FFF7FEFF 		bl	mqtt_close
 2960              	.LVL339:
 602:Middlewares/Third_Party/LwIP/src/apps/mqtt/mqtt.c ****       }
 2961              		.loc 1 602 9 discriminator 4 view .LVU858
 602:Middlewares/Third_Party/LwIP/src/apps/mqtt/mqtt.c ****       }
 2962              		.loc 1 602 23 is_stmt 0 discriminator 4 view .LVU859
 2963 0096 0025     		movs	r5, #0
 2964 0098 EDE7     		b	.L226
 2965              	.LVL340:
 2966              	.L236:
 607:Middlewares/Third_Party/LwIP/src/apps/mqtt/mqtt.c ****         if (mqtt_output_check_space(&client->output, 0) != 0) {
 2967              		.loc 1 607 9 is_stmt 1 discriminator 4 view .LVU860
 607:Middlewares/Third_Party/LwIP/src/apps/mqtt/mqtt.c ****         if (mqtt_output_check_space(&client->output, 0) != 0) {
 2968              		.loc 1 607 9 discriminator 4 view .LVU861
 607:Middlewares/Third_Party/LwIP/src/apps/mqtt/mqtt.c ****         if (mqtt_output_check_space(&client->output, 0) != 0) {
 2969              		.loc 1 607 9 discriminator 4 view .LVU862
 608:Middlewares/Third_Party/LwIP/src/apps/mqtt/mqtt.c ****           mqtt_output_append_fixed_header(&client->output, MQTT_MSG_TYPE_PINGREQ, 0, 0, 0, 0);
 2970              		.loc 1 608 9 discriminator 4 view .LVU863
 608:Middlewares/Third_Party/LwIP/src/apps/mqtt/mqtt.c ****           mqtt_output_append_fixed_header(&client->output, MQTT_MSG_TYPE_PINGREQ, 0, 0, 0, 0);
 2971              		.loc 1 608 13 is_stmt 0 discriminator 4 view .LVU864
 2972 009a 04F1EC06 		add	r6, r4, #236
 2973 009e 0021     		movs	r1, #0
 2974 00a0 3046     		mov	r0, r6
 2975 00a2 FFF7FEFF 		bl	mqtt_output_check_space
 2976              	.LVL341:
 608:Middlewares/Third_Party/LwIP/src/apps/mqtt/mqtt.c ****           mqtt_output_append_fixed_header(&client->output, MQTT_MSG_TYPE_PINGREQ, 0, 0, 0, 0);
 2977              		.loc 1 608 12 discriminator 4 view .LVU865
 2978 00a6 0028     		cmp	r0, #0
 2979 00a8 EDD0     		beq	.L228
 609:Middlewares/Third_Party/LwIP/src/apps/mqtt/mqtt.c ****           client->cyclic_tick = 0;
 2980              		.loc 1 609 11 is_stmt 1 view .LVU866
 2981 00aa 0027     		movs	r7, #0
 2982 00ac 0197     		str	r7, [sp, #4]
 2983 00ae 0097     		str	r7, [sp]
ARM GAS  /tmp/ccekGo1E.s 			page 85


 2984 00b0 3B46     		mov	r3, r7
 2985 00b2 3A46     		mov	r2, r7
 2986 00b4 0C21     		movs	r1, #12
 2987 00b6 3046     		mov	r0, r6
 2988 00b8 FFF7FEFF 		bl	mqtt_output_append_fixed_header
 2989              	.LVL342:
 610:Middlewares/Third_Party/LwIP/src/apps/mqtt/mqtt.c ****         }
 2990              		.loc 1 610 11 view .LVU867
 610:Middlewares/Third_Party/LwIP/src/apps/mqtt/mqtt.c ****         }
 2991              		.loc 1 610 31 is_stmt 0 view .LVU868
 2992 00bc 2780     		strh	r7, [r4]	@ movhi
 2993 00be E2E7     		b	.L228
 2994              	.L238:
 2995              		.align	2
 2996              	.L237:
 2997 00c0 00000000 		.word	.LC0
 2998 00c4 00000000 		.word	.LC17
 2999 00c8 58000000 		.word	.LC2
 3000 00cc 00000000 		.word	mqtt_cyclic_timer
 3001              		.cfi_endproc
 3002              	.LFE180:
 3004              		.section	.text.mqtt_tcp_connect_cb,"ax",%progbits
 3005              		.align	1
 3006              		.syntax unified
 3007              		.thumb
 3008              		.thumb_func
 3009              		.fpu fpv4-sp-d16
 3011              	mqtt_tcp_connect_cb:
 3012              	.LVL343:
 3013              	.LFB189:
1036:Middlewares/Third_Party/LwIP/src/apps/mqtt/mqtt.c **** 
1037:Middlewares/Third_Party/LwIP/src/apps/mqtt/mqtt.c **** /**
1038:Middlewares/Third_Party/LwIP/src/apps/mqtt/mqtt.c ****  * TCP connect callback function. @see tcp_connected_fn
1039:Middlewares/Third_Party/LwIP/src/apps/mqtt/mqtt.c ****  * @param arg MQTT client
1040:Middlewares/Third_Party/LwIP/src/apps/mqtt/mqtt.c ****  * @param err Always ERR_OK, mqtt_tcp_err_cb is called in case of error
1041:Middlewares/Third_Party/LwIP/src/apps/mqtt/mqtt.c ****  * @return ERR_OK
1042:Middlewares/Third_Party/LwIP/src/apps/mqtt/mqtt.c ****  */
1043:Middlewares/Third_Party/LwIP/src/apps/mqtt/mqtt.c **** static err_t
1044:Middlewares/Third_Party/LwIP/src/apps/mqtt/mqtt.c **** mqtt_tcp_connect_cb(void *arg, struct altcp_pcb *tpcb, err_t err)
1045:Middlewares/Third_Party/LwIP/src/apps/mqtt/mqtt.c **** {
 3014              		.loc 1 1045 1 is_stmt 1 view -0
 3015              		.cfi_startproc
 3016              		@ args = 0, pretend = 0, frame = 0
 3017              		@ frame_needed = 0, uses_anonymous_args = 0
 3018              		.loc 1 1045 1 is_stmt 0 view .LVU870
 3019 0000 F8B5     		push	{r3, r4, r5, r6, r7, lr}
 3020              	.LCFI31:
 3021              		.cfi_def_cfa_offset 24
 3022              		.cfi_offset 3, -24
 3023              		.cfi_offset 4, -20
 3024              		.cfi_offset 5, -16
 3025              		.cfi_offset 6, -12
 3026              		.cfi_offset 7, -8
 3027              		.cfi_offset 14, -4
1046:Middlewares/Third_Party/LwIP/src/apps/mqtt/mqtt.c ****   mqtt_client_t *client = (mqtt_client_t *)arg;
 3028              		.loc 1 1046 3 is_stmt 1 view .LVU871
 3029              	.LVL344:
ARM GAS  /tmp/ccekGo1E.s 			page 86


1047:Middlewares/Third_Party/LwIP/src/apps/mqtt/mqtt.c **** 
1048:Middlewares/Third_Party/LwIP/src/apps/mqtt/mqtt.c ****   if (err != ERR_OK) {
 3030              		.loc 1 1048 3 view .LVU872
 3031              		.loc 1 1048 6 is_stmt 0 view .LVU873
 3032 0002 1646     		mov	r6, r2
 3033 0004 0AB1     		cbz	r2, .L242
 3034              	.LVL345:
 3035              	.L240:
1049:Middlewares/Third_Party/LwIP/src/apps/mqtt/mqtt.c ****     LWIP_DEBUGF(MQTT_DEBUG_WARN, ("mqtt_tcp_connect_cb: TCP connect error %d\n", err));
1050:Middlewares/Third_Party/LwIP/src/apps/mqtt/mqtt.c ****     return err;
1051:Middlewares/Third_Party/LwIP/src/apps/mqtt/mqtt.c ****   }
1052:Middlewares/Third_Party/LwIP/src/apps/mqtt/mqtt.c **** 
1053:Middlewares/Third_Party/LwIP/src/apps/mqtt/mqtt.c ****   /* Initiate receiver state */
1054:Middlewares/Third_Party/LwIP/src/apps/mqtt/mqtt.c ****   client->msg_idx = 0;
1055:Middlewares/Third_Party/LwIP/src/apps/mqtt/mqtt.c **** 
1056:Middlewares/Third_Party/LwIP/src/apps/mqtt/mqtt.c ****   /* Setup TCP callbacks */
1057:Middlewares/Third_Party/LwIP/src/apps/mqtt/mqtt.c ****   altcp_recv(tpcb, mqtt_tcp_recv_cb);
1058:Middlewares/Third_Party/LwIP/src/apps/mqtt/mqtt.c ****   altcp_sent(tpcb, mqtt_tcp_sent_cb);
1059:Middlewares/Third_Party/LwIP/src/apps/mqtt/mqtt.c ****   altcp_poll(tpcb, mqtt_tcp_poll_cb, 2);
1060:Middlewares/Third_Party/LwIP/src/apps/mqtt/mqtt.c **** 
1061:Middlewares/Third_Party/LwIP/src/apps/mqtt/mqtt.c ****   LWIP_DEBUGF(MQTT_DEBUG_TRACE, ("mqtt_tcp_connect_cb: TCP connection established to server\n"));
1062:Middlewares/Third_Party/LwIP/src/apps/mqtt/mqtt.c ****   /* Enter MQTT connect state */
1063:Middlewares/Third_Party/LwIP/src/apps/mqtt/mqtt.c ****   client->conn_state = MQTT_CONNECTING;
1064:Middlewares/Third_Party/LwIP/src/apps/mqtt/mqtt.c **** 
1065:Middlewares/Third_Party/LwIP/src/apps/mqtt/mqtt.c ****   /* Start cyclic timer */
1066:Middlewares/Third_Party/LwIP/src/apps/mqtt/mqtt.c ****   sys_timeout(MQTT_CYCLIC_TIMER_INTERVAL * 1000, mqtt_cyclic_timer, client);
1067:Middlewares/Third_Party/LwIP/src/apps/mqtt/mqtt.c ****   client->cyclic_tick = 0;
1068:Middlewares/Third_Party/LwIP/src/apps/mqtt/mqtt.c **** 
1069:Middlewares/Third_Party/LwIP/src/apps/mqtt/mqtt.c ****   /* Start transmission from output queue, connect message is the first one out*/
1070:Middlewares/Third_Party/LwIP/src/apps/mqtt/mqtt.c ****   mqtt_output_send(&client->output, client->conn);
1071:Middlewares/Third_Party/LwIP/src/apps/mqtt/mqtt.c **** 
1072:Middlewares/Third_Party/LwIP/src/apps/mqtt/mqtt.c ****   return ERR_OK;
1073:Middlewares/Third_Party/LwIP/src/apps/mqtt/mqtt.c **** }
 3036              		.loc 1 1073 1 view .LVU874
 3037 0006 3046     		mov	r0, r6
 3038 0008 F8BD     		pop	{r3, r4, r5, r6, r7, pc}
 3039              	.LVL346:
 3040              	.L242:
 3041              		.loc 1 1073 1 view .LVU875
 3042 000a 0446     		mov	r4, r0
 3043 000c 0D46     		mov	r5, r1
1054:Middlewares/Third_Party/LwIP/src/apps/mqtt/mqtt.c **** 
 3044              		.loc 1 1054 3 is_stmt 1 view .LVU876
1054:Middlewares/Third_Party/LwIP/src/apps/mqtt/mqtt.c **** 
 3045              		.loc 1 1054 19 is_stmt 0 view .LVU877
 3046 000e 0027     		movs	r7, #0
 3047 0010 8766     		str	r7, [r0, #104]
1057:Middlewares/Third_Party/LwIP/src/apps/mqtt/mqtt.c ****   altcp_sent(tpcb, mqtt_tcp_sent_cb);
 3048              		.loc 1 1057 3 is_stmt 1 view .LVU878
 3049 0012 0E49     		ldr	r1, .L243
 3050              	.LVL347:
1057:Middlewares/Third_Party/LwIP/src/apps/mqtt/mqtt.c ****   altcp_sent(tpcb, mqtt_tcp_sent_cb);
 3051              		.loc 1 1057 3 is_stmt 0 view .LVU879
 3052 0014 2846     		mov	r0, r5
 3053              	.LVL348:
1057:Middlewares/Third_Party/LwIP/src/apps/mqtt/mqtt.c ****   altcp_sent(tpcb, mqtt_tcp_sent_cb);
 3054              		.loc 1 1057 3 view .LVU880
ARM GAS  /tmp/ccekGo1E.s 			page 87


 3055 0016 FFF7FEFF 		bl	tcp_recv
 3056              	.LVL349:
1058:Middlewares/Third_Party/LwIP/src/apps/mqtt/mqtt.c ****   altcp_poll(tpcb, mqtt_tcp_poll_cb, 2);
 3057              		.loc 1 1058 3 is_stmt 1 view .LVU881
 3058 001a 0D49     		ldr	r1, .L243+4
 3059 001c 2846     		mov	r0, r5
 3060 001e FFF7FEFF 		bl	tcp_sent
 3061              	.LVL350:
1059:Middlewares/Third_Party/LwIP/src/apps/mqtt/mqtt.c **** 
 3062              		.loc 1 1059 3 view .LVU882
 3063 0022 0222     		movs	r2, #2
 3064 0024 0B49     		ldr	r1, .L243+8
 3065 0026 2846     		mov	r0, r5
 3066 0028 FFF7FEFF 		bl	tcp_poll
 3067              	.LVL351:
1061:Middlewares/Third_Party/LwIP/src/apps/mqtt/mqtt.c ****   /* Enter MQTT connect state */
 3068              		.loc 1 1061 3 view .LVU883
1061:Middlewares/Third_Party/LwIP/src/apps/mqtt/mqtt.c ****   /* Enter MQTT connect state */
 3069              		.loc 1 1061 3 view .LVU884
1061:Middlewares/Third_Party/LwIP/src/apps/mqtt/mqtt.c ****   /* Enter MQTT connect state */
 3070              		.loc 1 1061 3 view .LVU885
1063:Middlewares/Third_Party/LwIP/src/apps/mqtt/mqtt.c **** 
 3071              		.loc 1 1063 3 view .LVU886
1063:Middlewares/Third_Party/LwIP/src/apps/mqtt/mqtt.c **** 
 3072              		.loc 1 1063 22 is_stmt 0 view .LVU887
 3073 002c 0223     		movs	r3, #2
 3074 002e A372     		strb	r3, [r4, #10]
1066:Middlewares/Third_Party/LwIP/src/apps/mqtt/mqtt.c ****   client->cyclic_tick = 0;
 3075              		.loc 1 1066 3 is_stmt 1 view .LVU888
 3076 0030 2246     		mov	r2, r4
 3077 0032 0949     		ldr	r1, .L243+12
 3078 0034 41F28830 		movw	r0, #5000
 3079 0038 FFF7FEFF 		bl	sys_timeout
 3080              	.LVL352:
1067:Middlewares/Third_Party/LwIP/src/apps/mqtt/mqtt.c **** 
 3081              		.loc 1 1067 3 view .LVU889
1067:Middlewares/Third_Party/LwIP/src/apps/mqtt/mqtt.c **** 
 3082              		.loc 1 1067 23 is_stmt 0 view .LVU890
 3083 003c 2780     		strh	r7, [r4]	@ movhi
1070:Middlewares/Third_Party/LwIP/src/apps/mqtt/mqtt.c **** 
 3084              		.loc 1 1070 3 is_stmt 1 view .LVU891
 3085 003e E168     		ldr	r1, [r4, #12]
 3086 0040 04F1EC00 		add	r0, r4, #236
 3087 0044 FFF7FEFF 		bl	mqtt_output_send
 3088              	.LVL353:
1072:Middlewares/Third_Party/LwIP/src/apps/mqtt/mqtt.c **** }
 3089              		.loc 1 1072 3 view .LVU892
1072:Middlewares/Third_Party/LwIP/src/apps/mqtt/mqtt.c **** }
 3090              		.loc 1 1072 10 is_stmt 0 view .LVU893
 3091 0048 DDE7     		b	.L240
 3092              	.L244:
 3093 004a 00BF     		.align	2
 3094              	.L243:
 3095 004c 00000000 		.word	mqtt_tcp_recv_cb
 3096 0050 00000000 		.word	mqtt_tcp_sent_cb
 3097 0054 00000000 		.word	mqtt_tcp_poll_cb
 3098 0058 00000000 		.word	mqtt_cyclic_timer
ARM GAS  /tmp/ccekGo1E.s 			page 88


 3099              		.cfi_endproc
 3100              	.LFE189:
 3102              		.section	.text.mqtt_parse_incoming,"ax",%progbits
 3103              		.align	1
 3104              		.syntax unified
 3105              		.thumb
 3106              		.thumb_func
 3107              		.fpu fpv4-sp-d16
 3109              	mqtt_parse_incoming:
 3110              	.LVL354:
 3111              	.LFB184:
 840:Middlewares/Third_Party/LwIP/src/apps/mqtt/mqtt.c ****   u16_t in_offset = 0;
 3112              		.loc 1 840 1 is_stmt 1 view -0
 3113              		.cfi_startproc
 3114              		@ args = 0, pretend = 0, frame = 8
 3115              		@ frame_needed = 0, uses_anonymous_args = 0
 840:Middlewares/Third_Party/LwIP/src/apps/mqtt/mqtt.c ****   u16_t in_offset = 0;
 3116              		.loc 1 840 1 is_stmt 0 view .LVU895
 3117 0000 2DE9F04F 		push	{r4, r5, r6, r7, r8, r9, r10, fp, lr}
 3118              	.LCFI32:
 3119              		.cfi_def_cfa_offset 36
 3120              		.cfi_offset 4, -36
 3121              		.cfi_offset 5, -32
 3122              		.cfi_offset 6, -28
 3123              		.cfi_offset 7, -24
 3124              		.cfi_offset 8, -20
 3125              		.cfi_offset 9, -16
 3126              		.cfi_offset 10, -12
 3127              		.cfi_offset 11, -8
 3128              		.cfi_offset 14, -4
 3129 0004 83B0     		sub	sp, sp, #12
 3130              	.LCFI33:
 3131              		.cfi_def_cfa_offset 48
 3132 0006 0646     		mov	r6, r0
 3133 0008 8B46     		mov	fp, r1
 841:Middlewares/Third_Party/LwIP/src/apps/mqtt/mqtt.c ****   u32_t msg_rem_len = 0;
 3134              		.loc 1 841 3 is_stmt 1 view .LVU896
 3135              	.LVL355:
 842:Middlewares/Third_Party/LwIP/src/apps/mqtt/mqtt.c ****   u8_t fixed_hdr_idx = 0;
 3136              		.loc 1 842 3 view .LVU897
 843:Middlewares/Third_Party/LwIP/src/apps/mqtt/mqtt.c ****   u8_t b = 0;
 3137              		.loc 1 843 3 view .LVU898
 844:Middlewares/Third_Party/LwIP/src/apps/mqtt/mqtt.c **** 
 3138              		.loc 1 844 3 view .LVU899
 846:Middlewares/Third_Party/LwIP/src/apps/mqtt/mqtt.c ****     /* We ALWAYS parse the header here first. Even if the header was not
 3139              		.loc 1 846 3 view .LVU900
 844:Middlewares/Third_Party/LwIP/src/apps/mqtt/mqtt.c **** 
 3140              		.loc 1 844 8 is_stmt 0 view .LVU901
 3141 000a 4FF0000A 		mov	r10, #0
 843:Middlewares/Third_Party/LwIP/src/apps/mqtt/mqtt.c ****   u8_t b = 0;
 3142              		.loc 1 843 8 view .LVU902
 3143 000e 5446     		mov	r4, r10
 842:Middlewares/Third_Party/LwIP/src/apps/mqtt/mqtt.c ****   u8_t fixed_hdr_idx = 0;
 3144              		.loc 1 842 9 view .LVU903
 3145 0010 D046     		mov	r8, r10
 841:Middlewares/Third_Party/LwIP/src/apps/mqtt/mqtt.c ****   u32_t msg_rem_len = 0;
 3146              		.loc 1 841 9 view .LVU904
ARM GAS  /tmp/ccekGo1E.s 			page 89


 3147 0012 5746     		mov	r7, r10
 846:Middlewares/Third_Party/LwIP/src/apps/mqtt/mqtt.c ****     /* We ALWAYS parse the header here first. Even if the header was not
 3148              		.loc 1 846 9 view .LVU905
 3149 0014 1BE0     		b	.L246
 3150              	.LVL356:
 3151              	.L247:
 852:Middlewares/Third_Party/LwIP/src/apps/mqtt/mqtt.c ****         /* parse header from old pbuf (buffered in client->rx_buffer) */
 3152              		.loc 1 852 7 is_stmt 1 view .LVU906
 852:Middlewares/Third_Party/LwIP/src/apps/mqtt/mqtt.c ****         /* parse header from old pbuf (buffered in client->rx_buffer) */
 3153              		.loc 1 852 33 is_stmt 0 view .LVU907
 3154 0016 B36E     		ldr	r3, [r6, #104]
 852:Middlewares/Third_Party/LwIP/src/apps/mqtt/mqtt.c ****         /* parse header from old pbuf (buffered in client->rx_buffer) */
 3155              		.loc 1 852 10 view .LVU908
 3156 0018 9C42     		cmp	r4, r3
 3157 001a 62D2     		bcs	.L249
 854:Middlewares/Third_Party/LwIP/src/apps/mqtt/mqtt.c ****       } else {
 3158              		.loc 1 854 9 is_stmt 1 view .LVU909
 854:Middlewares/Third_Party/LwIP/src/apps/mqtt/mqtt.c ****       } else {
 3159              		.loc 1 854 11 is_stmt 0 view .LVU910
 3160 001c 3319     		adds	r3, r6, r4
 3161 001e 93F86CA0 		ldrb	r10, [r3, #108]	@ zero_extendqisi2
 3162              	.LVL357:
 3163              	.L250:
 861:Middlewares/Third_Party/LwIP/src/apps/mqtt/mqtt.c **** 
 3164              		.loc 1 861 7 is_stmt 1 view .LVU911
 861:Middlewares/Third_Party/LwIP/src/apps/mqtt/mqtt.c **** 
 3165              		.loc 1 861 20 is_stmt 0 view .LVU912
 3166 0022 0134     		adds	r4, r4, #1
 3167              	.LVL358:
 861:Middlewares/Third_Party/LwIP/src/apps/mqtt/mqtt.c **** 
 3168              		.loc 1 861 20 view .LVU913
 3169 0024 E4B2     		uxtb	r4, r4
 3170              	.LVL359:
 863:Middlewares/Third_Party/LwIP/src/apps/mqtt/mqtt.c ****         /* fixed header contains at least 2 bytes but can contain more, depending on
 3171              		.loc 1 863 7 is_stmt 1 view .LVU914
 863:Middlewares/Third_Party/LwIP/src/apps/mqtt/mqtt.c ****         /* fixed header contains at least 2 bytes but can contain more, depending on
 3172              		.loc 1 863 10 is_stmt 0 view .LVU915
 3173 0026 012C     		cmp	r4, #1
 3174 0028 11D9     		bls	.L246
 867:Middlewares/Third_Party/LwIP/src/apps/mqtt/mqtt.c ****         if ((b & 0x80) == 0) {
 3175              		.loc 1 867 9 is_stmt 1 view .LVU916
 867:Middlewares/Third_Party/LwIP/src/apps/mqtt/mqtt.c ****         if ((b & 0x80) == 0) {
 3176              		.loc 1 867 24 is_stmt 0 view .LVU917
 3177 002a 0AF07F03 		and	r3, r10, #127
 867:Middlewares/Third_Party/LwIP/src/apps/mqtt/mqtt.c ****         if ((b & 0x80) == 0) {
 3178              		.loc 1 867 61 view .LVU918
 3179 002e A21E     		subs	r2, r4, #2
 867:Middlewares/Third_Party/LwIP/src/apps/mqtt/mqtt.c ****         if ((b & 0x80) == 0) {
 3180              		.loc 1 867 66 view .LVU919
 3181 0030 C2EBC202 		rsb	r2, r2, r2, lsl #3
 867:Middlewares/Third_Party/LwIP/src/apps/mqtt/mqtt.c ****         if ((b & 0x80) == 0) {
 3182              		.loc 1 867 42 view .LVU920
 3183 0034 9340     		lsls	r3, r3, r2
 867:Middlewares/Third_Party/LwIP/src/apps/mqtt/mqtt.c ****         if ((b & 0x80) == 0) {
 3184              		.loc 1 867 21 view .LVU921
 3185 0036 48EA0308 		orr	r8, r8, r3
 3186              	.LVL360:
ARM GAS  /tmp/ccekGo1E.s 			page 90


 868:Middlewares/Third_Party/LwIP/src/apps/mqtt/mqtt.c ****           /* fixed header is done */
 3187              		.loc 1 868 9 is_stmt 1 view .LVU922
 868:Middlewares/Third_Party/LwIP/src/apps/mqtt/mqtt.c ****           /* fixed header is done */
 3188              		.loc 1 868 12 is_stmt 0 view .LVU923
 3189 003a 1AF0800F 		tst	r10, #128
 3190 003e 06D1     		bne	.L246
 870:Middlewares/Third_Party/LwIP/src/apps/mqtt/mqtt.c ****           if (msg_rem_len == 0) {
 3191              		.loc 1 870 11 is_stmt 1 discriminator 4 view .LVU924
 870:Middlewares/Third_Party/LwIP/src/apps/mqtt/mqtt.c ****           if (msg_rem_len == 0) {
 3192              		.loc 1 870 11 discriminator 4 view .LVU925
 870:Middlewares/Third_Party/LwIP/src/apps/mqtt/mqtt.c ****           if (msg_rem_len == 0) {
 3193              		.loc 1 870 11 discriminator 4 view .LVU926
 871:Middlewares/Third_Party/LwIP/src/apps/mqtt/mqtt.c ****             /* Complete message with no extra headers of payload received */
 3194              		.loc 1 871 11 discriminator 4 view .LVU927
 871:Middlewares/Third_Party/LwIP/src/apps/mqtt/mqtt.c ****             /* Complete message with no extra headers of payload received */
 3195              		.loc 1 871 14 is_stmt 0 discriminator 4 view .LVU928
 3196 0040 B8F1000F 		cmp	r8, #0
 3197 0044 5CD0     		beq	.L261
 879:Middlewares/Third_Party/LwIP/src/apps/mqtt/mqtt.c ****           }
 3198              		.loc 1 879 13 is_stmt 1 view .LVU929
 879:Middlewares/Third_Party/LwIP/src/apps/mqtt/mqtt.c ****           }
 3199              		.loc 1 879 40 is_stmt 0 view .LVU930
 3200 0046 A044     		add	r8, r8, r4
 3201              	.LVL361:
 879:Middlewares/Third_Party/LwIP/src/apps/mqtt/mqtt.c ****           }
 3202              		.loc 1 879 65 view .LVU931
 3203 0048 B36E     		ldr	r3, [r6, #104]
 879:Middlewares/Third_Party/LwIP/src/apps/mqtt/mqtt.c ****           }
 3204              		.loc 1 879 25 view .LVU932
 3205 004a A8EB0308 		sub	r8, r8, r3
 3206              	.LVL362:
 3207              	.L246:
 846:Middlewares/Third_Party/LwIP/src/apps/mqtt/mqtt.c ****     /* We ALWAYS parse the header here first. Even if the header was not
 3208              		.loc 1 846 9 is_stmt 1 view .LVU933
 846:Middlewares/Third_Party/LwIP/src/apps/mqtt/mqtt.c ****     /* We ALWAYS parse the header here first. Even if the header was not
 3209              		.loc 1 846 11 is_stmt 0 view .LVU934
 3210 004e BBF80830 		ldrh	r3, [fp, #8]
 846:Middlewares/Third_Party/LwIP/src/apps/mqtt/mqtt.c ****     /* We ALWAYS parse the header here first. Even if the header was not
 3211              		.loc 1 846 9 view .LVU935
 3212 0052 9F42     		cmp	r7, r3
 3213 0054 5DD2     		bcs	.L262
 850:Middlewares/Third_Party/LwIP/src/apps/mqtt/mqtt.c **** 
 3214              		.loc 1 850 5 is_stmt 1 view .LVU936
 850:Middlewares/Third_Party/LwIP/src/apps/mqtt/mqtt.c **** 
 3215              		.loc 1 850 8 is_stmt 0 view .LVU937
 3216 0056 012C     		cmp	r4, #1
 3217 0058 DDD9     		bls	.L247
 850:Middlewares/Third_Party/LwIP/src/apps/mqtt/mqtt.c **** 
 3218              		.loc 1 850 29 discriminator 1 view .LVU938
 3219 005a 1AF0800F 		tst	r10, #128
 3220 005e DAD1     		bne	.L247
 3221              	.LBB13:
 885:Middlewares/Third_Party/LwIP/src/apps/mqtt/mqtt.c **** 
 3222              		.loc 1 885 7 is_stmt 1 view .LVU939
 887:Middlewares/Third_Party/LwIP/src/apps/mqtt/mqtt.c **** 
 3223              		.loc 1 887 7 view .LVU940
 887:Middlewares/Third_Party/LwIP/src/apps/mqtt/mqtt.c **** 
ARM GAS  /tmp/ccekGo1E.s 			page 91


 3224              		.loc 1 887 26 is_stmt 0 view .LVU941
 3225 0060 B56E     		ldr	r5, [r6, #104]
 887:Middlewares/Third_Party/LwIP/src/apps/mqtt/mqtt.c **** 
 3226              		.loc 1 887 36 view .LVU942
 3227 0062 2D1B     		subs	r5, r5, r4
 887:Middlewares/Third_Party/LwIP/src/apps/mqtt/mqtt.c **** 
 3228              		.loc 1 887 83 view .LVU943
 3229 0064 C4F18002 		rsb	r2, r4, #128
 887:Middlewares/Third_Party/LwIP/src/apps/mqtt/mqtt.c **** 
 3230              		.loc 1 887 53 view .LVU944
 3231 0068 B5FBF2F9 		udiv	r9, r5, r2
 3232 006c 02FB1959 		mls	r9, r2, r9, r5
 887:Middlewares/Third_Party/LwIP/src/apps/mqtt/mqtt.c **** 
 3233              		.loc 1 887 100 view .LVU945
 3234 0070 A2B2     		uxth	r2, r4
 3235 0072 0192     		str	r2, [sp, #4]
 887:Middlewares/Third_Party/LwIP/src/apps/mqtt/mqtt.c **** 
 3236              		.loc 1 887 17 view .LVU946
 3237 0074 14FA89F9 		uxtah	r9, r4, r9
 3238 0078 1FFA89F9 		uxth	r9, r9
 3239              	.LVL363:
 890:Middlewares/Third_Party/LwIP/src/apps/mqtt/mqtt.c **** 
 3240              		.loc 1 890 7 is_stmt 1 view .LVU947
 890:Middlewares/Third_Party/LwIP/src/apps/mqtt/mqtt.c **** 
 3241              		.loc 1 890 24 is_stmt 0 view .LVU948
 3242 007c DD1B     		subs	r5, r3, r7
 3243 007e ADB2     		uxth	r5, r5
 890:Middlewares/Third_Party/LwIP/src/apps/mqtt/mqtt.c **** 
 3244              		.loc 1 890 17 view .LVU949
 3245 0080 4545     		cmp	r5, r8
 3246 0082 01D3     		bcc	.L253
 890:Middlewares/Third_Party/LwIP/src/apps/mqtt/mqtt.c **** 
 3247              		.loc 1 890 17 discriminator 2 view .LVU950
 3248 0084 1FFA88F5 		uxth	r5, r8
 3249              	.L253:
 3250              	.LVL364:
 893:Middlewares/Third_Party/LwIP/src/apps/mqtt/mqtt.c ****       if (cpy_len > buffer_space) {
 3251              		.loc 1 893 7 is_stmt 1 discriminator 4 view .LVU951
 893:Middlewares/Third_Party/LwIP/src/apps/mqtt/mqtt.c ****       if (cpy_len > buffer_space) {
 3252              		.loc 1 893 20 is_stmt 0 discriminator 4 view .LVU952
 3253 0088 C9F18003 		rsb	r3, r9, #128
 3254 008c 9BB2     		uxth	r3, r3
 3255 008e 0093     		str	r3, [sp]
 3256              	.LVL365:
 894:Middlewares/Third_Party/LwIP/src/apps/mqtt/mqtt.c ****         cpy_len = buffer_space;
 3257              		.loc 1 894 7 is_stmt 1 discriminator 4 view .LVU953
 894:Middlewares/Third_Party/LwIP/src/apps/mqtt/mqtt.c ****         cpy_len = buffer_space;
 3258              		.loc 1 894 10 is_stmt 0 discriminator 4 view .LVU954
 3259 0090 9D42     		cmp	r5, r3
 3260 0092 00D9     		bls	.L254
 895:Middlewares/Third_Party/LwIP/src/apps/mqtt/mqtt.c ****       }
 3261              		.loc 1 895 17 view .LVU955
 3262 0094 1D46     		mov	r5, r3
 3263              	.LVL366:
 3264              	.L254:
 897:Middlewares/Third_Party/LwIP/src/apps/mqtt/mqtt.c **** 
 3265              		.loc 1 897 7 is_stmt 1 view .LVU956
ARM GAS  /tmp/ccekGo1E.s 			page 92


 897:Middlewares/Third_Party/LwIP/src/apps/mqtt/mqtt.c **** 
 3266              		.loc 1 897 28 is_stmt 0 view .LVU957
 3267 0096 06F16C01 		add	r1, r6, #108
 897:Middlewares/Third_Party/LwIP/src/apps/mqtt/mqtt.c **** 
 3268              		.loc 1 897 7 view .LVU958
 3269 009a 3B46     		mov	r3, r7
 3270              	.LVL367:
 897:Middlewares/Third_Party/LwIP/src/apps/mqtt/mqtt.c **** 
 3271              		.loc 1 897 7 view .LVU959
 3272 009c 2A46     		mov	r2, r5
 3273 009e 4944     		add	r1, r1, r9
 3274 00a0 5846     		mov	r0, fp
 3275 00a2 FFF7FEFF 		bl	pbuf_copy_partial
 3276              	.LVL368:
 900:Middlewares/Third_Party/LwIP/src/apps/mqtt/mqtt.c ****       in_offset += cpy_len;
 3277              		.loc 1 900 7 is_stmt 1 view .LVU960
 900:Middlewares/Third_Party/LwIP/src/apps/mqtt/mqtt.c ****       in_offset += cpy_len;
 3278              		.loc 1 900 23 is_stmt 0 view .LVU961
 3279 00a6 B36E     		ldr	r3, [r6, #104]
 3280 00a8 2B44     		add	r3, r3, r5
 3281 00aa B366     		str	r3, [r6, #104]
 901:Middlewares/Third_Party/LwIP/src/apps/mqtt/mqtt.c ****       msg_rem_len -= cpy_len;
 3282              		.loc 1 901 7 is_stmt 1 view .LVU962
 901:Middlewares/Third_Party/LwIP/src/apps/mqtt/mqtt.c ****       msg_rem_len -= cpy_len;
 3283              		.loc 1 901 17 is_stmt 0 view .LVU963
 3284 00ac 2F44     		add	r7, r7, r5
 3285              	.LVL369:
 901:Middlewares/Third_Party/LwIP/src/apps/mqtt/mqtt.c ****       msg_rem_len -= cpy_len;
 3286              		.loc 1 901 17 view .LVU964
 3287 00ae BFB2     		uxth	r7, r7
 3288              	.LVL370:
 902:Middlewares/Third_Party/LwIP/src/apps/mqtt/mqtt.c **** 
 3289              		.loc 1 902 7 is_stmt 1 view .LVU965
 904:Middlewares/Third_Party/LwIP/src/apps/mqtt/mqtt.c ****       if ((msg_rem_len == 0) || (cpy_len == buffer_space)) {
 3290              		.loc 1 904 7 view .LVU966
 904:Middlewares/Third_Party/LwIP/src/apps/mqtt/mqtt.c ****       if ((msg_rem_len == 0) || (cpy_len == buffer_space)) {
 3291              		.loc 1 904 7 view .LVU967
 904:Middlewares/Third_Party/LwIP/src/apps/mqtt/mqtt.c ****       if ((msg_rem_len == 0) || (cpy_len == buffer_space)) {
 3292              		.loc 1 904 7 view .LVU968
 905:Middlewares/Third_Party/LwIP/src/apps/mqtt/mqtt.c ****         /* Whole message received or buffer is full */
 3293              		.loc 1 905 7 view .LVU969
 905:Middlewares/Third_Party/LwIP/src/apps/mqtt/mqtt.c ****         /* Whole message received or buffer is full */
 3294              		.loc 1 905 10 is_stmt 0 view .LVU970
 3295 00b0 B8EB0508 		subs	r8, r8, r5
 3296              	.LVL371:
 905:Middlewares/Third_Party/LwIP/src/apps/mqtt/mqtt.c ****         /* Whole message received or buffer is full */
 3297              		.loc 1 905 10 view .LVU971
 3298 00b4 02D0     		beq	.L255
 905:Middlewares/Third_Party/LwIP/src/apps/mqtt/mqtt.c ****         /* Whole message received or buffer is full */
 3299              		.loc 1 905 30 discriminator 1 view .LVU972
 3300 00b6 009B     		ldr	r3, [sp]
 3301 00b8 9D42     		cmp	r5, r3
 3302 00ba C8D1     		bne	.L246
 3303              	.L255:
 3304              	.LBB14:
 907:Middlewares/Third_Party/LwIP/src/apps/mqtt/mqtt.c ****         if (res != MQTT_CONNECT_ACCEPTED) {
 3305              		.loc 1 907 9 is_stmt 1 view .LVU973
ARM GAS  /tmp/ccekGo1E.s 			page 93


 907:Middlewares/Third_Party/LwIP/src/apps/mqtt/mqtt.c ****         if (res != MQTT_CONNECT_ACCEPTED) {
 3306              		.loc 1 907 96 is_stmt 0 view .LVU974
 3307 00bc 05EB0902 		add	r2, r5, r9
 3308 00c0 92B2     		uxth	r2, r2
 907:Middlewares/Third_Party/LwIP/src/apps/mqtt/mqtt.c ****         if (res != MQTT_CONNECT_ACCEPTED) {
 3309              		.loc 1 907 40 view .LVU975
 3310 00c2 019B     		ldr	r3, [sp, #4]
 3311 00c4 D21A     		subs	r2, r2, r3
 3312 00c6 4346     		mov	r3, r8
 3313 00c8 92B2     		uxth	r2, r2
 3314 00ca 2146     		mov	r1, r4
 3315 00cc 3046     		mov	r0, r6
 3316 00ce FFF7FEFF 		bl	mqtt_message_received
 3317              	.LVL372:
 908:Middlewares/Third_Party/LwIP/src/apps/mqtt/mqtt.c ****           return res;
 3318              		.loc 1 908 9 is_stmt 1 view .LVU976
 908:Middlewares/Third_Party/LwIP/src/apps/mqtt/mqtt.c ****           return res;
 3319              		.loc 1 908 12 is_stmt 0 view .LVU977
 3320 00d2 0346     		mov	r3, r0
 3321 00d4 F0B9     		cbnz	r0, .L256
 911:Middlewares/Third_Party/LwIP/src/apps/mqtt/mqtt.c ****           /* Reset parser state */
 3322              		.loc 1 911 9 is_stmt 1 view .LVU978
 911:Middlewares/Third_Party/LwIP/src/apps/mqtt/mqtt.c ****           /* Reset parser state */
 3323              		.loc 1 911 12 is_stmt 0 view .LVU979
 3324 00d6 B8F1000F 		cmp	r8, #0
 3325 00da B8D1     		bne	.L246
 913:Middlewares/Third_Party/LwIP/src/apps/mqtt/mqtt.c ****           /* msg_tot_len = 0; */
 3326              		.loc 1 913 11 is_stmt 1 view .LVU980
 913:Middlewares/Third_Party/LwIP/src/apps/mqtt/mqtt.c ****           /* msg_tot_len = 0; */
 3327              		.loc 1 913 27 is_stmt 0 view .LVU981
 3328 00dc 0024     		movs	r4, #0
 3329              	.LVL373:
 913:Middlewares/Third_Party/LwIP/src/apps/mqtt/mqtt.c ****           /* msg_tot_len = 0; */
 3330              		.loc 1 913 27 view .LVU982
 3331 00de B466     		str	r4, [r6, #104]
 915:Middlewares/Third_Party/LwIP/src/apps/mqtt/mqtt.c ****         }
 3332              		.loc 1 915 11 is_stmt 1 view .LVU983
 3333              	.LVL374:
 915:Middlewares/Third_Party/LwIP/src/apps/mqtt/mqtt.c ****         }
 3334              		.loc 1 915 11 is_stmt 0 view .LVU984
 3335 00e0 B5E7     		b	.L246
 3336              	.LVL375:
 3337              	.L249:
 915:Middlewares/Third_Party/LwIP/src/apps/mqtt/mqtt.c ****         }
 3338              		.loc 1 915 11 view .LVU985
 3339              	.LBE14:
 3340              	.LBE13:
 858:Middlewares/Third_Party/LwIP/src/apps/mqtt/mqtt.c ****         client->rx_buffer[client->msg_idx++] = b;
 3341              		.loc 1 858 9 is_stmt 1 view .LVU986
 858:Middlewares/Third_Party/LwIP/src/apps/mqtt/mqtt.c ****         client->rx_buffer[client->msg_idx++] = b;
 3342              		.loc 1 858 13 is_stmt 0 view .LVU987
 3343 00e2 7D1C     		adds	r5, r7, #1
 3344 00e4 ADB2     		uxth	r5, r5
 3345              	.LVL376:
 858:Middlewares/Third_Party/LwIP/src/apps/mqtt/mqtt.c ****         client->rx_buffer[client->msg_idx++] = b;
 3346              		.loc 1 858 13 view .LVU988
 3347 00e6 3946     		mov	r1, r7
ARM GAS  /tmp/ccekGo1E.s 			page 94


 3348 00e8 5846     		mov	r0, fp
 3349 00ea FFF7FEFF 		bl	pbuf_get_at
 3350              	.LVL377:
 3351 00ee 8246     		mov	r10, r0
 3352              	.LVL378:
 859:Middlewares/Third_Party/LwIP/src/apps/mqtt/mqtt.c ****       }
 3353              		.loc 1 859 9 is_stmt 1 view .LVU989
 859:Middlewares/Third_Party/LwIP/src/apps/mqtt/mqtt.c ****       }
 3354              		.loc 1 859 33 is_stmt 0 view .LVU990
 3355 00f0 B36E     		ldr	r3, [r6, #104]
 859:Middlewares/Third_Party/LwIP/src/apps/mqtt/mqtt.c ****       }
 3356              		.loc 1 859 42 view .LVU991
 3357 00f2 5A1C     		adds	r2, r3, #1
 3358 00f4 B266     		str	r2, [r6, #104]
 859:Middlewares/Third_Party/LwIP/src/apps/mqtt/mqtt.c ****       }
 3359              		.loc 1 859 46 view .LVU992
 3360 00f6 3344     		add	r3, r3, r6
 3361 00f8 83F86C00 		strb	r0, [r3, #108]
 858:Middlewares/Third_Party/LwIP/src/apps/mqtt/mqtt.c ****         client->rx_buffer[client->msg_idx++] = b;
 3362              		.loc 1 858 13 view .LVU993
 3363 00fc 2F46     		mov	r7, r5
 3364 00fe 90E7     		b	.L250
 3365              	.LVL379:
 3366              	.L261:
 873:Middlewares/Third_Party/LwIP/src/apps/mqtt/mqtt.c ****             client->msg_idx = 0;
 3367              		.loc 1 873 13 is_stmt 1 view .LVU994
 3368 0100 0023     		movs	r3, #0
 3369 0102 1A46     		mov	r2, r3
 3370 0104 2146     		mov	r1, r4
 3371 0106 3046     		mov	r0, r6
 3372 0108 FFF7FEFF 		bl	mqtt_message_received
 3373              	.LVL380:
 874:Middlewares/Third_Party/LwIP/src/apps/mqtt/mqtt.c ****             fixed_hdr_idx = 0;
 3374              		.loc 1 874 13 view .LVU995
 874:Middlewares/Third_Party/LwIP/src/apps/mqtt/mqtt.c ****             fixed_hdr_idx = 0;
 3375              		.loc 1 874 29 is_stmt 0 view .LVU996
 3376 010c 0024     		movs	r4, #0
 3377              	.LVL381:
 874:Middlewares/Third_Party/LwIP/src/apps/mqtt/mqtt.c ****             fixed_hdr_idx = 0;
 3378              		.loc 1 874 29 view .LVU997
 3379 010e B466     		str	r4, [r6, #104]
 875:Middlewares/Third_Party/LwIP/src/apps/mqtt/mqtt.c ****           } else {
 3380              		.loc 1 875 13 is_stmt 1 view .LVU998
 3381              	.LVL382:
 875:Middlewares/Third_Party/LwIP/src/apps/mqtt/mqtt.c ****           } else {
 3382              		.loc 1 875 13 is_stmt 0 view .LVU999
 3383 0110 9DE7     		b	.L246
 3384              	.LVL383:
 3385              	.L262:
 920:Middlewares/Third_Party/LwIP/src/apps/mqtt/mqtt.c **** }
 3386              		.loc 1 920 10 view .LVU1000
 3387 0112 0023     		movs	r3, #0
 3388              	.LVL384:
 3389              	.L256:
 921:Middlewares/Third_Party/LwIP/src/apps/mqtt/mqtt.c **** 
 3390              		.loc 1 921 1 view .LVU1001
 3391 0114 1846     		mov	r0, r3
ARM GAS  /tmp/ccekGo1E.s 			page 95


 3392 0116 03B0     		add	sp, sp, #12
 3393              	.LCFI34:
 3394              		.cfi_def_cfa_offset 36
 3395              		@ sp needed
 3396 0118 BDE8F08F 		pop	{r4, r5, r6, r7, r8, r9, r10, fp, pc}
 921:Middlewares/Third_Party/LwIP/src/apps/mqtt/mqtt.c **** 
 3397              		.loc 1 921 1 view .LVU1002
 3398              		.cfi_endproc
 3399              	.LFE184:
 3401              		.section	.rodata.mqtt_tcp_recv_cb.str1.4,"aMS",%progbits,1
 3402              		.align	2
 3403              	.LC18:
 3404 0000 6D717474 		.ascii	"mqtt_tcp_recv_cb: client != NULL\000"
 3404      5F746370 
 3404      5F726563 
 3404      765F6362 
 3404      3A20636C 
 3405 0021 000000   		.align	2
 3406              	.LC19:
 3407 0024 6D717474 		.ascii	"mqtt_tcp_recv_cb: client->conn == pcb\000"
 3407      5F746370 
 3407      5F726563 
 3407      765F6362 
 3407      3A20636C 
 3408              		.section	.text.mqtt_tcp_recv_cb,"ax",%progbits
 3409              		.align	1
 3410              		.syntax unified
 3411              		.thumb
 3412              		.thumb_func
 3413              		.fpu fpv4-sp-d16
 3415              	mqtt_tcp_recv_cb:
 3416              	.LVL385:
 3417              	.LFB185:
 933:Middlewares/Third_Party/LwIP/src/apps/mqtt/mqtt.c ****   mqtt_client_t *client = (mqtt_client_t *)arg;
 3418              		.loc 1 933 1 is_stmt 1 view -0
 3419              		.cfi_startproc
 3420              		@ args = 0, pretend = 0, frame = 0
 3421              		@ frame_needed = 0, uses_anonymous_args = 0
 933:Middlewares/Third_Party/LwIP/src/apps/mqtt/mqtt.c ****   mqtt_client_t *client = (mqtt_client_t *)arg;
 3422              		.loc 1 933 1 is_stmt 0 view .LVU1004
 3423 0000 F8B5     		push	{r3, r4, r5, r6, r7, lr}
 3424              	.LCFI35:
 3425              		.cfi_def_cfa_offset 24
 3426              		.cfi_offset 3, -24
 3427              		.cfi_offset 4, -20
 3428              		.cfi_offset 5, -16
 3429              		.cfi_offset 6, -12
 3430              		.cfi_offset 7, -8
 3431              		.cfi_offset 14, -4
 3432 0002 0E46     		mov	r6, r1
 3433 0004 1446     		mov	r4, r2
 3434 0006 1D46     		mov	r5, r3
 934:Middlewares/Third_Party/LwIP/src/apps/mqtt/mqtt.c ****   LWIP_ASSERT("mqtt_tcp_recv_cb: client != NULL", client != NULL);
 3435              		.loc 1 934 3 is_stmt 1 view .LVU1005
 3436              	.LVL386:
 935:Middlewares/Third_Party/LwIP/src/apps/mqtt/mqtt.c ****   LWIP_ASSERT("mqtt_tcp_recv_cb: client->conn == pcb", client->conn == pcb);
 3437              		.loc 1 935 3 view .LVU1006
ARM GAS  /tmp/ccekGo1E.s 			page 96


 935:Middlewares/Third_Party/LwIP/src/apps/mqtt/mqtt.c ****   LWIP_ASSERT("mqtt_tcp_recv_cb: client->conn == pcb", client->conn == pcb);
 3438              		.loc 1 935 3 view .LVU1007
 3439 0008 0746     		mov	r7, r0
 3440 000a E8B1     		cbz	r0, .L271
 3441              	.LVL387:
 3442              	.L264:
 935:Middlewares/Third_Party/LwIP/src/apps/mqtt/mqtt.c ****   LWIP_ASSERT("mqtt_tcp_recv_cb: client->conn == pcb", client->conn == pcb);
 3443              		.loc 1 935 3 discriminator 3 view .LVU1008
 935:Middlewares/Third_Party/LwIP/src/apps/mqtt/mqtt.c ****   LWIP_ASSERT("mqtt_tcp_recv_cb: client->conn == pcb", client->conn == pcb);
 3444              		.loc 1 935 3 discriminator 3 view .LVU1009
 936:Middlewares/Third_Party/LwIP/src/apps/mqtt/mqtt.c **** 
 3445              		.loc 1 936 3 discriminator 3 view .LVU1010
 936:Middlewares/Third_Party/LwIP/src/apps/mqtt/mqtt.c **** 
 3446              		.loc 1 936 3 discriminator 3 view .LVU1011
 3447 000c FB68     		ldr	r3, [r7, #12]
 3448 000e B342     		cmp	r3, r6
 3449 0010 06D0     		beq	.L265
 936:Middlewares/Third_Party/LwIP/src/apps/mqtt/mqtt.c **** 
 3450              		.loc 1 936 3 discriminator 1 view .LVU1012
 936:Middlewares/Third_Party/LwIP/src/apps/mqtt/mqtt.c **** 
 3451              		.loc 1 936 3 discriminator 1 view .LVU1013
 3452 0012 1A4B     		ldr	r3, .L275
 3453 0014 4FF46A72 		mov	r2, #936
 3454 0018 1949     		ldr	r1, .L275+4
 3455 001a 1A48     		ldr	r0, .L275+8
 3456 001c FFF7FEFF 		bl	printf
 3457              	.LVL388:
 3458              	.L265:
 936:Middlewares/Third_Party/LwIP/src/apps/mqtt/mqtt.c **** 
 3459              		.loc 1 936 3 discriminator 3 view .LVU1014
 936:Middlewares/Third_Party/LwIP/src/apps/mqtt/mqtt.c **** 
 3460              		.loc 1 936 3 discriminator 3 view .LVU1015
 938:Middlewares/Third_Party/LwIP/src/apps/mqtt/mqtt.c ****     LWIP_DEBUGF(MQTT_DEBUG_TRACE, ("mqtt_tcp_recv_cb: Recv pbuf=NULL, remote has closed connection\
 3461              		.loc 1 938 3 discriminator 3 view .LVU1016
 938:Middlewares/Third_Party/LwIP/src/apps/mqtt/mqtt.c ****     LWIP_DEBUGF(MQTT_DEBUG_TRACE, ("mqtt_tcp_recv_cb: Recv pbuf=NULL, remote has closed connection\
 3462              		.loc 1 938 6 is_stmt 0 discriminator 3 view .LVU1017
 3463 0020 D4B1     		cbz	r4, .L272
 3464              	.LBB15:
 942:Middlewares/Third_Party/LwIP/src/apps/mqtt/mqtt.c ****     if (err != ERR_OK) {
 3465              		.loc 1 942 5 is_stmt 1 view .LVU1018
 943:Middlewares/Third_Party/LwIP/src/apps/mqtt/mqtt.c ****       LWIP_DEBUGF(MQTT_DEBUG_WARN, ("mqtt_tcp_recv_cb: Recv err=%d\n", err));
 3466              		.loc 1 943 5 view .LVU1019
 943:Middlewares/Third_Party/LwIP/src/apps/mqtt/mqtt.c ****       LWIP_DEBUGF(MQTT_DEBUG_WARN, ("mqtt_tcp_recv_cb: Recv err=%d\n", err));
 3467              		.loc 1 943 8 is_stmt 0 view .LVU1020
 3468 0022 05BB     		cbnz	r5, .L273
 950:Middlewares/Third_Party/LwIP/src/apps/mqtt/mqtt.c ****     res = mqtt_parse_incoming(client, p);
 3469              		.loc 1 950 5 is_stmt 1 view .LVU1021
 3470 0024 2189     		ldrh	r1, [r4, #8]
 3471 0026 3046     		mov	r0, r6
 3472 0028 FFF7FEFF 		bl	tcp_recved
 3473              	.LVL389:
 951:Middlewares/Third_Party/LwIP/src/apps/mqtt/mqtt.c ****     pbuf_free(p);
 3474              		.loc 1 951 5 view .LVU1022
 951:Middlewares/Third_Party/LwIP/src/apps/mqtt/mqtt.c ****     pbuf_free(p);
 3475              		.loc 1 951 11 is_stmt 0 view .LVU1023
 3476 002c 2146     		mov	r1, r4
 3477 002e 3846     		mov	r0, r7
ARM GAS  /tmp/ccekGo1E.s 			page 97


 3478 0030 FFF7FEFF 		bl	mqtt_parse_incoming
 3479              	.LVL390:
 3480 0034 0646     		mov	r6, r0
 3481              	.LVL391:
 952:Middlewares/Third_Party/LwIP/src/apps/mqtt/mqtt.c **** 
 3482              		.loc 1 952 5 is_stmt 1 view .LVU1024
 3483 0036 2046     		mov	r0, r4
 3484 0038 FFF7FEFF 		bl	pbuf_free
 3485              	.LVL392:
 954:Middlewares/Third_Party/LwIP/src/apps/mqtt/mqtt.c ****       mqtt_close(client, res);
 3486              		.loc 1 954 5 view .LVU1025
 954:Middlewares/Third_Party/LwIP/src/apps/mqtt/mqtt.c ****       mqtt_close(client, res);
 3487              		.loc 1 954 8 is_stmt 0 view .LVU1026
 3488 003c C6B9     		cbnz	r6, .L274
 3489              	.L269:
 958:Middlewares/Third_Party/LwIP/src/apps/mqtt/mqtt.c ****       /* Reset server alive watchdog */
 3490              		.loc 1 958 5 is_stmt 1 view .LVU1027
 958:Middlewares/Third_Party/LwIP/src/apps/mqtt/mqtt.c ****       /* Reset server alive watchdog */
 3491              		.loc 1 958 15 is_stmt 0 view .LVU1028
 3492 003e 7B88     		ldrh	r3, [r7, #2]
 958:Middlewares/Third_Party/LwIP/src/apps/mqtt/mqtt.c ****       /* Reset server alive watchdog */
 3493              		.loc 1 958 8 view .LVU1029
 3494 0040 A3B1     		cbz	r3, .L267
 960:Middlewares/Third_Party/LwIP/src/apps/mqtt/mqtt.c ****     }
 3495              		.loc 1 960 7 is_stmt 1 view .LVU1030
 960:Middlewares/Third_Party/LwIP/src/apps/mqtt/mqtt.c ****     }
 3496              		.loc 1 960 31 is_stmt 0 view .LVU1031
 3497 0042 0023     		movs	r3, #0
 3498 0044 BB80     		strh	r3, [r7, #4]	@ movhi
 3499 0046 11E0     		b	.L267
 3500              	.LVL393:
 3501              	.L271:
 960:Middlewares/Third_Party/LwIP/src/apps/mqtt/mqtt.c ****     }
 3502              		.loc 1 960 31 view .LVU1032
 3503              	.LBE15:
 935:Middlewares/Third_Party/LwIP/src/apps/mqtt/mqtt.c ****   LWIP_ASSERT("mqtt_tcp_recv_cb: client->conn == pcb", client->conn == pcb);
 3504              		.loc 1 935 3 is_stmt 1 discriminator 1 view .LVU1033
 935:Middlewares/Third_Party/LwIP/src/apps/mqtt/mqtt.c ****   LWIP_ASSERT("mqtt_tcp_recv_cb: client->conn == pcb", client->conn == pcb);
 3505              		.loc 1 935 3 discriminator 1 view .LVU1034
 3506 0048 0C4B     		ldr	r3, .L275
 3507              	.LVL394:
 935:Middlewares/Third_Party/LwIP/src/apps/mqtt/mqtt.c ****   LWIP_ASSERT("mqtt_tcp_recv_cb: client->conn == pcb", client->conn == pcb);
 3508              		.loc 1 935 3 is_stmt 0 discriminator 1 view .LVU1035
 3509 004a 40F2A732 		movw	r2, #935
 3510              	.LVL395:
 935:Middlewares/Third_Party/LwIP/src/apps/mqtt/mqtt.c ****   LWIP_ASSERT("mqtt_tcp_recv_cb: client->conn == pcb", client->conn == pcb);
 3511              		.loc 1 935 3 discriminator 1 view .LVU1036
 3512 004e 0E49     		ldr	r1, .L275+12
 3513              	.LVL396:
 935:Middlewares/Third_Party/LwIP/src/apps/mqtt/mqtt.c ****   LWIP_ASSERT("mqtt_tcp_recv_cb: client->conn == pcb", client->conn == pcb);
 3514              		.loc 1 935 3 discriminator 1 view .LVU1037
 3515 0050 0C48     		ldr	r0, .L275+8
 3516              	.LVL397:
 935:Middlewares/Third_Party/LwIP/src/apps/mqtt/mqtt.c ****   LWIP_ASSERT("mqtt_tcp_recv_cb: client->conn == pcb", client->conn == pcb);
 3517              		.loc 1 935 3 discriminator 1 view .LVU1038
 3518 0052 FFF7FEFF 		bl	printf
 3519              	.LVL398:
ARM GAS  /tmp/ccekGo1E.s 			page 98


 3520 0056 D9E7     		b	.L264
 3521              	.L272:
 939:Middlewares/Third_Party/LwIP/src/apps/mqtt/mqtt.c ****     mqtt_close(client, MQTT_CONNECT_DISCONNECTED);
 3522              		.loc 1 939 5 is_stmt 1 discriminator 4 view .LVU1039
 939:Middlewares/Third_Party/LwIP/src/apps/mqtt/mqtt.c ****     mqtt_close(client, MQTT_CONNECT_DISCONNECTED);
 3523              		.loc 1 939 5 discriminator 4 view .LVU1040
 939:Middlewares/Third_Party/LwIP/src/apps/mqtt/mqtt.c ****     mqtt_close(client, MQTT_CONNECT_DISCONNECTED);
 3524              		.loc 1 939 5 discriminator 4 view .LVU1041
 940:Middlewares/Third_Party/LwIP/src/apps/mqtt/mqtt.c ****   } else {
 3525              		.loc 1 940 5 discriminator 4 view .LVU1042
 3526 0058 4FF48071 		mov	r1, #256
 3527 005c 3846     		mov	r0, r7
 3528 005e FFF7FEFF 		bl	mqtt_close
 3529              	.LVL399:
 964:Middlewares/Third_Party/LwIP/src/apps/mqtt/mqtt.c **** }
 3530              		.loc 1 964 10 is_stmt 0 discriminator 4 view .LVU1043
 3531 0062 0025     		movs	r5, #0
 3532 0064 02E0     		b	.L267
 3533              	.L273:
 3534              	.LBB16:
 944:Middlewares/Third_Party/LwIP/src/apps/mqtt/mqtt.c ****       pbuf_free(p);
 3535              		.loc 1 944 7 is_stmt 1 discriminator 4 view .LVU1044
 944:Middlewares/Third_Party/LwIP/src/apps/mqtt/mqtt.c ****       pbuf_free(p);
 3536              		.loc 1 944 7 discriminator 4 view .LVU1045
 944:Middlewares/Third_Party/LwIP/src/apps/mqtt/mqtt.c ****       pbuf_free(p);
 3537              		.loc 1 944 7 discriminator 4 view .LVU1046
 945:Middlewares/Third_Party/LwIP/src/apps/mqtt/mqtt.c ****       return err;
 3538              		.loc 1 945 7 discriminator 4 view .LVU1047
 3539 0066 2046     		mov	r0, r4
 3540 0068 FFF7FEFF 		bl	pbuf_free
 3541              	.LVL400:
 946:Middlewares/Third_Party/LwIP/src/apps/mqtt/mqtt.c ****     }
 3542              		.loc 1 946 7 discriminator 4 view .LVU1048
 3543              	.L267:
 946:Middlewares/Third_Party/LwIP/src/apps/mqtt/mqtt.c ****     }
 3544              		.loc 1 946 7 is_stmt 0 discriminator 4 view .LVU1049
 3545              	.LBE16:
 965:Middlewares/Third_Party/LwIP/src/apps/mqtt/mqtt.c **** 
 3546              		.loc 1 965 1 view .LVU1050
 3547 006c 2846     		mov	r0, r5
 3548 006e F8BD     		pop	{r3, r4, r5, r6, r7, pc}
 3549              	.LVL401:
 3550              	.L274:
 3551              	.LBB17:
 955:Middlewares/Third_Party/LwIP/src/apps/mqtt/mqtt.c ****     }
 3552              		.loc 1 955 7 is_stmt 1 view .LVU1051
 3553 0070 3146     		mov	r1, r6
 3554 0072 3846     		mov	r0, r7
 3555 0074 FFF7FEFF 		bl	mqtt_close
 3556              	.LVL402:
 3557 0078 E1E7     		b	.L269
 3558              	.L276:
 3559 007a 00BF     		.align	2
 3560              	.L275:
 3561 007c 00000000 		.word	.LC0
 3562 0080 24000000 		.word	.LC19
 3563 0084 58000000 		.word	.LC2
ARM GAS  /tmp/ccekGo1E.s 			page 99


 3564 0088 00000000 		.word	.LC18
 3565              	.LBE17:
 3566              		.cfi_endproc
 3567              	.LFE185:
 3569              		.section	.rodata.mqtt_publish.str1.4,"aMS",%progbits,1
 3570              		.align	2
 3571              	.LC20:
 3572 0000 6D717474 		.ascii	"mqtt_publish: client != NULL\000"
 3572      5F707562 
 3572      6C697368 
 3572      3A20636C 
 3572      69656E74 
 3573 001d 000000   		.align	2
 3574              	.LC21:
 3575 0020 6D717474 		.ascii	"mqtt_publish: topic != NULL\000"
 3575      5F707562 
 3575      6C697368 
 3575      3A20746F 
 3575      70696320 
 3576              		.align	2
 3577              	.LC22:
 3578 003c 6D717474 		.ascii	"mqtt_publish: TCP disconnected\000"
 3578      5F707562 
 3578      6C697368 
 3578      3A205443 
 3578      50206469 
 3579 005b 00       		.align	2
 3580              	.LC23:
 3581 005c 6D717474 		.ascii	"mqtt_publish: topic length overflow\000"
 3581      5F707562 
 3581      6C697368 
 3581      3A20746F 
 3581      70696320 
 3582              		.align	2
 3583              	.LC24:
 3584 0080 6D717474 		.ascii	"mqtt_publish: total length overflow\000"
 3584      5F707562 
 3584      6C697368 
 3584      3A20746F 
 3584      74616C20 
 3585              		.section	.text.mqtt_publish,"ax",%progbits
 3586              		.align	1
 3587              		.global	mqtt_publish
 3588              		.syntax unified
 3589              		.thumb
 3590              		.thumb_func
 3591              		.fpu fpv4-sp-d16
 3593              	mqtt_publish:
 3594              	.LVL403:
 3595              	.LFB190:
1074:Middlewares/Third_Party/LwIP/src/apps/mqtt/mqtt.c **** 
1075:Middlewares/Third_Party/LwIP/src/apps/mqtt/mqtt.c **** 
1076:Middlewares/Third_Party/LwIP/src/apps/mqtt/mqtt.c **** 
1077:Middlewares/Third_Party/LwIP/src/apps/mqtt/mqtt.c **** /*-------------------------------------------------------------------------------------------------
1078:Middlewares/Third_Party/LwIP/src/apps/mqtt/mqtt.c **** /* Public API */
1079:Middlewares/Third_Party/LwIP/src/apps/mqtt/mqtt.c **** 
1080:Middlewares/Third_Party/LwIP/src/apps/mqtt/mqtt.c **** 
ARM GAS  /tmp/ccekGo1E.s 			page 100


1081:Middlewares/Third_Party/LwIP/src/apps/mqtt/mqtt.c **** /**
1082:Middlewares/Third_Party/LwIP/src/apps/mqtt/mqtt.c ****  * @ingroup mqtt
1083:Middlewares/Third_Party/LwIP/src/apps/mqtt/mqtt.c ****  * MQTT publish function.
1084:Middlewares/Third_Party/LwIP/src/apps/mqtt/mqtt.c ****  * @param client MQTT client
1085:Middlewares/Third_Party/LwIP/src/apps/mqtt/mqtt.c ****  * @param topic Publish topic string
1086:Middlewares/Third_Party/LwIP/src/apps/mqtt/mqtt.c ****  * @param payload Data to publish (NULL is allowed)
1087:Middlewares/Third_Party/LwIP/src/apps/mqtt/mqtt.c ****  * @param payload_length Length of payload (0 is allowed)
1088:Middlewares/Third_Party/LwIP/src/apps/mqtt/mqtt.c ****  * @param qos Quality of service, 0 1 or 2
1089:Middlewares/Third_Party/LwIP/src/apps/mqtt/mqtt.c ****  * @param retain MQTT retain flag
1090:Middlewares/Third_Party/LwIP/src/apps/mqtt/mqtt.c ****  * @param cb Callback to call when publish is complete or has timed out
1091:Middlewares/Third_Party/LwIP/src/apps/mqtt/mqtt.c ****  * @param arg User supplied argument to publish callback
1092:Middlewares/Third_Party/LwIP/src/apps/mqtt/mqtt.c ****  * @return ERR_OK if successful
1093:Middlewares/Third_Party/LwIP/src/apps/mqtt/mqtt.c ****  *         ERR_CONN if client is disconnected
1094:Middlewares/Third_Party/LwIP/src/apps/mqtt/mqtt.c ****  *         ERR_MEM if short on memory
1095:Middlewares/Third_Party/LwIP/src/apps/mqtt/mqtt.c ****  */
1096:Middlewares/Third_Party/LwIP/src/apps/mqtt/mqtt.c **** err_t
1097:Middlewares/Third_Party/LwIP/src/apps/mqtt/mqtt.c **** mqtt_publish(mqtt_client_t *client, const char *topic, const void *payload, u16_t payload_length, u
1098:Middlewares/Third_Party/LwIP/src/apps/mqtt/mqtt.c ****              mqtt_request_cb_t cb, void *arg)
1099:Middlewares/Third_Party/LwIP/src/apps/mqtt/mqtt.c **** {
 3596              		.loc 1 1099 1 view -0
 3597              		.cfi_startproc
 3598              		@ args = 16, pretend = 0, frame = 8
 3599              		@ frame_needed = 0, uses_anonymous_args = 0
 3600              		.loc 1 1099 1 is_stmt 0 view .LVU1053
 3601 0000 2DE9F04F 		push	{r4, r5, r6, r7, r8, r9, r10, fp, lr}
 3602              	.LCFI36:
 3603              		.cfi_def_cfa_offset 36
 3604              		.cfi_offset 4, -36
 3605              		.cfi_offset 5, -32
 3606              		.cfi_offset 6, -28
 3607              		.cfi_offset 7, -24
 3608              		.cfi_offset 8, -20
 3609              		.cfi_offset 9, -16
 3610              		.cfi_offset 10, -12
 3611              		.cfi_offset 11, -8
 3612              		.cfi_offset 14, -4
 3613 0004 85B0     		sub	sp, sp, #20
 3614              	.LCFI37:
 3615              		.cfi_def_cfa_offset 56
 3616 0006 0F46     		mov	r7, r1
 3617 0008 0292     		str	r2, [sp, #8]
 3618 000a 9946     		mov	r9, r3
 3619 000c 9DF838A0 		ldrb	r10, [sp, #56]	@ zero_extendqisi2
1100:Middlewares/Third_Party/LwIP/src/apps/mqtt/mqtt.c ****   struct mqtt_request_t *r;
 3620              		.loc 1 1100 3 is_stmt 1 view .LVU1054
1101:Middlewares/Third_Party/LwIP/src/apps/mqtt/mqtt.c ****   u16_t pkt_id;
 3621              		.loc 1 1101 3 view .LVU1055
1102:Middlewares/Third_Party/LwIP/src/apps/mqtt/mqtt.c ****   size_t topic_strlen;
 3622              		.loc 1 1102 3 view .LVU1056
1103:Middlewares/Third_Party/LwIP/src/apps/mqtt/mqtt.c ****   size_t total_len;
 3623              		.loc 1 1103 3 view .LVU1057
1104:Middlewares/Third_Party/LwIP/src/apps/mqtt/mqtt.c ****   u16_t topic_len;
 3624              		.loc 1 1104 3 view .LVU1058
1105:Middlewares/Third_Party/LwIP/src/apps/mqtt/mqtt.c ****   u16_t remaining_length;
 3625              		.loc 1 1105 3 view .LVU1059
1106:Middlewares/Third_Party/LwIP/src/apps/mqtt/mqtt.c **** 
1107:Middlewares/Third_Party/LwIP/src/apps/mqtt/mqtt.c ****   LWIP_ASSERT_CORE_LOCKED();
ARM GAS  /tmp/ccekGo1E.s 			page 101


 3626              		.loc 1 1107 28 view .LVU1060
1108:Middlewares/Third_Party/LwIP/src/apps/mqtt/mqtt.c ****   LWIP_ASSERT("mqtt_publish: client != NULL", client);
 3627              		.loc 1 1108 3 view .LVU1061
 3628              		.loc 1 1108 3 view .LVU1062
 3629 0010 0646     		mov	r6, r0
 3630 0012 0028     		cmp	r0, #0
 3631 0014 4FD0     		beq	.L291
 3632              	.LVL404:
 3633              	.L278:
 3634              		.loc 1 1108 3 discriminator 3 view .LVU1063
 3635              		.loc 1 1108 3 discriminator 3 view .LVU1064
1109:Middlewares/Third_Party/LwIP/src/apps/mqtt/mqtt.c ****   LWIP_ASSERT("mqtt_publish: topic != NULL", topic);
 3636              		.loc 1 1109 3 discriminator 3 view .LVU1065
 3637              		.loc 1 1109 3 discriminator 3 view .LVU1066
 3638 0016 002F     		cmp	r7, #0
 3639 0018 55D0     		beq	.L292
 3640              	.L279:
 3641              		.loc 1 1109 3 discriminator 3 view .LVU1067
 3642              		.loc 1 1109 3 discriminator 3 view .LVU1068
1110:Middlewares/Third_Party/LwIP/src/apps/mqtt/mqtt.c ****   LWIP_ERROR("mqtt_publish: TCP disconnected", (client->conn_state != TCP_DISCONNECTED), return ERR
 3643              		.loc 1 1110 3 discriminator 3 view .LVU1069
 3644              		.loc 1 1110 3 discriminator 3 view .LVU1070
 3645 001a B37A     		ldrb	r3, [r6, #10]	@ zero_extendqisi2
 3646 001c 002B     		cmp	r3, #0
 3647 001e 5AD0     		beq	.L293
 3648              		.loc 1 1110 3 discriminator 2 view .LVU1071
1111:Middlewares/Third_Party/LwIP/src/apps/mqtt/mqtt.c **** 
1112:Middlewares/Third_Party/LwIP/src/apps/mqtt/mqtt.c ****   topic_strlen = strlen(topic);
 3649              		.loc 1 1112 3 discriminator 2 view .LVU1072
 3650              		.loc 1 1112 18 is_stmt 0 discriminator 2 view .LVU1073
 3651 0020 3846     		mov	r0, r7
 3652 0022 FFF7FEFF 		bl	strlen
 3653              	.LVL405:
1113:Middlewares/Third_Party/LwIP/src/apps/mqtt/mqtt.c ****   LWIP_ERROR("mqtt_publish: topic length overflow", (topic_strlen <= (0xFFFF - 2)), return ERR_ARG)
 3654              		.loc 1 1113 3 is_stmt 1 discriminator 2 view .LVU1074
 3655              		.loc 1 1113 3 discriminator 2 view .LVU1075
 3656 0026 4FF6FD73 		movw	r3, #65533
 3657 002a 9842     		cmp	r0, r3
 3658 002c 5DD8     		bhi	.L294
 3659              		.loc 1 1113 3 discriminator 2 view .LVU1076
1114:Middlewares/Third_Party/LwIP/src/apps/mqtt/mqtt.c ****   topic_len = (u16_t)topic_strlen;
 3660              		.loc 1 1114 3 discriminator 2 view .LVU1077
 3661              		.loc 1 1114 13 is_stmt 0 discriminator 2 view .LVU1078
 3662 002e 85B2     		uxth	r5, r0
 3663              	.LVL406:
1115:Middlewares/Third_Party/LwIP/src/apps/mqtt/mqtt.c ****   total_len = 2 + topic_len + payload_length;
 3664              		.loc 1 1115 3 is_stmt 1 discriminator 2 view .LVU1079
 3665              		.loc 1 1115 17 is_stmt 0 discriminator 2 view .LVU1080
 3666 0030 AC1C     		adds	r4, r5, #2
 3667              		.loc 1 1115 29 discriminator 2 view .LVU1081
 3668 0032 4C44     		add	r4, r4, r9
 3669              	.LVL407:
1116:Middlewares/Third_Party/LwIP/src/apps/mqtt/mqtt.c **** 
1117:Middlewares/Third_Party/LwIP/src/apps/mqtt/mqtt.c ****   if (qos > 0) {
 3670              		.loc 1 1117 3 is_stmt 1 discriminator 2 view .LVU1082
 3671              		.loc 1 1117 6 is_stmt 0 discriminator 2 view .LVU1083
 3672 0034 BAF1000F 		cmp	r10, #0
ARM GAS  /tmp/ccekGo1E.s 			page 102


 3673 0038 61D1     		bne	.L295
1118:Middlewares/Third_Party/LwIP/src/apps/mqtt/mqtt.c ****     total_len += 2;
1119:Middlewares/Third_Party/LwIP/src/apps/mqtt/mqtt.c ****     /* Generate pkt_id id for QoS1 and 2 */
1120:Middlewares/Third_Party/LwIP/src/apps/mqtt/mqtt.c ****     pkt_id = msg_generate_packet_id(client);
1121:Middlewares/Third_Party/LwIP/src/apps/mqtt/mqtt.c ****   } else {
1122:Middlewares/Third_Party/LwIP/src/apps/mqtt/mqtt.c ****     /* Use reserved value pkt_id 0 for QoS 0 in request handle */
1123:Middlewares/Third_Party/LwIP/src/apps/mqtt/mqtt.c ****     pkt_id = 0;
 3674              		.loc 1 1123 12 view .LVU1084
 3675 003a 4FF0000B 		mov	fp, #0
 3676              	.LVL408:
 3677              	.L283:
1124:Middlewares/Third_Party/LwIP/src/apps/mqtt/mqtt.c ****   }
1125:Middlewares/Third_Party/LwIP/src/apps/mqtt/mqtt.c ****   LWIP_ERROR("mqtt_publish: total length overflow", (total_len <= 0xFFFF), return ERR_ARG);
 3678              		.loc 1 1125 3 is_stmt 1 view .LVU1085
 3679              		.loc 1 1125 3 view .LVU1086
 3680 003e B4F5803F 		cmp	r4, #65536
 3681 0042 62D2     		bcs	.L296
 3682              		.loc 1 1125 3 discriminator 2 view .LVU1087
1126:Middlewares/Third_Party/LwIP/src/apps/mqtt/mqtt.c ****   remaining_length = (u16_t)total_len;
 3683              		.loc 1 1126 3 discriminator 2 view .LVU1088
 3684              		.loc 1 1126 20 is_stmt 0 discriminator 2 view .LVU1089
 3685 0044 A4B2     		uxth	r4, r4
 3686              	.LVL409:
1127:Middlewares/Third_Party/LwIP/src/apps/mqtt/mqtt.c **** 
1128:Middlewares/Third_Party/LwIP/src/apps/mqtt/mqtt.c ****   LWIP_DEBUGF(MQTT_DEBUG_TRACE, ("mqtt_publish: Publish with payload length %d to topic \"%s\"\n", 
 3687              		.loc 1 1128 3 is_stmt 1 discriminator 2 view .LVU1090
 3688              		.loc 1 1128 3 discriminator 2 view .LVU1091
 3689              		.loc 1 1128 3 discriminator 2 view .LVU1092
1129:Middlewares/Third_Party/LwIP/src/apps/mqtt/mqtt.c **** 
1130:Middlewares/Third_Party/LwIP/src/apps/mqtt/mqtt.c ****   r = mqtt_create_request(client->req_list, LWIP_ARRAYSIZE(client->req_list), pkt_id, cb, arg);
 3690              		.loc 1 1130 3 discriminator 2 view .LVU1093
 3691              		.loc 1 1130 7 is_stmt 0 discriminator 2 view .LVU1094
 3692 0046 119B     		ldr	r3, [sp, #68]
 3693 0048 0093     		str	r3, [sp]
 3694 004a 109B     		ldr	r3, [sp, #64]
 3695 004c 5A46     		mov	r2, fp
 3696 004e 0421     		movs	r1, #4
 3697 0050 06F11C00 		add	r0, r6, #28
 3698 0054 FFF7FEFF 		bl	mqtt_create_request
 3699              	.LVL410:
1131:Middlewares/Third_Party/LwIP/src/apps/mqtt/mqtt.c ****   if (r == NULL) {
 3700              		.loc 1 1131 3 is_stmt 1 discriminator 2 view .LVU1095
 3701              		.loc 1 1131 6 is_stmt 0 discriminator 2 view .LVU1096
 3702 0058 0390     		str	r0, [sp, #12]
 3703 005a 0028     		cmp	r0, #0
 3704 005c 70D0     		beq	.L289
1132:Middlewares/Third_Party/LwIP/src/apps/mqtt/mqtt.c ****     return ERR_MEM;
1133:Middlewares/Third_Party/LwIP/src/apps/mqtt/mqtt.c ****   }
1134:Middlewares/Third_Party/LwIP/src/apps/mqtt/mqtt.c **** 
1135:Middlewares/Third_Party/LwIP/src/apps/mqtt/mqtt.c ****   if (mqtt_output_check_space(&client->output, remaining_length) == 0) {
 3705              		.loc 1 1135 3 is_stmt 1 view .LVU1097
 3706              		.loc 1 1135 7 is_stmt 0 view .LVU1098
 3707 005e 06F1EC08 		add	r8, r6, #236
 3708 0062 2146     		mov	r1, r4
 3709 0064 4046     		mov	r0, r8
 3710              	.LVL411:
 3711              		.loc 1 1135 7 view .LVU1099
ARM GAS  /tmp/ccekGo1E.s 			page 103


 3712 0066 FFF7FEFF 		bl	mqtt_output_check_space
 3713              	.LVL412:
 3714              		.loc 1 1135 6 view .LVU1100
 3715 006a 0028     		cmp	r0, #0
 3716 006c 57D0     		beq	.L297
1136:Middlewares/Third_Party/LwIP/src/apps/mqtt/mqtt.c ****     mqtt_delete_request(r);
1137:Middlewares/Third_Party/LwIP/src/apps/mqtt/mqtt.c ****     return ERR_MEM;
1138:Middlewares/Third_Party/LwIP/src/apps/mqtt/mqtt.c ****   }
1139:Middlewares/Third_Party/LwIP/src/apps/mqtt/mqtt.c ****   /* Append fixed header */
1140:Middlewares/Third_Party/LwIP/src/apps/mqtt/mqtt.c ****   mqtt_output_append_fixed_header(&client->output, MQTT_MSG_TYPE_PUBLISH, 0, qos, retain, remaining
 3717              		.loc 1 1140 3 is_stmt 1 view .LVU1101
 3718 006e 0194     		str	r4, [sp, #4]
 3719 0070 9DF83C30 		ldrb	r3, [sp, #60]	@ zero_extendqisi2
 3720 0074 0093     		str	r3, [sp]
 3721 0076 5346     		mov	r3, r10
 3722 0078 0022     		movs	r2, #0
 3723 007a 0321     		movs	r1, #3
 3724 007c 4046     		mov	r0, r8
 3725 007e FFF7FEFF 		bl	mqtt_output_append_fixed_header
 3726              	.LVL413:
1141:Middlewares/Third_Party/LwIP/src/apps/mqtt/mqtt.c **** 
1142:Middlewares/Third_Party/LwIP/src/apps/mqtt/mqtt.c ****   /* Append Topic */
1143:Middlewares/Third_Party/LwIP/src/apps/mqtt/mqtt.c ****   mqtt_output_append_string(&client->output, topic, topic_len);
 3727              		.loc 1 1143 3 view .LVU1102
 3728 0082 2A46     		mov	r2, r5
 3729 0084 3946     		mov	r1, r7
 3730 0086 4046     		mov	r0, r8
 3731 0088 FFF7FEFF 		bl	mqtt_output_append_string
 3732              	.LVL414:
1144:Middlewares/Third_Party/LwIP/src/apps/mqtt/mqtt.c **** 
1145:Middlewares/Third_Party/LwIP/src/apps/mqtt/mqtt.c ****   /* Append packet if for QoS 1 and 2*/
1146:Middlewares/Third_Party/LwIP/src/apps/mqtt/mqtt.c ****   if (qos > 0) {
 3733              		.loc 1 1146 3 view .LVU1103
 3734              		.loc 1 1146 6 is_stmt 0 view .LVU1104
 3735 008c BAF1000F 		cmp	r10, #0
 3736 0090 4BD1     		bne	.L298
 3737              	.L286:
1147:Middlewares/Third_Party/LwIP/src/apps/mqtt/mqtt.c ****     mqtt_output_append_u16(&client->output, pkt_id);
1148:Middlewares/Third_Party/LwIP/src/apps/mqtt/mqtt.c ****   }
1149:Middlewares/Third_Party/LwIP/src/apps/mqtt/mqtt.c **** 
1150:Middlewares/Third_Party/LwIP/src/apps/mqtt/mqtt.c ****   /* Append optional publish payload */
1151:Middlewares/Third_Party/LwIP/src/apps/mqtt/mqtt.c ****   if ((payload != NULL) && (payload_length > 0)) {
 3738              		.loc 1 1151 3 is_stmt 1 view .LVU1105
 3739              		.loc 1 1151 6 is_stmt 0 view .LVU1106
 3740 0092 029B     		ldr	r3, [sp, #8]
 3741 0094 13B1     		cbz	r3, .L287
 3742              		.loc 1 1151 25 discriminator 1 view .LVU1107
 3743 0096 B9F1000F 		cmp	r9, #0
 3744 009a 4BD1     		bne	.L299
 3745              	.L287:
1152:Middlewares/Third_Party/LwIP/src/apps/mqtt/mqtt.c ****     mqtt_output_append_buf(&client->output, payload, payload_length);
1153:Middlewares/Third_Party/LwIP/src/apps/mqtt/mqtt.c ****   }
1154:Middlewares/Third_Party/LwIP/src/apps/mqtt/mqtt.c **** 
1155:Middlewares/Third_Party/LwIP/src/apps/mqtt/mqtt.c ****   mqtt_append_request(&client->pend_req_queue, r);
 3746              		.loc 1 1155 3 is_stmt 1 view .LVU1108
 3747 009c 0399     		ldr	r1, [sp, #12]
 3748 009e 06F11800 		add	r0, r6, #24
ARM GAS  /tmp/ccekGo1E.s 			page 104


 3749 00a2 FFF7FEFF 		bl	mqtt_append_request
 3750              	.LVL415:
1156:Middlewares/Third_Party/LwIP/src/apps/mqtt/mqtt.c ****   mqtt_output_send(&client->output, client->conn);
 3751              		.loc 1 1156 3 view .LVU1109
 3752 00a6 F168     		ldr	r1, [r6, #12]
 3753 00a8 4046     		mov	r0, r8
 3754 00aa FFF7FEFF 		bl	mqtt_output_send
 3755              	.LVL416:
1157:Middlewares/Third_Party/LwIP/src/apps/mqtt/mqtt.c ****   return ERR_OK;
 3756              		.loc 1 1157 3 view .LVU1110
 3757              		.loc 1 1157 10 is_stmt 0 view .LVU1111
 3758 00ae 0020     		movs	r0, #0
 3759              	.LVL417:
 3760              	.L281:
1158:Middlewares/Third_Party/LwIP/src/apps/mqtt/mqtt.c **** }
 3761              		.loc 1 1158 1 view .LVU1112
 3762 00b0 05B0     		add	sp, sp, #20
 3763              	.LCFI38:
 3764              		.cfi_remember_state
 3765              		.cfi_def_cfa_offset 36
 3766              		@ sp needed
 3767 00b2 BDE8F08F 		pop	{r4, r5, r6, r7, r8, r9, r10, fp, pc}
 3768              	.LVL418:
 3769              	.L291:
 3770              	.LCFI39:
 3771              		.cfi_restore_state
1108:Middlewares/Third_Party/LwIP/src/apps/mqtt/mqtt.c ****   LWIP_ASSERT("mqtt_publish: topic != NULL", topic);
 3772              		.loc 1 1108 3 is_stmt 1 discriminator 1 view .LVU1113
1108:Middlewares/Third_Party/LwIP/src/apps/mqtt/mqtt.c ****   LWIP_ASSERT("mqtt_publish: topic != NULL", topic);
 3773              		.loc 1 1108 3 discriminator 1 view .LVU1114
 3774 00b6 244B     		ldr	r3, .L300
 3775              	.LVL419:
1108:Middlewares/Third_Party/LwIP/src/apps/mqtt/mqtt.c ****   LWIP_ASSERT("mqtt_publish: topic != NULL", topic);
 3776              		.loc 1 1108 3 is_stmt 0 discriminator 1 view .LVU1115
 3777 00b8 40F25442 		movw	r2, #1108
 3778              	.LVL420:
1108:Middlewares/Third_Party/LwIP/src/apps/mqtt/mqtt.c ****   LWIP_ASSERT("mqtt_publish: topic != NULL", topic);
 3779              		.loc 1 1108 3 discriminator 1 view .LVU1116
 3780 00bc 2349     		ldr	r1, .L300+4
 3781              	.LVL421:
1108:Middlewares/Third_Party/LwIP/src/apps/mqtt/mqtt.c ****   LWIP_ASSERT("mqtt_publish: topic != NULL", topic);
 3782              		.loc 1 1108 3 discriminator 1 view .LVU1117
 3783 00be 2448     		ldr	r0, .L300+8
 3784              	.LVL422:
1108:Middlewares/Third_Party/LwIP/src/apps/mqtt/mqtt.c ****   LWIP_ASSERT("mqtt_publish: topic != NULL", topic);
 3785              		.loc 1 1108 3 discriminator 1 view .LVU1118
 3786 00c0 FFF7FEFF 		bl	printf
 3787              	.LVL423:
 3788 00c4 A7E7     		b	.L278
 3789              	.L292:
1109:Middlewares/Third_Party/LwIP/src/apps/mqtt/mqtt.c ****   LWIP_ERROR("mqtt_publish: TCP disconnected", (client->conn_state != TCP_DISCONNECTED), return ERR
 3790              		.loc 1 1109 3 is_stmt 1 discriminator 1 view .LVU1119
1109:Middlewares/Third_Party/LwIP/src/apps/mqtt/mqtt.c ****   LWIP_ERROR("mqtt_publish: TCP disconnected", (client->conn_state != TCP_DISCONNECTED), return ERR
 3791              		.loc 1 1109 3 discriminator 1 view .LVU1120
 3792 00c6 204B     		ldr	r3, .L300
 3793 00c8 40F25542 		movw	r2, #1109
 3794 00cc 2149     		ldr	r1, .L300+12
ARM GAS  /tmp/ccekGo1E.s 			page 105


 3795 00ce 2048     		ldr	r0, .L300+8
 3796 00d0 FFF7FEFF 		bl	printf
 3797              	.LVL424:
 3798 00d4 A1E7     		b	.L279
 3799              	.L293:
1110:Middlewares/Third_Party/LwIP/src/apps/mqtt/mqtt.c **** 
 3800              		.loc 1 1110 3 discriminator 1 view .LVU1121
1110:Middlewares/Third_Party/LwIP/src/apps/mqtt/mqtt.c **** 
 3801              		.loc 1 1110 3 discriminator 1 view .LVU1122
 3802 00d6 1C4B     		ldr	r3, .L300
 3803 00d8 40F25642 		movw	r2, #1110
 3804 00dc 1E49     		ldr	r1, .L300+16
 3805 00de 1C48     		ldr	r0, .L300+8
 3806 00e0 FFF7FEFF 		bl	printf
 3807              	.LVL425:
1110:Middlewares/Third_Party/LwIP/src/apps/mqtt/mqtt.c **** 
 3808              		.loc 1 1110 3 discriminator 1 view .LVU1123
1110:Middlewares/Third_Party/LwIP/src/apps/mqtt/mqtt.c **** 
 3809              		.loc 1 1110 3 discriminator 1 view .LVU1124
 3810 00e4 6FF00A00 		mvn	r0, #10
 3811 00e8 E2E7     		b	.L281
 3812              	.LVL426:
 3813              	.L294:
1113:Middlewares/Third_Party/LwIP/src/apps/mqtt/mqtt.c ****   topic_len = (u16_t)topic_strlen;
 3814              		.loc 1 1113 3 discriminator 1 view .LVU1125
1113:Middlewares/Third_Party/LwIP/src/apps/mqtt/mqtt.c ****   topic_len = (u16_t)topic_strlen;
 3815              		.loc 1 1113 3 discriminator 1 view .LVU1126
 3816 00ea 174B     		ldr	r3, .L300
 3817 00ec 40F25942 		movw	r2, #1113
 3818 00f0 1A49     		ldr	r1, .L300+20
 3819 00f2 1748     		ldr	r0, .L300+8
 3820              	.LVL427:
1113:Middlewares/Third_Party/LwIP/src/apps/mqtt/mqtt.c ****   topic_len = (u16_t)topic_strlen;
 3821              		.loc 1 1113 3 is_stmt 0 discriminator 1 view .LVU1127
 3822 00f4 FFF7FEFF 		bl	printf
 3823              	.LVL428:
1113:Middlewares/Third_Party/LwIP/src/apps/mqtt/mqtt.c ****   topic_len = (u16_t)topic_strlen;
 3824              		.loc 1 1113 3 is_stmt 1 discriminator 1 view .LVU1128
1113:Middlewares/Third_Party/LwIP/src/apps/mqtt/mqtt.c ****   topic_len = (u16_t)topic_strlen;
 3825              		.loc 1 1113 3 discriminator 1 view .LVU1129
 3826 00f8 6FF00F00 		mvn	r0, #15
 3827 00fc D8E7     		b	.L281
 3828              	.LVL429:
 3829              	.L295:
1118:Middlewares/Third_Party/LwIP/src/apps/mqtt/mqtt.c ****     /* Generate pkt_id id for QoS1 and 2 */
 3830              		.loc 1 1118 5 view .LVU1130
1118:Middlewares/Third_Party/LwIP/src/apps/mqtt/mqtt.c ****     /* Generate pkt_id id for QoS1 and 2 */
 3831              		.loc 1 1118 15 is_stmt 0 view .LVU1131
 3832 00fe 0234     		adds	r4, r4, #2
 3833              	.LVL430:
1120:Middlewares/Third_Party/LwIP/src/apps/mqtt/mqtt.c ****   } else {
 3834              		.loc 1 1120 5 is_stmt 1 view .LVU1132
1120:Middlewares/Third_Party/LwIP/src/apps/mqtt/mqtt.c ****   } else {
 3835              		.loc 1 1120 14 is_stmt 0 view .LVU1133
 3836 0100 3046     		mov	r0, r6
 3837              	.LVL431:
1120:Middlewares/Third_Party/LwIP/src/apps/mqtt/mqtt.c ****   } else {
ARM GAS  /tmp/ccekGo1E.s 			page 106


 3838              		.loc 1 1120 14 view .LVU1134
 3839 0102 FFF7FEFF 		bl	msg_generate_packet_id
 3840              	.LVL432:
 3841 0106 8346     		mov	fp, r0
 3842              	.LVL433:
1120:Middlewares/Third_Party/LwIP/src/apps/mqtt/mqtt.c ****   } else {
 3843              		.loc 1 1120 14 view .LVU1135
 3844 0108 99E7     		b	.L283
 3845              	.L296:
1125:Middlewares/Third_Party/LwIP/src/apps/mqtt/mqtt.c ****   remaining_length = (u16_t)total_len;
 3846              		.loc 1 1125 3 is_stmt 1 discriminator 1 view .LVU1136
1125:Middlewares/Third_Party/LwIP/src/apps/mqtt/mqtt.c ****   remaining_length = (u16_t)total_len;
 3847              		.loc 1 1125 3 discriminator 1 view .LVU1137
 3848 010a 0F4B     		ldr	r3, .L300
 3849 010c 40F26542 		movw	r2, #1125
 3850 0110 1349     		ldr	r1, .L300+24
 3851 0112 0F48     		ldr	r0, .L300+8
 3852 0114 FFF7FEFF 		bl	printf
 3853              	.LVL434:
1125:Middlewares/Third_Party/LwIP/src/apps/mqtt/mqtt.c ****   remaining_length = (u16_t)total_len;
 3854              		.loc 1 1125 3 discriminator 1 view .LVU1138
1125:Middlewares/Third_Party/LwIP/src/apps/mqtt/mqtt.c ****   remaining_length = (u16_t)total_len;
 3855              		.loc 1 1125 3 discriminator 1 view .LVU1139
 3856 0118 6FF00F00 		mvn	r0, #15
 3857 011c C8E7     		b	.L281
 3858              	.LVL435:
 3859              	.L297:
1136:Middlewares/Third_Party/LwIP/src/apps/mqtt/mqtt.c ****     return ERR_MEM;
 3860              		.loc 1 1136 5 view .LVU1140
 3861 011e 0398     		ldr	r0, [sp, #12]
 3862 0120 FFF7FEFF 		bl	mqtt_delete_request
 3863              	.LVL436:
1137:Middlewares/Third_Party/LwIP/src/apps/mqtt/mqtt.c ****   }
 3864              		.loc 1 1137 5 view .LVU1141
1137:Middlewares/Third_Party/LwIP/src/apps/mqtt/mqtt.c ****   }
 3865              		.loc 1 1137 12 is_stmt 0 view .LVU1142
 3866 0124 4FF0FF30 		mov	r0, #-1
 3867 0128 C2E7     		b	.L281
 3868              	.L298:
1147:Middlewares/Third_Party/LwIP/src/apps/mqtt/mqtt.c ****   }
 3869              		.loc 1 1147 5 is_stmt 1 view .LVU1143
 3870 012a 5946     		mov	r1, fp
 3871 012c 4046     		mov	r0, r8
 3872 012e FFF7FEFF 		bl	mqtt_output_append_u16
 3873              	.LVL437:
 3874 0132 AEE7     		b	.L286
 3875              	.L299:
1152:Middlewares/Third_Party/LwIP/src/apps/mqtt/mqtt.c ****   }
 3876              		.loc 1 1152 5 view .LVU1144
 3877 0134 4A46     		mov	r2, r9
 3878 0136 1946     		mov	r1, r3
 3879 0138 4046     		mov	r0, r8
 3880 013a FFF7FEFF 		bl	mqtt_output_append_buf
 3881              	.LVL438:
 3882 013e ADE7     		b	.L287
 3883              	.LVL439:
 3884              	.L289:
ARM GAS  /tmp/ccekGo1E.s 			page 107


1132:Middlewares/Third_Party/LwIP/src/apps/mqtt/mqtt.c ****   }
 3885              		.loc 1 1132 12 is_stmt 0 view .LVU1145
 3886 0140 4FF0FF30 		mov	r0, #-1
 3887              	.LVL440:
1132:Middlewares/Third_Party/LwIP/src/apps/mqtt/mqtt.c ****   }
 3888              		.loc 1 1132 12 view .LVU1146
 3889 0144 B4E7     		b	.L281
 3890              	.L301:
 3891 0146 00BF     		.align	2
 3892              	.L300:
 3893 0148 00000000 		.word	.LC0
 3894 014c 00000000 		.word	.LC20
 3895 0150 58000000 		.word	.LC2
 3896 0154 20000000 		.word	.LC21
 3897 0158 3C000000 		.word	.LC22
 3898 015c 5C000000 		.word	.LC23
 3899 0160 80000000 		.word	.LC24
 3900              		.cfi_endproc
 3901              	.LFE190:
 3903              		.section	.rodata.mqtt_sub_unsub.str1.4,"aMS",%progbits,1
 3904              		.align	2
 3905              	.LC25:
 3906 0000 6D717474 		.ascii	"mqtt_sub_unsub: client != NULL\000"
 3906      5F737562 
 3906      5F756E73 
 3906      75623A20 
 3906      636C6965 
 3907 001f 00       		.align	2
 3908              	.LC26:
 3909 0020 6D717474 		.ascii	"mqtt_sub_unsub: topic != NULL\000"
 3909      5F737562 
 3909      5F756E73 
 3909      75623A20 
 3909      746F7069 
 3910 003e 0000     		.align	2
 3911              	.LC27:
 3912 0040 6D717474 		.ascii	"mqtt_sub_unsub: topic length overflow\000"
 3912      5F737562 
 3912      5F756E73 
 3912      75623A20 
 3912      746F7069 
 3913 0066 0000     		.align	2
 3914              	.LC28:
 3915 0068 6D717474 		.ascii	"mqtt_sub_unsub: total length overflow\000"
 3915      5F737562 
 3915      5F756E73 
 3915      75623A20 
 3915      746F7461 
 3916 008e 0000     		.align	2
 3917              	.LC29:
 3918 0090 6D717474 		.ascii	"mqtt_sub_unsub: qos < 3\000"
 3918      5F737562 
 3918      5F756E73 
 3918      75623A20 
 3918      716F7320 
 3919              		.section	.text.mqtt_sub_unsub,"ax",%progbits
 3920              		.align	1
ARM GAS  /tmp/ccekGo1E.s 			page 108


 3921              		.global	mqtt_sub_unsub
 3922              		.syntax unified
 3923              		.thumb
 3924              		.thumb_func
 3925              		.fpu fpv4-sp-d16
 3927              	mqtt_sub_unsub:
 3928              	.LVL441:
 3929              	.LFB191:
1159:Middlewares/Third_Party/LwIP/src/apps/mqtt/mqtt.c **** 
1160:Middlewares/Third_Party/LwIP/src/apps/mqtt/mqtt.c **** 
1161:Middlewares/Third_Party/LwIP/src/apps/mqtt/mqtt.c **** /**
1162:Middlewares/Third_Party/LwIP/src/apps/mqtt/mqtt.c ****  * @ingroup mqtt
1163:Middlewares/Third_Party/LwIP/src/apps/mqtt/mqtt.c ****  * MQTT subscribe/unsubscribe function.
1164:Middlewares/Third_Party/LwIP/src/apps/mqtt/mqtt.c ****  * @param client MQTT client
1165:Middlewares/Third_Party/LwIP/src/apps/mqtt/mqtt.c ****  * @param topic topic to subscribe to
1166:Middlewares/Third_Party/LwIP/src/apps/mqtt/mqtt.c ****  * @param qos Quality of service, 0 1 or 2 (only used for subscribe)
1167:Middlewares/Third_Party/LwIP/src/apps/mqtt/mqtt.c ****  * @param cb Callback to call when subscribe/unsubscribe reponse is received
1168:Middlewares/Third_Party/LwIP/src/apps/mqtt/mqtt.c ****  * @param arg User supplied argument to publish callback
1169:Middlewares/Third_Party/LwIP/src/apps/mqtt/mqtt.c ****  * @param sub 1 for subscribe, 0 for unsubscribe
1170:Middlewares/Third_Party/LwIP/src/apps/mqtt/mqtt.c ****  * @return ERR_OK if successful, @see err_t enum for other results
1171:Middlewares/Third_Party/LwIP/src/apps/mqtt/mqtt.c ****  */
1172:Middlewares/Third_Party/LwIP/src/apps/mqtt/mqtt.c **** err_t
1173:Middlewares/Third_Party/LwIP/src/apps/mqtt/mqtt.c **** mqtt_sub_unsub(mqtt_client_t *client, const char *topic, u8_t qos, mqtt_request_cb_t cb, void *arg,
1174:Middlewares/Third_Party/LwIP/src/apps/mqtt/mqtt.c **** {
 3930              		.loc 1 1174 1 is_stmt 1 view -0
 3931              		.cfi_startproc
 3932              		@ args = 8, pretend = 0, frame = 8
 3933              		@ frame_needed = 0, uses_anonymous_args = 0
 3934              		.loc 1 1174 1 is_stmt 0 view .LVU1148
 3935 0000 2DE9F04F 		push	{r4, r5, r6, r7, r8, r9, r10, fp, lr}
 3936              	.LCFI40:
 3937              		.cfi_def_cfa_offset 36
 3938              		.cfi_offset 4, -36
 3939              		.cfi_offset 5, -32
 3940              		.cfi_offset 6, -28
 3941              		.cfi_offset 7, -24
 3942              		.cfi_offset 8, -20
 3943              		.cfi_offset 9, -16
 3944              		.cfi_offset 10, -12
 3945              		.cfi_offset 11, -8
 3946              		.cfi_offset 14, -4
 3947 0004 85B0     		sub	sp, sp, #20
 3948              	.LCFI41:
 3949              		.cfi_def_cfa_offset 56
 3950 0006 8846     		mov	r8, r1
 3951 0008 9246     		mov	r10, r2
 3952 000a 1F46     		mov	r7, r3
 3953 000c 9DF83CB0 		ldrb	fp, [sp, #60]	@ zero_extendqisi2
1175:Middlewares/Third_Party/LwIP/src/apps/mqtt/mqtt.c ****   size_t topic_strlen;
 3954              		.loc 1 1175 3 is_stmt 1 view .LVU1149
1176:Middlewares/Third_Party/LwIP/src/apps/mqtt/mqtt.c ****   size_t total_len;
 3955              		.loc 1 1176 3 view .LVU1150
1177:Middlewares/Third_Party/LwIP/src/apps/mqtt/mqtt.c ****   u16_t topic_len;
 3956              		.loc 1 1177 3 view .LVU1151
1178:Middlewares/Third_Party/LwIP/src/apps/mqtt/mqtt.c ****   u16_t remaining_length;
 3957              		.loc 1 1178 3 view .LVU1152
1179:Middlewares/Third_Party/LwIP/src/apps/mqtt/mqtt.c ****   u16_t pkt_id;
ARM GAS  /tmp/ccekGo1E.s 			page 109


 3958              		.loc 1 1179 3 view .LVU1153
1180:Middlewares/Third_Party/LwIP/src/apps/mqtt/mqtt.c ****   struct mqtt_request_t *r;
 3959              		.loc 1 1180 3 view .LVU1154
1181:Middlewares/Third_Party/LwIP/src/apps/mqtt/mqtt.c **** 
1182:Middlewares/Third_Party/LwIP/src/apps/mqtt/mqtt.c ****   LWIP_ASSERT_CORE_LOCKED();
 3960              		.loc 1 1182 28 view .LVU1155
1183:Middlewares/Third_Party/LwIP/src/apps/mqtt/mqtt.c ****   LWIP_ASSERT("mqtt_sub_unsub: client != NULL", client);
 3961              		.loc 1 1183 3 view .LVU1156
 3962              		.loc 1 1183 3 view .LVU1157
 3963 0010 0646     		mov	r6, r0
 3964 0012 0028     		cmp	r0, #0
 3965 0014 55D0     		beq	.L316
 3966              	.LVL442:
 3967              	.L303:
 3968              		.loc 1 1183 3 discriminator 3 view .LVU1158
 3969              		.loc 1 1183 3 discriminator 3 view .LVU1159
1184:Middlewares/Third_Party/LwIP/src/apps/mqtt/mqtt.c ****   LWIP_ASSERT("mqtt_sub_unsub: topic != NULL", topic);
 3970              		.loc 1 1184 3 discriminator 3 view .LVU1160
 3971              		.loc 1 1184 3 discriminator 3 view .LVU1161
 3972 0016 B8F1000F 		cmp	r8, #0
 3973 001a 5AD0     		beq	.L317
 3974              	.L304:
 3975              		.loc 1 1184 3 discriminator 3 view .LVU1162
 3976              		.loc 1 1184 3 discriminator 3 view .LVU1163
1185:Middlewares/Third_Party/LwIP/src/apps/mqtt/mqtt.c **** 
1186:Middlewares/Third_Party/LwIP/src/apps/mqtt/mqtt.c ****   topic_strlen = strlen(topic);
 3977              		.loc 1 1186 3 discriminator 3 view .LVU1164
 3978              		.loc 1 1186 18 is_stmt 0 discriminator 3 view .LVU1165
 3979 001c 4046     		mov	r0, r8
 3980 001e FFF7FEFF 		bl	strlen
 3981              	.LVL443:
1187:Middlewares/Third_Party/LwIP/src/apps/mqtt/mqtt.c ****   LWIP_ERROR("mqtt_sub_unsub: topic length overflow", (topic_strlen <= (0xFFFF - 2)), return ERR_AR
 3982              		.loc 1 1187 3 is_stmt 1 discriminator 3 view .LVU1166
 3983              		.loc 1 1187 3 discriminator 3 view .LVU1167
 3984 0022 4FF6FD73 		movw	r3, #65533
 3985 0026 9842     		cmp	r0, r3
 3986 0028 5BD8     		bhi	.L318
 3987              		.loc 1 1187 3 discriminator 2 view .LVU1168
1188:Middlewares/Third_Party/LwIP/src/apps/mqtt/mqtt.c ****   topic_len = (u16_t)topic_strlen;
 3988              		.loc 1 1188 3 discriminator 2 view .LVU1169
 3989              		.loc 1 1188 13 is_stmt 0 discriminator 2 view .LVU1170
 3990 002a 84B2     		uxth	r4, r0
 3991              	.LVL444:
1189:Middlewares/Third_Party/LwIP/src/apps/mqtt/mqtt.c ****   /* Topic string, pkt_id, qos for subscribe */
1190:Middlewares/Third_Party/LwIP/src/apps/mqtt/mqtt.c ****   total_len =  topic_len + 2 + 2 + (sub != 0);
 3992              		.loc 1 1190 3 is_stmt 1 discriminator 2 view .LVU1171
 3993              		.loc 1 1190 30 is_stmt 0 discriminator 2 view .LVU1172
 3994 002c 251D     		adds	r5, r4, #4
 3995              		.loc 1 1190 34 discriminator 2 view .LVU1173
 3996 002e BBF1000F 		cmp	fp, #0
 3997 0032 18BF     		it	ne
 3998 0034 0135     		addne	r5, r5, #1
 3999              	.LVL445:
1191:Middlewares/Third_Party/LwIP/src/apps/mqtt/mqtt.c ****   LWIP_ERROR("mqtt_sub_unsub: total length overflow", (total_len <= 0xFFFF), return ERR_ARG);
 4000              		.loc 1 1191 3 is_stmt 1 discriminator 2 view .LVU1174
 4001              		.loc 1 1191 3 discriminator 2 view .LVU1175
 4002 0036 B5F5803F 		cmp	r5, #65536
ARM GAS  /tmp/ccekGo1E.s 			page 110


 4003 003a 5CD2     		bcs	.L319
 4004              		.loc 1 1191 3 discriminator 2 view .LVU1176
1192:Middlewares/Third_Party/LwIP/src/apps/mqtt/mqtt.c ****   remaining_length = (u16_t)total_len;
 4005              		.loc 1 1192 3 discriminator 2 view .LVU1177
 4006              		.loc 1 1192 20 is_stmt 0 discriminator 2 view .LVU1178
 4007 003c ADB2     		uxth	r5, r5
 4008              	.LVL446:
1193:Middlewares/Third_Party/LwIP/src/apps/mqtt/mqtt.c **** 
1194:Middlewares/Third_Party/LwIP/src/apps/mqtt/mqtt.c ****   LWIP_ASSERT("mqtt_sub_unsub: qos < 3", qos < 3);
 4009              		.loc 1 1194 3 is_stmt 1 discriminator 2 view .LVU1179
 4010              		.loc 1 1194 3 discriminator 2 view .LVU1180
 4011 003e BAF1020F 		cmp	r10, #2
 4012 0042 62D8     		bhi	.L320
 4013              	.LVL447:
 4014              	.L308:
 4015              		.loc 1 1194 3 discriminator 3 view .LVU1181
 4016              		.loc 1 1194 3 discriminator 3 view .LVU1182
1195:Middlewares/Third_Party/LwIP/src/apps/mqtt/mqtt.c ****   if (client->conn_state == TCP_DISCONNECTED) {
 4017              		.loc 1 1195 3 discriminator 3 view .LVU1183
 4018              		.loc 1 1195 13 is_stmt 0 discriminator 3 view .LVU1184
 4019 0044 B37A     		ldrb	r3, [r6, #10]	@ zero_extendqisi2
 4020              		.loc 1 1195 6 discriminator 3 view .LVU1185
 4021 0046 002B     		cmp	r3, #0
 4022 0048 77D0     		beq	.L312
1196:Middlewares/Third_Party/LwIP/src/apps/mqtt/mqtt.c ****     LWIP_DEBUGF(MQTT_DEBUG_WARN, ("mqtt_sub_unsub: Can not (un)subscribe in disconnected state\n"))
1197:Middlewares/Third_Party/LwIP/src/apps/mqtt/mqtt.c ****     return ERR_CONN;
1198:Middlewares/Third_Party/LwIP/src/apps/mqtt/mqtt.c ****   }
1199:Middlewares/Third_Party/LwIP/src/apps/mqtt/mqtt.c **** 
1200:Middlewares/Third_Party/LwIP/src/apps/mqtt/mqtt.c ****   pkt_id = msg_generate_packet_id(client);
 4023              		.loc 1 1200 3 is_stmt 1 view .LVU1186
 4024              		.loc 1 1200 12 is_stmt 0 view .LVU1187
 4025 004a 3046     		mov	r0, r6
 4026 004c FFF7FEFF 		bl	msg_generate_packet_id
 4027              	.LVL448:
 4028 0050 8146     		mov	r9, r0
 4029              	.LVL449:
1201:Middlewares/Third_Party/LwIP/src/apps/mqtt/mqtt.c ****   r = mqtt_create_request(client->req_list, LWIP_ARRAYSIZE(client->req_list), pkt_id, cb, arg);
 4030              		.loc 1 1201 3 is_stmt 1 view .LVU1188
 4031              		.loc 1 1201 7 is_stmt 0 view .LVU1189
 4032 0052 0E9B     		ldr	r3, [sp, #56]
 4033 0054 0093     		str	r3, [sp]
 4034 0056 3B46     		mov	r3, r7
 4035 0058 0246     		mov	r2, r0
 4036 005a 0421     		movs	r1, #4
 4037 005c 06F11C00 		add	r0, r6, #28
 4038              	.LVL450:
 4039              		.loc 1 1201 7 view .LVU1190
 4040 0060 FFF7FEFF 		bl	mqtt_create_request
 4041              	.LVL451:
1202:Middlewares/Third_Party/LwIP/src/apps/mqtt/mqtt.c ****   if (r == NULL) {
 4042              		.loc 1 1202 3 is_stmt 1 view .LVU1191
 4043              		.loc 1 1202 6 is_stmt 0 view .LVU1192
 4044 0064 0390     		str	r0, [sp, #12]
 4045 0066 0028     		cmp	r0, #0
 4046 0068 6AD0     		beq	.L313
1203:Middlewares/Third_Party/LwIP/src/apps/mqtt/mqtt.c ****     return ERR_MEM;
1204:Middlewares/Third_Party/LwIP/src/apps/mqtt/mqtt.c ****   }
ARM GAS  /tmp/ccekGo1E.s 			page 111


1205:Middlewares/Third_Party/LwIP/src/apps/mqtt/mqtt.c **** 
1206:Middlewares/Third_Party/LwIP/src/apps/mqtt/mqtt.c ****   if (mqtt_output_check_space(&client->output, remaining_length) == 0) {
 4047              		.loc 1 1206 3 is_stmt 1 view .LVU1193
 4048              		.loc 1 1206 7 is_stmt 0 view .LVU1194
 4049 006a 06F1EC07 		add	r7, r6, #236
 4050              	.LVL452:
 4051              		.loc 1 1206 7 view .LVU1195
 4052 006e 2946     		mov	r1, r5
 4053 0070 3846     		mov	r0, r7
 4054              	.LVL453:
 4055              		.loc 1 1206 7 view .LVU1196
 4056 0072 FFF7FEFF 		bl	mqtt_output_check_space
 4057              	.LVL454:
 4058              		.loc 1 1206 6 view .LVU1197
 4059 0076 0028     		cmp	r0, #0
 4060 0078 4FD0     		beq	.L321
1207:Middlewares/Third_Party/LwIP/src/apps/mqtt/mqtt.c ****     mqtt_delete_request(r);
1208:Middlewares/Third_Party/LwIP/src/apps/mqtt/mqtt.c ****     return ERR_MEM;
1209:Middlewares/Third_Party/LwIP/src/apps/mqtt/mqtt.c ****   }
1210:Middlewares/Third_Party/LwIP/src/apps/mqtt/mqtt.c **** 
1211:Middlewares/Third_Party/LwIP/src/apps/mqtt/mqtt.c ****   LWIP_DEBUGF(MQTT_DEBUG_TRACE, ("mqtt_sub_unsub: Client (un)subscribe to topic \"%s\", id: %d\n", 
 4061              		.loc 1 1211 3 is_stmt 1 discriminator 4 view .LVU1198
 4062              		.loc 1 1211 3 discriminator 4 view .LVU1199
 4063              		.loc 1 1211 3 discriminator 4 view .LVU1200
1212:Middlewares/Third_Party/LwIP/src/apps/mqtt/mqtt.c **** 
1213:Middlewares/Third_Party/LwIP/src/apps/mqtt/mqtt.c ****   mqtt_output_append_fixed_header(&client->output, sub ? MQTT_MSG_TYPE_SUBSCRIBE : MQTT_MSG_TYPE_UN
 4064              		.loc 1 1213 3 discriminator 4 view .LVU1201
 4065 007a BBF1000F 		cmp	fp, #0
 4066 007e 52D0     		beq	.L314
 4067              		.loc 1 1213 3 is_stmt 0 view .LVU1202
 4068 0080 0821     		movs	r1, #8
 4069              	.L310:
 4070              		.loc 1 1213 3 discriminator 4 view .LVU1203
 4071 0082 0195     		str	r5, [sp, #4]
 4072 0084 0022     		movs	r2, #0
 4073 0086 0092     		str	r2, [sp]
 4074 0088 0123     		movs	r3, #1
 4075 008a 3846     		mov	r0, r7
 4076 008c FFF7FEFF 		bl	mqtt_output_append_fixed_header
 4077              	.LVL455:
1214:Middlewares/Third_Party/LwIP/src/apps/mqtt/mqtt.c ****   /* Packet id */
1215:Middlewares/Third_Party/LwIP/src/apps/mqtt/mqtt.c ****   mqtt_output_append_u16(&client->output, pkt_id);
 4078              		.loc 1 1215 3 is_stmt 1 discriminator 4 view .LVU1204
 4079 0090 4946     		mov	r1, r9
 4080 0092 3846     		mov	r0, r7
 4081 0094 FFF7FEFF 		bl	mqtt_output_append_u16
 4082              	.LVL456:
1216:Middlewares/Third_Party/LwIP/src/apps/mqtt/mqtt.c ****   /* Topic */
1217:Middlewares/Third_Party/LwIP/src/apps/mqtt/mqtt.c ****   mqtt_output_append_string(&client->output, topic, topic_len);
 4083              		.loc 1 1217 3 discriminator 4 view .LVU1205
 4084 0098 2246     		mov	r2, r4
 4085 009a 4146     		mov	r1, r8
 4086 009c 3846     		mov	r0, r7
 4087 009e FFF7FEFF 		bl	mqtt_output_append_string
 4088              	.LVL457:
1218:Middlewares/Third_Party/LwIP/src/apps/mqtt/mqtt.c ****   /* QoS */
1219:Middlewares/Third_Party/LwIP/src/apps/mqtt/mqtt.c ****   if (sub != 0) {
ARM GAS  /tmp/ccekGo1E.s 			page 112


 4089              		.loc 1 1219 3 discriminator 4 view .LVU1206
 4090              		.loc 1 1219 6 is_stmt 0 discriminator 4 view .LVU1207
 4091 00a2 BBF1000F 		cmp	fp, #0
 4092 00a6 40D1     		bne	.L322
 4093              	.L311:
1220:Middlewares/Third_Party/LwIP/src/apps/mqtt/mqtt.c ****     mqtt_output_append_u8(&client->output, LWIP_MIN(qos, 2));
1221:Middlewares/Third_Party/LwIP/src/apps/mqtt/mqtt.c ****   }
1222:Middlewares/Third_Party/LwIP/src/apps/mqtt/mqtt.c **** 
1223:Middlewares/Third_Party/LwIP/src/apps/mqtt/mqtt.c ****   mqtt_append_request(&client->pend_req_queue, r);
 4094              		.loc 1 1223 3 is_stmt 1 view .LVU1208
 4095 00a8 0399     		ldr	r1, [sp, #12]
 4096 00aa 06F11800 		add	r0, r6, #24
 4097 00ae FFF7FEFF 		bl	mqtt_append_request
 4098              	.LVL458:
1224:Middlewares/Third_Party/LwIP/src/apps/mqtt/mqtt.c ****   mqtt_output_send(&client->output, client->conn);
 4099              		.loc 1 1224 3 view .LVU1209
 4100 00b2 F168     		ldr	r1, [r6, #12]
 4101 00b4 3846     		mov	r0, r7
 4102 00b6 FFF7FEFF 		bl	mqtt_output_send
 4103              	.LVL459:
1225:Middlewares/Third_Party/LwIP/src/apps/mqtt/mqtt.c ****   return ERR_OK;
 4104              		.loc 1 1225 3 view .LVU1210
 4105              		.loc 1 1225 10 is_stmt 0 view .LVU1211
 4106 00ba 0020     		movs	r0, #0
 4107              	.LVL460:
 4108              	.L306:
1226:Middlewares/Third_Party/LwIP/src/apps/mqtt/mqtt.c **** }
 4109              		.loc 1 1226 1 view .LVU1212
 4110 00bc 05B0     		add	sp, sp, #20
 4111              	.LCFI42:
 4112              		.cfi_remember_state
 4113              		.cfi_def_cfa_offset 36
 4114              		@ sp needed
 4115 00be BDE8F08F 		pop	{r4, r5, r6, r7, r8, r9, r10, fp, pc}
 4116              	.LVL461:
 4117              	.L316:
 4118              	.LCFI43:
 4119              		.cfi_restore_state
1183:Middlewares/Third_Party/LwIP/src/apps/mqtt/mqtt.c ****   LWIP_ASSERT("mqtt_sub_unsub: topic != NULL", topic);
 4120              		.loc 1 1183 3 is_stmt 1 discriminator 1 view .LVU1213
1183:Middlewares/Third_Party/LwIP/src/apps/mqtt/mqtt.c ****   LWIP_ASSERT("mqtt_sub_unsub: topic != NULL", topic);
 4121              		.loc 1 1183 3 discriminator 1 view .LVU1214
 4122 00c2 214B     		ldr	r3, .L323
 4123              	.LVL462:
1183:Middlewares/Third_Party/LwIP/src/apps/mqtt/mqtt.c ****   LWIP_ASSERT("mqtt_sub_unsub: topic != NULL", topic);
 4124              		.loc 1 1183 3 is_stmt 0 discriminator 1 view .LVU1215
 4125 00c4 40F29F42 		movw	r2, #1183
 4126              	.LVL463:
1183:Middlewares/Third_Party/LwIP/src/apps/mqtt/mqtt.c ****   LWIP_ASSERT("mqtt_sub_unsub: topic != NULL", topic);
 4127              		.loc 1 1183 3 discriminator 1 view .LVU1216
 4128 00c8 2049     		ldr	r1, .L323+4
 4129              	.LVL464:
1183:Middlewares/Third_Party/LwIP/src/apps/mqtt/mqtt.c ****   LWIP_ASSERT("mqtt_sub_unsub: topic != NULL", topic);
 4130              		.loc 1 1183 3 discriminator 1 view .LVU1217
 4131 00ca 2148     		ldr	r0, .L323+8
 4132              	.LVL465:
1183:Middlewares/Third_Party/LwIP/src/apps/mqtt/mqtt.c ****   LWIP_ASSERT("mqtt_sub_unsub: topic != NULL", topic);
ARM GAS  /tmp/ccekGo1E.s 			page 113


 4133              		.loc 1 1183 3 discriminator 1 view .LVU1218
 4134 00cc FFF7FEFF 		bl	printf
 4135              	.LVL466:
 4136 00d0 A1E7     		b	.L303
 4137              	.L317:
1184:Middlewares/Third_Party/LwIP/src/apps/mqtt/mqtt.c **** 
 4138              		.loc 1 1184 3 is_stmt 1 discriminator 1 view .LVU1219
1184:Middlewares/Third_Party/LwIP/src/apps/mqtt/mqtt.c **** 
 4139              		.loc 1 1184 3 discriminator 1 view .LVU1220
 4140 00d2 1D4B     		ldr	r3, .L323
 4141 00d4 4FF49462 		mov	r2, #1184
 4142 00d8 1E49     		ldr	r1, .L323+12
 4143 00da 1D48     		ldr	r0, .L323+8
 4144 00dc FFF7FEFF 		bl	printf
 4145              	.LVL467:
 4146 00e0 9CE7     		b	.L304
 4147              	.LVL468:
 4148              	.L318:
1187:Middlewares/Third_Party/LwIP/src/apps/mqtt/mqtt.c ****   topic_len = (u16_t)topic_strlen;
 4149              		.loc 1 1187 3 discriminator 1 view .LVU1221
1187:Middlewares/Third_Party/LwIP/src/apps/mqtt/mqtt.c ****   topic_len = (u16_t)topic_strlen;
 4150              		.loc 1 1187 3 discriminator 1 view .LVU1222
 4151 00e2 194B     		ldr	r3, .L323
 4152 00e4 40F2A342 		movw	r2, #1187
 4153 00e8 1B49     		ldr	r1, .L323+16
 4154 00ea 1948     		ldr	r0, .L323+8
 4155              	.LVL469:
1187:Middlewares/Third_Party/LwIP/src/apps/mqtt/mqtt.c ****   topic_len = (u16_t)topic_strlen;
 4156              		.loc 1 1187 3 is_stmt 0 discriminator 1 view .LVU1223
 4157 00ec FFF7FEFF 		bl	printf
 4158              	.LVL470:
1187:Middlewares/Third_Party/LwIP/src/apps/mqtt/mqtt.c ****   topic_len = (u16_t)topic_strlen;
 4159              		.loc 1 1187 3 is_stmt 1 discriminator 1 view .LVU1224
1187:Middlewares/Third_Party/LwIP/src/apps/mqtt/mqtt.c ****   topic_len = (u16_t)topic_strlen;
 4160              		.loc 1 1187 3 discriminator 1 view .LVU1225
 4161 00f0 6FF00F00 		mvn	r0, #15
 4162 00f4 E2E7     		b	.L306
 4163              	.LVL471:
 4164              	.L319:
1191:Middlewares/Third_Party/LwIP/src/apps/mqtt/mqtt.c ****   remaining_length = (u16_t)total_len;
 4165              		.loc 1 1191 3 discriminator 1 view .LVU1226
1191:Middlewares/Third_Party/LwIP/src/apps/mqtt/mqtt.c ****   remaining_length = (u16_t)total_len;
 4166              		.loc 1 1191 3 discriminator 1 view .LVU1227
 4167 00f6 144B     		ldr	r3, .L323
 4168 00f8 40F2A742 		movw	r2, #1191
 4169 00fc 1749     		ldr	r1, .L323+20
 4170 00fe 1448     		ldr	r0, .L323+8
 4171              	.LVL472:
1191:Middlewares/Third_Party/LwIP/src/apps/mqtt/mqtt.c ****   remaining_length = (u16_t)total_len;
 4172              		.loc 1 1191 3 is_stmt 0 discriminator 1 view .LVU1228
 4173 0100 FFF7FEFF 		bl	printf
 4174              	.LVL473:
1191:Middlewares/Third_Party/LwIP/src/apps/mqtt/mqtt.c ****   remaining_length = (u16_t)total_len;
 4175              		.loc 1 1191 3 is_stmt 1 discriminator 1 view .LVU1229
1191:Middlewares/Third_Party/LwIP/src/apps/mqtt/mqtt.c ****   remaining_length = (u16_t)total_len;
 4176              		.loc 1 1191 3 discriminator 1 view .LVU1230
 4177 0104 6FF00F00 		mvn	r0, #15
ARM GAS  /tmp/ccekGo1E.s 			page 114


 4178 0108 D8E7     		b	.L306
 4179              	.LVL474:
 4180              	.L320:
1194:Middlewares/Third_Party/LwIP/src/apps/mqtt/mqtt.c ****   if (client->conn_state == TCP_DISCONNECTED) {
 4181              		.loc 1 1194 3 discriminator 1 view .LVU1231
1194:Middlewares/Third_Party/LwIP/src/apps/mqtt/mqtt.c ****   if (client->conn_state == TCP_DISCONNECTED) {
 4182              		.loc 1 1194 3 discriminator 1 view .LVU1232
 4183 010a 0F4B     		ldr	r3, .L323
 4184 010c 40F2AA42 		movw	r2, #1194
 4185 0110 1349     		ldr	r1, .L323+24
 4186 0112 0F48     		ldr	r0, .L323+8
 4187              	.LVL475:
1194:Middlewares/Third_Party/LwIP/src/apps/mqtt/mqtt.c ****   if (client->conn_state == TCP_DISCONNECTED) {
 4188              		.loc 1 1194 3 is_stmt 0 discriminator 1 view .LVU1233
 4189 0114 FFF7FEFF 		bl	printf
 4190              	.LVL476:
 4191 0118 94E7     		b	.L308
 4192              	.LVL477:
 4193              	.L321:
1207:Middlewares/Third_Party/LwIP/src/apps/mqtt/mqtt.c ****     return ERR_MEM;
 4194              		.loc 1 1207 5 is_stmt 1 view .LVU1234
 4195 011a 0398     		ldr	r0, [sp, #12]
 4196 011c FFF7FEFF 		bl	mqtt_delete_request
 4197              	.LVL478:
1208:Middlewares/Third_Party/LwIP/src/apps/mqtt/mqtt.c ****   }
 4198              		.loc 1 1208 5 view .LVU1235
1208:Middlewares/Third_Party/LwIP/src/apps/mqtt/mqtt.c ****   }
 4199              		.loc 1 1208 12 is_stmt 0 view .LVU1236
 4200 0120 4FF0FF30 		mov	r0, #-1
 4201 0124 CAE7     		b	.L306
 4202              	.L314:
1213:Middlewares/Third_Party/LwIP/src/apps/mqtt/mqtt.c ****   /* Packet id */
 4203              		.loc 1 1213 3 view .LVU1237
 4204 0126 0A21     		movs	r1, #10
 4205 0128 ABE7     		b	.L310
 4206              	.L322:
1220:Middlewares/Third_Party/LwIP/src/apps/mqtt/mqtt.c ****   }
 4207              		.loc 1 1220 5 is_stmt 1 view .LVU1238
 4208 012a 5146     		mov	r1, r10
 4209 012c 0229     		cmp	r1, #2
 4210 012e 28BF     		it	cs
 4211 0130 0221     		movcs	r1, #2
 4212 0132 3846     		mov	r0, r7
 4213 0134 FFF7FEFF 		bl	mqtt_output_append_u8
 4214              	.LVL479:
 4215 0138 B6E7     		b	.L311
 4216              	.LVL480:
 4217              	.L312:
1197:Middlewares/Third_Party/LwIP/src/apps/mqtt/mqtt.c ****   }
 4218              		.loc 1 1197 12 is_stmt 0 view .LVU1239
 4219 013a 6FF00A00 		mvn	r0, #10
 4220 013e BDE7     		b	.L306
 4221              	.LVL481:
 4222              	.L313:
1203:Middlewares/Third_Party/LwIP/src/apps/mqtt/mqtt.c ****   }
 4223              		.loc 1 1203 12 view .LVU1240
 4224 0140 4FF0FF30 		mov	r0, #-1
ARM GAS  /tmp/ccekGo1E.s 			page 115


 4225              	.LVL482:
1203:Middlewares/Third_Party/LwIP/src/apps/mqtt/mqtt.c ****   }
 4226              		.loc 1 1203 12 view .LVU1241
 4227 0144 BAE7     		b	.L306
 4228              	.L324:
 4229 0146 00BF     		.align	2
 4230              	.L323:
 4231 0148 00000000 		.word	.LC0
 4232 014c 00000000 		.word	.LC25
 4233 0150 58000000 		.word	.LC2
 4234 0154 20000000 		.word	.LC26
 4235 0158 40000000 		.word	.LC27
 4236 015c 68000000 		.word	.LC28
 4237 0160 90000000 		.word	.LC29
 4238              		.cfi_endproc
 4239              	.LFE191:
 4241              		.section	.rodata.mqtt_set_inpub_callback.str1.4,"aMS",%progbits,1
 4242              		.align	2
 4243              	.LC30:
 4244 0000 6D717474 		.ascii	"mqtt_set_inpub_callback: client != NULL\000"
 4244      5F736574 
 4244      5F696E70 
 4244      75625F63 
 4244      616C6C62 
 4245              		.section	.text.mqtt_set_inpub_callback,"ax",%progbits
 4246              		.align	1
 4247              		.global	mqtt_set_inpub_callback
 4248              		.syntax unified
 4249              		.thumb
 4250              		.thumb_func
 4251              		.fpu fpv4-sp-d16
 4253              	mqtt_set_inpub_callback:
 4254              	.LVL483:
 4255              	.LFB192:
1227:Middlewares/Third_Party/LwIP/src/apps/mqtt/mqtt.c **** 
1228:Middlewares/Third_Party/LwIP/src/apps/mqtt/mqtt.c **** 
1229:Middlewares/Third_Party/LwIP/src/apps/mqtt/mqtt.c **** /**
1230:Middlewares/Third_Party/LwIP/src/apps/mqtt/mqtt.c ****  * @ingroup mqtt
1231:Middlewares/Third_Party/LwIP/src/apps/mqtt/mqtt.c ****  * Set callback to handle incoming publish requests from server
1232:Middlewares/Third_Party/LwIP/src/apps/mqtt/mqtt.c ****  * @param client MQTT client
1233:Middlewares/Third_Party/LwIP/src/apps/mqtt/mqtt.c ****  * @param pub_cb Callback invoked when publish starts, contain topic and total length of payload
1234:Middlewares/Third_Party/LwIP/src/apps/mqtt/mqtt.c ****  * @param data_cb Callback for each fragment of payload that arrives
1235:Middlewares/Third_Party/LwIP/src/apps/mqtt/mqtt.c ****  * @param arg User supplied argument to both callbacks
1236:Middlewares/Third_Party/LwIP/src/apps/mqtt/mqtt.c ****  */
1237:Middlewares/Third_Party/LwIP/src/apps/mqtt/mqtt.c **** void
1238:Middlewares/Third_Party/LwIP/src/apps/mqtt/mqtt.c **** mqtt_set_inpub_callback(mqtt_client_t *client, mqtt_incoming_publish_cb_t pub_cb,
1239:Middlewares/Third_Party/LwIP/src/apps/mqtt/mqtt.c ****                         mqtt_incoming_data_cb_t data_cb, void *arg)
1240:Middlewares/Third_Party/LwIP/src/apps/mqtt/mqtt.c **** {
 4256              		.loc 1 1240 1 is_stmt 1 view -0
 4257              		.cfi_startproc
 4258              		@ args = 0, pretend = 0, frame = 0
 4259              		@ frame_needed = 0, uses_anonymous_args = 0
 4260              		.loc 1 1240 1 is_stmt 0 view .LVU1243
 4261 0000 F8B5     		push	{r3, r4, r5, r6, r7, lr}
 4262              	.LCFI44:
 4263              		.cfi_def_cfa_offset 24
 4264              		.cfi_offset 3, -24
ARM GAS  /tmp/ccekGo1E.s 			page 116


 4265              		.cfi_offset 4, -20
 4266              		.cfi_offset 5, -16
 4267              		.cfi_offset 6, -12
 4268              		.cfi_offset 7, -8
 4269              		.cfi_offset 14, -4
 4270 0002 0E46     		mov	r6, r1
 4271 0004 1746     		mov	r7, r2
 4272 0006 1D46     		mov	r5, r3
1241:Middlewares/Third_Party/LwIP/src/apps/mqtt/mqtt.c ****   LWIP_ASSERT_CORE_LOCKED();
 4273              		.loc 1 1241 28 is_stmt 1 view .LVU1244
1242:Middlewares/Third_Party/LwIP/src/apps/mqtt/mqtt.c ****   LWIP_ASSERT("mqtt_set_inpub_callback: client != NULL", client != NULL);
 4274              		.loc 1 1242 3 view .LVU1245
 4275              		.loc 1 1242 3 view .LVU1246
 4276 0008 0446     		mov	r4, r0
 4277 000a 18B1     		cbz	r0, .L328
 4278              	.LVL484:
 4279              	.L326:
 4280              		.loc 1 1242 3 discriminator 3 view .LVU1247
 4281              		.loc 1 1242 3 discriminator 3 view .LVU1248
1243:Middlewares/Third_Party/LwIP/src/apps/mqtt/mqtt.c ****   client->data_cb = data_cb;
 4282              		.loc 1 1243 3 discriminator 3 view .LVU1249
 4283              		.loc 1 1243 19 is_stmt 0 discriminator 3 view .LVU1250
 4284 000c 2766     		str	r7, [r4, #96]
1244:Middlewares/Third_Party/LwIP/src/apps/mqtt/mqtt.c ****   client->pub_cb = pub_cb;
 4285              		.loc 1 1244 3 is_stmt 1 discriminator 3 view .LVU1251
 4286              		.loc 1 1244 18 is_stmt 0 discriminator 3 view .LVU1252
 4287 000e 6666     		str	r6, [r4, #100]
1245:Middlewares/Third_Party/LwIP/src/apps/mqtt/mqtt.c ****   client->inpub_arg = arg;
 4288              		.loc 1 1245 3 is_stmt 1 discriminator 3 view .LVU1253
 4289              		.loc 1 1245 21 is_stmt 0 discriminator 3 view .LVU1254
 4290 0010 E565     		str	r5, [r4, #92]
1246:Middlewares/Third_Party/LwIP/src/apps/mqtt/mqtt.c **** }
 4291              		.loc 1 1246 1 discriminator 3 view .LVU1255
 4292 0012 F8BD     		pop	{r3, r4, r5, r6, r7, pc}
 4293              	.LVL485:
 4294              	.L328:
1242:Middlewares/Third_Party/LwIP/src/apps/mqtt/mqtt.c ****   client->data_cb = data_cb;
 4295              		.loc 1 1242 3 is_stmt 1 discriminator 1 view .LVU1256
1242:Middlewares/Third_Party/LwIP/src/apps/mqtt/mqtt.c ****   client->data_cb = data_cb;
 4296              		.loc 1 1242 3 discriminator 1 view .LVU1257
 4297 0014 034B     		ldr	r3, .L329
 4298              	.LVL486:
1242:Middlewares/Third_Party/LwIP/src/apps/mqtt/mqtt.c ****   client->data_cb = data_cb;
 4299              		.loc 1 1242 3 is_stmt 0 discriminator 1 view .LVU1258
 4300 0016 40F2DA42 		movw	r2, #1242
 4301              	.LVL487:
1242:Middlewares/Third_Party/LwIP/src/apps/mqtt/mqtt.c ****   client->data_cb = data_cb;
 4302              		.loc 1 1242 3 discriminator 1 view .LVU1259
 4303 001a 0349     		ldr	r1, .L329+4
 4304              	.LVL488:
1242:Middlewares/Third_Party/LwIP/src/apps/mqtt/mqtt.c ****   client->data_cb = data_cb;
 4305              		.loc 1 1242 3 discriminator 1 view .LVU1260
 4306 001c 0348     		ldr	r0, .L329+8
 4307              	.LVL489:
1242:Middlewares/Third_Party/LwIP/src/apps/mqtt/mqtt.c ****   client->data_cb = data_cb;
 4308              		.loc 1 1242 3 discriminator 1 view .LVU1261
 4309 001e FFF7FEFF 		bl	printf
ARM GAS  /tmp/ccekGo1E.s 			page 117


 4310              	.LVL490:
 4311 0022 F3E7     		b	.L326
 4312              	.L330:
 4313              		.align	2
 4314              	.L329:
 4315 0024 00000000 		.word	.LC0
 4316 0028 00000000 		.word	.LC30
 4317 002c 58000000 		.word	.LC2
 4318              		.cfi_endproc
 4319              	.LFE192:
 4321              		.section	.text.mqtt_client_new,"ax",%progbits
 4322              		.align	1
 4323              		.global	mqtt_client_new
 4324              		.syntax unified
 4325              		.thumb
 4326              		.thumb_func
 4327              		.fpu fpv4-sp-d16
 4329              	mqtt_client_new:
 4330              	.LFB193:
1247:Middlewares/Third_Party/LwIP/src/apps/mqtt/mqtt.c **** 
1248:Middlewares/Third_Party/LwIP/src/apps/mqtt/mqtt.c **** /**
1249:Middlewares/Third_Party/LwIP/src/apps/mqtt/mqtt.c ****  * @ingroup mqtt
1250:Middlewares/Third_Party/LwIP/src/apps/mqtt/mqtt.c ****  * Create a new MQTT client instance
1251:Middlewares/Third_Party/LwIP/src/apps/mqtt/mqtt.c ****  * @return Pointer to instance on success, NULL otherwise
1252:Middlewares/Third_Party/LwIP/src/apps/mqtt/mqtt.c ****  */
1253:Middlewares/Third_Party/LwIP/src/apps/mqtt/mqtt.c **** mqtt_client_t *
1254:Middlewares/Third_Party/LwIP/src/apps/mqtt/mqtt.c **** mqtt_client_new(void)
1255:Middlewares/Third_Party/LwIP/src/apps/mqtt/mqtt.c **** {
 4331              		.loc 1 1255 1 is_stmt 1 view -0
 4332              		.cfi_startproc
 4333              		@ args = 0, pretend = 0, frame = 0
 4334              		@ frame_needed = 0, uses_anonymous_args = 0
 4335 0000 08B5     		push	{r3, lr}
 4336              	.LCFI45:
 4337              		.cfi_def_cfa_offset 8
 4338              		.cfi_offset 3, -8
 4339              		.cfi_offset 14, -4
1256:Middlewares/Third_Party/LwIP/src/apps/mqtt/mqtt.c ****   LWIP_ASSERT_CORE_LOCKED();
 4340              		.loc 1 1256 28 view .LVU1263
1257:Middlewares/Third_Party/LwIP/src/apps/mqtt/mqtt.c ****   return (mqtt_client_t *)mem_calloc(1, sizeof(mqtt_client_t));
 4341              		.loc 1 1257 3 view .LVU1264
 4342              		.loc 1 1257 27 is_stmt 0 view .LVU1265
 4343 0002 4FF4F871 		mov	r1, #496
 4344 0006 0120     		movs	r0, #1
 4345 0008 FFF7FEFF 		bl	mem_calloc
 4346              	.LVL491:
1258:Middlewares/Third_Party/LwIP/src/apps/mqtt/mqtt.c **** }
 4347              		.loc 1 1258 1 view .LVU1266
 4348 000c 08BD     		pop	{r3, pc}
 4349              		.cfi_endproc
 4350              	.LFE193:
 4352              		.section	.text.mqtt_client_free,"ax",%progbits
 4353              		.align	1
 4354              		.global	mqtt_client_free
 4355              		.syntax unified
 4356              		.thumb
 4357              		.thumb_func
ARM GAS  /tmp/ccekGo1E.s 			page 118


 4358              		.fpu fpv4-sp-d16
 4360              	mqtt_client_free:
 4361              	.LVL492:
 4362              	.LFB194:
1259:Middlewares/Third_Party/LwIP/src/apps/mqtt/mqtt.c **** 
1260:Middlewares/Third_Party/LwIP/src/apps/mqtt/mqtt.c **** /**
1261:Middlewares/Third_Party/LwIP/src/apps/mqtt/mqtt.c ****  * @ingroup mqtt
1262:Middlewares/Third_Party/LwIP/src/apps/mqtt/mqtt.c ****  * Free MQTT client instance
1263:Middlewares/Third_Party/LwIP/src/apps/mqtt/mqtt.c ****  * @param client Pointer to instance to be freed
1264:Middlewares/Third_Party/LwIP/src/apps/mqtt/mqtt.c ****  */
1265:Middlewares/Third_Party/LwIP/src/apps/mqtt/mqtt.c **** void
1266:Middlewares/Third_Party/LwIP/src/apps/mqtt/mqtt.c **** mqtt_client_free(mqtt_client_t *client)
1267:Middlewares/Third_Party/LwIP/src/apps/mqtt/mqtt.c **** {
 4363              		.loc 1 1267 1 is_stmt 1 view -0
 4364              		.cfi_startproc
 4365              		@ args = 0, pretend = 0, frame = 0
 4366              		@ frame_needed = 0, uses_anonymous_args = 0
 4367              		.loc 1 1267 1 is_stmt 0 view .LVU1268
 4368 0000 08B5     		push	{r3, lr}
 4369              	.LCFI46:
 4370              		.cfi_def_cfa_offset 8
 4371              		.cfi_offset 3, -8
 4372              		.cfi_offset 14, -4
1268:Middlewares/Third_Party/LwIP/src/apps/mqtt/mqtt.c ****   mem_free(client);
 4373              		.loc 1 1268 3 is_stmt 1 view .LVU1269
 4374 0002 FFF7FEFF 		bl	mem_free
 4375              	.LVL493:
1269:Middlewares/Third_Party/LwIP/src/apps/mqtt/mqtt.c **** }
 4376              		.loc 1 1269 1 is_stmt 0 view .LVU1270
 4377 0006 08BD     		pop	{r3, pc}
 4378              		.cfi_endproc
 4379              	.LFE194:
 4381              		.section	.rodata.mqtt_client_connect.str1.4,"aMS",%progbits,1
 4382              		.align	2
 4383              	.LC31:
 4384 0000 6D717474 		.ascii	"mqtt_client_connect: client != NULL\000"
 4384      5F636C69 
 4384      656E745F 
 4384      636F6E6E 
 4384      6563743A 
 4385              		.align	2
 4386              	.LC32:
 4387 0024 6D717474 		.ascii	"mqtt_client_connect: ip_addr != NULL\000"
 4387      5F636C69 
 4387      656E745F 
 4387      636F6E6E 
 4387      6563743A 
 4388 0049 000000   		.align	2
 4389              	.LC33:
 4390 004c 6D717474 		.ascii	"mqtt_client_connect: client_info != NULL\000"
 4390      5F636C69 
 4390      656E745F 
 4390      636F6E6E 
 4390      6563743A 
 4391 0075 000000   		.align	2
 4392              	.LC34:
 4393 0078 6D717474 		.ascii	"mqtt_client_connect: client_info->client_id != NULL"
ARM GAS  /tmp/ccekGo1E.s 			page 119


 4393      5F636C69 
 4393      656E745F 
 4393      636F6E6E 
 4393      6563743A 
 4394 00ab 00       		.ascii	"\000"
 4395              		.align	2
 4396              	.LC35:
 4397 00ac 6D717474 		.ascii	"mqtt_client_connect: client_info->will_topic length"
 4397      5F636C69 
 4397      656E745F 
 4397      636F6E6E 
 4397      6563743A 
 4398 00df 206F7665 		.ascii	" overflow\000"
 4398      72666C6F 
 4398      7700
 4399 00e9 000000   		.align	2
 4400              	.LC36:
 4401 00ec 6D717474 		.ascii	"mqtt_client_connect: client_info->will_topic length"
 4401      5F636C69 
 4401      656E745F 
 4401      636F6E6E 
 4401      6563743A 
 4402 011f 206D7573 		.ascii	" must be > 0\000"
 4402      74206265 
 4402      203E2030 
 4402      00
 4403              		.align	2
 4404              	.LC37:
 4405 012c 6D717474 		.ascii	"mqtt_client_connect: client_info->will_msg length o"
 4405      5F636C69 
 4405      656E745F 
 4405      636F6E6E 
 4405      6563743A 
 4406 015f 76657266 		.ascii	"verflow\000"
 4406      6C6F7700 
 4407 0167 00       		.align	2
 4408              	.LC38:
 4409 0168 6D717474 		.ascii	"mqtt_client_connect: remaining_length overflow\000"
 4409      5F636C69 
 4409      656E745F 
 4409      636F6E6E 
 4409      6563743A 
 4410 0197 00       		.align	2
 4411              	.LC39:
 4412 0198 6D717474 		.ascii	"mqtt_client_connect: client_info->client_user lengt"
 4412      5F636C69 
 4412      656E745F 
 4412      636F6E6E 
 4412      6563743A 
 4413 01cb 68206F76 		.ascii	"h overflow\000"
 4413      6572666C 
 4413      6F7700
 4414 01d6 0000     		.align	2
 4415              	.LC40:
 4416 01d8 6D717474 		.ascii	"mqtt_client_connect: client_info->client_user lengt"
 4416      5F636C69 
 4416      656E745F 
ARM GAS  /tmp/ccekGo1E.s 			page 120


 4416      636F6E6E 
 4416      6563743A 
 4417 020b 68206D75 		.ascii	"h must be > 0\000"
 4417      73742062 
 4417      65203E20 
 4417      3000
 4418 0219 000000   		.align	2
 4419              	.LC41:
 4420 021c 6D717474 		.ascii	"mqtt_client_connect: client_info->client_pass lengt"
 4420      5F636C69 
 4420      656E745F 
 4420      636F6E6E 
 4420      6563743A 
 4421 024f 68206F76 		.ascii	"h overflow\000"
 4421      6572666C 
 4421      6F7700
 4422 025a 0000     		.align	2
 4423              	.LC42:
 4424 025c 6D717474 		.ascii	"mqtt_client_connect: client_info->client_pass lengt"
 4424      5F636C69 
 4424      656E745F 
 4424      636F6E6E 
 4424      6563743A 
 4425 028f 68206D75 		.ascii	"h must be > 0\000"
 4425      73742062 
 4425      65203E20 
 4425      3000
 4426 029d 000000   		.align	2
 4427              	.LC43:
 4428 02a0 6D717474 		.ascii	"mqtt_client_connect: client_info->client_id length "
 4428      5F636C69 
 4428      656E745F 
 4428      636F6E6E 
 4428      6563743A 
 4429 02d3 6F766572 		.ascii	"overflow\000"
 4429      666C6F77 
 4429      00
 4430              		.align	2
 4431              	.LC44:
 4432 02dc 4D515454 		.ascii	"MQTT\000"
 4432      00
 4433              		.section	.text.mqtt_client_connect,"ax",%progbits
 4434              		.align	1
 4435              		.global	mqtt_client_connect
 4436              		.syntax unified
 4437              		.thumb
 4438              		.thumb_func
 4439              		.fpu fpv4-sp-d16
 4441              	mqtt_client_connect:
 4442              	.LVL494:
 4443              	.LFB195:
1270:Middlewares/Third_Party/LwIP/src/apps/mqtt/mqtt.c **** 
1271:Middlewares/Third_Party/LwIP/src/apps/mqtt/mqtt.c **** /**
1272:Middlewares/Third_Party/LwIP/src/apps/mqtt/mqtt.c ****  * @ingroup mqtt
1273:Middlewares/Third_Party/LwIP/src/apps/mqtt/mqtt.c ****  * Connect to MQTT server
1274:Middlewares/Third_Party/LwIP/src/apps/mqtt/mqtt.c ****  * @param client MQTT client
1275:Middlewares/Third_Party/LwIP/src/apps/mqtt/mqtt.c ****  * @param ip_addr Server IP
ARM GAS  /tmp/ccekGo1E.s 			page 121


1276:Middlewares/Third_Party/LwIP/src/apps/mqtt/mqtt.c ****  * @param port Server port
1277:Middlewares/Third_Party/LwIP/src/apps/mqtt/mqtt.c ****  * @param cb Connection state change callback
1278:Middlewares/Third_Party/LwIP/src/apps/mqtt/mqtt.c ****  * @param arg User supplied argument to connection callback
1279:Middlewares/Third_Party/LwIP/src/apps/mqtt/mqtt.c ****  * @param client_info Client identification and connection options
1280:Middlewares/Third_Party/LwIP/src/apps/mqtt/mqtt.c ****  * @return ERR_OK if successful, @see err_t enum for other results
1281:Middlewares/Third_Party/LwIP/src/apps/mqtt/mqtt.c ****  */
1282:Middlewares/Third_Party/LwIP/src/apps/mqtt/mqtt.c **** err_t
1283:Middlewares/Third_Party/LwIP/src/apps/mqtt/mqtt.c **** mqtt_client_connect(mqtt_client_t *client, const ip_addr_t *ip_addr, u16_t port, mqtt_connection_cb
1284:Middlewares/Third_Party/LwIP/src/apps/mqtt/mqtt.c ****                     const struct mqtt_connect_client_info_t *client_info)
1285:Middlewares/Third_Party/LwIP/src/apps/mqtt/mqtt.c **** {
 4444              		.loc 1 1285 1 is_stmt 1 view -0
 4445              		.cfi_startproc
 4446              		@ args = 8, pretend = 0, frame = 24
 4447              		@ frame_needed = 0, uses_anonymous_args = 0
 4448              		.loc 1 1285 1 is_stmt 0 view .LVU1272
 4449 0000 2DE9F04F 		push	{r4, r5, r6, r7, r8, r9, r10, fp, lr}
 4450              	.LCFI47:
 4451              		.cfi_def_cfa_offset 36
 4452              		.cfi_offset 4, -36
 4453              		.cfi_offset 5, -32
 4454              		.cfi_offset 6, -28
 4455              		.cfi_offset 7, -24
 4456              		.cfi_offset 8, -20
 4457              		.cfi_offset 9, -16
 4458              		.cfi_offset 10, -12
 4459              		.cfi_offset 11, -8
 4460              		.cfi_offset 14, -4
 4461 0004 89B0     		sub	sp, sp, #36
 4462              	.LCFI48:
 4463              		.cfi_def_cfa_offset 72
 4464 0006 0291     		str	r1, [sp, #8]
 4465 0008 0492     		str	r2, [sp, #16]
 4466 000a 1C46     		mov	r4, r3
 4467 000c 139F     		ldr	r7, [sp, #76]
1286:Middlewares/Third_Party/LwIP/src/apps/mqtt/mqtt.c ****   err_t err;
 4468              		.loc 1 1286 3 is_stmt 1 view .LVU1273
1287:Middlewares/Third_Party/LwIP/src/apps/mqtt/mqtt.c ****   size_t len;
 4469              		.loc 1 1287 3 view .LVU1274
1288:Middlewares/Third_Party/LwIP/src/apps/mqtt/mqtt.c ****   u16_t client_id_length;
 4470              		.loc 1 1288 3 view .LVU1275
1289:Middlewares/Third_Party/LwIP/src/apps/mqtt/mqtt.c ****   /* Length is the sum of 2+"MQTT", protocol level, flags and keep alive */
1290:Middlewares/Third_Party/LwIP/src/apps/mqtt/mqtt.c ****   u16_t remaining_length = 2 + 4 + 1 + 1 + 2;
 4471              		.loc 1 1290 3 view .LVU1276
 4472              	.LVL495:
1291:Middlewares/Third_Party/LwIP/src/apps/mqtt/mqtt.c ****   u8_t flags = 0, will_topic_len = 0, will_msg_len = 0;
 4473              		.loc 1 1291 3 view .LVU1277
1292:Middlewares/Third_Party/LwIP/src/apps/mqtt/mqtt.c ****   u16_t client_user_len = 0, client_pass_len = 0;
 4474              		.loc 1 1292 3 view .LVU1278
1293:Middlewares/Third_Party/LwIP/src/apps/mqtt/mqtt.c **** 
1294:Middlewares/Third_Party/LwIP/src/apps/mqtt/mqtt.c ****   LWIP_ASSERT_CORE_LOCKED();
 4475              		.loc 1 1294 28 view .LVU1279
1295:Middlewares/Third_Party/LwIP/src/apps/mqtt/mqtt.c ****   LWIP_ASSERT("mqtt_client_connect: client != NULL", client != NULL);
 4476              		.loc 1 1295 3 view .LVU1280
 4477              		.loc 1 1295 3 view .LVU1281
 4478 000e 0546     		mov	r5, r0
 4479 0010 0028     		cmp	r0, #0
 4480 0012 00F0B280 		beq	.L368
ARM GAS  /tmp/ccekGo1E.s 			page 122


 4481              	.LVL496:
 4482              	.L336:
 4483              		.loc 1 1295 3 discriminator 3 view .LVU1282
 4484              		.loc 1 1295 3 discriminator 3 view .LVU1283
1296:Middlewares/Third_Party/LwIP/src/apps/mqtt/mqtt.c ****   LWIP_ASSERT("mqtt_client_connect: ip_addr != NULL", ip_addr != NULL);
 4485              		.loc 1 1296 3 discriminator 3 view .LVU1284
 4486              		.loc 1 1296 3 discriminator 3 view .LVU1285
 4487 0016 029B     		ldr	r3, [sp, #8]
 4488 0018 002B     		cmp	r3, #0
 4489 001a 00F0B680 		beq	.L369
 4490              	.L337:
 4491              		.loc 1 1296 3 discriminator 3 view .LVU1286
 4492              		.loc 1 1296 3 discriminator 3 view .LVU1287
1297:Middlewares/Third_Party/LwIP/src/apps/mqtt/mqtt.c ****   LWIP_ASSERT("mqtt_client_connect: client_info != NULL", client_info != NULL);
 4493              		.loc 1 1297 3 discriminator 3 view .LVU1288
 4494              		.loc 1 1297 3 discriminator 3 view .LVU1289
 4495 001e 002F     		cmp	r7, #0
 4496 0020 00F0BB80 		beq	.L370
 4497              	.L338:
 4498              		.loc 1 1297 3 discriminator 3 view .LVU1290
 4499              		.loc 1 1297 3 discriminator 3 view .LVU1291
1298:Middlewares/Third_Party/LwIP/src/apps/mqtt/mqtt.c ****   LWIP_ASSERT("mqtt_client_connect: client_info->client_id != NULL", client_info->client_id != NULL
 4500              		.loc 1 1298 3 discriminator 3 view .LVU1292
 4501              		.loc 1 1298 3 discriminator 3 view .LVU1293
 4502 0024 3A68     		ldr	r2, [r7]
 4503 0026 002A     		cmp	r2, #0
 4504 0028 00F0BF80 		beq	.L371
 4505              	.L339:
 4506              		.loc 1 1298 3 discriminator 3 view .LVU1294
 4507              		.loc 1 1298 3 discriminator 3 view .LVU1295
1299:Middlewares/Third_Party/LwIP/src/apps/mqtt/mqtt.c **** 
1300:Middlewares/Third_Party/LwIP/src/apps/mqtt/mqtt.c ****   if (client->conn_state != TCP_DISCONNECTED) {
 4508              		.loc 1 1300 3 discriminator 3 view .LVU1296
 4509              		.loc 1 1300 13 is_stmt 0 discriminator 3 view .LVU1297
 4510 002c AE7A     		ldrb	r6, [r5, #10]	@ zero_extendqisi2
 4511              		.loc 1 1300 6 discriminator 3 view .LVU1298
 4512 002e 002E     		cmp	r6, #0
 4513 0030 40F09B81 		bne	.L360
1301:Middlewares/Third_Party/LwIP/src/apps/mqtt/mqtt.c ****     LWIP_DEBUGF(MQTT_DEBUG_WARN, ("mqtt_client_connect: Already connected\n"));
1302:Middlewares/Third_Party/LwIP/src/apps/mqtt/mqtt.c ****     return ERR_ISCONN;
1303:Middlewares/Third_Party/LwIP/src/apps/mqtt/mqtt.c ****   }
1304:Middlewares/Third_Party/LwIP/src/apps/mqtt/mqtt.c **** 
1305:Middlewares/Third_Party/LwIP/src/apps/mqtt/mqtt.c ****   /* Wipe clean */
1306:Middlewares/Third_Party/LwIP/src/apps/mqtt/mqtt.c ****   memset(client, 0, sizeof(mqtt_client_t));
 4514              		.loc 1 1306 3 is_stmt 1 view .LVU1299
 4515 0034 4FF4F872 		mov	r2, #496
 4516 0038 0021     		movs	r1, #0
 4517 003a 2846     		mov	r0, r5
 4518 003c FFF7FEFF 		bl	memset
 4519              	.LVL497:
1307:Middlewares/Third_Party/LwIP/src/apps/mqtt/mqtt.c ****   client->connect_arg = arg;
 4520              		.loc 1 1307 3 view .LVU1300
 4521              		.loc 1 1307 23 is_stmt 0 view .LVU1301
 4522 0040 129B     		ldr	r3, [sp, #72]
 4523 0042 2B61     		str	r3, [r5, #16]
1308:Middlewares/Third_Party/LwIP/src/apps/mqtt/mqtt.c ****   client->connect_cb = cb;
 4524              		.loc 1 1308 3 is_stmt 1 view .LVU1302
ARM GAS  /tmp/ccekGo1E.s 			page 123


 4525              		.loc 1 1308 22 is_stmt 0 view .LVU1303
 4526 0044 6C61     		str	r4, [r5, #20]
1309:Middlewares/Third_Party/LwIP/src/apps/mqtt/mqtt.c ****   client->keep_alive = client_info->keep_alive;
 4527              		.loc 1 1309 3 is_stmt 1 view .LVU1304
 4528              		.loc 1 1309 35 is_stmt 0 view .LVU1305
 4529 0046 BB89     		ldrh	r3, [r7, #12]
 4530              		.loc 1 1309 22 view .LVU1306
 4531 0048 6B80     		strh	r3, [r5, #2]	@ movhi
1310:Middlewares/Third_Party/LwIP/src/apps/mqtt/mqtt.c ****   mqtt_init_requests(client->req_list, LWIP_ARRAYSIZE(client->req_list));
 4532              		.loc 1 1310 3 is_stmt 1 view .LVU1307
 4533 004a 0421     		movs	r1, #4
 4534 004c 05F11C00 		add	r0, r5, #28
 4535 0050 FFF7FEFF 		bl	mqtt_init_requests
 4536              	.LVL498:
1311:Middlewares/Third_Party/LwIP/src/apps/mqtt/mqtt.c **** 
1312:Middlewares/Third_Party/LwIP/src/apps/mqtt/mqtt.c ****   /* Build connect message */
1313:Middlewares/Third_Party/LwIP/src/apps/mqtt/mqtt.c ****   if (client_info->will_topic != NULL && client_info->will_msg != NULL) {
 4537              		.loc 1 1313 3 view .LVU1308
 4538              		.loc 1 1313 18 is_stmt 0 view .LVU1309
 4539 0054 3869     		ldr	r0, [r7, #16]
 4540              		.loc 1 1313 6 view .LVU1310
 4541 0056 0028     		cmp	r0, #0
 4542 0058 00F0D080 		beq	.L361
 4543              		.loc 1 1313 53 discriminator 1 view .LVU1311
 4544 005c D7F81480 		ldr	r8, [r7, #20]
 4545              		.loc 1 1313 39 discriminator 1 view .LVU1312
 4546 0060 B8F1000F 		cmp	r8, #0
 4547 0064 00F0CE80 		beq	.L362
1314:Middlewares/Third_Party/LwIP/src/apps/mqtt/mqtt.c ****     flags |= MQTT_CONNECT_FLAG_WILL;
 4548              		.loc 1 1314 5 is_stmt 1 view .LVU1313
 4549              	.LVL499:
1315:Middlewares/Third_Party/LwIP/src/apps/mqtt/mqtt.c ****     flags |= (client_info->will_qos & 3) << 3;
 4550              		.loc 1 1315 5 view .LVU1314
 4551              		.loc 1 1315 26 is_stmt 0 view .LVU1315
 4552 0068 3E7E     		ldrb	r6, [r7, #24]	@ zero_extendqisi2
 4553              		.loc 1 1315 42 view .LVU1316
 4554 006a F600     		lsls	r6, r6, #3
 4555 006c 06F01806 		and	r6, r6, #24
 4556              		.loc 1 1315 11 view .LVU1317
 4557 0070 46F00406 		orr	r6, r6, #4
 4558              	.LVL500:
1316:Middlewares/Third_Party/LwIP/src/apps/mqtt/mqtt.c ****     if (client_info->will_retain) {
 4559              		.loc 1 1316 5 is_stmt 1 view .LVU1318
 4560              		.loc 1 1316 20 is_stmt 0 view .LVU1319
 4561 0074 7B7E     		ldrb	r3, [r7, #25]	@ zero_extendqisi2
 4562              		.loc 1 1316 8 view .LVU1320
 4563 0076 0BB1     		cbz	r3, .L342
1317:Middlewares/Third_Party/LwIP/src/apps/mqtt/mqtt.c ****       flags |= MQTT_CONNECT_FLAG_WILL_RETAIN;
 4564              		.loc 1 1317 7 is_stmt 1 view .LVU1321
 4565              		.loc 1 1317 13 is_stmt 0 view .LVU1322
 4566 0078 46F02006 		orr	r6, r6, #32
 4567              	.LVL501:
 4568              	.L342:
1318:Middlewares/Third_Party/LwIP/src/apps/mqtt/mqtt.c ****     }
1319:Middlewares/Third_Party/LwIP/src/apps/mqtt/mqtt.c ****     len = strlen(client_info->will_topic);
 4569              		.loc 1 1319 5 is_stmt 1 view .LVU1323
 4570              		.loc 1 1319 11 is_stmt 0 view .LVU1324
ARM GAS  /tmp/ccekGo1E.s 			page 124


 4571 007c FFF7FEFF 		bl	strlen
 4572              	.LVL502:
 4573 0080 0446     		mov	r4, r0
 4574              	.LVL503:
1320:Middlewares/Third_Party/LwIP/src/apps/mqtt/mqtt.c ****     LWIP_ERROR("mqtt_client_connect: client_info->will_topic length overflow", len <= 0xFF, return 
 4575              		.loc 1 1320 5 is_stmt 1 view .LVU1325
 4576              		.loc 1 1320 5 view .LVU1326
 4577 0082 FF28     		cmp	r0, #255
 4578 0084 00F29980 		bhi	.L372
 4579              		.loc 1 1320 5 discriminator 2 view .LVU1327
1321:Middlewares/Third_Party/LwIP/src/apps/mqtt/mqtt.c ****     LWIP_ERROR("mqtt_client_connect: client_info->will_topic length must be > 0", len > 0, return E
 4580              		.loc 1 1321 5 discriminator 2 view .LVU1328
 4581              		.loc 1 1321 5 discriminator 2 view .LVU1329
 4582 0088 0028     		cmp	r0, #0
 4583 008a 00F0A180 		beq	.L373
 4584              		.loc 1 1321 5 discriminator 2 view .LVU1330
1322:Middlewares/Third_Party/LwIP/src/apps/mqtt/mqtt.c ****     will_topic_len = (u8_t)len;
 4585              		.loc 1 1322 5 discriminator 2 view .LVU1331
 4586              		.loc 1 1322 20 is_stmt 0 discriminator 2 view .LVU1332
 4587 008e C3B2     		uxtb	r3, r0
 4588 0090 0693     		str	r3, [sp, #24]
 4589              	.LVL504:
1323:Middlewares/Third_Party/LwIP/src/apps/mqtt/mqtt.c ****     len = strlen(client_info->will_msg);
 4590              		.loc 1 1323 5 is_stmt 1 discriminator 2 view .LVU1333
 4591              		.loc 1 1323 11 is_stmt 0 discriminator 2 view .LVU1334
 4592 0092 4046     		mov	r0, r8
 4593              	.LVL505:
 4594              		.loc 1 1323 11 discriminator 2 view .LVU1335
 4595 0094 FFF7FEFF 		bl	strlen
 4596              	.LVL506:
1324:Middlewares/Third_Party/LwIP/src/apps/mqtt/mqtt.c ****     LWIP_ERROR("mqtt_client_connect: client_info->will_msg length overflow", len <= 0xFF, return ER
 4597              		.loc 1 1324 5 is_stmt 1 discriminator 2 view .LVU1336
 4598              		.loc 1 1324 5 discriminator 2 view .LVU1337
 4599 0098 FF28     		cmp	r0, #255
 4600 009a 00F2A480 		bhi	.L374
 4601              		.loc 1 1324 5 discriminator 2 view .LVU1338
1325:Middlewares/Third_Party/LwIP/src/apps/mqtt/mqtt.c ****     will_msg_len = (u8_t)len;
 4602              		.loc 1 1325 5 discriminator 2 view .LVU1339
 4603              		.loc 1 1325 18 is_stmt 0 discriminator 2 view .LVU1340
 4604 009e C3B2     		uxtb	r3, r0
 4605 00a0 0793     		str	r3, [sp, #28]
 4606              	.LVL507:
1326:Middlewares/Third_Party/LwIP/src/apps/mqtt/mqtt.c ****     len = remaining_length + 2 + will_topic_len + 2 + will_msg_len;
 4607              		.loc 1 1326 5 is_stmt 1 discriminator 2 view .LVU1341
 4608              		.loc 1 1326 32 is_stmt 0 discriminator 2 view .LVU1342
 4609 00a2 E4B2     		uxtb	r4, r4
 4610              		.loc 1 1326 49 discriminator 2 view .LVU1343
 4611 00a4 0E34     		adds	r4, r4, #14
 4612              		.loc 1 1326 53 discriminator 2 view .LVU1344
 4613 00a6 1C44     		add	r4, r4, r3
 4614              	.LVL508:
1327:Middlewares/Third_Party/LwIP/src/apps/mqtt/mqtt.c ****     LWIP_ERROR("mqtt_client_connect: remaining_length overflow", len <= 0xFFFF, return ERR_VAL);
 4615              		.loc 1 1327 5 is_stmt 1 discriminator 2 view .LVU1345
 4616              		.loc 1 1327 5 discriminator 2 view .LVU1346
 4617              		.loc 1 1327 5 discriminator 2 view .LVU1347
1328:Middlewares/Third_Party/LwIP/src/apps/mqtt/mqtt.c ****     remaining_length = (u16_t)len;
 4618              		.loc 1 1328 5 discriminator 2 view .LVU1348
ARM GAS  /tmp/ccekGo1E.s 			page 125


 4619              		.loc 1 1328 22 is_stmt 0 discriminator 2 view .LVU1349
 4620 00a8 A4B2     		uxth	r4, r4
 4621              	.LVL509:
 4622              	.L341:
1329:Middlewares/Third_Party/LwIP/src/apps/mqtt/mqtt.c ****   }
1330:Middlewares/Third_Party/LwIP/src/apps/mqtt/mqtt.c ****   if (client_info->client_user != NULL) {
 4623              		.loc 1 1330 3 is_stmt 1 view .LVU1350
 4624              		.loc 1 1330 18 is_stmt 0 view .LVU1351
 4625 00aa 7868     		ldr	r0, [r7, #4]
 4626              		.loc 1 1330 6 view .LVU1352
 4627 00ac 0028     		cmp	r0, #0
 4628 00ae 00F0CE80 		beq	.L363
1331:Middlewares/Third_Party/LwIP/src/apps/mqtt/mqtt.c ****     flags |= MQTT_CONNECT_FLAG_USERNAME;
 4629              		.loc 1 1331 5 is_stmt 1 view .LVU1353
 4630              		.loc 1 1331 11 is_stmt 0 view .LVU1354
 4631 00b2 46F08006 		orr	r6, r6, #128
 4632              	.LVL510:
1332:Middlewares/Third_Party/LwIP/src/apps/mqtt/mqtt.c ****     len = strlen(client_info->client_user);
 4633              		.loc 1 1332 5 is_stmt 1 view .LVU1355
 4634              		.loc 1 1332 11 is_stmt 0 view .LVU1356
 4635 00b6 FFF7FEFF 		bl	strlen
 4636              	.LVL511:
1333:Middlewares/Third_Party/LwIP/src/apps/mqtt/mqtt.c ****     LWIP_ERROR("mqtt_client_connect: client_info->client_user length overflow", len <= 0xFFFF, retu
 4637              		.loc 1 1333 5 is_stmt 1 view .LVU1357
 4638              		.loc 1 1333 5 view .LVU1358
 4639 00ba B0F5803F 		cmp	r0, #65536
 4640 00be 80F0A580 		bcs	.L375
 4641              		.loc 1 1333 5 discriminator 2 view .LVU1359
1334:Middlewares/Third_Party/LwIP/src/apps/mqtt/mqtt.c ****     LWIP_ERROR("mqtt_client_connect: client_info->client_user length must be > 0", len > 0, return 
 4642              		.loc 1 1334 5 discriminator 2 view .LVU1360
 4643              		.loc 1 1334 5 discriminator 2 view .LVU1361
 4644 00c2 0028     		cmp	r0, #0
 4645 00c4 00F0AD80 		beq	.L376
 4646              		.loc 1 1334 5 discriminator 2 view .LVU1362
1335:Middlewares/Third_Party/LwIP/src/apps/mqtt/mqtt.c ****     client_user_len = (u16_t)len;
 4647              		.loc 1 1335 5 discriminator 2 view .LVU1363
 4648              		.loc 1 1335 21 is_stmt 0 discriminator 2 view .LVU1364
 4649 00c8 1FFA80F9 		uxth	r9, r0
 4650              	.LVL512:
1336:Middlewares/Third_Party/LwIP/src/apps/mqtt/mqtt.c ****     len = remaining_length + 2 + client_user_len;
 4651              		.loc 1 1336 5 is_stmt 1 discriminator 2 view .LVU1365
 4652              		.loc 1 1336 28 is_stmt 0 discriminator 2 view .LVU1366
 4653 00cc 0234     		adds	r4, r4, #2
 4654              	.LVL513:
 4655              		.loc 1 1336 32 discriminator 2 view .LVU1367
 4656 00ce 4C44     		add	r4, r4, r9
 4657              	.LVL514:
1337:Middlewares/Third_Party/LwIP/src/apps/mqtt/mqtt.c ****     LWIP_ERROR("mqtt_client_connect: remaining_length overflow", len <= 0xFFFF, return ERR_VAL);
 4658              		.loc 1 1337 5 is_stmt 1 discriminator 2 view .LVU1368
 4659              		.loc 1 1337 5 discriminator 2 view .LVU1369
 4660 00d0 B4F5803F 		cmp	r4, #65536
 4661 00d4 80F0B080 		bcs	.L377
 4662              		.loc 1 1337 5 discriminator 2 view .LVU1370
1338:Middlewares/Third_Party/LwIP/src/apps/mqtt/mqtt.c ****     remaining_length = (u16_t)len;
 4663              		.loc 1 1338 5 discriminator 2 view .LVU1371
 4664              		.loc 1 1338 22 is_stmt 0 discriminator 2 view .LVU1372
 4665 00d8 A4B2     		uxth	r4, r4
ARM GAS  /tmp/ccekGo1E.s 			page 126


 4666              	.LVL515:
 4667              	.L347:
1339:Middlewares/Third_Party/LwIP/src/apps/mqtt/mqtt.c ****   }
1340:Middlewares/Third_Party/LwIP/src/apps/mqtt/mqtt.c ****   if (client_info->client_pass != NULL) {
 4668              		.loc 1 1340 3 is_stmt 1 view .LVU1373
 4669              		.loc 1 1340 18 is_stmt 0 view .LVU1374
 4670 00da B868     		ldr	r0, [r7, #8]
 4671              		.loc 1 1340 6 view .LVU1375
 4672 00dc 0028     		cmp	r0, #0
 4673 00de 00F0DA80 		beq	.L364
1341:Middlewares/Third_Party/LwIP/src/apps/mqtt/mqtt.c ****     flags |= MQTT_CONNECT_FLAG_PASSWORD;
 4674              		.loc 1 1341 5 is_stmt 1 view .LVU1376
 4675              		.loc 1 1341 11 is_stmt 0 view .LVU1377
 4676 00e2 46F04006 		orr	r6, r6, #64
 4677              	.LVL516:
1342:Middlewares/Third_Party/LwIP/src/apps/mqtt/mqtt.c ****     len = strlen(client_info->client_pass);
 4678              		.loc 1 1342 5 is_stmt 1 view .LVU1378
 4679              		.loc 1 1342 11 is_stmt 0 view .LVU1379
 4680 00e6 FFF7FEFF 		bl	strlen
 4681              	.LVL517:
1343:Middlewares/Third_Party/LwIP/src/apps/mqtt/mqtt.c ****     LWIP_ERROR("mqtt_client_connect: client_info->client_pass length overflow", len <= 0xFFFF, retu
 4682              		.loc 1 1343 5 is_stmt 1 view .LVU1380
 4683              		.loc 1 1343 5 view .LVU1381
 4684 00ea B0F5803F 		cmp	r0, #65536
 4685 00ee 80F0B180 		bcs	.L378
 4686              		.loc 1 1343 5 discriminator 2 view .LVU1382
1344:Middlewares/Third_Party/LwIP/src/apps/mqtt/mqtt.c ****     LWIP_ERROR("mqtt_client_connect: client_info->client_pass length must be > 0", len > 0, return 
 4687              		.loc 1 1344 5 discriminator 2 view .LVU1383
 4688              		.loc 1 1344 5 discriminator 2 view .LVU1384
 4689 00f2 0028     		cmp	r0, #0
 4690 00f4 00F0B980 		beq	.L379
 4691              		.loc 1 1344 5 discriminator 2 view .LVU1385
1345:Middlewares/Third_Party/LwIP/src/apps/mqtt/mqtt.c ****     client_pass_len = (u16_t)len;
 4692              		.loc 1 1345 5 discriminator 2 view .LVU1386
 4693              		.loc 1 1345 21 is_stmt 0 discriminator 2 view .LVU1387
 4694 00f8 1FFA80FB 		uxth	fp, r0
 4695              	.LVL518:
1346:Middlewares/Third_Party/LwIP/src/apps/mqtt/mqtt.c ****     len = remaining_length + 2 + client_pass_len;
 4696              		.loc 1 1346 5 is_stmt 1 discriminator 2 view .LVU1388
 4697              		.loc 1 1346 28 is_stmt 0 discriminator 2 view .LVU1389
 4698 00fc 0234     		adds	r4, r4, #2
 4699              	.LVL519:
 4700              		.loc 1 1346 32 discriminator 2 view .LVU1390
 4701 00fe 5C44     		add	r4, r4, fp
 4702              	.LVL520:
1347:Middlewares/Third_Party/LwIP/src/apps/mqtt/mqtt.c ****     LWIP_ERROR("mqtt_client_connect: remaining_length overflow", len <= 0xFFFF, return ERR_VAL);
 4703              		.loc 1 1347 5 is_stmt 1 discriminator 2 view .LVU1391
 4704              		.loc 1 1347 5 discriminator 2 view .LVU1392
 4705 0100 B4F5803F 		cmp	r4, #65536
 4706 0104 80F0BC80 		bcs	.L380
 4707              		.loc 1 1347 5 discriminator 2 view .LVU1393
1348:Middlewares/Third_Party/LwIP/src/apps/mqtt/mqtt.c ****     remaining_length = (u16_t)len;
 4708              		.loc 1 1348 5 discriminator 2 view .LVU1394
 4709              		.loc 1 1348 22 is_stmt 0 discriminator 2 view .LVU1395
 4710 0108 A4B2     		uxth	r4, r4
 4711              	.LVL521:
 4712              	.L351:
ARM GAS  /tmp/ccekGo1E.s 			page 127


1349:Middlewares/Third_Party/LwIP/src/apps/mqtt/mqtt.c ****   }
1350:Middlewares/Third_Party/LwIP/src/apps/mqtt/mqtt.c **** 
1351:Middlewares/Third_Party/LwIP/src/apps/mqtt/mqtt.c ****   /* Don't complicate things, always connect using clean session */
1352:Middlewares/Third_Party/LwIP/src/apps/mqtt/mqtt.c ****   flags |= MQTT_CONNECT_FLAG_CLEAN_SESSION;
 4713              		.loc 1 1352 3 is_stmt 1 view .LVU1396
 4714              		.loc 1 1352 9 is_stmt 0 view .LVU1397
 4715 010a 46F00203 		orr	r3, r6, #2
 4716 010e 0593     		str	r3, [sp, #20]
 4717              	.LVL522:
1353:Middlewares/Third_Party/LwIP/src/apps/mqtt/mqtt.c **** 
1354:Middlewares/Third_Party/LwIP/src/apps/mqtt/mqtt.c ****   len = strlen(client_info->client_id);
 4718              		.loc 1 1354 3 is_stmt 1 view .LVU1398
 4719              		.loc 1 1354 9 is_stmt 0 view .LVU1399
 4720 0110 3868     		ldr	r0, [r7]
 4721 0112 FFF7FEFF 		bl	strlen
 4722              	.LVL523:
1355:Middlewares/Third_Party/LwIP/src/apps/mqtt/mqtt.c ****   LWIP_ERROR("mqtt_client_connect: client_info->client_id length overflow", len <= 0xFFFF, return E
 4723              		.loc 1 1355 3 is_stmt 1 view .LVU1400
 4724              		.loc 1 1355 3 view .LVU1401
 4725 0116 B0F5803F 		cmp	r0, #65536
 4726 011a 80F0BF80 		bcs	.L381
 4727              		.loc 1 1355 3 discriminator 2 view .LVU1402
1356:Middlewares/Third_Party/LwIP/src/apps/mqtt/mqtt.c ****   client_id_length = (u16_t)len;
 4728              		.loc 1 1356 3 discriminator 2 view .LVU1403
 4729              		.loc 1 1356 20 is_stmt 0 discriminator 2 view .LVU1404
 4730 011e 1FFA80F8 		uxth	r8, r0
 4731              	.LVL524:
1357:Middlewares/Third_Party/LwIP/src/apps/mqtt/mqtt.c ****   len = remaining_length + 2 + client_id_length;
 4732              		.loc 1 1357 3 is_stmt 1 discriminator 2 view .LVU1405
 4733              		.loc 1 1357 26 is_stmt 0 discriminator 2 view .LVU1406
 4734 0122 0234     		adds	r4, r4, #2
 4735              	.LVL525:
 4736              		.loc 1 1357 30 discriminator 2 view .LVU1407
 4737 0124 4444     		add	r4, r4, r8
 4738              	.LVL526:
1358:Middlewares/Third_Party/LwIP/src/apps/mqtt/mqtt.c ****   LWIP_ERROR("mqtt_client_connect: remaining_length overflow", len <= 0xFFFF, return ERR_VAL);
 4739              		.loc 1 1358 3 is_stmt 1 discriminator 2 view .LVU1408
 4740              		.loc 1 1358 3 discriminator 2 view .LVU1409
 4741 0126 B4F5803F 		cmp	r4, #65536
 4742 012a 80F0C280 		bcs	.L382
 4743              		.loc 1 1358 3 discriminator 2 view .LVU1410
1359:Middlewares/Third_Party/LwIP/src/apps/mqtt/mqtt.c ****   remaining_length = (u16_t)len;
 4744              		.loc 1 1359 3 discriminator 2 view .LVU1411
 4745              		.loc 1 1359 20 is_stmt 0 discriminator 2 view .LVU1412
 4746 012e A4B2     		uxth	r4, r4
 4747              	.LVL527:
1360:Middlewares/Third_Party/LwIP/src/apps/mqtt/mqtt.c **** 
1361:Middlewares/Third_Party/LwIP/src/apps/mqtt/mqtt.c ****   if (mqtt_output_check_space(&client->output, remaining_length) == 0) {
 4748              		.loc 1 1361 3 is_stmt 1 discriminator 2 view .LVU1413
 4749              		.loc 1 1361 7 is_stmt 0 discriminator 2 view .LVU1414
 4750 0130 05F1EC0A 		add	r10, r5, #236
 4751 0134 2146     		mov	r1, r4
 4752 0136 5046     		mov	r0, r10
 4753 0138 FFF7FEFF 		bl	mqtt_output_check_space
 4754              	.LVL528:
 4755              		.loc 1 1361 6 discriminator 2 view .LVU1415
 4756 013c 0028     		cmp	r0, #0
ARM GAS  /tmp/ccekGo1E.s 			page 128


 4757 013e 00F01881 		beq	.L365
1362:Middlewares/Third_Party/LwIP/src/apps/mqtt/mqtt.c ****     return ERR_MEM;
1363:Middlewares/Third_Party/LwIP/src/apps/mqtt/mqtt.c ****   }
1364:Middlewares/Third_Party/LwIP/src/apps/mqtt/mqtt.c **** 
1365:Middlewares/Third_Party/LwIP/src/apps/mqtt/mqtt.c **** #if LWIP_ALTCP && LWIP_ALTCP_TLS
1366:Middlewares/Third_Party/LwIP/src/apps/mqtt/mqtt.c ****   if (client_info->tls_config) {
1367:Middlewares/Third_Party/LwIP/src/apps/mqtt/mqtt.c ****     client->conn = altcp_tls_new(client_info->tls_config, IP_GET_TYPE(ip_addr));
1368:Middlewares/Third_Party/LwIP/src/apps/mqtt/mqtt.c ****   } else
1369:Middlewares/Third_Party/LwIP/src/apps/mqtt/mqtt.c **** #endif
1370:Middlewares/Third_Party/LwIP/src/apps/mqtt/mqtt.c ****   {
1371:Middlewares/Third_Party/LwIP/src/apps/mqtt/mqtt.c ****     client->conn = altcp_tcp_new_ip_type(IP_GET_TYPE(ip_addr));
 4758              		.loc 1 1371 5 is_stmt 1 view .LVU1416
 4759              		.loc 1 1371 20 is_stmt 0 view .LVU1417
 4760 0142 0020     		movs	r0, #0
 4761 0144 FFF7FEFF 		bl	tcp_new_ip_type
 4762              	.LVL529:
 4763              		.loc 1 1371 18 view .LVU1418
 4764 0148 E860     		str	r0, [r5, #12]
1372:Middlewares/Third_Party/LwIP/src/apps/mqtt/mqtt.c ****   }
1373:Middlewares/Third_Party/LwIP/src/apps/mqtt/mqtt.c ****   if (client->conn == NULL) {
 4765              		.loc 1 1373 3 is_stmt 1 view .LVU1419
 4766              		.loc 1 1373 6 is_stmt 0 view .LVU1420
 4767 014a 0028     		cmp	r0, #0
 4768 014c 00F01581 		beq	.L366
1374:Middlewares/Third_Party/LwIP/src/apps/mqtt/mqtt.c ****     return ERR_MEM;
1375:Middlewares/Third_Party/LwIP/src/apps/mqtt/mqtt.c ****   }
1376:Middlewares/Third_Party/LwIP/src/apps/mqtt/mqtt.c **** 
1377:Middlewares/Third_Party/LwIP/src/apps/mqtt/mqtt.c ****   /* Set arg pointer for callbacks */
1378:Middlewares/Third_Party/LwIP/src/apps/mqtt/mqtt.c ****   altcp_arg(client->conn, client);
 4769              		.loc 1 1378 3 is_stmt 1 view .LVU1421
 4770 0150 2946     		mov	r1, r5
 4771 0152 FFF7FEFF 		bl	tcp_arg
 4772              	.LVL530:
1379:Middlewares/Third_Party/LwIP/src/apps/mqtt/mqtt.c ****   /* Any local address, pick random local port number */
1380:Middlewares/Third_Party/LwIP/src/apps/mqtt/mqtt.c ****   err = altcp_bind(client->conn, IP_ADDR_ANY, 0);
 4773              		.loc 1 1380 3 view .LVU1422
 4774              		.loc 1 1380 9 is_stmt 0 view .LVU1423
 4775 0156 0022     		movs	r2, #0
 4776 0158 8A49     		ldr	r1, .L386
 4777 015a E868     		ldr	r0, [r5, #12]
 4778 015c FFF7FEFF 		bl	tcp_bind
 4779              	.LVL531:
1381:Middlewares/Third_Party/LwIP/src/apps/mqtt/mqtt.c ****   if (err != ERR_OK) {
 4780              		.loc 1 1381 3 is_stmt 1 view .LVU1424
 4781              		.loc 1 1381 6 is_stmt 0 view .LVU1425
 4782 0160 0390     		str	r0, [sp, #12]
 4783 0162 0028     		cmp	r0, #0
 4784 0164 00F0B080 		beq	.L383
 4785              	.L357:
 4786              	.LVL532:
1382:Middlewares/Third_Party/LwIP/src/apps/mqtt/mqtt.c ****     LWIP_DEBUGF(MQTT_DEBUG_WARN, ("mqtt_client_connect: Error binding to local ip/port, %d\n", err)
1383:Middlewares/Third_Party/LwIP/src/apps/mqtt/mqtt.c ****     goto tcp_fail;
1384:Middlewares/Third_Party/LwIP/src/apps/mqtt/mqtt.c ****   }
1385:Middlewares/Third_Party/LwIP/src/apps/mqtt/mqtt.c ****   LWIP_DEBUGF(MQTT_DEBUG_TRACE, ("mqtt_client_connect: Connecting to host: %s at port:%"U16_F"\n", 
1386:Middlewares/Third_Party/LwIP/src/apps/mqtt/mqtt.c **** 
1387:Middlewares/Third_Party/LwIP/src/apps/mqtt/mqtt.c ****   /* Connect to server */
1388:Middlewares/Third_Party/LwIP/src/apps/mqtt/mqtt.c ****   err = altcp_connect(client->conn, ip_addr, port, mqtt_tcp_connect_cb);
ARM GAS  /tmp/ccekGo1E.s 			page 129


1389:Middlewares/Third_Party/LwIP/src/apps/mqtt/mqtt.c ****   if (err != ERR_OK) {
1390:Middlewares/Third_Party/LwIP/src/apps/mqtt/mqtt.c ****     LWIP_DEBUGF(MQTT_DEBUG_TRACE, ("mqtt_client_connect: Error connecting to remote ip/port, %d\n",
1391:Middlewares/Third_Party/LwIP/src/apps/mqtt/mqtt.c ****     goto tcp_fail;
1392:Middlewares/Third_Party/LwIP/src/apps/mqtt/mqtt.c ****   }
1393:Middlewares/Third_Party/LwIP/src/apps/mqtt/mqtt.c ****   /* Set error callback */
1394:Middlewares/Third_Party/LwIP/src/apps/mqtt/mqtt.c ****   altcp_err(client->conn, mqtt_tcp_err_cb);
1395:Middlewares/Third_Party/LwIP/src/apps/mqtt/mqtt.c ****   client->conn_state = TCP_CONNECTING;
1396:Middlewares/Third_Party/LwIP/src/apps/mqtt/mqtt.c **** 
1397:Middlewares/Third_Party/LwIP/src/apps/mqtt/mqtt.c ****   /* Append fixed header */
1398:Middlewares/Third_Party/LwIP/src/apps/mqtt/mqtt.c ****   mqtt_output_append_fixed_header(&client->output, MQTT_MSG_TYPE_CONNECT, 0, 0, 0, remaining_length
1399:Middlewares/Third_Party/LwIP/src/apps/mqtt/mqtt.c ****   /* Append Protocol string */
1400:Middlewares/Third_Party/LwIP/src/apps/mqtt/mqtt.c ****   mqtt_output_append_string(&client->output, "MQTT", 4);
1401:Middlewares/Third_Party/LwIP/src/apps/mqtt/mqtt.c ****   /* Append Protocol level */
1402:Middlewares/Third_Party/LwIP/src/apps/mqtt/mqtt.c ****   mqtt_output_append_u8(&client->output, 4);
1403:Middlewares/Third_Party/LwIP/src/apps/mqtt/mqtt.c ****   /* Append connect flags */
1404:Middlewares/Third_Party/LwIP/src/apps/mqtt/mqtt.c ****   mqtt_output_append_u8(&client->output, flags);
1405:Middlewares/Third_Party/LwIP/src/apps/mqtt/mqtt.c ****   /* Append keep-alive */
1406:Middlewares/Third_Party/LwIP/src/apps/mqtt/mqtt.c ****   mqtt_output_append_u16(&client->output, client_info->keep_alive);
1407:Middlewares/Third_Party/LwIP/src/apps/mqtt/mqtt.c ****   /* Append client id */
1408:Middlewares/Third_Party/LwIP/src/apps/mqtt/mqtt.c ****   mqtt_output_append_string(&client->output, client_info->client_id, client_id_length);
1409:Middlewares/Third_Party/LwIP/src/apps/mqtt/mqtt.c ****   /* Append will message if used */
1410:Middlewares/Third_Party/LwIP/src/apps/mqtt/mqtt.c ****   if ((flags & MQTT_CONNECT_FLAG_WILL) != 0) {
1411:Middlewares/Third_Party/LwIP/src/apps/mqtt/mqtt.c ****     mqtt_output_append_string(&client->output, client_info->will_topic, will_topic_len);
1412:Middlewares/Third_Party/LwIP/src/apps/mqtt/mqtt.c ****     mqtt_output_append_string(&client->output, client_info->will_msg, will_msg_len);
1413:Middlewares/Third_Party/LwIP/src/apps/mqtt/mqtt.c ****   }
1414:Middlewares/Third_Party/LwIP/src/apps/mqtt/mqtt.c ****   /* Append user name if given */
1415:Middlewares/Third_Party/LwIP/src/apps/mqtt/mqtt.c ****   if ((flags & MQTT_CONNECT_FLAG_USERNAME) != 0) {
1416:Middlewares/Third_Party/LwIP/src/apps/mqtt/mqtt.c ****     mqtt_output_append_string(&client->output, client_info->client_user, client_user_len);
1417:Middlewares/Third_Party/LwIP/src/apps/mqtt/mqtt.c ****   }
1418:Middlewares/Third_Party/LwIP/src/apps/mqtt/mqtt.c ****   /* Append password if given */
1419:Middlewares/Third_Party/LwIP/src/apps/mqtt/mqtt.c ****   if ((flags & MQTT_CONNECT_FLAG_PASSWORD) != 0) {
1420:Middlewares/Third_Party/LwIP/src/apps/mqtt/mqtt.c ****     mqtt_output_append_string(&client->output, client_info->client_pass, client_pass_len);
1421:Middlewares/Third_Party/LwIP/src/apps/mqtt/mqtt.c ****   }
1422:Middlewares/Third_Party/LwIP/src/apps/mqtt/mqtt.c ****   return ERR_OK;
1423:Middlewares/Third_Party/LwIP/src/apps/mqtt/mqtt.c **** 
1424:Middlewares/Third_Party/LwIP/src/apps/mqtt/mqtt.c **** tcp_fail:
1425:Middlewares/Third_Party/LwIP/src/apps/mqtt/mqtt.c ****   altcp_abort(client->conn);
 4787              		.loc 1 1425 3 is_stmt 1 view .LVU1426
 4788 0168 E868     		ldr	r0, [r5, #12]
 4789 016a FFF7FEFF 		bl	tcp_abort
 4790              	.LVL533:
1426:Middlewares/Third_Party/LwIP/src/apps/mqtt/mqtt.c ****   client->conn = NULL;
 4791              		.loc 1 1426 3 view .LVU1427
 4792              		.loc 1 1426 16 is_stmt 0 view .LVU1428
 4793 016e 0023     		movs	r3, #0
 4794 0170 EB60     		str	r3, [r5, #12]
1427:Middlewares/Third_Party/LwIP/src/apps/mqtt/mqtt.c ****   return err;
 4795              		.loc 1 1427 3 is_stmt 1 view .LVU1429
 4796              	.LVL534:
 4797              	.L340:
1428:Middlewares/Third_Party/LwIP/src/apps/mqtt/mqtt.c **** }
 4798              		.loc 1 1428 1 is_stmt 0 view .LVU1430
 4799 0172 0398     		ldr	r0, [sp, #12]
 4800 0174 09B0     		add	sp, sp, #36
 4801              	.LCFI49:
 4802              		.cfi_remember_state
 4803              		.cfi_def_cfa_offset 36
ARM GAS  /tmp/ccekGo1E.s 			page 130


 4804              		@ sp needed
 4805 0176 BDE8F08F 		pop	{r4, r5, r6, r7, r8, r9, r10, fp, pc}
 4806              	.LVL535:
 4807              	.L368:
 4808              	.LCFI50:
 4809              		.cfi_restore_state
1295:Middlewares/Third_Party/LwIP/src/apps/mqtt/mqtt.c ****   LWIP_ASSERT("mqtt_client_connect: ip_addr != NULL", ip_addr != NULL);
 4810              		.loc 1 1295 3 is_stmt 1 discriminator 1 view .LVU1431
1295:Middlewares/Third_Party/LwIP/src/apps/mqtt/mqtt.c ****   LWIP_ASSERT("mqtt_client_connect: ip_addr != NULL", ip_addr != NULL);
 4811              		.loc 1 1295 3 discriminator 1 view .LVU1432
 4812 017a 834B     		ldr	r3, .L386+4
 4813              	.LVL536:
1295:Middlewares/Third_Party/LwIP/src/apps/mqtt/mqtt.c ****   LWIP_ASSERT("mqtt_client_connect: ip_addr != NULL", ip_addr != NULL);
 4814              		.loc 1 1295 3 is_stmt 0 discriminator 1 view .LVU1433
 4815 017c 40F20F52 		movw	r2, #1295
 4816              	.LVL537:
1295:Middlewares/Third_Party/LwIP/src/apps/mqtt/mqtt.c ****   LWIP_ASSERT("mqtt_client_connect: ip_addr != NULL", ip_addr != NULL);
 4817              		.loc 1 1295 3 discriminator 1 view .LVU1434
 4818 0180 8249     		ldr	r1, .L386+8
 4819              	.LVL538:
1295:Middlewares/Third_Party/LwIP/src/apps/mqtt/mqtt.c ****   LWIP_ASSERT("mqtt_client_connect: ip_addr != NULL", ip_addr != NULL);
 4820              		.loc 1 1295 3 discriminator 1 view .LVU1435
 4821 0182 8348     		ldr	r0, .L386+12
 4822              	.LVL539:
1295:Middlewares/Third_Party/LwIP/src/apps/mqtt/mqtt.c ****   LWIP_ASSERT("mqtt_client_connect: ip_addr != NULL", ip_addr != NULL);
 4823              		.loc 1 1295 3 discriminator 1 view .LVU1436
 4824 0184 FFF7FEFF 		bl	printf
 4825              	.LVL540:
 4826 0188 45E7     		b	.L336
 4827              	.L369:
1296:Middlewares/Third_Party/LwIP/src/apps/mqtt/mqtt.c ****   LWIP_ASSERT("mqtt_client_connect: client_info != NULL", client_info != NULL);
 4828              		.loc 1 1296 3 is_stmt 1 discriminator 1 view .LVU1437
1296:Middlewares/Third_Party/LwIP/src/apps/mqtt/mqtt.c ****   LWIP_ASSERT("mqtt_client_connect: client_info != NULL", client_info != NULL);
 4829              		.loc 1 1296 3 discriminator 1 view .LVU1438
 4830 018a 7F4B     		ldr	r3, .L386+4
 4831 018c 4FF4A262 		mov	r2, #1296
 4832 0190 8049     		ldr	r1, .L386+16
 4833 0192 7F48     		ldr	r0, .L386+12
 4834 0194 FFF7FEFF 		bl	printf
 4835              	.LVL541:
 4836 0198 41E7     		b	.L337
 4837              	.L370:
1297:Middlewares/Third_Party/LwIP/src/apps/mqtt/mqtt.c ****   LWIP_ASSERT("mqtt_client_connect: client_info->client_id != NULL", client_info->client_id != NULL
 4838              		.loc 1 1297 3 discriminator 1 view .LVU1439
1297:Middlewares/Third_Party/LwIP/src/apps/mqtt/mqtt.c ****   LWIP_ASSERT("mqtt_client_connect: client_info->client_id != NULL", client_info->client_id != NULL
 4839              		.loc 1 1297 3 discriminator 1 view .LVU1440
 4840 019a 7B4B     		ldr	r3, .L386+4
 4841 019c 40F21152 		movw	r2, #1297
 4842 01a0 7D49     		ldr	r1, .L386+20
 4843 01a2 7B48     		ldr	r0, .L386+12
 4844 01a4 FFF7FEFF 		bl	printf
 4845              	.LVL542:
 4846 01a8 3CE7     		b	.L338
 4847              	.L371:
1298:Middlewares/Third_Party/LwIP/src/apps/mqtt/mqtt.c **** 
 4848              		.loc 1 1298 3 discriminator 1 view .LVU1441
1298:Middlewares/Third_Party/LwIP/src/apps/mqtt/mqtt.c **** 
ARM GAS  /tmp/ccekGo1E.s 			page 131


 4849              		.loc 1 1298 3 discriminator 1 view .LVU1442
 4850 01aa 774B     		ldr	r3, .L386+4
 4851 01ac 40F21252 		movw	r2, #1298
 4852 01b0 7A49     		ldr	r1, .L386+24
 4853 01b2 7748     		ldr	r0, .L386+12
 4854 01b4 FFF7FEFF 		bl	printf
 4855              	.LVL543:
 4856 01b8 38E7     		b	.L339
 4857              	.LVL544:
 4858              	.L372:
1320:Middlewares/Third_Party/LwIP/src/apps/mqtt/mqtt.c ****     LWIP_ERROR("mqtt_client_connect: client_info->will_topic length must be > 0", len > 0, return E
 4859              		.loc 1 1320 5 discriminator 1 view .LVU1443
1320:Middlewares/Third_Party/LwIP/src/apps/mqtt/mqtt.c ****     LWIP_ERROR("mqtt_client_connect: client_info->will_topic length must be > 0", len > 0, return E
 4860              		.loc 1 1320 5 discriminator 1 view .LVU1444
 4861 01ba 734B     		ldr	r3, .L386+4
 4862 01bc 4FF4A562 		mov	r2, #1320
 4863 01c0 7749     		ldr	r1, .L386+28
 4864 01c2 7348     		ldr	r0, .L386+12
 4865              	.LVL545:
1320:Middlewares/Third_Party/LwIP/src/apps/mqtt/mqtt.c ****     LWIP_ERROR("mqtt_client_connect: client_info->will_topic length must be > 0", len > 0, return E
 4866              		.loc 1 1320 5 is_stmt 0 discriminator 1 view .LVU1445
 4867 01c4 FFF7FEFF 		bl	printf
 4868              	.LVL546:
1320:Middlewares/Third_Party/LwIP/src/apps/mqtt/mqtt.c ****     LWIP_ERROR("mqtt_client_connect: client_info->will_topic length must be > 0", len > 0, return E
 4869              		.loc 1 1320 5 is_stmt 1 discriminator 1 view .LVU1446
1320:Middlewares/Third_Party/LwIP/src/apps/mqtt/mqtt.c ****     LWIP_ERROR("mqtt_client_connect: client_info->will_topic length must be > 0", len > 0, return E
 4870              		.loc 1 1320 5 discriminator 1 view .LVU1447
 4871 01c8 6FF00503 		mvn	r3, #5
 4872 01cc 0393     		str	r3, [sp, #12]
 4873 01ce D0E7     		b	.L340
 4874              	.LVL547:
 4875              	.L373:
1321:Middlewares/Third_Party/LwIP/src/apps/mqtt/mqtt.c ****     will_topic_len = (u8_t)len;
 4876              		.loc 1 1321 5 discriminator 1 view .LVU1448
1321:Middlewares/Third_Party/LwIP/src/apps/mqtt/mqtt.c ****     will_topic_len = (u8_t)len;
 4877              		.loc 1 1321 5 discriminator 1 view .LVU1449
 4878 01d0 6D4B     		ldr	r3, .L386+4
 4879 01d2 40F22952 		movw	r2, #1321
 4880 01d6 7349     		ldr	r1, .L386+32
 4881 01d8 6D48     		ldr	r0, .L386+12
 4882              	.LVL548:
1321:Middlewares/Third_Party/LwIP/src/apps/mqtt/mqtt.c ****     will_topic_len = (u8_t)len;
 4883              		.loc 1 1321 5 is_stmt 0 discriminator 1 view .LVU1450
 4884 01da FFF7FEFF 		bl	printf
 4885              	.LVL549:
1321:Middlewares/Third_Party/LwIP/src/apps/mqtt/mqtt.c ****     will_topic_len = (u8_t)len;
 4886              		.loc 1 1321 5 is_stmt 1 discriminator 1 view .LVU1451
1321:Middlewares/Third_Party/LwIP/src/apps/mqtt/mqtt.c ****     will_topic_len = (u8_t)len;
 4887              		.loc 1 1321 5 discriminator 1 view .LVU1452
 4888 01de 6FF00503 		mvn	r3, #5
 4889 01e2 0393     		str	r3, [sp, #12]
 4890 01e4 C5E7     		b	.L340
 4891              	.LVL550:
 4892              	.L374:
1324:Middlewares/Third_Party/LwIP/src/apps/mqtt/mqtt.c ****     will_msg_len = (u8_t)len;
 4893              		.loc 1 1324 5 discriminator 1 view .LVU1453
1324:Middlewares/Third_Party/LwIP/src/apps/mqtt/mqtt.c ****     will_msg_len = (u8_t)len;
ARM GAS  /tmp/ccekGo1E.s 			page 132


 4894              		.loc 1 1324 5 discriminator 1 view .LVU1454
 4895 01e6 684B     		ldr	r3, .L386+4
 4896 01e8 40F22C52 		movw	r2, #1324
 4897 01ec 6E49     		ldr	r1, .L386+36
 4898 01ee 6848     		ldr	r0, .L386+12
 4899              	.LVL551:
1324:Middlewares/Third_Party/LwIP/src/apps/mqtt/mqtt.c ****     will_msg_len = (u8_t)len;
 4900              		.loc 1 1324 5 is_stmt 0 discriminator 1 view .LVU1455
 4901 01f0 FFF7FEFF 		bl	printf
 4902              	.LVL552:
1324:Middlewares/Third_Party/LwIP/src/apps/mqtt/mqtt.c ****     will_msg_len = (u8_t)len;
 4903              		.loc 1 1324 5 is_stmt 1 discriminator 1 view .LVU1456
1324:Middlewares/Third_Party/LwIP/src/apps/mqtt/mqtt.c ****     will_msg_len = (u8_t)len;
 4904              		.loc 1 1324 5 discriminator 1 view .LVU1457
 4905 01f4 6FF00503 		mvn	r3, #5
 4906 01f8 0393     		str	r3, [sp, #12]
 4907 01fa BAE7     		b	.L340
 4908              	.LVL553:
 4909              	.L361:
1291:Middlewares/Third_Party/LwIP/src/apps/mqtt/mqtt.c ****   u16_t client_user_len = 0, client_pass_len = 0;
 4910              		.loc 1 1291 39 is_stmt 0 view .LVU1458
 4911 01fc 0796     		str	r6, [sp, #28]
1291:Middlewares/Third_Party/LwIP/src/apps/mqtt/mqtt.c ****   u16_t client_user_len = 0, client_pass_len = 0;
 4912              		.loc 1 1291 19 view .LVU1459
 4913 01fe 0696     		str	r6, [sp, #24]
1290:Middlewares/Third_Party/LwIP/src/apps/mqtt/mqtt.c ****   u8_t flags = 0, will_topic_len = 0, will_msg_len = 0;
 4914              		.loc 1 1290 9 view .LVU1460
 4915 0200 0A24     		movs	r4, #10
 4916              	.LVL554:
1290:Middlewares/Third_Party/LwIP/src/apps/mqtt/mqtt.c ****   u8_t flags = 0, will_topic_len = 0, will_msg_len = 0;
 4917              		.loc 1 1290 9 view .LVU1461
 4918 0202 52E7     		b	.L341
 4919              	.LVL555:
 4920              	.L362:
1291:Middlewares/Third_Party/LwIP/src/apps/mqtt/mqtt.c ****   u16_t client_user_len = 0, client_pass_len = 0;
 4921              		.loc 1 1291 39 view .LVU1462
 4922 0204 0796     		str	r6, [sp, #28]
1291:Middlewares/Third_Party/LwIP/src/apps/mqtt/mqtt.c ****   u16_t client_user_len = 0, client_pass_len = 0;
 4923              		.loc 1 1291 19 view .LVU1463
 4924 0206 0696     		str	r6, [sp, #24]
1290:Middlewares/Third_Party/LwIP/src/apps/mqtt/mqtt.c ****   u8_t flags = 0, will_topic_len = 0, will_msg_len = 0;
 4925              		.loc 1 1290 9 view .LVU1464
 4926 0208 0A24     		movs	r4, #10
 4927              	.LVL556:
1290:Middlewares/Third_Party/LwIP/src/apps/mqtt/mqtt.c ****   u8_t flags = 0, will_topic_len = 0, will_msg_len = 0;
 4928              		.loc 1 1290 9 view .LVU1465
 4929 020a 4EE7     		b	.L341
 4930              	.LVL557:
 4931              	.L375:
1333:Middlewares/Third_Party/LwIP/src/apps/mqtt/mqtt.c ****     LWIP_ERROR("mqtt_client_connect: client_info->client_user length must be > 0", len > 0, return 
 4932              		.loc 1 1333 5 is_stmt 1 discriminator 1 view .LVU1466
1333:Middlewares/Third_Party/LwIP/src/apps/mqtt/mqtt.c ****     LWIP_ERROR("mqtt_client_connect: client_info->client_user length must be > 0", len > 0, return 
 4933              		.loc 1 1333 5 discriminator 1 view .LVU1467
 4934 020c 5E4B     		ldr	r3, .L386+4
 4935 020e 40F23552 		movw	r2, #1333
 4936 0212 6649     		ldr	r1, .L386+40
 4937 0214 5E48     		ldr	r0, .L386+12
ARM GAS  /tmp/ccekGo1E.s 			page 133


 4938              	.LVL558:
1333:Middlewares/Third_Party/LwIP/src/apps/mqtt/mqtt.c ****     LWIP_ERROR("mqtt_client_connect: client_info->client_user length must be > 0", len > 0, return 
 4939              		.loc 1 1333 5 is_stmt 0 discriminator 1 view .LVU1468
 4940 0216 FFF7FEFF 		bl	printf
 4941              	.LVL559:
1333:Middlewares/Third_Party/LwIP/src/apps/mqtt/mqtt.c ****     LWIP_ERROR("mqtt_client_connect: client_info->client_user length must be > 0", len > 0, return 
 4942              		.loc 1 1333 5 is_stmt 1 discriminator 1 view .LVU1469
1333:Middlewares/Third_Party/LwIP/src/apps/mqtt/mqtt.c ****     LWIP_ERROR("mqtt_client_connect: client_info->client_user length must be > 0", len > 0, return 
 4943              		.loc 1 1333 5 discriminator 1 view .LVU1470
 4944 021a 6FF00503 		mvn	r3, #5
 4945 021e 0393     		str	r3, [sp, #12]
 4946 0220 A7E7     		b	.L340
 4947              	.LVL560:
 4948              	.L376:
1334:Middlewares/Third_Party/LwIP/src/apps/mqtt/mqtt.c ****     client_user_len = (u16_t)len;
 4949              		.loc 1 1334 5 discriminator 1 view .LVU1471
1334:Middlewares/Third_Party/LwIP/src/apps/mqtt/mqtt.c ****     client_user_len = (u16_t)len;
 4950              		.loc 1 1334 5 discriminator 1 view .LVU1472
 4951 0222 594B     		ldr	r3, .L386+4
 4952 0224 40F23652 		movw	r2, #1334
 4953 0228 6149     		ldr	r1, .L386+44
 4954 022a 5948     		ldr	r0, .L386+12
 4955              	.LVL561:
1334:Middlewares/Third_Party/LwIP/src/apps/mqtt/mqtt.c ****     client_user_len = (u16_t)len;
 4956              		.loc 1 1334 5 is_stmt 0 discriminator 1 view .LVU1473
 4957 022c FFF7FEFF 		bl	printf
 4958              	.LVL562:
1334:Middlewares/Third_Party/LwIP/src/apps/mqtt/mqtt.c ****     client_user_len = (u16_t)len;
 4959              		.loc 1 1334 5 is_stmt 1 discriminator 1 view .LVU1474
1334:Middlewares/Third_Party/LwIP/src/apps/mqtt/mqtt.c ****     client_user_len = (u16_t)len;
 4960              		.loc 1 1334 5 discriminator 1 view .LVU1475
 4961 0230 6FF00503 		mvn	r3, #5
 4962 0234 0393     		str	r3, [sp, #12]
 4963 0236 9CE7     		b	.L340
 4964              	.LVL563:
 4965              	.L377:
1337:Middlewares/Third_Party/LwIP/src/apps/mqtt/mqtt.c ****     remaining_length = (u16_t)len;
 4966              		.loc 1 1337 5 discriminator 1 view .LVU1476
1337:Middlewares/Third_Party/LwIP/src/apps/mqtt/mqtt.c ****     remaining_length = (u16_t)len;
 4967              		.loc 1 1337 5 discriminator 1 view .LVU1477
 4968 0238 534B     		ldr	r3, .L386+4
 4969 023a 40F23952 		movw	r2, #1337
 4970 023e 5D49     		ldr	r1, .L386+48
 4971 0240 5348     		ldr	r0, .L386+12
 4972 0242 FFF7FEFF 		bl	printf
 4973              	.LVL564:
1337:Middlewares/Third_Party/LwIP/src/apps/mqtt/mqtt.c ****     remaining_length = (u16_t)len;
 4974              		.loc 1 1337 5 discriminator 1 view .LVU1478
1337:Middlewares/Third_Party/LwIP/src/apps/mqtt/mqtt.c ****     remaining_length = (u16_t)len;
 4975              		.loc 1 1337 5 discriminator 1 view .LVU1479
 4976 0246 6FF00503 		mvn	r3, #5
 4977 024a 0393     		str	r3, [sp, #12]
 4978 024c 91E7     		b	.L340
 4979              	.LVL565:
 4980              	.L363:
1292:Middlewares/Third_Party/LwIP/src/apps/mqtt/mqtt.c **** 
 4981              		.loc 1 1292 9 is_stmt 0 view .LVU1480
ARM GAS  /tmp/ccekGo1E.s 			page 134


 4982 024e 4FF00009 		mov	r9, #0
 4983 0252 42E7     		b	.L347
 4984              	.LVL566:
 4985              	.L378:
1343:Middlewares/Third_Party/LwIP/src/apps/mqtt/mqtt.c ****     LWIP_ERROR("mqtt_client_connect: client_info->client_pass length must be > 0", len > 0, return 
 4986              		.loc 1 1343 5 is_stmt 1 discriminator 1 view .LVU1481
1343:Middlewares/Third_Party/LwIP/src/apps/mqtt/mqtt.c ****     LWIP_ERROR("mqtt_client_connect: client_info->client_pass length must be > 0", len > 0, return 
 4987              		.loc 1 1343 5 discriminator 1 view .LVU1482
 4988 0254 4C4B     		ldr	r3, .L386+4
 4989 0256 40F23F52 		movw	r2, #1343
 4990 025a 5749     		ldr	r1, .L386+52
 4991 025c 4C48     		ldr	r0, .L386+12
 4992              	.LVL567:
1343:Middlewares/Third_Party/LwIP/src/apps/mqtt/mqtt.c ****     LWIP_ERROR("mqtt_client_connect: client_info->client_pass length must be > 0", len > 0, return 
 4993              		.loc 1 1343 5 is_stmt 0 discriminator 1 view .LVU1483
 4994 025e FFF7FEFF 		bl	printf
 4995              	.LVL568:
1343:Middlewares/Third_Party/LwIP/src/apps/mqtt/mqtt.c ****     LWIP_ERROR("mqtt_client_connect: client_info->client_pass length must be > 0", len > 0, return 
 4996              		.loc 1 1343 5 is_stmt 1 discriminator 1 view .LVU1484
1343:Middlewares/Third_Party/LwIP/src/apps/mqtt/mqtt.c ****     LWIP_ERROR("mqtt_client_connect: client_info->client_pass length must be > 0", len > 0, return 
 4997              		.loc 1 1343 5 discriminator 1 view .LVU1485
 4998 0262 6FF00503 		mvn	r3, #5
 4999 0266 0393     		str	r3, [sp, #12]
 5000 0268 83E7     		b	.L340
 5001              	.LVL569:
 5002              	.L379:
1344:Middlewares/Third_Party/LwIP/src/apps/mqtt/mqtt.c ****     client_pass_len = (u16_t)len;
 5003              		.loc 1 1344 5 discriminator 1 view .LVU1486
1344:Middlewares/Third_Party/LwIP/src/apps/mqtt/mqtt.c ****     client_pass_len = (u16_t)len;
 5004              		.loc 1 1344 5 discriminator 1 view .LVU1487
 5005 026a 474B     		ldr	r3, .L386+4
 5006 026c 4FF4A862 		mov	r2, #1344
 5007 0270 5249     		ldr	r1, .L386+56
 5008 0272 4748     		ldr	r0, .L386+12
 5009              	.LVL570:
1344:Middlewares/Third_Party/LwIP/src/apps/mqtt/mqtt.c ****     client_pass_len = (u16_t)len;
 5010              		.loc 1 1344 5 is_stmt 0 discriminator 1 view .LVU1488
 5011 0274 FFF7FEFF 		bl	printf
 5012              	.LVL571:
1344:Middlewares/Third_Party/LwIP/src/apps/mqtt/mqtt.c ****     client_pass_len = (u16_t)len;
 5013              		.loc 1 1344 5 is_stmt 1 discriminator 1 view .LVU1489
1344:Middlewares/Third_Party/LwIP/src/apps/mqtt/mqtt.c ****     client_pass_len = (u16_t)len;
 5014              		.loc 1 1344 5 discriminator 1 view .LVU1490
 5015 0278 6FF00503 		mvn	r3, #5
 5016 027c 0393     		str	r3, [sp, #12]
 5017 027e 78E7     		b	.L340
 5018              	.LVL572:
 5019              	.L380:
1347:Middlewares/Third_Party/LwIP/src/apps/mqtt/mqtt.c ****     remaining_length = (u16_t)len;
 5020              		.loc 1 1347 5 discriminator 1 view .LVU1491
1347:Middlewares/Third_Party/LwIP/src/apps/mqtt/mqtt.c ****     remaining_length = (u16_t)len;
 5021              		.loc 1 1347 5 discriminator 1 view .LVU1492
 5022 0280 414B     		ldr	r3, .L386+4
 5023 0282 40F24352 		movw	r2, #1347
 5024 0286 4B49     		ldr	r1, .L386+48
 5025 0288 4148     		ldr	r0, .L386+12
 5026 028a FFF7FEFF 		bl	printf
ARM GAS  /tmp/ccekGo1E.s 			page 135


 5027              	.LVL573:
1347:Middlewares/Third_Party/LwIP/src/apps/mqtt/mqtt.c ****     remaining_length = (u16_t)len;
 5028              		.loc 1 1347 5 discriminator 1 view .LVU1493
1347:Middlewares/Third_Party/LwIP/src/apps/mqtt/mqtt.c ****     remaining_length = (u16_t)len;
 5029              		.loc 1 1347 5 discriminator 1 view .LVU1494
 5030 028e 6FF00503 		mvn	r3, #5
 5031 0292 0393     		str	r3, [sp, #12]
 5032 0294 6DE7     		b	.L340
 5033              	.LVL574:
 5034              	.L364:
1292:Middlewares/Third_Party/LwIP/src/apps/mqtt/mqtt.c **** 
 5035              		.loc 1 1292 30 is_stmt 0 view .LVU1495
 5036 0296 4FF0000B 		mov	fp, #0
 5037 029a 36E7     		b	.L351
 5038              	.LVL575:
 5039              	.L381:
1355:Middlewares/Third_Party/LwIP/src/apps/mqtt/mqtt.c ****   client_id_length = (u16_t)len;
 5040              		.loc 1 1355 3 is_stmt 1 discriminator 1 view .LVU1496
1355:Middlewares/Third_Party/LwIP/src/apps/mqtt/mqtt.c ****   client_id_length = (u16_t)len;
 5041              		.loc 1 1355 3 discriminator 1 view .LVU1497
 5042 029c 3A4B     		ldr	r3, .L386+4
 5043 029e 40F24B52 		movw	r2, #1355
 5044 02a2 4749     		ldr	r1, .L386+60
 5045 02a4 3A48     		ldr	r0, .L386+12
 5046              	.LVL576:
1355:Middlewares/Third_Party/LwIP/src/apps/mqtt/mqtt.c ****   client_id_length = (u16_t)len;
 5047              		.loc 1 1355 3 is_stmt 0 discriminator 1 view .LVU1498
 5048 02a6 FFF7FEFF 		bl	printf
 5049              	.LVL577:
1355:Middlewares/Third_Party/LwIP/src/apps/mqtt/mqtt.c ****   client_id_length = (u16_t)len;
 5050              		.loc 1 1355 3 is_stmt 1 discriminator 1 view .LVU1499
1355:Middlewares/Third_Party/LwIP/src/apps/mqtt/mqtt.c ****   client_id_length = (u16_t)len;
 5051              		.loc 1 1355 3 discriminator 1 view .LVU1500
 5052 02aa 6FF00503 		mvn	r3, #5
 5053 02ae 0393     		str	r3, [sp, #12]
 5054 02b0 5FE7     		b	.L340
 5055              	.LVL578:
 5056              	.L382:
1358:Middlewares/Third_Party/LwIP/src/apps/mqtt/mqtt.c ****   remaining_length = (u16_t)len;
 5057              		.loc 1 1358 3 discriminator 1 view .LVU1501
1358:Middlewares/Third_Party/LwIP/src/apps/mqtt/mqtt.c ****   remaining_length = (u16_t)len;
 5058              		.loc 1 1358 3 discriminator 1 view .LVU1502
 5059 02b2 354B     		ldr	r3, .L386+4
 5060 02b4 40F24E52 		movw	r2, #1358
 5061 02b8 3E49     		ldr	r1, .L386+48
 5062 02ba 3548     		ldr	r0, .L386+12
 5063 02bc FFF7FEFF 		bl	printf
 5064              	.LVL579:
1358:Middlewares/Third_Party/LwIP/src/apps/mqtt/mqtt.c ****   remaining_length = (u16_t)len;
 5065              		.loc 1 1358 3 discriminator 1 view .LVU1503
1358:Middlewares/Third_Party/LwIP/src/apps/mqtt/mqtt.c ****   remaining_length = (u16_t)len;
 5066              		.loc 1 1358 3 discriminator 1 view .LVU1504
 5067 02c0 6FF00503 		mvn	r3, #5
 5068 02c4 0393     		str	r3, [sp, #12]
 5069 02c6 54E7     		b	.L340
 5070              	.LVL580:
 5071              	.L383:
ARM GAS  /tmp/ccekGo1E.s 			page 136


1385:Middlewares/Third_Party/LwIP/src/apps/mqtt/mqtt.c **** 
 5072              		.loc 1 1385 3 discriminator 4 view .LVU1505
1385:Middlewares/Third_Party/LwIP/src/apps/mqtt/mqtt.c **** 
 5073              		.loc 1 1385 3 discriminator 4 view .LVU1506
1385:Middlewares/Third_Party/LwIP/src/apps/mqtt/mqtt.c **** 
 5074              		.loc 1 1385 3 discriminator 4 view .LVU1507
1388:Middlewares/Third_Party/LwIP/src/apps/mqtt/mqtt.c ****   if (err != ERR_OK) {
 5075              		.loc 1 1388 3 discriminator 4 view .LVU1508
1388:Middlewares/Third_Party/LwIP/src/apps/mqtt/mqtt.c ****   if (err != ERR_OK) {
 5076              		.loc 1 1388 9 is_stmt 0 discriminator 4 view .LVU1509
 5077 02c8 3E4B     		ldr	r3, .L386+64
 5078 02ca 049A     		ldr	r2, [sp, #16]
 5079 02cc 0299     		ldr	r1, [sp, #8]
 5080 02ce E868     		ldr	r0, [r5, #12]
 5081              	.LVL581:
1388:Middlewares/Third_Party/LwIP/src/apps/mqtt/mqtt.c ****   if (err != ERR_OK) {
 5082              		.loc 1 1388 9 discriminator 4 view .LVU1510
 5083 02d0 FFF7FEFF 		bl	tcp_connect
 5084              	.LVL582:
1389:Middlewares/Third_Party/LwIP/src/apps/mqtt/mqtt.c ****     LWIP_DEBUGF(MQTT_DEBUG_TRACE, ("mqtt_client_connect: Error connecting to remote ip/port, %d\n",
 5085              		.loc 1 1389 3 is_stmt 1 discriminator 4 view .LVU1511
1389:Middlewares/Third_Party/LwIP/src/apps/mqtt/mqtt.c ****     LWIP_DEBUGF(MQTT_DEBUG_TRACE, ("mqtt_client_connect: Error connecting to remote ip/port, %d\n",
 5086              		.loc 1 1389 6 is_stmt 0 discriminator 4 view .LVU1512
 5087 02d4 0390     		str	r0, [sp, #12]
 5088 02d6 0028     		cmp	r0, #0
 5089 02d8 7FF446AF 		bne	.L357
1394:Middlewares/Third_Party/LwIP/src/apps/mqtt/mqtt.c ****   client->conn_state = TCP_CONNECTING;
 5090              		.loc 1 1394 3 is_stmt 1 view .LVU1513
 5091 02dc 3A49     		ldr	r1, .L386+68
 5092 02de E868     		ldr	r0, [r5, #12]
 5093              	.LVL583:
1394:Middlewares/Third_Party/LwIP/src/apps/mqtt/mqtt.c ****   client->conn_state = TCP_CONNECTING;
 5094              		.loc 1 1394 3 is_stmt 0 view .LVU1514
 5095 02e0 FFF7FEFF 		bl	tcp_err
 5096              	.LVL584:
1395:Middlewares/Third_Party/LwIP/src/apps/mqtt/mqtt.c **** 
 5097              		.loc 1 1395 3 is_stmt 1 view .LVU1515
1395:Middlewares/Third_Party/LwIP/src/apps/mqtt/mqtt.c **** 
 5098              		.loc 1 1395 22 is_stmt 0 view .LVU1516
 5099 02e4 0121     		movs	r1, #1
 5100 02e6 A972     		strb	r1, [r5, #10]
1398:Middlewares/Third_Party/LwIP/src/apps/mqtt/mqtt.c ****   /* Append Protocol string */
 5101              		.loc 1 1398 3 is_stmt 1 view .LVU1517
 5102 02e8 0194     		str	r4, [sp, #4]
 5103 02ea 0022     		movs	r2, #0
 5104 02ec 0092     		str	r2, [sp]
 5105 02ee 1346     		mov	r3, r2
 5106 02f0 5046     		mov	r0, r10
 5107 02f2 FFF7FEFF 		bl	mqtt_output_append_fixed_header
 5108              	.LVL585:
1400:Middlewares/Third_Party/LwIP/src/apps/mqtt/mqtt.c ****   /* Append Protocol level */
 5109              		.loc 1 1400 3 view .LVU1518
 5110 02f6 0422     		movs	r2, #4
 5111 02f8 3449     		ldr	r1, .L386+72
 5112 02fa 5046     		mov	r0, r10
 5113 02fc FFF7FEFF 		bl	mqtt_output_append_string
 5114              	.LVL586:
ARM GAS  /tmp/ccekGo1E.s 			page 137


1402:Middlewares/Third_Party/LwIP/src/apps/mqtt/mqtt.c ****   /* Append connect flags */
 5115              		.loc 1 1402 3 view .LVU1519
 5116 0300 0421     		movs	r1, #4
 5117 0302 5046     		mov	r0, r10
 5118 0304 FFF7FEFF 		bl	mqtt_output_append_u8
 5119              	.LVL587:
1404:Middlewares/Third_Party/LwIP/src/apps/mqtt/mqtt.c ****   /* Append keep-alive */
 5120              		.loc 1 1404 3 view .LVU1520
 5121 0308 0599     		ldr	r1, [sp, #20]
 5122 030a 5046     		mov	r0, r10
 5123 030c FFF7FEFF 		bl	mqtt_output_append_u8
 5124              	.LVL588:
1406:Middlewares/Third_Party/LwIP/src/apps/mqtt/mqtt.c ****   /* Append client id */
 5125              		.loc 1 1406 3 view .LVU1521
 5126 0310 B989     		ldrh	r1, [r7, #12]
 5127 0312 5046     		mov	r0, r10
 5128 0314 FFF7FEFF 		bl	mqtt_output_append_u16
 5129              	.LVL589:
1408:Middlewares/Third_Party/LwIP/src/apps/mqtt/mqtt.c ****   /* Append will message if used */
 5130              		.loc 1 1408 3 view .LVU1522
 5131 0318 4246     		mov	r2, r8
 5132 031a 3968     		ldr	r1, [r7]
 5133 031c 5046     		mov	r0, r10
 5134 031e FFF7FEFF 		bl	mqtt_output_append_string
 5135              	.LVL590:
1410:Middlewares/Third_Party/LwIP/src/apps/mqtt/mqtt.c ****     mqtt_output_append_string(&client->output, client_info->will_topic, will_topic_len);
 5136              		.loc 1 1410 3 view .LVU1523
1410:Middlewares/Third_Party/LwIP/src/apps/mqtt/mqtt.c ****     mqtt_output_append_string(&client->output, client_info->will_topic, will_topic_len);
 5137              		.loc 1 1410 6 is_stmt 0 view .LVU1524
 5138 0322 16F0040F 		tst	r6, #4
 5139 0326 0DD1     		bne	.L384
 5140              	.L358:
1415:Middlewares/Third_Party/LwIP/src/apps/mqtt/mqtt.c ****     mqtt_output_append_string(&client->output, client_info->client_user, client_user_len);
 5141              		.loc 1 1415 3 is_stmt 1 view .LVU1525
1415:Middlewares/Third_Party/LwIP/src/apps/mqtt/mqtt.c ****     mqtt_output_append_string(&client->output, client_info->client_user, client_user_len);
 5142              		.loc 1 1415 6 is_stmt 0 view .LVU1526
 5143 0328 059B     		ldr	r3, [sp, #20]
 5144 032a 13F0800F 		tst	r3, #128
 5145 032e 16D1     		bne	.L385
 5146              	.L359:
1419:Middlewares/Third_Party/LwIP/src/apps/mqtt/mqtt.c ****     mqtt_output_append_string(&client->output, client_info->client_pass, client_pass_len);
 5147              		.loc 1 1419 3 is_stmt 1 view .LVU1527
1419:Middlewares/Third_Party/LwIP/src/apps/mqtt/mqtt.c ****     mqtt_output_append_string(&client->output, client_info->client_pass, client_pass_len);
 5148              		.loc 1 1419 6 is_stmt 0 view .LVU1528
 5149 0330 16F0400F 		tst	r6, #64
 5150 0334 3FF41DAF 		beq	.L340
1420:Middlewares/Third_Party/LwIP/src/apps/mqtt/mqtt.c ****   }
 5151              		.loc 1 1420 5 is_stmt 1 view .LVU1529
 5152 0338 5A46     		mov	r2, fp
 5153 033a B968     		ldr	r1, [r7, #8]
 5154 033c 5046     		mov	r0, r10
 5155 033e FFF7FEFF 		bl	mqtt_output_append_string
 5156              	.LVL591:
 5157 0342 16E7     		b	.L340
 5158              	.L384:
1411:Middlewares/Third_Party/LwIP/src/apps/mqtt/mqtt.c ****     mqtt_output_append_string(&client->output, client_info->will_msg, will_msg_len);
 5159              		.loc 1 1411 5 view .LVU1530
ARM GAS  /tmp/ccekGo1E.s 			page 138


 5160 0344 BDF81820 		ldrh	r2, [sp, #24]
 5161 0348 3969     		ldr	r1, [r7, #16]
 5162 034a 5046     		mov	r0, r10
 5163 034c FFF7FEFF 		bl	mqtt_output_append_string
 5164              	.LVL592:
1412:Middlewares/Third_Party/LwIP/src/apps/mqtt/mqtt.c ****   }
 5165              		.loc 1 1412 5 view .LVU1531
 5166 0350 BDF81C20 		ldrh	r2, [sp, #28]
 5167 0354 7969     		ldr	r1, [r7, #20]
 5168 0356 5046     		mov	r0, r10
 5169 0358 FFF7FEFF 		bl	mqtt_output_append_string
 5170              	.LVL593:
 5171 035c E4E7     		b	.L358
 5172              	.L385:
1416:Middlewares/Third_Party/LwIP/src/apps/mqtt/mqtt.c ****   }
 5173              		.loc 1 1416 5 view .LVU1532
 5174 035e 4A46     		mov	r2, r9
 5175 0360 7968     		ldr	r1, [r7, #4]
 5176 0362 5046     		mov	r0, r10
 5177 0364 FFF7FEFF 		bl	mqtt_output_append_string
 5178              	.LVL594:
 5179 0368 E2E7     		b	.L359
 5180              	.LVL595:
 5181              	.L360:
1302:Middlewares/Third_Party/LwIP/src/apps/mqtt/mqtt.c ****   }
 5182              		.loc 1 1302 12 is_stmt 0 view .LVU1533
 5183 036a 6FF00903 		mvn	r3, #9
 5184 036e 0393     		str	r3, [sp, #12]
 5185 0370 FFE6     		b	.L340
 5186              	.LVL596:
 5187              	.L365:
1362:Middlewares/Third_Party/LwIP/src/apps/mqtt/mqtt.c ****   }
 5188              		.loc 1 1362 12 view .LVU1534
 5189 0372 4FF0FF33 		mov	r3, #-1
 5190 0376 0393     		str	r3, [sp, #12]
 5191 0378 FBE6     		b	.L340
 5192              	.L366:
1374:Middlewares/Third_Party/LwIP/src/apps/mqtt/mqtt.c ****   }
 5193              		.loc 1 1374 12 view .LVU1535
 5194 037a 4FF0FF33 		mov	r3, #-1
 5195 037e 0393     		str	r3, [sp, #12]
 5196 0380 F7E6     		b	.L340
 5197              	.L387:
 5198 0382 00BF     		.align	2
 5199              	.L386:
 5200 0384 00000000 		.word	ip_addr_any
 5201 0388 00000000 		.word	.LC0
 5202 038c 00000000 		.word	.LC31
 5203 0390 58000000 		.word	.LC2
 5204 0394 24000000 		.word	.LC32
 5205 0398 4C000000 		.word	.LC33
 5206 039c 78000000 		.word	.LC34
 5207 03a0 AC000000 		.word	.LC35
 5208 03a4 EC000000 		.word	.LC36
 5209 03a8 2C010000 		.word	.LC37
 5210 03ac 98010000 		.word	.LC39
 5211 03b0 D8010000 		.word	.LC40
ARM GAS  /tmp/ccekGo1E.s 			page 139


 5212 03b4 68010000 		.word	.LC38
 5213 03b8 1C020000 		.word	.LC41
 5214 03bc 5C020000 		.word	.LC42
 5215 03c0 A0020000 		.word	.LC43
 5216 03c4 00000000 		.word	mqtt_tcp_connect_cb
 5217 03c8 00000000 		.word	mqtt_tcp_err_cb
 5218 03cc DC020000 		.word	.LC44
 5219              		.cfi_endproc
 5220              	.LFE195:
 5222              		.section	.rodata.mqtt_disconnect.str1.4,"aMS",%progbits,1
 5223              		.align	2
 5224              	.LC45:
 5225 0000 6D717474 		.ascii	"mqtt_disconnect: client != NULL\000"
 5225      5F646973 
 5225      636F6E6E 
 5225      6563743A 
 5225      20636C69 
 5226              		.section	.text.mqtt_disconnect,"ax",%progbits
 5227              		.align	1
 5228              		.global	mqtt_disconnect
 5229              		.syntax unified
 5230              		.thumb
 5231              		.thumb_func
 5232              		.fpu fpv4-sp-d16
 5234              	mqtt_disconnect:
 5235              	.LVL597:
 5236              	.LFB196:
1429:Middlewares/Third_Party/LwIP/src/apps/mqtt/mqtt.c **** 
1430:Middlewares/Third_Party/LwIP/src/apps/mqtt/mqtt.c **** 
1431:Middlewares/Third_Party/LwIP/src/apps/mqtt/mqtt.c **** /**
1432:Middlewares/Third_Party/LwIP/src/apps/mqtt/mqtt.c ****  * @ingroup mqtt
1433:Middlewares/Third_Party/LwIP/src/apps/mqtt/mqtt.c ****  * Disconnect from MQTT server
1434:Middlewares/Third_Party/LwIP/src/apps/mqtt/mqtt.c ****  * @param client MQTT client
1435:Middlewares/Third_Party/LwIP/src/apps/mqtt/mqtt.c ****  */
1436:Middlewares/Third_Party/LwIP/src/apps/mqtt/mqtt.c **** void
1437:Middlewares/Third_Party/LwIP/src/apps/mqtt/mqtt.c **** mqtt_disconnect(mqtt_client_t *client)
1438:Middlewares/Third_Party/LwIP/src/apps/mqtt/mqtt.c **** {
 5237              		.loc 1 1438 1 is_stmt 1 view -0
 5238              		.cfi_startproc
 5239              		@ args = 0, pretend = 0, frame = 0
 5240              		@ frame_needed = 0, uses_anonymous_args = 0
 5241              		.loc 1 1438 1 is_stmt 0 view .LVU1537
 5242 0000 10B5     		push	{r4, lr}
 5243              	.LCFI51:
 5244              		.cfi_def_cfa_offset 8
 5245              		.cfi_offset 4, -8
 5246              		.cfi_offset 14, -4
1439:Middlewares/Third_Party/LwIP/src/apps/mqtt/mqtt.c ****   LWIP_ASSERT_CORE_LOCKED();
 5247              		.loc 1 1439 28 is_stmt 1 view .LVU1538
1440:Middlewares/Third_Party/LwIP/src/apps/mqtt/mqtt.c ****   LWIP_ASSERT("mqtt_disconnect: client != NULL", client);
 5248              		.loc 1 1440 3 view .LVU1539
 5249              		.loc 1 1440 3 view .LVU1540
 5250 0002 0446     		mov	r4, r0
 5251 0004 10B1     		cbz	r0, .L392
 5252              	.LVL598:
 5253              	.L389:
 5254              		.loc 1 1440 3 discriminator 3 view .LVU1541
ARM GAS  /tmp/ccekGo1E.s 			page 140


 5255              		.loc 1 1440 3 discriminator 3 view .LVU1542
1441:Middlewares/Third_Party/LwIP/src/apps/mqtt/mqtt.c ****   /* If connection in not already closed */
1442:Middlewares/Third_Party/LwIP/src/apps/mqtt/mqtt.c ****   if (client->conn_state != TCP_DISCONNECTED) {
 5256              		.loc 1 1442 3 discriminator 3 view .LVU1543
 5257              		.loc 1 1442 13 is_stmt 0 discriminator 3 view .LVU1544
 5258 0006 A37A     		ldrb	r3, [r4, #10]	@ zero_extendqisi2
 5259              		.loc 1 1442 6 discriminator 3 view .LVU1545
 5260 0008 43B9     		cbnz	r3, .L393
 5261              	.L388:
1443:Middlewares/Third_Party/LwIP/src/apps/mqtt/mqtt.c ****     /* Set conn_state before calling mqtt_close to prevent callback from being called */
1444:Middlewares/Third_Party/LwIP/src/apps/mqtt/mqtt.c ****     client->conn_state = TCP_DISCONNECTED;
1445:Middlewares/Third_Party/LwIP/src/apps/mqtt/mqtt.c ****     mqtt_close(client, (mqtt_connection_status_t)0);
1446:Middlewares/Third_Party/LwIP/src/apps/mqtt/mqtt.c ****   }
1447:Middlewares/Third_Party/LwIP/src/apps/mqtt/mqtt.c **** }
 5262              		.loc 1 1447 1 view .LVU1546
 5263 000a 10BD     		pop	{r4, pc}
 5264              	.LVL599:
 5265              	.L392:
1440:Middlewares/Third_Party/LwIP/src/apps/mqtt/mqtt.c ****   /* If connection in not already closed */
 5266              		.loc 1 1440 3 is_stmt 1 discriminator 1 view .LVU1547
1440:Middlewares/Third_Party/LwIP/src/apps/mqtt/mqtt.c ****   /* If connection in not already closed */
 5267              		.loc 1 1440 3 discriminator 1 view .LVU1548
 5268 000c 064B     		ldr	r3, .L394
 5269 000e 4FF4B462 		mov	r2, #1440
 5270 0012 0649     		ldr	r1, .L394+4
 5271 0014 0648     		ldr	r0, .L394+8
 5272              	.LVL600:
1440:Middlewares/Third_Party/LwIP/src/apps/mqtt/mqtt.c ****   /* If connection in not already closed */
 5273              		.loc 1 1440 3 is_stmt 0 discriminator 1 view .LVU1549
 5274 0016 FFF7FEFF 		bl	printf
 5275              	.LVL601:
 5276 001a F4E7     		b	.L389
 5277              	.L393:
1444:Middlewares/Third_Party/LwIP/src/apps/mqtt/mqtt.c ****     mqtt_close(client, (mqtt_connection_status_t)0);
 5278              		.loc 1 1444 5 is_stmt 1 view .LVU1550
1444:Middlewares/Third_Party/LwIP/src/apps/mqtt/mqtt.c ****     mqtt_close(client, (mqtt_connection_status_t)0);
 5279              		.loc 1 1444 24 is_stmt 0 view .LVU1551
 5280 001c 0021     		movs	r1, #0
 5281 001e A172     		strb	r1, [r4, #10]
1445:Middlewares/Third_Party/LwIP/src/apps/mqtt/mqtt.c ****   }
 5282              		.loc 1 1445 5 is_stmt 1 view .LVU1552
 5283 0020 2046     		mov	r0, r4
 5284 0022 FFF7FEFF 		bl	mqtt_close
 5285              	.LVL602:
 5286              		.loc 1 1447 1 is_stmt 0 view .LVU1553
 5287 0026 F0E7     		b	.L388
 5288              	.L395:
 5289              		.align	2
 5290              	.L394:
 5291 0028 00000000 		.word	.LC0
 5292 002c 00000000 		.word	.LC45
 5293 0030 58000000 		.word	.LC2
 5294              		.cfi_endproc
 5295              	.LFE196:
 5297              		.section	.rodata.mqtt_client_is_connected.str1.4,"aMS",%progbits,1
 5298              		.align	2
 5299              	.LC46:
ARM GAS  /tmp/ccekGo1E.s 			page 141


 5300 0000 6D717474 		.ascii	"mqtt_client_is_connected: client != NULL\000"
 5300      5F636C69 
 5300      656E745F 
 5300      69735F63 
 5300      6F6E6E65 
 5301              		.section	.text.mqtt_client_is_connected,"ax",%progbits
 5302              		.align	1
 5303              		.global	mqtt_client_is_connected
 5304              		.syntax unified
 5305              		.thumb
 5306              		.thumb_func
 5307              		.fpu fpv4-sp-d16
 5309              	mqtt_client_is_connected:
 5310              	.LVL603:
 5311              	.LFB197:
1448:Middlewares/Third_Party/LwIP/src/apps/mqtt/mqtt.c **** 
1449:Middlewares/Third_Party/LwIP/src/apps/mqtt/mqtt.c **** /**
1450:Middlewares/Third_Party/LwIP/src/apps/mqtt/mqtt.c ****  * @ingroup mqtt
1451:Middlewares/Third_Party/LwIP/src/apps/mqtt/mqtt.c ****  * Check connection with server
1452:Middlewares/Third_Party/LwIP/src/apps/mqtt/mqtt.c ****  * @param client MQTT client
1453:Middlewares/Third_Party/LwIP/src/apps/mqtt/mqtt.c ****  * @return 1 if connected to server, 0 otherwise
1454:Middlewares/Third_Party/LwIP/src/apps/mqtt/mqtt.c ****  */
1455:Middlewares/Third_Party/LwIP/src/apps/mqtt/mqtt.c **** u8_t
1456:Middlewares/Third_Party/LwIP/src/apps/mqtt/mqtt.c **** mqtt_client_is_connected(mqtt_client_t *client)
1457:Middlewares/Third_Party/LwIP/src/apps/mqtt/mqtt.c **** {
 5312              		.loc 1 1457 1 is_stmt 1 view -0
 5313              		.cfi_startproc
 5314              		@ args = 0, pretend = 0, frame = 0
 5315              		@ frame_needed = 0, uses_anonymous_args = 0
 5316              		.loc 1 1457 1 is_stmt 0 view .LVU1555
 5317 0000 10B5     		push	{r4, lr}
 5318              	.LCFI52:
 5319              		.cfi_def_cfa_offset 8
 5320              		.cfi_offset 4, -8
 5321              		.cfi_offset 14, -4
1458:Middlewares/Third_Party/LwIP/src/apps/mqtt/mqtt.c ****   LWIP_ASSERT_CORE_LOCKED();
 5322              		.loc 1 1458 28 is_stmt 1 view .LVU1556
1459:Middlewares/Third_Party/LwIP/src/apps/mqtt/mqtt.c ****   LWIP_ASSERT("mqtt_client_is_connected: client != NULL", client);
 5323              		.loc 1 1459 3 view .LVU1557
 5324              		.loc 1 1459 3 view .LVU1558
 5325 0002 0446     		mov	r4, r0
 5326 0004 28B1     		cbz	r0, .L399
 5327              	.LVL604:
 5328              	.L397:
 5329              		.loc 1 1459 3 discriminator 3 view .LVU1559
 5330              		.loc 1 1459 3 discriminator 3 view .LVU1560
1460:Middlewares/Third_Party/LwIP/src/apps/mqtt/mqtt.c ****   return client->conn_state == MQTT_CONNECTED;
 5331              		.loc 1 1460 3 discriminator 3 view .LVU1561
 5332              		.loc 1 1460 16 is_stmt 0 discriminator 3 view .LVU1562
 5333 0006 A07A     		ldrb	r0, [r4, #10]	@ zero_extendqisi2
1461:Middlewares/Third_Party/LwIP/src/apps/mqtt/mqtt.c **** }
 5334              		.loc 1 1461 1 discriminator 3 view .LVU1563
 5335 0008 0328     		cmp	r0, #3
 5336 000a 14BF     		ite	ne
 5337 000c 0020     		movne	r0, #0
 5338 000e 0120     		moveq	r0, #1
 5339 0010 10BD     		pop	{r4, pc}
ARM GAS  /tmp/ccekGo1E.s 			page 142


 5340              	.LVL605:
 5341              	.L399:
1459:Middlewares/Third_Party/LwIP/src/apps/mqtt/mqtt.c ****   LWIP_ASSERT("mqtt_client_is_connected: client != NULL", client);
 5342              		.loc 1 1459 3 is_stmt 1 discriminator 1 view .LVU1564
1459:Middlewares/Third_Party/LwIP/src/apps/mqtt/mqtt.c ****   LWIP_ASSERT("mqtt_client_is_connected: client != NULL", client);
 5343              		.loc 1 1459 3 discriminator 1 view .LVU1565
 5344 0012 044B     		ldr	r3, .L400
 5345 0014 40F2B352 		movw	r2, #1459
 5346 0018 0349     		ldr	r1, .L400+4
 5347 001a 0448     		ldr	r0, .L400+8
 5348              	.LVL606:
1459:Middlewares/Third_Party/LwIP/src/apps/mqtt/mqtt.c ****   LWIP_ASSERT("mqtt_client_is_connected: client != NULL", client);
 5349              		.loc 1 1459 3 is_stmt 0 discriminator 1 view .LVU1566
 5350 001c FFF7FEFF 		bl	printf
 5351              	.LVL607:
 5352 0020 F1E7     		b	.L397
 5353              	.L401:
 5354 0022 00BF     		.align	2
 5355              	.L400:
 5356 0024 00000000 		.word	.LC0
 5357 0028 00000000 		.word	.LC46
 5358 002c 58000000 		.word	.LC2
 5359              		.cfi_endproc
 5360              	.LFE197:
 5362              		.text
 5363              	.Letext0:
 5364              		.file 2 "/opt/gcc-arm-none-eabi-9-2020-q2-update/arm-none-eabi/include/machine/_default_types.h"
 5365              		.file 3 "/opt/gcc-arm-none-eabi-9-2020-q2-update/arm-none-eabi/include/sys/_stdint.h"
 5366              		.file 4 "Drivers/CMSIS/Include/core_cm4.h"
 5367              		.file 5 "Drivers/CMSIS/Device/ST/STM32F4xx/Include/system_stm32f4xx.h"
 5368              		.file 6 "/opt/gcc-arm-none-eabi-9-2020-q2-update/lib/gcc/arm-none-eabi/9.3.1/include/stddef.h"
 5369              		.file 7 "Drivers/STM32F4xx_HAL_Driver/Inc/stm32f4xx_hal.h"
 5370              		.file 8 "/opt/gcc-arm-none-eabi-9-2020-q2-update/arm-none-eabi/include/sys/_types.h"
 5371              		.file 9 "/opt/gcc-arm-none-eabi-9-2020-q2-update/arm-none-eabi/include/sys/reent.h"
 5372              		.file 10 "/opt/gcc-arm-none-eabi-9-2020-q2-update/arm-none-eabi/include/sys/lock.h"
 5373              		.file 11 "/opt/gcc-arm-none-eabi-9-2020-q2-update/arm-none-eabi/include/stdlib.h"
 5374              		.file 12 "/opt/gcc-arm-none-eabi-9-2020-q2-update/arm-none-eabi/include/time.h"
 5375              		.file 13 "Middlewares/Third_Party/LwIP/src/include/lwip/arch.h"
 5376              		.file 14 "/opt/gcc-arm-none-eabi-9-2020-q2-update/arm-none-eabi/include/ctype.h"
 5377              		.file 15 "Middlewares/Third_Party/LwIP/src/include/lwip/err.h"
 5378              		.file 16 "Middlewares/Third_Party/LwIP/src/include/lwip/ip4_addr.h"
 5379              		.file 17 "Middlewares/Third_Party/LwIP/src/include/lwip/ip_addr.h"
 5380              		.file 18 "Middlewares/Third_Party/LwIP/src/include/lwip/apps/mqtt.h"
 5381              		.file 19 "Middlewares/Third_Party/LwIP/src/include/lwip/apps/mqtt_priv.h"
 5382              		.file 20 "Middlewares/Third_Party/LwIP/src/include/lwip/tcpbase.h"
 5383              		.file 21 "Middlewares/Third_Party/LwIP/src/include/lwip/pbuf.h"
 5384              		.file 22 "Middlewares/Third_Party/LwIP/src/include/lwip/priv/memp_priv.h"
 5385              		.file 23 "Middlewares/Third_Party/LwIP/src/include/lwip/memp.h"
 5386              		.file 24 "Middlewares/Third_Party/LwIP/src/include/lwip/netif.h"
 5387              		.file 25 "Middlewares/Third_Party/LwIP/src/include/lwip/prot/ip4.h"
 5388              		.file 26 "Middlewares/Third_Party/LwIP/src/include/lwip/ip.h"
 5389              		.file 27 "Middlewares/Third_Party/LwIP/src/include/lwip/tcp.h"
 5390              		.file 28 "Middlewares/Third_Party/LwIP/src/include/lwip/timeouts.h"
 5391              		.file 29 "/opt/gcc-arm-none-eabi-9-2020-q2-update/arm-none-eabi/include/stdio.h"
 5392              		.file 30 "/opt/gcc-arm-none-eabi-9-2020-q2-update/arm-none-eabi/include/string.h"
 5393              		.file 31 "Middlewares/Third_Party/LwIP/src/include/lwip/mem.h"
 5394              		.file 32 "<built-in>"
ARM GAS  /tmp/ccekGo1E.s 			page 143


ARM GAS  /tmp/ccekGo1E.s 			page 144


DEFINED SYMBOLS
                            *ABS*:0000000000000000 mqtt.c
     /tmp/ccekGo1E.s:18     .text.msg_generate_packet_id:0000000000000000 $t
     /tmp/ccekGo1E.s:25     .text.msg_generate_packet_id:0000000000000000 msg_generate_packet_id
     /tmp/ccekGo1E.s:59     .text.mqtt_ringbuf_put:0000000000000000 $t
     /tmp/ccekGo1E.s:65     .text.mqtt_ringbuf_put:0000000000000000 mqtt_ringbuf_put
     /tmp/ccekGo1E.s:99     .text.mqtt_ringbuf_get_ptr:0000000000000000 $t
     /tmp/ccekGo1E.s:105    .text.mqtt_ringbuf_get_ptr:0000000000000000 mqtt_ringbuf_get_ptr
     /tmp/ccekGo1E.s:126    .text.mqtt_ringbuf_len:0000000000000000 $t
     /tmp/ccekGo1E.s:132    .text.mqtt_ringbuf_len:0000000000000000 mqtt_ringbuf_len
     /tmp/ccekGo1E.s:168    .text.mqtt_delete_request:0000000000000000 $t
     /tmp/ccekGo1E.s:174    .text.mqtt_delete_request:0000000000000000 mqtt_delete_request
     /tmp/ccekGo1E.s:196    .text.mqtt_output_append_u8:0000000000000000 $t
     /tmp/ccekGo1E.s:202    .text.mqtt_output_append_u8:0000000000000000 mqtt_output_append_u8
     /tmp/ccekGo1E.s:224    .text.mqtt_output_append_u16:0000000000000000 $t
     /tmp/ccekGo1E.s:230    .text.mqtt_output_append_u16:0000000000000000 mqtt_output_append_u16
     /tmp/ccekGo1E.s:265    .text.mqtt_output_append_buf:0000000000000000 $t
     /tmp/ccekGo1E.s:271    .text.mqtt_output_append_buf:0000000000000000 mqtt_output_append_buf
     /tmp/ccekGo1E.s:324    .text.mqtt_output_append_string:0000000000000000 $t
     /tmp/ccekGo1E.s:330    .text.mqtt_output_append_string:0000000000000000 mqtt_output_append_string
     /tmp/ccekGo1E.s:393    .text.mqtt_output_append_fixed_header:0000000000000000 $t
     /tmp/ccekGo1E.s:399    .text.mqtt_output_append_fixed_header:0000000000000000 mqtt_output_append_fixed_header
     /tmp/ccekGo1E.s:482    .text.mqtt_incomming_suback:0000000000000000 $t
     /tmp/ccekGo1E.s:488    .text.mqtt_incomming_suback:0000000000000000 mqtt_incomming_suback
     /tmp/ccekGo1E.s:532    .rodata.mqtt_create_request.str1.4:0000000000000000 $d
     /tmp/ccekGo1E.s:542    .text.mqtt_create_request:0000000000000000 $t
     /tmp/ccekGo1E.s:548    .text.mqtt_create_request:0000000000000000 mqtt_create_request
     /tmp/ccekGo1E.s:660    .text.mqtt_create_request:0000000000000050 $d
     /tmp/ccekGo1E.s:667    .rodata.mqtt_output_check_space.str1.4:0000000000000000 $d
     /tmp/ccekGo1E.s:671    .text.mqtt_output_check_space:0000000000000000 $t
     /tmp/ccekGo1E.s:677    .text.mqtt_output_check_space:0000000000000000 mqtt_output_check_space
     /tmp/ccekGo1E.s:751    .text.mqtt_output_check_space:0000000000000038 $d
     /tmp/ccekGo1E.s:758    .rodata.mqtt_append_request.str1.4:0000000000000000 $d
     /tmp/ccekGo1E.s:766    .text.mqtt_append_request:0000000000000000 $t
     /tmp/ccekGo1E.s:772    .text.mqtt_append_request:0000000000000000 mqtt_append_request
     /tmp/ccekGo1E.s:895    .text.mqtt_append_request:0000000000000050 $d
     /tmp/ccekGo1E.s:903    .rodata.mqtt_ringbuf_advance_get_idx.str1.4:0000000000000000 $d
     /tmp/ccekGo1E.s:908    .text.mqtt_ringbuf_advance_get_idx:0000000000000000 $t
     /tmp/ccekGo1E.s:914    .text.mqtt_ringbuf_advance_get_idx:0000000000000000 mqtt_ringbuf_advance_get_idx
     /tmp/ccekGo1E.s:975    .text.mqtt_ringbuf_advance_get_idx:000000000000002c $d
     /tmp/ccekGo1E.s:982    .rodata.mqtt_request_time_elapsed.str1.4:0000000000000000 $d
     /tmp/ccekGo1E.s:986    .text.mqtt_request_time_elapsed:0000000000000000 $t
     /tmp/ccekGo1E.s:992    .text.mqtt_request_time_elapsed:0000000000000000 mqtt_request_time_elapsed
     /tmp/ccekGo1E.s:1102   .text.mqtt_request_time_elapsed:0000000000000050 $d
     /tmp/ccekGo1E.s:1109   .rodata.mqtt_clear_requests.str1.4:0000000000000000 $d
     /tmp/ccekGo1E.s:1113   .text.mqtt_clear_requests:0000000000000000 $t
     /tmp/ccekGo1E.s:1119   .text.mqtt_clear_requests:0000000000000000 mqtt_clear_requests
     /tmp/ccekGo1E.s:1188   .text.mqtt_clear_requests:000000000000002c $d
     /tmp/ccekGo1E.s:1195   .rodata.mqtt_take_request.str1.4:0000000000000000 $d
     /tmp/ccekGo1E.s:1199   .text.mqtt_take_request:0000000000000000 $t
     /tmp/ccekGo1E.s:1205   .text.mqtt_take_request:0000000000000000 mqtt_take_request
     /tmp/ccekGo1E.s:1320   .text.mqtt_take_request:000000000000004c $d
     /tmp/ccekGo1E.s:1327   .rodata.mqtt_init_requests.str1.4:0000000000000000 $d
     /tmp/ccekGo1E.s:1331   .text.mqtt_init_requests:0000000000000000 $t
     /tmp/ccekGo1E.s:1337   .text.mqtt_init_requests:0000000000000000 mqtt_init_requests
     /tmp/ccekGo1E.s:1408   .text.mqtt_init_requests:0000000000000030 $d
     /tmp/ccekGo1E.s:1415   .rodata.mqtt_output_send.str1.4:0000000000000000 $d
ARM GAS  /tmp/ccekGo1E.s 			page 145


     /tmp/ccekGo1E.s:1419   .text.mqtt_output_send:0000000000000000 $t
     /tmp/ccekGo1E.s:1425   .text.mqtt_output_send:0000000000000000 mqtt_output_send
     /tmp/ccekGo1E.s:1630   .text.mqtt_output_send:00000000000000d8 $d
     /tmp/ccekGo1E.s:1637   .text.mqtt_tcp_poll_cb:0000000000000000 $t
     /tmp/ccekGo1E.s:1643   .text.mqtt_tcp_poll_cb:0000000000000000 mqtt_tcp_poll_cb
     /tmp/ccekGo1E.s:1684   .text.mqtt_tcp_sent_cb:0000000000000000 $t
     /tmp/ccekGo1E.s:1690   .text.mqtt_tcp_sent_cb:0000000000000000 mqtt_tcp_sent_cb
     /tmp/ccekGo1E.s:1785   .text.pub_ack_rec_rel_response:0000000000000000 $t
     /tmp/ccekGo1E.s:1791   .text.pub_ack_rec_rel_response:0000000000000000 pub_ack_rec_rel_response
     /tmp/ccekGo1E.s:1875   .rodata.mqtt_message_received.str1.4:0000000000000000 $d
     /tmp/ccekGo1E.s:1885   .text.mqtt_message_received:0000000000000000 $t
     /tmp/ccekGo1E.s:1891   .text.mqtt_message_received:0000000000000000 mqtt_message_received
     /tmp/ccekGo1E.s:2562   .text.mqtt_message_received:000000000000029c $d
     /tmp/ccekGo1E.s:2571   .rodata.mqtt_close.str1.4:0000000000000000 $d
     /tmp/ccekGo1E.s:2575   .text.mqtt_close:0000000000000000 $t
     /tmp/ccekGo1E.s:2581   .text.mqtt_close:0000000000000000 mqtt_close
     /tmp/ccekGo1E.s:2706   .text.mqtt_close:000000000000006c $d
     /tmp/ccekGo1E.s:2798   .text.mqtt_cyclic_timer:0000000000000000 mqtt_cyclic_timer
     /tmp/ccekGo1E.s:2715   .rodata.mqtt_tcp_err_cb.str1.4:0000000000000000 $d
     /tmp/ccekGo1E.s:2719   .text.mqtt_tcp_err_cb:0000000000000000 $t
     /tmp/ccekGo1E.s:2725   .text.mqtt_tcp_err_cb:0000000000000000 mqtt_tcp_err_cb
     /tmp/ccekGo1E.s:2781   .text.mqtt_tcp_err_cb:0000000000000028 $d
     /tmp/ccekGo1E.s:2788   .rodata.mqtt_cyclic_timer.str1.4:0000000000000000 $d
     /tmp/ccekGo1E.s:2792   .text.mqtt_cyclic_timer:0000000000000000 $t
     /tmp/ccekGo1E.s:2997   .text.mqtt_cyclic_timer:00000000000000c0 $d
     /tmp/ccekGo1E.s:3005   .text.mqtt_tcp_connect_cb:0000000000000000 $t
     /tmp/ccekGo1E.s:3011   .text.mqtt_tcp_connect_cb:0000000000000000 mqtt_tcp_connect_cb
     /tmp/ccekGo1E.s:3095   .text.mqtt_tcp_connect_cb:000000000000004c $d
     /tmp/ccekGo1E.s:3415   .text.mqtt_tcp_recv_cb:0000000000000000 mqtt_tcp_recv_cb
     /tmp/ccekGo1E.s:3103   .text.mqtt_parse_incoming:0000000000000000 $t
     /tmp/ccekGo1E.s:3109   .text.mqtt_parse_incoming:0000000000000000 mqtt_parse_incoming
     /tmp/ccekGo1E.s:3402   .rodata.mqtt_tcp_recv_cb.str1.4:0000000000000000 $d
     /tmp/ccekGo1E.s:3409   .text.mqtt_tcp_recv_cb:0000000000000000 $t
     /tmp/ccekGo1E.s:3561   .text.mqtt_tcp_recv_cb:000000000000007c $d
     /tmp/ccekGo1E.s:3570   .rodata.mqtt_publish.str1.4:0000000000000000 $d
     /tmp/ccekGo1E.s:3586   .text.mqtt_publish:0000000000000000 $t
     /tmp/ccekGo1E.s:3593   .text.mqtt_publish:0000000000000000 mqtt_publish
     /tmp/ccekGo1E.s:3893   .text.mqtt_publish:0000000000000148 $d
     /tmp/ccekGo1E.s:3904   .rodata.mqtt_sub_unsub.str1.4:0000000000000000 $d
     /tmp/ccekGo1E.s:3920   .text.mqtt_sub_unsub:0000000000000000 $t
     /tmp/ccekGo1E.s:3927   .text.mqtt_sub_unsub:0000000000000000 mqtt_sub_unsub
     /tmp/ccekGo1E.s:4231   .text.mqtt_sub_unsub:0000000000000148 $d
     /tmp/ccekGo1E.s:4242   .rodata.mqtt_set_inpub_callback.str1.4:0000000000000000 $d
     /tmp/ccekGo1E.s:4246   .text.mqtt_set_inpub_callback:0000000000000000 $t
     /tmp/ccekGo1E.s:4253   .text.mqtt_set_inpub_callback:0000000000000000 mqtt_set_inpub_callback
     /tmp/ccekGo1E.s:4315   .text.mqtt_set_inpub_callback:0000000000000024 $d
     /tmp/ccekGo1E.s:4322   .text.mqtt_client_new:0000000000000000 $t
     /tmp/ccekGo1E.s:4329   .text.mqtt_client_new:0000000000000000 mqtt_client_new
     /tmp/ccekGo1E.s:4353   .text.mqtt_client_free:0000000000000000 $t
     /tmp/ccekGo1E.s:4360   .text.mqtt_client_free:0000000000000000 mqtt_client_free
     /tmp/ccekGo1E.s:4382   .rodata.mqtt_client_connect.str1.4:0000000000000000 $d
     /tmp/ccekGo1E.s:4434   .text.mqtt_client_connect:0000000000000000 $t
     /tmp/ccekGo1E.s:4441   .text.mqtt_client_connect:0000000000000000 mqtt_client_connect
     /tmp/ccekGo1E.s:5200   .text.mqtt_client_connect:0000000000000384 $d
     /tmp/ccekGo1E.s:5223   .rodata.mqtt_disconnect.str1.4:0000000000000000 $d
     /tmp/ccekGo1E.s:5227   .text.mqtt_disconnect:0000000000000000 $t
     /tmp/ccekGo1E.s:5234   .text.mqtt_disconnect:0000000000000000 mqtt_disconnect
ARM GAS  /tmp/ccekGo1E.s 			page 146


     /tmp/ccekGo1E.s:5291   .text.mqtt_disconnect:0000000000000028 $d
     /tmp/ccekGo1E.s:5298   .rodata.mqtt_client_is_connected.str1.4:0000000000000000 $d
     /tmp/ccekGo1E.s:5302   .text.mqtt_client_is_connected:0000000000000000 $t
     /tmp/ccekGo1E.s:5309   .text.mqtt_client_is_connected:0000000000000000 mqtt_client_is_connected
     /tmp/ccekGo1E.s:5356   .text.mqtt_client_is_connected:0000000000000024 $d

UNDEFINED SYMBOLS
printf
tcp_write
tcp_output
tcp_recv
tcp_err
tcp_sent
tcp_close
sys_untimeout
tcp_abort
sys_timeout
tcp_poll
pbuf_copy_partial
pbuf_get_at
tcp_recved
pbuf_free
strlen
mem_calloc
mem_free
memset
tcp_new_ip_type
tcp_arg
tcp_bind
tcp_connect
ip_addr_any
