ARM GAS  /tmp/ccHnuoCZ.s 			page 1


   1              		.cpu cortex-m4
   2              		.eabi_attribute 27, 1
   3              		.eabi_attribute 28, 1
   4              		.eabi_attribute 20, 1
   5              		.eabi_attribute 21, 1
   6              		.eabi_attribute 23, 3
   7              		.eabi_attribute 24, 1
   8              		.eabi_attribute 25, 1
   9              		.eabi_attribute 26, 1
  10              		.eabi_attribute 30, 1
  11              		.eabi_attribute 34, 1
  12              		.eabi_attribute 18, 4
  13              		.file	"netif.c"
  14              		.text
  15              	.Ltext0:
  16              		.cfi_sections	.debug_frame
  17              		.section	.text.netif_do_set_netmask,"ax",%progbits
  18              		.align	1
  19              		.arch armv7e-m
  20              		.syntax unified
  21              		.thumb
  22              		.thumb_func
  23              		.fpu fpv4-sp-d16
  25              	netif_do_set_netmask:
  26              	.LVL0:
  27              	.LFB166:
  28              		.file 1 "Middlewares/Third_Party/LwIP/src/core/netif.c"
   1:Middlewares/Third_Party/LwIP/src/core/netif.c **** /**
   2:Middlewares/Third_Party/LwIP/src/core/netif.c ****  * @file
   3:Middlewares/Third_Party/LwIP/src/core/netif.c ****  * lwIP network interface abstraction
   4:Middlewares/Third_Party/LwIP/src/core/netif.c ****  *
   5:Middlewares/Third_Party/LwIP/src/core/netif.c ****  * @defgroup netif Network interface (NETIF)
   6:Middlewares/Third_Party/LwIP/src/core/netif.c ****  * @ingroup callbackstyle_api
   7:Middlewares/Third_Party/LwIP/src/core/netif.c ****  *
   8:Middlewares/Third_Party/LwIP/src/core/netif.c ****  * @defgroup netif_ip4 IPv4 address handling
   9:Middlewares/Third_Party/LwIP/src/core/netif.c ****  * @ingroup netif
  10:Middlewares/Third_Party/LwIP/src/core/netif.c ****  *
  11:Middlewares/Third_Party/LwIP/src/core/netif.c ****  * @defgroup netif_ip6 IPv6 address handling
  12:Middlewares/Third_Party/LwIP/src/core/netif.c ****  * @ingroup netif
  13:Middlewares/Third_Party/LwIP/src/core/netif.c ****  *
  14:Middlewares/Third_Party/LwIP/src/core/netif.c ****  * @defgroup netif_cd Client data handling
  15:Middlewares/Third_Party/LwIP/src/core/netif.c ****  * Store data (void*) on a netif for application usage.
  16:Middlewares/Third_Party/LwIP/src/core/netif.c ****  * @see @ref LWIP_NUM_NETIF_CLIENT_DATA
  17:Middlewares/Third_Party/LwIP/src/core/netif.c ****  * @ingroup netif
  18:Middlewares/Third_Party/LwIP/src/core/netif.c ****  */
  19:Middlewares/Third_Party/LwIP/src/core/netif.c **** 
  20:Middlewares/Third_Party/LwIP/src/core/netif.c **** /*
  21:Middlewares/Third_Party/LwIP/src/core/netif.c ****  * Copyright (c) 2001-2004 Swedish Institute of Computer Science.
  22:Middlewares/Third_Party/LwIP/src/core/netif.c ****  * All rights reserved.
  23:Middlewares/Third_Party/LwIP/src/core/netif.c ****  *
  24:Middlewares/Third_Party/LwIP/src/core/netif.c ****  * Redistribution and use in source and binary forms, with or without modification,
  25:Middlewares/Third_Party/LwIP/src/core/netif.c ****  * are permitted provided that the following conditions are met:
  26:Middlewares/Third_Party/LwIP/src/core/netif.c ****  *
  27:Middlewares/Third_Party/LwIP/src/core/netif.c ****  * 1. Redistributions of source code must retain the above copyright notice,
  28:Middlewares/Third_Party/LwIP/src/core/netif.c ****  *    this list of conditions and the following disclaimer.
  29:Middlewares/Third_Party/LwIP/src/core/netif.c ****  * 2. Redistributions in binary form must reproduce the above copyright notice,
  30:Middlewares/Third_Party/LwIP/src/core/netif.c ****  *    this list of conditions and the following disclaimer in the documentation
ARM GAS  /tmp/ccHnuoCZ.s 			page 2


  31:Middlewares/Third_Party/LwIP/src/core/netif.c ****  *    and/or other materials provided with the distribution.
  32:Middlewares/Third_Party/LwIP/src/core/netif.c ****  * 3. The name of the author may not be used to endorse or promote products
  33:Middlewares/Third_Party/LwIP/src/core/netif.c ****  *    derived from this software without specific prior written permission.
  34:Middlewares/Third_Party/LwIP/src/core/netif.c ****  *
  35:Middlewares/Third_Party/LwIP/src/core/netif.c ****  * THIS SOFTWARE IS PROVIDED BY THE AUTHOR ``AS IS'' AND ANY EXPRESS OR IMPLIED
  36:Middlewares/Third_Party/LwIP/src/core/netif.c ****  * WARRANTIES, INCLUDING, BUT NOT LIMITED TO, THE IMPLIED WARRANTIES OF
  37:Middlewares/Third_Party/LwIP/src/core/netif.c ****  * MERCHANTABILITY AND FITNESS FOR A PARTICULAR PURPOSE ARE DISCLAIMED. IN NO EVENT
  38:Middlewares/Third_Party/LwIP/src/core/netif.c ****  * SHALL THE AUTHOR BE LIABLE FOR ANY DIRECT, INDIRECT, INCIDENTAL, SPECIAL,
  39:Middlewares/Third_Party/LwIP/src/core/netif.c ****  * EXEMPLARY, OR CONSEQUENTIAL DAMAGES (INCLUDING, BUT NOT LIMITED TO, PROCUREMENT
  40:Middlewares/Third_Party/LwIP/src/core/netif.c ****  * OF SUBSTITUTE GOODS OR SERVICES; LOSS OF USE, DATA, OR PROFITS; OR BUSINESS
  41:Middlewares/Third_Party/LwIP/src/core/netif.c ****  * INTERRUPTION) HOWEVER CAUSED AND ON ANY THEORY OF LIABILITY, WHETHER IN
  42:Middlewares/Third_Party/LwIP/src/core/netif.c ****  * CONTRACT, STRICT LIABILITY, OR TORT (INCLUDING NEGLIGENCE OR OTHERWISE) ARISING
  43:Middlewares/Third_Party/LwIP/src/core/netif.c ****  * IN ANY WAY OUT OF THE USE OF THIS SOFTWARE, EVEN IF ADVISED OF THE POSSIBILITY
  44:Middlewares/Third_Party/LwIP/src/core/netif.c ****  * OF SUCH DAMAGE.
  45:Middlewares/Third_Party/LwIP/src/core/netif.c ****  *
  46:Middlewares/Third_Party/LwIP/src/core/netif.c ****  * This file is part of the lwIP TCP/IP stack.
  47:Middlewares/Third_Party/LwIP/src/core/netif.c ****  *
  48:Middlewares/Third_Party/LwIP/src/core/netif.c ****  * Author: Adam Dunkels <adam@sics.se>
  49:Middlewares/Third_Party/LwIP/src/core/netif.c ****  */
  50:Middlewares/Third_Party/LwIP/src/core/netif.c **** 
  51:Middlewares/Third_Party/LwIP/src/core/netif.c **** #include "lwip/opt.h"
  52:Middlewares/Third_Party/LwIP/src/core/netif.c **** 
  53:Middlewares/Third_Party/LwIP/src/core/netif.c **** #include <string.h> /* memset */
  54:Middlewares/Third_Party/LwIP/src/core/netif.c **** #include <stdlib.h> /* atoi */
  55:Middlewares/Third_Party/LwIP/src/core/netif.c **** 
  56:Middlewares/Third_Party/LwIP/src/core/netif.c **** #include "lwip/def.h"
  57:Middlewares/Third_Party/LwIP/src/core/netif.c **** #include "lwip/ip_addr.h"
  58:Middlewares/Third_Party/LwIP/src/core/netif.c **** #include "lwip/ip6_addr.h"
  59:Middlewares/Third_Party/LwIP/src/core/netif.c **** #include "lwip/netif.h"
  60:Middlewares/Third_Party/LwIP/src/core/netif.c **** #include "lwip/priv/tcp_priv.h"
  61:Middlewares/Third_Party/LwIP/src/core/netif.c **** #include "lwip/udp.h"
  62:Middlewares/Third_Party/LwIP/src/core/netif.c **** #include "lwip/priv/raw_priv.h"
  63:Middlewares/Third_Party/LwIP/src/core/netif.c **** #include "lwip/snmp.h"
  64:Middlewares/Third_Party/LwIP/src/core/netif.c **** #include "lwip/igmp.h"
  65:Middlewares/Third_Party/LwIP/src/core/netif.c **** #include "lwip/etharp.h"
  66:Middlewares/Third_Party/LwIP/src/core/netif.c **** #include "lwip/stats.h"
  67:Middlewares/Third_Party/LwIP/src/core/netif.c **** #include "lwip/sys.h"
  68:Middlewares/Third_Party/LwIP/src/core/netif.c **** #include "lwip/ip.h"
  69:Middlewares/Third_Party/LwIP/src/core/netif.c **** #if ENABLE_LOOPBACK
  70:Middlewares/Third_Party/LwIP/src/core/netif.c **** #if LWIP_NETIF_LOOPBACK_MULTITHREADING
  71:Middlewares/Third_Party/LwIP/src/core/netif.c **** #include "lwip/tcpip.h"
  72:Middlewares/Third_Party/LwIP/src/core/netif.c **** #endif /* LWIP_NETIF_LOOPBACK_MULTITHREADING */
  73:Middlewares/Third_Party/LwIP/src/core/netif.c **** #endif /* ENABLE_LOOPBACK */
  74:Middlewares/Third_Party/LwIP/src/core/netif.c **** 
  75:Middlewares/Third_Party/LwIP/src/core/netif.c **** #include "netif/ethernet.h"
  76:Middlewares/Third_Party/LwIP/src/core/netif.c **** 
  77:Middlewares/Third_Party/LwIP/src/core/netif.c **** #if LWIP_AUTOIP
  78:Middlewares/Third_Party/LwIP/src/core/netif.c **** #include "lwip/autoip.h"
  79:Middlewares/Third_Party/LwIP/src/core/netif.c **** #endif /* LWIP_AUTOIP */
  80:Middlewares/Third_Party/LwIP/src/core/netif.c **** #if LWIP_DHCP
  81:Middlewares/Third_Party/LwIP/src/core/netif.c **** #include "lwip/dhcp.h"
  82:Middlewares/Third_Party/LwIP/src/core/netif.c **** #endif /* LWIP_DHCP */
  83:Middlewares/Third_Party/LwIP/src/core/netif.c **** #if LWIP_IPV6_DHCP6
  84:Middlewares/Third_Party/LwIP/src/core/netif.c **** #include "lwip/dhcp6.h"
  85:Middlewares/Third_Party/LwIP/src/core/netif.c **** #endif /* LWIP_IPV6_DHCP6 */
  86:Middlewares/Third_Party/LwIP/src/core/netif.c **** #if LWIP_IPV6_MLD
  87:Middlewares/Third_Party/LwIP/src/core/netif.c **** #include "lwip/mld6.h"
ARM GAS  /tmp/ccHnuoCZ.s 			page 3


  88:Middlewares/Third_Party/LwIP/src/core/netif.c **** #endif /* LWIP_IPV6_MLD */
  89:Middlewares/Third_Party/LwIP/src/core/netif.c **** #if LWIP_IPV6
  90:Middlewares/Third_Party/LwIP/src/core/netif.c **** #include "lwip/nd6.h"
  91:Middlewares/Third_Party/LwIP/src/core/netif.c **** #endif
  92:Middlewares/Third_Party/LwIP/src/core/netif.c **** 
  93:Middlewares/Third_Party/LwIP/src/core/netif.c **** #if LWIP_NETIF_STATUS_CALLBACK
  94:Middlewares/Third_Party/LwIP/src/core/netif.c **** #define NETIF_STATUS_CALLBACK(n) do{ if (n->status_callback) { (n->status_callback)(n); }}while(0)
  95:Middlewares/Third_Party/LwIP/src/core/netif.c **** #else
  96:Middlewares/Third_Party/LwIP/src/core/netif.c **** #define NETIF_STATUS_CALLBACK(n)
  97:Middlewares/Third_Party/LwIP/src/core/netif.c **** #endif /* LWIP_NETIF_STATUS_CALLBACK */
  98:Middlewares/Third_Party/LwIP/src/core/netif.c **** 
  99:Middlewares/Third_Party/LwIP/src/core/netif.c **** #if LWIP_NETIF_LINK_CALLBACK
 100:Middlewares/Third_Party/LwIP/src/core/netif.c **** #define NETIF_LINK_CALLBACK(n) do{ if (n->link_callback) { (n->link_callback)(n); }}while(0)
 101:Middlewares/Third_Party/LwIP/src/core/netif.c **** #else
 102:Middlewares/Third_Party/LwIP/src/core/netif.c **** #define NETIF_LINK_CALLBACK(n)
 103:Middlewares/Third_Party/LwIP/src/core/netif.c **** #endif /* LWIP_NETIF_LINK_CALLBACK */
 104:Middlewares/Third_Party/LwIP/src/core/netif.c **** 
 105:Middlewares/Third_Party/LwIP/src/core/netif.c **** #if LWIP_NETIF_EXT_STATUS_CALLBACK
 106:Middlewares/Third_Party/LwIP/src/core/netif.c **** static netif_ext_callback_t *ext_callback;
 107:Middlewares/Third_Party/LwIP/src/core/netif.c **** #endif
 108:Middlewares/Third_Party/LwIP/src/core/netif.c **** 
 109:Middlewares/Third_Party/LwIP/src/core/netif.c **** #if !LWIP_SINGLE_NETIF
 110:Middlewares/Third_Party/LwIP/src/core/netif.c **** struct netif *netif_list;
 111:Middlewares/Third_Party/LwIP/src/core/netif.c **** #endif /* !LWIP_SINGLE_NETIF */
 112:Middlewares/Third_Party/LwIP/src/core/netif.c **** struct netif *netif_default;
 113:Middlewares/Third_Party/LwIP/src/core/netif.c **** 
 114:Middlewares/Third_Party/LwIP/src/core/netif.c **** #define netif_index_to_num(index)   ((index) - 1)
 115:Middlewares/Third_Party/LwIP/src/core/netif.c **** static u8_t netif_num;
 116:Middlewares/Third_Party/LwIP/src/core/netif.c **** 
 117:Middlewares/Third_Party/LwIP/src/core/netif.c **** #if LWIP_NUM_NETIF_CLIENT_DATA > 0
 118:Middlewares/Third_Party/LwIP/src/core/netif.c **** static u8_t netif_client_id;
 119:Middlewares/Third_Party/LwIP/src/core/netif.c **** #endif
 120:Middlewares/Third_Party/LwIP/src/core/netif.c **** 
 121:Middlewares/Third_Party/LwIP/src/core/netif.c **** #define NETIF_REPORT_TYPE_IPV4  0x01
 122:Middlewares/Third_Party/LwIP/src/core/netif.c **** #define NETIF_REPORT_TYPE_IPV6  0x02
 123:Middlewares/Third_Party/LwIP/src/core/netif.c **** static void netif_issue_reports(struct netif *netif, u8_t report_type);
 124:Middlewares/Third_Party/LwIP/src/core/netif.c **** 
 125:Middlewares/Third_Party/LwIP/src/core/netif.c **** #if LWIP_IPV6
 126:Middlewares/Third_Party/LwIP/src/core/netif.c **** static err_t netif_null_output_ip6(struct netif *netif, struct pbuf *p, const ip6_addr_t *ipaddr);
 127:Middlewares/Third_Party/LwIP/src/core/netif.c **** #endif /* LWIP_IPV6 */
 128:Middlewares/Third_Party/LwIP/src/core/netif.c **** #if LWIP_IPV4
 129:Middlewares/Third_Party/LwIP/src/core/netif.c **** static err_t netif_null_output_ip4(struct netif *netif, struct pbuf *p, const ip4_addr_t *ipaddr);
 130:Middlewares/Third_Party/LwIP/src/core/netif.c **** #endif /* LWIP_IPV4 */
 131:Middlewares/Third_Party/LwIP/src/core/netif.c **** 
 132:Middlewares/Third_Party/LwIP/src/core/netif.c **** #if LWIP_HAVE_LOOPIF
 133:Middlewares/Third_Party/LwIP/src/core/netif.c **** #if LWIP_IPV4
 134:Middlewares/Third_Party/LwIP/src/core/netif.c **** static err_t netif_loop_output_ipv4(struct netif *netif, struct pbuf *p, const ip4_addr_t *addr);
 135:Middlewares/Third_Party/LwIP/src/core/netif.c **** #endif
 136:Middlewares/Third_Party/LwIP/src/core/netif.c **** #if LWIP_IPV6
 137:Middlewares/Third_Party/LwIP/src/core/netif.c **** static err_t netif_loop_output_ipv6(struct netif *netif, struct pbuf *p, const ip6_addr_t *addr);
 138:Middlewares/Third_Party/LwIP/src/core/netif.c **** #endif
 139:Middlewares/Third_Party/LwIP/src/core/netif.c **** 
 140:Middlewares/Third_Party/LwIP/src/core/netif.c **** 
 141:Middlewares/Third_Party/LwIP/src/core/netif.c **** static struct netif loop_netif;
 142:Middlewares/Third_Party/LwIP/src/core/netif.c **** 
 143:Middlewares/Third_Party/LwIP/src/core/netif.c **** /**
 144:Middlewares/Third_Party/LwIP/src/core/netif.c ****  * Initialize a lwip network interface structure for a loopback interface
ARM GAS  /tmp/ccHnuoCZ.s 			page 4


 145:Middlewares/Third_Party/LwIP/src/core/netif.c ****  *
 146:Middlewares/Third_Party/LwIP/src/core/netif.c ****  * @param netif the lwip network interface structure for this loopif
 147:Middlewares/Third_Party/LwIP/src/core/netif.c ****  * @return ERR_OK if the loopif is initialized
 148:Middlewares/Third_Party/LwIP/src/core/netif.c ****  *         ERR_MEM if private data couldn't be allocated
 149:Middlewares/Third_Party/LwIP/src/core/netif.c ****  */
 150:Middlewares/Third_Party/LwIP/src/core/netif.c **** static err_t
 151:Middlewares/Third_Party/LwIP/src/core/netif.c **** netif_loopif_init(struct netif *netif)
 152:Middlewares/Third_Party/LwIP/src/core/netif.c **** {
 153:Middlewares/Third_Party/LwIP/src/core/netif.c ****   LWIP_ASSERT("netif_loopif_init: invalid netif", netif != NULL);
 154:Middlewares/Third_Party/LwIP/src/core/netif.c **** 
 155:Middlewares/Third_Party/LwIP/src/core/netif.c ****   /* initialize the snmp variables and counters inside the struct netif
 156:Middlewares/Third_Party/LwIP/src/core/netif.c ****    * ifSpeed: no assumption can be made!
 157:Middlewares/Third_Party/LwIP/src/core/netif.c ****    */
 158:Middlewares/Third_Party/LwIP/src/core/netif.c ****   MIB2_INIT_NETIF(netif, snmp_ifType_softwareLoopback, 0);
 159:Middlewares/Third_Party/LwIP/src/core/netif.c **** 
 160:Middlewares/Third_Party/LwIP/src/core/netif.c ****   netif->name[0] = 'l';
 161:Middlewares/Third_Party/LwIP/src/core/netif.c ****   netif->name[1] = 'o';
 162:Middlewares/Third_Party/LwIP/src/core/netif.c **** #if LWIP_IPV4
 163:Middlewares/Third_Party/LwIP/src/core/netif.c ****   netif->output = netif_loop_output_ipv4;
 164:Middlewares/Third_Party/LwIP/src/core/netif.c **** #endif
 165:Middlewares/Third_Party/LwIP/src/core/netif.c **** #if LWIP_IPV6
 166:Middlewares/Third_Party/LwIP/src/core/netif.c ****   netif->output_ip6 = netif_loop_output_ipv6;
 167:Middlewares/Third_Party/LwIP/src/core/netif.c **** #endif
 168:Middlewares/Third_Party/LwIP/src/core/netif.c **** #if LWIP_LOOPIF_MULTICAST
 169:Middlewares/Third_Party/LwIP/src/core/netif.c ****   netif_set_flags(netif, NETIF_FLAG_IGMP);
 170:Middlewares/Third_Party/LwIP/src/core/netif.c **** #endif
 171:Middlewares/Third_Party/LwIP/src/core/netif.c ****   NETIF_SET_CHECKSUM_CTRL(netif, NETIF_CHECKSUM_DISABLE_ALL);
 172:Middlewares/Third_Party/LwIP/src/core/netif.c ****   return ERR_OK;
 173:Middlewares/Third_Party/LwIP/src/core/netif.c **** }
 174:Middlewares/Third_Party/LwIP/src/core/netif.c **** #endif /* LWIP_HAVE_LOOPIF */
 175:Middlewares/Third_Party/LwIP/src/core/netif.c **** 
 176:Middlewares/Third_Party/LwIP/src/core/netif.c **** void
 177:Middlewares/Third_Party/LwIP/src/core/netif.c **** netif_init(void)
 178:Middlewares/Third_Party/LwIP/src/core/netif.c **** {
 179:Middlewares/Third_Party/LwIP/src/core/netif.c **** #if LWIP_HAVE_LOOPIF
 180:Middlewares/Third_Party/LwIP/src/core/netif.c **** #if LWIP_IPV4
 181:Middlewares/Third_Party/LwIP/src/core/netif.c **** #define LOOPIF_ADDRINIT &loop_ipaddr, &loop_netmask, &loop_gw,
 182:Middlewares/Third_Party/LwIP/src/core/netif.c ****   ip4_addr_t loop_ipaddr, loop_netmask, loop_gw;
 183:Middlewares/Third_Party/LwIP/src/core/netif.c ****   IP4_ADDR(&loop_gw, 127, 0, 0, 1);
 184:Middlewares/Third_Party/LwIP/src/core/netif.c ****   IP4_ADDR(&loop_ipaddr, 127, 0, 0, 1);
 185:Middlewares/Third_Party/LwIP/src/core/netif.c ****   IP4_ADDR(&loop_netmask, 255, 0, 0, 0);
 186:Middlewares/Third_Party/LwIP/src/core/netif.c **** #else /* LWIP_IPV4 */
 187:Middlewares/Third_Party/LwIP/src/core/netif.c **** #define LOOPIF_ADDRINIT
 188:Middlewares/Third_Party/LwIP/src/core/netif.c **** #endif /* LWIP_IPV4 */
 189:Middlewares/Third_Party/LwIP/src/core/netif.c **** 
 190:Middlewares/Third_Party/LwIP/src/core/netif.c **** #if NO_SYS
 191:Middlewares/Third_Party/LwIP/src/core/netif.c ****   netif_add(&loop_netif, LOOPIF_ADDRINIT NULL, netif_loopif_init, ip_input);
 192:Middlewares/Third_Party/LwIP/src/core/netif.c **** #else  /* NO_SYS */
 193:Middlewares/Third_Party/LwIP/src/core/netif.c ****   netif_add(&loop_netif, LOOPIF_ADDRINIT NULL, netif_loopif_init, tcpip_input);
 194:Middlewares/Third_Party/LwIP/src/core/netif.c **** #endif /* NO_SYS */
 195:Middlewares/Third_Party/LwIP/src/core/netif.c **** 
 196:Middlewares/Third_Party/LwIP/src/core/netif.c **** #if LWIP_IPV6
 197:Middlewares/Third_Party/LwIP/src/core/netif.c ****   IP_ADDR6_HOST(loop_netif.ip6_addr, 0, 0, 0, 0x00000001UL);
 198:Middlewares/Third_Party/LwIP/src/core/netif.c ****   loop_netif.ip6_addr_state[0] = IP6_ADDR_VALID;
 199:Middlewares/Third_Party/LwIP/src/core/netif.c **** #endif /* LWIP_IPV6 */
 200:Middlewares/Third_Party/LwIP/src/core/netif.c **** 
 201:Middlewares/Third_Party/LwIP/src/core/netif.c ****   netif_set_link_up(&loop_netif);
ARM GAS  /tmp/ccHnuoCZ.s 			page 5


 202:Middlewares/Third_Party/LwIP/src/core/netif.c ****   netif_set_up(&loop_netif);
 203:Middlewares/Third_Party/LwIP/src/core/netif.c **** 
 204:Middlewares/Third_Party/LwIP/src/core/netif.c **** #endif /* LWIP_HAVE_LOOPIF */
 205:Middlewares/Third_Party/LwIP/src/core/netif.c **** }
 206:Middlewares/Third_Party/LwIP/src/core/netif.c **** 
 207:Middlewares/Third_Party/LwIP/src/core/netif.c **** /**
 208:Middlewares/Third_Party/LwIP/src/core/netif.c ****  * @ingroup lwip_nosys
 209:Middlewares/Third_Party/LwIP/src/core/netif.c ****  * Forwards a received packet for input processing with
 210:Middlewares/Third_Party/LwIP/src/core/netif.c ****  * ethernet_input() or ip_input() depending on netif flags.
 211:Middlewares/Third_Party/LwIP/src/core/netif.c ****  * Don't call directly, pass to netif_add() and call
 212:Middlewares/Third_Party/LwIP/src/core/netif.c ****  * netif->input().
 213:Middlewares/Third_Party/LwIP/src/core/netif.c ****  * Only works if the netif driver correctly sets
 214:Middlewares/Third_Party/LwIP/src/core/netif.c ****  * NETIF_FLAG_ETHARP and/or NETIF_FLAG_ETHERNET flag!
 215:Middlewares/Third_Party/LwIP/src/core/netif.c ****  */
 216:Middlewares/Third_Party/LwIP/src/core/netif.c **** err_t
 217:Middlewares/Third_Party/LwIP/src/core/netif.c **** netif_input(struct pbuf *p, struct netif *inp)
 218:Middlewares/Third_Party/LwIP/src/core/netif.c **** {
 219:Middlewares/Third_Party/LwIP/src/core/netif.c ****   LWIP_ASSERT_CORE_LOCKED();
 220:Middlewares/Third_Party/LwIP/src/core/netif.c **** 
 221:Middlewares/Third_Party/LwIP/src/core/netif.c ****   LWIP_ASSERT("netif_input: invalid pbuf", p != NULL);
 222:Middlewares/Third_Party/LwIP/src/core/netif.c ****   LWIP_ASSERT("netif_input: invalid netif", inp != NULL);
 223:Middlewares/Third_Party/LwIP/src/core/netif.c **** 
 224:Middlewares/Third_Party/LwIP/src/core/netif.c **** #if LWIP_ETHERNET
 225:Middlewares/Third_Party/LwIP/src/core/netif.c ****   if (inp->flags & (NETIF_FLAG_ETHARP | NETIF_FLAG_ETHERNET)) {
 226:Middlewares/Third_Party/LwIP/src/core/netif.c ****     return ethernet_input(p, inp);
 227:Middlewares/Third_Party/LwIP/src/core/netif.c ****   } else
 228:Middlewares/Third_Party/LwIP/src/core/netif.c **** #endif /* LWIP_ETHERNET */
 229:Middlewares/Third_Party/LwIP/src/core/netif.c ****     return ip_input(p, inp);
 230:Middlewares/Third_Party/LwIP/src/core/netif.c **** }
 231:Middlewares/Third_Party/LwIP/src/core/netif.c **** 
 232:Middlewares/Third_Party/LwIP/src/core/netif.c **** /**
 233:Middlewares/Third_Party/LwIP/src/core/netif.c ****  * @ingroup netif
 234:Middlewares/Third_Party/LwIP/src/core/netif.c ****  * Add a network interface to the list of lwIP netifs.
 235:Middlewares/Third_Party/LwIP/src/core/netif.c ****  *
 236:Middlewares/Third_Party/LwIP/src/core/netif.c ****  * Same as @ref netif_add but without IPv4 addresses
 237:Middlewares/Third_Party/LwIP/src/core/netif.c ****  */
 238:Middlewares/Third_Party/LwIP/src/core/netif.c **** struct netif *
 239:Middlewares/Third_Party/LwIP/src/core/netif.c **** netif_add_noaddr(struct netif *netif, void *state, netif_init_fn init, netif_input_fn input)
 240:Middlewares/Third_Party/LwIP/src/core/netif.c **** {
 241:Middlewares/Third_Party/LwIP/src/core/netif.c ****   return netif_add(netif,
 242:Middlewares/Third_Party/LwIP/src/core/netif.c **** #if LWIP_IPV4
 243:Middlewares/Third_Party/LwIP/src/core/netif.c ****                    NULL, NULL, NULL,
 244:Middlewares/Third_Party/LwIP/src/core/netif.c **** #endif /* LWIP_IPV4*/
 245:Middlewares/Third_Party/LwIP/src/core/netif.c ****                    state, init, input);
 246:Middlewares/Third_Party/LwIP/src/core/netif.c **** }
 247:Middlewares/Third_Party/LwIP/src/core/netif.c **** 
 248:Middlewares/Third_Party/LwIP/src/core/netif.c **** /**
 249:Middlewares/Third_Party/LwIP/src/core/netif.c ****  * @ingroup netif
 250:Middlewares/Third_Party/LwIP/src/core/netif.c ****  * Add a network interface to the list of lwIP netifs.
 251:Middlewares/Third_Party/LwIP/src/core/netif.c ****  *
 252:Middlewares/Third_Party/LwIP/src/core/netif.c ****  * @param netif a pre-allocated netif structure
 253:Middlewares/Third_Party/LwIP/src/core/netif.c ****  * @param ipaddr IP address for the new netif
 254:Middlewares/Third_Party/LwIP/src/core/netif.c ****  * @param netmask network mask for the new netif
 255:Middlewares/Third_Party/LwIP/src/core/netif.c ****  * @param gw default gateway IP address for the new netif
 256:Middlewares/Third_Party/LwIP/src/core/netif.c ****  * @param state opaque data passed to the new netif
 257:Middlewares/Third_Party/LwIP/src/core/netif.c ****  * @param init callback function that initializes the interface
 258:Middlewares/Third_Party/LwIP/src/core/netif.c ****  * @param input callback function that is called to pass
ARM GAS  /tmp/ccHnuoCZ.s 			page 6


 259:Middlewares/Third_Party/LwIP/src/core/netif.c ****  * ingress packets up in the protocol layer stack.\n
 260:Middlewares/Third_Party/LwIP/src/core/netif.c ****  * It is recommended to use a function that passes the input directly
 261:Middlewares/Third_Party/LwIP/src/core/netif.c ****  * to the stack (netif_input(), NO_SYS=1 mode) or via sending a
 262:Middlewares/Third_Party/LwIP/src/core/netif.c ****  * message to TCPIP thread (tcpip_input(), NO_SYS=0 mode).\n
 263:Middlewares/Third_Party/LwIP/src/core/netif.c ****  * These functions use netif flags NETIF_FLAG_ETHARP and NETIF_FLAG_ETHERNET
 264:Middlewares/Third_Party/LwIP/src/core/netif.c ****  * to decide whether to forward to ethernet_input() or ip_input().
 265:Middlewares/Third_Party/LwIP/src/core/netif.c ****  * In other words, the functions only work when the netif
 266:Middlewares/Third_Party/LwIP/src/core/netif.c ****  * driver is implemented correctly!\n
 267:Middlewares/Third_Party/LwIP/src/core/netif.c ****  * Most members of struct netif should be be initialized by the
 268:Middlewares/Third_Party/LwIP/src/core/netif.c ****  * netif init function = netif driver (init parameter of this function).\n
 269:Middlewares/Third_Party/LwIP/src/core/netif.c ****  * IPv6: Don't forget to call netif_create_ip6_linklocal_address() after
 270:Middlewares/Third_Party/LwIP/src/core/netif.c ****  * setting the MAC address in struct netif.hwaddr
 271:Middlewares/Third_Party/LwIP/src/core/netif.c ****  * (IPv6 requires a link-local address).
 272:Middlewares/Third_Party/LwIP/src/core/netif.c ****  *
 273:Middlewares/Third_Party/LwIP/src/core/netif.c ****  * @return netif, or NULL if failed.
 274:Middlewares/Third_Party/LwIP/src/core/netif.c ****  */
 275:Middlewares/Third_Party/LwIP/src/core/netif.c **** struct netif *
 276:Middlewares/Third_Party/LwIP/src/core/netif.c **** netif_add(struct netif *netif,
 277:Middlewares/Third_Party/LwIP/src/core/netif.c **** #if LWIP_IPV4
 278:Middlewares/Third_Party/LwIP/src/core/netif.c ****           const ip4_addr_t *ipaddr, const ip4_addr_t *netmask, const ip4_addr_t *gw,
 279:Middlewares/Third_Party/LwIP/src/core/netif.c **** #endif /* LWIP_IPV4 */
 280:Middlewares/Third_Party/LwIP/src/core/netif.c ****           void *state, netif_init_fn init, netif_input_fn input)
 281:Middlewares/Third_Party/LwIP/src/core/netif.c **** {
 282:Middlewares/Third_Party/LwIP/src/core/netif.c **** #if LWIP_IPV6
 283:Middlewares/Third_Party/LwIP/src/core/netif.c ****   s8_t i;
 284:Middlewares/Third_Party/LwIP/src/core/netif.c **** #endif
 285:Middlewares/Third_Party/LwIP/src/core/netif.c **** 
 286:Middlewares/Third_Party/LwIP/src/core/netif.c ****   LWIP_ASSERT_CORE_LOCKED();
 287:Middlewares/Third_Party/LwIP/src/core/netif.c **** 
 288:Middlewares/Third_Party/LwIP/src/core/netif.c **** #if LWIP_SINGLE_NETIF
 289:Middlewares/Third_Party/LwIP/src/core/netif.c ****   if (netif_default != NULL) {
 290:Middlewares/Third_Party/LwIP/src/core/netif.c ****     LWIP_ASSERT("single netif already set", 0);
 291:Middlewares/Third_Party/LwIP/src/core/netif.c ****     return NULL;
 292:Middlewares/Third_Party/LwIP/src/core/netif.c ****   }
 293:Middlewares/Third_Party/LwIP/src/core/netif.c **** #endif
 294:Middlewares/Third_Party/LwIP/src/core/netif.c **** 
 295:Middlewares/Third_Party/LwIP/src/core/netif.c ****   LWIP_ERROR("netif_add: invalid netif", netif != NULL, return NULL);
 296:Middlewares/Third_Party/LwIP/src/core/netif.c ****   LWIP_ERROR("netif_add: No init function given", init != NULL, return NULL);
 297:Middlewares/Third_Party/LwIP/src/core/netif.c **** 
 298:Middlewares/Third_Party/LwIP/src/core/netif.c **** #if LWIP_IPV4
 299:Middlewares/Third_Party/LwIP/src/core/netif.c ****   if (ipaddr == NULL) {
 300:Middlewares/Third_Party/LwIP/src/core/netif.c ****     ipaddr = ip_2_ip4(IP4_ADDR_ANY);
 301:Middlewares/Third_Party/LwIP/src/core/netif.c ****   }
 302:Middlewares/Third_Party/LwIP/src/core/netif.c ****   if (netmask == NULL) {
 303:Middlewares/Third_Party/LwIP/src/core/netif.c ****     netmask = ip_2_ip4(IP4_ADDR_ANY);
 304:Middlewares/Third_Party/LwIP/src/core/netif.c ****   }
 305:Middlewares/Third_Party/LwIP/src/core/netif.c ****   if (gw == NULL) {
 306:Middlewares/Third_Party/LwIP/src/core/netif.c ****     gw = ip_2_ip4(IP4_ADDR_ANY);
 307:Middlewares/Third_Party/LwIP/src/core/netif.c ****   }
 308:Middlewares/Third_Party/LwIP/src/core/netif.c **** 
 309:Middlewares/Third_Party/LwIP/src/core/netif.c ****   /* reset new interface configuration state */
 310:Middlewares/Third_Party/LwIP/src/core/netif.c ****   ip_addr_set_zero_ip4(&netif->ip_addr);
 311:Middlewares/Third_Party/LwIP/src/core/netif.c ****   ip_addr_set_zero_ip4(&netif->netmask);
 312:Middlewares/Third_Party/LwIP/src/core/netif.c ****   ip_addr_set_zero_ip4(&netif->gw);
 313:Middlewares/Third_Party/LwIP/src/core/netif.c ****   netif->output = netif_null_output_ip4;
 314:Middlewares/Third_Party/LwIP/src/core/netif.c **** #endif /* LWIP_IPV4 */
 315:Middlewares/Third_Party/LwIP/src/core/netif.c **** #if LWIP_IPV6
ARM GAS  /tmp/ccHnuoCZ.s 			page 7


 316:Middlewares/Third_Party/LwIP/src/core/netif.c ****   for (i = 0; i < LWIP_IPV6_NUM_ADDRESSES; i++) {
 317:Middlewares/Third_Party/LwIP/src/core/netif.c ****     ip_addr_set_zero_ip6(&netif->ip6_addr[i]);
 318:Middlewares/Third_Party/LwIP/src/core/netif.c ****     netif->ip6_addr_state[i] = IP6_ADDR_INVALID;
 319:Middlewares/Third_Party/LwIP/src/core/netif.c **** #if LWIP_IPV6_ADDRESS_LIFETIMES
 320:Middlewares/Third_Party/LwIP/src/core/netif.c ****     netif->ip6_addr_valid_life[i] = IP6_ADDR_LIFE_STATIC;
 321:Middlewares/Third_Party/LwIP/src/core/netif.c ****     netif->ip6_addr_pref_life[i] = IP6_ADDR_LIFE_STATIC;
 322:Middlewares/Third_Party/LwIP/src/core/netif.c **** #endif /* LWIP_IPV6_ADDRESS_LIFETIMES */
 323:Middlewares/Third_Party/LwIP/src/core/netif.c ****   }
 324:Middlewares/Third_Party/LwIP/src/core/netif.c ****   netif->output_ip6 = netif_null_output_ip6;
 325:Middlewares/Third_Party/LwIP/src/core/netif.c **** #endif /* LWIP_IPV6 */
 326:Middlewares/Third_Party/LwIP/src/core/netif.c ****   NETIF_SET_CHECKSUM_CTRL(netif, NETIF_CHECKSUM_ENABLE_ALL);
 327:Middlewares/Third_Party/LwIP/src/core/netif.c ****   netif->mtu = 0;
 328:Middlewares/Third_Party/LwIP/src/core/netif.c ****   netif->flags = 0;
 329:Middlewares/Third_Party/LwIP/src/core/netif.c **** #ifdef netif_get_client_data
 330:Middlewares/Third_Party/LwIP/src/core/netif.c ****   memset(netif->client_data, 0, sizeof(netif->client_data));
 331:Middlewares/Third_Party/LwIP/src/core/netif.c **** #endif /* LWIP_NUM_NETIF_CLIENT_DATA */
 332:Middlewares/Third_Party/LwIP/src/core/netif.c **** #if LWIP_IPV6
 333:Middlewares/Third_Party/LwIP/src/core/netif.c **** #if LWIP_IPV6_AUTOCONFIG
 334:Middlewares/Third_Party/LwIP/src/core/netif.c ****   /* IPv6 address autoconfiguration not enabled by default */
 335:Middlewares/Third_Party/LwIP/src/core/netif.c ****   netif->ip6_autoconfig_enabled = 0;
 336:Middlewares/Third_Party/LwIP/src/core/netif.c **** #endif /* LWIP_IPV6_AUTOCONFIG */
 337:Middlewares/Third_Party/LwIP/src/core/netif.c ****   nd6_restart_netif(netif);
 338:Middlewares/Third_Party/LwIP/src/core/netif.c **** #endif /* LWIP_IPV6 */
 339:Middlewares/Third_Party/LwIP/src/core/netif.c **** #if LWIP_NETIF_STATUS_CALLBACK
 340:Middlewares/Third_Party/LwIP/src/core/netif.c ****   netif->status_callback = NULL;
 341:Middlewares/Third_Party/LwIP/src/core/netif.c **** #endif /* LWIP_NETIF_STATUS_CALLBACK */
 342:Middlewares/Third_Party/LwIP/src/core/netif.c **** #if LWIP_NETIF_LINK_CALLBACK
 343:Middlewares/Third_Party/LwIP/src/core/netif.c ****   netif->link_callback = NULL;
 344:Middlewares/Third_Party/LwIP/src/core/netif.c **** #endif /* LWIP_NETIF_LINK_CALLBACK */
 345:Middlewares/Third_Party/LwIP/src/core/netif.c **** #if LWIP_IGMP
 346:Middlewares/Third_Party/LwIP/src/core/netif.c ****   netif->igmp_mac_filter = NULL;
 347:Middlewares/Third_Party/LwIP/src/core/netif.c **** #endif /* LWIP_IGMP */
 348:Middlewares/Third_Party/LwIP/src/core/netif.c **** #if LWIP_IPV6 && LWIP_IPV6_MLD
 349:Middlewares/Third_Party/LwIP/src/core/netif.c ****   netif->mld_mac_filter = NULL;
 350:Middlewares/Third_Party/LwIP/src/core/netif.c **** #endif /* LWIP_IPV6 && LWIP_IPV6_MLD */
 351:Middlewares/Third_Party/LwIP/src/core/netif.c **** #if ENABLE_LOOPBACK
 352:Middlewares/Third_Party/LwIP/src/core/netif.c ****   netif->loop_first = NULL;
 353:Middlewares/Third_Party/LwIP/src/core/netif.c ****   netif->loop_last = NULL;
 354:Middlewares/Third_Party/LwIP/src/core/netif.c **** #endif /* ENABLE_LOOPBACK */
 355:Middlewares/Third_Party/LwIP/src/core/netif.c **** 
 356:Middlewares/Third_Party/LwIP/src/core/netif.c ****   /* remember netif specific state information data */
 357:Middlewares/Third_Party/LwIP/src/core/netif.c ****   netif->state = state;
 358:Middlewares/Third_Party/LwIP/src/core/netif.c ****   netif->num = netif_num;
 359:Middlewares/Third_Party/LwIP/src/core/netif.c ****   netif->input = input;
 360:Middlewares/Third_Party/LwIP/src/core/netif.c **** 
 361:Middlewares/Third_Party/LwIP/src/core/netif.c ****   NETIF_RESET_HINTS(netif);
 362:Middlewares/Third_Party/LwIP/src/core/netif.c **** #if ENABLE_LOOPBACK && LWIP_LOOPBACK_MAX_PBUFS
 363:Middlewares/Third_Party/LwIP/src/core/netif.c ****   netif->loop_cnt_current = 0;
 364:Middlewares/Third_Party/LwIP/src/core/netif.c **** #endif /* ENABLE_LOOPBACK && LWIP_LOOPBACK_MAX_PBUFS */
 365:Middlewares/Third_Party/LwIP/src/core/netif.c **** 
 366:Middlewares/Third_Party/LwIP/src/core/netif.c **** #if LWIP_IPV4
 367:Middlewares/Third_Party/LwIP/src/core/netif.c ****   netif_set_addr(netif, ipaddr, netmask, gw);
 368:Middlewares/Third_Party/LwIP/src/core/netif.c **** #endif /* LWIP_IPV4 */
 369:Middlewares/Third_Party/LwIP/src/core/netif.c **** 
 370:Middlewares/Third_Party/LwIP/src/core/netif.c ****   /* call user specified initialization function for netif */
 371:Middlewares/Third_Party/LwIP/src/core/netif.c ****   if (init(netif) != ERR_OK) {
 372:Middlewares/Third_Party/LwIP/src/core/netif.c ****     return NULL;
ARM GAS  /tmp/ccHnuoCZ.s 			page 8


 373:Middlewares/Third_Party/LwIP/src/core/netif.c ****   }
 374:Middlewares/Third_Party/LwIP/src/core/netif.c **** #if LWIP_IPV6 && LWIP_ND6_ALLOW_RA_UPDATES
 375:Middlewares/Third_Party/LwIP/src/core/netif.c ****   /* Initialize the MTU for IPv6 to the one set by the netif driver.
 376:Middlewares/Third_Party/LwIP/src/core/netif.c ****      This can be updated later by RA. */
 377:Middlewares/Third_Party/LwIP/src/core/netif.c ****   netif->mtu6 = netif->mtu;
 378:Middlewares/Third_Party/LwIP/src/core/netif.c **** #endif /* LWIP_IPV6 && LWIP_ND6_ALLOW_RA_UPDATES */
 379:Middlewares/Third_Party/LwIP/src/core/netif.c **** 
 380:Middlewares/Third_Party/LwIP/src/core/netif.c **** #if !LWIP_SINGLE_NETIF
 381:Middlewares/Third_Party/LwIP/src/core/netif.c ****   /* Assign a unique netif number in the range [0..254], so that (num+1) can
 382:Middlewares/Third_Party/LwIP/src/core/netif.c ****      serve as an interface index that fits in a u8_t.
 383:Middlewares/Third_Party/LwIP/src/core/netif.c ****      We assume that the new netif has not yet been added to the list here.
 384:Middlewares/Third_Party/LwIP/src/core/netif.c ****      This algorithm is O(n^2), but that should be OK for lwIP.
 385:Middlewares/Third_Party/LwIP/src/core/netif.c ****      */
 386:Middlewares/Third_Party/LwIP/src/core/netif.c ****   {
 387:Middlewares/Third_Party/LwIP/src/core/netif.c ****     struct netif *netif2;
 388:Middlewares/Third_Party/LwIP/src/core/netif.c ****     int num_netifs;
 389:Middlewares/Third_Party/LwIP/src/core/netif.c ****     do {
 390:Middlewares/Third_Party/LwIP/src/core/netif.c ****       if (netif->num == 255) {
 391:Middlewares/Third_Party/LwIP/src/core/netif.c ****         netif->num = 0;
 392:Middlewares/Third_Party/LwIP/src/core/netif.c ****       }
 393:Middlewares/Third_Party/LwIP/src/core/netif.c ****       num_netifs = 0;
 394:Middlewares/Third_Party/LwIP/src/core/netif.c ****       for (netif2 = netif_list; netif2 != NULL; netif2 = netif2->next) {
 395:Middlewares/Third_Party/LwIP/src/core/netif.c ****         LWIP_ASSERT("netif already added", netif2 != netif);
 396:Middlewares/Third_Party/LwIP/src/core/netif.c ****         num_netifs++;
 397:Middlewares/Third_Party/LwIP/src/core/netif.c ****         LWIP_ASSERT("too many netifs, max. supported number is 255", num_netifs <= 255);
 398:Middlewares/Third_Party/LwIP/src/core/netif.c ****         if (netif2->num == netif->num) {
 399:Middlewares/Third_Party/LwIP/src/core/netif.c ****           netif->num++;
 400:Middlewares/Third_Party/LwIP/src/core/netif.c ****           break;
 401:Middlewares/Third_Party/LwIP/src/core/netif.c ****         }
 402:Middlewares/Third_Party/LwIP/src/core/netif.c ****       }
 403:Middlewares/Third_Party/LwIP/src/core/netif.c ****     } while (netif2 != NULL);
 404:Middlewares/Third_Party/LwIP/src/core/netif.c ****   }
 405:Middlewares/Third_Party/LwIP/src/core/netif.c ****   if (netif->num == 254) {
 406:Middlewares/Third_Party/LwIP/src/core/netif.c ****     netif_num = 0;
 407:Middlewares/Third_Party/LwIP/src/core/netif.c ****   } else {
 408:Middlewares/Third_Party/LwIP/src/core/netif.c ****     netif_num = (u8_t)(netif->num + 1);
 409:Middlewares/Third_Party/LwIP/src/core/netif.c ****   }
 410:Middlewares/Third_Party/LwIP/src/core/netif.c **** 
 411:Middlewares/Third_Party/LwIP/src/core/netif.c ****   /* add this netif to the list */
 412:Middlewares/Third_Party/LwIP/src/core/netif.c ****   netif->next = netif_list;
 413:Middlewares/Third_Party/LwIP/src/core/netif.c ****   netif_list = netif;
 414:Middlewares/Third_Party/LwIP/src/core/netif.c **** #endif /* "LWIP_SINGLE_NETIF */
 415:Middlewares/Third_Party/LwIP/src/core/netif.c ****   mib2_netif_added(netif);
 416:Middlewares/Third_Party/LwIP/src/core/netif.c **** 
 417:Middlewares/Third_Party/LwIP/src/core/netif.c **** #if LWIP_IGMP
 418:Middlewares/Third_Party/LwIP/src/core/netif.c ****   /* start IGMP processing */
 419:Middlewares/Third_Party/LwIP/src/core/netif.c ****   if (netif->flags & NETIF_FLAG_IGMP) {
 420:Middlewares/Third_Party/LwIP/src/core/netif.c ****     igmp_start(netif);
 421:Middlewares/Third_Party/LwIP/src/core/netif.c ****   }
 422:Middlewares/Third_Party/LwIP/src/core/netif.c **** #endif /* LWIP_IGMP */
 423:Middlewares/Third_Party/LwIP/src/core/netif.c **** 
 424:Middlewares/Third_Party/LwIP/src/core/netif.c ****   LWIP_DEBUGF(NETIF_DEBUG, ("netif: added interface %c%c IP",
 425:Middlewares/Third_Party/LwIP/src/core/netif.c ****                             netif->name[0], netif->name[1]));
 426:Middlewares/Third_Party/LwIP/src/core/netif.c **** #if LWIP_IPV4
 427:Middlewares/Third_Party/LwIP/src/core/netif.c ****   LWIP_DEBUGF(NETIF_DEBUG, (" addr "));
 428:Middlewares/Third_Party/LwIP/src/core/netif.c ****   ip4_addr_debug_print(NETIF_DEBUG, ipaddr);
 429:Middlewares/Third_Party/LwIP/src/core/netif.c ****   LWIP_DEBUGF(NETIF_DEBUG, (" netmask "));
ARM GAS  /tmp/ccHnuoCZ.s 			page 9


 430:Middlewares/Third_Party/LwIP/src/core/netif.c ****   ip4_addr_debug_print(NETIF_DEBUG, netmask);
 431:Middlewares/Third_Party/LwIP/src/core/netif.c ****   LWIP_DEBUGF(NETIF_DEBUG, (" gw "));
 432:Middlewares/Third_Party/LwIP/src/core/netif.c ****   ip4_addr_debug_print(NETIF_DEBUG, gw);
 433:Middlewares/Third_Party/LwIP/src/core/netif.c **** #endif /* LWIP_IPV4 */
 434:Middlewares/Third_Party/LwIP/src/core/netif.c ****   LWIP_DEBUGF(NETIF_DEBUG, ("\n"));
 435:Middlewares/Third_Party/LwIP/src/core/netif.c **** 
 436:Middlewares/Third_Party/LwIP/src/core/netif.c ****   netif_invoke_ext_callback(netif, LWIP_NSC_NETIF_ADDED, NULL);
 437:Middlewares/Third_Party/LwIP/src/core/netif.c **** 
 438:Middlewares/Third_Party/LwIP/src/core/netif.c ****   return netif;
 439:Middlewares/Third_Party/LwIP/src/core/netif.c **** }
 440:Middlewares/Third_Party/LwIP/src/core/netif.c **** 
 441:Middlewares/Third_Party/LwIP/src/core/netif.c **** static void
 442:Middlewares/Third_Party/LwIP/src/core/netif.c **** netif_do_ip_addr_changed(const ip_addr_t *old_addr, const ip_addr_t *new_addr)
 443:Middlewares/Third_Party/LwIP/src/core/netif.c **** {
 444:Middlewares/Third_Party/LwIP/src/core/netif.c **** #if LWIP_TCP
 445:Middlewares/Third_Party/LwIP/src/core/netif.c ****   tcp_netif_ip_addr_changed(old_addr, new_addr);
 446:Middlewares/Third_Party/LwIP/src/core/netif.c **** #endif /* LWIP_TCP */
 447:Middlewares/Third_Party/LwIP/src/core/netif.c **** #if LWIP_UDP
 448:Middlewares/Third_Party/LwIP/src/core/netif.c ****   udp_netif_ip_addr_changed(old_addr, new_addr);
 449:Middlewares/Third_Party/LwIP/src/core/netif.c **** #endif /* LWIP_UDP */
 450:Middlewares/Third_Party/LwIP/src/core/netif.c **** #if LWIP_RAW
 451:Middlewares/Third_Party/LwIP/src/core/netif.c ****   raw_netif_ip_addr_changed(old_addr, new_addr);
 452:Middlewares/Third_Party/LwIP/src/core/netif.c **** #endif /* LWIP_RAW */
 453:Middlewares/Third_Party/LwIP/src/core/netif.c **** }
 454:Middlewares/Third_Party/LwIP/src/core/netif.c **** 
 455:Middlewares/Third_Party/LwIP/src/core/netif.c **** #if LWIP_IPV4
 456:Middlewares/Third_Party/LwIP/src/core/netif.c **** static int
 457:Middlewares/Third_Party/LwIP/src/core/netif.c **** netif_do_set_ipaddr(struct netif *netif, const ip4_addr_t *ipaddr, ip_addr_t *old_addr)
 458:Middlewares/Third_Party/LwIP/src/core/netif.c **** {
 459:Middlewares/Third_Party/LwIP/src/core/netif.c ****   LWIP_ASSERT("invalid pointer", ipaddr != NULL);
 460:Middlewares/Third_Party/LwIP/src/core/netif.c ****   LWIP_ASSERT("invalid pointer", old_addr != NULL);
 461:Middlewares/Third_Party/LwIP/src/core/netif.c **** 
 462:Middlewares/Third_Party/LwIP/src/core/netif.c ****   /* address is actually being changed? */
 463:Middlewares/Third_Party/LwIP/src/core/netif.c ****   if (ip4_addr_cmp(ipaddr, netif_ip4_addr(netif)) == 0) {
 464:Middlewares/Third_Party/LwIP/src/core/netif.c ****     ip_addr_t new_addr;
 465:Middlewares/Third_Party/LwIP/src/core/netif.c ****     *ip_2_ip4(&new_addr) = *ipaddr;
 466:Middlewares/Third_Party/LwIP/src/core/netif.c ****     IP_SET_TYPE_VAL(new_addr, IPADDR_TYPE_V4);
 467:Middlewares/Third_Party/LwIP/src/core/netif.c **** 
 468:Middlewares/Third_Party/LwIP/src/core/netif.c ****     ip_addr_copy(*old_addr, *netif_ip_addr4(netif));
 469:Middlewares/Third_Party/LwIP/src/core/netif.c **** 
 470:Middlewares/Third_Party/LwIP/src/core/netif.c ****     LWIP_DEBUGF(NETIF_DEBUG | LWIP_DBG_STATE, ("netif_set_ipaddr: netif address being changed\n"));
 471:Middlewares/Third_Party/LwIP/src/core/netif.c ****     netif_do_ip_addr_changed(old_addr, &new_addr);
 472:Middlewares/Third_Party/LwIP/src/core/netif.c **** 
 473:Middlewares/Third_Party/LwIP/src/core/netif.c ****     mib2_remove_ip4(netif);
 474:Middlewares/Third_Party/LwIP/src/core/netif.c ****     mib2_remove_route_ip4(0, netif);
 475:Middlewares/Third_Party/LwIP/src/core/netif.c ****     /* set new IP address to netif */
 476:Middlewares/Third_Party/LwIP/src/core/netif.c ****     ip4_addr_set(ip_2_ip4(&netif->ip_addr), ipaddr);
 477:Middlewares/Third_Party/LwIP/src/core/netif.c ****     IP_SET_TYPE_VAL(netif->ip_addr, IPADDR_TYPE_V4);
 478:Middlewares/Third_Party/LwIP/src/core/netif.c ****     mib2_add_ip4(netif);
 479:Middlewares/Third_Party/LwIP/src/core/netif.c ****     mib2_add_route_ip4(0, netif);
 480:Middlewares/Third_Party/LwIP/src/core/netif.c **** 
 481:Middlewares/Third_Party/LwIP/src/core/netif.c ****     netif_issue_reports(netif, NETIF_REPORT_TYPE_IPV4);
 482:Middlewares/Third_Party/LwIP/src/core/netif.c **** 
 483:Middlewares/Third_Party/LwIP/src/core/netif.c ****     NETIF_STATUS_CALLBACK(netif);
 484:Middlewares/Third_Party/LwIP/src/core/netif.c ****     return 1; /* address changed */
 485:Middlewares/Third_Party/LwIP/src/core/netif.c ****   }
 486:Middlewares/Third_Party/LwIP/src/core/netif.c ****   return 0; /* address unchanged */
ARM GAS  /tmp/ccHnuoCZ.s 			page 10


 487:Middlewares/Third_Party/LwIP/src/core/netif.c **** }
 488:Middlewares/Third_Party/LwIP/src/core/netif.c **** 
 489:Middlewares/Third_Party/LwIP/src/core/netif.c **** /**
 490:Middlewares/Third_Party/LwIP/src/core/netif.c ****  * @ingroup netif_ip4
 491:Middlewares/Third_Party/LwIP/src/core/netif.c ****  * Change the IP address of a network interface
 492:Middlewares/Third_Party/LwIP/src/core/netif.c ****  *
 493:Middlewares/Third_Party/LwIP/src/core/netif.c ****  * @param netif the network interface to change
 494:Middlewares/Third_Party/LwIP/src/core/netif.c ****  * @param ipaddr the new IP address
 495:Middlewares/Third_Party/LwIP/src/core/netif.c ****  *
 496:Middlewares/Third_Party/LwIP/src/core/netif.c ****  * @note call netif_set_addr() if you also want to change netmask and
 497:Middlewares/Third_Party/LwIP/src/core/netif.c ****  * default gateway
 498:Middlewares/Third_Party/LwIP/src/core/netif.c ****  */
 499:Middlewares/Third_Party/LwIP/src/core/netif.c **** void
 500:Middlewares/Third_Party/LwIP/src/core/netif.c **** netif_set_ipaddr(struct netif *netif, const ip4_addr_t *ipaddr)
 501:Middlewares/Third_Party/LwIP/src/core/netif.c **** {
 502:Middlewares/Third_Party/LwIP/src/core/netif.c ****   ip_addr_t old_addr;
 503:Middlewares/Third_Party/LwIP/src/core/netif.c **** 
 504:Middlewares/Third_Party/LwIP/src/core/netif.c ****   LWIP_ERROR("netif_set_ipaddr: invalid netif", netif != NULL, return);
 505:Middlewares/Third_Party/LwIP/src/core/netif.c **** 
 506:Middlewares/Third_Party/LwIP/src/core/netif.c ****   /* Don't propagate NULL pointer (IPv4 ANY) to subsequent functions */
 507:Middlewares/Third_Party/LwIP/src/core/netif.c ****   if (ipaddr == NULL) {
 508:Middlewares/Third_Party/LwIP/src/core/netif.c ****     ipaddr = IP4_ADDR_ANY4;
 509:Middlewares/Third_Party/LwIP/src/core/netif.c ****   }
 510:Middlewares/Third_Party/LwIP/src/core/netif.c **** 
 511:Middlewares/Third_Party/LwIP/src/core/netif.c ****   LWIP_ASSERT_CORE_LOCKED();
 512:Middlewares/Third_Party/LwIP/src/core/netif.c **** 
 513:Middlewares/Third_Party/LwIP/src/core/netif.c ****   if (netif_do_set_ipaddr(netif, ipaddr, &old_addr)) {
 514:Middlewares/Third_Party/LwIP/src/core/netif.c **** #if LWIP_NETIF_EXT_STATUS_CALLBACK
 515:Middlewares/Third_Party/LwIP/src/core/netif.c ****     netif_ext_callback_args_t args;
 516:Middlewares/Third_Party/LwIP/src/core/netif.c ****     args.ipv4_changed.old_address = &old_addr;
 517:Middlewares/Third_Party/LwIP/src/core/netif.c ****     netif_invoke_ext_callback(netif, LWIP_NSC_IPV4_ADDRESS_CHANGED, &args);
 518:Middlewares/Third_Party/LwIP/src/core/netif.c **** #endif
 519:Middlewares/Third_Party/LwIP/src/core/netif.c ****   }
 520:Middlewares/Third_Party/LwIP/src/core/netif.c **** }
 521:Middlewares/Third_Party/LwIP/src/core/netif.c **** 
 522:Middlewares/Third_Party/LwIP/src/core/netif.c **** static int
 523:Middlewares/Third_Party/LwIP/src/core/netif.c **** netif_do_set_netmask(struct netif *netif, const ip4_addr_t *netmask, ip_addr_t *old_nm)
 524:Middlewares/Third_Party/LwIP/src/core/netif.c **** {
  29              		.loc 1 524 1 view -0
  30              		.cfi_startproc
  31              		@ args = 0, pretend = 0, frame = 0
  32              		@ frame_needed = 0, uses_anonymous_args = 0
  33              		@ link register save eliminated.
 525:Middlewares/Third_Party/LwIP/src/core/netif.c ****   /* address is actually being changed? */
 526:Middlewares/Third_Party/LwIP/src/core/netif.c ****   if (ip4_addr_cmp(netmask, netif_ip4_netmask(netif)) == 0) {
  34              		.loc 1 526 3 view .LVU1
  35              		.loc 1 526 7 is_stmt 0 view .LVU2
  36 0000 0B68     		ldr	r3, [r1]
  37 0002 8268     		ldr	r2, [r0, #8]
  38              	.LVL1:
  39              		.loc 1 526 6 view .LVU3
  40 0004 9342     		cmp	r3, r2
  41 0006 05D0     		beq	.L4
 527:Middlewares/Third_Party/LwIP/src/core/netif.c **** #if LWIP_NETIF_EXT_STATUS_CALLBACK
 528:Middlewares/Third_Party/LwIP/src/core/netif.c ****     LWIP_ASSERT("invalid pointer", old_nm != NULL);
 529:Middlewares/Third_Party/LwIP/src/core/netif.c ****     ip_addr_copy(*old_nm, *netif_ip_netmask4(netif));
 530:Middlewares/Third_Party/LwIP/src/core/netif.c **** #else
ARM GAS  /tmp/ccHnuoCZ.s 			page 11


 531:Middlewares/Third_Party/LwIP/src/core/netif.c ****     LWIP_UNUSED_ARG(old_nm);
  42              		.loc 1 531 5 is_stmt 1 view .LVU4
 532:Middlewares/Third_Party/LwIP/src/core/netif.c **** #endif
 533:Middlewares/Third_Party/LwIP/src/core/netif.c ****     mib2_remove_route_ip4(0, netif);
  43              		.loc 1 533 36 view .LVU5
 534:Middlewares/Third_Party/LwIP/src/core/netif.c ****     /* set new netmask to netif */
 535:Middlewares/Third_Party/LwIP/src/core/netif.c ****     ip4_addr_set(ip_2_ip4(&netif->netmask), netmask);
  44              		.loc 1 535 5 view .LVU6
  45 0008 11B1     		cbz	r1, .L5
  46              	.L3:
  47              		.loc 1 535 5 is_stmt 0 discriminator 4 view .LVU7
  48 000a 8360     		str	r3, [r0, #8]
 536:Middlewares/Third_Party/LwIP/src/core/netif.c ****     IP_SET_TYPE_VAL(netif->netmask, IPADDR_TYPE_V4);
  49              		.loc 1 536 52 is_stmt 1 discriminator 4 view .LVU8
 537:Middlewares/Third_Party/LwIP/src/core/netif.c ****     mib2_add_route_ip4(0, netif);
  50              		.loc 1 537 33 discriminator 4 view .LVU9
 538:Middlewares/Third_Party/LwIP/src/core/netif.c ****     LWIP_DEBUGF(NETIF_DEBUG | LWIP_DBG_TRACE | LWIP_DBG_STATE, ("netif: netmask of interface %c%c s
  51              		.loc 1 538 5 discriminator 4 view .LVU10
  52              		.loc 1 538 5 discriminator 4 view .LVU11
  53              		.loc 1 538 5 discriminator 4 view .LVU12
 539:Middlewares/Third_Party/LwIP/src/core/netif.c ****                 netif->name[0], netif->name[1],
 540:Middlewares/Third_Party/LwIP/src/core/netif.c ****                 ip4_addr1_16(netif_ip4_netmask(netif)),
 541:Middlewares/Third_Party/LwIP/src/core/netif.c ****                 ip4_addr2_16(netif_ip4_netmask(netif)),
 542:Middlewares/Third_Party/LwIP/src/core/netif.c ****                 ip4_addr3_16(netif_ip4_netmask(netif)),
 543:Middlewares/Third_Party/LwIP/src/core/netif.c ****                 ip4_addr4_16(netif_ip4_netmask(netif))));
 544:Middlewares/Third_Party/LwIP/src/core/netif.c ****     return 1; /* netmask changed */
  54              		.loc 1 544 5 discriminator 4 view .LVU13
  55              		.loc 1 544 12 is_stmt 0 discriminator 4 view .LVU14
  56 000c 0120     		movs	r0, #1
  57              	.LVL2:
  58              		.loc 1 544 12 discriminator 4 view .LVU15
  59 000e 7047     		bx	lr
  60              	.LVL3:
  61              	.L5:
 535:Middlewares/Third_Party/LwIP/src/core/netif.c ****     IP_SET_TYPE_VAL(netif->netmask, IPADDR_TYPE_V4);
  62              		.loc 1 535 5 view .LVU16
  63 0010 0023     		movs	r3, #0
  64 0012 FAE7     		b	.L3
  65              	.L4:
 545:Middlewares/Third_Party/LwIP/src/core/netif.c ****   }
 546:Middlewares/Third_Party/LwIP/src/core/netif.c ****   return 0; /* netmask unchanged */
  66              		.loc 1 546 10 view .LVU17
  67 0014 0020     		movs	r0, #0
  68              	.LVL4:
 547:Middlewares/Third_Party/LwIP/src/core/netif.c **** }
  69              		.loc 1 547 1 view .LVU18
  70 0016 7047     		bx	lr
  71              		.cfi_endproc
  72              	.LFE166:
  74              		.section	.text.netif_do_set_gw,"ax",%progbits
  75              		.align	1
  76              		.syntax unified
  77              		.thumb
  78              		.thumb_func
  79              		.fpu fpv4-sp-d16
  81              	netif_do_set_gw:
  82              	.LVL5:
ARM GAS  /tmp/ccHnuoCZ.s 			page 12


  83              	.LFB168:
 548:Middlewares/Third_Party/LwIP/src/core/netif.c **** 
 549:Middlewares/Third_Party/LwIP/src/core/netif.c **** /**
 550:Middlewares/Third_Party/LwIP/src/core/netif.c ****  * @ingroup netif_ip4
 551:Middlewares/Third_Party/LwIP/src/core/netif.c ****  * Change the netmask of a network interface
 552:Middlewares/Third_Party/LwIP/src/core/netif.c ****  *
 553:Middlewares/Third_Party/LwIP/src/core/netif.c ****  * @param netif the network interface to change
 554:Middlewares/Third_Party/LwIP/src/core/netif.c ****  * @param netmask the new netmask
 555:Middlewares/Third_Party/LwIP/src/core/netif.c ****  *
 556:Middlewares/Third_Party/LwIP/src/core/netif.c ****  * @note call netif_set_addr() if you also want to change ip address and
 557:Middlewares/Third_Party/LwIP/src/core/netif.c ****  * default gateway
 558:Middlewares/Third_Party/LwIP/src/core/netif.c ****  */
 559:Middlewares/Third_Party/LwIP/src/core/netif.c **** void
 560:Middlewares/Third_Party/LwIP/src/core/netif.c **** netif_set_netmask(struct netif *netif, const ip4_addr_t *netmask)
 561:Middlewares/Third_Party/LwIP/src/core/netif.c **** {
 562:Middlewares/Third_Party/LwIP/src/core/netif.c **** #if LWIP_NETIF_EXT_STATUS_CALLBACK
 563:Middlewares/Third_Party/LwIP/src/core/netif.c ****   ip_addr_t old_nm_val;
 564:Middlewares/Third_Party/LwIP/src/core/netif.c ****   ip_addr_t *old_nm = &old_nm_val;
 565:Middlewares/Third_Party/LwIP/src/core/netif.c **** #else
 566:Middlewares/Third_Party/LwIP/src/core/netif.c ****   ip_addr_t *old_nm = NULL;
 567:Middlewares/Third_Party/LwIP/src/core/netif.c **** #endif
 568:Middlewares/Third_Party/LwIP/src/core/netif.c ****   LWIP_ASSERT_CORE_LOCKED();
 569:Middlewares/Third_Party/LwIP/src/core/netif.c **** 
 570:Middlewares/Third_Party/LwIP/src/core/netif.c ****   LWIP_ERROR("netif_set_netmask: invalid netif", netif != NULL, return);
 571:Middlewares/Third_Party/LwIP/src/core/netif.c **** 
 572:Middlewares/Third_Party/LwIP/src/core/netif.c ****   /* Don't propagate NULL pointer (IPv4 ANY) to subsequent functions */
 573:Middlewares/Third_Party/LwIP/src/core/netif.c ****   if (netmask == NULL) {
 574:Middlewares/Third_Party/LwIP/src/core/netif.c ****     netmask = IP4_ADDR_ANY4;
 575:Middlewares/Third_Party/LwIP/src/core/netif.c ****   }
 576:Middlewares/Third_Party/LwIP/src/core/netif.c **** 
 577:Middlewares/Third_Party/LwIP/src/core/netif.c ****   if (netif_do_set_netmask(netif, netmask, old_nm)) {
 578:Middlewares/Third_Party/LwIP/src/core/netif.c **** #if LWIP_NETIF_EXT_STATUS_CALLBACK
 579:Middlewares/Third_Party/LwIP/src/core/netif.c ****     netif_ext_callback_args_t args;
 580:Middlewares/Third_Party/LwIP/src/core/netif.c ****     args.ipv4_changed.old_netmask = old_nm;
 581:Middlewares/Third_Party/LwIP/src/core/netif.c ****     netif_invoke_ext_callback(netif, LWIP_NSC_IPV4_NETMASK_CHANGED, &args);
 582:Middlewares/Third_Party/LwIP/src/core/netif.c **** #endif
 583:Middlewares/Third_Party/LwIP/src/core/netif.c ****   }
 584:Middlewares/Third_Party/LwIP/src/core/netif.c **** }
 585:Middlewares/Third_Party/LwIP/src/core/netif.c **** 
 586:Middlewares/Third_Party/LwIP/src/core/netif.c **** static int
 587:Middlewares/Third_Party/LwIP/src/core/netif.c **** netif_do_set_gw(struct netif *netif, const ip4_addr_t *gw, ip_addr_t *old_gw)
 588:Middlewares/Third_Party/LwIP/src/core/netif.c **** {
  84              		.loc 1 588 1 is_stmt 1 view -0
  85              		.cfi_startproc
  86              		@ args = 0, pretend = 0, frame = 0
  87              		@ frame_needed = 0, uses_anonymous_args = 0
  88              		@ link register save eliminated.
 589:Middlewares/Third_Party/LwIP/src/core/netif.c ****   /* address is actually being changed? */
 590:Middlewares/Third_Party/LwIP/src/core/netif.c ****   if (ip4_addr_cmp(gw, netif_ip4_gw(netif)) == 0) {
  89              		.loc 1 590 3 view .LVU20
  90              		.loc 1 590 7 is_stmt 0 view .LVU21
  91 0000 0B68     		ldr	r3, [r1]
  92 0002 C268     		ldr	r2, [r0, #12]
  93              	.LVL6:
  94              		.loc 1 590 6 view .LVU22
  95 0004 9342     		cmp	r3, r2
  96 0006 05D0     		beq	.L9
ARM GAS  /tmp/ccHnuoCZ.s 			page 13


 591:Middlewares/Third_Party/LwIP/src/core/netif.c **** #if LWIP_NETIF_EXT_STATUS_CALLBACK
 592:Middlewares/Third_Party/LwIP/src/core/netif.c ****     LWIP_ASSERT("invalid pointer", old_gw != NULL);
 593:Middlewares/Third_Party/LwIP/src/core/netif.c ****     ip_addr_copy(*old_gw, *netif_ip_gw4(netif));
 594:Middlewares/Third_Party/LwIP/src/core/netif.c **** #else
 595:Middlewares/Third_Party/LwIP/src/core/netif.c ****     LWIP_UNUSED_ARG(old_gw);
  97              		.loc 1 595 5 is_stmt 1 view .LVU23
 596:Middlewares/Third_Party/LwIP/src/core/netif.c **** #endif
 597:Middlewares/Third_Party/LwIP/src/core/netif.c **** 
 598:Middlewares/Third_Party/LwIP/src/core/netif.c ****     ip4_addr_set(ip_2_ip4(&netif->gw), gw);
  98              		.loc 1 598 5 view .LVU24
  99 0008 11B1     		cbz	r1, .L10
 100              	.L8:
 101              		.loc 1 598 5 is_stmt 0 discriminator 4 view .LVU25
 102 000a C360     		str	r3, [r0, #12]
 599:Middlewares/Third_Party/LwIP/src/core/netif.c ****     IP_SET_TYPE_VAL(netif->gw, IPADDR_TYPE_V4);
 103              		.loc 1 599 47 is_stmt 1 discriminator 4 view .LVU26
 600:Middlewares/Third_Party/LwIP/src/core/netif.c ****     LWIP_DEBUGF(NETIF_DEBUG | LWIP_DBG_TRACE | LWIP_DBG_STATE, ("netif: GW address of interface %c%
 104              		.loc 1 600 5 discriminator 4 view .LVU27
 105              		.loc 1 600 5 discriminator 4 view .LVU28
 106              		.loc 1 600 5 discriminator 4 view .LVU29
 601:Middlewares/Third_Party/LwIP/src/core/netif.c ****                 netif->name[0], netif->name[1],
 602:Middlewares/Third_Party/LwIP/src/core/netif.c ****                 ip4_addr1_16(netif_ip4_gw(netif)),
 603:Middlewares/Third_Party/LwIP/src/core/netif.c ****                 ip4_addr2_16(netif_ip4_gw(netif)),
 604:Middlewares/Third_Party/LwIP/src/core/netif.c ****                 ip4_addr3_16(netif_ip4_gw(netif)),
 605:Middlewares/Third_Party/LwIP/src/core/netif.c ****                 ip4_addr4_16(netif_ip4_gw(netif))));
 606:Middlewares/Third_Party/LwIP/src/core/netif.c ****     return 1; /* gateway changed */
 107              		.loc 1 606 5 discriminator 4 view .LVU30
 108              		.loc 1 606 12 is_stmt 0 discriminator 4 view .LVU31
 109 000c 0120     		movs	r0, #1
 110              	.LVL7:
 111              		.loc 1 606 12 discriminator 4 view .LVU32
 112 000e 7047     		bx	lr
 113              	.LVL8:
 114              	.L10:
 598:Middlewares/Third_Party/LwIP/src/core/netif.c ****     IP_SET_TYPE_VAL(netif->gw, IPADDR_TYPE_V4);
 115              		.loc 1 598 5 view .LVU33
 116 0010 0023     		movs	r3, #0
 117 0012 FAE7     		b	.L8
 118              	.L9:
 607:Middlewares/Third_Party/LwIP/src/core/netif.c ****   }
 608:Middlewares/Third_Party/LwIP/src/core/netif.c ****   return 0; /* gateway unchanged */
 119              		.loc 1 608 10 view .LVU34
 120 0014 0020     		movs	r0, #0
 121              	.LVL9:
 609:Middlewares/Third_Party/LwIP/src/core/netif.c **** }
 122              		.loc 1 609 1 view .LVU35
 123 0016 7047     		bx	lr
 124              		.cfi_endproc
 125              	.LFE168:
 127              		.section	.text.netif_null_output_ip4,"ax",%progbits
 128              		.align	1
 129              		.syntax unified
 130              		.thumb
 131              		.thumb_func
 132              		.fpu fpv4-sp-d16
 134              	netif_null_output_ip4:
 135              	.LVL10:
ARM GAS  /tmp/ccHnuoCZ.s 			page 14


 136              	.LFB180:
 610:Middlewares/Third_Party/LwIP/src/core/netif.c **** 
 611:Middlewares/Third_Party/LwIP/src/core/netif.c **** /**
 612:Middlewares/Third_Party/LwIP/src/core/netif.c ****  * @ingroup netif_ip4
 613:Middlewares/Third_Party/LwIP/src/core/netif.c ****  * Change the default gateway for a network interface
 614:Middlewares/Third_Party/LwIP/src/core/netif.c ****  *
 615:Middlewares/Third_Party/LwIP/src/core/netif.c ****  * @param netif the network interface to change
 616:Middlewares/Third_Party/LwIP/src/core/netif.c ****  * @param gw the new default gateway
 617:Middlewares/Third_Party/LwIP/src/core/netif.c ****  *
 618:Middlewares/Third_Party/LwIP/src/core/netif.c ****  * @note call netif_set_addr() if you also want to change ip address and netmask
 619:Middlewares/Third_Party/LwIP/src/core/netif.c ****  */
 620:Middlewares/Third_Party/LwIP/src/core/netif.c **** void
 621:Middlewares/Third_Party/LwIP/src/core/netif.c **** netif_set_gw(struct netif *netif, const ip4_addr_t *gw)
 622:Middlewares/Third_Party/LwIP/src/core/netif.c **** {
 623:Middlewares/Third_Party/LwIP/src/core/netif.c **** #if LWIP_NETIF_EXT_STATUS_CALLBACK
 624:Middlewares/Third_Party/LwIP/src/core/netif.c ****   ip_addr_t old_gw_val;
 625:Middlewares/Third_Party/LwIP/src/core/netif.c ****   ip_addr_t *old_gw = &old_gw_val;
 626:Middlewares/Third_Party/LwIP/src/core/netif.c **** #else
 627:Middlewares/Third_Party/LwIP/src/core/netif.c ****   ip_addr_t *old_gw = NULL;
 628:Middlewares/Third_Party/LwIP/src/core/netif.c **** #endif
 629:Middlewares/Third_Party/LwIP/src/core/netif.c ****   LWIP_ASSERT_CORE_LOCKED();
 630:Middlewares/Third_Party/LwIP/src/core/netif.c **** 
 631:Middlewares/Third_Party/LwIP/src/core/netif.c ****   LWIP_ERROR("netif_set_gw: invalid netif", netif != NULL, return);
 632:Middlewares/Third_Party/LwIP/src/core/netif.c **** 
 633:Middlewares/Third_Party/LwIP/src/core/netif.c ****   /* Don't propagate NULL pointer (IPv4 ANY) to subsequent functions */
 634:Middlewares/Third_Party/LwIP/src/core/netif.c ****   if (gw == NULL) {
 635:Middlewares/Third_Party/LwIP/src/core/netif.c ****     gw = IP4_ADDR_ANY4;
 636:Middlewares/Third_Party/LwIP/src/core/netif.c ****   }
 637:Middlewares/Third_Party/LwIP/src/core/netif.c **** 
 638:Middlewares/Third_Party/LwIP/src/core/netif.c ****   if (netif_do_set_gw(netif, gw, old_gw)) {
 639:Middlewares/Third_Party/LwIP/src/core/netif.c **** #if LWIP_NETIF_EXT_STATUS_CALLBACK
 640:Middlewares/Third_Party/LwIP/src/core/netif.c ****     netif_ext_callback_args_t args;
 641:Middlewares/Third_Party/LwIP/src/core/netif.c ****     args.ipv4_changed.old_gw = old_gw;
 642:Middlewares/Third_Party/LwIP/src/core/netif.c ****     netif_invoke_ext_callback(netif, LWIP_NSC_IPV4_GATEWAY_CHANGED, &args);
 643:Middlewares/Third_Party/LwIP/src/core/netif.c **** #endif
 644:Middlewares/Third_Party/LwIP/src/core/netif.c ****   }
 645:Middlewares/Third_Party/LwIP/src/core/netif.c **** }
 646:Middlewares/Third_Party/LwIP/src/core/netif.c **** 
 647:Middlewares/Third_Party/LwIP/src/core/netif.c **** /**
 648:Middlewares/Third_Party/LwIP/src/core/netif.c ****  * @ingroup netif_ip4
 649:Middlewares/Third_Party/LwIP/src/core/netif.c ****  * Change IP address configuration for a network interface (including netmask
 650:Middlewares/Third_Party/LwIP/src/core/netif.c ****  * and default gateway).
 651:Middlewares/Third_Party/LwIP/src/core/netif.c ****  *
 652:Middlewares/Third_Party/LwIP/src/core/netif.c ****  * @param netif the network interface to change
 653:Middlewares/Third_Party/LwIP/src/core/netif.c ****  * @param ipaddr the new IP address
 654:Middlewares/Third_Party/LwIP/src/core/netif.c ****  * @param netmask the new netmask
 655:Middlewares/Third_Party/LwIP/src/core/netif.c ****  * @param gw the new default gateway
 656:Middlewares/Third_Party/LwIP/src/core/netif.c ****  */
 657:Middlewares/Third_Party/LwIP/src/core/netif.c **** void
 658:Middlewares/Third_Party/LwIP/src/core/netif.c **** netif_set_addr(struct netif *netif, const ip4_addr_t *ipaddr, const ip4_addr_t *netmask,
 659:Middlewares/Third_Party/LwIP/src/core/netif.c ****                const ip4_addr_t *gw)
 660:Middlewares/Third_Party/LwIP/src/core/netif.c **** {
 661:Middlewares/Third_Party/LwIP/src/core/netif.c **** #if LWIP_NETIF_EXT_STATUS_CALLBACK
 662:Middlewares/Third_Party/LwIP/src/core/netif.c ****   netif_nsc_reason_t change_reason = LWIP_NSC_NONE;
 663:Middlewares/Third_Party/LwIP/src/core/netif.c ****   netif_ext_callback_args_t cb_args;
 664:Middlewares/Third_Party/LwIP/src/core/netif.c ****   ip_addr_t old_nm_val;
 665:Middlewares/Third_Party/LwIP/src/core/netif.c ****   ip_addr_t old_gw_val;
ARM GAS  /tmp/ccHnuoCZ.s 			page 15


 666:Middlewares/Third_Party/LwIP/src/core/netif.c ****   ip_addr_t *old_nm = &old_nm_val;
 667:Middlewares/Third_Party/LwIP/src/core/netif.c ****   ip_addr_t *old_gw = &old_gw_val;
 668:Middlewares/Third_Party/LwIP/src/core/netif.c **** #else
 669:Middlewares/Third_Party/LwIP/src/core/netif.c ****   ip_addr_t *old_nm = NULL;
 670:Middlewares/Third_Party/LwIP/src/core/netif.c ****   ip_addr_t *old_gw = NULL;
 671:Middlewares/Third_Party/LwIP/src/core/netif.c **** #endif
 672:Middlewares/Third_Party/LwIP/src/core/netif.c ****   ip_addr_t old_addr;
 673:Middlewares/Third_Party/LwIP/src/core/netif.c ****   int remove;
 674:Middlewares/Third_Party/LwIP/src/core/netif.c **** 
 675:Middlewares/Third_Party/LwIP/src/core/netif.c ****   LWIP_ASSERT_CORE_LOCKED();
 676:Middlewares/Third_Party/LwIP/src/core/netif.c **** 
 677:Middlewares/Third_Party/LwIP/src/core/netif.c ****   /* Don't propagate NULL pointer (IPv4 ANY) to subsequent functions */
 678:Middlewares/Third_Party/LwIP/src/core/netif.c ****   if (ipaddr == NULL) {
 679:Middlewares/Third_Party/LwIP/src/core/netif.c ****     ipaddr = IP4_ADDR_ANY4;
 680:Middlewares/Third_Party/LwIP/src/core/netif.c ****   }
 681:Middlewares/Third_Party/LwIP/src/core/netif.c ****   if (netmask == NULL) {
 682:Middlewares/Third_Party/LwIP/src/core/netif.c ****     netmask = IP4_ADDR_ANY4;
 683:Middlewares/Third_Party/LwIP/src/core/netif.c ****   }
 684:Middlewares/Third_Party/LwIP/src/core/netif.c ****   if (gw == NULL) {
 685:Middlewares/Third_Party/LwIP/src/core/netif.c ****     gw = IP4_ADDR_ANY4;
 686:Middlewares/Third_Party/LwIP/src/core/netif.c ****   }
 687:Middlewares/Third_Party/LwIP/src/core/netif.c **** 
 688:Middlewares/Third_Party/LwIP/src/core/netif.c ****   remove = ip4_addr_isany(ipaddr);
 689:Middlewares/Third_Party/LwIP/src/core/netif.c ****   if (remove) {
 690:Middlewares/Third_Party/LwIP/src/core/netif.c ****     /* when removing an address, we have to remove it *before* changing netmask/gw
 691:Middlewares/Third_Party/LwIP/src/core/netif.c ****        to ensure that tcp RST segment can be sent correctly */
 692:Middlewares/Third_Party/LwIP/src/core/netif.c ****     if (netif_do_set_ipaddr(netif, ipaddr, &old_addr)) {
 693:Middlewares/Third_Party/LwIP/src/core/netif.c **** #if LWIP_NETIF_EXT_STATUS_CALLBACK
 694:Middlewares/Third_Party/LwIP/src/core/netif.c ****       change_reason |= LWIP_NSC_IPV4_ADDRESS_CHANGED;
 695:Middlewares/Third_Party/LwIP/src/core/netif.c ****       cb_args.ipv4_changed.old_address = &old_addr;
 696:Middlewares/Third_Party/LwIP/src/core/netif.c **** #endif
 697:Middlewares/Third_Party/LwIP/src/core/netif.c ****     }
 698:Middlewares/Third_Party/LwIP/src/core/netif.c ****   }
 699:Middlewares/Third_Party/LwIP/src/core/netif.c ****   if (netif_do_set_netmask(netif, netmask, old_nm)) {
 700:Middlewares/Third_Party/LwIP/src/core/netif.c **** #if LWIP_NETIF_EXT_STATUS_CALLBACK
 701:Middlewares/Third_Party/LwIP/src/core/netif.c ****     change_reason |= LWIP_NSC_IPV4_NETMASK_CHANGED;
 702:Middlewares/Third_Party/LwIP/src/core/netif.c ****     cb_args.ipv4_changed.old_netmask = old_nm;
 703:Middlewares/Third_Party/LwIP/src/core/netif.c **** #endif
 704:Middlewares/Third_Party/LwIP/src/core/netif.c ****   }
 705:Middlewares/Third_Party/LwIP/src/core/netif.c ****   if (netif_do_set_gw(netif, gw, old_gw)) {
 706:Middlewares/Third_Party/LwIP/src/core/netif.c **** #if LWIP_NETIF_EXT_STATUS_CALLBACK
 707:Middlewares/Third_Party/LwIP/src/core/netif.c ****     change_reason |= LWIP_NSC_IPV4_GATEWAY_CHANGED;
 708:Middlewares/Third_Party/LwIP/src/core/netif.c ****     cb_args.ipv4_changed.old_gw = old_gw;
 709:Middlewares/Third_Party/LwIP/src/core/netif.c **** #endif
 710:Middlewares/Third_Party/LwIP/src/core/netif.c ****   }
 711:Middlewares/Third_Party/LwIP/src/core/netif.c ****   if (!remove) {
 712:Middlewares/Third_Party/LwIP/src/core/netif.c ****     /* set ipaddr last to ensure netmask/gw have been set when status callback is called */
 713:Middlewares/Third_Party/LwIP/src/core/netif.c ****     if (netif_do_set_ipaddr(netif, ipaddr, &old_addr)) {
 714:Middlewares/Third_Party/LwIP/src/core/netif.c **** #if LWIP_NETIF_EXT_STATUS_CALLBACK
 715:Middlewares/Third_Party/LwIP/src/core/netif.c ****       change_reason |= LWIP_NSC_IPV4_ADDRESS_CHANGED;
 716:Middlewares/Third_Party/LwIP/src/core/netif.c ****       cb_args.ipv4_changed.old_address = &old_addr;
 717:Middlewares/Third_Party/LwIP/src/core/netif.c **** #endif
 718:Middlewares/Third_Party/LwIP/src/core/netif.c ****     }
 719:Middlewares/Third_Party/LwIP/src/core/netif.c ****   }
 720:Middlewares/Third_Party/LwIP/src/core/netif.c **** 
 721:Middlewares/Third_Party/LwIP/src/core/netif.c **** #if LWIP_NETIF_EXT_STATUS_CALLBACK
 722:Middlewares/Third_Party/LwIP/src/core/netif.c ****   if (change_reason != LWIP_NSC_NONE) {
ARM GAS  /tmp/ccHnuoCZ.s 			page 16


 723:Middlewares/Third_Party/LwIP/src/core/netif.c ****     change_reason |= LWIP_NSC_IPV4_SETTINGS_CHANGED;
 724:Middlewares/Third_Party/LwIP/src/core/netif.c ****     netif_invoke_ext_callback(netif, change_reason, &cb_args);
 725:Middlewares/Third_Party/LwIP/src/core/netif.c ****   }
 726:Middlewares/Third_Party/LwIP/src/core/netif.c **** #endif
 727:Middlewares/Third_Party/LwIP/src/core/netif.c **** }
 728:Middlewares/Third_Party/LwIP/src/core/netif.c **** #endif /* LWIP_IPV4*/
 729:Middlewares/Third_Party/LwIP/src/core/netif.c **** 
 730:Middlewares/Third_Party/LwIP/src/core/netif.c **** /**
 731:Middlewares/Third_Party/LwIP/src/core/netif.c ****  * @ingroup netif
 732:Middlewares/Third_Party/LwIP/src/core/netif.c ****  * Remove a network interface from the list of lwIP netifs.
 733:Middlewares/Third_Party/LwIP/src/core/netif.c ****  *
 734:Middlewares/Third_Party/LwIP/src/core/netif.c ****  * @param netif the network interface to remove
 735:Middlewares/Third_Party/LwIP/src/core/netif.c ****  */
 736:Middlewares/Third_Party/LwIP/src/core/netif.c **** void
 737:Middlewares/Third_Party/LwIP/src/core/netif.c **** netif_remove(struct netif *netif)
 738:Middlewares/Third_Party/LwIP/src/core/netif.c **** {
 739:Middlewares/Third_Party/LwIP/src/core/netif.c **** #if LWIP_IPV6
 740:Middlewares/Third_Party/LwIP/src/core/netif.c ****   int i;
 741:Middlewares/Third_Party/LwIP/src/core/netif.c **** #endif
 742:Middlewares/Third_Party/LwIP/src/core/netif.c **** 
 743:Middlewares/Third_Party/LwIP/src/core/netif.c ****   LWIP_ASSERT_CORE_LOCKED();
 744:Middlewares/Third_Party/LwIP/src/core/netif.c **** 
 745:Middlewares/Third_Party/LwIP/src/core/netif.c ****   if (netif == NULL) {
 746:Middlewares/Third_Party/LwIP/src/core/netif.c ****     return;
 747:Middlewares/Third_Party/LwIP/src/core/netif.c ****   }
 748:Middlewares/Third_Party/LwIP/src/core/netif.c **** 
 749:Middlewares/Third_Party/LwIP/src/core/netif.c ****   netif_invoke_ext_callback(netif, LWIP_NSC_NETIF_REMOVED, NULL);
 750:Middlewares/Third_Party/LwIP/src/core/netif.c **** 
 751:Middlewares/Third_Party/LwIP/src/core/netif.c **** #if LWIP_IPV4
 752:Middlewares/Third_Party/LwIP/src/core/netif.c ****   if (!ip4_addr_isany_val(*netif_ip4_addr(netif))) {
 753:Middlewares/Third_Party/LwIP/src/core/netif.c ****     netif_do_ip_addr_changed(netif_ip_addr4(netif), NULL);
 754:Middlewares/Third_Party/LwIP/src/core/netif.c ****   }
 755:Middlewares/Third_Party/LwIP/src/core/netif.c **** 
 756:Middlewares/Third_Party/LwIP/src/core/netif.c **** #if LWIP_IGMP
 757:Middlewares/Third_Party/LwIP/src/core/netif.c ****   /* stop IGMP processing */
 758:Middlewares/Third_Party/LwIP/src/core/netif.c ****   if (netif->flags & NETIF_FLAG_IGMP) {
 759:Middlewares/Third_Party/LwIP/src/core/netif.c ****     igmp_stop(netif);
 760:Middlewares/Third_Party/LwIP/src/core/netif.c ****   }
 761:Middlewares/Third_Party/LwIP/src/core/netif.c **** #endif /* LWIP_IGMP */
 762:Middlewares/Third_Party/LwIP/src/core/netif.c **** #endif /* LWIP_IPV4*/
 763:Middlewares/Third_Party/LwIP/src/core/netif.c **** 
 764:Middlewares/Third_Party/LwIP/src/core/netif.c **** #if LWIP_IPV6
 765:Middlewares/Third_Party/LwIP/src/core/netif.c ****   for (i = 0; i < LWIP_IPV6_NUM_ADDRESSES; i++) {
 766:Middlewares/Third_Party/LwIP/src/core/netif.c ****     if (ip6_addr_isvalid(netif_ip6_addr_state(netif, i))) {
 767:Middlewares/Third_Party/LwIP/src/core/netif.c ****       netif_do_ip_addr_changed(netif_ip_addr6(netif, i), NULL);
 768:Middlewares/Third_Party/LwIP/src/core/netif.c ****     }
 769:Middlewares/Third_Party/LwIP/src/core/netif.c ****   }
 770:Middlewares/Third_Party/LwIP/src/core/netif.c **** #if LWIP_IPV6_MLD
 771:Middlewares/Third_Party/LwIP/src/core/netif.c ****   /* stop MLD processing */
 772:Middlewares/Third_Party/LwIP/src/core/netif.c ****   mld6_stop(netif);
 773:Middlewares/Third_Party/LwIP/src/core/netif.c **** #endif /* LWIP_IPV6_MLD */
 774:Middlewares/Third_Party/LwIP/src/core/netif.c **** #endif /* LWIP_IPV6 */
 775:Middlewares/Third_Party/LwIP/src/core/netif.c ****   if (netif_is_up(netif)) {
 776:Middlewares/Third_Party/LwIP/src/core/netif.c ****     /* set netif down before removing (call callback function) */
 777:Middlewares/Third_Party/LwIP/src/core/netif.c ****     netif_set_down(netif);
 778:Middlewares/Third_Party/LwIP/src/core/netif.c ****   }
 779:Middlewares/Third_Party/LwIP/src/core/netif.c **** 
ARM GAS  /tmp/ccHnuoCZ.s 			page 17


 780:Middlewares/Third_Party/LwIP/src/core/netif.c ****   mib2_remove_ip4(netif);
 781:Middlewares/Third_Party/LwIP/src/core/netif.c **** 
 782:Middlewares/Third_Party/LwIP/src/core/netif.c ****   /* this netif is default? */
 783:Middlewares/Third_Party/LwIP/src/core/netif.c ****   if (netif_default == netif) {
 784:Middlewares/Third_Party/LwIP/src/core/netif.c ****     /* reset default netif */
 785:Middlewares/Third_Party/LwIP/src/core/netif.c ****     netif_set_default(NULL);
 786:Middlewares/Third_Party/LwIP/src/core/netif.c ****   }
 787:Middlewares/Third_Party/LwIP/src/core/netif.c **** #if !LWIP_SINGLE_NETIF
 788:Middlewares/Third_Party/LwIP/src/core/netif.c ****   /*  is it the first netif? */
 789:Middlewares/Third_Party/LwIP/src/core/netif.c ****   if (netif_list == netif) {
 790:Middlewares/Third_Party/LwIP/src/core/netif.c ****     netif_list = netif->next;
 791:Middlewares/Third_Party/LwIP/src/core/netif.c ****   } else {
 792:Middlewares/Third_Party/LwIP/src/core/netif.c ****     /*  look for netif further down the list */
 793:Middlewares/Third_Party/LwIP/src/core/netif.c ****     struct netif *tmp_netif;
 794:Middlewares/Third_Party/LwIP/src/core/netif.c ****     NETIF_FOREACH(tmp_netif) {
 795:Middlewares/Third_Party/LwIP/src/core/netif.c ****       if (tmp_netif->next == netif) {
 796:Middlewares/Third_Party/LwIP/src/core/netif.c ****         tmp_netif->next = netif->next;
 797:Middlewares/Third_Party/LwIP/src/core/netif.c ****         break;
 798:Middlewares/Third_Party/LwIP/src/core/netif.c ****       }
 799:Middlewares/Third_Party/LwIP/src/core/netif.c ****     }
 800:Middlewares/Third_Party/LwIP/src/core/netif.c ****     if (tmp_netif == NULL) {
 801:Middlewares/Third_Party/LwIP/src/core/netif.c ****       return; /* netif is not on the list */
 802:Middlewares/Third_Party/LwIP/src/core/netif.c ****     }
 803:Middlewares/Third_Party/LwIP/src/core/netif.c ****   }
 804:Middlewares/Third_Party/LwIP/src/core/netif.c **** #endif /* !LWIP_SINGLE_NETIF */
 805:Middlewares/Third_Party/LwIP/src/core/netif.c ****   mib2_netif_removed(netif);
 806:Middlewares/Third_Party/LwIP/src/core/netif.c **** #if LWIP_NETIF_REMOVE_CALLBACK
 807:Middlewares/Third_Party/LwIP/src/core/netif.c ****   if (netif->remove_callback) {
 808:Middlewares/Third_Party/LwIP/src/core/netif.c ****     netif->remove_callback(netif);
 809:Middlewares/Third_Party/LwIP/src/core/netif.c ****   }
 810:Middlewares/Third_Party/LwIP/src/core/netif.c **** #endif /* LWIP_NETIF_REMOVE_CALLBACK */
 811:Middlewares/Third_Party/LwIP/src/core/netif.c ****   LWIP_DEBUGF( NETIF_DEBUG, ("netif_remove: removed netif\n") );
 812:Middlewares/Third_Party/LwIP/src/core/netif.c **** }
 813:Middlewares/Third_Party/LwIP/src/core/netif.c **** 
 814:Middlewares/Third_Party/LwIP/src/core/netif.c **** /**
 815:Middlewares/Third_Party/LwIP/src/core/netif.c ****  * @ingroup netif
 816:Middlewares/Third_Party/LwIP/src/core/netif.c ****  * Set a network interface as the default network interface
 817:Middlewares/Third_Party/LwIP/src/core/netif.c ****  * (used to output all packets for which no specific route is found)
 818:Middlewares/Third_Party/LwIP/src/core/netif.c ****  *
 819:Middlewares/Third_Party/LwIP/src/core/netif.c ****  * @param netif the default network interface
 820:Middlewares/Third_Party/LwIP/src/core/netif.c ****  */
 821:Middlewares/Third_Party/LwIP/src/core/netif.c **** void
 822:Middlewares/Third_Party/LwIP/src/core/netif.c **** netif_set_default(struct netif *netif)
 823:Middlewares/Third_Party/LwIP/src/core/netif.c **** {
 824:Middlewares/Third_Party/LwIP/src/core/netif.c ****   LWIP_ASSERT_CORE_LOCKED();
 825:Middlewares/Third_Party/LwIP/src/core/netif.c **** 
 826:Middlewares/Third_Party/LwIP/src/core/netif.c ****   if (netif == NULL) {
 827:Middlewares/Third_Party/LwIP/src/core/netif.c ****     /* remove default route */
 828:Middlewares/Third_Party/LwIP/src/core/netif.c ****     mib2_remove_route_ip4(1, netif);
 829:Middlewares/Third_Party/LwIP/src/core/netif.c ****   } else {
 830:Middlewares/Third_Party/LwIP/src/core/netif.c ****     /* install default route */
 831:Middlewares/Third_Party/LwIP/src/core/netif.c ****     mib2_add_route_ip4(1, netif);
 832:Middlewares/Third_Party/LwIP/src/core/netif.c ****   }
 833:Middlewares/Third_Party/LwIP/src/core/netif.c ****   netif_default = netif;
 834:Middlewares/Third_Party/LwIP/src/core/netif.c ****   LWIP_DEBUGF(NETIF_DEBUG, ("netif: setting default interface %c%c\n",
 835:Middlewares/Third_Party/LwIP/src/core/netif.c ****                             netif ? netif->name[0] : '\'', netif ? netif->name[1] : '\''));
 836:Middlewares/Third_Party/LwIP/src/core/netif.c **** }
ARM GAS  /tmp/ccHnuoCZ.s 			page 18


 837:Middlewares/Third_Party/LwIP/src/core/netif.c **** 
 838:Middlewares/Third_Party/LwIP/src/core/netif.c **** /**
 839:Middlewares/Third_Party/LwIP/src/core/netif.c ****  * @ingroup netif
 840:Middlewares/Third_Party/LwIP/src/core/netif.c ****  * Bring an interface up, available for processing
 841:Middlewares/Third_Party/LwIP/src/core/netif.c ****  * traffic.
 842:Middlewares/Third_Party/LwIP/src/core/netif.c ****  */
 843:Middlewares/Third_Party/LwIP/src/core/netif.c **** void
 844:Middlewares/Third_Party/LwIP/src/core/netif.c **** netif_set_up(struct netif *netif)
 845:Middlewares/Third_Party/LwIP/src/core/netif.c **** {
 846:Middlewares/Third_Party/LwIP/src/core/netif.c ****   LWIP_ASSERT_CORE_LOCKED();
 847:Middlewares/Third_Party/LwIP/src/core/netif.c **** 
 848:Middlewares/Third_Party/LwIP/src/core/netif.c ****   LWIP_ERROR("netif_set_up: invalid netif", netif != NULL, return);
 849:Middlewares/Third_Party/LwIP/src/core/netif.c **** 
 850:Middlewares/Third_Party/LwIP/src/core/netif.c ****   if (!(netif->flags & NETIF_FLAG_UP)) {
 851:Middlewares/Third_Party/LwIP/src/core/netif.c ****     netif_set_flags(netif, NETIF_FLAG_UP);
 852:Middlewares/Third_Party/LwIP/src/core/netif.c **** 
 853:Middlewares/Third_Party/LwIP/src/core/netif.c ****     MIB2_COPY_SYSUPTIME_TO(&netif->ts);
 854:Middlewares/Third_Party/LwIP/src/core/netif.c **** 
 855:Middlewares/Third_Party/LwIP/src/core/netif.c ****     NETIF_STATUS_CALLBACK(netif);
 856:Middlewares/Third_Party/LwIP/src/core/netif.c **** 
 857:Middlewares/Third_Party/LwIP/src/core/netif.c **** #if LWIP_NETIF_EXT_STATUS_CALLBACK
 858:Middlewares/Third_Party/LwIP/src/core/netif.c ****     {
 859:Middlewares/Third_Party/LwIP/src/core/netif.c ****       netif_ext_callback_args_t args;
 860:Middlewares/Third_Party/LwIP/src/core/netif.c ****       args.status_changed.state = 1;
 861:Middlewares/Third_Party/LwIP/src/core/netif.c ****       netif_invoke_ext_callback(netif, LWIP_NSC_STATUS_CHANGED, &args);
 862:Middlewares/Third_Party/LwIP/src/core/netif.c ****     }
 863:Middlewares/Third_Party/LwIP/src/core/netif.c **** #endif
 864:Middlewares/Third_Party/LwIP/src/core/netif.c **** 
 865:Middlewares/Third_Party/LwIP/src/core/netif.c ****     netif_issue_reports(netif, NETIF_REPORT_TYPE_IPV4 | NETIF_REPORT_TYPE_IPV6);
 866:Middlewares/Third_Party/LwIP/src/core/netif.c **** #if LWIP_IPV6
 867:Middlewares/Third_Party/LwIP/src/core/netif.c ****     nd6_restart_netif(netif);
 868:Middlewares/Third_Party/LwIP/src/core/netif.c **** #endif /* LWIP_IPV6 */
 869:Middlewares/Third_Party/LwIP/src/core/netif.c ****   }
 870:Middlewares/Third_Party/LwIP/src/core/netif.c **** }
 871:Middlewares/Third_Party/LwIP/src/core/netif.c **** 
 872:Middlewares/Third_Party/LwIP/src/core/netif.c **** /** Send ARP/IGMP/MLD/RS events, e.g. on link-up/netif-up or addr-change
 873:Middlewares/Third_Party/LwIP/src/core/netif.c ****  */
 874:Middlewares/Third_Party/LwIP/src/core/netif.c **** static void
 875:Middlewares/Third_Party/LwIP/src/core/netif.c **** netif_issue_reports(struct netif *netif, u8_t report_type)
 876:Middlewares/Third_Party/LwIP/src/core/netif.c **** {
 877:Middlewares/Third_Party/LwIP/src/core/netif.c ****   LWIP_ASSERT("netif_issue_reports: invalid netif", netif != NULL);
 878:Middlewares/Third_Party/LwIP/src/core/netif.c **** 
 879:Middlewares/Third_Party/LwIP/src/core/netif.c ****   /* Only send reports when both link and admin states are up */
 880:Middlewares/Third_Party/LwIP/src/core/netif.c ****   if (!(netif->flags & NETIF_FLAG_LINK_UP) ||
 881:Middlewares/Third_Party/LwIP/src/core/netif.c ****       !(netif->flags & NETIF_FLAG_UP)) {
 882:Middlewares/Third_Party/LwIP/src/core/netif.c ****     return;
 883:Middlewares/Third_Party/LwIP/src/core/netif.c ****   }
 884:Middlewares/Third_Party/LwIP/src/core/netif.c **** 
 885:Middlewares/Third_Party/LwIP/src/core/netif.c **** #if LWIP_IPV4
 886:Middlewares/Third_Party/LwIP/src/core/netif.c ****   if ((report_type & NETIF_REPORT_TYPE_IPV4) &&
 887:Middlewares/Third_Party/LwIP/src/core/netif.c ****       !ip4_addr_isany_val(*netif_ip4_addr(netif))) {
 888:Middlewares/Third_Party/LwIP/src/core/netif.c **** #if LWIP_ARP
 889:Middlewares/Third_Party/LwIP/src/core/netif.c ****     /* For Ethernet network interfaces, we would like to send a "gratuitous ARP" */
 890:Middlewares/Third_Party/LwIP/src/core/netif.c ****     if (netif->flags & (NETIF_FLAG_ETHARP)) {
 891:Middlewares/Third_Party/LwIP/src/core/netif.c ****       etharp_gratuitous(netif);
 892:Middlewares/Third_Party/LwIP/src/core/netif.c ****     }
 893:Middlewares/Third_Party/LwIP/src/core/netif.c **** #endif /* LWIP_ARP */
ARM GAS  /tmp/ccHnuoCZ.s 			page 19


 894:Middlewares/Third_Party/LwIP/src/core/netif.c **** 
 895:Middlewares/Third_Party/LwIP/src/core/netif.c **** #if LWIP_IGMP
 896:Middlewares/Third_Party/LwIP/src/core/netif.c ****     /* resend IGMP memberships */
 897:Middlewares/Third_Party/LwIP/src/core/netif.c ****     if (netif->flags & NETIF_FLAG_IGMP) {
 898:Middlewares/Third_Party/LwIP/src/core/netif.c ****       igmp_report_groups(netif);
 899:Middlewares/Third_Party/LwIP/src/core/netif.c ****     }
 900:Middlewares/Third_Party/LwIP/src/core/netif.c **** #endif /* LWIP_IGMP */
 901:Middlewares/Third_Party/LwIP/src/core/netif.c ****   }
 902:Middlewares/Third_Party/LwIP/src/core/netif.c **** #endif /* LWIP_IPV4 */
 903:Middlewares/Third_Party/LwIP/src/core/netif.c **** 
 904:Middlewares/Third_Party/LwIP/src/core/netif.c **** #if LWIP_IPV6
 905:Middlewares/Third_Party/LwIP/src/core/netif.c ****   if (report_type & NETIF_REPORT_TYPE_IPV6) {
 906:Middlewares/Third_Party/LwIP/src/core/netif.c **** #if LWIP_IPV6_MLD
 907:Middlewares/Third_Party/LwIP/src/core/netif.c ****     /* send mld memberships */
 908:Middlewares/Third_Party/LwIP/src/core/netif.c ****     mld6_report_groups(netif);
 909:Middlewares/Third_Party/LwIP/src/core/netif.c **** #endif /* LWIP_IPV6_MLD */
 910:Middlewares/Third_Party/LwIP/src/core/netif.c ****   }
 911:Middlewares/Third_Party/LwIP/src/core/netif.c **** #endif /* LWIP_IPV6 */
 912:Middlewares/Third_Party/LwIP/src/core/netif.c **** }
 913:Middlewares/Third_Party/LwIP/src/core/netif.c **** 
 914:Middlewares/Third_Party/LwIP/src/core/netif.c **** /**
 915:Middlewares/Third_Party/LwIP/src/core/netif.c ****  * @ingroup netif
 916:Middlewares/Third_Party/LwIP/src/core/netif.c ****  * Bring an interface down, disabling any traffic processing.
 917:Middlewares/Third_Party/LwIP/src/core/netif.c ****  */
 918:Middlewares/Third_Party/LwIP/src/core/netif.c **** void
 919:Middlewares/Third_Party/LwIP/src/core/netif.c **** netif_set_down(struct netif *netif)
 920:Middlewares/Third_Party/LwIP/src/core/netif.c **** {
 921:Middlewares/Third_Party/LwIP/src/core/netif.c ****   LWIP_ASSERT_CORE_LOCKED();
 922:Middlewares/Third_Party/LwIP/src/core/netif.c **** 
 923:Middlewares/Third_Party/LwIP/src/core/netif.c ****   LWIP_ERROR("netif_set_down: invalid netif", netif != NULL, return);
 924:Middlewares/Third_Party/LwIP/src/core/netif.c **** 
 925:Middlewares/Third_Party/LwIP/src/core/netif.c ****   if (netif->flags & NETIF_FLAG_UP) {
 926:Middlewares/Third_Party/LwIP/src/core/netif.c **** #if LWIP_NETIF_EXT_STATUS_CALLBACK
 927:Middlewares/Third_Party/LwIP/src/core/netif.c ****     {
 928:Middlewares/Third_Party/LwIP/src/core/netif.c ****       netif_ext_callback_args_t args;
 929:Middlewares/Third_Party/LwIP/src/core/netif.c ****       args.status_changed.state = 0;
 930:Middlewares/Third_Party/LwIP/src/core/netif.c ****       netif_invoke_ext_callback(netif, LWIP_NSC_STATUS_CHANGED, &args);
 931:Middlewares/Third_Party/LwIP/src/core/netif.c ****     }
 932:Middlewares/Third_Party/LwIP/src/core/netif.c **** #endif
 933:Middlewares/Third_Party/LwIP/src/core/netif.c **** 
 934:Middlewares/Third_Party/LwIP/src/core/netif.c ****     netif_clear_flags(netif, NETIF_FLAG_UP);
 935:Middlewares/Third_Party/LwIP/src/core/netif.c ****     MIB2_COPY_SYSUPTIME_TO(&netif->ts);
 936:Middlewares/Third_Party/LwIP/src/core/netif.c **** 
 937:Middlewares/Third_Party/LwIP/src/core/netif.c **** #if LWIP_IPV4 && LWIP_ARP
 938:Middlewares/Third_Party/LwIP/src/core/netif.c ****     if (netif->flags & NETIF_FLAG_ETHARP) {
 939:Middlewares/Third_Party/LwIP/src/core/netif.c ****       etharp_cleanup_netif(netif);
 940:Middlewares/Third_Party/LwIP/src/core/netif.c ****     }
 941:Middlewares/Third_Party/LwIP/src/core/netif.c **** #endif /* LWIP_IPV4 && LWIP_ARP */
 942:Middlewares/Third_Party/LwIP/src/core/netif.c **** 
 943:Middlewares/Third_Party/LwIP/src/core/netif.c **** #if LWIP_IPV6
 944:Middlewares/Third_Party/LwIP/src/core/netif.c ****     nd6_cleanup_netif(netif);
 945:Middlewares/Third_Party/LwIP/src/core/netif.c **** #endif /* LWIP_IPV6 */
 946:Middlewares/Third_Party/LwIP/src/core/netif.c **** 
 947:Middlewares/Third_Party/LwIP/src/core/netif.c ****     NETIF_STATUS_CALLBACK(netif);
 948:Middlewares/Third_Party/LwIP/src/core/netif.c ****   }
 949:Middlewares/Third_Party/LwIP/src/core/netif.c **** }
 950:Middlewares/Third_Party/LwIP/src/core/netif.c **** 
ARM GAS  /tmp/ccHnuoCZ.s 			page 20


 951:Middlewares/Third_Party/LwIP/src/core/netif.c **** #if LWIP_NETIF_STATUS_CALLBACK
 952:Middlewares/Third_Party/LwIP/src/core/netif.c **** /**
 953:Middlewares/Third_Party/LwIP/src/core/netif.c ****  * @ingroup netif
 954:Middlewares/Third_Party/LwIP/src/core/netif.c ****  * Set callback to be called when interface is brought up/down or address is changed while up
 955:Middlewares/Third_Party/LwIP/src/core/netif.c ****  */
 956:Middlewares/Third_Party/LwIP/src/core/netif.c **** void
 957:Middlewares/Third_Party/LwIP/src/core/netif.c **** netif_set_status_callback(struct netif *netif, netif_status_callback_fn status_callback)
 958:Middlewares/Third_Party/LwIP/src/core/netif.c **** {
 959:Middlewares/Third_Party/LwIP/src/core/netif.c ****   LWIP_ASSERT_CORE_LOCKED();
 960:Middlewares/Third_Party/LwIP/src/core/netif.c **** 
 961:Middlewares/Third_Party/LwIP/src/core/netif.c ****   if (netif) {
 962:Middlewares/Third_Party/LwIP/src/core/netif.c ****     netif->status_callback = status_callback;
 963:Middlewares/Third_Party/LwIP/src/core/netif.c ****   }
 964:Middlewares/Third_Party/LwIP/src/core/netif.c **** }
 965:Middlewares/Third_Party/LwIP/src/core/netif.c **** #endif /* LWIP_NETIF_STATUS_CALLBACK */
 966:Middlewares/Third_Party/LwIP/src/core/netif.c **** 
 967:Middlewares/Third_Party/LwIP/src/core/netif.c **** #if LWIP_NETIF_REMOVE_CALLBACK
 968:Middlewares/Third_Party/LwIP/src/core/netif.c **** /**
 969:Middlewares/Third_Party/LwIP/src/core/netif.c ****  * @ingroup netif
 970:Middlewares/Third_Party/LwIP/src/core/netif.c ****  * Set callback to be called when the interface has been removed
 971:Middlewares/Third_Party/LwIP/src/core/netif.c ****  */
 972:Middlewares/Third_Party/LwIP/src/core/netif.c **** void
 973:Middlewares/Third_Party/LwIP/src/core/netif.c **** netif_set_remove_callback(struct netif *netif, netif_status_callback_fn remove_callback)
 974:Middlewares/Third_Party/LwIP/src/core/netif.c **** {
 975:Middlewares/Third_Party/LwIP/src/core/netif.c ****   LWIP_ASSERT_CORE_LOCKED();
 976:Middlewares/Third_Party/LwIP/src/core/netif.c **** 
 977:Middlewares/Third_Party/LwIP/src/core/netif.c ****   if (netif) {
 978:Middlewares/Third_Party/LwIP/src/core/netif.c ****     netif->remove_callback = remove_callback;
 979:Middlewares/Third_Party/LwIP/src/core/netif.c ****   }
 980:Middlewares/Third_Party/LwIP/src/core/netif.c **** }
 981:Middlewares/Third_Party/LwIP/src/core/netif.c **** #endif /* LWIP_NETIF_REMOVE_CALLBACK */
 982:Middlewares/Third_Party/LwIP/src/core/netif.c **** 
 983:Middlewares/Third_Party/LwIP/src/core/netif.c **** /**
 984:Middlewares/Third_Party/LwIP/src/core/netif.c ****  * @ingroup netif
 985:Middlewares/Third_Party/LwIP/src/core/netif.c ****  * Called by a driver when its link goes up
 986:Middlewares/Third_Party/LwIP/src/core/netif.c ****  */
 987:Middlewares/Third_Party/LwIP/src/core/netif.c **** void
 988:Middlewares/Third_Party/LwIP/src/core/netif.c **** netif_set_link_up(struct netif *netif)
 989:Middlewares/Third_Party/LwIP/src/core/netif.c **** {
 990:Middlewares/Third_Party/LwIP/src/core/netif.c ****   LWIP_ASSERT_CORE_LOCKED();
 991:Middlewares/Third_Party/LwIP/src/core/netif.c **** 
 992:Middlewares/Third_Party/LwIP/src/core/netif.c ****   LWIP_ERROR("netif_set_link_up: invalid netif", netif != NULL, return);
 993:Middlewares/Third_Party/LwIP/src/core/netif.c **** 
 994:Middlewares/Third_Party/LwIP/src/core/netif.c ****   if (!(netif->flags & NETIF_FLAG_LINK_UP)) {
 995:Middlewares/Third_Party/LwIP/src/core/netif.c ****     netif_set_flags(netif, NETIF_FLAG_LINK_UP);
 996:Middlewares/Third_Party/LwIP/src/core/netif.c **** 
 997:Middlewares/Third_Party/LwIP/src/core/netif.c **** #if LWIP_DHCP
 998:Middlewares/Third_Party/LwIP/src/core/netif.c ****     dhcp_network_changed(netif);
 999:Middlewares/Third_Party/LwIP/src/core/netif.c **** #endif /* LWIP_DHCP */
1000:Middlewares/Third_Party/LwIP/src/core/netif.c **** 
1001:Middlewares/Third_Party/LwIP/src/core/netif.c **** #if LWIP_AUTOIP
1002:Middlewares/Third_Party/LwIP/src/core/netif.c ****     autoip_network_changed(netif);
1003:Middlewares/Third_Party/LwIP/src/core/netif.c **** #endif /* LWIP_AUTOIP */
1004:Middlewares/Third_Party/LwIP/src/core/netif.c **** 
1005:Middlewares/Third_Party/LwIP/src/core/netif.c ****     netif_issue_reports(netif, NETIF_REPORT_TYPE_IPV4 | NETIF_REPORT_TYPE_IPV6);
1006:Middlewares/Third_Party/LwIP/src/core/netif.c **** #if LWIP_IPV6
1007:Middlewares/Third_Party/LwIP/src/core/netif.c ****     nd6_restart_netif(netif);
ARM GAS  /tmp/ccHnuoCZ.s 			page 21


1008:Middlewares/Third_Party/LwIP/src/core/netif.c **** #endif /* LWIP_IPV6 */
1009:Middlewares/Third_Party/LwIP/src/core/netif.c **** 
1010:Middlewares/Third_Party/LwIP/src/core/netif.c ****     NETIF_LINK_CALLBACK(netif);
1011:Middlewares/Third_Party/LwIP/src/core/netif.c **** #if LWIP_NETIF_EXT_STATUS_CALLBACK
1012:Middlewares/Third_Party/LwIP/src/core/netif.c ****     {
1013:Middlewares/Third_Party/LwIP/src/core/netif.c ****       netif_ext_callback_args_t args;
1014:Middlewares/Third_Party/LwIP/src/core/netif.c ****       args.link_changed.state = 1;
1015:Middlewares/Third_Party/LwIP/src/core/netif.c ****       netif_invoke_ext_callback(netif, LWIP_NSC_LINK_CHANGED, &args);
1016:Middlewares/Third_Party/LwIP/src/core/netif.c ****     }
1017:Middlewares/Third_Party/LwIP/src/core/netif.c **** #endif
1018:Middlewares/Third_Party/LwIP/src/core/netif.c ****   }
1019:Middlewares/Third_Party/LwIP/src/core/netif.c **** }
1020:Middlewares/Third_Party/LwIP/src/core/netif.c **** 
1021:Middlewares/Third_Party/LwIP/src/core/netif.c **** /**
1022:Middlewares/Third_Party/LwIP/src/core/netif.c ****  * @ingroup netif
1023:Middlewares/Third_Party/LwIP/src/core/netif.c ****  * Called by a driver when its link goes down
1024:Middlewares/Third_Party/LwIP/src/core/netif.c ****  */
1025:Middlewares/Third_Party/LwIP/src/core/netif.c **** void
1026:Middlewares/Third_Party/LwIP/src/core/netif.c **** netif_set_link_down(struct netif *netif)
1027:Middlewares/Third_Party/LwIP/src/core/netif.c **** {
1028:Middlewares/Third_Party/LwIP/src/core/netif.c ****   LWIP_ASSERT_CORE_LOCKED();
1029:Middlewares/Third_Party/LwIP/src/core/netif.c **** 
1030:Middlewares/Third_Party/LwIP/src/core/netif.c ****   LWIP_ERROR("netif_set_link_down: invalid netif", netif != NULL, return);
1031:Middlewares/Third_Party/LwIP/src/core/netif.c **** 
1032:Middlewares/Third_Party/LwIP/src/core/netif.c ****   if (netif->flags & NETIF_FLAG_LINK_UP) {
1033:Middlewares/Third_Party/LwIP/src/core/netif.c ****     netif_clear_flags(netif, NETIF_FLAG_LINK_UP);
1034:Middlewares/Third_Party/LwIP/src/core/netif.c ****     NETIF_LINK_CALLBACK(netif);
1035:Middlewares/Third_Party/LwIP/src/core/netif.c **** #if LWIP_NETIF_EXT_STATUS_CALLBACK
1036:Middlewares/Third_Party/LwIP/src/core/netif.c ****     {
1037:Middlewares/Third_Party/LwIP/src/core/netif.c ****       netif_ext_callback_args_t args;
1038:Middlewares/Third_Party/LwIP/src/core/netif.c ****       args.link_changed.state = 0;
1039:Middlewares/Third_Party/LwIP/src/core/netif.c ****       netif_invoke_ext_callback(netif, LWIP_NSC_LINK_CHANGED, &args);
1040:Middlewares/Third_Party/LwIP/src/core/netif.c ****     }
1041:Middlewares/Third_Party/LwIP/src/core/netif.c **** #endif
1042:Middlewares/Third_Party/LwIP/src/core/netif.c ****   }
1043:Middlewares/Third_Party/LwIP/src/core/netif.c **** }
1044:Middlewares/Third_Party/LwIP/src/core/netif.c **** 
1045:Middlewares/Third_Party/LwIP/src/core/netif.c **** #if LWIP_NETIF_LINK_CALLBACK
1046:Middlewares/Third_Party/LwIP/src/core/netif.c **** /**
1047:Middlewares/Third_Party/LwIP/src/core/netif.c ****  * @ingroup netif
1048:Middlewares/Third_Party/LwIP/src/core/netif.c ****  * Set callback to be called when link is brought up/down
1049:Middlewares/Third_Party/LwIP/src/core/netif.c ****  */
1050:Middlewares/Third_Party/LwIP/src/core/netif.c **** void
1051:Middlewares/Third_Party/LwIP/src/core/netif.c **** netif_set_link_callback(struct netif *netif, netif_status_callback_fn link_callback)
1052:Middlewares/Third_Party/LwIP/src/core/netif.c **** {
1053:Middlewares/Third_Party/LwIP/src/core/netif.c ****   LWIP_ASSERT_CORE_LOCKED();
1054:Middlewares/Third_Party/LwIP/src/core/netif.c **** 
1055:Middlewares/Third_Party/LwIP/src/core/netif.c ****   if (netif) {
1056:Middlewares/Third_Party/LwIP/src/core/netif.c ****     netif->link_callback = link_callback;
1057:Middlewares/Third_Party/LwIP/src/core/netif.c ****   }
1058:Middlewares/Third_Party/LwIP/src/core/netif.c **** }
1059:Middlewares/Third_Party/LwIP/src/core/netif.c **** #endif /* LWIP_NETIF_LINK_CALLBACK */
1060:Middlewares/Third_Party/LwIP/src/core/netif.c **** 
1061:Middlewares/Third_Party/LwIP/src/core/netif.c **** #if ENABLE_LOOPBACK
1062:Middlewares/Third_Party/LwIP/src/core/netif.c **** /**
1063:Middlewares/Third_Party/LwIP/src/core/netif.c ****  * @ingroup netif
1064:Middlewares/Third_Party/LwIP/src/core/netif.c ****  * Send an IP packet to be received on the same netif (loopif-like).
ARM GAS  /tmp/ccHnuoCZ.s 			page 22


1065:Middlewares/Third_Party/LwIP/src/core/netif.c ****  * The pbuf is simply copied and handed back to netif->input.
1066:Middlewares/Third_Party/LwIP/src/core/netif.c ****  * In multithreaded mode, this is done directly since netif->input must put
1067:Middlewares/Third_Party/LwIP/src/core/netif.c ****  * the packet on a queue.
1068:Middlewares/Third_Party/LwIP/src/core/netif.c ****  * In callback mode, the packet is put on an internal queue and is fed to
1069:Middlewares/Third_Party/LwIP/src/core/netif.c ****  * netif->input by netif_poll().
1070:Middlewares/Third_Party/LwIP/src/core/netif.c ****  *
1071:Middlewares/Third_Party/LwIP/src/core/netif.c ****  * @param netif the lwip network interface structure
1072:Middlewares/Third_Party/LwIP/src/core/netif.c ****  * @param p the (IP) packet to 'send'
1073:Middlewares/Third_Party/LwIP/src/core/netif.c ****  * @return ERR_OK if the packet has been sent
1074:Middlewares/Third_Party/LwIP/src/core/netif.c ****  *         ERR_MEM if the pbuf used to copy the packet couldn't be allocated
1075:Middlewares/Third_Party/LwIP/src/core/netif.c ****  */
1076:Middlewares/Third_Party/LwIP/src/core/netif.c **** err_t
1077:Middlewares/Third_Party/LwIP/src/core/netif.c **** netif_loop_output(struct netif *netif, struct pbuf *p)
1078:Middlewares/Third_Party/LwIP/src/core/netif.c **** {
1079:Middlewares/Third_Party/LwIP/src/core/netif.c ****   struct pbuf *r;
1080:Middlewares/Third_Party/LwIP/src/core/netif.c ****   err_t err;
1081:Middlewares/Third_Party/LwIP/src/core/netif.c ****   struct pbuf *last;
1082:Middlewares/Third_Party/LwIP/src/core/netif.c **** #if LWIP_LOOPBACK_MAX_PBUFS
1083:Middlewares/Third_Party/LwIP/src/core/netif.c ****   u16_t clen = 0;
1084:Middlewares/Third_Party/LwIP/src/core/netif.c **** #endif /* LWIP_LOOPBACK_MAX_PBUFS */
1085:Middlewares/Third_Party/LwIP/src/core/netif.c ****   /* If we have a loopif, SNMP counters are adjusted for it,
1086:Middlewares/Third_Party/LwIP/src/core/netif.c ****    * if not they are adjusted for 'netif'. */
1087:Middlewares/Third_Party/LwIP/src/core/netif.c **** #if MIB2_STATS
1088:Middlewares/Third_Party/LwIP/src/core/netif.c **** #if LWIP_HAVE_LOOPIF
1089:Middlewares/Third_Party/LwIP/src/core/netif.c ****   struct netif *stats_if = &loop_netif;
1090:Middlewares/Third_Party/LwIP/src/core/netif.c **** #else /* LWIP_HAVE_LOOPIF */
1091:Middlewares/Third_Party/LwIP/src/core/netif.c ****   struct netif *stats_if = netif;
1092:Middlewares/Third_Party/LwIP/src/core/netif.c **** #endif /* LWIP_HAVE_LOOPIF */
1093:Middlewares/Third_Party/LwIP/src/core/netif.c **** #endif /* MIB2_STATS */
1094:Middlewares/Third_Party/LwIP/src/core/netif.c **** #if LWIP_NETIF_LOOPBACK_MULTITHREADING
1095:Middlewares/Third_Party/LwIP/src/core/netif.c ****   u8_t schedule_poll = 0;
1096:Middlewares/Third_Party/LwIP/src/core/netif.c **** #endif /* LWIP_NETIF_LOOPBACK_MULTITHREADING */
1097:Middlewares/Third_Party/LwIP/src/core/netif.c ****   SYS_ARCH_DECL_PROTECT(lev);
1098:Middlewares/Third_Party/LwIP/src/core/netif.c **** 
1099:Middlewares/Third_Party/LwIP/src/core/netif.c ****   LWIP_ASSERT("netif_loop_output: invalid netif", netif != NULL);
1100:Middlewares/Third_Party/LwIP/src/core/netif.c ****   LWIP_ASSERT("netif_loop_output: invalid pbuf", p != NULL);
1101:Middlewares/Third_Party/LwIP/src/core/netif.c **** 
1102:Middlewares/Third_Party/LwIP/src/core/netif.c ****   /* Allocate a new pbuf */
1103:Middlewares/Third_Party/LwIP/src/core/netif.c ****   r = pbuf_alloc(PBUF_LINK, p->tot_len, PBUF_RAM);
1104:Middlewares/Third_Party/LwIP/src/core/netif.c ****   if (r == NULL) {
1105:Middlewares/Third_Party/LwIP/src/core/netif.c ****     LINK_STATS_INC(link.memerr);
1106:Middlewares/Third_Party/LwIP/src/core/netif.c ****     LINK_STATS_INC(link.drop);
1107:Middlewares/Third_Party/LwIP/src/core/netif.c ****     MIB2_STATS_NETIF_INC(stats_if, ifoutdiscards);
1108:Middlewares/Third_Party/LwIP/src/core/netif.c ****     return ERR_MEM;
1109:Middlewares/Third_Party/LwIP/src/core/netif.c ****   }
1110:Middlewares/Third_Party/LwIP/src/core/netif.c **** #if LWIP_LOOPBACK_MAX_PBUFS
1111:Middlewares/Third_Party/LwIP/src/core/netif.c ****   clen = pbuf_clen(r);
1112:Middlewares/Third_Party/LwIP/src/core/netif.c ****   /* check for overflow or too many pbuf on queue */
1113:Middlewares/Third_Party/LwIP/src/core/netif.c ****   if (((netif->loop_cnt_current + clen) < netif->loop_cnt_current) ||
1114:Middlewares/Third_Party/LwIP/src/core/netif.c ****       ((netif->loop_cnt_current + clen) > LWIP_MIN(LWIP_LOOPBACK_MAX_PBUFS, 0xFFFF))) {
1115:Middlewares/Third_Party/LwIP/src/core/netif.c ****     pbuf_free(r);
1116:Middlewares/Third_Party/LwIP/src/core/netif.c ****     LINK_STATS_INC(link.memerr);
1117:Middlewares/Third_Party/LwIP/src/core/netif.c ****     LINK_STATS_INC(link.drop);
1118:Middlewares/Third_Party/LwIP/src/core/netif.c ****     MIB2_STATS_NETIF_INC(stats_if, ifoutdiscards);
1119:Middlewares/Third_Party/LwIP/src/core/netif.c ****     return ERR_MEM;
1120:Middlewares/Third_Party/LwIP/src/core/netif.c ****   }
1121:Middlewares/Third_Party/LwIP/src/core/netif.c ****   netif->loop_cnt_current = (u16_t)(netif->loop_cnt_current + clen);
ARM GAS  /tmp/ccHnuoCZ.s 			page 23


1122:Middlewares/Third_Party/LwIP/src/core/netif.c **** #endif /* LWIP_LOOPBACK_MAX_PBUFS */
1123:Middlewares/Third_Party/LwIP/src/core/netif.c **** 
1124:Middlewares/Third_Party/LwIP/src/core/netif.c ****   /* Copy the whole pbuf queue p into the single pbuf r */
1125:Middlewares/Third_Party/LwIP/src/core/netif.c ****   if ((err = pbuf_copy(r, p)) != ERR_OK) {
1126:Middlewares/Third_Party/LwIP/src/core/netif.c ****     pbuf_free(r);
1127:Middlewares/Third_Party/LwIP/src/core/netif.c ****     LINK_STATS_INC(link.memerr);
1128:Middlewares/Third_Party/LwIP/src/core/netif.c ****     LINK_STATS_INC(link.drop);
1129:Middlewares/Third_Party/LwIP/src/core/netif.c ****     MIB2_STATS_NETIF_INC(stats_if, ifoutdiscards);
1130:Middlewares/Third_Party/LwIP/src/core/netif.c ****     return err;
1131:Middlewares/Third_Party/LwIP/src/core/netif.c ****   }
1132:Middlewares/Third_Party/LwIP/src/core/netif.c **** 
1133:Middlewares/Third_Party/LwIP/src/core/netif.c ****   /* Put the packet on a linked list which gets emptied through calling
1134:Middlewares/Third_Party/LwIP/src/core/netif.c ****      netif_poll(). */
1135:Middlewares/Third_Party/LwIP/src/core/netif.c **** 
1136:Middlewares/Third_Party/LwIP/src/core/netif.c ****   /* let last point to the last pbuf in chain r */
1137:Middlewares/Third_Party/LwIP/src/core/netif.c ****   for (last = r; last->next != NULL; last = last->next) {
1138:Middlewares/Third_Party/LwIP/src/core/netif.c ****     /* nothing to do here, just get to the last pbuf */
1139:Middlewares/Third_Party/LwIP/src/core/netif.c ****   }
1140:Middlewares/Third_Party/LwIP/src/core/netif.c **** 
1141:Middlewares/Third_Party/LwIP/src/core/netif.c ****   SYS_ARCH_PROTECT(lev);
1142:Middlewares/Third_Party/LwIP/src/core/netif.c ****   if (netif->loop_first != NULL) {
1143:Middlewares/Third_Party/LwIP/src/core/netif.c ****     LWIP_ASSERT("if first != NULL, last must also be != NULL", netif->loop_last != NULL);
1144:Middlewares/Third_Party/LwIP/src/core/netif.c ****     netif->loop_last->next = r;
1145:Middlewares/Third_Party/LwIP/src/core/netif.c ****     netif->loop_last = last;
1146:Middlewares/Third_Party/LwIP/src/core/netif.c ****   } else {
1147:Middlewares/Third_Party/LwIP/src/core/netif.c ****     netif->loop_first = r;
1148:Middlewares/Third_Party/LwIP/src/core/netif.c ****     netif->loop_last = last;
1149:Middlewares/Third_Party/LwIP/src/core/netif.c **** #if LWIP_NETIF_LOOPBACK_MULTITHREADING
1150:Middlewares/Third_Party/LwIP/src/core/netif.c ****     /* No existing packets queued, schedule poll */
1151:Middlewares/Third_Party/LwIP/src/core/netif.c ****     schedule_poll = 1;
1152:Middlewares/Third_Party/LwIP/src/core/netif.c **** #endif /* LWIP_NETIF_LOOPBACK_MULTITHREADING */
1153:Middlewares/Third_Party/LwIP/src/core/netif.c ****   }
1154:Middlewares/Third_Party/LwIP/src/core/netif.c ****   SYS_ARCH_UNPROTECT(lev);
1155:Middlewares/Third_Party/LwIP/src/core/netif.c **** 
1156:Middlewares/Third_Party/LwIP/src/core/netif.c ****   LINK_STATS_INC(link.xmit);
1157:Middlewares/Third_Party/LwIP/src/core/netif.c ****   MIB2_STATS_NETIF_ADD(stats_if, ifoutoctets, p->tot_len);
1158:Middlewares/Third_Party/LwIP/src/core/netif.c ****   MIB2_STATS_NETIF_INC(stats_if, ifoutucastpkts);
1159:Middlewares/Third_Party/LwIP/src/core/netif.c **** 
1160:Middlewares/Third_Party/LwIP/src/core/netif.c **** #if LWIP_NETIF_LOOPBACK_MULTITHREADING
1161:Middlewares/Third_Party/LwIP/src/core/netif.c ****   /* For multithreading environment, schedule a call to netif_poll */
1162:Middlewares/Third_Party/LwIP/src/core/netif.c ****   if (schedule_poll) {
1163:Middlewares/Third_Party/LwIP/src/core/netif.c ****     tcpip_try_callback((tcpip_callback_fn)netif_poll, netif);
1164:Middlewares/Third_Party/LwIP/src/core/netif.c ****   }
1165:Middlewares/Third_Party/LwIP/src/core/netif.c **** #endif /* LWIP_NETIF_LOOPBACK_MULTITHREADING */
1166:Middlewares/Third_Party/LwIP/src/core/netif.c **** 
1167:Middlewares/Third_Party/LwIP/src/core/netif.c ****   return ERR_OK;
1168:Middlewares/Third_Party/LwIP/src/core/netif.c **** }
1169:Middlewares/Third_Party/LwIP/src/core/netif.c **** 
1170:Middlewares/Third_Party/LwIP/src/core/netif.c **** #if LWIP_HAVE_LOOPIF
1171:Middlewares/Third_Party/LwIP/src/core/netif.c **** #if LWIP_IPV4
1172:Middlewares/Third_Party/LwIP/src/core/netif.c **** static err_t
1173:Middlewares/Third_Party/LwIP/src/core/netif.c **** netif_loop_output_ipv4(struct netif *netif, struct pbuf *p, const ip4_addr_t *addr)
1174:Middlewares/Third_Party/LwIP/src/core/netif.c **** {
1175:Middlewares/Third_Party/LwIP/src/core/netif.c ****   LWIP_UNUSED_ARG(addr);
1176:Middlewares/Third_Party/LwIP/src/core/netif.c ****   return netif_loop_output(netif, p);
1177:Middlewares/Third_Party/LwIP/src/core/netif.c **** }
1178:Middlewares/Third_Party/LwIP/src/core/netif.c **** #endif /* LWIP_IPV4 */
ARM GAS  /tmp/ccHnuoCZ.s 			page 24


1179:Middlewares/Third_Party/LwIP/src/core/netif.c **** 
1180:Middlewares/Third_Party/LwIP/src/core/netif.c **** #if LWIP_IPV6
1181:Middlewares/Third_Party/LwIP/src/core/netif.c **** static err_t
1182:Middlewares/Third_Party/LwIP/src/core/netif.c **** netif_loop_output_ipv6(struct netif *netif, struct pbuf *p, const ip6_addr_t *addr)
1183:Middlewares/Third_Party/LwIP/src/core/netif.c **** {
1184:Middlewares/Third_Party/LwIP/src/core/netif.c ****   LWIP_UNUSED_ARG(addr);
1185:Middlewares/Third_Party/LwIP/src/core/netif.c ****   return netif_loop_output(netif, p);
1186:Middlewares/Third_Party/LwIP/src/core/netif.c **** }
1187:Middlewares/Third_Party/LwIP/src/core/netif.c **** #endif /* LWIP_IPV6 */
1188:Middlewares/Third_Party/LwIP/src/core/netif.c **** #endif /* LWIP_HAVE_LOOPIF */
1189:Middlewares/Third_Party/LwIP/src/core/netif.c **** 
1190:Middlewares/Third_Party/LwIP/src/core/netif.c **** 
1191:Middlewares/Third_Party/LwIP/src/core/netif.c **** /**
1192:Middlewares/Third_Party/LwIP/src/core/netif.c ****  * Call netif_poll() in the main loop of your application. This is to prevent
1193:Middlewares/Third_Party/LwIP/src/core/netif.c ****  * reentering non-reentrant functions like tcp_input(). Packets passed to
1194:Middlewares/Third_Party/LwIP/src/core/netif.c ****  * netif_loop_output() are put on a list that is passed to netif->input() by
1195:Middlewares/Third_Party/LwIP/src/core/netif.c ****  * netif_poll().
1196:Middlewares/Third_Party/LwIP/src/core/netif.c ****  */
1197:Middlewares/Third_Party/LwIP/src/core/netif.c **** void
1198:Middlewares/Third_Party/LwIP/src/core/netif.c **** netif_poll(struct netif *netif)
1199:Middlewares/Third_Party/LwIP/src/core/netif.c **** {
1200:Middlewares/Third_Party/LwIP/src/core/netif.c ****   /* If we have a loopif, SNMP counters are adjusted for it,
1201:Middlewares/Third_Party/LwIP/src/core/netif.c ****    * if not they are adjusted for 'netif'. */
1202:Middlewares/Third_Party/LwIP/src/core/netif.c **** #if MIB2_STATS
1203:Middlewares/Third_Party/LwIP/src/core/netif.c **** #if LWIP_HAVE_LOOPIF
1204:Middlewares/Third_Party/LwIP/src/core/netif.c ****   struct netif *stats_if = &loop_netif;
1205:Middlewares/Third_Party/LwIP/src/core/netif.c **** #else /* LWIP_HAVE_LOOPIF */
1206:Middlewares/Third_Party/LwIP/src/core/netif.c ****   struct netif *stats_if = netif;
1207:Middlewares/Third_Party/LwIP/src/core/netif.c **** #endif /* LWIP_HAVE_LOOPIF */
1208:Middlewares/Third_Party/LwIP/src/core/netif.c **** #endif /* MIB2_STATS */
1209:Middlewares/Third_Party/LwIP/src/core/netif.c ****   SYS_ARCH_DECL_PROTECT(lev);
1210:Middlewares/Third_Party/LwIP/src/core/netif.c **** 
1211:Middlewares/Third_Party/LwIP/src/core/netif.c ****   LWIP_ASSERT("netif_poll: invalid netif", netif != NULL);
1212:Middlewares/Third_Party/LwIP/src/core/netif.c **** 
1213:Middlewares/Third_Party/LwIP/src/core/netif.c ****   /* Get a packet from the list. With SYS_LIGHTWEIGHT_PROT=1, this is protected */
1214:Middlewares/Third_Party/LwIP/src/core/netif.c ****   SYS_ARCH_PROTECT(lev);
1215:Middlewares/Third_Party/LwIP/src/core/netif.c ****   while (netif->loop_first != NULL) {
1216:Middlewares/Third_Party/LwIP/src/core/netif.c ****     struct pbuf *in, *in_end;
1217:Middlewares/Third_Party/LwIP/src/core/netif.c **** #if LWIP_LOOPBACK_MAX_PBUFS
1218:Middlewares/Third_Party/LwIP/src/core/netif.c ****     u8_t clen = 1;
1219:Middlewares/Third_Party/LwIP/src/core/netif.c **** #endif /* LWIP_LOOPBACK_MAX_PBUFS */
1220:Middlewares/Third_Party/LwIP/src/core/netif.c **** 
1221:Middlewares/Third_Party/LwIP/src/core/netif.c ****     in = in_end = netif->loop_first;
1222:Middlewares/Third_Party/LwIP/src/core/netif.c ****     while (in_end->len != in_end->tot_len) {
1223:Middlewares/Third_Party/LwIP/src/core/netif.c ****       LWIP_ASSERT("bogus pbuf: len != tot_len but next == NULL!", in_end->next != NULL);
1224:Middlewares/Third_Party/LwIP/src/core/netif.c ****       in_end = in_end->next;
1225:Middlewares/Third_Party/LwIP/src/core/netif.c **** #if LWIP_LOOPBACK_MAX_PBUFS
1226:Middlewares/Third_Party/LwIP/src/core/netif.c ****       clen++;
1227:Middlewares/Third_Party/LwIP/src/core/netif.c **** #endif /* LWIP_LOOPBACK_MAX_PBUFS */
1228:Middlewares/Third_Party/LwIP/src/core/netif.c ****     }
1229:Middlewares/Third_Party/LwIP/src/core/netif.c **** #if LWIP_LOOPBACK_MAX_PBUFS
1230:Middlewares/Third_Party/LwIP/src/core/netif.c ****     /* adjust the number of pbufs on queue */
1231:Middlewares/Third_Party/LwIP/src/core/netif.c ****     LWIP_ASSERT("netif->loop_cnt_current underflow",
1232:Middlewares/Third_Party/LwIP/src/core/netif.c ****                 ((netif->loop_cnt_current - clen) < netif->loop_cnt_current));
1233:Middlewares/Third_Party/LwIP/src/core/netif.c ****     netif->loop_cnt_current = (u16_t)(netif->loop_cnt_current - clen);
1234:Middlewares/Third_Party/LwIP/src/core/netif.c **** #endif /* LWIP_LOOPBACK_MAX_PBUFS */
1235:Middlewares/Third_Party/LwIP/src/core/netif.c **** 
ARM GAS  /tmp/ccHnuoCZ.s 			page 25


1236:Middlewares/Third_Party/LwIP/src/core/netif.c ****     /* 'in_end' now points to the last pbuf from 'in' */
1237:Middlewares/Third_Party/LwIP/src/core/netif.c ****     if (in_end == netif->loop_last) {
1238:Middlewares/Third_Party/LwIP/src/core/netif.c ****       /* this was the last pbuf in the list */
1239:Middlewares/Third_Party/LwIP/src/core/netif.c ****       netif->loop_first = netif->loop_last = NULL;
1240:Middlewares/Third_Party/LwIP/src/core/netif.c ****     } else {
1241:Middlewares/Third_Party/LwIP/src/core/netif.c ****       /* pop the pbuf off the list */
1242:Middlewares/Third_Party/LwIP/src/core/netif.c ****       netif->loop_first = in_end->next;
1243:Middlewares/Third_Party/LwIP/src/core/netif.c ****       LWIP_ASSERT("should not be null since first != last!", netif->loop_first != NULL);
1244:Middlewares/Third_Party/LwIP/src/core/netif.c ****     }
1245:Middlewares/Third_Party/LwIP/src/core/netif.c ****     /* De-queue the pbuf from its successors on the 'loop_' list. */
1246:Middlewares/Third_Party/LwIP/src/core/netif.c ****     in_end->next = NULL;
1247:Middlewares/Third_Party/LwIP/src/core/netif.c ****     SYS_ARCH_UNPROTECT(lev);
1248:Middlewares/Third_Party/LwIP/src/core/netif.c **** 
1249:Middlewares/Third_Party/LwIP/src/core/netif.c ****     in->if_idx = netif_get_index(netif);
1250:Middlewares/Third_Party/LwIP/src/core/netif.c **** 
1251:Middlewares/Third_Party/LwIP/src/core/netif.c ****     LINK_STATS_INC(link.recv);
1252:Middlewares/Third_Party/LwIP/src/core/netif.c ****     MIB2_STATS_NETIF_ADD(stats_if, ifinoctets, in->tot_len);
1253:Middlewares/Third_Party/LwIP/src/core/netif.c ****     MIB2_STATS_NETIF_INC(stats_if, ifinucastpkts);
1254:Middlewares/Third_Party/LwIP/src/core/netif.c ****     /* loopback packets are always IP packets! */
1255:Middlewares/Third_Party/LwIP/src/core/netif.c ****     if (ip_input(in, netif) != ERR_OK) {
1256:Middlewares/Third_Party/LwIP/src/core/netif.c ****       pbuf_free(in);
1257:Middlewares/Third_Party/LwIP/src/core/netif.c ****     }
1258:Middlewares/Third_Party/LwIP/src/core/netif.c ****     SYS_ARCH_PROTECT(lev);
1259:Middlewares/Third_Party/LwIP/src/core/netif.c ****   }
1260:Middlewares/Third_Party/LwIP/src/core/netif.c ****   SYS_ARCH_UNPROTECT(lev);
1261:Middlewares/Third_Party/LwIP/src/core/netif.c **** }
1262:Middlewares/Third_Party/LwIP/src/core/netif.c **** 
1263:Middlewares/Third_Party/LwIP/src/core/netif.c **** #if !LWIP_NETIF_LOOPBACK_MULTITHREADING
1264:Middlewares/Third_Party/LwIP/src/core/netif.c **** /**
1265:Middlewares/Third_Party/LwIP/src/core/netif.c ****  * Calls netif_poll() for every netif on the netif_list.
1266:Middlewares/Third_Party/LwIP/src/core/netif.c ****  */
1267:Middlewares/Third_Party/LwIP/src/core/netif.c **** void
1268:Middlewares/Third_Party/LwIP/src/core/netif.c **** netif_poll_all(void)
1269:Middlewares/Third_Party/LwIP/src/core/netif.c **** {
1270:Middlewares/Third_Party/LwIP/src/core/netif.c ****   struct netif *netif;
1271:Middlewares/Third_Party/LwIP/src/core/netif.c ****   /* loop through netifs */
1272:Middlewares/Third_Party/LwIP/src/core/netif.c ****   NETIF_FOREACH(netif) {
1273:Middlewares/Third_Party/LwIP/src/core/netif.c ****     netif_poll(netif);
1274:Middlewares/Third_Party/LwIP/src/core/netif.c ****   }
1275:Middlewares/Third_Party/LwIP/src/core/netif.c **** }
1276:Middlewares/Third_Party/LwIP/src/core/netif.c **** #endif /* !LWIP_NETIF_LOOPBACK_MULTITHREADING */
1277:Middlewares/Third_Party/LwIP/src/core/netif.c **** #endif /* ENABLE_LOOPBACK */
1278:Middlewares/Third_Party/LwIP/src/core/netif.c **** 
1279:Middlewares/Third_Party/LwIP/src/core/netif.c **** #if LWIP_NUM_NETIF_CLIENT_DATA > 0
1280:Middlewares/Third_Party/LwIP/src/core/netif.c **** /**
1281:Middlewares/Third_Party/LwIP/src/core/netif.c ****  * @ingroup netif_cd
1282:Middlewares/Third_Party/LwIP/src/core/netif.c ****  * Allocate an index to store data in client_data member of struct netif.
1283:Middlewares/Third_Party/LwIP/src/core/netif.c ****  * Returned value is an index in mentioned array.
1284:Middlewares/Third_Party/LwIP/src/core/netif.c ****  * @see LWIP_NUM_NETIF_CLIENT_DATA
1285:Middlewares/Third_Party/LwIP/src/core/netif.c ****  */
1286:Middlewares/Third_Party/LwIP/src/core/netif.c **** u8_t
1287:Middlewares/Third_Party/LwIP/src/core/netif.c **** netif_alloc_client_data_id(void)
1288:Middlewares/Third_Party/LwIP/src/core/netif.c **** {
1289:Middlewares/Third_Party/LwIP/src/core/netif.c ****   u8_t result = netif_client_id;
1290:Middlewares/Third_Party/LwIP/src/core/netif.c ****   netif_client_id++;
1291:Middlewares/Third_Party/LwIP/src/core/netif.c **** 
1292:Middlewares/Third_Party/LwIP/src/core/netif.c ****   LWIP_ASSERT_CORE_LOCKED();
ARM GAS  /tmp/ccHnuoCZ.s 			page 26


1293:Middlewares/Third_Party/LwIP/src/core/netif.c **** 
1294:Middlewares/Third_Party/LwIP/src/core/netif.c **** #if LWIP_NUM_NETIF_CLIENT_DATA > 256
1295:Middlewares/Third_Party/LwIP/src/core/netif.c **** #error LWIP_NUM_NETIF_CLIENT_DATA must be <= 256
1296:Middlewares/Third_Party/LwIP/src/core/netif.c **** #endif
1297:Middlewares/Third_Party/LwIP/src/core/netif.c ****   LWIP_ASSERT("Increase LWIP_NUM_NETIF_CLIENT_DATA in lwipopts.h", result < LWIP_NUM_NETIF_CLIENT_D
1298:Middlewares/Third_Party/LwIP/src/core/netif.c ****   return (u8_t)(result + LWIP_NETIF_CLIENT_DATA_INDEX_MAX);
1299:Middlewares/Third_Party/LwIP/src/core/netif.c **** }
1300:Middlewares/Third_Party/LwIP/src/core/netif.c **** #endif
1301:Middlewares/Third_Party/LwIP/src/core/netif.c **** 
1302:Middlewares/Third_Party/LwIP/src/core/netif.c **** #if LWIP_IPV6
1303:Middlewares/Third_Party/LwIP/src/core/netif.c **** /**
1304:Middlewares/Third_Party/LwIP/src/core/netif.c ****  * @ingroup netif_ip6
1305:Middlewares/Third_Party/LwIP/src/core/netif.c ****  * Change an IPv6 address of a network interface
1306:Middlewares/Third_Party/LwIP/src/core/netif.c ****  *
1307:Middlewares/Third_Party/LwIP/src/core/netif.c ****  * @param netif the network interface to change
1308:Middlewares/Third_Party/LwIP/src/core/netif.c ****  * @param addr_idx index of the IPv6 address
1309:Middlewares/Third_Party/LwIP/src/core/netif.c ****  * @param addr6 the new IPv6 address
1310:Middlewares/Third_Party/LwIP/src/core/netif.c ****  *
1311:Middlewares/Third_Party/LwIP/src/core/netif.c ****  * @note call netif_ip6_addr_set_state() to set the address valid/temptative
1312:Middlewares/Third_Party/LwIP/src/core/netif.c ****  */
1313:Middlewares/Third_Party/LwIP/src/core/netif.c **** void
1314:Middlewares/Third_Party/LwIP/src/core/netif.c **** netif_ip6_addr_set(struct netif *netif, s8_t addr_idx, const ip6_addr_t *addr6)
1315:Middlewares/Third_Party/LwIP/src/core/netif.c **** {
1316:Middlewares/Third_Party/LwIP/src/core/netif.c ****   LWIP_ASSERT_CORE_LOCKED();
1317:Middlewares/Third_Party/LwIP/src/core/netif.c **** 
1318:Middlewares/Third_Party/LwIP/src/core/netif.c ****   LWIP_ASSERT("netif_ip6_addr_set: invalid netif", netif != NULL);
1319:Middlewares/Third_Party/LwIP/src/core/netif.c ****   LWIP_ASSERT("netif_ip6_addr_set: invalid addr6", addr6 != NULL);
1320:Middlewares/Third_Party/LwIP/src/core/netif.c **** 
1321:Middlewares/Third_Party/LwIP/src/core/netif.c ****   netif_ip6_addr_set_parts(netif, addr_idx, addr6->addr[0], addr6->addr[1],
1322:Middlewares/Third_Party/LwIP/src/core/netif.c ****                            addr6->addr[2], addr6->addr[3]);
1323:Middlewares/Third_Party/LwIP/src/core/netif.c **** }
1324:Middlewares/Third_Party/LwIP/src/core/netif.c **** 
1325:Middlewares/Third_Party/LwIP/src/core/netif.c **** /*
1326:Middlewares/Third_Party/LwIP/src/core/netif.c ****  * Change an IPv6 address of a network interface (internal version taking 4 * u32_t)
1327:Middlewares/Third_Party/LwIP/src/core/netif.c ****  *
1328:Middlewares/Third_Party/LwIP/src/core/netif.c ****  * @param netif the network interface to change
1329:Middlewares/Third_Party/LwIP/src/core/netif.c ****  * @param addr_idx index of the IPv6 address
1330:Middlewares/Third_Party/LwIP/src/core/netif.c ****  * @param i0 word0 of the new IPv6 address
1331:Middlewares/Third_Party/LwIP/src/core/netif.c ****  * @param i1 word1 of the new IPv6 address
1332:Middlewares/Third_Party/LwIP/src/core/netif.c ****  * @param i2 word2 of the new IPv6 address
1333:Middlewares/Third_Party/LwIP/src/core/netif.c ****  * @param i3 word3 of the new IPv6 address
1334:Middlewares/Third_Party/LwIP/src/core/netif.c ****  */
1335:Middlewares/Third_Party/LwIP/src/core/netif.c **** void
1336:Middlewares/Third_Party/LwIP/src/core/netif.c **** netif_ip6_addr_set_parts(struct netif *netif, s8_t addr_idx, u32_t i0, u32_t i1, u32_t i2, u32_t i3
1337:Middlewares/Third_Party/LwIP/src/core/netif.c **** {
1338:Middlewares/Third_Party/LwIP/src/core/netif.c ****   ip_addr_t old_addr;
1339:Middlewares/Third_Party/LwIP/src/core/netif.c ****   ip_addr_t new_ipaddr;
1340:Middlewares/Third_Party/LwIP/src/core/netif.c ****   LWIP_ASSERT_CORE_LOCKED();
1341:Middlewares/Third_Party/LwIP/src/core/netif.c ****   LWIP_ASSERT("netif != NULL", netif != NULL);
1342:Middlewares/Third_Party/LwIP/src/core/netif.c ****   LWIP_ASSERT("invalid index", addr_idx < LWIP_IPV6_NUM_ADDRESSES);
1343:Middlewares/Third_Party/LwIP/src/core/netif.c **** 
1344:Middlewares/Third_Party/LwIP/src/core/netif.c ****   ip6_addr_copy(*ip_2_ip6(&old_addr), *netif_ip6_addr(netif, addr_idx));
1345:Middlewares/Third_Party/LwIP/src/core/netif.c ****   IP_SET_TYPE_VAL(old_addr, IPADDR_TYPE_V6);
1346:Middlewares/Third_Party/LwIP/src/core/netif.c **** 
1347:Middlewares/Third_Party/LwIP/src/core/netif.c ****   /* address is actually being changed? */
1348:Middlewares/Third_Party/LwIP/src/core/netif.c ****   if ((ip_2_ip6(&old_addr)->addr[0] != i0) || (ip_2_ip6(&old_addr)->addr[1] != i1) ||
1349:Middlewares/Third_Party/LwIP/src/core/netif.c ****       (ip_2_ip6(&old_addr)->addr[2] != i2) || (ip_2_ip6(&old_addr)->addr[3] != i3)) {
ARM GAS  /tmp/ccHnuoCZ.s 			page 27


1350:Middlewares/Third_Party/LwIP/src/core/netif.c ****     LWIP_DEBUGF(NETIF_DEBUG | LWIP_DBG_STATE, ("netif_ip6_addr_set: netif address being changed\n")
1351:Middlewares/Third_Party/LwIP/src/core/netif.c **** 
1352:Middlewares/Third_Party/LwIP/src/core/netif.c ****     IP_ADDR6(&new_ipaddr, i0, i1, i2, i3);
1353:Middlewares/Third_Party/LwIP/src/core/netif.c ****     ip6_addr_assign_zone(ip_2_ip6(&new_ipaddr), IP6_UNICAST, netif);
1354:Middlewares/Third_Party/LwIP/src/core/netif.c **** 
1355:Middlewares/Third_Party/LwIP/src/core/netif.c ****     if (ip6_addr_isvalid(netif_ip6_addr_state(netif, addr_idx))) {
1356:Middlewares/Third_Party/LwIP/src/core/netif.c ****       netif_do_ip_addr_changed(netif_ip_addr6(netif, addr_idx), &new_ipaddr);
1357:Middlewares/Third_Party/LwIP/src/core/netif.c ****     }
1358:Middlewares/Third_Party/LwIP/src/core/netif.c ****     /* @todo: remove/readd mib2 ip6 entries? */
1359:Middlewares/Third_Party/LwIP/src/core/netif.c **** 
1360:Middlewares/Third_Party/LwIP/src/core/netif.c ****     ip_addr_copy(netif->ip6_addr[addr_idx], new_ipaddr);
1361:Middlewares/Third_Party/LwIP/src/core/netif.c **** 
1362:Middlewares/Third_Party/LwIP/src/core/netif.c ****     if (ip6_addr_isvalid(netif_ip6_addr_state(netif, addr_idx))) {
1363:Middlewares/Third_Party/LwIP/src/core/netif.c ****       netif_issue_reports(netif, NETIF_REPORT_TYPE_IPV6);
1364:Middlewares/Third_Party/LwIP/src/core/netif.c ****       NETIF_STATUS_CALLBACK(netif);
1365:Middlewares/Third_Party/LwIP/src/core/netif.c ****     }
1366:Middlewares/Third_Party/LwIP/src/core/netif.c **** 
1367:Middlewares/Third_Party/LwIP/src/core/netif.c **** #if LWIP_NETIF_EXT_STATUS_CALLBACK
1368:Middlewares/Third_Party/LwIP/src/core/netif.c ****     {
1369:Middlewares/Third_Party/LwIP/src/core/netif.c ****       netif_ext_callback_args_t args;
1370:Middlewares/Third_Party/LwIP/src/core/netif.c ****       args.ipv6_set.addr_index  = addr_idx;
1371:Middlewares/Third_Party/LwIP/src/core/netif.c ****       args.ipv6_set.old_address = &old_addr;
1372:Middlewares/Third_Party/LwIP/src/core/netif.c ****       netif_invoke_ext_callback(netif, LWIP_NSC_IPV6_SET, &args);
1373:Middlewares/Third_Party/LwIP/src/core/netif.c ****     }
1374:Middlewares/Third_Party/LwIP/src/core/netif.c **** #endif
1375:Middlewares/Third_Party/LwIP/src/core/netif.c ****   }
1376:Middlewares/Third_Party/LwIP/src/core/netif.c **** 
1377:Middlewares/Third_Party/LwIP/src/core/netif.c ****   LWIP_DEBUGF(NETIF_DEBUG | LWIP_DBG_TRACE | LWIP_DBG_STATE, ("netif: IPv6 address %d of interface 
1378:Middlewares/Third_Party/LwIP/src/core/netif.c ****               addr_idx, netif->name[0], netif->name[1], ip6addr_ntoa(netif_ip6_addr(netif, addr_idx
1379:Middlewares/Third_Party/LwIP/src/core/netif.c ****               netif_ip6_addr_state(netif, addr_idx)));
1380:Middlewares/Third_Party/LwIP/src/core/netif.c **** }
1381:Middlewares/Third_Party/LwIP/src/core/netif.c **** 
1382:Middlewares/Third_Party/LwIP/src/core/netif.c **** /**
1383:Middlewares/Third_Party/LwIP/src/core/netif.c ****  * @ingroup netif_ip6
1384:Middlewares/Third_Party/LwIP/src/core/netif.c ****  * Change the state of an IPv6 address of a network interface
1385:Middlewares/Third_Party/LwIP/src/core/netif.c ****  * (INVALID, TEMPTATIVE, PREFERRED, DEPRECATED, where TEMPTATIVE
1386:Middlewares/Third_Party/LwIP/src/core/netif.c ****  * includes the number of checks done, see ip6_addr.h)
1387:Middlewares/Third_Party/LwIP/src/core/netif.c ****  *
1388:Middlewares/Third_Party/LwIP/src/core/netif.c ****  * @param netif the network interface to change
1389:Middlewares/Third_Party/LwIP/src/core/netif.c ****  * @param addr_idx index of the IPv6 address
1390:Middlewares/Third_Party/LwIP/src/core/netif.c ****  * @param state the new IPv6 address state
1391:Middlewares/Third_Party/LwIP/src/core/netif.c ****  */
1392:Middlewares/Third_Party/LwIP/src/core/netif.c **** void
1393:Middlewares/Third_Party/LwIP/src/core/netif.c **** netif_ip6_addr_set_state(struct netif *netif, s8_t addr_idx, u8_t state)
1394:Middlewares/Third_Party/LwIP/src/core/netif.c **** {
1395:Middlewares/Third_Party/LwIP/src/core/netif.c ****   u8_t old_state;
1396:Middlewares/Third_Party/LwIP/src/core/netif.c ****   LWIP_ASSERT_CORE_LOCKED();
1397:Middlewares/Third_Party/LwIP/src/core/netif.c ****   LWIP_ASSERT("netif != NULL", netif != NULL);
1398:Middlewares/Third_Party/LwIP/src/core/netif.c ****   LWIP_ASSERT("invalid index", addr_idx < LWIP_IPV6_NUM_ADDRESSES);
1399:Middlewares/Third_Party/LwIP/src/core/netif.c **** 
1400:Middlewares/Third_Party/LwIP/src/core/netif.c ****   old_state = netif_ip6_addr_state(netif, addr_idx);
1401:Middlewares/Third_Party/LwIP/src/core/netif.c ****   /* state is actually being changed? */
1402:Middlewares/Third_Party/LwIP/src/core/netif.c ****   if (old_state != state) {
1403:Middlewares/Third_Party/LwIP/src/core/netif.c ****     u8_t old_valid = old_state & IP6_ADDR_VALID;
1404:Middlewares/Third_Party/LwIP/src/core/netif.c ****     u8_t new_valid = state & IP6_ADDR_VALID;
1405:Middlewares/Third_Party/LwIP/src/core/netif.c ****     LWIP_DEBUGF(NETIF_DEBUG | LWIP_DBG_STATE, ("netif_ip6_addr_set_state: netif address state being
1406:Middlewares/Third_Party/LwIP/src/core/netif.c **** 
ARM GAS  /tmp/ccHnuoCZ.s 			page 28


1407:Middlewares/Third_Party/LwIP/src/core/netif.c **** #if LWIP_IPV6_MLD
1408:Middlewares/Third_Party/LwIP/src/core/netif.c ****     /* Reevaluate solicited-node multicast group membership. */
1409:Middlewares/Third_Party/LwIP/src/core/netif.c ****     if (netif->flags & NETIF_FLAG_MLD6) {
1410:Middlewares/Third_Party/LwIP/src/core/netif.c ****       nd6_adjust_mld_membership(netif, addr_idx, state);
1411:Middlewares/Third_Party/LwIP/src/core/netif.c ****     }
1412:Middlewares/Third_Party/LwIP/src/core/netif.c **** #endif /* LWIP_IPV6_MLD */
1413:Middlewares/Third_Party/LwIP/src/core/netif.c **** 
1414:Middlewares/Third_Party/LwIP/src/core/netif.c ****     if (old_valid && !new_valid) {
1415:Middlewares/Third_Party/LwIP/src/core/netif.c ****       /* address about to be removed by setting invalid */
1416:Middlewares/Third_Party/LwIP/src/core/netif.c ****       netif_do_ip_addr_changed(netif_ip_addr6(netif, addr_idx), NULL);
1417:Middlewares/Third_Party/LwIP/src/core/netif.c ****       /* @todo: remove mib2 ip6 entries? */
1418:Middlewares/Third_Party/LwIP/src/core/netif.c ****     }
1419:Middlewares/Third_Party/LwIP/src/core/netif.c ****     netif->ip6_addr_state[addr_idx] = state;
1420:Middlewares/Third_Party/LwIP/src/core/netif.c **** 
1421:Middlewares/Third_Party/LwIP/src/core/netif.c ****     if (!old_valid && new_valid) {
1422:Middlewares/Third_Party/LwIP/src/core/netif.c ****       /* address added by setting valid */
1423:Middlewares/Third_Party/LwIP/src/core/netif.c ****       /* This is a good moment to check that the address is properly zoned. */
1424:Middlewares/Third_Party/LwIP/src/core/netif.c ****       IP6_ADDR_ZONECHECK_NETIF(netif_ip6_addr(netif, addr_idx), netif);
1425:Middlewares/Third_Party/LwIP/src/core/netif.c ****       /* @todo: add mib2 ip6 entries? */
1426:Middlewares/Third_Party/LwIP/src/core/netif.c ****       netif_issue_reports(netif, NETIF_REPORT_TYPE_IPV6);
1427:Middlewares/Third_Party/LwIP/src/core/netif.c ****     }
1428:Middlewares/Third_Party/LwIP/src/core/netif.c ****     if ((old_state & ~IP6_ADDR_TENTATIVE_COUNT_MASK) !=
1429:Middlewares/Third_Party/LwIP/src/core/netif.c ****         (state     & ~IP6_ADDR_TENTATIVE_COUNT_MASK)) {
1430:Middlewares/Third_Party/LwIP/src/core/netif.c ****       /* address state has changed -> call the callback function */
1431:Middlewares/Third_Party/LwIP/src/core/netif.c ****       NETIF_STATUS_CALLBACK(netif);
1432:Middlewares/Third_Party/LwIP/src/core/netif.c ****     }
1433:Middlewares/Third_Party/LwIP/src/core/netif.c **** 
1434:Middlewares/Third_Party/LwIP/src/core/netif.c **** #if LWIP_NETIF_EXT_STATUS_CALLBACK
1435:Middlewares/Third_Party/LwIP/src/core/netif.c ****     {
1436:Middlewares/Third_Party/LwIP/src/core/netif.c ****       netif_ext_callback_args_t args;
1437:Middlewares/Third_Party/LwIP/src/core/netif.c ****       args.ipv6_addr_state_changed.addr_index = addr_idx;
1438:Middlewares/Third_Party/LwIP/src/core/netif.c ****       args.ipv6_addr_state_changed.old_state  = old_state;
1439:Middlewares/Third_Party/LwIP/src/core/netif.c ****       args.ipv6_addr_state_changed.address    = netif_ip_addr6(netif, addr_idx);
1440:Middlewares/Third_Party/LwIP/src/core/netif.c ****       netif_invoke_ext_callback(netif, LWIP_NSC_IPV6_ADDR_STATE_CHANGED, &args);
1441:Middlewares/Third_Party/LwIP/src/core/netif.c ****     }
1442:Middlewares/Third_Party/LwIP/src/core/netif.c **** #endif
1443:Middlewares/Third_Party/LwIP/src/core/netif.c ****   }
1444:Middlewares/Third_Party/LwIP/src/core/netif.c ****   LWIP_DEBUGF(NETIF_DEBUG | LWIP_DBG_TRACE | LWIP_DBG_STATE, ("netif: IPv6 address %d of interface 
1445:Middlewares/Third_Party/LwIP/src/core/netif.c ****               addr_idx, netif->name[0], netif->name[1], ip6addr_ntoa(netif_ip6_addr(netif, addr_idx
1446:Middlewares/Third_Party/LwIP/src/core/netif.c ****               netif_ip6_addr_state(netif, addr_idx)));
1447:Middlewares/Third_Party/LwIP/src/core/netif.c **** }
1448:Middlewares/Third_Party/LwIP/src/core/netif.c **** 
1449:Middlewares/Third_Party/LwIP/src/core/netif.c **** /**
1450:Middlewares/Third_Party/LwIP/src/core/netif.c ****  * Checks if a specific local address is present on the netif and returns its
1451:Middlewares/Third_Party/LwIP/src/core/netif.c ****  * index. Depending on its state, it may or may not be assigned to the
1452:Middlewares/Third_Party/LwIP/src/core/netif.c ****  * interface (as per RFC terminology).
1453:Middlewares/Third_Party/LwIP/src/core/netif.c ****  *
1454:Middlewares/Third_Party/LwIP/src/core/netif.c ****  * The given address may or may not be zoned (i.e., have a zone index other
1455:Middlewares/Third_Party/LwIP/src/core/netif.c ****  * than IP6_NO_ZONE). If the address is zoned, it must have the correct zone
1456:Middlewares/Third_Party/LwIP/src/core/netif.c ****  * for the given netif, or no match will be found.
1457:Middlewares/Third_Party/LwIP/src/core/netif.c ****  *
1458:Middlewares/Third_Party/LwIP/src/core/netif.c ****  * @param netif the netif to check
1459:Middlewares/Third_Party/LwIP/src/core/netif.c ****  * @param ip6addr the IPv6 address to find
1460:Middlewares/Third_Party/LwIP/src/core/netif.c ****  * @return >= 0: address found, this is its index
1461:Middlewares/Third_Party/LwIP/src/core/netif.c ****  *         -1: address not found on this netif
1462:Middlewares/Third_Party/LwIP/src/core/netif.c ****  */
1463:Middlewares/Third_Party/LwIP/src/core/netif.c **** s8_t
ARM GAS  /tmp/ccHnuoCZ.s 			page 29


1464:Middlewares/Third_Party/LwIP/src/core/netif.c **** netif_get_ip6_addr_match(struct netif *netif, const ip6_addr_t *ip6addr)
1465:Middlewares/Third_Party/LwIP/src/core/netif.c **** {
1466:Middlewares/Third_Party/LwIP/src/core/netif.c ****   s8_t i;
1467:Middlewares/Third_Party/LwIP/src/core/netif.c **** 
1468:Middlewares/Third_Party/LwIP/src/core/netif.c ****   LWIP_ASSERT_CORE_LOCKED();
1469:Middlewares/Third_Party/LwIP/src/core/netif.c **** 
1470:Middlewares/Third_Party/LwIP/src/core/netif.c ****   LWIP_ASSERT("netif_get_ip6_addr_match: invalid netif", netif != NULL);
1471:Middlewares/Third_Party/LwIP/src/core/netif.c ****   LWIP_ASSERT("netif_get_ip6_addr_match: invalid ip6addr", ip6addr != NULL);
1472:Middlewares/Third_Party/LwIP/src/core/netif.c **** 
1473:Middlewares/Third_Party/LwIP/src/core/netif.c **** #if LWIP_IPV6_SCOPES
1474:Middlewares/Third_Party/LwIP/src/core/netif.c ****   if (ip6_addr_has_zone(ip6addr) && !ip6_addr_test_zone(ip6addr, netif)) {
1475:Middlewares/Third_Party/LwIP/src/core/netif.c ****     return -1; /* wrong zone, no match */
1476:Middlewares/Third_Party/LwIP/src/core/netif.c ****   }
1477:Middlewares/Third_Party/LwIP/src/core/netif.c **** #endif /* LWIP_IPV6_SCOPES */
1478:Middlewares/Third_Party/LwIP/src/core/netif.c **** 
1479:Middlewares/Third_Party/LwIP/src/core/netif.c ****   for (i = 0; i < LWIP_IPV6_NUM_ADDRESSES; i++) {
1480:Middlewares/Third_Party/LwIP/src/core/netif.c ****     if (!ip6_addr_isinvalid(netif_ip6_addr_state(netif, i)) &&
1481:Middlewares/Third_Party/LwIP/src/core/netif.c ****         ip6_addr_cmp_zoneless(netif_ip6_addr(netif, i), ip6addr)) {
1482:Middlewares/Third_Party/LwIP/src/core/netif.c ****       return i;
1483:Middlewares/Third_Party/LwIP/src/core/netif.c ****     }
1484:Middlewares/Third_Party/LwIP/src/core/netif.c ****   }
1485:Middlewares/Third_Party/LwIP/src/core/netif.c ****   return -1;
1486:Middlewares/Third_Party/LwIP/src/core/netif.c **** }
1487:Middlewares/Third_Party/LwIP/src/core/netif.c **** 
1488:Middlewares/Third_Party/LwIP/src/core/netif.c **** /**
1489:Middlewares/Third_Party/LwIP/src/core/netif.c ****  * @ingroup netif_ip6
1490:Middlewares/Third_Party/LwIP/src/core/netif.c ****  * Create a link-local IPv6 address on a netif (stored in slot 0)
1491:Middlewares/Third_Party/LwIP/src/core/netif.c ****  *
1492:Middlewares/Third_Party/LwIP/src/core/netif.c ****  * @param netif the netif to create the address on
1493:Middlewares/Third_Party/LwIP/src/core/netif.c ****  * @param from_mac_48bit if != 0, assume hwadr is a 48-bit MAC address (std conversion)
1494:Middlewares/Third_Party/LwIP/src/core/netif.c ****  *                       if == 0, use hwaddr directly as interface ID
1495:Middlewares/Third_Party/LwIP/src/core/netif.c ****  */
1496:Middlewares/Third_Party/LwIP/src/core/netif.c **** void
1497:Middlewares/Third_Party/LwIP/src/core/netif.c **** netif_create_ip6_linklocal_address(struct netif *netif, u8_t from_mac_48bit)
1498:Middlewares/Third_Party/LwIP/src/core/netif.c **** {
1499:Middlewares/Third_Party/LwIP/src/core/netif.c ****   u8_t i, addr_index;
1500:Middlewares/Third_Party/LwIP/src/core/netif.c **** 
1501:Middlewares/Third_Party/LwIP/src/core/netif.c ****   LWIP_ASSERT_CORE_LOCKED();
1502:Middlewares/Third_Party/LwIP/src/core/netif.c **** 
1503:Middlewares/Third_Party/LwIP/src/core/netif.c ****   LWIP_ASSERT("netif_create_ip6_linklocal_address: invalid netif", netif != NULL);
1504:Middlewares/Third_Party/LwIP/src/core/netif.c **** 
1505:Middlewares/Third_Party/LwIP/src/core/netif.c ****   /* Link-local prefix. */
1506:Middlewares/Third_Party/LwIP/src/core/netif.c ****   ip_2_ip6(&netif->ip6_addr[0])->addr[0] = PP_HTONL(0xfe800000ul);
1507:Middlewares/Third_Party/LwIP/src/core/netif.c ****   ip_2_ip6(&netif->ip6_addr[0])->addr[1] = 0;
1508:Middlewares/Third_Party/LwIP/src/core/netif.c **** 
1509:Middlewares/Third_Party/LwIP/src/core/netif.c ****   /* Generate interface ID. */
1510:Middlewares/Third_Party/LwIP/src/core/netif.c ****   if (from_mac_48bit) {
1511:Middlewares/Third_Party/LwIP/src/core/netif.c ****     /* Assume hwaddr is a 48-bit IEEE 802 MAC. Convert to EUI-64 address. Complement Group bit. */
1512:Middlewares/Third_Party/LwIP/src/core/netif.c ****     ip_2_ip6(&netif->ip6_addr[0])->addr[2] = lwip_htonl((((u32_t)(netif->hwaddr[0] ^ 0x02)) << 24) 
1513:Middlewares/Third_Party/LwIP/src/core/netif.c ****         ((u32_t)(netif->hwaddr[1]) << 16) |
1514:Middlewares/Third_Party/LwIP/src/core/netif.c ****         ((u32_t)(netif->hwaddr[2]) << 8) |
1515:Middlewares/Third_Party/LwIP/src/core/netif.c ****         (0xff));
1516:Middlewares/Third_Party/LwIP/src/core/netif.c ****     ip_2_ip6(&netif->ip6_addr[0])->addr[3] = lwip_htonl((u32_t)(0xfeul << 24) |
1517:Middlewares/Third_Party/LwIP/src/core/netif.c ****         ((u32_t)(netif->hwaddr[3]) << 16) |
1518:Middlewares/Third_Party/LwIP/src/core/netif.c ****         ((u32_t)(netif->hwaddr[4]) << 8) |
1519:Middlewares/Third_Party/LwIP/src/core/netif.c ****         (netif->hwaddr[5]));
1520:Middlewares/Third_Party/LwIP/src/core/netif.c ****   } else {
ARM GAS  /tmp/ccHnuoCZ.s 			page 30


1521:Middlewares/Third_Party/LwIP/src/core/netif.c ****     /* Use hwaddr directly as interface ID. */
1522:Middlewares/Third_Party/LwIP/src/core/netif.c ****     ip_2_ip6(&netif->ip6_addr[0])->addr[2] = 0;
1523:Middlewares/Third_Party/LwIP/src/core/netif.c ****     ip_2_ip6(&netif->ip6_addr[0])->addr[3] = 0;
1524:Middlewares/Third_Party/LwIP/src/core/netif.c **** 
1525:Middlewares/Third_Party/LwIP/src/core/netif.c ****     addr_index = 3;
1526:Middlewares/Third_Party/LwIP/src/core/netif.c ****     for (i = 0; (i < 8) && (i < netif->hwaddr_len); i++) {
1527:Middlewares/Third_Party/LwIP/src/core/netif.c ****       if (i == 4) {
1528:Middlewares/Third_Party/LwIP/src/core/netif.c ****         addr_index--;
1529:Middlewares/Third_Party/LwIP/src/core/netif.c ****       }
1530:Middlewares/Third_Party/LwIP/src/core/netif.c ****       ip_2_ip6(&netif->ip6_addr[0])->addr[addr_index] |= lwip_htonl(((u32_t)(netif->hwaddr[netif->h
1531:Middlewares/Third_Party/LwIP/src/core/netif.c ****     }
1532:Middlewares/Third_Party/LwIP/src/core/netif.c ****   }
1533:Middlewares/Third_Party/LwIP/src/core/netif.c **** 
1534:Middlewares/Third_Party/LwIP/src/core/netif.c ****   /* Set a link-local zone. Even though the zone is implied by the owning
1535:Middlewares/Third_Party/LwIP/src/core/netif.c ****    * netif, setting the zone anyway has two important conceptual advantages:
1536:Middlewares/Third_Party/LwIP/src/core/netif.c ****    * 1) it avoids the need for a ton of exceptions in internal code, allowing
1537:Middlewares/Third_Party/LwIP/src/core/netif.c ****    *    e.g. ip6_addr_cmp() to be used on local addresses;
1538:Middlewares/Third_Party/LwIP/src/core/netif.c ****    * 2) the properly zoned address is visible externally, e.g. when any outside
1539:Middlewares/Third_Party/LwIP/src/core/netif.c ****    *    code enumerates available addresses or uses one to bind a socket.
1540:Middlewares/Third_Party/LwIP/src/core/netif.c ****    * Any external code unaware of address scoping is likely to just ignore the
1541:Middlewares/Third_Party/LwIP/src/core/netif.c ****    * zone field, so this should not create any compatibility problems. */
1542:Middlewares/Third_Party/LwIP/src/core/netif.c ****   ip6_addr_assign_zone(ip_2_ip6(&netif->ip6_addr[0]), IP6_UNICAST, netif);
1543:Middlewares/Third_Party/LwIP/src/core/netif.c **** 
1544:Middlewares/Third_Party/LwIP/src/core/netif.c ****   /* Set address state. */
1545:Middlewares/Third_Party/LwIP/src/core/netif.c **** #if LWIP_IPV6_DUP_DETECT_ATTEMPTS
1546:Middlewares/Third_Party/LwIP/src/core/netif.c ****   /* Will perform duplicate address detection (DAD). */
1547:Middlewares/Third_Party/LwIP/src/core/netif.c ****   netif_ip6_addr_set_state(netif, 0, IP6_ADDR_TENTATIVE);
1548:Middlewares/Third_Party/LwIP/src/core/netif.c **** #else
1549:Middlewares/Third_Party/LwIP/src/core/netif.c ****   /* Consider address valid. */
1550:Middlewares/Third_Party/LwIP/src/core/netif.c ****   netif_ip6_addr_set_state(netif, 0, IP6_ADDR_PREFERRED);
1551:Middlewares/Third_Party/LwIP/src/core/netif.c **** #endif /* LWIP_IPV6_AUTOCONFIG */
1552:Middlewares/Third_Party/LwIP/src/core/netif.c **** }
1553:Middlewares/Third_Party/LwIP/src/core/netif.c **** 
1554:Middlewares/Third_Party/LwIP/src/core/netif.c **** /**
1555:Middlewares/Third_Party/LwIP/src/core/netif.c ****  * @ingroup netif_ip6
1556:Middlewares/Third_Party/LwIP/src/core/netif.c ****  * This function allows for the easy addition of a new IPv6 address to an interface.
1557:Middlewares/Third_Party/LwIP/src/core/netif.c ****  * It takes care of finding an empty slot and then sets the address tentative
1558:Middlewares/Third_Party/LwIP/src/core/netif.c ****  * (to make sure that all the subsequent processing happens).
1559:Middlewares/Third_Party/LwIP/src/core/netif.c ****  *
1560:Middlewares/Third_Party/LwIP/src/core/netif.c ****  * @param netif netif to add the address on
1561:Middlewares/Third_Party/LwIP/src/core/netif.c ****  * @param ip6addr address to add
1562:Middlewares/Third_Party/LwIP/src/core/netif.c ****  * @param chosen_idx if != NULL, the chosen IPv6 address index will be stored here
1563:Middlewares/Third_Party/LwIP/src/core/netif.c ****  */
1564:Middlewares/Third_Party/LwIP/src/core/netif.c **** err_t
1565:Middlewares/Third_Party/LwIP/src/core/netif.c **** netif_add_ip6_address(struct netif *netif, const ip6_addr_t *ip6addr, s8_t *chosen_idx)
1566:Middlewares/Third_Party/LwIP/src/core/netif.c **** {
1567:Middlewares/Third_Party/LwIP/src/core/netif.c ****   s8_t i;
1568:Middlewares/Third_Party/LwIP/src/core/netif.c **** 
1569:Middlewares/Third_Party/LwIP/src/core/netif.c ****   LWIP_ASSERT_CORE_LOCKED();
1570:Middlewares/Third_Party/LwIP/src/core/netif.c **** 
1571:Middlewares/Third_Party/LwIP/src/core/netif.c ****   LWIP_ASSERT("netif_add_ip6_address: invalid netif", netif != NULL);
1572:Middlewares/Third_Party/LwIP/src/core/netif.c ****   LWIP_ASSERT("netif_add_ip6_address: invalid ip6addr", ip6addr != NULL);
1573:Middlewares/Third_Party/LwIP/src/core/netif.c **** 
1574:Middlewares/Third_Party/LwIP/src/core/netif.c ****   i = netif_get_ip6_addr_match(netif, ip6addr);
1575:Middlewares/Third_Party/LwIP/src/core/netif.c ****   if (i >= 0) {
1576:Middlewares/Third_Party/LwIP/src/core/netif.c ****     /* Address already added */
1577:Middlewares/Third_Party/LwIP/src/core/netif.c ****     if (chosen_idx != NULL) {
ARM GAS  /tmp/ccHnuoCZ.s 			page 31


1578:Middlewares/Third_Party/LwIP/src/core/netif.c ****       *chosen_idx = i;
1579:Middlewares/Third_Party/LwIP/src/core/netif.c ****     }
1580:Middlewares/Third_Party/LwIP/src/core/netif.c ****     return ERR_OK;
1581:Middlewares/Third_Party/LwIP/src/core/netif.c ****   }
1582:Middlewares/Third_Party/LwIP/src/core/netif.c **** 
1583:Middlewares/Third_Party/LwIP/src/core/netif.c ****   /* Find a free slot. The first one is reserved for link-local addresses. */
1584:Middlewares/Third_Party/LwIP/src/core/netif.c ****   for (i = ip6_addr_islinklocal(ip6addr) ? 0 : 1; i < LWIP_IPV6_NUM_ADDRESSES; i++) {
1585:Middlewares/Third_Party/LwIP/src/core/netif.c ****     if (ip6_addr_isinvalid(netif_ip6_addr_state(netif, i))) {
1586:Middlewares/Third_Party/LwIP/src/core/netif.c ****       ip_addr_copy_from_ip6(netif->ip6_addr[i], *ip6addr);
1587:Middlewares/Third_Party/LwIP/src/core/netif.c ****       ip6_addr_assign_zone(ip_2_ip6(&netif->ip6_addr[i]), IP6_UNICAST, netif);
1588:Middlewares/Third_Party/LwIP/src/core/netif.c ****       netif_ip6_addr_set_state(netif, i, IP6_ADDR_TENTATIVE);
1589:Middlewares/Third_Party/LwIP/src/core/netif.c ****       if (chosen_idx != NULL) {
1590:Middlewares/Third_Party/LwIP/src/core/netif.c ****         *chosen_idx = i;
1591:Middlewares/Third_Party/LwIP/src/core/netif.c ****       }
1592:Middlewares/Third_Party/LwIP/src/core/netif.c ****       return ERR_OK;
1593:Middlewares/Third_Party/LwIP/src/core/netif.c ****     }
1594:Middlewares/Third_Party/LwIP/src/core/netif.c ****   }
1595:Middlewares/Third_Party/LwIP/src/core/netif.c **** 
1596:Middlewares/Third_Party/LwIP/src/core/netif.c ****   if (chosen_idx != NULL) {
1597:Middlewares/Third_Party/LwIP/src/core/netif.c ****     *chosen_idx = -1;
1598:Middlewares/Third_Party/LwIP/src/core/netif.c ****   }
1599:Middlewares/Third_Party/LwIP/src/core/netif.c ****   return ERR_VAL;
1600:Middlewares/Third_Party/LwIP/src/core/netif.c **** }
1601:Middlewares/Third_Party/LwIP/src/core/netif.c **** 
1602:Middlewares/Third_Party/LwIP/src/core/netif.c **** /** Dummy IPv6 output function for netifs not supporting IPv6
1603:Middlewares/Third_Party/LwIP/src/core/netif.c ****  */
1604:Middlewares/Third_Party/LwIP/src/core/netif.c **** static err_t
1605:Middlewares/Third_Party/LwIP/src/core/netif.c **** netif_null_output_ip6(struct netif *netif, struct pbuf *p, const ip6_addr_t *ipaddr)
1606:Middlewares/Third_Party/LwIP/src/core/netif.c **** {
1607:Middlewares/Third_Party/LwIP/src/core/netif.c ****   LWIP_UNUSED_ARG(netif);
1608:Middlewares/Third_Party/LwIP/src/core/netif.c ****   LWIP_UNUSED_ARG(p);
1609:Middlewares/Third_Party/LwIP/src/core/netif.c ****   LWIP_UNUSED_ARG(ipaddr);
1610:Middlewares/Third_Party/LwIP/src/core/netif.c **** 
1611:Middlewares/Third_Party/LwIP/src/core/netif.c ****   return ERR_IF;
1612:Middlewares/Third_Party/LwIP/src/core/netif.c **** }
1613:Middlewares/Third_Party/LwIP/src/core/netif.c **** #endif /* LWIP_IPV6 */
1614:Middlewares/Third_Party/LwIP/src/core/netif.c **** 
1615:Middlewares/Third_Party/LwIP/src/core/netif.c **** #if LWIP_IPV4
1616:Middlewares/Third_Party/LwIP/src/core/netif.c **** /** Dummy IPv4 output function for netifs not supporting IPv4
1617:Middlewares/Third_Party/LwIP/src/core/netif.c ****  */
1618:Middlewares/Third_Party/LwIP/src/core/netif.c **** static err_t
1619:Middlewares/Third_Party/LwIP/src/core/netif.c **** netif_null_output_ip4(struct netif *netif, struct pbuf *p, const ip4_addr_t *ipaddr)
1620:Middlewares/Third_Party/LwIP/src/core/netif.c **** {
 137              		.loc 1 1620 1 is_stmt 1 view -0
 138              		.cfi_startproc
 139              		@ args = 0, pretend = 0, frame = 0
 140              		@ frame_needed = 0, uses_anonymous_args = 0
 141              		@ link register save eliminated.
1621:Middlewares/Third_Party/LwIP/src/core/netif.c ****   LWIP_UNUSED_ARG(netif);
 142              		.loc 1 1621 3 view .LVU37
1622:Middlewares/Third_Party/LwIP/src/core/netif.c ****   LWIP_UNUSED_ARG(p);
 143              		.loc 1 1622 3 view .LVU38
1623:Middlewares/Third_Party/LwIP/src/core/netif.c ****   LWIP_UNUSED_ARG(ipaddr);
 144              		.loc 1 1623 3 view .LVU39
1624:Middlewares/Third_Party/LwIP/src/core/netif.c **** 
1625:Middlewares/Third_Party/LwIP/src/core/netif.c ****   return ERR_IF;
 145              		.loc 1 1625 3 view .LVU40
ARM GAS  /tmp/ccHnuoCZ.s 			page 32


1626:Middlewares/Third_Party/LwIP/src/core/netif.c **** }
 146              		.loc 1 1626 1 is_stmt 0 view .LVU41
 147 0000 6FF00B00 		mvn	r0, #11
 148              	.LVL11:
 149              		.loc 1 1626 1 view .LVU42
 150 0004 7047     		bx	lr
 151              		.cfi_endproc
 152              	.LFE180:
 154              		.section	.text.netif_do_ip_addr_changed,"ax",%progbits
 155              		.align	1
 156              		.syntax unified
 157              		.thumb
 158              		.thumb_func
 159              		.fpu fpv4-sp-d16
 161              	netif_do_ip_addr_changed:
 162              	.LVL12:
 163              	.LFB163:
 443:Middlewares/Third_Party/LwIP/src/core/netif.c **** #if LWIP_TCP
 164              		.loc 1 443 1 is_stmt 1 view -0
 165              		.cfi_startproc
 166              		@ args = 0, pretend = 0, frame = 0
 167              		@ frame_needed = 0, uses_anonymous_args = 0
 443:Middlewares/Third_Party/LwIP/src/core/netif.c **** #if LWIP_TCP
 168              		.loc 1 443 1 is_stmt 0 view .LVU44
 169 0000 38B5     		push	{r3, r4, r5, lr}
 170              	.LCFI0:
 171              		.cfi_def_cfa_offset 16
 172              		.cfi_offset 3, -16
 173              		.cfi_offset 4, -12
 174              		.cfi_offset 5, -8
 175              		.cfi_offset 14, -4
 176 0002 0446     		mov	r4, r0
 177 0004 0D46     		mov	r5, r1
 445:Middlewares/Third_Party/LwIP/src/core/netif.c **** #endif /* LWIP_TCP */
 178              		.loc 1 445 3 is_stmt 1 view .LVU45
 179 0006 FFF7FEFF 		bl	tcp_netif_ip_addr_changed
 180              	.LVL13:
 448:Middlewares/Third_Party/LwIP/src/core/netif.c **** #endif /* LWIP_UDP */
 181              		.loc 1 448 3 view .LVU46
 182 000a 2946     		mov	r1, r5
 183 000c 2046     		mov	r0, r4
 184 000e FFF7FEFF 		bl	udp_netif_ip_addr_changed
 185              	.LVL14:
 451:Middlewares/Third_Party/LwIP/src/core/netif.c **** #endif /* LWIP_RAW */
 186              		.loc 1 451 3 view .LVU47
 187 0012 2946     		mov	r1, r5
 188 0014 2046     		mov	r0, r4
 189 0016 FFF7FEFF 		bl	raw_netif_ip_addr_changed
 190              	.LVL15:
 453:Middlewares/Third_Party/LwIP/src/core/netif.c **** 
 191              		.loc 1 453 1 is_stmt 0 view .LVU48
 192 001a 38BD     		pop	{r3, r4, r5, pc}
 453:Middlewares/Third_Party/LwIP/src/core/netif.c **** 
 193              		.loc 1 453 1 view .LVU49
 194              		.cfi_endproc
 195              	.LFE163:
 197              		.section	.rodata.netif_issue_reports.str1.4,"aMS",%progbits,1
ARM GAS  /tmp/ccHnuoCZ.s 			page 33


 198              		.align	2
 199              	.LC0:
 200 0000 4D696464 		.ascii	"Middlewares/Third_Party/LwIP/src/core/netif.c\000"
 200      6C657761 
 200      7265732F 
 200      54686972 
 200      645F5061 
 201 002e 0000     		.align	2
 202              	.LC1:
 203 0030 6E657469 		.ascii	"netif_issue_reports: invalid netif\000"
 203      665F6973 
 203      7375655F 
 203      7265706F 
 203      7274733A 
 204 0053 00       		.align	2
 205              	.LC2:
 206 0054 41737365 		.ascii	"Assertion \"%s\" failed at line %d in %s\012\000"
 206      7274696F 
 206      6E202225 
 206      73222066 
 206      61696C65 
 207              		.section	.text.netif_issue_reports,"ax",%progbits
 208              		.align	1
 209              		.syntax unified
 210              		.thumb
 211              		.thumb_func
 212              		.fpu fpv4-sp-d16
 214              	netif_issue_reports:
 215              	.LVL16:
 216              	.LFB174:
 876:Middlewares/Third_Party/LwIP/src/core/netif.c ****   LWIP_ASSERT("netif_issue_reports: invalid netif", netif != NULL);
 217              		.loc 1 876 1 is_stmt 1 view -0
 218              		.cfi_startproc
 219              		@ args = 0, pretend = 0, frame = 0
 220              		@ frame_needed = 0, uses_anonymous_args = 0
 876:Middlewares/Third_Party/LwIP/src/core/netif.c ****   LWIP_ASSERT("netif_issue_reports: invalid netif", netif != NULL);
 221              		.loc 1 876 1 is_stmt 0 view .LVU51
 222 0000 38B5     		push	{r3, r4, r5, lr}
 223              	.LCFI1:
 224              		.cfi_def_cfa_offset 16
 225              		.cfi_offset 3, -16
 226              		.cfi_offset 4, -12
 227              		.cfi_offset 5, -8
 228              		.cfi_offset 14, -4
 229 0002 0C46     		mov	r4, r1
 877:Middlewares/Third_Party/LwIP/src/core/netif.c **** 
 230              		.loc 1 877 3 is_stmt 1 view .LVU52
 877:Middlewares/Third_Party/LwIP/src/core/netif.c **** 
 231              		.loc 1 877 3 view .LVU53
 232 0004 0546     		mov	r5, r0
 233 0006 70B1     		cbz	r0, .L18
 234              	.LVL17:
 235              	.L15:
 877:Middlewares/Third_Party/LwIP/src/core/netif.c **** 
 236              		.loc 1 877 3 discriminator 3 view .LVU54
 877:Middlewares/Third_Party/LwIP/src/core/netif.c **** 
 237              		.loc 1 877 3 discriminator 3 view .LVU55
ARM GAS  /tmp/ccHnuoCZ.s 			page 34


 880:Middlewares/Third_Party/LwIP/src/core/netif.c ****       !(netif->flags & NETIF_FLAG_UP)) {
 238              		.loc 1 880 3 discriminator 3 view .LVU56
 880:Middlewares/Third_Party/LwIP/src/core/netif.c ****       !(netif->flags & NETIF_FLAG_UP)) {
 239              		.loc 1 880 14 is_stmt 0 discriminator 3 view .LVU57
 240 0008 95F83130 		ldrb	r3, [r5, #49]	@ zero_extendqisi2
 880:Middlewares/Third_Party/LwIP/src/core/netif.c ****       !(netif->flags & NETIF_FLAG_UP)) {
 241              		.loc 1 880 6 discriminator 3 view .LVU58
 242 000c 03F00502 		and	r2, r3, #5
 243 0010 052A     		cmp	r2, #5
 244 0012 07D1     		bne	.L14
 886:Middlewares/Third_Party/LwIP/src/core/netif.c ****       !ip4_addr_isany_val(*netif_ip4_addr(netif))) {
 245              		.loc 1 886 3 is_stmt 1 view .LVU59
 886:Middlewares/Third_Party/LwIP/src/core/netif.c ****       !ip4_addr_isany_val(*netif_ip4_addr(netif))) {
 246              		.loc 1 886 6 is_stmt 0 view .LVU60
 247 0014 14F0010F 		tst	r4, #1
 248 0018 04D0     		beq	.L14
 887:Middlewares/Third_Party/LwIP/src/core/netif.c **** #if LWIP_ARP
 249              		.loc 1 887 8 discriminator 1 view .LVU61
 250 001a 6A68     		ldr	r2, [r5, #4]
 886:Middlewares/Third_Party/LwIP/src/core/netif.c ****       !ip4_addr_isany_val(*netif_ip4_addr(netif))) {
 251              		.loc 1 886 46 discriminator 1 view .LVU62
 252 001c 12B1     		cbz	r2, .L14
 890:Middlewares/Third_Party/LwIP/src/core/netif.c ****       etharp_gratuitous(netif);
 253              		.loc 1 890 5 is_stmt 1 view .LVU63
 890:Middlewares/Third_Party/LwIP/src/core/netif.c ****       etharp_gratuitous(netif);
 254              		.loc 1 890 8 is_stmt 0 view .LVU64
 255 001e 13F0080F 		tst	r3, #8
 256 0022 08D1     		bne	.L19
 257              	.L14:
 912:Middlewares/Third_Party/LwIP/src/core/netif.c **** 
 258              		.loc 1 912 1 view .LVU65
 259 0024 38BD     		pop	{r3, r4, r5, pc}
 260              	.LVL18:
 261              	.L18:
 877:Middlewares/Third_Party/LwIP/src/core/netif.c **** 
 262              		.loc 1 877 3 is_stmt 1 discriminator 1 view .LVU66
 877:Middlewares/Third_Party/LwIP/src/core/netif.c **** 
 263              		.loc 1 877 3 discriminator 1 view .LVU67
 264 0026 064B     		ldr	r3, .L20
 265 0028 40F26D32 		movw	r2, #877
 266 002c 0549     		ldr	r1, .L20+4
 267              	.LVL19:
 877:Middlewares/Third_Party/LwIP/src/core/netif.c **** 
 268              		.loc 1 877 3 is_stmt 0 discriminator 1 view .LVU68
 269 002e 0648     		ldr	r0, .L20+8
 270              	.LVL20:
 877:Middlewares/Third_Party/LwIP/src/core/netif.c **** 
 271              		.loc 1 877 3 discriminator 1 view .LVU69
 272 0030 FFF7FEFF 		bl	printf
 273              	.LVL21:
 274 0034 E8E7     		b	.L15
 275              	.L19:
 891:Middlewares/Third_Party/LwIP/src/core/netif.c ****     }
 276              		.loc 1 891 7 is_stmt 1 view .LVU70
 277 0036 291D     		adds	r1, r5, #4
 278 0038 2846     		mov	r0, r5
 279 003a FFF7FEFF 		bl	etharp_request
ARM GAS  /tmp/ccHnuoCZ.s 			page 35


 280              	.LVL22:
 281 003e F1E7     		b	.L14
 282              	.L21:
 283              		.align	2
 284              	.L20:
 285 0040 00000000 		.word	.LC0
 286 0044 30000000 		.word	.LC1
 287 0048 54000000 		.word	.LC2
 288              		.cfi_endproc
 289              	.LFE174:
 291              		.section	.rodata.netif_do_set_ipaddr.str1.4,"aMS",%progbits,1
 292              		.align	2
 293              	.LC3:
 294 0000 696E7661 		.ascii	"invalid pointer\000"
 294      6C696420 
 294      706F696E 
 294      74657200 
 295              		.section	.text.netif_do_set_ipaddr,"ax",%progbits
 296              		.align	1
 297              		.syntax unified
 298              		.thumb
 299              		.thumb_func
 300              		.fpu fpv4-sp-d16
 302              	netif_do_set_ipaddr:
 303              	.LVL23:
 304              	.LFB164:
 458:Middlewares/Third_Party/LwIP/src/core/netif.c ****   LWIP_ASSERT("invalid pointer", ipaddr != NULL);
 305              		.loc 1 458 1 view -0
 306              		.cfi_startproc
 307              		@ args = 0, pretend = 0, frame = 8
 308              		@ frame_needed = 0, uses_anonymous_args = 0
 458:Middlewares/Third_Party/LwIP/src/core/netif.c ****   LWIP_ASSERT("invalid pointer", ipaddr != NULL);
 309              		.loc 1 458 1 is_stmt 0 view .LVU72
 310 0000 70B5     		push	{r4, r5, r6, lr}
 311              	.LCFI2:
 312              		.cfi_def_cfa_offset 16
 313              		.cfi_offset 4, -16
 314              		.cfi_offset 5, -12
 315              		.cfi_offset 6, -8
 316              		.cfi_offset 14, -4
 317 0002 82B0     		sub	sp, sp, #8
 318              	.LCFI3:
 319              		.cfi_def_cfa_offset 24
 320 0004 0446     		mov	r4, r0
 321 0006 1546     		mov	r5, r2
 459:Middlewares/Third_Party/LwIP/src/core/netif.c ****   LWIP_ASSERT("invalid pointer", old_addr != NULL);
 322              		.loc 1 459 3 is_stmt 1 view .LVU73
 459:Middlewares/Third_Party/LwIP/src/core/netif.c ****   LWIP_ASSERT("invalid pointer", old_addr != NULL);
 323              		.loc 1 459 3 view .LVU74
 324 0008 0E46     		mov	r6, r1
 325 000a 39B1     		cbz	r1, .L31
 326              	.LVL24:
 327              	.L23:
 459:Middlewares/Third_Party/LwIP/src/core/netif.c ****   LWIP_ASSERT("invalid pointer", old_addr != NULL);
 328              		.loc 1 459 3 discriminator 3 view .LVU75
 459:Middlewares/Third_Party/LwIP/src/core/netif.c ****   LWIP_ASSERT("invalid pointer", old_addr != NULL);
 329              		.loc 1 459 3 discriminator 3 view .LVU76
ARM GAS  /tmp/ccHnuoCZ.s 			page 36


 460:Middlewares/Third_Party/LwIP/src/core/netif.c **** 
 330              		.loc 1 460 3 discriminator 3 view .LVU77
 460:Middlewares/Third_Party/LwIP/src/core/netif.c **** 
 331              		.loc 1 460 3 discriminator 3 view .LVU78
 332 000c 75B1     		cbz	r5, .L32
 333              	.L24:
 460:Middlewares/Third_Party/LwIP/src/core/netif.c **** 
 334              		.loc 1 460 3 discriminator 3 view .LVU79
 460:Middlewares/Third_Party/LwIP/src/core/netif.c **** 
 335              		.loc 1 460 3 discriminator 3 view .LVU80
 463:Middlewares/Third_Party/LwIP/src/core/netif.c ****     ip_addr_t new_addr;
 336              		.loc 1 463 3 discriminator 3 view .LVU81
 463:Middlewares/Third_Party/LwIP/src/core/netif.c ****     ip_addr_t new_addr;
 337              		.loc 1 463 7 is_stmt 0 discriminator 3 view .LVU82
 338 000e 3268     		ldr	r2, [r6]
 339 0010 6368     		ldr	r3, [r4, #4]
 463:Middlewares/Third_Party/LwIP/src/core/netif.c ****     ip_addr_t new_addr;
 340              		.loc 1 463 6 discriminator 3 view .LVU83
 341 0012 9A42     		cmp	r2, r3
 342 0014 12D1     		bne	.L33
 486:Middlewares/Third_Party/LwIP/src/core/netif.c **** }
 343              		.loc 1 486 10 view .LVU84
 344 0016 0020     		movs	r0, #0
 345              	.L22:
 487:Middlewares/Third_Party/LwIP/src/core/netif.c **** 
 346              		.loc 1 487 1 view .LVU85
 347 0018 02B0     		add	sp, sp, #8
 348              	.LCFI4:
 349              		.cfi_remember_state
 350              		.cfi_def_cfa_offset 16
 351              		@ sp needed
 352 001a 70BD     		pop	{r4, r5, r6, pc}
 353              	.LVL25:
 354              	.L31:
 355              	.LCFI5:
 356              		.cfi_restore_state
 459:Middlewares/Third_Party/LwIP/src/core/netif.c ****   LWIP_ASSERT("invalid pointer", old_addr != NULL);
 357              		.loc 1 459 3 is_stmt 1 discriminator 1 view .LVU86
 459:Middlewares/Third_Party/LwIP/src/core/netif.c ****   LWIP_ASSERT("invalid pointer", old_addr != NULL);
 358              		.loc 1 459 3 discriminator 1 view .LVU87
 359 001c 124B     		ldr	r3, .L34
 360 001e 40F2CB12 		movw	r2, #459
 361              	.LVL26:
 459:Middlewares/Third_Party/LwIP/src/core/netif.c ****   LWIP_ASSERT("invalid pointer", old_addr != NULL);
 362              		.loc 1 459 3 is_stmt 0 discriminator 1 view .LVU88
 363 0022 1249     		ldr	r1, .L34+4
 364              	.LVL27:
 459:Middlewares/Third_Party/LwIP/src/core/netif.c ****   LWIP_ASSERT("invalid pointer", old_addr != NULL);
 365              		.loc 1 459 3 discriminator 1 view .LVU89
 366 0024 1248     		ldr	r0, .L34+8
 367              	.LVL28:
 459:Middlewares/Third_Party/LwIP/src/core/netif.c ****   LWIP_ASSERT("invalid pointer", old_addr != NULL);
 368              		.loc 1 459 3 discriminator 1 view .LVU90
 369 0026 FFF7FEFF 		bl	printf
 370              	.LVL29:
 371 002a EFE7     		b	.L23
 372              	.L32:
ARM GAS  /tmp/ccHnuoCZ.s 			page 37


 460:Middlewares/Third_Party/LwIP/src/core/netif.c **** 
 373              		.loc 1 460 3 is_stmt 1 discriminator 1 view .LVU91
 460:Middlewares/Third_Party/LwIP/src/core/netif.c **** 
 374              		.loc 1 460 3 discriminator 1 view .LVU92
 375 002c 0E4B     		ldr	r3, .L34
 376 002e 4FF4E672 		mov	r2, #460
 377 0032 0E49     		ldr	r1, .L34+4
 378 0034 0E48     		ldr	r0, .L34+8
 379 0036 FFF7FEFF 		bl	printf
 380              	.LVL30:
 381 003a E8E7     		b	.L24
 382              	.L33:
 383              	.LBB2:
 464:Middlewares/Third_Party/LwIP/src/core/netif.c ****     *ip_2_ip4(&new_addr) = *ipaddr;
 384              		.loc 1 464 5 view .LVU93
 465:Middlewares/Third_Party/LwIP/src/core/netif.c ****     IP_SET_TYPE_VAL(new_addr, IPADDR_TYPE_V4);
 385              		.loc 1 465 5 view .LVU94
 465:Middlewares/Third_Party/LwIP/src/core/netif.c ****     IP_SET_TYPE_VAL(new_addr, IPADDR_TYPE_V4);
 386              		.loc 1 465 26 is_stmt 0 view .LVU95
 387 003c 0192     		str	r2, [sp, #4]
 466:Middlewares/Third_Party/LwIP/src/core/netif.c **** 
 388              		.loc 1 466 46 is_stmt 1 view .LVU96
 468:Middlewares/Third_Party/LwIP/src/core/netif.c **** 
 389              		.loc 1 468 5 view .LVU97
 390 003e 2B60     		str	r3, [r5]
 470:Middlewares/Third_Party/LwIP/src/core/netif.c ****     netif_do_ip_addr_changed(old_addr, &new_addr);
 391              		.loc 1 470 5 view .LVU98
 470:Middlewares/Third_Party/LwIP/src/core/netif.c ****     netif_do_ip_addr_changed(old_addr, &new_addr);
 392              		.loc 1 470 5 view .LVU99
 470:Middlewares/Third_Party/LwIP/src/core/netif.c ****     netif_do_ip_addr_changed(old_addr, &new_addr);
 393              		.loc 1 470 5 view .LVU100
 471:Middlewares/Third_Party/LwIP/src/core/netif.c **** 
 394              		.loc 1 471 5 view .LVU101
 395 0040 01A9     		add	r1, sp, #4
 396 0042 2846     		mov	r0, r5
 397 0044 FFF7FEFF 		bl	netif_do_ip_addr_changed
 398              	.LVL31:
 473:Middlewares/Third_Party/LwIP/src/core/netif.c ****     mib2_remove_route_ip4(0, netif);
 399              		.loc 1 473 27 view .LVU102
 474:Middlewares/Third_Party/LwIP/src/core/netif.c ****     /* set new IP address to netif */
 400              		.loc 1 474 36 view .LVU103
 476:Middlewares/Third_Party/LwIP/src/core/netif.c ****     IP_SET_TYPE_VAL(netif->ip_addr, IPADDR_TYPE_V4);
 401              		.loc 1 476 5 view .LVU104
 402 0048 5EB1     		cbz	r6, .L29
 476:Middlewares/Third_Party/LwIP/src/core/netif.c ****     IP_SET_TYPE_VAL(netif->ip_addr, IPADDR_TYPE_V4);
 403              		.loc 1 476 5 is_stmt 0 discriminator 1 view .LVU105
 404 004a 3368     		ldr	r3, [r6]
 405              	.L26:
 476:Middlewares/Third_Party/LwIP/src/core/netif.c ****     IP_SET_TYPE_VAL(netif->ip_addr, IPADDR_TYPE_V4);
 406              		.loc 1 476 5 discriminator 4 view .LVU106
 407 004c 6360     		str	r3, [r4, #4]
 477:Middlewares/Third_Party/LwIP/src/core/netif.c ****     mib2_add_ip4(netif);
 408              		.loc 1 477 52 is_stmt 1 discriminator 4 view .LVU107
 478:Middlewares/Third_Party/LwIP/src/core/netif.c ****     mib2_add_route_ip4(0, netif);
 409              		.loc 1 478 24 discriminator 4 view .LVU108
 479:Middlewares/Third_Party/LwIP/src/core/netif.c **** 
 410              		.loc 1 479 33 discriminator 4 view .LVU109
ARM GAS  /tmp/ccHnuoCZ.s 			page 38


 481:Middlewares/Third_Party/LwIP/src/core/netif.c **** 
 411              		.loc 1 481 5 discriminator 4 view .LVU110
 412 004e 0121     		movs	r1, #1
 413 0050 2046     		mov	r0, r4
 414 0052 FFF7FEFF 		bl	netif_issue_reports
 415              	.LVL32:
 483:Middlewares/Third_Party/LwIP/src/core/netif.c ****     return 1; /* address changed */
 416              		.loc 1 483 5 discriminator 4 view .LVU111
 483:Middlewares/Third_Party/LwIP/src/core/netif.c ****     return 1; /* address changed */
 417              		.loc 1 483 5 discriminator 4 view .LVU112
 418 0056 E369     		ldr	r3, [r4, #28]
 419 0058 0BB1     		cbz	r3, .L27
 483:Middlewares/Third_Party/LwIP/src/core/netif.c ****     return 1; /* address changed */
 420              		.loc 1 483 5 discriminator 1 view .LVU113
 421 005a 2046     		mov	r0, r4
 422 005c 9847     		blx	r3
 423              	.LVL33:
 424              	.L27:
 483:Middlewares/Third_Party/LwIP/src/core/netif.c ****     return 1; /* address changed */
 425              		.loc 1 483 5 discriminator 3 view .LVU114
 484:Middlewares/Third_Party/LwIP/src/core/netif.c ****   }
 426              		.loc 1 484 5 discriminator 3 view .LVU115
 484:Middlewares/Third_Party/LwIP/src/core/netif.c ****   }
 427              		.loc 1 484 12 is_stmt 0 discriminator 3 view .LVU116
 428 005e 0120     		movs	r0, #1
 429 0060 DAE7     		b	.L22
 430              	.L29:
 476:Middlewares/Third_Party/LwIP/src/core/netif.c ****     IP_SET_TYPE_VAL(netif->ip_addr, IPADDR_TYPE_V4);
 431              		.loc 1 476 5 view .LVU117
 432 0062 0023     		movs	r3, #0
 433 0064 F2E7     		b	.L26
 434              	.L35:
 435 0066 00BF     		.align	2
 436              	.L34:
 437 0068 00000000 		.word	.LC0
 438 006c 00000000 		.word	.LC3
 439 0070 54000000 		.word	.LC2
 440              	.LBE2:
 441              		.cfi_endproc
 442              	.LFE164:
 444              		.section	.text.netif_init,"ax",%progbits
 445              		.align	1
 446              		.global	netif_init
 447              		.syntax unified
 448              		.thumb
 449              		.thumb_func
 450              		.fpu fpv4-sp-d16
 452              	netif_init:
 453              	.LFB159:
 178:Middlewares/Third_Party/LwIP/src/core/netif.c **** #if LWIP_HAVE_LOOPIF
 454              		.loc 1 178 1 is_stmt 1 view -0
 455              		.cfi_startproc
 456              		@ args = 0, pretend = 0, frame = 0
 457              		@ frame_needed = 0, uses_anonymous_args = 0
 458              		@ link register save eliminated.
 205:Middlewares/Third_Party/LwIP/src/core/netif.c **** 
 459              		.loc 1 205 1 view .LVU119
ARM GAS  /tmp/ccHnuoCZ.s 			page 39


 460 0000 7047     		bx	lr
 461              		.cfi_endproc
 462              	.LFE159:
 464              		.section	.rodata.netif_input.str1.4,"aMS",%progbits,1
 465              		.align	2
 466              	.LC4:
 467 0000 6E657469 		.ascii	"netif_input: invalid pbuf\000"
 467      665F696E 
 467      7075743A 
 467      20696E76 
 467      616C6964 
 468 001a 0000     		.align	2
 469              	.LC5:
 470 001c 6E657469 		.ascii	"netif_input: invalid netif\000"
 470      665F696E 
 470      7075743A 
 470      20696E76 
 470      616C6964 
 471              		.section	.text.netif_input,"ax",%progbits
 472              		.align	1
 473              		.global	netif_input
 474              		.syntax unified
 475              		.thumb
 476              		.thumb_func
 477              		.fpu fpv4-sp-d16
 479              	netif_input:
 480              	.LVL34:
 481              	.LFB160:
 218:Middlewares/Third_Party/LwIP/src/core/netif.c ****   LWIP_ASSERT_CORE_LOCKED();
 482              		.loc 1 218 1 view -0
 483              		.cfi_startproc
 484              		@ args = 0, pretend = 0, frame = 0
 485              		@ frame_needed = 0, uses_anonymous_args = 0
 218:Middlewares/Third_Party/LwIP/src/core/netif.c ****   LWIP_ASSERT_CORE_LOCKED();
 486              		.loc 1 218 1 is_stmt 0 view .LVU121
 487 0000 38B5     		push	{r3, r4, r5, lr}
 488              	.LCFI6:
 489              		.cfi_def_cfa_offset 16
 490              		.cfi_offset 3, -16
 491              		.cfi_offset 4, -12
 492              		.cfi_offset 5, -8
 493              		.cfi_offset 14, -4
 494 0002 0C46     		mov	r4, r1
 219:Middlewares/Third_Party/LwIP/src/core/netif.c **** 
 495              		.loc 1 219 28 is_stmt 1 view .LVU122
 221:Middlewares/Third_Party/LwIP/src/core/netif.c ****   LWIP_ASSERT("netif_input: invalid netif", inp != NULL);
 496              		.loc 1 221 3 view .LVU123
 221:Middlewares/Third_Party/LwIP/src/core/netif.c ****   LWIP_ASSERT("netif_input: invalid netif", inp != NULL);
 497              		.loc 1 221 3 view .LVU124
 498 0004 0546     		mov	r5, r0
 499 0006 50B1     		cbz	r0, .L43
 500              	.LVL35:
 501              	.L38:
 221:Middlewares/Third_Party/LwIP/src/core/netif.c ****   LWIP_ASSERT("netif_input: invalid netif", inp != NULL);
 502              		.loc 1 221 3 discriminator 3 view .LVU125
 221:Middlewares/Third_Party/LwIP/src/core/netif.c ****   LWIP_ASSERT("netif_input: invalid netif", inp != NULL);
 503              		.loc 1 221 3 discriminator 3 view .LVU126
ARM GAS  /tmp/ccHnuoCZ.s 			page 40


 222:Middlewares/Third_Party/LwIP/src/core/netif.c **** 
 504              		.loc 1 222 3 discriminator 3 view .LVU127
 222:Middlewares/Third_Party/LwIP/src/core/netif.c **** 
 505              		.loc 1 222 3 discriminator 3 view .LVU128
 506 0008 84B1     		cbz	r4, .L44
 507              	.L39:
 222:Middlewares/Third_Party/LwIP/src/core/netif.c **** 
 508              		.loc 1 222 3 discriminator 3 view .LVU129
 222:Middlewares/Third_Party/LwIP/src/core/netif.c **** 
 509              		.loc 1 222 3 discriminator 3 view .LVU130
 225:Middlewares/Third_Party/LwIP/src/core/netif.c ****     return ethernet_input(p, inp);
 510              		.loc 1 225 3 discriminator 3 view .LVU131
 225:Middlewares/Third_Party/LwIP/src/core/netif.c ****     return ethernet_input(p, inp);
 511              		.loc 1 225 10 is_stmt 0 discriminator 3 view .LVU132
 512 000a 94F83130 		ldrb	r3, [r4, #49]	@ zero_extendqisi2
 225:Middlewares/Third_Party/LwIP/src/core/netif.c ****     return ethernet_input(p, inp);
 513              		.loc 1 225 6 discriminator 3 view .LVU133
 514 000e 13F0180F 		tst	r3, #24
 515 0012 12D0     		beq	.L40
 226:Middlewares/Third_Party/LwIP/src/core/netif.c ****   } else
 516              		.loc 1 226 5 is_stmt 1 view .LVU134
 226:Middlewares/Third_Party/LwIP/src/core/netif.c ****   } else
 517              		.loc 1 226 12 is_stmt 0 view .LVU135
 518 0014 2146     		mov	r1, r4
 519 0016 2846     		mov	r0, r5
 520 0018 FFF7FEFF 		bl	ethernet_input
 521              	.LVL36:
 522              	.L41:
 230:Middlewares/Third_Party/LwIP/src/core/netif.c **** 
 523              		.loc 1 230 1 view .LVU136
 524 001c 38BD     		pop	{r3, r4, r5, pc}
 525              	.LVL37:
 526              	.L43:
 221:Middlewares/Third_Party/LwIP/src/core/netif.c ****   LWIP_ASSERT("netif_input: invalid netif", inp != NULL);
 527              		.loc 1 221 3 is_stmt 1 discriminator 1 view .LVU137
 221:Middlewares/Third_Party/LwIP/src/core/netif.c ****   LWIP_ASSERT("netif_input: invalid netif", inp != NULL);
 528              		.loc 1 221 3 discriminator 1 view .LVU138
 529 001e 094B     		ldr	r3, .L45
 530 0020 DD22     		movs	r2, #221
 531 0022 0949     		ldr	r1, .L45+4
 532              	.LVL38:
 221:Middlewares/Third_Party/LwIP/src/core/netif.c ****   LWIP_ASSERT("netif_input: invalid netif", inp != NULL);
 533              		.loc 1 221 3 is_stmt 0 discriminator 1 view .LVU139
 534 0024 0948     		ldr	r0, .L45+8
 535              	.LVL39:
 221:Middlewares/Third_Party/LwIP/src/core/netif.c ****   LWIP_ASSERT("netif_input: invalid netif", inp != NULL);
 536              		.loc 1 221 3 discriminator 1 view .LVU140
 537 0026 FFF7FEFF 		bl	printf
 538              	.LVL40:
 539 002a EDE7     		b	.L38
 540              	.L44:
 222:Middlewares/Third_Party/LwIP/src/core/netif.c **** 
 541              		.loc 1 222 3 is_stmt 1 discriminator 1 view .LVU141
 222:Middlewares/Third_Party/LwIP/src/core/netif.c **** 
 542              		.loc 1 222 3 discriminator 1 view .LVU142
 543 002c 054B     		ldr	r3, .L45
 544 002e DE22     		movs	r2, #222
ARM GAS  /tmp/ccHnuoCZ.s 			page 41


 545 0030 0749     		ldr	r1, .L45+12
 546 0032 0648     		ldr	r0, .L45+8
 547 0034 FFF7FEFF 		bl	printf
 548              	.LVL41:
 549 0038 E7E7     		b	.L39
 550              	.L40:
 229:Middlewares/Third_Party/LwIP/src/core/netif.c **** }
 551              		.loc 1 229 5 view .LVU143
 229:Middlewares/Third_Party/LwIP/src/core/netif.c **** }
 552              		.loc 1 229 12 is_stmt 0 view .LVU144
 553 003a 2146     		mov	r1, r4
 554 003c 2846     		mov	r0, r5
 555 003e FFF7FEFF 		bl	ip4_input
 556              	.LVL42:
 557 0042 EBE7     		b	.L41
 558              	.L46:
 559              		.align	2
 560              	.L45:
 561 0044 00000000 		.word	.LC0
 562 0048 00000000 		.word	.LC4
 563 004c 54000000 		.word	.LC2
 564 0050 1C000000 		.word	.LC5
 565              		.cfi_endproc
 566              	.LFE160:
 568              		.section	.rodata.netif_set_ipaddr.str1.4,"aMS",%progbits,1
 569              		.align	2
 570              	.LC6:
 571 0000 6E657469 		.ascii	"netif_set_ipaddr: invalid netif\000"
 571      665F7365 
 571      745F6970 
 571      61646472 
 571      3A20696E 
 572              		.section	.text.netif_set_ipaddr,"ax",%progbits
 573              		.align	1
 574              		.global	netif_set_ipaddr
 575              		.syntax unified
 576              		.thumb
 577              		.thumb_func
 578              		.fpu fpv4-sp-d16
 580              	netif_set_ipaddr:
 581              	.LVL43:
 582              	.LFB165:
 501:Middlewares/Third_Party/LwIP/src/core/netif.c ****   ip_addr_t old_addr;
 583              		.loc 1 501 1 is_stmt 1 view -0
 584              		.cfi_startproc
 585              		@ args = 0, pretend = 0, frame = 8
 586              		@ frame_needed = 0, uses_anonymous_args = 0
 501:Middlewares/Third_Party/LwIP/src/core/netif.c ****   ip_addr_t old_addr;
 587              		.loc 1 501 1 is_stmt 0 view .LVU146
 588 0000 00B5     		push	{lr}
 589              	.LCFI7:
 590              		.cfi_def_cfa_offset 4
 591              		.cfi_offset 14, -4
 592 0002 83B0     		sub	sp, sp, #12
 593              	.LCFI8:
 594              		.cfi_def_cfa_offset 16
 502:Middlewares/Third_Party/LwIP/src/core/netif.c **** 
ARM GAS  /tmp/ccHnuoCZ.s 			page 42


 595              		.loc 1 502 3 is_stmt 1 view .LVU147
 504:Middlewares/Third_Party/LwIP/src/core/netif.c **** 
 596              		.loc 1 504 3 view .LVU148
 504:Middlewares/Third_Party/LwIP/src/core/netif.c **** 
 597              		.loc 1 504 3 view .LVU149
 598 0004 40B1     		cbz	r0, .L53
 599 0006 0346     		mov	r3, r0
 504:Middlewares/Third_Party/LwIP/src/core/netif.c **** 
 600              		.loc 1 504 3 discriminator 2 view .LVU150
 507:Middlewares/Third_Party/LwIP/src/core/netif.c ****     ipaddr = IP4_ADDR_ANY4;
 601              		.loc 1 507 3 discriminator 2 view .LVU151
 507:Middlewares/Third_Party/LwIP/src/core/netif.c ****     ipaddr = IP4_ADDR_ANY4;
 602              		.loc 1 507 6 is_stmt 0 discriminator 2 view .LVU152
 603 0008 71B1     		cbz	r1, .L54
 604              	.LVL44:
 605              	.L50:
 511:Middlewares/Third_Party/LwIP/src/core/netif.c **** 
 606              		.loc 1 511 28 is_stmt 1 view .LVU153
 513:Middlewares/Third_Party/LwIP/src/core/netif.c **** #if LWIP_NETIF_EXT_STATUS_CALLBACK
 607              		.loc 1 513 3 view .LVU154
 513:Middlewares/Third_Party/LwIP/src/core/netif.c **** #if LWIP_NETIF_EXT_STATUS_CALLBACK
 608              		.loc 1 513 7 is_stmt 0 view .LVU155
 609 000a 01AA     		add	r2, sp, #4
 610 000c 1846     		mov	r0, r3
 611              	.LVL45:
 513:Middlewares/Third_Party/LwIP/src/core/netif.c **** #if LWIP_NETIF_EXT_STATUS_CALLBACK
 612              		.loc 1 513 7 view .LVU156
 613 000e FFF7FEFF 		bl	netif_do_set_ipaddr
 614              	.LVL46:
 519:Middlewares/Third_Party/LwIP/src/core/netif.c **** }
 615              		.loc 1 519 3 is_stmt 1 view .LVU157
 616              	.L47:
 520:Middlewares/Third_Party/LwIP/src/core/netif.c **** 
 617              		.loc 1 520 1 is_stmt 0 view .LVU158
 618 0012 03B0     		add	sp, sp, #12
 619              	.LCFI9:
 620              		.cfi_remember_state
 621              		.cfi_def_cfa_offset 4
 622              		@ sp needed
 623 0014 5DF804FB 		ldr	pc, [sp], #4
 624              	.LVL47:
 625              	.L53:
 626              	.LCFI10:
 627              		.cfi_restore_state
 504:Middlewares/Third_Party/LwIP/src/core/netif.c **** 
 628              		.loc 1 504 3 is_stmt 1 discriminator 1 view .LVU159
 504:Middlewares/Third_Party/LwIP/src/core/netif.c **** 
 629              		.loc 1 504 3 discriminator 1 view .LVU160
 630 0018 044B     		ldr	r3, .L55
 631 001a 4FF4FC72 		mov	r2, #504
 632 001e 0449     		ldr	r1, .L55+4
 633              	.LVL48:
 504:Middlewares/Third_Party/LwIP/src/core/netif.c **** 
 634              		.loc 1 504 3 is_stmt 0 discriminator 1 view .LVU161
 635 0020 0448     		ldr	r0, .L55+8
 636              	.LVL49:
 504:Middlewares/Third_Party/LwIP/src/core/netif.c **** 
ARM GAS  /tmp/ccHnuoCZ.s 			page 43


 637              		.loc 1 504 3 discriminator 1 view .LVU162
 638 0022 FFF7FEFF 		bl	printf
 639              	.LVL50:
 504:Middlewares/Third_Party/LwIP/src/core/netif.c **** 
 640              		.loc 1 504 3 is_stmt 1 discriminator 1 view .LVU163
 504:Middlewares/Third_Party/LwIP/src/core/netif.c **** 
 641              		.loc 1 504 3 discriminator 1 view .LVU164
 642 0026 F4E7     		b	.L47
 643              	.LVL51:
 644              	.L54:
 508:Middlewares/Third_Party/LwIP/src/core/netif.c ****   }
 645              		.loc 1 508 12 is_stmt 0 view .LVU165
 646 0028 0349     		ldr	r1, .L55+12
 647              	.LVL52:
 508:Middlewares/Third_Party/LwIP/src/core/netif.c ****   }
 648              		.loc 1 508 12 view .LVU166
 649 002a EEE7     		b	.L50
 650              	.L56:
 651              		.align	2
 652              	.L55:
 653 002c 00000000 		.word	.LC0
 654 0030 00000000 		.word	.LC6
 655 0034 54000000 		.word	.LC2
 656 0038 00000000 		.word	ip_addr_any
 657              		.cfi_endproc
 658              	.LFE165:
 660              		.section	.rodata.netif_set_netmask.str1.4,"aMS",%progbits,1
 661              		.align	2
 662              	.LC7:
 663 0000 6E657469 		.ascii	"netif_set_netmask: invalid netif\000"
 663      665F7365 
 663      745F6E65 
 663      746D6173 
 663      6B3A2069 
 664              		.section	.text.netif_set_netmask,"ax",%progbits
 665              		.align	1
 666              		.global	netif_set_netmask
 667              		.syntax unified
 668              		.thumb
 669              		.thumb_func
 670              		.fpu fpv4-sp-d16
 672              	netif_set_netmask:
 673              	.LVL53:
 674              	.LFB167:
 561:Middlewares/Third_Party/LwIP/src/core/netif.c **** #if LWIP_NETIF_EXT_STATUS_CALLBACK
 675              		.loc 1 561 1 is_stmt 1 view -0
 676              		.cfi_startproc
 677              		@ args = 0, pretend = 0, frame = 0
 678              		@ frame_needed = 0, uses_anonymous_args = 0
 561:Middlewares/Third_Party/LwIP/src/core/netif.c **** #if LWIP_NETIF_EXT_STATUS_CALLBACK
 679              		.loc 1 561 1 is_stmt 0 view .LVU168
 680 0000 08B5     		push	{r3, lr}
 681              	.LCFI11:
 682              		.cfi_def_cfa_offset 8
 683              		.cfi_offset 3, -8
 684              		.cfi_offset 14, -4
 566:Middlewares/Third_Party/LwIP/src/core/netif.c **** #endif
ARM GAS  /tmp/ccHnuoCZ.s 			page 44


 685              		.loc 1 566 3 is_stmt 1 view .LVU169
 686              	.LVL54:
 568:Middlewares/Third_Party/LwIP/src/core/netif.c **** 
 687              		.loc 1 568 28 view .LVU170
 570:Middlewares/Third_Party/LwIP/src/core/netif.c **** 
 688              		.loc 1 570 3 view .LVU171
 570:Middlewares/Third_Party/LwIP/src/core/netif.c **** 
 689              		.loc 1 570 3 view .LVU172
 690 0002 30B1     		cbz	r0, .L63
 691 0004 0346     		mov	r3, r0
 570:Middlewares/Third_Party/LwIP/src/core/netif.c **** 
 692              		.loc 1 570 3 discriminator 2 view .LVU173
 573:Middlewares/Third_Party/LwIP/src/core/netif.c ****     netmask = IP4_ADDR_ANY4;
 693              		.loc 1 573 3 discriminator 2 view .LVU174
 573:Middlewares/Third_Party/LwIP/src/core/netif.c ****     netmask = IP4_ADDR_ANY4;
 694              		.loc 1 573 6 is_stmt 0 discriminator 2 view .LVU175
 695 0006 61B1     		cbz	r1, .L64
 696              	.LVL55:
 697              	.L60:
 577:Middlewares/Third_Party/LwIP/src/core/netif.c **** #if LWIP_NETIF_EXT_STATUS_CALLBACK
 698              		.loc 1 577 3 is_stmt 1 view .LVU176
 577:Middlewares/Third_Party/LwIP/src/core/netif.c **** #if LWIP_NETIF_EXT_STATUS_CALLBACK
 699              		.loc 1 577 7 is_stmt 0 view .LVU177
 700 0008 0022     		movs	r2, #0
 701 000a 1846     		mov	r0, r3
 702              	.LVL56:
 577:Middlewares/Third_Party/LwIP/src/core/netif.c **** #if LWIP_NETIF_EXT_STATUS_CALLBACK
 703              		.loc 1 577 7 view .LVU178
 704 000c FFF7FEFF 		bl	netif_do_set_netmask
 705              	.LVL57:
 583:Middlewares/Third_Party/LwIP/src/core/netif.c **** }
 706              		.loc 1 583 3 is_stmt 1 view .LVU179
 707              	.L57:
 584:Middlewares/Third_Party/LwIP/src/core/netif.c **** 
 708              		.loc 1 584 1 is_stmt 0 view .LVU180
 709 0010 08BD     		pop	{r3, pc}
 710              	.LVL58:
 711              	.L63:
 570:Middlewares/Third_Party/LwIP/src/core/netif.c **** 
 712              		.loc 1 570 3 is_stmt 1 discriminator 1 view .LVU181
 570:Middlewares/Third_Party/LwIP/src/core/netif.c **** 
 713              		.loc 1 570 3 discriminator 1 view .LVU182
 714 0012 054B     		ldr	r3, .L65
 715 0014 40F23A22 		movw	r2, #570
 716 0018 0449     		ldr	r1, .L65+4
 717              	.LVL59:
 570:Middlewares/Third_Party/LwIP/src/core/netif.c **** 
 718              		.loc 1 570 3 is_stmt 0 discriminator 1 view .LVU183
 719 001a 0548     		ldr	r0, .L65+8
 720              	.LVL60:
 570:Middlewares/Third_Party/LwIP/src/core/netif.c **** 
 721              		.loc 1 570 3 discriminator 1 view .LVU184
 722 001c FFF7FEFF 		bl	printf
 723              	.LVL61:
 570:Middlewares/Third_Party/LwIP/src/core/netif.c **** 
 724              		.loc 1 570 3 is_stmt 1 discriminator 1 view .LVU185
 570:Middlewares/Third_Party/LwIP/src/core/netif.c **** 
ARM GAS  /tmp/ccHnuoCZ.s 			page 45


 725              		.loc 1 570 3 discriminator 1 view .LVU186
 726 0020 F6E7     		b	.L57
 727              	.LVL62:
 728              	.L64:
 574:Middlewares/Third_Party/LwIP/src/core/netif.c ****   }
 729              		.loc 1 574 13 is_stmt 0 view .LVU187
 730 0022 0449     		ldr	r1, .L65+12
 731              	.LVL63:
 574:Middlewares/Third_Party/LwIP/src/core/netif.c ****   }
 732              		.loc 1 574 13 view .LVU188
 733 0024 F0E7     		b	.L60
 734              	.L66:
 735 0026 00BF     		.align	2
 736              	.L65:
 737 0028 00000000 		.word	.LC0
 738 002c 00000000 		.word	.LC7
 739 0030 54000000 		.word	.LC2
 740 0034 00000000 		.word	ip_addr_any
 741              		.cfi_endproc
 742              	.LFE167:
 744              		.section	.rodata.netif_set_gw.str1.4,"aMS",%progbits,1
 745              		.align	2
 746              	.LC8:
 747 0000 6E657469 		.ascii	"netif_set_gw: invalid netif\000"
 747      665F7365 
 747      745F6777 
 747      3A20696E 
 747      76616C69 
 748              		.section	.text.netif_set_gw,"ax",%progbits
 749              		.align	1
 750              		.global	netif_set_gw
 751              		.syntax unified
 752              		.thumb
 753              		.thumb_func
 754              		.fpu fpv4-sp-d16
 756              	netif_set_gw:
 757              	.LVL64:
 758              	.LFB169:
 622:Middlewares/Third_Party/LwIP/src/core/netif.c **** #if LWIP_NETIF_EXT_STATUS_CALLBACK
 759              		.loc 1 622 1 is_stmt 1 view -0
 760              		.cfi_startproc
 761              		@ args = 0, pretend = 0, frame = 0
 762              		@ frame_needed = 0, uses_anonymous_args = 0
 622:Middlewares/Third_Party/LwIP/src/core/netif.c **** #if LWIP_NETIF_EXT_STATUS_CALLBACK
 763              		.loc 1 622 1 is_stmt 0 view .LVU190
 764 0000 08B5     		push	{r3, lr}
 765              	.LCFI12:
 766              		.cfi_def_cfa_offset 8
 767              		.cfi_offset 3, -8
 768              		.cfi_offset 14, -4
 627:Middlewares/Third_Party/LwIP/src/core/netif.c **** #endif
 769              		.loc 1 627 3 is_stmt 1 view .LVU191
 770              	.LVL65:
 629:Middlewares/Third_Party/LwIP/src/core/netif.c **** 
 771              		.loc 1 629 28 view .LVU192
 631:Middlewares/Third_Party/LwIP/src/core/netif.c **** 
 772              		.loc 1 631 3 view .LVU193
ARM GAS  /tmp/ccHnuoCZ.s 			page 46


 631:Middlewares/Third_Party/LwIP/src/core/netif.c **** 
 773              		.loc 1 631 3 view .LVU194
 774 0002 30B1     		cbz	r0, .L73
 775 0004 0346     		mov	r3, r0
 631:Middlewares/Third_Party/LwIP/src/core/netif.c **** 
 776              		.loc 1 631 3 discriminator 2 view .LVU195
 634:Middlewares/Third_Party/LwIP/src/core/netif.c ****     gw = IP4_ADDR_ANY4;
 777              		.loc 1 634 3 discriminator 2 view .LVU196
 634:Middlewares/Third_Party/LwIP/src/core/netif.c ****     gw = IP4_ADDR_ANY4;
 778              		.loc 1 634 6 is_stmt 0 discriminator 2 view .LVU197
 779 0006 61B1     		cbz	r1, .L74
 780              	.LVL66:
 781              	.L70:
 638:Middlewares/Third_Party/LwIP/src/core/netif.c **** #if LWIP_NETIF_EXT_STATUS_CALLBACK
 782              		.loc 1 638 3 is_stmt 1 view .LVU198
 638:Middlewares/Third_Party/LwIP/src/core/netif.c **** #if LWIP_NETIF_EXT_STATUS_CALLBACK
 783              		.loc 1 638 7 is_stmt 0 view .LVU199
 784 0008 0022     		movs	r2, #0
 785 000a 1846     		mov	r0, r3
 786              	.LVL67:
 638:Middlewares/Third_Party/LwIP/src/core/netif.c **** #if LWIP_NETIF_EXT_STATUS_CALLBACK
 787              		.loc 1 638 7 view .LVU200
 788 000c FFF7FEFF 		bl	netif_do_set_gw
 789              	.LVL68:
 644:Middlewares/Third_Party/LwIP/src/core/netif.c **** }
 790              		.loc 1 644 3 is_stmt 1 view .LVU201
 791              	.L67:
 645:Middlewares/Third_Party/LwIP/src/core/netif.c **** 
 792              		.loc 1 645 1 is_stmt 0 view .LVU202
 793 0010 08BD     		pop	{r3, pc}
 794              	.LVL69:
 795              	.L73:
 631:Middlewares/Third_Party/LwIP/src/core/netif.c **** 
 796              		.loc 1 631 3 is_stmt 1 discriminator 1 view .LVU203
 631:Middlewares/Third_Party/LwIP/src/core/netif.c **** 
 797              		.loc 1 631 3 discriminator 1 view .LVU204
 798 0012 054B     		ldr	r3, .L75
 799 0014 40F27722 		movw	r2, #631
 800 0018 0449     		ldr	r1, .L75+4
 801              	.LVL70:
 631:Middlewares/Third_Party/LwIP/src/core/netif.c **** 
 802              		.loc 1 631 3 is_stmt 0 discriminator 1 view .LVU205
 803 001a 0548     		ldr	r0, .L75+8
 804              	.LVL71:
 631:Middlewares/Third_Party/LwIP/src/core/netif.c **** 
 805              		.loc 1 631 3 discriminator 1 view .LVU206
 806 001c FFF7FEFF 		bl	printf
 807              	.LVL72:
 631:Middlewares/Third_Party/LwIP/src/core/netif.c **** 
 808              		.loc 1 631 3 is_stmt 1 discriminator 1 view .LVU207
 631:Middlewares/Third_Party/LwIP/src/core/netif.c **** 
 809              		.loc 1 631 3 discriminator 1 view .LVU208
 810 0020 F6E7     		b	.L67
 811              	.LVL73:
 812              	.L74:
 635:Middlewares/Third_Party/LwIP/src/core/netif.c ****   }
 813              		.loc 1 635 8 is_stmt 0 view .LVU209
ARM GAS  /tmp/ccHnuoCZ.s 			page 47


 814 0022 0449     		ldr	r1, .L75+12
 815              	.LVL74:
 635:Middlewares/Third_Party/LwIP/src/core/netif.c ****   }
 816              		.loc 1 635 8 view .LVU210
 817 0024 F0E7     		b	.L70
 818              	.L76:
 819 0026 00BF     		.align	2
 820              	.L75:
 821 0028 00000000 		.word	.LC0
 822 002c 00000000 		.word	.LC8
 823 0030 54000000 		.word	.LC2
 824 0034 00000000 		.word	ip_addr_any
 825              		.cfi_endproc
 826              	.LFE169:
 828              		.section	.text.netif_set_addr,"ax",%progbits
 829              		.align	1
 830              		.global	netif_set_addr
 831              		.syntax unified
 832              		.thumb
 833              		.thumb_func
 834              		.fpu fpv4-sp-d16
 836              	netif_set_addr:
 837              	.LVL75:
 838              	.LFB170:
 660:Middlewares/Third_Party/LwIP/src/core/netif.c **** #if LWIP_NETIF_EXT_STATUS_CALLBACK
 839              		.loc 1 660 1 is_stmt 1 view -0
 840              		.cfi_startproc
 841              		@ args = 0, pretend = 0, frame = 8
 842              		@ frame_needed = 0, uses_anonymous_args = 0
 660:Middlewares/Third_Party/LwIP/src/core/netif.c **** #if LWIP_NETIF_EXT_STATUS_CALLBACK
 843              		.loc 1 660 1 is_stmt 0 view .LVU212
 844 0000 2DE9F041 		push	{r4, r5, r6, r7, r8, lr}
 845              	.LCFI13:
 846              		.cfi_def_cfa_offset 24
 847              		.cfi_offset 4, -24
 848              		.cfi_offset 5, -20
 849              		.cfi_offset 6, -16
 850              		.cfi_offset 7, -12
 851              		.cfi_offset 8, -8
 852              		.cfi_offset 14, -4
 853 0004 82B0     		sub	sp, sp, #8
 854              	.LCFI14:
 855              		.cfi_def_cfa_offset 32
 856 0006 0446     		mov	r4, r0
 857 0008 1646     		mov	r6, r2
 858 000a 1D46     		mov	r5, r3
 669:Middlewares/Third_Party/LwIP/src/core/netif.c ****   ip_addr_t *old_gw = NULL;
 859              		.loc 1 669 3 is_stmt 1 view .LVU213
 860              	.LVL76:
 670:Middlewares/Third_Party/LwIP/src/core/netif.c **** #endif
 861              		.loc 1 670 3 view .LVU214
 672:Middlewares/Third_Party/LwIP/src/core/netif.c ****   int remove;
 862              		.loc 1 672 3 view .LVU215
 673:Middlewares/Third_Party/LwIP/src/core/netif.c **** 
 863              		.loc 1 673 3 view .LVU216
 675:Middlewares/Third_Party/LwIP/src/core/netif.c **** 
 864              		.loc 1 675 28 view .LVU217
ARM GAS  /tmp/ccHnuoCZ.s 			page 48


 678:Middlewares/Third_Party/LwIP/src/core/netif.c ****     ipaddr = IP4_ADDR_ANY4;
 865              		.loc 1 678 3 view .LVU218
 678:Middlewares/Third_Party/LwIP/src/core/netif.c ****     ipaddr = IP4_ADDR_ANY4;
 866              		.loc 1 678 6 is_stmt 0 view .LVU219
 867 000c 0F46     		mov	r7, r1
 868 000e D9B1     		cbz	r1, .L89
 869              	.L78:
 870              	.LVL77:
 681:Middlewares/Third_Party/LwIP/src/core/netif.c ****     netmask = IP4_ADDR_ANY4;
 871              		.loc 1 681 3 is_stmt 1 view .LVU220
 681:Middlewares/Third_Party/LwIP/src/core/netif.c ****     netmask = IP4_ADDR_ANY4;
 872              		.loc 1 681 6 is_stmt 0 view .LVU221
 873 0010 E6B1     		cbz	r6, .L90
 874              	.L79:
 875              	.LVL78:
 684:Middlewares/Third_Party/LwIP/src/core/netif.c ****     gw = IP4_ADDR_ANY4;
 876              		.loc 1 684 3 is_stmt 1 view .LVU222
 684:Middlewares/Third_Party/LwIP/src/core/netif.c ****     gw = IP4_ADDR_ANY4;
 877              		.loc 1 684 6 is_stmt 0 view .LVU223
 878 0012 EDB1     		cbz	r5, .L91
 879              	.L80:
 880              	.LVL79:
 688:Middlewares/Third_Party/LwIP/src/core/netif.c ****   if (remove) {
 881              		.loc 1 688 3 is_stmt 1 view .LVU224
 688:Middlewares/Third_Party/LwIP/src/core/netif.c ****   if (remove) {
 882              		.loc 1 688 12 is_stmt 0 view .LVU225
 883 0014 0FB1     		cbz	r7, .L81
 688:Middlewares/Third_Party/LwIP/src/core/netif.c ****   if (remove) {
 884              		.loc 1 688 12 discriminator 2 view .LVU226
 885 0016 3B68     		ldr	r3, [r7]
 886 0018 E3B9     		cbnz	r3, .L87
 887              	.L81:
 692:Middlewares/Third_Party/LwIP/src/core/netif.c **** #if LWIP_NETIF_EXT_STATUS_CALLBACK
 888              		.loc 1 692 5 is_stmt 1 view .LVU227
 692:Middlewares/Third_Party/LwIP/src/core/netif.c **** #if LWIP_NETIF_EXT_STATUS_CALLBACK
 889              		.loc 1 692 9 is_stmt 0 view .LVU228
 890 001a 01AA     		add	r2, sp, #4
 891 001c 3946     		mov	r1, r7
 892 001e 2046     		mov	r0, r4
 893              	.LVL80:
 692:Middlewares/Third_Party/LwIP/src/core/netif.c **** #if LWIP_NETIF_EXT_STATUS_CALLBACK
 894              		.loc 1 692 9 view .LVU229
 895 0020 FFF7FEFF 		bl	netif_do_set_ipaddr
 896              	.LVL81:
 897 0024 4FF00108 		mov	r8, #1
 898              	.L82:
 697:Middlewares/Third_Party/LwIP/src/core/netif.c ****   }
 899              		.loc 1 697 5 is_stmt 1 view .LVU230
 699:Middlewares/Third_Party/LwIP/src/core/netif.c **** #if LWIP_NETIF_EXT_STATUS_CALLBACK
 900              		.loc 1 699 3 view .LVU231
 699:Middlewares/Third_Party/LwIP/src/core/netif.c **** #if LWIP_NETIF_EXT_STATUS_CALLBACK
 901              		.loc 1 699 7 is_stmt 0 view .LVU232
 902 0028 0022     		movs	r2, #0
 903 002a 3146     		mov	r1, r6
 904 002c 2046     		mov	r0, r4
 905 002e FFF7FEFF 		bl	netif_do_set_netmask
 906              	.LVL82:
ARM GAS  /tmp/ccHnuoCZ.s 			page 49


 704:Middlewares/Third_Party/LwIP/src/core/netif.c ****   if (netif_do_set_gw(netif, gw, old_gw)) {
 907              		.loc 1 704 3 is_stmt 1 view .LVU233
 705:Middlewares/Third_Party/LwIP/src/core/netif.c **** #if LWIP_NETIF_EXT_STATUS_CALLBACK
 908              		.loc 1 705 3 view .LVU234
 705:Middlewares/Third_Party/LwIP/src/core/netif.c **** #if LWIP_NETIF_EXT_STATUS_CALLBACK
 909              		.loc 1 705 7 is_stmt 0 view .LVU235
 910 0032 0022     		movs	r2, #0
 911 0034 2946     		mov	r1, r5
 912 0036 2046     		mov	r0, r4
 913 0038 FFF7FEFF 		bl	netif_do_set_gw
 914              	.LVL83:
 710:Middlewares/Third_Party/LwIP/src/core/netif.c ****   if (!remove) {
 915              		.loc 1 710 3 is_stmt 1 view .LVU236
 711:Middlewares/Third_Party/LwIP/src/core/netif.c ****     /* set ipaddr last to ensure netmask/gw have been set when status callback is called */
 916              		.loc 1 711 3 view .LVU237
 711:Middlewares/Third_Party/LwIP/src/core/netif.c ****     /* set ipaddr last to ensure netmask/gw have been set when status callback is called */
 917              		.loc 1 711 6 is_stmt 0 view .LVU238
 918 003c B8F1000F 		cmp	r8, #0
 919 0040 0BD0     		beq	.L92
 920              	.L77:
 727:Middlewares/Third_Party/LwIP/src/core/netif.c **** #endif /* LWIP_IPV4*/
 921              		.loc 1 727 1 view .LVU239
 922 0042 02B0     		add	sp, sp, #8
 923              	.LCFI15:
 924              		.cfi_remember_state
 925              		.cfi_def_cfa_offset 24
 926              		@ sp needed
 927 0044 BDE8F081 		pop	{r4, r5, r6, r7, r8, pc}
 928              	.LVL84:
 929              	.L89:
 930              	.LCFI16:
 931              		.cfi_restore_state
 679:Middlewares/Third_Party/LwIP/src/core/netif.c ****   }
 932              		.loc 1 679 12 view .LVU240
 933 0048 074F     		ldr	r7, .L93
 934 004a E1E7     		b	.L78
 935              	.LVL85:
 936              	.L90:
 682:Middlewares/Third_Party/LwIP/src/core/netif.c ****   }
 937              		.loc 1 682 13 view .LVU241
 938 004c 064E     		ldr	r6, .L93
 939 004e E0E7     		b	.L79
 940              	.LVL86:
 941              	.L91:
 685:Middlewares/Third_Party/LwIP/src/core/netif.c ****   }
 942              		.loc 1 685 8 view .LVU242
 943 0050 054D     		ldr	r5, .L93
 944 0052 DFE7     		b	.L80
 945              	.LVL87:
 946              	.L87:
 688:Middlewares/Third_Party/LwIP/src/core/netif.c ****   if (remove) {
 947              		.loc 1 688 12 view .LVU243
 948 0054 4FF00008 		mov	r8, #0
 949 0058 E6E7     		b	.L82
 950              	.LVL88:
 951              	.L92:
 713:Middlewares/Third_Party/LwIP/src/core/netif.c **** #if LWIP_NETIF_EXT_STATUS_CALLBACK
ARM GAS  /tmp/ccHnuoCZ.s 			page 50


 952              		.loc 1 713 5 is_stmt 1 view .LVU244
 713:Middlewares/Third_Party/LwIP/src/core/netif.c **** #if LWIP_NETIF_EXT_STATUS_CALLBACK
 953              		.loc 1 713 9 is_stmt 0 view .LVU245
 954 005a 01AA     		add	r2, sp, #4
 955 005c 3946     		mov	r1, r7
 956 005e 2046     		mov	r0, r4
 957 0060 FFF7FEFF 		bl	netif_do_set_ipaddr
 958              	.LVL89:
 718:Middlewares/Third_Party/LwIP/src/core/netif.c ****   }
 959              		.loc 1 718 5 is_stmt 1 view .LVU246
 727:Middlewares/Third_Party/LwIP/src/core/netif.c **** #endif /* LWIP_IPV4*/
 960              		.loc 1 727 1 is_stmt 0 view .LVU247
 961 0064 EDE7     		b	.L77
 962              	.L94:
 963 0066 00BF     		.align	2
 964              	.L93:
 965 0068 00000000 		.word	ip_addr_any
 966              		.cfi_endproc
 967              	.LFE170:
 969              		.section	.rodata.netif_add.str1.4,"aMS",%progbits,1
 970              		.align	2
 971              	.LC9:
 972 0000 6E657469 		.ascii	"netif_add: invalid netif\000"
 972      665F6164 
 972      643A2069 
 972      6E76616C 
 972      6964206E 
 973 0019 000000   		.align	2
 974              	.LC10:
 975 001c 6E657469 		.ascii	"netif_add: No init function given\000"
 975      665F6164 
 975      643A204E 
 975      6F20696E 
 975      69742066 
 976 003e 0000     		.align	2
 977              	.LC11:
 978 0040 6E657469 		.ascii	"netif already added\000"
 978      6620616C 
 978      72656164 
 978      79206164 
 978      64656400 
 979              		.align	2
 980              	.LC12:
 981 0054 746F6F20 		.ascii	"too many netifs, max. supported number is 255\000"
 981      6D616E79 
 981      206E6574 
 981      6966732C 
 981      206D6178 
 982              		.section	.text.netif_add,"ax",%progbits
 983              		.align	1
 984              		.global	netif_add
 985              		.syntax unified
 986              		.thumb
 987              		.thumb_func
 988              		.fpu fpv4-sp-d16
 990              	netif_add:
 991              	.LVL90:
ARM GAS  /tmp/ccHnuoCZ.s 			page 51


 992              	.LFB162:
 281:Middlewares/Third_Party/LwIP/src/core/netif.c **** #if LWIP_IPV6
 993              		.loc 1 281 1 is_stmt 1 view -0
 994              		.cfi_startproc
 995              		@ args = 12, pretend = 0, frame = 0
 996              		@ frame_needed = 0, uses_anonymous_args = 0
 281:Middlewares/Third_Party/LwIP/src/core/netif.c **** #if LWIP_IPV6
 997              		.loc 1 281 1 is_stmt 0 view .LVU249
 998 0000 70B5     		push	{r4, r5, r6, lr}
 999              	.LCFI17:
 1000              		.cfi_def_cfa_offset 16
 1001              		.cfi_offset 4, -16
 1002              		.cfi_offset 5, -12
 1003              		.cfi_offset 6, -8
 1004              		.cfi_offset 14, -4
 1005 0002 059C     		ldr	r4, [sp, #20]
 286:Middlewares/Third_Party/LwIP/src/core/netif.c **** 
 1006              		.loc 1 286 28 is_stmt 1 view .LVU250
 295:Middlewares/Third_Party/LwIP/src/core/netif.c ****   LWIP_ERROR("netif_add: No init function given", init != NULL, return NULL);
 1007              		.loc 1 295 3 view .LVU251
 295:Middlewares/Third_Party/LwIP/src/core/netif.c ****   LWIP_ERROR("netif_add: No init function given", init != NULL, return NULL);
 1008              		.loc 1 295 3 view .LVU252
 1009 0004 0646     		mov	r6, r0
 1010 0006 18B3     		cbz	r0, .L117
 295:Middlewares/Third_Party/LwIP/src/core/netif.c ****   LWIP_ERROR("netif_add: No init function given", init != NULL, return NULL);
 1011              		.loc 1 295 3 discriminator 2 view .LVU253
 296:Middlewares/Third_Party/LwIP/src/core/netif.c **** 
 1012              		.loc 1 296 3 discriminator 2 view .LVU254
 296:Middlewares/Third_Party/LwIP/src/core/netif.c **** 
 1013              		.loc 1 296 3 discriminator 2 view .LVU255
 1014 0008 002C     		cmp	r4, #0
 1015 000a 2AD0     		beq	.L118
 296:Middlewares/Third_Party/LwIP/src/core/netif.c **** 
 1016              		.loc 1 296 3 discriminator 2 view .LVU256
 299:Middlewares/Third_Party/LwIP/src/core/netif.c ****     ipaddr = ip_2_ip4(IP4_ADDR_ANY);
 1017              		.loc 1 299 3 discriminator 2 view .LVU257
 299:Middlewares/Third_Party/LwIP/src/core/netif.c ****     ipaddr = ip_2_ip4(IP4_ADDR_ANY);
 1018              		.loc 1 299 6 is_stmt 0 discriminator 2 view .LVU258
 1019 000c 0029     		cmp	r1, #0
 1020 000e 31D0     		beq	.L119
 1021              	.LVL91:
 1022              	.L99:
 302:Middlewares/Third_Party/LwIP/src/core/netif.c ****     netmask = ip_2_ip4(IP4_ADDR_ANY);
 1023              		.loc 1 302 3 is_stmt 1 view .LVU259
 302:Middlewares/Third_Party/LwIP/src/core/netif.c ****     netmask = ip_2_ip4(IP4_ADDR_ANY);
 1024              		.loc 1 302 6 is_stmt 0 view .LVU260
 1025 0010 002A     		cmp	r2, #0
 1026 0012 31D0     		beq	.L120
 1027              	.LVL92:
 1028              	.L100:
 305:Middlewares/Third_Party/LwIP/src/core/netif.c ****     gw = ip_2_ip4(IP4_ADDR_ANY);
 1029              		.loc 1 305 3 is_stmt 1 view .LVU261
 305:Middlewares/Third_Party/LwIP/src/core/netif.c ****     gw = ip_2_ip4(IP4_ADDR_ANY);
 1030              		.loc 1 305 6 is_stmt 0 view .LVU262
 1031 0014 002B     		cmp	r3, #0
 1032 0016 31D0     		beq	.L121
 1033              	.LVL93:
ARM GAS  /tmp/ccHnuoCZ.s 			page 52


 1034              	.L101:
 310:Middlewares/Third_Party/LwIP/src/core/netif.c ****   ip_addr_set_zero_ip4(&netif->netmask);
 1035              		.loc 1 310 3 is_stmt 1 view .LVU263
 1036 0018 0020     		movs	r0, #0
 1037              	.LVL94:
 310:Middlewares/Third_Party/LwIP/src/core/netif.c ****   ip_addr_set_zero_ip4(&netif->netmask);
 1038              		.loc 1 310 3 is_stmt 0 view .LVU264
 1039 001a 7060     		str	r0, [r6, #4]
 311:Middlewares/Third_Party/LwIP/src/core/netif.c ****   ip_addr_set_zero_ip4(&netif->gw);
 1040              		.loc 1 311 3 is_stmt 1 view .LVU265
 1041 001c B060     		str	r0, [r6, #8]
 312:Middlewares/Third_Party/LwIP/src/core/netif.c ****   netif->output = netif_null_output_ip4;
 1042              		.loc 1 312 3 view .LVU266
 1043 001e F060     		str	r0, [r6, #12]
 313:Middlewares/Third_Party/LwIP/src/core/netif.c **** #endif /* LWIP_IPV4 */
 1044              		.loc 1 313 3 view .LVU267
 313:Middlewares/Third_Party/LwIP/src/core/netif.c **** #endif /* LWIP_IPV4 */
 1045              		.loc 1 313 17 is_stmt 0 view .LVU268
 1046 0020 364D     		ldr	r5, .L128
 1047 0022 7561     		str	r5, [r6, #20]
 326:Middlewares/Third_Party/LwIP/src/core/netif.c ****   netif->mtu = 0;
 1048              		.loc 1 326 60 is_stmt 1 view .LVU269
 327:Middlewares/Third_Party/LwIP/src/core/netif.c ****   netif->flags = 0;
 1049              		.loc 1 327 3 view .LVU270
 327:Middlewares/Third_Party/LwIP/src/core/netif.c ****   netif->flags = 0;
 1050              		.loc 1 327 14 is_stmt 0 view .LVU271
 1051 0024 3085     		strh	r0, [r6, #40]	@ movhi
 328:Middlewares/Third_Party/LwIP/src/core/netif.c **** #ifdef netif_get_client_data
 1052              		.loc 1 328 3 is_stmt 1 view .LVU272
 328:Middlewares/Third_Party/LwIP/src/core/netif.c **** #ifdef netif_get_client_data
 1053              		.loc 1 328 16 is_stmt 0 view .LVU273
 1054 0026 86F83100 		strb	r0, [r6, #49]
 340:Middlewares/Third_Party/LwIP/src/core/netif.c **** #endif /* LWIP_NETIF_STATUS_CALLBACK */
 1055              		.loc 1 340 3 is_stmt 1 view .LVU274
 340:Middlewares/Third_Party/LwIP/src/core/netif.c **** #endif /* LWIP_NETIF_STATUS_CALLBACK */
 1056              		.loc 1 340 26 is_stmt 0 view .LVU275
 1057 002a F061     		str	r0, [r6, #28]
 343:Middlewares/Third_Party/LwIP/src/core/netif.c **** #endif /* LWIP_NETIF_LINK_CALLBACK */
 1058              		.loc 1 343 3 is_stmt 1 view .LVU276
 343:Middlewares/Third_Party/LwIP/src/core/netif.c **** #endif /* LWIP_NETIF_LINK_CALLBACK */
 1059              		.loc 1 343 24 is_stmt 0 view .LVU277
 1060 002c 3062     		str	r0, [r6, #32]
 357:Middlewares/Third_Party/LwIP/src/core/netif.c ****   netif->num = netif_num;
 1061              		.loc 1 357 3 is_stmt 1 view .LVU278
 357:Middlewares/Third_Party/LwIP/src/core/netif.c ****   netif->num = netif_num;
 1062              		.loc 1 357 16 is_stmt 0 view .LVU279
 1063 002e 0498     		ldr	r0, [sp, #16]
 1064 0030 7062     		str	r0, [r6, #36]
 358:Middlewares/Third_Party/LwIP/src/core/netif.c ****   netif->input = input;
 1065              		.loc 1 358 3 is_stmt 1 view .LVU280
 358:Middlewares/Third_Party/LwIP/src/core/netif.c ****   netif->input = input;
 1066              		.loc 1 358 14 is_stmt 0 view .LVU281
 1067 0032 3348     		ldr	r0, .L128+4
 1068 0034 0078     		ldrb	r0, [r0]	@ zero_extendqisi2
 1069 0036 86F83400 		strb	r0, [r6, #52]
 359:Middlewares/Third_Party/LwIP/src/core/netif.c **** 
 1070              		.loc 1 359 3 is_stmt 1 view .LVU282
ARM GAS  /tmp/ccHnuoCZ.s 			page 53


 359:Middlewares/Third_Party/LwIP/src/core/netif.c **** 
 1071              		.loc 1 359 16 is_stmt 0 view .LVU283
 1072 003a 0698     		ldr	r0, [sp, #24]
 1073 003c 3061     		str	r0, [r6, #16]
 361:Middlewares/Third_Party/LwIP/src/core/netif.c **** #if ENABLE_LOOPBACK && LWIP_LOOPBACK_MAX_PBUFS
 1074              		.loc 1 361 27 is_stmt 1 view .LVU284
 367:Middlewares/Third_Party/LwIP/src/core/netif.c **** #endif /* LWIP_IPV4 */
 1075              		.loc 1 367 3 view .LVU285
 1076 003e 3046     		mov	r0, r6
 1077 0040 FFF7FEFF 		bl	netif_set_addr
 1078              	.LVL95:
 371:Middlewares/Third_Party/LwIP/src/core/netif.c ****     return NULL;
 1079              		.loc 1 371 3 view .LVU286
 371:Middlewares/Third_Party/LwIP/src/core/netif.c ****     return NULL;
 1080              		.loc 1 371 7 is_stmt 0 view .LVU287
 1081 0044 3046     		mov	r0, r6
 1082 0046 A047     		blx	r4
 1083              	.LVL96:
 371:Middlewares/Third_Party/LwIP/src/core/netif.c ****     return NULL;
 1084              		.loc 1 371 6 view .LVU288
 1085 0048 0028     		cmp	r0, #0
 1086 004a 3ED0     		beq	.L109
 372:Middlewares/Third_Party/LwIP/src/core/netif.c ****   }
 1087              		.loc 1 372 12 view .LVU289
 1088 004c 0020     		movs	r0, #0
 1089 004e 50E0     		b	.L95
 1090              	.LVL97:
 1091              	.L117:
 295:Middlewares/Third_Party/LwIP/src/core/netif.c ****   LWIP_ERROR("netif_add: No init function given", init != NULL, return NULL);
 1092              		.loc 1 295 3 is_stmt 1 discriminator 1 view .LVU290
 295:Middlewares/Third_Party/LwIP/src/core/netif.c ****   LWIP_ERROR("netif_add: No init function given", init != NULL, return NULL);
 1093              		.loc 1 295 3 discriminator 1 view .LVU291
 1094 0050 2C4B     		ldr	r3, .L128+8
 1095              	.LVL98:
 295:Middlewares/Third_Party/LwIP/src/core/netif.c ****   LWIP_ERROR("netif_add: No init function given", init != NULL, return NULL);
 1096              		.loc 1 295 3 is_stmt 0 discriminator 1 view .LVU292
 1097 0052 40F22712 		movw	r2, #295
 1098              	.LVL99:
 295:Middlewares/Third_Party/LwIP/src/core/netif.c ****   LWIP_ERROR("netif_add: No init function given", init != NULL, return NULL);
 1099              		.loc 1 295 3 discriminator 1 view .LVU293
 1100 0056 2C49     		ldr	r1, .L128+12
 1101              	.LVL100:
 295:Middlewares/Third_Party/LwIP/src/core/netif.c ****   LWIP_ERROR("netif_add: No init function given", init != NULL, return NULL);
 1102              		.loc 1 295 3 discriminator 1 view .LVU294
 1103 0058 2C48     		ldr	r0, .L128+16
 1104              	.LVL101:
 295:Middlewares/Third_Party/LwIP/src/core/netif.c ****   LWIP_ERROR("netif_add: No init function given", init != NULL, return NULL);
 1105              		.loc 1 295 3 discriminator 1 view .LVU295
 1106 005a FFF7FEFF 		bl	printf
 1107              	.LVL102:
 295:Middlewares/Third_Party/LwIP/src/core/netif.c ****   LWIP_ERROR("netif_add: No init function given", init != NULL, return NULL);
 1108              		.loc 1 295 3 is_stmt 1 discriminator 1 view .LVU296
 295:Middlewares/Third_Party/LwIP/src/core/netif.c ****   LWIP_ERROR("netif_add: No init function given", init != NULL, return NULL);
 1109              		.loc 1 295 3 discriminator 1 view .LVU297
 1110 005e 3046     		mov	r0, r6
 1111 0060 47E0     		b	.L95
 1112              	.LVL103:
ARM GAS  /tmp/ccHnuoCZ.s 			page 54


 1113              	.L118:
 296:Middlewares/Third_Party/LwIP/src/core/netif.c **** 
 1114              		.loc 1 296 3 discriminator 1 view .LVU298
 296:Middlewares/Third_Party/LwIP/src/core/netif.c **** 
 1115              		.loc 1 296 3 discriminator 1 view .LVU299
 1116 0062 284B     		ldr	r3, .L128+8
 1117              	.LVL104:
 296:Middlewares/Third_Party/LwIP/src/core/netif.c **** 
 1118              		.loc 1 296 3 is_stmt 0 discriminator 1 view .LVU300
 1119 0064 4FF49472 		mov	r2, #296
 1120              	.LVL105:
 296:Middlewares/Third_Party/LwIP/src/core/netif.c **** 
 1121              		.loc 1 296 3 discriminator 1 view .LVU301
 1122 0068 2949     		ldr	r1, .L128+20
 1123              	.LVL106:
 296:Middlewares/Third_Party/LwIP/src/core/netif.c **** 
 1124              		.loc 1 296 3 discriminator 1 view .LVU302
 1125 006a 2848     		ldr	r0, .L128+16
 1126              	.LVL107:
 296:Middlewares/Third_Party/LwIP/src/core/netif.c **** 
 1127              		.loc 1 296 3 discriminator 1 view .LVU303
 1128 006c FFF7FEFF 		bl	printf
 1129              	.LVL108:
 296:Middlewares/Third_Party/LwIP/src/core/netif.c **** 
 1130              		.loc 1 296 3 is_stmt 1 discriminator 1 view .LVU304
 296:Middlewares/Third_Party/LwIP/src/core/netif.c **** 
 1131              		.loc 1 296 3 discriminator 1 view .LVU305
 1132 0070 0020     		movs	r0, #0
 1133 0072 3EE0     		b	.L95
 1134              	.LVL109:
 1135              	.L119:
 300:Middlewares/Third_Party/LwIP/src/core/netif.c ****   }
 1136              		.loc 1 300 12 is_stmt 0 view .LVU306
 1137 0074 2749     		ldr	r1, .L128+24
 1138              	.LVL110:
 300:Middlewares/Third_Party/LwIP/src/core/netif.c ****   }
 1139              		.loc 1 300 12 view .LVU307
 1140 0076 CBE7     		b	.L99
 1141              	.LVL111:
 1142              	.L120:
 303:Middlewares/Third_Party/LwIP/src/core/netif.c ****   }
 1143              		.loc 1 303 13 view .LVU308
 1144 0078 264A     		ldr	r2, .L128+24
 1145              	.LVL112:
 303:Middlewares/Third_Party/LwIP/src/core/netif.c ****   }
 1146              		.loc 1 303 13 view .LVU309
 1147 007a CBE7     		b	.L100
 1148              	.LVL113:
 1149              	.L121:
 306:Middlewares/Third_Party/LwIP/src/core/netif.c ****   }
 1150              		.loc 1 306 8 view .LVU310
 1151 007c 254B     		ldr	r3, .L128+24
 1152              	.LVL114:
 306:Middlewares/Third_Party/LwIP/src/core/netif.c ****   }
 1153              		.loc 1 306 8 view .LVU311
 1154 007e CBE7     		b	.L101
 1155              	.LVL115:
ARM GAS  /tmp/ccHnuoCZ.s 			page 55


 1156              	.L126:
 1157              	.LBB3:
 391:Middlewares/Third_Party/LwIP/src/core/netif.c ****       }
 1158              		.loc 1 391 9 is_stmt 1 view .LVU312
 391:Middlewares/Third_Party/LwIP/src/core/netif.c ****       }
 1159              		.loc 1 391 20 is_stmt 0 view .LVU313
 1160 0080 0023     		movs	r3, #0
 1161 0082 86F83430 		strb	r3, [r6, #52]
 1162 0086 24E0     		b	.L102
 1163              	.LVL116:
 1164              	.L123:
 395:Middlewares/Third_Party/LwIP/src/core/netif.c ****         num_netifs++;
 1165              		.loc 1 395 9 is_stmt 1 discriminator 1 view .LVU314
 395:Middlewares/Third_Party/LwIP/src/core/netif.c ****         num_netifs++;
 1166              		.loc 1 395 9 discriminator 1 view .LVU315
 1167 0088 1E4B     		ldr	r3, .L128+8
 1168 008a 40F28B12 		movw	r2, #395
 1169 008e 2249     		ldr	r1, .L128+28
 1170 0090 1E48     		ldr	r0, .L128+16
 1171 0092 FFF7FEFF 		bl	printf
 1172              	.LVL117:
 1173 0096 10E0     		b	.L104
 1174              	.L124:
 397:Middlewares/Third_Party/LwIP/src/core/netif.c ****         if (netif2->num == netif->num) {
 1175              		.loc 1 397 9 discriminator 1 view .LVU316
 397:Middlewares/Third_Party/LwIP/src/core/netif.c ****         if (netif2->num == netif->num) {
 1176              		.loc 1 397 9 discriminator 1 view .LVU317
 1177 0098 1A4B     		ldr	r3, .L128+8
 1178 009a 40F28D12 		movw	r2, #397
 1179 009e 1F49     		ldr	r1, .L128+32
 1180 00a0 1A48     		ldr	r0, .L128+16
 1181 00a2 FFF7FEFF 		bl	printf
 1182              	.LVL118:
 1183              	.L105:
 397:Middlewares/Third_Party/LwIP/src/core/netif.c ****         if (netif2->num == netif->num) {
 1184              		.loc 1 397 9 discriminator 3 view .LVU318
 397:Middlewares/Third_Party/LwIP/src/core/netif.c ****         if (netif2->num == netif->num) {
 1185              		.loc 1 397 9 discriminator 3 view .LVU319
 398:Middlewares/Third_Party/LwIP/src/core/netif.c ****           netif->num++;
 1186              		.loc 1 398 9 discriminator 3 view .LVU320
 398:Middlewares/Third_Party/LwIP/src/core/netif.c ****           netif->num++;
 1187              		.loc 1 398 19 is_stmt 0 discriminator 3 view .LVU321
 1188 00a6 94F83420 		ldrb	r2, [r4, #52]	@ zero_extendqisi2
 398:Middlewares/Third_Party/LwIP/src/core/netif.c ****           netif->num++;
 1189              		.loc 1 398 33 discriminator 3 view .LVU322
 1190 00aa 96F83430 		ldrb	r3, [r6, #52]	@ zero_extendqisi2
 398:Middlewares/Third_Party/LwIP/src/core/netif.c ****           netif->num++;
 1191              		.loc 1 398 12 discriminator 3 view .LVU323
 1192 00ae 9A42     		cmp	r2, r3
 1193 00b0 07D0     		beq	.L122
 394:Middlewares/Third_Party/LwIP/src/core/netif.c ****         LWIP_ASSERT("netif already added", netif2 != netif);
 1194              		.loc 1 394 49 is_stmt 1 discriminator 2 view .LVU324
 394:Middlewares/Third_Party/LwIP/src/core/netif.c ****         LWIP_ASSERT("netif already added", netif2 != netif);
 1195              		.loc 1 394 56 is_stmt 0 discriminator 2 view .LVU325
 1196 00b2 2468     		ldr	r4, [r4]
 1197              	.LVL119:
 1198              	.L103:
ARM GAS  /tmp/ccHnuoCZ.s 			page 56


 394:Middlewares/Third_Party/LwIP/src/core/netif.c ****         LWIP_ASSERT("netif already added", netif2 != netif);
 1199              		.loc 1 394 33 is_stmt 1 discriminator 1 view .LVU326
 394:Middlewares/Third_Party/LwIP/src/core/netif.c ****         LWIP_ASSERT("netif already added", netif2 != netif);
 1200              		.loc 1 394 7 is_stmt 0 discriminator 1 view .LVU327
 1201 00b4 44B1     		cbz	r4, .L107
 395:Middlewares/Third_Party/LwIP/src/core/netif.c ****         num_netifs++;
 1202              		.loc 1 395 9 is_stmt 1 view .LVU328
 395:Middlewares/Third_Party/LwIP/src/core/netif.c ****         num_netifs++;
 1203              		.loc 1 395 9 view .LVU329
 1204 00b6 A642     		cmp	r6, r4
 1205 00b8 E6D0     		beq	.L123
 1206              	.L104:
 395:Middlewares/Third_Party/LwIP/src/core/netif.c ****         num_netifs++;
 1207              		.loc 1 395 9 discriminator 3 view .LVU330
 395:Middlewares/Third_Party/LwIP/src/core/netif.c ****         num_netifs++;
 1208              		.loc 1 395 9 discriminator 3 view .LVU331
 396:Middlewares/Third_Party/LwIP/src/core/netif.c ****         LWIP_ASSERT("too many netifs, max. supported number is 255", num_netifs <= 255);
 1209              		.loc 1 396 9 discriminator 3 view .LVU332
 396:Middlewares/Third_Party/LwIP/src/core/netif.c ****         LWIP_ASSERT("too many netifs, max. supported number is 255", num_netifs <= 255);
 1210              		.loc 1 396 19 is_stmt 0 discriminator 3 view .LVU333
 1211 00ba 0135     		adds	r5, r5, #1
 1212              	.LVL120:
 397:Middlewares/Third_Party/LwIP/src/core/netif.c ****         if (netif2->num == netif->num) {
 1213              		.loc 1 397 9 is_stmt 1 discriminator 3 view .LVU334
 397:Middlewares/Third_Party/LwIP/src/core/netif.c ****         if (netif2->num == netif->num) {
 1214              		.loc 1 397 9 discriminator 3 view .LVU335
 1215 00bc FF2D     		cmp	r5, #255
 1216 00be F2DD     		ble	.L105
 1217 00c0 EAE7     		b	.L124
 1218              	.L122:
 399:Middlewares/Third_Party/LwIP/src/core/netif.c ****           break;
 1219              		.loc 1 399 11 view .LVU336
 399:Middlewares/Third_Party/LwIP/src/core/netif.c ****           break;
 1220              		.loc 1 399 21 is_stmt 0 view .LVU337
 1221 00c2 0133     		adds	r3, r3, #1
 1222 00c4 86F83430 		strb	r3, [r6, #52]
 400:Middlewares/Third_Party/LwIP/src/core/netif.c ****         }
 1223              		.loc 1 400 11 is_stmt 1 view .LVU338
 1224              	.L107:
 403:Middlewares/Third_Party/LwIP/src/core/netif.c ****   }
 1225              		.loc 1 403 13 view .LVU339
 403:Middlewares/Third_Party/LwIP/src/core/netif.c ****   }
 1226              		.loc 1 403 5 is_stmt 0 view .LVU340
 1227 00c8 3CB1     		cbz	r4, .L125
 1228              	.LVL121:
 1229              	.L109:
 387:Middlewares/Third_Party/LwIP/src/core/netif.c ****     int num_netifs;
 1230              		.loc 1 387 5 is_stmt 1 view .LVU341
 388:Middlewares/Third_Party/LwIP/src/core/netif.c ****     do {
 1231              		.loc 1 388 5 view .LVU342
 389:Middlewares/Third_Party/LwIP/src/core/netif.c ****       if (netif->num == 255) {
 1232              		.loc 1 389 5 view .LVU343
 390:Middlewares/Third_Party/LwIP/src/core/netif.c ****         netif->num = 0;
 1233              		.loc 1 390 7 view .LVU344
 390:Middlewares/Third_Party/LwIP/src/core/netif.c ****         netif->num = 0;
 1234              		.loc 1 390 16 is_stmt 0 view .LVU345
 1235 00ca 96F83430 		ldrb	r3, [r6, #52]	@ zero_extendqisi2
ARM GAS  /tmp/ccHnuoCZ.s 			page 57


 390:Middlewares/Third_Party/LwIP/src/core/netif.c ****         netif->num = 0;
 1236              		.loc 1 390 10 view .LVU346
 1237 00ce FF2B     		cmp	r3, #255
 1238 00d0 D6D0     		beq	.L126
 1239              	.L102:
 393:Middlewares/Third_Party/LwIP/src/core/netif.c ****       for (netif2 = netif_list; netif2 != NULL; netif2 = netif2->next) {
 1240              		.loc 1 393 7 is_stmt 1 view .LVU347
 1241              	.LVL122:
 394:Middlewares/Third_Party/LwIP/src/core/netif.c ****         LWIP_ASSERT("netif already added", netif2 != netif);
 1242              		.loc 1 394 7 view .LVU348
 394:Middlewares/Third_Party/LwIP/src/core/netif.c ****         LWIP_ASSERT("netif already added", netif2 != netif);
 1243              		.loc 1 394 19 is_stmt 0 view .LVU349
 1244 00d2 134B     		ldr	r3, .L128+36
 1245 00d4 1C68     		ldr	r4, [r3]
 1246              	.LVL123:
 393:Middlewares/Third_Party/LwIP/src/core/netif.c ****       for (netif2 = netif_list; netif2 != NULL; netif2 = netif2->next) {
 1247              		.loc 1 393 18 view .LVU350
 1248 00d6 0025     		movs	r5, #0
 394:Middlewares/Third_Party/LwIP/src/core/netif.c ****         LWIP_ASSERT("netif already added", netif2 != netif);
 1249              		.loc 1 394 7 view .LVU351
 1250 00d8 ECE7     		b	.L103
 1251              	.LVL124:
 1252              	.L125:
 394:Middlewares/Third_Party/LwIP/src/core/netif.c ****         LWIP_ASSERT("netif already added", netif2 != netif);
 1253              		.loc 1 394 7 view .LVU352
 1254              	.LBE3:
 405:Middlewares/Third_Party/LwIP/src/core/netif.c ****     netif_num = 0;
 1255              		.loc 1 405 3 is_stmt 1 view .LVU353
 405:Middlewares/Third_Party/LwIP/src/core/netif.c ****     netif_num = 0;
 1256              		.loc 1 405 12 is_stmt 0 view .LVU354
 1257 00da 96F83430 		ldrb	r3, [r6, #52]	@ zero_extendqisi2
 405:Middlewares/Third_Party/LwIP/src/core/netif.c ****     netif_num = 0;
 1258              		.loc 1 405 6 view .LVU355
 1259 00de FE2B     		cmp	r3, #254
 1260 00e0 08D0     		beq	.L127
 408:Middlewares/Third_Party/LwIP/src/core/netif.c ****   }
 1261              		.loc 1 408 5 is_stmt 1 view .LVU356
 408:Middlewares/Third_Party/LwIP/src/core/netif.c ****   }
 1262              		.loc 1 408 17 is_stmt 0 view .LVU357
 1263 00e2 0133     		adds	r3, r3, #1
 408:Middlewares/Third_Party/LwIP/src/core/netif.c ****   }
 1264              		.loc 1 408 15 view .LVU358
 1265 00e4 064A     		ldr	r2, .L128+4
 1266 00e6 1370     		strb	r3, [r2]
 1267              	.L111:
 412:Middlewares/Third_Party/LwIP/src/core/netif.c ****   netif_list = netif;
 1268              		.loc 1 412 3 is_stmt 1 view .LVU359
 412:Middlewares/Third_Party/LwIP/src/core/netif.c ****   netif_list = netif;
 1269              		.loc 1 412 15 is_stmt 0 view .LVU360
 1270 00e8 0D4B     		ldr	r3, .L128+36
 1271 00ea 1A68     		ldr	r2, [r3]
 1272 00ec 3260     		str	r2, [r6]
 413:Middlewares/Third_Party/LwIP/src/core/netif.c **** #endif /* "LWIP_SINGLE_NETIF */
 1273              		.loc 1 413 3 is_stmt 1 view .LVU361
 413:Middlewares/Third_Party/LwIP/src/core/netif.c **** #endif /* "LWIP_SINGLE_NETIF */
 1274              		.loc 1 413 14 is_stmt 0 view .LVU362
 1275 00ee 1E60     		str	r6, [r3]
ARM GAS  /tmp/ccHnuoCZ.s 			page 58


 415:Middlewares/Third_Party/LwIP/src/core/netif.c **** 
 1276              		.loc 1 415 26 is_stmt 1 view .LVU363
 424:Middlewares/Third_Party/LwIP/src/core/netif.c ****                             netif->name[0], netif->name[1]));
 1277              		.loc 1 424 3 view .LVU364
 424:Middlewares/Third_Party/LwIP/src/core/netif.c ****                             netif->name[0], netif->name[1]));
 1278              		.loc 1 424 3 view .LVU365
 424:Middlewares/Third_Party/LwIP/src/core/netif.c ****                             netif->name[0], netif->name[1]));
 1279              		.loc 1 424 3 view .LVU366
 427:Middlewares/Third_Party/LwIP/src/core/netif.c ****   ip4_addr_debug_print(NETIF_DEBUG, ipaddr);
 1280              		.loc 1 427 3 view .LVU367
 427:Middlewares/Third_Party/LwIP/src/core/netif.c ****   ip4_addr_debug_print(NETIF_DEBUG, ipaddr);
 1281              		.loc 1 427 3 view .LVU368
 427:Middlewares/Third_Party/LwIP/src/core/netif.c ****   ip4_addr_debug_print(NETIF_DEBUG, ipaddr);
 1282              		.loc 1 427 3 view .LVU369
 428:Middlewares/Third_Party/LwIP/src/core/netif.c ****   LWIP_DEBUGF(NETIF_DEBUG, (" netmask "));
 1283              		.loc 1 428 3 view .LVU370
 428:Middlewares/Third_Party/LwIP/src/core/netif.c ****   LWIP_DEBUGF(NETIF_DEBUG, (" netmask "));
 1284              		.loc 1 428 3 view .LVU371
 428:Middlewares/Third_Party/LwIP/src/core/netif.c ****   LWIP_DEBUGF(NETIF_DEBUG, (" netmask "));
 1285              		.loc 1 428 3 view .LVU372
 429:Middlewares/Third_Party/LwIP/src/core/netif.c ****   ip4_addr_debug_print(NETIF_DEBUG, netmask);
 1286              		.loc 1 429 3 view .LVU373
 429:Middlewares/Third_Party/LwIP/src/core/netif.c ****   ip4_addr_debug_print(NETIF_DEBUG, netmask);
 1287              		.loc 1 429 3 view .LVU374
 429:Middlewares/Third_Party/LwIP/src/core/netif.c ****   ip4_addr_debug_print(NETIF_DEBUG, netmask);
 1288              		.loc 1 429 3 view .LVU375
 430:Middlewares/Third_Party/LwIP/src/core/netif.c ****   LWIP_DEBUGF(NETIF_DEBUG, (" gw "));
 1289              		.loc 1 430 3 view .LVU376
 430:Middlewares/Third_Party/LwIP/src/core/netif.c ****   LWIP_DEBUGF(NETIF_DEBUG, (" gw "));
 1290              		.loc 1 430 3 view .LVU377
 430:Middlewares/Third_Party/LwIP/src/core/netif.c ****   LWIP_DEBUGF(NETIF_DEBUG, (" gw "));
 1291              		.loc 1 430 3 view .LVU378
 431:Middlewares/Third_Party/LwIP/src/core/netif.c ****   ip4_addr_debug_print(NETIF_DEBUG, gw);
 1292              		.loc 1 431 3 view .LVU379
 431:Middlewares/Third_Party/LwIP/src/core/netif.c ****   ip4_addr_debug_print(NETIF_DEBUG, gw);
 1293              		.loc 1 431 3 view .LVU380
 431:Middlewares/Third_Party/LwIP/src/core/netif.c ****   ip4_addr_debug_print(NETIF_DEBUG, gw);
 1294              		.loc 1 431 3 view .LVU381
 432:Middlewares/Third_Party/LwIP/src/core/netif.c **** #endif /* LWIP_IPV4 */
 1295              		.loc 1 432 3 view .LVU382
 432:Middlewares/Third_Party/LwIP/src/core/netif.c **** #endif /* LWIP_IPV4 */
 1296              		.loc 1 432 3 view .LVU383
 432:Middlewares/Third_Party/LwIP/src/core/netif.c **** #endif /* LWIP_IPV4 */
 1297              		.loc 1 432 3 view .LVU384
 434:Middlewares/Third_Party/LwIP/src/core/netif.c **** 
 1298              		.loc 1 434 3 view .LVU385
 434:Middlewares/Third_Party/LwIP/src/core/netif.c **** 
 1299              		.loc 1 434 3 view .LVU386
 434:Middlewares/Third_Party/LwIP/src/core/netif.c **** 
 1300              		.loc 1 434 3 view .LVU387
 436:Middlewares/Third_Party/LwIP/src/core/netif.c **** 
 1301              		.loc 1 436 63 view .LVU388
 438:Middlewares/Third_Party/LwIP/src/core/netif.c **** }
 1302              		.loc 1 438 3 view .LVU389
 438:Middlewares/Third_Party/LwIP/src/core/netif.c **** }
 1303              		.loc 1 438 10 is_stmt 0 view .LVU390
 1304 00f0 3046     		mov	r0, r6
ARM GAS  /tmp/ccHnuoCZ.s 			page 59


 1305              	.LVL125:
 1306              	.L95:
 439:Middlewares/Third_Party/LwIP/src/core/netif.c **** 
 1307              		.loc 1 439 1 view .LVU391
 1308 00f2 70BD     		pop	{r4, r5, r6, pc}
 1309              	.LVL126:
 1310              	.L127:
 406:Middlewares/Third_Party/LwIP/src/core/netif.c ****   } else {
 1311              		.loc 1 406 5 is_stmt 1 view .LVU392
 406:Middlewares/Third_Party/LwIP/src/core/netif.c ****   } else {
 1312              		.loc 1 406 15 is_stmt 0 view .LVU393
 1313 00f4 024B     		ldr	r3, .L128+4
 1314 00f6 0022     		movs	r2, #0
 1315 00f8 1A70     		strb	r2, [r3]
 1316 00fa F5E7     		b	.L111
 1317              	.L129:
 1318              		.align	2
 1319              	.L128:
 1320 00fc 00000000 		.word	netif_null_output_ip4
 1321 0100 00000000 		.word	.LANCHOR0
 1322 0104 00000000 		.word	.LC0
 1323 0108 00000000 		.word	.LC9
 1324 010c 54000000 		.word	.LC2
 1325 0110 1C000000 		.word	.LC10
 1326 0114 00000000 		.word	ip_addr_any
 1327 0118 40000000 		.word	.LC11
 1328 011c 54000000 		.word	.LC12
 1329 0120 00000000 		.word	netif_list
 1330              		.cfi_endproc
 1331              	.LFE162:
 1333              		.section	.text.netif_add_noaddr,"ax",%progbits
 1334              		.align	1
 1335              		.global	netif_add_noaddr
 1336              		.syntax unified
 1337              		.thumb
 1338              		.thumb_func
 1339              		.fpu fpv4-sp-d16
 1341              	netif_add_noaddr:
 1342              	.LVL127:
 1343              	.LFB161:
 240:Middlewares/Third_Party/LwIP/src/core/netif.c ****   return netif_add(netif,
 1344              		.loc 1 240 1 is_stmt 1 view -0
 1345              		.cfi_startproc
 1346              		@ args = 0, pretend = 0, frame = 0
 1347              		@ frame_needed = 0, uses_anonymous_args = 0
 240:Middlewares/Third_Party/LwIP/src/core/netif.c ****   return netif_add(netif,
 1348              		.loc 1 240 1 is_stmt 0 view .LVU395
 1349 0000 00B5     		push	{lr}
 1350              	.LCFI18:
 1351              		.cfi_def_cfa_offset 4
 1352              		.cfi_offset 14, -4
 1353 0002 85B0     		sub	sp, sp, #20
 1354              	.LCFI19:
 1355              		.cfi_def_cfa_offset 24
 241:Middlewares/Third_Party/LwIP/src/core/netif.c **** #if LWIP_IPV4
 1356              		.loc 1 241 3 is_stmt 1 view .LVU396
 241:Middlewares/Third_Party/LwIP/src/core/netif.c **** #if LWIP_IPV4
ARM GAS  /tmp/ccHnuoCZ.s 			page 60


 1357              		.loc 1 241 10 is_stmt 0 view .LVU397
 1358 0004 0293     		str	r3, [sp, #8]
 1359 0006 0192     		str	r2, [sp, #4]
 1360 0008 0091     		str	r1, [sp]
 1361 000a 0023     		movs	r3, #0
 1362              	.LVL128:
 241:Middlewares/Third_Party/LwIP/src/core/netif.c **** #if LWIP_IPV4
 1363              		.loc 1 241 10 view .LVU398
 1364 000c 1A46     		mov	r2, r3
 1365              	.LVL129:
 241:Middlewares/Third_Party/LwIP/src/core/netif.c **** #if LWIP_IPV4
 1366              		.loc 1 241 10 view .LVU399
 1367 000e 1946     		mov	r1, r3
 1368              	.LVL130:
 241:Middlewares/Third_Party/LwIP/src/core/netif.c **** #if LWIP_IPV4
 1369              		.loc 1 241 10 view .LVU400
 1370 0010 FFF7FEFF 		bl	netif_add
 1371              	.LVL131:
 246:Middlewares/Third_Party/LwIP/src/core/netif.c **** 
 1372              		.loc 1 246 1 view .LVU401
 1373 0014 05B0     		add	sp, sp, #20
 1374              	.LCFI20:
 1375              		.cfi_def_cfa_offset 4
 1376              		@ sp needed
 1377 0016 5DF804FB 		ldr	pc, [sp], #4
 1378              		.cfi_endproc
 1379              	.LFE161:
 1381              		.section	.text.netif_set_default,"ax",%progbits
 1382              		.align	1
 1383              		.global	netif_set_default
 1384              		.syntax unified
 1385              		.thumb
 1386              		.thumb_func
 1387              		.fpu fpv4-sp-d16
 1389              	netif_set_default:
 1390              	.LVL132:
 1391              	.LFB172:
 823:Middlewares/Third_Party/LwIP/src/core/netif.c ****   LWIP_ASSERT_CORE_LOCKED();
 1392              		.loc 1 823 1 is_stmt 1 view -0
 1393              		.cfi_startproc
 1394              		@ args = 0, pretend = 0, frame = 0
 1395              		@ frame_needed = 0, uses_anonymous_args = 0
 1396              		@ link register save eliminated.
 824:Middlewares/Third_Party/LwIP/src/core/netif.c **** 
 1397              		.loc 1 824 28 view .LVU403
 826:Middlewares/Third_Party/LwIP/src/core/netif.c ****     /* remove default route */
 1398              		.loc 1 826 3 view .LVU404
 831:Middlewares/Third_Party/LwIP/src/core/netif.c ****   }
 1399              		.loc 1 831 33 view .LVU405
 833:Middlewares/Third_Party/LwIP/src/core/netif.c ****   LWIP_DEBUGF(NETIF_DEBUG, ("netif: setting default interface %c%c\n",
 1400              		.loc 1 833 3 view .LVU406
 833:Middlewares/Third_Party/LwIP/src/core/netif.c ****   LWIP_DEBUGF(NETIF_DEBUG, ("netif: setting default interface %c%c\n",
 1401              		.loc 1 833 17 is_stmt 0 view .LVU407
 1402 0000 014B     		ldr	r3, .L133
 1403 0002 1860     		str	r0, [r3]
 834:Middlewares/Third_Party/LwIP/src/core/netif.c ****                             netif ? netif->name[0] : '\'', netif ? netif->name[1] : '\''));
 1404              		.loc 1 834 3 is_stmt 1 view .LVU408
ARM GAS  /tmp/ccHnuoCZ.s 			page 61


 834:Middlewares/Third_Party/LwIP/src/core/netif.c ****                             netif ? netif->name[0] : '\'', netif ? netif->name[1] : '\''));
 1405              		.loc 1 834 3 view .LVU409
 834:Middlewares/Third_Party/LwIP/src/core/netif.c ****                             netif ? netif->name[0] : '\'', netif ? netif->name[1] : '\''));
 1406              		.loc 1 834 3 view .LVU410
 836:Middlewares/Third_Party/LwIP/src/core/netif.c **** 
 1407              		.loc 1 836 1 is_stmt 0 view .LVU411
 1408 0004 7047     		bx	lr
 1409              	.L134:
 1410 0006 00BF     		.align	2
 1411              	.L133:
 1412 0008 00000000 		.word	netif_default
 1413              		.cfi_endproc
 1414              	.LFE172:
 1416              		.section	.rodata.netif_set_up.str1.4,"aMS",%progbits,1
 1417              		.align	2
 1418              	.LC13:
 1419 0000 6E657469 		.ascii	"netif_set_up: invalid netif\000"
 1419      665F7365 
 1419      745F7570 
 1419      3A20696E 
 1419      76616C69 
 1420              		.section	.text.netif_set_up,"ax",%progbits
 1421              		.align	1
 1422              		.global	netif_set_up
 1423              		.syntax unified
 1424              		.thumb
 1425              		.thumb_func
 1426              		.fpu fpv4-sp-d16
 1428              	netif_set_up:
 1429              	.LVL133:
 1430              	.LFB173:
 845:Middlewares/Third_Party/LwIP/src/core/netif.c ****   LWIP_ASSERT_CORE_LOCKED();
 1431              		.loc 1 845 1 is_stmt 1 view -0
 1432              		.cfi_startproc
 1433              		@ args = 0, pretend = 0, frame = 0
 1434              		@ frame_needed = 0, uses_anonymous_args = 0
 845:Middlewares/Third_Party/LwIP/src/core/netif.c ****   LWIP_ASSERT_CORE_LOCKED();
 1435              		.loc 1 845 1 is_stmt 0 view .LVU413
 1436 0000 10B5     		push	{r4, lr}
 1437              	.LCFI21:
 1438              		.cfi_def_cfa_offset 8
 1439              		.cfi_offset 4, -8
 1440              		.cfi_offset 14, -4
 846:Middlewares/Third_Party/LwIP/src/core/netif.c **** 
 1441              		.loc 1 846 28 is_stmt 1 view .LVU414
 848:Middlewares/Third_Party/LwIP/src/core/netif.c **** 
 1442              		.loc 1 848 3 view .LVU415
 848:Middlewares/Third_Party/LwIP/src/core/netif.c **** 
 1443              		.loc 1 848 3 view .LVU416
 1444 0002 88B1     		cbz	r0, .L140
 1445 0004 0446     		mov	r4, r0
 848:Middlewares/Third_Party/LwIP/src/core/netif.c **** 
 1446              		.loc 1 848 3 discriminator 2 view .LVU417
 850:Middlewares/Third_Party/LwIP/src/core/netif.c ****     netif_set_flags(netif, NETIF_FLAG_UP);
 1447              		.loc 1 850 3 discriminator 2 view .LVU418
 850:Middlewares/Third_Party/LwIP/src/core/netif.c ****     netif_set_flags(netif, NETIF_FLAG_UP);
 1448              		.loc 1 850 14 is_stmt 0 discriminator 2 view .LVU419
ARM GAS  /tmp/ccHnuoCZ.s 			page 62


 1449 0006 90F83130 		ldrb	r3, [r0, #49]	@ zero_extendqisi2
 850:Middlewares/Third_Party/LwIP/src/core/netif.c ****     netif_set_flags(netif, NETIF_FLAG_UP);
 1450              		.loc 1 850 6 discriminator 2 view .LVU420
 1451 000a 13F0010F 		tst	r3, #1
 1452 000e 0AD1     		bne	.L135
 851:Middlewares/Third_Party/LwIP/src/core/netif.c **** 
 1453              		.loc 1 851 5 is_stmt 1 view .LVU421
 851:Middlewares/Third_Party/LwIP/src/core/netif.c **** 
 1454              		.loc 1 851 5 view .LVU422
 1455 0010 43F00103 		orr	r3, r3, #1
 1456 0014 80F83130 		strb	r3, [r0, #49]
 851:Middlewares/Third_Party/LwIP/src/core/netif.c **** 
 1457              		.loc 1 851 5 view .LVU423
 853:Middlewares/Third_Party/LwIP/src/core/netif.c **** 
 1458              		.loc 1 853 39 view .LVU424
 855:Middlewares/Third_Party/LwIP/src/core/netif.c **** 
 1459              		.loc 1 855 5 view .LVU425
 855:Middlewares/Third_Party/LwIP/src/core/netif.c **** 
 1460              		.loc 1 855 5 view .LVU426
 1461 0018 C369     		ldr	r3, [r0, #28]
 1462 001a 03B1     		cbz	r3, .L138
 855:Middlewares/Third_Party/LwIP/src/core/netif.c **** 
 1463              		.loc 1 855 5 discriminator 1 view .LVU427
 1464 001c 9847     		blx	r3
 1465              	.LVL134:
 1466              	.L138:
 855:Middlewares/Third_Party/LwIP/src/core/netif.c **** 
 1467              		.loc 1 855 5 discriminator 3 view .LVU428
 865:Middlewares/Third_Party/LwIP/src/core/netif.c **** #if LWIP_IPV6
 1468              		.loc 1 865 5 discriminator 3 view .LVU429
 1469 001e 0321     		movs	r1, #3
 1470 0020 2046     		mov	r0, r4
 1471 0022 FFF7FEFF 		bl	netif_issue_reports
 1472              	.LVL135:
 1473              	.L135:
 870:Middlewares/Third_Party/LwIP/src/core/netif.c **** 
 1474              		.loc 1 870 1 is_stmt 0 view .LVU430
 1475 0026 10BD     		pop	{r4, pc}
 1476              	.LVL136:
 1477              	.L140:
 848:Middlewares/Third_Party/LwIP/src/core/netif.c **** 
 1478              		.loc 1 848 3 is_stmt 1 discriminator 1 view .LVU431
 848:Middlewares/Third_Party/LwIP/src/core/netif.c **** 
 1479              		.loc 1 848 3 discriminator 1 view .LVU432
 1480 0028 034B     		ldr	r3, .L141
 1481 002a 4FF45472 		mov	r2, #848
 1482 002e 0349     		ldr	r1, .L141+4
 1483 0030 0348     		ldr	r0, .L141+8
 1484              	.LVL137:
 848:Middlewares/Third_Party/LwIP/src/core/netif.c **** 
 1485              		.loc 1 848 3 is_stmt 0 discriminator 1 view .LVU433
 1486 0032 FFF7FEFF 		bl	printf
 1487              	.LVL138:
 848:Middlewares/Third_Party/LwIP/src/core/netif.c **** 
 1488              		.loc 1 848 3 is_stmt 1 discriminator 1 view .LVU434
 848:Middlewares/Third_Party/LwIP/src/core/netif.c **** 
 1489              		.loc 1 848 3 discriminator 1 view .LVU435
ARM GAS  /tmp/ccHnuoCZ.s 			page 63


 1490 0036 F6E7     		b	.L135
 1491              	.L142:
 1492              		.align	2
 1493              	.L141:
 1494 0038 00000000 		.word	.LC0
 1495 003c 00000000 		.word	.LC13
 1496 0040 54000000 		.word	.LC2
 1497              		.cfi_endproc
 1498              	.LFE173:
 1500              		.section	.rodata.netif_set_down.str1.4,"aMS",%progbits,1
 1501              		.align	2
 1502              	.LC14:
 1503 0000 6E657469 		.ascii	"netif_set_down: invalid netif\000"
 1503      665F7365 
 1503      745F646F 
 1503      776E3A20 
 1503      696E7661 
 1504              		.section	.text.netif_set_down,"ax",%progbits
 1505              		.align	1
 1506              		.global	netif_set_down
 1507              		.syntax unified
 1508              		.thumb
 1509              		.thumb_func
 1510              		.fpu fpv4-sp-d16
 1512              	netif_set_down:
 1513              	.LVL139:
 1514              	.LFB175:
 920:Middlewares/Third_Party/LwIP/src/core/netif.c ****   LWIP_ASSERT_CORE_LOCKED();
 1515              		.loc 1 920 1 view -0
 1516              		.cfi_startproc
 1517              		@ args = 0, pretend = 0, frame = 0
 1518              		@ frame_needed = 0, uses_anonymous_args = 0
 920:Middlewares/Third_Party/LwIP/src/core/netif.c ****   LWIP_ASSERT_CORE_LOCKED();
 1519              		.loc 1 920 1 is_stmt 0 view .LVU437
 1520 0000 10B5     		push	{r4, lr}
 1521              	.LCFI22:
 1522              		.cfi_def_cfa_offset 8
 1523              		.cfi_offset 4, -8
 1524              		.cfi_offset 14, -4
 921:Middlewares/Third_Party/LwIP/src/core/netif.c **** 
 1525              		.loc 1 921 28 is_stmt 1 view .LVU438
 923:Middlewares/Third_Party/LwIP/src/core/netif.c **** 
 1526              		.loc 1 923 3 view .LVU439
 923:Middlewares/Third_Party/LwIP/src/core/netif.c **** 
 1527              		.loc 1 923 3 view .LVU440
 1528 0002 88B1     		cbz	r0, .L148
 1529 0004 0446     		mov	r4, r0
 923:Middlewares/Third_Party/LwIP/src/core/netif.c **** 
 1530              		.loc 1 923 3 discriminator 2 view .LVU441
 925:Middlewares/Third_Party/LwIP/src/core/netif.c **** #if LWIP_NETIF_EXT_STATUS_CALLBACK
 1531              		.loc 1 925 3 discriminator 2 view .LVU442
 925:Middlewares/Third_Party/LwIP/src/core/netif.c **** #if LWIP_NETIF_EXT_STATUS_CALLBACK
 1532              		.loc 1 925 12 is_stmt 0 discriminator 2 view .LVU443
 1533 0006 90F83130 		ldrb	r3, [r0, #49]	@ zero_extendqisi2
 925:Middlewares/Third_Party/LwIP/src/core/netif.c **** #if LWIP_NETIF_EXT_STATUS_CALLBACK
 1534              		.loc 1 925 6 discriminator 2 view .LVU444
 1535 000a 13F0010F 		tst	r3, #1
ARM GAS  /tmp/ccHnuoCZ.s 			page 64


 1536 000e 0AD0     		beq	.L143
 934:Middlewares/Third_Party/LwIP/src/core/netif.c ****     MIB2_COPY_SYSUPTIME_TO(&netif->ts);
 1537              		.loc 1 934 5 is_stmt 1 view .LVU445
 934:Middlewares/Third_Party/LwIP/src/core/netif.c ****     MIB2_COPY_SYSUPTIME_TO(&netif->ts);
 1538              		.loc 1 934 5 view .LVU446
 1539 0010 03F0FE03 		and	r3, r3, #254
 1540 0014 80F83130 		strb	r3, [r0, #49]
 934:Middlewares/Third_Party/LwIP/src/core/netif.c ****     MIB2_COPY_SYSUPTIME_TO(&netif->ts);
 1541              		.loc 1 934 5 view .LVU447
 935:Middlewares/Third_Party/LwIP/src/core/netif.c **** 
 1542              		.loc 1 935 39 view .LVU448
 938:Middlewares/Third_Party/LwIP/src/core/netif.c ****       etharp_cleanup_netif(netif);
 1543              		.loc 1 938 5 view .LVU449
 938:Middlewares/Third_Party/LwIP/src/core/netif.c ****       etharp_cleanup_netif(netif);
 1544              		.loc 1 938 8 is_stmt 0 view .LVU450
 1545 0018 13F0080F 		tst	r3, #8
 1546 001c 0CD1     		bne	.L149
 1547              	.LVL140:
 1548              	.L146:
 947:Middlewares/Third_Party/LwIP/src/core/netif.c ****   }
 1549              		.loc 1 947 5 is_stmt 1 view .LVU451
 947:Middlewares/Third_Party/LwIP/src/core/netif.c ****   }
 1550              		.loc 1 947 5 view .LVU452
 1551 001e E369     		ldr	r3, [r4, #28]
 1552 0020 0BB1     		cbz	r3, .L143
 947:Middlewares/Third_Party/LwIP/src/core/netif.c ****   }
 1553              		.loc 1 947 5 discriminator 1 view .LVU453
 1554 0022 2046     		mov	r0, r4
 1555 0024 9847     		blx	r3
 1556              	.LVL141:
 947:Middlewares/Third_Party/LwIP/src/core/netif.c ****   }
 1557              		.loc 1 947 5 discriminator 1 view .LVU454
 1558              	.L143:
 949:Middlewares/Third_Party/LwIP/src/core/netif.c **** 
 1559              		.loc 1 949 1 is_stmt 0 view .LVU455
 1560 0026 10BD     		pop	{r4, pc}
 1561              	.LVL142:
 1562              	.L148:
 923:Middlewares/Third_Party/LwIP/src/core/netif.c **** 
 1563              		.loc 1 923 3 is_stmt 1 discriminator 1 view .LVU456
 923:Middlewares/Third_Party/LwIP/src/core/netif.c **** 
 1564              		.loc 1 923 3 discriminator 1 view .LVU457
 1565 0028 054B     		ldr	r3, .L150
 1566 002a 40F29B32 		movw	r2, #923
 1567 002e 0549     		ldr	r1, .L150+4
 1568 0030 0548     		ldr	r0, .L150+8
 1569              	.LVL143:
 923:Middlewares/Third_Party/LwIP/src/core/netif.c **** 
 1570              		.loc 1 923 3 is_stmt 0 discriminator 1 view .LVU458
 1571 0032 FFF7FEFF 		bl	printf
 1572              	.LVL144:
 923:Middlewares/Third_Party/LwIP/src/core/netif.c **** 
 1573              		.loc 1 923 3 is_stmt 1 discriminator 1 view .LVU459
 923:Middlewares/Third_Party/LwIP/src/core/netif.c **** 
 1574              		.loc 1 923 3 discriminator 1 view .LVU460
 1575 0036 F6E7     		b	.L143
 1576              	.LVL145:
ARM GAS  /tmp/ccHnuoCZ.s 			page 65


 1577              	.L149:
 939:Middlewares/Third_Party/LwIP/src/core/netif.c ****     }
 1578              		.loc 1 939 7 view .LVU461
 1579 0038 FFF7FEFF 		bl	etharp_cleanup_netif
 1580              	.LVL146:
 939:Middlewares/Third_Party/LwIP/src/core/netif.c ****     }
 1581              		.loc 1 939 7 is_stmt 0 view .LVU462
 1582 003c EFE7     		b	.L146
 1583              	.L151:
 1584 003e 00BF     		.align	2
 1585              	.L150:
 1586 0040 00000000 		.word	.LC0
 1587 0044 00000000 		.word	.LC14
 1588 0048 54000000 		.word	.LC2
 1589              		.cfi_endproc
 1590              	.LFE175:
 1592              		.section	.text.netif_remove,"ax",%progbits
 1593              		.align	1
 1594              		.global	netif_remove
 1595              		.syntax unified
 1596              		.thumb
 1597              		.thumb_func
 1598              		.fpu fpv4-sp-d16
 1600              	netif_remove:
 1601              	.LVL147:
 1602              	.LFB171:
 738:Middlewares/Third_Party/LwIP/src/core/netif.c **** #if LWIP_IPV6
 1603              		.loc 1 738 1 is_stmt 1 view -0
 1604              		.cfi_startproc
 1605              		@ args = 0, pretend = 0, frame = 0
 1606              		@ frame_needed = 0, uses_anonymous_args = 0
 743:Middlewares/Third_Party/LwIP/src/core/netif.c **** 
 1607              		.loc 1 743 28 view .LVU464
 745:Middlewares/Third_Party/LwIP/src/core/netif.c ****     return;
 1608              		.loc 1 745 3 view .LVU465
 745:Middlewares/Third_Party/LwIP/src/core/netif.c ****     return;
 1609              		.loc 1 745 6 is_stmt 0 view .LVU466
 1610 0000 50B3     		cbz	r0, .L162
 738:Middlewares/Third_Party/LwIP/src/core/netif.c **** #if LWIP_IPV6
 1611              		.loc 1 738 1 view .LVU467
 1612 0002 10B5     		push	{r4, lr}
 1613              	.LCFI23:
 1614              		.cfi_def_cfa_offset 8
 1615              		.cfi_offset 4, -8
 1616              		.cfi_offset 14, -4
 1617 0004 0446     		mov	r4, r0
 749:Middlewares/Third_Party/LwIP/src/core/netif.c **** 
 1618              		.loc 1 749 65 is_stmt 1 view .LVU468
 752:Middlewares/Third_Party/LwIP/src/core/netif.c ****     netif_do_ip_addr_changed(netif_ip_addr4(netif), NULL);
 1619              		.loc 1 752 3 view .LVU469
 752:Middlewares/Third_Party/LwIP/src/core/netif.c ****     netif_do_ip_addr_changed(netif_ip_addr4(netif), NULL);
 1620              		.loc 1 752 8 is_stmt 0 view .LVU470
 1621 0006 4368     		ldr	r3, [r0, #4]
 752:Middlewares/Third_Party/LwIP/src/core/netif.c ****     netif_do_ip_addr_changed(netif_ip_addr4(netif), NULL);
 1622              		.loc 1 752 6 view .LVU471
 1623 0008 93B9     		cbnz	r3, .L165
 1624              	.LVL148:
ARM GAS  /tmp/ccHnuoCZ.s 			page 66


 1625              	.L154:
 775:Middlewares/Third_Party/LwIP/src/core/netif.c ****     /* set netif down before removing (call callback function) */
 1626              		.loc 1 775 3 is_stmt 1 view .LVU472
 775:Middlewares/Third_Party/LwIP/src/core/netif.c ****     /* set netif down before removing (call callback function) */
 1627              		.loc 1 775 7 is_stmt 0 view .LVU473
 1628 000a 94F83130 		ldrb	r3, [r4, #49]	@ zero_extendqisi2
 775:Middlewares/Third_Party/LwIP/src/core/netif.c ****     /* set netif down before removing (call callback function) */
 1629              		.loc 1 775 6 view .LVU474
 1630 000e 13F0010F 		tst	r3, #1
 1631 0012 12D1     		bne	.L166
 1632              	.L155:
 780:Middlewares/Third_Party/LwIP/src/core/netif.c **** 
 1633              		.loc 1 780 25 is_stmt 1 view .LVU475
 783:Middlewares/Third_Party/LwIP/src/core/netif.c ****     /* reset default netif */
 1634              		.loc 1 783 3 view .LVU476
 783:Middlewares/Third_Party/LwIP/src/core/netif.c ****     /* reset default netif */
 1635              		.loc 1 783 21 is_stmt 0 view .LVU477
 1636 0014 114B     		ldr	r3, .L170
 1637 0016 1B68     		ldr	r3, [r3]
 783:Middlewares/Third_Party/LwIP/src/core/netif.c ****     /* reset default netif */
 1638              		.loc 1 783 6 view .LVU478
 1639 0018 A342     		cmp	r3, r4
 1640 001a 12D0     		beq	.L167
 1641              	.L156:
 789:Middlewares/Third_Party/LwIP/src/core/netif.c ****     netif_list = netif->next;
 1642              		.loc 1 789 3 is_stmt 1 view .LVU479
 789:Middlewares/Third_Party/LwIP/src/core/netif.c ****     netif_list = netif->next;
 1643              		.loc 1 789 18 is_stmt 0 view .LVU480
 1644 001c 104B     		ldr	r3, .L170+4
 1645 001e 1B68     		ldr	r3, [r3]
 789:Middlewares/Third_Party/LwIP/src/core/netif.c ****     netif_list = netif->next;
 1646              		.loc 1 789 6 view .LVU481
 1647 0020 A342     		cmp	r3, r4
 1648 0022 12D0     		beq	.L168
 1649              	.L157:
 1650              	.LVL149:
 1651              	.LBB4:
 794:Middlewares/Third_Party/LwIP/src/core/netif.c ****       if (tmp_netif->next == netif) {
 1652              		.loc 1 794 5 is_stmt 1 discriminator 1 view .LVU482
 1653 0024 BBB1     		cbz	r3, .L152
 795:Middlewares/Third_Party/LwIP/src/core/netif.c ****         tmp_netif->next = netif->next;
 1654              		.loc 1 795 7 view .LVU483
 795:Middlewares/Third_Party/LwIP/src/core/netif.c ****         tmp_netif->next = netif->next;
 1655              		.loc 1 795 20 is_stmt 0 view .LVU484
 1656 0026 1A68     		ldr	r2, [r3]
 795:Middlewares/Third_Party/LwIP/src/core/netif.c ****         tmp_netif->next = netif->next;
 1657              		.loc 1 795 10 view .LVU485
 1658 0028 A242     		cmp	r2, r4
 1659 002a 12D0     		beq	.L169
 794:Middlewares/Third_Party/LwIP/src/core/netif.c ****       if (tmp_netif->next == netif) {
 1660              		.loc 1 794 5 view .LVU486
 1661 002c 1346     		mov	r3, r2
 1662              	.LVL150:
 794:Middlewares/Third_Party/LwIP/src/core/netif.c ****       if (tmp_netif->next == netif) {
 1663              		.loc 1 794 5 view .LVU487
 1664 002e F9E7     		b	.L157
 1665              	.LVL151:
ARM GAS  /tmp/ccHnuoCZ.s 			page 67


 1666              	.L165:
 794:Middlewares/Third_Party/LwIP/src/core/netif.c ****       if (tmp_netif->next == netif) {
 1667              		.loc 1 794 5 view .LVU488
 1668              	.LBE4:
 753:Middlewares/Third_Party/LwIP/src/core/netif.c ****   }
 1669              		.loc 1 753 5 is_stmt 1 view .LVU489
 1670 0030 0021     		movs	r1, #0
 1671 0032 0430     		adds	r0, r0, #4
 1672              	.LVL152:
 753:Middlewares/Third_Party/LwIP/src/core/netif.c ****   }
 1673              		.loc 1 753 5 is_stmt 0 view .LVU490
 1674 0034 FFF7FEFF 		bl	netif_do_ip_addr_changed
 1675              	.LVL153:
 1676 0038 E7E7     		b	.L154
 1677              	.L166:
 777:Middlewares/Third_Party/LwIP/src/core/netif.c ****   }
 1678              		.loc 1 777 5 is_stmt 1 view .LVU491
 1679 003a 2046     		mov	r0, r4
 1680 003c FFF7FEFF 		bl	netif_set_down
 1681              	.LVL154:
 1682 0040 E8E7     		b	.L155
 1683              	.L167:
 785:Middlewares/Third_Party/LwIP/src/core/netif.c ****   }
 1684              		.loc 1 785 5 view .LVU492
 1685 0042 0020     		movs	r0, #0
 1686 0044 FFF7FEFF 		bl	netif_set_default
 1687              	.LVL155:
 1688 0048 E8E7     		b	.L156
 1689              	.L168:
 790:Middlewares/Third_Party/LwIP/src/core/netif.c ****   } else {
 1690              		.loc 1 790 5 view .LVU493
 790:Middlewares/Third_Party/LwIP/src/core/netif.c ****   } else {
 1691              		.loc 1 790 23 is_stmt 0 view .LVU494
 1692 004a 2268     		ldr	r2, [r4]
 790:Middlewares/Third_Party/LwIP/src/core/netif.c ****   } else {
 1693              		.loc 1 790 16 view .LVU495
 1694 004c 044B     		ldr	r3, .L170+4
 1695 004e 1A60     		str	r2, [r3]
 1696 0050 01E0     		b	.L152
 1697              	.LVL156:
 1698              	.L169:
 1699              	.LBB5:
 796:Middlewares/Third_Party/LwIP/src/core/netif.c ****         break;
 1700              		.loc 1 796 9 is_stmt 1 view .LVU496
 796:Middlewares/Third_Party/LwIP/src/core/netif.c ****         break;
 1701              		.loc 1 796 32 is_stmt 0 view .LVU497
 1702 0052 2268     		ldr	r2, [r4]
 796:Middlewares/Third_Party/LwIP/src/core/netif.c ****         break;
 1703              		.loc 1 796 25 view .LVU498
 1704 0054 1A60     		str	r2, [r3]
 797:Middlewares/Third_Party/LwIP/src/core/netif.c ****       }
 1705              		.loc 1 797 9 is_stmt 1 view .LVU499
 1706              	.LVL157:
 1707              	.L152:
 797:Middlewares/Third_Party/LwIP/src/core/netif.c ****       }
 1708              		.loc 1 797 9 is_stmt 0 view .LVU500
 1709              	.LBE5:
ARM GAS  /tmp/ccHnuoCZ.s 			page 68


 812:Middlewares/Third_Party/LwIP/src/core/netif.c **** 
 1710              		.loc 1 812 1 view .LVU501
 1711 0056 10BD     		pop	{r4, pc}
 1712              	.LVL158:
 1713              	.L162:
 1714              	.LCFI24:
 1715              		.cfi_def_cfa_offset 0
 1716              		.cfi_restore 4
 1717              		.cfi_restore 14
 812:Middlewares/Third_Party/LwIP/src/core/netif.c **** 
 1718              		.loc 1 812 1 view .LVU502
 1719 0058 7047     		bx	lr
 1720              	.L171:
 1721 005a 00BF     		.align	2
 1722              	.L170:
 1723 005c 00000000 		.word	netif_default
 1724 0060 00000000 		.word	netif_list
 1725              		.cfi_endproc
 1726              	.LFE171:
 1728              		.section	.text.netif_set_status_callback,"ax",%progbits
 1729              		.align	1
 1730              		.global	netif_set_status_callback
 1731              		.syntax unified
 1732              		.thumb
 1733              		.thumb_func
 1734              		.fpu fpv4-sp-d16
 1736              	netif_set_status_callback:
 1737              	.LVL159:
 1738              	.LFB176:
 958:Middlewares/Third_Party/LwIP/src/core/netif.c ****   LWIP_ASSERT_CORE_LOCKED();
 1739              		.loc 1 958 1 is_stmt 1 view -0
 1740              		.cfi_startproc
 1741              		@ args = 0, pretend = 0, frame = 0
 1742              		@ frame_needed = 0, uses_anonymous_args = 0
 1743              		@ link register save eliminated.
 959:Middlewares/Third_Party/LwIP/src/core/netif.c **** 
 1744              		.loc 1 959 28 view .LVU504
 961:Middlewares/Third_Party/LwIP/src/core/netif.c ****     netif->status_callback = status_callback;
 1745              		.loc 1 961 3 view .LVU505
 961:Middlewares/Third_Party/LwIP/src/core/netif.c ****     netif->status_callback = status_callback;
 1746              		.loc 1 961 6 is_stmt 0 view .LVU506
 1747 0000 00B1     		cbz	r0, .L172
 962:Middlewares/Third_Party/LwIP/src/core/netif.c ****   }
 1748              		.loc 1 962 5 is_stmt 1 view .LVU507
 962:Middlewares/Third_Party/LwIP/src/core/netif.c ****   }
 1749              		.loc 1 962 28 is_stmt 0 view .LVU508
 1750 0002 C161     		str	r1, [r0, #28]
 1751              	.L172:
 964:Middlewares/Third_Party/LwIP/src/core/netif.c **** #endif /* LWIP_NETIF_STATUS_CALLBACK */
 1752              		.loc 1 964 1 view .LVU509
 1753 0004 7047     		bx	lr
 1754              		.cfi_endproc
 1755              	.LFE176:
 1757              		.section	.rodata.netif_set_link_up.str1.4,"aMS",%progbits,1
 1758              		.align	2
 1759              	.LC15:
 1760 0000 6E657469 		.ascii	"netif_set_link_up: invalid netif\000"
ARM GAS  /tmp/ccHnuoCZ.s 			page 69


 1760      665F7365 
 1760      745F6C69 
 1760      6E6B5F75 
 1760      703A2069 
 1761              		.section	.text.netif_set_link_up,"ax",%progbits
 1762              		.align	1
 1763              		.global	netif_set_link_up
 1764              		.syntax unified
 1765              		.thumb
 1766              		.thumb_func
 1767              		.fpu fpv4-sp-d16
 1769              	netif_set_link_up:
 1770              	.LVL160:
 1771              	.LFB177:
 989:Middlewares/Third_Party/LwIP/src/core/netif.c ****   LWIP_ASSERT_CORE_LOCKED();
 1772              		.loc 1 989 1 is_stmt 1 view -0
 1773              		.cfi_startproc
 1774              		@ args = 0, pretend = 0, frame = 0
 1775              		@ frame_needed = 0, uses_anonymous_args = 0
 989:Middlewares/Third_Party/LwIP/src/core/netif.c ****   LWIP_ASSERT_CORE_LOCKED();
 1776              		.loc 1 989 1 is_stmt 0 view .LVU511
 1777 0000 10B5     		push	{r4, lr}
 1778              	.LCFI25:
 1779              		.cfi_def_cfa_offset 8
 1780              		.cfi_offset 4, -8
 1781              		.cfi_offset 14, -4
 990:Middlewares/Third_Party/LwIP/src/core/netif.c **** 
 1782              		.loc 1 990 28 is_stmt 1 view .LVU512
 992:Middlewares/Third_Party/LwIP/src/core/netif.c **** 
 1783              		.loc 1 992 3 view .LVU513
 992:Middlewares/Third_Party/LwIP/src/core/netif.c **** 
 1784              		.loc 1 992 3 view .LVU514
 1785 0002 30B1     		cbz	r0, .L178
 1786 0004 0446     		mov	r4, r0
 992:Middlewares/Third_Party/LwIP/src/core/netif.c **** 
 1787              		.loc 1 992 3 discriminator 2 view .LVU515
 994:Middlewares/Third_Party/LwIP/src/core/netif.c ****     netif_set_flags(netif, NETIF_FLAG_LINK_UP);
 1788              		.loc 1 994 3 discriminator 2 view .LVU516
 994:Middlewares/Third_Party/LwIP/src/core/netif.c ****     netif_set_flags(netif, NETIF_FLAG_LINK_UP);
 1789              		.loc 1 994 14 is_stmt 0 discriminator 2 view .LVU517
 1790 0006 90F83130 		ldrb	r3, [r0, #49]	@ zero_extendqisi2
 994:Middlewares/Third_Party/LwIP/src/core/netif.c ****     netif_set_flags(netif, NETIF_FLAG_LINK_UP);
 1791              		.loc 1 994 6 discriminator 2 view .LVU518
 1792 000a 13F0040F 		tst	r3, #4
 1793 000e 08D0     		beq	.L179
 1794              	.LVL161:
 1795              	.L174:
1019:Middlewares/Third_Party/LwIP/src/core/netif.c **** 
 1796              		.loc 1 1019 1 view .LVU519
 1797 0010 10BD     		pop	{r4, pc}
 1798              	.LVL162:
 1799              	.L178:
 992:Middlewares/Third_Party/LwIP/src/core/netif.c **** 
 1800              		.loc 1 992 3 is_stmt 1 discriminator 1 view .LVU520
 992:Middlewares/Third_Party/LwIP/src/core/netif.c **** 
 1801              		.loc 1 992 3 discriminator 1 view .LVU521
 1802 0012 0A4B     		ldr	r3, .L180
ARM GAS  /tmp/ccHnuoCZ.s 			page 70


 1803 0014 4FF47872 		mov	r2, #992
 1804 0018 0949     		ldr	r1, .L180+4
 1805 001a 0A48     		ldr	r0, .L180+8
 1806              	.LVL163:
 992:Middlewares/Third_Party/LwIP/src/core/netif.c **** 
 1807              		.loc 1 992 3 is_stmt 0 discriminator 1 view .LVU522
 1808 001c FFF7FEFF 		bl	printf
 1809              	.LVL164:
 992:Middlewares/Third_Party/LwIP/src/core/netif.c **** 
 1810              		.loc 1 992 3 is_stmt 1 discriminator 1 view .LVU523
 992:Middlewares/Third_Party/LwIP/src/core/netif.c **** 
 1811              		.loc 1 992 3 discriminator 1 view .LVU524
 1812 0020 F6E7     		b	.L174
 1813              	.LVL165:
 1814              	.L179:
 995:Middlewares/Third_Party/LwIP/src/core/netif.c **** 
 1815              		.loc 1 995 5 view .LVU525
 995:Middlewares/Third_Party/LwIP/src/core/netif.c **** 
 1816              		.loc 1 995 5 view .LVU526
 1817 0022 43F00403 		orr	r3, r3, #4
 1818 0026 80F83130 		strb	r3, [r0, #49]
 995:Middlewares/Third_Party/LwIP/src/core/netif.c **** 
 1819              		.loc 1 995 5 view .LVU527
1005:Middlewares/Third_Party/LwIP/src/core/netif.c **** #if LWIP_IPV6
 1820              		.loc 1 1005 5 view .LVU528
 1821 002a 0321     		movs	r1, #3
 1822 002c FFF7FEFF 		bl	netif_issue_reports
 1823              	.LVL166:
1010:Middlewares/Third_Party/LwIP/src/core/netif.c **** #if LWIP_NETIF_EXT_STATUS_CALLBACK
 1824              		.loc 1 1010 5 view .LVU529
1010:Middlewares/Third_Party/LwIP/src/core/netif.c **** #if LWIP_NETIF_EXT_STATUS_CALLBACK
 1825              		.loc 1 1010 5 view .LVU530
 1826 0030 236A     		ldr	r3, [r4, #32]
 1827 0032 002B     		cmp	r3, #0
 1828 0034 ECD0     		beq	.L174
1010:Middlewares/Third_Party/LwIP/src/core/netif.c **** #if LWIP_NETIF_EXT_STATUS_CALLBACK
 1829              		.loc 1 1010 5 discriminator 1 view .LVU531
 1830 0036 2046     		mov	r0, r4
 1831 0038 9847     		blx	r3
 1832              	.LVL167:
1010:Middlewares/Third_Party/LwIP/src/core/netif.c **** #if LWIP_NETIF_EXT_STATUS_CALLBACK
 1833              		.loc 1 1010 5 discriminator 1 view .LVU532
 1834 003a E9E7     		b	.L174
 1835              	.L181:
 1836              		.align	2
 1837              	.L180:
 1838 003c 00000000 		.word	.LC0
 1839 0040 00000000 		.word	.LC15
 1840 0044 54000000 		.word	.LC2
 1841              		.cfi_endproc
 1842              	.LFE177:
 1844              		.section	.rodata.netif_set_link_down.str1.4,"aMS",%progbits,1
 1845              		.align	2
 1846              	.LC16:
 1847 0000 6E657469 		.ascii	"netif_set_link_down: invalid netif\000"
 1847      665F7365 
 1847      745F6C69 
ARM GAS  /tmp/ccHnuoCZ.s 			page 71


 1847      6E6B5F64 
 1847      6F776E3A 
 1848              		.section	.text.netif_set_link_down,"ax",%progbits
 1849              		.align	1
 1850              		.global	netif_set_link_down
 1851              		.syntax unified
 1852              		.thumb
 1853              		.thumb_func
 1854              		.fpu fpv4-sp-d16
 1856              	netif_set_link_down:
 1857              	.LVL168:
 1858              	.LFB178:
1027:Middlewares/Third_Party/LwIP/src/core/netif.c ****   LWIP_ASSERT_CORE_LOCKED();
 1859              		.loc 1 1027 1 view -0
 1860              		.cfi_startproc
 1861              		@ args = 0, pretend = 0, frame = 0
 1862              		@ frame_needed = 0, uses_anonymous_args = 0
1027:Middlewares/Third_Party/LwIP/src/core/netif.c ****   LWIP_ASSERT_CORE_LOCKED();
 1863              		.loc 1 1027 1 is_stmt 0 view .LVU534
 1864 0000 08B5     		push	{r3, lr}
 1865              	.LCFI26:
 1866              		.cfi_def_cfa_offset 8
 1867              		.cfi_offset 3, -8
 1868              		.cfi_offset 14, -4
1028:Middlewares/Third_Party/LwIP/src/core/netif.c **** 
 1869              		.loc 1 1028 28 is_stmt 1 view .LVU535
1030:Middlewares/Third_Party/LwIP/src/core/netif.c **** 
 1870              		.loc 1 1030 3 view .LVU536
1030:Middlewares/Third_Party/LwIP/src/core/netif.c **** 
 1871              		.loc 1 1030 3 view .LVU537
 1872 0002 60B1     		cbz	r0, .L186
1030:Middlewares/Third_Party/LwIP/src/core/netif.c **** 
 1873              		.loc 1 1030 3 discriminator 2 view .LVU538
1032:Middlewares/Third_Party/LwIP/src/core/netif.c ****     netif_clear_flags(netif, NETIF_FLAG_LINK_UP);
 1874              		.loc 1 1032 3 discriminator 2 view .LVU539
1032:Middlewares/Third_Party/LwIP/src/core/netif.c ****     netif_clear_flags(netif, NETIF_FLAG_LINK_UP);
 1875              		.loc 1 1032 12 is_stmt 0 discriminator 2 view .LVU540
 1876 0004 90F83130 		ldrb	r3, [r0, #49]	@ zero_extendqisi2
1032:Middlewares/Third_Party/LwIP/src/core/netif.c ****     netif_clear_flags(netif, NETIF_FLAG_LINK_UP);
 1877              		.loc 1 1032 6 discriminator 2 view .LVU541
 1878 0008 13F0040F 		tst	r3, #4
 1879 000c 06D0     		beq	.L182
1033:Middlewares/Third_Party/LwIP/src/core/netif.c ****     NETIF_LINK_CALLBACK(netif);
 1880              		.loc 1 1033 5 is_stmt 1 view .LVU542
1033:Middlewares/Third_Party/LwIP/src/core/netif.c ****     NETIF_LINK_CALLBACK(netif);
 1881              		.loc 1 1033 5 view .LVU543
 1882 000e 03F0FB03 		and	r3, r3, #251
 1883 0012 80F83130 		strb	r3, [r0, #49]
1033:Middlewares/Third_Party/LwIP/src/core/netif.c ****     NETIF_LINK_CALLBACK(netif);
 1884              		.loc 1 1033 5 view .LVU544
1034:Middlewares/Third_Party/LwIP/src/core/netif.c **** #if LWIP_NETIF_EXT_STATUS_CALLBACK
 1885              		.loc 1 1034 5 view .LVU545
1034:Middlewares/Third_Party/LwIP/src/core/netif.c **** #if LWIP_NETIF_EXT_STATUS_CALLBACK
 1886              		.loc 1 1034 5 view .LVU546
 1887 0016 036A     		ldr	r3, [r0, #32]
 1888 0018 03B1     		cbz	r3, .L182
1034:Middlewares/Third_Party/LwIP/src/core/netif.c **** #if LWIP_NETIF_EXT_STATUS_CALLBACK
ARM GAS  /tmp/ccHnuoCZ.s 			page 72


 1889              		.loc 1 1034 5 discriminator 1 view .LVU547
 1890 001a 9847     		blx	r3
 1891              	.LVL169:
1034:Middlewares/Third_Party/LwIP/src/core/netif.c **** #if LWIP_NETIF_EXT_STATUS_CALLBACK
 1892              		.loc 1 1034 5 discriminator 1 view .LVU548
 1893              	.L182:
1043:Middlewares/Third_Party/LwIP/src/core/netif.c **** 
 1894              		.loc 1 1043 1 is_stmt 0 view .LVU549
 1895 001c 08BD     		pop	{r3, pc}
 1896              	.LVL170:
 1897              	.L186:
1030:Middlewares/Third_Party/LwIP/src/core/netif.c **** 
 1898              		.loc 1 1030 3 is_stmt 1 discriminator 1 view .LVU550
1030:Middlewares/Third_Party/LwIP/src/core/netif.c **** 
 1899              		.loc 1 1030 3 discriminator 1 view .LVU551
 1900 001e 044B     		ldr	r3, .L187
 1901 0020 40F20642 		movw	r2, #1030
 1902 0024 0349     		ldr	r1, .L187+4
 1903 0026 0448     		ldr	r0, .L187+8
 1904              	.LVL171:
1030:Middlewares/Third_Party/LwIP/src/core/netif.c **** 
 1905              		.loc 1 1030 3 is_stmt 0 discriminator 1 view .LVU552
 1906 0028 FFF7FEFF 		bl	printf
 1907              	.LVL172:
1030:Middlewares/Third_Party/LwIP/src/core/netif.c **** 
 1908              		.loc 1 1030 3 is_stmt 1 discriminator 1 view .LVU553
1030:Middlewares/Third_Party/LwIP/src/core/netif.c **** 
 1909              		.loc 1 1030 3 discriminator 1 view .LVU554
 1910 002c F6E7     		b	.L182
 1911              	.L188:
 1912 002e 00BF     		.align	2
 1913              	.L187:
 1914 0030 00000000 		.word	.LC0
 1915 0034 00000000 		.word	.LC16
 1916 0038 54000000 		.word	.LC2
 1917              		.cfi_endproc
 1918              	.LFE178:
 1920              		.section	.text.netif_set_link_callback,"ax",%progbits
 1921              		.align	1
 1922              		.global	netif_set_link_callback
 1923              		.syntax unified
 1924              		.thumb
 1925              		.thumb_func
 1926              		.fpu fpv4-sp-d16
 1928              	netif_set_link_callback:
 1929              	.LVL173:
 1930              	.LFB179:
1052:Middlewares/Third_Party/LwIP/src/core/netif.c ****   LWIP_ASSERT_CORE_LOCKED();
 1931              		.loc 1 1052 1 view -0
 1932              		.cfi_startproc
 1933              		@ args = 0, pretend = 0, frame = 0
 1934              		@ frame_needed = 0, uses_anonymous_args = 0
 1935              		@ link register save eliminated.
1053:Middlewares/Third_Party/LwIP/src/core/netif.c **** 
 1936              		.loc 1 1053 28 view .LVU556
1055:Middlewares/Third_Party/LwIP/src/core/netif.c ****     netif->link_callback = link_callback;
 1937              		.loc 1 1055 3 view .LVU557
ARM GAS  /tmp/ccHnuoCZ.s 			page 73


1055:Middlewares/Third_Party/LwIP/src/core/netif.c ****     netif->link_callback = link_callback;
 1938              		.loc 1 1055 6 is_stmt 0 view .LVU558
 1939 0000 00B1     		cbz	r0, .L189
1056:Middlewares/Third_Party/LwIP/src/core/netif.c ****   }
 1940              		.loc 1 1056 5 is_stmt 1 view .LVU559
1056:Middlewares/Third_Party/LwIP/src/core/netif.c ****   }
 1941              		.loc 1 1056 26 is_stmt 0 view .LVU560
 1942 0002 0162     		str	r1, [r0, #32]
 1943              	.L189:
1058:Middlewares/Third_Party/LwIP/src/core/netif.c **** #endif /* LWIP_NETIF_LINK_CALLBACK */
 1944              		.loc 1 1058 1 view .LVU561
 1945 0004 7047     		bx	lr
 1946              		.cfi_endproc
 1947              	.LFE179:
 1949              		.section	.text.netif_get_by_index,"ax",%progbits
 1950              		.align	1
 1951              		.global	netif_get_by_index
 1952              		.syntax unified
 1953              		.thumb
 1954              		.thumb_func
 1955              		.fpu fpv4-sp-d16
 1957              	netif_get_by_index:
 1958              	.LVL174:
 1959              	.LFB183:
1627:Middlewares/Third_Party/LwIP/src/core/netif.c **** #endif /* LWIP_IPV4 */
1628:Middlewares/Third_Party/LwIP/src/core/netif.c **** 
1629:Middlewares/Third_Party/LwIP/src/core/netif.c **** /**
1630:Middlewares/Third_Party/LwIP/src/core/netif.c **** * @ingroup netif
1631:Middlewares/Third_Party/LwIP/src/core/netif.c **** * Return the interface index for the netif with name
1632:Middlewares/Third_Party/LwIP/src/core/netif.c **** * or NETIF_NO_INDEX if not found/on error
1633:Middlewares/Third_Party/LwIP/src/core/netif.c **** *
1634:Middlewares/Third_Party/LwIP/src/core/netif.c **** * @param name the name of the netif
1635:Middlewares/Third_Party/LwIP/src/core/netif.c **** */
1636:Middlewares/Third_Party/LwIP/src/core/netif.c **** u8_t
1637:Middlewares/Third_Party/LwIP/src/core/netif.c **** netif_name_to_index(const char *name)
1638:Middlewares/Third_Party/LwIP/src/core/netif.c **** {
1639:Middlewares/Third_Party/LwIP/src/core/netif.c ****   struct netif *netif = netif_find(name);
1640:Middlewares/Third_Party/LwIP/src/core/netif.c ****   if (netif != NULL) {
1641:Middlewares/Third_Party/LwIP/src/core/netif.c ****     return netif_get_index(netif);
1642:Middlewares/Third_Party/LwIP/src/core/netif.c ****   }
1643:Middlewares/Third_Party/LwIP/src/core/netif.c ****   /* No name found, return invalid index */
1644:Middlewares/Third_Party/LwIP/src/core/netif.c ****   return NETIF_NO_INDEX;
1645:Middlewares/Third_Party/LwIP/src/core/netif.c **** }
1646:Middlewares/Third_Party/LwIP/src/core/netif.c **** 
1647:Middlewares/Third_Party/LwIP/src/core/netif.c **** /**
1648:Middlewares/Third_Party/LwIP/src/core/netif.c **** * @ingroup netif
1649:Middlewares/Third_Party/LwIP/src/core/netif.c **** * Return the interface name for the netif matching index
1650:Middlewares/Third_Party/LwIP/src/core/netif.c **** * or NULL if not found/on error
1651:Middlewares/Third_Party/LwIP/src/core/netif.c **** *
1652:Middlewares/Third_Party/LwIP/src/core/netif.c **** * @param idx the interface index of the netif
1653:Middlewares/Third_Party/LwIP/src/core/netif.c **** * @param name char buffer of at least NETIF_NAMESIZE bytes
1654:Middlewares/Third_Party/LwIP/src/core/netif.c **** */
1655:Middlewares/Third_Party/LwIP/src/core/netif.c **** char *
1656:Middlewares/Third_Party/LwIP/src/core/netif.c **** netif_index_to_name(u8_t idx, char *name)
1657:Middlewares/Third_Party/LwIP/src/core/netif.c **** {
1658:Middlewares/Third_Party/LwIP/src/core/netif.c ****   struct netif *netif = netif_get_by_index(idx);
1659:Middlewares/Third_Party/LwIP/src/core/netif.c **** 
ARM GAS  /tmp/ccHnuoCZ.s 			page 74


1660:Middlewares/Third_Party/LwIP/src/core/netif.c ****   if (netif != NULL) {
1661:Middlewares/Third_Party/LwIP/src/core/netif.c ****     name[0] = netif->name[0];
1662:Middlewares/Third_Party/LwIP/src/core/netif.c ****     name[1] = netif->name[1];
1663:Middlewares/Third_Party/LwIP/src/core/netif.c ****     lwip_itoa(&name[2], NETIF_NAMESIZE - 2, netif_index_to_num(idx));
1664:Middlewares/Third_Party/LwIP/src/core/netif.c ****     return name;
1665:Middlewares/Third_Party/LwIP/src/core/netif.c ****   }
1666:Middlewares/Third_Party/LwIP/src/core/netif.c ****   return NULL;
1667:Middlewares/Third_Party/LwIP/src/core/netif.c **** }
1668:Middlewares/Third_Party/LwIP/src/core/netif.c **** 
1669:Middlewares/Third_Party/LwIP/src/core/netif.c **** /**
1670:Middlewares/Third_Party/LwIP/src/core/netif.c **** * @ingroup netif
1671:Middlewares/Third_Party/LwIP/src/core/netif.c **** * Return the interface for the netif index
1672:Middlewares/Third_Party/LwIP/src/core/netif.c **** *
1673:Middlewares/Third_Party/LwIP/src/core/netif.c **** * @param idx index of netif to find
1674:Middlewares/Third_Party/LwIP/src/core/netif.c **** */
1675:Middlewares/Third_Party/LwIP/src/core/netif.c **** struct netif *
1676:Middlewares/Third_Party/LwIP/src/core/netif.c **** netif_get_by_index(u8_t idx)
1677:Middlewares/Third_Party/LwIP/src/core/netif.c **** {
 1960              		.loc 1 1677 1 is_stmt 1 view -0
 1961              		.cfi_startproc
 1962              		@ args = 0, pretend = 0, frame = 0
 1963              		@ frame_needed = 0, uses_anonymous_args = 0
 1964              		@ link register save eliminated.
1678:Middlewares/Third_Party/LwIP/src/core/netif.c ****   struct netif *netif;
 1965              		.loc 1 1678 3 view .LVU563
1679:Middlewares/Third_Party/LwIP/src/core/netif.c **** 
1680:Middlewares/Third_Party/LwIP/src/core/netif.c ****   LWIP_ASSERT_CORE_LOCKED();
 1966              		.loc 1 1680 28 view .LVU564
1681:Middlewares/Third_Party/LwIP/src/core/netif.c **** 
1682:Middlewares/Third_Party/LwIP/src/core/netif.c ****   if (idx != NETIF_NO_INDEX) {
 1967              		.loc 1 1682 3 view .LVU565
 1968              		.loc 1 1682 6 is_stmt 0 view .LVU566
 1969 0000 0246     		mov	r2, r0
 1970 0002 58B1     		cbz	r0, .L195
1683:Middlewares/Third_Party/LwIP/src/core/netif.c ****     NETIF_FOREACH(netif) {
 1971              		.loc 1 1683 5 is_stmt 1 view .LVU567
 1972 0004 064B     		ldr	r3, .L197
 1973 0006 1868     		ldr	r0, [r3]
 1974              	.LVL175:
 1975              	.L193:
 1976              		.loc 1 1683 5 discriminator 1 view .LVU568
 1977 0008 38B1     		cbz	r0, .L196
1684:Middlewares/Third_Party/LwIP/src/core/netif.c ****       if (idx == netif_get_index(netif)) {
 1978              		.loc 1 1684 7 view .LVU569
 1979              		.loc 1 1684 18 is_stmt 0 view .LVU570
 1980 000a 90F83430 		ldrb	r3, [r0, #52]	@ zero_extendqisi2
 1981 000e 0133     		adds	r3, r3, #1
 1982 0010 DBB2     		uxtb	r3, r3
 1983              		.loc 1 1684 10 view .LVU571
 1984 0012 9342     		cmp	r3, r2
 1985 0014 03D0     		beq	.L191
1683:Middlewares/Third_Party/LwIP/src/core/netif.c ****     NETIF_FOREACH(netif) {
 1986              		.loc 1 1683 5 is_stmt 1 discriminator 2 view .LVU572
 1987 0016 0068     		ldr	r0, [r0]
 1988              	.LVL176:
1683:Middlewares/Third_Party/LwIP/src/core/netif.c ****     NETIF_FOREACH(netif) {
 1989              		.loc 1 1683 5 is_stmt 0 discriminator 2 view .LVU573
ARM GAS  /tmp/ccHnuoCZ.s 			page 75


 1990 0018 F6E7     		b	.L193
 1991              	.L196:
1683:Middlewares/Third_Party/LwIP/src/core/netif.c ****     NETIF_FOREACH(netif) {
 1992              		.loc 1 1683 5 discriminator 2 view .LVU574
 1993 001a 7047     		bx	lr
 1994              	.LVL177:
 1995              	.L195:
1685:Middlewares/Third_Party/LwIP/src/core/netif.c ****         return netif; /* found! */
1686:Middlewares/Third_Party/LwIP/src/core/netif.c ****       }
1687:Middlewares/Third_Party/LwIP/src/core/netif.c ****     }
1688:Middlewares/Third_Party/LwIP/src/core/netif.c ****   }
1689:Middlewares/Third_Party/LwIP/src/core/netif.c **** 
1690:Middlewares/Third_Party/LwIP/src/core/netif.c ****   return NULL;
 1996              		.loc 1 1690 10 view .LVU575
 1997 001c 0020     		movs	r0, #0
 1998              	.LVL178:
 1999              	.L191:
1691:Middlewares/Third_Party/LwIP/src/core/netif.c **** }
 2000              		.loc 1 1691 1 view .LVU576
 2001 001e 7047     		bx	lr
 2002              	.L198:
 2003              		.align	2
 2004              	.L197:
 2005 0020 00000000 		.word	netif_list
 2006              		.cfi_endproc
 2007              	.LFE183:
 2009              		.section	.text.netif_index_to_name,"ax",%progbits
 2010              		.align	1
 2011              		.global	netif_index_to_name
 2012              		.syntax unified
 2013              		.thumb
 2014              		.thumb_func
 2015              		.fpu fpv4-sp-d16
 2017              	netif_index_to_name:
 2018              	.LVL179:
 2019              	.LFB182:
1657:Middlewares/Third_Party/LwIP/src/core/netif.c ****   struct netif *netif = netif_get_by_index(idx);
 2020              		.loc 1 1657 1 is_stmt 1 view -0
 2021              		.cfi_startproc
 2022              		@ args = 0, pretend = 0, frame = 0
 2023              		@ frame_needed = 0, uses_anonymous_args = 0
1657:Middlewares/Third_Party/LwIP/src/core/netif.c ****   struct netif *netif = netif_get_by_index(idx);
 2024              		.loc 1 1657 1 is_stmt 0 view .LVU578
 2025 0000 38B5     		push	{r3, r4, r5, lr}
 2026              	.LCFI27:
 2027              		.cfi_def_cfa_offset 16
 2028              		.cfi_offset 3, -16
 2029              		.cfi_offset 4, -12
 2030              		.cfi_offset 5, -8
 2031              		.cfi_offset 14, -4
 2032 0002 0546     		mov	r5, r0
 2033 0004 0C46     		mov	r4, r1
1658:Middlewares/Third_Party/LwIP/src/core/netif.c **** 
 2034              		.loc 1 1658 3 is_stmt 1 view .LVU579
1658:Middlewares/Third_Party/LwIP/src/core/netif.c **** 
 2035              		.loc 1 1658 25 is_stmt 0 view .LVU580
 2036 0006 FFF7FEFF 		bl	netif_get_by_index
ARM GAS  /tmp/ccHnuoCZ.s 			page 76


 2037              	.LVL180:
1660:Middlewares/Third_Party/LwIP/src/core/netif.c ****     name[0] = netif->name[0];
 2038              		.loc 1 1660 3 is_stmt 1 view .LVU581
1660:Middlewares/Third_Party/LwIP/src/core/netif.c ****     name[0] = netif->name[0];
 2039              		.loc 1 1660 6 is_stmt 0 view .LVU582
 2040 000a 0346     		mov	r3, r0
 2041 000c 58B1     		cbz	r0, .L199
1661:Middlewares/Third_Party/LwIP/src/core/netif.c ****     name[1] = netif->name[1];
 2042              		.loc 1 1661 5 is_stmt 1 view .LVU583
1661:Middlewares/Third_Party/LwIP/src/core/netif.c ****     name[1] = netif->name[1];
 2043              		.loc 1 1661 26 is_stmt 0 view .LVU584
 2044 000e 90F83220 		ldrb	r2, [r0, #50]	@ zero_extendqisi2
1661:Middlewares/Third_Party/LwIP/src/core/netif.c ****     name[1] = netif->name[1];
 2045              		.loc 1 1661 13 view .LVU585
 2046 0012 2270     		strb	r2, [r4]
1662:Middlewares/Third_Party/LwIP/src/core/netif.c ****     lwip_itoa(&name[2], NETIF_NAMESIZE - 2, netif_index_to_num(idx));
 2047              		.loc 1 1662 5 is_stmt 1 view .LVU586
1662:Middlewares/Third_Party/LwIP/src/core/netif.c ****     lwip_itoa(&name[2], NETIF_NAMESIZE - 2, netif_index_to_num(idx));
 2048              		.loc 1 1662 26 is_stmt 0 view .LVU587
 2049 0014 90F83330 		ldrb	r3, [r0, #51]	@ zero_extendqisi2
1662:Middlewares/Third_Party/LwIP/src/core/netif.c ****     lwip_itoa(&name[2], NETIF_NAMESIZE - 2, netif_index_to_num(idx));
 2050              		.loc 1 1662 13 view .LVU588
 2051 0018 6370     		strb	r3, [r4, #1]
1663:Middlewares/Third_Party/LwIP/src/core/netif.c ****     return name;
 2052              		.loc 1 1663 5 is_stmt 1 view .LVU589
 2053 001a 6A1E     		subs	r2, r5, #1
 2054 001c 0421     		movs	r1, #4
 2055 001e A01C     		adds	r0, r4, #2
 2056              	.LVL181:
1663:Middlewares/Third_Party/LwIP/src/core/netif.c ****     return name;
 2057              		.loc 1 1663 5 is_stmt 0 view .LVU590
 2058 0020 FFF7FEFF 		bl	lwip_itoa
 2059              	.LVL182:
1664:Middlewares/Third_Party/LwIP/src/core/netif.c ****   }
 2060              		.loc 1 1664 5 is_stmt 1 view .LVU591
1664:Middlewares/Third_Party/LwIP/src/core/netif.c ****   }
 2061              		.loc 1 1664 12 is_stmt 0 view .LVU592
 2062 0024 2346     		mov	r3, r4
 2063              	.L199:
1667:Middlewares/Third_Party/LwIP/src/core/netif.c **** 
 2064              		.loc 1 1667 1 view .LVU593
 2065 0026 1846     		mov	r0, r3
 2066 0028 38BD     		pop	{r3, r4, r5, pc}
1667:Middlewares/Third_Party/LwIP/src/core/netif.c **** 
 2067              		.loc 1 1667 1 view .LVU594
 2068              		.cfi_endproc
 2069              	.LFE182:
 2071              		.section	.text.netif_find,"ax",%progbits
 2072              		.align	1
 2073              		.global	netif_find
 2074              		.syntax unified
 2075              		.thumb
 2076              		.thumb_func
 2077              		.fpu fpv4-sp-d16
 2079              	netif_find:
 2080              	.LVL183:
 2081              	.LFB184:
ARM GAS  /tmp/ccHnuoCZ.s 			page 77


1692:Middlewares/Third_Party/LwIP/src/core/netif.c **** 
1693:Middlewares/Third_Party/LwIP/src/core/netif.c **** /**
1694:Middlewares/Third_Party/LwIP/src/core/netif.c ****  * @ingroup netif
1695:Middlewares/Third_Party/LwIP/src/core/netif.c ****  * Find a network interface by searching for its name
1696:Middlewares/Third_Party/LwIP/src/core/netif.c ****  *
1697:Middlewares/Third_Party/LwIP/src/core/netif.c ****  * @param name the name of the netif (like netif->name) plus concatenated number
1698:Middlewares/Third_Party/LwIP/src/core/netif.c ****  * in ascii representation (e.g. 'en0')
1699:Middlewares/Third_Party/LwIP/src/core/netif.c ****  */
1700:Middlewares/Third_Party/LwIP/src/core/netif.c **** struct netif *
1701:Middlewares/Third_Party/LwIP/src/core/netif.c **** netif_find(const char *name)
1702:Middlewares/Third_Party/LwIP/src/core/netif.c **** {
 2082              		.loc 1 1702 1 is_stmt 1 view -0
 2083              		.cfi_startproc
 2084              		@ args = 0, pretend = 0, frame = 0
 2085              		@ frame_needed = 0, uses_anonymous_args = 0
 2086              		.loc 1 1702 1 is_stmt 0 view .LVU596
 2087 0000 10B5     		push	{r4, lr}
 2088              	.LCFI28:
 2089              		.cfi_def_cfa_offset 8
 2090              		.cfi_offset 4, -8
 2091              		.cfi_offset 14, -4
1703:Middlewares/Third_Party/LwIP/src/core/netif.c ****   struct netif *netif;
 2092              		.loc 1 1703 3 is_stmt 1 view .LVU597
1704:Middlewares/Third_Party/LwIP/src/core/netif.c ****   u8_t num;
 2093              		.loc 1 1704 3 view .LVU598
1705:Middlewares/Third_Party/LwIP/src/core/netif.c **** 
1706:Middlewares/Third_Party/LwIP/src/core/netif.c ****   LWIP_ASSERT_CORE_LOCKED();
 2094              		.loc 1 1706 28 view .LVU599
1707:Middlewares/Third_Party/LwIP/src/core/netif.c **** 
1708:Middlewares/Third_Party/LwIP/src/core/netif.c ****   if (name == NULL) {
 2095              		.loc 1 1708 3 view .LVU600
 2096              		.loc 1 1708 6 is_stmt 0 view .LVU601
 2097 0002 0446     		mov	r4, r0
 2098 0004 B0B1     		cbz	r0, .L202
1709:Middlewares/Third_Party/LwIP/src/core/netif.c ****     return NULL;
1710:Middlewares/Third_Party/LwIP/src/core/netif.c ****   }
1711:Middlewares/Third_Party/LwIP/src/core/netif.c **** 
1712:Middlewares/Third_Party/LwIP/src/core/netif.c ****   num = (u8_t)atoi(&name[2]);
 2099              		.loc 1 1712 3 is_stmt 1 view .LVU602
 2100              		.loc 1 1712 15 is_stmt 0 view .LVU603
 2101 0006 0230     		adds	r0, r0, #2
 2102              	.LVL184:
 2103              		.loc 1 1712 15 view .LVU604
 2104 0008 FFF7FEFF 		bl	atoi
 2105              	.LVL185:
 2106              		.loc 1 1712 7 view .LVU605
 2107 000c C2B2     		uxtb	r2, r0
 2108              	.LVL186:
1713:Middlewares/Third_Party/LwIP/src/core/netif.c **** 
1714:Middlewares/Third_Party/LwIP/src/core/netif.c ****   NETIF_FOREACH(netif) {
 2109              		.loc 1 1714 3 is_stmt 1 view .LVU606
 2110 000e 0A4B     		ldr	r3, .L209
 2111 0010 1868     		ldr	r0, [r3]
 2112              	.LVL187:
 2113              		.loc 1 1714 3 is_stmt 0 view .LVU607
 2114 0012 00E0     		b	.L204
 2115              	.L205:
ARM GAS  /tmp/ccHnuoCZ.s 			page 78


 2116              		.loc 1 1714 3 is_stmt 1 discriminator 2 view .LVU608
 2117 0014 0068     		ldr	r0, [r0]
 2118              	.LVL188:
 2119              	.L204:
 2120              		.loc 1 1714 3 discriminator 1 view .LVU609
 2121 0016 68B1     		cbz	r0, .L202
1715:Middlewares/Third_Party/LwIP/src/core/netif.c ****     if (num == netif->num &&
 2122              		.loc 1 1715 5 view .LVU610
 2123              		.loc 1 1715 21 is_stmt 0 view .LVU611
 2124 0018 90F83430 		ldrb	r3, [r0, #52]	@ zero_extendqisi2
 2125              		.loc 1 1715 8 view .LVU612
 2126 001c 9342     		cmp	r3, r2
 2127 001e F9D1     		bne	.L205
1716:Middlewares/Third_Party/LwIP/src/core/netif.c ****         name[0] == netif->name[0] &&
 2128              		.loc 1 1716 13 discriminator 1 view .LVU613
 2129 0020 2178     		ldrb	r1, [r4]	@ zero_extendqisi2
 2130              		.loc 1 1716 31 discriminator 1 view .LVU614
 2131 0022 90F83230 		ldrb	r3, [r0, #50]	@ zero_extendqisi2
1715:Middlewares/Third_Party/LwIP/src/core/netif.c ****     if (num == netif->num &&
 2132              		.loc 1 1715 27 discriminator 1 view .LVU615
 2133 0026 9942     		cmp	r1, r3
 2134 0028 F4D1     		bne	.L205
1717:Middlewares/Third_Party/LwIP/src/core/netif.c ****         name[1] == netif->name[1]) {
 2135              		.loc 1 1717 13 view .LVU616
 2136 002a 6178     		ldrb	r1, [r4, #1]	@ zero_extendqisi2
 2137              		.loc 1 1717 31 view .LVU617
 2138 002c 90F83330 		ldrb	r3, [r0, #51]	@ zero_extendqisi2
1716:Middlewares/Third_Party/LwIP/src/core/netif.c ****         name[0] == netif->name[0] &&
 2139              		.loc 1 1716 35 view .LVU618
 2140 0030 9942     		cmp	r1, r3
 2141 0032 EFD1     		bne	.L205
 2142              	.LVL189:
 2143              	.L202:
1718:Middlewares/Third_Party/LwIP/src/core/netif.c ****       LWIP_DEBUGF(NETIF_DEBUG, ("netif_find: found %c%c\n", name[0], name[1]));
1719:Middlewares/Third_Party/LwIP/src/core/netif.c ****       return netif;
1720:Middlewares/Third_Party/LwIP/src/core/netif.c ****     }
1721:Middlewares/Third_Party/LwIP/src/core/netif.c ****   }
1722:Middlewares/Third_Party/LwIP/src/core/netif.c ****   LWIP_DEBUGF(NETIF_DEBUG, ("netif_find: didn't find %c%c\n", name[0], name[1]));
1723:Middlewares/Third_Party/LwIP/src/core/netif.c ****   return NULL;
1724:Middlewares/Third_Party/LwIP/src/core/netif.c **** }
 2144              		.loc 1 1724 1 view .LVU619
 2145 0034 10BD     		pop	{r4, pc}
 2146              	.LVL190:
 2147              	.L210:
 2148              		.loc 1 1724 1 view .LVU620
 2149 0036 00BF     		.align	2
 2150              	.L209:
 2151 0038 00000000 		.word	netif_list
 2152              		.cfi_endproc
 2153              	.LFE184:
 2155              		.section	.text.netif_name_to_index,"ax",%progbits
 2156              		.align	1
 2157              		.global	netif_name_to_index
 2158              		.syntax unified
 2159              		.thumb
 2160              		.thumb_func
 2161              		.fpu fpv4-sp-d16
ARM GAS  /tmp/ccHnuoCZ.s 			page 79


 2163              	netif_name_to_index:
 2164              	.LVL191:
 2165              	.LFB181:
1638:Middlewares/Third_Party/LwIP/src/core/netif.c ****   struct netif *netif = netif_find(name);
 2166              		.loc 1 1638 1 is_stmt 1 view -0
 2167              		.cfi_startproc
 2168              		@ args = 0, pretend = 0, frame = 0
 2169              		@ frame_needed = 0, uses_anonymous_args = 0
1638:Middlewares/Third_Party/LwIP/src/core/netif.c ****   struct netif *netif = netif_find(name);
 2170              		.loc 1 1638 1 is_stmt 0 view .LVU622
 2171 0000 08B5     		push	{r3, lr}
 2172              	.LCFI29:
 2173              		.cfi_def_cfa_offset 8
 2174              		.cfi_offset 3, -8
 2175              		.cfi_offset 14, -4
1639:Middlewares/Third_Party/LwIP/src/core/netif.c ****   if (netif != NULL) {
 2176              		.loc 1 1639 3 is_stmt 1 view .LVU623
1639:Middlewares/Third_Party/LwIP/src/core/netif.c ****   if (netif != NULL) {
 2177              		.loc 1 1639 25 is_stmt 0 view .LVU624
 2178 0002 FFF7FEFF 		bl	netif_find
 2179              	.LVL192:
1640:Middlewares/Third_Party/LwIP/src/core/netif.c ****     return netif_get_index(netif);
 2180              		.loc 1 1640 3 is_stmt 1 view .LVU625
1640:Middlewares/Third_Party/LwIP/src/core/netif.c ****     return netif_get_index(netif);
 2181              		.loc 1 1640 6 is_stmt 0 view .LVU626
 2182 0006 20B1     		cbz	r0, .L213
1641:Middlewares/Third_Party/LwIP/src/core/netif.c ****   }
 2183              		.loc 1 1641 5 is_stmt 1 view .LVU627
1641:Middlewares/Third_Party/LwIP/src/core/netif.c ****   }
 2184              		.loc 1 1641 12 is_stmt 0 view .LVU628
 2185 0008 90F83400 		ldrb	r0, [r0, #52]	@ zero_extendqisi2
 2186              	.LVL193:
1641:Middlewares/Third_Party/LwIP/src/core/netif.c ****   }
 2187              		.loc 1 1641 12 view .LVU629
 2188 000c 0130     		adds	r0, r0, #1
 2189 000e C0B2     		uxtb	r0, r0
 2190              	.L212:
1645:Middlewares/Third_Party/LwIP/src/core/netif.c **** 
 2191              		.loc 1 1645 1 view .LVU630
 2192 0010 08BD     		pop	{r3, pc}
 2193              	.LVL194:
 2194              	.L213:
1644:Middlewares/Third_Party/LwIP/src/core/netif.c **** }
 2195              		.loc 1 1644 10 view .LVU631
 2196 0012 0020     		movs	r0, #0
 2197              	.LVL195:
1644:Middlewares/Third_Party/LwIP/src/core/netif.c **** }
 2198              		.loc 1 1644 10 view .LVU632
 2199 0014 FCE7     		b	.L212
 2200              		.cfi_endproc
 2201              	.LFE181:
 2203              		.comm	netif_default,4,4
 2204              		.comm	netif_list,4,4
 2205              		.section	.bss.netif_num,"aw",%nobits
 2206              		.set	.LANCHOR0,. + 0
 2209              	netif_num:
 2210 0000 00       		.space	1
ARM GAS  /tmp/ccHnuoCZ.s 			page 80


 2211              		.text
 2212              	.Letext0:
 2213              		.file 2 "/opt/gcc-arm-none-eabi-9-2020-q2-update/arm-none-eabi/include/machine/_default_types.h"
 2214              		.file 3 "/opt/gcc-arm-none-eabi-9-2020-q2-update/arm-none-eabi/include/sys/_stdint.h"
 2215              		.file 4 "Drivers/CMSIS/Include/core_cm4.h"
 2216              		.file 5 "Drivers/CMSIS/Device/ST/STM32F4xx/Include/system_stm32f4xx.h"
 2217              		.file 6 "Drivers/STM32F4xx_HAL_Driver/Inc/stm32f4xx_hal.h"
 2218              		.file 7 "/opt/gcc-arm-none-eabi-9-2020-q2-update/lib/gcc/arm-none-eabi/9.3.1/include/stddef.h"
 2219              		.file 8 "/opt/gcc-arm-none-eabi-9-2020-q2-update/arm-none-eabi/include/sys/_types.h"
 2220              		.file 9 "/opt/gcc-arm-none-eabi-9-2020-q2-update/arm-none-eabi/include/sys/reent.h"
 2221              		.file 10 "/opt/gcc-arm-none-eabi-9-2020-q2-update/arm-none-eabi/include/sys/lock.h"
 2222              		.file 11 "/opt/gcc-arm-none-eabi-9-2020-q2-update/arm-none-eabi/include/stdlib.h"
 2223              		.file 12 "/opt/gcc-arm-none-eabi-9-2020-q2-update/arm-none-eabi/include/time.h"
 2224              		.file 13 "Middlewares/Third_Party/LwIP/src/include/lwip/arch.h"
 2225              		.file 14 "/opt/gcc-arm-none-eabi-9-2020-q2-update/arm-none-eabi/include/ctype.h"
 2226              		.file 15 "Middlewares/Third_Party/LwIP/src/include/lwip/ip4_addr.h"
 2227              		.file 16 "Middlewares/Third_Party/LwIP/src/include/lwip/ip_addr.h"
 2228              		.file 17 "Middlewares/Third_Party/LwIP/src/include/lwip/err.h"
 2229              		.file 18 "Middlewares/Third_Party/LwIP/src/include/lwip/pbuf.h"
 2230              		.file 19 "Middlewares/Third_Party/LwIP/src/include/lwip/memp.h"
 2231              		.file 20 "Middlewares/Third_Party/LwIP/src/include/lwip/priv/memp_priv.h"
 2232              		.file 21 "Middlewares/Third_Party/LwIP/src/include/lwip/netif.h"
 2233              		.file 22 "Middlewares/Third_Party/LwIP/src/include/lwip/tcpbase.h"
 2234              		.file 23 "Middlewares/Third_Party/LwIP/src/include/lwip/prot/ip4.h"
 2235              		.file 24 "Middlewares/Third_Party/LwIP/src/include/lwip/ip.h"
 2236              		.file 25 "Middlewares/Third_Party/LwIP/src/include/lwip/tcp.h"
 2237              		.file 26 "Middlewares/Third_Party/LwIP/src/include/lwip/priv/tcp_priv.h"
 2238              		.file 27 "Middlewares/Third_Party/LwIP/src/include/lwip/prot/tcp.h"
 2239              		.file 28 "Middlewares/Third_Party/LwIP/src/include/lwip/udp.h"
 2240              		.file 29 "Middlewares/Third_Party/LwIP/src/include/lwip/prot/ethernet.h"
 2241              		.file 30 "Middlewares/Third_Party/LwIP/src/include/netif/ethernet.h"
 2242              		.file 31 "Middlewares/Third_Party/LwIP/src/include/lwip/def.h"
 2243              		.file 32 "/opt/gcc-arm-none-eabi-9-2020-q2-update/arm-none-eabi/include/stdio.h"
 2244              		.file 33 "Middlewares/Third_Party/LwIP/src/include/lwip/etharp.h"
 2245              		.file 34 "Middlewares/Third_Party/LwIP/src/include/lwip/priv/raw_priv.h"
 2246              		.file 35 "Middlewares/Third_Party/LwIP/src/include/lwip/ip4.h"
ARM GAS  /tmp/ccHnuoCZ.s 			page 81


DEFINED SYMBOLS
                            *ABS*:0000000000000000 netif.c
     /tmp/ccHnuoCZ.s:18     .text.netif_do_set_netmask:0000000000000000 $t
     /tmp/ccHnuoCZ.s:25     .text.netif_do_set_netmask:0000000000000000 netif_do_set_netmask
     /tmp/ccHnuoCZ.s:75     .text.netif_do_set_gw:0000000000000000 $t
     /tmp/ccHnuoCZ.s:81     .text.netif_do_set_gw:0000000000000000 netif_do_set_gw
     /tmp/ccHnuoCZ.s:128    .text.netif_null_output_ip4:0000000000000000 $t
     /tmp/ccHnuoCZ.s:134    .text.netif_null_output_ip4:0000000000000000 netif_null_output_ip4
     /tmp/ccHnuoCZ.s:155    .text.netif_do_ip_addr_changed:0000000000000000 $t
     /tmp/ccHnuoCZ.s:161    .text.netif_do_ip_addr_changed:0000000000000000 netif_do_ip_addr_changed
     /tmp/ccHnuoCZ.s:198    .rodata.netif_issue_reports.str1.4:0000000000000000 $d
     /tmp/ccHnuoCZ.s:208    .text.netif_issue_reports:0000000000000000 $t
     /tmp/ccHnuoCZ.s:214    .text.netif_issue_reports:0000000000000000 netif_issue_reports
     /tmp/ccHnuoCZ.s:285    .text.netif_issue_reports:0000000000000040 $d
     /tmp/ccHnuoCZ.s:292    .rodata.netif_do_set_ipaddr.str1.4:0000000000000000 $d
     /tmp/ccHnuoCZ.s:296    .text.netif_do_set_ipaddr:0000000000000000 $t
     /tmp/ccHnuoCZ.s:302    .text.netif_do_set_ipaddr:0000000000000000 netif_do_set_ipaddr
     /tmp/ccHnuoCZ.s:437    .text.netif_do_set_ipaddr:0000000000000068 $d
     /tmp/ccHnuoCZ.s:445    .text.netif_init:0000000000000000 $t
     /tmp/ccHnuoCZ.s:452    .text.netif_init:0000000000000000 netif_init
     /tmp/ccHnuoCZ.s:465    .rodata.netif_input.str1.4:0000000000000000 $d
     /tmp/ccHnuoCZ.s:472    .text.netif_input:0000000000000000 $t
     /tmp/ccHnuoCZ.s:479    .text.netif_input:0000000000000000 netif_input
     /tmp/ccHnuoCZ.s:561    .text.netif_input:0000000000000044 $d
     /tmp/ccHnuoCZ.s:569    .rodata.netif_set_ipaddr.str1.4:0000000000000000 $d
     /tmp/ccHnuoCZ.s:573    .text.netif_set_ipaddr:0000000000000000 $t
     /tmp/ccHnuoCZ.s:580    .text.netif_set_ipaddr:0000000000000000 netif_set_ipaddr
     /tmp/ccHnuoCZ.s:653    .text.netif_set_ipaddr:000000000000002c $d
     /tmp/ccHnuoCZ.s:661    .rodata.netif_set_netmask.str1.4:0000000000000000 $d
     /tmp/ccHnuoCZ.s:665    .text.netif_set_netmask:0000000000000000 $t
     /tmp/ccHnuoCZ.s:672    .text.netif_set_netmask:0000000000000000 netif_set_netmask
     /tmp/ccHnuoCZ.s:737    .text.netif_set_netmask:0000000000000028 $d
     /tmp/ccHnuoCZ.s:745    .rodata.netif_set_gw.str1.4:0000000000000000 $d
     /tmp/ccHnuoCZ.s:749    .text.netif_set_gw:0000000000000000 $t
     /tmp/ccHnuoCZ.s:756    .text.netif_set_gw:0000000000000000 netif_set_gw
     /tmp/ccHnuoCZ.s:821    .text.netif_set_gw:0000000000000028 $d
     /tmp/ccHnuoCZ.s:829    .text.netif_set_addr:0000000000000000 $t
     /tmp/ccHnuoCZ.s:836    .text.netif_set_addr:0000000000000000 netif_set_addr
     /tmp/ccHnuoCZ.s:965    .text.netif_set_addr:0000000000000068 $d
     /tmp/ccHnuoCZ.s:970    .rodata.netif_add.str1.4:0000000000000000 $d
     /tmp/ccHnuoCZ.s:983    .text.netif_add:0000000000000000 $t
     /tmp/ccHnuoCZ.s:990    .text.netif_add:0000000000000000 netif_add
     /tmp/ccHnuoCZ.s:1320   .text.netif_add:00000000000000fc $d
                            *COM*:0000000000000004 netif_list
     /tmp/ccHnuoCZ.s:1334   .text.netif_add_noaddr:0000000000000000 $t
     /tmp/ccHnuoCZ.s:1341   .text.netif_add_noaddr:0000000000000000 netif_add_noaddr
     /tmp/ccHnuoCZ.s:1382   .text.netif_set_default:0000000000000000 $t
     /tmp/ccHnuoCZ.s:1389   .text.netif_set_default:0000000000000000 netif_set_default
     /tmp/ccHnuoCZ.s:1412   .text.netif_set_default:0000000000000008 $d
                            *COM*:0000000000000004 netif_default
     /tmp/ccHnuoCZ.s:1417   .rodata.netif_set_up.str1.4:0000000000000000 $d
     /tmp/ccHnuoCZ.s:1421   .text.netif_set_up:0000000000000000 $t
     /tmp/ccHnuoCZ.s:1428   .text.netif_set_up:0000000000000000 netif_set_up
     /tmp/ccHnuoCZ.s:1494   .text.netif_set_up:0000000000000038 $d
     /tmp/ccHnuoCZ.s:1501   .rodata.netif_set_down.str1.4:0000000000000000 $d
     /tmp/ccHnuoCZ.s:1505   .text.netif_set_down:0000000000000000 $t
     /tmp/ccHnuoCZ.s:1512   .text.netif_set_down:0000000000000000 netif_set_down
ARM GAS  /tmp/ccHnuoCZ.s 			page 82


     /tmp/ccHnuoCZ.s:1586   .text.netif_set_down:0000000000000040 $d
     /tmp/ccHnuoCZ.s:1593   .text.netif_remove:0000000000000000 $t
     /tmp/ccHnuoCZ.s:1600   .text.netif_remove:0000000000000000 netif_remove
     /tmp/ccHnuoCZ.s:1723   .text.netif_remove:000000000000005c $d
     /tmp/ccHnuoCZ.s:1729   .text.netif_set_status_callback:0000000000000000 $t
     /tmp/ccHnuoCZ.s:1736   .text.netif_set_status_callback:0000000000000000 netif_set_status_callback
     /tmp/ccHnuoCZ.s:1758   .rodata.netif_set_link_up.str1.4:0000000000000000 $d
     /tmp/ccHnuoCZ.s:1762   .text.netif_set_link_up:0000000000000000 $t
     /tmp/ccHnuoCZ.s:1769   .text.netif_set_link_up:0000000000000000 netif_set_link_up
     /tmp/ccHnuoCZ.s:1838   .text.netif_set_link_up:000000000000003c $d
     /tmp/ccHnuoCZ.s:1845   .rodata.netif_set_link_down.str1.4:0000000000000000 $d
     /tmp/ccHnuoCZ.s:1849   .text.netif_set_link_down:0000000000000000 $t
     /tmp/ccHnuoCZ.s:1856   .text.netif_set_link_down:0000000000000000 netif_set_link_down
     /tmp/ccHnuoCZ.s:1914   .text.netif_set_link_down:0000000000000030 $d
     /tmp/ccHnuoCZ.s:1921   .text.netif_set_link_callback:0000000000000000 $t
     /tmp/ccHnuoCZ.s:1928   .text.netif_set_link_callback:0000000000000000 netif_set_link_callback
     /tmp/ccHnuoCZ.s:1950   .text.netif_get_by_index:0000000000000000 $t
     /tmp/ccHnuoCZ.s:1957   .text.netif_get_by_index:0000000000000000 netif_get_by_index
     /tmp/ccHnuoCZ.s:2005   .text.netif_get_by_index:0000000000000020 $d
     /tmp/ccHnuoCZ.s:2010   .text.netif_index_to_name:0000000000000000 $t
     /tmp/ccHnuoCZ.s:2017   .text.netif_index_to_name:0000000000000000 netif_index_to_name
     /tmp/ccHnuoCZ.s:2072   .text.netif_find:0000000000000000 $t
     /tmp/ccHnuoCZ.s:2079   .text.netif_find:0000000000000000 netif_find
     /tmp/ccHnuoCZ.s:2151   .text.netif_find:0000000000000038 $d
     /tmp/ccHnuoCZ.s:2156   .text.netif_name_to_index:0000000000000000 $t
     /tmp/ccHnuoCZ.s:2163   .text.netif_name_to_index:0000000000000000 netif_name_to_index
     /tmp/ccHnuoCZ.s:2209   .bss.netif_num:0000000000000000 netif_num
     /tmp/ccHnuoCZ.s:2210   .bss.netif_num:0000000000000000 $d

UNDEFINED SYMBOLS
tcp_netif_ip_addr_changed
udp_netif_ip_addr_changed
raw_netif_ip_addr_changed
printf
etharp_request
ethernet_input
ip4_input
ip_addr_any
etharp_cleanup_netif
lwip_itoa
atoi
