ARM GAS  /tmp/ccCCDAAl.s 			page 1


   1              		.cpu cortex-m4
   2              		.eabi_attribute 27, 1
   3              		.eabi_attribute 28, 1
   4              		.eabi_attribute 20, 1
   5              		.eabi_attribute 21, 1
   6              		.eabi_attribute 23, 3
   7              		.eabi_attribute 24, 1
   8              		.eabi_attribute 25, 1
   9              		.eabi_attribute 26, 1
  10              		.eabi_attribute 30, 1
  11              		.eabi_attribute 34, 1
  12              		.eabi_attribute 18, 4
  13              		.file	"pbuf.c"
  14              		.text
  15              	.Ltext0:
  16              		.cfi_sections	.debug_frame
  17              		.section	.text.pbuf_init_alloced_pbuf,"ax",%progbits
  18              		.align	1
  19              		.arch armv7e-m
  20              		.syntax unified
  21              		.thumb
  22              		.thumb_func
  23              		.fpu fpv4-sp-d16
  25              	pbuf_init_alloced_pbuf:
  26              	.LVL0:
  27              	.LFB159:
  28              		.file 1 "Middlewares/Third_Party/LwIP/src/core/pbuf.c"
   1:Middlewares/Third_Party/LwIP/src/core/pbuf.c **** /**
   2:Middlewares/Third_Party/LwIP/src/core/pbuf.c ****  * @file
   3:Middlewares/Third_Party/LwIP/src/core/pbuf.c ****  * Packet buffer management
   4:Middlewares/Third_Party/LwIP/src/core/pbuf.c ****  */
   5:Middlewares/Third_Party/LwIP/src/core/pbuf.c **** 
   6:Middlewares/Third_Party/LwIP/src/core/pbuf.c **** /**
   7:Middlewares/Third_Party/LwIP/src/core/pbuf.c ****  * @defgroup pbuf Packet buffers (PBUF)
   8:Middlewares/Third_Party/LwIP/src/core/pbuf.c ****  * @ingroup infrastructure
   9:Middlewares/Third_Party/LwIP/src/core/pbuf.c ****  *
  10:Middlewares/Third_Party/LwIP/src/core/pbuf.c ****  * Packets are built from the pbuf data structure. It supports dynamic
  11:Middlewares/Third_Party/LwIP/src/core/pbuf.c ****  * memory allocation for packet contents or can reference externally
  12:Middlewares/Third_Party/LwIP/src/core/pbuf.c ****  * managed packet contents both in RAM and ROM. Quick allocation for
  13:Middlewares/Third_Party/LwIP/src/core/pbuf.c ****  * incoming packets is provided through pools with fixed sized pbufs.
  14:Middlewares/Third_Party/LwIP/src/core/pbuf.c ****  *
  15:Middlewares/Third_Party/LwIP/src/core/pbuf.c ****  * A packet may span over multiple pbufs, chained as a singly linked
  16:Middlewares/Third_Party/LwIP/src/core/pbuf.c ****  * list. This is called a "pbuf chain".
  17:Middlewares/Third_Party/LwIP/src/core/pbuf.c ****  *
  18:Middlewares/Third_Party/LwIP/src/core/pbuf.c ****  * Multiple packets may be queued, also using this singly linked list.
  19:Middlewares/Third_Party/LwIP/src/core/pbuf.c ****  * This is called a "packet queue".
  20:Middlewares/Third_Party/LwIP/src/core/pbuf.c ****  *
  21:Middlewares/Third_Party/LwIP/src/core/pbuf.c ****  * So, a packet queue consists of one or more pbuf chains, each of
  22:Middlewares/Third_Party/LwIP/src/core/pbuf.c ****  * which consist of one or more pbufs. CURRENTLY, PACKET QUEUES ARE
  23:Middlewares/Third_Party/LwIP/src/core/pbuf.c ****  * NOT SUPPORTED!!! Use helper structs to queue multiple packets.
  24:Middlewares/Third_Party/LwIP/src/core/pbuf.c ****  *
  25:Middlewares/Third_Party/LwIP/src/core/pbuf.c ****  * The differences between a pbuf chain and a packet queue are very
  26:Middlewares/Third_Party/LwIP/src/core/pbuf.c ****  * precise but subtle.
  27:Middlewares/Third_Party/LwIP/src/core/pbuf.c ****  *
  28:Middlewares/Third_Party/LwIP/src/core/pbuf.c ****  * The last pbuf of a packet has a ->tot_len field that equals the
  29:Middlewares/Third_Party/LwIP/src/core/pbuf.c ****  * ->len field. It can be found by traversing the list. If the last
  30:Middlewares/Third_Party/LwIP/src/core/pbuf.c ****  * pbuf of a packet has a ->next field other than NULL, more packets
ARM GAS  /tmp/ccCCDAAl.s 			page 2


  31:Middlewares/Third_Party/LwIP/src/core/pbuf.c ****  * are on the queue.
  32:Middlewares/Third_Party/LwIP/src/core/pbuf.c ****  *
  33:Middlewares/Third_Party/LwIP/src/core/pbuf.c ****  * Therefore, looping through a pbuf of a single packet, has an
  34:Middlewares/Third_Party/LwIP/src/core/pbuf.c ****  * loop end condition (tot_len == p->len), NOT (next == NULL).
  35:Middlewares/Third_Party/LwIP/src/core/pbuf.c ****  *
  36:Middlewares/Third_Party/LwIP/src/core/pbuf.c ****  * Example of custom pbuf usage: @ref zerocopyrx
  37:Middlewares/Third_Party/LwIP/src/core/pbuf.c ****  */
  38:Middlewares/Third_Party/LwIP/src/core/pbuf.c **** 
  39:Middlewares/Third_Party/LwIP/src/core/pbuf.c **** /*
  40:Middlewares/Third_Party/LwIP/src/core/pbuf.c ****  * Copyright (c) 2001-2004 Swedish Institute of Computer Science.
  41:Middlewares/Third_Party/LwIP/src/core/pbuf.c ****  * All rights reserved.
  42:Middlewares/Third_Party/LwIP/src/core/pbuf.c ****  *
  43:Middlewares/Third_Party/LwIP/src/core/pbuf.c ****  * Redistribution and use in source and binary forms, with or without modification,
  44:Middlewares/Third_Party/LwIP/src/core/pbuf.c ****  * are permitted provided that the following conditions are met:
  45:Middlewares/Third_Party/LwIP/src/core/pbuf.c ****  *
  46:Middlewares/Third_Party/LwIP/src/core/pbuf.c ****  * 1. Redistributions of source code must retain the above copyright notice,
  47:Middlewares/Third_Party/LwIP/src/core/pbuf.c ****  *    this list of conditions and the following disclaimer.
  48:Middlewares/Third_Party/LwIP/src/core/pbuf.c ****  * 2. Redistributions in binary form must reproduce the above copyright notice,
  49:Middlewares/Third_Party/LwIP/src/core/pbuf.c ****  *    this list of conditions and the following disclaimer in the documentation
  50:Middlewares/Third_Party/LwIP/src/core/pbuf.c ****  *    and/or other materials provided with the distribution.
  51:Middlewares/Third_Party/LwIP/src/core/pbuf.c ****  * 3. The name of the author may not be used to endorse or promote products
  52:Middlewares/Third_Party/LwIP/src/core/pbuf.c ****  *    derived from this software without specific prior written permission.
  53:Middlewares/Third_Party/LwIP/src/core/pbuf.c ****  *
  54:Middlewares/Third_Party/LwIP/src/core/pbuf.c ****  * THIS SOFTWARE IS PROVIDED BY THE AUTHOR ``AS IS'' AND ANY EXPRESS OR IMPLIED
  55:Middlewares/Third_Party/LwIP/src/core/pbuf.c ****  * WARRANTIES, INCLUDING, BUT NOT LIMITED TO, THE IMPLIED WARRANTIES OF
  56:Middlewares/Third_Party/LwIP/src/core/pbuf.c ****  * MERCHANTABILITY AND FITNESS FOR A PARTICULAR PURPOSE ARE DISCLAIMED. IN NO EVENT
  57:Middlewares/Third_Party/LwIP/src/core/pbuf.c ****  * SHALL THE AUTHOR BE LIABLE FOR ANY DIRECT, INDIRECT, INCIDENTAL, SPECIAL,
  58:Middlewares/Third_Party/LwIP/src/core/pbuf.c ****  * EXEMPLARY, OR CONSEQUENTIAL DAMAGES (INCLUDING, BUT NOT LIMITED TO, PROCUREMENT
  59:Middlewares/Third_Party/LwIP/src/core/pbuf.c ****  * OF SUBSTITUTE GOODS OR SERVICES; LOSS OF USE, DATA, OR PROFITS; OR BUSINESS
  60:Middlewares/Third_Party/LwIP/src/core/pbuf.c ****  * INTERRUPTION) HOWEVER CAUSED AND ON ANY THEORY OF LIABILITY, WHETHER IN
  61:Middlewares/Third_Party/LwIP/src/core/pbuf.c ****  * CONTRACT, STRICT LIABILITY, OR TORT (INCLUDING NEGLIGENCE OR OTHERWISE) ARISING
  62:Middlewares/Third_Party/LwIP/src/core/pbuf.c ****  * IN ANY WAY OUT OF THE USE OF THIS SOFTWARE, EVEN IF ADVISED OF THE POSSIBILITY
  63:Middlewares/Third_Party/LwIP/src/core/pbuf.c ****  * OF SUCH DAMAGE.
  64:Middlewares/Third_Party/LwIP/src/core/pbuf.c ****  *
  65:Middlewares/Third_Party/LwIP/src/core/pbuf.c ****  * This file is part of the lwIP TCP/IP stack.
  66:Middlewares/Third_Party/LwIP/src/core/pbuf.c ****  *
  67:Middlewares/Third_Party/LwIP/src/core/pbuf.c ****  * Author: Adam Dunkels <adam@sics.se>
  68:Middlewares/Third_Party/LwIP/src/core/pbuf.c ****  *
  69:Middlewares/Third_Party/LwIP/src/core/pbuf.c ****  */
  70:Middlewares/Third_Party/LwIP/src/core/pbuf.c **** 
  71:Middlewares/Third_Party/LwIP/src/core/pbuf.c **** #include "lwip/opt.h"
  72:Middlewares/Third_Party/LwIP/src/core/pbuf.c **** 
  73:Middlewares/Third_Party/LwIP/src/core/pbuf.c **** #include "lwip/pbuf.h"
  74:Middlewares/Third_Party/LwIP/src/core/pbuf.c **** #include "lwip/stats.h"
  75:Middlewares/Third_Party/LwIP/src/core/pbuf.c **** #include "lwip/def.h"
  76:Middlewares/Third_Party/LwIP/src/core/pbuf.c **** #include "lwip/mem.h"
  77:Middlewares/Third_Party/LwIP/src/core/pbuf.c **** #include "lwip/memp.h"
  78:Middlewares/Third_Party/LwIP/src/core/pbuf.c **** #include "lwip/sys.h"
  79:Middlewares/Third_Party/LwIP/src/core/pbuf.c **** #include "lwip/netif.h"
  80:Middlewares/Third_Party/LwIP/src/core/pbuf.c **** #if LWIP_TCP && TCP_QUEUE_OOSEQ
  81:Middlewares/Third_Party/LwIP/src/core/pbuf.c **** #include "lwip/priv/tcp_priv.h"
  82:Middlewares/Third_Party/LwIP/src/core/pbuf.c **** #endif
  83:Middlewares/Third_Party/LwIP/src/core/pbuf.c **** #if LWIP_CHECKSUM_ON_COPY
  84:Middlewares/Third_Party/LwIP/src/core/pbuf.c **** #include "lwip/inet_chksum.h"
  85:Middlewares/Third_Party/LwIP/src/core/pbuf.c **** #endif
  86:Middlewares/Third_Party/LwIP/src/core/pbuf.c **** 
  87:Middlewares/Third_Party/LwIP/src/core/pbuf.c **** #include <string.h>
ARM GAS  /tmp/ccCCDAAl.s 			page 3


  88:Middlewares/Third_Party/LwIP/src/core/pbuf.c **** 
  89:Middlewares/Third_Party/LwIP/src/core/pbuf.c **** #define SIZEOF_STRUCT_PBUF        LWIP_MEM_ALIGN_SIZE(sizeof(struct pbuf))
  90:Middlewares/Third_Party/LwIP/src/core/pbuf.c **** /* Since the pool is created in memp, PBUF_POOL_BUFSIZE will be automatically
  91:Middlewares/Third_Party/LwIP/src/core/pbuf.c ****    aligned there. Therefore, PBUF_POOL_BUFSIZE_ALIGNED can be used here. */
  92:Middlewares/Third_Party/LwIP/src/core/pbuf.c **** #define PBUF_POOL_BUFSIZE_ALIGNED LWIP_MEM_ALIGN_SIZE(PBUF_POOL_BUFSIZE)
  93:Middlewares/Third_Party/LwIP/src/core/pbuf.c **** 
  94:Middlewares/Third_Party/LwIP/src/core/pbuf.c **** static const struct pbuf *
  95:Middlewares/Third_Party/LwIP/src/core/pbuf.c **** pbuf_skip_const(const struct pbuf *in, u16_t in_offset, u16_t *out_offset);
  96:Middlewares/Third_Party/LwIP/src/core/pbuf.c **** 
  97:Middlewares/Third_Party/LwIP/src/core/pbuf.c **** #if !LWIP_TCP || !TCP_QUEUE_OOSEQ || !PBUF_POOL_FREE_OOSEQ
  98:Middlewares/Third_Party/LwIP/src/core/pbuf.c **** #define PBUF_POOL_IS_EMPTY()
  99:Middlewares/Third_Party/LwIP/src/core/pbuf.c **** #else /* !LWIP_TCP || !TCP_QUEUE_OOSEQ || !PBUF_POOL_FREE_OOSEQ */
 100:Middlewares/Third_Party/LwIP/src/core/pbuf.c **** 
 101:Middlewares/Third_Party/LwIP/src/core/pbuf.c **** #if !NO_SYS
 102:Middlewares/Third_Party/LwIP/src/core/pbuf.c **** #ifndef PBUF_POOL_FREE_OOSEQ_QUEUE_CALL
 103:Middlewares/Third_Party/LwIP/src/core/pbuf.c **** #include "lwip/tcpip.h"
 104:Middlewares/Third_Party/LwIP/src/core/pbuf.c **** #define PBUF_POOL_FREE_OOSEQ_QUEUE_CALL()  do { \
 105:Middlewares/Third_Party/LwIP/src/core/pbuf.c ****   if (tcpip_try_callback(pbuf_free_ooseq_callback, NULL) != ERR_OK) { \
 106:Middlewares/Third_Party/LwIP/src/core/pbuf.c ****       SYS_ARCH_PROTECT(old_level); \
 107:Middlewares/Third_Party/LwIP/src/core/pbuf.c ****       pbuf_free_ooseq_pending = 0; \
 108:Middlewares/Third_Party/LwIP/src/core/pbuf.c ****       SYS_ARCH_UNPROTECT(old_level); \
 109:Middlewares/Third_Party/LwIP/src/core/pbuf.c ****   } } while(0)
 110:Middlewares/Third_Party/LwIP/src/core/pbuf.c **** #endif /* PBUF_POOL_FREE_OOSEQ_QUEUE_CALL */
 111:Middlewares/Third_Party/LwIP/src/core/pbuf.c **** #endif /* !NO_SYS */
 112:Middlewares/Third_Party/LwIP/src/core/pbuf.c **** 
 113:Middlewares/Third_Party/LwIP/src/core/pbuf.c **** volatile u8_t pbuf_free_ooseq_pending;
 114:Middlewares/Third_Party/LwIP/src/core/pbuf.c **** #define PBUF_POOL_IS_EMPTY() pbuf_pool_is_empty()
 115:Middlewares/Third_Party/LwIP/src/core/pbuf.c **** 
 116:Middlewares/Third_Party/LwIP/src/core/pbuf.c **** /**
 117:Middlewares/Third_Party/LwIP/src/core/pbuf.c ****  * Attempt to reclaim some memory from queued out-of-sequence TCP segments
 118:Middlewares/Third_Party/LwIP/src/core/pbuf.c ****  * if we run out of pool pbufs. It's better to give priority to new packets
 119:Middlewares/Third_Party/LwIP/src/core/pbuf.c ****  * if we're running out.
 120:Middlewares/Third_Party/LwIP/src/core/pbuf.c ****  *
 121:Middlewares/Third_Party/LwIP/src/core/pbuf.c ****  * This must be done in the correct thread context therefore this function
 122:Middlewares/Third_Party/LwIP/src/core/pbuf.c ****  * can only be used with NO_SYS=0 and through tcpip_callback.
 123:Middlewares/Third_Party/LwIP/src/core/pbuf.c ****  */
 124:Middlewares/Third_Party/LwIP/src/core/pbuf.c **** #if !NO_SYS
 125:Middlewares/Third_Party/LwIP/src/core/pbuf.c **** static
 126:Middlewares/Third_Party/LwIP/src/core/pbuf.c **** #endif /* !NO_SYS */
 127:Middlewares/Third_Party/LwIP/src/core/pbuf.c **** void
 128:Middlewares/Third_Party/LwIP/src/core/pbuf.c **** pbuf_free_ooseq(void)
 129:Middlewares/Third_Party/LwIP/src/core/pbuf.c **** {
 130:Middlewares/Third_Party/LwIP/src/core/pbuf.c ****   struct tcp_pcb *pcb;
 131:Middlewares/Third_Party/LwIP/src/core/pbuf.c ****   SYS_ARCH_SET(pbuf_free_ooseq_pending, 0);
 132:Middlewares/Third_Party/LwIP/src/core/pbuf.c **** 
 133:Middlewares/Third_Party/LwIP/src/core/pbuf.c ****   for (pcb = tcp_active_pcbs; NULL != pcb; pcb = pcb->next) {
 134:Middlewares/Third_Party/LwIP/src/core/pbuf.c ****     if (pcb->ooseq != NULL) {
 135:Middlewares/Third_Party/LwIP/src/core/pbuf.c ****       /** Free the ooseq pbufs of one PCB only */
 136:Middlewares/Third_Party/LwIP/src/core/pbuf.c ****       LWIP_DEBUGF(PBUF_DEBUG | LWIP_DBG_TRACE, ("pbuf_free_ooseq: freeing out-of-sequence pbufs\n")
 137:Middlewares/Third_Party/LwIP/src/core/pbuf.c ****       tcp_free_ooseq(pcb);
 138:Middlewares/Third_Party/LwIP/src/core/pbuf.c ****       return;
 139:Middlewares/Third_Party/LwIP/src/core/pbuf.c ****     }
 140:Middlewares/Third_Party/LwIP/src/core/pbuf.c ****   }
 141:Middlewares/Third_Party/LwIP/src/core/pbuf.c **** }
 142:Middlewares/Third_Party/LwIP/src/core/pbuf.c **** 
 143:Middlewares/Third_Party/LwIP/src/core/pbuf.c **** #if !NO_SYS
 144:Middlewares/Third_Party/LwIP/src/core/pbuf.c **** /**
ARM GAS  /tmp/ccCCDAAl.s 			page 4


 145:Middlewares/Third_Party/LwIP/src/core/pbuf.c ****  * Just a callback function for tcpip_callback() that calls pbuf_free_ooseq().
 146:Middlewares/Third_Party/LwIP/src/core/pbuf.c ****  */
 147:Middlewares/Third_Party/LwIP/src/core/pbuf.c **** static void
 148:Middlewares/Third_Party/LwIP/src/core/pbuf.c **** pbuf_free_ooseq_callback(void *arg)
 149:Middlewares/Third_Party/LwIP/src/core/pbuf.c **** {
 150:Middlewares/Third_Party/LwIP/src/core/pbuf.c ****   LWIP_UNUSED_ARG(arg);
 151:Middlewares/Third_Party/LwIP/src/core/pbuf.c ****   pbuf_free_ooseq();
 152:Middlewares/Third_Party/LwIP/src/core/pbuf.c **** }
 153:Middlewares/Third_Party/LwIP/src/core/pbuf.c **** #endif /* !NO_SYS */
 154:Middlewares/Third_Party/LwIP/src/core/pbuf.c **** 
 155:Middlewares/Third_Party/LwIP/src/core/pbuf.c **** /** Queue a call to pbuf_free_ooseq if not already queued. */
 156:Middlewares/Third_Party/LwIP/src/core/pbuf.c **** static void
 157:Middlewares/Third_Party/LwIP/src/core/pbuf.c **** pbuf_pool_is_empty(void)
 158:Middlewares/Third_Party/LwIP/src/core/pbuf.c **** {
 159:Middlewares/Third_Party/LwIP/src/core/pbuf.c **** #ifndef PBUF_POOL_FREE_OOSEQ_QUEUE_CALL
 160:Middlewares/Third_Party/LwIP/src/core/pbuf.c ****   SYS_ARCH_SET(pbuf_free_ooseq_pending, 1);
 161:Middlewares/Third_Party/LwIP/src/core/pbuf.c **** #else /* PBUF_POOL_FREE_OOSEQ_QUEUE_CALL */
 162:Middlewares/Third_Party/LwIP/src/core/pbuf.c ****   u8_t queued;
 163:Middlewares/Third_Party/LwIP/src/core/pbuf.c ****   SYS_ARCH_DECL_PROTECT(old_level);
 164:Middlewares/Third_Party/LwIP/src/core/pbuf.c ****   SYS_ARCH_PROTECT(old_level);
 165:Middlewares/Third_Party/LwIP/src/core/pbuf.c ****   queued = pbuf_free_ooseq_pending;
 166:Middlewares/Third_Party/LwIP/src/core/pbuf.c ****   pbuf_free_ooseq_pending = 1;
 167:Middlewares/Third_Party/LwIP/src/core/pbuf.c ****   SYS_ARCH_UNPROTECT(old_level);
 168:Middlewares/Third_Party/LwIP/src/core/pbuf.c **** 
 169:Middlewares/Third_Party/LwIP/src/core/pbuf.c ****   if (!queued) {
 170:Middlewares/Third_Party/LwIP/src/core/pbuf.c ****     /* queue a call to pbuf_free_ooseq if not already queued */
 171:Middlewares/Third_Party/LwIP/src/core/pbuf.c ****     PBUF_POOL_FREE_OOSEQ_QUEUE_CALL();
 172:Middlewares/Third_Party/LwIP/src/core/pbuf.c ****   }
 173:Middlewares/Third_Party/LwIP/src/core/pbuf.c **** #endif /* PBUF_POOL_FREE_OOSEQ_QUEUE_CALL */
 174:Middlewares/Third_Party/LwIP/src/core/pbuf.c **** }
 175:Middlewares/Third_Party/LwIP/src/core/pbuf.c **** #endif /* !LWIP_TCP || !TCP_QUEUE_OOSEQ || !PBUF_POOL_FREE_OOSEQ */
 176:Middlewares/Third_Party/LwIP/src/core/pbuf.c **** 
 177:Middlewares/Third_Party/LwIP/src/core/pbuf.c **** /* Initialize members of struct pbuf after allocation */
 178:Middlewares/Third_Party/LwIP/src/core/pbuf.c **** static void
 179:Middlewares/Third_Party/LwIP/src/core/pbuf.c **** pbuf_init_alloced_pbuf(struct pbuf *p, void *payload, u16_t tot_len, u16_t len, pbuf_type type, u8_
 180:Middlewares/Third_Party/LwIP/src/core/pbuf.c **** {
  29              		.loc 1 180 1 view -0
  30              		.cfi_startproc
  31              		@ args = 8, pretend = 0, frame = 0
  32              		@ frame_needed = 0, uses_anonymous_args = 0
  33              		@ link register save eliminated.
  34              		.loc 1 180 1 is_stmt 0 view .LVU1
  35 0000 10B4     		push	{r4}
  36              	.LCFI0:
  37              		.cfi_def_cfa_offset 4
  38              		.cfi_offset 4, -4
 181:Middlewares/Third_Party/LwIP/src/core/pbuf.c ****   p->next = NULL;
  39              		.loc 1 181 3 is_stmt 1 view .LVU2
  40              		.loc 1 181 11 is_stmt 0 view .LVU3
  41 0002 0024     		movs	r4, #0
  42 0004 0460     		str	r4, [r0]
 182:Middlewares/Third_Party/LwIP/src/core/pbuf.c ****   p->payload = payload;
  43              		.loc 1 182 3 is_stmt 1 view .LVU4
  44              		.loc 1 182 14 is_stmt 0 view .LVU5
  45 0006 4160     		str	r1, [r0, #4]
 183:Middlewares/Third_Party/LwIP/src/core/pbuf.c ****   p->tot_len = tot_len;
  46              		.loc 1 183 3 is_stmt 1 view .LVU6
ARM GAS  /tmp/ccCCDAAl.s 			page 5


  47              		.loc 1 183 14 is_stmt 0 view .LVU7
  48 0008 0281     		strh	r2, [r0, #8]	@ movhi
 184:Middlewares/Third_Party/LwIP/src/core/pbuf.c ****   p->len = len;
  49              		.loc 1 184 3 is_stmt 1 view .LVU8
  50              		.loc 1 184 10 is_stmt 0 view .LVU9
  51 000a 4381     		strh	r3, [r0, #10]	@ movhi
 185:Middlewares/Third_Party/LwIP/src/core/pbuf.c ****   p->type_internal = (u8_t)type;
  52              		.loc 1 185 3 is_stmt 1 view .LVU10
  53              		.loc 1 185 22 is_stmt 0 view .LVU11
  54 000c 9DF80430 		ldrb	r3, [sp, #4]	@ zero_extendqisi2
  55              	.LVL1:
  56              		.loc 1 185 20 view .LVU12
  57 0010 0373     		strb	r3, [r0, #12]
 186:Middlewares/Third_Party/LwIP/src/core/pbuf.c ****   p->flags = flags;
  58              		.loc 1 186 3 is_stmt 1 view .LVU13
  59              		.loc 1 186 12 is_stmt 0 view .LVU14
  60 0012 9DF80830 		ldrb	r3, [sp, #8]	@ zero_extendqisi2
  61 0016 4373     		strb	r3, [r0, #13]
 187:Middlewares/Third_Party/LwIP/src/core/pbuf.c ****   p->ref = 1;
  62              		.loc 1 187 3 is_stmt 1 view .LVU15
  63              		.loc 1 187 10 is_stmt 0 view .LVU16
  64 0018 0123     		movs	r3, #1
  65 001a 8373     		strb	r3, [r0, #14]
 188:Middlewares/Third_Party/LwIP/src/core/pbuf.c ****   p->if_idx = NETIF_NO_INDEX;
  66              		.loc 1 188 3 is_stmt 1 view .LVU17
  67              		.loc 1 188 13 is_stmt 0 view .LVU18
  68 001c C473     		strb	r4, [r0, #15]
 189:Middlewares/Third_Party/LwIP/src/core/pbuf.c **** }
  69              		.loc 1 189 1 view .LVU19
  70 001e 5DF8044B 		ldr	r4, [sp], #4
  71              	.LCFI1:
  72              		.cfi_restore 4
  73              		.cfi_def_cfa_offset 0
  74              	.LVL2:
  75              		.loc 1 189 1 view .LVU20
  76 0022 7047     		bx	lr
  77              		.cfi_endproc
  78              	.LFE159:
  80              		.section	.text.pbuf_skip_const,"ax",%progbits
  81              		.align	1
  82              		.syntax unified
  83              		.thumb
  84              		.thumb_func
  85              		.fpu fpv4-sp-d16
  87              	pbuf_skip_const:
  88              	.LVL3:
  89              	.LFB181:
 190:Middlewares/Third_Party/LwIP/src/core/pbuf.c **** 
 191:Middlewares/Third_Party/LwIP/src/core/pbuf.c **** /**
 192:Middlewares/Third_Party/LwIP/src/core/pbuf.c ****  * @ingroup pbuf
 193:Middlewares/Third_Party/LwIP/src/core/pbuf.c ****  * Allocates a pbuf of the given type (possibly a chain for PBUF_POOL type).
 194:Middlewares/Third_Party/LwIP/src/core/pbuf.c ****  *
 195:Middlewares/Third_Party/LwIP/src/core/pbuf.c ****  * The actual memory allocated for the pbuf is determined by the
 196:Middlewares/Third_Party/LwIP/src/core/pbuf.c ****  * layer at which the pbuf is allocated and the requested size
 197:Middlewares/Third_Party/LwIP/src/core/pbuf.c ****  * (from the size parameter).
 198:Middlewares/Third_Party/LwIP/src/core/pbuf.c ****  *
 199:Middlewares/Third_Party/LwIP/src/core/pbuf.c ****  * @param layer header size
ARM GAS  /tmp/ccCCDAAl.s 			page 6


 200:Middlewares/Third_Party/LwIP/src/core/pbuf.c ****  * @param length size of the pbuf's payload
 201:Middlewares/Third_Party/LwIP/src/core/pbuf.c ****  * @param type this parameter decides how and where the pbuf
 202:Middlewares/Third_Party/LwIP/src/core/pbuf.c ****  * should be allocated as follows:
 203:Middlewares/Third_Party/LwIP/src/core/pbuf.c ****  *
 204:Middlewares/Third_Party/LwIP/src/core/pbuf.c ****  * - PBUF_RAM: buffer memory for pbuf is allocated as one large
 205:Middlewares/Third_Party/LwIP/src/core/pbuf.c ****  *             chunk. This includes protocol headers as well.
 206:Middlewares/Third_Party/LwIP/src/core/pbuf.c ****  * - PBUF_ROM: no buffer memory is allocated for the pbuf, even for
 207:Middlewares/Third_Party/LwIP/src/core/pbuf.c ****  *             protocol headers. Additional headers must be prepended
 208:Middlewares/Third_Party/LwIP/src/core/pbuf.c ****  *             by allocating another pbuf and chain in to the front of
 209:Middlewares/Third_Party/LwIP/src/core/pbuf.c ****  *             the ROM pbuf. It is assumed that the memory used is really
 210:Middlewares/Third_Party/LwIP/src/core/pbuf.c ****  *             similar to ROM in that it is immutable and will not be
 211:Middlewares/Third_Party/LwIP/src/core/pbuf.c ****  *             changed. Memory which is dynamic should generally not
 212:Middlewares/Third_Party/LwIP/src/core/pbuf.c ****  *             be attached to PBUF_ROM pbufs. Use PBUF_REF instead.
 213:Middlewares/Third_Party/LwIP/src/core/pbuf.c ****  * - PBUF_REF: no buffer memory is allocated for the pbuf, even for
 214:Middlewares/Third_Party/LwIP/src/core/pbuf.c ****  *             protocol headers. It is assumed that the pbuf is only
 215:Middlewares/Third_Party/LwIP/src/core/pbuf.c ****  *             being used in a single thread. If the pbuf gets queued,
 216:Middlewares/Third_Party/LwIP/src/core/pbuf.c ****  *             then pbuf_take should be called to copy the buffer.
 217:Middlewares/Third_Party/LwIP/src/core/pbuf.c ****  * - PBUF_POOL: the pbuf is allocated as a pbuf chain, with pbufs from
 218:Middlewares/Third_Party/LwIP/src/core/pbuf.c ****  *              the pbuf pool that is allocated during pbuf_init().
 219:Middlewares/Third_Party/LwIP/src/core/pbuf.c ****  *
 220:Middlewares/Third_Party/LwIP/src/core/pbuf.c ****  * @return the allocated pbuf. If multiple pbufs where allocated, this
 221:Middlewares/Third_Party/LwIP/src/core/pbuf.c ****  * is the first pbuf of a pbuf chain.
 222:Middlewares/Third_Party/LwIP/src/core/pbuf.c ****  */
 223:Middlewares/Third_Party/LwIP/src/core/pbuf.c **** struct pbuf *
 224:Middlewares/Third_Party/LwIP/src/core/pbuf.c **** pbuf_alloc(pbuf_layer layer, u16_t length, pbuf_type type)
 225:Middlewares/Third_Party/LwIP/src/core/pbuf.c **** {
 226:Middlewares/Third_Party/LwIP/src/core/pbuf.c ****   struct pbuf *p;
 227:Middlewares/Third_Party/LwIP/src/core/pbuf.c ****   u16_t offset = (u16_t)layer;
 228:Middlewares/Third_Party/LwIP/src/core/pbuf.c ****   LWIP_DEBUGF(PBUF_DEBUG | LWIP_DBG_TRACE, ("pbuf_alloc(length=%"U16_F")\n", length));
 229:Middlewares/Third_Party/LwIP/src/core/pbuf.c **** 
 230:Middlewares/Third_Party/LwIP/src/core/pbuf.c ****   switch (type) {
 231:Middlewares/Third_Party/LwIP/src/core/pbuf.c ****     case PBUF_REF: /* fall through */
 232:Middlewares/Third_Party/LwIP/src/core/pbuf.c ****     case PBUF_ROM:
 233:Middlewares/Third_Party/LwIP/src/core/pbuf.c ****       p = pbuf_alloc_reference(NULL, length, type);
 234:Middlewares/Third_Party/LwIP/src/core/pbuf.c ****       break;
 235:Middlewares/Third_Party/LwIP/src/core/pbuf.c ****     case PBUF_POOL: {
 236:Middlewares/Third_Party/LwIP/src/core/pbuf.c ****       struct pbuf *q, *last;
 237:Middlewares/Third_Party/LwIP/src/core/pbuf.c ****       u16_t rem_len; /* remaining length */
 238:Middlewares/Third_Party/LwIP/src/core/pbuf.c ****       p = NULL;
 239:Middlewares/Third_Party/LwIP/src/core/pbuf.c ****       last = NULL;
 240:Middlewares/Third_Party/LwIP/src/core/pbuf.c ****       rem_len = length;
 241:Middlewares/Third_Party/LwIP/src/core/pbuf.c ****       do {
 242:Middlewares/Third_Party/LwIP/src/core/pbuf.c ****         u16_t qlen;
 243:Middlewares/Third_Party/LwIP/src/core/pbuf.c ****         q = (struct pbuf *)memp_malloc(MEMP_PBUF_POOL);
 244:Middlewares/Third_Party/LwIP/src/core/pbuf.c ****         if (q == NULL) {
 245:Middlewares/Third_Party/LwIP/src/core/pbuf.c ****           PBUF_POOL_IS_EMPTY();
 246:Middlewares/Third_Party/LwIP/src/core/pbuf.c ****           /* free chain so far allocated */
 247:Middlewares/Third_Party/LwIP/src/core/pbuf.c ****           if (p) {
 248:Middlewares/Third_Party/LwIP/src/core/pbuf.c ****             pbuf_free(p);
 249:Middlewares/Third_Party/LwIP/src/core/pbuf.c ****           }
 250:Middlewares/Third_Party/LwIP/src/core/pbuf.c ****           /* bail out unsuccessfully */
 251:Middlewares/Third_Party/LwIP/src/core/pbuf.c ****           return NULL;
 252:Middlewares/Third_Party/LwIP/src/core/pbuf.c ****         }
 253:Middlewares/Third_Party/LwIP/src/core/pbuf.c ****         qlen = LWIP_MIN(rem_len, (u16_t)(PBUF_POOL_BUFSIZE_ALIGNED - LWIP_MEM_ALIGN_SIZE(offset)));
 254:Middlewares/Third_Party/LwIP/src/core/pbuf.c ****         pbuf_init_alloced_pbuf(q, LWIP_MEM_ALIGN((void *)((u8_t *)q + SIZEOF_STRUCT_PBUF + offset))
 255:Middlewares/Third_Party/LwIP/src/core/pbuf.c ****                                rem_len, qlen, type, 0);
 256:Middlewares/Third_Party/LwIP/src/core/pbuf.c ****         LWIP_ASSERT("pbuf_alloc: pbuf q->payload properly aligned",
ARM GAS  /tmp/ccCCDAAl.s 			page 7


 257:Middlewares/Third_Party/LwIP/src/core/pbuf.c ****                     ((mem_ptr_t)q->payload % MEM_ALIGNMENT) == 0);
 258:Middlewares/Third_Party/LwIP/src/core/pbuf.c ****         LWIP_ASSERT("PBUF_POOL_BUFSIZE must be bigger than MEM_ALIGNMENT",
 259:Middlewares/Third_Party/LwIP/src/core/pbuf.c ****                     (PBUF_POOL_BUFSIZE_ALIGNED - LWIP_MEM_ALIGN_SIZE(offset)) > 0 );
 260:Middlewares/Third_Party/LwIP/src/core/pbuf.c ****         if (p == NULL) {
 261:Middlewares/Third_Party/LwIP/src/core/pbuf.c ****           /* allocated head of pbuf chain (into p) */
 262:Middlewares/Third_Party/LwIP/src/core/pbuf.c ****           p = q;
 263:Middlewares/Third_Party/LwIP/src/core/pbuf.c ****         } else {
 264:Middlewares/Third_Party/LwIP/src/core/pbuf.c ****           /* make previous pbuf point to this pbuf */
 265:Middlewares/Third_Party/LwIP/src/core/pbuf.c ****           last->next = q;
 266:Middlewares/Third_Party/LwIP/src/core/pbuf.c ****         }
 267:Middlewares/Third_Party/LwIP/src/core/pbuf.c ****         last = q;
 268:Middlewares/Third_Party/LwIP/src/core/pbuf.c ****         rem_len = (u16_t)(rem_len - qlen);
 269:Middlewares/Third_Party/LwIP/src/core/pbuf.c ****         offset = 0;
 270:Middlewares/Third_Party/LwIP/src/core/pbuf.c ****       } while (rem_len > 0);
 271:Middlewares/Third_Party/LwIP/src/core/pbuf.c ****       break;
 272:Middlewares/Third_Party/LwIP/src/core/pbuf.c ****     }
 273:Middlewares/Third_Party/LwIP/src/core/pbuf.c ****     case PBUF_RAM: {
 274:Middlewares/Third_Party/LwIP/src/core/pbuf.c ****       u16_t payload_len = (u16_t)(LWIP_MEM_ALIGN_SIZE(offset) + LWIP_MEM_ALIGN_SIZE(length));
 275:Middlewares/Third_Party/LwIP/src/core/pbuf.c ****       mem_size_t alloc_len = (mem_size_t)(LWIP_MEM_ALIGN_SIZE(SIZEOF_STRUCT_PBUF) + payload_len);
 276:Middlewares/Third_Party/LwIP/src/core/pbuf.c **** 
 277:Middlewares/Third_Party/LwIP/src/core/pbuf.c ****       /* bug #50040: Check for integer overflow when calculating alloc_len */
 278:Middlewares/Third_Party/LwIP/src/core/pbuf.c ****       if ((payload_len < LWIP_MEM_ALIGN_SIZE(length)) ||
 279:Middlewares/Third_Party/LwIP/src/core/pbuf.c ****           (alloc_len < LWIP_MEM_ALIGN_SIZE(length))) {
 280:Middlewares/Third_Party/LwIP/src/core/pbuf.c ****         return NULL;
 281:Middlewares/Third_Party/LwIP/src/core/pbuf.c ****       }
 282:Middlewares/Third_Party/LwIP/src/core/pbuf.c **** 
 283:Middlewares/Third_Party/LwIP/src/core/pbuf.c ****       /* If pbuf is to be allocated in RAM, allocate memory for it. */
 284:Middlewares/Third_Party/LwIP/src/core/pbuf.c ****       p = (struct pbuf *)mem_malloc(alloc_len);
 285:Middlewares/Third_Party/LwIP/src/core/pbuf.c ****       if (p == NULL) {
 286:Middlewares/Third_Party/LwIP/src/core/pbuf.c ****         return NULL;
 287:Middlewares/Third_Party/LwIP/src/core/pbuf.c ****       }
 288:Middlewares/Third_Party/LwIP/src/core/pbuf.c ****       pbuf_init_alloced_pbuf(p, LWIP_MEM_ALIGN((void *)((u8_t *)p + SIZEOF_STRUCT_PBUF + offset)),
 289:Middlewares/Third_Party/LwIP/src/core/pbuf.c ****                              length, length, type, 0);
 290:Middlewares/Third_Party/LwIP/src/core/pbuf.c ****       LWIP_ASSERT("pbuf_alloc: pbuf->payload properly aligned",
 291:Middlewares/Third_Party/LwIP/src/core/pbuf.c ****                   ((mem_ptr_t)p->payload % MEM_ALIGNMENT) == 0);
 292:Middlewares/Third_Party/LwIP/src/core/pbuf.c ****       break;
 293:Middlewares/Third_Party/LwIP/src/core/pbuf.c ****     }
 294:Middlewares/Third_Party/LwIP/src/core/pbuf.c ****     default:
 295:Middlewares/Third_Party/LwIP/src/core/pbuf.c ****       LWIP_ASSERT("pbuf_alloc: erroneous type", 0);
 296:Middlewares/Third_Party/LwIP/src/core/pbuf.c ****       return NULL;
 297:Middlewares/Third_Party/LwIP/src/core/pbuf.c ****   }
 298:Middlewares/Third_Party/LwIP/src/core/pbuf.c ****   LWIP_DEBUGF(PBUF_DEBUG | LWIP_DBG_TRACE, ("pbuf_alloc(length=%"U16_F") == %p\n", length, (void *)
 299:Middlewares/Third_Party/LwIP/src/core/pbuf.c ****   return p;
 300:Middlewares/Third_Party/LwIP/src/core/pbuf.c **** }
 301:Middlewares/Third_Party/LwIP/src/core/pbuf.c **** 
 302:Middlewares/Third_Party/LwIP/src/core/pbuf.c **** /**
 303:Middlewares/Third_Party/LwIP/src/core/pbuf.c ****  * @ingroup pbuf
 304:Middlewares/Third_Party/LwIP/src/core/pbuf.c ****  * Allocates a pbuf for referenced data.
 305:Middlewares/Third_Party/LwIP/src/core/pbuf.c ****  * Referenced data can be volatile (PBUF_REF) or long-lived (PBUF_ROM).
 306:Middlewares/Third_Party/LwIP/src/core/pbuf.c ****  *
 307:Middlewares/Third_Party/LwIP/src/core/pbuf.c ****  * The actual memory allocated for the pbuf is determined by the
 308:Middlewares/Third_Party/LwIP/src/core/pbuf.c ****  * layer at which the pbuf is allocated and the requested size
 309:Middlewares/Third_Party/LwIP/src/core/pbuf.c ****  * (from the size parameter).
 310:Middlewares/Third_Party/LwIP/src/core/pbuf.c ****  *
 311:Middlewares/Third_Party/LwIP/src/core/pbuf.c ****  * @param payload referenced payload
 312:Middlewares/Third_Party/LwIP/src/core/pbuf.c ****  * @param length size of the pbuf's payload
 313:Middlewares/Third_Party/LwIP/src/core/pbuf.c ****  * @param type this parameter decides how and where the pbuf
ARM GAS  /tmp/ccCCDAAl.s 			page 8


 314:Middlewares/Third_Party/LwIP/src/core/pbuf.c ****  * should be allocated as follows:
 315:Middlewares/Third_Party/LwIP/src/core/pbuf.c ****  *
 316:Middlewares/Third_Party/LwIP/src/core/pbuf.c ****  * - PBUF_ROM: It is assumed that the memory used is really
 317:Middlewares/Third_Party/LwIP/src/core/pbuf.c ****  *             similar to ROM in that it is immutable and will not be
 318:Middlewares/Third_Party/LwIP/src/core/pbuf.c ****  *             changed. Memory which is dynamic should generally not
 319:Middlewares/Third_Party/LwIP/src/core/pbuf.c ****  *             be attached to PBUF_ROM pbufs. Use PBUF_REF instead.
 320:Middlewares/Third_Party/LwIP/src/core/pbuf.c ****  * - PBUF_REF: It is assumed that the pbuf is only
 321:Middlewares/Third_Party/LwIP/src/core/pbuf.c ****  *             being used in a single thread. If the pbuf gets queued,
 322:Middlewares/Third_Party/LwIP/src/core/pbuf.c ****  *             then pbuf_take should be called to copy the buffer.
 323:Middlewares/Third_Party/LwIP/src/core/pbuf.c ****  *
 324:Middlewares/Third_Party/LwIP/src/core/pbuf.c ****  * @return the allocated pbuf.
 325:Middlewares/Third_Party/LwIP/src/core/pbuf.c ****  */
 326:Middlewares/Third_Party/LwIP/src/core/pbuf.c **** struct pbuf *
 327:Middlewares/Third_Party/LwIP/src/core/pbuf.c **** pbuf_alloc_reference(void *payload, u16_t length, pbuf_type type)
 328:Middlewares/Third_Party/LwIP/src/core/pbuf.c **** {
 329:Middlewares/Third_Party/LwIP/src/core/pbuf.c ****   struct pbuf *p;
 330:Middlewares/Third_Party/LwIP/src/core/pbuf.c ****   LWIP_ASSERT("invalid pbuf_type", (type == PBUF_REF) || (type == PBUF_ROM));
 331:Middlewares/Third_Party/LwIP/src/core/pbuf.c ****   /* only allocate memory for the pbuf structure */
 332:Middlewares/Third_Party/LwIP/src/core/pbuf.c ****   p = (struct pbuf *)memp_malloc(MEMP_PBUF);
 333:Middlewares/Third_Party/LwIP/src/core/pbuf.c ****   if (p == NULL) {
 334:Middlewares/Third_Party/LwIP/src/core/pbuf.c ****     LWIP_DEBUGF(PBUF_DEBUG | LWIP_DBG_LEVEL_SERIOUS,
 335:Middlewares/Third_Party/LwIP/src/core/pbuf.c ****                 ("pbuf_alloc_reference: Could not allocate MEMP_PBUF for PBUF_%s.\n",
 336:Middlewares/Third_Party/LwIP/src/core/pbuf.c ****                  (type == PBUF_ROM) ? "ROM" : "REF"));
 337:Middlewares/Third_Party/LwIP/src/core/pbuf.c ****     return NULL;
 338:Middlewares/Third_Party/LwIP/src/core/pbuf.c ****   }
 339:Middlewares/Third_Party/LwIP/src/core/pbuf.c ****   pbuf_init_alloced_pbuf(p, payload, length, length, type, 0);
 340:Middlewares/Third_Party/LwIP/src/core/pbuf.c ****   return p;
 341:Middlewares/Third_Party/LwIP/src/core/pbuf.c **** }
 342:Middlewares/Third_Party/LwIP/src/core/pbuf.c **** 
 343:Middlewares/Third_Party/LwIP/src/core/pbuf.c **** 
 344:Middlewares/Third_Party/LwIP/src/core/pbuf.c **** #if LWIP_SUPPORT_CUSTOM_PBUF
 345:Middlewares/Third_Party/LwIP/src/core/pbuf.c **** /**
 346:Middlewares/Third_Party/LwIP/src/core/pbuf.c ****  * @ingroup pbuf
 347:Middlewares/Third_Party/LwIP/src/core/pbuf.c ****  * Initialize a custom pbuf (already allocated).
 348:Middlewares/Third_Party/LwIP/src/core/pbuf.c ****  * Example of custom pbuf usage: @ref zerocopyrx
 349:Middlewares/Third_Party/LwIP/src/core/pbuf.c ****  *
 350:Middlewares/Third_Party/LwIP/src/core/pbuf.c ****  * @param l header size
 351:Middlewares/Third_Party/LwIP/src/core/pbuf.c ****  * @param length size of the pbuf's payload
 352:Middlewares/Third_Party/LwIP/src/core/pbuf.c ****  * @param type type of the pbuf (only used to treat the pbuf accordingly, as
 353:Middlewares/Third_Party/LwIP/src/core/pbuf.c ****  *        this function allocates no memory)
 354:Middlewares/Third_Party/LwIP/src/core/pbuf.c ****  * @param p pointer to the custom pbuf to initialize (already allocated)
 355:Middlewares/Third_Party/LwIP/src/core/pbuf.c ****  * @param payload_mem pointer to the buffer that is used for payload and headers,
 356:Middlewares/Third_Party/LwIP/src/core/pbuf.c ****  *        must be at least big enough to hold 'length' plus the header size,
 357:Middlewares/Third_Party/LwIP/src/core/pbuf.c ****  *        may be NULL if set later.
 358:Middlewares/Third_Party/LwIP/src/core/pbuf.c ****  *        ATTENTION: The caller is responsible for correct alignment of this buffer!!
 359:Middlewares/Third_Party/LwIP/src/core/pbuf.c ****  * @param payload_mem_len the size of the 'payload_mem' buffer, must be at least
 360:Middlewares/Third_Party/LwIP/src/core/pbuf.c ****  *        big enough to hold 'length' plus the header size
 361:Middlewares/Third_Party/LwIP/src/core/pbuf.c ****  */
 362:Middlewares/Third_Party/LwIP/src/core/pbuf.c **** struct pbuf *
 363:Middlewares/Third_Party/LwIP/src/core/pbuf.c **** pbuf_alloced_custom(pbuf_layer l, u16_t length, pbuf_type type, struct pbuf_custom *p,
 364:Middlewares/Third_Party/LwIP/src/core/pbuf.c ****                     void *payload_mem, u16_t payload_mem_len)
 365:Middlewares/Third_Party/LwIP/src/core/pbuf.c **** {
 366:Middlewares/Third_Party/LwIP/src/core/pbuf.c ****   u16_t offset = (u16_t)l;
 367:Middlewares/Third_Party/LwIP/src/core/pbuf.c ****   void *payload;
 368:Middlewares/Third_Party/LwIP/src/core/pbuf.c ****   LWIP_DEBUGF(PBUF_DEBUG | LWIP_DBG_TRACE, ("pbuf_alloced_custom(length=%"U16_F")\n", length));
 369:Middlewares/Third_Party/LwIP/src/core/pbuf.c **** 
 370:Middlewares/Third_Party/LwIP/src/core/pbuf.c ****   if (LWIP_MEM_ALIGN_SIZE(offset) + length > payload_mem_len) {
ARM GAS  /tmp/ccCCDAAl.s 			page 9


 371:Middlewares/Third_Party/LwIP/src/core/pbuf.c ****     LWIP_DEBUGF(PBUF_DEBUG | LWIP_DBG_LEVEL_WARNING, ("pbuf_alloced_custom(length=%"U16_F") buffer 
 372:Middlewares/Third_Party/LwIP/src/core/pbuf.c ****     return NULL;
 373:Middlewares/Third_Party/LwIP/src/core/pbuf.c ****   }
 374:Middlewares/Third_Party/LwIP/src/core/pbuf.c **** 
 375:Middlewares/Third_Party/LwIP/src/core/pbuf.c ****   if (payload_mem != NULL) {
 376:Middlewares/Third_Party/LwIP/src/core/pbuf.c ****     payload = (u8_t *)payload_mem + LWIP_MEM_ALIGN_SIZE(offset);
 377:Middlewares/Third_Party/LwIP/src/core/pbuf.c ****   } else {
 378:Middlewares/Third_Party/LwIP/src/core/pbuf.c ****     payload = NULL;
 379:Middlewares/Third_Party/LwIP/src/core/pbuf.c ****   }
 380:Middlewares/Third_Party/LwIP/src/core/pbuf.c ****   pbuf_init_alloced_pbuf(&p->pbuf, payload, length, length, type, PBUF_FLAG_IS_CUSTOM);
 381:Middlewares/Third_Party/LwIP/src/core/pbuf.c ****   return &p->pbuf;
 382:Middlewares/Third_Party/LwIP/src/core/pbuf.c **** }
 383:Middlewares/Third_Party/LwIP/src/core/pbuf.c **** #endif /* LWIP_SUPPORT_CUSTOM_PBUF */
 384:Middlewares/Third_Party/LwIP/src/core/pbuf.c **** 
 385:Middlewares/Third_Party/LwIP/src/core/pbuf.c **** /**
 386:Middlewares/Third_Party/LwIP/src/core/pbuf.c ****  * @ingroup pbuf
 387:Middlewares/Third_Party/LwIP/src/core/pbuf.c ****  * Shrink a pbuf chain to a desired length.
 388:Middlewares/Third_Party/LwIP/src/core/pbuf.c ****  *
 389:Middlewares/Third_Party/LwIP/src/core/pbuf.c ****  * @param p pbuf to shrink.
 390:Middlewares/Third_Party/LwIP/src/core/pbuf.c ****  * @param new_len desired new length of pbuf chain
 391:Middlewares/Third_Party/LwIP/src/core/pbuf.c ****  *
 392:Middlewares/Third_Party/LwIP/src/core/pbuf.c ****  * Depending on the desired length, the first few pbufs in a chain might
 393:Middlewares/Third_Party/LwIP/src/core/pbuf.c ****  * be skipped and left unchanged. The new last pbuf in the chain will be
 394:Middlewares/Third_Party/LwIP/src/core/pbuf.c ****  * resized, and any remaining pbufs will be freed.
 395:Middlewares/Third_Party/LwIP/src/core/pbuf.c ****  *
 396:Middlewares/Third_Party/LwIP/src/core/pbuf.c ****  * @note If the pbuf is ROM/REF, only the ->tot_len and ->len fields are adjusted.
 397:Middlewares/Third_Party/LwIP/src/core/pbuf.c ****  * @note May not be called on a packet queue.
 398:Middlewares/Third_Party/LwIP/src/core/pbuf.c ****  *
 399:Middlewares/Third_Party/LwIP/src/core/pbuf.c ****  * @note Despite its name, pbuf_realloc cannot grow the size of a pbuf (chain).
 400:Middlewares/Third_Party/LwIP/src/core/pbuf.c ****  */
 401:Middlewares/Third_Party/LwIP/src/core/pbuf.c **** void
 402:Middlewares/Third_Party/LwIP/src/core/pbuf.c **** pbuf_realloc(struct pbuf *p, u16_t new_len)
 403:Middlewares/Third_Party/LwIP/src/core/pbuf.c **** {
 404:Middlewares/Third_Party/LwIP/src/core/pbuf.c ****   struct pbuf *q;
 405:Middlewares/Third_Party/LwIP/src/core/pbuf.c ****   u16_t rem_len; /* remaining length */
 406:Middlewares/Third_Party/LwIP/src/core/pbuf.c ****   u16_t shrink;
 407:Middlewares/Third_Party/LwIP/src/core/pbuf.c **** 
 408:Middlewares/Third_Party/LwIP/src/core/pbuf.c ****   LWIP_ASSERT("pbuf_realloc: p != NULL", p != NULL);
 409:Middlewares/Third_Party/LwIP/src/core/pbuf.c **** 
 410:Middlewares/Third_Party/LwIP/src/core/pbuf.c ****   /* desired length larger than current length? */
 411:Middlewares/Third_Party/LwIP/src/core/pbuf.c ****   if (new_len >= p->tot_len) {
 412:Middlewares/Third_Party/LwIP/src/core/pbuf.c ****     /* enlarging not yet supported */
 413:Middlewares/Third_Party/LwIP/src/core/pbuf.c ****     return;
 414:Middlewares/Third_Party/LwIP/src/core/pbuf.c ****   }
 415:Middlewares/Third_Party/LwIP/src/core/pbuf.c **** 
 416:Middlewares/Third_Party/LwIP/src/core/pbuf.c ****   /* the pbuf chain grows by (new_len - p->tot_len) bytes
 417:Middlewares/Third_Party/LwIP/src/core/pbuf.c ****    * (which may be negative in case of shrinking) */
 418:Middlewares/Third_Party/LwIP/src/core/pbuf.c ****   shrink = (u16_t)(p->tot_len - new_len);
 419:Middlewares/Third_Party/LwIP/src/core/pbuf.c **** 
 420:Middlewares/Third_Party/LwIP/src/core/pbuf.c ****   /* first, step over any pbufs that should remain in the chain */
 421:Middlewares/Third_Party/LwIP/src/core/pbuf.c ****   rem_len = new_len;
 422:Middlewares/Third_Party/LwIP/src/core/pbuf.c ****   q = p;
 423:Middlewares/Third_Party/LwIP/src/core/pbuf.c ****   /* should this pbuf be kept? */
 424:Middlewares/Third_Party/LwIP/src/core/pbuf.c ****   while (rem_len > q->len) {
 425:Middlewares/Third_Party/LwIP/src/core/pbuf.c ****     /* decrease remaining length by pbuf length */
 426:Middlewares/Third_Party/LwIP/src/core/pbuf.c ****     rem_len = (u16_t)(rem_len - q->len);
 427:Middlewares/Third_Party/LwIP/src/core/pbuf.c ****     /* decrease total length indicator */
ARM GAS  /tmp/ccCCDAAl.s 			page 10


 428:Middlewares/Third_Party/LwIP/src/core/pbuf.c ****     q->tot_len = (u16_t)(q->tot_len - shrink);
 429:Middlewares/Third_Party/LwIP/src/core/pbuf.c ****     /* proceed to next pbuf in chain */
 430:Middlewares/Third_Party/LwIP/src/core/pbuf.c ****     q = q->next;
 431:Middlewares/Third_Party/LwIP/src/core/pbuf.c ****     LWIP_ASSERT("pbuf_realloc: q != NULL", q != NULL);
 432:Middlewares/Third_Party/LwIP/src/core/pbuf.c ****   }
 433:Middlewares/Third_Party/LwIP/src/core/pbuf.c ****   /* we have now reached the new last pbuf (in q) */
 434:Middlewares/Third_Party/LwIP/src/core/pbuf.c ****   /* rem_len == desired length for pbuf q */
 435:Middlewares/Third_Party/LwIP/src/core/pbuf.c **** 
 436:Middlewares/Third_Party/LwIP/src/core/pbuf.c ****   /* shrink allocated memory for PBUF_RAM */
 437:Middlewares/Third_Party/LwIP/src/core/pbuf.c ****   /* (other types merely adjust their length fields */
 438:Middlewares/Third_Party/LwIP/src/core/pbuf.c ****   if (pbuf_match_allocsrc(q, PBUF_TYPE_ALLOC_SRC_MASK_STD_HEAP) && (rem_len != q->len)
 439:Middlewares/Third_Party/LwIP/src/core/pbuf.c **** #if LWIP_SUPPORT_CUSTOM_PBUF
 440:Middlewares/Third_Party/LwIP/src/core/pbuf.c ****       && ((q->flags & PBUF_FLAG_IS_CUSTOM) == 0)
 441:Middlewares/Third_Party/LwIP/src/core/pbuf.c **** #endif /* LWIP_SUPPORT_CUSTOM_PBUF */
 442:Middlewares/Third_Party/LwIP/src/core/pbuf.c ****      ) {
 443:Middlewares/Third_Party/LwIP/src/core/pbuf.c ****     /* reallocate and adjust the length of the pbuf that will be split */
 444:Middlewares/Third_Party/LwIP/src/core/pbuf.c ****     q = (struct pbuf *)mem_trim(q, (mem_size_t)(((u8_t *)q->payload - (u8_t *)q) + rem_len));
 445:Middlewares/Third_Party/LwIP/src/core/pbuf.c ****     LWIP_ASSERT("mem_trim returned q == NULL", q != NULL);
 446:Middlewares/Third_Party/LwIP/src/core/pbuf.c ****   }
 447:Middlewares/Third_Party/LwIP/src/core/pbuf.c ****   /* adjust length fields for new last pbuf */
 448:Middlewares/Third_Party/LwIP/src/core/pbuf.c ****   q->len = rem_len;
 449:Middlewares/Third_Party/LwIP/src/core/pbuf.c ****   q->tot_len = q->len;
 450:Middlewares/Third_Party/LwIP/src/core/pbuf.c **** 
 451:Middlewares/Third_Party/LwIP/src/core/pbuf.c ****   /* any remaining pbufs in chain? */
 452:Middlewares/Third_Party/LwIP/src/core/pbuf.c ****   if (q->next != NULL) {
 453:Middlewares/Third_Party/LwIP/src/core/pbuf.c ****     /* free remaining pbufs in chain */
 454:Middlewares/Third_Party/LwIP/src/core/pbuf.c ****     pbuf_free(q->next);
 455:Middlewares/Third_Party/LwIP/src/core/pbuf.c ****   }
 456:Middlewares/Third_Party/LwIP/src/core/pbuf.c ****   /* q is last packet in chain */
 457:Middlewares/Third_Party/LwIP/src/core/pbuf.c ****   q->next = NULL;
 458:Middlewares/Third_Party/LwIP/src/core/pbuf.c **** 
 459:Middlewares/Third_Party/LwIP/src/core/pbuf.c **** }
 460:Middlewares/Third_Party/LwIP/src/core/pbuf.c **** 
 461:Middlewares/Third_Party/LwIP/src/core/pbuf.c **** /**
 462:Middlewares/Third_Party/LwIP/src/core/pbuf.c ****  * Adjusts the payload pointer to reveal headers in the payload.
 463:Middlewares/Third_Party/LwIP/src/core/pbuf.c ****  * @see pbuf_add_header.
 464:Middlewares/Third_Party/LwIP/src/core/pbuf.c ****  *
 465:Middlewares/Third_Party/LwIP/src/core/pbuf.c ****  * @param p pbuf to change the header size.
 466:Middlewares/Third_Party/LwIP/src/core/pbuf.c ****  * @param header_size_increment Number of bytes to increment header size.
 467:Middlewares/Third_Party/LwIP/src/core/pbuf.c ****  * @param force Allow 'header_size_increment > 0' for PBUF_REF/PBUF_ROM types
 468:Middlewares/Third_Party/LwIP/src/core/pbuf.c ****  *
 469:Middlewares/Third_Party/LwIP/src/core/pbuf.c ****  * @return non-zero on failure, zero on success.
 470:Middlewares/Third_Party/LwIP/src/core/pbuf.c ****  *
 471:Middlewares/Third_Party/LwIP/src/core/pbuf.c ****  */
 472:Middlewares/Third_Party/LwIP/src/core/pbuf.c **** static u8_t
 473:Middlewares/Third_Party/LwIP/src/core/pbuf.c **** pbuf_add_header_impl(struct pbuf *p, size_t header_size_increment, u8_t force)
 474:Middlewares/Third_Party/LwIP/src/core/pbuf.c **** {
 475:Middlewares/Third_Party/LwIP/src/core/pbuf.c ****   u16_t type_internal;
 476:Middlewares/Third_Party/LwIP/src/core/pbuf.c ****   void *payload;
 477:Middlewares/Third_Party/LwIP/src/core/pbuf.c ****   u16_t increment_magnitude;
 478:Middlewares/Third_Party/LwIP/src/core/pbuf.c **** 
 479:Middlewares/Third_Party/LwIP/src/core/pbuf.c ****   LWIP_ASSERT("p != NULL", p != NULL);
 480:Middlewares/Third_Party/LwIP/src/core/pbuf.c ****   if ((p == NULL) || (header_size_increment > 0xFFFF)) {
 481:Middlewares/Third_Party/LwIP/src/core/pbuf.c ****     return 1;
 482:Middlewares/Third_Party/LwIP/src/core/pbuf.c ****   }
 483:Middlewares/Third_Party/LwIP/src/core/pbuf.c ****   if (header_size_increment == 0) {
 484:Middlewares/Third_Party/LwIP/src/core/pbuf.c ****     return 0;
ARM GAS  /tmp/ccCCDAAl.s 			page 11


 485:Middlewares/Third_Party/LwIP/src/core/pbuf.c ****   }
 486:Middlewares/Third_Party/LwIP/src/core/pbuf.c **** 
 487:Middlewares/Third_Party/LwIP/src/core/pbuf.c ****   increment_magnitude = (u16_t)header_size_increment;
 488:Middlewares/Third_Party/LwIP/src/core/pbuf.c ****   /* Do not allow tot_len to wrap as a result. */
 489:Middlewares/Third_Party/LwIP/src/core/pbuf.c ****   if ((u16_t)(increment_magnitude + p->tot_len) < increment_magnitude) {
 490:Middlewares/Third_Party/LwIP/src/core/pbuf.c ****     return 1;
 491:Middlewares/Third_Party/LwIP/src/core/pbuf.c ****   }
 492:Middlewares/Third_Party/LwIP/src/core/pbuf.c **** 
 493:Middlewares/Third_Party/LwIP/src/core/pbuf.c ****   type_internal = p->type_internal;
 494:Middlewares/Third_Party/LwIP/src/core/pbuf.c **** 
 495:Middlewares/Third_Party/LwIP/src/core/pbuf.c ****   /* pbuf types containing payloads? */
 496:Middlewares/Third_Party/LwIP/src/core/pbuf.c ****   if (type_internal & PBUF_TYPE_FLAG_STRUCT_DATA_CONTIGUOUS) {
 497:Middlewares/Third_Party/LwIP/src/core/pbuf.c ****     /* set new payload pointer */
 498:Middlewares/Third_Party/LwIP/src/core/pbuf.c ****     payload = (u8_t *)p->payload - header_size_increment;
 499:Middlewares/Third_Party/LwIP/src/core/pbuf.c ****     /* boundary check fails? */
 500:Middlewares/Third_Party/LwIP/src/core/pbuf.c ****     if ((u8_t *)payload < (u8_t *)p + SIZEOF_STRUCT_PBUF) {
 501:Middlewares/Third_Party/LwIP/src/core/pbuf.c ****       LWIP_DEBUGF( PBUF_DEBUG | LWIP_DBG_TRACE,
 502:Middlewares/Third_Party/LwIP/src/core/pbuf.c ****                    ("pbuf_add_header: failed as %p < %p (not enough space for new header size)\n",
 503:Middlewares/Third_Party/LwIP/src/core/pbuf.c ****                     (void *)payload, (void *)((u8_t *)p + SIZEOF_STRUCT_PBUF)));
 504:Middlewares/Third_Party/LwIP/src/core/pbuf.c ****       /* bail out unsuccessfully */
 505:Middlewares/Third_Party/LwIP/src/core/pbuf.c ****       return 1;
 506:Middlewares/Third_Party/LwIP/src/core/pbuf.c ****     }
 507:Middlewares/Third_Party/LwIP/src/core/pbuf.c ****     /* pbuf types referring to external payloads? */
 508:Middlewares/Third_Party/LwIP/src/core/pbuf.c ****   } else {
 509:Middlewares/Third_Party/LwIP/src/core/pbuf.c ****     /* hide a header in the payload? */
 510:Middlewares/Third_Party/LwIP/src/core/pbuf.c ****     if (force) {
 511:Middlewares/Third_Party/LwIP/src/core/pbuf.c ****       payload = (u8_t *)p->payload - header_size_increment;
 512:Middlewares/Third_Party/LwIP/src/core/pbuf.c ****     } else {
 513:Middlewares/Third_Party/LwIP/src/core/pbuf.c ****       /* cannot expand payload to front (yet!)
 514:Middlewares/Third_Party/LwIP/src/core/pbuf.c ****        * bail out unsuccessfully */
 515:Middlewares/Third_Party/LwIP/src/core/pbuf.c ****       return 1;
 516:Middlewares/Third_Party/LwIP/src/core/pbuf.c ****     }
 517:Middlewares/Third_Party/LwIP/src/core/pbuf.c ****   }
 518:Middlewares/Third_Party/LwIP/src/core/pbuf.c ****   LWIP_DEBUGF(PBUF_DEBUG | LWIP_DBG_TRACE, ("pbuf_add_header: old %p new %p (%"U16_F")\n",
 519:Middlewares/Third_Party/LwIP/src/core/pbuf.c ****               (void *)p->payload, (void *)payload, increment_magnitude));
 520:Middlewares/Third_Party/LwIP/src/core/pbuf.c **** 
 521:Middlewares/Third_Party/LwIP/src/core/pbuf.c ****   /* modify pbuf fields */
 522:Middlewares/Third_Party/LwIP/src/core/pbuf.c ****   p->payload = payload;
 523:Middlewares/Third_Party/LwIP/src/core/pbuf.c ****   p->len = (u16_t)(p->len + increment_magnitude);
 524:Middlewares/Third_Party/LwIP/src/core/pbuf.c ****   p->tot_len = (u16_t)(p->tot_len + increment_magnitude);
 525:Middlewares/Third_Party/LwIP/src/core/pbuf.c **** 
 526:Middlewares/Third_Party/LwIP/src/core/pbuf.c **** 
 527:Middlewares/Third_Party/LwIP/src/core/pbuf.c ****   return 0;
 528:Middlewares/Third_Party/LwIP/src/core/pbuf.c **** }
 529:Middlewares/Third_Party/LwIP/src/core/pbuf.c **** 
 530:Middlewares/Third_Party/LwIP/src/core/pbuf.c **** /**
 531:Middlewares/Third_Party/LwIP/src/core/pbuf.c ****  * Adjusts the payload pointer to reveal headers in the payload.
 532:Middlewares/Third_Party/LwIP/src/core/pbuf.c ****  *
 533:Middlewares/Third_Party/LwIP/src/core/pbuf.c ****  * Adjusts the ->payload pointer so that space for a header
 534:Middlewares/Third_Party/LwIP/src/core/pbuf.c ****  * appears in the pbuf payload.
 535:Middlewares/Third_Party/LwIP/src/core/pbuf.c ****  *
 536:Middlewares/Third_Party/LwIP/src/core/pbuf.c ****  * The ->payload, ->tot_len and ->len fields are adjusted.
 537:Middlewares/Third_Party/LwIP/src/core/pbuf.c ****  *
 538:Middlewares/Third_Party/LwIP/src/core/pbuf.c ****  * @param p pbuf to change the header size.
 539:Middlewares/Third_Party/LwIP/src/core/pbuf.c ****  * @param header_size_increment Number of bytes to increment header size which
 540:Middlewares/Third_Party/LwIP/src/core/pbuf.c ****  *          increases the size of the pbuf. New space is on the front.
 541:Middlewares/Third_Party/LwIP/src/core/pbuf.c ****  *          If header_size_increment is 0, this function does nothing and returns successful.
ARM GAS  /tmp/ccCCDAAl.s 			page 12


 542:Middlewares/Third_Party/LwIP/src/core/pbuf.c ****  *
 543:Middlewares/Third_Party/LwIP/src/core/pbuf.c ****  * PBUF_ROM and PBUF_REF type buffers cannot have their sizes increased, so
 544:Middlewares/Third_Party/LwIP/src/core/pbuf.c ****  * the call will fail. A check is made that the increase in header size does
 545:Middlewares/Third_Party/LwIP/src/core/pbuf.c ****  * not move the payload pointer in front of the start of the buffer.
 546:Middlewares/Third_Party/LwIP/src/core/pbuf.c ****  *
 547:Middlewares/Third_Party/LwIP/src/core/pbuf.c ****  * @return non-zero on failure, zero on success.
 548:Middlewares/Third_Party/LwIP/src/core/pbuf.c ****  *
 549:Middlewares/Third_Party/LwIP/src/core/pbuf.c ****  */
 550:Middlewares/Third_Party/LwIP/src/core/pbuf.c **** u8_t
 551:Middlewares/Third_Party/LwIP/src/core/pbuf.c **** pbuf_add_header(struct pbuf *p, size_t header_size_increment)
 552:Middlewares/Third_Party/LwIP/src/core/pbuf.c **** {
 553:Middlewares/Third_Party/LwIP/src/core/pbuf.c ****   return pbuf_add_header_impl(p, header_size_increment, 0);
 554:Middlewares/Third_Party/LwIP/src/core/pbuf.c **** }
 555:Middlewares/Third_Party/LwIP/src/core/pbuf.c **** 
 556:Middlewares/Third_Party/LwIP/src/core/pbuf.c **** /**
 557:Middlewares/Third_Party/LwIP/src/core/pbuf.c ****  * Same as @ref pbuf_add_header but does not check if 'header_size > 0' is allowed.
 558:Middlewares/Third_Party/LwIP/src/core/pbuf.c ****  * This is used internally only, to allow PBUF_REF for RX.
 559:Middlewares/Third_Party/LwIP/src/core/pbuf.c ****  */
 560:Middlewares/Third_Party/LwIP/src/core/pbuf.c **** u8_t
 561:Middlewares/Third_Party/LwIP/src/core/pbuf.c **** pbuf_add_header_force(struct pbuf *p, size_t header_size_increment)
 562:Middlewares/Third_Party/LwIP/src/core/pbuf.c **** {
 563:Middlewares/Third_Party/LwIP/src/core/pbuf.c ****   return pbuf_add_header_impl(p, header_size_increment, 1);
 564:Middlewares/Third_Party/LwIP/src/core/pbuf.c **** }
 565:Middlewares/Third_Party/LwIP/src/core/pbuf.c **** 
 566:Middlewares/Third_Party/LwIP/src/core/pbuf.c **** /**
 567:Middlewares/Third_Party/LwIP/src/core/pbuf.c ****  * Adjusts the payload pointer to hide headers in the payload.
 568:Middlewares/Third_Party/LwIP/src/core/pbuf.c ****  *
 569:Middlewares/Third_Party/LwIP/src/core/pbuf.c ****  * Adjusts the ->payload pointer so that space for a header
 570:Middlewares/Third_Party/LwIP/src/core/pbuf.c ****  * disappears in the pbuf payload.
 571:Middlewares/Third_Party/LwIP/src/core/pbuf.c ****  *
 572:Middlewares/Third_Party/LwIP/src/core/pbuf.c ****  * The ->payload, ->tot_len and ->len fields are adjusted.
 573:Middlewares/Third_Party/LwIP/src/core/pbuf.c ****  *
 574:Middlewares/Third_Party/LwIP/src/core/pbuf.c ****  * @param p pbuf to change the header size.
 575:Middlewares/Third_Party/LwIP/src/core/pbuf.c ****  * @param header_size_decrement Number of bytes to decrement header size which
 576:Middlewares/Third_Party/LwIP/src/core/pbuf.c ****  *          decreases the size of the pbuf.
 577:Middlewares/Third_Party/LwIP/src/core/pbuf.c ****  *          If header_size_decrement is 0, this function does nothing and returns successful.
 578:Middlewares/Third_Party/LwIP/src/core/pbuf.c ****  * @return non-zero on failure, zero on success.
 579:Middlewares/Third_Party/LwIP/src/core/pbuf.c ****  *
 580:Middlewares/Third_Party/LwIP/src/core/pbuf.c ****  */
 581:Middlewares/Third_Party/LwIP/src/core/pbuf.c **** u8_t
 582:Middlewares/Third_Party/LwIP/src/core/pbuf.c **** pbuf_remove_header(struct pbuf *p, size_t header_size_decrement)
 583:Middlewares/Third_Party/LwIP/src/core/pbuf.c **** {
 584:Middlewares/Third_Party/LwIP/src/core/pbuf.c ****   void *payload;
 585:Middlewares/Third_Party/LwIP/src/core/pbuf.c ****   u16_t increment_magnitude;
 586:Middlewares/Third_Party/LwIP/src/core/pbuf.c **** 
 587:Middlewares/Third_Party/LwIP/src/core/pbuf.c ****   LWIP_ASSERT("p != NULL", p != NULL);
 588:Middlewares/Third_Party/LwIP/src/core/pbuf.c ****   if ((p == NULL) || (header_size_decrement > 0xFFFF)) {
 589:Middlewares/Third_Party/LwIP/src/core/pbuf.c ****     return 1;
 590:Middlewares/Third_Party/LwIP/src/core/pbuf.c ****   }
 591:Middlewares/Third_Party/LwIP/src/core/pbuf.c ****   if (header_size_decrement == 0) {
 592:Middlewares/Third_Party/LwIP/src/core/pbuf.c ****     return 0;
 593:Middlewares/Third_Party/LwIP/src/core/pbuf.c ****   }
 594:Middlewares/Third_Party/LwIP/src/core/pbuf.c **** 
 595:Middlewares/Third_Party/LwIP/src/core/pbuf.c ****   increment_magnitude = (u16_t)header_size_decrement;
 596:Middlewares/Third_Party/LwIP/src/core/pbuf.c ****   /* Check that we aren't going to move off the end of the pbuf */
 597:Middlewares/Third_Party/LwIP/src/core/pbuf.c ****   LWIP_ERROR("increment_magnitude <= p->len", (increment_magnitude <= p->len), return 1;);
 598:Middlewares/Third_Party/LwIP/src/core/pbuf.c **** 
ARM GAS  /tmp/ccCCDAAl.s 			page 13


 599:Middlewares/Third_Party/LwIP/src/core/pbuf.c ****   /* remember current payload pointer */
 600:Middlewares/Third_Party/LwIP/src/core/pbuf.c ****   payload = p->payload;
 601:Middlewares/Third_Party/LwIP/src/core/pbuf.c ****   LWIP_UNUSED_ARG(payload); /* only used in LWIP_DEBUGF below */
 602:Middlewares/Third_Party/LwIP/src/core/pbuf.c **** 
 603:Middlewares/Third_Party/LwIP/src/core/pbuf.c ****   /* increase payload pointer (guarded by length check above) */
 604:Middlewares/Third_Party/LwIP/src/core/pbuf.c ****   p->payload = (u8_t *)p->payload + header_size_decrement;
 605:Middlewares/Third_Party/LwIP/src/core/pbuf.c ****   /* modify pbuf length fields */
 606:Middlewares/Third_Party/LwIP/src/core/pbuf.c ****   p->len = (u16_t)(p->len - increment_magnitude);
 607:Middlewares/Third_Party/LwIP/src/core/pbuf.c ****   p->tot_len = (u16_t)(p->tot_len - increment_magnitude);
 608:Middlewares/Third_Party/LwIP/src/core/pbuf.c **** 
 609:Middlewares/Third_Party/LwIP/src/core/pbuf.c ****   LWIP_DEBUGF(PBUF_DEBUG | LWIP_DBG_TRACE, ("pbuf_remove_header: old %p new %p (%"U16_F")\n",
 610:Middlewares/Third_Party/LwIP/src/core/pbuf.c ****               (void *)payload, (void *)p->payload, increment_magnitude));
 611:Middlewares/Third_Party/LwIP/src/core/pbuf.c **** 
 612:Middlewares/Third_Party/LwIP/src/core/pbuf.c ****   return 0;
 613:Middlewares/Third_Party/LwIP/src/core/pbuf.c **** }
 614:Middlewares/Third_Party/LwIP/src/core/pbuf.c **** 
 615:Middlewares/Third_Party/LwIP/src/core/pbuf.c **** static u8_t
 616:Middlewares/Third_Party/LwIP/src/core/pbuf.c **** pbuf_header_impl(struct pbuf *p, s16_t header_size_increment, u8_t force)
 617:Middlewares/Third_Party/LwIP/src/core/pbuf.c **** {
 618:Middlewares/Third_Party/LwIP/src/core/pbuf.c ****   if (header_size_increment < 0) {
 619:Middlewares/Third_Party/LwIP/src/core/pbuf.c ****     return pbuf_remove_header(p, (size_t) - header_size_increment);
 620:Middlewares/Third_Party/LwIP/src/core/pbuf.c ****   } else {
 621:Middlewares/Third_Party/LwIP/src/core/pbuf.c ****     return pbuf_add_header_impl(p, (size_t)header_size_increment, force);
 622:Middlewares/Third_Party/LwIP/src/core/pbuf.c ****   }
 623:Middlewares/Third_Party/LwIP/src/core/pbuf.c **** }
 624:Middlewares/Third_Party/LwIP/src/core/pbuf.c **** 
 625:Middlewares/Third_Party/LwIP/src/core/pbuf.c **** /**
 626:Middlewares/Third_Party/LwIP/src/core/pbuf.c ****  * Adjusts the payload pointer to hide or reveal headers in the payload.
 627:Middlewares/Third_Party/LwIP/src/core/pbuf.c ****  *
 628:Middlewares/Third_Party/LwIP/src/core/pbuf.c ****  * Adjusts the ->payload pointer so that space for a header
 629:Middlewares/Third_Party/LwIP/src/core/pbuf.c ****  * (dis)appears in the pbuf payload.
 630:Middlewares/Third_Party/LwIP/src/core/pbuf.c ****  *
 631:Middlewares/Third_Party/LwIP/src/core/pbuf.c ****  * The ->payload, ->tot_len and ->len fields are adjusted.
 632:Middlewares/Third_Party/LwIP/src/core/pbuf.c ****  *
 633:Middlewares/Third_Party/LwIP/src/core/pbuf.c ****  * @param p pbuf to change the header size.
 634:Middlewares/Third_Party/LwIP/src/core/pbuf.c ****  * @param header_size_increment Number of bytes to increment header size which
 635:Middlewares/Third_Party/LwIP/src/core/pbuf.c ****  * increases the size of the pbuf. New space is on the front.
 636:Middlewares/Third_Party/LwIP/src/core/pbuf.c ****  * (Using a negative value decreases the header size.)
 637:Middlewares/Third_Party/LwIP/src/core/pbuf.c ****  * If header_size_increment is 0, this function does nothing and returns successful.
 638:Middlewares/Third_Party/LwIP/src/core/pbuf.c ****  *
 639:Middlewares/Third_Party/LwIP/src/core/pbuf.c ****  * PBUF_ROM and PBUF_REF type buffers cannot have their sizes increased, so
 640:Middlewares/Third_Party/LwIP/src/core/pbuf.c ****  * the call will fail. A check is made that the increase in header size does
 641:Middlewares/Third_Party/LwIP/src/core/pbuf.c ****  * not move the payload pointer in front of the start of the buffer.
 642:Middlewares/Third_Party/LwIP/src/core/pbuf.c ****  * @return non-zero on failure, zero on success.
 643:Middlewares/Third_Party/LwIP/src/core/pbuf.c ****  *
 644:Middlewares/Third_Party/LwIP/src/core/pbuf.c ****  */
 645:Middlewares/Third_Party/LwIP/src/core/pbuf.c **** u8_t
 646:Middlewares/Third_Party/LwIP/src/core/pbuf.c **** pbuf_header(struct pbuf *p, s16_t header_size_increment)
 647:Middlewares/Third_Party/LwIP/src/core/pbuf.c **** {
 648:Middlewares/Third_Party/LwIP/src/core/pbuf.c ****   return pbuf_header_impl(p, header_size_increment, 0);
 649:Middlewares/Third_Party/LwIP/src/core/pbuf.c **** }
 650:Middlewares/Third_Party/LwIP/src/core/pbuf.c **** 
 651:Middlewares/Third_Party/LwIP/src/core/pbuf.c **** /**
 652:Middlewares/Third_Party/LwIP/src/core/pbuf.c ****  * Same as pbuf_header but does not check if 'header_size > 0' is allowed.
 653:Middlewares/Third_Party/LwIP/src/core/pbuf.c ****  * This is used internally only, to allow PBUF_REF for RX.
 654:Middlewares/Third_Party/LwIP/src/core/pbuf.c ****  */
 655:Middlewares/Third_Party/LwIP/src/core/pbuf.c **** u8_t
ARM GAS  /tmp/ccCCDAAl.s 			page 14


 656:Middlewares/Third_Party/LwIP/src/core/pbuf.c **** pbuf_header_force(struct pbuf *p, s16_t header_size_increment)
 657:Middlewares/Third_Party/LwIP/src/core/pbuf.c **** {
 658:Middlewares/Third_Party/LwIP/src/core/pbuf.c ****   return pbuf_header_impl(p, header_size_increment, 1);
 659:Middlewares/Third_Party/LwIP/src/core/pbuf.c **** }
 660:Middlewares/Third_Party/LwIP/src/core/pbuf.c **** 
 661:Middlewares/Third_Party/LwIP/src/core/pbuf.c **** /** Similar to pbuf_header(-size) but de-refs header pbufs for (size >= p->len)
 662:Middlewares/Third_Party/LwIP/src/core/pbuf.c ****  *
 663:Middlewares/Third_Party/LwIP/src/core/pbuf.c ****  * @param q pbufs to operate on
 664:Middlewares/Third_Party/LwIP/src/core/pbuf.c ****  * @param size The number of bytes to remove from the beginning of the pbuf list.
 665:Middlewares/Third_Party/LwIP/src/core/pbuf.c ****  *             While size >= p->len, pbufs are freed.
 666:Middlewares/Third_Party/LwIP/src/core/pbuf.c ****  *        ATTENTION: this is the opposite direction as @ref pbuf_header, but
 667:Middlewares/Third_Party/LwIP/src/core/pbuf.c ****  *                   takes an u16_t not s16_t!
 668:Middlewares/Third_Party/LwIP/src/core/pbuf.c ****  * @return the new head pbuf
 669:Middlewares/Third_Party/LwIP/src/core/pbuf.c ****  */
 670:Middlewares/Third_Party/LwIP/src/core/pbuf.c **** struct pbuf *
 671:Middlewares/Third_Party/LwIP/src/core/pbuf.c **** pbuf_free_header(struct pbuf *q, u16_t size)
 672:Middlewares/Third_Party/LwIP/src/core/pbuf.c **** {
 673:Middlewares/Third_Party/LwIP/src/core/pbuf.c ****   struct pbuf *p = q;
 674:Middlewares/Third_Party/LwIP/src/core/pbuf.c ****   u16_t free_left = size;
 675:Middlewares/Third_Party/LwIP/src/core/pbuf.c ****   while (free_left && p) {
 676:Middlewares/Third_Party/LwIP/src/core/pbuf.c ****     if (free_left >= p->len) {
 677:Middlewares/Third_Party/LwIP/src/core/pbuf.c ****       struct pbuf *f = p;
 678:Middlewares/Third_Party/LwIP/src/core/pbuf.c ****       free_left = (u16_t)(free_left - p->len);
 679:Middlewares/Third_Party/LwIP/src/core/pbuf.c ****       p = p->next;
 680:Middlewares/Third_Party/LwIP/src/core/pbuf.c ****       f->next = 0;
 681:Middlewares/Third_Party/LwIP/src/core/pbuf.c ****       pbuf_free(f);
 682:Middlewares/Third_Party/LwIP/src/core/pbuf.c ****     } else {
 683:Middlewares/Third_Party/LwIP/src/core/pbuf.c ****       pbuf_remove_header(p, free_left);
 684:Middlewares/Third_Party/LwIP/src/core/pbuf.c ****       free_left = 0;
 685:Middlewares/Third_Party/LwIP/src/core/pbuf.c ****     }
 686:Middlewares/Third_Party/LwIP/src/core/pbuf.c ****   }
 687:Middlewares/Third_Party/LwIP/src/core/pbuf.c ****   return p;
 688:Middlewares/Third_Party/LwIP/src/core/pbuf.c **** }
 689:Middlewares/Third_Party/LwIP/src/core/pbuf.c **** 
 690:Middlewares/Third_Party/LwIP/src/core/pbuf.c **** /**
 691:Middlewares/Third_Party/LwIP/src/core/pbuf.c ****  * @ingroup pbuf
 692:Middlewares/Third_Party/LwIP/src/core/pbuf.c ****  * Dereference a pbuf chain or queue and deallocate any no-longer-used
 693:Middlewares/Third_Party/LwIP/src/core/pbuf.c ****  * pbufs at the head of this chain or queue.
 694:Middlewares/Third_Party/LwIP/src/core/pbuf.c ****  *
 695:Middlewares/Third_Party/LwIP/src/core/pbuf.c ****  * Decrements the pbuf reference count. If it reaches zero, the pbuf is
 696:Middlewares/Third_Party/LwIP/src/core/pbuf.c ****  * deallocated.
 697:Middlewares/Third_Party/LwIP/src/core/pbuf.c ****  *
 698:Middlewares/Third_Party/LwIP/src/core/pbuf.c ****  * For a pbuf chain, this is repeated for each pbuf in the chain,
 699:Middlewares/Third_Party/LwIP/src/core/pbuf.c ****  * up to the first pbuf which has a non-zero reference count after
 700:Middlewares/Third_Party/LwIP/src/core/pbuf.c ****  * decrementing. So, when all reference counts are one, the whole
 701:Middlewares/Third_Party/LwIP/src/core/pbuf.c ****  * chain is free'd.
 702:Middlewares/Third_Party/LwIP/src/core/pbuf.c ****  *
 703:Middlewares/Third_Party/LwIP/src/core/pbuf.c ****  * @param p The pbuf (chain) to be dereferenced.
 704:Middlewares/Third_Party/LwIP/src/core/pbuf.c ****  *
 705:Middlewares/Third_Party/LwIP/src/core/pbuf.c ****  * @return the number of pbufs that were de-allocated
 706:Middlewares/Third_Party/LwIP/src/core/pbuf.c ****  * from the head of the chain.
 707:Middlewares/Third_Party/LwIP/src/core/pbuf.c ****  *
 708:Middlewares/Third_Party/LwIP/src/core/pbuf.c ****  * @note MUST NOT be called on a packet queue (Not verified to work yet).
 709:Middlewares/Third_Party/LwIP/src/core/pbuf.c ****  * @note the reference counter of a pbuf equals the number of pointers
 710:Middlewares/Third_Party/LwIP/src/core/pbuf.c ****  * that refer to the pbuf (or into the pbuf).
 711:Middlewares/Third_Party/LwIP/src/core/pbuf.c ****  *
 712:Middlewares/Third_Party/LwIP/src/core/pbuf.c ****  * @internal examples:
ARM GAS  /tmp/ccCCDAAl.s 			page 15


 713:Middlewares/Third_Party/LwIP/src/core/pbuf.c ****  *
 714:Middlewares/Third_Party/LwIP/src/core/pbuf.c ****  * Assuming existing chains a->b->c with the following reference
 715:Middlewares/Third_Party/LwIP/src/core/pbuf.c ****  * counts, calling pbuf_free(a) results in:
 716:Middlewares/Third_Party/LwIP/src/core/pbuf.c ****  *
 717:Middlewares/Third_Party/LwIP/src/core/pbuf.c ****  * 1->2->3 becomes ...1->3
 718:Middlewares/Third_Party/LwIP/src/core/pbuf.c ****  * 3->3->3 becomes 2->3->3
 719:Middlewares/Third_Party/LwIP/src/core/pbuf.c ****  * 1->1->2 becomes ......1
 720:Middlewares/Third_Party/LwIP/src/core/pbuf.c ****  * 2->1->1 becomes 1->1->1
 721:Middlewares/Third_Party/LwIP/src/core/pbuf.c ****  * 1->1->1 becomes .......
 722:Middlewares/Third_Party/LwIP/src/core/pbuf.c ****  *
 723:Middlewares/Third_Party/LwIP/src/core/pbuf.c ****  */
 724:Middlewares/Third_Party/LwIP/src/core/pbuf.c **** u8_t
 725:Middlewares/Third_Party/LwIP/src/core/pbuf.c **** pbuf_free(struct pbuf *p)
 726:Middlewares/Third_Party/LwIP/src/core/pbuf.c **** {
 727:Middlewares/Third_Party/LwIP/src/core/pbuf.c ****   u8_t alloc_src;
 728:Middlewares/Third_Party/LwIP/src/core/pbuf.c ****   struct pbuf *q;
 729:Middlewares/Third_Party/LwIP/src/core/pbuf.c ****   u8_t count;
 730:Middlewares/Third_Party/LwIP/src/core/pbuf.c **** 
 731:Middlewares/Third_Party/LwIP/src/core/pbuf.c ****   if (p == NULL) {
 732:Middlewares/Third_Party/LwIP/src/core/pbuf.c ****     LWIP_ASSERT("p != NULL", p != NULL);
 733:Middlewares/Third_Party/LwIP/src/core/pbuf.c ****     /* if assertions are disabled, proceed with debug output */
 734:Middlewares/Third_Party/LwIP/src/core/pbuf.c ****     LWIP_DEBUGF(PBUF_DEBUG | LWIP_DBG_LEVEL_SERIOUS,
 735:Middlewares/Third_Party/LwIP/src/core/pbuf.c ****                 ("pbuf_free(p == NULL) was called.\n"));
 736:Middlewares/Third_Party/LwIP/src/core/pbuf.c ****     return 0;
 737:Middlewares/Third_Party/LwIP/src/core/pbuf.c ****   }
 738:Middlewares/Third_Party/LwIP/src/core/pbuf.c ****   LWIP_DEBUGF(PBUF_DEBUG | LWIP_DBG_TRACE, ("pbuf_free(%p)\n", (void *)p));
 739:Middlewares/Third_Party/LwIP/src/core/pbuf.c **** 
 740:Middlewares/Third_Party/LwIP/src/core/pbuf.c ****   PERF_START;
 741:Middlewares/Third_Party/LwIP/src/core/pbuf.c **** 
 742:Middlewares/Third_Party/LwIP/src/core/pbuf.c ****   count = 0;
 743:Middlewares/Third_Party/LwIP/src/core/pbuf.c ****   /* de-allocate all consecutive pbufs from the head of the chain that
 744:Middlewares/Third_Party/LwIP/src/core/pbuf.c ****    * obtain a zero reference count after decrementing*/
 745:Middlewares/Third_Party/LwIP/src/core/pbuf.c ****   while (p != NULL) {
 746:Middlewares/Third_Party/LwIP/src/core/pbuf.c ****     LWIP_PBUF_REF_T ref;
 747:Middlewares/Third_Party/LwIP/src/core/pbuf.c ****     SYS_ARCH_DECL_PROTECT(old_level);
 748:Middlewares/Third_Party/LwIP/src/core/pbuf.c ****     /* Since decrementing ref cannot be guaranteed to be a single machine operation
 749:Middlewares/Third_Party/LwIP/src/core/pbuf.c ****      * we must protect it. We put the new ref into a local variable to prevent
 750:Middlewares/Third_Party/LwIP/src/core/pbuf.c ****      * further protection. */
 751:Middlewares/Third_Party/LwIP/src/core/pbuf.c ****     SYS_ARCH_PROTECT(old_level);
 752:Middlewares/Third_Party/LwIP/src/core/pbuf.c ****     /* all pbufs in a chain are referenced at least once */
 753:Middlewares/Third_Party/LwIP/src/core/pbuf.c ****     LWIP_ASSERT("pbuf_free: p->ref > 0", p->ref > 0);
 754:Middlewares/Third_Party/LwIP/src/core/pbuf.c ****     /* decrease reference count (number of pointers to pbuf) */
 755:Middlewares/Third_Party/LwIP/src/core/pbuf.c ****     ref = --(p->ref);
 756:Middlewares/Third_Party/LwIP/src/core/pbuf.c ****     SYS_ARCH_UNPROTECT(old_level);
 757:Middlewares/Third_Party/LwIP/src/core/pbuf.c ****     /* this pbuf is no longer referenced to? */
 758:Middlewares/Third_Party/LwIP/src/core/pbuf.c ****     if (ref == 0) {
 759:Middlewares/Third_Party/LwIP/src/core/pbuf.c ****       /* remember next pbuf in chain for next iteration */
 760:Middlewares/Third_Party/LwIP/src/core/pbuf.c ****       q = p->next;
 761:Middlewares/Third_Party/LwIP/src/core/pbuf.c ****       LWIP_DEBUGF( PBUF_DEBUG | LWIP_DBG_TRACE, ("pbuf_free: deallocating %p\n", (void *)p));
 762:Middlewares/Third_Party/LwIP/src/core/pbuf.c ****       alloc_src = pbuf_get_allocsrc(p);
 763:Middlewares/Third_Party/LwIP/src/core/pbuf.c **** #if LWIP_SUPPORT_CUSTOM_PBUF
 764:Middlewares/Third_Party/LwIP/src/core/pbuf.c ****       /* is this a custom pbuf? */
 765:Middlewares/Third_Party/LwIP/src/core/pbuf.c ****       if ((p->flags & PBUF_FLAG_IS_CUSTOM) != 0) {
 766:Middlewares/Third_Party/LwIP/src/core/pbuf.c ****         struct pbuf_custom *pc = (struct pbuf_custom *)p;
 767:Middlewares/Third_Party/LwIP/src/core/pbuf.c ****         LWIP_ASSERT("pc->custom_free_function != NULL", pc->custom_free_function != NULL);
 768:Middlewares/Third_Party/LwIP/src/core/pbuf.c ****         pc->custom_free_function(p);
 769:Middlewares/Third_Party/LwIP/src/core/pbuf.c ****       } else
ARM GAS  /tmp/ccCCDAAl.s 			page 16


 770:Middlewares/Third_Party/LwIP/src/core/pbuf.c **** #endif /* LWIP_SUPPORT_CUSTOM_PBUF */
 771:Middlewares/Third_Party/LwIP/src/core/pbuf.c ****       {
 772:Middlewares/Third_Party/LwIP/src/core/pbuf.c ****         /* is this a pbuf from the pool? */
 773:Middlewares/Third_Party/LwIP/src/core/pbuf.c ****         if (alloc_src == PBUF_TYPE_ALLOC_SRC_MASK_STD_MEMP_PBUF_POOL) {
 774:Middlewares/Third_Party/LwIP/src/core/pbuf.c ****           memp_free(MEMP_PBUF_POOL, p);
 775:Middlewares/Third_Party/LwIP/src/core/pbuf.c ****           /* is this a ROM or RAM referencing pbuf? */
 776:Middlewares/Third_Party/LwIP/src/core/pbuf.c ****         } else if (alloc_src == PBUF_TYPE_ALLOC_SRC_MASK_STD_MEMP_PBUF) {
 777:Middlewares/Third_Party/LwIP/src/core/pbuf.c ****           memp_free(MEMP_PBUF, p);
 778:Middlewares/Third_Party/LwIP/src/core/pbuf.c ****           /* type == PBUF_RAM */
 779:Middlewares/Third_Party/LwIP/src/core/pbuf.c ****         } else if (alloc_src == PBUF_TYPE_ALLOC_SRC_MASK_STD_HEAP) {
 780:Middlewares/Third_Party/LwIP/src/core/pbuf.c ****           mem_free(p);
 781:Middlewares/Third_Party/LwIP/src/core/pbuf.c ****         } else {
 782:Middlewares/Third_Party/LwIP/src/core/pbuf.c ****           /* @todo: support freeing other types */
 783:Middlewares/Third_Party/LwIP/src/core/pbuf.c ****           LWIP_ASSERT("invalid pbuf type", 0);
 784:Middlewares/Third_Party/LwIP/src/core/pbuf.c ****         }
 785:Middlewares/Third_Party/LwIP/src/core/pbuf.c ****       }
 786:Middlewares/Third_Party/LwIP/src/core/pbuf.c ****       count++;
 787:Middlewares/Third_Party/LwIP/src/core/pbuf.c ****       /* proceed to next pbuf */
 788:Middlewares/Third_Party/LwIP/src/core/pbuf.c ****       p = q;
 789:Middlewares/Third_Party/LwIP/src/core/pbuf.c ****       /* p->ref > 0, this pbuf is still referenced to */
 790:Middlewares/Third_Party/LwIP/src/core/pbuf.c ****       /* (and so the remaining pbufs in chain as well) */
 791:Middlewares/Third_Party/LwIP/src/core/pbuf.c ****     } else {
 792:Middlewares/Third_Party/LwIP/src/core/pbuf.c ****       LWIP_DEBUGF( PBUF_DEBUG | LWIP_DBG_TRACE, ("pbuf_free: %p has ref %"U16_F", ending here.\n", 
 793:Middlewares/Third_Party/LwIP/src/core/pbuf.c ****       /* stop walking through the chain */
 794:Middlewares/Third_Party/LwIP/src/core/pbuf.c ****       p = NULL;
 795:Middlewares/Third_Party/LwIP/src/core/pbuf.c ****     }
 796:Middlewares/Third_Party/LwIP/src/core/pbuf.c ****   }
 797:Middlewares/Third_Party/LwIP/src/core/pbuf.c ****   PERF_STOP("pbuf_free");
 798:Middlewares/Third_Party/LwIP/src/core/pbuf.c ****   /* return number of de-allocated pbufs */
 799:Middlewares/Third_Party/LwIP/src/core/pbuf.c ****   return count;
 800:Middlewares/Third_Party/LwIP/src/core/pbuf.c **** }
 801:Middlewares/Third_Party/LwIP/src/core/pbuf.c **** 
 802:Middlewares/Third_Party/LwIP/src/core/pbuf.c **** /**
 803:Middlewares/Third_Party/LwIP/src/core/pbuf.c ****  * Count number of pbufs in a chain
 804:Middlewares/Third_Party/LwIP/src/core/pbuf.c ****  *
 805:Middlewares/Third_Party/LwIP/src/core/pbuf.c ****  * @param p first pbuf of chain
 806:Middlewares/Third_Party/LwIP/src/core/pbuf.c ****  * @return the number of pbufs in a chain
 807:Middlewares/Third_Party/LwIP/src/core/pbuf.c ****  */
 808:Middlewares/Third_Party/LwIP/src/core/pbuf.c **** u16_t
 809:Middlewares/Third_Party/LwIP/src/core/pbuf.c **** pbuf_clen(const struct pbuf *p)
 810:Middlewares/Third_Party/LwIP/src/core/pbuf.c **** {
 811:Middlewares/Third_Party/LwIP/src/core/pbuf.c ****   u16_t len;
 812:Middlewares/Third_Party/LwIP/src/core/pbuf.c **** 
 813:Middlewares/Third_Party/LwIP/src/core/pbuf.c ****   len = 0;
 814:Middlewares/Third_Party/LwIP/src/core/pbuf.c ****   while (p != NULL) {
 815:Middlewares/Third_Party/LwIP/src/core/pbuf.c ****     ++len;
 816:Middlewares/Third_Party/LwIP/src/core/pbuf.c ****     p = p->next;
 817:Middlewares/Third_Party/LwIP/src/core/pbuf.c ****   }
 818:Middlewares/Third_Party/LwIP/src/core/pbuf.c ****   return len;
 819:Middlewares/Third_Party/LwIP/src/core/pbuf.c **** }
 820:Middlewares/Third_Party/LwIP/src/core/pbuf.c **** 
 821:Middlewares/Third_Party/LwIP/src/core/pbuf.c **** /**
 822:Middlewares/Third_Party/LwIP/src/core/pbuf.c ****  * @ingroup pbuf
 823:Middlewares/Third_Party/LwIP/src/core/pbuf.c ****  * Increment the reference count of the pbuf.
 824:Middlewares/Third_Party/LwIP/src/core/pbuf.c ****  *
 825:Middlewares/Third_Party/LwIP/src/core/pbuf.c ****  * @param p pbuf to increase reference counter of
 826:Middlewares/Third_Party/LwIP/src/core/pbuf.c ****  *
ARM GAS  /tmp/ccCCDAAl.s 			page 17


 827:Middlewares/Third_Party/LwIP/src/core/pbuf.c ****  */
 828:Middlewares/Third_Party/LwIP/src/core/pbuf.c **** void
 829:Middlewares/Third_Party/LwIP/src/core/pbuf.c **** pbuf_ref(struct pbuf *p)
 830:Middlewares/Third_Party/LwIP/src/core/pbuf.c **** {
 831:Middlewares/Third_Party/LwIP/src/core/pbuf.c ****   /* pbuf given? */
 832:Middlewares/Third_Party/LwIP/src/core/pbuf.c ****   if (p != NULL) {
 833:Middlewares/Third_Party/LwIP/src/core/pbuf.c ****     SYS_ARCH_SET(p->ref, (LWIP_PBUF_REF_T)(p->ref + 1));
 834:Middlewares/Third_Party/LwIP/src/core/pbuf.c ****     LWIP_ASSERT("pbuf ref overflow", p->ref > 0);
 835:Middlewares/Third_Party/LwIP/src/core/pbuf.c ****   }
 836:Middlewares/Third_Party/LwIP/src/core/pbuf.c **** }
 837:Middlewares/Third_Party/LwIP/src/core/pbuf.c **** 
 838:Middlewares/Third_Party/LwIP/src/core/pbuf.c **** /**
 839:Middlewares/Third_Party/LwIP/src/core/pbuf.c ****  * @ingroup pbuf
 840:Middlewares/Third_Party/LwIP/src/core/pbuf.c ****  * Concatenate two pbufs (each may be a pbuf chain) and take over
 841:Middlewares/Third_Party/LwIP/src/core/pbuf.c ****  * the caller's reference of the tail pbuf.
 842:Middlewares/Third_Party/LwIP/src/core/pbuf.c ****  *
 843:Middlewares/Third_Party/LwIP/src/core/pbuf.c ****  * @note The caller MAY NOT reference the tail pbuf afterwards.
 844:Middlewares/Third_Party/LwIP/src/core/pbuf.c ****  * Use pbuf_chain() for that purpose.
 845:Middlewares/Third_Party/LwIP/src/core/pbuf.c ****  *
 846:Middlewares/Third_Party/LwIP/src/core/pbuf.c ****  * This function explicitly does not check for tot_len overflow to prevent
 847:Middlewares/Third_Party/LwIP/src/core/pbuf.c ****  * failing to queue too long pbufs. This can produce invalid pbufs, so
 848:Middlewares/Third_Party/LwIP/src/core/pbuf.c ****  * handle with care!
 849:Middlewares/Third_Party/LwIP/src/core/pbuf.c ****  *
 850:Middlewares/Third_Party/LwIP/src/core/pbuf.c ****  * @see pbuf_chain()
 851:Middlewares/Third_Party/LwIP/src/core/pbuf.c ****  */
 852:Middlewares/Third_Party/LwIP/src/core/pbuf.c **** void
 853:Middlewares/Third_Party/LwIP/src/core/pbuf.c **** pbuf_cat(struct pbuf *h, struct pbuf *t)
 854:Middlewares/Third_Party/LwIP/src/core/pbuf.c **** {
 855:Middlewares/Third_Party/LwIP/src/core/pbuf.c ****   struct pbuf *p;
 856:Middlewares/Third_Party/LwIP/src/core/pbuf.c **** 
 857:Middlewares/Third_Party/LwIP/src/core/pbuf.c ****   LWIP_ERROR("(h != NULL) && (t != NULL) (programmer violates API)",
 858:Middlewares/Third_Party/LwIP/src/core/pbuf.c ****              ((h != NULL) && (t != NULL)), return;);
 859:Middlewares/Third_Party/LwIP/src/core/pbuf.c **** 
 860:Middlewares/Third_Party/LwIP/src/core/pbuf.c ****   /* proceed to last pbuf of chain */
 861:Middlewares/Third_Party/LwIP/src/core/pbuf.c ****   for (p = h; p->next != NULL; p = p->next) {
 862:Middlewares/Third_Party/LwIP/src/core/pbuf.c ****     /* add total length of second chain to all totals of first chain */
 863:Middlewares/Third_Party/LwIP/src/core/pbuf.c ****     p->tot_len = (u16_t)(p->tot_len + t->tot_len);
 864:Middlewares/Third_Party/LwIP/src/core/pbuf.c ****   }
 865:Middlewares/Third_Party/LwIP/src/core/pbuf.c ****   /* { p is last pbuf of first h chain, p->next == NULL } */
 866:Middlewares/Third_Party/LwIP/src/core/pbuf.c ****   LWIP_ASSERT("p->tot_len == p->len (of last pbuf in chain)", p->tot_len == p->len);
 867:Middlewares/Third_Party/LwIP/src/core/pbuf.c ****   LWIP_ASSERT("p->next == NULL", p->next == NULL);
 868:Middlewares/Third_Party/LwIP/src/core/pbuf.c ****   /* add total length of second chain to last pbuf total of first chain */
 869:Middlewares/Third_Party/LwIP/src/core/pbuf.c ****   p->tot_len = (u16_t)(p->tot_len + t->tot_len);
 870:Middlewares/Third_Party/LwIP/src/core/pbuf.c ****   /* chain last pbuf of head (p) with first of tail (t) */
 871:Middlewares/Third_Party/LwIP/src/core/pbuf.c ****   p->next = t;
 872:Middlewares/Third_Party/LwIP/src/core/pbuf.c ****   /* p->next now references t, but the caller will drop its reference to t,
 873:Middlewares/Third_Party/LwIP/src/core/pbuf.c ****    * so netto there is no change to the reference count of t.
 874:Middlewares/Third_Party/LwIP/src/core/pbuf.c ****    */
 875:Middlewares/Third_Party/LwIP/src/core/pbuf.c **** }
 876:Middlewares/Third_Party/LwIP/src/core/pbuf.c **** 
 877:Middlewares/Third_Party/LwIP/src/core/pbuf.c **** /**
 878:Middlewares/Third_Party/LwIP/src/core/pbuf.c ****  * @ingroup pbuf
 879:Middlewares/Third_Party/LwIP/src/core/pbuf.c ****  * Chain two pbufs (or pbuf chains) together.
 880:Middlewares/Third_Party/LwIP/src/core/pbuf.c ****  *
 881:Middlewares/Third_Party/LwIP/src/core/pbuf.c ****  * The caller MUST call pbuf_free(t) once it has stopped
 882:Middlewares/Third_Party/LwIP/src/core/pbuf.c ****  * using it. Use pbuf_cat() instead if you no longer use t.
 883:Middlewares/Third_Party/LwIP/src/core/pbuf.c ****  *
ARM GAS  /tmp/ccCCDAAl.s 			page 18


 884:Middlewares/Third_Party/LwIP/src/core/pbuf.c ****  * @param h head pbuf (chain)
 885:Middlewares/Third_Party/LwIP/src/core/pbuf.c ****  * @param t tail pbuf (chain)
 886:Middlewares/Third_Party/LwIP/src/core/pbuf.c ****  * @note The pbufs MUST belong to the same packet.
 887:Middlewares/Third_Party/LwIP/src/core/pbuf.c ****  * @note MAY NOT be called on a packet queue.
 888:Middlewares/Third_Party/LwIP/src/core/pbuf.c ****  *
 889:Middlewares/Third_Party/LwIP/src/core/pbuf.c ****  * The ->tot_len fields of all pbufs of the head chain are adjusted.
 890:Middlewares/Third_Party/LwIP/src/core/pbuf.c ****  * The ->next field of the last pbuf of the head chain is adjusted.
 891:Middlewares/Third_Party/LwIP/src/core/pbuf.c ****  * The ->ref field of the first pbuf of the tail chain is adjusted.
 892:Middlewares/Third_Party/LwIP/src/core/pbuf.c ****  *
 893:Middlewares/Third_Party/LwIP/src/core/pbuf.c ****  */
 894:Middlewares/Third_Party/LwIP/src/core/pbuf.c **** void
 895:Middlewares/Third_Party/LwIP/src/core/pbuf.c **** pbuf_chain(struct pbuf *h, struct pbuf *t)
 896:Middlewares/Third_Party/LwIP/src/core/pbuf.c **** {
 897:Middlewares/Third_Party/LwIP/src/core/pbuf.c ****   pbuf_cat(h, t);
 898:Middlewares/Third_Party/LwIP/src/core/pbuf.c ****   /* t is now referenced by h */
 899:Middlewares/Third_Party/LwIP/src/core/pbuf.c ****   pbuf_ref(t);
 900:Middlewares/Third_Party/LwIP/src/core/pbuf.c ****   LWIP_DEBUGF(PBUF_DEBUG | LWIP_DBG_TRACE, ("pbuf_chain: %p references %p\n", (void *)h, (void *)t)
 901:Middlewares/Third_Party/LwIP/src/core/pbuf.c **** }
 902:Middlewares/Third_Party/LwIP/src/core/pbuf.c **** 
 903:Middlewares/Third_Party/LwIP/src/core/pbuf.c **** /**
 904:Middlewares/Third_Party/LwIP/src/core/pbuf.c ****  * Dechains the first pbuf from its succeeding pbufs in the chain.
 905:Middlewares/Third_Party/LwIP/src/core/pbuf.c ****  *
 906:Middlewares/Third_Party/LwIP/src/core/pbuf.c ****  * Makes p->tot_len field equal to p->len.
 907:Middlewares/Third_Party/LwIP/src/core/pbuf.c ****  * @param p pbuf to dechain
 908:Middlewares/Third_Party/LwIP/src/core/pbuf.c ****  * @return remainder of the pbuf chain, or NULL if it was de-allocated.
 909:Middlewares/Third_Party/LwIP/src/core/pbuf.c ****  * @note May not be called on a packet queue.
 910:Middlewares/Third_Party/LwIP/src/core/pbuf.c ****  */
 911:Middlewares/Third_Party/LwIP/src/core/pbuf.c **** struct pbuf *
 912:Middlewares/Third_Party/LwIP/src/core/pbuf.c **** pbuf_dechain(struct pbuf *p)
 913:Middlewares/Third_Party/LwIP/src/core/pbuf.c **** {
 914:Middlewares/Third_Party/LwIP/src/core/pbuf.c ****   struct pbuf *q;
 915:Middlewares/Third_Party/LwIP/src/core/pbuf.c ****   u8_t tail_gone = 1;
 916:Middlewares/Third_Party/LwIP/src/core/pbuf.c ****   /* tail */
 917:Middlewares/Third_Party/LwIP/src/core/pbuf.c ****   q = p->next;
 918:Middlewares/Third_Party/LwIP/src/core/pbuf.c ****   /* pbuf has successor in chain? */
 919:Middlewares/Third_Party/LwIP/src/core/pbuf.c ****   if (q != NULL) {
 920:Middlewares/Third_Party/LwIP/src/core/pbuf.c ****     /* assert tot_len invariant: (p->tot_len == p->len + (p->next? p->next->tot_len: 0) */
 921:Middlewares/Third_Party/LwIP/src/core/pbuf.c ****     LWIP_ASSERT("p->tot_len == p->len + q->tot_len", q->tot_len == p->tot_len - p->len);
 922:Middlewares/Third_Party/LwIP/src/core/pbuf.c ****     /* enforce invariant if assertion is disabled */
 923:Middlewares/Third_Party/LwIP/src/core/pbuf.c ****     q->tot_len = (u16_t)(p->tot_len - p->len);
 924:Middlewares/Third_Party/LwIP/src/core/pbuf.c ****     /* decouple pbuf from remainder */
 925:Middlewares/Third_Party/LwIP/src/core/pbuf.c ****     p->next = NULL;
 926:Middlewares/Third_Party/LwIP/src/core/pbuf.c ****     /* total length of pbuf p is its own length only */
 927:Middlewares/Third_Party/LwIP/src/core/pbuf.c ****     p->tot_len = p->len;
 928:Middlewares/Third_Party/LwIP/src/core/pbuf.c ****     /* q is no longer referenced by p, free it */
 929:Middlewares/Third_Party/LwIP/src/core/pbuf.c ****     LWIP_DEBUGF(PBUF_DEBUG | LWIP_DBG_TRACE, ("pbuf_dechain: unreferencing %p\n", (void *)q));
 930:Middlewares/Third_Party/LwIP/src/core/pbuf.c ****     tail_gone = pbuf_free(q);
 931:Middlewares/Third_Party/LwIP/src/core/pbuf.c ****     if (tail_gone > 0) {
 932:Middlewares/Third_Party/LwIP/src/core/pbuf.c ****       LWIP_DEBUGF(PBUF_DEBUG | LWIP_DBG_TRACE,
 933:Middlewares/Third_Party/LwIP/src/core/pbuf.c ****                   ("pbuf_dechain: deallocated %p (as it is no longer referenced)\n", (void *)q));
 934:Middlewares/Third_Party/LwIP/src/core/pbuf.c ****     }
 935:Middlewares/Third_Party/LwIP/src/core/pbuf.c ****     /* return remaining tail or NULL if deallocated */
 936:Middlewares/Third_Party/LwIP/src/core/pbuf.c ****   }
 937:Middlewares/Third_Party/LwIP/src/core/pbuf.c ****   /* assert tot_len invariant: (p->tot_len == p->len + (p->next? p->next->tot_len: 0) */
 938:Middlewares/Third_Party/LwIP/src/core/pbuf.c ****   LWIP_ASSERT("p->tot_len == p->len", p->tot_len == p->len);
 939:Middlewares/Third_Party/LwIP/src/core/pbuf.c ****   return ((tail_gone > 0) ? NULL : q);
 940:Middlewares/Third_Party/LwIP/src/core/pbuf.c **** }
ARM GAS  /tmp/ccCCDAAl.s 			page 19


 941:Middlewares/Third_Party/LwIP/src/core/pbuf.c **** 
 942:Middlewares/Third_Party/LwIP/src/core/pbuf.c **** /**
 943:Middlewares/Third_Party/LwIP/src/core/pbuf.c ****  * @ingroup pbuf
 944:Middlewares/Third_Party/LwIP/src/core/pbuf.c ****  * Create PBUF_RAM copies of pbufs.
 945:Middlewares/Third_Party/LwIP/src/core/pbuf.c ****  *
 946:Middlewares/Third_Party/LwIP/src/core/pbuf.c ****  * Used to queue packets on behalf of the lwIP stack, such as
 947:Middlewares/Third_Party/LwIP/src/core/pbuf.c ****  * ARP based queueing.
 948:Middlewares/Third_Party/LwIP/src/core/pbuf.c ****  *
 949:Middlewares/Third_Party/LwIP/src/core/pbuf.c ****  * @note You MUST explicitly use p = pbuf_take(p);
 950:Middlewares/Third_Party/LwIP/src/core/pbuf.c ****  *
 951:Middlewares/Third_Party/LwIP/src/core/pbuf.c ****  * @note Only one packet is copied, no packet queue!
 952:Middlewares/Third_Party/LwIP/src/core/pbuf.c ****  *
 953:Middlewares/Third_Party/LwIP/src/core/pbuf.c ****  * @param p_to pbuf destination of the copy
 954:Middlewares/Third_Party/LwIP/src/core/pbuf.c ****  * @param p_from pbuf source of the copy
 955:Middlewares/Third_Party/LwIP/src/core/pbuf.c ****  *
 956:Middlewares/Third_Party/LwIP/src/core/pbuf.c ****  * @return ERR_OK if pbuf was copied
 957:Middlewares/Third_Party/LwIP/src/core/pbuf.c ****  *         ERR_ARG if one of the pbufs is NULL or p_to is not big
 958:Middlewares/Third_Party/LwIP/src/core/pbuf.c ****  *                 enough to hold p_from
 959:Middlewares/Third_Party/LwIP/src/core/pbuf.c ****  */
 960:Middlewares/Third_Party/LwIP/src/core/pbuf.c **** err_t
 961:Middlewares/Third_Party/LwIP/src/core/pbuf.c **** pbuf_copy(struct pbuf *p_to, const struct pbuf *p_from)
 962:Middlewares/Third_Party/LwIP/src/core/pbuf.c **** {
 963:Middlewares/Third_Party/LwIP/src/core/pbuf.c ****   size_t offset_to = 0, offset_from = 0, len;
 964:Middlewares/Third_Party/LwIP/src/core/pbuf.c **** 
 965:Middlewares/Third_Party/LwIP/src/core/pbuf.c ****   LWIP_DEBUGF(PBUF_DEBUG | LWIP_DBG_TRACE, ("pbuf_copy(%p, %p)\n",
 966:Middlewares/Third_Party/LwIP/src/core/pbuf.c ****               (const void *)p_to, (const void *)p_from));
 967:Middlewares/Third_Party/LwIP/src/core/pbuf.c **** 
 968:Middlewares/Third_Party/LwIP/src/core/pbuf.c ****   /* is the target big enough to hold the source? */
 969:Middlewares/Third_Party/LwIP/src/core/pbuf.c ****   LWIP_ERROR("pbuf_copy: target not big enough to hold source", ((p_to != NULL) &&
 970:Middlewares/Third_Party/LwIP/src/core/pbuf.c ****              (p_from != NULL) && (p_to->tot_len >= p_from->tot_len)), return ERR_ARG;);
 971:Middlewares/Third_Party/LwIP/src/core/pbuf.c **** 
 972:Middlewares/Third_Party/LwIP/src/core/pbuf.c ****   /* iterate through pbuf chain */
 973:Middlewares/Third_Party/LwIP/src/core/pbuf.c ****   do {
 974:Middlewares/Third_Party/LwIP/src/core/pbuf.c ****     /* copy one part of the original chain */
 975:Middlewares/Third_Party/LwIP/src/core/pbuf.c ****     if ((p_to->len - offset_to) >= (p_from->len - offset_from)) {
 976:Middlewares/Third_Party/LwIP/src/core/pbuf.c ****       /* complete current p_from fits into current p_to */
 977:Middlewares/Third_Party/LwIP/src/core/pbuf.c ****       len = p_from->len - offset_from;
 978:Middlewares/Third_Party/LwIP/src/core/pbuf.c ****     } else {
 979:Middlewares/Third_Party/LwIP/src/core/pbuf.c ****       /* current p_from does not fit into current p_to */
 980:Middlewares/Third_Party/LwIP/src/core/pbuf.c ****       len = p_to->len - offset_to;
 981:Middlewares/Third_Party/LwIP/src/core/pbuf.c ****     }
 982:Middlewares/Third_Party/LwIP/src/core/pbuf.c ****     MEMCPY((u8_t *)p_to->payload + offset_to, (u8_t *)p_from->payload + offset_from, len);
 983:Middlewares/Third_Party/LwIP/src/core/pbuf.c ****     offset_to += len;
 984:Middlewares/Third_Party/LwIP/src/core/pbuf.c ****     offset_from += len;
 985:Middlewares/Third_Party/LwIP/src/core/pbuf.c ****     LWIP_ASSERT("offset_to <= p_to->len", offset_to <= p_to->len);
 986:Middlewares/Third_Party/LwIP/src/core/pbuf.c ****     LWIP_ASSERT("offset_from <= p_from->len", offset_from <= p_from->len);
 987:Middlewares/Third_Party/LwIP/src/core/pbuf.c ****     if (offset_from >= p_from->len) {
 988:Middlewares/Third_Party/LwIP/src/core/pbuf.c ****       /* on to next p_from (if any) */
 989:Middlewares/Third_Party/LwIP/src/core/pbuf.c ****       offset_from = 0;
 990:Middlewares/Third_Party/LwIP/src/core/pbuf.c ****       p_from = p_from->next;
 991:Middlewares/Third_Party/LwIP/src/core/pbuf.c ****     }
 992:Middlewares/Third_Party/LwIP/src/core/pbuf.c ****     if (offset_to == p_to->len) {
 993:Middlewares/Third_Party/LwIP/src/core/pbuf.c ****       /* on to next p_to (if any) */
 994:Middlewares/Third_Party/LwIP/src/core/pbuf.c ****       offset_to = 0;
 995:Middlewares/Third_Party/LwIP/src/core/pbuf.c ****       p_to = p_to->next;
 996:Middlewares/Third_Party/LwIP/src/core/pbuf.c ****       LWIP_ERROR("p_to != NULL", (p_to != NULL) || (p_from == NULL), return ERR_ARG;);
 997:Middlewares/Third_Party/LwIP/src/core/pbuf.c ****     }
ARM GAS  /tmp/ccCCDAAl.s 			page 20


 998:Middlewares/Third_Party/LwIP/src/core/pbuf.c **** 
 999:Middlewares/Third_Party/LwIP/src/core/pbuf.c ****     if ((p_from != NULL) && (p_from->len == p_from->tot_len)) {
1000:Middlewares/Third_Party/LwIP/src/core/pbuf.c ****       /* don't copy more than one packet! */
1001:Middlewares/Third_Party/LwIP/src/core/pbuf.c ****       LWIP_ERROR("pbuf_copy() does not allow packet queues!",
1002:Middlewares/Third_Party/LwIP/src/core/pbuf.c ****                  (p_from->next == NULL), return ERR_VAL;);
1003:Middlewares/Third_Party/LwIP/src/core/pbuf.c ****     }
1004:Middlewares/Third_Party/LwIP/src/core/pbuf.c ****     if ((p_to != NULL) && (p_to->len == p_to->tot_len)) {
1005:Middlewares/Third_Party/LwIP/src/core/pbuf.c ****       /* don't copy more than one packet! */
1006:Middlewares/Third_Party/LwIP/src/core/pbuf.c ****       LWIP_ERROR("pbuf_copy() does not allow packet queues!",
1007:Middlewares/Third_Party/LwIP/src/core/pbuf.c ****                  (p_to->next == NULL), return ERR_VAL;);
1008:Middlewares/Third_Party/LwIP/src/core/pbuf.c ****     }
1009:Middlewares/Third_Party/LwIP/src/core/pbuf.c ****   } while (p_from);
1010:Middlewares/Third_Party/LwIP/src/core/pbuf.c ****   LWIP_DEBUGF(PBUF_DEBUG | LWIP_DBG_TRACE, ("pbuf_copy: end of chain reached.\n"));
1011:Middlewares/Third_Party/LwIP/src/core/pbuf.c ****   return ERR_OK;
1012:Middlewares/Third_Party/LwIP/src/core/pbuf.c **** }
1013:Middlewares/Third_Party/LwIP/src/core/pbuf.c **** 
1014:Middlewares/Third_Party/LwIP/src/core/pbuf.c **** /**
1015:Middlewares/Third_Party/LwIP/src/core/pbuf.c ****  * @ingroup pbuf
1016:Middlewares/Third_Party/LwIP/src/core/pbuf.c ****  * Copy (part of) the contents of a packet buffer
1017:Middlewares/Third_Party/LwIP/src/core/pbuf.c ****  * to an application supplied buffer.
1018:Middlewares/Third_Party/LwIP/src/core/pbuf.c ****  *
1019:Middlewares/Third_Party/LwIP/src/core/pbuf.c ****  * @param buf the pbuf from which to copy data
1020:Middlewares/Third_Party/LwIP/src/core/pbuf.c ****  * @param dataptr the application supplied buffer
1021:Middlewares/Third_Party/LwIP/src/core/pbuf.c ****  * @param len length of data to copy (dataptr must be big enough). No more
1022:Middlewares/Third_Party/LwIP/src/core/pbuf.c ****  * than buf->tot_len will be copied, irrespective of len
1023:Middlewares/Third_Party/LwIP/src/core/pbuf.c ****  * @param offset offset into the packet buffer from where to begin copying len bytes
1024:Middlewares/Third_Party/LwIP/src/core/pbuf.c ****  * @return the number of bytes copied, or 0 on failure
1025:Middlewares/Third_Party/LwIP/src/core/pbuf.c ****  */
1026:Middlewares/Third_Party/LwIP/src/core/pbuf.c **** u16_t
1027:Middlewares/Third_Party/LwIP/src/core/pbuf.c **** pbuf_copy_partial(const struct pbuf *buf, void *dataptr, u16_t len, u16_t offset)
1028:Middlewares/Third_Party/LwIP/src/core/pbuf.c **** {
1029:Middlewares/Third_Party/LwIP/src/core/pbuf.c ****   const struct pbuf *p;
1030:Middlewares/Third_Party/LwIP/src/core/pbuf.c ****   u16_t left = 0;
1031:Middlewares/Third_Party/LwIP/src/core/pbuf.c ****   u16_t buf_copy_len;
1032:Middlewares/Third_Party/LwIP/src/core/pbuf.c ****   u16_t copied_total = 0;
1033:Middlewares/Third_Party/LwIP/src/core/pbuf.c **** 
1034:Middlewares/Third_Party/LwIP/src/core/pbuf.c ****   LWIP_ERROR("pbuf_copy_partial: invalid buf", (buf != NULL), return 0;);
1035:Middlewares/Third_Party/LwIP/src/core/pbuf.c ****   LWIP_ERROR("pbuf_copy_partial: invalid dataptr", (dataptr != NULL), return 0;);
1036:Middlewares/Third_Party/LwIP/src/core/pbuf.c **** 
1037:Middlewares/Third_Party/LwIP/src/core/pbuf.c ****   /* Note some systems use byte copy if dataptr or one of the pbuf payload pointers are unaligned. 
1038:Middlewares/Third_Party/LwIP/src/core/pbuf.c ****   for (p = buf; len != 0 && p != NULL; p = p->next) {
1039:Middlewares/Third_Party/LwIP/src/core/pbuf.c ****     if ((offset != 0) && (offset >= p->len)) {
1040:Middlewares/Third_Party/LwIP/src/core/pbuf.c ****       /* don't copy from this buffer -> on to the next */
1041:Middlewares/Third_Party/LwIP/src/core/pbuf.c ****       offset = (u16_t)(offset - p->len);
1042:Middlewares/Third_Party/LwIP/src/core/pbuf.c ****     } else {
1043:Middlewares/Third_Party/LwIP/src/core/pbuf.c ****       /* copy from this buffer. maybe only partially. */
1044:Middlewares/Third_Party/LwIP/src/core/pbuf.c ****       buf_copy_len = (u16_t)(p->len - offset);
1045:Middlewares/Third_Party/LwIP/src/core/pbuf.c ****       if (buf_copy_len > len) {
1046:Middlewares/Third_Party/LwIP/src/core/pbuf.c ****         buf_copy_len = len;
1047:Middlewares/Third_Party/LwIP/src/core/pbuf.c ****       }
1048:Middlewares/Third_Party/LwIP/src/core/pbuf.c ****       /* copy the necessary parts of the buffer */
1049:Middlewares/Third_Party/LwIP/src/core/pbuf.c ****       MEMCPY(&((char *)dataptr)[left], &((char *)p->payload)[offset], buf_copy_len);
1050:Middlewares/Third_Party/LwIP/src/core/pbuf.c ****       copied_total = (u16_t)(copied_total + buf_copy_len);
1051:Middlewares/Third_Party/LwIP/src/core/pbuf.c ****       left = (u16_t)(left + buf_copy_len);
1052:Middlewares/Third_Party/LwIP/src/core/pbuf.c ****       len = (u16_t)(len - buf_copy_len);
1053:Middlewares/Third_Party/LwIP/src/core/pbuf.c ****       offset = 0;
1054:Middlewares/Third_Party/LwIP/src/core/pbuf.c ****     }
ARM GAS  /tmp/ccCCDAAl.s 			page 21


1055:Middlewares/Third_Party/LwIP/src/core/pbuf.c ****   }
1056:Middlewares/Third_Party/LwIP/src/core/pbuf.c ****   return copied_total;
1057:Middlewares/Third_Party/LwIP/src/core/pbuf.c **** }
1058:Middlewares/Third_Party/LwIP/src/core/pbuf.c **** 
1059:Middlewares/Third_Party/LwIP/src/core/pbuf.c **** /**
1060:Middlewares/Third_Party/LwIP/src/core/pbuf.c ****  * @ingroup pbuf
1061:Middlewares/Third_Party/LwIP/src/core/pbuf.c ****  * Get part of a pbuf's payload as contiguous memory. The returned memory is
1062:Middlewares/Third_Party/LwIP/src/core/pbuf.c ****  * either a pointer into the pbuf's payload or, if split over multiple pbufs,
1063:Middlewares/Third_Party/LwIP/src/core/pbuf.c ****  * a copy into the user-supplied buffer.
1064:Middlewares/Third_Party/LwIP/src/core/pbuf.c ****  *
1065:Middlewares/Third_Party/LwIP/src/core/pbuf.c ****  * @param p the pbuf from which to copy data
1066:Middlewares/Third_Party/LwIP/src/core/pbuf.c ****  * @param buffer the application supplied buffer
1067:Middlewares/Third_Party/LwIP/src/core/pbuf.c ****  * @param bufsize size of the application supplied buffer
1068:Middlewares/Third_Party/LwIP/src/core/pbuf.c ****  * @param len length of data to copy (dataptr must be big enough). No more
1069:Middlewares/Third_Party/LwIP/src/core/pbuf.c ****  * than buf->tot_len will be copied, irrespective of len
1070:Middlewares/Third_Party/LwIP/src/core/pbuf.c ****  * @param offset offset into the packet buffer from where to begin copying len bytes
1071:Middlewares/Third_Party/LwIP/src/core/pbuf.c ****  * @return the number of bytes copied, or 0 on failure
1072:Middlewares/Third_Party/LwIP/src/core/pbuf.c ****  */
1073:Middlewares/Third_Party/LwIP/src/core/pbuf.c **** void *
1074:Middlewares/Third_Party/LwIP/src/core/pbuf.c **** pbuf_get_contiguous(const struct pbuf *p, void *buffer, size_t bufsize, u16_t len, u16_t offset)
1075:Middlewares/Third_Party/LwIP/src/core/pbuf.c **** {
1076:Middlewares/Third_Party/LwIP/src/core/pbuf.c ****   const struct pbuf *q;
1077:Middlewares/Third_Party/LwIP/src/core/pbuf.c ****   u16_t out_offset;
1078:Middlewares/Third_Party/LwIP/src/core/pbuf.c **** 
1079:Middlewares/Third_Party/LwIP/src/core/pbuf.c ****   LWIP_ERROR("pbuf_get_contiguous: invalid buf", (p != NULL), return NULL;);
1080:Middlewares/Third_Party/LwIP/src/core/pbuf.c ****   LWIP_ERROR("pbuf_get_contiguous: invalid dataptr", (buffer != NULL), return NULL;);
1081:Middlewares/Third_Party/LwIP/src/core/pbuf.c ****   LWIP_ERROR("pbuf_get_contiguous: invalid dataptr", (bufsize >= len), return NULL;);
1082:Middlewares/Third_Party/LwIP/src/core/pbuf.c **** 
1083:Middlewares/Third_Party/LwIP/src/core/pbuf.c ****   q = pbuf_skip_const(p, offset, &out_offset);
1084:Middlewares/Third_Party/LwIP/src/core/pbuf.c ****   if (q != NULL) {
1085:Middlewares/Third_Party/LwIP/src/core/pbuf.c ****     if (q->len >= (out_offset + len)) {
1086:Middlewares/Third_Party/LwIP/src/core/pbuf.c ****       /* all data in this pbuf, return zero-copy */
1087:Middlewares/Third_Party/LwIP/src/core/pbuf.c ****       return (u8_t *)q->payload + out_offset;
1088:Middlewares/Third_Party/LwIP/src/core/pbuf.c ****     }
1089:Middlewares/Third_Party/LwIP/src/core/pbuf.c ****     /* need to copy */
1090:Middlewares/Third_Party/LwIP/src/core/pbuf.c ****     if (pbuf_copy_partial(q, buffer, len, out_offset) != len) {
1091:Middlewares/Third_Party/LwIP/src/core/pbuf.c ****       /* copying failed: pbuf is too short */
1092:Middlewares/Third_Party/LwIP/src/core/pbuf.c ****       return NULL;
1093:Middlewares/Third_Party/LwIP/src/core/pbuf.c ****     }
1094:Middlewares/Third_Party/LwIP/src/core/pbuf.c ****     return buffer;
1095:Middlewares/Third_Party/LwIP/src/core/pbuf.c ****   }
1096:Middlewares/Third_Party/LwIP/src/core/pbuf.c ****   /* pbuf is too short (offset does not fit in) */
1097:Middlewares/Third_Party/LwIP/src/core/pbuf.c ****   return NULL;
1098:Middlewares/Third_Party/LwIP/src/core/pbuf.c **** }
1099:Middlewares/Third_Party/LwIP/src/core/pbuf.c **** 
1100:Middlewares/Third_Party/LwIP/src/core/pbuf.c **** #if LWIP_TCP && TCP_QUEUE_OOSEQ && LWIP_WND_SCALE
1101:Middlewares/Third_Party/LwIP/src/core/pbuf.c **** /**
1102:Middlewares/Third_Party/LwIP/src/core/pbuf.c ****  * This method modifies a 'pbuf chain', so that its total length is
1103:Middlewares/Third_Party/LwIP/src/core/pbuf.c ****  * smaller than 64K. The remainder of the original pbuf chain is stored
1104:Middlewares/Third_Party/LwIP/src/core/pbuf.c ****  * in *rest.
1105:Middlewares/Third_Party/LwIP/src/core/pbuf.c ****  * This function never creates new pbufs, but splits an existing chain
1106:Middlewares/Third_Party/LwIP/src/core/pbuf.c ****  * in two parts. The tot_len of the modified packet queue will likely be
1107:Middlewares/Third_Party/LwIP/src/core/pbuf.c ****  * smaller than 64K.
1108:Middlewares/Third_Party/LwIP/src/core/pbuf.c ****  * 'packet queues' are not supported by this function.
1109:Middlewares/Third_Party/LwIP/src/core/pbuf.c ****  *
1110:Middlewares/Third_Party/LwIP/src/core/pbuf.c ****  * @param p the pbuf queue to be split
1111:Middlewares/Third_Party/LwIP/src/core/pbuf.c ****  * @param rest pointer to store the remainder (after the first 64K)
ARM GAS  /tmp/ccCCDAAl.s 			page 22


1112:Middlewares/Third_Party/LwIP/src/core/pbuf.c ****  */
1113:Middlewares/Third_Party/LwIP/src/core/pbuf.c **** void pbuf_split_64k(struct pbuf *p, struct pbuf **rest)
1114:Middlewares/Third_Party/LwIP/src/core/pbuf.c **** {
1115:Middlewares/Third_Party/LwIP/src/core/pbuf.c ****   *rest = NULL;
1116:Middlewares/Third_Party/LwIP/src/core/pbuf.c ****   if ((p != NULL) && (p->next != NULL)) {
1117:Middlewares/Third_Party/LwIP/src/core/pbuf.c ****     u16_t tot_len_front = p->len;
1118:Middlewares/Third_Party/LwIP/src/core/pbuf.c ****     struct pbuf *i = p;
1119:Middlewares/Third_Party/LwIP/src/core/pbuf.c ****     struct pbuf *r = p->next;
1120:Middlewares/Third_Party/LwIP/src/core/pbuf.c **** 
1121:Middlewares/Third_Party/LwIP/src/core/pbuf.c ****     /* continue until the total length (summed up as u16_t) overflows */
1122:Middlewares/Third_Party/LwIP/src/core/pbuf.c ****     while ((r != NULL) && ((u16_t)(tot_len_front + r->len) >= tot_len_front)) {
1123:Middlewares/Third_Party/LwIP/src/core/pbuf.c ****       tot_len_front = (u16_t)(tot_len_front + r->len);
1124:Middlewares/Third_Party/LwIP/src/core/pbuf.c ****       i = r;
1125:Middlewares/Third_Party/LwIP/src/core/pbuf.c ****       r = r->next;
1126:Middlewares/Third_Party/LwIP/src/core/pbuf.c ****     }
1127:Middlewares/Third_Party/LwIP/src/core/pbuf.c ****     /* i now points to last packet of the first segment. Set next
1128:Middlewares/Third_Party/LwIP/src/core/pbuf.c ****        pointer to NULL */
1129:Middlewares/Third_Party/LwIP/src/core/pbuf.c ****     i->next = NULL;
1130:Middlewares/Third_Party/LwIP/src/core/pbuf.c **** 
1131:Middlewares/Third_Party/LwIP/src/core/pbuf.c ****     if (r != NULL) {
1132:Middlewares/Third_Party/LwIP/src/core/pbuf.c ****       /* Update the tot_len field in the first part */
1133:Middlewares/Third_Party/LwIP/src/core/pbuf.c ****       for (i = p; i != NULL; i = i->next) {
1134:Middlewares/Third_Party/LwIP/src/core/pbuf.c ****         i->tot_len = (u16_t)(i->tot_len - r->tot_len);
1135:Middlewares/Third_Party/LwIP/src/core/pbuf.c ****         LWIP_ASSERT("tot_len/len mismatch in last pbuf",
1136:Middlewares/Third_Party/LwIP/src/core/pbuf.c ****                     (i->next != NULL) || (i->tot_len == i->len));
1137:Middlewares/Third_Party/LwIP/src/core/pbuf.c ****       }
1138:Middlewares/Third_Party/LwIP/src/core/pbuf.c ****       if (p->flags & PBUF_FLAG_TCP_FIN) {
1139:Middlewares/Third_Party/LwIP/src/core/pbuf.c ****         r->flags |= PBUF_FLAG_TCP_FIN;
1140:Middlewares/Third_Party/LwIP/src/core/pbuf.c ****       }
1141:Middlewares/Third_Party/LwIP/src/core/pbuf.c **** 
1142:Middlewares/Third_Party/LwIP/src/core/pbuf.c ****       /* tot_len field in rest does not need modifications */
1143:Middlewares/Third_Party/LwIP/src/core/pbuf.c ****       /* reference counters do not need modifications */
1144:Middlewares/Third_Party/LwIP/src/core/pbuf.c ****       *rest = r;
1145:Middlewares/Third_Party/LwIP/src/core/pbuf.c ****     }
1146:Middlewares/Third_Party/LwIP/src/core/pbuf.c ****   }
1147:Middlewares/Third_Party/LwIP/src/core/pbuf.c **** }
1148:Middlewares/Third_Party/LwIP/src/core/pbuf.c **** #endif /* LWIP_TCP && TCP_QUEUE_OOSEQ && LWIP_WND_SCALE */
1149:Middlewares/Third_Party/LwIP/src/core/pbuf.c **** 
1150:Middlewares/Third_Party/LwIP/src/core/pbuf.c **** /* Actual implementation of pbuf_skip() but returning const pointer... */
1151:Middlewares/Third_Party/LwIP/src/core/pbuf.c **** static const struct pbuf *
1152:Middlewares/Third_Party/LwIP/src/core/pbuf.c **** pbuf_skip_const(const struct pbuf *in, u16_t in_offset, u16_t *out_offset)
1153:Middlewares/Third_Party/LwIP/src/core/pbuf.c **** {
  90              		.loc 1 1153 1 is_stmt 1 view -0
  91              		.cfi_startproc
  92              		@ args = 0, pretend = 0, frame = 0
  93              		@ frame_needed = 0, uses_anonymous_args = 0
  94              		@ link register save eliminated.
1154:Middlewares/Third_Party/LwIP/src/core/pbuf.c ****   u16_t offset_left = in_offset;
  95              		.loc 1 1154 3 view .LVU22
1155:Middlewares/Third_Party/LwIP/src/core/pbuf.c ****   const struct pbuf *q = in;
  96              		.loc 1 1155 3 view .LVU23
1156:Middlewares/Third_Party/LwIP/src/core/pbuf.c **** 
1157:Middlewares/Third_Party/LwIP/src/core/pbuf.c ****   /* get the correct pbuf */
1158:Middlewares/Third_Party/LwIP/src/core/pbuf.c ****   while ((q != NULL) && (q->len <= offset_left)) {
  97              		.loc 1 1158 3 view .LVU24
  98              	.L4:
  99              		.loc 1 1158 9 view .LVU25
ARM GAS  /tmp/ccCCDAAl.s 			page 23


 100 0000 30B1     		cbz	r0, .L5
 101              		.loc 1 1158 27 is_stmt 0 discriminator 1 view .LVU26
 102 0002 4389     		ldrh	r3, [r0, #10]
 103              		.loc 1 1158 22 discriminator 1 view .LVU27
 104 0004 8B42     		cmp	r3, r1
 105 0006 03D8     		bhi	.L5
1159:Middlewares/Third_Party/LwIP/src/core/pbuf.c ****     offset_left = (u16_t)(offset_left - q->len);
 106              		.loc 1 1159 5 is_stmt 1 view .LVU28
 107              		.loc 1 1159 17 is_stmt 0 view .LVU29
 108 0008 C91A     		subs	r1, r1, r3
 109              	.LVL4:
 110              		.loc 1 1159 17 view .LVU30
 111 000a 89B2     		uxth	r1, r1
 112              	.LVL5:
1160:Middlewares/Third_Party/LwIP/src/core/pbuf.c ****     q = q->next;
 113              		.loc 1 1160 5 is_stmt 1 view .LVU31
 114              		.loc 1 1160 7 is_stmt 0 view .LVU32
 115 000c 0068     		ldr	r0, [r0]
 116              	.LVL6:
 117              		.loc 1 1160 7 view .LVU33
 118 000e F7E7     		b	.L4
 119              	.L5:
1161:Middlewares/Third_Party/LwIP/src/core/pbuf.c ****   }
1162:Middlewares/Third_Party/LwIP/src/core/pbuf.c ****   if (out_offset != NULL) {
 120              		.loc 1 1162 3 is_stmt 1 view .LVU34
 121              		.loc 1 1162 6 is_stmt 0 view .LVU35
 122 0010 02B1     		cbz	r2, .L7
1163:Middlewares/Third_Party/LwIP/src/core/pbuf.c ****     *out_offset = offset_left;
 123              		.loc 1 1163 5 is_stmt 1 view .LVU36
 124              		.loc 1 1163 17 is_stmt 0 view .LVU37
 125 0012 1180     		strh	r1, [r2]	@ movhi
 126              	.L7:
1164:Middlewares/Third_Party/LwIP/src/core/pbuf.c ****   }
1165:Middlewares/Third_Party/LwIP/src/core/pbuf.c ****   return q;
 127              		.loc 1 1165 3 is_stmt 1 view .LVU38
1166:Middlewares/Third_Party/LwIP/src/core/pbuf.c **** }
 128              		.loc 1 1166 1 is_stmt 0 view .LVU39
 129 0014 7047     		bx	lr
 130              		.cfi_endproc
 131              	.LFE181:
 133              		.section	.rodata.pbuf_add_header_impl.str1.4,"aMS",%progbits,1
 134              		.align	2
 135              	.LC0:
 136 0000 4D696464 		.ascii	"Middlewares/Third_Party/LwIP/src/core/pbuf.c\000"
 136      6C657761 
 136      7265732F 
 136      54686972 
 136      645F5061 
 137 002d 000000   		.align	2
 138              	.LC1:
 139 0030 7020213D 		.ascii	"p != NULL\000"
 139      204E554C 
 139      4C00
 140 003a 0000     		.align	2
 141              	.LC2:
 142 003c 41737365 		.ascii	"Assertion \"%s\" failed at line %d in %s\012\000"
 142      7274696F 
ARM GAS  /tmp/ccCCDAAl.s 			page 24


 142      6E202225 
 142      73222066 
 142      61696C65 
 143              		.section	.text.pbuf_add_header_impl,"ax",%progbits
 144              		.align	1
 145              		.syntax unified
 146              		.thumb
 147              		.thumb_func
 148              		.fpu fpv4-sp-d16
 150              	pbuf_add_header_impl:
 151              	.LVL7:
 152              	.LFB164:
 474:Middlewares/Third_Party/LwIP/src/core/pbuf.c ****   u16_t type_internal;
 153              		.loc 1 474 1 is_stmt 1 view -0
 154              		.cfi_startproc
 155              		@ args = 0, pretend = 0, frame = 0
 156              		@ frame_needed = 0, uses_anonymous_args = 0
 474:Middlewares/Third_Party/LwIP/src/core/pbuf.c ****   u16_t type_internal;
 157              		.loc 1 474 1 is_stmt 0 view .LVU41
 158 0000 70B5     		push	{r4, r5, r6, lr}
 159              	.LCFI2:
 160              		.cfi_def_cfa_offset 16
 161              		.cfi_offset 4, -16
 162              		.cfi_offset 5, -12
 163              		.cfi_offset 6, -8
 164              		.cfi_offset 14, -4
 165 0002 0C46     		mov	r4, r1
 166 0004 1646     		mov	r6, r2
 475:Middlewares/Third_Party/LwIP/src/core/pbuf.c ****   void *payload;
 167              		.loc 1 475 3 is_stmt 1 view .LVU42
 476:Middlewares/Third_Party/LwIP/src/core/pbuf.c ****   u16_t increment_magnitude;
 168              		.loc 1 476 3 view .LVU43
 477:Middlewares/Third_Party/LwIP/src/core/pbuf.c **** 
 169              		.loc 1 477 3 view .LVU44
 479:Middlewares/Third_Party/LwIP/src/core/pbuf.c ****   if ((p == NULL) || (header_size_increment > 0xFFFF)) {
 170              		.loc 1 479 3 view .LVU45
 479:Middlewares/Third_Party/LwIP/src/core/pbuf.c ****   if ((p == NULL) || (header_size_increment > 0xFFFF)) {
 171              		.loc 1 479 3 view .LVU46
 172 0006 0546     		mov	r5, r0
 173 0008 C0B1     		cbz	r0, .L20
 174              	.LVL8:
 175              	.L9:
 479:Middlewares/Third_Party/LwIP/src/core/pbuf.c ****   if ((p == NULL) || (header_size_increment > 0xFFFF)) {
 176              		.loc 1 479 3 discriminator 3 view .LVU47
 479:Middlewares/Third_Party/LwIP/src/core/pbuf.c ****   if ((p == NULL) || (header_size_increment > 0xFFFF)) {
 177              		.loc 1 479 3 discriminator 3 view .LVU48
 480:Middlewares/Third_Party/LwIP/src/core/pbuf.c ****     return 1;
 178              		.loc 1 480 3 discriminator 3 view .LVU49
 480:Middlewares/Third_Party/LwIP/src/core/pbuf.c ****     return 1;
 179              		.loc 1 480 6 is_stmt 0 discriminator 3 view .LVU50
 180 000a 3DB3     		cbz	r5, .L13
 480:Middlewares/Third_Party/LwIP/src/core/pbuf.c ****     return 1;
 181              		.loc 1 480 19 discriminator 1 view .LVU51
 182 000c B4F5803F 		cmp	r4, #65536
 183 0010 26D2     		bcs	.L14
 483:Middlewares/Third_Party/LwIP/src/core/pbuf.c ****     return 0;
 184              		.loc 1 483 3 is_stmt 1 view .LVU52
ARM GAS  /tmp/ccCCDAAl.s 			page 25


 483:Middlewares/Third_Party/LwIP/src/core/pbuf.c ****     return 0;
 185              		.loc 1 483 6 is_stmt 0 view .LVU53
 186 0012 3CB3     		cbz	r4, .L15
 487:Middlewares/Third_Party/LwIP/src/core/pbuf.c ****   /* Do not allow tot_len to wrap as a result. */
 187              		.loc 1 487 3 is_stmt 1 view .LVU54
 487:Middlewares/Third_Party/LwIP/src/core/pbuf.c ****   /* Do not allow tot_len to wrap as a result. */
 188              		.loc 1 487 23 is_stmt 0 view .LVU55
 189 0014 A2B2     		uxth	r2, r4
 190              	.LVL9:
 489:Middlewares/Third_Party/LwIP/src/core/pbuf.c ****     return 1;
 191              		.loc 1 489 3 is_stmt 1 view .LVU56
 489:Middlewares/Third_Party/LwIP/src/core/pbuf.c ****     return 1;
 192              		.loc 1 489 38 is_stmt 0 view .LVU57
 193 0016 2B89     		ldrh	r3, [r5, #8]
 489:Middlewares/Third_Party/LwIP/src/core/pbuf.c ****     return 1;
 194              		.loc 1 489 7 view .LVU58
 195 0018 1344     		add	r3, r3, r2
 196 001a 9BB2     		uxth	r3, r3
 489:Middlewares/Third_Party/LwIP/src/core/pbuf.c ****     return 1;
 197              		.loc 1 489 6 view .LVU59
 198 001c 9342     		cmp	r3, r2
 199 001e 23D3     		bcc	.L16
 493:Middlewares/Third_Party/LwIP/src/core/pbuf.c **** 
 200              		.loc 1 493 3 is_stmt 1 view .LVU60
 201              	.LVL10:
 496:Middlewares/Third_Party/LwIP/src/core/pbuf.c ****     /* set new payload pointer */
 202              		.loc 1 496 3 view .LVU61
 496:Middlewares/Third_Party/LwIP/src/core/pbuf.c ****     /* set new payload pointer */
 203              		.loc 1 496 6 is_stmt 0 view .LVU62
 204 0020 95F90C10 		ldrsb	r1, [r5, #12]
 205 0024 0029     		cmp	r1, #0
 206 0026 11DB     		blt	.L21
 510:Middlewares/Third_Party/LwIP/src/core/pbuf.c ****       payload = (u8_t *)p->payload - header_size_increment;
 207              		.loc 1 510 5 is_stmt 1 view .LVU63
 510:Middlewares/Third_Party/LwIP/src/core/pbuf.c ****       payload = (u8_t *)p->payload - header_size_increment;
 208              		.loc 1 510 8 is_stmt 0 view .LVU64
 209 0028 06B3     		cbz	r6, .L18
 511:Middlewares/Third_Party/LwIP/src/core/pbuf.c ****     } else {
 210              		.loc 1 511 7 is_stmt 1 view .LVU65
 511:Middlewares/Third_Party/LwIP/src/core/pbuf.c ****     } else {
 211              		.loc 1 511 26 is_stmt 0 view .LVU66
 212 002a 6968     		ldr	r1, [r5, #4]
 511:Middlewares/Third_Party/LwIP/src/core/pbuf.c ****     } else {
 213              		.loc 1 511 15 view .LVU67
 214 002c 0C1B     		subs	r4, r1, r4
 215              	.LVL11:
 216              	.L12:
 518:Middlewares/Third_Party/LwIP/src/core/pbuf.c ****               (void *)p->payload, (void *)payload, increment_magnitude));
 217              		.loc 1 518 3 is_stmt 1 discriminator 4 view .LVU68
 518:Middlewares/Third_Party/LwIP/src/core/pbuf.c ****               (void *)p->payload, (void *)payload, increment_magnitude));
 218              		.loc 1 518 3 discriminator 4 view .LVU69
 518:Middlewares/Third_Party/LwIP/src/core/pbuf.c ****               (void *)p->payload, (void *)payload, increment_magnitude));
 219              		.loc 1 518 3 discriminator 4 view .LVU70
 522:Middlewares/Third_Party/LwIP/src/core/pbuf.c ****   p->len = (u16_t)(p->len + increment_magnitude);
 220              		.loc 1 522 3 discriminator 4 view .LVU71
 522:Middlewares/Third_Party/LwIP/src/core/pbuf.c ****   p->len = (u16_t)(p->len + increment_magnitude);
 221              		.loc 1 522 14 is_stmt 0 discriminator 4 view .LVU72
ARM GAS  /tmp/ccCCDAAl.s 			page 26


 222 002e 6C60     		str	r4, [r5, #4]
 523:Middlewares/Third_Party/LwIP/src/core/pbuf.c ****   p->tot_len = (u16_t)(p->tot_len + increment_magnitude);
 223              		.loc 1 523 3 is_stmt 1 discriminator 4 view .LVU73
 523:Middlewares/Third_Party/LwIP/src/core/pbuf.c ****   p->tot_len = (u16_t)(p->tot_len + increment_magnitude);
 224              		.loc 1 523 21 is_stmt 0 discriminator 4 view .LVU74
 225 0030 6989     		ldrh	r1, [r5, #10]
 523:Middlewares/Third_Party/LwIP/src/core/pbuf.c ****   p->tot_len = (u16_t)(p->tot_len + increment_magnitude);
 226              		.loc 1 523 12 discriminator 4 view .LVU75
 227 0032 0A44     		add	r2, r2, r1
 228              	.LVL12:
 523:Middlewares/Third_Party/LwIP/src/core/pbuf.c ****   p->tot_len = (u16_t)(p->tot_len + increment_magnitude);
 229              		.loc 1 523 10 discriminator 4 view .LVU76
 230 0034 6A81     		strh	r2, [r5, #10]	@ movhi
 524:Middlewares/Third_Party/LwIP/src/core/pbuf.c **** 
 231              		.loc 1 524 3 is_stmt 1 discriminator 4 view .LVU77
 524:Middlewares/Third_Party/LwIP/src/core/pbuf.c **** 
 232              		.loc 1 524 14 is_stmt 0 discriminator 4 view .LVU78
 233 0036 2B81     		strh	r3, [r5, #8]	@ movhi
 527:Middlewares/Third_Party/LwIP/src/core/pbuf.c **** }
 234              		.loc 1 527 3 is_stmt 1 discriminator 4 view .LVU79
 527:Middlewares/Third_Party/LwIP/src/core/pbuf.c **** }
 235              		.loc 1 527 10 is_stmt 0 discriminator 4 view .LVU80
 236 0038 0020     		movs	r0, #0
 237 003a 12E0     		b	.L10
 238              	.LVL13:
 239              	.L20:
 479:Middlewares/Third_Party/LwIP/src/core/pbuf.c ****   if ((p == NULL) || (header_size_increment > 0xFFFF)) {
 240              		.loc 1 479 3 is_stmt 1 discriminator 1 view .LVU81
 479:Middlewares/Third_Party/LwIP/src/core/pbuf.c ****   if ((p == NULL) || (header_size_increment > 0xFFFF)) {
 241              		.loc 1 479 3 discriminator 1 view .LVU82
 242 003c 0C4B     		ldr	r3, .L22
 243 003e 40F2DF12 		movw	r2, #479
 244              	.LVL14:
 479:Middlewares/Third_Party/LwIP/src/core/pbuf.c ****   if ((p == NULL) || (header_size_increment > 0xFFFF)) {
 245              		.loc 1 479 3 is_stmt 0 discriminator 1 view .LVU83
 246 0042 0C49     		ldr	r1, .L22+4
 247              	.LVL15:
 479:Middlewares/Third_Party/LwIP/src/core/pbuf.c ****   if ((p == NULL) || (header_size_increment > 0xFFFF)) {
 248              		.loc 1 479 3 discriminator 1 view .LVU84
 249 0044 0C48     		ldr	r0, .L22+8
 250              	.LVL16:
 479:Middlewares/Third_Party/LwIP/src/core/pbuf.c ****   if ((p == NULL) || (header_size_increment > 0xFFFF)) {
 251              		.loc 1 479 3 discriminator 1 view .LVU85
 252 0046 FFF7FEFF 		bl	printf
 253              	.LVL17:
 254 004a DEE7     		b	.L9
 255              	.LVL18:
 256              	.L21:
 498:Middlewares/Third_Party/LwIP/src/core/pbuf.c ****     /* boundary check fails? */
 257              		.loc 1 498 5 is_stmt 1 view .LVU86
 498:Middlewares/Third_Party/LwIP/src/core/pbuf.c ****     /* boundary check fails? */
 258              		.loc 1 498 24 is_stmt 0 view .LVU87
 259 004c 6968     		ldr	r1, [r5, #4]
 498:Middlewares/Third_Party/LwIP/src/core/pbuf.c ****     /* boundary check fails? */
 260              		.loc 1 498 13 view .LVU88
 261 004e 0C1B     		subs	r4, r1, r4
 262              	.LVL19:
ARM GAS  /tmp/ccCCDAAl.s 			page 27


 500:Middlewares/Third_Party/LwIP/src/core/pbuf.c ****       LWIP_DEBUGF( PBUF_DEBUG | LWIP_DBG_TRACE,
 263              		.loc 1 500 5 is_stmt 1 view .LVU89
 500:Middlewares/Third_Party/LwIP/src/core/pbuf.c ****       LWIP_DEBUGF( PBUF_DEBUG | LWIP_DBG_TRACE,
 264              		.loc 1 500 37 is_stmt 0 view .LVU90
 265 0050 05F11001 		add	r1, r5, #16
 500:Middlewares/Third_Party/LwIP/src/core/pbuf.c ****       LWIP_DEBUGF( PBUF_DEBUG | LWIP_DBG_TRACE,
 266              		.loc 1 500 8 view .LVU91
 267 0054 A142     		cmp	r1, r4
 268 0056 EAD9     		bls	.L12
 505:Middlewares/Third_Party/LwIP/src/core/pbuf.c ****     }
 269              		.loc 1 505 14 view .LVU92
 270 0058 0120     		movs	r0, #1
 271 005a 02E0     		b	.L10
 272              	.LVL20:
 273              	.L13:
 481:Middlewares/Third_Party/LwIP/src/core/pbuf.c ****   }
 274              		.loc 1 481 12 view .LVU93
 275 005c 0120     		movs	r0, #1
 276 005e 00E0     		b	.L10
 277              	.L14:
 481:Middlewares/Third_Party/LwIP/src/core/pbuf.c ****   }
 278              		.loc 1 481 12 view .LVU94
 279 0060 0120     		movs	r0, #1
 280              	.LVL21:
 281              	.L10:
 528:Middlewares/Third_Party/LwIP/src/core/pbuf.c **** 
 282              		.loc 1 528 1 view .LVU95
 283 0062 70BD     		pop	{r4, r5, r6, pc}
 284              	.LVL22:
 285              	.L15:
 484:Middlewares/Third_Party/LwIP/src/core/pbuf.c ****   }
 286              		.loc 1 484 12 view .LVU96
 287 0064 0020     		movs	r0, #0
 288 0066 FCE7     		b	.L10
 289              	.LVL23:
 290              	.L16:
 490:Middlewares/Third_Party/LwIP/src/core/pbuf.c ****   }
 291              		.loc 1 490 12 view .LVU97
 292 0068 0120     		movs	r0, #1
 293 006a FAE7     		b	.L10
 294              	.LVL24:
 295              	.L18:
 515:Middlewares/Third_Party/LwIP/src/core/pbuf.c ****     }
 296              		.loc 1 515 14 view .LVU98
 297 006c 0120     		movs	r0, #1
 298 006e F8E7     		b	.L10
 299              	.L23:
 300              		.align	2
 301              	.L22:
 302 0070 00000000 		.word	.LC0
 303 0074 30000000 		.word	.LC1
 304 0078 3C000000 		.word	.LC2
 305              		.cfi_endproc
 306              	.LFE164:
 308              		.section	.rodata.pbuf_alloc_reference.str1.4,"aMS",%progbits,1
 309              		.align	2
 310              	.LC3:
ARM GAS  /tmp/ccCCDAAl.s 			page 28


 311 0000 696E7661 		.ascii	"invalid pbuf_type\000"
 311      6C696420 
 311      70627566 
 311      5F747970 
 311      6500
 312              		.section	.text.pbuf_alloc_reference,"ax",%progbits
 313              		.align	1
 314              		.global	pbuf_alloc_reference
 315              		.syntax unified
 316              		.thumb
 317              		.thumb_func
 318              		.fpu fpv4-sp-d16
 320              	pbuf_alloc_reference:
 321              	.LVL25:
 322              	.LFB161:
 328:Middlewares/Third_Party/LwIP/src/core/pbuf.c ****   struct pbuf *p;
 323              		.loc 1 328 1 is_stmt 1 view -0
 324              		.cfi_startproc
 325              		@ args = 0, pretend = 0, frame = 0
 326              		@ frame_needed = 0, uses_anonymous_args = 0
 328:Middlewares/Third_Party/LwIP/src/core/pbuf.c ****   struct pbuf *p;
 327              		.loc 1 328 1 is_stmt 0 view .LVU100
 328 0000 F0B5     		push	{r4, r5, r6, r7, lr}
 329              	.LCFI3:
 330              		.cfi_def_cfa_offset 20
 331              		.cfi_offset 4, -20
 332              		.cfi_offset 5, -16
 333              		.cfi_offset 6, -12
 334              		.cfi_offset 7, -8
 335              		.cfi_offset 14, -4
 336 0002 83B0     		sub	sp, sp, #12
 337              	.LCFI4:
 338              		.cfi_def_cfa_offset 32
 339 0004 0646     		mov	r6, r0
 340 0006 0D46     		mov	r5, r1
 341 0008 1446     		mov	r4, r2
 329:Middlewares/Third_Party/LwIP/src/core/pbuf.c ****   LWIP_ASSERT("invalid pbuf_type", (type == PBUF_REF) || (type == PBUF_ROM));
 342              		.loc 1 329 3 is_stmt 1 view .LVU101
 330:Middlewares/Third_Party/LwIP/src/core/pbuf.c ****   /* only allocate memory for the pbuf structure */
 343              		.loc 1 330 3 view .LVU102
 330:Middlewares/Third_Party/LwIP/src/core/pbuf.c ****   /* only allocate memory for the pbuf structure */
 344              		.loc 1 330 3 view .LVU103
 345 000a 412A     		cmp	r2, #65
 346 000c 01D0     		beq	.L25
 330:Middlewares/Third_Party/LwIP/src/core/pbuf.c ****   /* only allocate memory for the pbuf structure */
 347              		.loc 1 330 3 is_stmt 0 discriminator 1 view .LVU104
 348 000e 012A     		cmp	r2, #1
 349 0010 0FD1     		bne	.L28
 350              	.LVL26:
 351              	.L25:
 330:Middlewares/Third_Party/LwIP/src/core/pbuf.c ****   /* only allocate memory for the pbuf structure */
 352              		.loc 1 330 3 is_stmt 1 discriminator 5 view .LVU105
 330:Middlewares/Third_Party/LwIP/src/core/pbuf.c ****   /* only allocate memory for the pbuf structure */
 353              		.loc 1 330 3 discriminator 5 view .LVU106
 332:Middlewares/Third_Party/LwIP/src/core/pbuf.c ****   if (p == NULL) {
 354              		.loc 1 332 3 discriminator 5 view .LVU107
 332:Middlewares/Third_Party/LwIP/src/core/pbuf.c ****   if (p == NULL) {
ARM GAS  /tmp/ccCCDAAl.s 			page 29


 355              		.loc 1 332 22 is_stmt 0 discriminator 5 view .LVU108
 356 0012 0920     		movs	r0, #9
 357 0014 FFF7FEFF 		bl	memp_malloc
 358              	.LVL27:
 333:Middlewares/Third_Party/LwIP/src/core/pbuf.c ****     LWIP_DEBUGF(PBUF_DEBUG | LWIP_DBG_LEVEL_SERIOUS,
 359              		.loc 1 333 3 is_stmt 1 discriminator 5 view .LVU109
 333:Middlewares/Third_Party/LwIP/src/core/pbuf.c ****     LWIP_DEBUGF(PBUF_DEBUG | LWIP_DBG_LEVEL_SERIOUS,
 360              		.loc 1 333 6 is_stmt 0 discriminator 5 view .LVU110
 361 0018 0746     		mov	r7, r0
 362 001a 38B1     		cbz	r0, .L24
 339:Middlewares/Third_Party/LwIP/src/core/pbuf.c ****   return p;
 363              		.loc 1 339 3 is_stmt 1 view .LVU111
 364 001c 0023     		movs	r3, #0
 365 001e 0193     		str	r3, [sp, #4]
 366 0020 0094     		str	r4, [sp]
 367 0022 2B46     		mov	r3, r5
 368 0024 2A46     		mov	r2, r5
 369 0026 3146     		mov	r1, r6
 370 0028 FFF7FEFF 		bl	pbuf_init_alloced_pbuf
 371              	.LVL28:
 340:Middlewares/Third_Party/LwIP/src/core/pbuf.c **** }
 372              		.loc 1 340 3 view .LVU112
 373              	.L24:
 341:Middlewares/Third_Party/LwIP/src/core/pbuf.c **** 
 374              		.loc 1 341 1 is_stmt 0 view .LVU113
 375 002c 3846     		mov	r0, r7
 376 002e 03B0     		add	sp, sp, #12
 377              	.LCFI5:
 378              		.cfi_remember_state
 379              		.cfi_def_cfa_offset 20
 380              		@ sp needed
 381 0030 F0BD     		pop	{r4, r5, r6, r7, pc}
 382              	.LVL29:
 383              	.L28:
 384              	.LCFI6:
 385              		.cfi_restore_state
 330:Middlewares/Third_Party/LwIP/src/core/pbuf.c ****   /* only allocate memory for the pbuf structure */
 386              		.loc 1 330 3 is_stmt 1 discriminator 3 view .LVU114
 330:Middlewares/Third_Party/LwIP/src/core/pbuf.c ****   /* only allocate memory for the pbuf structure */
 387              		.loc 1 330 3 discriminator 3 view .LVU115
 388 0032 044B     		ldr	r3, .L29
 389 0034 4FF4A572 		mov	r2, #330
 390              	.LVL30:
 330:Middlewares/Third_Party/LwIP/src/core/pbuf.c ****   /* only allocate memory for the pbuf structure */
 391              		.loc 1 330 3 is_stmt 0 discriminator 3 view .LVU116
 392 0038 0349     		ldr	r1, .L29+4
 393              	.LVL31:
 330:Middlewares/Third_Party/LwIP/src/core/pbuf.c ****   /* only allocate memory for the pbuf structure */
 394              		.loc 1 330 3 discriminator 3 view .LVU117
 395 003a 0448     		ldr	r0, .L29+8
 396              	.LVL32:
 330:Middlewares/Third_Party/LwIP/src/core/pbuf.c ****   /* only allocate memory for the pbuf structure */
 397              		.loc 1 330 3 discriminator 3 view .LVU118
 398 003c FFF7FEFF 		bl	printf
 399              	.LVL33:
 400 0040 E7E7     		b	.L25
 401              	.L30:
ARM GAS  /tmp/ccCCDAAl.s 			page 30


 402 0042 00BF     		.align	2
 403              	.L29:
 404 0044 00000000 		.word	.LC0
 405 0048 00000000 		.word	.LC3
 406 004c 3C000000 		.word	.LC2
 407              		.cfi_endproc
 408              	.LFE161:
 410              		.section	.text.pbuf_alloced_custom,"ax",%progbits
 411              		.align	1
 412              		.global	pbuf_alloced_custom
 413              		.syntax unified
 414              		.thumb
 415              		.thumb_func
 416              		.fpu fpv4-sp-d16
 418              	pbuf_alloced_custom:
 419              	.LVL34:
 420              	.LFB162:
 365:Middlewares/Third_Party/LwIP/src/core/pbuf.c ****   u16_t offset = (u16_t)l;
 421              		.loc 1 365 1 is_stmt 1 view -0
 422              		.cfi_startproc
 423              		@ args = 8, pretend = 0, frame = 0
 424              		@ frame_needed = 0, uses_anonymous_args = 0
 365:Middlewares/Third_Party/LwIP/src/core/pbuf.c ****   u16_t offset = (u16_t)l;
 425              		.loc 1 365 1 is_stmt 0 view .LVU120
 426 0000 70B5     		push	{r4, r5, r6, lr}
 427              	.LCFI7:
 428              		.cfi_def_cfa_offset 16
 429              		.cfi_offset 4, -16
 430              		.cfi_offset 5, -12
 431              		.cfi_offset 6, -8
 432              		.cfi_offset 14, -4
 433 0002 82B0     		sub	sp, sp, #8
 434              	.LCFI8:
 435              		.cfi_def_cfa_offset 24
 436 0004 0D46     		mov	r5, r1
 437 0006 1E46     		mov	r6, r3
 438 0008 0699     		ldr	r1, [sp, #24]
 439              	.LVL35:
 366:Middlewares/Third_Party/LwIP/src/core/pbuf.c ****   void *payload;
 440              		.loc 1 366 3 is_stmt 1 view .LVU121
 367:Middlewares/Third_Party/LwIP/src/core/pbuf.c ****   LWIP_DEBUGF(PBUF_DEBUG | LWIP_DBG_TRACE, ("pbuf_alloced_custom(length=%"U16_F")\n", length));
 441              		.loc 1 367 3 view .LVU122
 368:Middlewares/Third_Party/LwIP/src/core/pbuf.c **** 
 442              		.loc 1 368 3 view .LVU123
 368:Middlewares/Third_Party/LwIP/src/core/pbuf.c **** 
 443              		.loc 1 368 3 view .LVU124
 368:Middlewares/Third_Party/LwIP/src/core/pbuf.c **** 
 444              		.loc 1 368 3 view .LVU125
 370:Middlewares/Third_Party/LwIP/src/core/pbuf.c ****     LWIP_DEBUGF(PBUF_DEBUG | LWIP_DBG_LEVEL_WARNING, ("pbuf_alloced_custom(length=%"U16_F") buffer 
 445              		.loc 1 370 3 view .LVU126
 370:Middlewares/Third_Party/LwIP/src/core/pbuf.c ****     LWIP_DEBUGF(PBUF_DEBUG | LWIP_DBG_LEVEL_WARNING, ("pbuf_alloced_custom(length=%"U16_F") buffer 
 446              		.loc 1 370 7 is_stmt 0 view .LVU127
 447 000a C41C     		adds	r4, r0, #3
 448 000c 24F00304 		bic	r4, r4, #3
 370:Middlewares/Third_Party/LwIP/src/core/pbuf.c ****     LWIP_DEBUGF(PBUF_DEBUG | LWIP_DBG_LEVEL_WARNING, ("pbuf_alloced_custom(length=%"U16_F") buffer 
 449              		.loc 1 370 35 view .LVU128
 450 0010 2819     		adds	r0, r5, r4
ARM GAS  /tmp/ccCCDAAl.s 			page 31


 451              	.LVL36:
 370:Middlewares/Third_Party/LwIP/src/core/pbuf.c ****     LWIP_DEBUGF(PBUF_DEBUG | LWIP_DBG_LEVEL_WARNING, ("pbuf_alloced_custom(length=%"U16_F") buffer 
 452              		.loc 1 370 6 view .LVU129
 453 0012 BDF81C30 		ldrh	r3, [sp, #28]
 454              	.LVL37:
 370:Middlewares/Third_Party/LwIP/src/core/pbuf.c ****     LWIP_DEBUGF(PBUF_DEBUG | LWIP_DBG_LEVEL_WARNING, ("pbuf_alloced_custom(length=%"U16_F") buffer 
 455              		.loc 1 370 6 view .LVU130
 456 0016 9842     		cmp	r0, r3
 457 0018 0DD8     		bhi	.L34
 375:Middlewares/Third_Party/LwIP/src/core/pbuf.c ****     payload = (u8_t *)payload_mem + LWIP_MEM_ALIGN_SIZE(offset);
 458              		.loc 1 375 3 is_stmt 1 view .LVU131
 375:Middlewares/Third_Party/LwIP/src/core/pbuf.c ****     payload = (u8_t *)payload_mem + LWIP_MEM_ALIGN_SIZE(offset);
 459              		.loc 1 375 6 is_stmt 0 view .LVU132
 460 001a 01B1     		cbz	r1, .L33
 376:Middlewares/Third_Party/LwIP/src/core/pbuf.c ****   } else {
 461              		.loc 1 376 5 is_stmt 1 view .LVU133
 376:Middlewares/Third_Party/LwIP/src/core/pbuf.c ****   } else {
 462              		.loc 1 376 13 is_stmt 0 view .LVU134
 463 001c 2144     		add	r1, r1, r4
 464              	.LVL38:
 465              	.L33:
 380:Middlewares/Third_Party/LwIP/src/core/pbuf.c ****   return &p->pbuf;
 466              		.loc 1 380 3 is_stmt 1 view .LVU135
 467 001e 3446     		mov	r4, r6
 468 0020 0223     		movs	r3, #2
 469 0022 0193     		str	r3, [sp, #4]
 470 0024 0092     		str	r2, [sp]
 471 0026 2B46     		mov	r3, r5
 472 0028 2A46     		mov	r2, r5
 473              	.LVL39:
 380:Middlewares/Third_Party/LwIP/src/core/pbuf.c ****   return &p->pbuf;
 474              		.loc 1 380 3 is_stmt 0 view .LVU136
 475 002a 3046     		mov	r0, r6
 476 002c FFF7FEFF 		bl	pbuf_init_alloced_pbuf
 477              	.LVL40:
 381:Middlewares/Third_Party/LwIP/src/core/pbuf.c **** }
 478              		.loc 1 381 3 is_stmt 1 view .LVU137
 479              	.L31:
 382:Middlewares/Third_Party/LwIP/src/core/pbuf.c **** #endif /* LWIP_SUPPORT_CUSTOM_PBUF */
 480              		.loc 1 382 1 is_stmt 0 view .LVU138
 481 0030 2046     		mov	r0, r4
 482 0032 02B0     		add	sp, sp, #8
 483              	.LCFI9:
 484              		.cfi_remember_state
 485              		.cfi_def_cfa_offset 16
 486              		@ sp needed
 487 0034 70BD     		pop	{r4, r5, r6, pc}
 488              	.LVL41:
 489              	.L34:
 490              	.LCFI10:
 491              		.cfi_restore_state
 372:Middlewares/Third_Party/LwIP/src/core/pbuf.c ****   }
 492              		.loc 1 372 12 view .LVU139
 493 0036 0024     		movs	r4, #0
 494 0038 FAE7     		b	.L31
 495              		.cfi_endproc
 496              	.LFE162:
ARM GAS  /tmp/ccCCDAAl.s 			page 32


 498              		.section	.text.pbuf_add_header,"ax",%progbits
 499              		.align	1
 500              		.global	pbuf_add_header
 501              		.syntax unified
 502              		.thumb
 503              		.thumb_func
 504              		.fpu fpv4-sp-d16
 506              	pbuf_add_header:
 507              	.LVL42:
 508              	.LFB165:
 552:Middlewares/Third_Party/LwIP/src/core/pbuf.c ****   return pbuf_add_header_impl(p, header_size_increment, 0);
 509              		.loc 1 552 1 is_stmt 1 view -0
 510              		.cfi_startproc
 511              		@ args = 0, pretend = 0, frame = 0
 512              		@ frame_needed = 0, uses_anonymous_args = 0
 552:Middlewares/Third_Party/LwIP/src/core/pbuf.c ****   return pbuf_add_header_impl(p, header_size_increment, 0);
 513              		.loc 1 552 1 is_stmt 0 view .LVU141
 514 0000 08B5     		push	{r3, lr}
 515              	.LCFI11:
 516              		.cfi_def_cfa_offset 8
 517              		.cfi_offset 3, -8
 518              		.cfi_offset 14, -4
 553:Middlewares/Third_Party/LwIP/src/core/pbuf.c **** }
 519              		.loc 1 553 3 is_stmt 1 view .LVU142
 553:Middlewares/Third_Party/LwIP/src/core/pbuf.c **** }
 520              		.loc 1 553 10 is_stmt 0 view .LVU143
 521 0002 0022     		movs	r2, #0
 522 0004 FFF7FEFF 		bl	pbuf_add_header_impl
 523              	.LVL43:
 554:Middlewares/Third_Party/LwIP/src/core/pbuf.c **** 
 524              		.loc 1 554 1 view .LVU144
 525 0008 08BD     		pop	{r3, pc}
 526              		.cfi_endproc
 527              	.LFE165:
 529              		.section	.text.pbuf_add_header_force,"ax",%progbits
 530              		.align	1
 531              		.global	pbuf_add_header_force
 532              		.syntax unified
 533              		.thumb
 534              		.thumb_func
 535              		.fpu fpv4-sp-d16
 537              	pbuf_add_header_force:
 538              	.LVL44:
 539              	.LFB166:
 562:Middlewares/Third_Party/LwIP/src/core/pbuf.c ****   return pbuf_add_header_impl(p, header_size_increment, 1);
 540              		.loc 1 562 1 is_stmt 1 view -0
 541              		.cfi_startproc
 542              		@ args = 0, pretend = 0, frame = 0
 543              		@ frame_needed = 0, uses_anonymous_args = 0
 562:Middlewares/Third_Party/LwIP/src/core/pbuf.c ****   return pbuf_add_header_impl(p, header_size_increment, 1);
 544              		.loc 1 562 1 is_stmt 0 view .LVU146
 545 0000 08B5     		push	{r3, lr}
 546              	.LCFI12:
 547              		.cfi_def_cfa_offset 8
 548              		.cfi_offset 3, -8
 549              		.cfi_offset 14, -4
 563:Middlewares/Third_Party/LwIP/src/core/pbuf.c **** }
ARM GAS  /tmp/ccCCDAAl.s 			page 33


 550              		.loc 1 563 3 is_stmt 1 view .LVU147
 563:Middlewares/Third_Party/LwIP/src/core/pbuf.c **** }
 551              		.loc 1 563 10 is_stmt 0 view .LVU148
 552 0002 0122     		movs	r2, #1
 553 0004 FFF7FEFF 		bl	pbuf_add_header_impl
 554              	.LVL45:
 564:Middlewares/Third_Party/LwIP/src/core/pbuf.c **** 
 555              		.loc 1 564 1 view .LVU149
 556 0008 08BD     		pop	{r3, pc}
 557              		.cfi_endproc
 558              	.LFE166:
 560              		.section	.rodata.pbuf_remove_header.str1.4,"aMS",%progbits,1
 561              		.align	2
 562              	.LC4:
 563 0000 696E6372 		.ascii	"increment_magnitude <= p->len\000"
 563      656D656E 
 563      745F6D61 
 563      676E6974 
 563      75646520 
 564              		.section	.text.pbuf_remove_header,"ax",%progbits
 565              		.align	1
 566              		.global	pbuf_remove_header
 567              		.syntax unified
 568              		.thumb
 569              		.thumb_func
 570              		.fpu fpv4-sp-d16
 572              	pbuf_remove_header:
 573              	.LVL46:
 574              	.LFB167:
 583:Middlewares/Third_Party/LwIP/src/core/pbuf.c ****   void *payload;
 575              		.loc 1 583 1 is_stmt 1 view -0
 576              		.cfi_startproc
 577              		@ args = 0, pretend = 0, frame = 0
 578              		@ frame_needed = 0, uses_anonymous_args = 0
 583:Middlewares/Third_Party/LwIP/src/core/pbuf.c ****   void *payload;
 579              		.loc 1 583 1 is_stmt 0 view .LVU151
 580 0000 38B5     		push	{r3, r4, r5, lr}
 581              	.LCFI13:
 582              		.cfi_def_cfa_offset 16
 583              		.cfi_offset 3, -16
 584              		.cfi_offset 4, -12
 585              		.cfi_offset 5, -8
 586              		.cfi_offset 14, -4
 587 0002 0C46     		mov	r4, r1
 584:Middlewares/Third_Party/LwIP/src/core/pbuf.c ****   u16_t increment_magnitude;
 588              		.loc 1 584 3 is_stmt 1 view .LVU152
 585:Middlewares/Third_Party/LwIP/src/core/pbuf.c **** 
 589              		.loc 1 585 3 view .LVU153
 587:Middlewares/Third_Party/LwIP/src/core/pbuf.c ****   if ((p == NULL) || (header_size_decrement > 0xFFFF)) {
 590              		.loc 1 587 3 view .LVU154
 587:Middlewares/Third_Party/LwIP/src/core/pbuf.c ****   if ((p == NULL) || (header_size_decrement > 0xFFFF)) {
 591              		.loc 1 587 3 view .LVU155
 592 0004 0546     		mov	r5, r0
 593 0006 90B1     		cbz	r0, .L48
 594              	.LVL47:
 595              	.L41:
 587:Middlewares/Third_Party/LwIP/src/core/pbuf.c ****   if ((p == NULL) || (header_size_decrement > 0xFFFF)) {
ARM GAS  /tmp/ccCCDAAl.s 			page 34


 596              		.loc 1 587 3 discriminator 3 view .LVU156
 587:Middlewares/Third_Party/LwIP/src/core/pbuf.c ****   if ((p == NULL) || (header_size_decrement > 0xFFFF)) {
 597              		.loc 1 587 3 discriminator 3 view .LVU157
 588:Middlewares/Third_Party/LwIP/src/core/pbuf.c ****     return 1;
 598              		.loc 1 588 3 discriminator 3 view .LVU158
 588:Middlewares/Third_Party/LwIP/src/core/pbuf.c ****     return 1;
 599              		.loc 1 588 6 is_stmt 0 discriminator 3 view .LVU159
 600 0008 15B3     		cbz	r5, .L44
 588:Middlewares/Third_Party/LwIP/src/core/pbuf.c ****     return 1;
 601              		.loc 1 588 19 discriminator 1 view .LVU160
 602 000a B4F5803F 		cmp	r4, #65536
 603 000e 21D2     		bcs	.L45
 591:Middlewares/Third_Party/LwIP/src/core/pbuf.c ****     return 0;
 604              		.loc 1 591 3 is_stmt 1 view .LVU161
 591:Middlewares/Third_Party/LwIP/src/core/pbuf.c ****     return 0;
 605              		.loc 1 591 6 is_stmt 0 view .LVU162
 606 0010 14B3     		cbz	r4, .L46
 595:Middlewares/Third_Party/LwIP/src/core/pbuf.c ****   /* Check that we aren't going to move off the end of the pbuf */
 607              		.loc 1 595 3 is_stmt 1 view .LVU163
 595:Middlewares/Third_Party/LwIP/src/core/pbuf.c ****   /* Check that we aren't going to move off the end of the pbuf */
 608              		.loc 1 595 23 is_stmt 0 view .LVU164
 609 0012 A2B2     		uxth	r2, r4
 610              	.LVL48:
 597:Middlewares/Third_Party/LwIP/src/core/pbuf.c **** 
 611              		.loc 1 597 3 is_stmt 1 view .LVU165
 597:Middlewares/Third_Party/LwIP/src/core/pbuf.c **** 
 612              		.loc 1 597 3 view .LVU166
 613 0014 6B89     		ldrh	r3, [r5, #10]
 614 0016 9342     		cmp	r3, r2
 615 0018 11D3     		bcc	.L49
 597:Middlewares/Third_Party/LwIP/src/core/pbuf.c **** 
 616              		.loc 1 597 3 discriminator 2 view .LVU167
 597:Middlewares/Third_Party/LwIP/src/core/pbuf.c **** 
 617              		.loc 1 597 3 discriminator 2 view .LVU168
 600:Middlewares/Third_Party/LwIP/src/core/pbuf.c ****   LWIP_UNUSED_ARG(payload); /* only used in LWIP_DEBUGF below */
 618              		.loc 1 600 3 discriminator 2 view .LVU169
 600:Middlewares/Third_Party/LwIP/src/core/pbuf.c ****   LWIP_UNUSED_ARG(payload); /* only used in LWIP_DEBUGF below */
 619              		.loc 1 600 11 is_stmt 0 discriminator 2 view .LVU170
 620 001a 6968     		ldr	r1, [r5, #4]
 621              	.LVL49:
 601:Middlewares/Third_Party/LwIP/src/core/pbuf.c **** 
 622              		.loc 1 601 3 is_stmt 1 discriminator 2 view .LVU171
 604:Middlewares/Third_Party/LwIP/src/core/pbuf.c ****   /* modify pbuf length fields */
 623              		.loc 1 604 3 discriminator 2 view .LVU172
 604:Middlewares/Third_Party/LwIP/src/core/pbuf.c ****   /* modify pbuf length fields */
 624              		.loc 1 604 35 is_stmt 0 discriminator 2 view .LVU173
 625 001c 2144     		add	r1, r1, r4
 626              	.LVL50:
 604:Middlewares/Third_Party/LwIP/src/core/pbuf.c ****   /* modify pbuf length fields */
 627              		.loc 1 604 14 discriminator 2 view .LVU174
 628 001e 6960     		str	r1, [r5, #4]
 629              	.LVL51:
 606:Middlewares/Third_Party/LwIP/src/core/pbuf.c ****   p->tot_len = (u16_t)(p->tot_len - increment_magnitude);
 630              		.loc 1 606 3 is_stmt 1 discriminator 2 view .LVU175
 606:Middlewares/Third_Party/LwIP/src/core/pbuf.c ****   p->tot_len = (u16_t)(p->tot_len - increment_magnitude);
 631              		.loc 1 606 12 is_stmt 0 discriminator 2 view .LVU176
 632 0020 9B1A     		subs	r3, r3, r2
ARM GAS  /tmp/ccCCDAAl.s 			page 35


 606:Middlewares/Third_Party/LwIP/src/core/pbuf.c ****   p->tot_len = (u16_t)(p->tot_len - increment_magnitude);
 633              		.loc 1 606 10 discriminator 2 view .LVU177
 634 0022 6B81     		strh	r3, [r5, #10]	@ movhi
 607:Middlewares/Third_Party/LwIP/src/core/pbuf.c **** 
 635              		.loc 1 607 3 is_stmt 1 discriminator 2 view .LVU178
 607:Middlewares/Third_Party/LwIP/src/core/pbuf.c **** 
 636              		.loc 1 607 25 is_stmt 0 discriminator 2 view .LVU179
 637 0024 2B89     		ldrh	r3, [r5, #8]
 607:Middlewares/Third_Party/LwIP/src/core/pbuf.c **** 
 638              		.loc 1 607 16 discriminator 2 view .LVU180
 639 0026 9A1A     		subs	r2, r3, r2
 640              	.LVL52:
 607:Middlewares/Third_Party/LwIP/src/core/pbuf.c **** 
 641              		.loc 1 607 14 discriminator 2 view .LVU181
 642 0028 2A81     		strh	r2, [r5, #8]	@ movhi
 609:Middlewares/Third_Party/LwIP/src/core/pbuf.c ****               (void *)payload, (void *)p->payload, increment_magnitude));
 643              		.loc 1 609 3 is_stmt 1 discriminator 2 view .LVU182
 609:Middlewares/Third_Party/LwIP/src/core/pbuf.c ****               (void *)payload, (void *)p->payload, increment_magnitude));
 644              		.loc 1 609 3 discriminator 2 view .LVU183
 609:Middlewares/Third_Party/LwIP/src/core/pbuf.c ****               (void *)payload, (void *)p->payload, increment_magnitude));
 645              		.loc 1 609 3 discriminator 2 view .LVU184
 612:Middlewares/Third_Party/LwIP/src/core/pbuf.c **** }
 646              		.loc 1 612 3 discriminator 2 view .LVU185
 612:Middlewares/Third_Party/LwIP/src/core/pbuf.c **** }
 647              		.loc 1 612 10 is_stmt 0 discriminator 2 view .LVU186
 648 002a 0020     		movs	r0, #0
 649              	.LVL53:
 650              	.L42:
 613:Middlewares/Third_Party/LwIP/src/core/pbuf.c **** 
 651              		.loc 1 613 1 view .LVU187
 652 002c 38BD     		pop	{r3, r4, r5, pc}
 653              	.LVL54:
 654              	.L48:
 587:Middlewares/Third_Party/LwIP/src/core/pbuf.c ****   if ((p == NULL) || (header_size_decrement > 0xFFFF)) {
 655              		.loc 1 587 3 is_stmt 1 discriminator 1 view .LVU188
 587:Middlewares/Third_Party/LwIP/src/core/pbuf.c ****   if ((p == NULL) || (header_size_decrement > 0xFFFF)) {
 656              		.loc 1 587 3 discriminator 1 view .LVU189
 657 002e 0B4B     		ldr	r3, .L50
 658 0030 40F24B22 		movw	r2, #587
 659 0034 0A49     		ldr	r1, .L50+4
 660              	.LVL55:
 587:Middlewares/Third_Party/LwIP/src/core/pbuf.c ****   if ((p == NULL) || (header_size_decrement > 0xFFFF)) {
 661              		.loc 1 587 3 is_stmt 0 discriminator 1 view .LVU190
 662 0036 0B48     		ldr	r0, .L50+8
 663              	.LVL56:
 587:Middlewares/Third_Party/LwIP/src/core/pbuf.c ****   if ((p == NULL) || (header_size_decrement > 0xFFFF)) {
 664              		.loc 1 587 3 discriminator 1 view .LVU191
 665 0038 FFF7FEFF 		bl	printf
 666              	.LVL57:
 667 003c E4E7     		b	.L41
 668              	.LVL58:
 669              	.L49:
 597:Middlewares/Third_Party/LwIP/src/core/pbuf.c **** 
 670              		.loc 1 597 3 is_stmt 1 discriminator 1 view .LVU192
 597:Middlewares/Third_Party/LwIP/src/core/pbuf.c **** 
 671              		.loc 1 597 3 discriminator 1 view .LVU193
 672 003e 074B     		ldr	r3, .L50
ARM GAS  /tmp/ccCCDAAl.s 			page 36


 673 0040 40F25522 		movw	r2, #597
 674              	.LVL59:
 597:Middlewares/Third_Party/LwIP/src/core/pbuf.c **** 
 675              		.loc 1 597 3 is_stmt 0 discriminator 1 view .LVU194
 676 0044 0849     		ldr	r1, .L50+12
 677 0046 0748     		ldr	r0, .L50+8
 678 0048 FFF7FEFF 		bl	printf
 679              	.LVL60:
 597:Middlewares/Third_Party/LwIP/src/core/pbuf.c **** 
 680              		.loc 1 597 3 is_stmt 1 discriminator 1 view .LVU195
 597:Middlewares/Third_Party/LwIP/src/core/pbuf.c **** 
 681              		.loc 1 597 3 discriminator 1 view .LVU196
 682 004c 0120     		movs	r0, #1
 683 004e EDE7     		b	.L42
 684              	.LVL61:
 685              	.L44:
 589:Middlewares/Third_Party/LwIP/src/core/pbuf.c ****   }
 686              		.loc 1 589 12 is_stmt 0 view .LVU197
 687 0050 0120     		movs	r0, #1
 688 0052 EBE7     		b	.L42
 689              	.L45:
 589:Middlewares/Third_Party/LwIP/src/core/pbuf.c ****   }
 690              		.loc 1 589 12 view .LVU198
 691 0054 0120     		movs	r0, #1
 692 0056 E9E7     		b	.L42
 693              	.L46:
 592:Middlewares/Third_Party/LwIP/src/core/pbuf.c ****   }
 694              		.loc 1 592 12 view .LVU199
 695 0058 0020     		movs	r0, #0
 696 005a E7E7     		b	.L42
 697              	.L51:
 698              		.align	2
 699              	.L50:
 700 005c 00000000 		.word	.LC0
 701 0060 30000000 		.word	.LC1
 702 0064 3C000000 		.word	.LC2
 703 0068 00000000 		.word	.LC4
 704              		.cfi_endproc
 705              	.LFE167:
 707              		.section	.text.pbuf_header_impl,"ax",%progbits
 708              		.align	1
 709              		.syntax unified
 710              		.thumb
 711              		.thumb_func
 712              		.fpu fpv4-sp-d16
 714              	pbuf_header_impl:
 715              	.LVL62:
 716              	.LFB168:
 617:Middlewares/Third_Party/LwIP/src/core/pbuf.c ****   if (header_size_increment < 0) {
 717              		.loc 1 617 1 is_stmt 1 view -0
 718              		.cfi_startproc
 719              		@ args = 0, pretend = 0, frame = 0
 720              		@ frame_needed = 0, uses_anonymous_args = 0
 617:Middlewares/Third_Party/LwIP/src/core/pbuf.c ****   if (header_size_increment < 0) {
 721              		.loc 1 617 1 is_stmt 0 view .LVU201
 722 0000 08B5     		push	{r3, lr}
 723              	.LCFI14:
ARM GAS  /tmp/ccCCDAAl.s 			page 37


 724              		.cfi_def_cfa_offset 8
 725              		.cfi_offset 3, -8
 726              		.cfi_offset 14, -4
 618:Middlewares/Third_Party/LwIP/src/core/pbuf.c ****     return pbuf_remove_header(p, (size_t) - header_size_increment);
 727              		.loc 1 618 3 is_stmt 1 view .LVU202
 618:Middlewares/Third_Party/LwIP/src/core/pbuf.c ****     return pbuf_remove_header(p, (size_t) - header_size_increment);
 728              		.loc 1 618 6 is_stmt 0 view .LVU203
 729 0002 0029     		cmp	r1, #0
 730              	.LVL63:
 618:Middlewares/Third_Party/LwIP/src/core/pbuf.c ****     return pbuf_remove_header(p, (size_t) - header_size_increment);
 731              		.loc 1 618 6 view .LVU204
 732 0004 02DB     		blt	.L56
 621:Middlewares/Third_Party/LwIP/src/core/pbuf.c ****   }
 733              		.loc 1 621 5 is_stmt 1 view .LVU205
 621:Middlewares/Third_Party/LwIP/src/core/pbuf.c ****   }
 734              		.loc 1 621 12 is_stmt 0 view .LVU206
 735 0006 FFF7FEFF 		bl	pbuf_add_header_impl
 736              	.LVL64:
 737              	.L54:
 623:Middlewares/Third_Party/LwIP/src/core/pbuf.c **** 
 738              		.loc 1 623 1 view .LVU207
 739 000a 08BD     		pop	{r3, pc}
 740              	.LVL65:
 741              	.L56:
 619:Middlewares/Third_Party/LwIP/src/core/pbuf.c ****   } else {
 742              		.loc 1 619 5 is_stmt 1 view .LVU208
 619:Middlewares/Third_Party/LwIP/src/core/pbuf.c ****   } else {
 743              		.loc 1 619 12 is_stmt 0 view .LVU209
 744 000c 4942     		rsbs	r1, r1, #0
 745 000e FFF7FEFF 		bl	pbuf_remove_header
 746              	.LVL66:
 619:Middlewares/Third_Party/LwIP/src/core/pbuf.c ****   } else {
 747              		.loc 1 619 12 view .LVU210
 748 0012 FAE7     		b	.L54
 749              		.cfi_endproc
 750              	.LFE168:
 752              		.section	.text.pbuf_header,"ax",%progbits
 753              		.align	1
 754              		.global	pbuf_header
 755              		.syntax unified
 756              		.thumb
 757              		.thumb_func
 758              		.fpu fpv4-sp-d16
 760              	pbuf_header:
 761              	.LVL67:
 762              	.LFB169:
 647:Middlewares/Third_Party/LwIP/src/core/pbuf.c ****   return pbuf_header_impl(p, header_size_increment, 0);
 763              		.loc 1 647 1 is_stmt 1 view -0
 764              		.cfi_startproc
 765              		@ args = 0, pretend = 0, frame = 0
 766              		@ frame_needed = 0, uses_anonymous_args = 0
 647:Middlewares/Third_Party/LwIP/src/core/pbuf.c ****   return pbuf_header_impl(p, header_size_increment, 0);
 767              		.loc 1 647 1 is_stmt 0 view .LVU212
 768 0000 08B5     		push	{r3, lr}
 769              	.LCFI15:
 770              		.cfi_def_cfa_offset 8
 771              		.cfi_offset 3, -8
ARM GAS  /tmp/ccCCDAAl.s 			page 38


 772              		.cfi_offset 14, -4
 648:Middlewares/Third_Party/LwIP/src/core/pbuf.c **** }
 773              		.loc 1 648 3 is_stmt 1 view .LVU213
 648:Middlewares/Third_Party/LwIP/src/core/pbuf.c **** }
 774              		.loc 1 648 10 is_stmt 0 view .LVU214
 775 0002 0022     		movs	r2, #0
 776 0004 FFF7FEFF 		bl	pbuf_header_impl
 777              	.LVL68:
 649:Middlewares/Third_Party/LwIP/src/core/pbuf.c **** 
 778              		.loc 1 649 1 view .LVU215
 779 0008 08BD     		pop	{r3, pc}
 780              		.cfi_endproc
 781              	.LFE169:
 783              		.section	.text.pbuf_header_force,"ax",%progbits
 784              		.align	1
 785              		.global	pbuf_header_force
 786              		.syntax unified
 787              		.thumb
 788              		.thumb_func
 789              		.fpu fpv4-sp-d16
 791              	pbuf_header_force:
 792              	.LVL69:
 793              	.LFB170:
 657:Middlewares/Third_Party/LwIP/src/core/pbuf.c ****   return pbuf_header_impl(p, header_size_increment, 1);
 794              		.loc 1 657 1 is_stmt 1 view -0
 795              		.cfi_startproc
 796              		@ args = 0, pretend = 0, frame = 0
 797              		@ frame_needed = 0, uses_anonymous_args = 0
 657:Middlewares/Third_Party/LwIP/src/core/pbuf.c ****   return pbuf_header_impl(p, header_size_increment, 1);
 798              		.loc 1 657 1 is_stmt 0 view .LVU217
 799 0000 08B5     		push	{r3, lr}
 800              	.LCFI16:
 801              		.cfi_def_cfa_offset 8
 802              		.cfi_offset 3, -8
 803              		.cfi_offset 14, -4
 658:Middlewares/Third_Party/LwIP/src/core/pbuf.c **** }
 804              		.loc 1 658 3 is_stmt 1 view .LVU218
 658:Middlewares/Third_Party/LwIP/src/core/pbuf.c **** }
 805              		.loc 1 658 10 is_stmt 0 view .LVU219
 806 0002 0122     		movs	r2, #1
 807 0004 FFF7FEFF 		bl	pbuf_header_impl
 808              	.LVL70:
 659:Middlewares/Third_Party/LwIP/src/core/pbuf.c **** 
 809              		.loc 1 659 1 view .LVU220
 810 0008 08BD     		pop	{r3, pc}
 811              		.cfi_endproc
 812              	.LFE170:
 814              		.section	.rodata.pbuf_free.str1.4,"aMS",%progbits,1
 815              		.align	2
 816              	.LC5:
 817 0000 70627566 		.ascii	"pbuf_free: p->ref > 0\000"
 817      5F667265 
 817      653A2070 
 817      2D3E7265 
 817      66203E20 
 818 0016 0000     		.align	2
 819              	.LC6:
ARM GAS  /tmp/ccCCDAAl.s 			page 39


 820 0018 70632D3E 		.ascii	"pc->custom_free_function != NULL\000"
 820      63757374 
 820      6F6D5F66 
 820      7265655F 
 820      66756E63 
 821 0039 000000   		.align	2
 822              	.LC7:
 823 003c 696E7661 		.ascii	"invalid pbuf type\000"
 823      6C696420 
 823      70627566 
 823      20747970 
 823      6500
 824              		.section	.text.pbuf_free,"ax",%progbits
 825              		.align	1
 826              		.global	pbuf_free
 827              		.syntax unified
 828              		.thumb
 829              		.thumb_func
 830              		.fpu fpv4-sp-d16
 832              	pbuf_free:
 833              	.LVL71:
 834              	.LFB172:
 726:Middlewares/Third_Party/LwIP/src/core/pbuf.c ****   u8_t alloc_src;
 835              		.loc 1 726 1 is_stmt 1 view -0
 836              		.cfi_startproc
 837              		@ args = 0, pretend = 0, frame = 0
 838              		@ frame_needed = 0, uses_anonymous_args = 0
 726:Middlewares/Third_Party/LwIP/src/core/pbuf.c ****   u8_t alloc_src;
 839              		.loc 1 726 1 is_stmt 0 view .LVU222
 840 0000 70B5     		push	{r4, r5, r6, lr}
 841              	.LCFI17:
 842              		.cfi_def_cfa_offset 16
 843              		.cfi_offset 4, -16
 844              		.cfi_offset 5, -12
 845              		.cfi_offset 6, -8
 846              		.cfi_offset 14, -4
 727:Middlewares/Third_Party/LwIP/src/core/pbuf.c ****   struct pbuf *q;
 847              		.loc 1 727 3 is_stmt 1 view .LVU223
 728:Middlewares/Third_Party/LwIP/src/core/pbuf.c ****   u8_t count;
 848              		.loc 1 728 3 view .LVU224
 729:Middlewares/Third_Party/LwIP/src/core/pbuf.c **** 
 849              		.loc 1 729 3 view .LVU225
 731:Middlewares/Third_Party/LwIP/src/core/pbuf.c ****     LWIP_ASSERT("p != NULL", p != NULL);
 850              		.loc 1 731 3 view .LVU226
 731:Middlewares/Third_Party/LwIP/src/core/pbuf.c ****     LWIP_ASSERT("p != NULL", p != NULL);
 851              		.loc 1 731 6 is_stmt 0 view .LVU227
 852 0002 10B1     		cbz	r0, .L74
 853 0004 0446     		mov	r4, r0
 742:Middlewares/Third_Party/LwIP/src/core/pbuf.c ****   /* de-allocate all consecutive pbufs from the head of the chain that
 854              		.loc 1 742 9 view .LVU228
 855 0006 0025     		movs	r5, #0
 856 0008 17E0     		b	.L62
 857              	.L74:
 732:Middlewares/Third_Party/LwIP/src/core/pbuf.c ****     /* if assertions are disabled, proceed with debug output */
 858              		.loc 1 732 5 is_stmt 1 discriminator 1 view .LVU229
 732:Middlewares/Third_Party/LwIP/src/core/pbuf.c ****     /* if assertions are disabled, proceed with debug output */
 859              		.loc 1 732 5 discriminator 1 view .LVU230
ARM GAS  /tmp/ccCCDAAl.s 			page 40


 732:Middlewares/Third_Party/LwIP/src/core/pbuf.c ****     /* if assertions are disabled, proceed with debug output */
 860              		.loc 1 732 5 discriminator 1 view .LVU231
 732:Middlewares/Third_Party/LwIP/src/core/pbuf.c ****     /* if assertions are disabled, proceed with debug output */
 861              		.loc 1 732 5 discriminator 1 view .LVU232
 862 000a 284B     		ldr	r3, .L78
 863 000c 4FF43772 		mov	r2, #732
 864 0010 2749     		ldr	r1, .L78+4
 865 0012 2848     		ldr	r0, .L78+8
 866              	.LVL72:
 732:Middlewares/Third_Party/LwIP/src/core/pbuf.c ****     /* if assertions are disabled, proceed with debug output */
 867              		.loc 1 732 5 is_stmt 0 discriminator 1 view .LVU233
 868 0014 FFF7FEFF 		bl	printf
 869              	.LVL73:
 732:Middlewares/Third_Party/LwIP/src/core/pbuf.c ****     /* if assertions are disabled, proceed with debug output */
 870              		.loc 1 732 5 is_stmt 1 discriminator 1 view .LVU234
 732:Middlewares/Third_Party/LwIP/src/core/pbuf.c ****     /* if assertions are disabled, proceed with debug output */
 871              		.loc 1 732 5 discriminator 1 view .LVU235
 734:Middlewares/Third_Party/LwIP/src/core/pbuf.c ****                 ("pbuf_free(p == NULL) was called.\n"));
 872              		.loc 1 734 5 discriminator 1 view .LVU236
 734:Middlewares/Third_Party/LwIP/src/core/pbuf.c ****                 ("pbuf_free(p == NULL) was called.\n"));
 873              		.loc 1 734 5 discriminator 1 view .LVU237
 734:Middlewares/Third_Party/LwIP/src/core/pbuf.c ****                 ("pbuf_free(p == NULL) was called.\n"));
 874              		.loc 1 734 5 discriminator 1 view .LVU238
 736:Middlewares/Third_Party/LwIP/src/core/pbuf.c ****   }
 875              		.loc 1 736 5 discriminator 1 view .LVU239
 736:Middlewares/Third_Party/LwIP/src/core/pbuf.c ****   }
 876              		.loc 1 736 12 is_stmt 0 discriminator 1 view .LVU240
 877 0018 0025     		movs	r5, #0
 878              	.LVL74:
 879              	.L63:
 800:Middlewares/Third_Party/LwIP/src/core/pbuf.c **** 
 880              		.loc 1 800 1 view .LVU241
 881 001a 2846     		mov	r0, r5
 882 001c 70BD     		pop	{r4, r5, r6, pc}
 883              	.LVL75:
 884              	.L75:
 885              	.LBB2:
 753:Middlewares/Third_Party/LwIP/src/core/pbuf.c ****     /* decrease reference count (number of pointers to pbuf) */
 886              		.loc 1 753 5 is_stmt 1 discriminator 1 view .LVU242
 753:Middlewares/Third_Party/LwIP/src/core/pbuf.c ****     /* decrease reference count (number of pointers to pbuf) */
 887              		.loc 1 753 5 discriminator 1 view .LVU243
 888 001e 234B     		ldr	r3, .L78
 889 0020 40F2F122 		movw	r2, #753
 890 0024 2449     		ldr	r1, .L78+12
 891 0026 2348     		ldr	r0, .L78+8
 892 0028 FFF7FEFF 		bl	printf
 893              	.LVL76:
 894 002c 0AE0     		b	.L64
 895              	.LVL77:
 896              	.L66:
 897              	.LBB3:
 767:Middlewares/Third_Party/LwIP/src/core/pbuf.c ****         pc->custom_free_function(p);
 898              		.loc 1 767 9 discriminator 3 view .LVU244
 767:Middlewares/Third_Party/LwIP/src/core/pbuf.c ****         pc->custom_free_function(p);
 899              		.loc 1 767 9 discriminator 3 view .LVU245
 768:Middlewares/Third_Party/LwIP/src/core/pbuf.c ****       } else
 900              		.loc 1 768 9 discriminator 3 view .LVU246
ARM GAS  /tmp/ccCCDAAl.s 			page 41


 768:Middlewares/Third_Party/LwIP/src/core/pbuf.c ****       } else
 901              		.loc 1 768 11 is_stmt 0 discriminator 3 view .LVU247
 902 002e 2369     		ldr	r3, [r4, #16]
 768:Middlewares/Third_Party/LwIP/src/core/pbuf.c ****       } else
 903              		.loc 1 768 9 discriminator 3 view .LVU248
 904 0030 2046     		mov	r0, r4
 905 0032 9847     		blx	r3
 906              	.LVL78:
 907              	.L67:
 768:Middlewares/Third_Party/LwIP/src/core/pbuf.c ****       } else
 908              		.loc 1 768 9 discriminator 3 view .LVU249
 909              	.LBE3:
 783:Middlewares/Third_Party/LwIP/src/core/pbuf.c ****         }
 910              		.loc 1 783 11 is_stmt 1 discriminator 3 view .LVU250
 783:Middlewares/Third_Party/LwIP/src/core/pbuf.c ****         }
 911              		.loc 1 783 11 discriminator 3 view .LVU251
 786:Middlewares/Third_Party/LwIP/src/core/pbuf.c ****       /* proceed to next pbuf */
 912              		.loc 1 786 7 discriminator 3 view .LVU252
 786:Middlewares/Third_Party/LwIP/src/core/pbuf.c ****       /* proceed to next pbuf */
 913              		.loc 1 786 12 is_stmt 0 discriminator 3 view .LVU253
 914 0034 0135     		adds	r5, r5, #1
 915              	.LVL79:
 786:Middlewares/Third_Party/LwIP/src/core/pbuf.c ****       /* proceed to next pbuf */
 916              		.loc 1 786 12 discriminator 3 view .LVU254
 917 0036 EDB2     		uxtb	r5, r5
 918              	.LVL80:
 788:Middlewares/Third_Party/LwIP/src/core/pbuf.c ****       /* p->ref > 0, this pbuf is still referenced to */
 919              		.loc 1 788 7 is_stmt 1 discriminator 3 view .LVU255
 788:Middlewares/Third_Party/LwIP/src/core/pbuf.c ****       /* p->ref > 0, this pbuf is still referenced to */
 920              		.loc 1 788 9 is_stmt 0 discriminator 3 view .LVU256
 921 0038 3446     		mov	r4, r6
 922              	.LVL81:
 923              	.L62:
 788:Middlewares/Third_Party/LwIP/src/core/pbuf.c ****       /* p->ref > 0, this pbuf is still referenced to */
 924              		.loc 1 788 9 discriminator 3 view .LVU257
 925              	.LBE2:
 745:Middlewares/Third_Party/LwIP/src/core/pbuf.c ****     LWIP_PBUF_REF_T ref;
 926              		.loc 1 745 9 is_stmt 1 view .LVU258
 927 003a 002C     		cmp	r4, #0
 928 003c EDD0     		beq	.L63
 929              	.LBB5:
 746:Middlewares/Third_Party/LwIP/src/core/pbuf.c ****     SYS_ARCH_DECL_PROTECT(old_level);
 930              		.loc 1 746 5 view .LVU259
 747:Middlewares/Third_Party/LwIP/src/core/pbuf.c ****     /* Since decrementing ref cannot be guaranteed to be a single machine operation
 931              		.loc 1 747 37 view .LVU260
 751:Middlewares/Third_Party/LwIP/src/core/pbuf.c ****     /* all pbufs in a chain are referenced at least once */
 932              		.loc 1 751 32 view .LVU261
 753:Middlewares/Third_Party/LwIP/src/core/pbuf.c ****     /* decrease reference count (number of pointers to pbuf) */
 933              		.loc 1 753 5 view .LVU262
 753:Middlewares/Third_Party/LwIP/src/core/pbuf.c ****     /* decrease reference count (number of pointers to pbuf) */
 934              		.loc 1 753 5 view .LVU263
 935 003e A37B     		ldrb	r3, [r4, #14]	@ zero_extendqisi2
 936 0040 002B     		cmp	r3, #0
 937 0042 ECD0     		beq	.L75
 938              	.L64:
 753:Middlewares/Third_Party/LwIP/src/core/pbuf.c ****     /* decrease reference count (number of pointers to pbuf) */
 939              		.loc 1 753 5 discriminator 3 view .LVU264
ARM GAS  /tmp/ccCCDAAl.s 			page 42


 753:Middlewares/Third_Party/LwIP/src/core/pbuf.c ****     /* decrease reference count (number of pointers to pbuf) */
 940              		.loc 1 753 5 discriminator 3 view .LVU265
 755:Middlewares/Third_Party/LwIP/src/core/pbuf.c ****     SYS_ARCH_UNPROTECT(old_level);
 941              		.loc 1 755 5 discriminator 3 view .LVU266
 755:Middlewares/Third_Party/LwIP/src/core/pbuf.c ****     SYS_ARCH_UNPROTECT(old_level);
 942              		.loc 1 755 15 is_stmt 0 discriminator 3 view .LVU267
 943 0044 A37B     		ldrb	r3, [r4, #14]	@ zero_extendqisi2
 755:Middlewares/Third_Party/LwIP/src/core/pbuf.c ****     SYS_ARCH_UNPROTECT(old_level);
 944              		.loc 1 755 11 discriminator 3 view .LVU268
 945 0046 013B     		subs	r3, r3, #1
 946 0048 DBB2     		uxtb	r3, r3
 755:Middlewares/Third_Party/LwIP/src/core/pbuf.c ****     SYS_ARCH_UNPROTECT(old_level);
 947              		.loc 1 755 9 discriminator 3 view .LVU269
 948 004a A373     		strb	r3, [r4, #14]
 949              	.LVL82:
 756:Middlewares/Third_Party/LwIP/src/core/pbuf.c ****     /* this pbuf is no longer referenced to? */
 950              		.loc 1 756 34 is_stmt 1 discriminator 3 view .LVU270
 758:Middlewares/Third_Party/LwIP/src/core/pbuf.c ****       /* remember next pbuf in chain for next iteration */
 951              		.loc 1 758 5 discriminator 3 view .LVU271
 758:Middlewares/Third_Party/LwIP/src/core/pbuf.c ****       /* remember next pbuf in chain for next iteration */
 952              		.loc 1 758 8 is_stmt 0 discriminator 3 view .LVU272
 953 004c 002B     		cmp	r3, #0
 954 004e E4D1     		bne	.L63
 760:Middlewares/Third_Party/LwIP/src/core/pbuf.c ****       LWIP_DEBUGF( PBUF_DEBUG | LWIP_DBG_TRACE, ("pbuf_free: deallocating %p\n", (void *)p));
 955              		.loc 1 760 7 is_stmt 1 view .LVU273
 760:Middlewares/Third_Party/LwIP/src/core/pbuf.c ****       LWIP_DEBUGF( PBUF_DEBUG | LWIP_DBG_TRACE, ("pbuf_free: deallocating %p\n", (void *)p));
 956              		.loc 1 760 9 is_stmt 0 view .LVU274
 957 0050 2668     		ldr	r6, [r4]
 958              	.LVL83:
 761:Middlewares/Third_Party/LwIP/src/core/pbuf.c ****       alloc_src = pbuf_get_allocsrc(p);
 959              		.loc 1 761 7 is_stmt 1 view .LVU275
 761:Middlewares/Third_Party/LwIP/src/core/pbuf.c ****       alloc_src = pbuf_get_allocsrc(p);
 960              		.loc 1 761 7 view .LVU276
 761:Middlewares/Third_Party/LwIP/src/core/pbuf.c ****       alloc_src = pbuf_get_allocsrc(p);
 961              		.loc 1 761 7 view .LVU277
 762:Middlewares/Third_Party/LwIP/src/core/pbuf.c **** #if LWIP_SUPPORT_CUSTOM_PBUF
 962              		.loc 1 762 7 view .LVU278
 762:Middlewares/Third_Party/LwIP/src/core/pbuf.c **** #if LWIP_SUPPORT_CUSTOM_PBUF
 963              		.loc 1 762 19 is_stmt 0 view .LVU279
 964 0052 237B     		ldrb	r3, [r4, #12]	@ zero_extendqisi2
 965              	.LVL84:
 762:Middlewares/Third_Party/LwIP/src/core/pbuf.c **** #if LWIP_SUPPORT_CUSTOM_PBUF
 966              		.loc 1 762 17 view .LVU280
 967 0054 03F00F03 		and	r3, r3, #15
 968              	.LVL85:
 765:Middlewares/Third_Party/LwIP/src/core/pbuf.c ****         struct pbuf_custom *pc = (struct pbuf_custom *)p;
 969              		.loc 1 765 7 is_stmt 1 view .LVU281
 765:Middlewares/Third_Party/LwIP/src/core/pbuf.c ****         struct pbuf_custom *pc = (struct pbuf_custom *)p;
 970              		.loc 1 765 13 is_stmt 0 view .LVU282
 971 0058 627B     		ldrb	r2, [r4, #13]	@ zero_extendqisi2
 765:Middlewares/Third_Party/LwIP/src/core/pbuf.c ****         struct pbuf_custom *pc = (struct pbuf_custom *)p;
 972              		.loc 1 765 10 view .LVU283
 973 005a 12F0020F 		tst	r2, #2
 974 005e 0AD0     		beq	.L65
 975              	.LBB4:
 766:Middlewares/Third_Party/LwIP/src/core/pbuf.c ****         LWIP_ASSERT("pc->custom_free_function != NULL", pc->custom_free_function != NULL);
 976              		.loc 1 766 9 is_stmt 1 view .LVU284
ARM GAS  /tmp/ccCCDAAl.s 			page 43


 977              	.LVL86:
 767:Middlewares/Third_Party/LwIP/src/core/pbuf.c ****         pc->custom_free_function(p);
 978              		.loc 1 767 9 view .LVU285
 767:Middlewares/Third_Party/LwIP/src/core/pbuf.c ****         pc->custom_free_function(p);
 979              		.loc 1 767 9 view .LVU286
 980 0060 2369     		ldr	r3, [r4, #16]
 981              	.LVL87:
 767:Middlewares/Third_Party/LwIP/src/core/pbuf.c ****         pc->custom_free_function(p);
 982              		.loc 1 767 9 is_stmt 0 view .LVU287
 983 0062 002B     		cmp	r3, #0
 984 0064 E3D1     		bne	.L66
 767:Middlewares/Third_Party/LwIP/src/core/pbuf.c ****         pc->custom_free_function(p);
 985              		.loc 1 767 9 is_stmt 1 discriminator 1 view .LVU288
 767:Middlewares/Third_Party/LwIP/src/core/pbuf.c ****         pc->custom_free_function(p);
 986              		.loc 1 767 9 discriminator 1 view .LVU289
 987 0066 114B     		ldr	r3, .L78
 988 0068 40F2FF22 		movw	r2, #767
 989 006c 1349     		ldr	r1, .L78+16
 990 006e 1148     		ldr	r0, .L78+8
 991 0070 FFF7FEFF 		bl	printf
 992              	.LVL88:
 767:Middlewares/Third_Party/LwIP/src/core/pbuf.c ****         pc->custom_free_function(p);
 993              		.loc 1 767 9 is_stmt 0 discriminator 1 view .LVU290
 994 0074 DBE7     		b	.L66
 995              	.LVL89:
 996              	.L65:
 767:Middlewares/Third_Party/LwIP/src/core/pbuf.c ****         pc->custom_free_function(p);
 997              		.loc 1 767 9 discriminator 1 view .LVU291
 998              	.LBE4:
 773:Middlewares/Third_Party/LwIP/src/core/pbuf.c ****           memp_free(MEMP_PBUF_POOL, p);
 999              		.loc 1 773 9 is_stmt 1 view .LVU292
 773:Middlewares/Third_Party/LwIP/src/core/pbuf.c ****           memp_free(MEMP_PBUF_POOL, p);
 1000              		.loc 1 773 12 is_stmt 0 view .LVU293
 1001 0076 022B     		cmp	r3, #2
 1002 0078 06D0     		beq	.L76
 776:Middlewares/Third_Party/LwIP/src/core/pbuf.c ****           memp_free(MEMP_PBUF, p);
 1003              		.loc 1 776 16 is_stmt 1 view .LVU294
 776:Middlewares/Third_Party/LwIP/src/core/pbuf.c ****           memp_free(MEMP_PBUF, p);
 1004              		.loc 1 776 19 is_stmt 0 view .LVU295
 1005 007a 012B     		cmp	r3, #1
 1006 007c 09D0     		beq	.L77
 779:Middlewares/Third_Party/LwIP/src/core/pbuf.c ****           mem_free(p);
 1007              		.loc 1 779 16 is_stmt 1 view .LVU296
 779:Middlewares/Third_Party/LwIP/src/core/pbuf.c ****           mem_free(p);
 1008              		.loc 1 779 19 is_stmt 0 view .LVU297
 1009 007e 6BB9     		cbnz	r3, .L70
 780:Middlewares/Third_Party/LwIP/src/core/pbuf.c ****         } else {
 1010              		.loc 1 780 11 is_stmt 1 view .LVU298
 1011 0080 2046     		mov	r0, r4
 1012 0082 FFF7FEFF 		bl	mem_free
 1013              	.LVL90:
 780:Middlewares/Third_Party/LwIP/src/core/pbuf.c ****         } else {
 1014              		.loc 1 780 11 is_stmt 0 view .LVU299
 1015 0086 D5E7     		b	.L67
 1016              	.LVL91:
 1017              	.L76:
 774:Middlewares/Third_Party/LwIP/src/core/pbuf.c ****           /* is this a ROM or RAM referencing pbuf? */
ARM GAS  /tmp/ccCCDAAl.s 			page 44


 1018              		.loc 1 774 11 is_stmt 1 view .LVU300
 1019 0088 2146     		mov	r1, r4
 1020 008a 0A20     		movs	r0, #10
 1021 008c FFF7FEFF 		bl	memp_free
 1022              	.LVL92:
 774:Middlewares/Third_Party/LwIP/src/core/pbuf.c ****           /* is this a ROM or RAM referencing pbuf? */
 1023              		.loc 1 774 11 is_stmt 0 view .LVU301
 1024 0090 D0E7     		b	.L67
 1025              	.LVL93:
 1026              	.L77:
 777:Middlewares/Third_Party/LwIP/src/core/pbuf.c ****           /* type == PBUF_RAM */
 1027              		.loc 1 777 11 is_stmt 1 view .LVU302
 1028 0092 2146     		mov	r1, r4
 1029 0094 0920     		movs	r0, #9
 1030 0096 FFF7FEFF 		bl	memp_free
 1031              	.LVL94:
 777:Middlewares/Third_Party/LwIP/src/core/pbuf.c ****           /* type == PBUF_RAM */
 1032              		.loc 1 777 11 is_stmt 0 view .LVU303
 1033 009a CBE7     		b	.L67
 1034              	.LVL95:
 1035              	.L70:
 783:Middlewares/Third_Party/LwIP/src/core/pbuf.c ****         }
 1036              		.loc 1 783 11 is_stmt 1 discriminator 1 view .LVU304
 783:Middlewares/Third_Party/LwIP/src/core/pbuf.c ****         }
 1037              		.loc 1 783 11 discriminator 1 view .LVU305
 783:Middlewares/Third_Party/LwIP/src/core/pbuf.c ****         }
 1038              		.loc 1 783 11 discriminator 1 view .LVU306
 783:Middlewares/Third_Party/LwIP/src/core/pbuf.c ****         }
 1039              		.loc 1 783 11 discriminator 1 view .LVU307
 1040 009c 034B     		ldr	r3, .L78
 1041              	.LVL96:
 783:Middlewares/Third_Party/LwIP/src/core/pbuf.c ****         }
 1042              		.loc 1 783 11 is_stmt 0 discriminator 1 view .LVU308
 1043 009e 40F20F32 		movw	r2, #783
 1044 00a2 0749     		ldr	r1, .L78+20
 1045 00a4 0348     		ldr	r0, .L78+8
 1046 00a6 FFF7FEFF 		bl	printf
 1047              	.LVL97:
 783:Middlewares/Third_Party/LwIP/src/core/pbuf.c ****         }
 1048              		.loc 1 783 11 discriminator 1 view .LVU309
 1049 00aa C3E7     		b	.L67
 1050              	.L79:
 1051              		.align	2
 1052              	.L78:
 1053 00ac 00000000 		.word	.LC0
 1054 00b0 30000000 		.word	.LC1
 1055 00b4 3C000000 		.word	.LC2
 1056 00b8 00000000 		.word	.LC5
 1057 00bc 18000000 		.word	.LC6
 1058 00c0 3C000000 		.word	.LC7
 1059              	.LBE5:
 1060              		.cfi_endproc
 1061              	.LFE172:
 1063              		.section	.rodata.pbuf_alloc.str1.4,"aMS",%progbits,1
 1064              		.align	2
 1065              	.LC8:
 1066 0000 70627566 		.ascii	"pbuf_alloc: pbuf q->payload properly aligned\000"
ARM GAS  /tmp/ccCCDAAl.s 			page 45


 1066      5F616C6C 
 1066      6F633A20 
 1066      70627566 
 1066      20712D3E 
 1067 002d 000000   		.align	2
 1068              	.LC9:
 1069 0030 50425546 		.ascii	"PBUF_POOL_BUFSIZE must be bigger than MEM_ALIGNMENT"
 1069      5F504F4F 
 1069      4C5F4255 
 1069      4653495A 
 1069      45206D75 
 1070 0063 00       		.ascii	"\000"
 1071              		.align	2
 1072              	.LC10:
 1073 0064 70627566 		.ascii	"pbuf_alloc: pbuf->payload properly aligned\000"
 1073      5F616C6C 
 1073      6F633A20 
 1073      70627566 
 1073      2D3E7061 
 1074 008f 00       		.align	2
 1075              	.LC11:
 1076 0090 70627566 		.ascii	"pbuf_alloc: erroneous type\000"
 1076      5F616C6C 
 1076      6F633A20 
 1076      6572726F 
 1076      6E656F75 
 1077              		.section	.text.pbuf_alloc,"ax",%progbits
 1078              		.align	1
 1079              		.global	pbuf_alloc
 1080              		.syntax unified
 1081              		.thumb
 1082              		.thumb_func
 1083              		.fpu fpv4-sp-d16
 1085              	pbuf_alloc:
 1086              	.LVL98:
 1087              	.LFB160:
 225:Middlewares/Third_Party/LwIP/src/core/pbuf.c ****   struct pbuf *p;
 1088              		.loc 1 225 1 is_stmt 1 view -0
 1089              		.cfi_startproc
 1090              		@ args = 0, pretend = 0, frame = 0
 1091              		@ frame_needed = 0, uses_anonymous_args = 0
 225:Middlewares/Third_Party/LwIP/src/core/pbuf.c ****   struct pbuf *p;
 1092              		.loc 1 225 1 is_stmt 0 view .LVU311
 1093 0000 2DE9F047 		push	{r4, r5, r6, r7, r8, r9, r10, lr}
 1094              	.LCFI18:
 1095              		.cfi_def_cfa_offset 32
 1096              		.cfi_offset 4, -32
 1097              		.cfi_offset 5, -28
 1098              		.cfi_offset 6, -24
 1099              		.cfi_offset 7, -20
 1100              		.cfi_offset 8, -16
 1101              		.cfi_offset 9, -12
 1102              		.cfi_offset 10, -8
 1103              		.cfi_offset 14, -4
 1104 0004 82B0     		sub	sp, sp, #8
 1105              	.LCFI19:
 1106              		.cfi_def_cfa_offset 40
ARM GAS  /tmp/ccCCDAAl.s 			page 46


 1107 0006 0E46     		mov	r6, r1
 1108 0008 9046     		mov	r8, r2
 226:Middlewares/Third_Party/LwIP/src/core/pbuf.c ****   u16_t offset = (u16_t)layer;
 1109              		.loc 1 226 3 is_stmt 1 view .LVU312
 227:Middlewares/Third_Party/LwIP/src/core/pbuf.c ****   LWIP_DEBUGF(PBUF_DEBUG | LWIP_DBG_TRACE, ("pbuf_alloc(length=%"U16_F")\n", length));
 1110              		.loc 1 227 3 view .LVU313
 227:Middlewares/Third_Party/LwIP/src/core/pbuf.c ****   LWIP_DEBUGF(PBUF_DEBUG | LWIP_DBG_TRACE, ("pbuf_alloc(length=%"U16_F")\n", length));
 1111              		.loc 1 227 9 is_stmt 0 view .LVU314
 1112 000a 85B2     		uxth	r5, r0
 1113              	.LVL99:
 228:Middlewares/Third_Party/LwIP/src/core/pbuf.c **** 
 1114              		.loc 1 228 3 is_stmt 1 view .LVU315
 228:Middlewares/Third_Party/LwIP/src/core/pbuf.c **** 
 1115              		.loc 1 228 3 view .LVU316
 228:Middlewares/Third_Party/LwIP/src/core/pbuf.c **** 
 1116              		.loc 1 228 3 view .LVU317
 230:Middlewares/Third_Party/LwIP/src/core/pbuf.c ****     case PBUF_REF: /* fall through */
 1117              		.loc 1 230 3 view .LVU318
 1118 000c B2F5C17F 		cmp	r2, #386
 1119 0010 46D0     		beq	.L92
 1120 0012 0746     		mov	r7, r0
 1121 0014 0ED8     		bhi	.L82
 1122 0016 012A     		cmp	r2, #1
 1123 0018 02D0     		beq	.L83
 1124 001a 412A     		cmp	r2, #65
 1125 001c 40F08380 		bne	.L84
 1126              	.L83:
 233:Middlewares/Third_Party/LwIP/src/core/pbuf.c ****       break;
 1127              		.loc 1 233 7 view .LVU319
 233:Middlewares/Third_Party/LwIP/src/core/pbuf.c ****       break;
 1128              		.loc 1 233 11 is_stmt 0 view .LVU320
 1129 0020 4246     		mov	r2, r8
 1130              	.LVL100:
 233:Middlewares/Third_Party/LwIP/src/core/pbuf.c ****       break;
 1131              		.loc 1 233 11 view .LVU321
 1132 0022 3146     		mov	r1, r6
 1133              	.LVL101:
 233:Middlewares/Third_Party/LwIP/src/core/pbuf.c ****       break;
 1134              		.loc 1 233 11 view .LVU322
 1135 0024 0020     		movs	r0, #0
 1136              	.LVL102:
 233:Middlewares/Third_Party/LwIP/src/core/pbuf.c ****       break;
 1137              		.loc 1 233 11 view .LVU323
 1138 0026 FFF7FEFF 		bl	pbuf_alloc_reference
 1139              	.LVL103:
 1140 002a 8146     		mov	r9, r0
 1141              	.LVL104:
 234:Middlewares/Third_Party/LwIP/src/core/pbuf.c ****     case PBUF_POOL: {
 1142              		.loc 1 234 7 is_stmt 1 view .LVU324
 1143              	.L80:
 300:Middlewares/Third_Party/LwIP/src/core/pbuf.c **** 
 1144              		.loc 1 300 1 is_stmt 0 view .LVU325
 1145 002c 4846     		mov	r0, r9
 1146 002e 02B0     		add	sp, sp, #8
 1147              	.LCFI20:
 1148              		.cfi_remember_state
 1149              		.cfi_def_cfa_offset 32
ARM GAS  /tmp/ccCCDAAl.s 			page 47


 1150              		@ sp needed
 1151 0030 BDE8F087 		pop	{r4, r5, r6, r7, r8, r9, r10, pc}
 1152              	.LVL105:
 1153              	.L82:
 1154              	.LCFI21:
 1155              		.cfi_restore_state
 230:Middlewares/Third_Party/LwIP/src/core/pbuf.c ****     case PBUF_REF: /* fall through */
 1156              		.loc 1 230 3 view .LVU326
 1157 0034 B2F5207F 		cmp	r2, #640
 1158 0038 75D1     		bne	.L84
 1159              	.LBB6:
 274:Middlewares/Third_Party/LwIP/src/core/pbuf.c ****       mem_size_t alloc_len = (mem_size_t)(LWIP_MEM_ALIGN_SIZE(SIZEOF_STRUCT_PBUF) + payload_len);
 1160              		.loc 1 274 7 is_stmt 1 view .LVU327
 274:Middlewares/Third_Party/LwIP/src/core/pbuf.c ****       mem_size_t alloc_len = (mem_size_t)(LWIP_MEM_ALIGN_SIZE(SIZEOF_STRUCT_PBUF) + payload_len);
 1161              		.loc 1 274 35 is_stmt 0 view .LVU328
 1162 003a 0335     		adds	r5, r5, #3
 1163              	.LVL106:
 274:Middlewares/Third_Party/LwIP/src/core/pbuf.c ****       mem_size_t alloc_len = (mem_size_t)(LWIP_MEM_ALIGN_SIZE(SIZEOF_STRUCT_PBUF) + payload_len);
 1164              		.loc 1 274 35 view .LVU329
 1165 003c 25F00305 		bic	r5, r5, #3
 1166              	.LVL107:
 274:Middlewares/Third_Party/LwIP/src/core/pbuf.c ****       mem_size_t alloc_len = (mem_size_t)(LWIP_MEM_ALIGN_SIZE(SIZEOF_STRUCT_PBUF) + payload_len);
 1167              		.loc 1 274 35 view .LVU330
 1168 0040 ADB2     		uxth	r5, r5
 274:Middlewares/Third_Party/LwIP/src/core/pbuf.c ****       mem_size_t alloc_len = (mem_size_t)(LWIP_MEM_ALIGN_SIZE(SIZEOF_STRUCT_PBUF) + payload_len);
 1169              		.loc 1 274 65 view .LVU331
 1170 0042 CA1C     		adds	r2, r1, #3
 1171              	.LVL108:
 274:Middlewares/Third_Party/LwIP/src/core/pbuf.c ****       mem_size_t alloc_len = (mem_size_t)(LWIP_MEM_ALIGN_SIZE(SIZEOF_STRUCT_PBUF) + payload_len);
 1172              		.loc 1 274 65 view .LVU332
 1173 0044 93B2     		uxth	r3, r2
 1174 0046 23F00303 		bic	r3, r3, #3
 274:Middlewares/Third_Party/LwIP/src/core/pbuf.c ****       mem_size_t alloc_len = (mem_size_t)(LWIP_MEM_ALIGN_SIZE(SIZEOF_STRUCT_PBUF) + payload_len);
 1175              		.loc 1 274 13 view .LVU333
 1176 004a 1D44     		add	r5, r5, r3
 1177 004c ADB2     		uxth	r5, r5
 1178              	.LVL109:
 275:Middlewares/Third_Party/LwIP/src/core/pbuf.c **** 
 1179              		.loc 1 275 7 is_stmt 1 view .LVU334
 275:Middlewares/Third_Party/LwIP/src/core/pbuf.c **** 
 1180              		.loc 1 275 18 is_stmt 0 view .LVU335
 1181 004e 05F11000 		add	r0, r5, #16
 1182              	.LVL110:
 275:Middlewares/Third_Party/LwIP/src/core/pbuf.c **** 
 1183              		.loc 1 275 18 view .LVU336
 1184 0052 80B2     		uxth	r0, r0
 1185              	.LVL111:
 278:Middlewares/Third_Party/LwIP/src/core/pbuf.c ****           (alloc_len < LWIP_MEM_ALIGN_SIZE(length))) {
 1186              		.loc 1 278 7 is_stmt 1 view .LVU337
 278:Middlewares/Third_Party/LwIP/src/core/pbuf.c ****           (alloc_len < LWIP_MEM_ALIGN_SIZE(length))) {
 1187              		.loc 1 278 26 is_stmt 0 view .LVU338
 1188 0054 22F00302 		bic	r2, r2, #3
 278:Middlewares/Third_Party/LwIP/src/core/pbuf.c ****           (alloc_len < LWIP_MEM_ALIGN_SIZE(length))) {
 1189              		.loc 1 278 10 view .LVU339
 1190 0058 9542     		cmp	r5, r2
 1191 005a 6ED3     		bcc	.L94
 278:Middlewares/Third_Party/LwIP/src/core/pbuf.c ****           (alloc_len < LWIP_MEM_ALIGN_SIZE(length))) {
ARM GAS  /tmp/ccCCDAAl.s 			page 48


 1192              		.loc 1 278 55 discriminator 1 view .LVU340
 1193 005c 8242     		cmp	r2, r0
 1194 005e 6FD8     		bhi	.L95
 284:Middlewares/Third_Party/LwIP/src/core/pbuf.c ****       if (p == NULL) {
 1195              		.loc 1 284 7 is_stmt 1 view .LVU341
 284:Middlewares/Third_Party/LwIP/src/core/pbuf.c ****       if (p == NULL) {
 1196              		.loc 1 284 26 is_stmt 0 view .LVU342
 1197 0060 FFF7FEFF 		bl	mem_malloc
 1198              	.LVL112:
 285:Middlewares/Third_Party/LwIP/src/core/pbuf.c ****         return NULL;
 1199              		.loc 1 285 7 is_stmt 1 view .LVU343
 285:Middlewares/Third_Party/LwIP/src/core/pbuf.c ****         return NULL;
 1200              		.loc 1 285 10 is_stmt 0 view .LVU344
 1201 0064 8146     		mov	r9, r0
 1202 0066 0028     		cmp	r0, #0
 1203 0068 E0D0     		beq	.L80
 288:Middlewares/Third_Party/LwIP/src/core/pbuf.c ****                              length, length, type, 0);
 1204              		.loc 1 288 7 is_stmt 1 view .LVU345
 288:Middlewares/Third_Party/LwIP/src/core/pbuf.c ****                              length, length, type, 0);
 1205              		.loc 1 288 33 is_stmt 0 view .LVU346
 1206 006a 07F11001 		add	r1, r7, #16
 1207 006e 0144     		add	r1, r1, r0
 1208 0070 0331     		adds	r1, r1, #3
 288:Middlewares/Third_Party/LwIP/src/core/pbuf.c ****                              length, length, type, 0);
 1209              		.loc 1 288 7 view .LVU347
 1210 0072 0023     		movs	r3, #0
 1211 0074 0193     		str	r3, [sp, #4]
 1212 0076 CDF80080 		str	r8, [sp]
 1213 007a 3346     		mov	r3, r6
 1214 007c 3246     		mov	r2, r6
 1215 007e 21F00301 		bic	r1, r1, #3
 1216 0082 FFF7FEFF 		bl	pbuf_init_alloced_pbuf
 1217              	.LVL113:
 290:Middlewares/Third_Party/LwIP/src/core/pbuf.c ****                   ((mem_ptr_t)p->payload % MEM_ALIGNMENT) == 0);
 1218              		.loc 1 290 7 is_stmt 1 view .LVU348
 290:Middlewares/Third_Party/LwIP/src/core/pbuf.c ****                   ((mem_ptr_t)p->payload % MEM_ALIGNMENT) == 0);
 1219              		.loc 1 290 7 view .LVU349
 1220 0086 D9F80430 		ldr	r3, [r9, #4]
 1221 008a 13F0030F 		tst	r3, #3
 1222 008e CDD0     		beq	.L80
 290:Middlewares/Third_Party/LwIP/src/core/pbuf.c ****                   ((mem_ptr_t)p->payload % MEM_ALIGNMENT) == 0);
 1223              		.loc 1 290 7 discriminator 1 view .LVU350
 290:Middlewares/Third_Party/LwIP/src/core/pbuf.c ****                   ((mem_ptr_t)p->payload % MEM_ALIGNMENT) == 0);
 1224              		.loc 1 290 7 discriminator 1 view .LVU351
 1225 0090 2D4B     		ldr	r3, .L99
 1226 0092 4FF49172 		mov	r2, #290
 1227 0096 2D49     		ldr	r1, .L99+4
 1228 0098 2D48     		ldr	r0, .L99+8
 1229 009a FFF7FEFF 		bl	printf
 1230              	.LVL114:
 1231 009e C5E7     		b	.L80
 1232              	.LVL115:
 1233              	.L92:
 290:Middlewares/Third_Party/LwIP/src/core/pbuf.c ****                   ((mem_ptr_t)p->payload % MEM_ALIGNMENT) == 0);
 1234              		.loc 1 290 7 is_stmt 0 discriminator 1 view .LVU352
 1235              	.LBE6:
 230:Middlewares/Third_Party/LwIP/src/core/pbuf.c ****     case PBUF_REF: /* fall through */
ARM GAS  /tmp/ccCCDAAl.s 			page 49


 1236              		.loc 1 230 3 view .LVU353
 1237 00a0 0027     		movs	r7, #0
 1238 00a2 B946     		mov	r9, r7
 1239 00a4 18E0     		b	.L81
 1240              	.LVL116:
 1241              	.L97:
 1242              	.LBB7:
 1243              	.LBB8:
 245:Middlewares/Third_Party/LwIP/src/core/pbuf.c ****           /* free chain so far allocated */
 1244              		.loc 1 245 31 is_stmt 1 view .LVU354
 247:Middlewares/Third_Party/LwIP/src/core/pbuf.c ****             pbuf_free(p);
 1245              		.loc 1 247 11 view .LVU355
 247:Middlewares/Third_Party/LwIP/src/core/pbuf.c ****             pbuf_free(p);
 1246              		.loc 1 247 14 is_stmt 0 view .LVU356
 1247 00a6 B9F1000F 		cmp	r9, #0
 1248 00aa 02D0     		beq	.L88
 248:Middlewares/Third_Party/LwIP/src/core/pbuf.c ****           }
 1249              		.loc 1 248 13 is_stmt 1 view .LVU357
 1250 00ac 4846     		mov	r0, r9
 1251              	.LVL117:
 248:Middlewares/Third_Party/LwIP/src/core/pbuf.c ****           }
 1252              		.loc 1 248 13 is_stmt 0 view .LVU358
 1253 00ae FFF7FEFF 		bl	pbuf_free
 1254              	.LVL118:
 1255              	.L88:
 251:Middlewares/Third_Party/LwIP/src/core/pbuf.c ****         }
 1256              		.loc 1 251 11 is_stmt 1 view .LVU359
 251:Middlewares/Third_Party/LwIP/src/core/pbuf.c ****         }
 1257              		.loc 1 251 18 is_stmt 0 view .LVU360
 1258 00b2 B946     		mov	r9, r7
 1259              	.LVL119:
 251:Middlewares/Third_Party/LwIP/src/core/pbuf.c ****         }
 1260              		.loc 1 251 18 view .LVU361
 1261 00b4 BAE7     		b	.L80
 1262              	.LVL120:
 1263              	.L98:
 256:Middlewares/Third_Party/LwIP/src/core/pbuf.c ****                     ((mem_ptr_t)q->payload % MEM_ALIGNMENT) == 0);
 1264              		.loc 1 256 9 is_stmt 1 discriminator 1 view .LVU362
 256:Middlewares/Third_Party/LwIP/src/core/pbuf.c ****                     ((mem_ptr_t)q->payload % MEM_ALIGNMENT) == 0);
 1265              		.loc 1 256 9 discriminator 1 view .LVU363
 1266 00b6 244B     		ldr	r3, .L99
 1267 00b8 4FF48072 		mov	r2, #256
 1268 00bc 2549     		ldr	r1, .L99+12
 1269 00be 2448     		ldr	r0, .L99+8
 1270 00c0 FFF7FEFF 		bl	printf
 1271              	.LVL121:
 256:Middlewares/Third_Party/LwIP/src/core/pbuf.c ****                     ((mem_ptr_t)q->payload % MEM_ALIGNMENT) == 0);
 1272              		.loc 1 256 9 discriminator 1 view .LVU364
 256:Middlewares/Third_Party/LwIP/src/core/pbuf.c ****                     ((mem_ptr_t)q->payload % MEM_ALIGNMENT) == 0);
 1273              		.loc 1 256 9 discriminator 1 view .LVU365
 258:Middlewares/Third_Party/LwIP/src/core/pbuf.c ****                     (PBUF_POOL_BUFSIZE_ALIGNED - LWIP_MEM_ALIGN_SIZE(offset)) > 0 );
 1274              		.loc 1 258 9 discriminator 1 view .LVU366
 258:Middlewares/Third_Party/LwIP/src/core/pbuf.c ****                     (PBUF_POOL_BUFSIZE_ALIGNED - LWIP_MEM_ALIGN_SIZE(offset)) > 0 );
 1275              		.loc 1 258 9 discriminator 1 view .LVU367
 1276              	.L90:
 258:Middlewares/Third_Party/LwIP/src/core/pbuf.c ****                     (PBUF_POOL_BUFSIZE_ALIGNED - LWIP_MEM_ALIGN_SIZE(offset)) > 0 );
 1277              		.loc 1 258 9 discriminator 3 view .LVU368
ARM GAS  /tmp/ccCCDAAl.s 			page 50


 258:Middlewares/Third_Party/LwIP/src/core/pbuf.c ****                     (PBUF_POOL_BUFSIZE_ALIGNED - LWIP_MEM_ALIGN_SIZE(offset)) > 0 );
 1278              		.loc 1 258 9 discriminator 3 view .LVU369
 260:Middlewares/Third_Party/LwIP/src/core/pbuf.c ****           /* allocated head of pbuf chain (into p) */
 1279              		.loc 1 260 9 discriminator 3 view .LVU370
 260:Middlewares/Third_Party/LwIP/src/core/pbuf.c ****           /* allocated head of pbuf chain (into p) */
 1280              		.loc 1 260 12 is_stmt 0 discriminator 3 view .LVU371
 1281 00c4 B9F1000F 		cmp	r9, #0
 1282 00c8 2BD0     		beq	.L93
 265:Middlewares/Third_Party/LwIP/src/core/pbuf.c ****         }
 1283              		.loc 1 265 11 is_stmt 1 view .LVU372
 265:Middlewares/Third_Party/LwIP/src/core/pbuf.c ****         }
 1284              		.loc 1 265 22 is_stmt 0 view .LVU373
 1285 00ca CAF80070 		str	r7, [r10]
 1286              	.LVL122:
 1287              	.L91:
 267:Middlewares/Third_Party/LwIP/src/core/pbuf.c ****         rem_len = (u16_t)(rem_len - qlen);
 1288              		.loc 1 267 9 is_stmt 1 view .LVU374
 268:Middlewares/Third_Party/LwIP/src/core/pbuf.c ****         offset = 0;
 1289              		.loc 1 268 9 view .LVU375
 268:Middlewares/Third_Party/LwIP/src/core/pbuf.c ****         offset = 0;
 1290              		.loc 1 268 17 is_stmt 0 view .LVU376
 1291 00ce 361B     		subs	r6, r6, r4
 1292              	.LVL123:
 268:Middlewares/Third_Party/LwIP/src/core/pbuf.c ****         offset = 0;
 1293              		.loc 1 268 17 view .LVU377
 1294 00d0 B6B2     		uxth	r6, r6
 1295              	.LVL124:
 269:Middlewares/Third_Party/LwIP/src/core/pbuf.c ****       } while (rem_len > 0);
 1296              		.loc 1 269 9 is_stmt 1 view .LVU378
 269:Middlewares/Third_Party/LwIP/src/core/pbuf.c ****       } while (rem_len > 0);
 1297              		.loc 1 269 9 is_stmt 0 view .LVU379
 1298              	.LBE8:
 270:Middlewares/Third_Party/LwIP/src/core/pbuf.c ****       break;
 1299              		.loc 1 270 15 is_stmt 1 view .LVU380
 1300              	.LBB9:
 269:Middlewares/Third_Party/LwIP/src/core/pbuf.c ****       } while (rem_len > 0);
 1301              		.loc 1 269 16 is_stmt 0 view .LVU381
 1302 00d2 0025     		movs	r5, #0
 1303              	.LBE9:
 270:Middlewares/Third_Party/LwIP/src/core/pbuf.c ****       break;
 1304              		.loc 1 270 7 view .LVU382
 1305 00d4 002E     		cmp	r6, #0
 1306 00d6 A9D0     		beq	.L80
 1307              	.LVL125:
 1308              	.L81:
 241:Middlewares/Third_Party/LwIP/src/core/pbuf.c ****         u16_t qlen;
 1309              		.loc 1 241 7 is_stmt 1 view .LVU383
 1310              	.LBB10:
 242:Middlewares/Third_Party/LwIP/src/core/pbuf.c ****         q = (struct pbuf *)memp_malloc(MEMP_PBUF_POOL);
 1311              		.loc 1 242 9 view .LVU384
 243:Middlewares/Third_Party/LwIP/src/core/pbuf.c ****         if (q == NULL) {
 1312              		.loc 1 243 9 view .LVU385
 1313 00d8 BA46     		mov	r10, r7
 243:Middlewares/Third_Party/LwIP/src/core/pbuf.c ****         if (q == NULL) {
 1314              		.loc 1 243 28 is_stmt 0 view .LVU386
 1315 00da 0A20     		movs	r0, #10
 1316 00dc FFF7FEFF 		bl	memp_malloc
ARM GAS  /tmp/ccCCDAAl.s 			page 51


 1317              	.LVL126:
 244:Middlewares/Third_Party/LwIP/src/core/pbuf.c ****           PBUF_POOL_IS_EMPTY();
 1318              		.loc 1 244 9 is_stmt 1 view .LVU387
 244:Middlewares/Third_Party/LwIP/src/core/pbuf.c ****           PBUF_POOL_IS_EMPTY();
 1319              		.loc 1 244 12 is_stmt 0 view .LVU388
 1320 00e0 0746     		mov	r7, r0
 1321              	.LVL127:
 244:Middlewares/Third_Party/LwIP/src/core/pbuf.c ****           PBUF_POOL_IS_EMPTY();
 1322              		.loc 1 244 12 view .LVU389
 1323 00e2 0028     		cmp	r0, #0
 1324 00e4 DFD0     		beq	.L97
 253:Middlewares/Third_Party/LwIP/src/core/pbuf.c ****         pbuf_init_alloced_pbuf(q, LWIP_MEM_ALIGN((void *)((u8_t *)q + SIZEOF_STRUCT_PBUF + offset))
 1325              		.loc 1 253 9 is_stmt 1 view .LVU390
 253:Middlewares/Third_Party/LwIP/src/core/pbuf.c ****         pbuf_init_alloced_pbuf(q, LWIP_MEM_ALIGN((void *)((u8_t *)q + SIZEOF_STRUCT_PBUF + offset))
 1326              		.loc 1 253 16 is_stmt 0 view .LVU391
 1327 00e6 EB1C     		adds	r3, r5, #3
 1328 00e8 23F00303 		bic	r3, r3, #3
 1329 00ec 9BB2     		uxth	r3, r3
 1330 00ee C3F5BE63 		rsb	r3, r3, #1520
 1331 00f2 0433     		adds	r3, r3, #4
 1332 00f4 9CB2     		uxth	r4, r3
 253:Middlewares/Third_Party/LwIP/src/core/pbuf.c ****         pbuf_init_alloced_pbuf(q, LWIP_MEM_ALIGN((void *)((u8_t *)q + SIZEOF_STRUCT_PBUF + offset))
 1333              		.loc 1 253 14 view .LVU392
 1334 00f6 B442     		cmp	r4, r6
 1335 00f8 28BF     		it	cs
 1336 00fa 3446     		movcs	r4, r6
 1337              	.LVL128:
 254:Middlewares/Third_Party/LwIP/src/core/pbuf.c ****                                rem_len, qlen, type, 0);
 1338              		.loc 1 254 9 is_stmt 1 view .LVU393
 254:Middlewares/Third_Party/LwIP/src/core/pbuf.c ****                                rem_len, qlen, type, 0);
 1339              		.loc 1 254 35 is_stmt 0 view .LVU394
 1340 00fc 05F11001 		add	r1, r5, #16
 1341 0100 0144     		add	r1, r1, r0
 1342 0102 0331     		adds	r1, r1, #3
 254:Middlewares/Third_Party/LwIP/src/core/pbuf.c ****                                rem_len, qlen, type, 0);
 1343              		.loc 1 254 9 view .LVU395
 1344 0104 0023     		movs	r3, #0
 1345 0106 0193     		str	r3, [sp, #4]
 1346 0108 CDF80080 		str	r8, [sp]
 1347 010c 2346     		mov	r3, r4
 1348 010e 3246     		mov	r2, r6
 1349 0110 21F00301 		bic	r1, r1, #3
 1350 0114 FFF7FEFF 		bl	pbuf_init_alloced_pbuf
 1351              	.LVL129:
 256:Middlewares/Third_Party/LwIP/src/core/pbuf.c ****                     ((mem_ptr_t)q->payload % MEM_ALIGNMENT) == 0);
 1352              		.loc 1 256 9 is_stmt 1 view .LVU396
 256:Middlewares/Third_Party/LwIP/src/core/pbuf.c ****                     ((mem_ptr_t)q->payload % MEM_ALIGNMENT) == 0);
 1353              		.loc 1 256 9 view .LVU397
 1354 0118 7B68     		ldr	r3, [r7, #4]
 1355 011a 13F0030F 		tst	r3, #3
 1356 011e D1D0     		beq	.L90
 1357 0120 C9E7     		b	.L98
 1358              	.L93:
 262:Middlewares/Third_Party/LwIP/src/core/pbuf.c ****         } else {
 1359              		.loc 1 262 13 is_stmt 0 view .LVU398
 1360 0122 B946     		mov	r9, r7
 1361              	.LVL130:
ARM GAS  /tmp/ccCCDAAl.s 			page 52


 262:Middlewares/Third_Party/LwIP/src/core/pbuf.c ****         } else {
 1362              		.loc 1 262 13 view .LVU399
 1363 0124 D3E7     		b	.L91
 1364              	.LVL131:
 1365              	.L84:
 262:Middlewares/Third_Party/LwIP/src/core/pbuf.c ****         } else {
 1366              		.loc 1 262 13 view .LVU400
 1367              	.LBE10:
 1368              	.LBE7:
 295:Middlewares/Third_Party/LwIP/src/core/pbuf.c ****       return NULL;
 1369              		.loc 1 295 7 is_stmt 1 discriminator 1 view .LVU401
 295:Middlewares/Third_Party/LwIP/src/core/pbuf.c ****       return NULL;
 1370              		.loc 1 295 7 discriminator 1 view .LVU402
 295:Middlewares/Third_Party/LwIP/src/core/pbuf.c ****       return NULL;
 1371              		.loc 1 295 7 discriminator 1 view .LVU403
 295:Middlewares/Third_Party/LwIP/src/core/pbuf.c ****       return NULL;
 1372              		.loc 1 295 7 discriminator 1 view .LVU404
 1373 0126 084B     		ldr	r3, .L99
 1374 0128 40F22712 		movw	r2, #295
 1375              	.LVL132:
 295:Middlewares/Third_Party/LwIP/src/core/pbuf.c ****       return NULL;
 1376              		.loc 1 295 7 is_stmt 0 discriminator 1 view .LVU405
 1377 012c 0A49     		ldr	r1, .L99+16
 1378              	.LVL133:
 295:Middlewares/Third_Party/LwIP/src/core/pbuf.c ****       return NULL;
 1379              		.loc 1 295 7 discriminator 1 view .LVU406
 1380 012e 0848     		ldr	r0, .L99+8
 1381              	.LVL134:
 295:Middlewares/Third_Party/LwIP/src/core/pbuf.c ****       return NULL;
 1382              		.loc 1 295 7 discriminator 1 view .LVU407
 1383 0130 FFF7FEFF 		bl	printf
 1384              	.LVL135:
 295:Middlewares/Third_Party/LwIP/src/core/pbuf.c ****       return NULL;
 1385              		.loc 1 295 7 is_stmt 1 discriminator 1 view .LVU408
 295:Middlewares/Third_Party/LwIP/src/core/pbuf.c ****       return NULL;
 1386              		.loc 1 295 7 discriminator 1 view .LVU409
 296:Middlewares/Third_Party/LwIP/src/core/pbuf.c ****   }
 1387              		.loc 1 296 7 discriminator 1 view .LVU410
 296:Middlewares/Third_Party/LwIP/src/core/pbuf.c ****   }
 1388              		.loc 1 296 14 is_stmt 0 discriminator 1 view .LVU411
 1389 0134 4FF00009 		mov	r9, #0
 1390 0138 78E7     		b	.L80
 1391              	.LVL136:
 1392              	.L94:
 1393              	.LBB11:
 280:Middlewares/Third_Party/LwIP/src/core/pbuf.c ****       }
 1394              		.loc 1 280 16 view .LVU412
 1395 013a 4FF00009 		mov	r9, #0
 1396 013e 75E7     		b	.L80
 1397              	.L95:
 1398 0140 4FF00009 		mov	r9, #0
 1399 0144 72E7     		b	.L80
 1400              	.L100:
 1401 0146 00BF     		.align	2
 1402              	.L99:
 1403 0148 00000000 		.word	.LC0
 1404 014c 64000000 		.word	.LC10
ARM GAS  /tmp/ccCCDAAl.s 			page 53


 1405 0150 3C000000 		.word	.LC2
 1406 0154 00000000 		.word	.LC8
 1407 0158 90000000 		.word	.LC11
 1408              	.LBE11:
 1409              		.cfi_endproc
 1410              	.LFE160:
 1412              		.section	.rodata.pbuf_realloc.str1.4,"aMS",%progbits,1
 1413              		.align	2
 1414              	.LC12:
 1415 0000 70627566 		.ascii	"pbuf_realloc: p != NULL\000"
 1415      5F726561 
 1415      6C6C6F63 
 1415      3A207020 
 1415      213D204E 
 1416              		.align	2
 1417              	.LC13:
 1418 0018 70627566 		.ascii	"pbuf_realloc: q != NULL\000"
 1418      5F726561 
 1418      6C6C6F63 
 1418      3A207120 
 1418      213D204E 
 1419              		.align	2
 1420              	.LC14:
 1421 0030 6D656D5F 		.ascii	"mem_trim returned q == NULL\000"
 1421      7472696D 
 1421      20726574 
 1421      75726E65 
 1421      64207120 
 1422              		.section	.text.pbuf_realloc,"ax",%progbits
 1423              		.align	1
 1424              		.global	pbuf_realloc
 1425              		.syntax unified
 1426              		.thumb
 1427              		.thumb_func
 1428              		.fpu fpv4-sp-d16
 1430              	pbuf_realloc:
 1431              	.LVL137:
 1432              	.LFB163:
 403:Middlewares/Third_Party/LwIP/src/core/pbuf.c ****   struct pbuf *q;
 1433              		.loc 1 403 1 is_stmt 1 view -0
 1434              		.cfi_startproc
 1435              		@ args = 0, pretend = 0, frame = 0
 1436              		@ frame_needed = 0, uses_anonymous_args = 0
 403:Middlewares/Third_Party/LwIP/src/core/pbuf.c ****   struct pbuf *q;
 1437              		.loc 1 403 1 is_stmt 0 view .LVU414
 1438 0000 F8B5     		push	{r3, r4, r5, r6, r7, lr}
 1439              	.LCFI22:
 1440              		.cfi_def_cfa_offset 24
 1441              		.cfi_offset 3, -24
 1442              		.cfi_offset 4, -20
 1443              		.cfi_offset 5, -16
 1444              		.cfi_offset 6, -12
 1445              		.cfi_offset 7, -8
 1446              		.cfi_offset 14, -4
 1447 0002 0E46     		mov	r6, r1
 404:Middlewares/Third_Party/LwIP/src/core/pbuf.c ****   u16_t rem_len; /* remaining length */
 1448              		.loc 1 404 3 is_stmt 1 view .LVU415
ARM GAS  /tmp/ccCCDAAl.s 			page 54


 405:Middlewares/Third_Party/LwIP/src/core/pbuf.c ****   u16_t shrink;
 1449              		.loc 1 405 3 view .LVU416
 406:Middlewares/Third_Party/LwIP/src/core/pbuf.c **** 
 1450              		.loc 1 406 3 view .LVU417
 408:Middlewares/Third_Party/LwIP/src/core/pbuf.c **** 
 1451              		.loc 1 408 3 view .LVU418
 408:Middlewares/Third_Party/LwIP/src/core/pbuf.c **** 
 1452              		.loc 1 408 3 view .LVU419
 1453 0004 0446     		mov	r4, r0
 1454 0006 B8B1     		cbz	r0, .L110
 1455              	.LVL138:
 1456              	.L102:
 408:Middlewares/Third_Party/LwIP/src/core/pbuf.c **** 
 1457              		.loc 1 408 3 discriminator 3 view .LVU420
 408:Middlewares/Third_Party/LwIP/src/core/pbuf.c **** 
 1458              		.loc 1 408 3 discriminator 3 view .LVU421
 411:Middlewares/Third_Party/LwIP/src/core/pbuf.c ****     /* enlarging not yet supported */
 1459              		.loc 1 411 3 discriminator 3 view .LVU422
 411:Middlewares/Third_Party/LwIP/src/core/pbuf.c ****     /* enlarging not yet supported */
 1460              		.loc 1 411 19 is_stmt 0 discriminator 3 view .LVU423
 1461 0008 2789     		ldrh	r7, [r4, #8]
 411:Middlewares/Third_Party/LwIP/src/core/pbuf.c ****     /* enlarging not yet supported */
 1462              		.loc 1 411 6 discriminator 3 view .LVU424
 1463 000a B742     		cmp	r7, r6
 1464 000c 2ED9     		bls	.L101
 421:Middlewares/Third_Party/LwIP/src/core/pbuf.c ****   q = p;
 1465              		.loc 1 421 11 view .LVU425
 1466 000e 3546     		mov	r5, r6
 1467              	.LVL139:
 1468              	.L104:
 431:Middlewares/Third_Party/LwIP/src/core/pbuf.c ****   }
 1469              		.loc 1 431 5 is_stmt 1 discriminator 3 view .LVU426
 431:Middlewares/Third_Party/LwIP/src/core/pbuf.c ****   }
 1470              		.loc 1 431 5 discriminator 3 view .LVU427
 424:Middlewares/Third_Party/LwIP/src/core/pbuf.c ****     /* decrease remaining length by pbuf length */
 1471              		.loc 1 424 9 discriminator 3 view .LVU428
 424:Middlewares/Third_Party/LwIP/src/core/pbuf.c ****     /* decrease remaining length by pbuf length */
 1472              		.loc 1 424 21 is_stmt 0 discriminator 3 view .LVU429
 1473 0010 6389     		ldrh	r3, [r4, #10]
 424:Middlewares/Third_Party/LwIP/src/core/pbuf.c ****     /* decrease remaining length by pbuf length */
 1474              		.loc 1 424 9 discriminator 3 view .LVU430
 1475 0012 AB42     		cmp	r3, r5
 1476 0014 18D2     		bcs	.L111
 426:Middlewares/Third_Party/LwIP/src/core/pbuf.c ****     /* decrease total length indicator */
 1477              		.loc 1 426 5 is_stmt 1 view .LVU431
 426:Middlewares/Third_Party/LwIP/src/core/pbuf.c ****     /* decrease total length indicator */
 1478              		.loc 1 426 13 is_stmt 0 view .LVU432
 1479 0016 EB1A     		subs	r3, r5, r3
 1480 0018 9DB2     		uxth	r5, r3
 1481              	.LVL140:
 428:Middlewares/Third_Party/LwIP/src/core/pbuf.c ****     /* proceed to next pbuf in chain */
 1482              		.loc 1 428 5 is_stmt 1 view .LVU433
 428:Middlewares/Third_Party/LwIP/src/core/pbuf.c ****     /* proceed to next pbuf in chain */
 1483              		.loc 1 428 27 is_stmt 0 view .LVU434
 1484 001a 2389     		ldrh	r3, [r4, #8]
 428:Middlewares/Third_Party/LwIP/src/core/pbuf.c ****     /* proceed to next pbuf in chain */
 1485              		.loc 1 428 18 view .LVU435
ARM GAS  /tmp/ccCCDAAl.s 			page 55


 1486 001c F21B     		subs	r2, r6, r7
 1487 001e 1344     		add	r3, r3, r2
 428:Middlewares/Third_Party/LwIP/src/core/pbuf.c ****     /* proceed to next pbuf in chain */
 1488              		.loc 1 428 16 view .LVU436
 1489 0020 2381     		strh	r3, [r4, #8]	@ movhi
 430:Middlewares/Third_Party/LwIP/src/core/pbuf.c ****     LWIP_ASSERT("pbuf_realloc: q != NULL", q != NULL);
 1490              		.loc 1 430 5 is_stmt 1 view .LVU437
 430:Middlewares/Third_Party/LwIP/src/core/pbuf.c ****     LWIP_ASSERT("pbuf_realloc: q != NULL", q != NULL);
 1491              		.loc 1 430 7 is_stmt 0 view .LVU438
 1492 0022 2468     		ldr	r4, [r4]
 1493              	.LVL141:
 431:Middlewares/Third_Party/LwIP/src/core/pbuf.c ****   }
 1494              		.loc 1 431 5 is_stmt 1 view .LVU439
 431:Middlewares/Third_Party/LwIP/src/core/pbuf.c ****   }
 1495              		.loc 1 431 5 view .LVU440
 1496 0024 002C     		cmp	r4, #0
 1497 0026 F3D1     		bne	.L104
 431:Middlewares/Third_Party/LwIP/src/core/pbuf.c ****   }
 1498              		.loc 1 431 5 discriminator 1 view .LVU441
 431:Middlewares/Third_Party/LwIP/src/core/pbuf.c ****   }
 1499              		.loc 1 431 5 discriminator 1 view .LVU442
 1500 0028 1A4B     		ldr	r3, .L113
 1501 002a 40F2AF12 		movw	r2, #431
 1502 002e 1A49     		ldr	r1, .L113+4
 1503 0030 1A48     		ldr	r0, .L113+8
 1504 0032 FFF7FEFF 		bl	printf
 1505              	.LVL142:
 1506 0036 EBE7     		b	.L104
 1507              	.LVL143:
 1508              	.L110:
 408:Middlewares/Third_Party/LwIP/src/core/pbuf.c **** 
 1509              		.loc 1 408 3 discriminator 1 view .LVU443
 408:Middlewares/Third_Party/LwIP/src/core/pbuf.c **** 
 1510              		.loc 1 408 3 discriminator 1 view .LVU444
 1511 0038 164B     		ldr	r3, .L113
 1512 003a 4FF4CC72 		mov	r2, #408
 1513 003e 1849     		ldr	r1, .L113+12
 1514              	.LVL144:
 408:Middlewares/Third_Party/LwIP/src/core/pbuf.c **** 
 1515              		.loc 1 408 3 is_stmt 0 discriminator 1 view .LVU445
 1516 0040 1648     		ldr	r0, .L113+8
 1517              	.LVL145:
 408:Middlewares/Third_Party/LwIP/src/core/pbuf.c **** 
 1518              		.loc 1 408 3 discriminator 1 view .LVU446
 1519 0042 FFF7FEFF 		bl	printf
 1520              	.LVL146:
 1521 0046 DFE7     		b	.L102
 1522              	.LVL147:
 1523              	.L111:
 438:Middlewares/Third_Party/LwIP/src/core/pbuf.c **** #if LWIP_SUPPORT_CUSTOM_PBUF
 1524              		.loc 1 438 3 is_stmt 1 view .LVU447
 438:Middlewares/Third_Party/LwIP/src/core/pbuf.c **** #if LWIP_SUPPORT_CUSTOM_PBUF
 1525              		.loc 1 438 7 is_stmt 0 view .LVU448
 1526 0048 227B     		ldrb	r2, [r4, #12]	@ zero_extendqisi2
 438:Middlewares/Third_Party/LwIP/src/core/pbuf.c **** #if LWIP_SUPPORT_CUSTOM_PBUF
 1527              		.loc 1 438 6 view .LVU449
 1528 004a 12F00F0F 		tst	r2, #15
ARM GAS  /tmp/ccCCDAAl.s 			page 56


 1529 004e 05D1     		bne	.L107
 438:Middlewares/Third_Party/LwIP/src/core/pbuf.c **** #if LWIP_SUPPORT_CUSTOM_PBUF
 1530              		.loc 1 438 65 discriminator 1 view .LVU450
 1531 0050 AB42     		cmp	r3, r5
 1532 0052 03D0     		beq	.L107
 440:Middlewares/Third_Party/LwIP/src/core/pbuf.c **** #endif /* LWIP_SUPPORT_CUSTOM_PBUF */
 1533              		.loc 1 440 13 view .LVU451
 1534 0054 637B     		ldrb	r3, [r4, #13]	@ zero_extendqisi2
 440:Middlewares/Third_Party/LwIP/src/core/pbuf.c **** #endif /* LWIP_SUPPORT_CUSTOM_PBUF */
 1535              		.loc 1 440 7 view .LVU452
 1536 0056 13F0020F 		tst	r3, #2
 1537 005a 08D0     		beq	.L112
 1538              	.L107:
 445:Middlewares/Third_Party/LwIP/src/core/pbuf.c ****   }
 1539              		.loc 1 445 5 is_stmt 1 discriminator 3 view .LVU453
 445:Middlewares/Third_Party/LwIP/src/core/pbuf.c ****   }
 1540              		.loc 1 445 5 discriminator 3 view .LVU454
 448:Middlewares/Third_Party/LwIP/src/core/pbuf.c ****   q->tot_len = q->len;
 1541              		.loc 1 448 3 discriminator 3 view .LVU455
 448:Middlewares/Third_Party/LwIP/src/core/pbuf.c ****   q->tot_len = q->len;
 1542              		.loc 1 448 10 is_stmt 0 discriminator 3 view .LVU456
 1543 005c 6581     		strh	r5, [r4, #10]	@ movhi
 449:Middlewares/Third_Party/LwIP/src/core/pbuf.c **** 
 1544              		.loc 1 449 3 is_stmt 1 discriminator 3 view .LVU457
 449:Middlewares/Third_Party/LwIP/src/core/pbuf.c **** 
 1545              		.loc 1 449 14 is_stmt 0 discriminator 3 view .LVU458
 1546 005e 2581     		strh	r5, [r4, #8]	@ movhi
 452:Middlewares/Third_Party/LwIP/src/core/pbuf.c ****     /* free remaining pbufs in chain */
 1547              		.loc 1 452 3 is_stmt 1 discriminator 3 view .LVU459
 452:Middlewares/Third_Party/LwIP/src/core/pbuf.c ****     /* free remaining pbufs in chain */
 1548              		.loc 1 452 8 is_stmt 0 discriminator 3 view .LVU460
 1549 0060 2068     		ldr	r0, [r4]
 452:Middlewares/Third_Party/LwIP/src/core/pbuf.c ****     /* free remaining pbufs in chain */
 1550              		.loc 1 452 6 discriminator 3 view .LVU461
 1551 0062 08B1     		cbz	r0, .L108
 454:Middlewares/Third_Party/LwIP/src/core/pbuf.c ****   }
 1552              		.loc 1 454 5 is_stmt 1 view .LVU462
 1553 0064 FFF7FEFF 		bl	pbuf_free
 1554              	.LVL148:
 1555              	.L108:
 457:Middlewares/Third_Party/LwIP/src/core/pbuf.c **** 
 1556              		.loc 1 457 3 view .LVU463
 457:Middlewares/Third_Party/LwIP/src/core/pbuf.c **** 
 1557              		.loc 1 457 11 is_stmt 0 view .LVU464
 1558 0068 0023     		movs	r3, #0
 1559 006a 2360     		str	r3, [r4]
 1560              	.LVL149:
 1561              	.L101:
 459:Middlewares/Third_Party/LwIP/src/core/pbuf.c **** 
 1562              		.loc 1 459 1 view .LVU465
 1563 006c F8BD     		pop	{r3, r4, r5, r6, r7, pc}
 1564              	.LVL150:
 1565              	.L112:
 444:Middlewares/Third_Party/LwIP/src/core/pbuf.c ****     LWIP_ASSERT("mem_trim returned q == NULL", q != NULL);
 1566              		.loc 1 444 5 is_stmt 1 view .LVU466
 444:Middlewares/Third_Party/LwIP/src/core/pbuf.c ****     LWIP_ASSERT("mem_trim returned q == NULL", q != NULL);
 1567              		.loc 1 444 59 is_stmt 0 view .LVU467
ARM GAS  /tmp/ccCCDAAl.s 			page 57


 1568 006e 6368     		ldr	r3, [r4, #4]
 444:Middlewares/Third_Party/LwIP/src/core/pbuf.c ****     LWIP_ASSERT("mem_trim returned q == NULL", q != NULL);
 1569              		.loc 1 444 69 view .LVU468
 1570 0070 1B1B     		subs	r3, r3, r4
 444:Middlewares/Third_Party/LwIP/src/core/pbuf.c ****     LWIP_ASSERT("mem_trim returned q == NULL", q != NULL);
 1571              		.loc 1 444 24 view .LVU469
 1572 0072 E918     		adds	r1, r5, r3
 1573 0074 89B2     		uxth	r1, r1
 1574 0076 2046     		mov	r0, r4
 1575 0078 FFF7FEFF 		bl	mem_trim
 1576              	.LVL151:
 445:Middlewares/Third_Party/LwIP/src/core/pbuf.c ****   }
 1577              		.loc 1 445 5 is_stmt 1 view .LVU470
 445:Middlewares/Third_Party/LwIP/src/core/pbuf.c ****   }
 1578              		.loc 1 445 5 view .LVU471
 1579 007c 0446     		mov	r4, r0
 1580 007e 0028     		cmp	r0, #0
 1581 0080 ECD1     		bne	.L107
 445:Middlewares/Third_Party/LwIP/src/core/pbuf.c ****   }
 1582              		.loc 1 445 5 discriminator 1 view .LVU472
 445:Middlewares/Third_Party/LwIP/src/core/pbuf.c ****   }
 1583              		.loc 1 445 5 discriminator 1 view .LVU473
 1584 0082 044B     		ldr	r3, .L113
 1585 0084 40F2BD12 		movw	r2, #445
 1586 0088 0649     		ldr	r1, .L113+16
 1587 008a 0448     		ldr	r0, .L113+8
 1588              	.LVL152:
 445:Middlewares/Third_Party/LwIP/src/core/pbuf.c ****   }
 1589              		.loc 1 445 5 is_stmt 0 discriminator 1 view .LVU474
 1590 008c FFF7FEFF 		bl	printf
 1591              	.LVL153:
 1592 0090 E4E7     		b	.L107
 1593              	.L114:
 1594 0092 00BF     		.align	2
 1595              	.L113:
 1596 0094 00000000 		.word	.LC0
 1597 0098 18000000 		.word	.LC13
 1598 009c 3C000000 		.word	.LC2
 1599 00a0 00000000 		.word	.LC12
 1600 00a4 30000000 		.word	.LC14
 1601              		.cfi_endproc
 1602              	.LFE163:
 1604              		.section	.text.pbuf_free_header,"ax",%progbits
 1605              		.align	1
 1606              		.global	pbuf_free_header
 1607              		.syntax unified
 1608              		.thumb
 1609              		.thumb_func
 1610              		.fpu fpv4-sp-d16
 1612              	pbuf_free_header:
 1613              	.LVL154:
 1614              	.LFB171:
 672:Middlewares/Third_Party/LwIP/src/core/pbuf.c ****   struct pbuf *p = q;
 1615              		.loc 1 672 1 is_stmt 1 view -0
 1616              		.cfi_startproc
 1617              		@ args = 0, pretend = 0, frame = 0
 1618              		@ frame_needed = 0, uses_anonymous_args = 0
ARM GAS  /tmp/ccCCDAAl.s 			page 58


 672:Middlewares/Third_Party/LwIP/src/core/pbuf.c ****   struct pbuf *p = q;
 1619              		.loc 1 672 1 is_stmt 0 view .LVU476
 1620 0000 70B5     		push	{r4, r5, r6, lr}
 1621              	.LCFI23:
 1622              		.cfi_def_cfa_offset 16
 1623              		.cfi_offset 4, -16
 1624              		.cfi_offset 5, -12
 1625              		.cfi_offset 6, -8
 1626              		.cfi_offset 14, -4
 1627 0002 0446     		mov	r4, r0
 1628 0004 0D46     		mov	r5, r1
 673:Middlewares/Third_Party/LwIP/src/core/pbuf.c ****   u16_t free_left = size;
 1629              		.loc 1 673 3 is_stmt 1 view .LVU477
 1630              	.LVL155:
 674:Middlewares/Third_Party/LwIP/src/core/pbuf.c ****   while (free_left && p) {
 1631              		.loc 1 674 3 view .LVU478
 675:Middlewares/Third_Party/LwIP/src/core/pbuf.c ****     if (free_left >= p->len) {
 1632              		.loc 1 675 3 view .LVU479
 675:Middlewares/Third_Party/LwIP/src/core/pbuf.c ****     if (free_left >= p->len) {
 1633              		.loc 1 675 9 is_stmt 0 view .LVU480
 1634 0006 08E0     		b	.L116
 1635              	.LVL156:
 1636              	.L121:
 1637              	.LBB12:
 677:Middlewares/Third_Party/LwIP/src/core/pbuf.c ****       free_left = (u16_t)(free_left - p->len);
 1638              		.loc 1 677 7 is_stmt 1 view .LVU481
 678:Middlewares/Third_Party/LwIP/src/core/pbuf.c ****       p = p->next;
 1639              		.loc 1 678 7 view .LVU482
 678:Middlewares/Third_Party/LwIP/src/core/pbuf.c ****       p = p->next;
 1640              		.loc 1 678 17 is_stmt 0 view .LVU483
 1641 0008 6D1A     		subs	r5, r5, r1
 1642              	.LVL157:
 678:Middlewares/Third_Party/LwIP/src/core/pbuf.c ****       p = p->next;
 1643              		.loc 1 678 17 view .LVU484
 1644 000a ADB2     		uxth	r5, r5
 1645              	.LVL158:
 679:Middlewares/Third_Party/LwIP/src/core/pbuf.c ****       f->next = 0;
 1646              		.loc 1 679 7 is_stmt 1 view .LVU485
 679:Middlewares/Third_Party/LwIP/src/core/pbuf.c ****       f->next = 0;
 1647              		.loc 1 679 9 is_stmt 0 view .LVU486
 1648 000c 2668     		ldr	r6, [r4]
 1649              	.LVL159:
 680:Middlewares/Third_Party/LwIP/src/core/pbuf.c ****       pbuf_free(f);
 1650              		.loc 1 680 7 is_stmt 1 view .LVU487
 680:Middlewares/Third_Party/LwIP/src/core/pbuf.c ****       pbuf_free(f);
 1651              		.loc 1 680 15 is_stmt 0 view .LVU488
 1652 000e 0023     		movs	r3, #0
 1653 0010 2360     		str	r3, [r4]
 681:Middlewares/Third_Party/LwIP/src/core/pbuf.c ****     } else {
 1654              		.loc 1 681 7 is_stmt 1 view .LVU489
 1655 0012 2046     		mov	r0, r4
 1656 0014 FFF7FEFF 		bl	pbuf_free
 1657              	.LVL160:
 679:Middlewares/Third_Party/LwIP/src/core/pbuf.c ****       f->next = 0;
 1658              		.loc 1 679 9 is_stmt 0 view .LVU490
 1659 0018 3446     		mov	r4, r6
 1660              	.LVL161:
ARM GAS  /tmp/ccCCDAAl.s 			page 59


 1661              	.L116:
 679:Middlewares/Third_Party/LwIP/src/core/pbuf.c ****       f->next = 0;
 1662              		.loc 1 679 9 view .LVU491
 1663              	.LBE12:
 675:Middlewares/Third_Party/LwIP/src/core/pbuf.c ****     if (free_left >= p->len) {
 1664              		.loc 1 675 9 is_stmt 1 view .LVU492
 1665 001a 3DB1     		cbz	r5, .L118
 675:Middlewares/Third_Party/LwIP/src/core/pbuf.c ****     if (free_left >= p->len) {
 1666              		.loc 1 675 20 is_stmt 0 discriminator 1 view .LVU493
 1667 001c 34B1     		cbz	r4, .L118
 676:Middlewares/Third_Party/LwIP/src/core/pbuf.c ****       struct pbuf *f = p;
 1668              		.loc 1 676 5 is_stmt 1 view .LVU494
 676:Middlewares/Third_Party/LwIP/src/core/pbuf.c ****       struct pbuf *f = p;
 1669              		.loc 1 676 23 is_stmt 0 view .LVU495
 1670 001e 6189     		ldrh	r1, [r4, #10]
 676:Middlewares/Third_Party/LwIP/src/core/pbuf.c ****       struct pbuf *f = p;
 1671              		.loc 1 676 8 view .LVU496
 1672 0020 A942     		cmp	r1, r5
 1673 0022 F1D9     		bls	.L121
 683:Middlewares/Third_Party/LwIP/src/core/pbuf.c ****       free_left = 0;
 1674              		.loc 1 683 7 is_stmt 1 view .LVU497
 1675 0024 2946     		mov	r1, r5
 1676 0026 2046     		mov	r0, r4
 1677 0028 FFF7FEFF 		bl	pbuf_remove_header
 1678              	.LVL162:
 684:Middlewares/Third_Party/LwIP/src/core/pbuf.c ****     }
 1679              		.loc 1 684 7 view .LVU498
 675:Middlewares/Third_Party/LwIP/src/core/pbuf.c ****     if (free_left >= p->len) {
 1680              		.loc 1 675 9 view .LVU499
 1681              	.L118:
 687:Middlewares/Third_Party/LwIP/src/core/pbuf.c **** }
 1682              		.loc 1 687 3 view .LVU500
 688:Middlewares/Third_Party/LwIP/src/core/pbuf.c **** 
 1683              		.loc 1 688 1 is_stmt 0 view .LVU501
 1684 002c 2046     		mov	r0, r4
 1685 002e 70BD     		pop	{r4, r5, r6, pc}
 688:Middlewares/Third_Party/LwIP/src/core/pbuf.c **** 
 1686              		.loc 1 688 1 view .LVU502
 1687              		.cfi_endproc
 1688              	.LFE171:
 1690              		.section	.text.pbuf_clen,"ax",%progbits
 1691              		.align	1
 1692              		.global	pbuf_clen
 1693              		.syntax unified
 1694              		.thumb
 1695              		.thumb_func
 1696              		.fpu fpv4-sp-d16
 1698              	pbuf_clen:
 1699              	.LVL163:
 1700              	.LFB173:
 810:Middlewares/Third_Party/LwIP/src/core/pbuf.c ****   u16_t len;
 1701              		.loc 1 810 1 is_stmt 1 view -0
 1702              		.cfi_startproc
 1703              		@ args = 0, pretend = 0, frame = 0
 1704              		@ frame_needed = 0, uses_anonymous_args = 0
 1705              		@ link register save eliminated.
 810:Middlewares/Third_Party/LwIP/src/core/pbuf.c ****   u16_t len;
ARM GAS  /tmp/ccCCDAAl.s 			page 60


 1706              		.loc 1 810 1 is_stmt 0 view .LVU504
 1707 0000 0346     		mov	r3, r0
 811:Middlewares/Third_Party/LwIP/src/core/pbuf.c **** 
 1708              		.loc 1 811 3 is_stmt 1 view .LVU505
 813:Middlewares/Third_Party/LwIP/src/core/pbuf.c ****   while (p != NULL) {
 1709              		.loc 1 813 3 view .LVU506
 1710              	.LVL164:
 814:Middlewares/Third_Party/LwIP/src/core/pbuf.c ****     ++len;
 1711              		.loc 1 814 3 view .LVU507
 813:Middlewares/Third_Party/LwIP/src/core/pbuf.c ****   while (p != NULL) {
 1712              		.loc 1 813 7 is_stmt 0 view .LVU508
 1713 0002 0020     		movs	r0, #0
 1714              	.LVL165:
 1715              	.L123:
 814:Middlewares/Third_Party/LwIP/src/core/pbuf.c ****     ++len;
 1716              		.loc 1 814 9 is_stmt 1 view .LVU509
 1717 0004 1BB1     		cbz	r3, .L125
 815:Middlewares/Third_Party/LwIP/src/core/pbuf.c ****     p = p->next;
 1718              		.loc 1 815 5 view .LVU510
 1719 0006 0130     		adds	r0, r0, #1
 1720              	.LVL166:
 815:Middlewares/Third_Party/LwIP/src/core/pbuf.c ****     p = p->next;
 1721              		.loc 1 815 5 is_stmt 0 view .LVU511
 1722 0008 80B2     		uxth	r0, r0
 1723              	.LVL167:
 816:Middlewares/Third_Party/LwIP/src/core/pbuf.c ****   }
 1724              		.loc 1 816 5 is_stmt 1 view .LVU512
 816:Middlewares/Third_Party/LwIP/src/core/pbuf.c ****   }
 1725              		.loc 1 816 7 is_stmt 0 view .LVU513
 1726 000a 1B68     		ldr	r3, [r3]
 1727              	.LVL168:
 816:Middlewares/Third_Party/LwIP/src/core/pbuf.c ****   }
 1728              		.loc 1 816 7 view .LVU514
 1729 000c FAE7     		b	.L123
 1730              	.L125:
 819:Middlewares/Third_Party/LwIP/src/core/pbuf.c **** 
 1731              		.loc 1 819 1 view .LVU515
 1732 000e 7047     		bx	lr
 1733              		.cfi_endproc
 1734              	.LFE173:
 1736              		.section	.rodata.pbuf_ref.str1.4,"aMS",%progbits,1
 1737              		.align	2
 1738              	.LC15:
 1739 0000 70627566 		.ascii	"pbuf ref overflow\000"
 1739      20726566 
 1739      206F7665 
 1739      72666C6F 
 1739      7700
 1740              		.section	.text.pbuf_ref,"ax",%progbits
 1741              		.align	1
 1742              		.global	pbuf_ref
 1743              		.syntax unified
 1744              		.thumb
 1745              		.thumb_func
 1746              		.fpu fpv4-sp-d16
 1748              	pbuf_ref:
 1749              	.LVL169:
ARM GAS  /tmp/ccCCDAAl.s 			page 61


 1750              	.LFB174:
 830:Middlewares/Third_Party/LwIP/src/core/pbuf.c ****   /* pbuf given? */
 1751              		.loc 1 830 1 is_stmt 1 view -0
 1752              		.cfi_startproc
 1753              		@ args = 0, pretend = 0, frame = 0
 1754              		@ frame_needed = 0, uses_anonymous_args = 0
 832:Middlewares/Third_Party/LwIP/src/core/pbuf.c ****     SYS_ARCH_SET(p->ref, (LWIP_PBUF_REF_T)(p->ref + 1));
 1755              		.loc 1 832 3 view .LVU517
 832:Middlewares/Third_Party/LwIP/src/core/pbuf.c ****     SYS_ARCH_SET(p->ref, (LWIP_PBUF_REF_T)(p->ref + 1));
 1756              		.loc 1 832 6 is_stmt 0 view .LVU518
 1757 0000 70B1     		cbz	r0, .L129
 830:Middlewares/Third_Party/LwIP/src/core/pbuf.c ****   /* pbuf given? */
 1758              		.loc 1 830 1 view .LVU519
 1759 0002 08B5     		push	{r3, lr}
 1760              	.LCFI24:
 1761              		.cfi_def_cfa_offset 8
 1762              		.cfi_offset 3, -8
 1763              		.cfi_offset 14, -4
 833:Middlewares/Third_Party/LwIP/src/core/pbuf.c ****     LWIP_ASSERT("pbuf ref overflow", p->ref > 0);
 1764              		.loc 1 833 5 is_stmt 1 view .LVU520
 833:Middlewares/Third_Party/LwIP/src/core/pbuf.c ****     LWIP_ASSERT("pbuf ref overflow", p->ref > 0);
 1765              		.loc 1 833 5 view .LVU521
 833:Middlewares/Third_Party/LwIP/src/core/pbuf.c ****     LWIP_ASSERT("pbuf ref overflow", p->ref > 0);
 1766              		.loc 1 833 5 view .LVU522
 833:Middlewares/Third_Party/LwIP/src/core/pbuf.c ****     LWIP_ASSERT("pbuf ref overflow", p->ref > 0);
 1767              		.loc 1 833 5 view .LVU523
 1768 0004 837B     		ldrb	r3, [r0, #14]	@ zero_extendqisi2
 1769 0006 0133     		adds	r3, r3, #1
 1770 0008 DBB2     		uxtb	r3, r3
 1771 000a 8373     		strb	r3, [r0, #14]
 833:Middlewares/Third_Party/LwIP/src/core/pbuf.c ****     LWIP_ASSERT("pbuf ref overflow", p->ref > 0);
 1772              		.loc 1 833 5 view .LVU524
 833:Middlewares/Third_Party/LwIP/src/core/pbuf.c ****     LWIP_ASSERT("pbuf ref overflow", p->ref > 0);
 1773              		.loc 1 833 5 view .LVU525
 834:Middlewares/Third_Party/LwIP/src/core/pbuf.c ****   }
 1774              		.loc 1 834 5 view .LVU526
 834:Middlewares/Third_Party/LwIP/src/core/pbuf.c ****   }
 1775              		.loc 1 834 5 view .LVU527
 1776 000c 03B1     		cbz	r3, .L132
 1777              	.LVL170:
 1778              	.L126:
 836:Middlewares/Third_Party/LwIP/src/core/pbuf.c **** 
 1779              		.loc 1 836 1 is_stmt 0 view .LVU528
 1780 000e 08BD     		pop	{r3, pc}
 1781              	.LVL171:
 1782              	.L132:
 834:Middlewares/Third_Party/LwIP/src/core/pbuf.c ****   }
 1783              		.loc 1 834 5 is_stmt 1 discriminator 1 view .LVU529
 834:Middlewares/Third_Party/LwIP/src/core/pbuf.c ****   }
 1784              		.loc 1 834 5 discriminator 1 view .LVU530
 1785 0010 044B     		ldr	r3, .L133
 1786 0012 40F24232 		movw	r2, #834
 1787 0016 0449     		ldr	r1, .L133+4
 1788 0018 0448     		ldr	r0, .L133+8
 1789              	.LVL172:
 834:Middlewares/Third_Party/LwIP/src/core/pbuf.c ****   }
 1790              		.loc 1 834 5 is_stmt 0 discriminator 1 view .LVU531
ARM GAS  /tmp/ccCCDAAl.s 			page 62


 1791 001a FFF7FEFF 		bl	printf
 1792              	.LVL173:
 834:Middlewares/Third_Party/LwIP/src/core/pbuf.c ****   }
 1793              		.loc 1 834 5 is_stmt 1 discriminator 1 view .LVU532
 834:Middlewares/Third_Party/LwIP/src/core/pbuf.c ****   }
 1794              		.loc 1 834 5 discriminator 1 view .LVU533
 836:Middlewares/Third_Party/LwIP/src/core/pbuf.c **** 
 1795              		.loc 1 836 1 is_stmt 0 discriminator 1 view .LVU534
 1796 001e F6E7     		b	.L126
 1797              	.LVL174:
 1798              	.L129:
 1799              	.LCFI25:
 1800              		.cfi_def_cfa_offset 0
 1801              		.cfi_restore 3
 1802              		.cfi_restore 14
 836:Middlewares/Third_Party/LwIP/src/core/pbuf.c **** 
 1803              		.loc 1 836 1 discriminator 1 view .LVU535
 1804 0020 7047     		bx	lr
 1805              	.L134:
 1806 0022 00BF     		.align	2
 1807              	.L133:
 1808 0024 00000000 		.word	.LC0
 1809 0028 00000000 		.word	.LC15
 1810 002c 3C000000 		.word	.LC2
 1811              		.cfi_endproc
 1812              	.LFE174:
 1814              		.section	.rodata.pbuf_cat.str1.4,"aMS",%progbits,1
 1815              		.align	2
 1816              	.LC16:
 1817 0000 28682021 		.ascii	"(h != NULL) && (t != NULL) (programmer violates API"
 1817      3D204E55 
 1817      4C4C2920 
 1817      26262028 
 1817      7420213D 
 1818 0033 2900     		.ascii	")\000"
 1819 0035 000000   		.align	2
 1820              	.LC17:
 1821 0038 702D3E74 		.ascii	"p->tot_len == p->len (of last pbuf in chain)\000"
 1821      6F745F6C 
 1821      656E203D 
 1821      3D20702D 
 1821      3E6C656E 
 1822 0065 000000   		.align	2
 1823              	.LC18:
 1824 0068 702D3E6E 		.ascii	"p->next == NULL\000"
 1824      65787420 
 1824      3D3D204E 
 1824      554C4C00 
 1825              		.section	.text.pbuf_cat,"ax",%progbits
 1826              		.align	1
 1827              		.global	pbuf_cat
 1828              		.syntax unified
 1829              		.thumb
 1830              		.thumb_func
 1831              		.fpu fpv4-sp-d16
 1833              	pbuf_cat:
 1834              	.LVL175:
ARM GAS  /tmp/ccCCDAAl.s 			page 63


 1835              	.LFB175:
 854:Middlewares/Third_Party/LwIP/src/core/pbuf.c ****   struct pbuf *p;
 1836              		.loc 1 854 1 is_stmt 1 view -0
 1837              		.cfi_startproc
 1838              		@ args = 0, pretend = 0, frame = 0
 1839              		@ frame_needed = 0, uses_anonymous_args = 0
 854:Middlewares/Third_Party/LwIP/src/core/pbuf.c ****   struct pbuf *p;
 1840              		.loc 1 854 1 is_stmt 0 view .LVU537
 1841 0000 38B5     		push	{r3, r4, r5, lr}
 1842              	.LCFI26:
 1843              		.cfi_def_cfa_offset 16
 1844              		.cfi_offset 3, -16
 1845              		.cfi_offset 4, -12
 1846              		.cfi_offset 5, -8
 1847              		.cfi_offset 14, -4
 855:Middlewares/Third_Party/LwIP/src/core/pbuf.c **** 
 1848              		.loc 1 855 3 is_stmt 1 view .LVU538
 857:Middlewares/Third_Party/LwIP/src/core/pbuf.c ****              ((h != NULL) && (t != NULL)), return;);
 1849              		.loc 1 857 3 view .LVU539
 857:Middlewares/Third_Party/LwIP/src/core/pbuf.c ****              ((h != NULL) && (t != NULL)), return;);
 1850              		.loc 1 857 3 view .LVU540
 1851 0002 10B1     		cbz	r0, .L136
 1852 0004 0D46     		mov	r5, r1
 1853 0006 0446     		mov	r4, r0
 857:Middlewares/Third_Party/LwIP/src/core/pbuf.c ****              ((h != NULL) && (t != NULL)), return;);
 1854              		.loc 1 857 3 is_stmt 0 discriminator 2 view .LVU541
 1855 0008 61B9     		cbnz	r1, .L137
 1856              	.L136:
 857:Middlewares/Third_Party/LwIP/src/core/pbuf.c ****              ((h != NULL) && (t != NULL)), return;);
 1857              		.loc 1 857 3 is_stmt 1 discriminator 3 view .LVU542
 857:Middlewares/Third_Party/LwIP/src/core/pbuf.c ****              ((h != NULL) && (t != NULL)), return;);
 1858              		.loc 1 857 3 discriminator 3 view .LVU543
 1859 000a 154B     		ldr	r3, .L144
 1860 000c 40F25932 		movw	r2, #857
 1861 0010 1449     		ldr	r1, .L144+4
 1862              	.LVL176:
 857:Middlewares/Third_Party/LwIP/src/core/pbuf.c ****              ((h != NULL) && (t != NULL)), return;);
 1863              		.loc 1 857 3 is_stmt 0 discriminator 3 view .LVU544
 1864 0012 1548     		ldr	r0, .L144+8
 1865              	.LVL177:
 857:Middlewares/Third_Party/LwIP/src/core/pbuf.c ****              ((h != NULL) && (t != NULL)), return;);
 1866              		.loc 1 857 3 discriminator 3 view .LVU545
 1867 0014 FFF7FEFF 		bl	printf
 1868              	.LVL178:
 857:Middlewares/Third_Party/LwIP/src/core/pbuf.c ****              ((h != NULL) && (t != NULL)), return;);
 1869              		.loc 1 857 3 is_stmt 1 discriminator 3 view .LVU546
 857:Middlewares/Third_Party/LwIP/src/core/pbuf.c ****              ((h != NULL) && (t != NULL)), return;);
 1870              		.loc 1 857 3 discriminator 3 view .LVU547
 1871 0018 19E0     		b	.L135
 1872              	.LVL179:
 1873              	.L139:
 863:Middlewares/Third_Party/LwIP/src/core/pbuf.c ****   }
 1874              		.loc 1 863 5 discriminator 3 view .LVU548
 863:Middlewares/Third_Party/LwIP/src/core/pbuf.c ****   }
 1875              		.loc 1 863 27 is_stmt 0 discriminator 3 view .LVU549
 1876 001a 2389     		ldrh	r3, [r4, #8]
 863:Middlewares/Third_Party/LwIP/src/core/pbuf.c ****   }
ARM GAS  /tmp/ccCCDAAl.s 			page 64


 1877              		.loc 1 863 40 discriminator 3 view .LVU550
 1878 001c 2889     		ldrh	r0, [r5, #8]
 863:Middlewares/Third_Party/LwIP/src/core/pbuf.c ****   }
 1879              		.loc 1 863 18 discriminator 3 view .LVU551
 1880 001e 0344     		add	r3, r3, r0
 863:Middlewares/Third_Party/LwIP/src/core/pbuf.c ****   }
 1881              		.loc 1 863 16 discriminator 3 view .LVU552
 1882 0020 2381     		strh	r3, [r4, #8]	@ movhi
 861:Middlewares/Third_Party/LwIP/src/core/pbuf.c ****     /* add total length of second chain to all totals of first chain */
 1883              		.loc 1 861 32 is_stmt 1 discriminator 3 view .LVU553
 1884              	.LVL180:
 861:Middlewares/Third_Party/LwIP/src/core/pbuf.c ****     /* add total length of second chain to all totals of first chain */
 1885              		.loc 1 861 34 is_stmt 0 discriminator 3 view .LVU554
 1886 0022 1446     		mov	r4, r2
 1887              	.LVL181:
 1888              	.L137:
 861:Middlewares/Third_Party/LwIP/src/core/pbuf.c ****     /* add total length of second chain to all totals of first chain */
 1889              		.loc 1 861 15 is_stmt 1 discriminator 1 view .LVU555
 861:Middlewares/Third_Party/LwIP/src/core/pbuf.c ****     /* add total length of second chain to all totals of first chain */
 1890              		.loc 1 861 16 is_stmt 0 discriminator 1 view .LVU556
 1891 0024 2268     		ldr	r2, [r4]
 861:Middlewares/Third_Party/LwIP/src/core/pbuf.c ****     /* add total length of second chain to all totals of first chain */
 1892              		.loc 1 861 3 discriminator 1 view .LVU557
 1893 0026 002A     		cmp	r2, #0
 1894 0028 F7D1     		bne	.L139
 866:Middlewares/Third_Party/LwIP/src/core/pbuf.c ****   LWIP_ASSERT("p->next == NULL", p->next == NULL);
 1895              		.loc 1 866 3 is_stmt 1 view .LVU558
 866:Middlewares/Third_Party/LwIP/src/core/pbuf.c ****   LWIP_ASSERT("p->next == NULL", p->next == NULL);
 1896              		.loc 1 866 3 view .LVU559
 1897 002a 2289     		ldrh	r2, [r4, #8]
 1898 002c 6389     		ldrh	r3, [r4, #10]
 1899 002e 9A42     		cmp	r2, r3
 1900 0030 0ED1     		bne	.L143
 1901              	.LVL182:
 1902              	.L140:
 866:Middlewares/Third_Party/LwIP/src/core/pbuf.c ****   LWIP_ASSERT("p->next == NULL", p->next == NULL);
 1903              		.loc 1 866 3 discriminator 3 view .LVU560
 866:Middlewares/Third_Party/LwIP/src/core/pbuf.c ****   LWIP_ASSERT("p->next == NULL", p->next == NULL);
 1904              		.loc 1 866 3 discriminator 3 view .LVU561
 867:Middlewares/Third_Party/LwIP/src/core/pbuf.c ****   /* add total length of second chain to last pbuf total of first chain */
 1905              		.loc 1 867 3 discriminator 3 view .LVU562
 867:Middlewares/Third_Party/LwIP/src/core/pbuf.c ****   /* add total length of second chain to last pbuf total of first chain */
 1906              		.loc 1 867 3 discriminator 3 view .LVU563
 1907 0032 2368     		ldr	r3, [r4]
 1908 0034 33B1     		cbz	r3, .L141
 867:Middlewares/Third_Party/LwIP/src/core/pbuf.c ****   /* add total length of second chain to last pbuf total of first chain */
 1909              		.loc 1 867 3 discriminator 1 view .LVU564
 867:Middlewares/Third_Party/LwIP/src/core/pbuf.c ****   /* add total length of second chain to last pbuf total of first chain */
 1910              		.loc 1 867 3 discriminator 1 view .LVU565
 1911 0036 0A4B     		ldr	r3, .L144
 1912 0038 40F26332 		movw	r2, #867
 1913 003c 0B49     		ldr	r1, .L144+12
 1914 003e 0A48     		ldr	r0, .L144+8
 1915 0040 FFF7FEFF 		bl	printf
 1916              	.LVL183:
 1917              	.L141:
 867:Middlewares/Third_Party/LwIP/src/core/pbuf.c ****   /* add total length of second chain to last pbuf total of first chain */
ARM GAS  /tmp/ccCCDAAl.s 			page 65


 1918              		.loc 1 867 3 discriminator 3 view .LVU566
 867:Middlewares/Third_Party/LwIP/src/core/pbuf.c ****   /* add total length of second chain to last pbuf total of first chain */
 1919              		.loc 1 867 3 discriminator 3 view .LVU567
 869:Middlewares/Third_Party/LwIP/src/core/pbuf.c ****   /* chain last pbuf of head (p) with first of tail (t) */
 1920              		.loc 1 869 3 discriminator 3 view .LVU568
 869:Middlewares/Third_Party/LwIP/src/core/pbuf.c ****   /* chain last pbuf of head (p) with first of tail (t) */
 1921              		.loc 1 869 25 is_stmt 0 discriminator 3 view .LVU569
 1922 0044 2389     		ldrh	r3, [r4, #8]
 869:Middlewares/Third_Party/LwIP/src/core/pbuf.c ****   /* chain last pbuf of head (p) with first of tail (t) */
 1923              		.loc 1 869 38 discriminator 3 view .LVU570
 1924 0046 2A89     		ldrh	r2, [r5, #8]
 869:Middlewares/Third_Party/LwIP/src/core/pbuf.c ****   /* chain last pbuf of head (p) with first of tail (t) */
 1925              		.loc 1 869 16 discriminator 3 view .LVU571
 1926 0048 1344     		add	r3, r3, r2
 869:Middlewares/Third_Party/LwIP/src/core/pbuf.c ****   /* chain last pbuf of head (p) with first of tail (t) */
 1927              		.loc 1 869 14 discriminator 3 view .LVU572
 1928 004a 2381     		strh	r3, [r4, #8]	@ movhi
 871:Middlewares/Third_Party/LwIP/src/core/pbuf.c ****   /* p->next now references t, but the caller will drop its reference to t,
 1929              		.loc 1 871 3 is_stmt 1 discriminator 3 view .LVU573
 871:Middlewares/Third_Party/LwIP/src/core/pbuf.c ****   /* p->next now references t, but the caller will drop its reference to t,
 1930              		.loc 1 871 11 is_stmt 0 discriminator 3 view .LVU574
 1931 004c 2560     		str	r5, [r4]
 1932              	.LVL184:
 1933              	.L135:
 875:Middlewares/Third_Party/LwIP/src/core/pbuf.c **** 
 1934              		.loc 1 875 1 view .LVU575
 1935 004e 38BD     		pop	{r3, r4, r5, pc}
 1936              	.LVL185:
 1937              	.L143:
 866:Middlewares/Third_Party/LwIP/src/core/pbuf.c ****   LWIP_ASSERT("p->next == NULL", p->next == NULL);
 1938              		.loc 1 866 3 is_stmt 1 discriminator 1 view .LVU576
 866:Middlewares/Third_Party/LwIP/src/core/pbuf.c ****   LWIP_ASSERT("p->next == NULL", p->next == NULL);
 1939              		.loc 1 866 3 discriminator 1 view .LVU577
 1940 0050 034B     		ldr	r3, .L144
 1941 0052 40F26232 		movw	r2, #866
 1942 0056 0649     		ldr	r1, .L144+16
 1943              	.LVL186:
 866:Middlewares/Third_Party/LwIP/src/core/pbuf.c ****   LWIP_ASSERT("p->next == NULL", p->next == NULL);
 1944              		.loc 1 866 3 is_stmt 0 discriminator 1 view .LVU578
 1945 0058 0348     		ldr	r0, .L144+8
 1946 005a FFF7FEFF 		bl	printf
 1947              	.LVL187:
 1948 005e E8E7     		b	.L140
 1949              	.L145:
 1950              		.align	2
 1951              	.L144:
 1952 0060 00000000 		.word	.LC0
 1953 0064 00000000 		.word	.LC16
 1954 0068 3C000000 		.word	.LC2
 1955 006c 68000000 		.word	.LC18
 1956 0070 38000000 		.word	.LC17
 1957              		.cfi_endproc
 1958              	.LFE175:
 1960              		.section	.text.pbuf_chain,"ax",%progbits
 1961              		.align	1
 1962              		.global	pbuf_chain
 1963              		.syntax unified
ARM GAS  /tmp/ccCCDAAl.s 			page 66


 1964              		.thumb
 1965              		.thumb_func
 1966              		.fpu fpv4-sp-d16
 1968              	pbuf_chain:
 1969              	.LVL188:
 1970              	.LFB176:
 896:Middlewares/Third_Party/LwIP/src/core/pbuf.c ****   pbuf_cat(h, t);
 1971              		.loc 1 896 1 is_stmt 1 view -0
 1972              		.cfi_startproc
 1973              		@ args = 0, pretend = 0, frame = 0
 1974              		@ frame_needed = 0, uses_anonymous_args = 0
 896:Middlewares/Third_Party/LwIP/src/core/pbuf.c ****   pbuf_cat(h, t);
 1975              		.loc 1 896 1 is_stmt 0 view .LVU580
 1976 0000 10B5     		push	{r4, lr}
 1977              	.LCFI27:
 1978              		.cfi_def_cfa_offset 8
 1979              		.cfi_offset 4, -8
 1980              		.cfi_offset 14, -4
 1981 0002 0C46     		mov	r4, r1
 897:Middlewares/Third_Party/LwIP/src/core/pbuf.c ****   /* t is now referenced by h */
 1982              		.loc 1 897 3 is_stmt 1 view .LVU581
 1983 0004 FFF7FEFF 		bl	pbuf_cat
 1984              	.LVL189:
 899:Middlewares/Third_Party/LwIP/src/core/pbuf.c ****   LWIP_DEBUGF(PBUF_DEBUG | LWIP_DBG_TRACE, ("pbuf_chain: %p references %p\n", (void *)h, (void *)t)
 1985              		.loc 1 899 3 view .LVU582
 1986 0008 2046     		mov	r0, r4
 1987 000a FFF7FEFF 		bl	pbuf_ref
 1988              	.LVL190:
 900:Middlewares/Third_Party/LwIP/src/core/pbuf.c **** }
 1989              		.loc 1 900 3 view .LVU583
 900:Middlewares/Third_Party/LwIP/src/core/pbuf.c **** }
 1990              		.loc 1 900 3 view .LVU584
 900:Middlewares/Third_Party/LwIP/src/core/pbuf.c **** }
 1991              		.loc 1 900 3 view .LVU585
 901:Middlewares/Third_Party/LwIP/src/core/pbuf.c **** 
 1992              		.loc 1 901 1 is_stmt 0 view .LVU586
 1993 000e 10BD     		pop	{r4, pc}
 901:Middlewares/Third_Party/LwIP/src/core/pbuf.c **** 
 1994              		.loc 1 901 1 view .LVU587
 1995              		.cfi_endproc
 1996              	.LFE176:
 1998              		.section	.rodata.pbuf_dechain.str1.4,"aMS",%progbits,1
 1999              		.align	2
 2000              	.LC19:
 2001 0000 702D3E74 		.ascii	"p->tot_len == p->len + q->tot_len\000"
 2001      6F745F6C 
 2001      656E203D 
 2001      3D20702D 
 2001      3E6C656E 
 2002 0022 0000     		.align	2
 2003              	.LC20:
 2004 0024 702D3E74 		.ascii	"p->tot_len == p->len\000"
 2004      6F745F6C 
 2004      656E203D 
 2004      3D20702D 
 2004      3E6C656E 
 2005              		.section	.text.pbuf_dechain,"ax",%progbits
ARM GAS  /tmp/ccCCDAAl.s 			page 67


 2006              		.align	1
 2007              		.global	pbuf_dechain
 2008              		.syntax unified
 2009              		.thumb
 2010              		.thumb_func
 2011              		.fpu fpv4-sp-d16
 2013              	pbuf_dechain:
 2014              	.LVL191:
 2015              	.LFB177:
 913:Middlewares/Third_Party/LwIP/src/core/pbuf.c ****   struct pbuf *q;
 2016              		.loc 1 913 1 is_stmt 1 view -0
 2017              		.cfi_startproc
 2018              		@ args = 0, pretend = 0, frame = 0
 2019              		@ frame_needed = 0, uses_anonymous_args = 0
 913:Middlewares/Third_Party/LwIP/src/core/pbuf.c ****   struct pbuf *q;
 2020              		.loc 1 913 1 is_stmt 0 view .LVU589
 2021 0000 70B5     		push	{r4, r5, r6, lr}
 2022              	.LCFI28:
 2023              		.cfi_def_cfa_offset 16
 2024              		.cfi_offset 4, -16
 2025              		.cfi_offset 5, -12
 2026              		.cfi_offset 6, -8
 2027              		.cfi_offset 14, -4
 2028 0002 0446     		mov	r4, r0
 914:Middlewares/Third_Party/LwIP/src/core/pbuf.c ****   u8_t tail_gone = 1;
 2029              		.loc 1 914 3 is_stmt 1 view .LVU590
 915:Middlewares/Third_Party/LwIP/src/core/pbuf.c ****   /* tail */
 2030              		.loc 1 915 3 view .LVU591
 2031              	.LVL192:
 917:Middlewares/Third_Party/LwIP/src/core/pbuf.c ****   /* pbuf has successor in chain? */
 2032              		.loc 1 917 3 view .LVU592
 917:Middlewares/Third_Party/LwIP/src/core/pbuf.c ****   /* pbuf has successor in chain? */
 2033              		.loc 1 917 5 is_stmt 0 view .LVU593
 2034 0004 0568     		ldr	r5, [r0]
 2035              	.LVL193:
 919:Middlewares/Third_Party/LwIP/src/core/pbuf.c ****     /* assert tot_len invariant: (p->tot_len == p->len + (p->next? p->next->tot_len: 0) */
 2036              		.loc 1 919 3 is_stmt 1 view .LVU594
 919:Middlewares/Third_Party/LwIP/src/core/pbuf.c ****     /* assert tot_len invariant: (p->tot_len == p->len + (p->next? p->next->tot_len: 0) */
 2037              		.loc 1 919 6 is_stmt 0 view .LVU595
 2038 0006 05B3     		cbz	r5, .L153
 921:Middlewares/Third_Party/LwIP/src/core/pbuf.c ****     /* enforce invariant if assertion is disabled */
 2039              		.loc 1 921 5 is_stmt 1 view .LVU596
 921:Middlewares/Third_Party/LwIP/src/core/pbuf.c ****     /* enforce invariant if assertion is disabled */
 2040              		.loc 1 921 5 view .LVU597
 2041 0008 2A89     		ldrh	r2, [r5, #8]
 2042 000a 0389     		ldrh	r3, [r0, #8]
 2043 000c 4189     		ldrh	r1, [r0, #10]
 2044 000e 5B1A     		subs	r3, r3, r1
 2045 0010 9A42     		cmp	r2, r3
 2046 0012 12D1     		bne	.L156
 2047              	.LVL194:
 2048              	.L150:
 921:Middlewares/Third_Party/LwIP/src/core/pbuf.c ****     /* enforce invariant if assertion is disabled */
 2049              		.loc 1 921 5 discriminator 3 view .LVU598
 921:Middlewares/Third_Party/LwIP/src/core/pbuf.c ****     /* enforce invariant if assertion is disabled */
 2050              		.loc 1 921 5 discriminator 3 view .LVU599
 923:Middlewares/Third_Party/LwIP/src/core/pbuf.c ****     /* decouple pbuf from remainder */
ARM GAS  /tmp/ccCCDAAl.s 			page 68


 2051              		.loc 1 923 5 discriminator 3 view .LVU600
 923:Middlewares/Third_Party/LwIP/src/core/pbuf.c ****     /* decouple pbuf from remainder */
 2052              		.loc 1 923 27 is_stmt 0 discriminator 3 view .LVU601
 2053 0014 2389     		ldrh	r3, [r4, #8]
 923:Middlewares/Third_Party/LwIP/src/core/pbuf.c ****     /* decouple pbuf from remainder */
 2054              		.loc 1 923 40 discriminator 3 view .LVU602
 2055 0016 6289     		ldrh	r2, [r4, #10]
 923:Middlewares/Third_Party/LwIP/src/core/pbuf.c ****     /* decouple pbuf from remainder */
 2056              		.loc 1 923 18 discriminator 3 view .LVU603
 2057 0018 9B1A     		subs	r3, r3, r2
 923:Middlewares/Third_Party/LwIP/src/core/pbuf.c ****     /* decouple pbuf from remainder */
 2058              		.loc 1 923 16 discriminator 3 view .LVU604
 2059 001a 2B81     		strh	r3, [r5, #8]	@ movhi
 925:Middlewares/Third_Party/LwIP/src/core/pbuf.c ****     /* total length of pbuf p is its own length only */
 2060              		.loc 1 925 5 is_stmt 1 discriminator 3 view .LVU605
 925:Middlewares/Third_Party/LwIP/src/core/pbuf.c ****     /* total length of pbuf p is its own length only */
 2061              		.loc 1 925 13 is_stmt 0 discriminator 3 view .LVU606
 2062 001c 0023     		movs	r3, #0
 2063 001e 2360     		str	r3, [r4]
 927:Middlewares/Third_Party/LwIP/src/core/pbuf.c ****     /* q is no longer referenced by p, free it */
 2064              		.loc 1 927 5 is_stmt 1 discriminator 3 view .LVU607
 927:Middlewares/Third_Party/LwIP/src/core/pbuf.c ****     /* q is no longer referenced by p, free it */
 2065              		.loc 1 927 19 is_stmt 0 discriminator 3 view .LVU608
 2066 0020 6389     		ldrh	r3, [r4, #10]
 927:Middlewares/Third_Party/LwIP/src/core/pbuf.c ****     /* q is no longer referenced by p, free it */
 2067              		.loc 1 927 16 discriminator 3 view .LVU609
 2068 0022 2381     		strh	r3, [r4, #8]	@ movhi
 929:Middlewares/Third_Party/LwIP/src/core/pbuf.c ****     tail_gone = pbuf_free(q);
 2069              		.loc 1 929 5 is_stmt 1 discriminator 3 view .LVU610
 929:Middlewares/Third_Party/LwIP/src/core/pbuf.c ****     tail_gone = pbuf_free(q);
 2070              		.loc 1 929 5 discriminator 3 view .LVU611
 929:Middlewares/Third_Party/LwIP/src/core/pbuf.c ****     tail_gone = pbuf_free(q);
 2071              		.loc 1 929 5 discriminator 3 view .LVU612
 930:Middlewares/Third_Party/LwIP/src/core/pbuf.c ****     if (tail_gone > 0) {
 2072              		.loc 1 930 5 discriminator 3 view .LVU613
 930:Middlewares/Third_Party/LwIP/src/core/pbuf.c ****     if (tail_gone > 0) {
 2073              		.loc 1 930 17 is_stmt 0 discriminator 3 view .LVU614
 2074 0024 2846     		mov	r0, r5
 2075 0026 FFF7FEFF 		bl	pbuf_free
 2076              	.LVL195:
 2077 002a 0646     		mov	r6, r0
 2078              	.LVL196:
 931:Middlewares/Third_Party/LwIP/src/core/pbuf.c ****       LWIP_DEBUGF(PBUF_DEBUG | LWIP_DBG_TRACE,
 2079              		.loc 1 931 5 is_stmt 1 discriminator 3 view .LVU615
 2080              	.L149:
 932:Middlewares/Third_Party/LwIP/src/core/pbuf.c ****                   ("pbuf_dechain: deallocated %p (as it is no longer referenced)\n", (void *)q));
 2081              		.loc 1 932 7 discriminator 4 view .LVU616
 938:Middlewares/Third_Party/LwIP/src/core/pbuf.c ****   return ((tail_gone > 0) ? NULL : q);
 2082              		.loc 1 938 3 discriminator 4 view .LVU617
 938:Middlewares/Third_Party/LwIP/src/core/pbuf.c ****   return ((tail_gone > 0) ? NULL : q);
 2083              		.loc 1 938 3 discriminator 4 view .LVU618
 2084 002c 2289     		ldrh	r2, [r4, #8]
 2085 002e 6389     		ldrh	r3, [r4, #10]
 2086 0030 9A42     		cmp	r2, r3
 2087 0032 0CD1     		bne	.L157
 2088              	.L151:
 938:Middlewares/Third_Party/LwIP/src/core/pbuf.c ****   return ((tail_gone > 0) ? NULL : q);
ARM GAS  /tmp/ccCCDAAl.s 			page 69


 2089              		.loc 1 938 3 discriminator 3 view .LVU619
 938:Middlewares/Third_Party/LwIP/src/core/pbuf.c ****   return ((tail_gone > 0) ? NULL : q);
 2090              		.loc 1 938 3 discriminator 3 view .LVU620
 939:Middlewares/Third_Party/LwIP/src/core/pbuf.c **** }
 2091              		.loc 1 939 3 discriminator 3 view .LVU621
 939:Middlewares/Third_Party/LwIP/src/core/pbuf.c **** }
 2092              		.loc 1 939 34 is_stmt 0 discriminator 3 view .LVU622
 2093 0034 9EB9     		cbnz	r6, .L158
 2094              	.LVL197:
 2095              	.L148:
 940:Middlewares/Third_Party/LwIP/src/core/pbuf.c **** 
 2096              		.loc 1 940 1 view .LVU623
 2097 0036 2846     		mov	r0, r5
 2098 0038 70BD     		pop	{r4, r5, r6, pc}
 2099              	.LVL198:
 2100              	.L156:
 921:Middlewares/Third_Party/LwIP/src/core/pbuf.c ****     /* enforce invariant if assertion is disabled */
 2101              		.loc 1 921 5 is_stmt 1 discriminator 1 view .LVU624
 921:Middlewares/Third_Party/LwIP/src/core/pbuf.c ****     /* enforce invariant if assertion is disabled */
 2102              		.loc 1 921 5 discriminator 1 view .LVU625
 2103 003a 0A4B     		ldr	r3, .L159
 2104 003c 40F29932 		movw	r2, #921
 2105 0040 0949     		ldr	r1, .L159+4
 2106 0042 0A48     		ldr	r0, .L159+8
 2107              	.LVL199:
 921:Middlewares/Third_Party/LwIP/src/core/pbuf.c ****     /* enforce invariant if assertion is disabled */
 2108              		.loc 1 921 5 is_stmt 0 discriminator 1 view .LVU626
 2109 0044 FFF7FEFF 		bl	printf
 2110              	.LVL200:
 2111 0048 E4E7     		b	.L150
 2112              	.LVL201:
 2113              	.L153:
 915:Middlewares/Third_Party/LwIP/src/core/pbuf.c ****   /* tail */
 2114              		.loc 1 915 8 view .LVU627
 2115 004a 0126     		movs	r6, #1
 2116 004c EEE7     		b	.L149
 2117              	.LVL202:
 2118              	.L157:
 938:Middlewares/Third_Party/LwIP/src/core/pbuf.c ****   return ((tail_gone > 0) ? NULL : q);
 2119              		.loc 1 938 3 is_stmt 1 discriminator 1 view .LVU628
 938:Middlewares/Third_Party/LwIP/src/core/pbuf.c ****   return ((tail_gone > 0) ? NULL : q);
 2120              		.loc 1 938 3 discriminator 1 view .LVU629
 2121 004e 054B     		ldr	r3, .L159
 2122 0050 40F2AA32 		movw	r2, #938
 2123 0054 0649     		ldr	r1, .L159+12
 2124 0056 0548     		ldr	r0, .L159+8
 2125 0058 FFF7FEFF 		bl	printf
 2126              	.LVL203:
 2127 005c EAE7     		b	.L151
 2128              	.L158:
 939:Middlewares/Third_Party/LwIP/src/core/pbuf.c **** }
 2129              		.loc 1 939 34 is_stmt 0 view .LVU630
 2130 005e 0025     		movs	r5, #0
 2131              	.LVL204:
 939:Middlewares/Third_Party/LwIP/src/core/pbuf.c **** }
 2132              		.loc 1 939 34 view .LVU631
 2133 0060 E9E7     		b	.L148
ARM GAS  /tmp/ccCCDAAl.s 			page 70


 2134              	.L160:
 2135 0062 00BF     		.align	2
 2136              	.L159:
 2137 0064 00000000 		.word	.LC0
 2138 0068 00000000 		.word	.LC19
 2139 006c 3C000000 		.word	.LC2
 2140 0070 24000000 		.word	.LC20
 2141              		.cfi_endproc
 2142              	.LFE177:
 2144              		.section	.rodata.pbuf_copy.str1.4,"aMS",%progbits,1
 2145              		.align	2
 2146              	.LC21:
 2147 0000 70627566 		.ascii	"pbuf_copy: target not big enough to hold source\000"
 2147      5F636F70 
 2147      793A2074 
 2147      61726765 
 2147      74206E6F 
 2148              		.align	2
 2149              	.LC22:
 2150 0030 6F666673 		.ascii	"offset_to <= p_to->len\000"
 2150      65745F74 
 2150      6F203C3D 
 2150      20705F74 
 2150      6F2D3E6C 
 2151 0047 00       		.align	2
 2152              	.LC23:
 2153 0048 6F666673 		.ascii	"offset_from <= p_from->len\000"
 2153      65745F66 
 2153      726F6D20 
 2153      3C3D2070 
 2153      5F66726F 
 2154 0063 00       		.align	2
 2155              	.LC24:
 2156 0064 705F746F 		.ascii	"p_to != NULL\000"
 2156      20213D20 
 2156      4E554C4C 
 2156      00
 2157 0071 000000   		.align	2
 2158              	.LC25:
 2159 0074 70627566 		.ascii	"pbuf_copy() does not allow packet queues!\000"
 2159      5F636F70 
 2159      79282920 
 2159      646F6573 
 2159      206E6F74 
 2160              		.section	.text.pbuf_copy,"ax",%progbits
 2161              		.align	1
 2162              		.global	pbuf_copy
 2163              		.syntax unified
 2164              		.thumb
 2165              		.thumb_func
 2166              		.fpu fpv4-sp-d16
 2168              	pbuf_copy:
 2169              	.LVL205:
 2170              	.LFB178:
 962:Middlewares/Third_Party/LwIP/src/core/pbuf.c ****   size_t offset_to = 0, offset_from = 0, len;
 2171              		.loc 1 962 1 is_stmt 1 view -0
 2172              		.cfi_startproc
ARM GAS  /tmp/ccCCDAAl.s 			page 71


 2173              		@ args = 0, pretend = 0, frame = 0
 2174              		@ frame_needed = 0, uses_anonymous_args = 0
 962:Middlewares/Third_Party/LwIP/src/core/pbuf.c ****   size_t offset_to = 0, offset_from = 0, len;
 2175              		.loc 1 962 1 is_stmt 0 view .LVU633
 2176 0000 2DE9F041 		push	{r4, r5, r6, r7, r8, lr}
 2177              	.LCFI29:
 2178              		.cfi_def_cfa_offset 24
 2179              		.cfi_offset 4, -24
 2180              		.cfi_offset 5, -20
 2181              		.cfi_offset 6, -16
 2182              		.cfi_offset 7, -12
 2183              		.cfi_offset 8, -8
 2184              		.cfi_offset 14, -4
 963:Middlewares/Third_Party/LwIP/src/core/pbuf.c **** 
 2185              		.loc 1 963 3 is_stmt 1 view .LVU634
 2186              	.LVL206:
 965:Middlewares/Third_Party/LwIP/src/core/pbuf.c ****               (const void *)p_to, (const void *)p_from));
 2187              		.loc 1 965 3 view .LVU635
 965:Middlewares/Third_Party/LwIP/src/core/pbuf.c ****               (const void *)p_to, (const void *)p_from));
 2188              		.loc 1 965 3 view .LVU636
 965:Middlewares/Third_Party/LwIP/src/core/pbuf.c ****               (const void *)p_to, (const void *)p_from));
 2189              		.loc 1 965 3 view .LVU637
 969:Middlewares/Third_Party/LwIP/src/core/pbuf.c ****              (p_from != NULL) && (p_to->tot_len >= p_from->tot_len)), return ERR_ARG;);
 2190              		.loc 1 969 3 view .LVU638
 969:Middlewares/Third_Party/LwIP/src/core/pbuf.c ****              (p_from != NULL) && (p_to->tot_len >= p_from->tot_len)), return ERR_ARG;);
 2191              		.loc 1 969 3 view .LVU639
 2192 0004 48B1     		cbz	r0, .L162
 2193 0006 0C46     		mov	r4, r1
 2194 0008 0546     		mov	r5, r0
 969:Middlewares/Third_Party/LwIP/src/core/pbuf.c ****              (p_from != NULL) && (p_to->tot_len >= p_from->tot_len)), return ERR_ARG;);
 2195              		.loc 1 969 3 is_stmt 0 discriminator 2 view .LVU640
 2196 000a 31B1     		cbz	r1, .L162
 969:Middlewares/Third_Party/LwIP/src/core/pbuf.c ****              (p_from != NULL) && (p_to->tot_len >= p_from->tot_len)), return ERR_ARG;);
 2197              		.loc 1 969 3 discriminator 4 view .LVU641
 2198 000c 0289     		ldrh	r2, [r0, #8]
 2199 000e 0B89     		ldrh	r3, [r1, #8]
 2200 0010 9A42     		cmp	r2, r3
 2201 0012 02D3     		bcc	.L162
 963:Middlewares/Third_Party/LwIP/src/core/pbuf.c **** 
 2202              		.loc 1 963 25 view .LVU642
 2203 0014 0027     		movs	r7, #0
 963:Middlewares/Third_Party/LwIP/src/core/pbuf.c **** 
 2204              		.loc 1 963 10 view .LVU643
 2205 0016 B846     		mov	r8, r7
 2206 0018 3AE0     		b	.L163
 2207              	.L162:
 969:Middlewares/Third_Party/LwIP/src/core/pbuf.c ****              (p_from != NULL) && (p_to->tot_len >= p_from->tot_len)), return ERR_ARG;);
 2208              		.loc 1 969 3 is_stmt 1 discriminator 5 view .LVU644
 969:Middlewares/Third_Party/LwIP/src/core/pbuf.c ****              (p_from != NULL) && (p_to->tot_len >= p_from->tot_len)), return ERR_ARG;);
 2209              		.loc 1 969 3 discriminator 5 view .LVU645
 2210 001a 3A4B     		ldr	r3, .L183
 2211 001c 40F2C932 		movw	r2, #969
 2212 0020 3949     		ldr	r1, .L183+4
 2213              	.LVL207:
 969:Middlewares/Third_Party/LwIP/src/core/pbuf.c ****              (p_from != NULL) && (p_to->tot_len >= p_from->tot_len)), return ERR_ARG;);
 2214              		.loc 1 969 3 is_stmt 0 discriminator 5 view .LVU646
 2215 0022 3A48     		ldr	r0, .L183+8
ARM GAS  /tmp/ccCCDAAl.s 			page 72


 2216              	.LVL208:
 969:Middlewares/Third_Party/LwIP/src/core/pbuf.c ****              (p_from != NULL) && (p_to->tot_len >= p_from->tot_len)), return ERR_ARG;);
 2217              		.loc 1 969 3 discriminator 5 view .LVU647
 2218 0024 FFF7FEFF 		bl	printf
 2219              	.LVL209:
 969:Middlewares/Third_Party/LwIP/src/core/pbuf.c ****              (p_from != NULL) && (p_to->tot_len >= p_from->tot_len)), return ERR_ARG;);
 2220              		.loc 1 969 3 is_stmt 1 discriminator 5 view .LVU648
 969:Middlewares/Third_Party/LwIP/src/core/pbuf.c ****              (p_from != NULL) && (p_to->tot_len >= p_from->tot_len)), return ERR_ARG;);
 2221              		.loc 1 969 3 discriminator 5 view .LVU649
 2222 0028 6FF00F00 		mvn	r0, #15
 2223 002c 68E0     		b	.L164
 2224              	.LVL210:
 2225              	.L179:
 985:Middlewares/Third_Party/LwIP/src/core/pbuf.c ****     LWIP_ASSERT("offset_from <= p_from->len", offset_from <= p_from->len);
 2226              		.loc 1 985 5 discriminator 1 view .LVU650
 985:Middlewares/Third_Party/LwIP/src/core/pbuf.c ****     LWIP_ASSERT("offset_from <= p_from->len", offset_from <= p_from->len);
 2227              		.loc 1 985 5 discriminator 1 view .LVU651
 2228 002e 354B     		ldr	r3, .L183
 2229 0030 40F2D932 		movw	r2, #985
 2230 0034 3649     		ldr	r1, .L183+12
 2231 0036 3548     		ldr	r0, .L183+8
 2232 0038 FFF7FEFF 		bl	printf
 2233              	.LVL211:
 2234 003c 3CE0     		b	.L166
 2235              	.L180:
 986:Middlewares/Third_Party/LwIP/src/core/pbuf.c ****     if (offset_from >= p_from->len) {
 2236              		.loc 1 986 5 discriminator 1 view .LVU652
 986:Middlewares/Third_Party/LwIP/src/core/pbuf.c ****     if (offset_from >= p_from->len) {
 2237              		.loc 1 986 5 discriminator 1 view .LVU653
 2238 003e 314B     		ldr	r3, .L183
 2239 0040 40F2DA32 		movw	r2, #986
 2240 0044 3349     		ldr	r1, .L183+16
 2241 0046 3148     		ldr	r0, .L183+8
 2242 0048 FFF7FEFF 		bl	printf
 2243              	.LVL212:
 2244 004c 37E0     		b	.L167
 2245              	.L181:
 994:Middlewares/Third_Party/LwIP/src/core/pbuf.c ****       p_to = p_to->next;
 2246              		.loc 1 994 7 view .LVU654
 2247              	.LVL213:
 995:Middlewares/Third_Party/LwIP/src/core/pbuf.c ****       LWIP_ERROR("p_to != NULL", (p_to != NULL) || (p_from == NULL), return ERR_ARG;);
 2248              		.loc 1 995 7 view .LVU655
 995:Middlewares/Third_Party/LwIP/src/core/pbuf.c ****       LWIP_ERROR("p_to != NULL", (p_to != NULL) || (p_from == NULL), return ERR_ARG;);
 2249              		.loc 1 995 12 is_stmt 0 view .LVU656
 2250 004e 2D68     		ldr	r5, [r5]
 2251              	.LVL214:
 996:Middlewares/Third_Party/LwIP/src/core/pbuf.c ****     }
 2252              		.loc 1 996 7 is_stmt 1 view .LVU657
 996:Middlewares/Third_Party/LwIP/src/core/pbuf.c ****     }
 2253              		.loc 1 996 7 view .LVU658
 2254 0050 15B1     		cbz	r5, .L176
 994:Middlewares/Third_Party/LwIP/src/core/pbuf.c ****       p_to = p_to->next;
 2255              		.loc 1 994 17 is_stmt 0 view .LVU659
 2256 0052 4FF00008 		mov	r8, #0
 2257 0056 3AE0     		b	.L169
 2258              	.L176:
 996:Middlewares/Third_Party/LwIP/src/core/pbuf.c ****     }
ARM GAS  /tmp/ccCCDAAl.s 			page 73


 2259              		.loc 1 996 7 discriminator 1 view .LVU660
 2260 0058 14B9     		cbnz	r4, .L177
 994:Middlewares/Third_Party/LwIP/src/core/pbuf.c ****       p_to = p_to->next;
 2261              		.loc 1 994 17 view .LVU661
 2262 005a 4FF00008 		mov	r8, #0
 2263 005e 36E0     		b	.L169
 2264              	.L177:
 996:Middlewares/Third_Party/LwIP/src/core/pbuf.c ****     }
 2265              		.loc 1 996 7 is_stmt 1 discriminator 3 view .LVU662
 996:Middlewares/Third_Party/LwIP/src/core/pbuf.c ****     }
 2266              		.loc 1 996 7 discriminator 3 view .LVU663
 2267 0060 284B     		ldr	r3, .L183
 2268 0062 4FF47972 		mov	r2, #996
 2269 0066 2C49     		ldr	r1, .L183+20
 2270 0068 2848     		ldr	r0, .L183+8
 2271 006a FFF7FEFF 		bl	printf
 2272              	.LVL215:
 996:Middlewares/Third_Party/LwIP/src/core/pbuf.c ****     }
 2273              		.loc 1 996 7 discriminator 3 view .LVU664
 996:Middlewares/Third_Party/LwIP/src/core/pbuf.c ****     }
 2274              		.loc 1 996 7 discriminator 3 view .LVU665
 2275 006e 6FF00F00 		mvn	r0, #15
 2276 0072 45E0     		b	.L164
 2277              	.LVL216:
 2278              	.L182:
1001:Middlewares/Third_Party/LwIP/src/core/pbuf.c ****                  (p_from->next == NULL), return ERR_VAL;);
 2279              		.loc 1 1001 7 view .LVU666
1001:Middlewares/Third_Party/LwIP/src/core/pbuf.c ****                  (p_from->next == NULL), return ERR_VAL;);
 2280              		.loc 1 1001 7 view .LVU667
 2281 0074 2368     		ldr	r3, [r4]
 2282 0076 7BB3     		cbz	r3, .L170
1001:Middlewares/Third_Party/LwIP/src/core/pbuf.c ****                  (p_from->next == NULL), return ERR_VAL;);
 2283              		.loc 1 1001 7 discriminator 1 view .LVU668
1001:Middlewares/Third_Party/LwIP/src/core/pbuf.c ****                  (p_from->next == NULL), return ERR_VAL;);
 2284              		.loc 1 1001 7 discriminator 1 view .LVU669
 2285 0078 224B     		ldr	r3, .L183
 2286 007a 40F2E932 		movw	r2, #1001
 2287 007e 2749     		ldr	r1, .L183+24
 2288 0080 2248     		ldr	r0, .L183+8
 2289 0082 FFF7FEFF 		bl	printf
 2290              	.LVL217:
1001:Middlewares/Third_Party/LwIP/src/core/pbuf.c ****                  (p_from->next == NULL), return ERR_VAL;);
 2291              		.loc 1 1001 7 discriminator 1 view .LVU670
1001:Middlewares/Third_Party/LwIP/src/core/pbuf.c ****                  (p_from->next == NULL), return ERR_VAL;);
 2292              		.loc 1 1001 7 discriminator 1 view .LVU671
 2293 0086 6FF00500 		mvn	r0, #5
 2294 008a 39E0     		b	.L164
 2295              	.L171:
1006:Middlewares/Third_Party/LwIP/src/core/pbuf.c ****                  (p_to->next == NULL), return ERR_VAL;);
 2296              		.loc 1 1006 7 discriminator 2 view .LVU672
1006:Middlewares/Third_Party/LwIP/src/core/pbuf.c ****                  (p_to->next == NULL), return ERR_VAL;);
 2297              		.loc 1 1006 7 discriminator 2 view .LVU673
1009:Middlewares/Third_Party/LwIP/src/core/pbuf.c ****   LWIP_DEBUGF(PBUF_DEBUG | LWIP_DBG_TRACE, ("pbuf_copy: end of chain reached.\n"));
 2298              		.loc 1 1009 11 discriminator 2 view .LVU674
1009:Middlewares/Third_Party/LwIP/src/core/pbuf.c ****   LWIP_DEBUGF(PBUF_DEBUG | LWIP_DBG_TRACE, ("pbuf_copy: end of chain reached.\n"));
 2299              		.loc 1 1009 3 is_stmt 0 discriminator 2 view .LVU675
 2300 008c 002C     		cmp	r4, #0
ARM GAS  /tmp/ccCCDAAl.s 			page 74


 2301 008e 36D0     		beq	.L178
 2302              	.LVL218:
 2303              	.L163:
 969:Middlewares/Third_Party/LwIP/src/core/pbuf.c ****              (p_from != NULL) && (p_to->tot_len >= p_from->tot_len)), return ERR_ARG;);
 2304              		.loc 1 969 3 is_stmt 1 discriminator 6 view .LVU676
 969:Middlewares/Third_Party/LwIP/src/core/pbuf.c ****              (p_from != NULL) && (p_to->tot_len >= p_from->tot_len)), return ERR_ARG;);
 2305              		.loc 1 969 3 discriminator 6 view .LVU677
 973:Middlewares/Third_Party/LwIP/src/core/pbuf.c ****     /* copy one part of the original chain */
 2306              		.loc 1 973 3 discriminator 6 view .LVU678
 975:Middlewares/Third_Party/LwIP/src/core/pbuf.c ****       /* complete current p_from fits into current p_to */
 2307              		.loc 1 975 5 discriminator 6 view .LVU679
 975:Middlewares/Third_Party/LwIP/src/core/pbuf.c ****       /* complete current p_from fits into current p_to */
 2308              		.loc 1 975 14 is_stmt 0 discriminator 6 view .LVU680
 2309 0090 6E89     		ldrh	r6, [r5, #10]
 975:Middlewares/Third_Party/LwIP/src/core/pbuf.c ****       /* complete current p_from fits into current p_to */
 2310              		.loc 1 975 20 discriminator 6 view .LVU681
 2311 0092 A6EB0806 		sub	r6, r6, r8
 975:Middlewares/Third_Party/LwIP/src/core/pbuf.c ****       /* complete current p_from fits into current p_to */
 2312              		.loc 1 975 43 discriminator 6 view .LVU682
 2313 0096 6389     		ldrh	r3, [r4, #10]
 975:Middlewares/Third_Party/LwIP/src/core/pbuf.c ****       /* complete current p_from fits into current p_to */
 2314              		.loc 1 975 49 discriminator 6 view .LVU683
 2315 0098 DB1B     		subs	r3, r3, r7
 975:Middlewares/Third_Party/LwIP/src/core/pbuf.c ****       /* complete current p_from fits into current p_to */
 2316              		.loc 1 975 8 discriminator 6 view .LVU684
 2317 009a 9E42     		cmp	r6, r3
 2318 009c 00D3     		bcc	.L165
 977:Middlewares/Third_Party/LwIP/src/core/pbuf.c ****     } else {
 2319              		.loc 1 977 11 view .LVU685
 2320 009e 1E46     		mov	r6, r3
 2321              	.L165:
 2322              	.LVL219:
 982:Middlewares/Third_Party/LwIP/src/core/pbuf.c ****     offset_to += len;
 2323              		.loc 1 982 5 is_stmt 1 view .LVU686
 2324 00a0 6868     		ldr	r0, [r5, #4]
 2325 00a2 6168     		ldr	r1, [r4, #4]
 2326 00a4 3246     		mov	r2, r6
 2327 00a6 3944     		add	r1, r1, r7
 2328 00a8 4044     		add	r0, r0, r8
 2329 00aa FFF7FEFF 		bl	memcpy
 2330              	.LVL220:
 983:Middlewares/Third_Party/LwIP/src/core/pbuf.c ****     offset_from += len;
 2331              		.loc 1 983 5 view .LVU687
 983:Middlewares/Third_Party/LwIP/src/core/pbuf.c ****     offset_from += len;
 2332              		.loc 1 983 15 is_stmt 0 view .LVU688
 2333 00ae B044     		add	r8, r8, r6
 2334              	.LVL221:
 984:Middlewares/Third_Party/LwIP/src/core/pbuf.c ****     LWIP_ASSERT("offset_to <= p_to->len", offset_to <= p_to->len);
 2335              		.loc 1 984 5 is_stmt 1 view .LVU689
 984:Middlewares/Third_Party/LwIP/src/core/pbuf.c ****     LWIP_ASSERT("offset_to <= p_to->len", offset_to <= p_to->len);
 2336              		.loc 1 984 17 is_stmt 0 view .LVU690
 2337 00b0 3744     		add	r7, r7, r6
 2338              	.LVL222:
 985:Middlewares/Third_Party/LwIP/src/core/pbuf.c ****     LWIP_ASSERT("offset_from <= p_from->len", offset_from <= p_from->len);
 2339              		.loc 1 985 5 is_stmt 1 view .LVU691
 985:Middlewares/Third_Party/LwIP/src/core/pbuf.c ****     LWIP_ASSERT("offset_from <= p_from->len", offset_from <= p_from->len);
 2340              		.loc 1 985 5 view .LVU692
ARM GAS  /tmp/ccCCDAAl.s 			page 75


 2341 00b2 6B89     		ldrh	r3, [r5, #10]
 2342 00b4 4345     		cmp	r3, r8
 2343 00b6 BAD3     		bcc	.L179
 2344              	.L166:
 985:Middlewares/Third_Party/LwIP/src/core/pbuf.c ****     LWIP_ASSERT("offset_from <= p_from->len", offset_from <= p_from->len);
 2345              		.loc 1 985 5 discriminator 3 view .LVU693
 985:Middlewares/Third_Party/LwIP/src/core/pbuf.c ****     LWIP_ASSERT("offset_from <= p_from->len", offset_from <= p_from->len);
 2346              		.loc 1 985 5 discriminator 3 view .LVU694
 986:Middlewares/Third_Party/LwIP/src/core/pbuf.c ****     if (offset_from >= p_from->len) {
 2347              		.loc 1 986 5 discriminator 3 view .LVU695
 986:Middlewares/Third_Party/LwIP/src/core/pbuf.c ****     if (offset_from >= p_from->len) {
 2348              		.loc 1 986 5 discriminator 3 view .LVU696
 2349 00b8 6389     		ldrh	r3, [r4, #10]
 2350 00ba BB42     		cmp	r3, r7
 2351 00bc BFD3     		bcc	.L180
 2352              	.L167:
 986:Middlewares/Third_Party/LwIP/src/core/pbuf.c ****     if (offset_from >= p_from->len) {
 2353              		.loc 1 986 5 discriminator 3 view .LVU697
 986:Middlewares/Third_Party/LwIP/src/core/pbuf.c ****     if (offset_from >= p_from->len) {
 2354              		.loc 1 986 5 discriminator 3 view .LVU698
 987:Middlewares/Third_Party/LwIP/src/core/pbuf.c ****       /* on to next p_from (if any) */
 2355              		.loc 1 987 5 discriminator 3 view .LVU699
 987:Middlewares/Third_Party/LwIP/src/core/pbuf.c ****       /* on to next p_from (if any) */
 2356              		.loc 1 987 30 is_stmt 0 discriminator 3 view .LVU700
 2357 00be 6389     		ldrh	r3, [r4, #10]
 987:Middlewares/Third_Party/LwIP/src/core/pbuf.c ****       /* on to next p_from (if any) */
 2358              		.loc 1 987 8 discriminator 3 view .LVU701
 2359 00c0 BB42     		cmp	r3, r7
 2360 00c2 01D8     		bhi	.L168
 989:Middlewares/Third_Party/LwIP/src/core/pbuf.c ****       p_from = p_from->next;
 2361              		.loc 1 989 7 is_stmt 1 view .LVU702
 2362              	.LVL223:
 990:Middlewares/Third_Party/LwIP/src/core/pbuf.c ****     }
 2363              		.loc 1 990 7 view .LVU703
 990:Middlewares/Third_Party/LwIP/src/core/pbuf.c ****     }
 2364              		.loc 1 990 14 is_stmt 0 view .LVU704
 2365 00c4 2468     		ldr	r4, [r4]
 2366              	.LVL224:
 989:Middlewares/Third_Party/LwIP/src/core/pbuf.c ****       p_from = p_from->next;
 2367              		.loc 1 989 19 view .LVU705
 2368 00c6 0027     		movs	r7, #0
 2369              	.LVL225:
 2370              	.L168:
 992:Middlewares/Third_Party/LwIP/src/core/pbuf.c ****       /* on to next p_to (if any) */
 2371              		.loc 1 992 5 is_stmt 1 view .LVU706
 992:Middlewares/Third_Party/LwIP/src/core/pbuf.c ****       /* on to next p_to (if any) */
 2372              		.loc 1 992 26 is_stmt 0 view .LVU707
 2373 00c8 6B89     		ldrh	r3, [r5, #10]
 992:Middlewares/Third_Party/LwIP/src/core/pbuf.c ****       /* on to next p_to (if any) */
 2374              		.loc 1 992 8 view .LVU708
 2375 00ca 4345     		cmp	r3, r8
 2376 00cc BFD0     		beq	.L181
 2377              	.LVL226:
 2378              	.L169:
 996:Middlewares/Third_Party/LwIP/src/core/pbuf.c ****     }
 2379              		.loc 1 996 7 is_stmt 1 discriminator 4 view .LVU709
 996:Middlewares/Third_Party/LwIP/src/core/pbuf.c ****     }
ARM GAS  /tmp/ccCCDAAl.s 			page 76


 2380              		.loc 1 996 7 discriminator 4 view .LVU710
 999:Middlewares/Third_Party/LwIP/src/core/pbuf.c ****       /* don't copy more than one packet! */
 2381              		.loc 1 999 5 discriminator 4 view .LVU711
 999:Middlewares/Third_Party/LwIP/src/core/pbuf.c ****       /* don't copy more than one packet! */
 2382              		.loc 1 999 8 is_stmt 0 discriminator 4 view .LVU712
 2383 00ce 1CB1     		cbz	r4, .L170
 999:Middlewares/Third_Party/LwIP/src/core/pbuf.c ****       /* don't copy more than one packet! */
 2384              		.loc 1 999 36 discriminator 1 view .LVU713
 2385 00d0 6289     		ldrh	r2, [r4, #10]
 999:Middlewares/Third_Party/LwIP/src/core/pbuf.c ****       /* don't copy more than one packet! */
 2386              		.loc 1 999 51 discriminator 1 view .LVU714
 2387 00d2 2389     		ldrh	r3, [r4, #8]
 999:Middlewares/Third_Party/LwIP/src/core/pbuf.c ****       /* don't copy more than one packet! */
 2388              		.loc 1 999 26 discriminator 1 view .LVU715
 2389 00d4 9A42     		cmp	r2, r3
 2390 00d6 CDD0     		beq	.L182
 2391              	.L170:
1001:Middlewares/Third_Party/LwIP/src/core/pbuf.c ****                  (p_from->next == NULL), return ERR_VAL;);
 2392              		.loc 1 1001 7 is_stmt 1 discriminator 2 view .LVU716
1001:Middlewares/Third_Party/LwIP/src/core/pbuf.c ****                  (p_from->next == NULL), return ERR_VAL;);
 2393              		.loc 1 1001 7 discriminator 2 view .LVU717
1004:Middlewares/Third_Party/LwIP/src/core/pbuf.c ****       /* don't copy more than one packet! */
 2394              		.loc 1 1004 5 discriminator 2 view .LVU718
1004:Middlewares/Third_Party/LwIP/src/core/pbuf.c ****       /* don't copy more than one packet! */
 2395              		.loc 1 1004 8 is_stmt 0 discriminator 2 view .LVU719
 2396 00d8 002D     		cmp	r5, #0
 2397 00da D7D0     		beq	.L171
1004:Middlewares/Third_Party/LwIP/src/core/pbuf.c ****       /* don't copy more than one packet! */
 2398              		.loc 1 1004 32 discriminator 1 view .LVU720
 2399 00dc 6A89     		ldrh	r2, [r5, #10]
1004:Middlewares/Third_Party/LwIP/src/core/pbuf.c ****       /* don't copy more than one packet! */
 2400              		.loc 1 1004 45 discriminator 1 view .LVU721
 2401 00de 2B89     		ldrh	r3, [r5, #8]
1004:Middlewares/Third_Party/LwIP/src/core/pbuf.c ****       /* don't copy more than one packet! */
 2402              		.loc 1 1004 24 discriminator 1 view .LVU722
 2403 00e0 9A42     		cmp	r2, r3
 2404 00e2 D3D1     		bne	.L171
1006:Middlewares/Third_Party/LwIP/src/core/pbuf.c ****                  (p_to->next == NULL), return ERR_VAL;);
 2405              		.loc 1 1006 7 is_stmt 1 view .LVU723
1006:Middlewares/Third_Party/LwIP/src/core/pbuf.c ****                  (p_to->next == NULL), return ERR_VAL;);
 2406              		.loc 1 1006 7 view .LVU724
 2407 00e4 2B68     		ldr	r3, [r5]
 2408 00e6 002B     		cmp	r3, #0
 2409 00e8 D0D0     		beq	.L171
1006:Middlewares/Third_Party/LwIP/src/core/pbuf.c ****                  (p_to->next == NULL), return ERR_VAL;);
 2410              		.loc 1 1006 7 discriminator 1 view .LVU725
1006:Middlewares/Third_Party/LwIP/src/core/pbuf.c ****                  (p_to->next == NULL), return ERR_VAL;);
 2411              		.loc 1 1006 7 discriminator 1 view .LVU726
 2412 00ea 064B     		ldr	r3, .L183
 2413 00ec 40F2EE32 		movw	r2, #1006
 2414 00f0 0A49     		ldr	r1, .L183+24
 2415 00f2 0648     		ldr	r0, .L183+8
 2416 00f4 FFF7FEFF 		bl	printf
 2417              	.LVL227:
1006:Middlewares/Third_Party/LwIP/src/core/pbuf.c ****                  (p_to->next == NULL), return ERR_VAL;);
 2418              		.loc 1 1006 7 discriminator 1 view .LVU727
1006:Middlewares/Third_Party/LwIP/src/core/pbuf.c ****                  (p_to->next == NULL), return ERR_VAL;);
ARM GAS  /tmp/ccCCDAAl.s 			page 77


 2419              		.loc 1 1006 7 discriminator 1 view .LVU728
 2420 00f8 6FF00500 		mvn	r0, #5
 2421 00fc 00E0     		b	.L164
 2422              	.L178:
1011:Middlewares/Third_Party/LwIP/src/core/pbuf.c **** }
 2423              		.loc 1 1011 10 is_stmt 0 view .LVU729
 2424 00fe 0020     		movs	r0, #0
 2425              	.LVL228:
 2426              	.L164:
1012:Middlewares/Third_Party/LwIP/src/core/pbuf.c **** 
 2427              		.loc 1 1012 1 view .LVU730
 2428 0100 BDE8F081 		pop	{r4, r5, r6, r7, r8, pc}
 2429              	.L184:
 2430              		.align	2
 2431              	.L183:
 2432 0104 00000000 		.word	.LC0
 2433 0108 00000000 		.word	.LC21
 2434 010c 3C000000 		.word	.LC2
 2435 0110 30000000 		.word	.LC22
 2436 0114 48000000 		.word	.LC23
 2437 0118 64000000 		.word	.LC24
 2438 011c 74000000 		.word	.LC25
 2439              		.cfi_endproc
 2440              	.LFE178:
 2442              		.section	.rodata.pbuf_copy_partial.str1.4,"aMS",%progbits,1
 2443              		.align	2
 2444              	.LC26:
 2445 0000 70627566 		.ascii	"pbuf_copy_partial: invalid buf\000"
 2445      5F636F70 
 2445      795F7061 
 2445      72746961 
 2445      6C3A2069 
 2446 001f 00       		.align	2
 2447              	.LC27:
 2448 0020 70627566 		.ascii	"pbuf_copy_partial: invalid dataptr\000"
 2448      5F636F70 
 2448      795F7061 
 2448      72746961 
 2448      6C3A2069 
 2449              		.section	.text.pbuf_copy_partial,"ax",%progbits
 2450              		.align	1
 2451              		.global	pbuf_copy_partial
 2452              		.syntax unified
 2453              		.thumb
 2454              		.thumb_func
 2455              		.fpu fpv4-sp-d16
 2457              	pbuf_copy_partial:
 2458              	.LVL229:
 2459              	.LFB179:
1028:Middlewares/Third_Party/LwIP/src/core/pbuf.c ****   const struct pbuf *p;
 2460              		.loc 1 1028 1 is_stmt 1 view -0
 2461              		.cfi_startproc
 2462              		@ args = 0, pretend = 0, frame = 0
 2463              		@ frame_needed = 0, uses_anonymous_args = 0
1028:Middlewares/Third_Party/LwIP/src/core/pbuf.c ****   const struct pbuf *p;
 2464              		.loc 1 1028 1 is_stmt 0 view .LVU732
 2465 0000 2DE9F843 		push	{r3, r4, r5, r6, r7, r8, r9, lr}
ARM GAS  /tmp/ccCCDAAl.s 			page 78


 2466              	.LCFI30:
 2467              		.cfi_def_cfa_offset 32
 2468              		.cfi_offset 3, -32
 2469              		.cfi_offset 4, -28
 2470              		.cfi_offset 5, -24
 2471              		.cfi_offset 6, -20
 2472              		.cfi_offset 7, -16
 2473              		.cfi_offset 8, -12
 2474              		.cfi_offset 9, -8
 2475              		.cfi_offset 14, -4
1029:Middlewares/Third_Party/LwIP/src/core/pbuf.c ****   u16_t left = 0;
 2476              		.loc 1 1029 3 is_stmt 1 view .LVU733
1030:Middlewares/Third_Party/LwIP/src/core/pbuf.c ****   u16_t buf_copy_len;
 2477              		.loc 1 1030 3 view .LVU734
 2478              	.LVL230:
1031:Middlewares/Third_Party/LwIP/src/core/pbuf.c ****   u16_t copied_total = 0;
 2479              		.loc 1 1031 3 view .LVU735
1032:Middlewares/Third_Party/LwIP/src/core/pbuf.c **** 
 2480              		.loc 1 1032 3 view .LVU736
1034:Middlewares/Third_Party/LwIP/src/core/pbuf.c ****   LWIP_ERROR("pbuf_copy_partial: invalid dataptr", (dataptr != NULL), return 0;);
 2481              		.loc 1 1034 3 view .LVU737
1034:Middlewares/Third_Party/LwIP/src/core/pbuf.c ****   LWIP_ERROR("pbuf_copy_partial: invalid dataptr", (dataptr != NULL), return 0;);
 2482              		.loc 1 1034 3 view .LVU738
 2483 0004 30B1     		cbz	r0, .L196
 2484 0006 8846     		mov	r8, r1
 2485 0008 9146     		mov	r9, r2
 2486 000a 0546     		mov	r5, r0
1034:Middlewares/Third_Party/LwIP/src/core/pbuf.c ****   LWIP_ERROR("pbuf_copy_partial: invalid dataptr", (dataptr != NULL), return 0;);
 2487              		.loc 1 1034 3 discriminator 2 view .LVU739
1034:Middlewares/Third_Party/LwIP/src/core/pbuf.c ****   LWIP_ERROR("pbuf_copy_partial: invalid dataptr", (dataptr != NULL), return 0;);
 2488              		.loc 1 1034 3 discriminator 2 view .LVU740
1035:Middlewares/Third_Party/LwIP/src/core/pbuf.c **** 
 2489              		.loc 1 1035 3 discriminator 2 view .LVU741
1035:Middlewares/Third_Party/LwIP/src/core/pbuf.c **** 
 2490              		.loc 1 1035 3 discriminator 2 view .LVU742
 2491 000c 69B1     		cbz	r1, .L197
1032:Middlewares/Third_Party/LwIP/src/core/pbuf.c **** 
 2492              		.loc 1 1032 9 is_stmt 0 view .LVU743
 2493 000e 0027     		movs	r7, #0
1030:Middlewares/Third_Party/LwIP/src/core/pbuf.c ****   u16_t buf_copy_len;
 2494              		.loc 1 1030 9 view .LVU744
 2495 0010 3E46     		mov	r6, r7
 2496 0012 2AE0     		b	.L188
 2497              	.L196:
1034:Middlewares/Third_Party/LwIP/src/core/pbuf.c ****   LWIP_ERROR("pbuf_copy_partial: invalid dataptr", (dataptr != NULL), return 0;);
 2498              		.loc 1 1034 3 is_stmt 1 discriminator 1 view .LVU745
1034:Middlewares/Third_Party/LwIP/src/core/pbuf.c ****   LWIP_ERROR("pbuf_copy_partial: invalid dataptr", (dataptr != NULL), return 0;);
 2499              		.loc 1 1034 3 discriminator 1 view .LVU746
 2500 0014 1B4B     		ldr	r3, .L198
 2501              	.LVL231:
1034:Middlewares/Third_Party/LwIP/src/core/pbuf.c ****   LWIP_ERROR("pbuf_copy_partial: invalid dataptr", (dataptr != NULL), return 0;);
 2502              		.loc 1 1034 3 is_stmt 0 discriminator 1 view .LVU747
 2503 0016 40F20A42 		movw	r2, #1034
 2504              	.LVL232:
1034:Middlewares/Third_Party/LwIP/src/core/pbuf.c ****   LWIP_ERROR("pbuf_copy_partial: invalid dataptr", (dataptr != NULL), return 0;);
 2505              		.loc 1 1034 3 discriminator 1 view .LVU748
 2506 001a 1B49     		ldr	r1, .L198+4
ARM GAS  /tmp/ccCCDAAl.s 			page 79


 2507              	.LVL233:
1034:Middlewares/Third_Party/LwIP/src/core/pbuf.c ****   LWIP_ERROR("pbuf_copy_partial: invalid dataptr", (dataptr != NULL), return 0;);
 2508              		.loc 1 1034 3 discriminator 1 view .LVU749
 2509 001c 1B48     		ldr	r0, .L198+8
 2510              	.LVL234:
1034:Middlewares/Third_Party/LwIP/src/core/pbuf.c ****   LWIP_ERROR("pbuf_copy_partial: invalid dataptr", (dataptr != NULL), return 0;);
 2511              		.loc 1 1034 3 discriminator 1 view .LVU750
 2512 001e FFF7FEFF 		bl	printf
 2513              	.LVL235:
1034:Middlewares/Third_Party/LwIP/src/core/pbuf.c ****   LWIP_ERROR("pbuf_copy_partial: invalid dataptr", (dataptr != NULL), return 0;);
 2514              		.loc 1 1034 3 is_stmt 1 discriminator 1 view .LVU751
1034:Middlewares/Third_Party/LwIP/src/core/pbuf.c ****   LWIP_ERROR("pbuf_copy_partial: invalid dataptr", (dataptr != NULL), return 0;);
 2515              		.loc 1 1034 3 discriminator 1 view .LVU752
 2516 0022 0027     		movs	r7, #0
 2517              	.LVL236:
 2518              	.L187:
1057:Middlewares/Third_Party/LwIP/src/core/pbuf.c **** 
 2519              		.loc 1 1057 1 is_stmt 0 view .LVU753
 2520 0024 3846     		mov	r0, r7
 2521 0026 BDE8F883 		pop	{r3, r4, r5, r6, r7, r8, r9, pc}
 2522              	.LVL237:
 2523              	.L197:
1035:Middlewares/Third_Party/LwIP/src/core/pbuf.c **** 
 2524              		.loc 1 1035 3 is_stmt 1 discriminator 1 view .LVU754
1035:Middlewares/Third_Party/LwIP/src/core/pbuf.c **** 
 2525              		.loc 1 1035 3 discriminator 1 view .LVU755
 2526 002a 164B     		ldr	r3, .L198
 2527              	.LVL238:
1035:Middlewares/Third_Party/LwIP/src/core/pbuf.c **** 
 2528              		.loc 1 1035 3 is_stmt 0 discriminator 1 view .LVU756
 2529 002c 40F20B42 		movw	r2, #1035
 2530              	.LVL239:
1035:Middlewares/Third_Party/LwIP/src/core/pbuf.c **** 
 2531              		.loc 1 1035 3 discriminator 1 view .LVU757
 2532 0030 1749     		ldr	r1, .L198+12
 2533              	.LVL240:
1035:Middlewares/Third_Party/LwIP/src/core/pbuf.c **** 
 2534              		.loc 1 1035 3 discriminator 1 view .LVU758
 2535 0032 1648     		ldr	r0, .L198+8
 2536              	.LVL241:
1035:Middlewares/Third_Party/LwIP/src/core/pbuf.c **** 
 2537              		.loc 1 1035 3 discriminator 1 view .LVU759
 2538 0034 FFF7FEFF 		bl	printf
 2539              	.LVL242:
1035:Middlewares/Third_Party/LwIP/src/core/pbuf.c **** 
 2540              		.loc 1 1035 3 is_stmt 1 discriminator 1 view .LVU760
1035:Middlewares/Third_Party/LwIP/src/core/pbuf.c **** 
 2541              		.loc 1 1035 3 discriminator 1 view .LVU761
 2542 0038 0027     		movs	r7, #0
 2543 003a F3E7     		b	.L187
 2544              	.LVL243:
 2545              	.L189:
1044:Middlewares/Third_Party/LwIP/src/core/pbuf.c ****       if (buf_copy_len > len) {
 2546              		.loc 1 1044 7 view .LVU762
1044:Middlewares/Third_Party/LwIP/src/core/pbuf.c ****       if (buf_copy_len > len) {
 2547              		.loc 1 1044 31 is_stmt 0 view .LVU763
 2548 003c 6C89     		ldrh	r4, [r5, #10]
ARM GAS  /tmp/ccCCDAAl.s 			page 80


1044:Middlewares/Third_Party/LwIP/src/core/pbuf.c ****       if (buf_copy_len > len) {
 2549              		.loc 1 1044 20 view .LVU764
 2550 003e E41A     		subs	r4, r4, r3
 2551 0040 A4B2     		uxth	r4, r4
 2552              	.LVL244:
1045:Middlewares/Third_Party/LwIP/src/core/pbuf.c ****         buf_copy_len = len;
 2553              		.loc 1 1045 7 is_stmt 1 view .LVU765
1045:Middlewares/Third_Party/LwIP/src/core/pbuf.c ****         buf_copy_len = len;
 2554              		.loc 1 1045 10 is_stmt 0 view .LVU766
 2555 0042 A145     		cmp	r9, r4
 2556 0044 00D2     		bcs	.L191
1046:Middlewares/Third_Party/LwIP/src/core/pbuf.c ****       }
 2557              		.loc 1 1046 22 view .LVU767
 2558 0046 4C46     		mov	r4, r9
 2559              	.LVL245:
 2560              	.L191:
1049:Middlewares/Third_Party/LwIP/src/core/pbuf.c ****       copied_total = (u16_t)(copied_total + buf_copy_len);
 2561              		.loc 1 1049 7 is_stmt 1 view .LVU768
 2562 0048 6968     		ldr	r1, [r5, #4]
 2563 004a 2246     		mov	r2, r4
 2564 004c 1944     		add	r1, r1, r3
 2565 004e 08EB0600 		add	r0, r8, r6
 2566 0052 FFF7FEFF 		bl	memcpy
 2567              	.LVL246:
1050:Middlewares/Third_Party/LwIP/src/core/pbuf.c ****       left = (u16_t)(left + buf_copy_len);
 2568              		.loc 1 1050 7 view .LVU769
1050:Middlewares/Third_Party/LwIP/src/core/pbuf.c ****       left = (u16_t)(left + buf_copy_len);
 2569              		.loc 1 1050 20 is_stmt 0 view .LVU770
 2570 0056 2744     		add	r7, r7, r4
 2571              	.LVL247:
1050:Middlewares/Third_Party/LwIP/src/core/pbuf.c ****       left = (u16_t)(left + buf_copy_len);
 2572              		.loc 1 1050 20 view .LVU771
 2573 0058 BFB2     		uxth	r7, r7
 2574              	.LVL248:
1051:Middlewares/Third_Party/LwIP/src/core/pbuf.c ****       len = (u16_t)(len - buf_copy_len);
 2575              		.loc 1 1051 7 is_stmt 1 view .LVU772
1051:Middlewares/Third_Party/LwIP/src/core/pbuf.c ****       len = (u16_t)(len - buf_copy_len);
 2576              		.loc 1 1051 12 is_stmt 0 view .LVU773
 2577 005a 2644     		add	r6, r6, r4
 2578              	.LVL249:
1051:Middlewares/Third_Party/LwIP/src/core/pbuf.c ****       len = (u16_t)(len - buf_copy_len);
 2579              		.loc 1 1051 12 view .LVU774
 2580 005c B6B2     		uxth	r6, r6
 2581              	.LVL250:
1052:Middlewares/Third_Party/LwIP/src/core/pbuf.c ****       offset = 0;
 2582              		.loc 1 1052 7 is_stmt 1 view .LVU775
1052:Middlewares/Third_Party/LwIP/src/core/pbuf.c ****       offset = 0;
 2583              		.loc 1 1052 11 is_stmt 0 view .LVU776
 2584 005e A9EB0404 		sub	r4, r9, r4
 2585              	.LVL251:
1052:Middlewares/Third_Party/LwIP/src/core/pbuf.c ****       offset = 0;
 2586              		.loc 1 1052 11 view .LVU777
 2587 0062 1FFA84F9 		uxth	r9, r4
 2588              	.LVL252:
1053:Middlewares/Third_Party/LwIP/src/core/pbuf.c ****     }
 2589              		.loc 1 1053 7 is_stmt 1 view .LVU778
1053:Middlewares/Third_Party/LwIP/src/core/pbuf.c ****     }
ARM GAS  /tmp/ccCCDAAl.s 			page 81


 2590              		.loc 1 1053 14 is_stmt 0 view .LVU779
 2591 0066 0023     		movs	r3, #0
 2592              	.LVL253:
 2593              	.L190:
1038:Middlewares/Third_Party/LwIP/src/core/pbuf.c ****     if ((offset != 0) && (offset >= p->len)) {
 2594              		.loc 1 1038 40 is_stmt 1 discriminator 2 view .LVU780
1038:Middlewares/Third_Party/LwIP/src/core/pbuf.c ****     if ((offset != 0) && (offset >= p->len)) {
 2595              		.loc 1 1038 42 is_stmt 0 discriminator 2 view .LVU781
 2596 0068 2D68     		ldr	r5, [r5]
 2597              	.LVL254:
 2598              	.L188:
1038:Middlewares/Third_Party/LwIP/src/core/pbuf.c ****     if ((offset != 0) && (offset >= p->len)) {
 2599              		.loc 1 1038 17 is_stmt 1 discriminator 1 view .LVU782
1038:Middlewares/Third_Party/LwIP/src/core/pbuf.c ****     if ((offset != 0) && (offset >= p->len)) {
 2600              		.loc 1 1038 3 is_stmt 0 discriminator 1 view .LVU783
 2601 006a B9F1000F 		cmp	r9, #0
 2602 006e D9D0     		beq	.L187
1038:Middlewares/Third_Party/LwIP/src/core/pbuf.c ****     if ((offset != 0) && (offset >= p->len)) {
 2603              		.loc 1 1038 26 discriminator 3 view .LVU784
 2604 0070 002D     		cmp	r5, #0
 2605 0072 D7D0     		beq	.L187
1039:Middlewares/Third_Party/LwIP/src/core/pbuf.c ****       /* don't copy from this buffer -> on to the next */
 2606              		.loc 1 1039 5 is_stmt 1 view .LVU785
1039:Middlewares/Third_Party/LwIP/src/core/pbuf.c ****       /* don't copy from this buffer -> on to the next */
 2607              		.loc 1 1039 8 is_stmt 0 view .LVU786
 2608 0074 002B     		cmp	r3, #0
 2609 0076 E1D0     		beq	.L189
1039:Middlewares/Third_Party/LwIP/src/core/pbuf.c ****       /* don't copy from this buffer -> on to the next */
 2610              		.loc 1 1039 38 discriminator 1 view .LVU787
 2611 0078 6989     		ldrh	r1, [r5, #10]
1039:Middlewares/Third_Party/LwIP/src/core/pbuf.c ****       /* don't copy from this buffer -> on to the next */
 2612              		.loc 1 1039 23 discriminator 1 view .LVU788
 2613 007a 9942     		cmp	r1, r3
 2614 007c DED8     		bhi	.L189
1041:Middlewares/Third_Party/LwIP/src/core/pbuf.c ****     } else {
 2615              		.loc 1 1041 7 is_stmt 1 view .LVU789
1041:Middlewares/Third_Party/LwIP/src/core/pbuf.c ****     } else {
 2616              		.loc 1 1041 14 is_stmt 0 view .LVU790
 2617 007e 5B1A     		subs	r3, r3, r1
 2618              	.LVL255:
1041:Middlewares/Third_Party/LwIP/src/core/pbuf.c ****     } else {
 2619              		.loc 1 1041 14 view .LVU791
 2620 0080 9BB2     		uxth	r3, r3
 2621              	.LVL256:
1041:Middlewares/Third_Party/LwIP/src/core/pbuf.c ****     } else {
 2622              		.loc 1 1041 14 view .LVU792
 2623 0082 F1E7     		b	.L190
 2624              	.L199:
 2625              		.align	2
 2626              	.L198:
 2627 0084 00000000 		.word	.LC0
 2628 0088 00000000 		.word	.LC26
 2629 008c 3C000000 		.word	.LC2
 2630 0090 20000000 		.word	.LC27
 2631              		.cfi_endproc
 2632              	.LFE179:
 2634              		.section	.rodata.pbuf_get_contiguous.str1.4,"aMS",%progbits,1
ARM GAS  /tmp/ccCCDAAl.s 			page 82


 2635              		.align	2
 2636              	.LC28:
 2637 0000 70627566 		.ascii	"pbuf_get_contiguous: invalid buf\000"
 2637      5F676574 
 2637      5F636F6E 
 2637      74696775 
 2637      6F75733A 
 2638 0021 000000   		.align	2
 2639              	.LC29:
 2640 0024 70627566 		.ascii	"pbuf_get_contiguous: invalid dataptr\000"
 2640      5F676574 
 2640      5F636F6E 
 2640      74696775 
 2640      6F75733A 
 2641              		.section	.text.pbuf_get_contiguous,"ax",%progbits
 2642              		.align	1
 2643              		.global	pbuf_get_contiguous
 2644              		.syntax unified
 2645              		.thumb
 2646              		.thumb_func
 2647              		.fpu fpv4-sp-d16
 2649              	pbuf_get_contiguous:
 2650              	.LVL257:
 2651              	.LFB180:
1075:Middlewares/Third_Party/LwIP/src/core/pbuf.c ****   const struct pbuf *q;
 2652              		.loc 1 1075 1 is_stmt 1 view -0
 2653              		.cfi_startproc
 2654              		@ args = 4, pretend = 0, frame = 8
 2655              		@ frame_needed = 0, uses_anonymous_args = 0
1075:Middlewares/Third_Party/LwIP/src/core/pbuf.c ****   const struct pbuf *q;
 2656              		.loc 1 1075 1 is_stmt 0 view .LVU794
 2657 0000 70B5     		push	{r4, r5, r6, lr}
 2658              	.LCFI31:
 2659              		.cfi_def_cfa_offset 16
 2660              		.cfi_offset 4, -16
 2661              		.cfi_offset 5, -12
 2662              		.cfi_offset 6, -8
 2663              		.cfi_offset 14, -4
 2664 0002 82B0     		sub	sp, sp, #8
 2665              	.LCFI32:
 2666              		.cfi_def_cfa_offset 24
1076:Middlewares/Third_Party/LwIP/src/core/pbuf.c ****   u16_t out_offset;
 2667              		.loc 1 1076 3 is_stmt 1 view .LVU795
1077:Middlewares/Third_Party/LwIP/src/core/pbuf.c **** 
 2668              		.loc 1 1077 3 view .LVU796
1079:Middlewares/Third_Party/LwIP/src/core/pbuf.c ****   LWIP_ERROR("pbuf_get_contiguous: invalid dataptr", (buffer != NULL), return NULL;);
 2669              		.loc 1 1079 3 view .LVU797
1079:Middlewares/Third_Party/LwIP/src/core/pbuf.c ****   LWIP_ERROR("pbuf_get_contiguous: invalid dataptr", (buffer != NULL), return NULL;);
 2670              		.loc 1 1079 3 view .LVU798
 2671 0004 0446     		mov	r4, r0
 2672 0006 A8B1     		cbz	r0, .L208
 2673 0008 0E46     		mov	r6, r1
 2674 000a 1D46     		mov	r5, r3
1079:Middlewares/Third_Party/LwIP/src/core/pbuf.c ****   LWIP_ERROR("pbuf_get_contiguous: invalid dataptr", (buffer != NULL), return NULL;);
 2675              		.loc 1 1079 3 discriminator 2 view .LVU799
1079:Middlewares/Third_Party/LwIP/src/core/pbuf.c ****   LWIP_ERROR("pbuf_get_contiguous: invalid dataptr", (buffer != NULL), return NULL;);
 2676              		.loc 1 1079 3 discriminator 2 view .LVU800
ARM GAS  /tmp/ccCCDAAl.s 			page 83


1080:Middlewares/Third_Party/LwIP/src/core/pbuf.c ****   LWIP_ERROR("pbuf_get_contiguous: invalid dataptr", (bufsize >= len), return NULL;);
 2677              		.loc 1 1080 3 discriminator 2 view .LVU801
1080:Middlewares/Third_Party/LwIP/src/core/pbuf.c ****   LWIP_ERROR("pbuf_get_contiguous: invalid dataptr", (bufsize >= len), return NULL;);
 2678              		.loc 1 1080 3 discriminator 2 view .LVU802
 2679 000c D9B1     		cbz	r1, .L209
1080:Middlewares/Third_Party/LwIP/src/core/pbuf.c ****   LWIP_ERROR("pbuf_get_contiguous: invalid dataptr", (bufsize >= len), return NULL;);
 2680              		.loc 1 1080 3 discriminator 2 view .LVU803
1080:Middlewares/Third_Party/LwIP/src/core/pbuf.c ****   LWIP_ERROR("pbuf_get_contiguous: invalid dataptr", (bufsize >= len), return NULL;);
 2681              		.loc 1 1080 3 discriminator 2 view .LVU804
1081:Middlewares/Third_Party/LwIP/src/core/pbuf.c **** 
 2682              		.loc 1 1081 3 discriminator 2 view .LVU805
1081:Middlewares/Third_Party/LwIP/src/core/pbuf.c **** 
 2683              		.loc 1 1081 3 discriminator 2 view .LVU806
 2684 000e 9342     		cmp	r3, r2
 2685 0010 22D8     		bhi	.L210
1081:Middlewares/Third_Party/LwIP/src/core/pbuf.c **** 
 2686              		.loc 1 1081 3 discriminator 2 view .LVU807
1081:Middlewares/Third_Party/LwIP/src/core/pbuf.c **** 
 2687              		.loc 1 1081 3 discriminator 2 view .LVU808
1083:Middlewares/Third_Party/LwIP/src/core/pbuf.c ****   if (q != NULL) {
 2688              		.loc 1 1083 3 discriminator 2 view .LVU809
1083:Middlewares/Third_Party/LwIP/src/core/pbuf.c ****   if (q != NULL) {
 2689              		.loc 1 1083 7 is_stmt 0 discriminator 2 view .LVU810
 2690 0012 0DF10602 		add	r2, sp, #6
 2691              	.LVL258:
1083:Middlewares/Third_Party/LwIP/src/core/pbuf.c ****   if (q != NULL) {
 2692              		.loc 1 1083 7 discriminator 2 view .LVU811
 2693 0016 BDF81810 		ldrh	r1, [sp, #24]
 2694              	.LVL259:
1083:Middlewares/Third_Party/LwIP/src/core/pbuf.c ****   if (q != NULL) {
 2695              		.loc 1 1083 7 discriminator 2 view .LVU812
 2696 001a FFF7FEFF 		bl	pbuf_skip_const
 2697              	.LVL260:
1084:Middlewares/Third_Party/LwIP/src/core/pbuf.c ****     if (q->len >= (out_offset + len)) {
 2698              		.loc 1 1084 3 is_stmt 1 discriminator 2 view .LVU813
1084:Middlewares/Third_Party/LwIP/src/core/pbuf.c ****     if (q->len >= (out_offset + len)) {
 2699              		.loc 1 1084 6 is_stmt 0 discriminator 2 view .LVU814
 2700 001e 38B1     		cbz	r0, .L200
1085:Middlewares/Third_Party/LwIP/src/core/pbuf.c ****       /* all data in this pbuf, return zero-copy */
 2701              		.loc 1 1085 5 is_stmt 1 view .LVU815
1085:Middlewares/Third_Party/LwIP/src/core/pbuf.c ****       /* all data in this pbuf, return zero-copy */
 2702              		.loc 1 1085 10 is_stmt 0 view .LVU816
 2703 0020 4189     		ldrh	r1, [r0, #10]
1085:Middlewares/Third_Party/LwIP/src/core/pbuf.c ****       /* all data in this pbuf, return zero-copy */
 2704              		.loc 1 1085 31 view .LVU817
 2705 0022 BDF80630 		ldrh	r3, [sp, #6]
 2706 0026 5A19     		adds	r2, r3, r5
1085:Middlewares/Third_Party/LwIP/src/core/pbuf.c ****       /* all data in this pbuf, return zero-copy */
 2707              		.loc 1 1085 8 view .LVU818
 2708 0028 9142     		cmp	r1, r2
 2709 002a 1EDB     		blt	.L205
1087:Middlewares/Third_Party/LwIP/src/core/pbuf.c ****     }
 2710              		.loc 1 1087 7 is_stmt 1 view .LVU819
1087:Middlewares/Third_Party/LwIP/src/core/pbuf.c ****     }
 2711              		.loc 1 1087 23 is_stmt 0 view .LVU820
 2712 002c 4068     		ldr	r0, [r0, #4]
 2713              	.LVL261:
ARM GAS  /tmp/ccCCDAAl.s 			page 84


1087:Middlewares/Third_Party/LwIP/src/core/pbuf.c ****     }
 2714              		.loc 1 1087 33 view .LVU821
 2715 002e 1844     		add	r0, r0, r3
 2716              	.LVL262:
 2717              	.L200:
1098:Middlewares/Third_Party/LwIP/src/core/pbuf.c **** 
 2718              		.loc 1 1098 1 view .LVU822
 2719 0030 02B0     		add	sp, sp, #8
 2720              	.LCFI33:
 2721              		.cfi_remember_state
 2722              		.cfi_def_cfa_offset 16
 2723              		@ sp needed
 2724 0032 70BD     		pop	{r4, r5, r6, pc}
 2725              	.LVL263:
 2726              	.L208:
 2727              	.LCFI34:
 2728              		.cfi_restore_state
1079:Middlewares/Third_Party/LwIP/src/core/pbuf.c ****   LWIP_ERROR("pbuf_get_contiguous: invalid dataptr", (buffer != NULL), return NULL;);
 2729              		.loc 1 1079 3 is_stmt 1 discriminator 1 view .LVU823
1079:Middlewares/Third_Party/LwIP/src/core/pbuf.c ****   LWIP_ERROR("pbuf_get_contiguous: invalid dataptr", (buffer != NULL), return NULL;);
 2730              		.loc 1 1079 3 discriminator 1 view .LVU824
 2731 0034 124B     		ldr	r3, .L212
 2732              	.LVL264:
1079:Middlewares/Third_Party/LwIP/src/core/pbuf.c ****   LWIP_ERROR("pbuf_get_contiguous: invalid dataptr", (buffer != NULL), return NULL;);
 2733              		.loc 1 1079 3 is_stmt 0 discriminator 1 view .LVU825
 2734 0036 40F23742 		movw	r2, #1079
 2735              	.LVL265:
1079:Middlewares/Third_Party/LwIP/src/core/pbuf.c ****   LWIP_ERROR("pbuf_get_contiguous: invalid dataptr", (buffer != NULL), return NULL;);
 2736              		.loc 1 1079 3 discriminator 1 view .LVU826
 2737 003a 1249     		ldr	r1, .L212+4
 2738              	.LVL266:
1079:Middlewares/Third_Party/LwIP/src/core/pbuf.c ****   LWIP_ERROR("pbuf_get_contiguous: invalid dataptr", (buffer != NULL), return NULL;);
 2739              		.loc 1 1079 3 discriminator 1 view .LVU827
 2740 003c 1248     		ldr	r0, .L212+8
 2741              	.LVL267:
1079:Middlewares/Third_Party/LwIP/src/core/pbuf.c ****   LWIP_ERROR("pbuf_get_contiguous: invalid dataptr", (buffer != NULL), return NULL;);
 2742              		.loc 1 1079 3 discriminator 1 view .LVU828
 2743 003e FFF7FEFF 		bl	printf
 2744              	.LVL268:
1079:Middlewares/Third_Party/LwIP/src/core/pbuf.c ****   LWIP_ERROR("pbuf_get_contiguous: invalid dataptr", (buffer != NULL), return NULL;);
 2745              		.loc 1 1079 3 is_stmt 1 discriminator 1 view .LVU829
1079:Middlewares/Third_Party/LwIP/src/core/pbuf.c ****   LWIP_ERROR("pbuf_get_contiguous: invalid dataptr", (buffer != NULL), return NULL;);
 2746              		.loc 1 1079 3 discriminator 1 view .LVU830
 2747 0042 2046     		mov	r0, r4
 2748 0044 F4E7     		b	.L200
 2749              	.LVL269:
 2750              	.L209:
1080:Middlewares/Third_Party/LwIP/src/core/pbuf.c ****   LWIP_ERROR("pbuf_get_contiguous: invalid dataptr", (bufsize >= len), return NULL;);
 2751              		.loc 1 1080 3 discriminator 1 view .LVU831
1080:Middlewares/Third_Party/LwIP/src/core/pbuf.c ****   LWIP_ERROR("pbuf_get_contiguous: invalid dataptr", (bufsize >= len), return NULL;);
 2752              		.loc 1 1080 3 discriminator 1 view .LVU832
 2753 0046 0E4B     		ldr	r3, .L212
 2754              	.LVL270:
1080:Middlewares/Third_Party/LwIP/src/core/pbuf.c ****   LWIP_ERROR("pbuf_get_contiguous: invalid dataptr", (bufsize >= len), return NULL;);
 2755              		.loc 1 1080 3 is_stmt 0 discriminator 1 view .LVU833
 2756 0048 4FF48762 		mov	r2, #1080
 2757              	.LVL271:
ARM GAS  /tmp/ccCCDAAl.s 			page 85


1080:Middlewares/Third_Party/LwIP/src/core/pbuf.c ****   LWIP_ERROR("pbuf_get_contiguous: invalid dataptr", (bufsize >= len), return NULL;);
 2758              		.loc 1 1080 3 discriminator 1 view .LVU834
 2759 004c 0F49     		ldr	r1, .L212+12
 2760              	.LVL272:
1080:Middlewares/Third_Party/LwIP/src/core/pbuf.c ****   LWIP_ERROR("pbuf_get_contiguous: invalid dataptr", (bufsize >= len), return NULL;);
 2761              		.loc 1 1080 3 discriminator 1 view .LVU835
 2762 004e 0E48     		ldr	r0, .L212+8
 2763              	.LVL273:
1080:Middlewares/Third_Party/LwIP/src/core/pbuf.c ****   LWIP_ERROR("pbuf_get_contiguous: invalid dataptr", (bufsize >= len), return NULL;);
 2764              		.loc 1 1080 3 discriminator 1 view .LVU836
 2765 0050 FFF7FEFF 		bl	printf
 2766              	.LVL274:
1080:Middlewares/Third_Party/LwIP/src/core/pbuf.c ****   LWIP_ERROR("pbuf_get_contiguous: invalid dataptr", (bufsize >= len), return NULL;);
 2767              		.loc 1 1080 3 is_stmt 1 discriminator 1 view .LVU837
1080:Middlewares/Third_Party/LwIP/src/core/pbuf.c ****   LWIP_ERROR("pbuf_get_contiguous: invalid dataptr", (bufsize >= len), return NULL;);
 2768              		.loc 1 1080 3 discriminator 1 view .LVU838
 2769 0054 3046     		mov	r0, r6
 2770 0056 EBE7     		b	.L200
 2771              	.LVL275:
 2772              	.L210:
1081:Middlewares/Third_Party/LwIP/src/core/pbuf.c **** 
 2773              		.loc 1 1081 3 discriminator 1 view .LVU839
1081:Middlewares/Third_Party/LwIP/src/core/pbuf.c **** 
 2774              		.loc 1 1081 3 discriminator 1 view .LVU840
 2775 0058 094B     		ldr	r3, .L212
 2776              	.LVL276:
1081:Middlewares/Third_Party/LwIP/src/core/pbuf.c **** 
 2777              		.loc 1 1081 3 is_stmt 0 discriminator 1 view .LVU841
 2778 005a 40F23942 		movw	r2, #1081
 2779              	.LVL277:
1081:Middlewares/Third_Party/LwIP/src/core/pbuf.c **** 
 2780              		.loc 1 1081 3 discriminator 1 view .LVU842
 2781 005e 0B49     		ldr	r1, .L212+12
 2782              	.LVL278:
1081:Middlewares/Third_Party/LwIP/src/core/pbuf.c **** 
 2783              		.loc 1 1081 3 discriminator 1 view .LVU843
 2784 0060 0948     		ldr	r0, .L212+8
 2785              	.LVL279:
1081:Middlewares/Third_Party/LwIP/src/core/pbuf.c **** 
 2786              		.loc 1 1081 3 discriminator 1 view .LVU844
 2787 0062 FFF7FEFF 		bl	printf
 2788              	.LVL280:
1081:Middlewares/Third_Party/LwIP/src/core/pbuf.c **** 
 2789              		.loc 1 1081 3 is_stmt 1 discriminator 1 view .LVU845
1081:Middlewares/Third_Party/LwIP/src/core/pbuf.c **** 
 2790              		.loc 1 1081 3 discriminator 1 view .LVU846
 2791 0066 0020     		movs	r0, #0
 2792 0068 E2E7     		b	.L200
 2793              	.LVL281:
 2794              	.L205:
1090:Middlewares/Third_Party/LwIP/src/core/pbuf.c ****       /* copying failed: pbuf is too short */
 2795              		.loc 1 1090 5 view .LVU847
1090:Middlewares/Third_Party/LwIP/src/core/pbuf.c ****       /* copying failed: pbuf is too short */
 2796              		.loc 1 1090 9 is_stmt 0 view .LVU848
 2797 006a 2A46     		mov	r2, r5
 2798 006c 3146     		mov	r1, r6
 2799 006e FFF7FEFF 		bl	pbuf_copy_partial
ARM GAS  /tmp/ccCCDAAl.s 			page 86


 2800              	.LVL282:
1090:Middlewares/Third_Party/LwIP/src/core/pbuf.c ****       /* copying failed: pbuf is too short */
 2801              		.loc 1 1090 8 view .LVU849
 2802 0072 A842     		cmp	r0, r5
 2803 0074 01D1     		bne	.L211
1094:Middlewares/Third_Party/LwIP/src/core/pbuf.c ****   }
 2804              		.loc 1 1094 12 view .LVU850
 2805 0076 3046     		mov	r0, r6
 2806 0078 DAE7     		b	.L200
 2807              	.L211:
1092:Middlewares/Third_Party/LwIP/src/core/pbuf.c ****     }
 2808              		.loc 1 1092 14 view .LVU851
 2809 007a 0020     		movs	r0, #0
 2810 007c D8E7     		b	.L200
 2811              	.L213:
 2812 007e 00BF     		.align	2
 2813              	.L212:
 2814 0080 00000000 		.word	.LC0
 2815 0084 00000000 		.word	.LC28
 2816 0088 3C000000 		.word	.LC2
 2817 008c 24000000 		.word	.LC29
 2818              		.cfi_endproc
 2819              	.LFE180:
 2821              		.section	.text.pbuf_skip,"ax",%progbits
 2822              		.align	1
 2823              		.global	pbuf_skip
 2824              		.syntax unified
 2825              		.thumb
 2826              		.thumb_func
 2827              		.fpu fpv4-sp-d16
 2829              	pbuf_skip:
 2830              	.LVL283:
 2831              	.LFB182:
1167:Middlewares/Third_Party/LwIP/src/core/pbuf.c **** 
1168:Middlewares/Third_Party/LwIP/src/core/pbuf.c **** /**
1169:Middlewares/Third_Party/LwIP/src/core/pbuf.c ****  * @ingroup pbuf
1170:Middlewares/Third_Party/LwIP/src/core/pbuf.c ****  * Skip a number of bytes at the start of a pbuf
1171:Middlewares/Third_Party/LwIP/src/core/pbuf.c ****  *
1172:Middlewares/Third_Party/LwIP/src/core/pbuf.c ****  * @param in input pbuf
1173:Middlewares/Third_Party/LwIP/src/core/pbuf.c ****  * @param in_offset offset to skip
1174:Middlewares/Third_Party/LwIP/src/core/pbuf.c ****  * @param out_offset resulting offset in the returned pbuf
1175:Middlewares/Third_Party/LwIP/src/core/pbuf.c ****  * @return the pbuf in the queue where the offset is
1176:Middlewares/Third_Party/LwIP/src/core/pbuf.c ****  */
1177:Middlewares/Third_Party/LwIP/src/core/pbuf.c **** struct pbuf *
1178:Middlewares/Third_Party/LwIP/src/core/pbuf.c **** pbuf_skip(struct pbuf *in, u16_t in_offset, u16_t *out_offset)
1179:Middlewares/Third_Party/LwIP/src/core/pbuf.c **** {
 2832              		.loc 1 1179 1 is_stmt 1 view -0
 2833              		.cfi_startproc
 2834              		@ args = 0, pretend = 0, frame = 0
 2835              		@ frame_needed = 0, uses_anonymous_args = 0
 2836              		.loc 1 1179 1 is_stmt 0 view .LVU853
 2837 0000 08B5     		push	{r3, lr}
 2838              	.LCFI35:
 2839              		.cfi_def_cfa_offset 8
 2840              		.cfi_offset 3, -8
 2841              		.cfi_offset 14, -4
1180:Middlewares/Third_Party/LwIP/src/core/pbuf.c ****   const struct pbuf *out = pbuf_skip_const(in, in_offset, out_offset);
ARM GAS  /tmp/ccCCDAAl.s 			page 87


 2842              		.loc 1 1180 3 is_stmt 1 view .LVU854
 2843              		.loc 1 1180 28 is_stmt 0 view .LVU855
 2844 0002 FFF7FEFF 		bl	pbuf_skip_const
 2845              	.LVL284:
1181:Middlewares/Third_Party/LwIP/src/core/pbuf.c ****   return LWIP_CONST_CAST(struct pbuf *, out);
 2846              		.loc 1 1181 3 is_stmt 1 view .LVU856
1182:Middlewares/Third_Party/LwIP/src/core/pbuf.c **** }
 2847              		.loc 1 1182 1 is_stmt 0 view .LVU857
 2848 0006 08BD     		pop	{r3, pc}
 2849              		.cfi_endproc
 2850              	.LFE182:
 2852              		.section	.rodata.pbuf_take.str1.4,"aMS",%progbits,1
 2853              		.align	2
 2854              	.LC30:
 2855 0000 70627566 		.ascii	"pbuf_take: invalid buf\000"
 2855      5F74616B 
 2855      653A2069 
 2855      6E76616C 
 2855      69642062 
 2856 0017 00       		.align	2
 2857              	.LC31:
 2858 0018 70627566 		.ascii	"pbuf_take: invalid dataptr\000"
 2858      5F74616B 
 2858      653A2069 
 2858      6E76616C 
 2858      69642064 
 2859 0033 00       		.align	2
 2860              	.LC32:
 2861 0034 70627566 		.ascii	"pbuf_take: buf not large enough\000"
 2861      5F74616B 
 2861      653A2062 
 2861      7566206E 
 2861      6F74206C 
 2862              		.align	2
 2863              	.LC33:
 2864 0054 70627566 		.ascii	"pbuf_take: invalid pbuf\000"
 2864      5F74616B 
 2864      653A2069 
 2864      6E76616C 
 2864      69642070 
 2865              		.align	2
 2866              	.LC34:
 2867 006c 64696420 		.ascii	"did not copy all data\000"
 2867      6E6F7420 
 2867      636F7079 
 2867      20616C6C 
 2867      20646174 
 2868              		.section	.text.pbuf_take,"ax",%progbits
 2869              		.align	1
 2870              		.global	pbuf_take
 2871              		.syntax unified
 2872              		.thumb
 2873              		.thumb_func
 2874              		.fpu fpv4-sp-d16
 2876              	pbuf_take:
 2877              	.LVL285:
 2878              	.LFB183:
ARM GAS  /tmp/ccCCDAAl.s 			page 88


1183:Middlewares/Third_Party/LwIP/src/core/pbuf.c **** 
1184:Middlewares/Third_Party/LwIP/src/core/pbuf.c **** /**
1185:Middlewares/Third_Party/LwIP/src/core/pbuf.c ****  * @ingroup pbuf
1186:Middlewares/Third_Party/LwIP/src/core/pbuf.c ****  * Copy application supplied data into a pbuf.
1187:Middlewares/Third_Party/LwIP/src/core/pbuf.c ****  * This function can only be used to copy the equivalent of buf->tot_len data.
1188:Middlewares/Third_Party/LwIP/src/core/pbuf.c ****  *
1189:Middlewares/Third_Party/LwIP/src/core/pbuf.c ****  * @param buf pbuf to fill with data
1190:Middlewares/Third_Party/LwIP/src/core/pbuf.c ****  * @param dataptr application supplied data buffer
1191:Middlewares/Third_Party/LwIP/src/core/pbuf.c ****  * @param len length of the application supplied data buffer
1192:Middlewares/Third_Party/LwIP/src/core/pbuf.c ****  *
1193:Middlewares/Third_Party/LwIP/src/core/pbuf.c ****  * @return ERR_OK if successful, ERR_MEM if the pbuf is not big enough
1194:Middlewares/Third_Party/LwIP/src/core/pbuf.c ****  */
1195:Middlewares/Third_Party/LwIP/src/core/pbuf.c **** err_t
1196:Middlewares/Third_Party/LwIP/src/core/pbuf.c **** pbuf_take(struct pbuf *buf, const void *dataptr, u16_t len)
1197:Middlewares/Third_Party/LwIP/src/core/pbuf.c **** {
 2879              		.loc 1 1197 1 is_stmt 1 view -0
 2880              		.cfi_startproc
 2881              		@ args = 0, pretend = 0, frame = 0
 2882              		@ frame_needed = 0, uses_anonymous_args = 0
 2883              		.loc 1 1197 1 is_stmt 0 view .LVU859
 2884 0000 2DE9F843 		push	{r3, r4, r5, r6, r7, r8, r9, lr}
 2885              	.LCFI36:
 2886              		.cfi_def_cfa_offset 32
 2887              		.cfi_offset 3, -32
 2888              		.cfi_offset 4, -28
 2889              		.cfi_offset 5, -24
 2890              		.cfi_offset 6, -20
 2891              		.cfi_offset 7, -16
 2892              		.cfi_offset 8, -12
 2893              		.cfi_offset 9, -8
 2894              		.cfi_offset 14, -4
1198:Middlewares/Third_Party/LwIP/src/core/pbuf.c ****   struct pbuf *p;
 2895              		.loc 1 1198 3 is_stmt 1 view .LVU860
1199:Middlewares/Third_Party/LwIP/src/core/pbuf.c ****   size_t buf_copy_len;
 2896              		.loc 1 1199 3 view .LVU861
1200:Middlewares/Third_Party/LwIP/src/core/pbuf.c ****   size_t total_copy_len = len;
 2897              		.loc 1 1200 3 view .LVU862
 2898              	.LVL286:
1201:Middlewares/Third_Party/LwIP/src/core/pbuf.c ****   size_t copied_total = 0;
 2899              		.loc 1 1201 3 view .LVU863
1202:Middlewares/Third_Party/LwIP/src/core/pbuf.c **** 
1203:Middlewares/Third_Party/LwIP/src/core/pbuf.c ****   LWIP_ERROR("pbuf_take: invalid buf", (buf != NULL), return ERR_ARG;);
 2900              		.loc 1 1203 3 view .LVU864
 2901              		.loc 1 1203 3 view .LVU865
 2902 0004 48B1     		cbz	r0, .L227
 2903 0006 8846     		mov	r8, r1
 2904 0008 9146     		mov	r9, r2
 2905 000a 0546     		mov	r5, r0
 2906              		.loc 1 1203 3 discriminator 2 view .LVU866
 2907              		.loc 1 1203 3 discriminator 2 view .LVU867
1204:Middlewares/Third_Party/LwIP/src/core/pbuf.c ****   LWIP_ERROR("pbuf_take: invalid dataptr", (dataptr != NULL), return ERR_ARG;);
 2908              		.loc 1 1204 3 discriminator 2 view .LVU868
 2909              		.loc 1 1204 3 discriminator 2 view .LVU869
 2910 000c 79B1     		cbz	r1, .L228
 2911              		.loc 1 1204 3 discriminator 2 view .LVU870
 2912              		.loc 1 1204 3 discriminator 2 view .LVU871
1205:Middlewares/Third_Party/LwIP/src/core/pbuf.c ****   LWIP_ERROR("pbuf_take: buf not large enough", (buf->tot_len >= len), return ERR_MEM;);
ARM GAS  /tmp/ccCCDAAl.s 			page 89


 2913              		.loc 1 1205 3 discriminator 2 view .LVU872
 2914              		.loc 1 1205 3 discriminator 2 view .LVU873
 2915 000e 0389     		ldrh	r3, [r0, #8]
 2916 0010 9342     		cmp	r3, r2
 2917 0012 16D3     		bcc	.L229
1200:Middlewares/Third_Party/LwIP/src/core/pbuf.c ****   size_t copied_total = 0;
 2918              		.loc 1 1200 10 is_stmt 0 view .LVU874
 2919 0014 1646     		mov	r6, r2
1201:Middlewares/Third_Party/LwIP/src/core/pbuf.c **** 
 2920              		.loc 1 1201 10 view .LVU875
 2921 0016 0027     		movs	r7, #0
 2922 0018 2EE0     		b	.L220
 2923              	.L227:
1203:Middlewares/Third_Party/LwIP/src/core/pbuf.c ****   LWIP_ERROR("pbuf_take: invalid dataptr", (dataptr != NULL), return ERR_ARG;);
 2924              		.loc 1 1203 3 is_stmt 1 discriminator 1 view .LVU876
1203:Middlewares/Third_Party/LwIP/src/core/pbuf.c ****   LWIP_ERROR("pbuf_take: invalid dataptr", (dataptr != NULL), return ERR_ARG;);
 2925              		.loc 1 1203 3 discriminator 1 view .LVU877
 2926 001a 224B     		ldr	r3, .L233
 2927 001c 40F2B342 		movw	r2, #1203
 2928              	.LVL287:
1203:Middlewares/Third_Party/LwIP/src/core/pbuf.c ****   LWIP_ERROR("pbuf_take: invalid dataptr", (dataptr != NULL), return ERR_ARG;);
 2929              		.loc 1 1203 3 is_stmt 0 discriminator 1 view .LVU878
 2930 0020 2149     		ldr	r1, .L233+4
 2931              	.LVL288:
1203:Middlewares/Third_Party/LwIP/src/core/pbuf.c ****   LWIP_ERROR("pbuf_take: invalid dataptr", (dataptr != NULL), return ERR_ARG;);
 2932              		.loc 1 1203 3 discriminator 1 view .LVU879
 2933 0022 2248     		ldr	r0, .L233+8
 2934              	.LVL289:
1203:Middlewares/Third_Party/LwIP/src/core/pbuf.c ****   LWIP_ERROR("pbuf_take: invalid dataptr", (dataptr != NULL), return ERR_ARG;);
 2935              		.loc 1 1203 3 discriminator 1 view .LVU880
 2936 0024 FFF7FEFF 		bl	printf
 2937              	.LVL290:
1203:Middlewares/Third_Party/LwIP/src/core/pbuf.c ****   LWIP_ERROR("pbuf_take: invalid dataptr", (dataptr != NULL), return ERR_ARG;);
 2938              		.loc 1 1203 3 is_stmt 1 discriminator 1 view .LVU881
1203:Middlewares/Third_Party/LwIP/src/core/pbuf.c ****   LWIP_ERROR("pbuf_take: invalid dataptr", (dataptr != NULL), return ERR_ARG;);
 2939              		.loc 1 1203 3 discriminator 1 view .LVU882
 2940 0028 6FF00F00 		mvn	r0, #15
 2941 002c 2FE0     		b	.L218
 2942              	.LVL291:
 2943              	.L228:
1204:Middlewares/Third_Party/LwIP/src/core/pbuf.c ****   LWIP_ERROR("pbuf_take: buf not large enough", (buf->tot_len >= len), return ERR_MEM;);
 2944              		.loc 1 1204 3 discriminator 1 view .LVU883
1204:Middlewares/Third_Party/LwIP/src/core/pbuf.c ****   LWIP_ERROR("pbuf_take: buf not large enough", (buf->tot_len >= len), return ERR_MEM;);
 2945              		.loc 1 1204 3 discriminator 1 view .LVU884
 2946 002e 1D4B     		ldr	r3, .L233
 2947 0030 40F2B442 		movw	r2, #1204
 2948              	.LVL292:
1204:Middlewares/Third_Party/LwIP/src/core/pbuf.c ****   LWIP_ERROR("pbuf_take: buf not large enough", (buf->tot_len >= len), return ERR_MEM;);
 2949              		.loc 1 1204 3 is_stmt 0 discriminator 1 view .LVU885
 2950 0034 1E49     		ldr	r1, .L233+12
 2951              	.LVL293:
1204:Middlewares/Third_Party/LwIP/src/core/pbuf.c ****   LWIP_ERROR("pbuf_take: buf not large enough", (buf->tot_len >= len), return ERR_MEM;);
 2952              		.loc 1 1204 3 discriminator 1 view .LVU886
 2953 0036 1D48     		ldr	r0, .L233+8
 2954              	.LVL294:
1204:Middlewares/Third_Party/LwIP/src/core/pbuf.c ****   LWIP_ERROR("pbuf_take: buf not large enough", (buf->tot_len >= len), return ERR_MEM;);
 2955              		.loc 1 1204 3 discriminator 1 view .LVU887
ARM GAS  /tmp/ccCCDAAl.s 			page 90


 2956 0038 FFF7FEFF 		bl	printf
 2957              	.LVL295:
1204:Middlewares/Third_Party/LwIP/src/core/pbuf.c ****   LWIP_ERROR("pbuf_take: buf not large enough", (buf->tot_len >= len), return ERR_MEM;);
 2958              		.loc 1 1204 3 is_stmt 1 discriminator 1 view .LVU888
1204:Middlewares/Third_Party/LwIP/src/core/pbuf.c ****   LWIP_ERROR("pbuf_take: buf not large enough", (buf->tot_len >= len), return ERR_MEM;);
 2959              		.loc 1 1204 3 discriminator 1 view .LVU889
 2960 003c 6FF00F00 		mvn	r0, #15
 2961 0040 25E0     		b	.L218
 2962              	.LVL296:
 2963              	.L229:
 2964              		.loc 1 1205 3 discriminator 1 view .LVU890
 2965              		.loc 1 1205 3 discriminator 1 view .LVU891
 2966 0042 184B     		ldr	r3, .L233
 2967 0044 40F2B542 		movw	r2, #1205
 2968              	.LVL297:
 2969              		.loc 1 1205 3 is_stmt 0 discriminator 1 view .LVU892
 2970 0048 1A49     		ldr	r1, .L233+16
 2971              	.LVL298:
 2972              		.loc 1 1205 3 discriminator 1 view .LVU893
 2973 004a 1848     		ldr	r0, .L233+8
 2974              	.LVL299:
 2975              		.loc 1 1205 3 discriminator 1 view .LVU894
 2976 004c FFF7FEFF 		bl	printf
 2977              	.LVL300:
 2978              		.loc 1 1205 3 is_stmt 1 discriminator 1 view .LVU895
 2979              		.loc 1 1205 3 discriminator 1 view .LVU896
 2980 0050 4FF0FF30 		mov	r0, #-1
 2981 0054 1BE0     		b	.L218
 2982              	.LVL301:
 2983              	.L231:
1206:Middlewares/Third_Party/LwIP/src/core/pbuf.c **** 
1207:Middlewares/Third_Party/LwIP/src/core/pbuf.c ****   if ((buf == NULL) || (dataptr == NULL) || (buf->tot_len < len)) {
1208:Middlewares/Third_Party/LwIP/src/core/pbuf.c ****     return ERR_ARG;
1209:Middlewares/Third_Party/LwIP/src/core/pbuf.c ****   }
1210:Middlewares/Third_Party/LwIP/src/core/pbuf.c **** 
1211:Middlewares/Third_Party/LwIP/src/core/pbuf.c ****   /* Note some systems use byte copy if dataptr or one of the pbuf payload pointers are unaligned. 
1212:Middlewares/Third_Party/LwIP/src/core/pbuf.c ****   for (p = buf; total_copy_len != 0; p = p->next) {
1213:Middlewares/Third_Party/LwIP/src/core/pbuf.c ****     LWIP_ASSERT("pbuf_take: invalid pbuf", p != NULL);
 2984              		.loc 1 1213 5 discriminator 1 view .LVU897
 2985              		.loc 1 1213 5 discriminator 1 view .LVU898
 2986 0056 134B     		ldr	r3, .L233
 2987 0058 40F2BD42 		movw	r2, #1213
 2988 005c 1649     		ldr	r1, .L233+20
 2989 005e 1348     		ldr	r0, .L233+8
 2990 0060 FFF7FEFF 		bl	printf
 2991              	.LVL302:
 2992 0064 0BE0     		b	.L221
 2993              	.LVL303:
 2994              	.L222:
1214:Middlewares/Third_Party/LwIP/src/core/pbuf.c ****     buf_copy_len = total_copy_len;
1215:Middlewares/Third_Party/LwIP/src/core/pbuf.c ****     if (buf_copy_len > p->len) {
1216:Middlewares/Third_Party/LwIP/src/core/pbuf.c ****       /* this pbuf cannot hold all remaining data */
1217:Middlewares/Third_Party/LwIP/src/core/pbuf.c ****       buf_copy_len = p->len;
1218:Middlewares/Third_Party/LwIP/src/core/pbuf.c ****     }
1219:Middlewares/Third_Party/LwIP/src/core/pbuf.c ****     /* copy the necessary parts of the buffer */
1220:Middlewares/Third_Party/LwIP/src/core/pbuf.c ****     MEMCPY(p->payload, &((const char *)dataptr)[copied_total], buf_copy_len);
 2995              		.loc 1 1220 5 discriminator 2 view .LVU899
ARM GAS  /tmp/ccCCDAAl.s 			page 91


 2996 0066 2246     		mov	r2, r4
 2997 0068 08EB0701 		add	r1, r8, r7
 2998 006c 6868     		ldr	r0, [r5, #4]
 2999 006e FFF7FEFF 		bl	memcpy
 3000              	.LVL304:
1221:Middlewares/Third_Party/LwIP/src/core/pbuf.c ****     total_copy_len -= buf_copy_len;
 3001              		.loc 1 1221 5 discriminator 2 view .LVU900
 3002              		.loc 1 1221 20 is_stmt 0 discriminator 2 view .LVU901
 3003 0072 361B     		subs	r6, r6, r4
 3004              	.LVL305:
1222:Middlewares/Third_Party/LwIP/src/core/pbuf.c ****     copied_total += buf_copy_len;
 3005              		.loc 1 1222 5 is_stmt 1 discriminator 2 view .LVU902
 3006              		.loc 1 1222 18 is_stmt 0 discriminator 2 view .LVU903
 3007 0074 2744     		add	r7, r7, r4
 3008              	.LVL306:
1212:Middlewares/Third_Party/LwIP/src/core/pbuf.c ****     LWIP_ASSERT("pbuf_take: invalid pbuf", p != NULL);
 3009              		.loc 1 1212 38 is_stmt 1 discriminator 2 view .LVU904
1212:Middlewares/Third_Party/LwIP/src/core/pbuf.c ****     LWIP_ASSERT("pbuf_take: invalid pbuf", p != NULL);
 3010              		.loc 1 1212 40 is_stmt 0 discriminator 2 view .LVU905
 3011 0076 2D68     		ldr	r5, [r5]
 3012              	.LVL307:
 3013              	.L220:
1212:Middlewares/Third_Party/LwIP/src/core/pbuf.c ****     LWIP_ASSERT("pbuf_take: invalid pbuf", p != NULL);
 3014              		.loc 1 1212 17 is_stmt 1 discriminator 1 view .LVU906
1212:Middlewares/Third_Party/LwIP/src/core/pbuf.c ****     LWIP_ASSERT("pbuf_take: invalid pbuf", p != NULL);
 3015              		.loc 1 1212 3 is_stmt 0 discriminator 1 view .LVU907
 3016 0078 36B1     		cbz	r6, .L230
1213:Middlewares/Third_Party/LwIP/src/core/pbuf.c ****     buf_copy_len = total_copy_len;
 3017              		.loc 1 1213 5 is_stmt 1 view .LVU908
1213:Middlewares/Third_Party/LwIP/src/core/pbuf.c ****     buf_copy_len = total_copy_len;
 3018              		.loc 1 1213 5 view .LVU909
 3019 007a 002D     		cmp	r5, #0
 3020 007c EBD0     		beq	.L231
 3021              	.L221:
1213:Middlewares/Third_Party/LwIP/src/core/pbuf.c ****     buf_copy_len = total_copy_len;
 3022              		.loc 1 1213 5 discriminator 3 view .LVU910
1213:Middlewares/Third_Party/LwIP/src/core/pbuf.c ****     buf_copy_len = total_copy_len;
 3023              		.loc 1 1213 5 discriminator 3 view .LVU911
1214:Middlewares/Third_Party/LwIP/src/core/pbuf.c ****     if (buf_copy_len > p->len) {
 3024              		.loc 1 1214 5 discriminator 3 view .LVU912
 3025              	.LVL308:
1215:Middlewares/Third_Party/LwIP/src/core/pbuf.c ****       /* this pbuf cannot hold all remaining data */
 3026              		.loc 1 1215 5 discriminator 3 view .LVU913
1215:Middlewares/Third_Party/LwIP/src/core/pbuf.c ****       /* this pbuf cannot hold all remaining data */
 3027              		.loc 1 1215 25 is_stmt 0 discriminator 3 view .LVU914
 3028 007e 6C89     		ldrh	r4, [r5, #10]
1215:Middlewares/Third_Party/LwIP/src/core/pbuf.c ****       /* this pbuf cannot hold all remaining data */
 3029              		.loc 1 1215 8 discriminator 3 view .LVU915
 3030 0080 B442     		cmp	r4, r6
 3031 0082 F0D3     		bcc	.L222
1214:Middlewares/Third_Party/LwIP/src/core/pbuf.c ****     if (buf_copy_len > p->len) {
 3032              		.loc 1 1214 18 view .LVU916
 3033 0084 3446     		mov	r4, r6
 3034 0086 EEE7     		b	.L222
 3035              	.LVL309:
 3036              	.L230:
1223:Middlewares/Third_Party/LwIP/src/core/pbuf.c ****   }
ARM GAS  /tmp/ccCCDAAl.s 			page 92


1224:Middlewares/Third_Party/LwIP/src/core/pbuf.c ****   LWIP_ASSERT("did not copy all data", total_copy_len == 0 && copied_total == len);
 3037              		.loc 1 1224 3 is_stmt 1 discriminator 2 view .LVU917
 3038              		.loc 1 1224 3 discriminator 2 view .LVU918
 3039 0088 4F45     		cmp	r7, r9
 3040 008a 02D1     		bne	.L232
1225:Middlewares/Third_Party/LwIP/src/core/pbuf.c ****   return ERR_OK;
 3041              		.loc 1 1225 10 is_stmt 0 view .LVU919
 3042 008c 0020     		movs	r0, #0
 3043              	.LVL310:
 3044              	.L218:
1226:Middlewares/Third_Party/LwIP/src/core/pbuf.c **** }
 3045              		.loc 1 1226 1 view .LVU920
 3046 008e BDE8F883 		pop	{r3, r4, r5, r6, r7, r8, r9, pc}
 3047              	.LVL311:
 3048              	.L232:
1224:Middlewares/Third_Party/LwIP/src/core/pbuf.c ****   return ERR_OK;
 3049              		.loc 1 1224 3 is_stmt 1 discriminator 3 view .LVU921
1224:Middlewares/Third_Party/LwIP/src/core/pbuf.c ****   return ERR_OK;
 3050              		.loc 1 1224 3 discriminator 3 view .LVU922
 3051 0092 044B     		ldr	r3, .L233
 3052 0094 4FF49962 		mov	r2, #1224
 3053 0098 0849     		ldr	r1, .L233+24
 3054 009a 0448     		ldr	r0, .L233+8
 3055 009c FFF7FEFF 		bl	printf
 3056              	.LVL312:
1225:Middlewares/Third_Party/LwIP/src/core/pbuf.c ****   return ERR_OK;
 3057              		.loc 1 1225 10 is_stmt 0 discriminator 3 view .LVU923
 3058 00a0 0020     		movs	r0, #0
 3059 00a2 F4E7     		b	.L218
 3060              	.L234:
 3061              		.align	2
 3062              	.L233:
 3063 00a4 00000000 		.word	.LC0
 3064 00a8 00000000 		.word	.LC30
 3065 00ac 3C000000 		.word	.LC2
 3066 00b0 18000000 		.word	.LC31
 3067 00b4 34000000 		.word	.LC32
 3068 00b8 54000000 		.word	.LC33
 3069 00bc 6C000000 		.word	.LC34
 3070              		.cfi_endproc
 3071              	.LFE183:
 3073              		.section	.rodata.pbuf_take_at.str1.4,"aMS",%progbits,1
 3074              		.align	2
 3075              	.LC35:
 3076 0000 63686563 		.ascii	"check pbuf_skip result\000"
 3076      6B207062 
 3076      75665F73 
 3076      6B697020 
 3076      72657375 
 3077              		.section	.text.pbuf_take_at,"ax",%progbits
 3078              		.align	1
 3079              		.global	pbuf_take_at
 3080              		.syntax unified
 3081              		.thumb
 3082              		.thumb_func
 3083              		.fpu fpv4-sp-d16
 3085              	pbuf_take_at:
ARM GAS  /tmp/ccCCDAAl.s 			page 93


 3086              	.LVL313:
 3087              	.LFB184:
1227:Middlewares/Third_Party/LwIP/src/core/pbuf.c **** 
1228:Middlewares/Third_Party/LwIP/src/core/pbuf.c **** /**
1229:Middlewares/Third_Party/LwIP/src/core/pbuf.c ****  * @ingroup pbuf
1230:Middlewares/Third_Party/LwIP/src/core/pbuf.c ****  * Same as pbuf_take() but puts data at an offset
1231:Middlewares/Third_Party/LwIP/src/core/pbuf.c ****  *
1232:Middlewares/Third_Party/LwIP/src/core/pbuf.c ****  * @param buf pbuf to fill with data
1233:Middlewares/Third_Party/LwIP/src/core/pbuf.c ****  * @param dataptr application supplied data buffer
1234:Middlewares/Third_Party/LwIP/src/core/pbuf.c ****  * @param len length of the application supplied data buffer
1235:Middlewares/Third_Party/LwIP/src/core/pbuf.c ****  * @param offset offset in pbuf where to copy dataptr to
1236:Middlewares/Third_Party/LwIP/src/core/pbuf.c ****  *
1237:Middlewares/Third_Party/LwIP/src/core/pbuf.c ****  * @return ERR_OK if successful, ERR_MEM if the pbuf is not big enough
1238:Middlewares/Third_Party/LwIP/src/core/pbuf.c ****  */
1239:Middlewares/Third_Party/LwIP/src/core/pbuf.c **** err_t
1240:Middlewares/Third_Party/LwIP/src/core/pbuf.c **** pbuf_take_at(struct pbuf *buf, const void *dataptr, u16_t len, u16_t offset)
1241:Middlewares/Third_Party/LwIP/src/core/pbuf.c **** {
 3088              		.loc 1 1241 1 is_stmt 1 view -0
 3089              		.cfi_startproc
 3090              		@ args = 0, pretend = 0, frame = 8
 3091              		@ frame_needed = 0, uses_anonymous_args = 0
 3092              		.loc 1 1241 1 is_stmt 0 view .LVU925
 3093 0000 F0B5     		push	{r4, r5, r6, r7, lr}
 3094              	.LCFI37:
 3095              		.cfi_def_cfa_offset 20
 3096              		.cfi_offset 4, -20
 3097              		.cfi_offset 5, -16
 3098              		.cfi_offset 6, -12
 3099              		.cfi_offset 7, -8
 3100              		.cfi_offset 14, -4
 3101 0002 83B0     		sub	sp, sp, #12
 3102              	.LCFI38:
 3103              		.cfi_def_cfa_offset 32
 3104 0004 0E46     		mov	r6, r1
 3105 0006 1446     		mov	r4, r2
1242:Middlewares/Third_Party/LwIP/src/core/pbuf.c ****   u16_t target_offset;
 3106              		.loc 1 1242 3 is_stmt 1 view .LVU926
1243:Middlewares/Third_Party/LwIP/src/core/pbuf.c ****   struct pbuf *q = pbuf_skip(buf, offset, &target_offset);
 3107              		.loc 1 1243 3 view .LVU927
 3108              		.loc 1 1243 20 is_stmt 0 view .LVU928
 3109 0008 0DF10602 		add	r2, sp, #6
 3110              	.LVL314:
 3111              		.loc 1 1243 20 view .LVU929
 3112 000c 1946     		mov	r1, r3
 3113              	.LVL315:
 3114              		.loc 1 1243 20 view .LVU930
 3115 000e FFF7FEFF 		bl	pbuf_skip
 3116              	.LVL316:
1244:Middlewares/Third_Party/LwIP/src/core/pbuf.c **** 
1245:Middlewares/Third_Party/LwIP/src/core/pbuf.c ****   /* return requested data if pbuf is OK */
1246:Middlewares/Third_Party/LwIP/src/core/pbuf.c ****   if ((q != NULL) && (q->tot_len >= target_offset + len)) {
 3117              		.loc 1 1246 3 is_stmt 1 view .LVU931
 3118              		.loc 1 1246 6 is_stmt 0 view .LVU932
 3119 0012 58B3     		cbz	r0, .L239
 3120 0014 0746     		mov	r7, r0
 3121              		.loc 1 1246 24 discriminator 1 view .LVU933
 3122 0016 0189     		ldrh	r1, [r0, #8]
ARM GAS  /tmp/ccCCDAAl.s 			page 94


 3123              		.loc 1 1246 51 discriminator 1 view .LVU934
 3124 0018 BDF80630 		ldrh	r3, [sp, #6]
 3125 001c 1A19     		adds	r2, r3, r4
 3126              		.loc 1 1246 19 discriminator 1 view .LVU935
 3127 001e 9142     		cmp	r1, r2
 3128 0020 27DB     		blt	.L240
 3129              	.LBB13:
1247:Middlewares/Third_Party/LwIP/src/core/pbuf.c ****     u16_t remaining_len = len;
 3130              		.loc 1 1247 5 is_stmt 1 view .LVU936
 3131              	.LVL317:
1248:Middlewares/Third_Party/LwIP/src/core/pbuf.c ****     const u8_t *src_ptr = (const u8_t *)dataptr;
 3132              		.loc 1 1248 5 view .LVU937
1249:Middlewares/Third_Party/LwIP/src/core/pbuf.c ****     /* copy the part that goes into the first pbuf */
1250:Middlewares/Third_Party/LwIP/src/core/pbuf.c ****     u16_t first_copy_len;
 3133              		.loc 1 1250 5 view .LVU938
1251:Middlewares/Third_Party/LwIP/src/core/pbuf.c ****     LWIP_ASSERT("check pbuf_skip result", target_offset < q->len);
 3134              		.loc 1 1251 5 view .LVU939
 3135              		.loc 1 1251 5 view .LVU940
 3136 0022 4289     		ldrh	r2, [r0, #10]
 3137 0024 9342     		cmp	r3, r2
 3138 0026 13D2     		bcs	.L244
 3139              	.LVL318:
 3140              	.L237:
 3141              		.loc 1 1251 5 discriminator 3 view .LVU941
 3142              		.loc 1 1251 5 discriminator 3 view .LVU942
1252:Middlewares/Third_Party/LwIP/src/core/pbuf.c ****     first_copy_len = (u16_t)LWIP_MIN(q->len - target_offset, len);
 3143              		.loc 1 1252 5 discriminator 3 view .LVU943
 3144              		.loc 1 1252 29 is_stmt 0 discriminator 3 view .LVU944
 3145 0028 7B89     		ldrh	r3, [r7, #10]
 3146 002a BDF80600 		ldrh	r0, [sp, #6]
 3147 002e 1A1A     		subs	r2, r3, r0
 3148              		.loc 1 1252 22 discriminator 3 view .LVU945
 3149 0030 9442     		cmp	r4, r2
 3150 0032 15DD     		ble	.L241
 3151              		.loc 1 1252 22 discriminator 1 view .LVU946
 3152 0034 95B2     		uxth	r5, r2
 3153              	.L238:
 3154              	.LVL319:
1253:Middlewares/Third_Party/LwIP/src/core/pbuf.c ****     MEMCPY(((u8_t *)q->payload) + target_offset, dataptr, first_copy_len);
 3155              		.loc 1 1253 5 is_stmt 1 discriminator 4 view .LVU947
 3156 0036 7B68     		ldr	r3, [r7, #4]
 3157 0038 2A46     		mov	r2, r5
 3158 003a 3146     		mov	r1, r6
 3159 003c 1844     		add	r0, r0, r3
 3160 003e FFF7FEFF 		bl	memcpy
 3161              	.LVL320:
1254:Middlewares/Third_Party/LwIP/src/core/pbuf.c ****     remaining_len = (u16_t)(remaining_len - first_copy_len);
 3162              		.loc 1 1254 5 discriminator 4 view .LVU948
 3163              		.loc 1 1254 19 is_stmt 0 discriminator 4 view .LVU949
 3164 0042 621B     		subs	r2, r4, r5
 3165 0044 92B2     		uxth	r2, r2
 3166              	.LVL321:
1255:Middlewares/Third_Party/LwIP/src/core/pbuf.c ****     src_ptr += first_copy_len;
 3167              		.loc 1 1255 5 is_stmt 1 discriminator 4 view .LVU950
 3168              		.loc 1 1255 13 is_stmt 0 discriminator 4 view .LVU951
 3169 0046 7119     		adds	r1, r6, r5
 3170              	.LVL322:
ARM GAS  /tmp/ccCCDAAl.s 			page 95


1256:Middlewares/Third_Party/LwIP/src/core/pbuf.c ****     if (remaining_len > 0) {
 3171              		.loc 1 1256 5 is_stmt 1 discriminator 4 view .LVU952
 3172              		.loc 1 1256 8 is_stmt 0 discriminator 4 view .LVU953
 3173 0048 62B9     		cbnz	r2, .L245
1257:Middlewares/Third_Party/LwIP/src/core/pbuf.c ****       return pbuf_take(q->next, src_ptr, remaining_len);
1258:Middlewares/Third_Party/LwIP/src/core/pbuf.c ****     }
1259:Middlewares/Third_Party/LwIP/src/core/pbuf.c ****     return ERR_OK;
 3174              		.loc 1 1259 12 view .LVU954
 3175 004a 0020     		movs	r0, #0
 3176              	.LVL323:
 3177              	.L236:
 3178              		.loc 1 1259 12 view .LVU955
 3179              	.LBE13:
1260:Middlewares/Third_Party/LwIP/src/core/pbuf.c ****   }
1261:Middlewares/Third_Party/LwIP/src/core/pbuf.c ****   return ERR_MEM;
1262:Middlewares/Third_Party/LwIP/src/core/pbuf.c **** }
 3180              		.loc 1 1262 1 view .LVU956
 3181 004c 03B0     		add	sp, sp, #12
 3182              	.LCFI39:
 3183              		.cfi_remember_state
 3184              		.cfi_def_cfa_offset 20
 3185              		@ sp needed
 3186 004e F0BD     		pop	{r4, r5, r6, r7, pc}
 3187              	.LVL324:
 3188              	.L244:
 3189              	.LCFI40:
 3190              		.cfi_restore_state
 3191              	.LBB14:
1251:Middlewares/Third_Party/LwIP/src/core/pbuf.c ****     first_copy_len = (u16_t)LWIP_MIN(q->len - target_offset, len);
 3192              		.loc 1 1251 5 is_stmt 1 discriminator 1 view .LVU957
1251:Middlewares/Third_Party/LwIP/src/core/pbuf.c ****     first_copy_len = (u16_t)LWIP_MIN(q->len - target_offset, len);
 3193              		.loc 1 1251 5 discriminator 1 view .LVU958
 3194 0050 094B     		ldr	r3, .L246
 3195 0052 40F2E342 		movw	r2, #1251
 3196 0056 0949     		ldr	r1, .L246+4
 3197 0058 0948     		ldr	r0, .L246+8
 3198              	.LVL325:
1251:Middlewares/Third_Party/LwIP/src/core/pbuf.c ****     first_copy_len = (u16_t)LWIP_MIN(q->len - target_offset, len);
 3199              		.loc 1 1251 5 is_stmt 0 discriminator 1 view .LVU959
 3200 005a FFF7FEFF 		bl	printf
 3201              	.LVL326:
 3202 005e E3E7     		b	.L237
 3203              	.L241:
1252:Middlewares/Third_Party/LwIP/src/core/pbuf.c ****     MEMCPY(((u8_t *)q->payload) + target_offset, dataptr, first_copy_len);
 3204              		.loc 1 1252 22 view .LVU960
 3205 0060 2546     		mov	r5, r4
 3206 0062 E8E7     		b	.L238
 3207              	.LVL327:
 3208              	.L245:
1257:Middlewares/Third_Party/LwIP/src/core/pbuf.c ****     }
 3209              		.loc 1 1257 7 is_stmt 1 view .LVU961
1257:Middlewares/Third_Party/LwIP/src/core/pbuf.c ****     }
 3210              		.loc 1 1257 14 is_stmt 0 view .LVU962
 3211 0064 3868     		ldr	r0, [r7]
 3212 0066 FFF7FEFF 		bl	pbuf_take
 3213              	.LVL328:
1257:Middlewares/Third_Party/LwIP/src/core/pbuf.c ****     }
ARM GAS  /tmp/ccCCDAAl.s 			page 96


 3214              		.loc 1 1257 14 view .LVU963
 3215 006a EFE7     		b	.L236
 3216              	.LVL329:
 3217              	.L239:
1257:Middlewares/Third_Party/LwIP/src/core/pbuf.c ****     }
 3218              		.loc 1 1257 14 view .LVU964
 3219              	.LBE14:
1261:Middlewares/Third_Party/LwIP/src/core/pbuf.c **** }
 3220              		.loc 1 1261 10 view .LVU965
 3221 006c 4FF0FF30 		mov	r0, #-1
 3222              	.LVL330:
1261:Middlewares/Third_Party/LwIP/src/core/pbuf.c **** }
 3223              		.loc 1 1261 10 view .LVU966
 3224 0070 ECE7     		b	.L236
 3225              	.LVL331:
 3226              	.L240:
1261:Middlewares/Third_Party/LwIP/src/core/pbuf.c **** }
 3227              		.loc 1 1261 10 view .LVU967
 3228 0072 4FF0FF30 		mov	r0, #-1
 3229              	.LVL332:
1261:Middlewares/Third_Party/LwIP/src/core/pbuf.c **** }
 3230              		.loc 1 1261 10 view .LVU968
 3231 0076 E9E7     		b	.L236
 3232              	.L247:
 3233              		.align	2
 3234              	.L246:
 3235 0078 00000000 		.word	.LC0
 3236 007c 00000000 		.word	.LC35
 3237 0080 3C000000 		.word	.LC2
 3238              		.cfi_endproc
 3239              	.LFE184:
 3241              		.section	.rodata.pbuf_clone.str1.4,"aMS",%progbits,1
 3242              		.align	2
 3243              	.LC36:
 3244 0000 70627566 		.ascii	"pbuf_copy failed\000"
 3244      5F636F70 
 3244      79206661 
 3244      696C6564 
 3244      00
 3245              		.section	.text.pbuf_clone,"ax",%progbits
 3246              		.align	1
 3247              		.global	pbuf_clone
 3248              		.syntax unified
 3249              		.thumb
 3250              		.thumb_func
 3251              		.fpu fpv4-sp-d16
 3253              	pbuf_clone:
 3254              	.LVL333:
 3255              	.LFB186:
1263:Middlewares/Third_Party/LwIP/src/core/pbuf.c **** 
1264:Middlewares/Third_Party/LwIP/src/core/pbuf.c **** /**
1265:Middlewares/Third_Party/LwIP/src/core/pbuf.c ****  * @ingroup pbuf
1266:Middlewares/Third_Party/LwIP/src/core/pbuf.c ****  * Creates a single pbuf out of a queue of pbufs.
1267:Middlewares/Third_Party/LwIP/src/core/pbuf.c ****  *
1268:Middlewares/Third_Party/LwIP/src/core/pbuf.c ****  * @remark: Either the source pbuf 'p' is freed by this function or the original
1269:Middlewares/Third_Party/LwIP/src/core/pbuf.c ****  *          pbuf 'p' is returned, therefore the caller has to check the result!
1270:Middlewares/Third_Party/LwIP/src/core/pbuf.c ****  *
ARM GAS  /tmp/ccCCDAAl.s 			page 97


1271:Middlewares/Third_Party/LwIP/src/core/pbuf.c ****  * @param p the source pbuf
1272:Middlewares/Third_Party/LwIP/src/core/pbuf.c ****  * @param layer pbuf_layer of the new pbuf
1273:Middlewares/Third_Party/LwIP/src/core/pbuf.c ****  *
1274:Middlewares/Third_Party/LwIP/src/core/pbuf.c ****  * @return a new, single pbuf (p->next is NULL)
1275:Middlewares/Third_Party/LwIP/src/core/pbuf.c ****  *         or the old pbuf if allocation fails
1276:Middlewares/Third_Party/LwIP/src/core/pbuf.c ****  */
1277:Middlewares/Third_Party/LwIP/src/core/pbuf.c **** struct pbuf *
1278:Middlewares/Third_Party/LwIP/src/core/pbuf.c **** pbuf_coalesce(struct pbuf *p, pbuf_layer layer)
1279:Middlewares/Third_Party/LwIP/src/core/pbuf.c **** {
1280:Middlewares/Third_Party/LwIP/src/core/pbuf.c ****   struct pbuf *q;
1281:Middlewares/Third_Party/LwIP/src/core/pbuf.c ****   if (p->next == NULL) {
1282:Middlewares/Third_Party/LwIP/src/core/pbuf.c ****     return p;
1283:Middlewares/Third_Party/LwIP/src/core/pbuf.c ****   }
1284:Middlewares/Third_Party/LwIP/src/core/pbuf.c ****   q = pbuf_clone(layer, PBUF_RAM, p);
1285:Middlewares/Third_Party/LwIP/src/core/pbuf.c ****   if (q == NULL) {
1286:Middlewares/Third_Party/LwIP/src/core/pbuf.c ****     /* @todo: what do we do now? */
1287:Middlewares/Third_Party/LwIP/src/core/pbuf.c ****     return p;
1288:Middlewares/Third_Party/LwIP/src/core/pbuf.c ****   }
1289:Middlewares/Third_Party/LwIP/src/core/pbuf.c ****   pbuf_free(p);
1290:Middlewares/Third_Party/LwIP/src/core/pbuf.c ****   return q;
1291:Middlewares/Third_Party/LwIP/src/core/pbuf.c **** }
1292:Middlewares/Third_Party/LwIP/src/core/pbuf.c **** 
1293:Middlewares/Third_Party/LwIP/src/core/pbuf.c **** /**
1294:Middlewares/Third_Party/LwIP/src/core/pbuf.c ****  * @ingroup pbuf
1295:Middlewares/Third_Party/LwIP/src/core/pbuf.c ****  * Allocates a new pbuf of same length (via pbuf_alloc()) and copies the source
1296:Middlewares/Third_Party/LwIP/src/core/pbuf.c ****  * pbuf into this new pbuf (using pbuf_copy()).
1297:Middlewares/Third_Party/LwIP/src/core/pbuf.c ****  *
1298:Middlewares/Third_Party/LwIP/src/core/pbuf.c ****  * @param layer pbuf_layer of the new pbuf
1299:Middlewares/Third_Party/LwIP/src/core/pbuf.c ****  * @param type this parameter decides how and where the pbuf should be allocated
1300:Middlewares/Third_Party/LwIP/src/core/pbuf.c ****  *             (@see pbuf_alloc())
1301:Middlewares/Third_Party/LwIP/src/core/pbuf.c ****  * @param p the source pbuf
1302:Middlewares/Third_Party/LwIP/src/core/pbuf.c ****  *
1303:Middlewares/Third_Party/LwIP/src/core/pbuf.c ****  * @return a new pbuf or NULL if allocation fails
1304:Middlewares/Third_Party/LwIP/src/core/pbuf.c ****  */
1305:Middlewares/Third_Party/LwIP/src/core/pbuf.c **** struct pbuf *
1306:Middlewares/Third_Party/LwIP/src/core/pbuf.c **** pbuf_clone(pbuf_layer layer, pbuf_type type, struct pbuf *p)
1307:Middlewares/Third_Party/LwIP/src/core/pbuf.c **** {
 3256              		.loc 1 1307 1 is_stmt 1 view -0
 3257              		.cfi_startproc
 3258              		@ args = 0, pretend = 0, frame = 0
 3259              		@ frame_needed = 0, uses_anonymous_args = 0
 3260              		.loc 1 1307 1 is_stmt 0 view .LVU970
 3261 0000 38B5     		push	{r3, r4, r5, lr}
 3262              	.LCFI41:
 3263              		.cfi_def_cfa_offset 16
 3264              		.cfi_offset 3, -16
 3265              		.cfi_offset 4, -12
 3266              		.cfi_offset 5, -8
 3267              		.cfi_offset 14, -4
 3268 0002 1446     		mov	r4, r2
1308:Middlewares/Third_Party/LwIP/src/core/pbuf.c ****   struct pbuf *q;
 3269              		.loc 1 1308 3 is_stmt 1 view .LVU971
1309:Middlewares/Third_Party/LwIP/src/core/pbuf.c ****   err_t err;
 3270              		.loc 1 1309 3 view .LVU972
1310:Middlewares/Third_Party/LwIP/src/core/pbuf.c ****   q = pbuf_alloc(layer, p->tot_len, type);
 3271              		.loc 1 1310 3 view .LVU973
 3272              		.loc 1 1310 7 is_stmt 0 view .LVU974
ARM GAS  /tmp/ccCCDAAl.s 			page 98


 3273 0004 0A46     		mov	r2, r1
 3274              	.LVL334:
 3275              		.loc 1 1310 7 view .LVU975
 3276 0006 2189     		ldrh	r1, [r4, #8]
 3277              	.LVL335:
 3278              		.loc 1 1310 7 view .LVU976
 3279 0008 FFF7FEFF 		bl	pbuf_alloc
 3280              	.LVL336:
1311:Middlewares/Third_Party/LwIP/src/core/pbuf.c ****   if (q == NULL) {
 3281              		.loc 1 1311 3 is_stmt 1 view .LVU977
 3282              		.loc 1 1311 6 is_stmt 0 view .LVU978
 3283 000c 0546     		mov	r5, r0
 3284 000e 18B1     		cbz	r0, .L248
1312:Middlewares/Third_Party/LwIP/src/core/pbuf.c ****     return NULL;
1313:Middlewares/Third_Party/LwIP/src/core/pbuf.c ****   }
1314:Middlewares/Third_Party/LwIP/src/core/pbuf.c ****   err = pbuf_copy(q, p);
 3285              		.loc 1 1314 3 is_stmt 1 view .LVU979
 3286              		.loc 1 1314 9 is_stmt 0 view .LVU980
 3287 0010 2146     		mov	r1, r4
 3288 0012 FFF7FEFF 		bl	pbuf_copy
 3289              	.LVL337:
1315:Middlewares/Third_Party/LwIP/src/core/pbuf.c ****   LWIP_UNUSED_ARG(err); /* in case of LWIP_NOASSERT */
 3290              		.loc 1 1315 3 is_stmt 1 view .LVU981
1316:Middlewares/Third_Party/LwIP/src/core/pbuf.c ****   LWIP_ASSERT("pbuf_copy failed", err == ERR_OK);
 3291              		.loc 1 1316 3 view .LVU982
 3292              		.loc 1 1316 3 view .LVU983
 3293 0016 08B9     		cbnz	r0, .L251
 3294              	.LVL338:
 3295              	.L248:
1317:Middlewares/Third_Party/LwIP/src/core/pbuf.c ****   return q;
1318:Middlewares/Third_Party/LwIP/src/core/pbuf.c **** }
 3296              		.loc 1 1318 1 is_stmt 0 view .LVU984
 3297 0018 2846     		mov	r0, r5
 3298 001a 38BD     		pop	{r3, r4, r5, pc}
 3299              	.LVL339:
 3300              	.L251:
1316:Middlewares/Third_Party/LwIP/src/core/pbuf.c ****   LWIP_ASSERT("pbuf_copy failed", err == ERR_OK);
 3301              		.loc 1 1316 3 is_stmt 1 discriminator 1 view .LVU985
1316:Middlewares/Third_Party/LwIP/src/core/pbuf.c ****   LWIP_ASSERT("pbuf_copy failed", err == ERR_OK);
 3302              		.loc 1 1316 3 discriminator 1 view .LVU986
 3303 001c 034B     		ldr	r3, .L252
 3304 001e 40F22452 		movw	r2, #1316
 3305 0022 0349     		ldr	r1, .L252+4
 3306 0024 0348     		ldr	r0, .L252+8
 3307              	.LVL340:
1316:Middlewares/Third_Party/LwIP/src/core/pbuf.c ****   LWIP_ASSERT("pbuf_copy failed", err == ERR_OK);
 3308              		.loc 1 1316 3 is_stmt 0 discriminator 1 view .LVU987
 3309 0026 FFF7FEFF 		bl	printf
 3310              	.LVL341:
 3311 002a F5E7     		b	.L248
 3312              	.L253:
 3313              		.align	2
 3314              	.L252:
 3315 002c 00000000 		.word	.LC0
 3316 0030 00000000 		.word	.LC36
 3317 0034 3C000000 		.word	.LC2
 3318              		.cfi_endproc
ARM GAS  /tmp/ccCCDAAl.s 			page 99


 3319              	.LFE186:
 3321              		.section	.text.pbuf_coalesce,"ax",%progbits
 3322              		.align	1
 3323              		.global	pbuf_coalesce
 3324              		.syntax unified
 3325              		.thumb
 3326              		.thumb_func
 3327              		.fpu fpv4-sp-d16
 3329              	pbuf_coalesce:
 3330              	.LVL342:
 3331              	.LFB185:
1279:Middlewares/Third_Party/LwIP/src/core/pbuf.c ****   struct pbuf *q;
 3332              		.loc 1 1279 1 is_stmt 1 view -0
 3333              		.cfi_startproc
 3334              		@ args = 0, pretend = 0, frame = 0
 3335              		@ frame_needed = 0, uses_anonymous_args = 0
1279:Middlewares/Third_Party/LwIP/src/core/pbuf.c ****   struct pbuf *q;
 3336              		.loc 1 1279 1 is_stmt 0 view .LVU989
 3337 0000 38B5     		push	{r3, r4, r5, lr}
 3338              	.LCFI42:
 3339              		.cfi_def_cfa_offset 16
 3340              		.cfi_offset 3, -16
 3341              		.cfi_offset 4, -12
 3342              		.cfi_offset 5, -8
 3343              		.cfi_offset 14, -4
 3344 0002 0446     		mov	r4, r0
1280:Middlewares/Third_Party/LwIP/src/core/pbuf.c ****   if (p->next == NULL) {
 3345              		.loc 1 1280 3 is_stmt 1 view .LVU990
1281:Middlewares/Third_Party/LwIP/src/core/pbuf.c ****     return p;
 3346              		.loc 1 1281 3 view .LVU991
1281:Middlewares/Third_Party/LwIP/src/core/pbuf.c ****     return p;
 3347              		.loc 1 1281 8 is_stmt 0 view .LVU992
 3348 0004 0368     		ldr	r3, [r0]
1281:Middlewares/Third_Party/LwIP/src/core/pbuf.c ****     return p;
 3349              		.loc 1 1281 6 view .LVU993
 3350 0006 5BB1     		cbz	r3, .L255
 3351 0008 0846     		mov	r0, r1
 3352              	.LVL343:
1284:Middlewares/Third_Party/LwIP/src/core/pbuf.c ****   if (q == NULL) {
 3353              		.loc 1 1284 3 is_stmt 1 view .LVU994
1284:Middlewares/Third_Party/LwIP/src/core/pbuf.c ****   if (q == NULL) {
 3354              		.loc 1 1284 7 is_stmt 0 view .LVU995
 3355 000a 2246     		mov	r2, r4
 3356 000c 4FF42071 		mov	r1, #640
 3357              	.LVL344:
1284:Middlewares/Third_Party/LwIP/src/core/pbuf.c ****   if (q == NULL) {
 3358              		.loc 1 1284 7 view .LVU996
 3359 0010 FFF7FEFF 		bl	pbuf_clone
 3360              	.LVL345:
1285:Middlewares/Third_Party/LwIP/src/core/pbuf.c ****     /* @todo: what do we do now? */
 3361              		.loc 1 1285 3 is_stmt 1 view .LVU997
1285:Middlewares/Third_Party/LwIP/src/core/pbuf.c ****     /* @todo: what do we do now? */
 3362              		.loc 1 1285 6 is_stmt 0 view .LVU998
 3363 0014 0546     		mov	r5, r0
 3364 0016 18B1     		cbz	r0, .L255
1289:Middlewares/Third_Party/LwIP/src/core/pbuf.c ****   return q;
 3365              		.loc 1 1289 3 is_stmt 1 view .LVU999
ARM GAS  /tmp/ccCCDAAl.s 			page 100


 3366 0018 2046     		mov	r0, r4
 3367              	.LVL346:
1289:Middlewares/Third_Party/LwIP/src/core/pbuf.c ****   return q;
 3368              		.loc 1 1289 3 is_stmt 0 view .LVU1000
 3369 001a FFF7FEFF 		bl	pbuf_free
 3370              	.LVL347:
1290:Middlewares/Third_Party/LwIP/src/core/pbuf.c **** }
 3371              		.loc 1 1290 3 is_stmt 1 view .LVU1001
1290:Middlewares/Third_Party/LwIP/src/core/pbuf.c **** }
 3372              		.loc 1 1290 10 is_stmt 0 view .LVU1002
 3373 001e 2C46     		mov	r4, r5
 3374              	.LVL348:
 3375              	.L255:
1291:Middlewares/Third_Party/LwIP/src/core/pbuf.c **** 
 3376              		.loc 1 1291 1 view .LVU1003
 3377 0020 2046     		mov	r0, r4
 3378 0022 38BD     		pop	{r3, r4, r5, pc}
 3379              		.cfi_endproc
 3380              	.LFE185:
 3382              		.section	.text.pbuf_try_get_at,"ax",%progbits
 3383              		.align	1
 3384              		.global	pbuf_try_get_at
 3385              		.syntax unified
 3386              		.thumb
 3387              		.thumb_func
 3388              		.fpu fpv4-sp-d16
 3390              	pbuf_try_get_at:
 3391              	.LVL349:
 3392              	.LFB188:
1319:Middlewares/Third_Party/LwIP/src/core/pbuf.c **** 
1320:Middlewares/Third_Party/LwIP/src/core/pbuf.c **** #if LWIP_CHECKSUM_ON_COPY
1321:Middlewares/Third_Party/LwIP/src/core/pbuf.c **** /**
1322:Middlewares/Third_Party/LwIP/src/core/pbuf.c ****  * Copies data into a single pbuf (*not* into a pbuf queue!) and updates
1323:Middlewares/Third_Party/LwIP/src/core/pbuf.c ****  * the checksum while copying
1324:Middlewares/Third_Party/LwIP/src/core/pbuf.c ****  *
1325:Middlewares/Third_Party/LwIP/src/core/pbuf.c ****  * @param p the pbuf to copy data into
1326:Middlewares/Third_Party/LwIP/src/core/pbuf.c ****  * @param start_offset offset of p->payload where to copy the data to
1327:Middlewares/Third_Party/LwIP/src/core/pbuf.c ****  * @param dataptr data to copy into the pbuf
1328:Middlewares/Third_Party/LwIP/src/core/pbuf.c ****  * @param len length of data to copy into the pbuf
1329:Middlewares/Third_Party/LwIP/src/core/pbuf.c ****  * @param chksum pointer to the checksum which is updated
1330:Middlewares/Third_Party/LwIP/src/core/pbuf.c ****  * @return ERR_OK if successful, another error if the data does not fit
1331:Middlewares/Third_Party/LwIP/src/core/pbuf.c ****  *         within the (first) pbuf (no pbuf queues!)
1332:Middlewares/Third_Party/LwIP/src/core/pbuf.c ****  */
1333:Middlewares/Third_Party/LwIP/src/core/pbuf.c **** err_t
1334:Middlewares/Third_Party/LwIP/src/core/pbuf.c **** pbuf_fill_chksum(struct pbuf *p, u16_t start_offset, const void *dataptr,
1335:Middlewares/Third_Party/LwIP/src/core/pbuf.c ****                  u16_t len, u16_t *chksum)
1336:Middlewares/Third_Party/LwIP/src/core/pbuf.c **** {
1337:Middlewares/Third_Party/LwIP/src/core/pbuf.c ****   u32_t acc;
1338:Middlewares/Third_Party/LwIP/src/core/pbuf.c ****   u16_t copy_chksum;
1339:Middlewares/Third_Party/LwIP/src/core/pbuf.c ****   char *dst_ptr;
1340:Middlewares/Third_Party/LwIP/src/core/pbuf.c ****   LWIP_ASSERT("p != NULL", p != NULL);
1341:Middlewares/Third_Party/LwIP/src/core/pbuf.c ****   LWIP_ASSERT("dataptr != NULL", dataptr != NULL);
1342:Middlewares/Third_Party/LwIP/src/core/pbuf.c ****   LWIP_ASSERT("chksum != NULL", chksum != NULL);
1343:Middlewares/Third_Party/LwIP/src/core/pbuf.c ****   LWIP_ASSERT("len != 0", len != 0);
1344:Middlewares/Third_Party/LwIP/src/core/pbuf.c **** 
1345:Middlewares/Third_Party/LwIP/src/core/pbuf.c ****   if ((start_offset >= p->len) || (start_offset + len > p->len)) {
1346:Middlewares/Third_Party/LwIP/src/core/pbuf.c ****     return ERR_ARG;
ARM GAS  /tmp/ccCCDAAl.s 			page 101


1347:Middlewares/Third_Party/LwIP/src/core/pbuf.c ****   }
1348:Middlewares/Third_Party/LwIP/src/core/pbuf.c **** 
1349:Middlewares/Third_Party/LwIP/src/core/pbuf.c ****   dst_ptr = ((char *)p->payload) + start_offset;
1350:Middlewares/Third_Party/LwIP/src/core/pbuf.c ****   copy_chksum = LWIP_CHKSUM_COPY(dst_ptr, dataptr, len);
1351:Middlewares/Third_Party/LwIP/src/core/pbuf.c ****   if ((start_offset & 1) != 0) {
1352:Middlewares/Third_Party/LwIP/src/core/pbuf.c ****     copy_chksum = SWAP_BYTES_IN_WORD(copy_chksum);
1353:Middlewares/Third_Party/LwIP/src/core/pbuf.c ****   }
1354:Middlewares/Third_Party/LwIP/src/core/pbuf.c ****   acc = *chksum;
1355:Middlewares/Third_Party/LwIP/src/core/pbuf.c ****   acc += copy_chksum;
1356:Middlewares/Third_Party/LwIP/src/core/pbuf.c ****   *chksum = FOLD_U32T(acc);
1357:Middlewares/Third_Party/LwIP/src/core/pbuf.c ****   return ERR_OK;
1358:Middlewares/Third_Party/LwIP/src/core/pbuf.c **** }
1359:Middlewares/Third_Party/LwIP/src/core/pbuf.c **** #endif /* LWIP_CHECKSUM_ON_COPY */
1360:Middlewares/Third_Party/LwIP/src/core/pbuf.c **** 
1361:Middlewares/Third_Party/LwIP/src/core/pbuf.c **** /**
1362:Middlewares/Third_Party/LwIP/src/core/pbuf.c ****  * @ingroup pbuf
1363:Middlewares/Third_Party/LwIP/src/core/pbuf.c ****  * Get one byte from the specified position in a pbuf
1364:Middlewares/Third_Party/LwIP/src/core/pbuf.c ****  * WARNING: returns zero for offset >= p->tot_len
1365:Middlewares/Third_Party/LwIP/src/core/pbuf.c ****  *
1366:Middlewares/Third_Party/LwIP/src/core/pbuf.c ****  * @param p pbuf to parse
1367:Middlewares/Third_Party/LwIP/src/core/pbuf.c ****  * @param offset offset into p of the byte to return
1368:Middlewares/Third_Party/LwIP/src/core/pbuf.c ****  * @return byte at an offset into p OR ZERO IF 'offset' >= p->tot_len
1369:Middlewares/Third_Party/LwIP/src/core/pbuf.c ****  */
1370:Middlewares/Third_Party/LwIP/src/core/pbuf.c **** u8_t
1371:Middlewares/Third_Party/LwIP/src/core/pbuf.c **** pbuf_get_at(const struct pbuf *p, u16_t offset)
1372:Middlewares/Third_Party/LwIP/src/core/pbuf.c **** {
1373:Middlewares/Third_Party/LwIP/src/core/pbuf.c ****   int ret = pbuf_try_get_at(p, offset);
1374:Middlewares/Third_Party/LwIP/src/core/pbuf.c ****   if (ret >= 0) {
1375:Middlewares/Third_Party/LwIP/src/core/pbuf.c ****     return (u8_t)ret;
1376:Middlewares/Third_Party/LwIP/src/core/pbuf.c ****   }
1377:Middlewares/Third_Party/LwIP/src/core/pbuf.c ****   return 0;
1378:Middlewares/Third_Party/LwIP/src/core/pbuf.c **** }
1379:Middlewares/Third_Party/LwIP/src/core/pbuf.c **** 
1380:Middlewares/Third_Party/LwIP/src/core/pbuf.c **** /**
1381:Middlewares/Third_Party/LwIP/src/core/pbuf.c ****  * @ingroup pbuf
1382:Middlewares/Third_Party/LwIP/src/core/pbuf.c ****  * Get one byte from the specified position in a pbuf
1383:Middlewares/Third_Party/LwIP/src/core/pbuf.c ****  *
1384:Middlewares/Third_Party/LwIP/src/core/pbuf.c ****  * @param p pbuf to parse
1385:Middlewares/Third_Party/LwIP/src/core/pbuf.c ****  * @param offset offset into p of the byte to return
1386:Middlewares/Third_Party/LwIP/src/core/pbuf.c ****  * @return byte at an offset into p [0..0xFF] OR negative if 'offset' >= p->tot_len
1387:Middlewares/Third_Party/LwIP/src/core/pbuf.c ****  */
1388:Middlewares/Third_Party/LwIP/src/core/pbuf.c **** int
1389:Middlewares/Third_Party/LwIP/src/core/pbuf.c **** pbuf_try_get_at(const struct pbuf *p, u16_t offset)
1390:Middlewares/Third_Party/LwIP/src/core/pbuf.c **** {
 3393              		.loc 1 1390 1 is_stmt 1 view -0
 3394              		.cfi_startproc
 3395              		@ args = 0, pretend = 0, frame = 8
 3396              		@ frame_needed = 0, uses_anonymous_args = 0
 3397              		.loc 1 1390 1 is_stmt 0 view .LVU1005
 3398 0000 00B5     		push	{lr}
 3399              	.LCFI43:
 3400              		.cfi_def_cfa_offset 4
 3401              		.cfi_offset 14, -4
 3402 0002 83B0     		sub	sp, sp, #12
 3403              	.LCFI44:
 3404              		.cfi_def_cfa_offset 16
1391:Middlewares/Third_Party/LwIP/src/core/pbuf.c ****   u16_t q_idx;
ARM GAS  /tmp/ccCCDAAl.s 			page 102


 3405              		.loc 1 1391 3 is_stmt 1 view .LVU1006
1392:Middlewares/Third_Party/LwIP/src/core/pbuf.c ****   const struct pbuf *q = pbuf_skip_const(p, offset, &q_idx);
 3406              		.loc 1 1392 3 view .LVU1007
 3407              		.loc 1 1392 26 is_stmt 0 view .LVU1008
 3408 0004 0DF10602 		add	r2, sp, #6
 3409 0008 FFF7FEFF 		bl	pbuf_skip_const
 3410              	.LVL350:
1393:Middlewares/Third_Party/LwIP/src/core/pbuf.c **** 
1394:Middlewares/Third_Party/LwIP/src/core/pbuf.c ****   /* return requested data if pbuf is OK */
1395:Middlewares/Third_Party/LwIP/src/core/pbuf.c ****   if ((q != NULL) && (q->len > q_idx)) {
 3411              		.loc 1 1395 3 is_stmt 1 view .LVU1009
 3412              		.loc 1 1395 6 is_stmt 0 view .LVU1010
 3413 000c 48B1     		cbz	r0, .L259
 3414              		.loc 1 1395 24 discriminator 1 view .LVU1011
 3415 000e 4189     		ldrh	r1, [r0, #10]
 3416              		.loc 1 1395 30 discriminator 1 view .LVU1012
 3417 0010 BDF80620 		ldrh	r2, [sp, #6]
 3418              		.loc 1 1395 19 discriminator 1 view .LVU1013
 3419 0014 9142     		cmp	r1, r2
 3420 0016 07D9     		bls	.L260
1396:Middlewares/Third_Party/LwIP/src/core/pbuf.c ****     return ((u8_t *)q->payload)[q_idx];
 3421              		.loc 1 1396 5 is_stmt 1 view .LVU1014
 3422              		.loc 1 1396 22 is_stmt 0 view .LVU1015
 3423 0018 4368     		ldr	r3, [r0, #4]
 3424              		.loc 1 1396 32 view .LVU1016
 3425 001a 985C     		ldrb	r0, [r3, r2]	@ zero_extendqisi2
 3426              	.LVL351:
 3427              	.L257:
1397:Middlewares/Third_Party/LwIP/src/core/pbuf.c ****   }
1398:Middlewares/Third_Party/LwIP/src/core/pbuf.c ****   return -1;
1399:Middlewares/Third_Party/LwIP/src/core/pbuf.c **** }
 3428              		.loc 1 1399 1 view .LVU1017
 3429 001c 03B0     		add	sp, sp, #12
 3430              	.LCFI45:
 3431              		.cfi_remember_state
 3432              		.cfi_def_cfa_offset 4
 3433              		@ sp needed
 3434 001e 5DF804FB 		ldr	pc, [sp], #4
 3435              	.LVL352:
 3436              	.L259:
 3437              	.LCFI46:
 3438              		.cfi_restore_state
1398:Middlewares/Third_Party/LwIP/src/core/pbuf.c **** }
 3439              		.loc 1 1398 10 view .LVU1018
 3440 0022 4FF0FF30 		mov	r0, #-1
 3441              	.LVL353:
1398:Middlewares/Third_Party/LwIP/src/core/pbuf.c **** }
 3442              		.loc 1 1398 10 view .LVU1019
 3443 0026 F9E7     		b	.L257
 3444              	.LVL354:
 3445              	.L260:
1398:Middlewares/Third_Party/LwIP/src/core/pbuf.c **** }
 3446              		.loc 1 1398 10 view .LVU1020
 3447 0028 4FF0FF30 		mov	r0, #-1
 3448              	.LVL355:
1398:Middlewares/Third_Party/LwIP/src/core/pbuf.c **** }
 3449              		.loc 1 1398 10 view .LVU1021
ARM GAS  /tmp/ccCCDAAl.s 			page 103


 3450 002c F6E7     		b	.L257
 3451              		.cfi_endproc
 3452              	.LFE188:
 3454              		.section	.text.pbuf_get_at,"ax",%progbits
 3455              		.align	1
 3456              		.global	pbuf_get_at
 3457              		.syntax unified
 3458              		.thumb
 3459              		.thumb_func
 3460              		.fpu fpv4-sp-d16
 3462              	pbuf_get_at:
 3463              	.LVL356:
 3464              	.LFB187:
1372:Middlewares/Third_Party/LwIP/src/core/pbuf.c ****   int ret = pbuf_try_get_at(p, offset);
 3465              		.loc 1 1372 1 is_stmt 1 view -0
 3466              		.cfi_startproc
 3467              		@ args = 0, pretend = 0, frame = 0
 3468              		@ frame_needed = 0, uses_anonymous_args = 0
1372:Middlewares/Third_Party/LwIP/src/core/pbuf.c ****   int ret = pbuf_try_get_at(p, offset);
 3469              		.loc 1 1372 1 is_stmt 0 view .LVU1023
 3470 0000 08B5     		push	{r3, lr}
 3471              	.LCFI47:
 3472              		.cfi_def_cfa_offset 8
 3473              		.cfi_offset 3, -8
 3474              		.cfi_offset 14, -4
1373:Middlewares/Third_Party/LwIP/src/core/pbuf.c ****   if (ret >= 0) {
 3475              		.loc 1 1373 3 is_stmt 1 view .LVU1024
1373:Middlewares/Third_Party/LwIP/src/core/pbuf.c ****   if (ret >= 0) {
 3476              		.loc 1 1373 13 is_stmt 0 view .LVU1025
 3477 0002 FFF7FEFF 		bl	pbuf_try_get_at
 3478              	.LVL357:
1374:Middlewares/Third_Party/LwIP/src/core/pbuf.c ****     return (u8_t)ret;
 3479              		.loc 1 1374 3 is_stmt 1 view .LVU1026
1374:Middlewares/Third_Party/LwIP/src/core/pbuf.c ****     return (u8_t)ret;
 3480              		.loc 1 1374 6 is_stmt 0 view .LVU1027
 3481 0006 0028     		cmp	r0, #0
1374:Middlewares/Third_Party/LwIP/src/core/pbuf.c ****     return (u8_t)ret;
 3482              		.loc 1 1374 6 view .LVU1028
 3483 0008 01DA     		bge	.L266
1377:Middlewares/Third_Party/LwIP/src/core/pbuf.c **** }
 3484              		.loc 1 1377 10 view .LVU1029
 3485 000a 0020     		movs	r0, #0
 3486              	.LVL358:
 3487              	.L263:
1378:Middlewares/Third_Party/LwIP/src/core/pbuf.c **** 
 3488              		.loc 1 1378 1 view .LVU1030
 3489 000c 08BD     		pop	{r3, pc}
 3490              	.LVL359:
 3491              	.L266:
1375:Middlewares/Third_Party/LwIP/src/core/pbuf.c ****   }
 3492              		.loc 1 1375 5 is_stmt 1 view .LVU1031
1375:Middlewares/Third_Party/LwIP/src/core/pbuf.c ****   }
 3493              		.loc 1 1375 12 is_stmt 0 view .LVU1032
 3494 000e C0B2     		uxtb	r0, r0
 3495              	.LVL360:
1375:Middlewares/Third_Party/LwIP/src/core/pbuf.c ****   }
 3496              		.loc 1 1375 12 view .LVU1033
ARM GAS  /tmp/ccCCDAAl.s 			page 104


 3497 0010 FCE7     		b	.L263
 3498              		.cfi_endproc
 3499              	.LFE187:
 3501              		.section	.text.pbuf_put_at,"ax",%progbits
 3502              		.align	1
 3503              		.global	pbuf_put_at
 3504              		.syntax unified
 3505              		.thumb
 3506              		.thumb_func
 3507              		.fpu fpv4-sp-d16
 3509              	pbuf_put_at:
 3510              	.LVL361:
 3511              	.LFB189:
1400:Middlewares/Third_Party/LwIP/src/core/pbuf.c **** 
1401:Middlewares/Third_Party/LwIP/src/core/pbuf.c **** /**
1402:Middlewares/Third_Party/LwIP/src/core/pbuf.c ****  * @ingroup pbuf
1403:Middlewares/Third_Party/LwIP/src/core/pbuf.c ****  * Put one byte to the specified position in a pbuf
1404:Middlewares/Third_Party/LwIP/src/core/pbuf.c ****  * WARNING: silently ignores offset >= p->tot_len
1405:Middlewares/Third_Party/LwIP/src/core/pbuf.c ****  *
1406:Middlewares/Third_Party/LwIP/src/core/pbuf.c ****  * @param p pbuf to fill
1407:Middlewares/Third_Party/LwIP/src/core/pbuf.c ****  * @param offset offset into p of the byte to write
1408:Middlewares/Third_Party/LwIP/src/core/pbuf.c ****  * @param data byte to write at an offset into p
1409:Middlewares/Third_Party/LwIP/src/core/pbuf.c ****  */
1410:Middlewares/Third_Party/LwIP/src/core/pbuf.c **** void
1411:Middlewares/Third_Party/LwIP/src/core/pbuf.c **** pbuf_put_at(struct pbuf *p, u16_t offset, u8_t data)
1412:Middlewares/Third_Party/LwIP/src/core/pbuf.c **** {
 3512              		.loc 1 1412 1 is_stmt 1 view -0
 3513              		.cfi_startproc
 3514              		@ args = 0, pretend = 0, frame = 8
 3515              		@ frame_needed = 0, uses_anonymous_args = 0
 3516              		.loc 1 1412 1 is_stmt 0 view .LVU1035
 3517 0000 10B5     		push	{r4, lr}
 3518              	.LCFI48:
 3519              		.cfi_def_cfa_offset 8
 3520              		.cfi_offset 4, -8
 3521              		.cfi_offset 14, -4
 3522 0002 82B0     		sub	sp, sp, #8
 3523              	.LCFI49:
 3524              		.cfi_def_cfa_offset 16
 3525 0004 1446     		mov	r4, r2
1413:Middlewares/Third_Party/LwIP/src/core/pbuf.c ****   u16_t q_idx;
 3526              		.loc 1 1413 3 is_stmt 1 view .LVU1036
1414:Middlewares/Third_Party/LwIP/src/core/pbuf.c ****   struct pbuf *q = pbuf_skip(p, offset, &q_idx);
 3527              		.loc 1 1414 3 view .LVU1037
 3528              		.loc 1 1414 20 is_stmt 0 view .LVU1038
 3529 0006 0DF10602 		add	r2, sp, #6
 3530              	.LVL362:
 3531              		.loc 1 1414 20 view .LVU1039
 3532 000a FFF7FEFF 		bl	pbuf_skip
 3533              	.LVL363:
1415:Middlewares/Third_Party/LwIP/src/core/pbuf.c **** 
1416:Middlewares/Third_Party/LwIP/src/core/pbuf.c ****   /* write requested data if pbuf is OK */
1417:Middlewares/Third_Party/LwIP/src/core/pbuf.c ****   if ((q != NULL) && (q->len > q_idx)) {
 3534              		.loc 1 1417 3 is_stmt 1 view .LVU1040
 3535              		.loc 1 1417 6 is_stmt 0 view .LVU1041
 3536 000e 30B1     		cbz	r0, .L267
 3537              		.loc 1 1417 24 discriminator 1 view .LVU1042
ARM GAS  /tmp/ccCCDAAl.s 			page 105


 3538 0010 4189     		ldrh	r1, [r0, #10]
 3539              		.loc 1 1417 30 discriminator 1 view .LVU1043
 3540 0012 BDF80620 		ldrh	r2, [sp, #6]
 3541              		.loc 1 1417 19 discriminator 1 view .LVU1044
 3542 0016 9142     		cmp	r1, r2
 3543 0018 01D9     		bls	.L267
1418:Middlewares/Third_Party/LwIP/src/core/pbuf.c ****     ((u8_t *)q->payload)[q_idx] = data;
 3544              		.loc 1 1418 5 is_stmt 1 view .LVU1045
 3545              		.loc 1 1418 15 is_stmt 0 view .LVU1046
 3546 001a 4368     		ldr	r3, [r0, #4]
 3547              		.loc 1 1418 33 view .LVU1047
 3548 001c 9C54     		strb	r4, [r3, r2]
 3549              	.L267:
1419:Middlewares/Third_Party/LwIP/src/core/pbuf.c ****   }
1420:Middlewares/Third_Party/LwIP/src/core/pbuf.c **** }
 3550              		.loc 1 1420 1 view .LVU1048
 3551 001e 02B0     		add	sp, sp, #8
 3552              	.LCFI50:
 3553              		.cfi_def_cfa_offset 8
 3554              		@ sp needed
 3555 0020 10BD     		pop	{r4, pc}
 3556              		.cfi_endproc
 3557              	.LFE189:
 3559              		.section	.text.pbuf_memcmp,"ax",%progbits
 3560              		.align	1
 3561              		.global	pbuf_memcmp
 3562              		.syntax unified
 3563              		.thumb
 3564              		.thumb_func
 3565              		.fpu fpv4-sp-d16
 3567              	pbuf_memcmp:
 3568              	.LVL364:
 3569              	.LFB190:
1421:Middlewares/Third_Party/LwIP/src/core/pbuf.c **** 
1422:Middlewares/Third_Party/LwIP/src/core/pbuf.c **** /**
1423:Middlewares/Third_Party/LwIP/src/core/pbuf.c ****  * @ingroup pbuf
1424:Middlewares/Third_Party/LwIP/src/core/pbuf.c ****  * Compare pbuf contents at specified offset with memory s2, both of length n
1425:Middlewares/Third_Party/LwIP/src/core/pbuf.c ****  *
1426:Middlewares/Third_Party/LwIP/src/core/pbuf.c ****  * @param p pbuf to compare
1427:Middlewares/Third_Party/LwIP/src/core/pbuf.c ****  * @param offset offset into p at which to start comparing
1428:Middlewares/Third_Party/LwIP/src/core/pbuf.c ****  * @param s2 buffer to compare
1429:Middlewares/Third_Party/LwIP/src/core/pbuf.c ****  * @param n length of buffer to compare
1430:Middlewares/Third_Party/LwIP/src/core/pbuf.c ****  * @return zero if equal, nonzero otherwise
1431:Middlewares/Third_Party/LwIP/src/core/pbuf.c ****  *         (0xffff if p is too short, diffoffset+1 otherwise)
1432:Middlewares/Third_Party/LwIP/src/core/pbuf.c ****  */
1433:Middlewares/Third_Party/LwIP/src/core/pbuf.c **** u16_t
1434:Middlewares/Third_Party/LwIP/src/core/pbuf.c **** pbuf_memcmp(const struct pbuf *p, u16_t offset, const void *s2, u16_t n)
1435:Middlewares/Third_Party/LwIP/src/core/pbuf.c **** {
 3570              		.loc 1 1435 1 is_stmt 1 view -0
 3571              		.cfi_startproc
 3572              		@ args = 0, pretend = 0, frame = 0
 3573              		@ frame_needed = 0, uses_anonymous_args = 0
 3574              		.loc 1 1435 1 is_stmt 0 view .LVU1050
 3575 0000 2DE9F041 		push	{r4, r5, r6, r7, r8, lr}
 3576              	.LCFI51:
 3577              		.cfi_def_cfa_offset 24
 3578              		.cfi_offset 4, -24
ARM GAS  /tmp/ccCCDAAl.s 			page 106


 3579              		.cfi_offset 5, -20
 3580              		.cfi_offset 6, -16
 3581              		.cfi_offset 7, -12
 3582              		.cfi_offset 8, -8
 3583              		.cfi_offset 14, -4
 3584 0004 0546     		mov	r5, r0
 3585 0006 0E46     		mov	r6, r1
 3586 0008 9046     		mov	r8, r2
 3587 000a 1F46     		mov	r7, r3
1436:Middlewares/Third_Party/LwIP/src/core/pbuf.c ****   u16_t start = offset;
 3588              		.loc 1 1436 3 is_stmt 1 view .LVU1051
 3589              	.LVL365:
1437:Middlewares/Third_Party/LwIP/src/core/pbuf.c ****   const struct pbuf *q = p;
 3590              		.loc 1 1437 3 view .LVU1052
1438:Middlewares/Third_Party/LwIP/src/core/pbuf.c ****   u16_t i;
 3591              		.loc 1 1438 3 view .LVU1053
1439:Middlewares/Third_Party/LwIP/src/core/pbuf.c **** 
1440:Middlewares/Third_Party/LwIP/src/core/pbuf.c ****   /* pbuf long enough to perform check? */
1441:Middlewares/Third_Party/LwIP/src/core/pbuf.c ****   if (p->tot_len < (offset + n)) {
 3592              		.loc 1 1441 3 view .LVU1054
 3593              		.loc 1 1441 8 is_stmt 0 view .LVU1055
 3594 000c 0289     		ldrh	r2, [r0, #8]
 3595              	.LVL366:
 3596              		.loc 1 1441 28 view .LVU1056
 3597 000e CB18     		adds	r3, r1, r3
 3598              	.LVL367:
 3599              		.loc 1 1441 6 view .LVU1057
 3600 0010 9A42     		cmp	r2, r3
 3601 0012 23DB     		blt	.L281
 3602              	.LVL368:
 3603              	.L272:
1442:Middlewares/Third_Party/LwIP/src/core/pbuf.c ****     return 0xffff;
1443:Middlewares/Third_Party/LwIP/src/core/pbuf.c ****   }
1444:Middlewares/Third_Party/LwIP/src/core/pbuf.c **** 
1445:Middlewares/Third_Party/LwIP/src/core/pbuf.c ****   /* get the correct pbuf from chain. We know it succeeds because of p->tot_len check above. */
1446:Middlewares/Third_Party/LwIP/src/core/pbuf.c ****   while ((q != NULL) && (q->len <= start)) {
 3604              		.loc 1 1446 9 is_stmt 1 view .LVU1058
 3605 0014 85B1     		cbz	r5, .L279
 3606              		.loc 1 1446 27 is_stmt 0 discriminator 1 view .LVU1059
 3607 0016 6889     		ldrh	r0, [r5, #10]
 3608              		.loc 1 1446 22 discriminator 1 view .LVU1060
 3609 0018 B042     		cmp	r0, r6
 3610 001a 03D8     		bhi	.L282
1447:Middlewares/Third_Party/LwIP/src/core/pbuf.c ****     start = (u16_t)(start - q->len);
 3611              		.loc 1 1447 5 is_stmt 1 view .LVU1061
 3612              		.loc 1 1447 11 is_stmt 0 view .LVU1062
 3613 001c 301A     		subs	r0, r6, r0
 3614 001e 86B2     		uxth	r6, r0
 3615              	.LVL369:
1448:Middlewares/Third_Party/LwIP/src/core/pbuf.c ****     q = q->next;
 3616              		.loc 1 1448 5 is_stmt 1 view .LVU1063
 3617              		.loc 1 1448 7 is_stmt 0 view .LVU1064
 3618 0020 2D68     		ldr	r5, [r5]
 3619              	.LVL370:
 3620              		.loc 1 1448 7 view .LVU1065
 3621 0022 F7E7     		b	.L272
 3622              	.L282:
ARM GAS  /tmp/ccCCDAAl.s 			page 107


 3623              		.loc 1 1448 7 view .LVU1066
 3624 0024 0024     		movs	r4, #0
 3625 0026 08E0     		b	.L276
 3626              	.LVL371:
 3627              	.L284:
 3628              	.LBB15:
1449:Middlewares/Third_Party/LwIP/src/core/pbuf.c ****   }
1450:Middlewares/Third_Party/LwIP/src/core/pbuf.c **** 
1451:Middlewares/Third_Party/LwIP/src/core/pbuf.c ****   /* return requested data if pbuf is OK */
1452:Middlewares/Third_Party/LwIP/src/core/pbuf.c ****   for (i = 0; i < n; i++) {
1453:Middlewares/Third_Party/LwIP/src/core/pbuf.c ****     /* We know pbuf_get_at() succeeds because of p->tot_len check above. */
1454:Middlewares/Third_Party/LwIP/src/core/pbuf.c ****     u8_t a = pbuf_get_at(q, (u16_t)(start + i));
1455:Middlewares/Third_Party/LwIP/src/core/pbuf.c ****     u8_t b = ((const u8_t *)s2)[i];
1456:Middlewares/Third_Party/LwIP/src/core/pbuf.c ****     if (a != b) {
1457:Middlewares/Third_Party/LwIP/src/core/pbuf.c ****       return (u16_t)LWIP_MIN(i + 1, 0xFFFF);
 3629              		.loc 1 1457 7 is_stmt 1 view .LVU1067
 3630              		.loc 1 1457 14 is_stmt 0 view .LVU1068
 3631 0028 4FF6FE70 		movw	r0, #65534
 3632              	.LVL372:
 3633              		.loc 1 1457 14 view .LVU1069
 3634 002c 8442     		cmp	r4, r0
 3635 002e 28BF     		it	cs
 3636 0030 0446     		movcs	r4, r0
 3637              	.LVL373:
 3638              		.loc 1 1457 14 view .LVU1070
 3639 0032 601C     		adds	r0, r4, #1
 3640 0034 80B2     		uxth	r0, r0
 3641 0036 0FE0     		b	.L271
 3642              	.LVL374:
 3643              	.L279:
 3644              		.loc 1 1457 14 view .LVU1071
 3645              	.LBE15:
 3646 0038 0024     		movs	r4, #0
 3647              	.LVL375:
 3648              	.L276:
1452:Middlewares/Third_Party/LwIP/src/core/pbuf.c ****     /* We know pbuf_get_at() succeeds because of p->tot_len check above. */
 3649              		.loc 1 1452 15 is_stmt 1 discriminator 1 view .LVU1072
1452:Middlewares/Third_Party/LwIP/src/core/pbuf.c ****     /* We know pbuf_get_at() succeeds because of p->tot_len check above. */
 3650              		.loc 1 1452 3 is_stmt 0 discriminator 1 view .LVU1073
 3651 003a BC42     		cmp	r4, r7
 3652 003c 0BD2     		bcs	.L283
 3653              	.LBB16:
1454:Middlewares/Third_Party/LwIP/src/core/pbuf.c ****     u8_t b = ((const u8_t *)s2)[i];
 3654              		.loc 1 1454 5 is_stmt 1 view .LVU1074
1454:Middlewares/Third_Party/LwIP/src/core/pbuf.c ****     u8_t b = ((const u8_t *)s2)[i];
 3655              		.loc 1 1454 14 is_stmt 0 view .LVU1075
 3656 003e 3119     		adds	r1, r6, r4
 3657 0040 89B2     		uxth	r1, r1
 3658 0042 2846     		mov	r0, r5
 3659 0044 FFF7FEFF 		bl	pbuf_get_at
 3660              	.LVL376:
1455:Middlewares/Third_Party/LwIP/src/core/pbuf.c ****     if (a != b) {
 3661              		.loc 1 1455 5 is_stmt 1 view .LVU1076
1455:Middlewares/Third_Party/LwIP/src/core/pbuf.c ****     if (a != b) {
 3662              		.loc 1 1455 10 is_stmt 0 view .LVU1077
 3663 0048 18F80410 		ldrb	r1, [r8, r4]	@ zero_extendqisi2
 3664              	.LVL377:
ARM GAS  /tmp/ccCCDAAl.s 			page 108


1456:Middlewares/Third_Party/LwIP/src/core/pbuf.c ****       return (u16_t)LWIP_MIN(i + 1, 0xFFFF);
 3665              		.loc 1 1456 5 is_stmt 1 view .LVU1078
1456:Middlewares/Third_Party/LwIP/src/core/pbuf.c ****       return (u16_t)LWIP_MIN(i + 1, 0xFFFF);
 3666              		.loc 1 1456 8 is_stmt 0 view .LVU1079
 3667 004c 8842     		cmp	r0, r1
 3668 004e EBD1     		bne	.L284
 3669              	.LBE16:
1452:Middlewares/Third_Party/LwIP/src/core/pbuf.c ****     /* We know pbuf_get_at() succeeds because of p->tot_len check above. */
 3670              		.loc 1 1452 22 is_stmt 1 discriminator 2 view .LVU1080
1452:Middlewares/Third_Party/LwIP/src/core/pbuf.c ****     /* We know pbuf_get_at() succeeds because of p->tot_len check above. */
 3671              		.loc 1 1452 23 is_stmt 0 discriminator 2 view .LVU1081
 3672 0050 0134     		adds	r4, r4, #1
 3673              	.LVL378:
1452:Middlewares/Third_Party/LwIP/src/core/pbuf.c ****     /* We know pbuf_get_at() succeeds because of p->tot_len check above. */
 3674              		.loc 1 1452 23 discriminator 2 view .LVU1082
 3675 0052 A4B2     		uxth	r4, r4
 3676              	.LVL379:
1452:Middlewares/Third_Party/LwIP/src/core/pbuf.c ****     /* We know pbuf_get_at() succeeds because of p->tot_len check above. */
 3677              		.loc 1 1452 23 discriminator 2 view .LVU1083
 3678 0054 F1E7     		b	.L276
 3679              	.LVL380:
 3680              	.L283:
1458:Middlewares/Third_Party/LwIP/src/core/pbuf.c ****     }
1459:Middlewares/Third_Party/LwIP/src/core/pbuf.c ****   }
1460:Middlewares/Third_Party/LwIP/src/core/pbuf.c ****   return 0;
 3681              		.loc 1 1460 10 view .LVU1084
 3682 0056 0020     		movs	r0, #0
 3683              	.LVL381:
 3684              	.L271:
1461:Middlewares/Third_Party/LwIP/src/core/pbuf.c **** }
 3685              		.loc 1 1461 1 view .LVU1085
 3686 0058 BDE8F081 		pop	{r4, r5, r6, r7, r8, pc}
 3687              	.LVL382:
 3688              	.L281:
1442:Middlewares/Third_Party/LwIP/src/core/pbuf.c ****   }
 3689              		.loc 1 1442 12 view .LVU1086
 3690 005c 4FF6FF70 		movw	r0, #65535
 3691              	.LVL383:
1442:Middlewares/Third_Party/LwIP/src/core/pbuf.c ****   }
 3692              		.loc 1 1442 12 view .LVU1087
 3693 0060 FAE7     		b	.L271
 3694              		.cfi_endproc
 3695              	.LFE190:
 3697              		.section	.text.pbuf_memfind,"ax",%progbits
 3698              		.align	1
 3699              		.global	pbuf_memfind
 3700              		.syntax unified
 3701              		.thumb
 3702              		.thumb_func
 3703              		.fpu fpv4-sp-d16
 3705              	pbuf_memfind:
 3706              	.LVL384:
 3707              	.LFB191:
1462:Middlewares/Third_Party/LwIP/src/core/pbuf.c **** 
1463:Middlewares/Third_Party/LwIP/src/core/pbuf.c **** /**
1464:Middlewares/Third_Party/LwIP/src/core/pbuf.c ****  * @ingroup pbuf
1465:Middlewares/Third_Party/LwIP/src/core/pbuf.c ****  * Find occurrence of mem (with length mem_len) in pbuf p, starting at offset
ARM GAS  /tmp/ccCCDAAl.s 			page 109


1466:Middlewares/Third_Party/LwIP/src/core/pbuf.c ****  * start_offset.
1467:Middlewares/Third_Party/LwIP/src/core/pbuf.c ****  *
1468:Middlewares/Third_Party/LwIP/src/core/pbuf.c ****  * @param p pbuf to search, maximum length is 0xFFFE since 0xFFFF is used as
1469:Middlewares/Third_Party/LwIP/src/core/pbuf.c ****  *        return value 'not found'
1470:Middlewares/Third_Party/LwIP/src/core/pbuf.c ****  * @param mem search for the contents of this buffer
1471:Middlewares/Third_Party/LwIP/src/core/pbuf.c ****  * @param mem_len length of 'mem'
1472:Middlewares/Third_Party/LwIP/src/core/pbuf.c ****  * @param start_offset offset into p at which to start searching
1473:Middlewares/Third_Party/LwIP/src/core/pbuf.c ****  * @return 0xFFFF if substr was not found in p or the index where it was found
1474:Middlewares/Third_Party/LwIP/src/core/pbuf.c ****  */
1475:Middlewares/Third_Party/LwIP/src/core/pbuf.c **** u16_t
1476:Middlewares/Third_Party/LwIP/src/core/pbuf.c **** pbuf_memfind(const struct pbuf *p, const void *mem, u16_t mem_len, u16_t start_offset)
1477:Middlewares/Third_Party/LwIP/src/core/pbuf.c **** {
 3708              		.loc 1 1477 1 is_stmt 1 view -0
 3709              		.cfi_startproc
 3710              		@ args = 0, pretend = 0, frame = 0
 3711              		@ frame_needed = 0, uses_anonymous_args = 0
 3712              		.loc 1 1477 1 is_stmt 0 view .LVU1089
 3713 0000 2DE9F041 		push	{r4, r5, r6, r7, r8, lr}
 3714              	.LCFI52:
 3715              		.cfi_def_cfa_offset 24
 3716              		.cfi_offset 4, -24
 3717              		.cfi_offset 5, -20
 3718              		.cfi_offset 6, -16
 3719              		.cfi_offset 7, -12
 3720              		.cfi_offset 8, -8
 3721              		.cfi_offset 14, -4
 3722 0004 0646     		mov	r6, r0
 3723 0006 8846     		mov	r8, r1
 3724 0008 1546     		mov	r5, r2
 3725 000a 1C46     		mov	r4, r3
1478:Middlewares/Third_Party/LwIP/src/core/pbuf.c ****   u16_t i;
 3726              		.loc 1 1478 3 is_stmt 1 view .LVU1090
1479:Middlewares/Third_Party/LwIP/src/core/pbuf.c ****   u16_t max_cmp_start = (u16_t)(p->tot_len - mem_len);
 3727              		.loc 1 1479 3 view .LVU1091
 3728              		.loc 1 1479 34 is_stmt 0 view .LVU1092
 3729 000c 0389     		ldrh	r3, [r0, #8]
 3730              	.LVL385:
 3731              		.loc 1 1479 9 view .LVU1093
 3732 000e 9F1A     		subs	r7, r3, r2
 3733 0010 BFB2     		uxth	r7, r7
 3734              	.LVL386:
1480:Middlewares/Third_Party/LwIP/src/core/pbuf.c ****   if (p->tot_len >= mem_len + start_offset) {
 3735              		.loc 1 1480 3 is_stmt 1 view .LVU1094
 3736              		.loc 1 1480 29 is_stmt 0 view .LVU1095
 3737 0012 2244     		add	r2, r2, r4
 3738              	.LVL387:
 3739              		.loc 1 1480 6 view .LVU1096
 3740 0014 9342     		cmp	r3, r2
 3741 0016 0BDB     		blt	.L291
 3742              	.LVL388:
 3743              	.L286:
1481:Middlewares/Third_Party/LwIP/src/core/pbuf.c ****     for (i = start_offset; i <= max_cmp_start; i++) {
 3744              		.loc 1 1481 28 is_stmt 1 discriminator 1 view .LVU1097
 3745              		.loc 1 1481 5 is_stmt 0 discriminator 1 view .LVU1098
 3746 0018 BC42     		cmp	r4, r7
 3747 001a 0DD8     		bhi	.L292
 3748              	.LBB17:
ARM GAS  /tmp/ccCCDAAl.s 			page 110


1482:Middlewares/Third_Party/LwIP/src/core/pbuf.c ****       u16_t plus = pbuf_memcmp(p, i, mem, mem_len);
 3749              		.loc 1 1482 7 is_stmt 1 view .LVU1099
 3750              		.loc 1 1482 20 is_stmt 0 view .LVU1100
 3751 001c 2B46     		mov	r3, r5
 3752 001e 4246     		mov	r2, r8
 3753 0020 2146     		mov	r1, r4
 3754 0022 3046     		mov	r0, r6
 3755 0024 FFF7FEFF 		bl	pbuf_memcmp
 3756              	.LVL389:
1483:Middlewares/Third_Party/LwIP/src/core/pbuf.c ****       if (plus == 0) {
 3757              		.loc 1 1483 7 is_stmt 1 view .LVU1101
 3758              		.loc 1 1483 10 is_stmt 0 view .LVU1102
 3759 0028 48B1     		cbz	r0, .L289
 3760              	.LBE17:
1481:Middlewares/Third_Party/LwIP/src/core/pbuf.c ****     for (i = start_offset; i <= max_cmp_start; i++) {
 3761              		.loc 1 1481 48 is_stmt 1 discriminator 2 view .LVU1103
1481:Middlewares/Third_Party/LwIP/src/core/pbuf.c ****     for (i = start_offset; i <= max_cmp_start; i++) {
 3762              		.loc 1 1481 49 is_stmt 0 discriminator 2 view .LVU1104
 3763 002a 0134     		adds	r4, r4, #1
 3764              	.LVL390:
1481:Middlewares/Third_Party/LwIP/src/core/pbuf.c ****     for (i = start_offset; i <= max_cmp_start; i++) {
 3765              		.loc 1 1481 49 discriminator 2 view .LVU1105
 3766 002c A4B2     		uxth	r4, r4
 3767              	.LVL391:
1481:Middlewares/Third_Party/LwIP/src/core/pbuf.c ****     for (i = start_offset; i <= max_cmp_start; i++) {
 3768              		.loc 1 1481 49 discriminator 2 view .LVU1106
 3769 002e F3E7     		b	.L286
 3770              	.LVL392:
 3771              	.L291:
1484:Middlewares/Third_Party/LwIP/src/core/pbuf.c ****         return i;
1485:Middlewares/Third_Party/LwIP/src/core/pbuf.c ****       }
1486:Middlewares/Third_Party/LwIP/src/core/pbuf.c ****     }
1487:Middlewares/Third_Party/LwIP/src/core/pbuf.c ****   }
1488:Middlewares/Third_Party/LwIP/src/core/pbuf.c ****   return 0xFFFF;
 3772              		.loc 1 1488 10 view .LVU1107
 3773 0030 4FF6FF70 		movw	r0, #65535
 3774              	.LVL393:
 3775              	.L287:
1489:Middlewares/Third_Party/LwIP/src/core/pbuf.c **** }
 3776              		.loc 1 1489 1 view .LVU1108
 3777 0034 BDE8F081 		pop	{r4, r5, r6, r7, r8, pc}
 3778              	.LVL394:
 3779              	.L292:
1488:Middlewares/Third_Party/LwIP/src/core/pbuf.c **** }
 3780              		.loc 1 1488 10 view .LVU1109
 3781 0038 4FF6FF70 		movw	r0, #65535
 3782 003c FAE7     		b	.L287
 3783              	.LVL395:
 3784              	.L289:
 3785              	.LBB18:
1484:Middlewares/Third_Party/LwIP/src/core/pbuf.c ****         return i;
 3786              		.loc 1 1484 16 view .LVU1110
 3787 003e 2046     		mov	r0, r4
 3788              	.LVL396:
1484:Middlewares/Third_Party/LwIP/src/core/pbuf.c ****         return i;
 3789              		.loc 1 1484 16 view .LVU1111
 3790 0040 F8E7     		b	.L287
ARM GAS  /tmp/ccCCDAAl.s 			page 111


 3791              	.LBE18:
 3792              		.cfi_endproc
 3793              	.LFE191:
 3795              		.section	.text.pbuf_strstr,"ax",%progbits
 3796              		.align	1
 3797              		.global	pbuf_strstr
 3798              		.syntax unified
 3799              		.thumb
 3800              		.thumb_func
 3801              		.fpu fpv4-sp-d16
 3803              	pbuf_strstr:
 3804              	.LVL397:
 3805              	.LFB192:
1490:Middlewares/Third_Party/LwIP/src/core/pbuf.c **** 
1491:Middlewares/Third_Party/LwIP/src/core/pbuf.c **** /**
1492:Middlewares/Third_Party/LwIP/src/core/pbuf.c ****  * Find occurrence of substr with length substr_len in pbuf p, start at offset
1493:Middlewares/Third_Party/LwIP/src/core/pbuf.c ****  * start_offset
1494:Middlewares/Third_Party/LwIP/src/core/pbuf.c ****  * WARNING: in contrast to strstr(), this one does not stop at the first \0 in
1495:Middlewares/Third_Party/LwIP/src/core/pbuf.c ****  * the pbuf/source string!
1496:Middlewares/Third_Party/LwIP/src/core/pbuf.c ****  *
1497:Middlewares/Third_Party/LwIP/src/core/pbuf.c ****  * @param p pbuf to search, maximum length is 0xFFFE since 0xFFFF is used as
1498:Middlewares/Third_Party/LwIP/src/core/pbuf.c ****  *        return value 'not found'
1499:Middlewares/Third_Party/LwIP/src/core/pbuf.c ****  * @param substr string to search for in p, maximum length is 0xFFFE
1500:Middlewares/Third_Party/LwIP/src/core/pbuf.c ****  * @return 0xFFFF if substr was not found in p or the index where it was found
1501:Middlewares/Third_Party/LwIP/src/core/pbuf.c ****  */
1502:Middlewares/Third_Party/LwIP/src/core/pbuf.c **** u16_t
1503:Middlewares/Third_Party/LwIP/src/core/pbuf.c **** pbuf_strstr(const struct pbuf *p, const char *substr)
1504:Middlewares/Third_Party/LwIP/src/core/pbuf.c **** {
 3806              		.loc 1 1504 1 is_stmt 1 view -0
 3807              		.cfi_startproc
 3808              		@ args = 0, pretend = 0, frame = 0
 3809              		@ frame_needed = 0, uses_anonymous_args = 0
1505:Middlewares/Third_Party/LwIP/src/core/pbuf.c ****   size_t substr_len;
 3810              		.loc 1 1505 3 view .LVU1113
1506:Middlewares/Third_Party/LwIP/src/core/pbuf.c ****   if ((substr == NULL) || (substr[0] == 0) || (p->tot_len == 0xFFFF)) {
 3811              		.loc 1 1506 3 view .LVU1114
 3812              		.loc 1 1506 6 is_stmt 0 view .LVU1115
 3813 0000 B9B1     		cbz	r1, .L295
1504:Middlewares/Third_Party/LwIP/src/core/pbuf.c ****   size_t substr_len;
 3814              		.loc 1 1504 1 discriminator 1 view .LVU1116
 3815 0002 38B5     		push	{r3, r4, r5, lr}
 3816              	.LCFI53:
 3817              		.cfi_def_cfa_offset 16
 3818              		.cfi_offset 3, -16
 3819              		.cfi_offset 4, -12
 3820              		.cfi_offset 5, -8
 3821              		.cfi_offset 14, -4
 3822 0004 0446     		mov	r4, r0
 3823 0006 0D46     		mov	r5, r1
 3824              		.loc 1 1506 34 discriminator 1 view .LVU1117
 3825 0008 0B78     		ldrb	r3, [r1]	@ zero_extendqisi2
 3826              		.loc 1 1506 24 discriminator 1 view .LVU1118
 3827 000a ABB1     		cbz	r3, .L296
 3828              		.loc 1 1506 49 discriminator 2 view .LVU1119
 3829 000c 0089     		ldrh	r0, [r0, #8]
 3830              	.LVL398:
 3831              		.loc 1 1506 44 discriminator 2 view .LVU1120
ARM GAS  /tmp/ccCCDAAl.s 			page 112


 3832 000e 4FF6FF73 		movw	r3, #65535
 3833 0012 9842     		cmp	r0, r3
 3834 0014 0CD0     		beq	.L294
1507:Middlewares/Third_Party/LwIP/src/core/pbuf.c ****     return 0xFFFF;
1508:Middlewares/Third_Party/LwIP/src/core/pbuf.c ****   }
1509:Middlewares/Third_Party/LwIP/src/core/pbuf.c ****   substr_len = strlen(substr);
 3835              		.loc 1 1509 3 is_stmt 1 view .LVU1121
 3836              		.loc 1 1509 16 is_stmt 0 view .LVU1122
 3837 0016 0846     		mov	r0, r1
 3838 0018 FFF7FEFF 		bl	strlen
 3839              	.LVL399:
1510:Middlewares/Third_Party/LwIP/src/core/pbuf.c ****   if (substr_len >= 0xFFFF) {
 3840              		.loc 1 1510 3 is_stmt 1 view .LVU1123
 3841              		.loc 1 1510 6 is_stmt 0 view .LVU1124
 3842 001c 4FF6FE73 		movw	r3, #65534
 3843 0020 9842     		cmp	r0, r3
 3844 0022 0CD8     		bhi	.L297
1511:Middlewares/Third_Party/LwIP/src/core/pbuf.c ****     return 0xFFFF;
1512:Middlewares/Third_Party/LwIP/src/core/pbuf.c ****   }
1513:Middlewares/Third_Party/LwIP/src/core/pbuf.c ****   return pbuf_memfind(p, substr, (u16_t)substr_len, 0);
 3845              		.loc 1 1513 3 is_stmt 1 view .LVU1125
 3846              		.loc 1 1513 10 is_stmt 0 view .LVU1126
 3847 0024 0023     		movs	r3, #0
 3848 0026 82B2     		uxth	r2, r0
 3849 0028 2946     		mov	r1, r5
 3850 002a 2046     		mov	r0, r4
 3851              	.LVL400:
 3852              		.loc 1 1513 10 view .LVU1127
 3853 002c FFF7FEFF 		bl	pbuf_memfind
 3854              	.LVL401:
 3855              	.L294:
1514:Middlewares/Third_Party/LwIP/src/core/pbuf.c **** }
 3856              		.loc 1 1514 1 view .LVU1128
 3857 0030 38BD     		pop	{r3, r4, r5, pc}
 3858              	.LVL402:
 3859              	.L295:
 3860              	.LCFI54:
 3861              		.cfi_def_cfa_offset 0
 3862              		.cfi_restore 3
 3863              		.cfi_restore 4
 3864              		.cfi_restore 5
 3865              		.cfi_restore 14
1507:Middlewares/Third_Party/LwIP/src/core/pbuf.c ****   }
 3866              		.loc 1 1507 12 view .LVU1129
 3867 0032 4FF6FF70 		movw	r0, #65535
 3868              	.LVL403:
 3869              		.loc 1 1514 1 view .LVU1130
 3870 0036 7047     		bx	lr
 3871              	.LVL404:
 3872              	.L296:
 3873              	.LCFI55:
 3874              		.cfi_def_cfa_offset 16
 3875              		.cfi_offset 3, -16
 3876              		.cfi_offset 4, -12
 3877              		.cfi_offset 5, -8
 3878              		.cfi_offset 14, -4
1507:Middlewares/Third_Party/LwIP/src/core/pbuf.c ****   }
ARM GAS  /tmp/ccCCDAAl.s 			page 113


 3879              		.loc 1 1507 12 view .LVU1131
 3880 0038 4FF6FF70 		movw	r0, #65535
 3881              	.LVL405:
1507:Middlewares/Third_Party/LwIP/src/core/pbuf.c ****   }
 3882              		.loc 1 1507 12 view .LVU1132
 3883 003c F8E7     		b	.L294
 3884              	.LVL406:
 3885              	.L297:
1511:Middlewares/Third_Party/LwIP/src/core/pbuf.c ****     return 0xFFFF;
 3886              		.loc 1 1511 12 view .LVU1133
 3887 003e 4FF6FF70 		movw	r0, #65535
 3888              	.LVL407:
1511:Middlewares/Third_Party/LwIP/src/core/pbuf.c ****     return 0xFFFF;
 3889              		.loc 1 1511 12 view .LVU1134
 3890 0042 F5E7     		b	.L294
 3891              		.cfi_endproc
 3892              	.LFE192:
 3894              		.text
 3895              	.Letext0:
 3896              		.file 2 "/opt/gcc-arm-none-eabi-9-2020-q2-update/arm-none-eabi/include/machine/_default_types.h"
 3897              		.file 3 "/opt/gcc-arm-none-eabi-9-2020-q2-update/arm-none-eabi/include/sys/_stdint.h"
 3898              		.file 4 "Drivers/CMSIS/Include/core_cm4.h"
 3899              		.file 5 "Drivers/CMSIS/Device/ST/STM32F4xx/Include/system_stm32f4xx.h"
 3900              		.file 6 "/opt/gcc-arm-none-eabi-9-2020-q2-update/lib/gcc/arm-none-eabi/9.3.1/include/stddef.h"
 3901              		.file 7 "Drivers/STM32F4xx_HAL_Driver/Inc/stm32f4xx_hal.h"
 3902              		.file 8 "/opt/gcc-arm-none-eabi-9-2020-q2-update/arm-none-eabi/include/sys/_types.h"
 3903              		.file 9 "/opt/gcc-arm-none-eabi-9-2020-q2-update/arm-none-eabi/include/sys/reent.h"
 3904              		.file 10 "/opt/gcc-arm-none-eabi-9-2020-q2-update/arm-none-eabi/include/sys/lock.h"
 3905              		.file 11 "/opt/gcc-arm-none-eabi-9-2020-q2-update/arm-none-eabi/include/stdlib.h"
 3906              		.file 12 "/opt/gcc-arm-none-eabi-9-2020-q2-update/arm-none-eabi/include/time.h"
 3907              		.file 13 "Middlewares/Third_Party/LwIP/src/include/lwip/arch.h"
 3908              		.file 14 "/opt/gcc-arm-none-eabi-9-2020-q2-update/arm-none-eabi/include/ctype.h"
 3909              		.file 15 "Middlewares/Third_Party/LwIP/src/include/lwip/err.h"
 3910              		.file 16 "Middlewares/Third_Party/LwIP/src/include/lwip/pbuf.h"
 3911              		.file 17 "Middlewares/Third_Party/LwIP/src/include/lwip/mem.h"
 3912              		.file 18 "Middlewares/Third_Party/LwIP/src/include/lwip/memp.h"
 3913              		.file 19 "Middlewares/Third_Party/LwIP/src/include/lwip/priv/memp_priv.h"
 3914              		.file 20 "Middlewares/Third_Party/LwIP/src/include/lwip/ip4_addr.h"
 3915              		.file 21 "Middlewares/Third_Party/LwIP/src/include/lwip/ip_addr.h"
 3916              		.file 22 "Middlewares/Third_Party/LwIP/src/include/lwip/netif.h"
 3917              		.file 23 "/opt/gcc-arm-none-eabi-9-2020-q2-update/arm-none-eabi/include/string.h"
 3918              		.file 24 "/opt/gcc-arm-none-eabi-9-2020-q2-update/arm-none-eabi/include/stdio.h"
 3919              		.file 25 "<built-in>"
ARM GAS  /tmp/ccCCDAAl.s 			page 114


DEFINED SYMBOLS
                            *ABS*:0000000000000000 pbuf.c
     /tmp/ccCCDAAl.s:18     .text.pbuf_init_alloced_pbuf:0000000000000000 $t
     /tmp/ccCCDAAl.s:25     .text.pbuf_init_alloced_pbuf:0000000000000000 pbuf_init_alloced_pbuf
     /tmp/ccCCDAAl.s:81     .text.pbuf_skip_const:0000000000000000 $t
     /tmp/ccCCDAAl.s:87     .text.pbuf_skip_const:0000000000000000 pbuf_skip_const
     /tmp/ccCCDAAl.s:134    .rodata.pbuf_add_header_impl.str1.4:0000000000000000 $d
     /tmp/ccCCDAAl.s:144    .text.pbuf_add_header_impl:0000000000000000 $t
     /tmp/ccCCDAAl.s:150    .text.pbuf_add_header_impl:0000000000000000 pbuf_add_header_impl
     /tmp/ccCCDAAl.s:302    .text.pbuf_add_header_impl:0000000000000070 $d
     /tmp/ccCCDAAl.s:309    .rodata.pbuf_alloc_reference.str1.4:0000000000000000 $d
     /tmp/ccCCDAAl.s:313    .text.pbuf_alloc_reference:0000000000000000 $t
     /tmp/ccCCDAAl.s:320    .text.pbuf_alloc_reference:0000000000000000 pbuf_alloc_reference
     /tmp/ccCCDAAl.s:404    .text.pbuf_alloc_reference:0000000000000044 $d
     /tmp/ccCCDAAl.s:411    .text.pbuf_alloced_custom:0000000000000000 $t
     /tmp/ccCCDAAl.s:418    .text.pbuf_alloced_custom:0000000000000000 pbuf_alloced_custom
     /tmp/ccCCDAAl.s:499    .text.pbuf_add_header:0000000000000000 $t
     /tmp/ccCCDAAl.s:506    .text.pbuf_add_header:0000000000000000 pbuf_add_header
     /tmp/ccCCDAAl.s:530    .text.pbuf_add_header_force:0000000000000000 $t
     /tmp/ccCCDAAl.s:537    .text.pbuf_add_header_force:0000000000000000 pbuf_add_header_force
     /tmp/ccCCDAAl.s:561    .rodata.pbuf_remove_header.str1.4:0000000000000000 $d
     /tmp/ccCCDAAl.s:565    .text.pbuf_remove_header:0000000000000000 $t
     /tmp/ccCCDAAl.s:572    .text.pbuf_remove_header:0000000000000000 pbuf_remove_header
     /tmp/ccCCDAAl.s:700    .text.pbuf_remove_header:000000000000005c $d
     /tmp/ccCCDAAl.s:708    .text.pbuf_header_impl:0000000000000000 $t
     /tmp/ccCCDAAl.s:714    .text.pbuf_header_impl:0000000000000000 pbuf_header_impl
     /tmp/ccCCDAAl.s:753    .text.pbuf_header:0000000000000000 $t
     /tmp/ccCCDAAl.s:760    .text.pbuf_header:0000000000000000 pbuf_header
     /tmp/ccCCDAAl.s:784    .text.pbuf_header_force:0000000000000000 $t
     /tmp/ccCCDAAl.s:791    .text.pbuf_header_force:0000000000000000 pbuf_header_force
     /tmp/ccCCDAAl.s:815    .rodata.pbuf_free.str1.4:0000000000000000 $d
     /tmp/ccCCDAAl.s:825    .text.pbuf_free:0000000000000000 $t
     /tmp/ccCCDAAl.s:832    .text.pbuf_free:0000000000000000 pbuf_free
     /tmp/ccCCDAAl.s:1053   .text.pbuf_free:00000000000000ac $d
     /tmp/ccCCDAAl.s:1064   .rodata.pbuf_alloc.str1.4:0000000000000000 $d
     /tmp/ccCCDAAl.s:1078   .text.pbuf_alloc:0000000000000000 $t
     /tmp/ccCCDAAl.s:1085   .text.pbuf_alloc:0000000000000000 pbuf_alloc
     /tmp/ccCCDAAl.s:1403   .text.pbuf_alloc:0000000000000148 $d
     /tmp/ccCCDAAl.s:1413   .rodata.pbuf_realloc.str1.4:0000000000000000 $d
     /tmp/ccCCDAAl.s:1423   .text.pbuf_realloc:0000000000000000 $t
     /tmp/ccCCDAAl.s:1430   .text.pbuf_realloc:0000000000000000 pbuf_realloc
     /tmp/ccCCDAAl.s:1596   .text.pbuf_realloc:0000000000000094 $d
     /tmp/ccCCDAAl.s:1605   .text.pbuf_free_header:0000000000000000 $t
     /tmp/ccCCDAAl.s:1612   .text.pbuf_free_header:0000000000000000 pbuf_free_header
     /tmp/ccCCDAAl.s:1691   .text.pbuf_clen:0000000000000000 $t
     /tmp/ccCCDAAl.s:1698   .text.pbuf_clen:0000000000000000 pbuf_clen
     /tmp/ccCCDAAl.s:1737   .rodata.pbuf_ref.str1.4:0000000000000000 $d
     /tmp/ccCCDAAl.s:1741   .text.pbuf_ref:0000000000000000 $t
     /tmp/ccCCDAAl.s:1748   .text.pbuf_ref:0000000000000000 pbuf_ref
     /tmp/ccCCDAAl.s:1808   .text.pbuf_ref:0000000000000024 $d
     /tmp/ccCCDAAl.s:1815   .rodata.pbuf_cat.str1.4:0000000000000000 $d
     /tmp/ccCCDAAl.s:1826   .text.pbuf_cat:0000000000000000 $t
     /tmp/ccCCDAAl.s:1833   .text.pbuf_cat:0000000000000000 pbuf_cat
     /tmp/ccCCDAAl.s:1952   .text.pbuf_cat:0000000000000060 $d
     /tmp/ccCCDAAl.s:1961   .text.pbuf_chain:0000000000000000 $t
     /tmp/ccCCDAAl.s:1968   .text.pbuf_chain:0000000000000000 pbuf_chain
     /tmp/ccCCDAAl.s:1999   .rodata.pbuf_dechain.str1.4:0000000000000000 $d
ARM GAS  /tmp/ccCCDAAl.s 			page 115


     /tmp/ccCCDAAl.s:2006   .text.pbuf_dechain:0000000000000000 $t
     /tmp/ccCCDAAl.s:2013   .text.pbuf_dechain:0000000000000000 pbuf_dechain
     /tmp/ccCCDAAl.s:2137   .text.pbuf_dechain:0000000000000064 $d
     /tmp/ccCCDAAl.s:2145   .rodata.pbuf_copy.str1.4:0000000000000000 $d
     /tmp/ccCCDAAl.s:2161   .text.pbuf_copy:0000000000000000 $t
     /tmp/ccCCDAAl.s:2168   .text.pbuf_copy:0000000000000000 pbuf_copy
     /tmp/ccCCDAAl.s:2432   .text.pbuf_copy:0000000000000104 $d
     /tmp/ccCCDAAl.s:2443   .rodata.pbuf_copy_partial.str1.4:0000000000000000 $d
     /tmp/ccCCDAAl.s:2450   .text.pbuf_copy_partial:0000000000000000 $t
     /tmp/ccCCDAAl.s:2457   .text.pbuf_copy_partial:0000000000000000 pbuf_copy_partial
     /tmp/ccCCDAAl.s:2627   .text.pbuf_copy_partial:0000000000000084 $d
     /tmp/ccCCDAAl.s:2635   .rodata.pbuf_get_contiguous.str1.4:0000000000000000 $d
     /tmp/ccCCDAAl.s:2642   .text.pbuf_get_contiguous:0000000000000000 $t
     /tmp/ccCCDAAl.s:2649   .text.pbuf_get_contiguous:0000000000000000 pbuf_get_contiguous
     /tmp/ccCCDAAl.s:2814   .text.pbuf_get_contiguous:0000000000000080 $d
     /tmp/ccCCDAAl.s:2822   .text.pbuf_skip:0000000000000000 $t
     /tmp/ccCCDAAl.s:2829   .text.pbuf_skip:0000000000000000 pbuf_skip
     /tmp/ccCCDAAl.s:2853   .rodata.pbuf_take.str1.4:0000000000000000 $d
     /tmp/ccCCDAAl.s:2869   .text.pbuf_take:0000000000000000 $t
     /tmp/ccCCDAAl.s:2876   .text.pbuf_take:0000000000000000 pbuf_take
     /tmp/ccCCDAAl.s:3063   .text.pbuf_take:00000000000000a4 $d
     /tmp/ccCCDAAl.s:3074   .rodata.pbuf_take_at.str1.4:0000000000000000 $d
     /tmp/ccCCDAAl.s:3078   .text.pbuf_take_at:0000000000000000 $t
     /tmp/ccCCDAAl.s:3085   .text.pbuf_take_at:0000000000000000 pbuf_take_at
     /tmp/ccCCDAAl.s:3235   .text.pbuf_take_at:0000000000000078 $d
     /tmp/ccCCDAAl.s:3242   .rodata.pbuf_clone.str1.4:0000000000000000 $d
     /tmp/ccCCDAAl.s:3246   .text.pbuf_clone:0000000000000000 $t
     /tmp/ccCCDAAl.s:3253   .text.pbuf_clone:0000000000000000 pbuf_clone
     /tmp/ccCCDAAl.s:3315   .text.pbuf_clone:000000000000002c $d
     /tmp/ccCCDAAl.s:3322   .text.pbuf_coalesce:0000000000000000 $t
     /tmp/ccCCDAAl.s:3329   .text.pbuf_coalesce:0000000000000000 pbuf_coalesce
     /tmp/ccCCDAAl.s:3383   .text.pbuf_try_get_at:0000000000000000 $t
     /tmp/ccCCDAAl.s:3390   .text.pbuf_try_get_at:0000000000000000 pbuf_try_get_at
     /tmp/ccCCDAAl.s:3455   .text.pbuf_get_at:0000000000000000 $t
     /tmp/ccCCDAAl.s:3462   .text.pbuf_get_at:0000000000000000 pbuf_get_at
     /tmp/ccCCDAAl.s:3502   .text.pbuf_put_at:0000000000000000 $t
     /tmp/ccCCDAAl.s:3509   .text.pbuf_put_at:0000000000000000 pbuf_put_at
     /tmp/ccCCDAAl.s:3560   .text.pbuf_memcmp:0000000000000000 $t
     /tmp/ccCCDAAl.s:3567   .text.pbuf_memcmp:0000000000000000 pbuf_memcmp
     /tmp/ccCCDAAl.s:3698   .text.pbuf_memfind:0000000000000000 $t
     /tmp/ccCCDAAl.s:3705   .text.pbuf_memfind:0000000000000000 pbuf_memfind
     /tmp/ccCCDAAl.s:3796   .text.pbuf_strstr:0000000000000000 $t
     /tmp/ccCCDAAl.s:3803   .text.pbuf_strstr:0000000000000000 pbuf_strstr

UNDEFINED SYMBOLS
printf
memp_malloc
mem_free
memp_free
mem_malloc
mem_trim
memcpy
strlen
