ARM GAS  C:\msys64\tmp\ccE5VQLR.s 			page 1


   1              		.cpu cortex-m4
   2              		.arch armv7e-m
   3              		.fpu fpv4-sp-d16
   4              		.eabi_attribute 27, 1
   5              		.eabi_attribute 28, 1
   6              		.eabi_attribute 20, 1
   7              		.eabi_attribute 21, 1
   8              		.eabi_attribute 23, 3
   9              		.eabi_attribute 24, 1
  10              		.eabi_attribute 25, 1
  11              		.eabi_attribute 26, 1
  12              		.eabi_attribute 30, 1
  13              		.eabi_attribute 34, 1
  14              		.eabi_attribute 18, 4
  15              		.file	"SEGGER_RTT_printf.c"
  16              		.text
  17              	.Ltext0:
  18              		.cfi_sections	.debug_frame
  19              		.section	.text._StoreChar,"ax",%progbits
  20              		.align	1
  21              		.syntax unified
  22              		.thumb
  23              		.thumb_func
  25              	_StoreChar:
  26              	.LVL0:
  27              	.LFB0:
  28              		.file 1 "ARM_SEGGER_RTT/SEGGER_RTT_printf.c"
   1:ARM_SEGGER_RTT/SEGGER_RTT_printf.c **** /*********************************************************************
   2:ARM_SEGGER_RTT/SEGGER_RTT_printf.c **** *                SEGGER Microcontroller GmbH & Co. KG                *
   3:ARM_SEGGER_RTT/SEGGER_RTT_printf.c **** *                        The Embedded Experts                        *
   4:ARM_SEGGER_RTT/SEGGER_RTT_printf.c **** **********************************************************************
   5:ARM_SEGGER_RTT/SEGGER_RTT_printf.c **** *                                                                    *
   6:ARM_SEGGER_RTT/SEGGER_RTT_printf.c **** *       (c) 2014 - 2017  SEGGER Microcontroller GmbH & Co. KG        *
   7:ARM_SEGGER_RTT/SEGGER_RTT_printf.c **** *                                                                    *
   8:ARM_SEGGER_RTT/SEGGER_RTT_printf.c **** *       www.segger.com     Support: support@segger.com               *
   9:ARM_SEGGER_RTT/SEGGER_RTT_printf.c **** *                                                                    *
  10:ARM_SEGGER_RTT/SEGGER_RTT_printf.c **** **********************************************************************
  11:ARM_SEGGER_RTT/SEGGER_RTT_printf.c **** *                                                                    *
  12:ARM_SEGGER_RTT/SEGGER_RTT_printf.c **** *       SEGGER RTT * Real Time Transfer for embedded targets         *
  13:ARM_SEGGER_RTT/SEGGER_RTT_printf.c **** *                                                                    *
  14:ARM_SEGGER_RTT/SEGGER_RTT_printf.c **** **********************************************************************
  15:ARM_SEGGER_RTT/SEGGER_RTT_printf.c **** *                                                                    *
  16:ARM_SEGGER_RTT/SEGGER_RTT_printf.c **** * All rights reserved.                                               *
  17:ARM_SEGGER_RTT/SEGGER_RTT_printf.c **** *                                                                    *
  18:ARM_SEGGER_RTT/SEGGER_RTT_printf.c **** * SEGGER strongly recommends to not make any changes                 *
  19:ARM_SEGGER_RTT/SEGGER_RTT_printf.c **** * to or modify the source code of this software in order to stay     *
  20:ARM_SEGGER_RTT/SEGGER_RTT_printf.c **** * compatible with the RTT protocol and J-Link.                       *
  21:ARM_SEGGER_RTT/SEGGER_RTT_printf.c **** *                                                                    *
  22:ARM_SEGGER_RTT/SEGGER_RTT_printf.c **** * Redistribution and use in source and binary forms, with or         *
  23:ARM_SEGGER_RTT/SEGGER_RTT_printf.c **** * without modification, are permitted provided that the following    *
  24:ARM_SEGGER_RTT/SEGGER_RTT_printf.c **** * conditions are met:                                                *
  25:ARM_SEGGER_RTT/SEGGER_RTT_printf.c **** *                                                                    *
  26:ARM_SEGGER_RTT/SEGGER_RTT_printf.c **** * o Redistributions of source code must retain the above copyright   *
  27:ARM_SEGGER_RTT/SEGGER_RTT_printf.c **** *   notice, this list of conditions and the following disclaimer.    *
  28:ARM_SEGGER_RTT/SEGGER_RTT_printf.c **** *                                                                    *
  29:ARM_SEGGER_RTT/SEGGER_RTT_printf.c **** * o Redistributions in binary form must reproduce the above          *
  30:ARM_SEGGER_RTT/SEGGER_RTT_printf.c **** *   copyright notice, this list of conditions and the following      *
ARM GAS  C:\msys64\tmp\ccE5VQLR.s 			page 2


  31:ARM_SEGGER_RTT/SEGGER_RTT_printf.c **** *   disclaimer in the documentation and/or other materials provided  *
  32:ARM_SEGGER_RTT/SEGGER_RTT_printf.c **** *   with the distribution.                                           *
  33:ARM_SEGGER_RTT/SEGGER_RTT_printf.c **** *                                                                    *
  34:ARM_SEGGER_RTT/SEGGER_RTT_printf.c **** * o Neither the name of SEGGER Microcontroller GmbH & Co. KG         *
  35:ARM_SEGGER_RTT/SEGGER_RTT_printf.c **** *   nor the names of its contributors may be used to endorse or      *
  36:ARM_SEGGER_RTT/SEGGER_RTT_printf.c **** *   promote products derived from this software without specific     *
  37:ARM_SEGGER_RTT/SEGGER_RTT_printf.c **** *   prior written permission.                                        *
  38:ARM_SEGGER_RTT/SEGGER_RTT_printf.c **** *                                                                    *
  39:ARM_SEGGER_RTT/SEGGER_RTT_printf.c **** * THIS SOFTWARE IS PROVIDED BY THE COPYRIGHT HOLDERS AND             *
  40:ARM_SEGGER_RTT/SEGGER_RTT_printf.c **** * CONTRIBUTORS "AS IS" AND ANY EXPRESS OR IMPLIED WARRANTIES,        *
  41:ARM_SEGGER_RTT/SEGGER_RTT_printf.c **** * INCLUDING, BUT NOT LIMITED TO, THE IMPLIED WARRANTIES OF           *
  42:ARM_SEGGER_RTT/SEGGER_RTT_printf.c **** * MERCHANTABILITY AND FITNESS FOR A PARTICULAR PURPOSE ARE           *
  43:ARM_SEGGER_RTT/SEGGER_RTT_printf.c **** * DISCLAIMED. IN NO EVENT SHALL SEGGER Microcontroller BE LIABLE FOR *
  44:ARM_SEGGER_RTT/SEGGER_RTT_printf.c **** * ANY DIRECT, INDIRECT, INCIDENTAL, SPECIAL, EXEMPLARY, OR           *
  45:ARM_SEGGER_RTT/SEGGER_RTT_printf.c **** * CONSEQUENTIAL DAMAGES (INCLUDING, BUT NOT LIMITED TO, PROCUREMENT  *
  46:ARM_SEGGER_RTT/SEGGER_RTT_printf.c **** * OF SUBSTITUTE GOODS OR SERVICES; LOSS OF USE, DATA, OR PROFITS;    *
  47:ARM_SEGGER_RTT/SEGGER_RTT_printf.c **** * OR BUSINESS INTERRUPTION) HOWEVER CAUSED AND ON ANY THEORY OF      *
  48:ARM_SEGGER_RTT/SEGGER_RTT_printf.c **** * LIABILITY, WHETHER IN CONTRACT, STRICT LIABILITY, OR TORT          *
  49:ARM_SEGGER_RTT/SEGGER_RTT_printf.c **** * (INCLUDING NEGLIGENCE OR OTHERWISE) ARISING IN ANY WAY OUT OF THE  *
  50:ARM_SEGGER_RTT/SEGGER_RTT_printf.c **** * USE OF THIS SOFTWARE, EVEN IF ADVISED OF THE POSSIBILITY OF SUCH   *
  51:ARM_SEGGER_RTT/SEGGER_RTT_printf.c **** * DAMAGE.                                                            *
  52:ARM_SEGGER_RTT/SEGGER_RTT_printf.c **** *                                                                    *
  53:ARM_SEGGER_RTT/SEGGER_RTT_printf.c **** **********************************************************************
  54:ARM_SEGGER_RTT/SEGGER_RTT_printf.c **** *                                                                    *
  55:ARM_SEGGER_RTT/SEGGER_RTT_printf.c **** *       RTT version: 6.14                                           *
  56:ARM_SEGGER_RTT/SEGGER_RTT_printf.c **** *                                                                    *
  57:ARM_SEGGER_RTT/SEGGER_RTT_printf.c **** **********************************************************************
  58:ARM_SEGGER_RTT/SEGGER_RTT_printf.c **** ---------------------------END-OF-HEADER------------------------------
  59:ARM_SEGGER_RTT/SEGGER_RTT_printf.c **** File    : SEGGER_RTT_printf.c
  60:ARM_SEGGER_RTT/SEGGER_RTT_printf.c **** Purpose : Replacement for printf to write formatted data via RTT
  61:ARM_SEGGER_RTT/SEGGER_RTT_printf.c **** Revision: $Rev: 4351 $
  62:ARM_SEGGER_RTT/SEGGER_RTT_printf.c **** ----------------------------------------------------------------------
  63:ARM_SEGGER_RTT/SEGGER_RTT_printf.c **** */
  64:ARM_SEGGER_RTT/SEGGER_RTT_printf.c **** #include "SEGGER_RTT.h"
  65:ARM_SEGGER_RTT/SEGGER_RTT_printf.c **** #include "SEGGER_RTT_Conf.h"
  66:ARM_SEGGER_RTT/SEGGER_RTT_printf.c **** 
  67:ARM_SEGGER_RTT/SEGGER_RTT_printf.c **** /*********************************************************************
  68:ARM_SEGGER_RTT/SEGGER_RTT_printf.c ****  *
  69:ARM_SEGGER_RTT/SEGGER_RTT_printf.c ****  *       Defines, configurable
  70:ARM_SEGGER_RTT/SEGGER_RTT_printf.c ****  *
  71:ARM_SEGGER_RTT/SEGGER_RTT_printf.c ****  **********************************************************************
  72:ARM_SEGGER_RTT/SEGGER_RTT_printf.c ****  */
  73:ARM_SEGGER_RTT/SEGGER_RTT_printf.c **** 
  74:ARM_SEGGER_RTT/SEGGER_RTT_printf.c **** #ifndef SEGGER_RTT_PRINTF_BUFFER_SIZE
  75:ARM_SEGGER_RTT/SEGGER_RTT_printf.c **** #define SEGGER_RTT_PRINTF_BUFFER_SIZE (64)
  76:ARM_SEGGER_RTT/SEGGER_RTT_printf.c **** #endif
  77:ARM_SEGGER_RTT/SEGGER_RTT_printf.c **** 
  78:ARM_SEGGER_RTT/SEGGER_RTT_printf.c **** #include <stdlib.h>
  79:ARM_SEGGER_RTT/SEGGER_RTT_printf.c **** #include <stdarg.h>
  80:ARM_SEGGER_RTT/SEGGER_RTT_printf.c **** 
  81:ARM_SEGGER_RTT/SEGGER_RTT_printf.c **** #define FORMAT_FLAG_LEFT_JUSTIFY (1u << 0)
  82:ARM_SEGGER_RTT/SEGGER_RTT_printf.c **** #define FORMAT_FLAG_PAD_ZERO (1u << 1)
  83:ARM_SEGGER_RTT/SEGGER_RTT_printf.c **** #define FORMAT_FLAG_PRINT_SIGN (1u << 2)
  84:ARM_SEGGER_RTT/SEGGER_RTT_printf.c **** #define FORMAT_FLAG_ALTERNATE (1u << 3)
  85:ARM_SEGGER_RTT/SEGGER_RTT_printf.c **** 
  86:ARM_SEGGER_RTT/SEGGER_RTT_printf.c **** /*********************************************************************
  87:ARM_SEGGER_RTT/SEGGER_RTT_printf.c ****  *
ARM GAS  C:\msys64\tmp\ccE5VQLR.s 			page 3


  88:ARM_SEGGER_RTT/SEGGER_RTT_printf.c ****  *       Types
  89:ARM_SEGGER_RTT/SEGGER_RTT_printf.c ****  *
  90:ARM_SEGGER_RTT/SEGGER_RTT_printf.c ****  **********************************************************************
  91:ARM_SEGGER_RTT/SEGGER_RTT_printf.c ****  */
  92:ARM_SEGGER_RTT/SEGGER_RTT_printf.c **** 
  93:ARM_SEGGER_RTT/SEGGER_RTT_printf.c **** typedef struct
  94:ARM_SEGGER_RTT/SEGGER_RTT_printf.c **** {
  95:ARM_SEGGER_RTT/SEGGER_RTT_printf.c ****   char *pBuffer;
  96:ARM_SEGGER_RTT/SEGGER_RTT_printf.c ****   unsigned BufferSize;
  97:ARM_SEGGER_RTT/SEGGER_RTT_printf.c ****   unsigned Cnt;
  98:ARM_SEGGER_RTT/SEGGER_RTT_printf.c **** 
  99:ARM_SEGGER_RTT/SEGGER_RTT_printf.c ****   int ReturnValue;
 100:ARM_SEGGER_RTT/SEGGER_RTT_printf.c **** 
 101:ARM_SEGGER_RTT/SEGGER_RTT_printf.c ****   unsigned RTTBufferIndex;
 102:ARM_SEGGER_RTT/SEGGER_RTT_printf.c **** } SEGGER_RTT_PRINTF_DESC;
 103:ARM_SEGGER_RTT/SEGGER_RTT_printf.c **** 
 104:ARM_SEGGER_RTT/SEGGER_RTT_printf.c **** /*********************************************************************
 105:ARM_SEGGER_RTT/SEGGER_RTT_printf.c ****  *
 106:ARM_SEGGER_RTT/SEGGER_RTT_printf.c ****  *       Function prototypes
 107:ARM_SEGGER_RTT/SEGGER_RTT_printf.c ****  *
 108:ARM_SEGGER_RTT/SEGGER_RTT_printf.c ****  **********************************************************************
 109:ARM_SEGGER_RTT/SEGGER_RTT_printf.c ****  */
 110:ARM_SEGGER_RTT/SEGGER_RTT_printf.c **** int SEGGER_RTT_vprintf(unsigned BufferIndex, const char *sFormat, va_list *pParamList);
 111:ARM_SEGGER_RTT/SEGGER_RTT_printf.c **** 
 112:ARM_SEGGER_RTT/SEGGER_RTT_printf.c **** /*********************************************************************
 113:ARM_SEGGER_RTT/SEGGER_RTT_printf.c ****  *
 114:ARM_SEGGER_RTT/SEGGER_RTT_printf.c ****  *       Static code
 115:ARM_SEGGER_RTT/SEGGER_RTT_printf.c ****  *
 116:ARM_SEGGER_RTT/SEGGER_RTT_printf.c ****  **********************************************************************
 117:ARM_SEGGER_RTT/SEGGER_RTT_printf.c ****  */
 118:ARM_SEGGER_RTT/SEGGER_RTT_printf.c **** /*********************************************************************
 119:ARM_SEGGER_RTT/SEGGER_RTT_printf.c ****  *
 120:ARM_SEGGER_RTT/SEGGER_RTT_printf.c ****  *       _StoreChar
 121:ARM_SEGGER_RTT/SEGGER_RTT_printf.c ****  */
 122:ARM_SEGGER_RTT/SEGGER_RTT_printf.c **** static void _StoreChar(SEGGER_RTT_PRINTF_DESC *p, char c)
 123:ARM_SEGGER_RTT/SEGGER_RTT_printf.c **** {
  29              		.loc 1 123 1 view -0
  30              		.cfi_startproc
  31              		@ args = 0, pretend = 0, frame = 0
  32              		@ frame_needed = 0, uses_anonymous_args = 0
  33              		.loc 1 123 1 is_stmt 0 view .LVU1
  34 0000 10B5     		push	{r4, lr}
  35              	.LCFI0:
  36              		.cfi_def_cfa_offset 8
  37              		.cfi_offset 4, -8
  38              		.cfi_offset 14, -4
  39 0002 0446     		mov	r4, r0
 124:ARM_SEGGER_RTT/SEGGER_RTT_printf.c ****   unsigned Cnt;
  40              		.loc 1 124 3 is_stmt 1 view .LVU2
 125:ARM_SEGGER_RTT/SEGGER_RTT_printf.c **** 
 126:ARM_SEGGER_RTT/SEGGER_RTT_printf.c ****   Cnt = p->Cnt;
  41              		.loc 1 126 3 view .LVU3
  42              		.loc 1 126 7 is_stmt 0 view .LVU4
  43 0004 8268     		ldr	r2, [r0, #8]
  44              	.LVL1:
 127:ARM_SEGGER_RTT/SEGGER_RTT_printf.c ****   if ((Cnt + 1u) <= p->BufferSize)
  45              		.loc 1 127 3 is_stmt 1 view .LVU5
ARM GAS  C:\msys64\tmp\ccE5VQLR.s 			page 4


  46              		.loc 1 127 12 is_stmt 0 view .LVU6
  47 0006 531C     		adds	r3, r2, #1
  48              		.loc 1 127 22 view .LVU7
  49 0008 4068     		ldr	r0, [r0, #4]
  50              	.LVL2:
  51              		.loc 1 127 6 view .LVU8
  52 000a 8342     		cmp	r3, r0
  53 000c 05D8     		bhi	.L2
 128:ARM_SEGGER_RTT/SEGGER_RTT_printf.c ****   {
 129:ARM_SEGGER_RTT/SEGGER_RTT_printf.c ****     *(p->pBuffer + Cnt) = c;
  54              		.loc 1 129 5 is_stmt 1 view .LVU9
  55              		.loc 1 129 8 is_stmt 0 view .LVU10
  56 000e 2068     		ldr	r0, [r4]
  57              		.loc 1 129 25 view .LVU11
  58 0010 8154     		strb	r1, [r0, r2]
 130:ARM_SEGGER_RTT/SEGGER_RTT_printf.c ****     p->Cnt = Cnt + 1u;
  59              		.loc 1 130 5 is_stmt 1 view .LVU12
  60              		.loc 1 130 12 is_stmt 0 view .LVU13
  61 0012 A360     		str	r3, [r4, #8]
 131:ARM_SEGGER_RTT/SEGGER_RTT_printf.c ****     p->ReturnValue++;
  62              		.loc 1 131 5 is_stmt 1 view .LVU14
  63              		.loc 1 131 6 is_stmt 0 view .LVU15
  64 0014 E368     		ldr	r3, [r4, #12]
  65              		.loc 1 131 19 view .LVU16
  66 0016 0133     		adds	r3, r3, #1
  67 0018 E360     		str	r3, [r4, #12]
  68              	.L2:
 132:ARM_SEGGER_RTT/SEGGER_RTT_printf.c ****   }
 133:ARM_SEGGER_RTT/SEGGER_RTT_printf.c ****   //
 134:ARM_SEGGER_RTT/SEGGER_RTT_printf.c ****   // Write part of string, when the buffer is full
 135:ARM_SEGGER_RTT/SEGGER_RTT_printf.c ****   //
 136:ARM_SEGGER_RTT/SEGGER_RTT_printf.c ****   if (p->Cnt == p->BufferSize)
  69              		.loc 1 136 3 is_stmt 1 view .LVU17
  70              		.loc 1 136 8 is_stmt 0 view .LVU18
  71 001a A268     		ldr	r2, [r4, #8]
  72              	.LVL3:
  73              		.loc 1 136 18 view .LVU19
  74 001c 6368     		ldr	r3, [r4, #4]
  75              		.loc 1 136 6 view .LVU20
  76 001e 9A42     		cmp	r2, r3
  77 0020 00D0     		beq	.L6
  78              	.LVL4:
  79              	.L1:
 137:ARM_SEGGER_RTT/SEGGER_RTT_printf.c ****   {
 138:ARM_SEGGER_RTT/SEGGER_RTT_printf.c ****     if (SEGGER_RTT_Write(p->RTTBufferIndex, p->pBuffer, p->Cnt) != p->Cnt)
 139:ARM_SEGGER_RTT/SEGGER_RTT_printf.c ****     {
 140:ARM_SEGGER_RTT/SEGGER_RTT_printf.c ****       p->ReturnValue = -1;
 141:ARM_SEGGER_RTT/SEGGER_RTT_printf.c ****     }
 142:ARM_SEGGER_RTT/SEGGER_RTT_printf.c ****     else
 143:ARM_SEGGER_RTT/SEGGER_RTT_printf.c ****     {
 144:ARM_SEGGER_RTT/SEGGER_RTT_printf.c ****       p->Cnt = 0u;
 145:ARM_SEGGER_RTT/SEGGER_RTT_printf.c ****     }
 146:ARM_SEGGER_RTT/SEGGER_RTT_printf.c ****   }
 147:ARM_SEGGER_RTT/SEGGER_RTT_printf.c **** }
  80              		.loc 1 147 1 view .LVU21
  81 0022 10BD     		pop	{r4, pc}
  82              	.LVL5:
ARM GAS  C:\msys64\tmp\ccE5VQLR.s 			page 5


  83              	.L6:
 138:ARM_SEGGER_RTT/SEGGER_RTT_printf.c ****     {
  84              		.loc 1 138 5 is_stmt 1 view .LVU22
 138:ARM_SEGGER_RTT/SEGGER_RTT_printf.c ****     {
  85              		.loc 1 138 9 is_stmt 0 view .LVU23
  86 0024 2168     		ldr	r1, [r4]
  87              	.LVL6:
 138:ARM_SEGGER_RTT/SEGGER_RTT_printf.c ****     {
  88              		.loc 1 138 9 view .LVU24
  89 0026 2069     		ldr	r0, [r4, #16]
  90 0028 FFF7FEFF 		bl	SEGGER_RTT_Write
  91              	.LVL7:
 138:ARM_SEGGER_RTT/SEGGER_RTT_printf.c ****     {
  92              		.loc 1 138 69 view .LVU25
  93 002c A368     		ldr	r3, [r4, #8]
 138:ARM_SEGGER_RTT/SEGGER_RTT_printf.c ****     {
  94              		.loc 1 138 8 view .LVU26
  95 002e 9842     		cmp	r0, r3
  96 0030 03D0     		beq	.L4
 140:ARM_SEGGER_RTT/SEGGER_RTT_printf.c ****     }
  97              		.loc 1 140 7 is_stmt 1 view .LVU27
 140:ARM_SEGGER_RTT/SEGGER_RTT_printf.c ****     }
  98              		.loc 1 140 22 is_stmt 0 view .LVU28
  99 0032 4FF0FF33 		mov	r3, #-1
 100 0036 E360     		str	r3, [r4, #12]
 101 0038 F3E7     		b	.L1
 102              	.L4:
 144:ARM_SEGGER_RTT/SEGGER_RTT_printf.c ****     }
 103              		.loc 1 144 7 is_stmt 1 view .LVU29
 144:ARM_SEGGER_RTT/SEGGER_RTT_printf.c ****     }
 104              		.loc 1 144 14 is_stmt 0 view .LVU30
 105 003a 0023     		movs	r3, #0
 106 003c A360     		str	r3, [r4, #8]
 107              		.loc 1 147 1 view .LVU31
 108 003e F0E7     		b	.L1
 109              		.cfi_endproc
 110              	.LFE0:
 112              		.section	.text._PrintUnsigned,"ax",%progbits
 113              		.align	1
 114              		.syntax unified
 115              		.thumb
 116              		.thumb_func
 118              	_PrintUnsigned:
 119              	.LVL8:
 120              	.LFB1:
 148:ARM_SEGGER_RTT/SEGGER_RTT_printf.c **** 
 149:ARM_SEGGER_RTT/SEGGER_RTT_printf.c **** /*********************************************************************
 150:ARM_SEGGER_RTT/SEGGER_RTT_printf.c ****  *
 151:ARM_SEGGER_RTT/SEGGER_RTT_printf.c ****  *       _PrintUnsigned
 152:ARM_SEGGER_RTT/SEGGER_RTT_printf.c ****  */
 153:ARM_SEGGER_RTT/SEGGER_RTT_printf.c **** static void _PrintUnsigned(SEGGER_RTT_PRINTF_DESC *pBufferDesc, unsigned v, unsigned Base, unsigned
 154:ARM_SEGGER_RTT/SEGGER_RTT_printf.c **** {
 121              		.loc 1 154 1 is_stmt 1 view -0
 122              		.cfi_startproc
 123              		@ args = 8, pretend = 0, frame = 0
 124              		@ frame_needed = 0, uses_anonymous_args = 0
 125              		.loc 1 154 1 is_stmt 0 view .LVU33
ARM GAS  C:\msys64\tmp\ccE5VQLR.s 			page 6


 126 0000 2DE9F84F 		push	{r3, r4, r5, r6, r7, r8, r9, r10, fp, lr}
 127              	.LCFI1:
 128              		.cfi_def_cfa_offset 40
 129              		.cfi_offset 3, -40
 130              		.cfi_offset 4, -36
 131              		.cfi_offset 5, -32
 132              		.cfi_offset 6, -28
 133              		.cfi_offset 7, -24
 134              		.cfi_offset 8, -20
 135              		.cfi_offset 9, -16
 136              		.cfi_offset 10, -12
 137              		.cfi_offset 11, -8
 138              		.cfi_offset 14, -4
 139 0004 8146     		mov	r9, r0
 140 0006 0F46     		mov	r7, r1
 141 0008 1546     		mov	r5, r2
 142 000a 1E46     		mov	r6, r3
 143 000c DDF828A0 		ldr	r10, [sp, #40]
 144 0010 0B9A     		ldr	r2, [sp, #44]
 145              	.LVL9:
 155:ARM_SEGGER_RTT/SEGGER_RTT_printf.c ****   static const char _aV2C[16] = {'0', '1', '2', '3', '4', '5', '6', '7', '8', '9', 'A', 'B', 'C', '
 146              		.loc 1 155 3 is_stmt 1 view .LVU34
 156:ARM_SEGGER_RTT/SEGGER_RTT_printf.c ****   unsigned Div;
 147              		.loc 1 156 3 view .LVU35
 157:ARM_SEGGER_RTT/SEGGER_RTT_printf.c ****   unsigned Digit;
 148              		.loc 1 157 3 view .LVU36
 158:ARM_SEGGER_RTT/SEGGER_RTT_printf.c ****   unsigned Number;
 149              		.loc 1 158 3 view .LVU37
 159:ARM_SEGGER_RTT/SEGGER_RTT_printf.c ****   unsigned Width;
 150              		.loc 1 159 3 view .LVU38
 160:ARM_SEGGER_RTT/SEGGER_RTT_printf.c ****   char c;
 151              		.loc 1 160 3 view .LVU39
 161:ARM_SEGGER_RTT/SEGGER_RTT_printf.c **** 
 162:ARM_SEGGER_RTT/SEGGER_RTT_printf.c ****   Number = v;
 152              		.loc 1 162 3 view .LVU40
 163:ARM_SEGGER_RTT/SEGGER_RTT_printf.c ****   Digit = 1u;
 153              		.loc 1 163 3 view .LVU41
 164:ARM_SEGGER_RTT/SEGGER_RTT_printf.c ****   //
 165:ARM_SEGGER_RTT/SEGGER_RTT_printf.c ****   // Get actual field width
 166:ARM_SEGGER_RTT/SEGGER_RTT_printf.c ****   //
 167:ARM_SEGGER_RTT/SEGGER_RTT_printf.c ****   Width = 1u;
 154              		.loc 1 167 3 view .LVU42
 168:ARM_SEGGER_RTT/SEGGER_RTT_printf.c ****   while (Number >= Base)
 155              		.loc 1 168 3 view .LVU43
 162:ARM_SEGGER_RTT/SEGGER_RTT_printf.c ****   Digit = 1u;
 156              		.loc 1 162 10 is_stmt 0 view .LVU44
 157 0012 0B46     		mov	r3, r1
 158              	.LVL10:
 167:ARM_SEGGER_RTT/SEGGER_RTT_printf.c ****   while (Number >= Base)
 159              		.loc 1 167 9 view .LVU45
 160 0014 4FF00108 		mov	r8, #1
 161              		.loc 1 168 9 view .LVU46
 162 0018 03E0     		b	.L8
 163              	.LVL11:
 164              	.L9:
 169:ARM_SEGGER_RTT/SEGGER_RTT_printf.c ****   {
 170:ARM_SEGGER_RTT/SEGGER_RTT_printf.c ****     Number = (Number / Base);
ARM GAS  C:\msys64\tmp\ccE5VQLR.s 			page 7


 165              		.loc 1 170 5 is_stmt 1 view .LVU47
 166              		.loc 1 170 12 is_stmt 0 view .LVU48
 167 001a B3FBF5F3 		udiv	r3, r3, r5
 168              	.LVL12:
 171:ARM_SEGGER_RTT/SEGGER_RTT_printf.c ****     Width++;
 169              		.loc 1 171 5 is_stmt 1 view .LVU49
 170              		.loc 1 171 10 is_stmt 0 view .LVU50
 171 001e 08F10108 		add	r8, r8, #1
 172              	.LVL13:
 173              	.L8:
 168:ARM_SEGGER_RTT/SEGGER_RTT_printf.c ****   {
 174              		.loc 1 168 17 is_stmt 1 view .LVU51
 175 0022 AB42     		cmp	r3, r5
 176 0024 F9D2     		bcs	.L9
 172:ARM_SEGGER_RTT/SEGGER_RTT_printf.c ****   }
 173:ARM_SEGGER_RTT/SEGGER_RTT_printf.c ****   if (NumDigits > Width)
 177              		.loc 1 173 3 view .LVU52
 178              		.loc 1 173 6 is_stmt 0 view .LVU53
 179 0026 B045     		cmp	r8, r6
 180 0028 00D2     		bcs	.L10
 174:ARM_SEGGER_RTT/SEGGER_RTT_printf.c ****   {
 175:ARM_SEGGER_RTT/SEGGER_RTT_printf.c ****     Width = NumDigits;
 181              		.loc 1 175 11 view .LVU54
 182 002a B046     		mov	r8, r6
 183              	.LVL14:
 184              	.L10:
 176:ARM_SEGGER_RTT/SEGGER_RTT_printf.c ****   }
 177:ARM_SEGGER_RTT/SEGGER_RTT_printf.c ****   //
 178:ARM_SEGGER_RTT/SEGGER_RTT_printf.c ****   // Print leading chars if necessary
 179:ARM_SEGGER_RTT/SEGGER_RTT_printf.c ****   //
 180:ARM_SEGGER_RTT/SEGGER_RTT_printf.c ****   if ((FormatFlags & FORMAT_FLAG_LEFT_JUSTIFY) == 0u)
 185              		.loc 1 180 3 is_stmt 1 view .LVU55
 186              		.loc 1 180 6 is_stmt 0 view .LVU56
 187 002c 12F0010B 		ands	fp, r2, #1
 188 0030 18D1     		bne	.L11
 181:ARM_SEGGER_RTT/SEGGER_RTT_printf.c ****   {
 182:ARM_SEGGER_RTT/SEGGER_RTT_printf.c ****     if (FieldWidth != 0u)
 189              		.loc 1 182 5 is_stmt 1 view .LVU57
 190              		.loc 1 182 8 is_stmt 0 view .LVU58
 191 0032 BAF1000F 		cmp	r10, #0
 192 0036 15D0     		beq	.L11
 183:ARM_SEGGER_RTT/SEGGER_RTT_printf.c ****     {
 184:ARM_SEGGER_RTT/SEGGER_RTT_printf.c ****       if (((FormatFlags & FORMAT_FLAG_PAD_ZERO) == FORMAT_FLAG_PAD_ZERO) && (NumDigits == 0u))
 193              		.loc 1 184 7 is_stmt 1 view .LVU59
 194              		.loc 1 184 10 is_stmt 0 view .LVU60
 195 0038 12F0020F 		tst	r2, #2
 196 003c 02D0     		beq	.L24
 197              		.loc 1 184 74 discriminator 1 view .LVU61
 198 003e BEB1     		cbz	r6, .L25
 185:ARM_SEGGER_RTT/SEGGER_RTT_printf.c ****       {
 186:ARM_SEGGER_RTT/SEGGER_RTT_printf.c ****         c = '0';
 187:ARM_SEGGER_RTT/SEGGER_RTT_printf.c ****       }
 188:ARM_SEGGER_RTT/SEGGER_RTT_printf.c ****       else
 189:ARM_SEGGER_RTT/SEGGER_RTT_printf.c ****       {
 190:ARM_SEGGER_RTT/SEGGER_RTT_printf.c ****         c = ' ';
 199              		.loc 1 190 11 view .LVU62
 200 0040 2024     		movs	r4, #32
ARM GAS  C:\msys64\tmp\ccE5VQLR.s 			page 8


 201 0042 00E0     		b	.L13
 202              	.L24:
 203 0044 2024     		movs	r4, #32
 204              	.LVL15:
 205              	.L13:
 191:ARM_SEGGER_RTT/SEGGER_RTT_printf.c ****       }
 192:ARM_SEGGER_RTT/SEGGER_RTT_printf.c ****       while ((FieldWidth != 0u) && (Width < FieldWidth))
 206              		.loc 1 192 33 is_stmt 1 view .LVU63
 207 0046 BAF1000F 		cmp	r10, #0
 208 004a 0BD0     		beq	.L11
 209              		.loc 1 192 33 is_stmt 0 discriminator 1 view .LVU64
 210 004c C245     		cmp	r10, r8
 211 004e 09D9     		bls	.L11
 193:ARM_SEGGER_RTT/SEGGER_RTT_printf.c ****       {
 194:ARM_SEGGER_RTT/SEGGER_RTT_printf.c ****         FieldWidth--;
 212              		.loc 1 194 9 is_stmt 1 view .LVU65
 213              		.loc 1 194 19 is_stmt 0 view .LVU66
 214 0050 0AF1FF3A 		add	r10, r10, #-1
 215              	.LVL16:
 195:ARM_SEGGER_RTT/SEGGER_RTT_printf.c ****         _StoreChar(pBufferDesc, c);
 216              		.loc 1 195 9 is_stmt 1 view .LVU67
 217 0054 2146     		mov	r1, r4
 218 0056 4846     		mov	r0, r9
 219 0058 FFF7FEFF 		bl	_StoreChar
 220              	.LVL17:
 196:ARM_SEGGER_RTT/SEGGER_RTT_printf.c ****         if (pBufferDesc->ReturnValue < 0)
 221              		.loc 1 196 9 view .LVU68
 222              		.loc 1 196 24 is_stmt 0 view .LVU69
 223 005c D9F80C30 		ldr	r3, [r9, #12]
 224              		.loc 1 196 12 view .LVU70
 225 0060 002B     		cmp	r3, #0
 226 0062 F0DA     		bge	.L13
 227              	.LVL18:
 228              	.L11:
 197:ARM_SEGGER_RTT/SEGGER_RTT_printf.c ****         {
 198:ARM_SEGGER_RTT/SEGGER_RTT_printf.c ****           break;
 199:ARM_SEGGER_RTT/SEGGER_RTT_printf.c ****         }
 200:ARM_SEGGER_RTT/SEGGER_RTT_printf.c ****       }
 201:ARM_SEGGER_RTT/SEGGER_RTT_printf.c ****     }
 202:ARM_SEGGER_RTT/SEGGER_RTT_printf.c ****   }
 203:ARM_SEGGER_RTT/SEGGER_RTT_printf.c ****   if (pBufferDesc->ReturnValue >= 0)
 229              		.loc 1 203 3 is_stmt 1 view .LVU71
 230              		.loc 1 203 18 is_stmt 0 view .LVU72
 231 0064 D9F80C30 		ldr	r3, [r9, #12]
 232              		.loc 1 203 6 view .LVU73
 233 0068 002B     		cmp	r3, #0
 234 006a 25DB     		blt	.L7
 163:ARM_SEGGER_RTT/SEGGER_RTT_printf.c ****   //
 235              		.loc 1 163 9 view .LVU74
 236 006c 0124     		movs	r4, #1
 237 006e 04E0     		b	.L19
 238              	.LVL19:
 239              	.L25:
 186:ARM_SEGGER_RTT/SEGGER_RTT_printf.c ****       }
 240              		.loc 1 186 11 view .LVU75
 241 0070 3024     		movs	r4, #48
 242 0072 E8E7     		b	.L13
ARM GAS  C:\msys64\tmp\ccE5VQLR.s 			page 9


 243              	.LVL20:
 244              	.L28:
 204:ARM_SEGGER_RTT/SEGGER_RTT_printf.c ****   {
 205:ARM_SEGGER_RTT/SEGGER_RTT_printf.c ****     //
 206:ARM_SEGGER_RTT/SEGGER_RTT_printf.c ****     // Compute Digit.
 207:ARM_SEGGER_RTT/SEGGER_RTT_printf.c ****     // Loop until Digit has the value of the highest digit required.
 208:ARM_SEGGER_RTT/SEGGER_RTT_printf.c ****     // Example: If the output is 345 (Base 10), loop 2 times until Digit is 100.
 209:ARM_SEGGER_RTT/SEGGER_RTT_printf.c ****     //
 210:ARM_SEGGER_RTT/SEGGER_RTT_printf.c ****     while (1)
 211:ARM_SEGGER_RTT/SEGGER_RTT_printf.c ****     {
 212:ARM_SEGGER_RTT/SEGGER_RTT_printf.c ****       if (NumDigits > 1u)
 213:ARM_SEGGER_RTT/SEGGER_RTT_printf.c ****       { // User specified a min number of digits to print? => Make sure we loop at least that often
 214:ARM_SEGGER_RTT/SEGGER_RTT_printf.c ****         NumDigits--;
 245              		.loc 1 214 9 is_stmt 1 view .LVU76
 246              		.loc 1 214 18 is_stmt 0 view .LVU77
 247 0074 013E     		subs	r6, r6, #1
 248              	.LVL21:
 249              	.L17:
 215:ARM_SEGGER_RTT/SEGGER_RTT_printf.c ****       }
 216:ARM_SEGGER_RTT/SEGGER_RTT_printf.c ****       else
 217:ARM_SEGGER_RTT/SEGGER_RTT_printf.c ****       {
 218:ARM_SEGGER_RTT/SEGGER_RTT_printf.c ****         Div = v / Digit;
 219:ARM_SEGGER_RTT/SEGGER_RTT_printf.c ****         if (Div < Base)
 220:ARM_SEGGER_RTT/SEGGER_RTT_printf.c ****         { // Is our divider big enough to extract the highest digit from value? => Done
 221:ARM_SEGGER_RTT/SEGGER_RTT_printf.c ****           break;
 222:ARM_SEGGER_RTT/SEGGER_RTT_printf.c ****         }
 223:ARM_SEGGER_RTT/SEGGER_RTT_printf.c ****       }
 224:ARM_SEGGER_RTT/SEGGER_RTT_printf.c ****       Digit *= Base;
 250              		.loc 1 224 7 is_stmt 1 view .LVU78
 251              		.loc 1 224 13 is_stmt 0 view .LVU79
 252 0076 05FB04F4 		mul	r4, r5, r4
 253              	.LVL22:
 210:ARM_SEGGER_RTT/SEGGER_RTT_printf.c ****     {
 254              		.loc 1 210 11 is_stmt 1 view .LVU80
 255              	.L19:
 210:ARM_SEGGER_RTT/SEGGER_RTT_printf.c ****     {
 256              		.loc 1 210 5 view .LVU81
 212:ARM_SEGGER_RTT/SEGGER_RTT_printf.c ****       { // User specified a min number of digits to print? => Make sure we loop at least that often
 257              		.loc 1 212 7 view .LVU82
 212:ARM_SEGGER_RTT/SEGGER_RTT_printf.c ****       { // User specified a min number of digits to print? => Make sure we loop at least that often
 258              		.loc 1 212 10 is_stmt 0 view .LVU83
 259 007a 012E     		cmp	r6, #1
 260 007c FAD8     		bhi	.L28
 218:ARM_SEGGER_RTT/SEGGER_RTT_printf.c ****         if (Div < Base)
 261              		.loc 1 218 9 is_stmt 1 view .LVU84
 218:ARM_SEGGER_RTT/SEGGER_RTT_printf.c ****         if (Div < Base)
 262              		.loc 1 218 13 is_stmt 0 view .LVU85
 263 007e B7FBF4F3 		udiv	r3, r7, r4
 264              	.LVL23:
 219:ARM_SEGGER_RTT/SEGGER_RTT_printf.c ****         { // Is our divider big enough to extract the highest digit from value? => Done
 265              		.loc 1 219 9 is_stmt 1 view .LVU86
 219:ARM_SEGGER_RTT/SEGGER_RTT_printf.c ****         { // Is our divider big enough to extract the highest digit from value? => Done
 266              		.loc 1 219 12 is_stmt 0 view .LVU87
 267 0082 9D42     		cmp	r5, r3
 268 0084 F7D9     		bls	.L17
 269 0086 00E0     		b	.L18
 270              	.LVL24:
ARM GAS  C:\msys64\tmp\ccE5VQLR.s 			page 10


 271              	.L26:
 225:ARM_SEGGER_RTT/SEGGER_RTT_printf.c ****     }
 226:ARM_SEGGER_RTT/SEGGER_RTT_printf.c ****     //
 227:ARM_SEGGER_RTT/SEGGER_RTT_printf.c ****     // Output digits
 228:ARM_SEGGER_RTT/SEGGER_RTT_printf.c ****     //
 229:ARM_SEGGER_RTT/SEGGER_RTT_printf.c ****     do
 230:ARM_SEGGER_RTT/SEGGER_RTT_printf.c ****     {
 231:ARM_SEGGER_RTT/SEGGER_RTT_printf.c ****       Div = v / Digit;
 232:ARM_SEGGER_RTT/SEGGER_RTT_printf.c ****       v -= Div * Digit;
 233:ARM_SEGGER_RTT/SEGGER_RTT_printf.c ****       _StoreChar(pBufferDesc, _aV2C[Div]);
 234:ARM_SEGGER_RTT/SEGGER_RTT_printf.c ****       if (pBufferDesc->ReturnValue < 0)
 235:ARM_SEGGER_RTT/SEGGER_RTT_printf.c ****       {
 236:ARM_SEGGER_RTT/SEGGER_RTT_printf.c ****         break;
 237:ARM_SEGGER_RTT/SEGGER_RTT_printf.c ****       }
 238:ARM_SEGGER_RTT/SEGGER_RTT_printf.c ****       Digit /= Base;
 272              		.loc 1 238 13 view .LVU88
 273 0088 1C46     		mov	r4, r3
 274              	.LVL25:
 275              	.L18:
 229:ARM_SEGGER_RTT/SEGGER_RTT_printf.c ****     {
 276              		.loc 1 229 5 is_stmt 1 view .LVU89
 231:ARM_SEGGER_RTT/SEGGER_RTT_printf.c ****       v -= Div * Digit;
 277              		.loc 1 231 7 view .LVU90
 231:ARM_SEGGER_RTT/SEGGER_RTT_printf.c ****       v -= Div * Digit;
 278              		.loc 1 231 11 is_stmt 0 view .LVU91
 279 008a B7FBF4F3 		udiv	r3, r7, r4
 280              	.LVL26:
 232:ARM_SEGGER_RTT/SEGGER_RTT_printf.c ****       _StoreChar(pBufferDesc, _aV2C[Div]);
 281              		.loc 1 232 7 is_stmt 1 view .LVU92
 282 008e 04FB1377 		mls	r7, r4, r3, r7
 283              	.LVL27:
 233:ARM_SEGGER_RTT/SEGGER_RTT_printf.c ****       if (pBufferDesc->ReturnValue < 0)
 284              		.loc 1 233 7 view .LVU93
 285 0092 124A     		ldr	r2, .L29
 286 0094 D15C     		ldrb	r1, [r2, r3]	@ zero_extendqisi2
 287 0096 4846     		mov	r0, r9
 288 0098 FFF7FEFF 		bl	_StoreChar
 289              	.LVL28:
 234:ARM_SEGGER_RTT/SEGGER_RTT_printf.c ****       {
 290              		.loc 1 234 7 view .LVU94
 234:ARM_SEGGER_RTT/SEGGER_RTT_printf.c ****       {
 291              		.loc 1 234 22 is_stmt 0 view .LVU95
 292 009c D9F80C30 		ldr	r3, [r9, #12]
 234:ARM_SEGGER_RTT/SEGGER_RTT_printf.c ****       {
 293              		.loc 1 234 10 view .LVU96
 294 00a0 002B     		cmp	r3, #0
 295 00a2 03DB     		blt	.L20
 296              		.loc 1 238 7 is_stmt 1 view .LVU97
 297              		.loc 1 238 13 is_stmt 0 view .LVU98
 298 00a4 B4FBF5F3 		udiv	r3, r4, r5
 299              	.LVL29:
 239:ARM_SEGGER_RTT/SEGGER_RTT_printf.c ****     } while (Digit);
 300              		.loc 1 239 14 is_stmt 1 view .LVU99
 301 00a8 AC42     		cmp	r4, r5
 302 00aa EDD2     		bcs	.L26
 303              	.LVL30:
 304              	.L20:
ARM GAS  C:\msys64\tmp\ccE5VQLR.s 			page 11


 240:ARM_SEGGER_RTT/SEGGER_RTT_printf.c ****     //
 241:ARM_SEGGER_RTT/SEGGER_RTT_printf.c ****     // Print trailing spaces if necessary
 242:ARM_SEGGER_RTT/SEGGER_RTT_printf.c ****     //
 243:ARM_SEGGER_RTT/SEGGER_RTT_printf.c ****     if ((FormatFlags & FORMAT_FLAG_LEFT_JUSTIFY) == FORMAT_FLAG_LEFT_JUSTIFY)
 305              		.loc 1 243 5 view .LVU100
 306              		.loc 1 243 8 is_stmt 0 view .LVU101
 307 00ac BBF1000F 		cmp	fp, #0
 308 00b0 02D0     		beq	.L7
 244:ARM_SEGGER_RTT/SEGGER_RTT_printf.c ****     {
 245:ARM_SEGGER_RTT/SEGGER_RTT_printf.c ****       if (FieldWidth != 0u)
 309              		.loc 1 245 7 is_stmt 1 view .LVU102
 310              		.loc 1 245 10 is_stmt 0 view .LVU103
 311 00b2 BAF1000F 		cmp	r10, #0
 312 00b6 01D1     		bne	.L21
 313              	.L7:
 246:ARM_SEGGER_RTT/SEGGER_RTT_printf.c ****       {
 247:ARM_SEGGER_RTT/SEGGER_RTT_printf.c ****         while ((FieldWidth != 0u) && (Width < FieldWidth))
 248:ARM_SEGGER_RTT/SEGGER_RTT_printf.c ****         {
 249:ARM_SEGGER_RTT/SEGGER_RTT_printf.c ****           FieldWidth--;
 250:ARM_SEGGER_RTT/SEGGER_RTT_printf.c ****           _StoreChar(pBufferDesc, ' ');
 251:ARM_SEGGER_RTT/SEGGER_RTT_printf.c ****           if (pBufferDesc->ReturnValue < 0)
 252:ARM_SEGGER_RTT/SEGGER_RTT_printf.c ****           {
 253:ARM_SEGGER_RTT/SEGGER_RTT_printf.c ****             break;
 254:ARM_SEGGER_RTT/SEGGER_RTT_printf.c ****           }
 255:ARM_SEGGER_RTT/SEGGER_RTT_printf.c ****         }
 256:ARM_SEGGER_RTT/SEGGER_RTT_printf.c ****       }
 257:ARM_SEGGER_RTT/SEGGER_RTT_printf.c ****     }
 258:ARM_SEGGER_RTT/SEGGER_RTT_printf.c ****   }
 259:ARM_SEGGER_RTT/SEGGER_RTT_printf.c **** }
 314              		.loc 1 259 1 view .LVU104
 315 00b8 BDE8F88F 		pop	{r3, r4, r5, r6, r7, r8, r9, r10, fp, pc}
 316              	.LVL31:
 317              	.L21:
 247:ARM_SEGGER_RTT/SEGGER_RTT_printf.c ****         {
 318              		.loc 1 247 35 is_stmt 1 view .LVU105
 319 00bc BAF1000F 		cmp	r10, #0
 320 00c0 FAD0     		beq	.L7
 247:ARM_SEGGER_RTT/SEGGER_RTT_printf.c ****         {
 321              		.loc 1 247 35 is_stmt 0 discriminator 1 view .LVU106
 322 00c2 C245     		cmp	r10, r8
 323 00c4 F8D9     		bls	.L7
 249:ARM_SEGGER_RTT/SEGGER_RTT_printf.c ****           _StoreChar(pBufferDesc, ' ');
 324              		.loc 1 249 11 is_stmt 1 view .LVU107
 249:ARM_SEGGER_RTT/SEGGER_RTT_printf.c ****           _StoreChar(pBufferDesc, ' ');
 325              		.loc 1 249 21 is_stmt 0 view .LVU108
 326 00c6 0AF1FF3A 		add	r10, r10, #-1
 327              	.LVL32:
 250:ARM_SEGGER_RTT/SEGGER_RTT_printf.c ****           if (pBufferDesc->ReturnValue < 0)
 328              		.loc 1 250 11 is_stmt 1 view .LVU109
 329 00ca 2021     		movs	r1, #32
 330 00cc 4846     		mov	r0, r9
 331 00ce FFF7FEFF 		bl	_StoreChar
 332              	.LVL33:
 251:ARM_SEGGER_RTT/SEGGER_RTT_printf.c ****           {
 333              		.loc 1 251 11 view .LVU110
 251:ARM_SEGGER_RTT/SEGGER_RTT_printf.c ****           {
 334              		.loc 1 251 26 is_stmt 0 view .LVU111
ARM GAS  C:\msys64\tmp\ccE5VQLR.s 			page 12


 335 00d2 D9F80C30 		ldr	r3, [r9, #12]
 251:ARM_SEGGER_RTT/SEGGER_RTT_printf.c ****           {
 336              		.loc 1 251 14 view .LVU112
 337 00d6 002B     		cmp	r3, #0
 338 00d8 F0DA     		bge	.L21
 339 00da EDE7     		b	.L7
 340              	.L30:
 341              		.align	2
 342              	.L29:
 343 00dc 00000000 		.word	.LANCHOR0
 344              		.cfi_endproc
 345              	.LFE1:
 347              		.section	.text._PrintInt,"ax",%progbits
 348              		.align	1
 349              		.syntax unified
 350              		.thumb
 351              		.thumb_func
 353              	_PrintInt:
 354              	.LVL34:
 355              	.LFB2:
 260:ARM_SEGGER_RTT/SEGGER_RTT_printf.c **** 
 261:ARM_SEGGER_RTT/SEGGER_RTT_printf.c **** /*********************************************************************
 262:ARM_SEGGER_RTT/SEGGER_RTT_printf.c ****  *
 263:ARM_SEGGER_RTT/SEGGER_RTT_printf.c ****  *       _PrintInt
 264:ARM_SEGGER_RTT/SEGGER_RTT_printf.c ****  */
 265:ARM_SEGGER_RTT/SEGGER_RTT_printf.c **** static void _PrintInt(SEGGER_RTT_PRINTF_DESC *pBufferDesc, int v, unsigned Base, unsigned NumDigits
 266:ARM_SEGGER_RTT/SEGGER_RTT_printf.c **** {
 356              		.loc 1 266 1 is_stmt 1 view -0
 357              		.cfi_startproc
 358              		@ args = 8, pretend = 0, frame = 0
 359              		@ frame_needed = 0, uses_anonymous_args = 0
 360              		.loc 1 266 1 is_stmt 0 view .LVU114
 361 0000 2DE9F047 		push	{r4, r5, r6, r7, r8, r9, r10, lr}
 362              	.LCFI2:
 363              		.cfi_def_cfa_offset 32
 364              		.cfi_offset 4, -32
 365              		.cfi_offset 5, -28
 366              		.cfi_offset 6, -24
 367              		.cfi_offset 7, -20
 368              		.cfi_offset 8, -16
 369              		.cfi_offset 9, -12
 370              		.cfi_offset 10, -8
 371              		.cfi_offset 14, -4
 372 0004 82B0     		sub	sp, sp, #8
 373              	.LCFI3:
 374              		.cfi_def_cfa_offset 40
 375 0006 0746     		mov	r7, r0
 376 0008 8846     		mov	r8, r1
 377 000a 1546     		mov	r5, r2
 378 000c 9946     		mov	r9, r3
 379 000e 0A9E     		ldr	r6, [sp, #40]
 380 0010 DDF82CA0 		ldr	r10, [sp, #44]
 267:ARM_SEGGER_RTT/SEGGER_RTT_printf.c ****   unsigned Width;
 381              		.loc 1 267 3 is_stmt 1 view .LVU115
 268:ARM_SEGGER_RTT/SEGGER_RTT_printf.c ****   int Number;
 382              		.loc 1 268 3 view .LVU116
 269:ARM_SEGGER_RTT/SEGGER_RTT_printf.c **** 
ARM GAS  C:\msys64\tmp\ccE5VQLR.s 			page 13


 270:ARM_SEGGER_RTT/SEGGER_RTT_printf.c ****   Number = (v < 0) ? -v : v;
 383              		.loc 1 270 3 view .LVU117
 384              		.loc 1 270 10 is_stmt 0 view .LVU118
 385 0014 81EAE17C 		eor	ip, r1, r1, asr #31
 386 0018 ACEBE17C 		sub	ip, ip, r1, asr #31
 387              	.LVL35:
 271:ARM_SEGGER_RTT/SEGGER_RTT_printf.c **** 
 272:ARM_SEGGER_RTT/SEGGER_RTT_printf.c ****   //
 273:ARM_SEGGER_RTT/SEGGER_RTT_printf.c ****   // Get actual field width
 274:ARM_SEGGER_RTT/SEGGER_RTT_printf.c ****   //
 275:ARM_SEGGER_RTT/SEGGER_RTT_printf.c ****   Width = 1u;
 388              		.loc 1 275 3 is_stmt 1 view .LVU119
 276:ARM_SEGGER_RTT/SEGGER_RTT_printf.c ****   while (Number >= (int)Base)
 389              		.loc 1 276 3 view .LVU120
 275:ARM_SEGGER_RTT/SEGGER_RTT_printf.c ****   while (Number >= (int)Base)
 390              		.loc 1 275 9 is_stmt 0 view .LVU121
 391 001c 0124     		movs	r4, #1
 392              		.loc 1 276 9 view .LVU122
 393 001e 02E0     		b	.L32
 394              	.LVL36:
 395              	.L33:
 277:ARM_SEGGER_RTT/SEGGER_RTT_printf.c ****   {
 278:ARM_SEGGER_RTT/SEGGER_RTT_printf.c ****     Number = (Number / (int)Base);
 396              		.loc 1 278 5 is_stmt 1 view .LVU123
 397              		.loc 1 278 12 is_stmt 0 view .LVU124
 398 0020 9CFBF5FC 		sdiv	ip, ip, r5
 399              	.LVL37:
 279:ARM_SEGGER_RTT/SEGGER_RTT_printf.c ****     Width++;
 400              		.loc 1 279 5 is_stmt 1 view .LVU125
 401              		.loc 1 279 10 is_stmt 0 view .LVU126
 402 0024 0134     		adds	r4, r4, #1
 403              	.LVL38:
 404              	.L32:
 276:ARM_SEGGER_RTT/SEGGER_RTT_printf.c ****   {
 405              		.loc 1 276 17 is_stmt 1 view .LVU127
 406 0026 6545     		cmp	r5, ip
 407 0028 FADD     		ble	.L33
 280:ARM_SEGGER_RTT/SEGGER_RTT_printf.c ****   }
 281:ARM_SEGGER_RTT/SEGGER_RTT_printf.c ****   if (NumDigits > Width)
 408              		.loc 1 281 3 view .LVU128
 409              		.loc 1 281 6 is_stmt 0 view .LVU129
 410 002a 4C45     		cmp	r4, r9
 411 002c 00D2     		bcs	.L34
 282:ARM_SEGGER_RTT/SEGGER_RTT_printf.c ****   {
 283:ARM_SEGGER_RTT/SEGGER_RTT_printf.c ****     Width = NumDigits;
 412              		.loc 1 283 11 view .LVU130
 413 002e 4C46     		mov	r4, r9
 414              	.LVL39:
 415              	.L34:
 284:ARM_SEGGER_RTT/SEGGER_RTT_printf.c ****   }
 285:ARM_SEGGER_RTT/SEGGER_RTT_printf.c ****   if ((FieldWidth > 0u) && ((v < 0) || ((FormatFlags & FORMAT_FLAG_PRINT_SIGN) == FORMAT_FLAG_PRINT
 416              		.loc 1 285 3 is_stmt 1 view .LVU131
 417              		.loc 1 285 6 is_stmt 0 view .LVU132
 418 0030 36B1     		cbz	r6, .L35
 419              		.loc 1 285 25 discriminator 1 view .LVU133
 420 0032 B8F1000F 		cmp	r8, #0
 421 0036 02DB     		blt	.L36
ARM GAS  C:\msys64\tmp\ccE5VQLR.s 			page 14


 422              		.loc 1 285 37 discriminator 2 view .LVU134
 423 0038 1AF0040F 		tst	r10, #4
 424 003c 00D0     		beq	.L35
 425              	.L36:
 286:ARM_SEGGER_RTT/SEGGER_RTT_printf.c ****   {
 287:ARM_SEGGER_RTT/SEGGER_RTT_printf.c ****     FieldWidth--;
 426              		.loc 1 287 5 is_stmt 1 view .LVU135
 427              		.loc 1 287 15 is_stmt 0 view .LVU136
 428 003e 013E     		subs	r6, r6, #1
 429              	.LVL40:
 430              	.L35:
 288:ARM_SEGGER_RTT/SEGGER_RTT_printf.c ****   }
 289:ARM_SEGGER_RTT/SEGGER_RTT_printf.c **** 
 290:ARM_SEGGER_RTT/SEGGER_RTT_printf.c ****   //
 291:ARM_SEGGER_RTT/SEGGER_RTT_printf.c ****   // Print leading spaces if necessary
 292:ARM_SEGGER_RTT/SEGGER_RTT_printf.c ****   //
 293:ARM_SEGGER_RTT/SEGGER_RTT_printf.c ****   if ((((FormatFlags & FORMAT_FLAG_PAD_ZERO) == 0u) || (NumDigits != 0u)) && ((FormatFlags & FORMAT
 431              		.loc 1 293 3 is_stmt 1 view .LVU137
 432              		.loc 1 293 6 is_stmt 0 view .LVU138
 433 0040 1AF0020F 		tst	r10, #2
 434 0044 02D0     		beq	.L37
 435              		.loc 1 293 53 discriminator 2 view .LVU139
 436 0046 B9F1000F 		cmp	r9, #0
 437 004a 03D0     		beq	.L38
 438              	.L37:
 439              		.loc 1 293 75 discriminator 3 view .LVU140
 440 004c 1AF0010F 		tst	r10, #1
 441 0050 00D1     		bne	.L38
 294:ARM_SEGGER_RTT/SEGGER_RTT_printf.c ****   {
 295:ARM_SEGGER_RTT/SEGGER_RTT_printf.c ****     if (FieldWidth != 0u)
 442              		.loc 1 295 5 is_stmt 1 view .LVU141
 443              		.loc 1 295 8 is_stmt 0 view .LVU142
 444 0052 AEB9     		cbnz	r6, .L39
 445              	.LVL41:
 446              	.L38:
 296:ARM_SEGGER_RTT/SEGGER_RTT_printf.c ****     {
 297:ARM_SEGGER_RTT/SEGGER_RTT_printf.c ****       while ((FieldWidth != 0u) && (Width < FieldWidth))
 298:ARM_SEGGER_RTT/SEGGER_RTT_printf.c ****       {
 299:ARM_SEGGER_RTT/SEGGER_RTT_printf.c ****         FieldWidth--;
 300:ARM_SEGGER_RTT/SEGGER_RTT_printf.c ****         _StoreChar(pBufferDesc, ' ');
 301:ARM_SEGGER_RTT/SEGGER_RTT_printf.c ****         if (pBufferDesc->ReturnValue < 0)
 302:ARM_SEGGER_RTT/SEGGER_RTT_printf.c ****         {
 303:ARM_SEGGER_RTT/SEGGER_RTT_printf.c ****           break;
 304:ARM_SEGGER_RTT/SEGGER_RTT_printf.c ****         }
 305:ARM_SEGGER_RTT/SEGGER_RTT_printf.c ****       }
 306:ARM_SEGGER_RTT/SEGGER_RTT_printf.c ****     }
 307:ARM_SEGGER_RTT/SEGGER_RTT_printf.c ****   }
 308:ARM_SEGGER_RTT/SEGGER_RTT_printf.c ****   //
 309:ARM_SEGGER_RTT/SEGGER_RTT_printf.c ****   // Print sign if necessary
 310:ARM_SEGGER_RTT/SEGGER_RTT_printf.c ****   //
 311:ARM_SEGGER_RTT/SEGGER_RTT_printf.c ****   if (pBufferDesc->ReturnValue >= 0)
 447              		.loc 1 311 3 is_stmt 1 view .LVU143
 448              		.loc 1 311 18 is_stmt 0 view .LVU144
 449 0054 FB68     		ldr	r3, [r7, #12]
 450              		.loc 1 311 6 view .LVU145
 451 0056 002B     		cmp	r3, #0
 452 0058 0FDB     		blt	.L31
ARM GAS  C:\msys64\tmp\ccE5VQLR.s 			page 15


 312:ARM_SEGGER_RTT/SEGGER_RTT_printf.c ****   {
 313:ARM_SEGGER_RTT/SEGGER_RTT_printf.c ****     if (v < 0)
 453              		.loc 1 313 5 is_stmt 1 view .LVU146
 454              		.loc 1 313 8 is_stmt 0 view .LVU147
 455 005a B8F1000F 		cmp	r8, #0
 456 005e 1CDB     		blt	.L49
 314:ARM_SEGGER_RTT/SEGGER_RTT_printf.c ****     {
 315:ARM_SEGGER_RTT/SEGGER_RTT_printf.c ****       v = -v;
 316:ARM_SEGGER_RTT/SEGGER_RTT_printf.c ****       _StoreChar(pBufferDesc, '-');
 317:ARM_SEGGER_RTT/SEGGER_RTT_printf.c ****     }
 318:ARM_SEGGER_RTT/SEGGER_RTT_printf.c ****     else if ((FormatFlags & FORMAT_FLAG_PRINT_SIGN) == FORMAT_FLAG_PRINT_SIGN)
 457              		.loc 1 318 10 is_stmt 1 view .LVU148
 458              		.loc 1 318 13 is_stmt 0 view .LVU149
 459 0060 1AF0040F 		tst	r10, #4
 460 0064 20D1     		bne	.L50
 461              	.L43:
 319:ARM_SEGGER_RTT/SEGGER_RTT_printf.c ****     {
 320:ARM_SEGGER_RTT/SEGGER_RTT_printf.c ****       _StoreChar(pBufferDesc, '+');
 321:ARM_SEGGER_RTT/SEGGER_RTT_printf.c ****     }
 322:ARM_SEGGER_RTT/SEGGER_RTT_printf.c ****     else
 323:ARM_SEGGER_RTT/SEGGER_RTT_printf.c ****     {
 324:ARM_SEGGER_RTT/SEGGER_RTT_printf.c ****     }
 462              		.loc 1 324 5 is_stmt 1 view .LVU150
 325:ARM_SEGGER_RTT/SEGGER_RTT_printf.c ****     if (pBufferDesc->ReturnValue >= 0)
 463              		.loc 1 325 5 view .LVU151
 464              		.loc 1 325 20 is_stmt 0 view .LVU152
 465 0066 FB68     		ldr	r3, [r7, #12]
 466              		.loc 1 325 8 view .LVU153
 467 0068 002B     		cmp	r3, #0
 468 006a 06DB     		blt	.L31
 326:ARM_SEGGER_RTT/SEGGER_RTT_printf.c ****     {
 327:ARM_SEGGER_RTT/SEGGER_RTT_printf.c ****       //
 328:ARM_SEGGER_RTT/SEGGER_RTT_printf.c ****       // Print leading zeros if necessary
 329:ARM_SEGGER_RTT/SEGGER_RTT_printf.c ****       //
 330:ARM_SEGGER_RTT/SEGGER_RTT_printf.c ****       if (((FormatFlags & FORMAT_FLAG_PAD_ZERO) == FORMAT_FLAG_PAD_ZERO) && ((FormatFlags & FORMAT_
 469              		.loc 1 330 7 is_stmt 1 view .LVU154
 470              		.loc 1 330 74 is_stmt 0 view .LVU155
 471 006c 0AF00303 		and	r3, r10, #3
 472              		.loc 1 330 10 view .LVU156
 473 0070 022B     		cmp	r3, #2
 474 0072 1ED0     		beq	.L51
 475              	.L44:
 331:ARM_SEGGER_RTT/SEGGER_RTT_printf.c ****       {
 332:ARM_SEGGER_RTT/SEGGER_RTT_printf.c ****         if (FieldWidth != 0u)
 333:ARM_SEGGER_RTT/SEGGER_RTT_printf.c ****         {
 334:ARM_SEGGER_RTT/SEGGER_RTT_printf.c ****           while ((FieldWidth != 0u) && (Width < FieldWidth))
 335:ARM_SEGGER_RTT/SEGGER_RTT_printf.c ****           {
 336:ARM_SEGGER_RTT/SEGGER_RTT_printf.c ****             FieldWidth--;
 337:ARM_SEGGER_RTT/SEGGER_RTT_printf.c ****             _StoreChar(pBufferDesc, '0');
 338:ARM_SEGGER_RTT/SEGGER_RTT_printf.c ****             if (pBufferDesc->ReturnValue < 0)
 339:ARM_SEGGER_RTT/SEGGER_RTT_printf.c ****             {
 340:ARM_SEGGER_RTT/SEGGER_RTT_printf.c ****               break;
 341:ARM_SEGGER_RTT/SEGGER_RTT_printf.c ****             }
 342:ARM_SEGGER_RTT/SEGGER_RTT_printf.c ****           }
 343:ARM_SEGGER_RTT/SEGGER_RTT_printf.c ****         }
 344:ARM_SEGGER_RTT/SEGGER_RTT_printf.c ****       }
 345:ARM_SEGGER_RTT/SEGGER_RTT_printf.c ****       if (pBufferDesc->ReturnValue >= 0)
ARM GAS  C:\msys64\tmp\ccE5VQLR.s 			page 16


 476              		.loc 1 345 7 is_stmt 1 view .LVU157
 477              		.loc 1 345 22 is_stmt 0 view .LVU158
 478 0074 FB68     		ldr	r3, [r7, #12]
 479              		.loc 1 345 10 view .LVU159
 480 0076 002B     		cmp	r3, #0
 481 0078 2DDA     		bge	.L52
 482              	.L31:
 346:ARM_SEGGER_RTT/SEGGER_RTT_printf.c ****       {
 347:ARM_SEGGER_RTT/SEGGER_RTT_printf.c ****         //
 348:ARM_SEGGER_RTT/SEGGER_RTT_printf.c ****         // Print number without sign
 349:ARM_SEGGER_RTT/SEGGER_RTT_printf.c ****         //
 350:ARM_SEGGER_RTT/SEGGER_RTT_printf.c ****         _PrintUnsigned(pBufferDesc, (unsigned)v, Base, NumDigits, FieldWidth, FormatFlags);
 351:ARM_SEGGER_RTT/SEGGER_RTT_printf.c ****       }
 352:ARM_SEGGER_RTT/SEGGER_RTT_printf.c ****     }
 353:ARM_SEGGER_RTT/SEGGER_RTT_printf.c ****   }
 354:ARM_SEGGER_RTT/SEGGER_RTT_printf.c **** }
 483              		.loc 1 354 1 view .LVU160
 484 007a 02B0     		add	sp, sp, #8
 485              	.LCFI4:
 486              		.cfi_remember_state
 487              		.cfi_def_cfa_offset 32
 488              		@ sp needed
 489 007c BDE8F087 		pop	{r4, r5, r6, r7, r8, r9, r10, pc}
 490              	.LVL42:
 491              	.L39:
 492              	.LCFI5:
 493              		.cfi_restore_state
 297:ARM_SEGGER_RTT/SEGGER_RTT_printf.c ****       {
 494              		.loc 1 297 33 is_stmt 1 view .LVU161
 495 0080 002E     		cmp	r6, #0
 496 0082 E7D0     		beq	.L38
 297:ARM_SEGGER_RTT/SEGGER_RTT_printf.c ****       {
 497              		.loc 1 297 33 is_stmt 0 discriminator 1 view .LVU162
 498 0084 A642     		cmp	r6, r4
 499 0086 E5D9     		bls	.L38
 299:ARM_SEGGER_RTT/SEGGER_RTT_printf.c ****         _StoreChar(pBufferDesc, ' ');
 500              		.loc 1 299 9 is_stmt 1 view .LVU163
 299:ARM_SEGGER_RTT/SEGGER_RTT_printf.c ****         _StoreChar(pBufferDesc, ' ');
 501              		.loc 1 299 19 is_stmt 0 view .LVU164
 502 0088 013E     		subs	r6, r6, #1
 503              	.LVL43:
 300:ARM_SEGGER_RTT/SEGGER_RTT_printf.c ****         if (pBufferDesc->ReturnValue < 0)
 504              		.loc 1 300 9 is_stmt 1 view .LVU165
 505 008a 2021     		movs	r1, #32
 506 008c 3846     		mov	r0, r7
 507 008e FFF7FEFF 		bl	_StoreChar
 508              	.LVL44:
 301:ARM_SEGGER_RTT/SEGGER_RTT_printf.c ****         {
 509              		.loc 1 301 9 view .LVU166
 301:ARM_SEGGER_RTT/SEGGER_RTT_printf.c ****         {
 510              		.loc 1 301 24 is_stmt 0 view .LVU167
 511 0092 FB68     		ldr	r3, [r7, #12]
 301:ARM_SEGGER_RTT/SEGGER_RTT_printf.c ****         {
 512              		.loc 1 301 12 view .LVU168
 513 0094 002B     		cmp	r3, #0
 514 0096 F3DA     		bge	.L39
 515 0098 DCE7     		b	.L38
ARM GAS  C:\msys64\tmp\ccE5VQLR.s 			page 17


 516              	.L49:
 315:ARM_SEGGER_RTT/SEGGER_RTT_printf.c ****       _StoreChar(pBufferDesc, '-');
 517              		.loc 1 315 7 is_stmt 1 view .LVU169
 315:ARM_SEGGER_RTT/SEGGER_RTT_printf.c ****       _StoreChar(pBufferDesc, '-');
 518              		.loc 1 315 9 is_stmt 0 view .LVU170
 519 009a C8F10008 		rsb	r8, r8, #0
 520              	.LVL45:
 316:ARM_SEGGER_RTT/SEGGER_RTT_printf.c ****     }
 521              		.loc 1 316 7 is_stmt 1 view .LVU171
 522 009e 2D21     		movs	r1, #45
 523 00a0 3846     		mov	r0, r7
 524 00a2 FFF7FEFF 		bl	_StoreChar
 525              	.LVL46:
 526 00a6 DEE7     		b	.L43
 527              	.L50:
 320:ARM_SEGGER_RTT/SEGGER_RTT_printf.c ****     }
 528              		.loc 1 320 7 view .LVU172
 529 00a8 2B21     		movs	r1, #43
 530 00aa 3846     		mov	r0, r7
 531 00ac FFF7FEFF 		bl	_StoreChar
 532              	.LVL47:
 533 00b0 D9E7     		b	.L43
 534              	.L51:
 330:ARM_SEGGER_RTT/SEGGER_RTT_printf.c ****       {
 535              		.loc 1 330 126 is_stmt 0 discriminator 1 view .LVU173
 536 00b2 B9F1000F 		cmp	r9, #0
 537 00b6 DDD1     		bne	.L44
 332:ARM_SEGGER_RTT/SEGGER_RTT_printf.c ****         {
 538              		.loc 1 332 9 is_stmt 1 view .LVU174
 332:ARM_SEGGER_RTT/SEGGER_RTT_printf.c ****         {
 539              		.loc 1 332 12 is_stmt 0 view .LVU175
 540 00b8 002E     		cmp	r6, #0
 541 00ba DBD0     		beq	.L44
 542              	.L45:
 334:ARM_SEGGER_RTT/SEGGER_RTT_printf.c ****           {
 543              		.loc 1 334 37 is_stmt 1 view .LVU176
 544 00bc 002E     		cmp	r6, #0
 545 00be D9D0     		beq	.L44
 334:ARM_SEGGER_RTT/SEGGER_RTT_printf.c ****           {
 546              		.loc 1 334 37 is_stmt 0 discriminator 1 view .LVU177
 547 00c0 A642     		cmp	r6, r4
 548 00c2 D7D9     		bls	.L44
 336:ARM_SEGGER_RTT/SEGGER_RTT_printf.c ****             _StoreChar(pBufferDesc, '0');
 549              		.loc 1 336 13 is_stmt 1 view .LVU178
 336:ARM_SEGGER_RTT/SEGGER_RTT_printf.c ****             _StoreChar(pBufferDesc, '0');
 550              		.loc 1 336 23 is_stmt 0 view .LVU179
 551 00c4 013E     		subs	r6, r6, #1
 552              	.LVL48:
 337:ARM_SEGGER_RTT/SEGGER_RTT_printf.c ****             if (pBufferDesc->ReturnValue < 0)
 553              		.loc 1 337 13 is_stmt 1 view .LVU180
 554 00c6 3021     		movs	r1, #48
 555 00c8 3846     		mov	r0, r7
 556 00ca FFF7FEFF 		bl	_StoreChar
 557              	.LVL49:
 338:ARM_SEGGER_RTT/SEGGER_RTT_printf.c ****             {
 558              		.loc 1 338 13 view .LVU181
 338:ARM_SEGGER_RTT/SEGGER_RTT_printf.c ****             {
ARM GAS  C:\msys64\tmp\ccE5VQLR.s 			page 18


 559              		.loc 1 338 28 is_stmt 0 view .LVU182
 560 00ce FB68     		ldr	r3, [r7, #12]
 338:ARM_SEGGER_RTT/SEGGER_RTT_printf.c ****             {
 561              		.loc 1 338 16 view .LVU183
 562 00d0 002B     		cmp	r3, #0
 563 00d2 F3DA     		bge	.L45
 564 00d4 CEE7     		b	.L44
 565              	.L52:
 350:ARM_SEGGER_RTT/SEGGER_RTT_printf.c ****       }
 566              		.loc 1 350 9 is_stmt 1 view .LVU184
 567 00d6 CDF804A0 		str	r10, [sp, #4]
 568 00da 0096     		str	r6, [sp]
 569 00dc 4B46     		mov	r3, r9
 570 00de 2A46     		mov	r2, r5
 571 00e0 4146     		mov	r1, r8
 572 00e2 3846     		mov	r0, r7
 573 00e4 FFF7FEFF 		bl	_PrintUnsigned
 574              	.LVL50:
 575              		.loc 1 354 1 is_stmt 0 view .LVU185
 576 00e8 C7E7     		b	.L31
 577              		.cfi_endproc
 578              	.LFE2:
 580              		.global	__aeabi_d2f
 581              		.section	.text.SEGGER_RTT_vprintf,"ax",%progbits
 582              		.align	1
 583              		.global	SEGGER_RTT_vprintf
 584              		.syntax unified
 585              		.thumb
 586              		.thumb_func
 588              	SEGGER_RTT_vprintf:
 589              	.LVL51:
 590              	.LFB3:
 355:ARM_SEGGER_RTT/SEGGER_RTT_printf.c **** 
 356:ARM_SEGGER_RTT/SEGGER_RTT_printf.c **** /*********************************************************************
 357:ARM_SEGGER_RTT/SEGGER_RTT_printf.c ****  *
 358:ARM_SEGGER_RTT/SEGGER_RTT_printf.c ****  *       Public code
 359:ARM_SEGGER_RTT/SEGGER_RTT_printf.c ****  *
 360:ARM_SEGGER_RTT/SEGGER_RTT_printf.c ****  **********************************************************************
 361:ARM_SEGGER_RTT/SEGGER_RTT_printf.c ****  */
 362:ARM_SEGGER_RTT/SEGGER_RTT_printf.c **** /*********************************************************************
 363:ARM_SEGGER_RTT/SEGGER_RTT_printf.c ****  *
 364:ARM_SEGGER_RTT/SEGGER_RTT_printf.c ****  *       SEGGER_RTT_vprintf
 365:ARM_SEGGER_RTT/SEGGER_RTT_printf.c ****  *
 366:ARM_SEGGER_RTT/SEGGER_RTT_printf.c ****  *  Function description
 367:ARM_SEGGER_RTT/SEGGER_RTT_printf.c ****  *    Stores a formatted string in SEGGER RTT control block.
 368:ARM_SEGGER_RTT/SEGGER_RTT_printf.c ****  *    This data is read by the host.
 369:ARM_SEGGER_RTT/SEGGER_RTT_printf.c ****  *
 370:ARM_SEGGER_RTT/SEGGER_RTT_printf.c ****  *  Parameters
 371:ARM_SEGGER_RTT/SEGGER_RTT_printf.c ****  *    BufferIndex  Index of "Up"-buffer to be used. (e.g. 0 for "Terminal")
 372:ARM_SEGGER_RTT/SEGGER_RTT_printf.c ****  *    sFormat      Pointer to format string
 373:ARM_SEGGER_RTT/SEGGER_RTT_printf.c ****  *    pParamList   Pointer to the list of arguments for the format string
 374:ARM_SEGGER_RTT/SEGGER_RTT_printf.c ****  *
 375:ARM_SEGGER_RTT/SEGGER_RTT_printf.c ****  *  Return values
 376:ARM_SEGGER_RTT/SEGGER_RTT_printf.c ****  *    >= 0:  Number of bytes which have been stored in the "Up"-buffer.
 377:ARM_SEGGER_RTT/SEGGER_RTT_printf.c ****  *     < 0:  Error
 378:ARM_SEGGER_RTT/SEGGER_RTT_printf.c ****  */
 379:ARM_SEGGER_RTT/SEGGER_RTT_printf.c **** int SEGGER_RTT_vprintf(unsigned BufferIndex, const char *sFormat, va_list *pParamList)
ARM GAS  C:\msys64\tmp\ccE5VQLR.s 			page 19


 380:ARM_SEGGER_RTT/SEGGER_RTT_printf.c **** {
 591              		.loc 1 380 1 is_stmt 1 view -0
 592              		.cfi_startproc
 593              		@ args = 0, pretend = 0, frame = 88
 594              		@ frame_needed = 0, uses_anonymous_args = 0
 595              		.loc 1 380 1 is_stmt 0 view .LVU187
 596 0000 2DE9F043 		push	{r4, r5, r6, r7, r8, r9, lr}
 597              	.LCFI6:
 598              		.cfi_def_cfa_offset 28
 599              		.cfi_offset 4, -28
 600              		.cfi_offset 5, -24
 601              		.cfi_offset 6, -20
 602              		.cfi_offset 7, -16
 603              		.cfi_offset 8, -12
 604              		.cfi_offset 9, -8
 605              		.cfi_offset 14, -4
 606 0004 2DED028B 		vpush.64	{d8}
 607              	.LCFI7:
 608              		.cfi_def_cfa_offset 36
 609              		.cfi_offset 80, -36
 610              		.cfi_offset 81, -32
 611 0008 99B0     		sub	sp, sp, #100
 612              	.LCFI8:
 613              		.cfi_def_cfa_offset 136
 614 000a 0746     		mov	r7, r0
 615 000c 0C46     		mov	r4, r1
 616 000e 1646     		mov	r6, r2
 381:ARM_SEGGER_RTT/SEGGER_RTT_printf.c ****   char c;
 617              		.loc 1 381 3 is_stmt 1 view .LVU188
 382:ARM_SEGGER_RTT/SEGGER_RTT_printf.c ****   SEGGER_RTT_PRINTF_DESC BufferDesc;
 618              		.loc 1 382 3 view .LVU189
 383:ARM_SEGGER_RTT/SEGGER_RTT_printf.c ****   int v;
 619              		.loc 1 383 3 view .LVU190
 384:ARM_SEGGER_RTT/SEGGER_RTT_printf.c ****   unsigned NumDigits;
 620              		.loc 1 384 3 view .LVU191
 385:ARM_SEGGER_RTT/SEGGER_RTT_printf.c ****   unsigned FormatFlags;
 621              		.loc 1 385 3 view .LVU192
 386:ARM_SEGGER_RTT/SEGGER_RTT_printf.c ****   unsigned FieldWidth;
 622              		.loc 1 386 3 view .LVU193
 387:ARM_SEGGER_RTT/SEGGER_RTT_printf.c ****   char acBuffer[SEGGER_RTT_PRINTF_BUFFER_SIZE];
 623              		.loc 1 387 3 view .LVU194
 388:ARM_SEGGER_RTT/SEGGER_RTT_printf.c **** 
 389:ARM_SEGGER_RTT/SEGGER_RTT_printf.c ****   BufferDesc.pBuffer = acBuffer;
 624              		.loc 1 389 3 view .LVU195
 625              		.loc 1 389 22 is_stmt 0 view .LVU196
 626 0010 03AB     		add	r3, sp, #12
 627 0012 1393     		str	r3, [sp, #76]
 390:ARM_SEGGER_RTT/SEGGER_RTT_printf.c ****   BufferDesc.BufferSize = SEGGER_RTT_PRINTF_BUFFER_SIZE;
 628              		.loc 1 390 3 is_stmt 1 view .LVU197
 629              		.loc 1 390 25 is_stmt 0 view .LVU198
 630 0014 4023     		movs	r3, #64
 631 0016 1493     		str	r3, [sp, #80]
 391:ARM_SEGGER_RTT/SEGGER_RTT_printf.c ****   BufferDesc.Cnt = 0u;
 632              		.loc 1 391 3 is_stmt 1 view .LVU199
 633              		.loc 1 391 18 is_stmt 0 view .LVU200
 634 0018 0023     		movs	r3, #0
 635 001a 1593     		str	r3, [sp, #84]
ARM GAS  C:\msys64\tmp\ccE5VQLR.s 			page 20


 392:ARM_SEGGER_RTT/SEGGER_RTT_printf.c ****   BufferDesc.RTTBufferIndex = BufferIndex;
 636              		.loc 1 392 3 is_stmt 1 view .LVU201
 637              		.loc 1 392 29 is_stmt 0 view .LVU202
 638 001c 1790     		str	r0, [sp, #92]
 393:ARM_SEGGER_RTT/SEGGER_RTT_printf.c ****   BufferDesc.ReturnValue = 0;
 639              		.loc 1 393 3 is_stmt 1 view .LVU203
 640              		.loc 1 393 26 is_stmt 0 view .LVU204
 641 001e 1693     		str	r3, [sp, #88]
 642 0020 97E0     		b	.L84
 643              	.LVL52:
 644              	.L95:
 394:ARM_SEGGER_RTT/SEGGER_RTT_printf.c **** 
 395:ARM_SEGGER_RTT/SEGGER_RTT_printf.c ****   do
 396:ARM_SEGGER_RTT/SEGGER_RTT_printf.c ****   {
 397:ARM_SEGGER_RTT/SEGGER_RTT_printf.c ****     c = *sFormat;
 398:ARM_SEGGER_RTT/SEGGER_RTT_printf.c ****     sFormat++;
 399:ARM_SEGGER_RTT/SEGGER_RTT_printf.c ****     if (c == 0u)
 400:ARM_SEGGER_RTT/SEGGER_RTT_printf.c ****     {
 401:ARM_SEGGER_RTT/SEGGER_RTT_printf.c ****       break;
 402:ARM_SEGGER_RTT/SEGGER_RTT_printf.c ****     }
 403:ARM_SEGGER_RTT/SEGGER_RTT_printf.c ****     if (c == '%')
 404:ARM_SEGGER_RTT/SEGGER_RTT_printf.c ****     {
 405:ARM_SEGGER_RTT/SEGGER_RTT_printf.c ****       //
 406:ARM_SEGGER_RTT/SEGGER_RTT_printf.c ****       // Filter out flags
 407:ARM_SEGGER_RTT/SEGGER_RTT_printf.c ****       //
 408:ARM_SEGGER_RTT/SEGGER_RTT_printf.c ****       FormatFlags = 0u;
 645              		.loc 1 408 19 view .LVU205
 646 0022 0025     		movs	r5, #0
 409:ARM_SEGGER_RTT/SEGGER_RTT_printf.c ****       v = 1;
 647              		.loc 1 409 9 view .LVU206
 648 0024 0122     		movs	r2, #1
 649 0026 11E0     		b	.L62
 650              	.LVL53:
 651              	.L59:
 410:ARM_SEGGER_RTT/SEGGER_RTT_printf.c ****       do
 411:ARM_SEGGER_RTT/SEGGER_RTT_printf.c ****       {
 412:ARM_SEGGER_RTT/SEGGER_RTT_printf.c ****         c = *sFormat;
 413:ARM_SEGGER_RTT/SEGGER_RTT_printf.c ****         switch (c)
 414:ARM_SEGGER_RTT/SEGGER_RTT_printf.c ****         {
 415:ARM_SEGGER_RTT/SEGGER_RTT_printf.c ****         case '-':
 416:ARM_SEGGER_RTT/SEGGER_RTT_printf.c ****           FormatFlags |= FORMAT_FLAG_LEFT_JUSTIFY;
 652              		.loc 1 416 11 is_stmt 1 view .LVU207
 653              		.loc 1 416 23 is_stmt 0 view .LVU208
 654 0028 45F00105 		orr	r5, r5, #1
 655              	.LVL54:
 417:ARM_SEGGER_RTT/SEGGER_RTT_printf.c ****           sFormat++;
 656              		.loc 1 417 11 is_stmt 1 view .LVU209
 657              		.loc 1 417 18 is_stmt 0 view .LVU210
 658 002c 0134     		adds	r4, r4, #1
 659              	.LVL55:
 418:ARM_SEGGER_RTT/SEGGER_RTT_printf.c ****           break;
 660              		.loc 1 418 11 is_stmt 1 view .LVU211
 661 002e 0CE0     		b	.L56
 662              	.LVL56:
 663              	.L57:
 419:ARM_SEGGER_RTT/SEGGER_RTT_printf.c ****         case '0':
 420:ARM_SEGGER_RTT/SEGGER_RTT_printf.c ****           FormatFlags |= FORMAT_FLAG_PAD_ZERO;
ARM GAS  C:\msys64\tmp\ccE5VQLR.s 			page 21


 664              		.loc 1 420 11 view .LVU212
 665              		.loc 1 420 23 is_stmt 0 view .LVU213
 666 0030 45F00205 		orr	r5, r5, #2
 667              	.LVL57:
 421:ARM_SEGGER_RTT/SEGGER_RTT_printf.c ****           sFormat++;
 668              		.loc 1 421 11 is_stmt 1 view .LVU214
 669              		.loc 1 421 18 is_stmt 0 view .LVU215
 670 0034 0134     		adds	r4, r4, #1
 671              	.LVL58:
 422:ARM_SEGGER_RTT/SEGGER_RTT_printf.c ****           break;
 672              		.loc 1 422 11 is_stmt 1 view .LVU216
 673 0036 08E0     		b	.L56
 674              	.LVL59:
 675              	.L60:
 423:ARM_SEGGER_RTT/SEGGER_RTT_printf.c ****         case '+':
 424:ARM_SEGGER_RTT/SEGGER_RTT_printf.c ****           FormatFlags |= FORMAT_FLAG_PRINT_SIGN;
 676              		.loc 1 424 11 view .LVU217
 677              		.loc 1 424 23 is_stmt 0 view .LVU218
 678 0038 45F00405 		orr	r5, r5, #4
 679              	.LVL60:
 425:ARM_SEGGER_RTT/SEGGER_RTT_printf.c ****           sFormat++;
 680              		.loc 1 425 11 is_stmt 1 view .LVU219
 681              		.loc 1 425 18 is_stmt 0 view .LVU220
 682 003c 0134     		adds	r4, r4, #1
 683              	.LVL61:
 426:ARM_SEGGER_RTT/SEGGER_RTT_printf.c ****           break;
 684              		.loc 1 426 11 is_stmt 1 view .LVU221
 685 003e 04E0     		b	.L56
 686              	.LVL62:
 687              	.L61:
 427:ARM_SEGGER_RTT/SEGGER_RTT_printf.c ****         case '#':
 428:ARM_SEGGER_RTT/SEGGER_RTT_printf.c ****           FormatFlags |= FORMAT_FLAG_ALTERNATE;
 688              		.loc 1 428 11 view .LVU222
 689              		.loc 1 428 23 is_stmt 0 view .LVU223
 690 0040 45F00805 		orr	r5, r5, #8
 691              	.LVL63:
 429:ARM_SEGGER_RTT/SEGGER_RTT_printf.c ****           sFormat++;
 692              		.loc 1 429 11 is_stmt 1 view .LVU224
 693              		.loc 1 429 18 is_stmt 0 view .LVU225
 694 0044 0134     		adds	r4, r4, #1
 695              	.LVL64:
 430:ARM_SEGGER_RTT/SEGGER_RTT_printf.c ****           break;
 696              		.loc 1 430 11 is_stmt 1 view .LVU226
 697 0046 00E0     		b	.L56
 698              	.LVL65:
 699              	.L87:
 413:ARM_SEGGER_RTT/SEGGER_RTT_printf.c ****         {
 700              		.loc 1 413 9 is_stmt 0 view .LVU227
 701 0048 0022     		movs	r2, #0
 702              	.LVL66:
 703              	.L56:
 431:ARM_SEGGER_RTT/SEGGER_RTT_printf.c ****         default:
 432:ARM_SEGGER_RTT/SEGGER_RTT_printf.c ****           v = 0;
 433:ARM_SEGGER_RTT/SEGGER_RTT_printf.c ****           break;
 434:ARM_SEGGER_RTT/SEGGER_RTT_printf.c ****         }
 435:ARM_SEGGER_RTT/SEGGER_RTT_printf.c ****       } while (v);
 704              		.loc 1 435 16 is_stmt 1 view .LVU228
ARM GAS  C:\msys64\tmp\ccE5VQLR.s 			page 22


 705 004a 1AB3     		cbz	r2, .L92
 706              	.LVL67:
 707              	.L62:
 410:ARM_SEGGER_RTT/SEGGER_RTT_printf.c ****       {
 708              		.loc 1 410 7 view .LVU229
 412:ARM_SEGGER_RTT/SEGGER_RTT_printf.c ****         switch (c)
 709              		.loc 1 412 9 view .LVU230
 412:ARM_SEGGER_RTT/SEGGER_RTT_printf.c ****         switch (c)
 710              		.loc 1 412 11 is_stmt 0 view .LVU231
 711 004c 2378     		ldrb	r3, [r4]	@ zero_extendqisi2
 712              	.LVL68:
 413:ARM_SEGGER_RTT/SEGGER_RTT_printf.c ****         {
 713              		.loc 1 413 9 is_stmt 1 view .LVU232
 714 004e 233B     		subs	r3, r3, #35
 715 0050 0D2B     		cmp	r3, #13
 716 0052 F9D8     		bhi	.L87
 717 0054 01A1     		adr	r1, .L58
 718 0056 51F823F0 		ldr	pc, [r1, r3, lsl #2]
 719 005a 00BF     		.p2align 2
 720              	.L58:
 721 005c 41000000 		.word	.L61+1
 722 0060 49000000 		.word	.L87+1
 723 0064 49000000 		.word	.L87+1
 724 0068 49000000 		.word	.L87+1
 725 006c 49000000 		.word	.L87+1
 726 0070 49000000 		.word	.L87+1
 727 0074 49000000 		.word	.L87+1
 728 0078 49000000 		.word	.L87+1
 729 007c 39000000 		.word	.L60+1
 730 0080 49000000 		.word	.L87+1
 731 0084 29000000 		.word	.L59+1
 732 0088 49000000 		.word	.L87+1
 733 008c 49000000 		.word	.L87+1
 734 0090 31000000 		.word	.L57+1
 735              	.LVL69:
 736              		.p2align 1
 737              	.L92:
 436:ARM_SEGGER_RTT/SEGGER_RTT_printf.c ****       //
 437:ARM_SEGGER_RTT/SEGGER_RTT_printf.c ****       // filter out field with
 438:ARM_SEGGER_RTT/SEGGER_RTT_printf.c ****       //
 439:ARM_SEGGER_RTT/SEGGER_RTT_printf.c ****       FieldWidth = 0u;
 738              		.loc 1 439 18 is_stmt 0 view .LVU233
 739 0094 4FF00008 		mov	r8, #0
 740 0098 06E0     		b	.L64
 741              	.LVL70:
 742              	.L93:
 440:ARM_SEGGER_RTT/SEGGER_RTT_printf.c ****       do
 441:ARM_SEGGER_RTT/SEGGER_RTT_printf.c ****       {
 442:ARM_SEGGER_RTT/SEGGER_RTT_printf.c ****         c = *sFormat;
 443:ARM_SEGGER_RTT/SEGGER_RTT_printf.c ****         if ((c < '0') || (c > '9'))
 444:ARM_SEGGER_RTT/SEGGER_RTT_printf.c ****         {
 445:ARM_SEGGER_RTT/SEGGER_RTT_printf.c ****           break;
 446:ARM_SEGGER_RTT/SEGGER_RTT_printf.c ****         }
 447:ARM_SEGGER_RTT/SEGGER_RTT_printf.c ****         sFormat++;
 743              		.loc 1 447 9 is_stmt 1 view .LVU234
 744              		.loc 1 447 16 is_stmt 0 view .LVU235
 745 009a 0134     		adds	r4, r4, #1
ARM GAS  C:\msys64\tmp\ccE5VQLR.s 			page 23


 746              	.LVL71:
 448:ARM_SEGGER_RTT/SEGGER_RTT_printf.c ****         FieldWidth = (FieldWidth * 10u) + ((unsigned)c - '0');
 747              		.loc 1 448 9 is_stmt 1 view .LVU236
 748              		.loc 1 448 34 is_stmt 0 view .LVU237
 749 009c 08EB8808 		add	r8, r8, r8, lsl #2
 750              	.LVL72:
 751              		.loc 1 448 41 view .LVU238
 752 00a0 03EB4803 		add	r3, r3, r8, lsl #1
 753              	.LVL73:
 754              		.loc 1 448 20 view .LVU239
 755 00a4 A3F13008 		sub	r8, r3, #48
 756              	.LVL74:
 441:ARM_SEGGER_RTT/SEGGER_RTT_printf.c ****         c = *sFormat;
 757              		.loc 1 441 7 is_stmt 1 view .LVU240
 758              	.L64:
 440:ARM_SEGGER_RTT/SEGGER_RTT_printf.c ****       do
 759              		.loc 1 440 7 view .LVU241
 442:ARM_SEGGER_RTT/SEGGER_RTT_printf.c ****         if ((c < '0') || (c > '9'))
 760              		.loc 1 442 9 view .LVU242
 442:ARM_SEGGER_RTT/SEGGER_RTT_printf.c ****         if ((c < '0') || (c > '9'))
 761              		.loc 1 442 11 is_stmt 0 view .LVU243
 762 00a8 2378     		ldrb	r3, [r4]	@ zero_extendqisi2
 763              	.LVL75:
 443:ARM_SEGGER_RTT/SEGGER_RTT_printf.c ****         {
 764              		.loc 1 443 9 is_stmt 1 view .LVU244
 443:ARM_SEGGER_RTT/SEGGER_RTT_printf.c ****         {
 765              		.loc 1 443 23 is_stmt 0 view .LVU245
 766 00aa A3F13002 		sub	r2, r3, #48
 767 00ae D2B2     		uxtb	r2, r2
 443:ARM_SEGGER_RTT/SEGGER_RTT_printf.c ****         {
 768              		.loc 1 443 12 view .LVU246
 769 00b0 092A     		cmp	r2, #9
 770 00b2 F2D9     		bls	.L93
 449:ARM_SEGGER_RTT/SEGGER_RTT_printf.c ****       } while (1);
 450:ARM_SEGGER_RTT/SEGGER_RTT_printf.c **** 
 451:ARM_SEGGER_RTT/SEGGER_RTT_printf.c ****       //
 452:ARM_SEGGER_RTT/SEGGER_RTT_printf.c ****       // Filter out precision (number of digits to display)
 453:ARM_SEGGER_RTT/SEGGER_RTT_printf.c ****       //
 454:ARM_SEGGER_RTT/SEGGER_RTT_printf.c ****       NumDigits = 0u;
 771              		.loc 1 454 7 is_stmt 1 view .LVU247
 772              	.LVL76:
 455:ARM_SEGGER_RTT/SEGGER_RTT_printf.c ****       c = *sFormat;
 773              		.loc 1 455 7 view .LVU248
 456:ARM_SEGGER_RTT/SEGGER_RTT_printf.c ****       if (c == '.')
 774              		.loc 1 456 7 view .LVU249
 775              		.loc 1 456 10 is_stmt 0 view .LVU250
 776 00b4 2E2B     		cmp	r3, #46
 777 00b6 03D0     		beq	.L94
 454:ARM_SEGGER_RTT/SEGGER_RTT_printf.c ****       c = *sFormat;
 778              		.loc 1 454 17 view .LVU251
 779 00b8 4FF00009 		mov	r9, #0
 780              	.LVL77:
 781              	.L65:
 457:ARM_SEGGER_RTT/SEGGER_RTT_printf.c ****       {
 458:ARM_SEGGER_RTT/SEGGER_RTT_printf.c ****         sFormat++;
 459:ARM_SEGGER_RTT/SEGGER_RTT_printf.c ****         do
 460:ARM_SEGGER_RTT/SEGGER_RTT_printf.c ****         {
ARM GAS  C:\msys64\tmp\ccE5VQLR.s 			page 24


 461:ARM_SEGGER_RTT/SEGGER_RTT_printf.c ****           c = *sFormat;
 462:ARM_SEGGER_RTT/SEGGER_RTT_printf.c ****           if ((c < '0') || (c > '9'))
 463:ARM_SEGGER_RTT/SEGGER_RTT_printf.c ****           {
 464:ARM_SEGGER_RTT/SEGGER_RTT_printf.c ****             break;
 465:ARM_SEGGER_RTT/SEGGER_RTT_printf.c ****           }
 466:ARM_SEGGER_RTT/SEGGER_RTT_printf.c ****           sFormat++;
 467:ARM_SEGGER_RTT/SEGGER_RTT_printf.c ****           NumDigits = NumDigits * 10u + ((unsigned)c - '0');
 468:ARM_SEGGER_RTT/SEGGER_RTT_printf.c ****         } while (1);
 469:ARM_SEGGER_RTT/SEGGER_RTT_printf.c ****       }
 470:ARM_SEGGER_RTT/SEGGER_RTT_printf.c ****       //
 471:ARM_SEGGER_RTT/SEGGER_RTT_printf.c ****       // Filter out length modifier
 472:ARM_SEGGER_RTT/SEGGER_RTT_printf.c ****       //
 473:ARM_SEGGER_RTT/SEGGER_RTT_printf.c ****       c = *sFormat;
 782              		.loc 1 473 7 is_stmt 1 view .LVU252
 783              		.loc 1 473 9 is_stmt 0 view .LVU253
 784 00bc 2378     		ldrb	r3, [r4]	@ zero_extendqisi2
 785              	.LVL78:
 786              		.loc 1 473 9 view .LVU254
 787 00be 12E0     		b	.L69
 788              	.LVL79:
 789              	.L94:
 458:ARM_SEGGER_RTT/SEGGER_RTT_printf.c ****         do
 790              		.loc 1 458 9 is_stmt 1 view .LVU255
 458:ARM_SEGGER_RTT/SEGGER_RTT_printf.c ****         do
 791              		.loc 1 458 16 is_stmt 0 view .LVU256
 792 00c0 0134     		adds	r4, r4, #1
 793              	.LVL80:
 454:ARM_SEGGER_RTT/SEGGER_RTT_printf.c ****       c = *sFormat;
 794              		.loc 1 454 17 view .LVU257
 795 00c2 4FF00009 		mov	r9, #0
 796              	.LVL81:
 797              	.L66:
 459:ARM_SEGGER_RTT/SEGGER_RTT_printf.c ****         {
 798              		.loc 1 459 9 is_stmt 1 view .LVU258
 461:ARM_SEGGER_RTT/SEGGER_RTT_printf.c ****           if ((c < '0') || (c > '9'))
 799              		.loc 1 461 11 view .LVU259
 461:ARM_SEGGER_RTT/SEGGER_RTT_printf.c ****           if ((c < '0') || (c > '9'))
 800              		.loc 1 461 13 is_stmt 0 view .LVU260
 801 00c6 2378     		ldrb	r3, [r4]	@ zero_extendqisi2
 802              	.LVL82:
 462:ARM_SEGGER_RTT/SEGGER_RTT_printf.c ****           {
 803              		.loc 1 462 11 is_stmt 1 view .LVU261
 462:ARM_SEGGER_RTT/SEGGER_RTT_printf.c ****           {
 804              		.loc 1 462 25 is_stmt 0 view .LVU262
 805 00c8 A3F13002 		sub	r2, r3, #48
 806 00cc D2B2     		uxtb	r2, r2
 462:ARM_SEGGER_RTT/SEGGER_RTT_printf.c ****           {
 807              		.loc 1 462 14 view .LVU263
 808 00ce 092A     		cmp	r2, #9
 809 00d0 F4D8     		bhi	.L65
 466:ARM_SEGGER_RTT/SEGGER_RTT_printf.c ****           NumDigits = NumDigits * 10u + ((unsigned)c - '0');
 810              		.loc 1 466 11 is_stmt 1 view .LVU264
 466:ARM_SEGGER_RTT/SEGGER_RTT_printf.c ****           NumDigits = NumDigits * 10u + ((unsigned)c - '0');
 811              		.loc 1 466 18 is_stmt 0 view .LVU265
 812 00d2 0134     		adds	r4, r4, #1
 813              	.LVL83:
 467:ARM_SEGGER_RTT/SEGGER_RTT_printf.c ****         } while (1);
ARM GAS  C:\msys64\tmp\ccE5VQLR.s 			page 25


 814              		.loc 1 467 11 is_stmt 1 view .LVU266
 467:ARM_SEGGER_RTT/SEGGER_RTT_printf.c ****         } while (1);
 815              		.loc 1 467 33 is_stmt 0 view .LVU267
 816 00d4 09EB8909 		add	r9, r9, r9, lsl #2
 817              	.LVL84:
 467:ARM_SEGGER_RTT/SEGGER_RTT_printf.c ****         } while (1);
 818              		.loc 1 467 39 view .LVU268
 819 00d8 03EB4903 		add	r3, r3, r9, lsl #1
 820              	.LVL85:
 467:ARM_SEGGER_RTT/SEGGER_RTT_printf.c ****         } while (1);
 821              		.loc 1 467 21 view .LVU269
 822 00dc A3F13009 		sub	r9, r3, #48
 823              	.LVL86:
 460:ARM_SEGGER_RTT/SEGGER_RTT_printf.c ****           c = *sFormat;
 824              		.loc 1 460 9 is_stmt 1 view .LVU270
 461:ARM_SEGGER_RTT/SEGGER_RTT_printf.c ****           if ((c < '0') || (c > '9'))
 825              		.loc 1 461 13 is_stmt 0 view .LVU271
 826 00e0 F1E7     		b	.L66
 827              	.LVL87:
 828              	.L67:
 474:ARM_SEGGER_RTT/SEGGER_RTT_printf.c ****       do
 475:ARM_SEGGER_RTT/SEGGER_RTT_printf.c ****       {
 476:ARM_SEGGER_RTT/SEGGER_RTT_printf.c ****         if ((c == 'l') || (c == 'h'))
 477:ARM_SEGGER_RTT/SEGGER_RTT_printf.c ****         {
 478:ARM_SEGGER_RTT/SEGGER_RTT_printf.c ****           sFormat++;
 829              		.loc 1 478 11 is_stmt 1 view .LVU272
 479:ARM_SEGGER_RTT/SEGGER_RTT_printf.c ****           c = *sFormat;
 830              		.loc 1 479 11 view .LVU273
 831              		.loc 1 479 13 is_stmt 0 view .LVU274
 832 00e2 14F8013F 		ldrb	r3, [r4, #1]!	@ zero_extendqisi2
 833              	.LVL88:
 475:ARM_SEGGER_RTT/SEGGER_RTT_printf.c ****         if ((c == 'l') || (c == 'h'))
 834              		.loc 1 475 7 is_stmt 1 view .LVU275
 835              	.L69:
 474:ARM_SEGGER_RTT/SEGGER_RTT_printf.c ****       do
 836              		.loc 1 474 7 view .LVU276
 476:ARM_SEGGER_RTT/SEGGER_RTT_printf.c ****         {
 837              		.loc 1 476 9 view .LVU277
 476:ARM_SEGGER_RTT/SEGGER_RTT_printf.c ****         {
 838              		.loc 1 476 12 is_stmt 0 view .LVU278
 839 00e6 6C2B     		cmp	r3, #108
 840 00e8 FBD0     		beq	.L67
 476:ARM_SEGGER_RTT/SEGGER_RTT_printf.c ****         {
 841              		.loc 1 476 24 discriminator 1 view .LVU279
 842 00ea 682B     		cmp	r3, #104
 843 00ec F9D0     		beq	.L67
 480:ARM_SEGGER_RTT/SEGGER_RTT_printf.c ****         }
 481:ARM_SEGGER_RTT/SEGGER_RTT_printf.c ****         else
 482:ARM_SEGGER_RTT/SEGGER_RTT_printf.c ****         {
 483:ARM_SEGGER_RTT/SEGGER_RTT_printf.c ****           break;
 484:ARM_SEGGER_RTT/SEGGER_RTT_printf.c ****         }
 485:ARM_SEGGER_RTT/SEGGER_RTT_printf.c ****       } while (1);
 486:ARM_SEGGER_RTT/SEGGER_RTT_printf.c ****       //
 487:ARM_SEGGER_RTT/SEGGER_RTT_printf.c ****       // Handle specifiers
 488:ARM_SEGGER_RTT/SEGGER_RTT_printf.c ****       //
 489:ARM_SEGGER_RTT/SEGGER_RTT_printf.c ****       switch (c)
 844              		.loc 1 489 7 is_stmt 1 view .LVU280
ARM GAS  C:\msys64\tmp\ccE5VQLR.s 			page 26


 845 00ee 252B     		cmp	r3, #37
 846 00f0 7ED0     		beq	.L70
 847 00f2 29D3     		bcc	.L71
 848 00f4 782B     		cmp	r3, #120
 849 00f6 27D8     		bhi	.L71
 850 00f8 462B     		cmp	r3, #70
 851 00fa 25D3     		bcc	.L71
 852 00fc 463B     		subs	r3, r3, #70
 853              	.LVL89:
 854              		.loc 1 489 7 is_stmt 0 view .LVU281
 855 00fe 322B     		cmp	r3, #50
 856 0100 22D8     		bhi	.L71
 857 0102 DFE803F0 		tbb	[pc, r3]
 858              	.L73:
 859 0106 7A       		.byte	(.L77-.L73)/2
 860 0107 21       		.byte	(.L71-.L73)/2
 861 0108 21       		.byte	(.L71-.L73)/2
 862 0109 21       		.byte	(.L71-.L73)/2
 863 010a 21       		.byte	(.L71-.L73)/2
 864 010b 21       		.byte	(.L71-.L73)/2
 865 010c 21       		.byte	(.L71-.L73)/2
 866 010d 21       		.byte	(.L71-.L73)/2
 867 010e 21       		.byte	(.L71-.L73)/2
 868 010f 21       		.byte	(.L71-.L73)/2
 869 0110 21       		.byte	(.L71-.L73)/2
 870 0111 21       		.byte	(.L71-.L73)/2
 871 0112 21       		.byte	(.L71-.L73)/2
 872 0113 21       		.byte	(.L71-.L73)/2
 873 0114 21       		.byte	(.L71-.L73)/2
 874 0115 21       		.byte	(.L71-.L73)/2
 875 0116 21       		.byte	(.L71-.L73)/2
 876 0117 21       		.byte	(.L71-.L73)/2
 877 0118 4C       		.byte	(.L72-.L73)/2
 878 0119 21       		.byte	(.L71-.L73)/2
 879 011a 21       		.byte	(.L71-.L73)/2
 880 011b 21       		.byte	(.L71-.L73)/2
 881 011c 21       		.byte	(.L71-.L73)/2
 882 011d 21       		.byte	(.L71-.L73)/2
 883 011e 21       		.byte	(.L71-.L73)/2
 884 011f 21       		.byte	(.L71-.L73)/2
 885 0120 21       		.byte	(.L71-.L73)/2
 886 0121 21       		.byte	(.L71-.L73)/2
 887 0122 21       		.byte	(.L71-.L73)/2
 888 0123 1A       		.byte	(.L79-.L73)/2
 889 0124 32       		.byte	(.L78-.L73)/2
 890 0125 21       		.byte	(.L71-.L73)/2
 891 0126 7A       		.byte	(.L77-.L73)/2
 892 0127 21       		.byte	(.L71-.L73)/2
 893 0128 21       		.byte	(.L71-.L73)/2
 894 0129 21       		.byte	(.L71-.L73)/2
 895 012a 21       		.byte	(.L71-.L73)/2
 896 012b 21       		.byte	(.L71-.L73)/2
 897 012c 21       		.byte	(.L71-.L73)/2
 898 012d 21       		.byte	(.L71-.L73)/2
 899 012e 21       		.byte	(.L71-.L73)/2
 900 012f 21       		.byte	(.L71-.L73)/2
 901 0130 68       		.byte	(.L76-.L73)/2
ARM GAS  C:\msys64\tmp\ccE5VQLR.s 			page 27


 902 0131 21       		.byte	(.L71-.L73)/2
 903 0132 21       		.byte	(.L71-.L73)/2
 904 0133 59       		.byte	(.L75-.L73)/2
 905 0134 21       		.byte	(.L71-.L73)/2
 906 0135 3F       		.byte	(.L74-.L73)/2
 907 0136 21       		.byte	(.L71-.L73)/2
 908 0137 21       		.byte	(.L71-.L73)/2
 909 0138 4C       		.byte	(.L72-.L73)/2
 910 0139 00       		.p2align 1
 911              	.L79:
 912              	.LBB2:
 490:ARM_SEGGER_RTT/SEGGER_RTT_printf.c ****       {
 491:ARM_SEGGER_RTT/SEGGER_RTT_printf.c ****       case 'c':
 492:ARM_SEGGER_RTT/SEGGER_RTT_printf.c ****       {
 493:ARM_SEGGER_RTT/SEGGER_RTT_printf.c ****         char c0;
 913              		.loc 1 493 9 is_stmt 1 view .LVU282
 494:ARM_SEGGER_RTT/SEGGER_RTT_printf.c ****         v = va_arg(*pParamList, int);
 914              		.loc 1 494 9 view .LVU283
 915              		.loc 1 494 11 is_stmt 0 view .LVU284
 916 013a 3368     		ldr	r3, [r6]
 917 013c 1A1D     		adds	r2, r3, #4
 918 013e 3260     		str	r2, [r6]
 495:ARM_SEGGER_RTT/SEGGER_RTT_printf.c ****         c0 = (char)v;
 919              		.loc 1 495 9 is_stmt 1 view .LVU285
 920              	.LVL90:
 496:ARM_SEGGER_RTT/SEGGER_RTT_printf.c ****         _StoreChar(&BufferDesc, c0);
 921              		.loc 1 496 9 view .LVU286
 922 0140 1978     		ldrb	r1, [r3]	@ zero_extendqisi2
 923 0142 13A8     		add	r0, sp, #76
 924 0144 FFF7FEFF 		bl	_StoreChar
 925              	.LVL91:
 497:ARM_SEGGER_RTT/SEGGER_RTT_printf.c ****         break;
 926              		.loc 1 497 9 view .LVU287
 927              	.L71:
 928              		.loc 1 497 9 is_stmt 0 view .LVU288
 929              	.LBE2:
 498:ARM_SEGGER_RTT/SEGGER_RTT_printf.c ****       }
 499:ARM_SEGGER_RTT/SEGGER_RTT_printf.c ****       case 'd':
 500:ARM_SEGGER_RTT/SEGGER_RTT_printf.c ****         v = va_arg(*pParamList, int);
 501:ARM_SEGGER_RTT/SEGGER_RTT_printf.c ****         _PrintInt(&BufferDesc, v, 10u, NumDigits, FieldWidth, FormatFlags);
 502:ARM_SEGGER_RTT/SEGGER_RTT_printf.c ****         break;
 503:ARM_SEGGER_RTT/SEGGER_RTT_printf.c ****       case 'u':
 504:ARM_SEGGER_RTT/SEGGER_RTT_printf.c ****         v = va_arg(*pParamList, int);
 505:ARM_SEGGER_RTT/SEGGER_RTT_printf.c ****         _PrintUnsigned(&BufferDesc, (unsigned)v, 10u, NumDigits, FieldWidth, FormatFlags);
 506:ARM_SEGGER_RTT/SEGGER_RTT_printf.c ****         break;
 507:ARM_SEGGER_RTT/SEGGER_RTT_printf.c ****       case 'x':
 508:ARM_SEGGER_RTT/SEGGER_RTT_printf.c ****       case 'X':
 509:ARM_SEGGER_RTT/SEGGER_RTT_printf.c ****         v = va_arg(*pParamList, int);
 510:ARM_SEGGER_RTT/SEGGER_RTT_printf.c ****         _PrintUnsigned(&BufferDesc, (unsigned)v, 16u, NumDigits, FieldWidth, FormatFlags);
 511:ARM_SEGGER_RTT/SEGGER_RTT_printf.c ****         break;
 512:ARM_SEGGER_RTT/SEGGER_RTT_printf.c ****       case 's':
 513:ARM_SEGGER_RTT/SEGGER_RTT_printf.c ****       {
 514:ARM_SEGGER_RTT/SEGGER_RTT_printf.c ****         const char *s = va_arg(*pParamList, const char *);
 515:ARM_SEGGER_RTT/SEGGER_RTT_printf.c ****         do
 516:ARM_SEGGER_RTT/SEGGER_RTT_printf.c ****         {
 517:ARM_SEGGER_RTT/SEGGER_RTT_printf.c ****           c = *s;
 518:ARM_SEGGER_RTT/SEGGER_RTT_printf.c ****           s++;
ARM GAS  C:\msys64\tmp\ccE5VQLR.s 			page 28


 519:ARM_SEGGER_RTT/SEGGER_RTT_printf.c ****           if (c == '\0')
 520:ARM_SEGGER_RTT/SEGGER_RTT_printf.c ****           {
 521:ARM_SEGGER_RTT/SEGGER_RTT_printf.c ****             break;
 522:ARM_SEGGER_RTT/SEGGER_RTT_printf.c ****           }
 523:ARM_SEGGER_RTT/SEGGER_RTT_printf.c ****           _StoreChar(&BufferDesc, c);
 524:ARM_SEGGER_RTT/SEGGER_RTT_printf.c ****         } while (BufferDesc.ReturnValue >= 0);
 525:ARM_SEGGER_RTT/SEGGER_RTT_printf.c ****       }
 526:ARM_SEGGER_RTT/SEGGER_RTT_printf.c ****       break;
 527:ARM_SEGGER_RTT/SEGGER_RTT_printf.c ****       case 'p':
 528:ARM_SEGGER_RTT/SEGGER_RTT_printf.c ****         v = va_arg(*pParamList, int);
 529:ARM_SEGGER_RTT/SEGGER_RTT_printf.c ****         _PrintUnsigned(&BufferDesc, (unsigned)v, 16u, 8u, 8u, 0u);
 530:ARM_SEGGER_RTT/SEGGER_RTT_printf.c ****         break;
 531:ARM_SEGGER_RTT/SEGGER_RTT_printf.c ****       case '%':
 532:ARM_SEGGER_RTT/SEGGER_RTT_printf.c ****         _StoreChar(&BufferDesc, '%');
 533:ARM_SEGGER_RTT/SEGGER_RTT_printf.c ****         break;
 534:ARM_SEGGER_RTT/SEGGER_RTT_printf.c ****       case 'f':
 535:ARM_SEGGER_RTT/SEGGER_RTT_printf.c ****       case 'F':
 536:ARM_SEGGER_RTT/SEGGER_RTT_printf.c ****       {
 537:ARM_SEGGER_RTT/SEGGER_RTT_printf.c ****         float fv = (float)va_arg(*pParamList, double); // Retrieves the input floating point value
 538:ARM_SEGGER_RTT/SEGGER_RTT_printf.c ****         if (fv < 0)
 539:ARM_SEGGER_RTT/SEGGER_RTT_printf.c ****           _StoreChar(&BufferDesc, '-');                                     // Judge the sign
 540:ARM_SEGGER_RTT/SEGGER_RTT_printf.c ****         v = abs((int)fv);                                                   // Take the positive in
 541:ARM_SEGGER_RTT/SEGGER_RTT_printf.c ****         _PrintInt(&BufferDesc, v, 10u, NumDigits, FieldWidth, FormatFlags); // According to an inte
 542:ARM_SEGGER_RTT/SEGGER_RTT_printf.c ****         _StoreChar(&BufferDesc, '.');                                       // Display decimal poin
 543:ARM_SEGGER_RTT/SEGGER_RTT_printf.c ****         v = abs((int)(fv * 1000));
 544:ARM_SEGGER_RTT/SEGGER_RTT_printf.c ****         v = v % 1000;
 545:ARM_SEGGER_RTT/SEGGER_RTT_printf.c ****         _PrintInt(&BufferDesc, v, 10u, 3, FieldWidth, FormatFlags); // Display three decimal places
 546:ARM_SEGGER_RTT/SEGGER_RTT_printf.c ****       }
 547:ARM_SEGGER_RTT/SEGGER_RTT_printf.c ****       break;
 548:ARM_SEGGER_RTT/SEGGER_RTT_printf.c ****       default:
 549:ARM_SEGGER_RTT/SEGGER_RTT_printf.c ****         break;
 550:ARM_SEGGER_RTT/SEGGER_RTT_printf.c ****       }
 551:ARM_SEGGER_RTT/SEGGER_RTT_printf.c ****       sFormat++;
 930              		.loc 1 551 7 is_stmt 1 view .LVU289
 931              		.loc 1 551 14 is_stmt 0 view .LVU290
 932 0148 0134     		adds	r4, r4, #1
 933              	.LVL92:
 934              	.L83:
 552:ARM_SEGGER_RTT/SEGGER_RTT_printf.c ****     }
 553:ARM_SEGGER_RTT/SEGGER_RTT_printf.c ****     else
 554:ARM_SEGGER_RTT/SEGGER_RTT_printf.c ****     {
 555:ARM_SEGGER_RTT/SEGGER_RTT_printf.c ****       _StoreChar(&BufferDesc, c);
 556:ARM_SEGGER_RTT/SEGGER_RTT_printf.c ****     }
 557:ARM_SEGGER_RTT/SEGGER_RTT_printf.c ****   } while (BufferDesc.ReturnValue >= 0);
 935              		.loc 1 557 35 is_stmt 1 view .LVU291
 936              		.loc 1 557 22 is_stmt 0 view .LVU292
 937 014a 169B     		ldr	r3, [sp, #88]
 938              		.loc 1 557 35 view .LVU293
 939 014c 002B     		cmp	r3, #0
 940 014e C0F29C80 		blt	.L54
 941              	.L84:
 395:ARM_SEGGER_RTT/SEGGER_RTT_printf.c ****   {
 942              		.loc 1 395 3 is_stmt 1 view .LVU294
 397:ARM_SEGGER_RTT/SEGGER_RTT_printf.c ****     sFormat++;
 943              		.loc 1 397 5 view .LVU295
 397:ARM_SEGGER_RTT/SEGGER_RTT_printf.c ****     sFormat++;
 944              		.loc 1 397 7 is_stmt 0 view .LVU296
ARM GAS  C:\msys64\tmp\ccE5VQLR.s 			page 29


 945 0152 14F8011B 		ldrb	r1, [r4], #1	@ zero_extendqisi2
 946              	.LVL93:
 398:ARM_SEGGER_RTT/SEGGER_RTT_printf.c ****     if (c == 0u)
 947              		.loc 1 398 5 is_stmt 1 view .LVU297
 399:ARM_SEGGER_RTT/SEGGER_RTT_printf.c ****     {
 948              		.loc 1 399 5 view .LVU298
 399:ARM_SEGGER_RTT/SEGGER_RTT_printf.c ****     {
 949              		.loc 1 399 8 is_stmt 0 view .LVU299
 950 0156 0029     		cmp	r1, #0
 951 0158 00F09780 		beq	.L54
 403:ARM_SEGGER_RTT/SEGGER_RTT_printf.c ****     {
 952              		.loc 1 403 5 is_stmt 1 view .LVU300
 403:ARM_SEGGER_RTT/SEGGER_RTT_printf.c ****     {
 953              		.loc 1 403 8 is_stmt 0 view .LVU301
 954 015c 2529     		cmp	r1, #37
 955 015e 3FF460AF 		beq	.L95
 555:ARM_SEGGER_RTT/SEGGER_RTT_printf.c ****     }
 956              		.loc 1 555 7 is_stmt 1 view .LVU302
 957 0162 13A8     		add	r0, sp, #76
 958 0164 FFF7FEFF 		bl	_StoreChar
 959              	.LVL94:
 555:ARM_SEGGER_RTT/SEGGER_RTT_printf.c ****     }
 960              		.loc 1 555 7 is_stmt 0 view .LVU303
 961 0168 EFE7     		b	.L83
 962              	.LVL95:
 963              	.L78:
 500:ARM_SEGGER_RTT/SEGGER_RTT_printf.c ****         _PrintInt(&BufferDesc, v, 10u, NumDigits, FieldWidth, FormatFlags);
 964              		.loc 1 500 9 is_stmt 1 view .LVU304
 500:ARM_SEGGER_RTT/SEGGER_RTT_printf.c ****         _PrintInt(&BufferDesc, v, 10u, NumDigits, FieldWidth, FormatFlags);
 965              		.loc 1 500 11 is_stmt 0 view .LVU305
 966 016a 3368     		ldr	r3, [r6]
 967 016c 1A1D     		adds	r2, r3, #4
 968 016e 3260     		str	r2, [r6]
 969 0170 1968     		ldr	r1, [r3]
 501:ARM_SEGGER_RTT/SEGGER_RTT_printf.c ****         break;
 970              		.loc 1 501 9 is_stmt 1 view .LVU306
 971 0172 0195     		str	r5, [sp, #4]
 972 0174 CDF80080 		str	r8, [sp]
 973 0178 4B46     		mov	r3, r9
 974 017a 0A22     		movs	r2, #10
 975 017c 13A8     		add	r0, sp, #76
 976 017e FFF7FEFF 		bl	_PrintInt
 977              	.LVL96:
 502:ARM_SEGGER_RTT/SEGGER_RTT_printf.c ****       case 'u':
 978              		.loc 1 502 9 view .LVU307
 979 0182 E1E7     		b	.L71
 980              	.L74:
 504:ARM_SEGGER_RTT/SEGGER_RTT_printf.c ****         _PrintUnsigned(&BufferDesc, (unsigned)v, 10u, NumDigits, FieldWidth, FormatFlags);
 981              		.loc 1 504 9 view .LVU308
 504:ARM_SEGGER_RTT/SEGGER_RTT_printf.c ****         _PrintUnsigned(&BufferDesc, (unsigned)v, 10u, NumDigits, FieldWidth, FormatFlags);
 982              		.loc 1 504 11 is_stmt 0 view .LVU309
 983 0184 3368     		ldr	r3, [r6]
 984 0186 1A1D     		adds	r2, r3, #4
 985 0188 3260     		str	r2, [r6]
 986 018a 1968     		ldr	r1, [r3]
 505:ARM_SEGGER_RTT/SEGGER_RTT_printf.c ****         break;
 987              		.loc 1 505 9 is_stmt 1 view .LVU310
ARM GAS  C:\msys64\tmp\ccE5VQLR.s 			page 30


 988 018c 0195     		str	r5, [sp, #4]
 989 018e CDF80080 		str	r8, [sp]
 990 0192 4B46     		mov	r3, r9
 991 0194 0A22     		movs	r2, #10
 992 0196 13A8     		add	r0, sp, #76
 993 0198 FFF7FEFF 		bl	_PrintUnsigned
 994              	.LVL97:
 506:ARM_SEGGER_RTT/SEGGER_RTT_printf.c ****       case 'x':
 995              		.loc 1 506 9 view .LVU311
 996 019c D4E7     		b	.L71
 997              	.L72:
 509:ARM_SEGGER_RTT/SEGGER_RTT_printf.c ****         _PrintUnsigned(&BufferDesc, (unsigned)v, 16u, NumDigits, FieldWidth, FormatFlags);
 998              		.loc 1 509 9 view .LVU312
 509:ARM_SEGGER_RTT/SEGGER_RTT_printf.c ****         _PrintUnsigned(&BufferDesc, (unsigned)v, 16u, NumDigits, FieldWidth, FormatFlags);
 999              		.loc 1 509 11 is_stmt 0 view .LVU313
 1000 019e 3368     		ldr	r3, [r6]
 1001 01a0 1A1D     		adds	r2, r3, #4
 1002 01a2 3260     		str	r2, [r6]
 1003 01a4 1968     		ldr	r1, [r3]
 510:ARM_SEGGER_RTT/SEGGER_RTT_printf.c ****         break;
 1004              		.loc 1 510 9 is_stmt 1 view .LVU314
 1005 01a6 0195     		str	r5, [sp, #4]
 1006 01a8 CDF80080 		str	r8, [sp]
 1007 01ac 4B46     		mov	r3, r9
 1008 01ae 1022     		movs	r2, #16
 1009 01b0 13A8     		add	r0, sp, #76
 1010 01b2 FFF7FEFF 		bl	_PrintUnsigned
 1011              	.LVL98:
 511:ARM_SEGGER_RTT/SEGGER_RTT_printf.c ****       case 's':
 1012              		.loc 1 511 9 view .LVU315
 1013 01b6 C7E7     		b	.L71
 1014              	.L75:
 1015              	.LBB3:
 514:ARM_SEGGER_RTT/SEGGER_RTT_printf.c ****         do
 1016              		.loc 1 514 9 view .LVU316
 514:ARM_SEGGER_RTT/SEGGER_RTT_printf.c ****         do
 1017              		.loc 1 514 21 is_stmt 0 view .LVU317
 1018 01b8 3368     		ldr	r3, [r6]
 1019 01ba 1A1D     		adds	r2, r3, #4
 1020 01bc 3260     		str	r2, [r6]
 1021 01be 1D68     		ldr	r5, [r3]
 1022              	.LVL99:
 1023              	.L80:
 515:ARM_SEGGER_RTT/SEGGER_RTT_printf.c ****         {
 1024              		.loc 1 515 9 is_stmt 1 view .LVU318
 517:ARM_SEGGER_RTT/SEGGER_RTT_printf.c ****           s++;
 1025              		.loc 1 517 11 view .LVU319
 517:ARM_SEGGER_RTT/SEGGER_RTT_printf.c ****           s++;
 1026              		.loc 1 517 13 is_stmt 0 view .LVU320
 1027 01c0 15F8011B 		ldrb	r1, [r5], #1	@ zero_extendqisi2
 1028              	.LVL100:
 518:ARM_SEGGER_RTT/SEGGER_RTT_printf.c ****           if (c == '\0')
 1029              		.loc 1 518 11 is_stmt 1 view .LVU321
 519:ARM_SEGGER_RTT/SEGGER_RTT_printf.c ****           {
 1030              		.loc 1 519 11 view .LVU322
 519:ARM_SEGGER_RTT/SEGGER_RTT_printf.c ****           {
 1031              		.loc 1 519 14 is_stmt 0 view .LVU323
ARM GAS  C:\msys64\tmp\ccE5VQLR.s 			page 31


 1032 01c4 0029     		cmp	r1, #0
 1033 01c6 BFD0     		beq	.L71
 523:ARM_SEGGER_RTT/SEGGER_RTT_printf.c ****         } while (BufferDesc.ReturnValue >= 0);
 1034              		.loc 1 523 11 is_stmt 1 view .LVU324
 1035 01c8 13A8     		add	r0, sp, #76
 1036 01ca FFF7FEFF 		bl	_StoreChar
 1037              	.LVL101:
 524:ARM_SEGGER_RTT/SEGGER_RTT_printf.c ****       }
 1038              		.loc 1 524 41 view .LVU325
 524:ARM_SEGGER_RTT/SEGGER_RTT_printf.c ****       }
 1039              		.loc 1 524 28 is_stmt 0 view .LVU326
 1040 01ce 169B     		ldr	r3, [sp, #88]
 524:ARM_SEGGER_RTT/SEGGER_RTT_printf.c ****       }
 1041              		.loc 1 524 41 view .LVU327
 1042 01d0 002B     		cmp	r3, #0
 1043 01d2 F5DA     		bge	.L80
 1044 01d4 B8E7     		b	.L71
 1045              	.LVL102:
 1046              	.L76:
 524:ARM_SEGGER_RTT/SEGGER_RTT_printf.c ****       }
 1047              		.loc 1 524 41 view .LVU328
 1048              	.LBE3:
 528:ARM_SEGGER_RTT/SEGGER_RTT_printf.c ****         _PrintUnsigned(&BufferDesc, (unsigned)v, 16u, 8u, 8u, 0u);
 1049              		.loc 1 528 9 is_stmt 1 view .LVU329
 528:ARM_SEGGER_RTT/SEGGER_RTT_printf.c ****         _PrintUnsigned(&BufferDesc, (unsigned)v, 16u, 8u, 8u, 0u);
 1050              		.loc 1 528 11 is_stmt 0 view .LVU330
 1051 01d6 3368     		ldr	r3, [r6]
 1052 01d8 1A1D     		adds	r2, r3, #4
 1053 01da 3260     		str	r2, [r6]
 1054 01dc 1968     		ldr	r1, [r3]
 529:ARM_SEGGER_RTT/SEGGER_RTT_printf.c ****         break;
 1055              		.loc 1 529 9 is_stmt 1 view .LVU331
 1056 01de 0023     		movs	r3, #0
 1057 01e0 0193     		str	r3, [sp, #4]
 1058 01e2 0823     		movs	r3, #8
 1059 01e4 0093     		str	r3, [sp]
 1060 01e6 1022     		movs	r2, #16
 1061 01e8 13A8     		add	r0, sp, #76
 1062 01ea FFF7FEFF 		bl	_PrintUnsigned
 1063              	.LVL103:
 530:ARM_SEGGER_RTT/SEGGER_RTT_printf.c ****       case '%':
 1064              		.loc 1 530 9 view .LVU332
 1065 01ee ABE7     		b	.L71
 1066              	.LVL104:
 1067              	.L70:
 532:ARM_SEGGER_RTT/SEGGER_RTT_printf.c ****         break;
 1068              		.loc 1 532 9 view .LVU333
 1069 01f0 2521     		movs	r1, #37
 1070 01f2 13A8     		add	r0, sp, #76
 1071 01f4 FFF7FEFF 		bl	_StoreChar
 1072              	.LVL105:
 533:ARM_SEGGER_RTT/SEGGER_RTT_printf.c ****       case 'f':
 1073              		.loc 1 533 9 view .LVU334
 1074 01f8 A6E7     		b	.L71
 1075              	.L77:
 1076              	.LBB4:
 537:ARM_SEGGER_RTT/SEGGER_RTT_printf.c ****         if (fv < 0)
ARM GAS  C:\msys64\tmp\ccE5VQLR.s 			page 32


 1077              		.loc 1 537 9 view .LVU335
 537:ARM_SEGGER_RTT/SEGGER_RTT_printf.c ****         if (fv < 0)
 1078              		.loc 1 537 27 is_stmt 0 view .LVU336
 1079 01fa 3368     		ldr	r3, [r6]
 1080 01fc 0733     		adds	r3, r3, #7
 1081 01fe 23F00703 		bic	r3, r3, #7
 1082 0202 03F10802 		add	r2, r3, #8
 1083 0206 3260     		str	r2, [r6]
 537:ARM_SEGGER_RTT/SEGGER_RTT_printf.c ****         if (fv < 0)
 1084              		.loc 1 537 15 view .LVU337
 1085 0208 D3E90001 		ldrd	r0, [r3]
 1086 020c FFF7FEFF 		bl	__aeabi_d2f
 1087              	.LVL106:
 1088 0210 08EE100A 		vmov	s16, r0
 1089              	.LVL107:
 538:ARM_SEGGER_RTT/SEGGER_RTT_printf.c ****           _StoreChar(&BufferDesc, '-');                                     // Judge the sign
 1090              		.loc 1 538 9 is_stmt 1 view .LVU338
 538:ARM_SEGGER_RTT/SEGGER_RTT_printf.c ****           _StoreChar(&BufferDesc, '-');                                     // Judge the sign
 1091              		.loc 1 538 12 is_stmt 0 view .LVU339
 1092 0214 B5EEC08A 		vcmpe.f32	s16, #0
 1093 0218 F1EE10FA 		vmrs	APSR_nzcv, FPSCR
 1094 021c 30D4     		bmi	.L96
 1095              	.LVL108:
 1096              	.L81:
 540:ARM_SEGGER_RTT/SEGGER_RTT_printf.c ****         _PrintInt(&BufferDesc, v, 10u, NumDigits, FieldWidth, FormatFlags); // According to an inte
 1097              		.loc 1 540 9 is_stmt 1 view .LVU340
 540:ARM_SEGGER_RTT/SEGGER_RTT_printf.c ****         _PrintInt(&BufferDesc, v, 10u, NumDigits, FieldWidth, FormatFlags); // According to an inte
 1098              		.loc 1 540 17 is_stmt 0 view .LVU341
 1099 021e FDEEC87A 		vcvt.s32.f32	s15, s16
 1100 0222 17EE901A 		vmov	r1, s15	@ int
 1101              	.LVL109:
 541:ARM_SEGGER_RTT/SEGGER_RTT_printf.c ****         _StoreChar(&BufferDesc, '.');                                       // Display decimal poin
 1102              		.loc 1 541 9 is_stmt 1 view .LVU342
 1103 0226 0195     		str	r5, [sp, #4]
 1104 0228 CDF80080 		str	r8, [sp]
 1105 022c 4B46     		mov	r3, r9
 1106 022e 0A22     		movs	r2, #10
 1107 0230 0029     		cmp	r1, #0
 1108 0232 B8BF     		it	lt
 1109 0234 4942     		rsblt	r1, r1, #0
 1110              	.LVL110:
 541:ARM_SEGGER_RTT/SEGGER_RTT_printf.c ****         _StoreChar(&BufferDesc, '.');                                       // Display decimal poin
 1111              		.loc 1 541 9 is_stmt 0 view .LVU343
 1112 0236 13A8     		add	r0, sp, #76
 1113 0238 FFF7FEFF 		bl	_PrintInt
 1114              	.LVL111:
 542:ARM_SEGGER_RTT/SEGGER_RTT_printf.c ****         v = abs((int)(fv * 1000));
 1115              		.loc 1 542 9 is_stmt 1 view .LVU344
 1116 023c 2E21     		movs	r1, #46
 1117 023e 13A8     		add	r0, sp, #76
 1118 0240 FFF7FEFF 		bl	_StoreChar
 1119              	.LVL112:
 543:ARM_SEGGER_RTT/SEGGER_RTT_printf.c ****         v = v % 1000;
 1120              		.loc 1 543 9 view .LVU345
 543:ARM_SEGGER_RTT/SEGGER_RTT_printf.c ****         v = v % 1000;
 1121              		.loc 1 543 26 is_stmt 0 view .LVU346
 1122 0244 DFED1B7A 		vldr.32	s15, .L98
ARM GAS  C:\msys64\tmp\ccE5VQLR.s 			page 33


 1123 0248 28EE278A 		vmul.f32	s16, s16, s15
 1124              	.LVL113:
 543:ARM_SEGGER_RTT/SEGGER_RTT_printf.c ****         v = v % 1000;
 1125              		.loc 1 543 17 view .LVU347
 1126 024c BDEEC88A 		vcvt.s32.f32	s16, s16
 543:ARM_SEGGER_RTT/SEGGER_RTT_printf.c ****         v = v % 1000;
 1127              		.loc 1 543 11 view .LVU348
 1128 0250 18EE100A 		vmov	r0, s16	@ int
 1129 0254 0028     		cmp	r0, #0
 1130 0256 B8BF     		it	lt
 1131 0258 4042     		rsblt	r0, r0, #0
 1132              	.LVL114:
 544:ARM_SEGGER_RTT/SEGGER_RTT_printf.c ****         _PrintInt(&BufferDesc, v, 10u, 3, FieldWidth, FormatFlags); // Display three decimal places
 1133              		.loc 1 544 9 is_stmt 1 view .LVU349
 544:ARM_SEGGER_RTT/SEGGER_RTT_printf.c ****         _PrintInt(&BufferDesc, v, 10u, 3, FieldWidth, FormatFlags); // Display three decimal places
 1134              		.loc 1 544 11 is_stmt 0 view .LVU350
 1135 025a 174B     		ldr	r3, .L98+4
 1136 025c 83FB0023 		smull	r2, r3, r3, r0
 1137 0260 C117     		asrs	r1, r0, #31
 1138 0262 C1EBA311 		rsb	r1, r1, r3, asr #6
 1139              	.LVL115:
 545:ARM_SEGGER_RTT/SEGGER_RTT_printf.c ****       }
 1140              		.loc 1 545 9 is_stmt 1 view .LVU351
 1141 0266 0195     		str	r5, [sp, #4]
 1142 0268 CDF80080 		str	r8, [sp]
 1143 026c 0323     		movs	r3, #3
 1144 026e 0A22     		movs	r2, #10
 1145 0270 4FF47A75 		mov	r5, #1000
 1146              	.LVL116:
 545:ARM_SEGGER_RTT/SEGGER_RTT_printf.c ****       }
 1147              		.loc 1 545 9 is_stmt 0 view .LVU352
 1148 0274 05FB1101 		mls	r1, r5, r1, r0
 1149              	.LVL117:
 545:ARM_SEGGER_RTT/SEGGER_RTT_printf.c ****       }
 1150              		.loc 1 545 9 view .LVU353
 1151 0278 13A8     		add	r0, sp, #76
 1152 027a FFF7FEFF 		bl	_PrintInt
 1153              	.LVL118:
 545:ARM_SEGGER_RTT/SEGGER_RTT_printf.c ****       }
 1154              		.loc 1 545 9 view .LVU354
 1155              	.LBE4:
 547:ARM_SEGGER_RTT/SEGGER_RTT_printf.c ****       default:
 1156              		.loc 1 547 7 is_stmt 1 view .LVU355
 1157 027e 63E7     		b	.L71
 1158              	.LVL119:
 1159              	.L96:
 1160              	.LBB5:
 539:ARM_SEGGER_RTT/SEGGER_RTT_printf.c ****         v = abs((int)fv);                                                   // Take the positive in
 1161              		.loc 1 539 11 view .LVU356
 1162 0280 2D21     		movs	r1, #45
 1163 0282 13A8     		add	r0, sp, #76
 1164              	.LVL120:
 539:ARM_SEGGER_RTT/SEGGER_RTT_printf.c ****         v = abs((int)fv);                                                   // Take the positive in
 1165              		.loc 1 539 11 is_stmt 0 view .LVU357
 1166 0284 FFF7FEFF 		bl	_StoreChar
 1167              	.LVL121:
 1168 0288 C9E7     		b	.L81
ARM GAS  C:\msys64\tmp\ccE5VQLR.s 			page 34


 1169              	.LVL122:
 1170              	.L54:
 539:ARM_SEGGER_RTT/SEGGER_RTT_printf.c ****         v = abs((int)fv);                                                   // Take the positive in
 1171              		.loc 1 539 11 view .LVU358
 1172              	.LBE5:
 558:ARM_SEGGER_RTT/SEGGER_RTT_printf.c **** 
 559:ARM_SEGGER_RTT/SEGGER_RTT_printf.c ****   if (BufferDesc.ReturnValue > 0)
 1173              		.loc 1 559 3 is_stmt 1 view .LVU359
 1174              		.loc 1 559 17 is_stmt 0 view .LVU360
 1175 028a 169B     		ldr	r3, [sp, #88]
 1176              		.loc 1 559 6 view .LVU361
 1177 028c 002B     		cmp	r3, #0
 1178 028e 05DD     		ble	.L85
 560:ARM_SEGGER_RTT/SEGGER_RTT_printf.c ****   {
 561:ARM_SEGGER_RTT/SEGGER_RTT_printf.c ****     //
 562:ARM_SEGGER_RTT/SEGGER_RTT_printf.c ****     // Write remaining data, if any
 563:ARM_SEGGER_RTT/SEGGER_RTT_printf.c ****     //
 564:ARM_SEGGER_RTT/SEGGER_RTT_printf.c ****     if (BufferDesc.Cnt != 0u)
 1179              		.loc 1 564 5 is_stmt 1 view .LVU362
 1180              		.loc 1 564 19 is_stmt 0 view .LVU363
 1181 0290 159A     		ldr	r2, [sp, #84]
 1182              		.loc 1 564 8 view .LVU364
 1183 0292 4AB9     		cbnz	r2, .L97
 1184              	.L86:
 565:ARM_SEGGER_RTT/SEGGER_RTT_printf.c ****     {
 566:ARM_SEGGER_RTT/SEGGER_RTT_printf.c ****       SEGGER_RTT_Write(BufferIndex, acBuffer, BufferDesc.Cnt);
 567:ARM_SEGGER_RTT/SEGGER_RTT_printf.c ****     }
 568:ARM_SEGGER_RTT/SEGGER_RTT_printf.c ****     BufferDesc.ReturnValue += (int)BufferDesc.Cnt;
 1185              		.loc 1 568 5 is_stmt 1 view .LVU365
 1186              		.loc 1 568 28 is_stmt 0 view .LVU366
 1187 0294 159A     		ldr	r2, [sp, #84]
 1188 0296 169B     		ldr	r3, [sp, #88]
 1189 0298 1344     		add	r3, r3, r2
 1190 029a 1693     		str	r3, [sp, #88]
 1191              	.L85:
 569:ARM_SEGGER_RTT/SEGGER_RTT_printf.c ****   }
 570:ARM_SEGGER_RTT/SEGGER_RTT_printf.c ****   return BufferDesc.ReturnValue;
 1192              		.loc 1 570 3 is_stmt 1 view .LVU367
 571:ARM_SEGGER_RTT/SEGGER_RTT_printf.c **** }
 1193              		.loc 1 571 1 is_stmt 0 view .LVU368
 1194 029c 1698     		ldr	r0, [sp, #88]
 1195 029e 19B0     		add	sp, sp, #100
 1196              	.LCFI9:
 1197              		.cfi_remember_state
 1198              		.cfi_def_cfa_offset 36
 1199              		@ sp needed
 1200 02a0 BDEC028B 		vldm	sp!, {d8}
 1201              	.LCFI10:
 1202              		.cfi_restore 80
 1203              		.cfi_restore 81
 1204              		.cfi_def_cfa_offset 28
 1205 02a4 BDE8F083 		pop	{r4, r5, r6, r7, r8, r9, pc}
 1206              	.LVL123:
 1207              	.L97:
 1208              	.LCFI11:
 1209              		.cfi_restore_state
 566:ARM_SEGGER_RTT/SEGGER_RTT_printf.c ****     }
ARM GAS  C:\msys64\tmp\ccE5VQLR.s 			page 35


 1210              		.loc 1 566 7 is_stmt 1 view .LVU369
 1211 02a8 03A9     		add	r1, sp, #12
 1212 02aa 3846     		mov	r0, r7
 1213 02ac FFF7FEFF 		bl	SEGGER_RTT_Write
 1214              	.LVL124:
 1215 02b0 F0E7     		b	.L86
 1216              	.L99:
 1217 02b2 00BF     		.align	2
 1218              	.L98:
 1219 02b4 00007A44 		.word	1148846080
 1220 02b8 D34D6210 		.word	274877907
 1221              		.cfi_endproc
 1222              	.LFE3:
 1224              		.section	.text.SEGGER_RTT_printf,"ax",%progbits
 1225              		.align	1
 1226              		.global	SEGGER_RTT_printf
 1227              		.syntax unified
 1228              		.thumb
 1229              		.thumb_func
 1231              	SEGGER_RTT_printf:
 1232              	.LVL125:
 1233              	.LFB4:
 572:ARM_SEGGER_RTT/SEGGER_RTT_printf.c **** 
 573:ARM_SEGGER_RTT/SEGGER_RTT_printf.c **** /*********************************************************************
 574:ARM_SEGGER_RTT/SEGGER_RTT_printf.c ****  *
 575:ARM_SEGGER_RTT/SEGGER_RTT_printf.c ****  *       SEGGER_RTT_printf
 576:ARM_SEGGER_RTT/SEGGER_RTT_printf.c ****  *
 577:ARM_SEGGER_RTT/SEGGER_RTT_printf.c ****  *  Function description
 578:ARM_SEGGER_RTT/SEGGER_RTT_printf.c ****  *    Stores a formatted string in SEGGER RTT control block.
 579:ARM_SEGGER_RTT/SEGGER_RTT_printf.c ****  *    This data is read by the host.
 580:ARM_SEGGER_RTT/SEGGER_RTT_printf.c ****  *
 581:ARM_SEGGER_RTT/SEGGER_RTT_printf.c ****  *  Parameters
 582:ARM_SEGGER_RTT/SEGGER_RTT_printf.c ****  *    BufferIndex  Index of "Up"-buffer to be used. (e.g. 0 for "Terminal")
 583:ARM_SEGGER_RTT/SEGGER_RTT_printf.c ****  *    sFormat      Pointer to format string, followed by the arguments for conversion
 584:ARM_SEGGER_RTT/SEGGER_RTT_printf.c ****  *
 585:ARM_SEGGER_RTT/SEGGER_RTT_printf.c ****  *  Return values
 586:ARM_SEGGER_RTT/SEGGER_RTT_printf.c ****  *    >= 0:  Number of bytes which have been stored in the "Up"-buffer.
 587:ARM_SEGGER_RTT/SEGGER_RTT_printf.c ****  *     < 0:  Error
 588:ARM_SEGGER_RTT/SEGGER_RTT_printf.c ****  *
 589:ARM_SEGGER_RTT/SEGGER_RTT_printf.c ****  *  Notes
 590:ARM_SEGGER_RTT/SEGGER_RTT_printf.c ****  *    (1) Conversion specifications have following syntax:
 591:ARM_SEGGER_RTT/SEGGER_RTT_printf.c ****  *          %[flags][FieldWidth][.Precision]ConversionSpecifier
 592:ARM_SEGGER_RTT/SEGGER_RTT_printf.c ****  *    (2) Supported flags:
 593:ARM_SEGGER_RTT/SEGGER_RTT_printf.c ****  *          -: Left justify within the field width
 594:ARM_SEGGER_RTT/SEGGER_RTT_printf.c ****  *          +: Always print sign extension for signed conversions
 595:ARM_SEGGER_RTT/SEGGER_RTT_printf.c ****  *          0: Pad with 0 instead of spaces. Ignored when using '-'-flag or precision
 596:ARM_SEGGER_RTT/SEGGER_RTT_printf.c ****  *        Supported conversion specifiers:
 597:ARM_SEGGER_RTT/SEGGER_RTT_printf.c ****  *          c: Print the argument as one char
 598:ARM_SEGGER_RTT/SEGGER_RTT_printf.c ****  *          d: Print the argument as a signed integer
 599:ARM_SEGGER_RTT/SEGGER_RTT_printf.c ****  *          u: Print the argument as an unsigned integer
 600:ARM_SEGGER_RTT/SEGGER_RTT_printf.c ****  *          x: Print the argument as an hexadecimal integer
 601:ARM_SEGGER_RTT/SEGGER_RTT_printf.c ****  *          s: Print the string pointed to by the argument
 602:ARM_SEGGER_RTT/SEGGER_RTT_printf.c ****  *          p: Print the argument as an 8-digit hexadecimal integer. (Argument shall be a pointer t
 603:ARM_SEGGER_RTT/SEGGER_RTT_printf.c ****  */
 604:ARM_SEGGER_RTT/SEGGER_RTT_printf.c **** int SEGGER_RTT_printf(unsigned BufferIndex, const char *sFormat, ...)
 605:ARM_SEGGER_RTT/SEGGER_RTT_printf.c **** {
 1234              		.loc 1 605 1 view -0
ARM GAS  C:\msys64\tmp\ccE5VQLR.s 			page 36


 1235              		.cfi_startproc
 1236              		@ args = 4, pretend = 12, frame = 8
 1237              		@ frame_needed = 0, uses_anonymous_args = 1
 1238              		.loc 1 605 1 is_stmt 0 view .LVU371
 1239 0000 0EB4     		push	{r1, r2, r3}
 1240              	.LCFI12:
 1241              		.cfi_def_cfa_offset 12
 1242              		.cfi_offset 1, -12
 1243              		.cfi_offset 2, -8
 1244              		.cfi_offset 3, -4
 1245 0002 00B5     		push	{lr}
 1246              	.LCFI13:
 1247              		.cfi_def_cfa_offset 16
 1248              		.cfi_offset 14, -16
 1249 0004 82B0     		sub	sp, sp, #8
 1250              	.LCFI14:
 1251              		.cfi_def_cfa_offset 24
 1252 0006 03AB     		add	r3, sp, #12
 1253 0008 53F8041B 		ldr	r1, [r3], #4
 606:ARM_SEGGER_RTT/SEGGER_RTT_printf.c ****   int r;
 1254              		.loc 1 606 3 is_stmt 1 view .LVU372
 607:ARM_SEGGER_RTT/SEGGER_RTT_printf.c ****   va_list ParamList;
 1255              		.loc 1 607 3 view .LVU373
 608:ARM_SEGGER_RTT/SEGGER_RTT_printf.c **** 
 609:ARM_SEGGER_RTT/SEGGER_RTT_printf.c ****   va_start(ParamList, sFormat);
 1256              		.loc 1 609 3 view .LVU374
 1257 000c 0193     		str	r3, [sp, #4]
 610:ARM_SEGGER_RTT/SEGGER_RTT_printf.c ****   r = SEGGER_RTT_vprintf(BufferIndex, sFormat, &ParamList);
 1258              		.loc 1 610 3 view .LVU375
 1259              		.loc 1 610 7 is_stmt 0 view .LVU376
 1260 000e 01AA     		add	r2, sp, #4
 1261 0010 FFF7FEFF 		bl	SEGGER_RTT_vprintf
 1262              	.LVL126:
 611:ARM_SEGGER_RTT/SEGGER_RTT_printf.c ****   va_end(ParamList);
 1263              		.loc 1 611 3 is_stmt 1 view .LVU377
 612:ARM_SEGGER_RTT/SEGGER_RTT_printf.c ****   return r;
 1264              		.loc 1 612 3 view .LVU378
 613:ARM_SEGGER_RTT/SEGGER_RTT_printf.c **** }
 1265              		.loc 1 613 1 is_stmt 0 view .LVU379
 1266 0014 02B0     		add	sp, sp, #8
 1267              	.LCFI15:
 1268              		.cfi_def_cfa_offset 16
 1269              		@ sp needed
 1270 0016 5DF804EB 		ldr	lr, [sp], #4
 1271              	.LCFI16:
 1272              		.cfi_restore 14
 1273              		.cfi_def_cfa_offset 12
 1274 001a 03B0     		add	sp, sp, #12
 1275              	.LCFI17:
 1276              		.cfi_restore 3
 1277              		.cfi_restore 2
 1278              		.cfi_restore 1
 1279              		.cfi_def_cfa_offset 0
 1280 001c 7047     		bx	lr
 1281              		.cfi_endproc
 1282              	.LFE4:
 1284              		.section	.rodata._aV2C.0,"a"
ARM GAS  C:\msys64\tmp\ccE5VQLR.s 			page 37


 1285              		.align	2
 1286              		.set	.LANCHOR0,. + 0
 1289              	_aV2C.0:
 1290 0000 30313233 		.ascii	"0123456789ABCDEF"
 1290      34353637 
 1290      38394142 
 1290      43444546 
 1291              		.text
 1292              	.Letext0:
 1293              		.file 2 "c:\\tools\\gcc-arm-11.2-2022.02-mingw-w64-i686-arm-none-eabi\\lib\\gcc\\arm-none-eabi\\11
 1294              		.file 3 "<built-in>"
 1295              		.file 4 "ARM_SEGGER_RTT/SEGGER_RTT.h"
ARM GAS  C:\msys64\tmp\ccE5VQLR.s 			page 38


DEFINED SYMBOLS
                            *ABS*:00000000 SEGGER_RTT_printf.c
C:\msys64\tmp\ccE5VQLR.s:20     .text._StoreChar:00000000 $t
C:\msys64\tmp\ccE5VQLR.s:25     .text._StoreChar:00000000 _StoreChar
C:\msys64\tmp\ccE5VQLR.s:113    .text._PrintUnsigned:00000000 $t
C:\msys64\tmp\ccE5VQLR.s:118    .text._PrintUnsigned:00000000 _PrintUnsigned
C:\msys64\tmp\ccE5VQLR.s:343    .text._PrintUnsigned:000000dc $d
C:\msys64\tmp\ccE5VQLR.s:348    .text._PrintInt:00000000 $t
C:\msys64\tmp\ccE5VQLR.s:353    .text._PrintInt:00000000 _PrintInt
C:\msys64\tmp\ccE5VQLR.s:582    .text.SEGGER_RTT_vprintf:00000000 $t
C:\msys64\tmp\ccE5VQLR.s:588    .text.SEGGER_RTT_vprintf:00000000 SEGGER_RTT_vprintf
C:\msys64\tmp\ccE5VQLR.s:721    .text.SEGGER_RTT_vprintf:0000005c $d
C:\msys64\tmp\ccE5VQLR.s:736    .text.SEGGER_RTT_vprintf:00000094 $t
C:\msys64\tmp\ccE5VQLR.s:859    .text.SEGGER_RTT_vprintf:00000106 $d
C:\msys64\tmp\ccE5VQLR.s:1219   .text.SEGGER_RTT_vprintf:000002b4 $d
C:\msys64\tmp\ccE5VQLR.s:1225   .text.SEGGER_RTT_printf:00000000 $t
C:\msys64\tmp\ccE5VQLR.s:1231   .text.SEGGER_RTT_printf:00000000 SEGGER_RTT_printf
C:\msys64\tmp\ccE5VQLR.s:1285   .rodata._aV2C.0:00000000 $d
C:\msys64\tmp\ccE5VQLR.s:1289   .rodata._aV2C.0:00000000 _aV2C.0
C:\msys64\tmp\ccE5VQLR.s:910    .text.SEGGER_RTT_vprintf:00000139 $d
C:\msys64\tmp\ccE5VQLR.s:910    .text.SEGGER_RTT_vprintf:0000013a $t

UNDEFINED SYMBOLS
SEGGER_RTT_Write
__aeabi_d2f
