ARM GAS  C:\msys64\tmp\ccWAPVkS.s 			page 1


   1              		.cpu cortex-m4
   2              		.arch armv7e-m
   3              		.fpu fpv4-sp-d16
   4              		.eabi_attribute 27, 1
   5              		.eabi_attribute 28, 1
   6              		.eabi_attribute 20, 1
   7              		.eabi_attribute 21, 1
   8              		.eabi_attribute 23, 3
   9              		.eabi_attribute 24, 1
  10              		.eabi_attribute 25, 1
  11              		.eabi_attribute 26, 1
  12              		.eabi_attribute 30, 1
  13              		.eabi_attribute 34, 1
  14              		.eabi_attribute 18, 4
  15              		.file	"SEGGER_RTT.c"
  16              		.text
  17              	.Ltext0:
  18              		.cfi_sections	.debug_frame
  19              		.section	.text._GetAvailWriteSpace,"ax",%progbits
  20              		.align	1
  21              		.syntax unified
  22              		.thumb
  23              		.thumb_func
  25              	_GetAvailWriteSpace:
  26              	.LVL0:
  27              	.LFB4:
  28              		.file 1 "ARM_SEGGER_RTT/SEGGER_RTT.c"
   1:ARM_SEGGER_RTT/SEGGER_RTT.c **** /*********************************************************************
   2:ARM_SEGGER_RTT/SEGGER_RTT.c **** *                SEGGER Microcontroller GmbH & Co. KG                *
   3:ARM_SEGGER_RTT/SEGGER_RTT.c **** *                        The Embedded Experts                        *
   4:ARM_SEGGER_RTT/SEGGER_RTT.c **** **********************************************************************
   5:ARM_SEGGER_RTT/SEGGER_RTT.c **** *                                                                    *
   6:ARM_SEGGER_RTT/SEGGER_RTT.c **** *       (c) 2014 - 2017  SEGGER Microcontroller GmbH & Co. KG        *
   7:ARM_SEGGER_RTT/SEGGER_RTT.c **** *                                                                    *
   8:ARM_SEGGER_RTT/SEGGER_RTT.c **** *       www.segger.com     Support: support@segger.com               *
   9:ARM_SEGGER_RTT/SEGGER_RTT.c **** *                                                                    *
  10:ARM_SEGGER_RTT/SEGGER_RTT.c **** **********************************************************************
  11:ARM_SEGGER_RTT/SEGGER_RTT.c **** *                                                                    *
  12:ARM_SEGGER_RTT/SEGGER_RTT.c **** *       SEGGER RTT * Real Time Transfer for embedded targets         *
  13:ARM_SEGGER_RTT/SEGGER_RTT.c **** *                                                                    *
  14:ARM_SEGGER_RTT/SEGGER_RTT.c **** **********************************************************************
  15:ARM_SEGGER_RTT/SEGGER_RTT.c **** *                                                                    *
  16:ARM_SEGGER_RTT/SEGGER_RTT.c **** * All rights reserved.                                               *
  17:ARM_SEGGER_RTT/SEGGER_RTT.c **** *                                                                    *
  18:ARM_SEGGER_RTT/SEGGER_RTT.c **** * SEGGER strongly recommends to not make any changes                 *
  19:ARM_SEGGER_RTT/SEGGER_RTT.c **** * to or modify the source code of this software in order to stay     *
  20:ARM_SEGGER_RTT/SEGGER_RTT.c **** * compatible with the RTT protocol and J-Link.                       *
  21:ARM_SEGGER_RTT/SEGGER_RTT.c **** *                                                                    *
  22:ARM_SEGGER_RTT/SEGGER_RTT.c **** * Redistribution and use in source and binary forms, with or         *
  23:ARM_SEGGER_RTT/SEGGER_RTT.c **** * without modification, are permitted provided that the following    *
  24:ARM_SEGGER_RTT/SEGGER_RTT.c **** * conditions are met:                                                *
  25:ARM_SEGGER_RTT/SEGGER_RTT.c **** *                                                                    *
  26:ARM_SEGGER_RTT/SEGGER_RTT.c **** * o Redistributions of source code must retain the above copyright   *
  27:ARM_SEGGER_RTT/SEGGER_RTT.c **** *   notice, this list of conditions and the following disclaimer.    *
  28:ARM_SEGGER_RTT/SEGGER_RTT.c **** *                                                                    *
  29:ARM_SEGGER_RTT/SEGGER_RTT.c **** * o Redistributions in binary form must reproduce the above          *
  30:ARM_SEGGER_RTT/SEGGER_RTT.c **** *   copyright notice, this list of conditions and the following      *
ARM GAS  C:\msys64\tmp\ccWAPVkS.s 			page 2


  31:ARM_SEGGER_RTT/SEGGER_RTT.c **** *   disclaimer in the documentation and/or other materials provided  *
  32:ARM_SEGGER_RTT/SEGGER_RTT.c **** *   with the distribution.                                           *
  33:ARM_SEGGER_RTT/SEGGER_RTT.c **** *                                                                    *
  34:ARM_SEGGER_RTT/SEGGER_RTT.c **** * o Neither the name of SEGGER Microcontroller GmbH & Co. KG         *
  35:ARM_SEGGER_RTT/SEGGER_RTT.c **** *   nor the names of its contributors may be used to endorse or      *
  36:ARM_SEGGER_RTT/SEGGER_RTT.c **** *   promote products derived from this software without specific     *
  37:ARM_SEGGER_RTT/SEGGER_RTT.c **** *   prior written permission.                                        *
  38:ARM_SEGGER_RTT/SEGGER_RTT.c **** *                                                                    *
  39:ARM_SEGGER_RTT/SEGGER_RTT.c **** * THIS SOFTWARE IS PROVIDED BY THE COPYRIGHT HOLDERS AND             *
  40:ARM_SEGGER_RTT/SEGGER_RTT.c **** * CONTRIBUTORS "AS IS" AND ANY EXPRESS OR IMPLIED WARRANTIES,        *
  41:ARM_SEGGER_RTT/SEGGER_RTT.c **** * INCLUDING, BUT NOT LIMITED TO, THE IMPLIED WARRANTIES OF           *
  42:ARM_SEGGER_RTT/SEGGER_RTT.c **** * MERCHANTABILITY AND FITNESS FOR A PARTICULAR PURPOSE ARE           *
  43:ARM_SEGGER_RTT/SEGGER_RTT.c **** * DISCLAIMED. IN NO EVENT SHALL SEGGER Microcontroller BE LIABLE FOR *
  44:ARM_SEGGER_RTT/SEGGER_RTT.c **** * ANY DIRECT, INDIRECT, INCIDENTAL, SPECIAL, EXEMPLARY, OR           *
  45:ARM_SEGGER_RTT/SEGGER_RTT.c **** * CONSEQUENTIAL DAMAGES (INCLUDING, BUT NOT LIMITED TO, PROCUREMENT  *
  46:ARM_SEGGER_RTT/SEGGER_RTT.c **** * OF SUBSTITUTE GOODS OR SERVICES; LOSS OF USE, DATA, OR PROFITS;    *
  47:ARM_SEGGER_RTT/SEGGER_RTT.c **** * OR BUSINESS INTERRUPTION) HOWEVER CAUSED AND ON ANY THEORY OF      *
  48:ARM_SEGGER_RTT/SEGGER_RTT.c **** * LIABILITY, WHETHER IN CONTRACT, STRICT LIABILITY, OR TORT          *
  49:ARM_SEGGER_RTT/SEGGER_RTT.c **** * (INCLUDING NEGLIGENCE OR OTHERWISE) ARISING IN ANY WAY OUT OF THE  *
  50:ARM_SEGGER_RTT/SEGGER_RTT.c **** * USE OF THIS SOFTWARE, EVEN IF ADVISED OF THE POSSIBILITY OF SUCH   *
  51:ARM_SEGGER_RTT/SEGGER_RTT.c **** * DAMAGE.                                                            *
  52:ARM_SEGGER_RTT/SEGGER_RTT.c **** *                                                                    *
  53:ARM_SEGGER_RTT/SEGGER_RTT.c **** **********************************************************************
  54:ARM_SEGGER_RTT/SEGGER_RTT.c **** *                                                                    *
  55:ARM_SEGGER_RTT/SEGGER_RTT.c **** *       RTT version: 6.14                                           *
  56:ARM_SEGGER_RTT/SEGGER_RTT.c **** *                                                                    *
  57:ARM_SEGGER_RTT/SEGGER_RTT.c **** **********************************************************************
  58:ARM_SEGGER_RTT/SEGGER_RTT.c **** ---------------------------END-OF-HEADER------------------------------
  59:ARM_SEGGER_RTT/SEGGER_RTT.c **** File    : SEGGER_RTT.c
  60:ARM_SEGGER_RTT/SEGGER_RTT.c **** Purpose : Implementation of SEGGER real-time transfer (RTT) which
  61:ARM_SEGGER_RTT/SEGGER_RTT.c ****           allows real-time communication on targets which support
  62:ARM_SEGGER_RTT/SEGGER_RTT.c ****           debugger memory accesses while the CPU is running.
  63:ARM_SEGGER_RTT/SEGGER_RTT.c **** Revision: $Rev: 4351 $
  64:ARM_SEGGER_RTT/SEGGER_RTT.c **** 
  65:ARM_SEGGER_RTT/SEGGER_RTT.c **** Additional information:
  66:ARM_SEGGER_RTT/SEGGER_RTT.c ****           Type "int" is assumed to be 32-bits in size
  67:ARM_SEGGER_RTT/SEGGER_RTT.c ****           H->T    Host to target communication
  68:ARM_SEGGER_RTT/SEGGER_RTT.c ****           T->H    Target to host communication
  69:ARM_SEGGER_RTT/SEGGER_RTT.c **** 
  70:ARM_SEGGER_RTT/SEGGER_RTT.c ****           RTT channel 0 is always present and reserved for Terminal usage.
  71:ARM_SEGGER_RTT/SEGGER_RTT.c ****           Name is fixed to "Terminal"
  72:ARM_SEGGER_RTT/SEGGER_RTT.c **** 
  73:ARM_SEGGER_RTT/SEGGER_RTT.c ****           Effective buffer size: SizeOfBuffer - 1
  74:ARM_SEGGER_RTT/SEGGER_RTT.c **** 
  75:ARM_SEGGER_RTT/SEGGER_RTT.c ****           WrOff == RdOff:       Buffer is empty
  76:ARM_SEGGER_RTT/SEGGER_RTT.c ****           WrOff == (RdOff - 1): Buffer is full
  77:ARM_SEGGER_RTT/SEGGER_RTT.c ****           WrOff >  RdOff:       Free space includes wrap-around
  78:ARM_SEGGER_RTT/SEGGER_RTT.c ****           WrOff <  RdOff:       Used space includes wrap-around
  79:ARM_SEGGER_RTT/SEGGER_RTT.c ****           (WrOff == (SizeOfBuffer - 1)) && (RdOff == 0):  
  80:ARM_SEGGER_RTT/SEGGER_RTT.c ****                                 Buffer full and wrap-around after next byte
  81:ARM_SEGGER_RTT/SEGGER_RTT.c **** 
  82:ARM_SEGGER_RTT/SEGGER_RTT.c **** 
  83:ARM_SEGGER_RTT/SEGGER_RTT.c **** ----------------------------------------------------------------------
  84:ARM_SEGGER_RTT/SEGGER_RTT.c **** */
  85:ARM_SEGGER_RTT/SEGGER_RTT.c **** 
  86:ARM_SEGGER_RTT/SEGGER_RTT.c **** #include "SEGGER_RTT.h"
  87:ARM_SEGGER_RTT/SEGGER_RTT.c **** 
ARM GAS  C:\msys64\tmp\ccWAPVkS.s 			page 3


  88:ARM_SEGGER_RTT/SEGGER_RTT.c **** #include <string.h>                 // for memcpy
  89:ARM_SEGGER_RTT/SEGGER_RTT.c **** 
  90:ARM_SEGGER_RTT/SEGGER_RTT.c **** /*********************************************************************
  91:ARM_SEGGER_RTT/SEGGER_RTT.c **** *
  92:ARM_SEGGER_RTT/SEGGER_RTT.c **** *       Configuration, default values
  93:ARM_SEGGER_RTT/SEGGER_RTT.c **** *
  94:ARM_SEGGER_RTT/SEGGER_RTT.c **** **********************************************************************
  95:ARM_SEGGER_RTT/SEGGER_RTT.c **** */
  96:ARM_SEGGER_RTT/SEGGER_RTT.c **** 
  97:ARM_SEGGER_RTT/SEGGER_RTT.c **** #ifndef   BUFFER_SIZE_UP
  98:ARM_SEGGER_RTT/SEGGER_RTT.c ****   #define BUFFER_SIZE_UP                                  1024  // Size of the buffer for terminal 
  99:ARM_SEGGER_RTT/SEGGER_RTT.c **** #endif
 100:ARM_SEGGER_RTT/SEGGER_RTT.c **** 
 101:ARM_SEGGER_RTT/SEGGER_RTT.c **** #ifndef   BUFFER_SIZE_DOWN
 102:ARM_SEGGER_RTT/SEGGER_RTT.c ****   #define BUFFER_SIZE_DOWN                                16    // Size of the buffer for terminal 
 103:ARM_SEGGER_RTT/SEGGER_RTT.c **** #endif
 104:ARM_SEGGER_RTT/SEGGER_RTT.c **** #ifndef   SEGGER_RTT_MAX_NUM_UP_BUFFERS
 105:ARM_SEGGER_RTT/SEGGER_RTT.c ****   #define SEGGER_RTT_MAX_NUM_UP_BUFFERS                    2    // Number of up-buffers (T->H) avai
 106:ARM_SEGGER_RTT/SEGGER_RTT.c **** #endif
 107:ARM_SEGGER_RTT/SEGGER_RTT.c **** 
 108:ARM_SEGGER_RTT/SEGGER_RTT.c **** #ifndef   SEGGER_RTT_MAX_NUM_DOWN_BUFFERS
 109:ARM_SEGGER_RTT/SEGGER_RTT.c ****   #define SEGGER_RTT_MAX_NUM_DOWN_BUFFERS                  2    // Number of down-buffers (H->T) av
 110:ARM_SEGGER_RTT/SEGGER_RTT.c **** #endif
 111:ARM_SEGGER_RTT/SEGGER_RTT.c **** 
 112:ARM_SEGGER_RTT/SEGGER_RTT.c **** #ifndef SEGGER_RTT_BUFFER_SECTION
 113:ARM_SEGGER_RTT/SEGGER_RTT.c ****   #if defined(SEGGER_RTT_SECTION)
 114:ARM_SEGGER_RTT/SEGGER_RTT.c ****     #define SEGGER_RTT_BUFFER_SECTION SEGGER_RTT_SECTION
 115:ARM_SEGGER_RTT/SEGGER_RTT.c ****   #endif
 116:ARM_SEGGER_RTT/SEGGER_RTT.c **** #endif
 117:ARM_SEGGER_RTT/SEGGER_RTT.c **** 
 118:ARM_SEGGER_RTT/SEGGER_RTT.c **** #ifndef   SEGGER_RTT_ALIGNMENT
 119:ARM_SEGGER_RTT/SEGGER_RTT.c ****   #define SEGGER_RTT_ALIGNMENT                            0
 120:ARM_SEGGER_RTT/SEGGER_RTT.c **** #endif
 121:ARM_SEGGER_RTT/SEGGER_RTT.c **** 
 122:ARM_SEGGER_RTT/SEGGER_RTT.c **** #ifndef   SEGGER_RTT_BUFFER_ALIGNMENT
 123:ARM_SEGGER_RTT/SEGGER_RTT.c ****   #define SEGGER_RTT_BUFFER_ALIGNMENT                     0
 124:ARM_SEGGER_RTT/SEGGER_RTT.c **** #endif
 125:ARM_SEGGER_RTT/SEGGER_RTT.c **** 
 126:ARM_SEGGER_RTT/SEGGER_RTT.c **** #ifndef   SEGGER_RTT_MODE_DEFAULT
 127:ARM_SEGGER_RTT/SEGGER_RTT.c ****   #define SEGGER_RTT_MODE_DEFAULT                         SEGGER_RTT_MODE_NO_BLOCK_SKIP
 128:ARM_SEGGER_RTT/SEGGER_RTT.c **** #endif
 129:ARM_SEGGER_RTT/SEGGER_RTT.c **** 
 130:ARM_SEGGER_RTT/SEGGER_RTT.c **** #ifndef   SEGGER_RTT_LOCK
 131:ARM_SEGGER_RTT/SEGGER_RTT.c ****   #define SEGGER_RTT_LOCK()
 132:ARM_SEGGER_RTT/SEGGER_RTT.c **** #endif
 133:ARM_SEGGER_RTT/SEGGER_RTT.c **** 
 134:ARM_SEGGER_RTT/SEGGER_RTT.c **** #ifndef   SEGGER_RTT_UNLOCK
 135:ARM_SEGGER_RTT/SEGGER_RTT.c ****   #define SEGGER_RTT_UNLOCK()
 136:ARM_SEGGER_RTT/SEGGER_RTT.c **** #endif
 137:ARM_SEGGER_RTT/SEGGER_RTT.c **** 
 138:ARM_SEGGER_RTT/SEGGER_RTT.c **** #ifndef   STRLEN
 139:ARM_SEGGER_RTT/SEGGER_RTT.c ****   #define STRLEN(a)                                       strlen((a))
 140:ARM_SEGGER_RTT/SEGGER_RTT.c **** #endif
 141:ARM_SEGGER_RTT/SEGGER_RTT.c **** 
 142:ARM_SEGGER_RTT/SEGGER_RTT.c **** #ifndef   MEMCPY
 143:ARM_SEGGER_RTT/SEGGER_RTT.c ****   #define MEMCPY(pDest, pSrc, NumBytes)                   memcpy((pDest), (pSrc), (NumBytes))
 144:ARM_SEGGER_RTT/SEGGER_RTT.c **** #endif
ARM GAS  C:\msys64\tmp\ccWAPVkS.s 			page 4


 145:ARM_SEGGER_RTT/SEGGER_RTT.c **** 
 146:ARM_SEGGER_RTT/SEGGER_RTT.c **** #ifndef   MIN
 147:ARM_SEGGER_RTT/SEGGER_RTT.c ****   #define MIN(a, b)         (((a) < (b)) ? (a) : (b))
 148:ARM_SEGGER_RTT/SEGGER_RTT.c **** #endif
 149:ARM_SEGGER_RTT/SEGGER_RTT.c **** 
 150:ARM_SEGGER_RTT/SEGGER_RTT.c **** #ifndef   MAX
 151:ARM_SEGGER_RTT/SEGGER_RTT.c ****   #define MAX(a, b)         (((a) > (b)) ? (a) : (b))
 152:ARM_SEGGER_RTT/SEGGER_RTT.c **** #endif
 153:ARM_SEGGER_RTT/SEGGER_RTT.c **** //
 154:ARM_SEGGER_RTT/SEGGER_RTT.c **** // For some environments, NULL may not be defined until certain headers are included
 155:ARM_SEGGER_RTT/SEGGER_RTT.c **** //
 156:ARM_SEGGER_RTT/SEGGER_RTT.c **** #ifndef NULL
 157:ARM_SEGGER_RTT/SEGGER_RTT.c ****   #define NULL 0
 158:ARM_SEGGER_RTT/SEGGER_RTT.c **** #endif
 159:ARM_SEGGER_RTT/SEGGER_RTT.c **** 
 160:ARM_SEGGER_RTT/SEGGER_RTT.c **** /*********************************************************************
 161:ARM_SEGGER_RTT/SEGGER_RTT.c **** *
 162:ARM_SEGGER_RTT/SEGGER_RTT.c **** *       Defines, fixed
 163:ARM_SEGGER_RTT/SEGGER_RTT.c **** *
 164:ARM_SEGGER_RTT/SEGGER_RTT.c **** **********************************************************************
 165:ARM_SEGGER_RTT/SEGGER_RTT.c **** */
 166:ARM_SEGGER_RTT/SEGGER_RTT.c **** #if (defined __ICCARM__) || (defined __ICCRX__)
 167:ARM_SEGGER_RTT/SEGGER_RTT.c ****   #define RTT_PRAGMA(P) _Pragma(#P)
 168:ARM_SEGGER_RTT/SEGGER_RTT.c **** #endif
 169:ARM_SEGGER_RTT/SEGGER_RTT.c **** 
 170:ARM_SEGGER_RTT/SEGGER_RTT.c **** #if SEGGER_RTT_ALIGNMENT || SEGGER_RTT_BUFFER_ALIGNMENT
 171:ARM_SEGGER_RTT/SEGGER_RTT.c ****   #if (defined __GNUC__)
 172:ARM_SEGGER_RTT/SEGGER_RTT.c ****     #define SEGGER_RTT_ALIGN(Var, Alignment) Var __attribute__ ((aligned (Alignment)))
 173:ARM_SEGGER_RTT/SEGGER_RTT.c ****   #elif (defined __ICCARM__) || (defined __ICCRX__)
 174:ARM_SEGGER_RTT/SEGGER_RTT.c ****     #define PRAGMA(A) _Pragma(#A)
 175:ARM_SEGGER_RTT/SEGGER_RTT.c **** #define SEGGER_RTT_ALIGN(Var, Alignment) RTT_PRAGMA(data_alignment=Alignment) \
 176:ARM_SEGGER_RTT/SEGGER_RTT.c ****                                   Var
 177:ARM_SEGGER_RTT/SEGGER_RTT.c ****   #elif (defined __CC_ARM__)
 178:ARM_SEGGER_RTT/SEGGER_RTT.c ****     #define SEGGER_RTT_ALIGN(Var, Alignment) Var __attribute__ ((aligned (Alignment)))
 179:ARM_SEGGER_RTT/SEGGER_RTT.c ****   #else
 180:ARM_SEGGER_RTT/SEGGER_RTT.c ****     #error "Alignment not supported for this compiler."
 181:ARM_SEGGER_RTT/SEGGER_RTT.c ****   #endif
 182:ARM_SEGGER_RTT/SEGGER_RTT.c **** #else
 183:ARM_SEGGER_RTT/SEGGER_RTT.c ****   #define SEGGER_RTT_ALIGN(Var, Alignment) Var
 184:ARM_SEGGER_RTT/SEGGER_RTT.c **** #endif
 185:ARM_SEGGER_RTT/SEGGER_RTT.c **** 
 186:ARM_SEGGER_RTT/SEGGER_RTT.c **** #if defined(SEGGER_RTT_SECTION) || defined (SEGGER_RTT_BUFFER_SECTION)
 187:ARM_SEGGER_RTT/SEGGER_RTT.c ****   #if (defined __GNUC__)
 188:ARM_SEGGER_RTT/SEGGER_RTT.c ****     #define SEGGER_RTT_PUT_SECTION(Var, Section) __attribute__ ((section (Section))) Var
 189:ARM_SEGGER_RTT/SEGGER_RTT.c ****   #elif (defined __ICCARM__) || (defined __ICCRX__)
 190:ARM_SEGGER_RTT/SEGGER_RTT.c **** #define SEGGER_RTT_PUT_SECTION(Var, Section) RTT_PRAGMA(location=Section) \
 191:ARM_SEGGER_RTT/SEGGER_RTT.c ****                                         Var
 192:ARM_SEGGER_RTT/SEGGER_RTT.c ****   #elif (defined __CC_ARM__)
 193:ARM_SEGGER_RTT/SEGGER_RTT.c ****     #define SEGGER_RTT_PUT_SECTION(Var, Section) __attribute__ ((section (Section), zero_init))  Va
 194:ARM_SEGGER_RTT/SEGGER_RTT.c ****   #else
 195:ARM_SEGGER_RTT/SEGGER_RTT.c ****     #error "Section placement not supported for this compiler."
 196:ARM_SEGGER_RTT/SEGGER_RTT.c ****   #endif
 197:ARM_SEGGER_RTT/SEGGER_RTT.c **** #else
 198:ARM_SEGGER_RTT/SEGGER_RTT.c ****   #define SEGGER_RTT_PUT_SECTION(Var, Section) Var
 199:ARM_SEGGER_RTT/SEGGER_RTT.c **** #endif
 200:ARM_SEGGER_RTT/SEGGER_RTT.c **** 
 201:ARM_SEGGER_RTT/SEGGER_RTT.c **** 
ARM GAS  C:\msys64\tmp\ccWAPVkS.s 			page 5


 202:ARM_SEGGER_RTT/SEGGER_RTT.c **** #if SEGGER_RTT_ALIGNMENT
 203:ARM_SEGGER_RTT/SEGGER_RTT.c ****   #define SEGGER_RTT_CB_ALIGN(Var)  SEGGER_RTT_ALIGN(Var, SEGGER_RTT_ALIGNMENT)
 204:ARM_SEGGER_RTT/SEGGER_RTT.c **** #else
 205:ARM_SEGGER_RTT/SEGGER_RTT.c ****   #define SEGGER_RTT_CB_ALIGN(Var)  Var
 206:ARM_SEGGER_RTT/SEGGER_RTT.c **** #endif
 207:ARM_SEGGER_RTT/SEGGER_RTT.c **** 
 208:ARM_SEGGER_RTT/SEGGER_RTT.c **** #if SEGGER_RTT_BUFFER_ALIGNMENT
 209:ARM_SEGGER_RTT/SEGGER_RTT.c ****   #define SEGGER_RTT_BUFFER_ALIGN(Var)  SEGGER_RTT_ALIGN(Var, SEGGER_RTT_BUFFER_ALIGNMENT)
 210:ARM_SEGGER_RTT/SEGGER_RTT.c **** #else
 211:ARM_SEGGER_RTT/SEGGER_RTT.c ****   #define SEGGER_RTT_BUFFER_ALIGN(Var)  Var
 212:ARM_SEGGER_RTT/SEGGER_RTT.c **** #endif
 213:ARM_SEGGER_RTT/SEGGER_RTT.c **** 
 214:ARM_SEGGER_RTT/SEGGER_RTT.c **** 
 215:ARM_SEGGER_RTT/SEGGER_RTT.c **** #if defined(SEGGER_RTT_SECTION)
 216:ARM_SEGGER_RTT/SEGGER_RTT.c ****   #define SEGGER_RTT_PUT_CB_SECTION(Var) SEGGER_RTT_PUT_SECTION(Var, SEGGER_RTT_SECTION)
 217:ARM_SEGGER_RTT/SEGGER_RTT.c **** #else
 218:ARM_SEGGER_RTT/SEGGER_RTT.c ****   #define SEGGER_RTT_PUT_CB_SECTION(Var) Var
 219:ARM_SEGGER_RTT/SEGGER_RTT.c **** #endif
 220:ARM_SEGGER_RTT/SEGGER_RTT.c **** 
 221:ARM_SEGGER_RTT/SEGGER_RTT.c **** #if defined(SEGGER_RTT_BUFFER_SECTION)
 222:ARM_SEGGER_RTT/SEGGER_RTT.c ****   #define SEGGER_RTT_PUT_BUFFER_SECTION(Var) SEGGER_RTT_PUT_SECTION(Var, SEGGER_RTT_BUFFER_SECTION)
 223:ARM_SEGGER_RTT/SEGGER_RTT.c **** #else
 224:ARM_SEGGER_RTT/SEGGER_RTT.c ****   #define SEGGER_RTT_PUT_BUFFER_SECTION(Var) Var
 225:ARM_SEGGER_RTT/SEGGER_RTT.c **** #endif
 226:ARM_SEGGER_RTT/SEGGER_RTT.c **** 
 227:ARM_SEGGER_RTT/SEGGER_RTT.c **** /*********************************************************************
 228:ARM_SEGGER_RTT/SEGGER_RTT.c **** *
 229:ARM_SEGGER_RTT/SEGGER_RTT.c **** *       Static const data
 230:ARM_SEGGER_RTT/SEGGER_RTT.c **** *
 231:ARM_SEGGER_RTT/SEGGER_RTT.c **** **********************************************************************
 232:ARM_SEGGER_RTT/SEGGER_RTT.c **** */
 233:ARM_SEGGER_RTT/SEGGER_RTT.c **** 
 234:ARM_SEGGER_RTT/SEGGER_RTT.c **** static unsigned char _aTerminalId[16] = { '0', '1', '2', '3', '4', '5', '6', '7', '8', '9', 'A', 'B
 235:ARM_SEGGER_RTT/SEGGER_RTT.c **** 
 236:ARM_SEGGER_RTT/SEGGER_RTT.c **** /*********************************************************************
 237:ARM_SEGGER_RTT/SEGGER_RTT.c **** *
 238:ARM_SEGGER_RTT/SEGGER_RTT.c **** *       Static data
 239:ARM_SEGGER_RTT/SEGGER_RTT.c **** *
 240:ARM_SEGGER_RTT/SEGGER_RTT.c **** **********************************************************************
 241:ARM_SEGGER_RTT/SEGGER_RTT.c **** */
 242:ARM_SEGGER_RTT/SEGGER_RTT.c **** //
 243:ARM_SEGGER_RTT/SEGGER_RTT.c **** // RTT Control Block and allocate buffers for channel 0
 244:ARM_SEGGER_RTT/SEGGER_RTT.c **** //
 245:ARM_SEGGER_RTT/SEGGER_RTT.c **** SEGGER_RTT_PUT_CB_SECTION(SEGGER_RTT_CB_ALIGN(SEGGER_RTT_CB _SEGGER_RTT));
 246:ARM_SEGGER_RTT/SEGGER_RTT.c **** 
 247:ARM_SEGGER_RTT/SEGGER_RTT.c **** SEGGER_RTT_PUT_BUFFER_SECTION(SEGGER_RTT_BUFFER_ALIGN(static char _acUpBuffer  [BUFFER_SIZE_UP]));
 248:ARM_SEGGER_RTT/SEGGER_RTT.c **** SEGGER_RTT_PUT_BUFFER_SECTION(SEGGER_RTT_BUFFER_ALIGN(static char _acDownBuffer[BUFFER_SIZE_DOWN]))
 249:ARM_SEGGER_RTT/SEGGER_RTT.c **** 
 250:ARM_SEGGER_RTT/SEGGER_RTT.c **** static char _ActiveTerminal;
 251:ARM_SEGGER_RTT/SEGGER_RTT.c **** 
 252:ARM_SEGGER_RTT/SEGGER_RTT.c **** /*********************************************************************
 253:ARM_SEGGER_RTT/SEGGER_RTT.c **** *
 254:ARM_SEGGER_RTT/SEGGER_RTT.c **** *       Static functions
 255:ARM_SEGGER_RTT/SEGGER_RTT.c **** *
 256:ARM_SEGGER_RTT/SEGGER_RTT.c **** **********************************************************************
 257:ARM_SEGGER_RTT/SEGGER_RTT.c **** */
 258:ARM_SEGGER_RTT/SEGGER_RTT.c **** 
ARM GAS  C:\msys64\tmp\ccWAPVkS.s 			page 6


 259:ARM_SEGGER_RTT/SEGGER_RTT.c **** /*********************************************************************
 260:ARM_SEGGER_RTT/SEGGER_RTT.c **** *
 261:ARM_SEGGER_RTT/SEGGER_RTT.c **** *       _DoInit()
 262:ARM_SEGGER_RTT/SEGGER_RTT.c **** *
 263:ARM_SEGGER_RTT/SEGGER_RTT.c **** *  Function description
 264:ARM_SEGGER_RTT/SEGGER_RTT.c **** *    Initializes the control block an buffers.
 265:ARM_SEGGER_RTT/SEGGER_RTT.c **** *    May only be called via INIT() to avoid overriding settings.
 266:ARM_SEGGER_RTT/SEGGER_RTT.c **** *
 267:ARM_SEGGER_RTT/SEGGER_RTT.c **** */
 268:ARM_SEGGER_RTT/SEGGER_RTT.c **** #define INIT()  do {                                            \
 269:ARM_SEGGER_RTT/SEGGER_RTT.c ****                   if (_SEGGER_RTT.acID[0] == '\0') { _DoInit(); }  \
 270:ARM_SEGGER_RTT/SEGGER_RTT.c ****                 } while (0)
 271:ARM_SEGGER_RTT/SEGGER_RTT.c **** static void _DoInit(void) {
 272:ARM_SEGGER_RTT/SEGGER_RTT.c ****   SEGGER_RTT_CB* p;
 273:ARM_SEGGER_RTT/SEGGER_RTT.c ****   //
 274:ARM_SEGGER_RTT/SEGGER_RTT.c ****   // Initialize control block
 275:ARM_SEGGER_RTT/SEGGER_RTT.c ****   //
 276:ARM_SEGGER_RTT/SEGGER_RTT.c ****   p = &_SEGGER_RTT;
 277:ARM_SEGGER_RTT/SEGGER_RTT.c ****   p->MaxNumUpBuffers    = SEGGER_RTT_MAX_NUM_UP_BUFFERS;
 278:ARM_SEGGER_RTT/SEGGER_RTT.c ****   p->MaxNumDownBuffers  = SEGGER_RTT_MAX_NUM_DOWN_BUFFERS;
 279:ARM_SEGGER_RTT/SEGGER_RTT.c ****   //
 280:ARM_SEGGER_RTT/SEGGER_RTT.c ****   // Initialize up buffer 0
 281:ARM_SEGGER_RTT/SEGGER_RTT.c ****   //
 282:ARM_SEGGER_RTT/SEGGER_RTT.c ****   p->aUp[0].sName         = "Terminal";
 283:ARM_SEGGER_RTT/SEGGER_RTT.c ****   p->aUp[0].pBuffer       = _acUpBuffer;
 284:ARM_SEGGER_RTT/SEGGER_RTT.c ****   p->aUp[0].SizeOfBuffer  = sizeof(_acUpBuffer);
 285:ARM_SEGGER_RTT/SEGGER_RTT.c ****   p->aUp[0].RdOff         = 0u;
 286:ARM_SEGGER_RTT/SEGGER_RTT.c ****   p->aUp[0].WrOff         = 0u;
 287:ARM_SEGGER_RTT/SEGGER_RTT.c ****   p->aUp[0].Flags         = SEGGER_RTT_MODE_DEFAULT;
 288:ARM_SEGGER_RTT/SEGGER_RTT.c ****   //
 289:ARM_SEGGER_RTT/SEGGER_RTT.c ****   // Initialize down buffer 0
 290:ARM_SEGGER_RTT/SEGGER_RTT.c ****   //
 291:ARM_SEGGER_RTT/SEGGER_RTT.c ****   p->aDown[0].sName         = "Terminal";
 292:ARM_SEGGER_RTT/SEGGER_RTT.c ****   p->aDown[0].pBuffer       = _acDownBuffer;
 293:ARM_SEGGER_RTT/SEGGER_RTT.c ****   p->aDown[0].SizeOfBuffer  = sizeof(_acDownBuffer);
 294:ARM_SEGGER_RTT/SEGGER_RTT.c ****   p->aDown[0].RdOff         = 0u;
 295:ARM_SEGGER_RTT/SEGGER_RTT.c ****   p->aDown[0].WrOff         = 0u;
 296:ARM_SEGGER_RTT/SEGGER_RTT.c ****   p->aDown[0].Flags         = SEGGER_RTT_MODE_DEFAULT;
 297:ARM_SEGGER_RTT/SEGGER_RTT.c ****   //
 298:ARM_SEGGER_RTT/SEGGER_RTT.c ****   // Finish initialization of the control block.
 299:ARM_SEGGER_RTT/SEGGER_RTT.c ****   // Copy Id string in three steps to make sure "SEGGER RTT" is not found
 300:ARM_SEGGER_RTT/SEGGER_RTT.c ****   // in initializer memory (usually flash) by J-Link
 301:ARM_SEGGER_RTT/SEGGER_RTT.c ****   //
 302:ARM_SEGGER_RTT/SEGGER_RTT.c ****   strcpy(&p->acID[7], "RTT");
 303:ARM_SEGGER_RTT/SEGGER_RTT.c ****   strcpy(&p->acID[0], "SEGGER");
 304:ARM_SEGGER_RTT/SEGGER_RTT.c ****   p->acID[6] = ' ';
 305:ARM_SEGGER_RTT/SEGGER_RTT.c **** }
 306:ARM_SEGGER_RTT/SEGGER_RTT.c **** 
 307:ARM_SEGGER_RTT/SEGGER_RTT.c **** /*********************************************************************
 308:ARM_SEGGER_RTT/SEGGER_RTT.c **** *
 309:ARM_SEGGER_RTT/SEGGER_RTT.c **** *       _WriteBlocking()
 310:ARM_SEGGER_RTT/SEGGER_RTT.c **** *
 311:ARM_SEGGER_RTT/SEGGER_RTT.c **** *  Function description
 312:ARM_SEGGER_RTT/SEGGER_RTT.c **** *    Stores a specified number of characters in SEGGER RTT ring buffer
 313:ARM_SEGGER_RTT/SEGGER_RTT.c **** *    and updates the associated write pointer which is periodically
 314:ARM_SEGGER_RTT/SEGGER_RTT.c **** *    read by the host.
 315:ARM_SEGGER_RTT/SEGGER_RTT.c **** *    The caller is responsible for managing the write chunk sizes as
ARM GAS  C:\msys64\tmp\ccWAPVkS.s 			page 7


 316:ARM_SEGGER_RTT/SEGGER_RTT.c **** *    _WriteBlocking() will block until all data has been posted successfully.
 317:ARM_SEGGER_RTT/SEGGER_RTT.c **** *
 318:ARM_SEGGER_RTT/SEGGER_RTT.c **** *  Parameters
 319:ARM_SEGGER_RTT/SEGGER_RTT.c **** *    pRing        Ring buffer to post to.
 320:ARM_SEGGER_RTT/SEGGER_RTT.c **** *    pBuffer      Pointer to character array. Does not need to point to a \0 terminated string.
 321:ARM_SEGGER_RTT/SEGGER_RTT.c **** *    NumBytes     Number of bytes to be stored in the SEGGER RTT control block.
 322:ARM_SEGGER_RTT/SEGGER_RTT.c **** *
 323:ARM_SEGGER_RTT/SEGGER_RTT.c **** *  Return value
 324:ARM_SEGGER_RTT/SEGGER_RTT.c **** *    >= 0 - Number of bytes written into buffer.
 325:ARM_SEGGER_RTT/SEGGER_RTT.c **** */
 326:ARM_SEGGER_RTT/SEGGER_RTT.c **** static unsigned _WriteBlocking(SEGGER_RTT_BUFFER_UP* pRing, const char* pBuffer, unsigned NumBytes)
 327:ARM_SEGGER_RTT/SEGGER_RTT.c ****   unsigned NumBytesToWrite;
 328:ARM_SEGGER_RTT/SEGGER_RTT.c ****   unsigned NumBytesWritten;
 329:ARM_SEGGER_RTT/SEGGER_RTT.c ****   unsigned RdOff;
 330:ARM_SEGGER_RTT/SEGGER_RTT.c ****   unsigned WrOff;
 331:ARM_SEGGER_RTT/SEGGER_RTT.c ****   //
 332:ARM_SEGGER_RTT/SEGGER_RTT.c ****   // Write data to buffer and handle wrap-around if necessary
 333:ARM_SEGGER_RTT/SEGGER_RTT.c ****   //
 334:ARM_SEGGER_RTT/SEGGER_RTT.c ****   NumBytesWritten = 0u;
 335:ARM_SEGGER_RTT/SEGGER_RTT.c ****   WrOff = pRing->WrOff;
 336:ARM_SEGGER_RTT/SEGGER_RTT.c ****   do {
 337:ARM_SEGGER_RTT/SEGGER_RTT.c ****     RdOff = pRing->RdOff;                         // May be changed by host (debug probe) in the me
 338:ARM_SEGGER_RTT/SEGGER_RTT.c ****     if (RdOff > WrOff) {
 339:ARM_SEGGER_RTT/SEGGER_RTT.c ****       NumBytesToWrite = RdOff - WrOff - 1u;
 340:ARM_SEGGER_RTT/SEGGER_RTT.c ****     } else {
 341:ARM_SEGGER_RTT/SEGGER_RTT.c ****       NumBytesToWrite = pRing->SizeOfBuffer - (WrOff - RdOff + 1u);
 342:ARM_SEGGER_RTT/SEGGER_RTT.c ****     }
 343:ARM_SEGGER_RTT/SEGGER_RTT.c ****     NumBytesToWrite = MIN(NumBytesToWrite, (pRing->SizeOfBuffer - WrOff));      // Number of bytes 
 344:ARM_SEGGER_RTT/SEGGER_RTT.c ****     NumBytesToWrite = MIN(NumBytesToWrite, NumBytes);
 345:ARM_SEGGER_RTT/SEGGER_RTT.c ****     memcpy(pRing->pBuffer + WrOff, pBuffer, NumBytesToWrite);
 346:ARM_SEGGER_RTT/SEGGER_RTT.c ****     NumBytesWritten += NumBytesToWrite;
 347:ARM_SEGGER_RTT/SEGGER_RTT.c ****     pBuffer         += NumBytesToWrite;
 348:ARM_SEGGER_RTT/SEGGER_RTT.c ****     NumBytes        -= NumBytesToWrite;
 349:ARM_SEGGER_RTT/SEGGER_RTT.c ****     WrOff           += NumBytesToWrite;
 350:ARM_SEGGER_RTT/SEGGER_RTT.c ****     if (WrOff == pRing->SizeOfBuffer) {
 351:ARM_SEGGER_RTT/SEGGER_RTT.c ****       WrOff = 0u;
 352:ARM_SEGGER_RTT/SEGGER_RTT.c ****     }
 353:ARM_SEGGER_RTT/SEGGER_RTT.c ****     pRing->WrOff = WrOff;
 354:ARM_SEGGER_RTT/SEGGER_RTT.c ****   } while (NumBytes);
 355:ARM_SEGGER_RTT/SEGGER_RTT.c ****   //
 356:ARM_SEGGER_RTT/SEGGER_RTT.c ****   return NumBytesWritten;
 357:ARM_SEGGER_RTT/SEGGER_RTT.c **** }
 358:ARM_SEGGER_RTT/SEGGER_RTT.c **** 
 359:ARM_SEGGER_RTT/SEGGER_RTT.c **** /*********************************************************************
 360:ARM_SEGGER_RTT/SEGGER_RTT.c **** *
 361:ARM_SEGGER_RTT/SEGGER_RTT.c **** *       _WriteNoCheck()
 362:ARM_SEGGER_RTT/SEGGER_RTT.c **** *
 363:ARM_SEGGER_RTT/SEGGER_RTT.c **** *  Function description
 364:ARM_SEGGER_RTT/SEGGER_RTT.c **** *    Stores a specified number of characters in SEGGER RTT ring buffer
 365:ARM_SEGGER_RTT/SEGGER_RTT.c **** *    and updates the associated write pointer which is periodically
 366:ARM_SEGGER_RTT/SEGGER_RTT.c **** *    read by the host.
 367:ARM_SEGGER_RTT/SEGGER_RTT.c **** *    It is callers responsibility to make sure data actually fits in buffer.
 368:ARM_SEGGER_RTT/SEGGER_RTT.c **** *
 369:ARM_SEGGER_RTT/SEGGER_RTT.c **** *  Parameters
 370:ARM_SEGGER_RTT/SEGGER_RTT.c **** *    pRing        Ring buffer to post to.
 371:ARM_SEGGER_RTT/SEGGER_RTT.c **** *    pBuffer      Pointer to character array. Does not need to point to a \0 terminated string.
 372:ARM_SEGGER_RTT/SEGGER_RTT.c **** *    NumBytes     Number of bytes to be stored in the SEGGER RTT control block.
ARM GAS  C:\msys64\tmp\ccWAPVkS.s 			page 8


 373:ARM_SEGGER_RTT/SEGGER_RTT.c **** *
 374:ARM_SEGGER_RTT/SEGGER_RTT.c **** *  Notes
 375:ARM_SEGGER_RTT/SEGGER_RTT.c **** *    (1) If there might not be enough space in the "Up"-buffer, call _WriteBlocking
 376:ARM_SEGGER_RTT/SEGGER_RTT.c **** */
 377:ARM_SEGGER_RTT/SEGGER_RTT.c **** static void _WriteNoCheck(SEGGER_RTT_BUFFER_UP* pRing, const char* pData, unsigned NumBytes) {
 378:ARM_SEGGER_RTT/SEGGER_RTT.c ****   unsigned NumBytesAtOnce;
 379:ARM_SEGGER_RTT/SEGGER_RTT.c ****   unsigned WrOff;
 380:ARM_SEGGER_RTT/SEGGER_RTT.c ****   unsigned Rem;
 381:ARM_SEGGER_RTT/SEGGER_RTT.c **** 
 382:ARM_SEGGER_RTT/SEGGER_RTT.c ****   WrOff = pRing->WrOff;
 383:ARM_SEGGER_RTT/SEGGER_RTT.c ****   Rem = pRing->SizeOfBuffer - WrOff;
 384:ARM_SEGGER_RTT/SEGGER_RTT.c ****   if (Rem > NumBytes) {
 385:ARM_SEGGER_RTT/SEGGER_RTT.c ****     //
 386:ARM_SEGGER_RTT/SEGGER_RTT.c ****     // All data fits before wrap around
 387:ARM_SEGGER_RTT/SEGGER_RTT.c ****     //
 388:ARM_SEGGER_RTT/SEGGER_RTT.c ****     memcpy(pRing->pBuffer + WrOff, pData, NumBytes);
 389:ARM_SEGGER_RTT/SEGGER_RTT.c ****     pRing->WrOff = WrOff + NumBytes;
 390:ARM_SEGGER_RTT/SEGGER_RTT.c ****   } else {
 391:ARM_SEGGER_RTT/SEGGER_RTT.c ****     //
 392:ARM_SEGGER_RTT/SEGGER_RTT.c ****     // We reach the end of the buffer, so need to wrap around
 393:ARM_SEGGER_RTT/SEGGER_RTT.c ****     //
 394:ARM_SEGGER_RTT/SEGGER_RTT.c ****     NumBytesAtOnce = Rem;
 395:ARM_SEGGER_RTT/SEGGER_RTT.c ****     memcpy(pRing->pBuffer + WrOff, pData, NumBytesAtOnce);
 396:ARM_SEGGER_RTT/SEGGER_RTT.c ****     NumBytesAtOnce = NumBytes - Rem;
 397:ARM_SEGGER_RTT/SEGGER_RTT.c ****     memcpy(pRing->pBuffer, pData + Rem, NumBytesAtOnce);
 398:ARM_SEGGER_RTT/SEGGER_RTT.c ****     pRing->WrOff = NumBytesAtOnce;
 399:ARM_SEGGER_RTT/SEGGER_RTT.c ****   }
 400:ARM_SEGGER_RTT/SEGGER_RTT.c **** }
 401:ARM_SEGGER_RTT/SEGGER_RTT.c **** 
 402:ARM_SEGGER_RTT/SEGGER_RTT.c **** /*********************************************************************
 403:ARM_SEGGER_RTT/SEGGER_RTT.c **** *
 404:ARM_SEGGER_RTT/SEGGER_RTT.c **** *       _PostTerminalSwitch()
 405:ARM_SEGGER_RTT/SEGGER_RTT.c **** *
 406:ARM_SEGGER_RTT/SEGGER_RTT.c **** *  Function description
 407:ARM_SEGGER_RTT/SEGGER_RTT.c **** *    Switch terminal to the given terminal ID.  It is the caller's
 408:ARM_SEGGER_RTT/SEGGER_RTT.c **** *    responsibility to ensure the terminal ID is correct and there is
 409:ARM_SEGGER_RTT/SEGGER_RTT.c **** *    enough space in the buffer for this to complete successfully.
 410:ARM_SEGGER_RTT/SEGGER_RTT.c **** *
 411:ARM_SEGGER_RTT/SEGGER_RTT.c **** *  Parameters
 412:ARM_SEGGER_RTT/SEGGER_RTT.c **** *    pRing        Ring buffer to post to.
 413:ARM_SEGGER_RTT/SEGGER_RTT.c **** *    TerminalId   Terminal ID to switch to.
 414:ARM_SEGGER_RTT/SEGGER_RTT.c **** */
 415:ARM_SEGGER_RTT/SEGGER_RTT.c **** static void _PostTerminalSwitch(SEGGER_RTT_BUFFER_UP* pRing, unsigned char TerminalId) {
 416:ARM_SEGGER_RTT/SEGGER_RTT.c ****   char ac[2];
 417:ARM_SEGGER_RTT/SEGGER_RTT.c **** 
 418:ARM_SEGGER_RTT/SEGGER_RTT.c ****   ac[0] = 0xFFu;
 419:ARM_SEGGER_RTT/SEGGER_RTT.c ****   ac[1] = _aTerminalId[TerminalId];  // Caller made already sure that TerminalId does not exceed ou
 420:ARM_SEGGER_RTT/SEGGER_RTT.c ****   _WriteBlocking(pRing, ac, 2u);
 421:ARM_SEGGER_RTT/SEGGER_RTT.c **** }
 422:ARM_SEGGER_RTT/SEGGER_RTT.c **** 
 423:ARM_SEGGER_RTT/SEGGER_RTT.c **** /*********************************************************************
 424:ARM_SEGGER_RTT/SEGGER_RTT.c **** *
 425:ARM_SEGGER_RTT/SEGGER_RTT.c **** *       _GetAvailWriteSpace()
 426:ARM_SEGGER_RTT/SEGGER_RTT.c **** *
 427:ARM_SEGGER_RTT/SEGGER_RTT.c **** *  Function description
 428:ARM_SEGGER_RTT/SEGGER_RTT.c **** *    Returns the number of bytes that can be written to the ring
 429:ARM_SEGGER_RTT/SEGGER_RTT.c **** *    buffer without blocking.
ARM GAS  C:\msys64\tmp\ccWAPVkS.s 			page 9


 430:ARM_SEGGER_RTT/SEGGER_RTT.c **** *
 431:ARM_SEGGER_RTT/SEGGER_RTT.c **** *  Parameters
 432:ARM_SEGGER_RTT/SEGGER_RTT.c **** *    pRing        Ring buffer to check.
 433:ARM_SEGGER_RTT/SEGGER_RTT.c **** *
 434:ARM_SEGGER_RTT/SEGGER_RTT.c **** *  Return value
 435:ARM_SEGGER_RTT/SEGGER_RTT.c **** *    Number of bytes that are free in the buffer.
 436:ARM_SEGGER_RTT/SEGGER_RTT.c **** */
 437:ARM_SEGGER_RTT/SEGGER_RTT.c **** static unsigned _GetAvailWriteSpace(SEGGER_RTT_BUFFER_UP* pRing) {
  29              		.loc 1 437 66 view -0
  30              		.cfi_startproc
  31              		@ args = 0, pretend = 0, frame = 0
  32              		@ frame_needed = 0, uses_anonymous_args = 0
  33              		@ link register save eliminated.
 438:ARM_SEGGER_RTT/SEGGER_RTT.c ****   unsigned RdOff;
  34              		.loc 1 438 3 view .LVU1
 439:ARM_SEGGER_RTT/SEGGER_RTT.c ****   unsigned WrOff;
  35              		.loc 1 439 3 view .LVU2
 440:ARM_SEGGER_RTT/SEGGER_RTT.c ****   unsigned r;
  36              		.loc 1 440 3 view .LVU3
 441:ARM_SEGGER_RTT/SEGGER_RTT.c ****   //
 442:ARM_SEGGER_RTT/SEGGER_RTT.c ****   // Avoid warnings regarding volatile access order.  It's not a problem
 443:ARM_SEGGER_RTT/SEGGER_RTT.c ****   // in this case, but dampen compiler enthusiasm.
 444:ARM_SEGGER_RTT/SEGGER_RTT.c ****   //
 445:ARM_SEGGER_RTT/SEGGER_RTT.c ****   RdOff = pRing->RdOff;
  37              		.loc 1 445 3 view .LVU4
  38              		.loc 1 445 9 is_stmt 0 view .LVU5
  39 0000 0369     		ldr	r3, [r0, #16]
  40              	.LVL1:
 446:ARM_SEGGER_RTT/SEGGER_RTT.c ****   WrOff = pRing->WrOff;
  41              		.loc 1 446 3 is_stmt 1 view .LVU6
  42              		.loc 1 446 9 is_stmt 0 view .LVU7
  43 0002 C268     		ldr	r2, [r0, #12]
  44              	.LVL2:
 447:ARM_SEGGER_RTT/SEGGER_RTT.c ****   if (RdOff <= WrOff) {
  45              		.loc 1 447 3 is_stmt 1 view .LVU8
  46              		.loc 1 447 6 is_stmt 0 view .LVU9
  47 0004 9342     		cmp	r3, r2
  48 0006 04D8     		bhi	.L2
 448:ARM_SEGGER_RTT/SEGGER_RTT.c ****     r = pRing->SizeOfBuffer - 1u - WrOff + RdOff;
  49              		.loc 1 448 5 is_stmt 1 view .LVU10
  50              		.loc 1 448 14 is_stmt 0 view .LVU11
  51 0008 8168     		ldr	r1, [r0, #8]
  52              		.loc 1 448 34 view .LVU12
  53 000a 8A1A     		subs	r2, r1, r2
  54              	.LVL3:
  55              		.loc 1 448 42 view .LVU13
  56 000c 1344     		add	r3, r3, r2
  57              	.LVL4:
  58              		.loc 1 448 7 view .LVU14
  59 000e 581E     		subs	r0, r3, #1
  60              	.LVL5:
  61              		.loc 1 448 7 view .LVU15
  62 0010 7047     		bx	lr
  63              	.LVL6:
  64              	.L2:
 449:ARM_SEGGER_RTT/SEGGER_RTT.c ****   } else {
 450:ARM_SEGGER_RTT/SEGGER_RTT.c ****     r = RdOff - WrOff - 1u;
ARM GAS  C:\msys64\tmp\ccWAPVkS.s 			page 10


  65              		.loc 1 450 5 is_stmt 1 view .LVU16
  66              		.loc 1 450 15 is_stmt 0 view .LVU17
  67 0012 981A     		subs	r0, r3, r2
  68              	.LVL7:
  69              		.loc 1 450 7 view .LVU18
  70 0014 0138     		subs	r0, r0, #1
  71              	.LVL8:
 451:ARM_SEGGER_RTT/SEGGER_RTT.c ****   }
 452:ARM_SEGGER_RTT/SEGGER_RTT.c ****   return r;
  72              		.loc 1 452 3 is_stmt 1 view .LVU19
 453:ARM_SEGGER_RTT/SEGGER_RTT.c **** }
  73              		.loc 1 453 1 is_stmt 0 view .LVU20
  74 0016 7047     		bx	lr
  75              		.cfi_endproc
  76              	.LFE4:
  78              		.section	.text._WriteNoCheck,"ax",%progbits
  79              		.align	1
  80              		.syntax unified
  81              		.thumb
  82              		.thumb_func
  84              	_WriteNoCheck:
  85              	.LVL9:
  86              	.LFB2:
 377:ARM_SEGGER_RTT/SEGGER_RTT.c ****   unsigned NumBytesAtOnce;
  87              		.loc 1 377 94 is_stmt 1 view -0
  88              		.cfi_startproc
  89              		@ args = 0, pretend = 0, frame = 0
  90              		@ frame_needed = 0, uses_anonymous_args = 0
 377:ARM_SEGGER_RTT/SEGGER_RTT.c ****   unsigned NumBytesAtOnce;
  91              		.loc 1 377 94 is_stmt 0 view .LVU22
  92 0000 2DE9F843 		push	{r3, r4, r5, r6, r7, r8, r9, lr}
  93              	.LCFI0:
  94              		.cfi_def_cfa_offset 32
  95              		.cfi_offset 3, -32
  96              		.cfi_offset 4, -28
  97              		.cfi_offset 5, -24
  98              		.cfi_offset 6, -20
  99              		.cfi_offset 7, -16
 100              		.cfi_offset 8, -12
 101              		.cfi_offset 9, -8
 102              		.cfi_offset 14, -4
 103 0004 0446     		mov	r4, r0
 104 0006 8846     		mov	r8, r1
 105 0008 1646     		mov	r6, r2
 378:ARM_SEGGER_RTT/SEGGER_RTT.c ****   unsigned WrOff;
 106              		.loc 1 378 3 is_stmt 1 view .LVU23
 379:ARM_SEGGER_RTT/SEGGER_RTT.c ****   unsigned Rem;
 107              		.loc 1 379 3 view .LVU24
 380:ARM_SEGGER_RTT/SEGGER_RTT.c **** 
 108              		.loc 1 380 3 view .LVU25
 382:ARM_SEGGER_RTT/SEGGER_RTT.c ****   Rem = pRing->SizeOfBuffer - WrOff;
 109              		.loc 1 382 3 view .LVU26
 382:ARM_SEGGER_RTT/SEGGER_RTT.c ****   Rem = pRing->SizeOfBuffer - WrOff;
 110              		.loc 1 382 9 is_stmt 0 view .LVU27
 111 000a C568     		ldr	r5, [r0, #12]
 112              	.LVL10:
 383:ARM_SEGGER_RTT/SEGGER_RTT.c ****   if (Rem > NumBytes) {
ARM GAS  C:\msys64\tmp\ccWAPVkS.s 			page 11


 113              		.loc 1 383 3 is_stmt 1 view .LVU28
 383:ARM_SEGGER_RTT/SEGGER_RTT.c ****   if (Rem > NumBytes) {
 114              		.loc 1 383 14 is_stmt 0 view .LVU29
 115 000c 8768     		ldr	r7, [r0, #8]
 383:ARM_SEGGER_RTT/SEGGER_RTT.c ****   if (Rem > NumBytes) {
 116              		.loc 1 383 7 view .LVU30
 117 000e A7EB0509 		sub	r9, r7, r5
 118              	.LVL11:
 384:ARM_SEGGER_RTT/SEGGER_RTT.c ****     //
 119              		.loc 1 384 3 is_stmt 1 view .LVU31
 384:ARM_SEGGER_RTT/SEGGER_RTT.c ****     //
 120              		.loc 1 384 6 is_stmt 0 view .LVU32
 121 0012 9145     		cmp	r9, r2
 122 0014 07D9     		bls	.L5
 388:ARM_SEGGER_RTT/SEGGER_RTT.c ****     pRing->WrOff = WrOff + NumBytes;
 123              		.loc 1 388 5 is_stmt 1 view .LVU33
 388:ARM_SEGGER_RTT/SEGGER_RTT.c ****     pRing->WrOff = WrOff + NumBytes;
 124              		.loc 1 388 17 is_stmt 0 view .LVU34
 125 0016 4068     		ldr	r0, [r0, #4]
 126              	.LVL12:
 388:ARM_SEGGER_RTT/SEGGER_RTT.c ****     pRing->WrOff = WrOff + NumBytes;
 127              		.loc 1 388 5 view .LVU35
 128 0018 2844     		add	r0, r0, r5
 129 001a FFF7FEFF 		bl	memcpy
 130              	.LVL13:
 389:ARM_SEGGER_RTT/SEGGER_RTT.c ****   } else {
 131              		.loc 1 389 5 is_stmt 1 view .LVU36
 389:ARM_SEGGER_RTT/SEGGER_RTT.c ****   } else {
 132              		.loc 1 389 26 is_stmt 0 view .LVU37
 133 001e 3544     		add	r5, r5, r6
 134              	.LVL14:
 389:ARM_SEGGER_RTT/SEGGER_RTT.c ****   } else {
 135              		.loc 1 389 18 view .LVU38
 136 0020 E560     		str	r5, [r4, #12]
 137              	.L4:
 400:ARM_SEGGER_RTT/SEGGER_RTT.c **** 
 138              		.loc 1 400 1 view .LVU39
 139 0022 BDE8F883 		pop	{r3, r4, r5, r6, r7, r8, r9, pc}
 140              	.LVL15:
 141              	.L5:
 394:ARM_SEGGER_RTT/SEGGER_RTT.c ****     memcpy(pRing->pBuffer + WrOff, pData, NumBytesAtOnce);
 142              		.loc 1 394 5 is_stmt 1 view .LVU40
 395:ARM_SEGGER_RTT/SEGGER_RTT.c ****     NumBytesAtOnce = NumBytes - Rem;
 143              		.loc 1 395 5 view .LVU41
 395:ARM_SEGGER_RTT/SEGGER_RTT.c ****     NumBytesAtOnce = NumBytes - Rem;
 144              		.loc 1 395 17 is_stmt 0 view .LVU42
 145 0026 4068     		ldr	r0, [r0, #4]
 146              	.LVL16:
 395:ARM_SEGGER_RTT/SEGGER_RTT.c ****     NumBytesAtOnce = NumBytes - Rem;
 147              		.loc 1 395 5 view .LVU43
 148 0028 4A46     		mov	r2, r9
 149              	.LVL17:
 395:ARM_SEGGER_RTT/SEGGER_RTT.c ****     NumBytesAtOnce = NumBytes - Rem;
 150              		.loc 1 395 5 view .LVU44
 151 002a 2844     		add	r0, r0, r5
 152 002c FFF7FEFF 		bl	memcpy
 153              	.LVL18:
ARM GAS  C:\msys64\tmp\ccWAPVkS.s 			page 12


 396:ARM_SEGGER_RTT/SEGGER_RTT.c ****     memcpy(pRing->pBuffer, pData + Rem, NumBytesAtOnce);
 154              		.loc 1 396 5 is_stmt 1 view .LVU45
 396:ARM_SEGGER_RTT/SEGGER_RTT.c ****     memcpy(pRing->pBuffer, pData + Rem, NumBytesAtOnce);
 155              		.loc 1 396 20 is_stmt 0 view .LVU46
 156 0030 ED1B     		subs	r5, r5, r7
 157              	.LVL19:
 396:ARM_SEGGER_RTT/SEGGER_RTT.c ****     memcpy(pRing->pBuffer, pData + Rem, NumBytesAtOnce);
 158              		.loc 1 396 20 view .LVU47
 159 0032 3544     		add	r5, r5, r6
 160              	.LVL20:
 397:ARM_SEGGER_RTT/SEGGER_RTT.c ****     pRing->WrOff = NumBytesAtOnce;
 161              		.loc 1 397 5 is_stmt 1 view .LVU48
 162 0034 2A46     		mov	r2, r5
 163 0036 08EB0901 		add	r1, r8, r9
 164 003a 6068     		ldr	r0, [r4, #4]
 165 003c FFF7FEFF 		bl	memcpy
 166              	.LVL21:
 398:ARM_SEGGER_RTT/SEGGER_RTT.c ****   }
 167              		.loc 1 398 5 view .LVU49
 398:ARM_SEGGER_RTT/SEGGER_RTT.c ****   }
 168              		.loc 1 398 18 is_stmt 0 view .LVU50
 169 0040 E560     		str	r5, [r4, #12]
 400:ARM_SEGGER_RTT/SEGGER_RTT.c **** 
 170              		.loc 1 400 1 view .LVU51
 171 0042 EEE7     		b	.L4
 172              		.cfi_endproc
 173              	.LFE2:
 175              		.section	.text._WriteBlocking,"ax",%progbits
 176              		.align	1
 177              		.syntax unified
 178              		.thumb
 179              		.thumb_func
 181              	_WriteBlocking:
 182              	.LVL22:
 183              	.LFB1:
 326:ARM_SEGGER_RTT/SEGGER_RTT.c ****   unsigned NumBytesToWrite;
 184              		.loc 1 326 101 is_stmt 1 view -0
 185              		.cfi_startproc
 186              		@ args = 0, pretend = 0, frame = 0
 187              		@ frame_needed = 0, uses_anonymous_args = 0
 326:ARM_SEGGER_RTT/SEGGER_RTT.c ****   unsigned NumBytesToWrite;
 188              		.loc 1 326 101 is_stmt 0 view .LVU53
 189 0000 2DE9F843 		push	{r3, r4, r5, r6, r7, r8, r9, lr}
 190              	.LCFI1:
 191              		.cfi_def_cfa_offset 32
 192              		.cfi_offset 3, -32
 193              		.cfi_offset 4, -28
 194              		.cfi_offset 5, -24
 195              		.cfi_offset 6, -20
 196              		.cfi_offset 7, -16
 197              		.cfi_offset 8, -12
 198              		.cfi_offset 9, -8
 199              		.cfi_offset 14, -4
 200 0004 0646     		mov	r6, r0
 201 0006 8846     		mov	r8, r1
 202 0008 1746     		mov	r7, r2
 327:ARM_SEGGER_RTT/SEGGER_RTT.c ****   unsigned NumBytesWritten;
ARM GAS  C:\msys64\tmp\ccWAPVkS.s 			page 13


 203              		.loc 1 327 3 is_stmt 1 view .LVU54
 328:ARM_SEGGER_RTT/SEGGER_RTT.c ****   unsigned RdOff;
 204              		.loc 1 328 3 view .LVU55
 329:ARM_SEGGER_RTT/SEGGER_RTT.c ****   unsigned WrOff;
 205              		.loc 1 329 3 view .LVU56
 330:ARM_SEGGER_RTT/SEGGER_RTT.c ****   //
 206              		.loc 1 330 3 view .LVU57
 334:ARM_SEGGER_RTT/SEGGER_RTT.c ****   WrOff = pRing->WrOff;
 207              		.loc 1 334 3 view .LVU58
 208              	.LVL23:
 335:ARM_SEGGER_RTT/SEGGER_RTT.c ****   do {
 209              		.loc 1 335 3 view .LVU59
 335:ARM_SEGGER_RTT/SEGGER_RTT.c ****   do {
 210              		.loc 1 335 9 is_stmt 0 view .LVU60
 211 000a C568     		ldr	r5, [r0, #12]
 212              	.LVL24:
 334:ARM_SEGGER_RTT/SEGGER_RTT.c ****   WrOff = pRing->WrOff;
 213              		.loc 1 334 19 view .LVU61
 214 000c 4FF00009 		mov	r9, #0
 215 0010 18E0     		b	.L12
 216              	.LVL25:
 217              	.L17:
 339:ARM_SEGGER_RTT/SEGGER_RTT.c ****     } else {
 218              		.loc 1 339 7 is_stmt 1 view .LVU62
 339:ARM_SEGGER_RTT/SEGGER_RTT.c ****     } else {
 219              		.loc 1 339 31 is_stmt 0 view .LVU63
 220 0012 5B1B     		subs	r3, r3, r5
 221              	.LVL26:
 339:ARM_SEGGER_RTT/SEGGER_RTT.c ****     } else {
 222              		.loc 1 339 23 view .LVU64
 223 0014 5A1E     		subs	r2, r3, #1
 224              	.LVL27:
 225              	.L10:
 343:ARM_SEGGER_RTT/SEGGER_RTT.c ****     NumBytesToWrite = MIN(NumBytesToWrite, NumBytes);
 226              		.loc 1 343 5 is_stmt 1 view .LVU65
 343:ARM_SEGGER_RTT/SEGGER_RTT.c ****     NumBytesToWrite = MIN(NumBytesToWrite, NumBytes);
 227              		.loc 1 343 23 is_stmt 0 view .LVU66
 228 0016 B368     		ldr	r3, [r6, #8]
 229 0018 5C1B     		subs	r4, r3, r5
 343:ARM_SEGGER_RTT/SEGGER_RTT.c ****     NumBytesToWrite = MIN(NumBytesToWrite, NumBytes);
 230              		.loc 1 343 21 view .LVU67
 231 001a 9442     		cmp	r4, r2
 232 001c 28BF     		it	cs
 233 001e 1446     		movcs	r4, r2
 234              	.LVL28:
 344:ARM_SEGGER_RTT/SEGGER_RTT.c ****     memcpy(pRing->pBuffer + WrOff, pBuffer, NumBytesToWrite);
 235              		.loc 1 344 5 is_stmt 1 view .LVU68
 344:ARM_SEGGER_RTT/SEGGER_RTT.c ****     memcpy(pRing->pBuffer + WrOff, pBuffer, NumBytesToWrite);
 236              		.loc 1 344 21 is_stmt 0 view .LVU69
 237 0020 BC42     		cmp	r4, r7
 238 0022 28BF     		it	cs
 239 0024 3C46     		movcs	r4, r7
 240              	.LVL29:
 345:ARM_SEGGER_RTT/SEGGER_RTT.c ****     NumBytesWritten += NumBytesToWrite;
 241              		.loc 1 345 5 is_stmt 1 view .LVU70
 345:ARM_SEGGER_RTT/SEGGER_RTT.c ****     NumBytesWritten += NumBytesToWrite;
 242              		.loc 1 345 17 is_stmt 0 view .LVU71
ARM GAS  C:\msys64\tmp\ccWAPVkS.s 			page 14


 243 0026 7068     		ldr	r0, [r6, #4]
 345:ARM_SEGGER_RTT/SEGGER_RTT.c ****     NumBytesWritten += NumBytesToWrite;
 244              		.loc 1 345 5 view .LVU72
 245 0028 2246     		mov	r2, r4
 246 002a 4146     		mov	r1, r8
 247 002c 2844     		add	r0, r0, r5
 248 002e FFF7FEFF 		bl	memcpy
 249              	.LVL30:
 346:ARM_SEGGER_RTT/SEGGER_RTT.c ****     pBuffer         += NumBytesToWrite;
 250              		.loc 1 346 5 is_stmt 1 view .LVU73
 346:ARM_SEGGER_RTT/SEGGER_RTT.c ****     pBuffer         += NumBytesToWrite;
 251              		.loc 1 346 21 is_stmt 0 view .LVU74
 252 0032 A144     		add	r9, r9, r4
 253              	.LVL31:
 347:ARM_SEGGER_RTT/SEGGER_RTT.c ****     NumBytes        -= NumBytesToWrite;
 254              		.loc 1 347 5 is_stmt 1 view .LVU75
 347:ARM_SEGGER_RTT/SEGGER_RTT.c ****     NumBytes        -= NumBytesToWrite;
 255              		.loc 1 347 21 is_stmt 0 view .LVU76
 256 0034 A044     		add	r8, r8, r4
 257              	.LVL32:
 348:ARM_SEGGER_RTT/SEGGER_RTT.c ****     WrOff           += NumBytesToWrite;
 258              		.loc 1 348 5 is_stmt 1 view .LVU77
 348:ARM_SEGGER_RTT/SEGGER_RTT.c ****     WrOff           += NumBytesToWrite;
 259              		.loc 1 348 21 is_stmt 0 view .LVU78
 260 0036 3F1B     		subs	r7, r7, r4
 261              	.LVL33:
 349:ARM_SEGGER_RTT/SEGGER_RTT.c ****     if (WrOff == pRing->SizeOfBuffer) {
 262              		.loc 1 349 5 is_stmt 1 view .LVU79
 349:ARM_SEGGER_RTT/SEGGER_RTT.c ****     if (WrOff == pRing->SizeOfBuffer) {
 263              		.loc 1 349 21 is_stmt 0 view .LVU80
 264 0038 2544     		add	r5, r5, r4
 265              	.LVL34:
 350:ARM_SEGGER_RTT/SEGGER_RTT.c ****       WrOff = 0u;
 266              		.loc 1 350 5 is_stmt 1 view .LVU81
 350:ARM_SEGGER_RTT/SEGGER_RTT.c ****       WrOff = 0u;
 267              		.loc 1 350 23 is_stmt 0 view .LVU82
 268 003a B368     		ldr	r3, [r6, #8]
 350:ARM_SEGGER_RTT/SEGGER_RTT.c ****       WrOff = 0u;
 269              		.loc 1 350 8 view .LVU83
 270 003c AB42     		cmp	r3, r5
 271 003e 09D0     		beq	.L15
 272              	.LVL35:
 273              	.L11:
 353:ARM_SEGGER_RTT/SEGGER_RTT.c ****   } while (NumBytes);
 274              		.loc 1 353 5 is_stmt 1 view .LVU84
 353:ARM_SEGGER_RTT/SEGGER_RTT.c ****   } while (NumBytes);
 275              		.loc 1 353 18 is_stmt 0 view .LVU85
 276 0040 F560     		str	r5, [r6, #12]
 354:ARM_SEGGER_RTT/SEGGER_RTT.c ****   //
 277              		.loc 1 354 12 is_stmt 1 view .LVU86
 278 0042 4FB1     		cbz	r7, .L16
 279              	.LVL36:
 280              	.L12:
 336:ARM_SEGGER_RTT/SEGGER_RTT.c ****     RdOff = pRing->RdOff;                         // May be changed by host (debug probe) in the me
 281              		.loc 1 336 3 view .LVU87
 337:ARM_SEGGER_RTT/SEGGER_RTT.c ****     if (RdOff > WrOff) {
 282              		.loc 1 337 5 view .LVU88
ARM GAS  C:\msys64\tmp\ccWAPVkS.s 			page 15


 337:ARM_SEGGER_RTT/SEGGER_RTT.c ****     if (RdOff > WrOff) {
 283              		.loc 1 337 11 is_stmt 0 view .LVU89
 284 0044 3369     		ldr	r3, [r6, #16]
 285              	.LVL37:
 338:ARM_SEGGER_RTT/SEGGER_RTT.c ****       NumBytesToWrite = RdOff - WrOff - 1u;
 286              		.loc 1 338 5 is_stmt 1 view .LVU90
 338:ARM_SEGGER_RTT/SEGGER_RTT.c ****       NumBytesToWrite = RdOff - WrOff - 1u;
 287              		.loc 1 338 8 is_stmt 0 view .LVU91
 288 0046 9D42     		cmp	r5, r3
 289 0048 E3D3     		bcc	.L17
 341:ARM_SEGGER_RTT/SEGGER_RTT.c ****     }
 290              		.loc 1 341 7 is_stmt 1 view .LVU92
 341:ARM_SEGGER_RTT/SEGGER_RTT.c ****     }
 291              		.loc 1 341 30 is_stmt 0 view .LVU93
 292 004a B268     		ldr	r2, [r6, #8]
 341:ARM_SEGGER_RTT/SEGGER_RTT.c ****     }
 293              		.loc 1 341 62 view .LVU94
 294 004c 5B1B     		subs	r3, r3, r5
 295              	.LVL38:
 341:ARM_SEGGER_RTT/SEGGER_RTT.c ****     }
 296              		.loc 1 341 45 view .LVU95
 297 004e 1A44     		add	r2, r2, r3
 341:ARM_SEGGER_RTT/SEGGER_RTT.c ****     }
 298              		.loc 1 341 23 view .LVU96
 299 0050 013A     		subs	r2, r2, #1
 300              	.LVL39:
 341:ARM_SEGGER_RTT/SEGGER_RTT.c ****     }
 301              		.loc 1 341 23 view .LVU97
 302 0052 E0E7     		b	.L10
 303              	.LVL40:
 304              	.L15:
 351:ARM_SEGGER_RTT/SEGGER_RTT.c ****     }
 305              		.loc 1 351 13 view .LVU98
 306 0054 0025     		movs	r5, #0
 307              	.LVL41:
 351:ARM_SEGGER_RTT/SEGGER_RTT.c ****     }
 308              		.loc 1 351 13 view .LVU99
 309 0056 F3E7     		b	.L11
 310              	.LVL42:
 311              	.L16:
 356:ARM_SEGGER_RTT/SEGGER_RTT.c **** }
 312              		.loc 1 356 3 is_stmt 1 view .LVU100
 357:ARM_SEGGER_RTT/SEGGER_RTT.c **** 
 313              		.loc 1 357 1 is_stmt 0 view .LVU101
 314 0058 4846     		mov	r0, r9
 315 005a BDE8F883 		pop	{r3, r4, r5, r6, r7, r8, r9, pc}
 357:ARM_SEGGER_RTT/SEGGER_RTT.c **** 
 316              		.loc 1 357 1 view .LVU102
 317              		.cfi_endproc
 318              	.LFE1:
 320              		.section	.text._PostTerminalSwitch,"ax",%progbits
 321              		.align	1
 322              		.syntax unified
 323              		.thumb
 324              		.thumb_func
 326              	_PostTerminalSwitch:
 327              	.LVL43:
ARM GAS  C:\msys64\tmp\ccWAPVkS.s 			page 16


 328              	.LFB3:
 415:ARM_SEGGER_RTT/SEGGER_RTT.c ****   char ac[2];
 329              		.loc 1 415 88 is_stmt 1 view -0
 330              		.cfi_startproc
 331              		@ args = 0, pretend = 0, frame = 8
 332              		@ frame_needed = 0, uses_anonymous_args = 0
 415:ARM_SEGGER_RTT/SEGGER_RTT.c ****   char ac[2];
 333              		.loc 1 415 88 is_stmt 0 view .LVU104
 334 0000 00B5     		push	{lr}
 335              	.LCFI2:
 336              		.cfi_def_cfa_offset 4
 337              		.cfi_offset 14, -4
 338 0002 83B0     		sub	sp, sp, #12
 339              	.LCFI3:
 340              		.cfi_def_cfa_offset 16
 416:ARM_SEGGER_RTT/SEGGER_RTT.c **** 
 341              		.loc 1 416 3 is_stmt 1 view .LVU105
 418:ARM_SEGGER_RTT/SEGGER_RTT.c ****   ac[1] = _aTerminalId[TerminalId];  // Caller made already sure that TerminalId does not exceed ou
 342              		.loc 1 418 3 view .LVU106
 418:ARM_SEGGER_RTT/SEGGER_RTT.c ****   ac[1] = _aTerminalId[TerminalId];  // Caller made already sure that TerminalId does not exceed ou
 343              		.loc 1 418 9 is_stmt 0 view .LVU107
 344 0004 FF23     		movs	r3, #255
 345 0006 8DF80430 		strb	r3, [sp, #4]
 419:ARM_SEGGER_RTT/SEGGER_RTT.c ****   _WriteBlocking(pRing, ac, 2u);
 346              		.loc 1 419 3 is_stmt 1 view .LVU108
 419:ARM_SEGGER_RTT/SEGGER_RTT.c ****   _WriteBlocking(pRing, ac, 2u);
 347              		.loc 1 419 23 is_stmt 0 view .LVU109
 348 000a 054B     		ldr	r3, .L20
 349 000c 5B5C     		ldrb	r3, [r3, r1]	@ zero_extendqisi2
 419:ARM_SEGGER_RTT/SEGGER_RTT.c ****   _WriteBlocking(pRing, ac, 2u);
 350              		.loc 1 419 9 view .LVU110
 351 000e 8DF80530 		strb	r3, [sp, #5]
 420:ARM_SEGGER_RTT/SEGGER_RTT.c **** }
 352              		.loc 1 420 3 is_stmt 1 view .LVU111
 353 0012 0222     		movs	r2, #2
 354 0014 01A9     		add	r1, sp, #4
 355              	.LVL44:
 420:ARM_SEGGER_RTT/SEGGER_RTT.c **** }
 356              		.loc 1 420 3 is_stmt 0 view .LVU112
 357 0016 FFF7FEFF 		bl	_WriteBlocking
 358              	.LVL45:
 421:ARM_SEGGER_RTT/SEGGER_RTT.c **** 
 359              		.loc 1 421 1 view .LVU113
 360 001a 03B0     		add	sp, sp, #12
 361              	.LCFI4:
 362              		.cfi_def_cfa_offset 4
 363              		@ sp needed
 364 001c 5DF804FB 		ldr	pc, [sp], #4
 365              	.L21:
 366              		.align	2
 367              	.L20:
 368 0020 00000000 		.word	.LANCHOR0
 369              		.cfi_endproc
 370              	.LFE3:
 372              		.section	.rodata._DoInit.str1.4,"aMS",%progbits,1
 373              		.align	2
 374              	.LC0:
ARM GAS  C:\msys64\tmp\ccWAPVkS.s 			page 17


 375 0000 5465726D 		.ascii	"Terminal\000"
 375      696E616C 
 375      00
 376 0009 000000   		.align	2
 377              	.LC1:
 378 000c 52545400 		.ascii	"RTT\000"
 379              		.align	2
 380              	.LC2:
 381 0010 53454747 		.ascii	"SEGGER\000"
 381      455200
 382              		.section	.text._DoInit,"ax",%progbits
 383              		.align	1
 384              		.syntax unified
 385              		.thumb
 386              		.thumb_func
 388              	_DoInit:
 389              	.LFB0:
 271:ARM_SEGGER_RTT/SEGGER_RTT.c ****   SEGGER_RTT_CB* p;
 390              		.loc 1 271 27 is_stmt 1 view -0
 391              		.cfi_startproc
 392              		@ args = 0, pretend = 0, frame = 0
 393              		@ frame_needed = 0, uses_anonymous_args = 0
 394              		@ link register save eliminated.
 272:ARM_SEGGER_RTT/SEGGER_RTT.c ****   //
 395              		.loc 1 272 3 view .LVU115
 276:ARM_SEGGER_RTT/SEGGER_RTT.c ****   p->MaxNumUpBuffers    = SEGGER_RTT_MAX_NUM_UP_BUFFERS;
 396              		.loc 1 276 3 view .LVU116
 397              	.LVL46:
 277:ARM_SEGGER_RTT/SEGGER_RTT.c ****   p->MaxNumDownBuffers  = SEGGER_RTT_MAX_NUM_DOWN_BUFFERS;
 398              		.loc 1 277 3 view .LVU117
 277:ARM_SEGGER_RTT/SEGGER_RTT.c ****   p->MaxNumDownBuffers  = SEGGER_RTT_MAX_NUM_DOWN_BUFFERS;
 399              		.loc 1 277 25 is_stmt 0 view .LVU118
 400 0000 124B     		ldr	r3, .L23
 401 0002 0322     		movs	r2, #3
 402 0004 1A61     		str	r2, [r3, #16]
 278:ARM_SEGGER_RTT/SEGGER_RTT.c ****   //
 403              		.loc 1 278 3 is_stmt 1 view .LVU119
 278:ARM_SEGGER_RTT/SEGGER_RTT.c ****   //
 404              		.loc 1 278 25 is_stmt 0 view .LVU120
 405 0006 5A61     		str	r2, [r3, #20]
 282:ARM_SEGGER_RTT/SEGGER_RTT.c ****   p->aUp[0].pBuffer       = _acUpBuffer;
 406              		.loc 1 282 3 is_stmt 1 view .LVU121
 282:ARM_SEGGER_RTT/SEGGER_RTT.c ****   p->aUp[0].pBuffer       = _acUpBuffer;
 407              		.loc 1 282 27 is_stmt 0 view .LVU122
 408 0008 1149     		ldr	r1, .L23+4
 409 000a 9961     		str	r1, [r3, #24]
 283:ARM_SEGGER_RTT/SEGGER_RTT.c ****   p->aUp[0].SizeOfBuffer  = sizeof(_acUpBuffer);
 410              		.loc 1 283 3 is_stmt 1 view .LVU123
 283:ARM_SEGGER_RTT/SEGGER_RTT.c ****   p->aUp[0].SizeOfBuffer  = sizeof(_acUpBuffer);
 411              		.loc 1 283 27 is_stmt 0 view .LVU124
 412 000c 114A     		ldr	r2, .L23+8
 413 000e DA61     		str	r2, [r3, #28]
 284:ARM_SEGGER_RTT/SEGGER_RTT.c ****   p->aUp[0].RdOff         = 0u;
 414              		.loc 1 284 3 is_stmt 1 view .LVU125
 284:ARM_SEGGER_RTT/SEGGER_RTT.c ****   p->aUp[0].RdOff         = 0u;
 415              		.loc 1 284 27 is_stmt 0 view .LVU126
 416 0010 4FF48062 		mov	r2, #1024
ARM GAS  C:\msys64\tmp\ccWAPVkS.s 			page 18


 417 0014 1A62     		str	r2, [r3, #32]
 285:ARM_SEGGER_RTT/SEGGER_RTT.c ****   p->aUp[0].WrOff         = 0u;
 418              		.loc 1 285 3 is_stmt 1 view .LVU127
 285:ARM_SEGGER_RTT/SEGGER_RTT.c ****   p->aUp[0].WrOff         = 0u;
 419              		.loc 1 285 27 is_stmt 0 view .LVU128
 420 0016 0022     		movs	r2, #0
 421 0018 9A62     		str	r2, [r3, #40]
 286:ARM_SEGGER_RTT/SEGGER_RTT.c ****   p->aUp[0].Flags         = SEGGER_RTT_MODE_DEFAULT;
 422              		.loc 1 286 3 is_stmt 1 view .LVU129
 286:ARM_SEGGER_RTT/SEGGER_RTT.c ****   p->aUp[0].Flags         = SEGGER_RTT_MODE_DEFAULT;
 423              		.loc 1 286 27 is_stmt 0 view .LVU130
 424 001a 5A62     		str	r2, [r3, #36]
 287:ARM_SEGGER_RTT/SEGGER_RTT.c ****   //
 425              		.loc 1 287 3 is_stmt 1 view .LVU131
 287:ARM_SEGGER_RTT/SEGGER_RTT.c ****   //
 426              		.loc 1 287 27 is_stmt 0 view .LVU132
 427 001c DA62     		str	r2, [r3, #44]
 291:ARM_SEGGER_RTT/SEGGER_RTT.c ****   p->aDown[0].pBuffer       = _acDownBuffer;
 428              		.loc 1 291 3 is_stmt 1 view .LVU133
 291:ARM_SEGGER_RTT/SEGGER_RTT.c ****   p->aDown[0].pBuffer       = _acDownBuffer;
 429              		.loc 1 291 29 is_stmt 0 view .LVU134
 430 001e 1966     		str	r1, [r3, #96]
 292:ARM_SEGGER_RTT/SEGGER_RTT.c ****   p->aDown[0].SizeOfBuffer  = sizeof(_acDownBuffer);
 431              		.loc 1 292 3 is_stmt 1 view .LVU135
 292:ARM_SEGGER_RTT/SEGGER_RTT.c ****   p->aDown[0].SizeOfBuffer  = sizeof(_acDownBuffer);
 432              		.loc 1 292 29 is_stmt 0 view .LVU136
 433 0020 0D49     		ldr	r1, .L23+12
 434 0022 5966     		str	r1, [r3, #100]
 293:ARM_SEGGER_RTT/SEGGER_RTT.c ****   p->aDown[0].RdOff         = 0u;
 435              		.loc 1 293 3 is_stmt 1 view .LVU137
 293:ARM_SEGGER_RTT/SEGGER_RTT.c ****   p->aDown[0].RdOff         = 0u;
 436              		.loc 1 293 29 is_stmt 0 view .LVU138
 437 0024 1021     		movs	r1, #16
 438 0026 9966     		str	r1, [r3, #104]
 294:ARM_SEGGER_RTT/SEGGER_RTT.c ****   p->aDown[0].WrOff         = 0u;
 439              		.loc 1 294 3 is_stmt 1 view .LVU139
 294:ARM_SEGGER_RTT/SEGGER_RTT.c ****   p->aDown[0].WrOff         = 0u;
 440              		.loc 1 294 29 is_stmt 0 view .LVU140
 441 0028 1A67     		str	r2, [r3, #112]
 295:ARM_SEGGER_RTT/SEGGER_RTT.c ****   p->aDown[0].Flags         = SEGGER_RTT_MODE_DEFAULT;
 442              		.loc 1 295 3 is_stmt 1 view .LVU141
 295:ARM_SEGGER_RTT/SEGGER_RTT.c ****   p->aDown[0].Flags         = SEGGER_RTT_MODE_DEFAULT;
 443              		.loc 1 295 29 is_stmt 0 view .LVU142
 444 002a DA66     		str	r2, [r3, #108]
 296:ARM_SEGGER_RTT/SEGGER_RTT.c ****   //
 445              		.loc 1 296 3 is_stmt 1 view .LVU143
 296:ARM_SEGGER_RTT/SEGGER_RTT.c ****   //
 446              		.loc 1 296 29 is_stmt 0 view .LVU144
 447 002c 5A67     		str	r2, [r3, #116]
 302:ARM_SEGGER_RTT/SEGGER_RTT.c ****   strcpy(&p->acID[0], "SEGGER");
 448              		.loc 1 302 3 is_stmt 1 view .LVU145
 449 002e 0B4A     		ldr	r2, .L23+16
 450 0030 1068     		ldr	r0, [r2]
 451 0032 C3F80700 		str	r0, [r3, #7]	@ unaligned
 303:ARM_SEGGER_RTT/SEGGER_RTT.c ****   p->acID[6] = ' ';
 452              		.loc 1 303 3 view .LVU146
 453 0036 0A4A     		ldr	r2, .L23+20
ARM GAS  C:\msys64\tmp\ccWAPVkS.s 			page 19


 454 0038 92E80300 		ldm	r2, {r0, r1}
 455 003c 1860     		str	r0, [r3]
 456 003e 9980     		strh	r1, [r3, #4]	@ movhi
 457 0040 090C     		lsrs	r1, r1, #16
 458 0042 9971     		strb	r1, [r3, #6]
 304:ARM_SEGGER_RTT/SEGGER_RTT.c **** }
 459              		.loc 1 304 3 view .LVU147
 304:ARM_SEGGER_RTT/SEGGER_RTT.c **** }
 460              		.loc 1 304 14 is_stmt 0 view .LVU148
 461 0044 2022     		movs	r2, #32
 462 0046 9A71     		strb	r2, [r3, #6]
 305:ARM_SEGGER_RTT/SEGGER_RTT.c **** 
 463              		.loc 1 305 1 view .LVU149
 464 0048 7047     		bx	lr
 465              	.L24:
 466 004a 00BF     		.align	2
 467              	.L23:
 468 004c 00000000 		.word	.LANCHOR1
 469 0050 00000000 		.word	.LC0
 470 0054 00000000 		.word	.LANCHOR2
 471 0058 00000000 		.word	.LANCHOR3
 472 005c 0C000000 		.word	.LC1
 473 0060 10000000 		.word	.LC2
 474              		.cfi_endproc
 475              	.LFE0:
 477              		.section	.text.SEGGER_RTT_ReadNoLock,"ax",%progbits
 478              		.align	1
 479              		.global	SEGGER_RTT_ReadNoLock
 480              		.syntax unified
 481              		.thumb
 482              		.thumb_func
 484              	SEGGER_RTT_ReadNoLock:
 485              	.LVL47:
 486              	.LFB5:
 454:ARM_SEGGER_RTT/SEGGER_RTT.c **** 
 455:ARM_SEGGER_RTT/SEGGER_RTT.c **** /*********************************************************************
 456:ARM_SEGGER_RTT/SEGGER_RTT.c **** *
 457:ARM_SEGGER_RTT/SEGGER_RTT.c **** *       Public code
 458:ARM_SEGGER_RTT/SEGGER_RTT.c **** *
 459:ARM_SEGGER_RTT/SEGGER_RTT.c **** **********************************************************************
 460:ARM_SEGGER_RTT/SEGGER_RTT.c **** */
 461:ARM_SEGGER_RTT/SEGGER_RTT.c **** /*********************************************************************
 462:ARM_SEGGER_RTT/SEGGER_RTT.c **** *
 463:ARM_SEGGER_RTT/SEGGER_RTT.c **** *       SEGGER_RTT_ReadNoLock()
 464:ARM_SEGGER_RTT/SEGGER_RTT.c **** *
 465:ARM_SEGGER_RTT/SEGGER_RTT.c **** *  Function description
 466:ARM_SEGGER_RTT/SEGGER_RTT.c **** *    Reads characters from SEGGER real-time-terminal control block
 467:ARM_SEGGER_RTT/SEGGER_RTT.c **** *    which have been previously stored by the host.
 468:ARM_SEGGER_RTT/SEGGER_RTT.c **** *    Do not lock against interrupts and multiple access.
 469:ARM_SEGGER_RTT/SEGGER_RTT.c **** *
 470:ARM_SEGGER_RTT/SEGGER_RTT.c **** *  Parameters
 471:ARM_SEGGER_RTT/SEGGER_RTT.c **** *    BufferIndex  Index of Down-buffer to be used (e.g. 0 for "Terminal").
 472:ARM_SEGGER_RTT/SEGGER_RTT.c **** *    pBuffer      Pointer to buffer provided by target application, to copy characters from RTT-dow
 473:ARM_SEGGER_RTT/SEGGER_RTT.c **** *    BufferSize   Size of the target application buffer.
 474:ARM_SEGGER_RTT/SEGGER_RTT.c **** *
 475:ARM_SEGGER_RTT/SEGGER_RTT.c **** *  Return value
 476:ARM_SEGGER_RTT/SEGGER_RTT.c **** *    Number of bytes that have been read.
ARM GAS  C:\msys64\tmp\ccWAPVkS.s 			page 20


 477:ARM_SEGGER_RTT/SEGGER_RTT.c **** */
 478:ARM_SEGGER_RTT/SEGGER_RTT.c **** unsigned SEGGER_RTT_ReadNoLock(unsigned BufferIndex, void* pData, unsigned BufferSize) {
 487              		.loc 1 478 88 is_stmt 1 view -0
 488              		.cfi_startproc
 489              		@ args = 0, pretend = 0, frame = 0
 490              		@ frame_needed = 0, uses_anonymous_args = 0
 491              		.loc 1 478 88 is_stmt 0 view .LVU151
 492 0000 2DE9F047 		push	{r4, r5, r6, r7, r8, r9, r10, lr}
 493              	.LCFI5:
 494              		.cfi_def_cfa_offset 32
 495              		.cfi_offset 4, -32
 496              		.cfi_offset 5, -28
 497              		.cfi_offset 6, -24
 498              		.cfi_offset 7, -20
 499              		.cfi_offset 8, -16
 500              		.cfi_offset 9, -12
 501              		.cfi_offset 10, -8
 502              		.cfi_offset 14, -4
 503 0004 0446     		mov	r4, r0
 504 0006 8846     		mov	r8, r1
 505 0008 9146     		mov	r9, r2
 479:ARM_SEGGER_RTT/SEGGER_RTT.c ****   unsigned                NumBytesRem;
 506              		.loc 1 479 3 is_stmt 1 view .LVU152
 480:ARM_SEGGER_RTT/SEGGER_RTT.c ****   unsigned                NumBytesRead;
 507              		.loc 1 480 3 view .LVU153
 481:ARM_SEGGER_RTT/SEGGER_RTT.c ****   unsigned                RdOff;
 508              		.loc 1 481 3 view .LVU154
 482:ARM_SEGGER_RTT/SEGGER_RTT.c ****   unsigned                WrOff;
 509              		.loc 1 482 3 view .LVU155
 483:ARM_SEGGER_RTT/SEGGER_RTT.c ****   unsigned char*          pBuffer;
 510              		.loc 1 483 3 view .LVU156
 484:ARM_SEGGER_RTT/SEGGER_RTT.c ****   SEGGER_RTT_BUFFER_DOWN* pRing;
 511              		.loc 1 484 3 view .LVU157
 485:ARM_SEGGER_RTT/SEGGER_RTT.c ****   //
 486:ARM_SEGGER_RTT/SEGGER_RTT.c ****   INIT();
 512              		.loc 1 486 3 view .LVU158
 513              		.loc 1 486 3 view .LVU159
 514 000a 244B     		ldr	r3, .L36
 515 000c 1B78     		ldrb	r3, [r3]	@ zero_extendqisi2
 516 000e C3B1     		cbz	r3, .L33
 517              	.LVL48:
 518              	.L26:
 519              		.loc 1 486 3 discriminator 3 view .LVU160
 487:ARM_SEGGER_RTT/SEGGER_RTT.c ****   pRing = &_SEGGER_RTT.aDown[BufferIndex];
 520              		.loc 1 487 3 discriminator 3 view .LVU161
 488:ARM_SEGGER_RTT/SEGGER_RTT.c ****   pBuffer = (unsigned char*)pData;
 521              		.loc 1 488 3 discriminator 3 view .LVU162
 489:ARM_SEGGER_RTT/SEGGER_RTT.c ****   RdOff = pRing->RdOff;
 522              		.loc 1 489 3 discriminator 3 view .LVU163
 523              		.loc 1 489 9 is_stmt 0 discriminator 3 view .LVU164
 524 0010 04EB4402 		add	r2, r4, r4, lsl #1
 525 0014 214B     		ldr	r3, .L36
 526 0016 03EBC203 		add	r3, r3, r2, lsl #3
 527 001a 1F6F     		ldr	r7, [r3, #112]
 528              	.LVL49:
 490:ARM_SEGGER_RTT/SEGGER_RTT.c ****   WrOff = pRing->WrOff;
 529              		.loc 1 490 3 is_stmt 1 discriminator 3 view .LVU165
ARM GAS  C:\msys64\tmp\ccWAPVkS.s 			page 21


 530              		.loc 1 490 9 is_stmt 0 discriminator 3 view .LVU166
 531 001c DD6E     		ldr	r5, [r3, #108]
 532              	.LVL50:
 491:ARM_SEGGER_RTT/SEGGER_RTT.c ****   NumBytesRead = 0u;
 533              		.loc 1 491 3 is_stmt 1 discriminator 3 view .LVU167
 492:ARM_SEGGER_RTT/SEGGER_RTT.c ****   //
 493:ARM_SEGGER_RTT/SEGGER_RTT.c ****   // Read from current read position to wrap-around of buffer, first
 494:ARM_SEGGER_RTT/SEGGER_RTT.c ****   //
 495:ARM_SEGGER_RTT/SEGGER_RTT.c ****   if (RdOff > WrOff) {
 534              		.loc 1 495 3 discriminator 3 view .LVU168
 535              		.loc 1 495 6 is_stmt 0 discriminator 3 view .LVU169
 536 001e AF42     		cmp	r7, r5
 537 0020 12D8     		bhi	.L34
 491:ARM_SEGGER_RTT/SEGGER_RTT.c ****   NumBytesRead = 0u;
 538              		.loc 1 491 16 view .LVU170
 539 0022 0026     		movs	r6, #0
 540              	.LVL51:
 541              	.L27:
 496:ARM_SEGGER_RTT/SEGGER_RTT.c ****     NumBytesRem = pRing->SizeOfBuffer - RdOff;
 497:ARM_SEGGER_RTT/SEGGER_RTT.c ****     NumBytesRem = MIN(NumBytesRem, BufferSize);
 498:ARM_SEGGER_RTT/SEGGER_RTT.c ****     memcpy(pBuffer, pRing->pBuffer + RdOff, NumBytesRem);
 499:ARM_SEGGER_RTT/SEGGER_RTT.c ****     NumBytesRead += NumBytesRem;
 500:ARM_SEGGER_RTT/SEGGER_RTT.c ****     pBuffer      += NumBytesRem;
 501:ARM_SEGGER_RTT/SEGGER_RTT.c ****     BufferSize   -= NumBytesRem;
 502:ARM_SEGGER_RTT/SEGGER_RTT.c ****     RdOff        += NumBytesRem;
 503:ARM_SEGGER_RTT/SEGGER_RTT.c ****     //
 504:ARM_SEGGER_RTT/SEGGER_RTT.c ****     // Handle wrap-around of buffer
 505:ARM_SEGGER_RTT/SEGGER_RTT.c ****     //
 506:ARM_SEGGER_RTT/SEGGER_RTT.c ****     if (RdOff == pRing->SizeOfBuffer) {
 507:ARM_SEGGER_RTT/SEGGER_RTT.c ****       RdOff = 0u;
 508:ARM_SEGGER_RTT/SEGGER_RTT.c ****     }
 509:ARM_SEGGER_RTT/SEGGER_RTT.c ****   }
 510:ARM_SEGGER_RTT/SEGGER_RTT.c ****   //
 511:ARM_SEGGER_RTT/SEGGER_RTT.c ****   // Read remaining items of buffer
 512:ARM_SEGGER_RTT/SEGGER_RTT.c ****   //
 513:ARM_SEGGER_RTT/SEGGER_RTT.c ****   NumBytesRem = WrOff - RdOff;
 542              		.loc 1 513 3 is_stmt 1 view .LVU171
 543              		.loc 1 513 15 is_stmt 0 view .LVU172
 544 0024 ED1B     		subs	r5, r5, r7
 545              	.LVL52:
 514:ARM_SEGGER_RTT/SEGGER_RTT.c ****   NumBytesRem = MIN(NumBytesRem, BufferSize);
 546              		.loc 1 514 3 is_stmt 1 view .LVU173
 547              		.loc 1 514 15 is_stmt 0 view .LVU174
 548 0026 4D45     		cmp	r5, r9
 549 0028 28BF     		it	cs
 550 002a 4D46     		movcs	r5, r9
 551              	.LVL53:
 515:ARM_SEGGER_RTT/SEGGER_RTT.c ****   if (NumBytesRem > 0u) {
 552              		.loc 1 515 3 is_stmt 1 view .LVU175
 553              		.loc 1 515 6 is_stmt 0 view .LVU176
 554 002c 3DBB     		cbnz	r5, .L35
 555              	.LVL54:
 556              	.L28:
 516:ARM_SEGGER_RTT/SEGGER_RTT.c ****     memcpy(pBuffer, pRing->pBuffer + RdOff, NumBytesRem);
 517:ARM_SEGGER_RTT/SEGGER_RTT.c ****     NumBytesRead += NumBytesRem;
 518:ARM_SEGGER_RTT/SEGGER_RTT.c ****     pBuffer      += NumBytesRem;
 519:ARM_SEGGER_RTT/SEGGER_RTT.c ****     BufferSize   -= NumBytesRem;
ARM GAS  C:\msys64\tmp\ccWAPVkS.s 			page 22


 520:ARM_SEGGER_RTT/SEGGER_RTT.c ****     RdOff        += NumBytesRem;
 521:ARM_SEGGER_RTT/SEGGER_RTT.c ****   }
 522:ARM_SEGGER_RTT/SEGGER_RTT.c ****   if (NumBytesRead) {
 557              		.loc 1 522 3 is_stmt 1 view .LVU177
 558              		.loc 1 522 6 is_stmt 0 view .LVU178
 559 002e 2EB1     		cbz	r6, .L25
 523:ARM_SEGGER_RTT/SEGGER_RTT.c ****     pRing->RdOff = RdOff;
 560              		.loc 1 523 5 is_stmt 1 view .LVU179
 561              		.loc 1 523 18 is_stmt 0 view .LVU180
 562 0030 04EB4404 		add	r4, r4, r4, lsl #1
 563              	.LVL55:
 564              		.loc 1 523 18 view .LVU181
 565 0034 194B     		ldr	r3, .L36
 566 0036 03EBC403 		add	r3, r3, r4, lsl #3
 567 003a 1F67     		str	r7, [r3, #112]
 524:ARM_SEGGER_RTT/SEGGER_RTT.c ****   }
 525:ARM_SEGGER_RTT/SEGGER_RTT.c ****   //
 526:ARM_SEGGER_RTT/SEGGER_RTT.c ****   return NumBytesRead;
 568              		.loc 1 526 3 is_stmt 1 view .LVU182
 569              	.L25:
 527:ARM_SEGGER_RTT/SEGGER_RTT.c **** }
 570              		.loc 1 527 1 is_stmt 0 view .LVU183
 571 003c 3046     		mov	r0, r6
 572 003e BDE8F087 		pop	{r4, r5, r6, r7, r8, r9, r10, pc}
 573              	.LVL56:
 574              	.L33:
 486:ARM_SEGGER_RTT/SEGGER_RTT.c ****   pRing = &_SEGGER_RTT.aDown[BufferIndex];
 575              		.loc 1 486 3 is_stmt 1 discriminator 1 view .LVU184
 576 0042 FFF7FEFF 		bl	_DoInit
 577              	.LVL57:
 486:ARM_SEGGER_RTT/SEGGER_RTT.c ****   pRing = &_SEGGER_RTT.aDown[BufferIndex];
 578              		.loc 1 486 3 is_stmt 0 discriminator 1 view .LVU185
 579 0046 E3E7     		b	.L26
 580              	.LVL58:
 581              	.L34:
 496:ARM_SEGGER_RTT/SEGGER_RTT.c ****     NumBytesRem = MIN(NumBytesRem, BufferSize);
 582              		.loc 1 496 5 is_stmt 1 view .LVU186
 496:ARM_SEGGER_RTT/SEGGER_RTT.c ****     NumBytesRem = MIN(NumBytesRem, BufferSize);
 583              		.loc 1 496 24 is_stmt 0 view .LVU187
 584 0048 1346     		mov	r3, r2
 585 004a 144A     		ldr	r2, .L36
 586 004c 02EBC30A 		add	r10, r2, r3, lsl #3
 587 0050 DAF86860 		ldr	r6, [r10, #104]
 496:ARM_SEGGER_RTT/SEGGER_RTT.c ****     NumBytesRem = MIN(NumBytesRem, BufferSize);
 588              		.loc 1 496 17 view .LVU188
 589 0054 F61B     		subs	r6, r6, r7
 590              	.LVL59:
 497:ARM_SEGGER_RTT/SEGGER_RTT.c ****     memcpy(pBuffer, pRing->pBuffer + RdOff, NumBytesRem);
 591              		.loc 1 497 5 is_stmt 1 view .LVU189
 497:ARM_SEGGER_RTT/SEGGER_RTT.c ****     memcpy(pBuffer, pRing->pBuffer + RdOff, NumBytesRem);
 592              		.loc 1 497 17 is_stmt 0 view .LVU190
 593 0056 4E45     		cmp	r6, r9
 594 0058 28BF     		it	cs
 595 005a 4E46     		movcs	r6, r9
 596              	.LVL60:
 498:ARM_SEGGER_RTT/SEGGER_RTT.c ****     NumBytesRead += NumBytesRem;
 597              		.loc 1 498 5 is_stmt 1 view .LVU191
ARM GAS  C:\msys64\tmp\ccWAPVkS.s 			page 23


 498:ARM_SEGGER_RTT/SEGGER_RTT.c ****     NumBytesRead += NumBytesRem;
 598              		.loc 1 498 26 is_stmt 0 view .LVU192
 599 005c DAF86410 		ldr	r1, [r10, #100]
 498:ARM_SEGGER_RTT/SEGGER_RTT.c ****     NumBytesRead += NumBytesRem;
 600              		.loc 1 498 5 view .LVU193
 601 0060 3246     		mov	r2, r6
 602 0062 3944     		add	r1, r1, r7
 603 0064 4046     		mov	r0, r8
 604 0066 FFF7FEFF 		bl	memcpy
 605              	.LVL61:
 499:ARM_SEGGER_RTT/SEGGER_RTT.c ****     pBuffer      += NumBytesRem;
 606              		.loc 1 499 5 is_stmt 1 view .LVU194
 500:ARM_SEGGER_RTT/SEGGER_RTT.c ****     BufferSize   -= NumBytesRem;
 607              		.loc 1 500 5 view .LVU195
 500:ARM_SEGGER_RTT/SEGGER_RTT.c ****     BufferSize   -= NumBytesRem;
 608              		.loc 1 500 18 is_stmt 0 view .LVU196
 609 006a B044     		add	r8, r8, r6
 610              	.LVL62:
 501:ARM_SEGGER_RTT/SEGGER_RTT.c ****     RdOff        += NumBytesRem;
 611              		.loc 1 501 5 is_stmt 1 view .LVU197
 501:ARM_SEGGER_RTT/SEGGER_RTT.c ****     RdOff        += NumBytesRem;
 612              		.loc 1 501 18 is_stmt 0 view .LVU198
 613 006c A9EB0609 		sub	r9, r9, r6
 614              	.LVL63:
 502:ARM_SEGGER_RTT/SEGGER_RTT.c ****     //
 615              		.loc 1 502 5 is_stmt 1 view .LVU199
 502:ARM_SEGGER_RTT/SEGGER_RTT.c ****     //
 616              		.loc 1 502 18 is_stmt 0 view .LVU200
 617 0070 3744     		add	r7, r7, r6
 618              	.LVL64:
 506:ARM_SEGGER_RTT/SEGGER_RTT.c ****       RdOff = 0u;
 619              		.loc 1 506 5 is_stmt 1 view .LVU201
 506:ARM_SEGGER_RTT/SEGGER_RTT.c ****       RdOff = 0u;
 620              		.loc 1 506 23 is_stmt 0 view .LVU202
 621 0072 DAF86830 		ldr	r3, [r10, #104]
 506:ARM_SEGGER_RTT/SEGGER_RTT.c ****       RdOff = 0u;
 622              		.loc 1 506 8 view .LVU203
 623 0076 BB42     		cmp	r3, r7
 624 0078 D4D1     		bne	.L27
 507:ARM_SEGGER_RTT/SEGGER_RTT.c ****     }
 625              		.loc 1 507 13 view .LVU204
 626 007a 0027     		movs	r7, #0
 627              	.LVL65:
 507:ARM_SEGGER_RTT/SEGGER_RTT.c ****     }
 628              		.loc 1 507 13 view .LVU205
 629 007c D2E7     		b	.L27
 630              	.LVL66:
 631              	.L35:
 516:ARM_SEGGER_RTT/SEGGER_RTT.c ****     NumBytesRead += NumBytesRem;
 632              		.loc 1 516 5 is_stmt 1 view .LVU206
 516:ARM_SEGGER_RTT/SEGGER_RTT.c ****     NumBytesRead += NumBytesRem;
 633              		.loc 1 516 26 is_stmt 0 view .LVU207
 634 007e 04EB4402 		add	r2, r4, r4, lsl #1
 635 0082 064B     		ldr	r3, .L36
 636 0084 03EBC203 		add	r3, r3, r2, lsl #3
 637 0088 596E     		ldr	r1, [r3, #100]
 516:ARM_SEGGER_RTT/SEGGER_RTT.c ****     NumBytesRead += NumBytesRem;
ARM GAS  C:\msys64\tmp\ccWAPVkS.s 			page 24


 638              		.loc 1 516 5 view .LVU208
 639 008a 2A46     		mov	r2, r5
 640 008c 3944     		add	r1, r1, r7
 641 008e 4046     		mov	r0, r8
 642 0090 FFF7FEFF 		bl	memcpy
 643              	.LVL67:
 517:ARM_SEGGER_RTT/SEGGER_RTT.c ****     pBuffer      += NumBytesRem;
 644              		.loc 1 517 5 is_stmt 1 view .LVU209
 517:ARM_SEGGER_RTT/SEGGER_RTT.c ****     pBuffer      += NumBytesRem;
 645              		.loc 1 517 18 is_stmt 0 view .LVU210
 646 0094 2E44     		add	r6, r6, r5
 647              	.LVL68:
 518:ARM_SEGGER_RTT/SEGGER_RTT.c ****     BufferSize   -= NumBytesRem;
 648              		.loc 1 518 5 is_stmt 1 view .LVU211
 519:ARM_SEGGER_RTT/SEGGER_RTT.c ****     RdOff        += NumBytesRem;
 649              		.loc 1 519 5 view .LVU212
 520:ARM_SEGGER_RTT/SEGGER_RTT.c ****   }
 650              		.loc 1 520 5 view .LVU213
 520:ARM_SEGGER_RTT/SEGGER_RTT.c ****   }
 651              		.loc 1 520 18 is_stmt 0 view .LVU214
 652 0096 2F44     		add	r7, r7, r5
 653              	.LVL69:
 520:ARM_SEGGER_RTT/SEGGER_RTT.c ****   }
 654              		.loc 1 520 18 view .LVU215
 655 0098 C9E7     		b	.L28
 656              	.L37:
 657 009a 00BF     		.align	2
 658              	.L36:
 659 009c 00000000 		.word	.LANCHOR1
 660              		.cfi_endproc
 661              	.LFE5:
 663              		.section	.text.SEGGER_RTT_Read,"ax",%progbits
 664              		.align	1
 665              		.global	SEGGER_RTT_Read
 666              		.syntax unified
 667              		.thumb
 668              		.thumb_func
 670              	SEGGER_RTT_Read:
 671              	.LVL70:
 672              	.LFB6:
 528:ARM_SEGGER_RTT/SEGGER_RTT.c **** 
 529:ARM_SEGGER_RTT/SEGGER_RTT.c **** /*********************************************************************
 530:ARM_SEGGER_RTT/SEGGER_RTT.c **** *
 531:ARM_SEGGER_RTT/SEGGER_RTT.c **** *       SEGGER_RTT_Read
 532:ARM_SEGGER_RTT/SEGGER_RTT.c **** *
 533:ARM_SEGGER_RTT/SEGGER_RTT.c **** *  Function description
 534:ARM_SEGGER_RTT/SEGGER_RTT.c **** *    Reads characters from SEGGER real-time-terminal control block
 535:ARM_SEGGER_RTT/SEGGER_RTT.c **** *    which have been previously stored by the host.
 536:ARM_SEGGER_RTT/SEGGER_RTT.c **** *
 537:ARM_SEGGER_RTT/SEGGER_RTT.c **** *  Parameters
 538:ARM_SEGGER_RTT/SEGGER_RTT.c **** *    BufferIndex  Index of Down-buffer to be used (e.g. 0 for "Terminal").
 539:ARM_SEGGER_RTT/SEGGER_RTT.c **** *    pBuffer      Pointer to buffer provided by target application, to copy characters from RTT-dow
 540:ARM_SEGGER_RTT/SEGGER_RTT.c **** *    BufferSize   Size of the target application buffer.
 541:ARM_SEGGER_RTT/SEGGER_RTT.c **** *
 542:ARM_SEGGER_RTT/SEGGER_RTT.c **** *  Return value
 543:ARM_SEGGER_RTT/SEGGER_RTT.c **** *    Number of bytes that have been read.
 544:ARM_SEGGER_RTT/SEGGER_RTT.c **** */
ARM GAS  C:\msys64\tmp\ccWAPVkS.s 			page 25


 545:ARM_SEGGER_RTT/SEGGER_RTT.c **** unsigned SEGGER_RTT_Read(unsigned BufferIndex, void* pBuffer, unsigned BufferSize) {
 673              		.loc 1 545 84 is_stmt 1 view -0
 674              		.cfi_startproc
 675              		@ args = 0, pretend = 0, frame = 0
 676              		@ frame_needed = 0, uses_anonymous_args = 0
 677              		.loc 1 545 84 is_stmt 0 view .LVU217
 678 0000 10B5     		push	{r4, lr}
 679              	.LCFI6:
 680              		.cfi_def_cfa_offset 8
 681              		.cfi_offset 4, -8
 682              		.cfi_offset 14, -4
 683 0002 0B46     		mov	r3, r1
 546:ARM_SEGGER_RTT/SEGGER_RTT.c ****   unsigned NumBytesRead;
 684              		.loc 1 546 3 is_stmt 1 view .LVU218
 685              	.LBB2:
 547:ARM_SEGGER_RTT/SEGGER_RTT.c ****   //
 548:ARM_SEGGER_RTT/SEGGER_RTT.c ****   SEGGER_RTT_LOCK();
 686              		.loc 1 548 3 view .LVU219
 687              		.loc 1 548 3 view .LVU220
 688              		.syntax unified
 689              	@ 548 "ARM_SEGGER_RTT/SEGGER_RTT.c" 1
 690 0004 EFF31184 		mrs   r4, basepri  
 691 0008 4FF02001 		mov   r1, #32       
 692 000c 81F31188 		msr   basepri, r1  
 693              		
 694              	@ 0 "" 2
 695              	.LVL71:
 696              		.loc 1 548 20 view .LVU221
 549:ARM_SEGGER_RTT/SEGGER_RTT.c ****   //
 550:ARM_SEGGER_RTT/SEGGER_RTT.c ****   // Call the non-locking read function
 551:ARM_SEGGER_RTT/SEGGER_RTT.c ****   //
 552:ARM_SEGGER_RTT/SEGGER_RTT.c ****   NumBytesRead = SEGGER_RTT_ReadNoLock(BufferIndex, pBuffer, BufferSize);
 697              		.loc 1 552 3 view .LVU222
 698              		.loc 1 552 18 is_stmt 0 view .LVU223
 699              		.thumb
 700              		.syntax unified
 701 0010 1946     		mov	r1, r3
 702 0012 FFF7FEFF 		bl	SEGGER_RTT_ReadNoLock
 703              	.LVL72:
 553:ARM_SEGGER_RTT/SEGGER_RTT.c ****   //
 554:ARM_SEGGER_RTT/SEGGER_RTT.c ****   // Finish up.
 555:ARM_SEGGER_RTT/SEGGER_RTT.c ****   //
 556:ARM_SEGGER_RTT/SEGGER_RTT.c ****   SEGGER_RTT_UNLOCK();
 704              		.loc 1 556 3 is_stmt 1 view .LVU224
 705              		.syntax unified
 706              	@ 556 "ARM_SEGGER_RTT/SEGGER_RTT.c" 1
 707 0016 84F31188 		msr   basepri, r4  
 708              		
 709              	@ 0 "" 2
 710              		.thumb
 711              		.syntax unified
 712              	.LBE2:
 713              		.loc 1 556 22 view .LVU225
 557:ARM_SEGGER_RTT/SEGGER_RTT.c ****   //
 558:ARM_SEGGER_RTT/SEGGER_RTT.c ****   return NumBytesRead;
 714              		.loc 1 558 3 view .LVU226
 559:ARM_SEGGER_RTT/SEGGER_RTT.c **** }
ARM GAS  C:\msys64\tmp\ccWAPVkS.s 			page 26


 715              		.loc 1 559 1 is_stmt 0 view .LVU227
 716 001a 10BD     		pop	{r4, pc}
 717              		.loc 1 559 1 view .LVU228
 718              		.cfi_endproc
 719              	.LFE6:
 721              		.section	.text.SEGGER_RTT_WriteWithOverwriteNoLock,"ax",%progbits
 722              		.align	1
 723              		.global	SEGGER_RTT_WriteWithOverwriteNoLock
 724              		.syntax unified
 725              		.thumb
 726              		.thumb_func
 728              	SEGGER_RTT_WriteWithOverwriteNoLock:
 729              	.LVL73:
 730              	.LFB7:
 560:ARM_SEGGER_RTT/SEGGER_RTT.c **** 
 561:ARM_SEGGER_RTT/SEGGER_RTT.c **** /*********************************************************************
 562:ARM_SEGGER_RTT/SEGGER_RTT.c **** *
 563:ARM_SEGGER_RTT/SEGGER_RTT.c **** *       SEGGER_RTT_WriteWithOverwriteNoLock
 564:ARM_SEGGER_RTT/SEGGER_RTT.c **** *
 565:ARM_SEGGER_RTT/SEGGER_RTT.c **** *  Function description
 566:ARM_SEGGER_RTT/SEGGER_RTT.c **** *    Stores a specified number of characters in SEGGER RTT
 567:ARM_SEGGER_RTT/SEGGER_RTT.c **** *    control block.
 568:ARM_SEGGER_RTT/SEGGER_RTT.c **** *    SEGGER_RTT_WriteWithOverwriteNoLock does not lock the application 
 569:ARM_SEGGER_RTT/SEGGER_RTT.c **** *    and overwrites data if the data does not fit into the buffer.
 570:ARM_SEGGER_RTT/SEGGER_RTT.c **** *
 571:ARM_SEGGER_RTT/SEGGER_RTT.c **** *  Parameters
 572:ARM_SEGGER_RTT/SEGGER_RTT.c **** *    BufferIndex  Index of "Up"-buffer to be used (e.g. 0 for "Terminal").
 573:ARM_SEGGER_RTT/SEGGER_RTT.c **** *    pBuffer      Pointer to character array. Does not need to point to a \0 terminated string.
 574:ARM_SEGGER_RTT/SEGGER_RTT.c **** *    NumBytes     Number of bytes to be stored in the SEGGER RTT control block.
 575:ARM_SEGGER_RTT/SEGGER_RTT.c **** *
 576:ARM_SEGGER_RTT/SEGGER_RTT.c **** *  Notes
 577:ARM_SEGGER_RTT/SEGGER_RTT.c **** *    (1) If there is not enough space in the "Up"-buffer, data is overwritten.
 578:ARM_SEGGER_RTT/SEGGER_RTT.c **** *    (2) For performance reasons this function does not call Init()
 579:ARM_SEGGER_RTT/SEGGER_RTT.c **** *        and may only be called after RTT has been initialized.
 580:ARM_SEGGER_RTT/SEGGER_RTT.c **** *        Either by calling SEGGER_RTT_Init() or calling another RTT API function first.
 581:ARM_SEGGER_RTT/SEGGER_RTT.c **** *    (3) Do not use SEGGER_RTT_WriteWithOverwriteNoLock if a J-Link 
 582:ARM_SEGGER_RTT/SEGGER_RTT.c **** *        connection reads RTT data.
 583:ARM_SEGGER_RTT/SEGGER_RTT.c **** */
 584:ARM_SEGGER_RTT/SEGGER_RTT.c **** void SEGGER_RTT_WriteWithOverwriteNoLock(unsigned BufferIndex, const void* pBuffer, unsigned NumByt
 731              		.loc 1 584 104 is_stmt 1 view -0
 732              		.cfi_startproc
 733              		@ args = 0, pretend = 0, frame = 0
 734              		@ frame_needed = 0, uses_anonymous_args = 0
 735              		.loc 1 584 104 is_stmt 0 view .LVU230
 736 0000 2DE9F041 		push	{r4, r5, r6, r7, r8, lr}
 737              	.LCFI7:
 738              		.cfi_def_cfa_offset 24
 739              		.cfi_offset 4, -24
 740              		.cfi_offset 5, -20
 741              		.cfi_offset 6, -16
 742              		.cfi_offset 7, -12
 743              		.cfi_offset 8, -8
 744              		.cfi_offset 14, -4
 745 0004 0646     		mov	r6, r0
 746 0006 8846     		mov	r8, r1
 747 0008 1746     		mov	r7, r2
 585:ARM_SEGGER_RTT/SEGGER_RTT.c ****   const char*           pData;
ARM GAS  C:\msys64\tmp\ccWAPVkS.s 			page 27


 748              		.loc 1 585 3 is_stmt 1 view .LVU231
 586:ARM_SEGGER_RTT/SEGGER_RTT.c ****   SEGGER_RTT_BUFFER_UP* pRing;
 749              		.loc 1 586 3 view .LVU232
 587:ARM_SEGGER_RTT/SEGGER_RTT.c ****   unsigned              Avail;
 750              		.loc 1 587 3 view .LVU233
 588:ARM_SEGGER_RTT/SEGGER_RTT.c **** 
 589:ARM_SEGGER_RTT/SEGGER_RTT.c ****   pData = (const char *)pBuffer;
 751              		.loc 1 589 3 view .LVU234
 752              	.LVL74:
 590:ARM_SEGGER_RTT/SEGGER_RTT.c ****   //
 591:ARM_SEGGER_RTT/SEGGER_RTT.c ****   // Get "to-host" ring buffer and copy some elements into local variables.
 592:ARM_SEGGER_RTT/SEGGER_RTT.c ****   //
 593:ARM_SEGGER_RTT/SEGGER_RTT.c ****   pRing = &_SEGGER_RTT.aUp[BufferIndex];
 753              		.loc 1 593 3 view .LVU235
 594:ARM_SEGGER_RTT/SEGGER_RTT.c ****   //
 595:ARM_SEGGER_RTT/SEGGER_RTT.c ****   // Check if we will overwrite data and need to adjust the RdOff.
 596:ARM_SEGGER_RTT/SEGGER_RTT.c ****   //
 597:ARM_SEGGER_RTT/SEGGER_RTT.c ****   if (pRing->WrOff == pRing->RdOff) {
 754              		.loc 1 597 3 view .LVU236
 755              		.loc 1 597 12 is_stmt 0 view .LVU237
 756 000a 00EB4002 		add	r2, r0, r0, lsl #1
 757              	.LVL75:
 758              		.loc 1 597 12 view .LVU238
 759 000e 414B     		ldr	r3, .L54
 760 0010 03EBC203 		add	r3, r3, r2, lsl #3
 761 0014 596A     		ldr	r1, [r3, #36]
 762              	.LVL76:
 763              		.loc 1 597 28 view .LVU239
 764 0016 9B6A     		ldr	r3, [r3, #40]
 765              		.loc 1 597 6 view .LVU240
 766 0018 9942     		cmp	r1, r3
 767 001a 0ED0     		beq	.L52
 598:ARM_SEGGER_RTT/SEGGER_RTT.c ****     Avail = pRing->SizeOfBuffer - 1u;
 599:ARM_SEGGER_RTT/SEGGER_RTT.c ****   } else if ( pRing->WrOff < pRing->RdOff) {
 768              		.loc 1 599 10 is_stmt 1 view .LVU241
 769              		.loc 1 599 35 is_stmt 0 view .LVU242
 770 001c 00EB4002 		add	r2, r0, r0, lsl #1
 771 0020 3C4B     		ldr	r3, .L54
 772 0022 03EBC203 		add	r3, r3, r2, lsl #3
 773 0026 9B6A     		ldr	r3, [r3, #40]
 774              		.loc 1 599 13 view .LVU243
 775 0028 9942     		cmp	r1, r3
 776 002a 17D2     		bcs	.L43
 600:ARM_SEGGER_RTT/SEGGER_RTT.c ****     Avail = pRing->RdOff - pRing->WrOff - 1u;
 777              		.loc 1 600 5 is_stmt 1 view .LVU244
 778              		.loc 1 600 18 is_stmt 0 view .LVU245
 779 002c 394B     		ldr	r3, .L54
 780 002e 03EBC203 		add	r3, r3, r2, lsl #3
 781 0032 9B6A     		ldr	r3, [r3, #40]
 782              		.loc 1 600 26 view .LVU246
 783 0034 5B1A     		subs	r3, r3, r1
 784              		.loc 1 600 11 view .LVU247
 785 0036 013B     		subs	r3, r3, #1
 786              	.LVL77:
 787              		.loc 1 600 11 view .LVU248
 788 0038 04E0     		b	.L42
 789              	.LVL78:
ARM GAS  C:\msys64\tmp\ccWAPVkS.s 			page 28


 790              	.L52:
 598:ARM_SEGGER_RTT/SEGGER_RTT.c ****     Avail = pRing->SizeOfBuffer - 1u;
 791              		.loc 1 598 5 is_stmt 1 view .LVU249
 598:ARM_SEGGER_RTT/SEGGER_RTT.c ****     Avail = pRing->SizeOfBuffer - 1u;
 792              		.loc 1 598 18 is_stmt 0 view .LVU250
 793 003a 364B     		ldr	r3, .L54
 794 003c 03EBC203 		add	r3, r3, r2, lsl #3
 795 0040 1B6A     		ldr	r3, [r3, #32]
 598:ARM_SEGGER_RTT/SEGGER_RTT.c ****     Avail = pRing->SizeOfBuffer - 1u;
 796              		.loc 1 598 11 view .LVU251
 797 0042 013B     		subs	r3, r3, #1
 798              	.LVL79:
 799              	.L42:
 601:ARM_SEGGER_RTT/SEGGER_RTT.c ****   } else {
 602:ARM_SEGGER_RTT/SEGGER_RTT.c ****     Avail = pRing->RdOff - pRing->WrOff - 1u + pRing->SizeOfBuffer;
 603:ARM_SEGGER_RTT/SEGGER_RTT.c ****   }
 604:ARM_SEGGER_RTT/SEGGER_RTT.c ****   if (NumBytes > Avail) {
 800              		.loc 1 604 3 is_stmt 1 view .LVU252
 801              		.loc 1 604 6 is_stmt 0 view .LVU253
 802 0044 BB42     		cmp	r3, r7
 803 0046 25D2     		bcs	.L44
 605:ARM_SEGGER_RTT/SEGGER_RTT.c ****     pRing->RdOff += (NumBytes - Avail);
 804              		.loc 1 605 5 is_stmt 1 view .LVU254
 805              		.loc 1 605 18 is_stmt 0 view .LVU255
 806 0048 06EB4600 		add	r0, r6, r6, lsl #1
 807              	.LVL80:
 808              		.loc 1 605 18 view .LVU256
 809 004c 314A     		ldr	r2, .L54
 810 004e 02EBC002 		add	r2, r2, r0, lsl #3
 811 0052 906A     		ldr	r0, [r2, #40]
 812              		.loc 1 605 31 view .LVU257
 813 0054 FB1A     		subs	r3, r7, r3
 814              	.LVL81:
 815              		.loc 1 605 18 view .LVU258
 816 0056 0344     		add	r3, r3, r0
 817 0058 9362     		str	r3, [r2, #40]
 606:ARM_SEGGER_RTT/SEGGER_RTT.c ****     while (pRing->RdOff >= pRing->SizeOfBuffer) {
 818              		.loc 1 606 5 is_stmt 1 view .LVU259
 819              		.loc 1 606 11 is_stmt 0 view .LVU260
 820 005a 12E0     		b	.L45
 821              	.LVL82:
 822              	.L43:
 602:ARM_SEGGER_RTT/SEGGER_RTT.c ****   }
 823              		.loc 1 602 5 is_stmt 1 view .LVU261
 602:ARM_SEGGER_RTT/SEGGER_RTT.c ****   }
 824              		.loc 1 602 18 is_stmt 0 view .LVU262
 825 005c 00EB4003 		add	r3, r0, r0, lsl #1
 826 0060 2C4A     		ldr	r2, .L54
 827 0062 02EBC302 		add	r2, r2, r3, lsl #3
 828 0066 936A     		ldr	r3, [r2, #40]
 602:ARM_SEGGER_RTT/SEGGER_RTT.c ****   }
 829              		.loc 1 602 26 view .LVU263
 830 0068 5B1A     		subs	r3, r3, r1
 602:ARM_SEGGER_RTT/SEGGER_RTT.c ****   }
 831              		.loc 1 602 53 view .LVU264
 832 006a 126A     		ldr	r2, [r2, #32]
 602:ARM_SEGGER_RTT/SEGGER_RTT.c ****   }
ARM GAS  C:\msys64\tmp\ccWAPVkS.s 			page 29


 833              		.loc 1 602 46 view .LVU265
 834 006c 1344     		add	r3, r3, r2
 602:ARM_SEGGER_RTT/SEGGER_RTT.c ****   }
 835              		.loc 1 602 11 view .LVU266
 836 006e 013B     		subs	r3, r3, #1
 837              	.LVL83:
 602:ARM_SEGGER_RTT/SEGGER_RTT.c ****   }
 838              		.loc 1 602 11 view .LVU267
 839 0070 E8E7     		b	.L42
 840              	.LVL84:
 841              	.L46:
 607:ARM_SEGGER_RTT/SEGGER_RTT.c ****       pRing->RdOff -= pRing->SizeOfBuffer;
 842              		.loc 1 607 7 is_stmt 1 view .LVU268
 843              		.loc 1 607 20 is_stmt 0 view .LVU269
 844 0072 06EB4602 		add	r2, r6, r6, lsl #1
 845 0076 274B     		ldr	r3, .L54
 846 0078 03EBC203 		add	r3, r3, r2, lsl #3
 847 007c 9A6A     		ldr	r2, [r3, #40]
 848 007e 121A     		subs	r2, r2, r0
 849 0080 9A62     		str	r2, [r3, #40]
 850              	.L45:
 606:ARM_SEGGER_RTT/SEGGER_RTT.c ****     while (pRing->RdOff >= pRing->SizeOfBuffer) {
 851              		.loc 1 606 25 is_stmt 1 view .LVU270
 606:ARM_SEGGER_RTT/SEGGER_RTT.c ****     while (pRing->RdOff >= pRing->SizeOfBuffer) {
 852              		.loc 1 606 17 is_stmt 0 view .LVU271
 853 0082 06EB4602 		add	r2, r6, r6, lsl #1
 854 0086 234B     		ldr	r3, .L54
 855 0088 03EBC203 		add	r3, r3, r2, lsl #3
 856 008c 9A6A     		ldr	r2, [r3, #40]
 606:ARM_SEGGER_RTT/SEGGER_RTT.c ****     while (pRing->RdOff >= pRing->SizeOfBuffer) {
 857              		.loc 1 606 33 view .LVU272
 858 008e 186A     		ldr	r0, [r3, #32]
 606:ARM_SEGGER_RTT/SEGGER_RTT.c ****     while (pRing->RdOff >= pRing->SizeOfBuffer) {
 859              		.loc 1 606 25 view .LVU273
 860 0090 8242     		cmp	r2, r0
 861 0092 EED2     		bcs	.L46
 862              	.L44:
 608:ARM_SEGGER_RTT/SEGGER_RTT.c ****     }
 609:ARM_SEGGER_RTT/SEGGER_RTT.c ****   }
 610:ARM_SEGGER_RTT/SEGGER_RTT.c ****   //
 611:ARM_SEGGER_RTT/SEGGER_RTT.c ****   // Write all data, no need to check the RdOff, but possibly handle multiple wrap-arounds
 612:ARM_SEGGER_RTT/SEGGER_RTT.c ****   //
 613:ARM_SEGGER_RTT/SEGGER_RTT.c ****   Avail = pRing->SizeOfBuffer - pRing->WrOff;
 863              		.loc 1 613 3 is_stmt 1 view .LVU274
 864              		.loc 1 613 16 is_stmt 0 view .LVU275
 865 0094 06EB4602 		add	r2, r6, r6, lsl #1
 866 0098 1E4B     		ldr	r3, .L54
 867 009a 03EBC203 		add	r3, r3, r2, lsl #3
 868 009e 1C6A     		ldr	r4, [r3, #32]
 869              		.loc 1 613 9 view .LVU276
 870 00a0 641A     		subs	r4, r4, r1
 871              	.LVL85:
 872              	.L50:
 614:ARM_SEGGER_RTT/SEGGER_RTT.c ****   do {
 873              		.loc 1 614 3 is_stmt 1 view .LVU277
 615:ARM_SEGGER_RTT/SEGGER_RTT.c ****     if (Avail > NumBytes) {
 874              		.loc 1 615 5 view .LVU278
ARM GAS  C:\msys64\tmp\ccWAPVkS.s 			page 30


 875              		.loc 1 615 8 is_stmt 0 view .LVU279
 876 00a2 A742     		cmp	r7, r4
 877 00a4 19D3     		bcc	.L53
 616:ARM_SEGGER_RTT/SEGGER_RTT.c ****       //
 617:ARM_SEGGER_RTT/SEGGER_RTT.c ****       // Last round
 618:ARM_SEGGER_RTT/SEGGER_RTT.c ****       //
 619:ARM_SEGGER_RTT/SEGGER_RTT.c **** #if 1 // memcpy() is good for large amounts of data, but the overhead is too big for small amounts.
 620:ARM_SEGGER_RTT/SEGGER_RTT.c ****       char* pDst;
 621:ARM_SEGGER_RTT/SEGGER_RTT.c ****       pDst = pRing->pBuffer + pRing->WrOff;
 622:ARM_SEGGER_RTT/SEGGER_RTT.c ****       pRing->WrOff += NumBytes;
 623:ARM_SEGGER_RTT/SEGGER_RTT.c ****       do {
 624:ARM_SEGGER_RTT/SEGGER_RTT.c ****         *pDst++ = *pData++;
 625:ARM_SEGGER_RTT/SEGGER_RTT.c ****       } while (--NumBytes);
 626:ARM_SEGGER_RTT/SEGGER_RTT.c **** #else
 627:ARM_SEGGER_RTT/SEGGER_RTT.c ****       memcpy(pRing->pBuffer + WrOff, pData, NumBytes);
 628:ARM_SEGGER_RTT/SEGGER_RTT.c ****       pRing->WrOff += NumBytes;
 629:ARM_SEGGER_RTT/SEGGER_RTT.c **** #endif
 630:ARM_SEGGER_RTT/SEGGER_RTT.c ****       break;  //Alternatively: NumBytes = 0;
 631:ARM_SEGGER_RTT/SEGGER_RTT.c ****     } else {
 632:ARM_SEGGER_RTT/SEGGER_RTT.c ****       //
 633:ARM_SEGGER_RTT/SEGGER_RTT.c ****       //  Wrap-around necessary, write until wrap-around and reset WrOff
 634:ARM_SEGGER_RTT/SEGGER_RTT.c ****       //
 635:ARM_SEGGER_RTT/SEGGER_RTT.c ****       memcpy(pRing->pBuffer + pRing->WrOff, pData, Avail);
 878              		.loc 1 635 7 is_stmt 1 view .LVU280
 879              		.loc 1 635 19 is_stmt 0 view .LVU281
 880 00a6 1B4D     		ldr	r5, .L54
 881 00a8 731C     		adds	r3, r6, #1
 882 00aa 03EB4303 		add	r3, r3, r3, lsl #1
 883 00ae 05EBC303 		add	r3, r5, r3, lsl #3
 884 00b2 5868     		ldr	r0, [r3, #4]
 885              		.loc 1 635 36 view .LVU282
 886 00b4 06EB4603 		add	r3, r6, r6, lsl #1
 887 00b8 05EBC305 		add	r5, r5, r3, lsl #3
 888 00bc 6B6A     		ldr	r3, [r5, #36]
 889              		.loc 1 635 7 view .LVU283
 890 00be 2246     		mov	r2, r4
 891 00c0 4146     		mov	r1, r8
 892 00c2 1844     		add	r0, r0, r3
 893 00c4 FFF7FEFF 		bl	memcpy
 894              	.LVL86:
 636:ARM_SEGGER_RTT/SEGGER_RTT.c ****       pData += Avail;
 895              		.loc 1 636 7 is_stmt 1 view .LVU284
 896              		.loc 1 636 13 is_stmt 0 view .LVU285
 897 00c8 A044     		add	r8, r8, r4
 898              	.LVL87:
 637:ARM_SEGGER_RTT/SEGGER_RTT.c ****       pRing->WrOff = 0;
 899              		.loc 1 637 7 is_stmt 1 view .LVU286
 900              		.loc 1 637 20 is_stmt 0 view .LVU287
 901 00ca 0023     		movs	r3, #0
 902 00cc 6B62     		str	r3, [r5, #36]
 638:ARM_SEGGER_RTT/SEGGER_RTT.c ****       NumBytes -= Avail;
 903              		.loc 1 638 7 is_stmt 1 view .LVU288
 904              		.loc 1 638 16 is_stmt 0 view .LVU289
 905 00ce 3F1B     		subs	r7, r7, r4
 906              	.LVL88:
 639:ARM_SEGGER_RTT/SEGGER_RTT.c ****       Avail = (pRing->SizeOfBuffer - 1);
 907              		.loc 1 639 7 is_stmt 1 view .LVU290
ARM GAS  C:\msys64\tmp\ccWAPVkS.s 			page 31


 908              		.loc 1 639 21 is_stmt 0 view .LVU291
 909 00d0 2C6A     		ldr	r4, [r5, #32]
 910              	.LVL89:
 911              		.loc 1 639 13 view .LVU292
 912 00d2 013C     		subs	r4, r4, #1
 913              	.LVL90:
 640:ARM_SEGGER_RTT/SEGGER_RTT.c ****     }
 641:ARM_SEGGER_RTT/SEGGER_RTT.c ****   } while (NumBytes);
 914              		.loc 1 641 12 is_stmt 1 view .LVU293
 915 00d4 002F     		cmp	r7, #0
 916 00d6 E4D1     		bne	.L50
 917 00d8 1AE0     		b	.L40
 918              	.L53:
 919              	.LBB3:
 620:ARM_SEGGER_RTT/SEGGER_RTT.c ****       pDst = pRing->pBuffer + pRing->WrOff;
 920              		.loc 1 620 7 view .LVU294
 621:ARM_SEGGER_RTT/SEGGER_RTT.c ****       pRing->WrOff += NumBytes;
 921              		.loc 1 621 7 view .LVU295
 621:ARM_SEGGER_RTT/SEGGER_RTT.c ****       pRing->WrOff += NumBytes;
 922              		.loc 1 621 19 is_stmt 0 view .LVU296
 923 00da 0E4A     		ldr	r2, .L54
 924 00dc 731C     		adds	r3, r6, #1
 925 00de 03EB4303 		add	r3, r3, r3, lsl #1
 926 00e2 02EBC303 		add	r3, r2, r3, lsl #3
 927 00e6 5968     		ldr	r1, [r3, #4]
 621:ARM_SEGGER_RTT/SEGGER_RTT.c ****       pRing->WrOff += NumBytes;
 928              		.loc 1 621 36 view .LVU297
 929 00e8 06EB4603 		add	r3, r6, r6, lsl #1
 930 00ec 02EBC303 		add	r3, r2, r3, lsl #3
 931 00f0 5B6A     		ldr	r3, [r3, #36]
 621:ARM_SEGGER_RTT/SEGGER_RTT.c ****       pRing->WrOff += NumBytes;
 932              		.loc 1 621 12 view .LVU298
 933 00f2 1944     		add	r1, r1, r3
 934              	.LVL91:
 622:ARM_SEGGER_RTT/SEGGER_RTT.c ****       do {
 935              		.loc 1 622 7 is_stmt 1 view .LVU299
 622:ARM_SEGGER_RTT/SEGGER_RTT.c ****       do {
 936              		.loc 1 622 20 is_stmt 0 view .LVU300
 937 00f4 06EB4606 		add	r6, r6, r6, lsl #1
 938              	.LVL92:
 622:ARM_SEGGER_RTT/SEGGER_RTT.c ****       do {
 939              		.loc 1 622 20 view .LVU301
 940 00f8 02EBC602 		add	r2, r2, r6, lsl #3
 941 00fc 3B44     		add	r3, r3, r7
 942 00fe 5362     		str	r3, [r2, #36]
 943              	.LVL93:
 944              	.L48:
 623:ARM_SEGGER_RTT/SEGGER_RTT.c ****         *pDst++ = *pData++;
 945              		.loc 1 623 7 is_stmt 1 discriminator 1 view .LVU302
 624:ARM_SEGGER_RTT/SEGGER_RTT.c ****       } while (--NumBytes);
 946              		.loc 1 624 9 discriminator 1 view .LVU303
 624:ARM_SEGGER_RTT/SEGGER_RTT.c ****       } while (--NumBytes);
 947              		.loc 1 624 19 is_stmt 0 discriminator 1 view .LVU304
 948 0100 98F80020 		ldrb	r2, [r8]	@ zero_extendqisi2
 949 0104 08F10108 		add	r8, r8, #1
 950              	.LVL94:
 624:ARM_SEGGER_RTT/SEGGER_RTT.c ****       } while (--NumBytes);
ARM GAS  C:\msys64\tmp\ccWAPVkS.s 			page 32


 951              		.loc 1 624 17 discriminator 1 view .LVU305
 952 0108 0A70     		strb	r2, [r1]
 953 010a 0131     		adds	r1, r1, #1
 954              	.LVL95:
 625:ARM_SEGGER_RTT/SEGGER_RTT.c **** #else
 955              		.loc 1 625 16 is_stmt 1 discriminator 1 view .LVU306
 625:ARM_SEGGER_RTT/SEGGER_RTT.c **** #else
 956              		.loc 1 625 16 is_stmt 0 discriminator 1 view .LVU307
 957 010c 013F     		subs	r7, r7, #1
 958              	.LVL96:
 625:ARM_SEGGER_RTT/SEGGER_RTT.c **** #else
 959              		.loc 1 625 16 discriminator 1 view .LVU308
 960 010e F7D1     		bne	.L48
 961              	.LVL97:
 962              	.L40:
 625:ARM_SEGGER_RTT/SEGGER_RTT.c **** #else
 963              		.loc 1 625 16 discriminator 1 view .LVU309
 964              	.LBE3:
 642:ARM_SEGGER_RTT/SEGGER_RTT.c **** }
 965              		.loc 1 642 1 view .LVU310
 966 0110 BDE8F081 		pop	{r4, r5, r6, r7, r8, pc}
 967              	.LVL98:
 968              	.L55:
 969              		.loc 1 642 1 view .LVU311
 970              		.align	2
 971              	.L54:
 972 0114 00000000 		.word	.LANCHOR1
 973              		.cfi_endproc
 974              	.LFE7:
 976              		.section	.text.SEGGER_RTT_WriteSkipNoLock,"ax",%progbits
 977              		.align	1
 978              		.global	SEGGER_RTT_WriteSkipNoLock
 979              		.syntax unified
 980              		.thumb
 981              		.thumb_func
 983              	SEGGER_RTT_WriteSkipNoLock:
 984              	.LVL99:
 985              	.LFB8:
 643:ARM_SEGGER_RTT/SEGGER_RTT.c **** 
 644:ARM_SEGGER_RTT/SEGGER_RTT.c **** /*********************************************************************
 645:ARM_SEGGER_RTT/SEGGER_RTT.c **** *
 646:ARM_SEGGER_RTT/SEGGER_RTT.c **** *       SEGGER_RTT_WriteSkipNoLock
 647:ARM_SEGGER_RTT/SEGGER_RTT.c **** *
 648:ARM_SEGGER_RTT/SEGGER_RTT.c **** *  Function description
 649:ARM_SEGGER_RTT/SEGGER_RTT.c **** *    Stores a specified number of characters in SEGGER RTT
 650:ARM_SEGGER_RTT/SEGGER_RTT.c **** *    control block which is then read by the host.
 651:ARM_SEGGER_RTT/SEGGER_RTT.c **** *    SEGGER_RTT_WriteSkipNoLock does not lock the application and
 652:ARM_SEGGER_RTT/SEGGER_RTT.c **** *    skips all data, if the data does not fit into the buffer.
 653:ARM_SEGGER_RTT/SEGGER_RTT.c **** *
 654:ARM_SEGGER_RTT/SEGGER_RTT.c **** *  Parameters
 655:ARM_SEGGER_RTT/SEGGER_RTT.c **** *    BufferIndex  Index of "Up"-buffer to be used (e.g. 0 for "Terminal").
 656:ARM_SEGGER_RTT/SEGGER_RTT.c **** *    pBuffer      Pointer to character array. Does not need to point to a \0 terminated string.
 657:ARM_SEGGER_RTT/SEGGER_RTT.c **** *    NumBytes     Number of bytes to be stored in the SEGGER RTT control block.
 658:ARM_SEGGER_RTT/SEGGER_RTT.c **** *
 659:ARM_SEGGER_RTT/SEGGER_RTT.c **** *  Return value
 660:ARM_SEGGER_RTT/SEGGER_RTT.c **** *    Number of bytes which have been stored in the "Up"-buffer.
 661:ARM_SEGGER_RTT/SEGGER_RTT.c **** *
ARM GAS  C:\msys64\tmp\ccWAPVkS.s 			page 33


 662:ARM_SEGGER_RTT/SEGGER_RTT.c **** *  Notes
 663:ARM_SEGGER_RTT/SEGGER_RTT.c **** *    (1) If there is not enough space in the "Up"-buffer, all data is dropped.
 664:ARM_SEGGER_RTT/SEGGER_RTT.c **** *    (2) For performance reasons this function does not call Init()
 665:ARM_SEGGER_RTT/SEGGER_RTT.c **** *        and may only be called after RTT has been initialized.
 666:ARM_SEGGER_RTT/SEGGER_RTT.c **** *        Either by calling SEGGER_RTT_Init() or calling another RTT API function first.
 667:ARM_SEGGER_RTT/SEGGER_RTT.c **** */
 668:ARM_SEGGER_RTT/SEGGER_RTT.c **** unsigned SEGGER_RTT_WriteSkipNoLock(unsigned BufferIndex, const void* pBuffer, unsigned NumBytes) {
 986              		.loc 1 668 99 is_stmt 1 view -0
 987              		.cfi_startproc
 988              		@ args = 0, pretend = 0, frame = 8
 989              		@ frame_needed = 0, uses_anonymous_args = 0
 990              		.loc 1 668 99 is_stmt 0 view .LVU313
 991 0000 2DE9F04F 		push	{r4, r5, r6, r7, r8, r9, r10, fp, lr}
 992              	.LCFI8:
 993              		.cfi_def_cfa_offset 36
 994              		.cfi_offset 4, -36
 995              		.cfi_offset 5, -32
 996              		.cfi_offset 6, -28
 997              		.cfi_offset 7, -24
 998              		.cfi_offset 8, -20
 999              		.cfi_offset 9, -16
 1000              		.cfi_offset 10, -12
 1001              		.cfi_offset 11, -8
 1002              		.cfi_offset 14, -4
 1003 0004 83B0     		sub	sp, sp, #12
 1004              	.LCFI9:
 1005              		.cfi_def_cfa_offset 48
 1006 0006 0546     		mov	r5, r0
 1007 0008 0E46     		mov	r6, r1
 1008 000a 1446     		mov	r4, r2
 669:ARM_SEGGER_RTT/SEGGER_RTT.c ****   const char*           pData;
 1009              		.loc 1 669 3 is_stmt 1 view .LVU314
 670:ARM_SEGGER_RTT/SEGGER_RTT.c ****   SEGGER_RTT_BUFFER_UP* pRing;
 1010              		.loc 1 670 3 view .LVU315
 671:ARM_SEGGER_RTT/SEGGER_RTT.c ****   unsigned              Avail;
 1011              		.loc 1 671 3 view .LVU316
 672:ARM_SEGGER_RTT/SEGGER_RTT.c ****   unsigned              RdOff;
 1012              		.loc 1 672 3 view .LVU317
 673:ARM_SEGGER_RTT/SEGGER_RTT.c ****   unsigned              WrOff;
 1013              		.loc 1 673 3 view .LVU318
 674:ARM_SEGGER_RTT/SEGGER_RTT.c ****   unsigned              Rem;
 1014              		.loc 1 674 3 view .LVU319
 675:ARM_SEGGER_RTT/SEGGER_RTT.c **** 
 676:ARM_SEGGER_RTT/SEGGER_RTT.c ****   pData = (const char *)pBuffer;
 1015              		.loc 1 676 3 view .LVU320
 1016              	.LVL100:
 677:ARM_SEGGER_RTT/SEGGER_RTT.c ****   //
 678:ARM_SEGGER_RTT/SEGGER_RTT.c ****   // Get "to-host" ring buffer and copy some elements into local variables.
 679:ARM_SEGGER_RTT/SEGGER_RTT.c ****   //
 680:ARM_SEGGER_RTT/SEGGER_RTT.c ****   pRing = &_SEGGER_RTT.aUp[BufferIndex];
 1017              		.loc 1 680 3 view .LVU321
 681:ARM_SEGGER_RTT/SEGGER_RTT.c ****   RdOff = pRing->RdOff;
 1018              		.loc 1 681 3 view .LVU322
 1019              		.loc 1 681 9 is_stmt 0 view .LVU323
 1020 000c 00EB4003 		add	r3, r0, r0, lsl #1
 1021 0010 454A     		ldr	r2, .L69
 1022              	.LVL101:
ARM GAS  C:\msys64\tmp\ccWAPVkS.s 			page 34


 1023              		.loc 1 681 9 view .LVU324
 1024 0012 02EBC302 		add	r2, r2, r3, lsl #3
 1025 0016 936A     		ldr	r3, [r2, #40]
 1026              	.LVL102:
 682:ARM_SEGGER_RTT/SEGGER_RTT.c ****   WrOff = pRing->WrOff;
 1027              		.loc 1 682 3 is_stmt 1 view .LVU325
 1028              		.loc 1 682 9 is_stmt 0 view .LVU326
 1029 0018 576A     		ldr	r7, [r2, #36]
 1030              	.LVL103:
 683:ARM_SEGGER_RTT/SEGGER_RTT.c ****   //
 684:ARM_SEGGER_RTT/SEGGER_RTT.c ****   // Handle the most common cases fastest.
 685:ARM_SEGGER_RTT/SEGGER_RTT.c ****   // Which is:
 686:ARM_SEGGER_RTT/SEGGER_RTT.c ****   //    RdOff <= WrOff -> Space until wrap around is free.
 687:ARM_SEGGER_RTT/SEGGER_RTT.c ****   //  AND
 688:ARM_SEGGER_RTT/SEGGER_RTT.c ****   //    WrOff + NumBytes < SizeOfBuffer -> No Wrap around necessary.
 689:ARM_SEGGER_RTT/SEGGER_RTT.c ****   //
 690:ARM_SEGGER_RTT/SEGGER_RTT.c ****   //  OR
 691:ARM_SEGGER_RTT/SEGGER_RTT.c ****   //
 692:ARM_SEGGER_RTT/SEGGER_RTT.c ****   //    RdOff > WrOff -> Space until RdOff - 1 is free.
 693:ARM_SEGGER_RTT/SEGGER_RTT.c ****   //  AND
 694:ARM_SEGGER_RTT/SEGGER_RTT.c ****   //    WrOff + NumBytes < RdOff -> Data fits into buffer
 695:ARM_SEGGER_RTT/SEGGER_RTT.c ****   //
 696:ARM_SEGGER_RTT/SEGGER_RTT.c ****   if (RdOff <= WrOff) {
 1031              		.loc 1 696 3 is_stmt 1 view .LVU327
 1032              		.loc 1 696 6 is_stmt 0 view .LVU328
 1033 001a BB42     		cmp	r3, r7
 1034 001c 66D8     		bhi	.L57
 697:ARM_SEGGER_RTT/SEGGER_RTT.c ****     //
 698:ARM_SEGGER_RTT/SEGGER_RTT.c ****     // Get space until WrOff will be at wrap around.
 699:ARM_SEGGER_RTT/SEGGER_RTT.c ****     //
 700:ARM_SEGGER_RTT/SEGGER_RTT.c ****     Avail = pRing->SizeOfBuffer - 1u - WrOff ;
 1035              		.loc 1 700 5 is_stmt 1 view .LVU329
 1036              		.loc 1 700 18 is_stmt 0 view .LVU330
 1037 001e 00EB4001 		add	r1, r0, r0, lsl #1
 1038              	.LVL104:
 1039              		.loc 1 700 18 view .LVU331
 1040 0022 414A     		ldr	r2, .L69
 1041 0024 02EBC102 		add	r2, r2, r1, lsl #3
 1042 0028 D2F82080 		ldr	r8, [r2, #32]
 1043              		.loc 1 700 38 view .LVU332
 1044 002c A8EB0709 		sub	r9, r8, r7
 1045              		.loc 1 700 11 view .LVU333
 1046 0030 09F1FF32 		add	r2, r9, #-1
 1047              	.LVL105:
 701:ARM_SEGGER_RTT/SEGGER_RTT.c ****     if (Avail >= NumBytes) {
 1048              		.loc 1 701 5 is_stmt 1 view .LVU334
 1049              		.loc 1 701 8 is_stmt 0 view .LVU335
 1050 0034 9442     		cmp	r4, r2
 1051 0036 04D9     		bls	.L66
 702:ARM_SEGGER_RTT/SEGGER_RTT.c **** #if 1 // memcpy() is good for large amounts of data, but the overhead is too big for small amounts.
 703:ARM_SEGGER_RTT/SEGGER_RTT.c ****       char* pDst;
 704:ARM_SEGGER_RTT/SEGGER_RTT.c ****       pDst = pRing->pBuffer + WrOff;
 705:ARM_SEGGER_RTT/SEGGER_RTT.c ****       WrOff += NumBytes;
 706:ARM_SEGGER_RTT/SEGGER_RTT.c ****       do {
 707:ARM_SEGGER_RTT/SEGGER_RTT.c ****         *pDst++ = *pData++;
 708:ARM_SEGGER_RTT/SEGGER_RTT.c ****       } while (--NumBytes);
 709:ARM_SEGGER_RTT/SEGGER_RTT.c ****       pRing->WrOff = WrOff + NumBytes;
ARM GAS  C:\msys64\tmp\ccWAPVkS.s 			page 35


 710:ARM_SEGGER_RTT/SEGGER_RTT.c **** #else
 711:ARM_SEGGER_RTT/SEGGER_RTT.c ****       memcpy(pRing->pBuffer + WrOff, pData, NumBytes);
 712:ARM_SEGGER_RTT/SEGGER_RTT.c ****       pRing->WrOff = WrOff + NumBytes;
 713:ARM_SEGGER_RTT/SEGGER_RTT.c **** #endif
 714:ARM_SEGGER_RTT/SEGGER_RTT.c ****       return 1;
 715:ARM_SEGGER_RTT/SEGGER_RTT.c ****     }
 716:ARM_SEGGER_RTT/SEGGER_RTT.c ****     //
 717:ARM_SEGGER_RTT/SEGGER_RTT.c ****     // If data did not fit into space until wrap around calculate complete space in buffer.
 718:ARM_SEGGER_RTT/SEGGER_RTT.c ****     //
 719:ARM_SEGGER_RTT/SEGGER_RTT.c ****     Avail += RdOff;
 1052              		.loc 1 719 5 is_stmt 1 view .LVU336
 1053              		.loc 1 719 11 is_stmt 0 view .LVU337
 1054 0038 1344     		add	r3, r3, r2
 1055              	.LVL106:
 720:ARM_SEGGER_RTT/SEGGER_RTT.c ****     //
 721:ARM_SEGGER_RTT/SEGGER_RTT.c ****     // If there is still no space for the whole of this output, don't bother.
 722:ARM_SEGGER_RTT/SEGGER_RTT.c ****     //
 723:ARM_SEGGER_RTT/SEGGER_RTT.c ****     if (Avail >= NumBytes) {
 1056              		.loc 1 723 5 is_stmt 1 view .LVU338
 1057              		.loc 1 723 8 is_stmt 0 view .LVU339
 1058 003a 9C42     		cmp	r4, r3
 1059 003c 19D9     		bls	.L67
 724:ARM_SEGGER_RTT/SEGGER_RTT.c ****       //
 725:ARM_SEGGER_RTT/SEGGER_RTT.c ****       //  OK, we have enough space in buffer. Copy in one or 2 chunks
 726:ARM_SEGGER_RTT/SEGGER_RTT.c ****       //
 727:ARM_SEGGER_RTT/SEGGER_RTT.c ****       Rem = pRing->SizeOfBuffer - WrOff;      // Space until end of buffer
 728:ARM_SEGGER_RTT/SEGGER_RTT.c ****       if (Rem > NumBytes) {
 729:ARM_SEGGER_RTT/SEGGER_RTT.c ****         memcpy(pRing->pBuffer + WrOff, pData, NumBytes);
 730:ARM_SEGGER_RTT/SEGGER_RTT.c ****         pRing->WrOff = WrOff + NumBytes;
 731:ARM_SEGGER_RTT/SEGGER_RTT.c ****       } else {
 732:ARM_SEGGER_RTT/SEGGER_RTT.c ****         //
 733:ARM_SEGGER_RTT/SEGGER_RTT.c ****         // We reach the end of the buffer, so need to wrap around
 734:ARM_SEGGER_RTT/SEGGER_RTT.c ****         //
 735:ARM_SEGGER_RTT/SEGGER_RTT.c ****         memcpy(pRing->pBuffer + WrOff, pData, Rem);
 736:ARM_SEGGER_RTT/SEGGER_RTT.c ****         memcpy(pRing->pBuffer, pData + Rem, NumBytes - Rem);
 737:ARM_SEGGER_RTT/SEGGER_RTT.c ****         pRing->WrOff = NumBytes - Rem;
 738:ARM_SEGGER_RTT/SEGGER_RTT.c ****       }
 739:ARM_SEGGER_RTT/SEGGER_RTT.c ****       return 1;
 740:ARM_SEGGER_RTT/SEGGER_RTT.c ****     }
 741:ARM_SEGGER_RTT/SEGGER_RTT.c ****   } else {
 742:ARM_SEGGER_RTT/SEGGER_RTT.c ****     Avail = RdOff - WrOff - 1u;
 743:ARM_SEGGER_RTT/SEGGER_RTT.c ****     if (Avail >= NumBytes) {
 744:ARM_SEGGER_RTT/SEGGER_RTT.c ****       memcpy(pRing->pBuffer + WrOff, pData, NumBytes);
 745:ARM_SEGGER_RTT/SEGGER_RTT.c ****       pRing->WrOff = WrOff + NumBytes;
 746:ARM_SEGGER_RTT/SEGGER_RTT.c ****       return 1;
 747:ARM_SEGGER_RTT/SEGGER_RTT.c ****     }
 748:ARM_SEGGER_RTT/SEGGER_RTT.c ****   }
 749:ARM_SEGGER_RTT/SEGGER_RTT.c ****   //
 750:ARM_SEGGER_RTT/SEGGER_RTT.c ****   // If we reach this point no data has been written
 751:ARM_SEGGER_RTT/SEGGER_RTT.c ****   //
 752:ARM_SEGGER_RTT/SEGGER_RTT.c ****   return 0;
 1060              		.loc 1 752 10 view .LVU340
 1061 003e 0020     		movs	r0, #0
 1062              	.LVL107:
 1063              		.loc 1 752 10 view .LVU341
 1064 0040 59E0     		b	.L56
 1065              	.LVL108:
ARM GAS  C:\msys64\tmp\ccWAPVkS.s 			page 36


 1066              	.L66:
 1067              	.LBB4:
 703:ARM_SEGGER_RTT/SEGGER_RTT.c ****       pDst = pRing->pBuffer + WrOff;
 1068              		.loc 1 703 7 is_stmt 1 view .LVU342
 704:ARM_SEGGER_RTT/SEGGER_RTT.c ****       WrOff += NumBytes;
 1069              		.loc 1 704 7 view .LVU343
 704:ARM_SEGGER_RTT/SEGGER_RTT.c ****       WrOff += NumBytes;
 1070              		.loc 1 704 19 is_stmt 0 view .LVU344
 1071 0042 431C     		adds	r3, r0, #1
 1072              	.LVL109:
 704:ARM_SEGGER_RTT/SEGGER_RTT.c ****       WrOff += NumBytes;
 1073              		.loc 1 704 19 view .LVU345
 1074 0044 03EB4303 		add	r3, r3, r3, lsl #1
 1075 0048 374A     		ldr	r2, .L69
 1076              	.LVL110:
 704:ARM_SEGGER_RTT/SEGGER_RTT.c ****       WrOff += NumBytes;
 1077              		.loc 1 704 19 view .LVU346
 1078 004a 02EBC303 		add	r3, r2, r3, lsl #3
 1079 004e 5968     		ldr	r1, [r3, #4]
 704:ARM_SEGGER_RTT/SEGGER_RTT.c ****       WrOff += NumBytes;
 1080              		.loc 1 704 12 view .LVU347
 1081 0050 3944     		add	r1, r1, r7
 1082              	.LVL111:
 705:ARM_SEGGER_RTT/SEGGER_RTT.c ****       do {
 1083              		.loc 1 705 7 is_stmt 1 view .LVU348
 705:ARM_SEGGER_RTT/SEGGER_RTT.c ****       do {
 1084              		.loc 1 705 13 is_stmt 0 view .LVU349
 1085 0052 2744     		add	r7, r7, r4
 1086              	.LVL112:
 1087              	.L59:
 706:ARM_SEGGER_RTT/SEGGER_RTT.c ****         *pDst++ = *pData++;
 1088              		.loc 1 706 7 is_stmt 1 discriminator 1 view .LVU350
 707:ARM_SEGGER_RTT/SEGGER_RTT.c ****       } while (--NumBytes);
 1089              		.loc 1 707 9 discriminator 1 view .LVU351
 707:ARM_SEGGER_RTT/SEGGER_RTT.c ****       } while (--NumBytes);
 1090              		.loc 1 707 19 is_stmt 0 discriminator 1 view .LVU352
 1091 0054 3278     		ldrb	r2, [r6]	@ zero_extendqisi2
 1092 0056 0136     		adds	r6, r6, #1
 1093              	.LVL113:
 707:ARM_SEGGER_RTT/SEGGER_RTT.c ****       } while (--NumBytes);
 1094              		.loc 1 707 17 discriminator 1 view .LVU353
 1095 0058 0A70     		strb	r2, [r1]
 1096 005a 0131     		adds	r1, r1, #1
 1097              	.LVL114:
 708:ARM_SEGGER_RTT/SEGGER_RTT.c ****       pRing->WrOff = WrOff + NumBytes;
 1098              		.loc 1 708 16 is_stmt 1 discriminator 1 view .LVU354
 708:ARM_SEGGER_RTT/SEGGER_RTT.c ****       pRing->WrOff = WrOff + NumBytes;
 1099              		.loc 1 708 16 is_stmt 0 discriminator 1 view .LVU355
 1100 005c 013C     		subs	r4, r4, #1
 1101              	.LVL115:
 708:ARM_SEGGER_RTT/SEGGER_RTT.c ****       pRing->WrOff = WrOff + NumBytes;
 1102              		.loc 1 708 16 discriminator 1 view .LVU356
 1103 005e F9D1     		bne	.L59
 709:ARM_SEGGER_RTT/SEGGER_RTT.c **** #else
 1104              		.loc 1 709 7 is_stmt 1 view .LVU357
 709:ARM_SEGGER_RTT/SEGGER_RTT.c **** #else
 1105              		.loc 1 709 28 is_stmt 0 view .LVU358
ARM GAS  C:\msys64\tmp\ccWAPVkS.s 			page 37


 1106 0060 2744     		add	r7, r7, r4
 1107              	.LVL116:
 709:ARM_SEGGER_RTT/SEGGER_RTT.c **** #else
 1108              		.loc 1 709 20 view .LVU359
 1109 0062 05EB4505 		add	r5, r5, r5, lsl #1
 1110 0066 304B     		ldr	r3, .L69
 1111 0068 03EBC503 		add	r3, r3, r5, lsl #3
 1112 006c 5F62     		str	r7, [r3, #36]
 714:ARM_SEGGER_RTT/SEGGER_RTT.c ****     }
 1113              		.loc 1 714 7 is_stmt 1 view .LVU360
 714:ARM_SEGGER_RTT/SEGGER_RTT.c ****     }
 1114              		.loc 1 714 14 is_stmt 0 view .LVU361
 1115 006e 0120     		movs	r0, #1
 1116              	.LVL117:
 714:ARM_SEGGER_RTT/SEGGER_RTT.c ****     }
 1117              		.loc 1 714 14 view .LVU362
 1118 0070 41E0     		b	.L56
 1119              	.LVL118:
 1120              	.L67:
 714:ARM_SEGGER_RTT/SEGGER_RTT.c ****     }
 1121              		.loc 1 714 14 view .LVU363
 1122              	.LBE4:
 727:ARM_SEGGER_RTT/SEGGER_RTT.c ****       if (Rem > NumBytes) {
 1123              		.loc 1 727 7 is_stmt 1 view .LVU364
 728:ARM_SEGGER_RTT/SEGGER_RTT.c ****         memcpy(pRing->pBuffer + WrOff, pData, NumBytes);
 1124              		.loc 1 728 7 view .LVU365
 728:ARM_SEGGER_RTT/SEGGER_RTT.c ****         memcpy(pRing->pBuffer + WrOff, pData, NumBytes);
 1125              		.loc 1 728 10 is_stmt 0 view .LVU366
 1126 0072 A145     		cmp	r9, r4
 1127 0074 15D9     		bls	.L61
 729:ARM_SEGGER_RTT/SEGGER_RTT.c ****         pRing->WrOff = WrOff + NumBytes;
 1128              		.loc 1 729 9 is_stmt 1 view .LVU367
 729:ARM_SEGGER_RTT/SEGGER_RTT.c ****         pRing->WrOff = WrOff + NumBytes;
 1129              		.loc 1 729 21 is_stmt 0 view .LVU368
 1130 0076 DFF8B080 		ldr	r8, .L69
 1131 007a 431C     		adds	r3, r0, #1
 1132              	.LVL119:
 729:ARM_SEGGER_RTT/SEGGER_RTT.c ****         pRing->WrOff = WrOff + NumBytes;
 1133              		.loc 1 729 21 view .LVU369
 1134 007c 03EB4303 		add	r3, r3, r3, lsl #1
 1135 0080 08EBC303 		add	r3, r8, r3, lsl #3
 1136 0084 5868     		ldr	r0, [r3, #4]
 1137              	.LVL120:
 729:ARM_SEGGER_RTT/SEGGER_RTT.c ****         pRing->WrOff = WrOff + NumBytes;
 1138              		.loc 1 729 9 view .LVU370
 1139 0086 2246     		mov	r2, r4
 1140 0088 3146     		mov	r1, r6
 1141 008a 3844     		add	r0, r0, r7
 1142 008c FFF7FEFF 		bl	memcpy
 1143              	.LVL121:
 730:ARM_SEGGER_RTT/SEGGER_RTT.c ****       } else {
 1144              		.loc 1 730 9 is_stmt 1 view .LVU371
 730:ARM_SEGGER_RTT/SEGGER_RTT.c ****       } else {
 1145              		.loc 1 730 30 is_stmt 0 view .LVU372
 1146 0090 2744     		add	r7, r7, r4
 1147              	.LVL122:
 730:ARM_SEGGER_RTT/SEGGER_RTT.c ****       } else {
ARM GAS  C:\msys64\tmp\ccWAPVkS.s 			page 38


 1148              		.loc 1 730 22 view .LVU373
 1149 0092 05EB4505 		add	r5, r5, r5, lsl #1
 1150              	.LVL123:
 730:ARM_SEGGER_RTT/SEGGER_RTT.c ****       } else {
 1151              		.loc 1 730 22 view .LVU374
 1152 0096 08EBC508 		add	r8, r8, r5, lsl #3
 1153 009a C8F82470 		str	r7, [r8, #36]
 1154              	.LVL124:
 1155              	.L62:
 739:ARM_SEGGER_RTT/SEGGER_RTT.c ****     }
 1156              		.loc 1 739 7 is_stmt 1 view .LVU375
 739:ARM_SEGGER_RTT/SEGGER_RTT.c ****     }
 1157              		.loc 1 739 14 is_stmt 0 view .LVU376
 1158 009e 0120     		movs	r0, #1
 1159 00a0 29E0     		b	.L56
 1160              	.LVL125:
 1161              	.L61:
 735:ARM_SEGGER_RTT/SEGGER_RTT.c ****         memcpy(pRing->pBuffer, pData + Rem, NumBytes - Rem);
 1162              		.loc 1 735 9 is_stmt 1 view .LVU377
 735:ARM_SEGGER_RTT/SEGGER_RTT.c ****         memcpy(pRing->pBuffer, pData + Rem, NumBytes - Rem);
 1163              		.loc 1 735 21 is_stmt 0 view .LVU378
 1164 00a2 DFF884A0 		ldr	r10, .L69
 1165 00a6 00F1010B 		add	fp, r0, #1
 1166 00aa 4FEA4B03 		lsl	r3, fp, #1
 1167              	.LVL126:
 735:ARM_SEGGER_RTT/SEGGER_RTT.c ****         memcpy(pRing->pBuffer, pData + Rem, NumBytes - Rem);
 1168              		.loc 1 735 21 view .LVU379
 1169 00ae 0193     		str	r3, [sp, #4]
 1170 00b0 0BEB4B03 		add	r3, fp, fp, lsl #1
 1171 00b4 0AEBC303 		add	r3, r10, r3, lsl #3
 1172 00b8 5868     		ldr	r0, [r3, #4]
 1173              	.LVL127:
 735:ARM_SEGGER_RTT/SEGGER_RTT.c ****         memcpy(pRing->pBuffer, pData + Rem, NumBytes - Rem);
 1174              		.loc 1 735 9 view .LVU380
 1175 00ba 4A46     		mov	r2, r9
 1176 00bc 3146     		mov	r1, r6
 1177 00be 3844     		add	r0, r0, r7
 1178 00c0 FFF7FEFF 		bl	memcpy
 1179              	.LVL128:
 736:ARM_SEGGER_RTT/SEGGER_RTT.c ****         pRing->WrOff = NumBytes - Rem;
 1180              		.loc 1 736 9 is_stmt 1 view .LVU381
 736:ARM_SEGGER_RTT/SEGGER_RTT.c ****         pRing->WrOff = NumBytes - Rem;
 1181              		.loc 1 736 21 is_stmt 0 view .LVU382
 1182 00c4 019B     		ldr	r3, [sp, #4]
 1183 00c6 5B44     		add	r3, r3, fp
 1184 00c8 0AEBC303 		add	r3, r10, r3, lsl #3
 736:ARM_SEGGER_RTT/SEGGER_RTT.c ****         pRing->WrOff = NumBytes - Rem;
 1185              		.loc 1 736 9 view .LVU383
 1186 00cc A7EB0808 		sub	r8, r7, r8
 1187 00d0 4444     		add	r4, r4, r8
 1188              	.LVL129:
 736:ARM_SEGGER_RTT/SEGGER_RTT.c ****         pRing->WrOff = NumBytes - Rem;
 1189              		.loc 1 736 9 view .LVU384
 1190 00d2 2246     		mov	r2, r4
 1191 00d4 06EB0901 		add	r1, r6, r9
 1192 00d8 5868     		ldr	r0, [r3, #4]
 1193 00da FFF7FEFF 		bl	memcpy
ARM GAS  C:\msys64\tmp\ccWAPVkS.s 			page 39


 1194              	.LVL130:
 737:ARM_SEGGER_RTT/SEGGER_RTT.c ****       }
 1195              		.loc 1 737 9 is_stmt 1 view .LVU385
 737:ARM_SEGGER_RTT/SEGGER_RTT.c ****       }
 1196              		.loc 1 737 22 is_stmt 0 view .LVU386
 1197 00de 05EB4505 		add	r5, r5, r5, lsl #1
 1198              	.LVL131:
 737:ARM_SEGGER_RTT/SEGGER_RTT.c ****       }
 1199              		.loc 1 737 22 view .LVU387
 1200 00e2 0AEBC50A 		add	r10, r10, r5, lsl #3
 1201 00e6 CAF82440 		str	r4, [r10, #36]
 1202 00ea D8E7     		b	.L62
 1203              	.LVL132:
 1204              	.L57:
 742:ARM_SEGGER_RTT/SEGGER_RTT.c ****     if (Avail >= NumBytes) {
 1205              		.loc 1 742 5 is_stmt 1 view .LVU388
 742:ARM_SEGGER_RTT/SEGGER_RTT.c ****     if (Avail >= NumBytes) {
 1206              		.loc 1 742 19 is_stmt 0 view .LVU389
 1207 00ec DB1B     		subs	r3, r3, r7
 1208              	.LVL133:
 742:ARM_SEGGER_RTT/SEGGER_RTT.c ****     if (Avail >= NumBytes) {
 1209              		.loc 1 742 11 view .LVU390
 1210 00ee 013B     		subs	r3, r3, #1
 1211              	.LVL134:
 743:ARM_SEGGER_RTT/SEGGER_RTT.c ****       memcpy(pRing->pBuffer + WrOff, pData, NumBytes);
 1212              		.loc 1 743 5 is_stmt 1 view .LVU391
 743:ARM_SEGGER_RTT/SEGGER_RTT.c ****       memcpy(pRing->pBuffer + WrOff, pData, NumBytes);
 1213              		.loc 1 743 8 is_stmt 0 view .LVU392
 1214 00f0 A342     		cmp	r3, r4
 1215 00f2 03D2     		bcs	.L68
 1216              		.loc 1 752 10 view .LVU393
 1217 00f4 0020     		movs	r0, #0
 1218              	.LVL135:
 1219              	.L56:
 753:ARM_SEGGER_RTT/SEGGER_RTT.c **** }
 1220              		.loc 1 753 1 view .LVU394
 1221 00f6 03B0     		add	sp, sp, #12
 1222              	.LCFI10:
 1223              		.cfi_remember_state
 1224              		.cfi_def_cfa_offset 36
 1225              		@ sp needed
 1226 00f8 BDE8F08F 		pop	{r4, r5, r6, r7, r8, r9, r10, fp, pc}
 1227              	.LVL136:
 1228              	.L68:
 1229              	.LCFI11:
 1230              		.cfi_restore_state
 744:ARM_SEGGER_RTT/SEGGER_RTT.c ****       pRing->WrOff = WrOff + NumBytes;
 1231              		.loc 1 744 7 is_stmt 1 view .LVU395
 744:ARM_SEGGER_RTT/SEGGER_RTT.c ****       pRing->WrOff = WrOff + NumBytes;
 1232              		.loc 1 744 19 is_stmt 0 view .LVU396
 1233 00fc DFF82880 		ldr	r8, .L69
 1234 0100 431C     		adds	r3, r0, #1
 1235              	.LVL137:
 744:ARM_SEGGER_RTT/SEGGER_RTT.c ****       pRing->WrOff = WrOff + NumBytes;
 1236              		.loc 1 744 19 view .LVU397
 1237 0102 03EB4303 		add	r3, r3, r3, lsl #1
 1238 0106 08EBC303 		add	r3, r8, r3, lsl #3
ARM GAS  C:\msys64\tmp\ccWAPVkS.s 			page 40


 1239 010a 5868     		ldr	r0, [r3, #4]
 1240              	.LVL138:
 744:ARM_SEGGER_RTT/SEGGER_RTT.c ****       pRing->WrOff = WrOff + NumBytes;
 1241              		.loc 1 744 7 view .LVU398
 1242 010c 2246     		mov	r2, r4
 1243 010e 3844     		add	r0, r0, r7
 1244 0110 FFF7FEFF 		bl	memcpy
 1245              	.LVL139:
 745:ARM_SEGGER_RTT/SEGGER_RTT.c ****       return 1;
 1246              		.loc 1 745 7 is_stmt 1 view .LVU399
 745:ARM_SEGGER_RTT/SEGGER_RTT.c ****       return 1;
 1247              		.loc 1 745 28 is_stmt 0 view .LVU400
 1248 0114 2744     		add	r7, r7, r4
 1249              	.LVL140:
 745:ARM_SEGGER_RTT/SEGGER_RTT.c ****       return 1;
 1250              		.loc 1 745 20 view .LVU401
 1251 0116 05EB4505 		add	r5, r5, r5, lsl #1
 1252              	.LVL141:
 745:ARM_SEGGER_RTT/SEGGER_RTT.c ****       return 1;
 1253              		.loc 1 745 20 view .LVU402
 1254 011a 08EBC508 		add	r8, r8, r5, lsl #3
 1255 011e C8F82470 		str	r7, [r8, #36]
 746:ARM_SEGGER_RTT/SEGGER_RTT.c ****     }
 1256              		.loc 1 746 7 is_stmt 1 view .LVU403
 746:ARM_SEGGER_RTT/SEGGER_RTT.c ****     }
 1257              		.loc 1 746 14 is_stmt 0 view .LVU404
 1258 0122 0120     		movs	r0, #1
 1259 0124 E7E7     		b	.L56
 1260              	.L70:
 1261 0126 00BF     		.align	2
 1262              	.L69:
 1263 0128 00000000 		.word	.LANCHOR1
 1264              		.cfi_endproc
 1265              	.LFE8:
 1267              		.section	.text.SEGGER_RTT_WriteNoLock,"ax",%progbits
 1268              		.align	1
 1269              		.global	SEGGER_RTT_WriteNoLock
 1270              		.syntax unified
 1271              		.thumb
 1272              		.thumb_func
 1274              	SEGGER_RTT_WriteNoLock:
 1275              	.LVL142:
 1276              	.LFB9:
 754:ARM_SEGGER_RTT/SEGGER_RTT.c **** 
 755:ARM_SEGGER_RTT/SEGGER_RTT.c **** /*********************************************************************
 756:ARM_SEGGER_RTT/SEGGER_RTT.c **** *
 757:ARM_SEGGER_RTT/SEGGER_RTT.c **** *       SEGGER_RTT_WriteNoLock
 758:ARM_SEGGER_RTT/SEGGER_RTT.c **** *
 759:ARM_SEGGER_RTT/SEGGER_RTT.c **** *  Function description
 760:ARM_SEGGER_RTT/SEGGER_RTT.c **** *    Stores a specified number of characters in SEGGER RTT
 761:ARM_SEGGER_RTT/SEGGER_RTT.c **** *    control block which is then read by the host.
 762:ARM_SEGGER_RTT/SEGGER_RTT.c **** *    SEGGER_RTT_WriteNoLock does not lock the application.
 763:ARM_SEGGER_RTT/SEGGER_RTT.c **** *
 764:ARM_SEGGER_RTT/SEGGER_RTT.c **** *  Parameters
 765:ARM_SEGGER_RTT/SEGGER_RTT.c **** *    BufferIndex  Index of "Up"-buffer to be used (e.g. 0 for "Terminal").
 766:ARM_SEGGER_RTT/SEGGER_RTT.c **** *    pBuffer      Pointer to character array. Does not need to point to a \0 terminated string.
 767:ARM_SEGGER_RTT/SEGGER_RTT.c **** *    NumBytes     Number of bytes to be stored in the SEGGER RTT control block.
ARM GAS  C:\msys64\tmp\ccWAPVkS.s 			page 41


 768:ARM_SEGGER_RTT/SEGGER_RTT.c **** *
 769:ARM_SEGGER_RTT/SEGGER_RTT.c **** *  Return value
 770:ARM_SEGGER_RTT/SEGGER_RTT.c **** *    Number of bytes which have been stored in the "Up"-buffer.
 771:ARM_SEGGER_RTT/SEGGER_RTT.c **** *
 772:ARM_SEGGER_RTT/SEGGER_RTT.c **** *  Notes
 773:ARM_SEGGER_RTT/SEGGER_RTT.c **** *    (1) If there is not enough space in the "Up"-buffer, remaining characters of pBuffer are dropp
 774:ARM_SEGGER_RTT/SEGGER_RTT.c **** *    (2) For performance reasons this function does not call Init()
 775:ARM_SEGGER_RTT/SEGGER_RTT.c **** *        and may only be called after RTT has been initialized.
 776:ARM_SEGGER_RTT/SEGGER_RTT.c **** *        Either by calling SEGGER_RTT_Init() or calling another RTT API function first.
 777:ARM_SEGGER_RTT/SEGGER_RTT.c **** */
 778:ARM_SEGGER_RTT/SEGGER_RTT.c **** unsigned SEGGER_RTT_WriteNoLock(unsigned BufferIndex, const void* pBuffer, unsigned NumBytes) {
 1277              		.loc 1 778 95 is_stmt 1 view -0
 1278              		.cfi_startproc
 1279              		@ args = 0, pretend = 0, frame = 0
 1280              		@ frame_needed = 0, uses_anonymous_args = 0
 1281              		.loc 1 778 95 is_stmt 0 view .LVU406
 1282 0000 F8B5     		push	{r3, r4, r5, r6, r7, lr}
 1283              	.LCFI12:
 1284              		.cfi_def_cfa_offset 24
 1285              		.cfi_offset 3, -24
 1286              		.cfi_offset 4, -20
 1287              		.cfi_offset 5, -16
 1288              		.cfi_offset 6, -12
 1289              		.cfi_offset 7, -8
 1290              		.cfi_offset 14, -4
 1291 0002 0F46     		mov	r7, r1
 1292 0004 1646     		mov	r6, r2
 779:ARM_SEGGER_RTT/SEGGER_RTT.c ****   unsigned              Status;
 1293              		.loc 1 779 3 is_stmt 1 view .LVU407
 780:ARM_SEGGER_RTT/SEGGER_RTT.c ****   unsigned              Avail;
 1294              		.loc 1 780 3 view .LVU408
 781:ARM_SEGGER_RTT/SEGGER_RTT.c ****   const char*           pData;
 1295              		.loc 1 781 3 view .LVU409
 782:ARM_SEGGER_RTT/SEGGER_RTT.c ****   SEGGER_RTT_BUFFER_UP* pRing;
 1296              		.loc 1 782 3 view .LVU410
 783:ARM_SEGGER_RTT/SEGGER_RTT.c **** 
 784:ARM_SEGGER_RTT/SEGGER_RTT.c ****   pData = (const char *)pBuffer;
 1297              		.loc 1 784 3 view .LVU411
 1298              	.LVL143:
 785:ARM_SEGGER_RTT/SEGGER_RTT.c ****   //
 786:ARM_SEGGER_RTT/SEGGER_RTT.c ****   // Get "to-host" ring buffer.
 787:ARM_SEGGER_RTT/SEGGER_RTT.c ****   //
 788:ARM_SEGGER_RTT/SEGGER_RTT.c ****   pRing = &_SEGGER_RTT.aUp[BufferIndex];
 1299              		.loc 1 788 3 view .LVU412
 1300              		.loc 1 788 9 is_stmt 0 view .LVU413
 1301 0006 184B     		ldr	r3, .L78
 1302 0008 451C     		adds	r5, r0, #1
 1303 000a 05EB4505 		add	r5, r5, r5, lsl #1
 1304 000e 03EBC505 		add	r5, r3, r5, lsl #3
 1305              	.LVL144:
 789:ARM_SEGGER_RTT/SEGGER_RTT.c ****   //
 790:ARM_SEGGER_RTT/SEGGER_RTT.c ****   // How we output depends upon the mode...
 791:ARM_SEGGER_RTT/SEGGER_RTT.c ****   //
 792:ARM_SEGGER_RTT/SEGGER_RTT.c ****   switch (pRing->Flags) {
 1306              		.loc 1 792 3 is_stmt 1 view .LVU414
 1307              		.loc 1 792 16 is_stmt 0 view .LVU415
 1308 0012 00EB4000 		add	r0, r0, r0, lsl #1
ARM GAS  C:\msys64\tmp\ccWAPVkS.s 			page 42


 1309              	.LVL145:
 1310              		.loc 1 792 16 view .LVU416
 1311 0016 03EBC003 		add	r3, r3, r0, lsl #3
 1312 001a DC6A     		ldr	r4, [r3, #44]
 1313              		.loc 1 792 3 view .LVU417
 1314 001c 012C     		cmp	r4, #1
 1315 001e 11D0     		beq	.L72
 1316 0020 022C     		cmp	r4, #2
 1317 0022 1CD0     		beq	.L73
 1318 0024 14B1     		cbz	r4, .L77
 1319 0026 0024     		movs	r4, #0
 1320              	.LVL146:
 793:ARM_SEGGER_RTT/SEGGER_RTT.c ****   case SEGGER_RTT_MODE_NO_BLOCK_SKIP:
 794:ARM_SEGGER_RTT/SEGGER_RTT.c ****     //
 795:ARM_SEGGER_RTT/SEGGER_RTT.c ****     // If we are in skip mode and there is no space for the whole
 796:ARM_SEGGER_RTT/SEGGER_RTT.c ****     // of this output, don't bother.
 797:ARM_SEGGER_RTT/SEGGER_RTT.c ****     //
 798:ARM_SEGGER_RTT/SEGGER_RTT.c ****     Avail = _GetAvailWriteSpace(pRing);
 799:ARM_SEGGER_RTT/SEGGER_RTT.c ****     if (Avail < NumBytes) {
 800:ARM_SEGGER_RTT/SEGGER_RTT.c ****       Status = 0u;
 801:ARM_SEGGER_RTT/SEGGER_RTT.c ****     } else {
 802:ARM_SEGGER_RTT/SEGGER_RTT.c ****       Status = NumBytes;
 803:ARM_SEGGER_RTT/SEGGER_RTT.c ****       _WriteNoCheck(pRing, pData, NumBytes);
 804:ARM_SEGGER_RTT/SEGGER_RTT.c ****     }
 805:ARM_SEGGER_RTT/SEGGER_RTT.c ****     break;
 806:ARM_SEGGER_RTT/SEGGER_RTT.c ****   case SEGGER_RTT_MODE_NO_BLOCK_TRIM:
 807:ARM_SEGGER_RTT/SEGGER_RTT.c ****     //
 808:ARM_SEGGER_RTT/SEGGER_RTT.c ****     // If we are in trim mode, trim to what we can output without blocking.
 809:ARM_SEGGER_RTT/SEGGER_RTT.c ****     //
 810:ARM_SEGGER_RTT/SEGGER_RTT.c ****     Avail = _GetAvailWriteSpace(pRing);
 811:ARM_SEGGER_RTT/SEGGER_RTT.c ****     Status = Avail < NumBytes ? Avail : NumBytes;
 812:ARM_SEGGER_RTT/SEGGER_RTT.c ****     _WriteNoCheck(pRing, pData, Status);
 813:ARM_SEGGER_RTT/SEGGER_RTT.c ****     break;
 814:ARM_SEGGER_RTT/SEGGER_RTT.c ****   case SEGGER_RTT_MODE_BLOCK_IF_FIFO_FULL:
 815:ARM_SEGGER_RTT/SEGGER_RTT.c ****     //
 816:ARM_SEGGER_RTT/SEGGER_RTT.c ****     // If we are in blocking mode, output everything.
 817:ARM_SEGGER_RTT/SEGGER_RTT.c ****     //
 818:ARM_SEGGER_RTT/SEGGER_RTT.c ****     Status = _WriteBlocking(pRing, pData, NumBytes);
 819:ARM_SEGGER_RTT/SEGGER_RTT.c ****     break;
 820:ARM_SEGGER_RTT/SEGGER_RTT.c ****   default:
 821:ARM_SEGGER_RTT/SEGGER_RTT.c ****     Status = 0u;
 822:ARM_SEGGER_RTT/SEGGER_RTT.c ****     break;
 823:ARM_SEGGER_RTT/SEGGER_RTT.c ****   }
 824:ARM_SEGGER_RTT/SEGGER_RTT.c ****   //
 825:ARM_SEGGER_RTT/SEGGER_RTT.c ****   // Finish up.
 826:ARM_SEGGER_RTT/SEGGER_RTT.c ****   //
 827:ARM_SEGGER_RTT/SEGGER_RTT.c ****   return Status;
 1321              		.loc 1 827 3 is_stmt 1 view .LVU418
 1322              	.L71:
 828:ARM_SEGGER_RTT/SEGGER_RTT.c **** }
 1323              		.loc 1 828 1 is_stmt 0 view .LVU419
 1324 0028 2046     		mov	r0, r4
 1325 002a F8BD     		pop	{r3, r4, r5, r6, r7, pc}
 1326              	.LVL147:
 1327              	.L77:
 798:ARM_SEGGER_RTT/SEGGER_RTT.c ****     if (Avail < NumBytes) {
 1328              		.loc 1 798 5 is_stmt 1 view .LVU420
ARM GAS  C:\msys64\tmp\ccWAPVkS.s 			page 43


 798:ARM_SEGGER_RTT/SEGGER_RTT.c ****     if (Avail < NumBytes) {
 1329              		.loc 1 798 13 is_stmt 0 view .LVU421
 1330 002c 2846     		mov	r0, r5
 1331 002e FFF7FEFF 		bl	_GetAvailWriteSpace
 1332              	.LVL148:
 799:ARM_SEGGER_RTT/SEGGER_RTT.c ****       Status = 0u;
 1333              		.loc 1 799 5 is_stmt 1 view .LVU422
 799:ARM_SEGGER_RTT/SEGGER_RTT.c ****       Status = 0u;
 1334              		.loc 1 799 8 is_stmt 0 view .LVU423
 1335 0032 8642     		cmp	r6, r0
 1336 0034 F8D8     		bhi	.L71
 802:ARM_SEGGER_RTT/SEGGER_RTT.c ****       _WriteNoCheck(pRing, pData, NumBytes);
 1337              		.loc 1 802 7 is_stmt 1 view .LVU424
 1338              	.LVL149:
 803:ARM_SEGGER_RTT/SEGGER_RTT.c ****     }
 1339              		.loc 1 803 7 view .LVU425
 1340 0036 3246     		mov	r2, r6
 1341 0038 3946     		mov	r1, r7
 1342 003a 2846     		mov	r0, r5
 1343              	.LVL150:
 803:ARM_SEGGER_RTT/SEGGER_RTT.c ****     }
 1344              		.loc 1 803 7 is_stmt 0 view .LVU426
 1345 003c FFF7FEFF 		bl	_WriteNoCheck
 1346              	.LVL151:
 802:ARM_SEGGER_RTT/SEGGER_RTT.c ****       _WriteNoCheck(pRing, pData, NumBytes);
 1347              		.loc 1 802 14 view .LVU427
 1348 0040 3446     		mov	r4, r6
 1349 0042 F1E7     		b	.L71
 1350              	.LVL152:
 1351              	.L72:
 810:ARM_SEGGER_RTT/SEGGER_RTT.c ****     Status = Avail < NumBytes ? Avail : NumBytes;
 1352              		.loc 1 810 5 is_stmt 1 view .LVU428
 810:ARM_SEGGER_RTT/SEGGER_RTT.c ****     Status = Avail < NumBytes ? Avail : NumBytes;
 1353              		.loc 1 810 13 is_stmt 0 view .LVU429
 1354 0044 2846     		mov	r0, r5
 1355 0046 FFF7FEFF 		bl	_GetAvailWriteSpace
 1356              	.LVL153:
 811:ARM_SEGGER_RTT/SEGGER_RTT.c ****     _WriteNoCheck(pRing, pData, Status);
 1357              		.loc 1 811 5 is_stmt 1 view .LVU430
 811:ARM_SEGGER_RTT/SEGGER_RTT.c ****     _WriteNoCheck(pRing, pData, Status);
 1358              		.loc 1 811 12 is_stmt 0 view .LVU431
 1359 004a 3446     		mov	r4, r6
 1360 004c 8642     		cmp	r6, r0
 1361 004e 28BF     		it	cs
 1362 0050 0446     		movcs	r4, r0
 1363              	.LVL154:
 812:ARM_SEGGER_RTT/SEGGER_RTT.c ****     break;
 1364              		.loc 1 812 5 is_stmt 1 view .LVU432
 1365 0052 2246     		mov	r2, r4
 1366 0054 3946     		mov	r1, r7
 1367 0056 2846     		mov	r0, r5
 1368              	.LVL155:
 812:ARM_SEGGER_RTT/SEGGER_RTT.c ****     break;
 1369              		.loc 1 812 5 is_stmt 0 view .LVU433
 1370 0058 FFF7FEFF 		bl	_WriteNoCheck
 1371              	.LVL156:
 813:ARM_SEGGER_RTT/SEGGER_RTT.c ****   case SEGGER_RTT_MODE_BLOCK_IF_FIFO_FULL:
ARM GAS  C:\msys64\tmp\ccWAPVkS.s 			page 44


 1372              		.loc 1 813 5 is_stmt 1 view .LVU434
 1373 005c E4E7     		b	.L71
 1374              	.LVL157:
 1375              	.L73:
 818:ARM_SEGGER_RTT/SEGGER_RTT.c ****     break;
 1376              		.loc 1 818 5 view .LVU435
 818:ARM_SEGGER_RTT/SEGGER_RTT.c ****     break;
 1377              		.loc 1 818 14 is_stmt 0 view .LVU436
 1378 005e 2846     		mov	r0, r5
 1379 0060 FFF7FEFF 		bl	_WriteBlocking
 1380              	.LVL158:
 818:ARM_SEGGER_RTT/SEGGER_RTT.c ****     break;
 1381              		.loc 1 818 14 view .LVU437
 1382 0064 0446     		mov	r4, r0
 1383              	.LVL159:
 819:ARM_SEGGER_RTT/SEGGER_RTT.c ****   default:
 1384              		.loc 1 819 5 is_stmt 1 view .LVU438
 1385 0066 DFE7     		b	.L71
 1386              	.L79:
 1387              		.align	2
 1388              	.L78:
 1389 0068 00000000 		.word	.LANCHOR1
 1390              		.cfi_endproc
 1391              	.LFE9:
 1393              		.section	.text.SEGGER_RTT_Write,"ax",%progbits
 1394              		.align	1
 1395              		.global	SEGGER_RTT_Write
 1396              		.syntax unified
 1397              		.thumb
 1398              		.thumb_func
 1400              	SEGGER_RTT_Write:
 1401              	.LVL160:
 1402              	.LFB10:
 829:ARM_SEGGER_RTT/SEGGER_RTT.c **** 
 830:ARM_SEGGER_RTT/SEGGER_RTT.c **** /*********************************************************************
 831:ARM_SEGGER_RTT/SEGGER_RTT.c **** *
 832:ARM_SEGGER_RTT/SEGGER_RTT.c **** *       SEGGER_RTT_Write
 833:ARM_SEGGER_RTT/SEGGER_RTT.c **** *
 834:ARM_SEGGER_RTT/SEGGER_RTT.c **** *  Function description
 835:ARM_SEGGER_RTT/SEGGER_RTT.c **** *    Stores a specified number of characters in SEGGER RTT
 836:ARM_SEGGER_RTT/SEGGER_RTT.c **** *    control block which is then read by the host.
 837:ARM_SEGGER_RTT/SEGGER_RTT.c **** *
 838:ARM_SEGGER_RTT/SEGGER_RTT.c **** *  Parameters
 839:ARM_SEGGER_RTT/SEGGER_RTT.c **** *    BufferIndex  Index of "Up"-buffer to be used (e.g. 0 for "Terminal").
 840:ARM_SEGGER_RTT/SEGGER_RTT.c **** *    pBuffer      Pointer to character array. Does not need to point to a \0 terminated string.
 841:ARM_SEGGER_RTT/SEGGER_RTT.c **** *    NumBytes     Number of bytes to be stored in the SEGGER RTT control block.
 842:ARM_SEGGER_RTT/SEGGER_RTT.c **** *
 843:ARM_SEGGER_RTT/SEGGER_RTT.c **** *  Return value
 844:ARM_SEGGER_RTT/SEGGER_RTT.c **** *    Number of bytes which have been stored in the "Up"-buffer.
 845:ARM_SEGGER_RTT/SEGGER_RTT.c **** *
 846:ARM_SEGGER_RTT/SEGGER_RTT.c **** *  Notes
 847:ARM_SEGGER_RTT/SEGGER_RTT.c **** *    (1) If there is not enough space in the "Up"-buffer, remaining characters of pBuffer are dropp
 848:ARM_SEGGER_RTT/SEGGER_RTT.c **** */
 849:ARM_SEGGER_RTT/SEGGER_RTT.c **** unsigned SEGGER_RTT_Write(unsigned BufferIndex, const void* pBuffer, unsigned NumBytes) {
 1403              		.loc 1 849 89 view -0
 1404              		.cfi_startproc
 1405              		@ args = 0, pretend = 0, frame = 0
ARM GAS  C:\msys64\tmp\ccWAPVkS.s 			page 45


 1406              		@ frame_needed = 0, uses_anonymous_args = 0
 1407              		.loc 1 849 89 is_stmt 0 view .LVU440
 1408 0000 F8B5     		push	{r3, r4, r5, r6, r7, lr}
 1409              	.LCFI13:
 1410              		.cfi_def_cfa_offset 24
 1411              		.cfi_offset 3, -24
 1412              		.cfi_offset 4, -20
 1413              		.cfi_offset 5, -16
 1414              		.cfi_offset 6, -12
 1415              		.cfi_offset 7, -8
 1416              		.cfi_offset 14, -4
 1417 0002 0446     		mov	r4, r0
 1418 0004 0D46     		mov	r5, r1
 1419 0006 1646     		mov	r6, r2
 850:ARM_SEGGER_RTT/SEGGER_RTT.c ****   unsigned Status;
 1420              		.loc 1 850 3 is_stmt 1 view .LVU441
 851:ARM_SEGGER_RTT/SEGGER_RTT.c ****   //
 852:ARM_SEGGER_RTT/SEGGER_RTT.c ****   INIT();
 1421              		.loc 1 852 3 view .LVU442
 1422              		.loc 1 852 3 view .LVU443
 1423 0008 094B     		ldr	r3, .L84
 1424 000a 1B78     		ldrb	r3, [r3]	@ zero_extendqisi2
 1425 000c 6BB1     		cbz	r3, .L83
 1426              	.LVL161:
 1427              	.L81:
 1428              		.loc 1 852 3 discriminator 3 view .LVU444
 1429              	.LBB5:
 853:ARM_SEGGER_RTT/SEGGER_RTT.c ****   SEGGER_RTT_LOCK();
 1430              		.loc 1 853 3 discriminator 3 view .LVU445
 1431              		.loc 1 853 3 discriminator 3 view .LVU446
 1432              		.syntax unified
 1433              	@ 853 "ARM_SEGGER_RTT/SEGGER_RTT.c" 1
 1434 000e EFF31187 		mrs   r7, basepri  
 1435 0012 4FF02001 		mov   r1, #32       
 1436 0016 81F31188 		msr   basepri, r1  
 1437              		
 1438              	@ 0 "" 2
 1439              	.LVL162:
 1440              		.loc 1 853 20 discriminator 3 view .LVU447
 854:ARM_SEGGER_RTT/SEGGER_RTT.c ****   //
 855:ARM_SEGGER_RTT/SEGGER_RTT.c ****   // Call the non-locking write function
 856:ARM_SEGGER_RTT/SEGGER_RTT.c ****   //
 857:ARM_SEGGER_RTT/SEGGER_RTT.c ****   Status = SEGGER_RTT_WriteNoLock(BufferIndex, pBuffer, NumBytes);
 1441              		.loc 1 857 3 discriminator 3 view .LVU448
 1442              		.loc 1 857 12 is_stmt 0 discriminator 3 view .LVU449
 1443              		.thumb
 1444              		.syntax unified
 1445 001a 3246     		mov	r2, r6
 1446 001c 2946     		mov	r1, r5
 1447 001e 2046     		mov	r0, r4
 1448 0020 FFF7FEFF 		bl	SEGGER_RTT_WriteNoLock
 1449              	.LVL163:
 858:ARM_SEGGER_RTT/SEGGER_RTT.c ****   //
 859:ARM_SEGGER_RTT/SEGGER_RTT.c ****   // Finish up.
 860:ARM_SEGGER_RTT/SEGGER_RTT.c ****   //
 861:ARM_SEGGER_RTT/SEGGER_RTT.c ****   SEGGER_RTT_UNLOCK();
 1450              		.loc 1 861 3 is_stmt 1 discriminator 3 view .LVU450
ARM GAS  C:\msys64\tmp\ccWAPVkS.s 			page 46


 1451              		.syntax unified
 1452              	@ 861 "ARM_SEGGER_RTT/SEGGER_RTT.c" 1
 1453 0024 87F31188 		msr   basepri, r7  
 1454              		
 1455              	@ 0 "" 2
 1456              		.thumb
 1457              		.syntax unified
 1458              	.LBE5:
 1459              		.loc 1 861 22 discriminator 3 view .LVU451
 862:ARM_SEGGER_RTT/SEGGER_RTT.c ****   //
 863:ARM_SEGGER_RTT/SEGGER_RTT.c ****   return Status;
 1460              		.loc 1 863 3 discriminator 3 view .LVU452
 864:ARM_SEGGER_RTT/SEGGER_RTT.c **** }
 1461              		.loc 1 864 1 is_stmt 0 discriminator 3 view .LVU453
 1462 0028 F8BD     		pop	{r3, r4, r5, r6, r7, pc}
 1463              	.LVL164:
 1464              	.L83:
 852:ARM_SEGGER_RTT/SEGGER_RTT.c ****   SEGGER_RTT_LOCK();
 1465              		.loc 1 852 3 is_stmt 1 discriminator 1 view .LVU454
 1466 002a FFF7FEFF 		bl	_DoInit
 1467              	.LVL165:
 852:ARM_SEGGER_RTT/SEGGER_RTT.c ****   SEGGER_RTT_LOCK();
 1468              		.loc 1 852 3 is_stmt 0 discriminator 1 view .LVU455
 1469 002e EEE7     		b	.L81
 1470              	.L85:
 1471              		.align	2
 1472              	.L84:
 1473 0030 00000000 		.word	.LANCHOR1
 1474              		.cfi_endproc
 1475              	.LFE10:
 1477              		.section	.text.SEGGER_RTT_WriteString,"ax",%progbits
 1478              		.align	1
 1479              		.global	SEGGER_RTT_WriteString
 1480              		.syntax unified
 1481              		.thumb
 1482              		.thumb_func
 1484              	SEGGER_RTT_WriteString:
 1485              	.LVL166:
 1486              	.LFB11:
 865:ARM_SEGGER_RTT/SEGGER_RTT.c **** 
 866:ARM_SEGGER_RTT/SEGGER_RTT.c **** /*********************************************************************
 867:ARM_SEGGER_RTT/SEGGER_RTT.c **** *
 868:ARM_SEGGER_RTT/SEGGER_RTT.c **** *       SEGGER_RTT_WriteString
 869:ARM_SEGGER_RTT/SEGGER_RTT.c **** *
 870:ARM_SEGGER_RTT/SEGGER_RTT.c **** *  Function description
 871:ARM_SEGGER_RTT/SEGGER_RTT.c **** *    Stores string in SEGGER RTT control block.
 872:ARM_SEGGER_RTT/SEGGER_RTT.c **** *    This data is read by the host.
 873:ARM_SEGGER_RTT/SEGGER_RTT.c **** *
 874:ARM_SEGGER_RTT/SEGGER_RTT.c **** *  Parameters
 875:ARM_SEGGER_RTT/SEGGER_RTT.c **** *    BufferIndex  Index of "Up"-buffer to be used (e.g. 0 for "Terminal").
 876:ARM_SEGGER_RTT/SEGGER_RTT.c **** *    s            Pointer to string.
 877:ARM_SEGGER_RTT/SEGGER_RTT.c **** *
 878:ARM_SEGGER_RTT/SEGGER_RTT.c **** *  Return value
 879:ARM_SEGGER_RTT/SEGGER_RTT.c **** *    Number of bytes which have been stored in the "Up"-buffer.
 880:ARM_SEGGER_RTT/SEGGER_RTT.c **** *
 881:ARM_SEGGER_RTT/SEGGER_RTT.c **** *  Notes
 882:ARM_SEGGER_RTT/SEGGER_RTT.c **** *    (1) If there is not enough space in the "Up"-buffer, depending on configuration,
ARM GAS  C:\msys64\tmp\ccWAPVkS.s 			page 47


 883:ARM_SEGGER_RTT/SEGGER_RTT.c **** *        remaining characters may be dropped or RTT module waits until there is more space in the b
 884:ARM_SEGGER_RTT/SEGGER_RTT.c **** *    (2) String passed to this function has to be \0 terminated
 885:ARM_SEGGER_RTT/SEGGER_RTT.c **** *    (3) \0 termination character is *not* stored in RTT buffer
 886:ARM_SEGGER_RTT/SEGGER_RTT.c **** */
 887:ARM_SEGGER_RTT/SEGGER_RTT.c **** unsigned SEGGER_RTT_WriteString(unsigned BufferIndex, const char* s) {
 1487              		.loc 1 887 70 is_stmt 1 view -0
 1488              		.cfi_startproc
 1489              		@ args = 0, pretend = 0, frame = 0
 1490              		@ frame_needed = 0, uses_anonymous_args = 0
 1491              		.loc 1 887 70 is_stmt 0 view .LVU457
 1492 0000 38B5     		push	{r3, r4, r5, lr}
 1493              	.LCFI14:
 1494              		.cfi_def_cfa_offset 16
 1495              		.cfi_offset 3, -16
 1496              		.cfi_offset 4, -12
 1497              		.cfi_offset 5, -8
 1498              		.cfi_offset 14, -4
 1499 0002 0546     		mov	r5, r0
 1500 0004 0C46     		mov	r4, r1
 888:ARM_SEGGER_RTT/SEGGER_RTT.c ****   unsigned Len;
 1501              		.loc 1 888 3 is_stmt 1 view .LVU458
 889:ARM_SEGGER_RTT/SEGGER_RTT.c **** 
 890:ARM_SEGGER_RTT/SEGGER_RTT.c ****   Len = STRLEN(s);
 1502              		.loc 1 890 3 view .LVU459
 1503              		.loc 1 890 9 is_stmt 0 view .LVU460
 1504 0006 0846     		mov	r0, r1
 1505              	.LVL167:
 1506              		.loc 1 890 9 view .LVU461
 1507 0008 FFF7FEFF 		bl	strlen
 1508              	.LVL168:
 1509              		.loc 1 890 9 view .LVU462
 1510 000c 0246     		mov	r2, r0
 1511              	.LVL169:
 891:ARM_SEGGER_RTT/SEGGER_RTT.c ****   return SEGGER_RTT_Write(BufferIndex, s, Len);
 1512              		.loc 1 891 3 is_stmt 1 view .LVU463
 1513              		.loc 1 891 10 is_stmt 0 view .LVU464
 1514 000e 2146     		mov	r1, r4
 1515 0010 2846     		mov	r0, r5
 1516              	.LVL170:
 1517              		.loc 1 891 10 view .LVU465
 1518 0012 FFF7FEFF 		bl	SEGGER_RTT_Write
 1519              	.LVL171:
 892:ARM_SEGGER_RTT/SEGGER_RTT.c **** }
 1520              		.loc 1 892 1 view .LVU466
 1521 0016 38BD     		pop	{r3, r4, r5, pc}
 1522              		.loc 1 892 1 view .LVU467
 1523              		.cfi_endproc
 1524              	.LFE11:
 1526              		.section	.text.SEGGER_RTT_GetKey,"ax",%progbits
 1527              		.align	1
 1528              		.global	SEGGER_RTT_GetKey
 1529              		.syntax unified
 1530              		.thumb
 1531              		.thumb_func
 1533              	SEGGER_RTT_GetKey:
 1534              	.LFB12:
 893:ARM_SEGGER_RTT/SEGGER_RTT.c **** 
ARM GAS  C:\msys64\tmp\ccWAPVkS.s 			page 48


 894:ARM_SEGGER_RTT/SEGGER_RTT.c **** /*********************************************************************
 895:ARM_SEGGER_RTT/SEGGER_RTT.c **** *
 896:ARM_SEGGER_RTT/SEGGER_RTT.c **** *       SEGGER_RTT_GetKey
 897:ARM_SEGGER_RTT/SEGGER_RTT.c **** *
 898:ARM_SEGGER_RTT/SEGGER_RTT.c **** *  Function description
 899:ARM_SEGGER_RTT/SEGGER_RTT.c **** *    Reads one character from the SEGGER RTT buffer.
 900:ARM_SEGGER_RTT/SEGGER_RTT.c **** *    Host has previously stored data there.
 901:ARM_SEGGER_RTT/SEGGER_RTT.c **** *
 902:ARM_SEGGER_RTT/SEGGER_RTT.c **** *  Return value
 903:ARM_SEGGER_RTT/SEGGER_RTT.c **** *    <  0 -   No character available (buffer empty).
 904:ARM_SEGGER_RTT/SEGGER_RTT.c **** *    >= 0 -   Character which has been read. (Possible values: 0 - 255)
 905:ARM_SEGGER_RTT/SEGGER_RTT.c **** *
 906:ARM_SEGGER_RTT/SEGGER_RTT.c **** *  Notes
 907:ARM_SEGGER_RTT/SEGGER_RTT.c **** *    (1) This function is only specified for accesses to RTT buffer 0.
 908:ARM_SEGGER_RTT/SEGGER_RTT.c **** */
 909:ARM_SEGGER_RTT/SEGGER_RTT.c **** int SEGGER_RTT_GetKey(void) {
 1535              		.loc 1 909 29 is_stmt 1 view -0
 1536              		.cfi_startproc
 1537              		@ args = 0, pretend = 0, frame = 8
 1538              		@ frame_needed = 0, uses_anonymous_args = 0
 1539 0000 00B5     		push	{lr}
 1540              	.LCFI15:
 1541              		.cfi_def_cfa_offset 4
 1542              		.cfi_offset 14, -4
 1543 0002 83B0     		sub	sp, sp, #12
 1544              	.LCFI16:
 1545              		.cfi_def_cfa_offset 16
 910:ARM_SEGGER_RTT/SEGGER_RTT.c ****   char c;
 1546              		.loc 1 910 3 view .LVU469
 911:ARM_SEGGER_RTT/SEGGER_RTT.c ****   int r;
 1547              		.loc 1 911 3 view .LVU470
 912:ARM_SEGGER_RTT/SEGGER_RTT.c **** 
 913:ARM_SEGGER_RTT/SEGGER_RTT.c ****   r = (int)SEGGER_RTT_Read(0u, &c, 1u);
 1548              		.loc 1 913 3 view .LVU471
 1549              		.loc 1 913 12 is_stmt 0 view .LVU472
 1550 0004 0122     		movs	r2, #1
 1551 0006 0DF10701 		add	r1, sp, #7
 1552 000a 0020     		movs	r0, #0
 1553 000c FFF7FEFF 		bl	SEGGER_RTT_Read
 1554              	.LVL172:
 914:ARM_SEGGER_RTT/SEGGER_RTT.c ****   if (r == 1) {
 1555              		.loc 1 914 3 is_stmt 1 view .LVU473
 1556              		.loc 1 914 6 is_stmt 0 view .LVU474
 1557 0010 0128     		cmp	r0, #1
 1558 0012 04D1     		bne	.L90
 915:ARM_SEGGER_RTT/SEGGER_RTT.c ****     r = (int)(unsigned char)c;
 1559              		.loc 1 915 5 is_stmt 1 view .LVU475
 1560              		.loc 1 915 9 is_stmt 0 view .LVU476
 1561 0014 9DF80700 		ldrb	r0, [sp, #7]	@ zero_extendqisi2
 1562              	.LVL173:
 1563              	.L88:
 916:ARM_SEGGER_RTT/SEGGER_RTT.c ****   } else {
 917:ARM_SEGGER_RTT/SEGGER_RTT.c ****     r = -1;
 918:ARM_SEGGER_RTT/SEGGER_RTT.c ****   }
 919:ARM_SEGGER_RTT/SEGGER_RTT.c ****   return r;
 920:ARM_SEGGER_RTT/SEGGER_RTT.c **** }
 1564              		.loc 1 920 1 view .LVU477
ARM GAS  C:\msys64\tmp\ccWAPVkS.s 			page 49


 1565 0018 03B0     		add	sp, sp, #12
 1566              	.LCFI17:
 1567              		.cfi_remember_state
 1568              		.cfi_def_cfa_offset 4
 1569              		@ sp needed
 1570 001a 5DF804FB 		ldr	pc, [sp], #4
 1571              	.LVL174:
 1572              	.L90:
 1573              	.LCFI18:
 1574              		.cfi_restore_state
 917:ARM_SEGGER_RTT/SEGGER_RTT.c ****   }
 1575              		.loc 1 917 7 view .LVU478
 1576 001e 4FF0FF30 		mov	r0, #-1
 1577              	.LVL175:
 919:ARM_SEGGER_RTT/SEGGER_RTT.c **** }
 1578              		.loc 1 919 3 is_stmt 1 view .LVU479
 919:ARM_SEGGER_RTT/SEGGER_RTT.c **** }
 1579              		.loc 1 919 10 is_stmt 0 view .LVU480
 1580 0022 F9E7     		b	.L88
 1581              		.cfi_endproc
 1582              	.LFE12:
 1584              		.section	.text.SEGGER_RTT_WaitKey,"ax",%progbits
 1585              		.align	1
 1586              		.global	SEGGER_RTT_WaitKey
 1587              		.syntax unified
 1588              		.thumb
 1589              		.thumb_func
 1591              	SEGGER_RTT_WaitKey:
 1592              	.LFB13:
 921:ARM_SEGGER_RTT/SEGGER_RTT.c **** 
 922:ARM_SEGGER_RTT/SEGGER_RTT.c **** /*********************************************************************
 923:ARM_SEGGER_RTT/SEGGER_RTT.c **** *
 924:ARM_SEGGER_RTT/SEGGER_RTT.c **** *       SEGGER_RTT_WaitKey
 925:ARM_SEGGER_RTT/SEGGER_RTT.c **** *
 926:ARM_SEGGER_RTT/SEGGER_RTT.c **** *  Function description
 927:ARM_SEGGER_RTT/SEGGER_RTT.c **** *    Waits until at least one character is avaible in the SEGGER RTT buffer.
 928:ARM_SEGGER_RTT/SEGGER_RTT.c **** *    Once a character is available, it is read and this function returns.
 929:ARM_SEGGER_RTT/SEGGER_RTT.c **** *
 930:ARM_SEGGER_RTT/SEGGER_RTT.c **** *  Return value
 931:ARM_SEGGER_RTT/SEGGER_RTT.c **** *    >=0 -   Character which has been read.
 932:ARM_SEGGER_RTT/SEGGER_RTT.c **** *
 933:ARM_SEGGER_RTT/SEGGER_RTT.c **** *  Notes
 934:ARM_SEGGER_RTT/SEGGER_RTT.c **** *    (1) This function is only specified for accesses to RTT buffer 0
 935:ARM_SEGGER_RTT/SEGGER_RTT.c **** *    (2) This function is blocking if no character is present in RTT buffer
 936:ARM_SEGGER_RTT/SEGGER_RTT.c **** */
 937:ARM_SEGGER_RTT/SEGGER_RTT.c **** int SEGGER_RTT_WaitKey(void) {
 1593              		.loc 1 937 30 is_stmt 1 view -0
 1594              		.cfi_startproc
 1595              		@ args = 0, pretend = 0, frame = 0
 1596              		@ frame_needed = 0, uses_anonymous_args = 0
 1597 0000 08B5     		push	{r3, lr}
 1598              	.LCFI19:
 1599              		.cfi_def_cfa_offset 8
 1600              		.cfi_offset 3, -8
 1601              		.cfi_offset 14, -4
 1602              	.L93:
 938:ARM_SEGGER_RTT/SEGGER_RTT.c ****   int r;
ARM GAS  C:\msys64\tmp\ccWAPVkS.s 			page 50


 1603              		.loc 1 938 3 discriminator 1 view .LVU482
 939:ARM_SEGGER_RTT/SEGGER_RTT.c **** 
 940:ARM_SEGGER_RTT/SEGGER_RTT.c ****   do {
 1604              		.loc 1 940 3 discriminator 1 view .LVU483
 941:ARM_SEGGER_RTT/SEGGER_RTT.c ****     r = SEGGER_RTT_GetKey();
 1605              		.loc 1 941 5 discriminator 1 view .LVU484
 1606              		.loc 1 941 9 is_stmt 0 discriminator 1 view .LVU485
 1607 0002 FFF7FEFF 		bl	SEGGER_RTT_GetKey
 1608              	.LVL176:
 942:ARM_SEGGER_RTT/SEGGER_RTT.c ****   } while (r < 0);
 1609              		.loc 1 942 14 is_stmt 1 discriminator 1 view .LVU486
 1610 0006 0028     		cmp	r0, #0
 1611              		.loc 1 942 14 is_stmt 0 discriminator 1 view .LVU487
 1612 0008 FBDB     		blt	.L93
 943:ARM_SEGGER_RTT/SEGGER_RTT.c ****   return r;
 1613              		.loc 1 943 3 is_stmt 1 view .LVU488
 944:ARM_SEGGER_RTT/SEGGER_RTT.c **** }
 1614              		.loc 1 944 1 is_stmt 0 view .LVU489
 1615 000a 08BD     		pop	{r3, pc}
 1616              		.cfi_endproc
 1617              	.LFE13:
 1619              		.section	.text.SEGGER_RTT_HasKey,"ax",%progbits
 1620              		.align	1
 1621              		.global	SEGGER_RTT_HasKey
 1622              		.syntax unified
 1623              		.thumb
 1624              		.thumb_func
 1626              	SEGGER_RTT_HasKey:
 1627              	.LFB14:
 945:ARM_SEGGER_RTT/SEGGER_RTT.c **** 
 946:ARM_SEGGER_RTT/SEGGER_RTT.c **** /*********************************************************************
 947:ARM_SEGGER_RTT/SEGGER_RTT.c **** *
 948:ARM_SEGGER_RTT/SEGGER_RTT.c **** *       SEGGER_RTT_HasKey
 949:ARM_SEGGER_RTT/SEGGER_RTT.c **** *
 950:ARM_SEGGER_RTT/SEGGER_RTT.c **** *  Function description
 951:ARM_SEGGER_RTT/SEGGER_RTT.c **** *    Checks if at least one character for reading is available in the SEGGER RTT buffer.
 952:ARM_SEGGER_RTT/SEGGER_RTT.c **** *
 953:ARM_SEGGER_RTT/SEGGER_RTT.c **** *  Return value
 954:ARM_SEGGER_RTT/SEGGER_RTT.c **** *    == 0 -     No characters are available to read.
 955:ARM_SEGGER_RTT/SEGGER_RTT.c **** *    == 1 -     At least one character is available.
 956:ARM_SEGGER_RTT/SEGGER_RTT.c **** *
 957:ARM_SEGGER_RTT/SEGGER_RTT.c **** *  Notes
 958:ARM_SEGGER_RTT/SEGGER_RTT.c **** *    (1) This function is only specified for accesses to RTT buffer 0
 959:ARM_SEGGER_RTT/SEGGER_RTT.c **** */
 960:ARM_SEGGER_RTT/SEGGER_RTT.c **** int SEGGER_RTT_HasKey(void) {
 1628              		.loc 1 960 29 is_stmt 1 view -0
 1629              		.cfi_startproc
 1630              		@ args = 0, pretend = 0, frame = 0
 1631              		@ frame_needed = 0, uses_anonymous_args = 0
 1632 0000 08B5     		push	{r3, lr}
 1633              	.LCFI20:
 1634              		.cfi_def_cfa_offset 8
 1635              		.cfi_offset 3, -8
 1636              		.cfi_offset 14, -4
 961:ARM_SEGGER_RTT/SEGGER_RTT.c ****   unsigned RdOff;
 1637              		.loc 1 961 3 view .LVU491
 962:ARM_SEGGER_RTT/SEGGER_RTT.c ****   int r;
ARM GAS  C:\msys64\tmp\ccWAPVkS.s 			page 51


 1638              		.loc 1 962 3 view .LVU492
 963:ARM_SEGGER_RTT/SEGGER_RTT.c **** 
 964:ARM_SEGGER_RTT/SEGGER_RTT.c ****   INIT();
 1639              		.loc 1 964 3 view .LVU493
 1640              		.loc 1 964 3 view .LVU494
 1641 0002 074B     		ldr	r3, .L101
 1642 0004 1B78     		ldrb	r3, [r3]	@ zero_extendqisi2
 1643 0006 33B1     		cbz	r3, .L100
 1644              	.L96:
 1645              		.loc 1 964 3 discriminator 3 view .LVU495
 965:ARM_SEGGER_RTT/SEGGER_RTT.c ****   RdOff = _SEGGER_RTT.aDown[0].RdOff;
 1646              		.loc 1 965 3 discriminator 3 view .LVU496
 1647              		.loc 1 965 9 is_stmt 0 discriminator 3 view .LVU497
 1648 0008 054B     		ldr	r3, .L101
 1649 000a 1A6F     		ldr	r2, [r3, #112]
 1650              	.LVL177:
 966:ARM_SEGGER_RTT/SEGGER_RTT.c ****   if (RdOff != _SEGGER_RTT.aDown[0].WrOff) {
 1651              		.loc 1 966 3 is_stmt 1 discriminator 3 view .LVU498
 1652              		.loc 1 966 36 is_stmt 0 discriminator 3 view .LVU499
 1653 000c DB6E     		ldr	r3, [r3, #108]
 1654              		.loc 1 966 6 discriminator 3 view .LVU500
 1655 000e 9342     		cmp	r3, r2
 1656 0010 04D0     		beq	.L98
 967:ARM_SEGGER_RTT/SEGGER_RTT.c ****     r = 1;
 1657              		.loc 1 967 7 view .LVU501
 1658 0012 0120     		movs	r0, #1
 1659              	.L95:
 968:ARM_SEGGER_RTT/SEGGER_RTT.c ****   } else {
 969:ARM_SEGGER_RTT/SEGGER_RTT.c ****     r = 0;
 970:ARM_SEGGER_RTT/SEGGER_RTT.c ****   }
 971:ARM_SEGGER_RTT/SEGGER_RTT.c ****   return r;
 972:ARM_SEGGER_RTT/SEGGER_RTT.c **** }
 1660              		.loc 1 972 1 view .LVU502
 1661 0014 08BD     		pop	{r3, pc}
 1662              	.LVL178:
 1663              	.L100:
 964:ARM_SEGGER_RTT/SEGGER_RTT.c ****   RdOff = _SEGGER_RTT.aDown[0].RdOff;
 1664              		.loc 1 964 3 is_stmt 1 discriminator 1 view .LVU503
 1665 0016 FFF7FEFF 		bl	_DoInit
 1666              	.LVL179:
 1667 001a F5E7     		b	.L96
 1668              	.LVL180:
 1669              	.L98:
 969:ARM_SEGGER_RTT/SEGGER_RTT.c ****   }
 1670              		.loc 1 969 7 is_stmt 0 view .LVU504
 1671 001c 0020     		movs	r0, #0
 1672              	.LVL181:
 971:ARM_SEGGER_RTT/SEGGER_RTT.c **** }
 1673              		.loc 1 971 3 is_stmt 1 view .LVU505
 971:ARM_SEGGER_RTT/SEGGER_RTT.c **** }
 1674              		.loc 1 971 10 is_stmt 0 view .LVU506
 1675 001e F9E7     		b	.L95
 1676              	.L102:
 1677              		.align	2
 1678              	.L101:
 1679 0020 00000000 		.word	.LANCHOR1
 1680              		.cfi_endproc
ARM GAS  C:\msys64\tmp\ccWAPVkS.s 			page 52


 1681              	.LFE14:
 1683              		.section	.text.SEGGER_RTT_HasData,"ax",%progbits
 1684              		.align	1
 1685              		.global	SEGGER_RTT_HasData
 1686              		.syntax unified
 1687              		.thumb
 1688              		.thumb_func
 1690              	SEGGER_RTT_HasData:
 1691              	.LVL182:
 1692              	.LFB15:
 973:ARM_SEGGER_RTT/SEGGER_RTT.c **** 
 974:ARM_SEGGER_RTT/SEGGER_RTT.c **** /*********************************************************************
 975:ARM_SEGGER_RTT/SEGGER_RTT.c **** *
 976:ARM_SEGGER_RTT/SEGGER_RTT.c **** *       SEGGER_RTT_HasData
 977:ARM_SEGGER_RTT/SEGGER_RTT.c **** *
 978:ARM_SEGGER_RTT/SEGGER_RTT.c **** *  Function description
 979:ARM_SEGGER_RTT/SEGGER_RTT.c **** *    Check if there is data from the host in the given buffer.
 980:ARM_SEGGER_RTT/SEGGER_RTT.c **** *
 981:ARM_SEGGER_RTT/SEGGER_RTT.c **** *  Return value:
 982:ARM_SEGGER_RTT/SEGGER_RTT.c **** *  ==0:  No data
 983:ARM_SEGGER_RTT/SEGGER_RTT.c **** *  !=0:  Data in buffer
 984:ARM_SEGGER_RTT/SEGGER_RTT.c **** *
 985:ARM_SEGGER_RTT/SEGGER_RTT.c **** */
 986:ARM_SEGGER_RTT/SEGGER_RTT.c **** unsigned SEGGER_RTT_HasData(unsigned BufferIndex) {
 1693              		.loc 1 986 51 is_stmt 1 view -0
 1694              		.cfi_startproc
 1695              		@ args = 0, pretend = 0, frame = 0
 1696              		@ frame_needed = 0, uses_anonymous_args = 0
 1697              		@ link register save eliminated.
 987:ARM_SEGGER_RTT/SEGGER_RTT.c ****   SEGGER_RTT_BUFFER_DOWN* pRing;
 1698              		.loc 1 987 3 view .LVU508
 988:ARM_SEGGER_RTT/SEGGER_RTT.c ****   unsigned                v;
 1699              		.loc 1 988 3 view .LVU509
 989:ARM_SEGGER_RTT/SEGGER_RTT.c **** 
 990:ARM_SEGGER_RTT/SEGGER_RTT.c ****   pRing = &_SEGGER_RTT.aDown[BufferIndex];
 1700              		.loc 1 990 3 view .LVU510
 991:ARM_SEGGER_RTT/SEGGER_RTT.c ****   v = pRing->WrOff;
 1701              		.loc 1 991 3 view .LVU511
 1702              		.loc 1 991 5 is_stmt 0 view .LVU512
 1703 0000 064B     		ldr	r3, .L104
 1704 0002 00EB4002 		add	r2, r0, r0, lsl #1
 1705 0006 03EBC202 		add	r2, r3, r2, lsl #3
 1706 000a D26E     		ldr	r2, [r2, #108]
 1707              	.LVL183:
 992:ARM_SEGGER_RTT/SEGGER_RTT.c ****   return v - pRing->RdOff;
 1708              		.loc 1 992 3 is_stmt 1 view .LVU513
 1709              		.loc 1 992 19 is_stmt 0 view .LVU514
 1710 000c 00EB4000 		add	r0, r0, r0, lsl #1
 1711              	.LVL184:
 1712              		.loc 1 992 19 view .LVU515
 1713 0010 03EBC003 		add	r3, r3, r0, lsl #3
 1714 0014 186F     		ldr	r0, [r3, #112]
 993:ARM_SEGGER_RTT/SEGGER_RTT.c **** }
 1715              		.loc 1 993 1 view .LVU516
 1716 0016 101A     		subs	r0, r2, r0
 1717 0018 7047     		bx	lr
 1718              	.L105:
ARM GAS  C:\msys64\tmp\ccWAPVkS.s 			page 53


 1719 001a 00BF     		.align	2
 1720              	.L104:
 1721 001c 00000000 		.word	.LANCHOR1
 1722              		.cfi_endproc
 1723              	.LFE15:
 1725              		.section	.text.SEGGER_RTT_AllocDownBuffer,"ax",%progbits
 1726              		.align	1
 1727              		.global	SEGGER_RTT_AllocDownBuffer
 1728              		.syntax unified
 1729              		.thumb
 1730              		.thumb_func
 1732              	SEGGER_RTT_AllocDownBuffer:
 1733              	.LVL185:
 1734              	.LFB16:
 994:ARM_SEGGER_RTT/SEGGER_RTT.c **** 
 995:ARM_SEGGER_RTT/SEGGER_RTT.c **** /*********************************************************************
 996:ARM_SEGGER_RTT/SEGGER_RTT.c **** *
 997:ARM_SEGGER_RTT/SEGGER_RTT.c **** *       SEGGER_RTT_AllocDownBuffer
 998:ARM_SEGGER_RTT/SEGGER_RTT.c **** *
 999:ARM_SEGGER_RTT/SEGGER_RTT.c **** *  Function description
1000:ARM_SEGGER_RTT/SEGGER_RTT.c **** *    Run-time configuration of the next down-buffer (H->T).
1001:ARM_SEGGER_RTT/SEGGER_RTT.c **** *    The next buffer, which is not used yet is configured.
1002:ARM_SEGGER_RTT/SEGGER_RTT.c **** *    This includes: Buffer address, size, name, flags, ...
1003:ARM_SEGGER_RTT/SEGGER_RTT.c **** *
1004:ARM_SEGGER_RTT/SEGGER_RTT.c **** *  Parameters
1005:ARM_SEGGER_RTT/SEGGER_RTT.c **** *    sName        Pointer to a constant name string.
1006:ARM_SEGGER_RTT/SEGGER_RTT.c **** *    pBuffer      Pointer to a buffer to be used.
1007:ARM_SEGGER_RTT/SEGGER_RTT.c **** *    BufferSize   Size of the buffer.
1008:ARM_SEGGER_RTT/SEGGER_RTT.c **** *    Flags        Operating modes. Define behavior if buffer is full (not enough space for entire m
1009:ARM_SEGGER_RTT/SEGGER_RTT.c **** *
1010:ARM_SEGGER_RTT/SEGGER_RTT.c **** *  Return value
1011:ARM_SEGGER_RTT/SEGGER_RTT.c **** *    >= 0 - O.K. Buffer Index
1012:ARM_SEGGER_RTT/SEGGER_RTT.c **** *     < 0 - Error
1013:ARM_SEGGER_RTT/SEGGER_RTT.c **** */
1014:ARM_SEGGER_RTT/SEGGER_RTT.c **** int SEGGER_RTT_AllocDownBuffer(const char* sName, void* pBuffer, unsigned BufferSize, unsigned Flag
 1735              		.loc 1 1014 103 is_stmt 1 view -0
 1736              		.cfi_startproc
 1737              		@ args = 0, pretend = 0, frame = 0
 1738              		@ frame_needed = 0, uses_anonymous_args = 0
 1739              		.loc 1 1014 103 is_stmt 0 view .LVU518
 1740 0000 2DE9F041 		push	{r4, r5, r6, r7, r8, lr}
 1741              	.LCFI21:
 1742              		.cfi_def_cfa_offset 24
 1743              		.cfi_offset 4, -24
 1744              		.cfi_offset 5, -20
 1745              		.cfi_offset 6, -16
 1746              		.cfi_offset 7, -12
 1747              		.cfi_offset 8, -8
 1748              		.cfi_offset 14, -4
 1749 0004 8046     		mov	r8, r0
 1750 0006 0F46     		mov	r7, r1
 1751 0008 1646     		mov	r6, r2
 1752 000a 1D46     		mov	r5, r3
1015:ARM_SEGGER_RTT/SEGGER_RTT.c ****   int BufferIndex;
 1753              		.loc 1 1015 3 is_stmt 1 view .LVU519
1016:ARM_SEGGER_RTT/SEGGER_RTT.c **** 
1017:ARM_SEGGER_RTT/SEGGER_RTT.c ****   INIT();
ARM GAS  C:\msys64\tmp\ccWAPVkS.s 			page 54


 1754              		.loc 1 1017 3 view .LVU520
 1755              		.loc 1 1017 3 view .LVU521
 1756 000c 184B     		ldr	r3, .L114
 1757              	.LVL186:
 1758              		.loc 1 1017 3 is_stmt 0 view .LVU522
 1759 000e 1B78     		ldrb	r3, [r3]	@ zero_extendqisi2
 1760 0010 3BB3     		cbz	r3, .L113
 1761              	.LVL187:
 1762              	.L107:
 1763              		.loc 1 1017 3 is_stmt 1 discriminator 3 view .LVU523
 1764              	.LBB6:
1018:ARM_SEGGER_RTT/SEGGER_RTT.c ****   SEGGER_RTT_LOCK();
 1765              		.loc 1 1018 3 discriminator 3 view .LVU524
 1766              		.loc 1 1018 3 discriminator 3 view .LVU525
 1767              		.syntax unified
 1768              	@ 1018 "ARM_SEGGER_RTT/SEGGER_RTT.c" 1
 1769 0012 EFF31182 		mrs   r2, basepri  
 1770 0016 4FF02001 		mov   r1, #32       
 1771 001a 81F31188 		msr   basepri, r1  
 1772              		
 1773              	@ 0 "" 2
 1774              	.LVL188:
 1775              		.loc 1 1018 20 discriminator 3 view .LVU526
1019:ARM_SEGGER_RTT/SEGGER_RTT.c ****   BufferIndex = 0;
 1776              		.loc 1 1019 3 discriminator 3 view .LVU527
 1777              		.loc 1 1019 15 is_stmt 0 discriminator 3 view .LVU528
 1778              		.thumb
 1779              		.syntax unified
 1780 001e 0020     		movs	r0, #0
 1781              	.LVL189:
 1782              	.L109:
1020:ARM_SEGGER_RTT/SEGGER_RTT.c ****   do {
 1783              		.loc 1 1020 3 is_stmt 1 view .LVU529
1021:ARM_SEGGER_RTT/SEGGER_RTT.c ****     if (_SEGGER_RTT.aDown[BufferIndex].pBuffer == NULL) {
 1784              		.loc 1 1021 5 view .LVU530
 1785              		.loc 1 1021 39 is_stmt 0 view .LVU531
 1786 0020 00EB400C 		add	ip, r0, r0, lsl #1
 1787 0024 124C     		ldr	r4, .L114
 1788 0026 04EBCC0C 		add	ip, r4, ip, lsl #3
 1789 002a DCF86430 		ldr	r3, [ip, #100]
 1790              		.loc 1 1021 8 view .LVU532
 1791 002e 1BB1     		cbz	r3, .L108
1022:ARM_SEGGER_RTT/SEGGER_RTT.c ****       break;
1023:ARM_SEGGER_RTT/SEGGER_RTT.c ****     }
1024:ARM_SEGGER_RTT/SEGGER_RTT.c ****     BufferIndex++;
 1792              		.loc 1 1024 5 is_stmt 1 view .LVU533
 1793              		.loc 1 1024 16 is_stmt 0 view .LVU534
 1794 0030 0130     		adds	r0, r0, #1
 1795              	.LVL190:
1025:ARM_SEGGER_RTT/SEGGER_RTT.c ****   } while (BufferIndex < _SEGGER_RTT.MaxNumDownBuffers);
 1796              		.loc 1 1025 24 is_stmt 1 view .LVU535
 1797              		.loc 1 1025 37 is_stmt 0 view .LVU536
 1798 0032 6369     		ldr	r3, [r4, #20]
 1799              		.loc 1 1025 24 view .LVU537
 1800 0034 8342     		cmp	r3, r0
 1801 0036 F3DC     		bgt	.L109
 1802              	.L108:
ARM GAS  C:\msys64\tmp\ccWAPVkS.s 			page 55


1026:ARM_SEGGER_RTT/SEGGER_RTT.c ****   if (BufferIndex < _SEGGER_RTT.MaxNumDownBuffers) {
 1803              		.loc 1 1026 3 is_stmt 1 view .LVU538
 1804              		.loc 1 1026 32 is_stmt 0 view .LVU539
 1805 0038 0D4B     		ldr	r3, .L114
 1806 003a 5B69     		ldr	r3, [r3, #20]
 1807              		.loc 1 1026 6 view .LVU540
 1808 003c 8342     		cmp	r3, r0
 1809 003e 13DD     		ble	.L111
1027:ARM_SEGGER_RTT/SEGGER_RTT.c ****     _SEGGER_RTT.aDown[BufferIndex].sName        = sName;
 1810              		.loc 1 1027 5 is_stmt 1 view .LVU541
 1811              		.loc 1 1027 49 is_stmt 0 view .LVU542
 1812 0040 00EB4001 		add	r1, r0, r0, lsl #1
 1813 0044 0A4B     		ldr	r3, .L114
 1814 0046 03EBC103 		add	r3, r3, r1, lsl #3
 1815 004a C3F86080 		str	r8, [r3, #96]
1028:ARM_SEGGER_RTT/SEGGER_RTT.c ****     _SEGGER_RTT.aDown[BufferIndex].pBuffer      = (char*)pBuffer;
 1816              		.loc 1 1028 5 is_stmt 1 view .LVU543
 1817              		.loc 1 1028 49 is_stmt 0 view .LVU544
 1818 004e 5F66     		str	r7, [r3, #100]
1029:ARM_SEGGER_RTT/SEGGER_RTT.c ****     _SEGGER_RTT.aDown[BufferIndex].SizeOfBuffer = BufferSize;
 1819              		.loc 1 1029 5 is_stmt 1 view .LVU545
 1820              		.loc 1 1029 49 is_stmt 0 view .LVU546
 1821 0050 9E66     		str	r6, [r3, #104]
1030:ARM_SEGGER_RTT/SEGGER_RTT.c ****     _SEGGER_RTT.aDown[BufferIndex].RdOff        = 0u;
 1822              		.loc 1 1030 5 is_stmt 1 view .LVU547
 1823              		.loc 1 1030 49 is_stmt 0 view .LVU548
 1824 0052 0021     		movs	r1, #0
 1825 0054 1967     		str	r1, [r3, #112]
1031:ARM_SEGGER_RTT/SEGGER_RTT.c ****     _SEGGER_RTT.aDown[BufferIndex].WrOff        = 0u;
 1826              		.loc 1 1031 5 is_stmt 1 view .LVU549
 1827              		.loc 1 1031 49 is_stmt 0 view .LVU550
 1828 0056 D966     		str	r1, [r3, #108]
1032:ARM_SEGGER_RTT/SEGGER_RTT.c ****     _SEGGER_RTT.aDown[BufferIndex].Flags        = Flags;
 1829              		.loc 1 1032 5 is_stmt 1 view .LVU551
 1830              		.loc 1 1032 49 is_stmt 0 view .LVU552
 1831 0058 5D67     		str	r5, [r3, #116]
 1832              	.LVL191:
 1833              	.L110:
1033:ARM_SEGGER_RTT/SEGGER_RTT.c ****   } else {
1034:ARM_SEGGER_RTT/SEGGER_RTT.c ****     BufferIndex = -1;
1035:ARM_SEGGER_RTT/SEGGER_RTT.c ****   }
1036:ARM_SEGGER_RTT/SEGGER_RTT.c ****   SEGGER_RTT_UNLOCK();
 1834              		.loc 1 1036 3 is_stmt 1 view .LVU553
 1835              		.syntax unified
 1836              	@ 1036 "ARM_SEGGER_RTT/SEGGER_RTT.c" 1
 1837 005a 82F31188 		msr   basepri, r2  
 1838              		
 1839              	@ 0 "" 2
 1840              		.thumb
 1841              		.syntax unified
 1842              	.LBE6:
 1843              		.loc 1 1036 22 view .LVU554
1037:ARM_SEGGER_RTT/SEGGER_RTT.c ****   return BufferIndex;
 1844              		.loc 1 1037 3 view .LVU555
1038:ARM_SEGGER_RTT/SEGGER_RTT.c **** }
 1845              		.loc 1 1038 1 is_stmt 0 view .LVU556
 1846 005e BDE8F081 		pop	{r4, r5, r6, r7, r8, pc}
ARM GAS  C:\msys64\tmp\ccWAPVkS.s 			page 56


 1847              	.LVL192:
 1848              	.L113:
1017:ARM_SEGGER_RTT/SEGGER_RTT.c ****   SEGGER_RTT_LOCK();
 1849              		.loc 1 1017 3 is_stmt 1 discriminator 1 view .LVU557
 1850 0062 FFF7FEFF 		bl	_DoInit
 1851              	.LVL193:
1017:ARM_SEGGER_RTT/SEGGER_RTT.c ****   SEGGER_RTT_LOCK();
 1852              		.loc 1 1017 3 is_stmt 0 discriminator 1 view .LVU558
 1853 0066 D4E7     		b	.L107
 1854              	.LVL194:
 1855              	.L111:
 1856              	.LBB7:
1034:ARM_SEGGER_RTT/SEGGER_RTT.c ****   }
 1857              		.loc 1 1034 17 view .LVU559
 1858 0068 4FF0FF30 		mov	r0, #-1
 1859              	.LVL195:
1034:ARM_SEGGER_RTT/SEGGER_RTT.c ****   }
 1860              		.loc 1 1034 17 view .LVU560
 1861 006c F5E7     		b	.L110
 1862              	.L115:
 1863 006e 00BF     		.align	2
 1864              	.L114:
 1865 0070 00000000 		.word	.LANCHOR1
 1866              	.LBE7:
 1867              		.cfi_endproc
 1868              	.LFE16:
 1870              		.section	.text.SEGGER_RTT_AllocUpBuffer,"ax",%progbits
 1871              		.align	1
 1872              		.global	SEGGER_RTT_AllocUpBuffer
 1873              		.syntax unified
 1874              		.thumb
 1875              		.thumb_func
 1877              	SEGGER_RTT_AllocUpBuffer:
 1878              	.LVL196:
 1879              	.LFB17:
1039:ARM_SEGGER_RTT/SEGGER_RTT.c **** 
1040:ARM_SEGGER_RTT/SEGGER_RTT.c **** /*********************************************************************
1041:ARM_SEGGER_RTT/SEGGER_RTT.c **** *
1042:ARM_SEGGER_RTT/SEGGER_RTT.c **** *       SEGGER_RTT_AllocUpBuffer
1043:ARM_SEGGER_RTT/SEGGER_RTT.c **** *
1044:ARM_SEGGER_RTT/SEGGER_RTT.c **** *  Function description
1045:ARM_SEGGER_RTT/SEGGER_RTT.c **** *    Run-time configuration of the next up-buffer (T->H).
1046:ARM_SEGGER_RTT/SEGGER_RTT.c **** *    The next buffer, which is not used yet is configured.
1047:ARM_SEGGER_RTT/SEGGER_RTT.c **** *    This includes: Buffer address, size, name, flags, ...
1048:ARM_SEGGER_RTT/SEGGER_RTT.c **** *
1049:ARM_SEGGER_RTT/SEGGER_RTT.c **** *  Parameters
1050:ARM_SEGGER_RTT/SEGGER_RTT.c **** *    sName        Pointer to a constant name string.
1051:ARM_SEGGER_RTT/SEGGER_RTT.c **** *    pBuffer      Pointer to a buffer to be used.
1052:ARM_SEGGER_RTT/SEGGER_RTT.c **** *    BufferSize   Size of the buffer.
1053:ARM_SEGGER_RTT/SEGGER_RTT.c **** *    Flags        Operating modes. Define behavior if buffer is full (not enough space for entire m
1054:ARM_SEGGER_RTT/SEGGER_RTT.c **** *
1055:ARM_SEGGER_RTT/SEGGER_RTT.c **** *  Return value
1056:ARM_SEGGER_RTT/SEGGER_RTT.c **** *    >= 0 - O.K. Buffer Index
1057:ARM_SEGGER_RTT/SEGGER_RTT.c **** *     < 0 - Error
1058:ARM_SEGGER_RTT/SEGGER_RTT.c **** */
1059:ARM_SEGGER_RTT/SEGGER_RTT.c **** int SEGGER_RTT_AllocUpBuffer(const char* sName, void* pBuffer, unsigned BufferSize, unsigned Flags)
 1880              		.loc 1 1059 101 is_stmt 1 view -0
ARM GAS  C:\msys64\tmp\ccWAPVkS.s 			page 57


 1881              		.cfi_startproc
 1882              		@ args = 0, pretend = 0, frame = 0
 1883              		@ frame_needed = 0, uses_anonymous_args = 0
 1884              		.loc 1 1059 101 is_stmt 0 view .LVU562
 1885 0000 F8B5     		push	{r3, r4, r5, r6, r7, lr}
 1886              	.LCFI22:
 1887              		.cfi_def_cfa_offset 24
 1888              		.cfi_offset 3, -24
 1889              		.cfi_offset 4, -20
 1890              		.cfi_offset 5, -16
 1891              		.cfi_offset 6, -12
 1892              		.cfi_offset 7, -8
 1893              		.cfi_offset 14, -4
 1894 0002 0746     		mov	r7, r0
 1895 0004 0E46     		mov	r6, r1
 1896 0006 1546     		mov	r5, r2
 1897 0008 1C46     		mov	r4, r3
1060:ARM_SEGGER_RTT/SEGGER_RTT.c ****   int BufferIndex;
 1898              		.loc 1 1060 3 is_stmt 1 view .LVU563
1061:ARM_SEGGER_RTT/SEGGER_RTT.c **** 
1062:ARM_SEGGER_RTT/SEGGER_RTT.c ****   INIT();
 1899              		.loc 1 1062 3 view .LVU564
 1900              		.loc 1 1062 3 view .LVU565
 1901 000a 1C4B     		ldr	r3, .L124
 1902              	.LVL197:
 1903              		.loc 1 1062 3 is_stmt 0 view .LVU566
 1904 000c 1B78     		ldrb	r3, [r3]	@ zero_extendqisi2
 1905 000e 73B3     		cbz	r3, .L123
 1906              	.LVL198:
 1907              	.L117:
 1908              		.loc 1 1062 3 is_stmt 1 discriminator 3 view .LVU567
 1909              	.LBB8:
1063:ARM_SEGGER_RTT/SEGGER_RTT.c ****   SEGGER_RTT_LOCK();
 1910              		.loc 1 1063 3 discriminator 3 view .LVU568
 1911              		.loc 1 1063 3 discriminator 3 view .LVU569
 1912              		.syntax unified
 1913              	@ 1063 "ARM_SEGGER_RTT/SEGGER_RTT.c" 1
 1914 0010 EFF31182 		mrs   r2, basepri  
 1915 0014 4FF02001 		mov   r1, #32       
 1916 0018 81F31188 		msr   basepri, r1  
 1917              		
 1918              	@ 0 "" 2
 1919              	.LVL199:
 1920              		.loc 1 1063 20 discriminator 3 view .LVU570
1064:ARM_SEGGER_RTT/SEGGER_RTT.c ****   BufferIndex = 0;
 1921              		.loc 1 1064 3 discriminator 3 view .LVU571
 1922              		.loc 1 1064 15 is_stmt 0 discriminator 3 view .LVU572
 1923              		.thumb
 1924              		.syntax unified
 1925 001c 0020     		movs	r0, #0
 1926              	.LVL200:
 1927              	.L119:
1065:ARM_SEGGER_RTT/SEGGER_RTT.c ****   do {
 1928              		.loc 1 1065 3 is_stmt 1 view .LVU573
1066:ARM_SEGGER_RTT/SEGGER_RTT.c ****     if (_SEGGER_RTT.aUp[BufferIndex].pBuffer == NULL) {
 1929              		.loc 1 1066 5 view .LVU574
 1930              		.loc 1 1066 37 is_stmt 0 view .LVU575
ARM GAS  C:\msys64\tmp\ccWAPVkS.s 			page 58


 1931 001e 00F1010C 		add	ip, r0, #1
 1932 0022 0CEB4C0C 		add	ip, ip, ip, lsl #1
 1933 0026 154B     		ldr	r3, .L124
 1934 0028 03EBCC0C 		add	ip, r3, ip, lsl #3
 1935 002c DCF80430 		ldr	r3, [ip, #4]
 1936              		.loc 1 1066 8 view .LVU576
 1937 0030 23B1     		cbz	r3, .L118
1067:ARM_SEGGER_RTT/SEGGER_RTT.c ****       break;
1068:ARM_SEGGER_RTT/SEGGER_RTT.c ****     }
1069:ARM_SEGGER_RTT/SEGGER_RTT.c ****     BufferIndex++;
 1938              		.loc 1 1069 5 is_stmt 1 view .LVU577
 1939              		.loc 1 1069 16 is_stmt 0 view .LVU578
 1940 0032 0130     		adds	r0, r0, #1
 1941              	.LVL201:
1070:ARM_SEGGER_RTT/SEGGER_RTT.c ****   } while (BufferIndex < _SEGGER_RTT.MaxNumUpBuffers);
 1942              		.loc 1 1070 24 is_stmt 1 view .LVU579
 1943              		.loc 1 1070 37 is_stmt 0 view .LVU580
 1944 0034 114B     		ldr	r3, .L124
 1945 0036 1B69     		ldr	r3, [r3, #16]
 1946              		.loc 1 1070 24 view .LVU581
 1947 0038 8342     		cmp	r3, r0
 1948 003a F0DC     		bgt	.L119
 1949              	.L118:
1071:ARM_SEGGER_RTT/SEGGER_RTT.c ****   if (BufferIndex < _SEGGER_RTT.MaxNumUpBuffers) {
 1950              		.loc 1 1071 3 is_stmt 1 view .LVU582
 1951              		.loc 1 1071 32 is_stmt 0 view .LVU583
 1952 003c 0F4B     		ldr	r3, .L124
 1953 003e 1B69     		ldr	r3, [r3, #16]
 1954              		.loc 1 1071 6 view .LVU584
 1955 0040 8342     		cmp	r3, r0
 1956 0042 17DD     		ble	.L121
1072:ARM_SEGGER_RTT/SEGGER_RTT.c ****     _SEGGER_RTT.aUp[BufferIndex].sName        = sName;
 1957              		.loc 1 1072 5 is_stmt 1 view .LVU585
 1958              		.loc 1 1072 47 is_stmt 0 view .LVU586
 1959 0044 0D4B     		ldr	r3, .L124
 1960 0046 411C     		adds	r1, r0, #1
 1961 0048 01EB410C 		add	ip, r1, r1, lsl #1
 1962 004c 43F83C70 		str	r7, [r3, ip, lsl #3]
1073:ARM_SEGGER_RTT/SEGGER_RTT.c ****     _SEGGER_RTT.aUp[BufferIndex].pBuffer      = (char*)pBuffer;
 1963              		.loc 1 1073 5 is_stmt 1 view .LVU587
 1964              		.loc 1 1073 47 is_stmt 0 view .LVU588
 1965 0050 03EBCC01 		add	r1, r3, ip, lsl #3
 1966 0054 4E60     		str	r6, [r1, #4]
1074:ARM_SEGGER_RTT/SEGGER_RTT.c ****     _SEGGER_RTT.aUp[BufferIndex].SizeOfBuffer = BufferSize;
 1967              		.loc 1 1074 5 is_stmt 1 view .LVU589
 1968              		.loc 1 1074 47 is_stmt 0 view .LVU590
 1969 0056 00EB4001 		add	r1, r0, r0, lsl #1
 1970 005a 03EBC103 		add	r3, r3, r1, lsl #3
 1971 005e 1D62     		str	r5, [r3, #32]
1075:ARM_SEGGER_RTT/SEGGER_RTT.c ****     _SEGGER_RTT.aUp[BufferIndex].RdOff        = 0u;
 1972              		.loc 1 1075 5 is_stmt 1 view .LVU591
 1973              		.loc 1 1075 47 is_stmt 0 view .LVU592
 1974 0060 0021     		movs	r1, #0
 1975 0062 9962     		str	r1, [r3, #40]
1076:ARM_SEGGER_RTT/SEGGER_RTT.c ****     _SEGGER_RTT.aUp[BufferIndex].WrOff        = 0u;
 1976              		.loc 1 1076 5 is_stmt 1 view .LVU593
 1977              		.loc 1 1076 47 is_stmt 0 view .LVU594
ARM GAS  C:\msys64\tmp\ccWAPVkS.s 			page 59


 1978 0064 5962     		str	r1, [r3, #36]
1077:ARM_SEGGER_RTT/SEGGER_RTT.c ****     _SEGGER_RTT.aUp[BufferIndex].Flags        = Flags;
 1979              		.loc 1 1077 5 is_stmt 1 view .LVU595
 1980              		.loc 1 1077 47 is_stmt 0 view .LVU596
 1981 0066 DC62     		str	r4, [r3, #44]
 1982              	.LVL202:
 1983              	.L120:
1078:ARM_SEGGER_RTT/SEGGER_RTT.c ****   } else {
1079:ARM_SEGGER_RTT/SEGGER_RTT.c ****     BufferIndex = -1;
1080:ARM_SEGGER_RTT/SEGGER_RTT.c ****   }
1081:ARM_SEGGER_RTT/SEGGER_RTT.c ****   SEGGER_RTT_UNLOCK();
 1984              		.loc 1 1081 3 is_stmt 1 view .LVU597
 1985              		.syntax unified
 1986              	@ 1081 "ARM_SEGGER_RTT/SEGGER_RTT.c" 1
 1987 0068 82F31188 		msr   basepri, r2  
 1988              		
 1989              	@ 0 "" 2
 1990              		.thumb
 1991              		.syntax unified
 1992              	.LBE8:
 1993              		.loc 1 1081 22 view .LVU598
1082:ARM_SEGGER_RTT/SEGGER_RTT.c ****   return BufferIndex;
 1994              		.loc 1 1082 3 view .LVU599
1083:ARM_SEGGER_RTT/SEGGER_RTT.c **** }
 1995              		.loc 1 1083 1 is_stmt 0 view .LVU600
 1996 006c F8BD     		pop	{r3, r4, r5, r6, r7, pc}
 1997              	.LVL203:
 1998              	.L123:
1062:ARM_SEGGER_RTT/SEGGER_RTT.c ****   SEGGER_RTT_LOCK();
 1999              		.loc 1 1062 3 is_stmt 1 discriminator 1 view .LVU601
 2000 006e FFF7FEFF 		bl	_DoInit
 2001              	.LVL204:
1062:ARM_SEGGER_RTT/SEGGER_RTT.c ****   SEGGER_RTT_LOCK();
 2002              		.loc 1 1062 3 is_stmt 0 discriminator 1 view .LVU602
 2003 0072 CDE7     		b	.L117
 2004              	.LVL205:
 2005              	.L121:
 2006              	.LBB9:
1079:ARM_SEGGER_RTT/SEGGER_RTT.c ****   }
 2007              		.loc 1 1079 17 view .LVU603
 2008 0074 4FF0FF30 		mov	r0, #-1
 2009              	.LVL206:
1079:ARM_SEGGER_RTT/SEGGER_RTT.c ****   }
 2010              		.loc 1 1079 17 view .LVU604
 2011 0078 F6E7     		b	.L120
 2012              	.L125:
 2013 007a 00BF     		.align	2
 2014              	.L124:
 2015 007c 00000000 		.word	.LANCHOR1
 2016              	.LBE9:
 2017              		.cfi_endproc
 2018              	.LFE17:
 2020              		.section	.text.SEGGER_RTT_ConfigUpBuffer,"ax",%progbits
 2021              		.align	1
 2022              		.global	SEGGER_RTT_ConfigUpBuffer
 2023              		.syntax unified
 2024              		.thumb
ARM GAS  C:\msys64\tmp\ccWAPVkS.s 			page 60


 2025              		.thumb_func
 2027              	SEGGER_RTT_ConfigUpBuffer:
 2028              	.LVL207:
 2029              	.LFB18:
1084:ARM_SEGGER_RTT/SEGGER_RTT.c **** 
1085:ARM_SEGGER_RTT/SEGGER_RTT.c **** /*********************************************************************
1086:ARM_SEGGER_RTT/SEGGER_RTT.c **** *
1087:ARM_SEGGER_RTT/SEGGER_RTT.c **** *       SEGGER_RTT_ConfigUpBuffer
1088:ARM_SEGGER_RTT/SEGGER_RTT.c **** *
1089:ARM_SEGGER_RTT/SEGGER_RTT.c **** *  Function description
1090:ARM_SEGGER_RTT/SEGGER_RTT.c **** *    Run-time configuration of a specific up-buffer (T->H).
1091:ARM_SEGGER_RTT/SEGGER_RTT.c **** *    Buffer to be configured is specified by index.
1092:ARM_SEGGER_RTT/SEGGER_RTT.c **** *    This includes: Buffer address, size, name, flags, ...
1093:ARM_SEGGER_RTT/SEGGER_RTT.c **** *
1094:ARM_SEGGER_RTT/SEGGER_RTT.c **** *  Parameters
1095:ARM_SEGGER_RTT/SEGGER_RTT.c **** *    BufferIndex  Index of the buffer to configure.
1096:ARM_SEGGER_RTT/SEGGER_RTT.c **** *    sName        Pointer to a constant name string.
1097:ARM_SEGGER_RTT/SEGGER_RTT.c **** *    pBuffer      Pointer to a buffer to be used.
1098:ARM_SEGGER_RTT/SEGGER_RTT.c **** *    BufferSize   Size of the buffer.
1099:ARM_SEGGER_RTT/SEGGER_RTT.c **** *    Flags        Operating modes. Define behavior if buffer is full (not enough space for entire m
1100:ARM_SEGGER_RTT/SEGGER_RTT.c **** *
1101:ARM_SEGGER_RTT/SEGGER_RTT.c **** *  Return value
1102:ARM_SEGGER_RTT/SEGGER_RTT.c **** *    >= 0 - O.K.
1103:ARM_SEGGER_RTT/SEGGER_RTT.c **** *     < 0 - Error
1104:ARM_SEGGER_RTT/SEGGER_RTT.c **** *
1105:ARM_SEGGER_RTT/SEGGER_RTT.c **** *  Additional information
1106:ARM_SEGGER_RTT/SEGGER_RTT.c **** *    Buffer 0 is configured on compile-time.
1107:ARM_SEGGER_RTT/SEGGER_RTT.c **** *    May only be called once per buffer.
1108:ARM_SEGGER_RTT/SEGGER_RTT.c **** *    Buffer name and flags can be reconfigured using the appropriate functions.
1109:ARM_SEGGER_RTT/SEGGER_RTT.c **** */
1110:ARM_SEGGER_RTT/SEGGER_RTT.c **** int SEGGER_RTT_ConfigUpBuffer(unsigned BufferIndex, const char* sName, void* pBuffer, unsigned Buff
 2030              		.loc 1 1110 124 is_stmt 1 view -0
 2031              		.cfi_startproc
 2032              		@ args = 4, pretend = 0, frame = 0
 2033              		@ frame_needed = 0, uses_anonymous_args = 0
 2034              		.loc 1 1110 124 is_stmt 0 view .LVU606
 2035 0000 F8B5     		push	{r3, r4, r5, r6, r7, lr}
 2036              	.LCFI23:
 2037              		.cfi_def_cfa_offset 24
 2038              		.cfi_offset 3, -24
 2039              		.cfi_offset 4, -20
 2040              		.cfi_offset 5, -16
 2041              		.cfi_offset 6, -12
 2042              		.cfi_offset 7, -8
 2043              		.cfi_offset 14, -4
 2044 0002 0446     		mov	r4, r0
 2045 0004 0D46     		mov	r5, r1
 2046 0006 1746     		mov	r7, r2
 2047 0008 1E46     		mov	r6, r3
1111:ARM_SEGGER_RTT/SEGGER_RTT.c ****   int r;
 2048              		.loc 1 1111 3 is_stmt 1 view .LVU607
1112:ARM_SEGGER_RTT/SEGGER_RTT.c **** 
1113:ARM_SEGGER_RTT/SEGGER_RTT.c ****   INIT();
 2049              		.loc 1 1113 3 view .LVU608
 2050              		.loc 1 1113 3 view .LVU609
 2051 000a 184B     		ldr	r3, .L133
 2052              	.LVL208:
ARM GAS  C:\msys64\tmp\ccWAPVkS.s 			page 61


 2053              		.loc 1 1113 3 is_stmt 0 view .LVU610
 2054 000c 1B78     		ldrb	r3, [r3]	@ zero_extendqisi2
 2055 000e 3BB3     		cbz	r3, .L132
 2056              	.LVL209:
 2057              	.L127:
 2058              		.loc 1 1113 3 is_stmt 1 discriminator 3 view .LVU611
1114:ARM_SEGGER_RTT/SEGGER_RTT.c ****   if (BufferIndex < (unsigned)_SEGGER_RTT.MaxNumUpBuffers) {
 2059              		.loc 1 1114 3 discriminator 3 view .LVU612
 2060              		.loc 1 1114 42 is_stmt 0 discriminator 3 view .LVU613
 2061 0010 164B     		ldr	r3, .L133
 2062 0012 1B69     		ldr	r3, [r3, #16]
 2063              		.loc 1 1114 6 discriminator 3 view .LVU614
 2064 0014 A342     		cmp	r3, r4
 2065 0016 26D9     		bls	.L130
 2066              	.LBB10:
1115:ARM_SEGGER_RTT/SEGGER_RTT.c ****     SEGGER_RTT_LOCK();
 2067              		.loc 1 1115 5 is_stmt 1 view .LVU615
 2068              		.loc 1 1115 5 view .LVU616
 2069              		.syntax unified
 2070              	@ 1115 "ARM_SEGGER_RTT/SEGGER_RTT.c" 1
 2071 0018 EFF31183 		mrs   r3, basepri  
 2072 001c 4FF02001 		mov   r1, #32       
 2073 0020 81F31188 		msr   basepri, r1  
 2074              		
 2075              	@ 0 "" 2
 2076              		.thumb
 2077              		.syntax unified
 2078 0024 1946     		mov	r1, r3
 2079              	.LVL210:
 2080              		.loc 1 1115 22 view .LVU617
1116:ARM_SEGGER_RTT/SEGGER_RTT.c ****     if (BufferIndex > 0u) {
 2081              		.loc 1 1116 5 view .LVU618
 2082              		.loc 1 1116 8 is_stmt 0 view .LVU619
 2083 0026 84B1     		cbz	r4, .L129
1117:ARM_SEGGER_RTT/SEGGER_RTT.c ****       _SEGGER_RTT.aUp[BufferIndex].sName        = sName;
 2084              		.loc 1 1117 7 is_stmt 1 view .LVU620
 2085              		.loc 1 1117 49 is_stmt 0 view .LVU621
 2086 0028 104A     		ldr	r2, .L133
 2087 002a 601C     		adds	r0, r4, #1
 2088 002c 00EB4003 		add	r3, r0, r0, lsl #1
 2089 0030 42F83350 		str	r5, [r2, r3, lsl #3]
1118:ARM_SEGGER_RTT/SEGGER_RTT.c ****       _SEGGER_RTT.aUp[BufferIndex].pBuffer      = (char*)pBuffer;
 2090              		.loc 1 1118 7 is_stmt 1 view .LVU622
 2091              		.loc 1 1118 49 is_stmt 0 view .LVU623
 2092 0034 02EBC300 		add	r0, r2, r3, lsl #3
 2093 0038 4760     		str	r7, [r0, #4]
1119:ARM_SEGGER_RTT/SEGGER_RTT.c ****       _SEGGER_RTT.aUp[BufferIndex].SizeOfBuffer = BufferSize;
 2094              		.loc 1 1119 7 is_stmt 1 view .LVU624
 2095              		.loc 1 1119 49 is_stmt 0 view .LVU625
 2096 003a 04EB4403 		add	r3, r4, r4, lsl #1
 2097 003e 02EBC302 		add	r2, r2, r3, lsl #3
 2098 0042 1662     		str	r6, [r2, #32]
1120:ARM_SEGGER_RTT/SEGGER_RTT.c ****       _SEGGER_RTT.aUp[BufferIndex].RdOff        = 0u;
 2099              		.loc 1 1120 7 is_stmt 1 view .LVU626
 2100              		.loc 1 1120 49 is_stmt 0 view .LVU627
 2101 0044 0023     		movs	r3, #0
 2102 0046 9362     		str	r3, [r2, #40]
ARM GAS  C:\msys64\tmp\ccWAPVkS.s 			page 62


1121:ARM_SEGGER_RTT/SEGGER_RTT.c ****       _SEGGER_RTT.aUp[BufferIndex].WrOff        = 0u;
 2103              		.loc 1 1121 7 is_stmt 1 view .LVU628
 2104              		.loc 1 1121 49 is_stmt 0 view .LVU629
 2105 0048 5362     		str	r3, [r2, #36]
 2106              	.L129:
1122:ARM_SEGGER_RTT/SEGGER_RTT.c ****     }
1123:ARM_SEGGER_RTT/SEGGER_RTT.c ****     _SEGGER_RTT.aUp[BufferIndex].Flags          = Flags;
 2107              		.loc 1 1123 5 is_stmt 1 view .LVU630
 2108              		.loc 1 1123 49 is_stmt 0 view .LVU631
 2109 004a 04EB4404 		add	r4, r4, r4, lsl #1
 2110              	.LVL211:
 2111              		.loc 1 1123 49 view .LVU632
 2112 004e 074B     		ldr	r3, .L133
 2113 0050 03EBC403 		add	r3, r3, r4, lsl #3
 2114 0054 069A     		ldr	r2, [sp, #24]
 2115 0056 DA62     		str	r2, [r3, #44]
1124:ARM_SEGGER_RTT/SEGGER_RTT.c ****     SEGGER_RTT_UNLOCK();
 2116              		.loc 1 1124 5 is_stmt 1 view .LVU633
 2117              		.syntax unified
 2118              	@ 1124 "ARM_SEGGER_RTT/SEGGER_RTT.c" 1
 2119 0058 81F31188 		msr   basepri, r1  
 2120              		
 2121              	@ 0 "" 2
 2122              		.thumb
 2123              		.syntax unified
 2124              	.LBE10:
 2125              		.loc 1 1124 24 view .LVU634
1125:ARM_SEGGER_RTT/SEGGER_RTT.c ****     r =  0;
 2126              		.loc 1 1125 5 view .LVU635
 2127              	.LVL212:
 2128              		.loc 1 1125 7 is_stmt 0 view .LVU636
 2129 005c 0020     		movs	r0, #0
 2130              	.LVL213:
 2131              	.L126:
1126:ARM_SEGGER_RTT/SEGGER_RTT.c ****   } else {
1127:ARM_SEGGER_RTT/SEGGER_RTT.c ****     r = -1;
1128:ARM_SEGGER_RTT/SEGGER_RTT.c ****   }
1129:ARM_SEGGER_RTT/SEGGER_RTT.c ****   return r;
1130:ARM_SEGGER_RTT/SEGGER_RTT.c **** }
 2132              		.loc 1 1130 1 view .LVU637
 2133 005e F8BD     		pop	{r3, r4, r5, r6, r7, pc}
 2134              	.LVL214:
 2135              	.L132:
1113:ARM_SEGGER_RTT/SEGGER_RTT.c ****   if (BufferIndex < (unsigned)_SEGGER_RTT.MaxNumUpBuffers) {
 2136              		.loc 1 1113 3 is_stmt 1 discriminator 1 view .LVU638
 2137 0060 FFF7FEFF 		bl	_DoInit
 2138              	.LVL215:
1113:ARM_SEGGER_RTT/SEGGER_RTT.c ****   if (BufferIndex < (unsigned)_SEGGER_RTT.MaxNumUpBuffers) {
 2139              		.loc 1 1113 3 is_stmt 0 discriminator 1 view .LVU639
 2140 0064 D4E7     		b	.L127
 2141              	.L130:
1127:ARM_SEGGER_RTT/SEGGER_RTT.c ****   }
 2142              		.loc 1 1127 7 view .LVU640
 2143 0066 4FF0FF30 		mov	r0, #-1
 2144              	.LVL216:
1129:ARM_SEGGER_RTT/SEGGER_RTT.c **** }
 2145              		.loc 1 1129 3 is_stmt 1 view .LVU641
ARM GAS  C:\msys64\tmp\ccWAPVkS.s 			page 63


1129:ARM_SEGGER_RTT/SEGGER_RTT.c **** }
 2146              		.loc 1 1129 10 is_stmt 0 view .LVU642
 2147 006a F8E7     		b	.L126
 2148              	.L134:
 2149              		.align	2
 2150              	.L133:
 2151 006c 00000000 		.word	.LANCHOR1
 2152              		.cfi_endproc
 2153              	.LFE18:
 2155              		.section	.text.SEGGER_RTT_ConfigDownBuffer,"ax",%progbits
 2156              		.align	1
 2157              		.global	SEGGER_RTT_ConfigDownBuffer
 2158              		.syntax unified
 2159              		.thumb
 2160              		.thumb_func
 2162              	SEGGER_RTT_ConfigDownBuffer:
 2163              	.LVL217:
 2164              	.LFB19:
1131:ARM_SEGGER_RTT/SEGGER_RTT.c **** 
1132:ARM_SEGGER_RTT/SEGGER_RTT.c **** /*********************************************************************
1133:ARM_SEGGER_RTT/SEGGER_RTT.c **** *
1134:ARM_SEGGER_RTT/SEGGER_RTT.c **** *       SEGGER_RTT_ConfigDownBuffer
1135:ARM_SEGGER_RTT/SEGGER_RTT.c **** *
1136:ARM_SEGGER_RTT/SEGGER_RTT.c **** *  Function description
1137:ARM_SEGGER_RTT/SEGGER_RTT.c **** *    Run-time configuration of a specific down-buffer (H->T).
1138:ARM_SEGGER_RTT/SEGGER_RTT.c **** *    Buffer to be configured is specified by index.
1139:ARM_SEGGER_RTT/SEGGER_RTT.c **** *    This includes: Buffer address, size, name, flags, ...
1140:ARM_SEGGER_RTT/SEGGER_RTT.c **** *
1141:ARM_SEGGER_RTT/SEGGER_RTT.c **** *  Parameters
1142:ARM_SEGGER_RTT/SEGGER_RTT.c **** *    BufferIndex  Index of the buffer to configure.
1143:ARM_SEGGER_RTT/SEGGER_RTT.c **** *    sName        Pointer to a constant name string.
1144:ARM_SEGGER_RTT/SEGGER_RTT.c **** *    pBuffer      Pointer to a buffer to be used.
1145:ARM_SEGGER_RTT/SEGGER_RTT.c **** *    BufferSize   Size of the buffer.
1146:ARM_SEGGER_RTT/SEGGER_RTT.c **** *    Flags        Operating modes. Define behavior if buffer is full (not enough space for entire m
1147:ARM_SEGGER_RTT/SEGGER_RTT.c **** *
1148:ARM_SEGGER_RTT/SEGGER_RTT.c **** *  Return value
1149:ARM_SEGGER_RTT/SEGGER_RTT.c **** *    >= 0  O.K.
1150:ARM_SEGGER_RTT/SEGGER_RTT.c **** *     < 0  Error
1151:ARM_SEGGER_RTT/SEGGER_RTT.c **** *
1152:ARM_SEGGER_RTT/SEGGER_RTT.c **** *  Additional information
1153:ARM_SEGGER_RTT/SEGGER_RTT.c **** *    Buffer 0 is configured on compile-time.
1154:ARM_SEGGER_RTT/SEGGER_RTT.c **** *    May only be called once per buffer.
1155:ARM_SEGGER_RTT/SEGGER_RTT.c **** *    Buffer name and flags can be reconfigured using the appropriate functions.
1156:ARM_SEGGER_RTT/SEGGER_RTT.c **** */
1157:ARM_SEGGER_RTT/SEGGER_RTT.c **** int SEGGER_RTT_ConfigDownBuffer(unsigned BufferIndex, const char* sName, void* pBuffer, unsigned Bu
 2165              		.loc 1 1157 126 is_stmt 1 view -0
 2166              		.cfi_startproc
 2167              		@ args = 4, pretend = 0, frame = 0
 2168              		@ frame_needed = 0, uses_anonymous_args = 0
 2169              		.loc 1 1157 126 is_stmt 0 view .LVU644
 2170 0000 2DE9F041 		push	{r4, r5, r6, r7, r8, lr}
 2171              	.LCFI24:
 2172              		.cfi_def_cfa_offset 24
 2173              		.cfi_offset 4, -24
 2174              		.cfi_offset 5, -20
 2175              		.cfi_offset 6, -16
 2176              		.cfi_offset 7, -12
ARM GAS  C:\msys64\tmp\ccWAPVkS.s 			page 64


 2177              		.cfi_offset 8, -8
 2178              		.cfi_offset 14, -4
 2179 0004 0446     		mov	r4, r0
 2180 0006 8846     		mov	r8, r1
 2181 0008 1746     		mov	r7, r2
 2182 000a 1E46     		mov	r6, r3
1158:ARM_SEGGER_RTT/SEGGER_RTT.c ****   int r;
 2183              		.loc 1 1158 3 is_stmt 1 view .LVU645
1159:ARM_SEGGER_RTT/SEGGER_RTT.c **** 
1160:ARM_SEGGER_RTT/SEGGER_RTT.c ****   INIT();
 2184              		.loc 1 1160 3 view .LVU646
 2185              		.loc 1 1160 3 view .LVU647
 2186 000c 174B     		ldr	r3, .L142
 2187              	.LVL218:
 2188              		.loc 1 1160 3 is_stmt 0 view .LVU648
 2189 000e 1B78     		ldrb	r3, [r3]	@ zero_extendqisi2
 2190 0010 33B3     		cbz	r3, .L141
 2191              	.LVL219:
 2192              	.L136:
 2193              		.loc 1 1160 3 is_stmt 1 discriminator 3 view .LVU649
1161:ARM_SEGGER_RTT/SEGGER_RTT.c ****   if (BufferIndex < (unsigned)_SEGGER_RTT.MaxNumDownBuffers) {
 2194              		.loc 1 1161 3 discriminator 3 view .LVU650
 2195              		.loc 1 1161 42 is_stmt 0 discriminator 3 view .LVU651
 2196 0012 164B     		ldr	r3, .L142
 2197 0014 5B69     		ldr	r3, [r3, #20]
 2198              		.loc 1 1161 6 discriminator 3 view .LVU652
 2199 0016 A342     		cmp	r3, r4
 2200 0018 25D9     		bls	.L139
 2201              	.LBB11:
1162:ARM_SEGGER_RTT/SEGGER_RTT.c ****     SEGGER_RTT_LOCK();
 2202              		.loc 1 1162 5 is_stmt 1 view .LVU653
 2203              		.loc 1 1162 5 view .LVU654
 2204              		.syntax unified
 2205              	@ 1162 "ARM_SEGGER_RTT/SEGGER_RTT.c" 1
 2206 001a EFF31180 		mrs   r0, basepri  
 2207 001e 4FF02001 		mov   r1, #32       
 2208 0022 81F31188 		msr   basepri, r1  
 2209              		
 2210              	@ 0 "" 2
 2211              	.LVL220:
 2212              		.loc 1 1162 22 view .LVU655
1163:ARM_SEGGER_RTT/SEGGER_RTT.c ****     if (BufferIndex > 0u) {
 2213              		.loc 1 1163 5 view .LVU656
 2214              		.loc 1 1163 8 is_stmt 0 view .LVU657
 2215              		.thumb
 2216              		.syntax unified
 2217 0026 7CB1     		cbz	r4, .L138
1164:ARM_SEGGER_RTT/SEGGER_RTT.c ****       _SEGGER_RTT.aDown[BufferIndex].sName        = sName;
 2218              		.loc 1 1164 7 is_stmt 1 view .LVU658
 2219              		.loc 1 1164 51 is_stmt 0 view .LVU659
 2220 0028 04EB4403 		add	r3, r4, r4, lsl #1
 2221 002c 0F4D     		ldr	r5, .L142
 2222 002e 05EBC30C 		add	ip, r5, r3, lsl #3
 2223 0032 CCF86080 		str	r8, [ip, #96]
1165:ARM_SEGGER_RTT/SEGGER_RTT.c ****       _SEGGER_RTT.aDown[BufferIndex].pBuffer      = (char*)pBuffer;
 2224              		.loc 1 1165 7 is_stmt 1 view .LVU660
 2225              		.loc 1 1165 51 is_stmt 0 view .LVU661
ARM GAS  C:\msys64\tmp\ccWAPVkS.s 			page 65


 2226 0036 CCF86470 		str	r7, [ip, #100]
1166:ARM_SEGGER_RTT/SEGGER_RTT.c ****       _SEGGER_RTT.aDown[BufferIndex].SizeOfBuffer = BufferSize;
 2227              		.loc 1 1166 7 is_stmt 1 view .LVU662
 2228              		.loc 1 1166 51 is_stmt 0 view .LVU663
 2229 003a CCF86860 		str	r6, [ip, #104]
1167:ARM_SEGGER_RTT/SEGGER_RTT.c ****       _SEGGER_RTT.aDown[BufferIndex].RdOff        = 0u;
 2230              		.loc 1 1167 7 is_stmt 1 view .LVU664
 2231              		.loc 1 1167 51 is_stmt 0 view .LVU665
 2232 003e 0023     		movs	r3, #0
 2233 0040 CCF87030 		str	r3, [ip, #112]
1168:ARM_SEGGER_RTT/SEGGER_RTT.c ****       _SEGGER_RTT.aDown[BufferIndex].WrOff        = 0u;
 2234              		.loc 1 1168 7 is_stmt 1 view .LVU666
 2235              		.loc 1 1168 51 is_stmt 0 view .LVU667
 2236 0044 CCF86C30 		str	r3, [ip, #108]
 2237              	.L138:
1169:ARM_SEGGER_RTT/SEGGER_RTT.c ****     }
1170:ARM_SEGGER_RTT/SEGGER_RTT.c ****     _SEGGER_RTT.aDown[BufferIndex].Flags          = Flags;
 2238              		.loc 1 1170 5 is_stmt 1 view .LVU668
 2239              		.loc 1 1170 51 is_stmt 0 view .LVU669
 2240 0048 04EB4404 		add	r4, r4, r4, lsl #1
 2241              	.LVL221:
 2242              		.loc 1 1170 51 view .LVU670
 2243 004c 074B     		ldr	r3, .L142
 2244 004e 03EBC403 		add	r3, r3, r4, lsl #3
 2245 0052 069A     		ldr	r2, [sp, #24]
 2246 0054 5A67     		str	r2, [r3, #116]
1171:ARM_SEGGER_RTT/SEGGER_RTT.c ****     SEGGER_RTT_UNLOCK();
 2247              		.loc 1 1171 5 is_stmt 1 view .LVU671
 2248              		.syntax unified
 2249              	@ 1171 "ARM_SEGGER_RTT/SEGGER_RTT.c" 1
 2250 0056 80F31188 		msr   basepri, r0  
 2251              		
 2252              	@ 0 "" 2
 2253              		.thumb
 2254              		.syntax unified
 2255              	.LBE11:
 2256              		.loc 1 1171 24 view .LVU672
1172:ARM_SEGGER_RTT/SEGGER_RTT.c ****     r =  0;
 2257              		.loc 1 1172 5 view .LVU673
 2258              	.LVL222:
 2259              		.loc 1 1172 7 is_stmt 0 view .LVU674
 2260 005a 0020     		movs	r0, #0
 2261              	.LVL223:
 2262              	.L135:
1173:ARM_SEGGER_RTT/SEGGER_RTT.c ****   } else {
1174:ARM_SEGGER_RTT/SEGGER_RTT.c ****     r = -1;
1175:ARM_SEGGER_RTT/SEGGER_RTT.c ****   }
1176:ARM_SEGGER_RTT/SEGGER_RTT.c ****   return r;
1177:ARM_SEGGER_RTT/SEGGER_RTT.c **** }
 2263              		.loc 1 1177 1 view .LVU675
 2264 005c BDE8F081 		pop	{r4, r5, r6, r7, r8, pc}
 2265              	.LVL224:
 2266              	.L141:
1160:ARM_SEGGER_RTT/SEGGER_RTT.c ****   if (BufferIndex < (unsigned)_SEGGER_RTT.MaxNumDownBuffers) {
 2267              		.loc 1 1160 3 is_stmt 1 discriminator 1 view .LVU676
 2268 0060 FFF7FEFF 		bl	_DoInit
 2269              	.LVL225:
ARM GAS  C:\msys64\tmp\ccWAPVkS.s 			page 66


1160:ARM_SEGGER_RTT/SEGGER_RTT.c ****   if (BufferIndex < (unsigned)_SEGGER_RTT.MaxNumDownBuffers) {
 2270              		.loc 1 1160 3 is_stmt 0 discriminator 1 view .LVU677
 2271 0064 D5E7     		b	.L136
 2272              	.L139:
1174:ARM_SEGGER_RTT/SEGGER_RTT.c ****   }
 2273              		.loc 1 1174 7 view .LVU678
 2274 0066 4FF0FF30 		mov	r0, #-1
 2275              	.LVL226:
1176:ARM_SEGGER_RTT/SEGGER_RTT.c **** }
 2276              		.loc 1 1176 3 is_stmt 1 view .LVU679
1176:ARM_SEGGER_RTT/SEGGER_RTT.c **** }
 2277              		.loc 1 1176 10 is_stmt 0 view .LVU680
 2278 006a F7E7     		b	.L135
 2279              	.L143:
 2280              		.align	2
 2281              	.L142:
 2282 006c 00000000 		.word	.LANCHOR1
 2283              		.cfi_endproc
 2284              	.LFE19:
 2286              		.section	.text.SEGGER_RTT_SetNameUpBuffer,"ax",%progbits
 2287              		.align	1
 2288              		.global	SEGGER_RTT_SetNameUpBuffer
 2289              		.syntax unified
 2290              		.thumb
 2291              		.thumb_func
 2293              	SEGGER_RTT_SetNameUpBuffer:
 2294              	.LVL227:
 2295              	.LFB20:
1178:ARM_SEGGER_RTT/SEGGER_RTT.c **** 
1179:ARM_SEGGER_RTT/SEGGER_RTT.c **** /*********************************************************************
1180:ARM_SEGGER_RTT/SEGGER_RTT.c **** *
1181:ARM_SEGGER_RTT/SEGGER_RTT.c **** *       SEGGER_RTT_SetNameUpBuffer
1182:ARM_SEGGER_RTT/SEGGER_RTT.c **** *
1183:ARM_SEGGER_RTT/SEGGER_RTT.c **** *  Function description
1184:ARM_SEGGER_RTT/SEGGER_RTT.c **** *    Run-time configuration of a specific up-buffer name (T->H).
1185:ARM_SEGGER_RTT/SEGGER_RTT.c **** *    Buffer to be configured is specified by index.
1186:ARM_SEGGER_RTT/SEGGER_RTT.c **** *
1187:ARM_SEGGER_RTT/SEGGER_RTT.c **** *  Parameters
1188:ARM_SEGGER_RTT/SEGGER_RTT.c **** *    BufferIndex  Index of the buffer to renamed.
1189:ARM_SEGGER_RTT/SEGGER_RTT.c **** *    sName        Pointer to a constant name string.
1190:ARM_SEGGER_RTT/SEGGER_RTT.c **** *
1191:ARM_SEGGER_RTT/SEGGER_RTT.c **** *  Return value
1192:ARM_SEGGER_RTT/SEGGER_RTT.c **** *    >= 0  O.K.
1193:ARM_SEGGER_RTT/SEGGER_RTT.c **** *     < 0  Error
1194:ARM_SEGGER_RTT/SEGGER_RTT.c **** */
1195:ARM_SEGGER_RTT/SEGGER_RTT.c **** int SEGGER_RTT_SetNameUpBuffer(unsigned BufferIndex, const char* sName) {
 2296              		.loc 1 1195 73 is_stmt 1 view -0
 2297              		.cfi_startproc
 2298              		@ args = 0, pretend = 0, frame = 0
 2299              		@ frame_needed = 0, uses_anonymous_args = 0
 2300              		.loc 1 1195 73 is_stmt 0 view .LVU682
 2301 0000 38B5     		push	{r3, r4, r5, lr}
 2302              	.LCFI25:
 2303              		.cfi_def_cfa_offset 16
 2304              		.cfi_offset 3, -16
 2305              		.cfi_offset 4, -12
 2306              		.cfi_offset 5, -8
ARM GAS  C:\msys64\tmp\ccWAPVkS.s 			page 67


 2307              		.cfi_offset 14, -4
 2308 0002 0446     		mov	r4, r0
 2309 0004 0D46     		mov	r5, r1
1196:ARM_SEGGER_RTT/SEGGER_RTT.c ****   int r;
 2310              		.loc 1 1196 3 is_stmt 1 view .LVU683
1197:ARM_SEGGER_RTT/SEGGER_RTT.c **** 
1198:ARM_SEGGER_RTT/SEGGER_RTT.c ****   INIT();
 2311              		.loc 1 1198 3 view .LVU684
 2312              		.loc 1 1198 3 view .LVU685
 2313 0006 0E4B     		ldr	r3, .L150
 2314 0008 1B78     		ldrb	r3, [r3]	@ zero_extendqisi2
 2315 000a 9BB1     		cbz	r3, .L149
 2316              	.LVL228:
 2317              	.L145:
 2318              		.loc 1 1198 3 discriminator 3 view .LVU686
1199:ARM_SEGGER_RTT/SEGGER_RTT.c ****   if (BufferIndex < (unsigned)_SEGGER_RTT.MaxNumUpBuffers) {
 2319              		.loc 1 1199 3 discriminator 3 view .LVU687
 2320              		.loc 1 1199 42 is_stmt 0 discriminator 3 view .LVU688
 2321 000c 0C4B     		ldr	r3, .L150
 2322 000e 1B69     		ldr	r3, [r3, #16]
 2323              		.loc 1 1199 6 discriminator 3 view .LVU689
 2324 0010 A342     		cmp	r3, r4
 2325 0012 12D9     		bls	.L147
 2326              	.LBB12:
1200:ARM_SEGGER_RTT/SEGGER_RTT.c ****     SEGGER_RTT_LOCK();
 2327              		.loc 1 1200 5 is_stmt 1 view .LVU690
 2328              		.loc 1 1200 5 view .LVU691
 2329              		.syntax unified
 2330              	@ 1200 "ARM_SEGGER_RTT/SEGGER_RTT.c" 1
 2331 0014 EFF31183 		mrs   r3, basepri  
 2332 0018 4FF02001 		mov   r1, #32       
 2333 001c 81F31188 		msr   basepri, r1  
 2334              		
 2335              	@ 0 "" 2
 2336              	.LVL229:
 2337              		.loc 1 1200 22 view .LVU692
1201:ARM_SEGGER_RTT/SEGGER_RTT.c ****     _SEGGER_RTT.aUp[BufferIndex].sName = sName;
 2338              		.loc 1 1201 5 view .LVU693
 2339              		.loc 1 1201 40 is_stmt 0 view .LVU694
 2340              		.thumb
 2341              		.syntax unified
 2342 0020 0134     		adds	r4, r4, #1
 2343              	.LVL230:
 2344              		.loc 1 1201 40 view .LVU695
 2345 0022 04EB4404 		add	r4, r4, r4, lsl #1
 2346              	.LVL231:
 2347              		.loc 1 1201 40 view .LVU696
 2348 0026 064A     		ldr	r2, .L150
 2349 0028 42F83450 		str	r5, [r2, r4, lsl #3]
1202:ARM_SEGGER_RTT/SEGGER_RTT.c ****     SEGGER_RTT_UNLOCK();
 2350              		.loc 1 1202 5 is_stmt 1 view .LVU697
 2351              		.syntax unified
 2352              	@ 1202 "ARM_SEGGER_RTT/SEGGER_RTT.c" 1
 2353 002c 83F31188 		msr   basepri, r3  
 2354              		
 2355              	@ 0 "" 2
 2356              		.thumb
ARM GAS  C:\msys64\tmp\ccWAPVkS.s 			page 68


 2357              		.syntax unified
 2358              	.LBE12:
 2359              		.loc 1 1202 24 view .LVU698
1203:ARM_SEGGER_RTT/SEGGER_RTT.c ****     r =  0;
 2360              		.loc 1 1203 5 view .LVU699
 2361              	.LVL232:
 2362              		.loc 1 1203 7 is_stmt 0 view .LVU700
 2363 0030 0020     		movs	r0, #0
 2364              	.LVL233:
 2365              	.L144:
1204:ARM_SEGGER_RTT/SEGGER_RTT.c ****   } else {
1205:ARM_SEGGER_RTT/SEGGER_RTT.c ****     r = -1;
1206:ARM_SEGGER_RTT/SEGGER_RTT.c ****   }
1207:ARM_SEGGER_RTT/SEGGER_RTT.c ****   return r;
1208:ARM_SEGGER_RTT/SEGGER_RTT.c **** }
 2366              		.loc 1 1208 1 view .LVU701
 2367 0032 38BD     		pop	{r3, r4, r5, pc}
 2368              	.LVL234:
 2369              	.L149:
1198:ARM_SEGGER_RTT/SEGGER_RTT.c ****   if (BufferIndex < (unsigned)_SEGGER_RTT.MaxNumUpBuffers) {
 2370              		.loc 1 1198 3 is_stmt 1 discriminator 1 view .LVU702
 2371 0034 FFF7FEFF 		bl	_DoInit
 2372              	.LVL235:
1198:ARM_SEGGER_RTT/SEGGER_RTT.c ****   if (BufferIndex < (unsigned)_SEGGER_RTT.MaxNumUpBuffers) {
 2373              		.loc 1 1198 3 is_stmt 0 discriminator 1 view .LVU703
 2374 0038 E8E7     		b	.L145
 2375              	.L147:
1205:ARM_SEGGER_RTT/SEGGER_RTT.c ****   }
 2376              		.loc 1 1205 7 view .LVU704
 2377 003a 4FF0FF30 		mov	r0, #-1
 2378              	.LVL236:
1207:ARM_SEGGER_RTT/SEGGER_RTT.c **** }
 2379              		.loc 1 1207 3 is_stmt 1 view .LVU705
1207:ARM_SEGGER_RTT/SEGGER_RTT.c **** }
 2380              		.loc 1 1207 10 is_stmt 0 view .LVU706
 2381 003e F8E7     		b	.L144
 2382              	.L151:
 2383              		.align	2
 2384              	.L150:
 2385 0040 00000000 		.word	.LANCHOR1
 2386              		.cfi_endproc
 2387              	.LFE20:
 2389              		.section	.text.SEGGER_RTT_SetNameDownBuffer,"ax",%progbits
 2390              		.align	1
 2391              		.global	SEGGER_RTT_SetNameDownBuffer
 2392              		.syntax unified
 2393              		.thumb
 2394              		.thumb_func
 2396              	SEGGER_RTT_SetNameDownBuffer:
 2397              	.LVL237:
 2398              	.LFB21:
1209:ARM_SEGGER_RTT/SEGGER_RTT.c **** 
1210:ARM_SEGGER_RTT/SEGGER_RTT.c **** /*********************************************************************
1211:ARM_SEGGER_RTT/SEGGER_RTT.c **** *
1212:ARM_SEGGER_RTT/SEGGER_RTT.c **** *       SEGGER_RTT_SetNameDownBuffer
1213:ARM_SEGGER_RTT/SEGGER_RTT.c **** *
1214:ARM_SEGGER_RTT/SEGGER_RTT.c **** *  Function description
ARM GAS  C:\msys64\tmp\ccWAPVkS.s 			page 69


1215:ARM_SEGGER_RTT/SEGGER_RTT.c **** *    Run-time configuration of a specific Down-buffer name (T->H).
1216:ARM_SEGGER_RTT/SEGGER_RTT.c **** *    Buffer to be configured is specified by index.
1217:ARM_SEGGER_RTT/SEGGER_RTT.c **** *
1218:ARM_SEGGER_RTT/SEGGER_RTT.c **** *  Parameters
1219:ARM_SEGGER_RTT/SEGGER_RTT.c **** *    BufferIndex  Index of the buffer to renamed.
1220:ARM_SEGGER_RTT/SEGGER_RTT.c **** *    sName        Pointer to a constant name string.
1221:ARM_SEGGER_RTT/SEGGER_RTT.c **** *
1222:ARM_SEGGER_RTT/SEGGER_RTT.c **** *  Return value
1223:ARM_SEGGER_RTT/SEGGER_RTT.c **** *    >= 0  O.K.
1224:ARM_SEGGER_RTT/SEGGER_RTT.c **** *     < 0  Error
1225:ARM_SEGGER_RTT/SEGGER_RTT.c **** */
1226:ARM_SEGGER_RTT/SEGGER_RTT.c **** int SEGGER_RTT_SetNameDownBuffer(unsigned BufferIndex, const char* sName) {
 2399              		.loc 1 1226 75 is_stmt 1 view -0
 2400              		.cfi_startproc
 2401              		@ args = 0, pretend = 0, frame = 0
 2402              		@ frame_needed = 0, uses_anonymous_args = 0
 2403              		.loc 1 1226 75 is_stmt 0 view .LVU708
 2404 0000 38B5     		push	{r3, r4, r5, lr}
 2405              	.LCFI26:
 2406              		.cfi_def_cfa_offset 16
 2407              		.cfi_offset 3, -16
 2408              		.cfi_offset 4, -12
 2409              		.cfi_offset 5, -8
 2410              		.cfi_offset 14, -4
 2411 0002 0446     		mov	r4, r0
 2412 0004 0D46     		mov	r5, r1
1227:ARM_SEGGER_RTT/SEGGER_RTT.c ****   int r;
 2413              		.loc 1 1227 3 is_stmt 1 view .LVU709
1228:ARM_SEGGER_RTT/SEGGER_RTT.c **** 
1229:ARM_SEGGER_RTT/SEGGER_RTT.c ****   INIT();
 2414              		.loc 1 1229 3 view .LVU710
 2415              		.loc 1 1229 3 view .LVU711
 2416 0006 0E4B     		ldr	r3, .L158
 2417 0008 1B78     		ldrb	r3, [r3]	@ zero_extendqisi2
 2418 000a 9BB1     		cbz	r3, .L157
 2419              	.LVL238:
 2420              	.L153:
 2421              		.loc 1 1229 3 discriminator 3 view .LVU712
1230:ARM_SEGGER_RTT/SEGGER_RTT.c ****   if (BufferIndex < (unsigned)_SEGGER_RTT.MaxNumDownBuffers) {
 2422              		.loc 1 1230 3 discriminator 3 view .LVU713
 2423              		.loc 1 1230 42 is_stmt 0 discriminator 3 view .LVU714
 2424 000c 0C4B     		ldr	r3, .L158
 2425 000e 5B69     		ldr	r3, [r3, #20]
 2426              		.loc 1 1230 6 discriminator 3 view .LVU715
 2427 0010 A342     		cmp	r3, r4
 2428 0012 12D9     		bls	.L155
 2429              	.LBB13:
1231:ARM_SEGGER_RTT/SEGGER_RTT.c ****     SEGGER_RTT_LOCK();
 2430              		.loc 1 1231 5 is_stmt 1 view .LVU716
 2431              		.loc 1 1231 5 view .LVU717
 2432              		.syntax unified
 2433              	@ 1231 "ARM_SEGGER_RTT/SEGGER_RTT.c" 1
 2434 0014 EFF31182 		mrs   r2, basepri  
 2435 0018 4FF02001 		mov   r1, #32       
 2436 001c 81F31188 		msr   basepri, r1  
 2437              		
 2438              	@ 0 "" 2
ARM GAS  C:\msys64\tmp\ccWAPVkS.s 			page 70


 2439              	.LVL239:
 2440              		.loc 1 1231 22 view .LVU718
1232:ARM_SEGGER_RTT/SEGGER_RTT.c ****     _SEGGER_RTT.aDown[BufferIndex].sName = sName;
 2441              		.loc 1 1232 5 view .LVU719
 2442              		.loc 1 1232 42 is_stmt 0 view .LVU720
 2443              		.thumb
 2444              		.syntax unified
 2445 0020 04EB4404 		add	r4, r4, r4, lsl #1
 2446              	.LVL240:
 2447              		.loc 1 1232 42 view .LVU721
 2448 0024 064B     		ldr	r3, .L158
 2449 0026 03EBC403 		add	r3, r3, r4, lsl #3
 2450 002a 1D66     		str	r5, [r3, #96]
1233:ARM_SEGGER_RTT/SEGGER_RTT.c ****     SEGGER_RTT_UNLOCK();
 2451              		.loc 1 1233 5 is_stmt 1 view .LVU722
 2452              		.syntax unified
 2453              	@ 1233 "ARM_SEGGER_RTT/SEGGER_RTT.c" 1
 2454 002c 82F31188 		msr   basepri, r2  
 2455              		
 2456              	@ 0 "" 2
 2457              		.thumb
 2458              		.syntax unified
 2459              	.LBE13:
 2460              		.loc 1 1233 24 view .LVU723
1234:ARM_SEGGER_RTT/SEGGER_RTT.c ****     r =  0;
 2461              		.loc 1 1234 5 view .LVU724
 2462              	.LVL241:
 2463              		.loc 1 1234 7 is_stmt 0 view .LVU725
 2464 0030 0020     		movs	r0, #0
 2465              	.LVL242:
 2466              	.L152:
1235:ARM_SEGGER_RTT/SEGGER_RTT.c ****   } else {
1236:ARM_SEGGER_RTT/SEGGER_RTT.c ****     r = -1;
1237:ARM_SEGGER_RTT/SEGGER_RTT.c ****   }
1238:ARM_SEGGER_RTT/SEGGER_RTT.c ****   return r;
1239:ARM_SEGGER_RTT/SEGGER_RTT.c **** }
 2467              		.loc 1 1239 1 view .LVU726
 2468 0032 38BD     		pop	{r3, r4, r5, pc}
 2469              	.LVL243:
 2470              	.L157:
1229:ARM_SEGGER_RTT/SEGGER_RTT.c ****   if (BufferIndex < (unsigned)_SEGGER_RTT.MaxNumDownBuffers) {
 2471              		.loc 1 1229 3 is_stmt 1 discriminator 1 view .LVU727
 2472 0034 FFF7FEFF 		bl	_DoInit
 2473              	.LVL244:
1229:ARM_SEGGER_RTT/SEGGER_RTT.c ****   if (BufferIndex < (unsigned)_SEGGER_RTT.MaxNumDownBuffers) {
 2474              		.loc 1 1229 3 is_stmt 0 discriminator 1 view .LVU728
 2475 0038 E8E7     		b	.L153
 2476              	.L155:
1236:ARM_SEGGER_RTT/SEGGER_RTT.c ****   }
 2477              		.loc 1 1236 7 view .LVU729
 2478 003a 4FF0FF30 		mov	r0, #-1
 2479              	.LVL245:
1238:ARM_SEGGER_RTT/SEGGER_RTT.c **** }
 2480              		.loc 1 1238 3 is_stmt 1 view .LVU730
1238:ARM_SEGGER_RTT/SEGGER_RTT.c **** }
 2481              		.loc 1 1238 10 is_stmt 0 view .LVU731
 2482 003e F8E7     		b	.L152
ARM GAS  C:\msys64\tmp\ccWAPVkS.s 			page 71


 2483              	.L159:
 2484              		.align	2
 2485              	.L158:
 2486 0040 00000000 		.word	.LANCHOR1
 2487              		.cfi_endproc
 2488              	.LFE21:
 2490              		.section	.text.SEGGER_RTT_SetFlagsUpBuffer,"ax",%progbits
 2491              		.align	1
 2492              		.global	SEGGER_RTT_SetFlagsUpBuffer
 2493              		.syntax unified
 2494              		.thumb
 2495              		.thumb_func
 2497              	SEGGER_RTT_SetFlagsUpBuffer:
 2498              	.LVL246:
 2499              	.LFB22:
1240:ARM_SEGGER_RTT/SEGGER_RTT.c **** 
1241:ARM_SEGGER_RTT/SEGGER_RTT.c **** /*********************************************************************
1242:ARM_SEGGER_RTT/SEGGER_RTT.c **** *
1243:ARM_SEGGER_RTT/SEGGER_RTT.c **** *       SEGGER_RTT_SetFlagsUpBuffer
1244:ARM_SEGGER_RTT/SEGGER_RTT.c **** *
1245:ARM_SEGGER_RTT/SEGGER_RTT.c **** *  Function description
1246:ARM_SEGGER_RTT/SEGGER_RTT.c **** *    Run-time configuration of specific up-buffer flags (T->H).
1247:ARM_SEGGER_RTT/SEGGER_RTT.c **** *    Buffer to be configured is specified by index.
1248:ARM_SEGGER_RTT/SEGGER_RTT.c **** *
1249:ARM_SEGGER_RTT/SEGGER_RTT.c **** *  Parameters
1250:ARM_SEGGER_RTT/SEGGER_RTT.c **** *    BufferIndex  Index of the buffer.
1251:ARM_SEGGER_RTT/SEGGER_RTT.c **** *    Flags        Flags to set for the buffer.
1252:ARM_SEGGER_RTT/SEGGER_RTT.c **** *
1253:ARM_SEGGER_RTT/SEGGER_RTT.c **** *  Return value
1254:ARM_SEGGER_RTT/SEGGER_RTT.c **** *    >= 0  O.K.
1255:ARM_SEGGER_RTT/SEGGER_RTT.c **** *     < 0  Error
1256:ARM_SEGGER_RTT/SEGGER_RTT.c **** */
1257:ARM_SEGGER_RTT/SEGGER_RTT.c **** int SEGGER_RTT_SetFlagsUpBuffer(unsigned BufferIndex, unsigned Flags) {
 2500              		.loc 1 1257 71 is_stmt 1 view -0
 2501              		.cfi_startproc
 2502              		@ args = 0, pretend = 0, frame = 0
 2503              		@ frame_needed = 0, uses_anonymous_args = 0
 2504              		.loc 1 1257 71 is_stmt 0 view .LVU733
 2505 0000 38B5     		push	{r3, r4, r5, lr}
 2506              	.LCFI27:
 2507              		.cfi_def_cfa_offset 16
 2508              		.cfi_offset 3, -16
 2509              		.cfi_offset 4, -12
 2510              		.cfi_offset 5, -8
 2511              		.cfi_offset 14, -4
 2512 0002 0446     		mov	r4, r0
 2513 0004 0D46     		mov	r5, r1
1258:ARM_SEGGER_RTT/SEGGER_RTT.c ****   int r;
 2514              		.loc 1 1258 3 is_stmt 1 view .LVU734
1259:ARM_SEGGER_RTT/SEGGER_RTT.c **** 
1260:ARM_SEGGER_RTT/SEGGER_RTT.c ****   INIT();
 2515              		.loc 1 1260 3 view .LVU735
 2516              		.loc 1 1260 3 view .LVU736
 2517 0006 0E4B     		ldr	r3, .L166
 2518 0008 1B78     		ldrb	r3, [r3]	@ zero_extendqisi2
 2519 000a 9BB1     		cbz	r3, .L165
 2520              	.LVL247:
ARM GAS  C:\msys64\tmp\ccWAPVkS.s 			page 72


 2521              	.L161:
 2522              		.loc 1 1260 3 discriminator 3 view .LVU737
1261:ARM_SEGGER_RTT/SEGGER_RTT.c ****   if (BufferIndex < (unsigned)_SEGGER_RTT.MaxNumUpBuffers) {
 2523              		.loc 1 1261 3 discriminator 3 view .LVU738
 2524              		.loc 1 1261 42 is_stmt 0 discriminator 3 view .LVU739
 2525 000c 0C4B     		ldr	r3, .L166
 2526 000e 1B69     		ldr	r3, [r3, #16]
 2527              		.loc 1 1261 6 discriminator 3 view .LVU740
 2528 0010 A342     		cmp	r3, r4
 2529 0012 12D9     		bls	.L163
 2530              	.LBB14:
1262:ARM_SEGGER_RTT/SEGGER_RTT.c ****     SEGGER_RTT_LOCK();
 2531              		.loc 1 1262 5 is_stmt 1 view .LVU741
 2532              		.loc 1 1262 5 view .LVU742
 2533              		.syntax unified
 2534              	@ 1262 "ARM_SEGGER_RTT/SEGGER_RTT.c" 1
 2535 0014 EFF31182 		mrs   r2, basepri  
 2536 0018 4FF02001 		mov   r1, #32       
 2537 001c 81F31188 		msr   basepri, r1  
 2538              		
 2539              	@ 0 "" 2
 2540              	.LVL248:
 2541              		.loc 1 1262 22 view .LVU743
1263:ARM_SEGGER_RTT/SEGGER_RTT.c ****     _SEGGER_RTT.aUp[BufferIndex].Flags = Flags;
 2542              		.loc 1 1263 5 view .LVU744
 2543              		.loc 1 1263 40 is_stmt 0 view .LVU745
 2544              		.thumb
 2545              		.syntax unified
 2546 0020 04EB4404 		add	r4, r4, r4, lsl #1
 2547              	.LVL249:
 2548              		.loc 1 1263 40 view .LVU746
 2549 0024 064B     		ldr	r3, .L166
 2550 0026 03EBC403 		add	r3, r3, r4, lsl #3
 2551 002a DD62     		str	r5, [r3, #44]
1264:ARM_SEGGER_RTT/SEGGER_RTT.c ****     SEGGER_RTT_UNLOCK();
 2552              		.loc 1 1264 5 is_stmt 1 view .LVU747
 2553              		.syntax unified
 2554              	@ 1264 "ARM_SEGGER_RTT/SEGGER_RTT.c" 1
 2555 002c 82F31188 		msr   basepri, r2  
 2556              		
 2557              	@ 0 "" 2
 2558              		.thumb
 2559              		.syntax unified
 2560              	.LBE14:
 2561              		.loc 1 1264 24 view .LVU748
1265:ARM_SEGGER_RTT/SEGGER_RTT.c ****     r =  0;
 2562              		.loc 1 1265 5 view .LVU749
 2563              	.LVL250:
 2564              		.loc 1 1265 7 is_stmt 0 view .LVU750
 2565 0030 0020     		movs	r0, #0
 2566              	.LVL251:
 2567              	.L160:
1266:ARM_SEGGER_RTT/SEGGER_RTT.c ****   } else {
1267:ARM_SEGGER_RTT/SEGGER_RTT.c ****     r = -1;
1268:ARM_SEGGER_RTT/SEGGER_RTT.c ****   }
1269:ARM_SEGGER_RTT/SEGGER_RTT.c ****   return r;
1270:ARM_SEGGER_RTT/SEGGER_RTT.c **** }
ARM GAS  C:\msys64\tmp\ccWAPVkS.s 			page 73


 2568              		.loc 1 1270 1 view .LVU751
 2569 0032 38BD     		pop	{r3, r4, r5, pc}
 2570              	.LVL252:
 2571              	.L165:
1260:ARM_SEGGER_RTT/SEGGER_RTT.c ****   if (BufferIndex < (unsigned)_SEGGER_RTT.MaxNumUpBuffers) {
 2572              		.loc 1 1260 3 is_stmt 1 discriminator 1 view .LVU752
 2573 0034 FFF7FEFF 		bl	_DoInit
 2574              	.LVL253:
1260:ARM_SEGGER_RTT/SEGGER_RTT.c ****   if (BufferIndex < (unsigned)_SEGGER_RTT.MaxNumUpBuffers) {
 2575              		.loc 1 1260 3 is_stmt 0 discriminator 1 view .LVU753
 2576 0038 E8E7     		b	.L161
 2577              	.L163:
1267:ARM_SEGGER_RTT/SEGGER_RTT.c ****   }
 2578              		.loc 1 1267 7 view .LVU754
 2579 003a 4FF0FF30 		mov	r0, #-1
 2580              	.LVL254:
1269:ARM_SEGGER_RTT/SEGGER_RTT.c **** }
 2581              		.loc 1 1269 3 is_stmt 1 view .LVU755
1269:ARM_SEGGER_RTT/SEGGER_RTT.c **** }
 2582              		.loc 1 1269 10 is_stmt 0 view .LVU756
 2583 003e F8E7     		b	.L160
 2584              	.L167:
 2585              		.align	2
 2586              	.L166:
 2587 0040 00000000 		.word	.LANCHOR1
 2588              		.cfi_endproc
 2589              	.LFE22:
 2591              		.section	.text.SEGGER_RTT_SetFlagsDownBuffer,"ax",%progbits
 2592              		.align	1
 2593              		.global	SEGGER_RTT_SetFlagsDownBuffer
 2594              		.syntax unified
 2595              		.thumb
 2596              		.thumb_func
 2598              	SEGGER_RTT_SetFlagsDownBuffer:
 2599              	.LVL255:
 2600              	.LFB23:
1271:ARM_SEGGER_RTT/SEGGER_RTT.c **** 
1272:ARM_SEGGER_RTT/SEGGER_RTT.c **** /*********************************************************************
1273:ARM_SEGGER_RTT/SEGGER_RTT.c **** *
1274:ARM_SEGGER_RTT/SEGGER_RTT.c **** *       SEGGER_RTT_SetFlagsDownBuffer
1275:ARM_SEGGER_RTT/SEGGER_RTT.c **** *
1276:ARM_SEGGER_RTT/SEGGER_RTT.c **** *  Function description
1277:ARM_SEGGER_RTT/SEGGER_RTT.c **** *    Run-time configuration of specific Down-buffer flags (T->H).
1278:ARM_SEGGER_RTT/SEGGER_RTT.c **** *    Buffer to be configured is specified by index.
1279:ARM_SEGGER_RTT/SEGGER_RTT.c **** *
1280:ARM_SEGGER_RTT/SEGGER_RTT.c **** *  Parameters
1281:ARM_SEGGER_RTT/SEGGER_RTT.c **** *    BufferIndex  Index of the buffer to renamed.
1282:ARM_SEGGER_RTT/SEGGER_RTT.c **** *    Flags        Flags to set for the buffer.
1283:ARM_SEGGER_RTT/SEGGER_RTT.c **** *
1284:ARM_SEGGER_RTT/SEGGER_RTT.c **** *  Return value
1285:ARM_SEGGER_RTT/SEGGER_RTT.c **** *    >= 0  O.K.
1286:ARM_SEGGER_RTT/SEGGER_RTT.c **** *     < 0  Error
1287:ARM_SEGGER_RTT/SEGGER_RTT.c **** */
1288:ARM_SEGGER_RTT/SEGGER_RTT.c **** int SEGGER_RTT_SetFlagsDownBuffer(unsigned BufferIndex, unsigned Flags) {
 2601              		.loc 1 1288 73 is_stmt 1 view -0
 2602              		.cfi_startproc
 2603              		@ args = 0, pretend = 0, frame = 0
ARM GAS  C:\msys64\tmp\ccWAPVkS.s 			page 74


 2604              		@ frame_needed = 0, uses_anonymous_args = 0
 2605              		.loc 1 1288 73 is_stmt 0 view .LVU758
 2606 0000 38B5     		push	{r3, r4, r5, lr}
 2607              	.LCFI28:
 2608              		.cfi_def_cfa_offset 16
 2609              		.cfi_offset 3, -16
 2610              		.cfi_offset 4, -12
 2611              		.cfi_offset 5, -8
 2612              		.cfi_offset 14, -4
 2613 0002 0446     		mov	r4, r0
 2614 0004 0D46     		mov	r5, r1
1289:ARM_SEGGER_RTT/SEGGER_RTT.c ****   int r;
 2615              		.loc 1 1289 3 is_stmt 1 view .LVU759
1290:ARM_SEGGER_RTT/SEGGER_RTT.c **** 
1291:ARM_SEGGER_RTT/SEGGER_RTT.c ****   INIT();
 2616              		.loc 1 1291 3 view .LVU760
 2617              		.loc 1 1291 3 view .LVU761
 2618 0006 0E4B     		ldr	r3, .L174
 2619 0008 1B78     		ldrb	r3, [r3]	@ zero_extendqisi2
 2620 000a 9BB1     		cbz	r3, .L173
 2621              	.LVL256:
 2622              	.L169:
 2623              		.loc 1 1291 3 discriminator 3 view .LVU762
1292:ARM_SEGGER_RTT/SEGGER_RTT.c ****   if (BufferIndex < (unsigned)_SEGGER_RTT.MaxNumDownBuffers) {
 2624              		.loc 1 1292 3 discriminator 3 view .LVU763
 2625              		.loc 1 1292 42 is_stmt 0 discriminator 3 view .LVU764
 2626 000c 0C4B     		ldr	r3, .L174
 2627 000e 5B69     		ldr	r3, [r3, #20]
 2628              		.loc 1 1292 6 discriminator 3 view .LVU765
 2629 0010 A342     		cmp	r3, r4
 2630 0012 12D9     		bls	.L171
 2631              	.LBB15:
1293:ARM_SEGGER_RTT/SEGGER_RTT.c ****     SEGGER_RTT_LOCK();
 2632              		.loc 1 1293 5 is_stmt 1 view .LVU766
 2633              		.loc 1 1293 5 view .LVU767
 2634              		.syntax unified
 2635              	@ 1293 "ARM_SEGGER_RTT/SEGGER_RTT.c" 1
 2636 0014 EFF31182 		mrs   r2, basepri  
 2637 0018 4FF02001 		mov   r1, #32       
 2638 001c 81F31188 		msr   basepri, r1  
 2639              		
 2640              	@ 0 "" 2
 2641              	.LVL257:
 2642              		.loc 1 1293 22 view .LVU768
1294:ARM_SEGGER_RTT/SEGGER_RTT.c ****     _SEGGER_RTT.aDown[BufferIndex].Flags = Flags;
 2643              		.loc 1 1294 5 view .LVU769
 2644              		.loc 1 1294 42 is_stmt 0 view .LVU770
 2645              		.thumb
 2646              		.syntax unified
 2647 0020 04EB4404 		add	r4, r4, r4, lsl #1
 2648              	.LVL258:
 2649              		.loc 1 1294 42 view .LVU771
 2650 0024 064B     		ldr	r3, .L174
 2651 0026 03EBC403 		add	r3, r3, r4, lsl #3
 2652 002a 5D67     		str	r5, [r3, #116]
1295:ARM_SEGGER_RTT/SEGGER_RTT.c ****     SEGGER_RTT_UNLOCK();
 2653              		.loc 1 1295 5 is_stmt 1 view .LVU772
ARM GAS  C:\msys64\tmp\ccWAPVkS.s 			page 75


 2654              		.syntax unified
 2655              	@ 1295 "ARM_SEGGER_RTT/SEGGER_RTT.c" 1
 2656 002c 82F31188 		msr   basepri, r2  
 2657              		
 2658              	@ 0 "" 2
 2659              		.thumb
 2660              		.syntax unified
 2661              	.LBE15:
 2662              		.loc 1 1295 24 view .LVU773
1296:ARM_SEGGER_RTT/SEGGER_RTT.c ****     r =  0;
 2663              		.loc 1 1296 5 view .LVU774
 2664              	.LVL259:
 2665              		.loc 1 1296 7 is_stmt 0 view .LVU775
 2666 0030 0020     		movs	r0, #0
 2667              	.LVL260:
 2668              	.L168:
1297:ARM_SEGGER_RTT/SEGGER_RTT.c ****   } else {
1298:ARM_SEGGER_RTT/SEGGER_RTT.c ****     r = -1;
1299:ARM_SEGGER_RTT/SEGGER_RTT.c ****   }
1300:ARM_SEGGER_RTT/SEGGER_RTT.c ****   return r;
1301:ARM_SEGGER_RTT/SEGGER_RTT.c **** }
 2669              		.loc 1 1301 1 view .LVU776
 2670 0032 38BD     		pop	{r3, r4, r5, pc}
 2671              	.LVL261:
 2672              	.L173:
1291:ARM_SEGGER_RTT/SEGGER_RTT.c ****   if (BufferIndex < (unsigned)_SEGGER_RTT.MaxNumDownBuffers) {
 2673              		.loc 1 1291 3 is_stmt 1 discriminator 1 view .LVU777
 2674 0034 FFF7FEFF 		bl	_DoInit
 2675              	.LVL262:
1291:ARM_SEGGER_RTT/SEGGER_RTT.c ****   if (BufferIndex < (unsigned)_SEGGER_RTT.MaxNumDownBuffers) {
 2676              		.loc 1 1291 3 is_stmt 0 discriminator 1 view .LVU778
 2677 0038 E8E7     		b	.L169
 2678              	.L171:
1298:ARM_SEGGER_RTT/SEGGER_RTT.c ****   }
 2679              		.loc 1 1298 7 view .LVU779
 2680 003a 4FF0FF30 		mov	r0, #-1
 2681              	.LVL263:
1300:ARM_SEGGER_RTT/SEGGER_RTT.c **** }
 2682              		.loc 1 1300 3 is_stmt 1 view .LVU780
1300:ARM_SEGGER_RTT/SEGGER_RTT.c **** }
 2683              		.loc 1 1300 10 is_stmt 0 view .LVU781
 2684 003e F8E7     		b	.L168
 2685              	.L175:
 2686              		.align	2
 2687              	.L174:
 2688 0040 00000000 		.word	.LANCHOR1
 2689              		.cfi_endproc
 2690              	.LFE23:
 2692              		.section	.text.SEGGER_RTT_Init,"ax",%progbits
 2693              		.align	1
 2694              		.global	SEGGER_RTT_Init
 2695              		.syntax unified
 2696              		.thumb
 2697              		.thumb_func
 2699              	SEGGER_RTT_Init:
 2700              	.LFB24:
1302:ARM_SEGGER_RTT/SEGGER_RTT.c **** 
ARM GAS  C:\msys64\tmp\ccWAPVkS.s 			page 76


1303:ARM_SEGGER_RTT/SEGGER_RTT.c **** /*********************************************************************
1304:ARM_SEGGER_RTT/SEGGER_RTT.c **** *
1305:ARM_SEGGER_RTT/SEGGER_RTT.c **** *       SEGGER_RTT_Init
1306:ARM_SEGGER_RTT/SEGGER_RTT.c **** *
1307:ARM_SEGGER_RTT/SEGGER_RTT.c **** *  Function description
1308:ARM_SEGGER_RTT/SEGGER_RTT.c **** *    Initializes the RTT Control Block.
1309:ARM_SEGGER_RTT/SEGGER_RTT.c **** *    Should be used in RAM targets, at start of the application.
1310:ARM_SEGGER_RTT/SEGGER_RTT.c **** *
1311:ARM_SEGGER_RTT/SEGGER_RTT.c **** */
1312:ARM_SEGGER_RTT/SEGGER_RTT.c **** void SEGGER_RTT_Init (void) {
 2701              		.loc 1 1312 29 is_stmt 1 view -0
 2702              		.cfi_startproc
 2703              		@ args = 0, pretend = 0, frame = 0
 2704              		@ frame_needed = 0, uses_anonymous_args = 0
 2705 0000 08B5     		push	{r3, lr}
 2706              	.LCFI29:
 2707              		.cfi_def_cfa_offset 8
 2708              		.cfi_offset 3, -8
 2709              		.cfi_offset 14, -4
1313:ARM_SEGGER_RTT/SEGGER_RTT.c ****   _DoInit();
 2710              		.loc 1 1313 3 view .LVU783
 2711 0002 FFF7FEFF 		bl	_DoInit
 2712              	.LVL264:
1314:ARM_SEGGER_RTT/SEGGER_RTT.c **** }
 2713              		.loc 1 1314 1 is_stmt 0 view .LVU784
 2714 0006 08BD     		pop	{r3, pc}
 2715              		.cfi_endproc
 2716              	.LFE24:
 2718              		.section	.text.SEGGER_RTT_SetTerminal,"ax",%progbits
 2719              		.align	1
 2720              		.global	SEGGER_RTT_SetTerminal
 2721              		.syntax unified
 2722              		.thumb
 2723              		.thumb_func
 2725              	SEGGER_RTT_SetTerminal:
 2726              	.LVL265:
 2727              	.LFB25:
1315:ARM_SEGGER_RTT/SEGGER_RTT.c **** 
1316:ARM_SEGGER_RTT/SEGGER_RTT.c **** /*********************************************************************
1317:ARM_SEGGER_RTT/SEGGER_RTT.c **** *
1318:ARM_SEGGER_RTT/SEGGER_RTT.c **** *       SEGGER_RTT_SetTerminal
1319:ARM_SEGGER_RTT/SEGGER_RTT.c **** *
1320:ARM_SEGGER_RTT/SEGGER_RTT.c **** *  Function description
1321:ARM_SEGGER_RTT/SEGGER_RTT.c **** *    Sets the terminal to be used for output on channel 0.
1322:ARM_SEGGER_RTT/SEGGER_RTT.c **** *
1323:ARM_SEGGER_RTT/SEGGER_RTT.c **** *  Parameters
1324:ARM_SEGGER_RTT/SEGGER_RTT.c **** *    TerminalId  Index of the terminal.
1325:ARM_SEGGER_RTT/SEGGER_RTT.c **** *
1326:ARM_SEGGER_RTT/SEGGER_RTT.c **** *  Return value
1327:ARM_SEGGER_RTT/SEGGER_RTT.c **** *    >= 0  O.K.
1328:ARM_SEGGER_RTT/SEGGER_RTT.c **** *     < 0  Error (e.g. if RTT is configured for non-blocking mode and there was no space in the buf
1329:ARM_SEGGER_RTT/SEGGER_RTT.c **** */
1330:ARM_SEGGER_RTT/SEGGER_RTT.c **** int SEGGER_RTT_SetTerminal (char TerminalId) {
 2728              		.loc 1 1330 46 is_stmt 1 view -0
 2729              		.cfi_startproc
 2730              		@ args = 0, pretend = 0, frame = 8
 2731              		@ frame_needed = 0, uses_anonymous_args = 0
ARM GAS  C:\msys64\tmp\ccWAPVkS.s 			page 77


 2732              		.loc 1 1330 46 is_stmt 0 view .LVU786
 2733 0000 30B5     		push	{r4, r5, lr}
 2734              	.LCFI30:
 2735              		.cfi_def_cfa_offset 12
 2736              		.cfi_offset 4, -12
 2737              		.cfi_offset 5, -8
 2738              		.cfi_offset 14, -4
 2739 0002 83B0     		sub	sp, sp, #12
 2740              	.LCFI31:
 2741              		.cfi_def_cfa_offset 24
 2742 0004 0446     		mov	r4, r0
1331:ARM_SEGGER_RTT/SEGGER_RTT.c ****   char                  ac[2];
 2743              		.loc 1 1331 3 is_stmt 1 view .LVU787
1332:ARM_SEGGER_RTT/SEGGER_RTT.c ****   SEGGER_RTT_BUFFER_UP* pRing;
 2744              		.loc 1 1332 3 view .LVU788
1333:ARM_SEGGER_RTT/SEGGER_RTT.c ****   unsigned Avail;
 2745              		.loc 1 1333 3 view .LVU789
1334:ARM_SEGGER_RTT/SEGGER_RTT.c ****   int r;
 2746              		.loc 1 1334 3 view .LVU790
1335:ARM_SEGGER_RTT/SEGGER_RTT.c ****   //
1336:ARM_SEGGER_RTT/SEGGER_RTT.c ****   INIT();
 2747              		.loc 1 1336 3 view .LVU791
 2748              		.loc 1 1336 3 view .LVU792
 2749 0006 1D4B     		ldr	r3, .L189
 2750 0008 1B78     		ldrb	r3, [r3]	@ zero_extendqisi2
 2751 000a FBB1     		cbz	r3, .L186
 2752              	.LVL266:
 2753              	.L179:
 2754              		.loc 1 1336 3 discriminator 3 view .LVU793
1337:ARM_SEGGER_RTT/SEGGER_RTT.c ****   //
1338:ARM_SEGGER_RTT/SEGGER_RTT.c ****   r = 0;
 2755              		.loc 1 1338 3 discriminator 3 view .LVU794
1339:ARM_SEGGER_RTT/SEGGER_RTT.c ****   ac[0] = 0xFFU;
 2756              		.loc 1 1339 3 discriminator 3 view .LVU795
 2757              		.loc 1 1339 9 is_stmt 0 discriminator 3 view .LVU796
 2758 000c FF23     		movs	r3, #255
 2759 000e 8DF80430 		strb	r3, [sp, #4]
1340:ARM_SEGGER_RTT/SEGGER_RTT.c ****   if ((unsigned char)TerminalId < (unsigned char)sizeof(_aTerminalId)) { // We only support a certa
 2760              		.loc 1 1340 3 is_stmt 1 discriminator 3 view .LVU797
 2761              		.loc 1 1340 6 is_stmt 0 discriminator 3 view .LVU798
 2762 0012 0F2C     		cmp	r4, #15
 2763 0014 2FD8     		bhi	.L183
1341:ARM_SEGGER_RTT/SEGGER_RTT.c ****     ac[1] = _aTerminalId[(unsigned char)TerminalId];
 2764              		.loc 1 1341 5 is_stmt 1 view .LVU799
 2765              		.loc 1 1341 25 is_stmt 0 view .LVU800
 2766 0016 1A4B     		ldr	r3, .L189+4
 2767 0018 1B5D     		ldrb	r3, [r3, r4]	@ zero_extendqisi2
 2768              		.loc 1 1341 11 view .LVU801
 2769 001a 8DF80530 		strb	r3, [sp, #5]
1342:ARM_SEGGER_RTT/SEGGER_RTT.c ****     pRing = &_SEGGER_RTT.aUp[0];    // Buffer 0 is always reserved for terminal I/O, so we can use 
 2770              		.loc 1 1342 5 is_stmt 1 view .LVU802
 2771              	.LVL267:
 2772              	.LBB16:
1343:ARM_SEGGER_RTT/SEGGER_RTT.c ****     SEGGER_RTT_LOCK();    // Lock to make sure that no other task is writing into buffer, while we 
 2773              		.loc 1 1343 5 view .LVU803
 2774              		.loc 1 1343 5 view .LVU804
 2775              		.syntax unified
ARM GAS  C:\msys64\tmp\ccWAPVkS.s 			page 78


 2776              	@ 1343 "ARM_SEGGER_RTT/SEGGER_RTT.c" 1
 2777 001e EFF31185 		mrs   r5, basepri  
 2778 0022 4FF02001 		mov   r1, #32       
 2779 0026 81F31188 		msr   basepri, r1  
 2780              		
 2781              	@ 0 "" 2
 2782              	.LVL268:
 2783              		.loc 1 1343 22 view .LVU805
1344:ARM_SEGGER_RTT/SEGGER_RTT.c ****     if ((pRing->Flags & SEGGER_RTT_MODE_MASK) == SEGGER_RTT_MODE_BLOCK_IF_FIFO_FULL) {
 2784              		.loc 1 1344 5 view .LVU806
 2785              		.loc 1 1344 15 is_stmt 0 view .LVU807
 2786              		.thumb
 2787              		.syntax unified
 2788 002a 144B     		ldr	r3, .L189
 2789 002c DB6A     		ldr	r3, [r3, #44]
 2790              		.loc 1 1344 23 view .LVU808
 2791 002e 03F00303 		and	r3, r3, #3
 2792              		.loc 1 1344 8 view .LVU809
 2793 0032 022B     		cmp	r3, #2
 2794 0034 0DD0     		beq	.L187
1345:ARM_SEGGER_RTT/SEGGER_RTT.c ****       _ActiveTerminal = TerminalId;
1346:ARM_SEGGER_RTT/SEGGER_RTT.c ****       _WriteBlocking(pRing, ac, 2u);
1347:ARM_SEGGER_RTT/SEGGER_RTT.c ****     } else {                                                                            // Skipping
1348:ARM_SEGGER_RTT/SEGGER_RTT.c ****       Avail = _GetAvailWriteSpace(pRing);
 2795              		.loc 1 1348 7 is_stmt 1 view .LVU810
 2796              		.loc 1 1348 15 is_stmt 0 view .LVU811
 2797 0036 1348     		ldr	r0, .L189+8
 2798 0038 FFF7FEFF 		bl	_GetAvailWriteSpace
 2799              	.LVL269:
1349:ARM_SEGGER_RTT/SEGGER_RTT.c ****       if (Avail >= 2) {
 2800              		.loc 1 1349 7 is_stmt 1 view .LVU812
 2801              		.loc 1 1349 10 is_stmt 0 view .LVU813
 2802 003c 0128     		cmp	r0, #1
 2803 003e 11D8     		bhi	.L188
1350:ARM_SEGGER_RTT/SEGGER_RTT.c ****         _ActiveTerminal = TerminalId;    // Only change active terminal in case of success
1351:ARM_SEGGER_RTT/SEGGER_RTT.c ****         _WriteNoCheck(pRing, ac, 2u);
1352:ARM_SEGGER_RTT/SEGGER_RTT.c ****       } else {
1353:ARM_SEGGER_RTT/SEGGER_RTT.c ****         r = -1;
 2804              		.loc 1 1353 11 view .LVU814
 2805 0040 4FF0FF30 		mov	r0, #-1
 2806              	.LVL270:
 2807              	.L182:
1354:ARM_SEGGER_RTT/SEGGER_RTT.c ****       }
1355:ARM_SEGGER_RTT/SEGGER_RTT.c ****     }
1356:ARM_SEGGER_RTT/SEGGER_RTT.c ****     SEGGER_RTT_UNLOCK();
 2808              		.loc 1 1356 5 is_stmt 1 view .LVU815
 2809              		.syntax unified
 2810              	@ 1356 "ARM_SEGGER_RTT/SEGGER_RTT.c" 1
 2811 0044 85F31188 		msr   basepri, r5  
 2812              		
 2813              	@ 0 "" 2
 2814              		.thumb
 2815              		.syntax unified
 2816              	.LBE16:
 2817              		.loc 1 1356 24 view .LVU816
 2818              	.LVL271:
 2819              	.L178:
ARM GAS  C:\msys64\tmp\ccWAPVkS.s 			page 79


1357:ARM_SEGGER_RTT/SEGGER_RTT.c ****   } else {
1358:ARM_SEGGER_RTT/SEGGER_RTT.c ****     r = -1;
1359:ARM_SEGGER_RTT/SEGGER_RTT.c ****   }
1360:ARM_SEGGER_RTT/SEGGER_RTT.c ****   return r;
1361:ARM_SEGGER_RTT/SEGGER_RTT.c **** }
 2820              		.loc 1 1361 1 is_stmt 0 view .LVU817
 2821 0048 03B0     		add	sp, sp, #12
 2822              	.LCFI32:
 2823              		.cfi_remember_state
 2824              		.cfi_def_cfa_offset 12
 2825              		@ sp needed
 2826 004a 30BD     		pop	{r4, r5, pc}
 2827              	.LVL272:
 2828              	.L186:
 2829              	.LCFI33:
 2830              		.cfi_restore_state
1336:ARM_SEGGER_RTT/SEGGER_RTT.c ****   //
 2831              		.loc 1 1336 3 is_stmt 1 discriminator 1 view .LVU818
 2832 004c FFF7FEFF 		bl	_DoInit
 2833              	.LVL273:
1336:ARM_SEGGER_RTT/SEGGER_RTT.c ****   //
 2834              		.loc 1 1336 3 is_stmt 0 discriminator 1 view .LVU819
 2835 0050 DCE7     		b	.L179
 2836              	.LVL274:
 2837              	.L187:
 2838              	.LBB17:
1345:ARM_SEGGER_RTT/SEGGER_RTT.c ****       _WriteBlocking(pRing, ac, 2u);
 2839              		.loc 1 1345 7 is_stmt 1 view .LVU820
1345:ARM_SEGGER_RTT/SEGGER_RTT.c ****       _WriteBlocking(pRing, ac, 2u);
 2840              		.loc 1 1345 23 is_stmt 0 view .LVU821
 2841 0052 0D4B     		ldr	r3, .L189+12
 2842 0054 1C70     		strb	r4, [r3]
1346:ARM_SEGGER_RTT/SEGGER_RTT.c ****     } else {                                                                            // Skipping
 2843              		.loc 1 1346 7 is_stmt 1 view .LVU822
 2844 0056 0222     		movs	r2, #2
 2845 0058 01A9     		add	r1, sp, #4
 2846 005a 0A48     		ldr	r0, .L189+8
 2847 005c FFF7FEFF 		bl	_WriteBlocking
 2848              	.LVL275:
 2849              	.LBE17:
1338:ARM_SEGGER_RTT/SEGGER_RTT.c ****   ac[0] = 0xFFU;
 2850              		.loc 1 1338 5 is_stmt 0 view .LVU823
 2851 0060 0020     		movs	r0, #0
 2852              	.LBB18:
 2853 0062 EFE7     		b	.L182
 2854              	.LVL276:
 2855              	.L188:
1350:ARM_SEGGER_RTT/SEGGER_RTT.c ****         _WriteNoCheck(pRing, ac, 2u);
 2856              		.loc 1 1350 9 is_stmt 1 view .LVU824
1350:ARM_SEGGER_RTT/SEGGER_RTT.c ****         _WriteNoCheck(pRing, ac, 2u);
 2857              		.loc 1 1350 25 is_stmt 0 view .LVU825
 2858 0064 084B     		ldr	r3, .L189+12
 2859 0066 1C70     		strb	r4, [r3]
1351:ARM_SEGGER_RTT/SEGGER_RTT.c ****       } else {
 2860              		.loc 1 1351 9 is_stmt 1 view .LVU826
 2861 0068 0222     		movs	r2, #2
 2862 006a 01A9     		add	r1, sp, #4
ARM GAS  C:\msys64\tmp\ccWAPVkS.s 			page 80


 2863 006c 0548     		ldr	r0, .L189+8
 2864              	.LVL277:
1351:ARM_SEGGER_RTT/SEGGER_RTT.c ****       } else {
 2865              		.loc 1 1351 9 is_stmt 0 view .LVU827
 2866 006e FFF7FEFF 		bl	_WriteNoCheck
 2867              	.LVL278:
 2868              	.LBE18:
1338:ARM_SEGGER_RTT/SEGGER_RTT.c ****   ac[0] = 0xFFU;
 2869              		.loc 1 1338 5 view .LVU828
 2870 0072 0020     		movs	r0, #0
 2871              	.LBB19:
 2872 0074 E6E7     		b	.L182
 2873              	.LVL279:
 2874              	.L183:
1338:ARM_SEGGER_RTT/SEGGER_RTT.c ****   ac[0] = 0xFFU;
 2875              		.loc 1 1338 5 view .LVU829
 2876              	.LBE19:
1358:ARM_SEGGER_RTT/SEGGER_RTT.c ****   }
 2877              		.loc 1 1358 7 view .LVU830
 2878 0076 4FF0FF30 		mov	r0, #-1
 2879              	.LVL280:
1360:ARM_SEGGER_RTT/SEGGER_RTT.c **** }
 2880              		.loc 1 1360 3 is_stmt 1 view .LVU831
1360:ARM_SEGGER_RTT/SEGGER_RTT.c **** }
 2881              		.loc 1 1360 10 is_stmt 0 view .LVU832
 2882 007a E5E7     		b	.L178
 2883              	.L190:
 2884              		.align	2
 2885              	.L189:
 2886 007c 00000000 		.word	.LANCHOR1
 2887 0080 00000000 		.word	.LANCHOR0
 2888 0084 18000000 		.word	.LANCHOR1+24
 2889 0088 00000000 		.word	.LANCHOR4
 2890              		.cfi_endproc
 2891              	.LFE25:
 2893              		.section	.text.SEGGER_RTT_TerminalOut,"ax",%progbits
 2894              		.align	1
 2895              		.global	SEGGER_RTT_TerminalOut
 2896              		.syntax unified
 2897              		.thumb
 2898              		.thumb_func
 2900              	SEGGER_RTT_TerminalOut:
 2901              	.LVL281:
 2902              	.LFB26:
1362:ARM_SEGGER_RTT/SEGGER_RTT.c **** 
1363:ARM_SEGGER_RTT/SEGGER_RTT.c **** /*********************************************************************
1364:ARM_SEGGER_RTT/SEGGER_RTT.c **** *
1365:ARM_SEGGER_RTT/SEGGER_RTT.c **** *       SEGGER_RTT_TerminalOut
1366:ARM_SEGGER_RTT/SEGGER_RTT.c **** *
1367:ARM_SEGGER_RTT/SEGGER_RTT.c **** *  Function description
1368:ARM_SEGGER_RTT/SEGGER_RTT.c **** *    Writes a string to the given terminal
1369:ARM_SEGGER_RTT/SEGGER_RTT.c **** *     without changing the terminal for channel 0.
1370:ARM_SEGGER_RTT/SEGGER_RTT.c **** *
1371:ARM_SEGGER_RTT/SEGGER_RTT.c **** *  Parameters
1372:ARM_SEGGER_RTT/SEGGER_RTT.c **** *    TerminalId   Index of the terminal.
1373:ARM_SEGGER_RTT/SEGGER_RTT.c **** *    s            String to be printed on the terminal.
1374:ARM_SEGGER_RTT/SEGGER_RTT.c **** *
ARM GAS  C:\msys64\tmp\ccWAPVkS.s 			page 81


1375:ARM_SEGGER_RTT/SEGGER_RTT.c **** *  Return value
1376:ARM_SEGGER_RTT/SEGGER_RTT.c **** *    >= 0 - Number of bytes written.
1377:ARM_SEGGER_RTT/SEGGER_RTT.c **** *     < 0 - Error.
1378:ARM_SEGGER_RTT/SEGGER_RTT.c **** *
1379:ARM_SEGGER_RTT/SEGGER_RTT.c **** */
1380:ARM_SEGGER_RTT/SEGGER_RTT.c **** int SEGGER_RTT_TerminalOut (char TerminalId, const char* s) {
 2903              		.loc 1 1380 61 is_stmt 1 view -0
 2904              		.cfi_startproc
 2905              		@ args = 0, pretend = 0, frame = 0
 2906              		@ frame_needed = 0, uses_anonymous_args = 0
 2907              		.loc 1 1380 61 is_stmt 0 view .LVU834
 2908 0000 2DE9F843 		push	{r3, r4, r5, r6, r7, r8, r9, lr}
 2909              	.LCFI34:
 2910              		.cfi_def_cfa_offset 32
 2911              		.cfi_offset 3, -32
 2912              		.cfi_offset 4, -28
 2913              		.cfi_offset 5, -24
 2914              		.cfi_offset 6, -20
 2915              		.cfi_offset 7, -16
 2916              		.cfi_offset 8, -12
 2917              		.cfi_offset 9, -8
 2918              		.cfi_offset 14, -4
 2919 0004 0446     		mov	r4, r0
 2920 0006 0D46     		mov	r5, r1
1381:ARM_SEGGER_RTT/SEGGER_RTT.c ****   int                   Status;
 2921              		.loc 1 1381 3 is_stmt 1 view .LVU835
1382:ARM_SEGGER_RTT/SEGGER_RTT.c ****   unsigned              FragLen;
 2922              		.loc 1 1382 3 view .LVU836
1383:ARM_SEGGER_RTT/SEGGER_RTT.c ****   unsigned              Avail;
 2923              		.loc 1 1383 3 view .LVU837
1384:ARM_SEGGER_RTT/SEGGER_RTT.c ****   SEGGER_RTT_BUFFER_UP* pRing;
 2924              		.loc 1 1384 3 view .LVU838
1385:ARM_SEGGER_RTT/SEGGER_RTT.c ****   //
1386:ARM_SEGGER_RTT/SEGGER_RTT.c ****   INIT();
 2925              		.loc 1 1386 3 view .LVU839
 2926              		.loc 1 1386 3 view .LVU840
 2927 0008 354B     		ldr	r3, .L206
 2928 000a 1B78     		ldrb	r3, [r3]	@ zero_extendqisi2
 2929 000c 03B3     		cbz	r3, .L202
 2930              	.LVL282:
 2931              	.L192:
 2932              		.loc 1 1386 3 discriminator 3 view .LVU841
1387:ARM_SEGGER_RTT/SEGGER_RTT.c ****   //
1388:ARM_SEGGER_RTT/SEGGER_RTT.c ****   // Validate terminal ID.
1389:ARM_SEGGER_RTT/SEGGER_RTT.c ****   //
1390:ARM_SEGGER_RTT/SEGGER_RTT.c ****   if (TerminalId < (char)sizeof(_aTerminalId)) { // We only support a certain number of channels
 2933              		.loc 1 1390 3 discriminator 3 view .LVU842
 2934              		.loc 1 1390 6 is_stmt 0 discriminator 3 view .LVU843
 2935 000e 0F2C     		cmp	r4, #15
 2936 0010 63D8     		bhi	.L197
1391:ARM_SEGGER_RTT/SEGGER_RTT.c ****     //
1392:ARM_SEGGER_RTT/SEGGER_RTT.c ****     // Get "to-host" ring buffer.
1393:ARM_SEGGER_RTT/SEGGER_RTT.c ****     //
1394:ARM_SEGGER_RTT/SEGGER_RTT.c ****     pRing = &_SEGGER_RTT.aUp[0];
 2937              		.loc 1 1394 5 is_stmt 1 view .LVU844
 2938              	.LVL283:
1395:ARM_SEGGER_RTT/SEGGER_RTT.c ****     //
ARM GAS  C:\msys64\tmp\ccWAPVkS.s 			page 82


1396:ARM_SEGGER_RTT/SEGGER_RTT.c ****     // Need to be able to change terminal, write data, change back.
1397:ARM_SEGGER_RTT/SEGGER_RTT.c ****     // Compute the fixed and variable sizes.
1398:ARM_SEGGER_RTT/SEGGER_RTT.c ****     //
1399:ARM_SEGGER_RTT/SEGGER_RTT.c ****     FragLen = strlen(s);
 2939              		.loc 1 1399 5 view .LVU845
 2940              		.loc 1 1399 15 is_stmt 0 view .LVU846
 2941 0012 2846     		mov	r0, r5
 2942 0014 FFF7FEFF 		bl	strlen
 2943              	.LVL284:
 2944 0018 8046     		mov	r8, r0
 2945              	.LVL285:
 2946              	.LBB20:
1400:ARM_SEGGER_RTT/SEGGER_RTT.c ****     //
1401:ARM_SEGGER_RTT/SEGGER_RTT.c ****     // How we output depends upon the mode...
1402:ARM_SEGGER_RTT/SEGGER_RTT.c ****     //
1403:ARM_SEGGER_RTT/SEGGER_RTT.c ****     SEGGER_RTT_LOCK();
 2947              		.loc 1 1403 5 is_stmt 1 view .LVU847
 2948              		.loc 1 1403 5 view .LVU848
 2949              		.syntax unified
 2950              	@ 1403 "ARM_SEGGER_RTT/SEGGER_RTT.c" 1
 2951 001a EFF31186 		mrs   r6, basepri  
 2952 001e 4FF02001 		mov   r1, #32       
 2953 0022 81F31188 		msr   basepri, r1  
 2954              		
 2955              	@ 0 "" 2
 2956              	.LVL286:
 2957              		.loc 1 1403 22 view .LVU849
1404:ARM_SEGGER_RTT/SEGGER_RTT.c ****     Avail = _GetAvailWriteSpace(pRing);
 2958              		.loc 1 1404 5 view .LVU850
 2959              		.loc 1 1404 13 is_stmt 0 view .LVU851
 2960              		.thumb
 2961              		.syntax unified
 2962 0026 2E4F     		ldr	r7, .L206
 2963 0028 07F11800 		add	r0, r7, #24
 2964              	.LVL287:
 2965              		.loc 1 1404 13 view .LVU852
 2966 002c FFF7FEFF 		bl	_GetAvailWriteSpace
 2967              	.LVL288:
 2968 0030 8146     		mov	r9, r0
 2969              	.LVL289:
1405:ARM_SEGGER_RTT/SEGGER_RTT.c ****     switch (pRing->Flags & SEGGER_RTT_MODE_MASK) {
 2970              		.loc 1 1405 5 is_stmt 1 view .LVU853
 2971              		.loc 1 1405 18 is_stmt 0 view .LVU854
 2972 0032 FB6A     		ldr	r3, [r7, #44]
 2973              		.loc 1 1405 26 view .LVU855
 2974 0034 03F00303 		and	r3, r3, #3
 2975              		.loc 1 1405 5 view .LVU856
 2976 0038 012B     		cmp	r3, #1
 2977 003a 23D0     		beq	.L194
 2978 003c 022B     		cmp	r3, #2
 2979 003e 3BD0     		beq	.L195
 2980 0040 4BB1     		cbz	r3, .L203
 2981 0042 4FF0FF34 		mov	r4, #-1
 2982              	.LVL290:
 2983              	.L196:
1406:ARM_SEGGER_RTT/SEGGER_RTT.c ****     case SEGGER_RTT_MODE_NO_BLOCK_SKIP:
1407:ARM_SEGGER_RTT/SEGGER_RTT.c ****       //
ARM GAS  C:\msys64\tmp\ccWAPVkS.s 			page 83


1408:ARM_SEGGER_RTT/SEGGER_RTT.c ****       // If we are in skip mode and there is no space for the whole
1409:ARM_SEGGER_RTT/SEGGER_RTT.c ****       // of this output, don't bother switching terminals at all.
1410:ARM_SEGGER_RTT/SEGGER_RTT.c ****       //
1411:ARM_SEGGER_RTT/SEGGER_RTT.c ****       if (Avail < (FragLen + 4u)) {
1412:ARM_SEGGER_RTT/SEGGER_RTT.c ****         Status = 0;
1413:ARM_SEGGER_RTT/SEGGER_RTT.c ****       } else {
1414:ARM_SEGGER_RTT/SEGGER_RTT.c ****         _PostTerminalSwitch(pRing, TerminalId);
1415:ARM_SEGGER_RTT/SEGGER_RTT.c ****         Status = (int)_WriteBlocking(pRing, s, FragLen);
1416:ARM_SEGGER_RTT/SEGGER_RTT.c ****         _PostTerminalSwitch(pRing, _ActiveTerminal);
1417:ARM_SEGGER_RTT/SEGGER_RTT.c ****       }
1418:ARM_SEGGER_RTT/SEGGER_RTT.c ****       break;
1419:ARM_SEGGER_RTT/SEGGER_RTT.c ****     case SEGGER_RTT_MODE_NO_BLOCK_TRIM:
1420:ARM_SEGGER_RTT/SEGGER_RTT.c ****       //
1421:ARM_SEGGER_RTT/SEGGER_RTT.c ****       // If we are in trim mode and there is not enough space for everything,
1422:ARM_SEGGER_RTT/SEGGER_RTT.c ****       // trim the output but always include the terminal switch.  If no room
1423:ARM_SEGGER_RTT/SEGGER_RTT.c ****       // for terminal switch, skip that totally.
1424:ARM_SEGGER_RTT/SEGGER_RTT.c ****       //
1425:ARM_SEGGER_RTT/SEGGER_RTT.c ****       if (Avail < 4u) {
1426:ARM_SEGGER_RTT/SEGGER_RTT.c ****         Status = -1;
1427:ARM_SEGGER_RTT/SEGGER_RTT.c ****       } else {
1428:ARM_SEGGER_RTT/SEGGER_RTT.c ****         _PostTerminalSwitch(pRing, TerminalId);
1429:ARM_SEGGER_RTT/SEGGER_RTT.c ****         Status = (int)_WriteBlocking(pRing, s, (FragLen < (Avail - 4u)) ? FragLen : (Avail - 4u));
1430:ARM_SEGGER_RTT/SEGGER_RTT.c ****         _PostTerminalSwitch(pRing, _ActiveTerminal);
1431:ARM_SEGGER_RTT/SEGGER_RTT.c ****       }
1432:ARM_SEGGER_RTT/SEGGER_RTT.c ****       break;
1433:ARM_SEGGER_RTT/SEGGER_RTT.c ****     case SEGGER_RTT_MODE_BLOCK_IF_FIFO_FULL:
1434:ARM_SEGGER_RTT/SEGGER_RTT.c ****       //
1435:ARM_SEGGER_RTT/SEGGER_RTT.c ****       // If we are in blocking mode, output everything.
1436:ARM_SEGGER_RTT/SEGGER_RTT.c ****       //
1437:ARM_SEGGER_RTT/SEGGER_RTT.c ****       _PostTerminalSwitch(pRing, TerminalId);
1438:ARM_SEGGER_RTT/SEGGER_RTT.c ****       Status = (int)_WriteBlocking(pRing, s, FragLen);
1439:ARM_SEGGER_RTT/SEGGER_RTT.c ****       _PostTerminalSwitch(pRing, _ActiveTerminal);
1440:ARM_SEGGER_RTT/SEGGER_RTT.c ****       break;
1441:ARM_SEGGER_RTT/SEGGER_RTT.c ****     default:
1442:ARM_SEGGER_RTT/SEGGER_RTT.c ****       Status = -1;
1443:ARM_SEGGER_RTT/SEGGER_RTT.c ****       break;
1444:ARM_SEGGER_RTT/SEGGER_RTT.c ****     }
1445:ARM_SEGGER_RTT/SEGGER_RTT.c ****     //
1446:ARM_SEGGER_RTT/SEGGER_RTT.c ****     // Finish up.
1447:ARM_SEGGER_RTT/SEGGER_RTT.c ****     //
1448:ARM_SEGGER_RTT/SEGGER_RTT.c ****     SEGGER_RTT_UNLOCK();
 2984              		.loc 1 1448 5 is_stmt 1 view .LVU857
 2985              		.syntax unified
 2986              	@ 1448 "ARM_SEGGER_RTT/SEGGER_RTT.c" 1
 2987 0046 86F31188 		msr   basepri, r6  
 2988              		
 2989              	@ 0 "" 2
 2990              		.thumb
 2991              		.syntax unified
 2992              	.LBE20:
 2993              		.loc 1 1448 24 view .LVU858
 2994              	.LVL291:
 2995              	.L191:
1449:ARM_SEGGER_RTT/SEGGER_RTT.c ****   } else {
1450:ARM_SEGGER_RTT/SEGGER_RTT.c ****     Status = -1;
1451:ARM_SEGGER_RTT/SEGGER_RTT.c ****   }
1452:ARM_SEGGER_RTT/SEGGER_RTT.c ****   return Status;
ARM GAS  C:\msys64\tmp\ccWAPVkS.s 			page 84


1453:ARM_SEGGER_RTT/SEGGER_RTT.c **** }
 2996              		.loc 1 1453 1 is_stmt 0 view .LVU859
 2997 004a 2046     		mov	r0, r4
 2998 004c BDE8F883 		pop	{r3, r4, r5, r6, r7, r8, r9, pc}
 2999              	.LVL292:
 3000              	.L202:
1386:ARM_SEGGER_RTT/SEGGER_RTT.c ****   //
 3001              		.loc 1 1386 3 is_stmt 1 discriminator 1 view .LVU860
 3002 0050 FFF7FEFF 		bl	_DoInit
 3003              	.LVL293:
1386:ARM_SEGGER_RTT/SEGGER_RTT.c ****   //
 3004              		.loc 1 1386 3 is_stmt 0 discriminator 1 view .LVU861
 3005 0054 DBE7     		b	.L192
 3006              	.LVL294:
 3007              	.L203:
 3008              	.LBB21:
1411:ARM_SEGGER_RTT/SEGGER_RTT.c ****         Status = 0;
 3009              		.loc 1 1411 7 is_stmt 1 view .LVU862
1411:ARM_SEGGER_RTT/SEGGER_RTT.c ****         Status = 0;
 3010              		.loc 1 1411 28 is_stmt 0 view .LVU863
 3011 0056 08F10403 		add	r3, r8, #4
1411:ARM_SEGGER_RTT/SEGGER_RTT.c ****         Status = 0;
 3012              		.loc 1 1411 10 view .LVU864
 3013 005a 8342     		cmp	r3, r0
 3014 005c 01D9     		bls	.L204
1412:ARM_SEGGER_RTT/SEGGER_RTT.c ****       } else {
 3015              		.loc 1 1412 16 view .LVU865
 3016 005e 0024     		movs	r4, #0
 3017 0060 F1E7     		b	.L196
 3018              	.L204:
1414:ARM_SEGGER_RTT/SEGGER_RTT.c ****         Status = (int)_WriteBlocking(pRing, s, FragLen);
 3019              		.loc 1 1414 9 is_stmt 1 view .LVU866
 3020 0062 1837     		adds	r7, r7, #24
 3021 0064 2146     		mov	r1, r4
 3022 0066 3846     		mov	r0, r7
 3023              	.LVL295:
1414:ARM_SEGGER_RTT/SEGGER_RTT.c ****         Status = (int)_WriteBlocking(pRing, s, FragLen);
 3024              		.loc 1 1414 9 is_stmt 0 view .LVU867
 3025 0068 FFF7FEFF 		bl	_PostTerminalSwitch
 3026              	.LVL296:
1415:ARM_SEGGER_RTT/SEGGER_RTT.c ****         _PostTerminalSwitch(pRing, _ActiveTerminal);
 3027              		.loc 1 1415 9 is_stmt 1 view .LVU868
1415:ARM_SEGGER_RTT/SEGGER_RTT.c ****         _PostTerminalSwitch(pRing, _ActiveTerminal);
 3028              		.loc 1 1415 23 is_stmt 0 view .LVU869
 3029 006c 4246     		mov	r2, r8
 3030 006e 2946     		mov	r1, r5
 3031 0070 3846     		mov	r0, r7
 3032 0072 FFF7FEFF 		bl	_WriteBlocking
 3033              	.LVL297:
 3034 0076 0446     		mov	r4, r0
 3035              	.LVL298:
1416:ARM_SEGGER_RTT/SEGGER_RTT.c ****       }
 3036              		.loc 1 1416 9 is_stmt 1 view .LVU870
 3037 0078 1A4B     		ldr	r3, .L206+4
 3038 007a 1978     		ldrb	r1, [r3]	@ zero_extendqisi2
 3039 007c 3846     		mov	r0, r7
 3040              	.LVL299:
ARM GAS  C:\msys64\tmp\ccWAPVkS.s 			page 85


1416:ARM_SEGGER_RTT/SEGGER_RTT.c ****       }
 3041              		.loc 1 1416 9 is_stmt 0 view .LVU871
 3042 007e FFF7FEFF 		bl	_PostTerminalSwitch
 3043              	.LVL300:
 3044 0082 E0E7     		b	.L196
 3045              	.LVL301:
 3046              	.L194:
1425:ARM_SEGGER_RTT/SEGGER_RTT.c ****         Status = -1;
 3047              		.loc 1 1425 7 is_stmt 1 view .LVU872
1425:ARM_SEGGER_RTT/SEGGER_RTT.c ****         Status = -1;
 3048              		.loc 1 1425 10 is_stmt 0 view .LVU873
 3049 0084 0328     		cmp	r0, #3
 3050 0086 02D8     		bhi	.L205
1426:ARM_SEGGER_RTT/SEGGER_RTT.c ****       } else {
 3051              		.loc 1 1426 16 view .LVU874
 3052 0088 4FF0FF34 		mov	r4, #-1
 3053 008c DBE7     		b	.L196
 3054              	.L205:
1428:ARM_SEGGER_RTT/SEGGER_RTT.c ****         Status = (int)_WriteBlocking(pRing, s, (FragLen < (Avail - 4u)) ? FragLen : (Avail - 4u));
 3055              		.loc 1 1428 9 is_stmt 1 view .LVU875
 3056 008e 164F     		ldr	r7, .L206+8
 3057 0090 2146     		mov	r1, r4
 3058 0092 3846     		mov	r0, r7
 3059              	.LVL302:
1428:ARM_SEGGER_RTT/SEGGER_RTT.c ****         Status = (int)_WriteBlocking(pRing, s, (FragLen < (Avail - 4u)) ? FragLen : (Avail - 4u));
 3060              		.loc 1 1428 9 is_stmt 0 view .LVU876
 3061 0094 FFF7FEFF 		bl	_PostTerminalSwitch
 3062              	.LVL303:
1429:ARM_SEGGER_RTT/SEGGER_RTT.c ****         _PostTerminalSwitch(pRing, _ActiveTerminal);
 3063              		.loc 1 1429 9 is_stmt 1 view .LVU877
1429:ARM_SEGGER_RTT/SEGGER_RTT.c ****         _PostTerminalSwitch(pRing, _ActiveTerminal);
 3064              		.loc 1 1429 66 is_stmt 0 view .LVU878
 3065 0098 A9F10402 		sub	r2, r9, #4
1429:ARM_SEGGER_RTT/SEGGER_RTT.c ****         _PostTerminalSwitch(pRing, _ActiveTerminal);
 3066              		.loc 1 1429 23 view .LVU879
 3067 009c 4245     		cmp	r2, r8
 3068 009e 28BF     		it	cs
 3069 00a0 4246     		movcs	r2, r8
 3070 00a2 2946     		mov	r1, r5
 3071 00a4 3846     		mov	r0, r7
 3072 00a6 FFF7FEFF 		bl	_WriteBlocking
 3073              	.LVL304:
 3074 00aa 0446     		mov	r4, r0
 3075              	.LVL305:
1430:ARM_SEGGER_RTT/SEGGER_RTT.c ****       }
 3076              		.loc 1 1430 9 is_stmt 1 view .LVU880
 3077 00ac 0D4B     		ldr	r3, .L206+4
 3078 00ae 1978     		ldrb	r1, [r3]	@ zero_extendqisi2
 3079 00b0 3846     		mov	r0, r7
 3080              	.LVL306:
1430:ARM_SEGGER_RTT/SEGGER_RTT.c ****       }
 3081              		.loc 1 1430 9 is_stmt 0 view .LVU881
 3082 00b2 FFF7FEFF 		bl	_PostTerminalSwitch
 3083              	.LVL307:
 3084 00b6 C6E7     		b	.L196
 3085              	.LVL308:
 3086              	.L195:
ARM GAS  C:\msys64\tmp\ccWAPVkS.s 			page 86


1437:ARM_SEGGER_RTT/SEGGER_RTT.c ****       Status = (int)_WriteBlocking(pRing, s, FragLen);
 3087              		.loc 1 1437 7 is_stmt 1 view .LVU882
 3088 00b8 0B4F     		ldr	r7, .L206+8
 3089 00ba 2146     		mov	r1, r4
 3090 00bc 3846     		mov	r0, r7
 3091              	.LVL309:
1437:ARM_SEGGER_RTT/SEGGER_RTT.c ****       Status = (int)_WriteBlocking(pRing, s, FragLen);
 3092              		.loc 1 1437 7 is_stmt 0 view .LVU883
 3093 00be FFF7FEFF 		bl	_PostTerminalSwitch
 3094              	.LVL310:
1438:ARM_SEGGER_RTT/SEGGER_RTT.c ****       _PostTerminalSwitch(pRing, _ActiveTerminal);
 3095              		.loc 1 1438 7 is_stmt 1 view .LVU884
1438:ARM_SEGGER_RTT/SEGGER_RTT.c ****       _PostTerminalSwitch(pRing, _ActiveTerminal);
 3096              		.loc 1 1438 21 is_stmt 0 view .LVU885
 3097 00c2 4246     		mov	r2, r8
 3098 00c4 2946     		mov	r1, r5
 3099 00c6 3846     		mov	r0, r7
 3100 00c8 FFF7FEFF 		bl	_WriteBlocking
 3101              	.LVL311:
 3102 00cc 0446     		mov	r4, r0
 3103              	.LVL312:
1439:ARM_SEGGER_RTT/SEGGER_RTT.c ****       break;
 3104              		.loc 1 1439 7 is_stmt 1 view .LVU886
 3105 00ce 054B     		ldr	r3, .L206+4
 3106 00d0 1978     		ldrb	r1, [r3]	@ zero_extendqisi2
 3107 00d2 3846     		mov	r0, r7
 3108              	.LVL313:
1439:ARM_SEGGER_RTT/SEGGER_RTT.c ****       break;
 3109              		.loc 1 1439 7 is_stmt 0 view .LVU887
 3110 00d4 FFF7FEFF 		bl	_PostTerminalSwitch
 3111              	.LVL314:
1440:ARM_SEGGER_RTT/SEGGER_RTT.c ****     default:
 3112              		.loc 1 1440 7 is_stmt 1 view .LVU888
 3113 00d8 B5E7     		b	.L196
 3114              	.LVL315:
 3115              	.L197:
1440:ARM_SEGGER_RTT/SEGGER_RTT.c ****     default:
 3116              		.loc 1 1440 7 is_stmt 0 view .LVU889
 3117              	.LBE21:
1450:ARM_SEGGER_RTT/SEGGER_RTT.c ****   }
 3118              		.loc 1 1450 12 view .LVU890
 3119 00da 4FF0FF34 		mov	r4, #-1
 3120              	.LVL316:
1452:ARM_SEGGER_RTT/SEGGER_RTT.c **** }
 3121              		.loc 1 1452 3 is_stmt 1 view .LVU891
1452:ARM_SEGGER_RTT/SEGGER_RTT.c **** }
 3122              		.loc 1 1452 10 is_stmt 0 view .LVU892
 3123 00de B4E7     		b	.L191
 3124              	.L207:
 3125              		.align	2
 3126              	.L206:
 3127 00e0 00000000 		.word	.LANCHOR1
 3128 00e4 00000000 		.word	.LANCHOR4
 3129 00e8 18000000 		.word	.LANCHOR1+24
 3130              		.cfi_endproc
 3131              	.LFE26:
 3133              		.global	_SEGGER_RTT
ARM GAS  C:\msys64\tmp\ccWAPVkS.s 			page 87


 3134              		.section	.bss._ActiveTerminal,"aw",%nobits
 3135              		.set	.LANCHOR4,. + 0
 3138              	_ActiveTerminal:
 3139 0000 00       		.space	1
 3140              		.section	.bss._SEGGER_RTT,"aw",%nobits
 3141              		.align	2
 3142              		.set	.LANCHOR1,. + 0
 3145              	_SEGGER_RTT:
 3146 0000 00000000 		.space	168
 3146      00000000 
 3146      00000000 
 3146      00000000 
 3146      00000000 
 3147              		.section	.bss._acDownBuffer,"aw",%nobits
 3148              		.align	2
 3149              		.set	.LANCHOR3,. + 0
 3152              	_acDownBuffer:
 3153 0000 00000000 		.space	16
 3153      00000000 
 3153      00000000 
 3153      00000000 
 3154              		.section	.bss._acUpBuffer,"aw",%nobits
 3155              		.align	2
 3156              		.set	.LANCHOR2,. + 0
 3159              	_acUpBuffer:
 3160 0000 00000000 		.space	1024
 3160      00000000 
 3160      00000000 
 3160      00000000 
 3160      00000000 
 3161              		.section	.rodata._aTerminalId,"a"
 3162              		.align	2
 3163              		.set	.LANCHOR0,. + 0
 3166              	_aTerminalId:
 3167 0000 30313233 		.ascii	"0123456789ABCDEF"
 3167      34353637 
 3167      38394142 
 3167      43444546 
 3168              		.text
 3169              	.Letext0:
 3170              		.file 2 "ARM_SEGGER_RTT/SEGGER_RTT.h"
 3171              		.file 3 "c:\\tools\\gcc-arm-11.2-2022.02-mingw-w64-i686-arm-none-eabi\\lib\\gcc\\arm-none-eabi\\11
 3172              		.file 4 "c:\\tools\\gcc-arm-11.2-2022.02-mingw-w64-i686-arm-none-eabi\\arm-none-eabi\\include\\str
 3173              		.file 5 "<built-in>"
ARM GAS  C:\msys64\tmp\ccWAPVkS.s 			page 88


DEFINED SYMBOLS
                            *ABS*:00000000 SEGGER_RTT.c
C:\msys64\tmp\ccWAPVkS.s:20     .text._GetAvailWriteSpace:00000000 $t
C:\msys64\tmp\ccWAPVkS.s:25     .text._GetAvailWriteSpace:00000000 _GetAvailWriteSpace
C:\msys64\tmp\ccWAPVkS.s:79     .text._WriteNoCheck:00000000 $t
C:\msys64\tmp\ccWAPVkS.s:84     .text._WriteNoCheck:00000000 _WriteNoCheck
C:\msys64\tmp\ccWAPVkS.s:176    .text._WriteBlocking:00000000 $t
C:\msys64\tmp\ccWAPVkS.s:181    .text._WriteBlocking:00000000 _WriteBlocking
C:\msys64\tmp\ccWAPVkS.s:321    .text._PostTerminalSwitch:00000000 $t
C:\msys64\tmp\ccWAPVkS.s:326    .text._PostTerminalSwitch:00000000 _PostTerminalSwitch
C:\msys64\tmp\ccWAPVkS.s:368    .text._PostTerminalSwitch:00000020 $d
C:\msys64\tmp\ccWAPVkS.s:373    .rodata._DoInit.str1.4:00000000 $d
C:\msys64\tmp\ccWAPVkS.s:383    .text._DoInit:00000000 $t
C:\msys64\tmp\ccWAPVkS.s:388    .text._DoInit:00000000 _DoInit
C:\msys64\tmp\ccWAPVkS.s:468    .text._DoInit:0000004c $d
C:\msys64\tmp\ccWAPVkS.s:478    .text.SEGGER_RTT_ReadNoLock:00000000 $t
C:\msys64\tmp\ccWAPVkS.s:484    .text.SEGGER_RTT_ReadNoLock:00000000 SEGGER_RTT_ReadNoLock
C:\msys64\tmp\ccWAPVkS.s:659    .text.SEGGER_RTT_ReadNoLock:0000009c $d
C:\msys64\tmp\ccWAPVkS.s:664    .text.SEGGER_RTT_Read:00000000 $t
C:\msys64\tmp\ccWAPVkS.s:670    .text.SEGGER_RTT_Read:00000000 SEGGER_RTT_Read
C:\msys64\tmp\ccWAPVkS.s:722    .text.SEGGER_RTT_WriteWithOverwriteNoLock:00000000 $t
C:\msys64\tmp\ccWAPVkS.s:728    .text.SEGGER_RTT_WriteWithOverwriteNoLock:00000000 SEGGER_RTT_WriteWithOverwriteNoLock
C:\msys64\tmp\ccWAPVkS.s:972    .text.SEGGER_RTT_WriteWithOverwriteNoLock:00000114 $d
C:\msys64\tmp\ccWAPVkS.s:977    .text.SEGGER_RTT_WriteSkipNoLock:00000000 $t
C:\msys64\tmp\ccWAPVkS.s:983    .text.SEGGER_RTT_WriteSkipNoLock:00000000 SEGGER_RTT_WriteSkipNoLock
C:\msys64\tmp\ccWAPVkS.s:1263   .text.SEGGER_RTT_WriteSkipNoLock:00000128 $d
C:\msys64\tmp\ccWAPVkS.s:1268   .text.SEGGER_RTT_WriteNoLock:00000000 $t
C:\msys64\tmp\ccWAPVkS.s:1274   .text.SEGGER_RTT_WriteNoLock:00000000 SEGGER_RTT_WriteNoLock
C:\msys64\tmp\ccWAPVkS.s:1389   .text.SEGGER_RTT_WriteNoLock:00000068 $d
C:\msys64\tmp\ccWAPVkS.s:1394   .text.SEGGER_RTT_Write:00000000 $t
C:\msys64\tmp\ccWAPVkS.s:1400   .text.SEGGER_RTT_Write:00000000 SEGGER_RTT_Write
C:\msys64\tmp\ccWAPVkS.s:1473   .text.SEGGER_RTT_Write:00000030 $d
C:\msys64\tmp\ccWAPVkS.s:1478   .text.SEGGER_RTT_WriteString:00000000 $t
C:\msys64\tmp\ccWAPVkS.s:1484   .text.SEGGER_RTT_WriteString:00000000 SEGGER_RTT_WriteString
C:\msys64\tmp\ccWAPVkS.s:1527   .text.SEGGER_RTT_GetKey:00000000 $t
C:\msys64\tmp\ccWAPVkS.s:1533   .text.SEGGER_RTT_GetKey:00000000 SEGGER_RTT_GetKey
C:\msys64\tmp\ccWAPVkS.s:1585   .text.SEGGER_RTT_WaitKey:00000000 $t
C:\msys64\tmp\ccWAPVkS.s:1591   .text.SEGGER_RTT_WaitKey:00000000 SEGGER_RTT_WaitKey
C:\msys64\tmp\ccWAPVkS.s:1620   .text.SEGGER_RTT_HasKey:00000000 $t
C:\msys64\tmp\ccWAPVkS.s:1626   .text.SEGGER_RTT_HasKey:00000000 SEGGER_RTT_HasKey
C:\msys64\tmp\ccWAPVkS.s:1679   .text.SEGGER_RTT_HasKey:00000020 $d
C:\msys64\tmp\ccWAPVkS.s:1684   .text.SEGGER_RTT_HasData:00000000 $t
C:\msys64\tmp\ccWAPVkS.s:1690   .text.SEGGER_RTT_HasData:00000000 SEGGER_RTT_HasData
C:\msys64\tmp\ccWAPVkS.s:1721   .text.SEGGER_RTT_HasData:0000001c $d
C:\msys64\tmp\ccWAPVkS.s:1726   .text.SEGGER_RTT_AllocDownBuffer:00000000 $t
C:\msys64\tmp\ccWAPVkS.s:1732   .text.SEGGER_RTT_AllocDownBuffer:00000000 SEGGER_RTT_AllocDownBuffer
C:\msys64\tmp\ccWAPVkS.s:1865   .text.SEGGER_RTT_AllocDownBuffer:00000070 $d
C:\msys64\tmp\ccWAPVkS.s:1871   .text.SEGGER_RTT_AllocUpBuffer:00000000 $t
C:\msys64\tmp\ccWAPVkS.s:1877   .text.SEGGER_RTT_AllocUpBuffer:00000000 SEGGER_RTT_AllocUpBuffer
C:\msys64\tmp\ccWAPVkS.s:2015   .text.SEGGER_RTT_AllocUpBuffer:0000007c $d
C:\msys64\tmp\ccWAPVkS.s:2021   .text.SEGGER_RTT_ConfigUpBuffer:00000000 $t
C:\msys64\tmp\ccWAPVkS.s:2027   .text.SEGGER_RTT_ConfigUpBuffer:00000000 SEGGER_RTT_ConfigUpBuffer
C:\msys64\tmp\ccWAPVkS.s:2151   .text.SEGGER_RTT_ConfigUpBuffer:0000006c $d
C:\msys64\tmp\ccWAPVkS.s:2156   .text.SEGGER_RTT_ConfigDownBuffer:00000000 $t
C:\msys64\tmp\ccWAPVkS.s:2162   .text.SEGGER_RTT_ConfigDownBuffer:00000000 SEGGER_RTT_ConfigDownBuffer
C:\msys64\tmp\ccWAPVkS.s:2282   .text.SEGGER_RTT_ConfigDownBuffer:0000006c $d
C:\msys64\tmp\ccWAPVkS.s:2287   .text.SEGGER_RTT_SetNameUpBuffer:00000000 $t
ARM GAS  C:\msys64\tmp\ccWAPVkS.s 			page 89


C:\msys64\tmp\ccWAPVkS.s:2293   .text.SEGGER_RTT_SetNameUpBuffer:00000000 SEGGER_RTT_SetNameUpBuffer
C:\msys64\tmp\ccWAPVkS.s:2385   .text.SEGGER_RTT_SetNameUpBuffer:00000040 $d
C:\msys64\tmp\ccWAPVkS.s:2390   .text.SEGGER_RTT_SetNameDownBuffer:00000000 $t
C:\msys64\tmp\ccWAPVkS.s:2396   .text.SEGGER_RTT_SetNameDownBuffer:00000000 SEGGER_RTT_SetNameDownBuffer
C:\msys64\tmp\ccWAPVkS.s:2486   .text.SEGGER_RTT_SetNameDownBuffer:00000040 $d
C:\msys64\tmp\ccWAPVkS.s:2491   .text.SEGGER_RTT_SetFlagsUpBuffer:00000000 $t
C:\msys64\tmp\ccWAPVkS.s:2497   .text.SEGGER_RTT_SetFlagsUpBuffer:00000000 SEGGER_RTT_SetFlagsUpBuffer
C:\msys64\tmp\ccWAPVkS.s:2587   .text.SEGGER_RTT_SetFlagsUpBuffer:00000040 $d
C:\msys64\tmp\ccWAPVkS.s:2592   .text.SEGGER_RTT_SetFlagsDownBuffer:00000000 $t
C:\msys64\tmp\ccWAPVkS.s:2598   .text.SEGGER_RTT_SetFlagsDownBuffer:00000000 SEGGER_RTT_SetFlagsDownBuffer
C:\msys64\tmp\ccWAPVkS.s:2688   .text.SEGGER_RTT_SetFlagsDownBuffer:00000040 $d
C:\msys64\tmp\ccWAPVkS.s:2693   .text.SEGGER_RTT_Init:00000000 $t
C:\msys64\tmp\ccWAPVkS.s:2699   .text.SEGGER_RTT_Init:00000000 SEGGER_RTT_Init
C:\msys64\tmp\ccWAPVkS.s:2719   .text.SEGGER_RTT_SetTerminal:00000000 $t
C:\msys64\tmp\ccWAPVkS.s:2725   .text.SEGGER_RTT_SetTerminal:00000000 SEGGER_RTT_SetTerminal
C:\msys64\tmp\ccWAPVkS.s:2886   .text.SEGGER_RTT_SetTerminal:0000007c $d
C:\msys64\tmp\ccWAPVkS.s:2894   .text.SEGGER_RTT_TerminalOut:00000000 $t
C:\msys64\tmp\ccWAPVkS.s:2900   .text.SEGGER_RTT_TerminalOut:00000000 SEGGER_RTT_TerminalOut
C:\msys64\tmp\ccWAPVkS.s:3127   .text.SEGGER_RTT_TerminalOut:000000e0 $d
C:\msys64\tmp\ccWAPVkS.s:3145   .bss._SEGGER_RTT:00000000 _SEGGER_RTT
C:\msys64\tmp\ccWAPVkS.s:3138   .bss._ActiveTerminal:00000000 _ActiveTerminal
C:\msys64\tmp\ccWAPVkS.s:3139   .bss._ActiveTerminal:00000000 $d
C:\msys64\tmp\ccWAPVkS.s:3141   .bss._SEGGER_RTT:00000000 $d
C:\msys64\tmp\ccWAPVkS.s:3148   .bss._acDownBuffer:00000000 $d
C:\msys64\tmp\ccWAPVkS.s:3152   .bss._acDownBuffer:00000000 _acDownBuffer
C:\msys64\tmp\ccWAPVkS.s:3155   .bss._acUpBuffer:00000000 $d
C:\msys64\tmp\ccWAPVkS.s:3159   .bss._acUpBuffer:00000000 _acUpBuffer
C:\msys64\tmp\ccWAPVkS.s:3162   .rodata._aTerminalId:00000000 $d
C:\msys64\tmp\ccWAPVkS.s:3166   .rodata._aTerminalId:00000000 _aTerminalId

UNDEFINED SYMBOLS
memcpy
strlen
