ARM GAS  C:\msys64\tmp\ccTz5ysZ.s 			page 1


   1              		.cpu cortex-m4
   2              		.arch armv7e-m
   3              		.fpu fpv4-sp-d16
   4              		.eabi_attribute 27, 1
   5              		.eabi_attribute 28, 1
   6              		.eabi_attribute 20, 1
   7              		.eabi_attribute 21, 1
   8              		.eabi_attribute 23, 3
   9              		.eabi_attribute 24, 1
  10              		.eabi_attribute 25, 1
  11              		.eabi_attribute 26, 1
  12              		.eabi_attribute 30, 1
  13              		.eabi_attribute 34, 1
  14              		.eabi_attribute 18, 4
  15              		.file	"stm32f4xx_hal_flash_ex.c"
  16              		.text
  17              	.Ltext0:
  18              		.cfi_sections	.debug_frame
  19              		.section	.text.FLASH_MassErase,"ax",%progbits
  20              		.align	1
  21              		.syntax unified
  22              		.thumb
  23              		.thumb_func
  25              	FLASH_MassErase:
  26              	.LVL0:
  27              	.LFB143:
  28              		.file 1 "Drivers/STM32F4xx_HAL_Driver/Src/stm32f4xx_hal_flash_ex.c"
   1:Drivers/STM32F4xx_HAL_Driver/Src/stm32f4xx_hal_flash_ex.c **** /**
   2:Drivers/STM32F4xx_HAL_Driver/Src/stm32f4xx_hal_flash_ex.c ****   ******************************************************************************
   3:Drivers/STM32F4xx_HAL_Driver/Src/stm32f4xx_hal_flash_ex.c ****   * @file    stm32f4xx_hal_flash_ex.c
   4:Drivers/STM32F4xx_HAL_Driver/Src/stm32f4xx_hal_flash_ex.c ****   * @author  MCD Application Team
   5:Drivers/STM32F4xx_HAL_Driver/Src/stm32f4xx_hal_flash_ex.c ****   * @brief   Extended FLASH HAL module driver.
   6:Drivers/STM32F4xx_HAL_Driver/Src/stm32f4xx_hal_flash_ex.c ****   *          This file provides firmware functions to manage the following
   7:Drivers/STM32F4xx_HAL_Driver/Src/stm32f4xx_hal_flash_ex.c ****   *          functionalities of the FLASH extension peripheral:
   8:Drivers/STM32F4xx_HAL_Driver/Src/stm32f4xx_hal_flash_ex.c ****   *           + Extended programming operations functions
   9:Drivers/STM32F4xx_HAL_Driver/Src/stm32f4xx_hal_flash_ex.c ****   *
  10:Drivers/STM32F4xx_HAL_Driver/Src/stm32f4xx_hal_flash_ex.c ****   @verbatim
  11:Drivers/STM32F4xx_HAL_Driver/Src/stm32f4xx_hal_flash_ex.c ****   ==============================================================================
  12:Drivers/STM32F4xx_HAL_Driver/Src/stm32f4xx_hal_flash_ex.c ****                    ##### Flash Extension features #####
  13:Drivers/STM32F4xx_HAL_Driver/Src/stm32f4xx_hal_flash_ex.c ****   ==============================================================================
  14:Drivers/STM32F4xx_HAL_Driver/Src/stm32f4xx_hal_flash_ex.c **** 
  15:Drivers/STM32F4xx_HAL_Driver/Src/stm32f4xx_hal_flash_ex.c ****   [..] Comparing to other previous devices, the FLASH interface for STM32F427xx/437xx and
  16:Drivers/STM32F4xx_HAL_Driver/Src/stm32f4xx_hal_flash_ex.c ****        STM32F429xx/439xx devices contains the following additional features
  17:Drivers/STM32F4xx_HAL_Driver/Src/stm32f4xx_hal_flash_ex.c **** 
  18:Drivers/STM32F4xx_HAL_Driver/Src/stm32f4xx_hal_flash_ex.c ****        (+) Capacity up to 2 Mbyte with dual bank architecture supporting read-while-write
  19:Drivers/STM32F4xx_HAL_Driver/Src/stm32f4xx_hal_flash_ex.c ****            capability (RWW)
  20:Drivers/STM32F4xx_HAL_Driver/Src/stm32f4xx_hal_flash_ex.c ****        (+) Dual bank memory organization
  21:Drivers/STM32F4xx_HAL_Driver/Src/stm32f4xx_hal_flash_ex.c ****        (+) PCROP protection for all banks
  22:Drivers/STM32F4xx_HAL_Driver/Src/stm32f4xx_hal_flash_ex.c **** 
  23:Drivers/STM32F4xx_HAL_Driver/Src/stm32f4xx_hal_flash_ex.c ****                       ##### How to use this driver #####
  24:Drivers/STM32F4xx_HAL_Driver/Src/stm32f4xx_hal_flash_ex.c ****   ==============================================================================
  25:Drivers/STM32F4xx_HAL_Driver/Src/stm32f4xx_hal_flash_ex.c ****   [..] This driver provides functions to configure and program the FLASH memory
  26:Drivers/STM32F4xx_HAL_Driver/Src/stm32f4xx_hal_flash_ex.c ****        of all STM32F427xx/437xx, STM32F429xx/439xx, STM32F469xx/479xx and STM32F446xx
  27:Drivers/STM32F4xx_HAL_Driver/Src/stm32f4xx_hal_flash_ex.c ****        devices. It includes
  28:Drivers/STM32F4xx_HAL_Driver/Src/stm32f4xx_hal_flash_ex.c ****       (#) FLASH Memory Erase functions:
  29:Drivers/STM32F4xx_HAL_Driver/Src/stm32f4xx_hal_flash_ex.c ****            (++) Lock and Unlock the FLASH interface using HAL_FLASH_Unlock() and
  30:Drivers/STM32F4xx_HAL_Driver/Src/stm32f4xx_hal_flash_ex.c ****                 HAL_FLASH_Lock() functions
ARM GAS  C:\msys64\tmp\ccTz5ysZ.s 			page 2


  31:Drivers/STM32F4xx_HAL_Driver/Src/stm32f4xx_hal_flash_ex.c ****            (++) Erase function: Erase sector, erase all sectors
  32:Drivers/STM32F4xx_HAL_Driver/Src/stm32f4xx_hal_flash_ex.c ****            (++) There are two modes of erase :
  33:Drivers/STM32F4xx_HAL_Driver/Src/stm32f4xx_hal_flash_ex.c ****              (+++) Polling Mode using HAL_FLASHEx_Erase()
  34:Drivers/STM32F4xx_HAL_Driver/Src/stm32f4xx_hal_flash_ex.c ****              (+++) Interrupt Mode using HAL_FLASHEx_Erase_IT()
  35:Drivers/STM32F4xx_HAL_Driver/Src/stm32f4xx_hal_flash_ex.c **** 
  36:Drivers/STM32F4xx_HAL_Driver/Src/stm32f4xx_hal_flash_ex.c ****       (#) Option Bytes Programming functions: Use HAL_FLASHEx_OBProgram() to :
  37:Drivers/STM32F4xx_HAL_Driver/Src/stm32f4xx_hal_flash_ex.c ****            (++) Set/Reset the write protection
  38:Drivers/STM32F4xx_HAL_Driver/Src/stm32f4xx_hal_flash_ex.c ****            (++) Set the Read protection Level
  39:Drivers/STM32F4xx_HAL_Driver/Src/stm32f4xx_hal_flash_ex.c ****            (++) Set the BOR level
  40:Drivers/STM32F4xx_HAL_Driver/Src/stm32f4xx_hal_flash_ex.c ****            (++) Program the user Option Bytes
  41:Drivers/STM32F4xx_HAL_Driver/Src/stm32f4xx_hal_flash_ex.c ****       (#) Advanced Option Bytes Programming functions: Use HAL_FLASHEx_AdvOBProgram() to :
  42:Drivers/STM32F4xx_HAL_Driver/Src/stm32f4xx_hal_flash_ex.c ****        (++) Extended space (bank 2) erase function
  43:Drivers/STM32F4xx_HAL_Driver/Src/stm32f4xx_hal_flash_ex.c ****        (++) Full FLASH space (2 Mo) erase (bank 1 and bank 2)
  44:Drivers/STM32F4xx_HAL_Driver/Src/stm32f4xx_hal_flash_ex.c ****        (++) Dual Boot activation
  45:Drivers/STM32F4xx_HAL_Driver/Src/stm32f4xx_hal_flash_ex.c ****        (++) Write protection configuration for bank 2
  46:Drivers/STM32F4xx_HAL_Driver/Src/stm32f4xx_hal_flash_ex.c ****        (++) PCROP protection configuration and control for both banks
  47:Drivers/STM32F4xx_HAL_Driver/Src/stm32f4xx_hal_flash_ex.c **** 
  48:Drivers/STM32F4xx_HAL_Driver/Src/stm32f4xx_hal_flash_ex.c ****   @endverbatim
  49:Drivers/STM32F4xx_HAL_Driver/Src/stm32f4xx_hal_flash_ex.c ****   ******************************************************************************
  50:Drivers/STM32F4xx_HAL_Driver/Src/stm32f4xx_hal_flash_ex.c ****   * @attention
  51:Drivers/STM32F4xx_HAL_Driver/Src/stm32f4xx_hal_flash_ex.c ****   *
  52:Drivers/STM32F4xx_HAL_Driver/Src/stm32f4xx_hal_flash_ex.c ****   * Copyright (c) 2017 STMicroelectronics.
  53:Drivers/STM32F4xx_HAL_Driver/Src/stm32f4xx_hal_flash_ex.c ****   * All rights reserved.
  54:Drivers/STM32F4xx_HAL_Driver/Src/stm32f4xx_hal_flash_ex.c ****   *
  55:Drivers/STM32F4xx_HAL_Driver/Src/stm32f4xx_hal_flash_ex.c ****   * This software is licensed under terms that can be found in the LICENSE file in
  56:Drivers/STM32F4xx_HAL_Driver/Src/stm32f4xx_hal_flash_ex.c ****   * the root directory of this software component.
  57:Drivers/STM32F4xx_HAL_Driver/Src/stm32f4xx_hal_flash_ex.c ****   * If no LICENSE file comes with this software, it is provided AS-IS.
  58:Drivers/STM32F4xx_HAL_Driver/Src/stm32f4xx_hal_flash_ex.c ****   ******************************************************************************
  59:Drivers/STM32F4xx_HAL_Driver/Src/stm32f4xx_hal_flash_ex.c ****   */
  60:Drivers/STM32F4xx_HAL_Driver/Src/stm32f4xx_hal_flash_ex.c **** 
  61:Drivers/STM32F4xx_HAL_Driver/Src/stm32f4xx_hal_flash_ex.c **** /* Includes ------------------------------------------------------------------*/
  62:Drivers/STM32F4xx_HAL_Driver/Src/stm32f4xx_hal_flash_ex.c **** #include "stm32f4xx_hal.h"
  63:Drivers/STM32F4xx_HAL_Driver/Src/stm32f4xx_hal_flash_ex.c **** 
  64:Drivers/STM32F4xx_HAL_Driver/Src/stm32f4xx_hal_flash_ex.c **** /** @addtogroup STM32F4xx_HAL_Driver
  65:Drivers/STM32F4xx_HAL_Driver/Src/stm32f4xx_hal_flash_ex.c ****   * @{
  66:Drivers/STM32F4xx_HAL_Driver/Src/stm32f4xx_hal_flash_ex.c ****   */
  67:Drivers/STM32F4xx_HAL_Driver/Src/stm32f4xx_hal_flash_ex.c **** 
  68:Drivers/STM32F4xx_HAL_Driver/Src/stm32f4xx_hal_flash_ex.c **** /** @defgroup FLASHEx FLASHEx
  69:Drivers/STM32F4xx_HAL_Driver/Src/stm32f4xx_hal_flash_ex.c ****   * @brief FLASH HAL Extension module driver
  70:Drivers/STM32F4xx_HAL_Driver/Src/stm32f4xx_hal_flash_ex.c ****   * @{
  71:Drivers/STM32F4xx_HAL_Driver/Src/stm32f4xx_hal_flash_ex.c ****   */
  72:Drivers/STM32F4xx_HAL_Driver/Src/stm32f4xx_hal_flash_ex.c **** 
  73:Drivers/STM32F4xx_HAL_Driver/Src/stm32f4xx_hal_flash_ex.c **** #ifdef HAL_FLASH_MODULE_ENABLED
  74:Drivers/STM32F4xx_HAL_Driver/Src/stm32f4xx_hal_flash_ex.c **** 
  75:Drivers/STM32F4xx_HAL_Driver/Src/stm32f4xx_hal_flash_ex.c **** /* Private typedef -----------------------------------------------------------*/
  76:Drivers/STM32F4xx_HAL_Driver/Src/stm32f4xx_hal_flash_ex.c **** /* Private define ------------------------------------------------------------*/
  77:Drivers/STM32F4xx_HAL_Driver/Src/stm32f4xx_hal_flash_ex.c **** /** @addtogroup FLASHEx_Private_Constants
  78:Drivers/STM32F4xx_HAL_Driver/Src/stm32f4xx_hal_flash_ex.c ****   * @{
  79:Drivers/STM32F4xx_HAL_Driver/Src/stm32f4xx_hal_flash_ex.c ****   */
  80:Drivers/STM32F4xx_HAL_Driver/Src/stm32f4xx_hal_flash_ex.c **** #define FLASH_TIMEOUT_VALUE       50000U /* 50 s */
  81:Drivers/STM32F4xx_HAL_Driver/Src/stm32f4xx_hal_flash_ex.c **** /**
  82:Drivers/STM32F4xx_HAL_Driver/Src/stm32f4xx_hal_flash_ex.c ****   * @}
  83:Drivers/STM32F4xx_HAL_Driver/Src/stm32f4xx_hal_flash_ex.c ****   */
  84:Drivers/STM32F4xx_HAL_Driver/Src/stm32f4xx_hal_flash_ex.c **** 
  85:Drivers/STM32F4xx_HAL_Driver/Src/stm32f4xx_hal_flash_ex.c **** /* Private macro -------------------------------------------------------------*/
  86:Drivers/STM32F4xx_HAL_Driver/Src/stm32f4xx_hal_flash_ex.c **** /* Private variables ---------------------------------------------------------*/
  87:Drivers/STM32F4xx_HAL_Driver/Src/stm32f4xx_hal_flash_ex.c **** /** @addtogroup FLASHEx_Private_Variables
ARM GAS  C:\msys64\tmp\ccTz5ysZ.s 			page 3


  88:Drivers/STM32F4xx_HAL_Driver/Src/stm32f4xx_hal_flash_ex.c ****   * @{
  89:Drivers/STM32F4xx_HAL_Driver/Src/stm32f4xx_hal_flash_ex.c ****   */
  90:Drivers/STM32F4xx_HAL_Driver/Src/stm32f4xx_hal_flash_ex.c **** extern FLASH_ProcessTypeDef pFlash;
  91:Drivers/STM32F4xx_HAL_Driver/Src/stm32f4xx_hal_flash_ex.c **** /**
  92:Drivers/STM32F4xx_HAL_Driver/Src/stm32f4xx_hal_flash_ex.c ****   * @}
  93:Drivers/STM32F4xx_HAL_Driver/Src/stm32f4xx_hal_flash_ex.c ****   */
  94:Drivers/STM32F4xx_HAL_Driver/Src/stm32f4xx_hal_flash_ex.c **** 
  95:Drivers/STM32F4xx_HAL_Driver/Src/stm32f4xx_hal_flash_ex.c **** /* Private function prototypes -----------------------------------------------*/
  96:Drivers/STM32F4xx_HAL_Driver/Src/stm32f4xx_hal_flash_ex.c **** /** @addtogroup FLASHEx_Private_Functions
  97:Drivers/STM32F4xx_HAL_Driver/Src/stm32f4xx_hal_flash_ex.c ****   * @{
  98:Drivers/STM32F4xx_HAL_Driver/Src/stm32f4xx_hal_flash_ex.c ****   */
  99:Drivers/STM32F4xx_HAL_Driver/Src/stm32f4xx_hal_flash_ex.c **** /* Option bytes control */
 100:Drivers/STM32F4xx_HAL_Driver/Src/stm32f4xx_hal_flash_ex.c **** static void               FLASH_MassErase(uint8_t VoltageRange, uint32_t Banks);
 101:Drivers/STM32F4xx_HAL_Driver/Src/stm32f4xx_hal_flash_ex.c **** static HAL_StatusTypeDef  FLASH_OB_EnableWRP(uint32_t WRPSector, uint32_t Banks);
 102:Drivers/STM32F4xx_HAL_Driver/Src/stm32f4xx_hal_flash_ex.c **** static HAL_StatusTypeDef  FLASH_OB_DisableWRP(uint32_t WRPSector, uint32_t Banks);
 103:Drivers/STM32F4xx_HAL_Driver/Src/stm32f4xx_hal_flash_ex.c **** static HAL_StatusTypeDef  FLASH_OB_RDP_LevelConfig(uint8_t Level);
 104:Drivers/STM32F4xx_HAL_Driver/Src/stm32f4xx_hal_flash_ex.c **** static HAL_StatusTypeDef  FLASH_OB_UserConfig(uint8_t Iwdg, uint8_t Stop, uint8_t Stdby);
 105:Drivers/STM32F4xx_HAL_Driver/Src/stm32f4xx_hal_flash_ex.c **** static HAL_StatusTypeDef  FLASH_OB_BOR_LevelConfig(uint8_t Level);
 106:Drivers/STM32F4xx_HAL_Driver/Src/stm32f4xx_hal_flash_ex.c **** static uint8_t            FLASH_OB_GetUser(void);
 107:Drivers/STM32F4xx_HAL_Driver/Src/stm32f4xx_hal_flash_ex.c **** static uint16_t           FLASH_OB_GetWRP(void);
 108:Drivers/STM32F4xx_HAL_Driver/Src/stm32f4xx_hal_flash_ex.c **** static uint8_t            FLASH_OB_GetRDP(void);
 109:Drivers/STM32F4xx_HAL_Driver/Src/stm32f4xx_hal_flash_ex.c **** static uint8_t            FLASH_OB_GetBOR(void);
 110:Drivers/STM32F4xx_HAL_Driver/Src/stm32f4xx_hal_flash_ex.c **** 
 111:Drivers/STM32F4xx_HAL_Driver/Src/stm32f4xx_hal_flash_ex.c **** #if defined(STM32F401xC) || defined(STM32F401xE) || defined(STM32F410Tx) || defined(STM32F410Cx) ||
 112:Drivers/STM32F4xx_HAL_Driver/Src/stm32f4xx_hal_flash_ex.c ****     defined(STM32F446xx) || defined(STM32F412Zx) || defined(STM32F412Vx) || defined(STM32F412Rx) ||
 113:Drivers/STM32F4xx_HAL_Driver/Src/stm32f4xx_hal_flash_ex.c ****     defined(STM32F423xx)
 114:Drivers/STM32F4xx_HAL_Driver/Src/stm32f4xx_hal_flash_ex.c **** static HAL_StatusTypeDef  FLASH_OB_EnablePCROP(uint32_t Sector);
 115:Drivers/STM32F4xx_HAL_Driver/Src/stm32f4xx_hal_flash_ex.c **** static HAL_StatusTypeDef  FLASH_OB_DisablePCROP(uint32_t Sector);
 116:Drivers/STM32F4xx_HAL_Driver/Src/stm32f4xx_hal_flash_ex.c **** #endif /* STM32F401xC || STM32F401xE || STM32F410xx || STM32F411xE || STM32F446xx || STM32F412Zx ||
 117:Drivers/STM32F4xx_HAL_Driver/Src/stm32f4xx_hal_flash_ex.c ****           STM32F413xx || STM32F423xx */
 118:Drivers/STM32F4xx_HAL_Driver/Src/stm32f4xx_hal_flash_ex.c **** 
 119:Drivers/STM32F4xx_HAL_Driver/Src/stm32f4xx_hal_flash_ex.c **** #if defined(STM32F427xx) || defined(STM32F437xx) || defined(STM32F429xx)|| defined(STM32F439xx) || 
 120:Drivers/STM32F4xx_HAL_Driver/Src/stm32f4xx_hal_flash_ex.c **** static HAL_StatusTypeDef FLASH_OB_EnablePCROP(uint32_t SectorBank1, uint32_t SectorBank2, uint32_t 
 121:Drivers/STM32F4xx_HAL_Driver/Src/stm32f4xx_hal_flash_ex.c **** static HAL_StatusTypeDef FLASH_OB_DisablePCROP(uint32_t SectorBank1, uint32_t SectorBank2, uint32_t
 122:Drivers/STM32F4xx_HAL_Driver/Src/stm32f4xx_hal_flash_ex.c **** static HAL_StatusTypeDef FLASH_OB_BootConfig(uint8_t BootConfig);
 123:Drivers/STM32F4xx_HAL_Driver/Src/stm32f4xx_hal_flash_ex.c **** #endif /* STM32F427xx || STM32F437xx || STM32F429xx || STM32F439xx || STM32F469xx || STM32F479xx */
 124:Drivers/STM32F4xx_HAL_Driver/Src/stm32f4xx_hal_flash_ex.c **** 
 125:Drivers/STM32F4xx_HAL_Driver/Src/stm32f4xx_hal_flash_ex.c **** extern HAL_StatusTypeDef         FLASH_WaitForLastOperation(uint32_t Timeout);
 126:Drivers/STM32F4xx_HAL_Driver/Src/stm32f4xx_hal_flash_ex.c **** /**
 127:Drivers/STM32F4xx_HAL_Driver/Src/stm32f4xx_hal_flash_ex.c ****   * @}
 128:Drivers/STM32F4xx_HAL_Driver/Src/stm32f4xx_hal_flash_ex.c ****   */
 129:Drivers/STM32F4xx_HAL_Driver/Src/stm32f4xx_hal_flash_ex.c **** 
 130:Drivers/STM32F4xx_HAL_Driver/Src/stm32f4xx_hal_flash_ex.c **** /* Exported functions --------------------------------------------------------*/
 131:Drivers/STM32F4xx_HAL_Driver/Src/stm32f4xx_hal_flash_ex.c **** /** @defgroup FLASHEx_Exported_Functions FLASHEx Exported Functions
 132:Drivers/STM32F4xx_HAL_Driver/Src/stm32f4xx_hal_flash_ex.c ****   * @{
 133:Drivers/STM32F4xx_HAL_Driver/Src/stm32f4xx_hal_flash_ex.c ****   */
 134:Drivers/STM32F4xx_HAL_Driver/Src/stm32f4xx_hal_flash_ex.c **** 
 135:Drivers/STM32F4xx_HAL_Driver/Src/stm32f4xx_hal_flash_ex.c **** /** @defgroup FLASHEx_Exported_Functions_Group1 Extended IO operation functions
 136:Drivers/STM32F4xx_HAL_Driver/Src/stm32f4xx_hal_flash_ex.c ****   *  @brief   Extended IO operation functions
 137:Drivers/STM32F4xx_HAL_Driver/Src/stm32f4xx_hal_flash_ex.c ****   *
 138:Drivers/STM32F4xx_HAL_Driver/Src/stm32f4xx_hal_flash_ex.c **** @verbatim
 139:Drivers/STM32F4xx_HAL_Driver/Src/stm32f4xx_hal_flash_ex.c ****  ===============================================================================
 140:Drivers/STM32F4xx_HAL_Driver/Src/stm32f4xx_hal_flash_ex.c ****                 ##### Extended programming operation functions #####
 141:Drivers/STM32F4xx_HAL_Driver/Src/stm32f4xx_hal_flash_ex.c ****  ===============================================================================
 142:Drivers/STM32F4xx_HAL_Driver/Src/stm32f4xx_hal_flash_ex.c ****     [..]
 143:Drivers/STM32F4xx_HAL_Driver/Src/stm32f4xx_hal_flash_ex.c ****     This subsection provides a set of functions allowing to manage the Extension FLASH
 144:Drivers/STM32F4xx_HAL_Driver/Src/stm32f4xx_hal_flash_ex.c ****     programming operations.
ARM GAS  C:\msys64\tmp\ccTz5ysZ.s 			page 4


 145:Drivers/STM32F4xx_HAL_Driver/Src/stm32f4xx_hal_flash_ex.c **** 
 146:Drivers/STM32F4xx_HAL_Driver/Src/stm32f4xx_hal_flash_ex.c **** @endverbatim
 147:Drivers/STM32F4xx_HAL_Driver/Src/stm32f4xx_hal_flash_ex.c ****   * @{
 148:Drivers/STM32F4xx_HAL_Driver/Src/stm32f4xx_hal_flash_ex.c ****   */
 149:Drivers/STM32F4xx_HAL_Driver/Src/stm32f4xx_hal_flash_ex.c **** /**
 150:Drivers/STM32F4xx_HAL_Driver/Src/stm32f4xx_hal_flash_ex.c ****   * @brief  Perform a mass erase or erase the specified FLASH memory sectors
 151:Drivers/STM32F4xx_HAL_Driver/Src/stm32f4xx_hal_flash_ex.c ****   * @param[in]  pEraseInit pointer to an FLASH_EraseInitTypeDef structure that
 152:Drivers/STM32F4xx_HAL_Driver/Src/stm32f4xx_hal_flash_ex.c ****   *         contains the configuration information for the erasing.
 153:Drivers/STM32F4xx_HAL_Driver/Src/stm32f4xx_hal_flash_ex.c ****   *
 154:Drivers/STM32F4xx_HAL_Driver/Src/stm32f4xx_hal_flash_ex.c ****   * @param[out]  SectorError pointer to variable  that
 155:Drivers/STM32F4xx_HAL_Driver/Src/stm32f4xx_hal_flash_ex.c ****   *         contains the configuration information on faulty sector in case of error
 156:Drivers/STM32F4xx_HAL_Driver/Src/stm32f4xx_hal_flash_ex.c ****   *         (0xFFFFFFFFU means that all the sectors have been correctly erased)
 157:Drivers/STM32F4xx_HAL_Driver/Src/stm32f4xx_hal_flash_ex.c ****   *
 158:Drivers/STM32F4xx_HAL_Driver/Src/stm32f4xx_hal_flash_ex.c ****   * @retval HAL Status
 159:Drivers/STM32F4xx_HAL_Driver/Src/stm32f4xx_hal_flash_ex.c ****   */
 160:Drivers/STM32F4xx_HAL_Driver/Src/stm32f4xx_hal_flash_ex.c **** HAL_StatusTypeDef HAL_FLASHEx_Erase(FLASH_EraseInitTypeDef *pEraseInit, uint32_t *SectorError)
 161:Drivers/STM32F4xx_HAL_Driver/Src/stm32f4xx_hal_flash_ex.c **** {
 162:Drivers/STM32F4xx_HAL_Driver/Src/stm32f4xx_hal_flash_ex.c ****   HAL_StatusTypeDef status;
 163:Drivers/STM32F4xx_HAL_Driver/Src/stm32f4xx_hal_flash_ex.c ****   uint32_t index = 0U;
 164:Drivers/STM32F4xx_HAL_Driver/Src/stm32f4xx_hal_flash_ex.c **** 
 165:Drivers/STM32F4xx_HAL_Driver/Src/stm32f4xx_hal_flash_ex.c ****   /* Process Locked */
 166:Drivers/STM32F4xx_HAL_Driver/Src/stm32f4xx_hal_flash_ex.c ****   __HAL_LOCK(&pFlash);
 167:Drivers/STM32F4xx_HAL_Driver/Src/stm32f4xx_hal_flash_ex.c **** 
 168:Drivers/STM32F4xx_HAL_Driver/Src/stm32f4xx_hal_flash_ex.c ****   /* Check the parameters */
 169:Drivers/STM32F4xx_HAL_Driver/Src/stm32f4xx_hal_flash_ex.c ****   assert_param(IS_FLASH_TYPEERASE(pEraseInit->TypeErase));
 170:Drivers/STM32F4xx_HAL_Driver/Src/stm32f4xx_hal_flash_ex.c **** 
 171:Drivers/STM32F4xx_HAL_Driver/Src/stm32f4xx_hal_flash_ex.c ****   /* Wait for last operation to be completed */
 172:Drivers/STM32F4xx_HAL_Driver/Src/stm32f4xx_hal_flash_ex.c ****   status = FLASH_WaitForLastOperation((uint32_t)FLASH_TIMEOUT_VALUE);
 173:Drivers/STM32F4xx_HAL_Driver/Src/stm32f4xx_hal_flash_ex.c **** 
 174:Drivers/STM32F4xx_HAL_Driver/Src/stm32f4xx_hal_flash_ex.c ****   if (status == HAL_OK)
 175:Drivers/STM32F4xx_HAL_Driver/Src/stm32f4xx_hal_flash_ex.c ****   {
 176:Drivers/STM32F4xx_HAL_Driver/Src/stm32f4xx_hal_flash_ex.c ****     /*Initialization of SectorError variable*/
 177:Drivers/STM32F4xx_HAL_Driver/Src/stm32f4xx_hal_flash_ex.c ****     *SectorError = 0xFFFFFFFFU;
 178:Drivers/STM32F4xx_HAL_Driver/Src/stm32f4xx_hal_flash_ex.c **** 
 179:Drivers/STM32F4xx_HAL_Driver/Src/stm32f4xx_hal_flash_ex.c ****     if (pEraseInit->TypeErase == FLASH_TYPEERASE_MASSERASE)
 180:Drivers/STM32F4xx_HAL_Driver/Src/stm32f4xx_hal_flash_ex.c ****     {
 181:Drivers/STM32F4xx_HAL_Driver/Src/stm32f4xx_hal_flash_ex.c ****       /*Mass erase to be done*/
 182:Drivers/STM32F4xx_HAL_Driver/Src/stm32f4xx_hal_flash_ex.c ****       FLASH_MassErase((uint8_t) pEraseInit->VoltageRange, pEraseInit->Banks);
 183:Drivers/STM32F4xx_HAL_Driver/Src/stm32f4xx_hal_flash_ex.c **** 
 184:Drivers/STM32F4xx_HAL_Driver/Src/stm32f4xx_hal_flash_ex.c ****       /* Wait for last operation to be completed */
 185:Drivers/STM32F4xx_HAL_Driver/Src/stm32f4xx_hal_flash_ex.c ****       status = FLASH_WaitForLastOperation((uint32_t)FLASH_TIMEOUT_VALUE);
 186:Drivers/STM32F4xx_HAL_Driver/Src/stm32f4xx_hal_flash_ex.c **** 
 187:Drivers/STM32F4xx_HAL_Driver/Src/stm32f4xx_hal_flash_ex.c ****       /* if the erase operation is completed, disable the MER Bit */
 188:Drivers/STM32F4xx_HAL_Driver/Src/stm32f4xx_hal_flash_ex.c ****       FLASH->CR &= (~FLASH_MER_BIT);
 189:Drivers/STM32F4xx_HAL_Driver/Src/stm32f4xx_hal_flash_ex.c ****     }
 190:Drivers/STM32F4xx_HAL_Driver/Src/stm32f4xx_hal_flash_ex.c ****     else
 191:Drivers/STM32F4xx_HAL_Driver/Src/stm32f4xx_hal_flash_ex.c ****     {
 192:Drivers/STM32F4xx_HAL_Driver/Src/stm32f4xx_hal_flash_ex.c ****       /* Check the parameters */
 193:Drivers/STM32F4xx_HAL_Driver/Src/stm32f4xx_hal_flash_ex.c ****       assert_param(IS_FLASH_NBSECTORS(pEraseInit->NbSectors + pEraseInit->Sector));
 194:Drivers/STM32F4xx_HAL_Driver/Src/stm32f4xx_hal_flash_ex.c **** 
 195:Drivers/STM32F4xx_HAL_Driver/Src/stm32f4xx_hal_flash_ex.c ****       /* Erase by sector by sector to be done*/
 196:Drivers/STM32F4xx_HAL_Driver/Src/stm32f4xx_hal_flash_ex.c ****       for (index = pEraseInit->Sector; index < (pEraseInit->NbSectors + pEraseInit->Sector); index+
 197:Drivers/STM32F4xx_HAL_Driver/Src/stm32f4xx_hal_flash_ex.c ****       {
 198:Drivers/STM32F4xx_HAL_Driver/Src/stm32f4xx_hal_flash_ex.c ****         FLASH_Erase_Sector(index, (uint8_t) pEraseInit->VoltageRange);
 199:Drivers/STM32F4xx_HAL_Driver/Src/stm32f4xx_hal_flash_ex.c **** 
 200:Drivers/STM32F4xx_HAL_Driver/Src/stm32f4xx_hal_flash_ex.c ****         /* Wait for last operation to be completed */
 201:Drivers/STM32F4xx_HAL_Driver/Src/stm32f4xx_hal_flash_ex.c ****         status = FLASH_WaitForLastOperation((uint32_t)FLASH_TIMEOUT_VALUE);
ARM GAS  C:\msys64\tmp\ccTz5ysZ.s 			page 5


 202:Drivers/STM32F4xx_HAL_Driver/Src/stm32f4xx_hal_flash_ex.c **** 
 203:Drivers/STM32F4xx_HAL_Driver/Src/stm32f4xx_hal_flash_ex.c ****         /* If the erase operation is completed, disable the SER and SNB Bits */
 204:Drivers/STM32F4xx_HAL_Driver/Src/stm32f4xx_hal_flash_ex.c ****         CLEAR_BIT(FLASH->CR, (FLASH_CR_SER | FLASH_CR_SNB));
 205:Drivers/STM32F4xx_HAL_Driver/Src/stm32f4xx_hal_flash_ex.c **** 
 206:Drivers/STM32F4xx_HAL_Driver/Src/stm32f4xx_hal_flash_ex.c ****         if (status != HAL_OK)
 207:Drivers/STM32F4xx_HAL_Driver/Src/stm32f4xx_hal_flash_ex.c ****         {
 208:Drivers/STM32F4xx_HAL_Driver/Src/stm32f4xx_hal_flash_ex.c ****           /* In case of error, stop erase procedure and return the faulty sector*/
 209:Drivers/STM32F4xx_HAL_Driver/Src/stm32f4xx_hal_flash_ex.c ****           *SectorError = index;
 210:Drivers/STM32F4xx_HAL_Driver/Src/stm32f4xx_hal_flash_ex.c ****           break;
 211:Drivers/STM32F4xx_HAL_Driver/Src/stm32f4xx_hal_flash_ex.c ****         }
 212:Drivers/STM32F4xx_HAL_Driver/Src/stm32f4xx_hal_flash_ex.c ****       }
 213:Drivers/STM32F4xx_HAL_Driver/Src/stm32f4xx_hal_flash_ex.c ****     }
 214:Drivers/STM32F4xx_HAL_Driver/Src/stm32f4xx_hal_flash_ex.c ****     /* Flush the caches to be sure of the data consistency */
 215:Drivers/STM32F4xx_HAL_Driver/Src/stm32f4xx_hal_flash_ex.c ****     FLASH_FlushCaches();
 216:Drivers/STM32F4xx_HAL_Driver/Src/stm32f4xx_hal_flash_ex.c ****   }
 217:Drivers/STM32F4xx_HAL_Driver/Src/stm32f4xx_hal_flash_ex.c **** 
 218:Drivers/STM32F4xx_HAL_Driver/Src/stm32f4xx_hal_flash_ex.c ****   /* Process Unlocked */
 219:Drivers/STM32F4xx_HAL_Driver/Src/stm32f4xx_hal_flash_ex.c ****   __HAL_UNLOCK(&pFlash);
 220:Drivers/STM32F4xx_HAL_Driver/Src/stm32f4xx_hal_flash_ex.c **** 
 221:Drivers/STM32F4xx_HAL_Driver/Src/stm32f4xx_hal_flash_ex.c ****   return status;
 222:Drivers/STM32F4xx_HAL_Driver/Src/stm32f4xx_hal_flash_ex.c **** }
 223:Drivers/STM32F4xx_HAL_Driver/Src/stm32f4xx_hal_flash_ex.c **** 
 224:Drivers/STM32F4xx_HAL_Driver/Src/stm32f4xx_hal_flash_ex.c **** /**
 225:Drivers/STM32F4xx_HAL_Driver/Src/stm32f4xx_hal_flash_ex.c ****   * @brief  Perform a mass erase or erase the specified FLASH memory sectors  with interrupt enable
 226:Drivers/STM32F4xx_HAL_Driver/Src/stm32f4xx_hal_flash_ex.c ****   * @param  pEraseInit pointer to an FLASH_EraseInitTypeDef structure that
 227:Drivers/STM32F4xx_HAL_Driver/Src/stm32f4xx_hal_flash_ex.c ****   *         contains the configuration information for the erasing.
 228:Drivers/STM32F4xx_HAL_Driver/Src/stm32f4xx_hal_flash_ex.c ****   *
 229:Drivers/STM32F4xx_HAL_Driver/Src/stm32f4xx_hal_flash_ex.c ****   * @retval HAL Status
 230:Drivers/STM32F4xx_HAL_Driver/Src/stm32f4xx_hal_flash_ex.c ****   */
 231:Drivers/STM32F4xx_HAL_Driver/Src/stm32f4xx_hal_flash_ex.c **** HAL_StatusTypeDef HAL_FLASHEx_Erase_IT(FLASH_EraseInitTypeDef *pEraseInit)
 232:Drivers/STM32F4xx_HAL_Driver/Src/stm32f4xx_hal_flash_ex.c **** {
 233:Drivers/STM32F4xx_HAL_Driver/Src/stm32f4xx_hal_flash_ex.c ****   HAL_StatusTypeDef status = HAL_OK;
 234:Drivers/STM32F4xx_HAL_Driver/Src/stm32f4xx_hal_flash_ex.c **** 
 235:Drivers/STM32F4xx_HAL_Driver/Src/stm32f4xx_hal_flash_ex.c ****   /* Check the parameters */
 236:Drivers/STM32F4xx_HAL_Driver/Src/stm32f4xx_hal_flash_ex.c ****   assert_param(IS_FLASH_TYPEERASE(pEraseInit->TypeErase));
 237:Drivers/STM32F4xx_HAL_Driver/Src/stm32f4xx_hal_flash_ex.c **** 
 238:Drivers/STM32F4xx_HAL_Driver/Src/stm32f4xx_hal_flash_ex.c ****   /* Enable End of FLASH Operation interrupt */
 239:Drivers/STM32F4xx_HAL_Driver/Src/stm32f4xx_hal_flash_ex.c ****   __HAL_FLASH_ENABLE_IT(FLASH_IT_EOP);
 240:Drivers/STM32F4xx_HAL_Driver/Src/stm32f4xx_hal_flash_ex.c **** 
 241:Drivers/STM32F4xx_HAL_Driver/Src/stm32f4xx_hal_flash_ex.c ****   /* Enable Error source interrupt */
 242:Drivers/STM32F4xx_HAL_Driver/Src/stm32f4xx_hal_flash_ex.c ****   __HAL_FLASH_ENABLE_IT(FLASH_IT_ERR);
 243:Drivers/STM32F4xx_HAL_Driver/Src/stm32f4xx_hal_flash_ex.c **** 
 244:Drivers/STM32F4xx_HAL_Driver/Src/stm32f4xx_hal_flash_ex.c ****   /* Clear pending flags (if any) */
 245:Drivers/STM32F4xx_HAL_Driver/Src/stm32f4xx_hal_flash_ex.c ****   __HAL_FLASH_CLEAR_FLAG(FLASH_FLAG_EOP    | FLASH_FLAG_OPERR | FLASH_FLAG_WRPERR | \
 246:Drivers/STM32F4xx_HAL_Driver/Src/stm32f4xx_hal_flash_ex.c ****                          FLASH_FLAG_PGAERR | FLASH_FLAG_PGPERR | FLASH_FLAG_PGSERR);
 247:Drivers/STM32F4xx_HAL_Driver/Src/stm32f4xx_hal_flash_ex.c **** 
 248:Drivers/STM32F4xx_HAL_Driver/Src/stm32f4xx_hal_flash_ex.c ****   if (pEraseInit->TypeErase == FLASH_TYPEERASE_MASSERASE)
 249:Drivers/STM32F4xx_HAL_Driver/Src/stm32f4xx_hal_flash_ex.c ****   {
 250:Drivers/STM32F4xx_HAL_Driver/Src/stm32f4xx_hal_flash_ex.c ****     /*Mass erase to be done*/
 251:Drivers/STM32F4xx_HAL_Driver/Src/stm32f4xx_hal_flash_ex.c ****     pFlash.ProcedureOnGoing = FLASH_PROC_MASSERASE;
 252:Drivers/STM32F4xx_HAL_Driver/Src/stm32f4xx_hal_flash_ex.c ****     pFlash.Bank = pEraseInit->Banks;
 253:Drivers/STM32F4xx_HAL_Driver/Src/stm32f4xx_hal_flash_ex.c ****     FLASH_MassErase((uint8_t) pEraseInit->VoltageRange, pEraseInit->Banks);
 254:Drivers/STM32F4xx_HAL_Driver/Src/stm32f4xx_hal_flash_ex.c ****   }
 255:Drivers/STM32F4xx_HAL_Driver/Src/stm32f4xx_hal_flash_ex.c ****   else
 256:Drivers/STM32F4xx_HAL_Driver/Src/stm32f4xx_hal_flash_ex.c ****   {
 257:Drivers/STM32F4xx_HAL_Driver/Src/stm32f4xx_hal_flash_ex.c ****     /* Erase by sector to be done*/
 258:Drivers/STM32F4xx_HAL_Driver/Src/stm32f4xx_hal_flash_ex.c **** 
ARM GAS  C:\msys64\tmp\ccTz5ysZ.s 			page 6


 259:Drivers/STM32F4xx_HAL_Driver/Src/stm32f4xx_hal_flash_ex.c ****     /* Check the parameters */
 260:Drivers/STM32F4xx_HAL_Driver/Src/stm32f4xx_hal_flash_ex.c ****     assert_param(IS_FLASH_NBSECTORS(pEraseInit->NbSectors + pEraseInit->Sector));
 261:Drivers/STM32F4xx_HAL_Driver/Src/stm32f4xx_hal_flash_ex.c **** 
 262:Drivers/STM32F4xx_HAL_Driver/Src/stm32f4xx_hal_flash_ex.c ****     pFlash.ProcedureOnGoing = FLASH_PROC_SECTERASE;
 263:Drivers/STM32F4xx_HAL_Driver/Src/stm32f4xx_hal_flash_ex.c ****     pFlash.NbSectorsToErase = pEraseInit->NbSectors;
 264:Drivers/STM32F4xx_HAL_Driver/Src/stm32f4xx_hal_flash_ex.c ****     pFlash.Sector = pEraseInit->Sector;
 265:Drivers/STM32F4xx_HAL_Driver/Src/stm32f4xx_hal_flash_ex.c ****     pFlash.VoltageForErase = (uint8_t)pEraseInit->VoltageRange;
 266:Drivers/STM32F4xx_HAL_Driver/Src/stm32f4xx_hal_flash_ex.c **** 
 267:Drivers/STM32F4xx_HAL_Driver/Src/stm32f4xx_hal_flash_ex.c ****     /*Erase 1st sector and wait for IT*/
 268:Drivers/STM32F4xx_HAL_Driver/Src/stm32f4xx_hal_flash_ex.c ****     FLASH_Erase_Sector(pEraseInit->Sector, pEraseInit->VoltageRange);
 269:Drivers/STM32F4xx_HAL_Driver/Src/stm32f4xx_hal_flash_ex.c ****   }
 270:Drivers/STM32F4xx_HAL_Driver/Src/stm32f4xx_hal_flash_ex.c **** 
 271:Drivers/STM32F4xx_HAL_Driver/Src/stm32f4xx_hal_flash_ex.c ****   return status;
 272:Drivers/STM32F4xx_HAL_Driver/Src/stm32f4xx_hal_flash_ex.c **** }
 273:Drivers/STM32F4xx_HAL_Driver/Src/stm32f4xx_hal_flash_ex.c **** 
 274:Drivers/STM32F4xx_HAL_Driver/Src/stm32f4xx_hal_flash_ex.c **** /**
 275:Drivers/STM32F4xx_HAL_Driver/Src/stm32f4xx_hal_flash_ex.c ****   * @brief   Program option bytes
 276:Drivers/STM32F4xx_HAL_Driver/Src/stm32f4xx_hal_flash_ex.c ****   * @param  pOBInit pointer to an FLASH_OBInitStruct structure that
 277:Drivers/STM32F4xx_HAL_Driver/Src/stm32f4xx_hal_flash_ex.c ****   *         contains the configuration information for the programming.
 278:Drivers/STM32F4xx_HAL_Driver/Src/stm32f4xx_hal_flash_ex.c ****   *
 279:Drivers/STM32F4xx_HAL_Driver/Src/stm32f4xx_hal_flash_ex.c ****   * @retval HAL Status
 280:Drivers/STM32F4xx_HAL_Driver/Src/stm32f4xx_hal_flash_ex.c ****   */
 281:Drivers/STM32F4xx_HAL_Driver/Src/stm32f4xx_hal_flash_ex.c **** HAL_StatusTypeDef HAL_FLASHEx_OBProgram(FLASH_OBProgramInitTypeDef *pOBInit)
 282:Drivers/STM32F4xx_HAL_Driver/Src/stm32f4xx_hal_flash_ex.c **** {
 283:Drivers/STM32F4xx_HAL_Driver/Src/stm32f4xx_hal_flash_ex.c ****   HAL_StatusTypeDef status = HAL_ERROR;
 284:Drivers/STM32F4xx_HAL_Driver/Src/stm32f4xx_hal_flash_ex.c **** 
 285:Drivers/STM32F4xx_HAL_Driver/Src/stm32f4xx_hal_flash_ex.c ****   /* Process Locked */
 286:Drivers/STM32F4xx_HAL_Driver/Src/stm32f4xx_hal_flash_ex.c ****   __HAL_LOCK(&pFlash);
 287:Drivers/STM32F4xx_HAL_Driver/Src/stm32f4xx_hal_flash_ex.c **** 
 288:Drivers/STM32F4xx_HAL_Driver/Src/stm32f4xx_hal_flash_ex.c ****   /* Check the parameters */
 289:Drivers/STM32F4xx_HAL_Driver/Src/stm32f4xx_hal_flash_ex.c ****   assert_param(IS_OPTIONBYTE(pOBInit->OptionType));
 290:Drivers/STM32F4xx_HAL_Driver/Src/stm32f4xx_hal_flash_ex.c **** 
 291:Drivers/STM32F4xx_HAL_Driver/Src/stm32f4xx_hal_flash_ex.c ****   /*Write protection configuration*/
 292:Drivers/STM32F4xx_HAL_Driver/Src/stm32f4xx_hal_flash_ex.c ****   if ((pOBInit->OptionType & OPTIONBYTE_WRP) == OPTIONBYTE_WRP)
 293:Drivers/STM32F4xx_HAL_Driver/Src/stm32f4xx_hal_flash_ex.c ****   {
 294:Drivers/STM32F4xx_HAL_Driver/Src/stm32f4xx_hal_flash_ex.c ****     assert_param(IS_WRPSTATE(pOBInit->WRPState));
 295:Drivers/STM32F4xx_HAL_Driver/Src/stm32f4xx_hal_flash_ex.c ****     if (pOBInit->WRPState == OB_WRPSTATE_ENABLE)
 296:Drivers/STM32F4xx_HAL_Driver/Src/stm32f4xx_hal_flash_ex.c ****     {
 297:Drivers/STM32F4xx_HAL_Driver/Src/stm32f4xx_hal_flash_ex.c ****       /*Enable of Write protection on the selected Sector*/
 298:Drivers/STM32F4xx_HAL_Driver/Src/stm32f4xx_hal_flash_ex.c ****       status = FLASH_OB_EnableWRP(pOBInit->WRPSector, pOBInit->Banks);
 299:Drivers/STM32F4xx_HAL_Driver/Src/stm32f4xx_hal_flash_ex.c ****     }
 300:Drivers/STM32F4xx_HAL_Driver/Src/stm32f4xx_hal_flash_ex.c ****     else
 301:Drivers/STM32F4xx_HAL_Driver/Src/stm32f4xx_hal_flash_ex.c ****     {
 302:Drivers/STM32F4xx_HAL_Driver/Src/stm32f4xx_hal_flash_ex.c ****       /*Disable of Write protection on the selected Sector*/
 303:Drivers/STM32F4xx_HAL_Driver/Src/stm32f4xx_hal_flash_ex.c ****       status = FLASH_OB_DisableWRP(pOBInit->WRPSector, pOBInit->Banks);
 304:Drivers/STM32F4xx_HAL_Driver/Src/stm32f4xx_hal_flash_ex.c ****     }
 305:Drivers/STM32F4xx_HAL_Driver/Src/stm32f4xx_hal_flash_ex.c ****   }
 306:Drivers/STM32F4xx_HAL_Driver/Src/stm32f4xx_hal_flash_ex.c **** 
 307:Drivers/STM32F4xx_HAL_Driver/Src/stm32f4xx_hal_flash_ex.c ****   /*Read protection configuration*/
 308:Drivers/STM32F4xx_HAL_Driver/Src/stm32f4xx_hal_flash_ex.c ****   if ((pOBInit->OptionType & OPTIONBYTE_RDP) == OPTIONBYTE_RDP)
 309:Drivers/STM32F4xx_HAL_Driver/Src/stm32f4xx_hal_flash_ex.c ****   {
 310:Drivers/STM32F4xx_HAL_Driver/Src/stm32f4xx_hal_flash_ex.c ****     status = FLASH_OB_RDP_LevelConfig(pOBInit->RDPLevel);
 311:Drivers/STM32F4xx_HAL_Driver/Src/stm32f4xx_hal_flash_ex.c ****   }
 312:Drivers/STM32F4xx_HAL_Driver/Src/stm32f4xx_hal_flash_ex.c **** 
 313:Drivers/STM32F4xx_HAL_Driver/Src/stm32f4xx_hal_flash_ex.c ****   /*USER  configuration*/
 314:Drivers/STM32F4xx_HAL_Driver/Src/stm32f4xx_hal_flash_ex.c ****   if ((pOBInit->OptionType & OPTIONBYTE_USER) == OPTIONBYTE_USER)
 315:Drivers/STM32F4xx_HAL_Driver/Src/stm32f4xx_hal_flash_ex.c ****   {
ARM GAS  C:\msys64\tmp\ccTz5ysZ.s 			page 7


 316:Drivers/STM32F4xx_HAL_Driver/Src/stm32f4xx_hal_flash_ex.c ****     status = FLASH_OB_UserConfig(pOBInit->USERConfig & OB_IWDG_SW,
 317:Drivers/STM32F4xx_HAL_Driver/Src/stm32f4xx_hal_flash_ex.c ****                                  pOBInit->USERConfig & OB_STOP_NO_RST,
 318:Drivers/STM32F4xx_HAL_Driver/Src/stm32f4xx_hal_flash_ex.c ****                                  pOBInit->USERConfig & OB_STDBY_NO_RST);
 319:Drivers/STM32F4xx_HAL_Driver/Src/stm32f4xx_hal_flash_ex.c ****   }
 320:Drivers/STM32F4xx_HAL_Driver/Src/stm32f4xx_hal_flash_ex.c **** 
 321:Drivers/STM32F4xx_HAL_Driver/Src/stm32f4xx_hal_flash_ex.c ****   /*BOR Level  configuration*/
 322:Drivers/STM32F4xx_HAL_Driver/Src/stm32f4xx_hal_flash_ex.c ****   if ((pOBInit->OptionType & OPTIONBYTE_BOR) == OPTIONBYTE_BOR)
 323:Drivers/STM32F4xx_HAL_Driver/Src/stm32f4xx_hal_flash_ex.c ****   {
 324:Drivers/STM32F4xx_HAL_Driver/Src/stm32f4xx_hal_flash_ex.c ****     status = FLASH_OB_BOR_LevelConfig(pOBInit->BORLevel);
 325:Drivers/STM32F4xx_HAL_Driver/Src/stm32f4xx_hal_flash_ex.c ****   }
 326:Drivers/STM32F4xx_HAL_Driver/Src/stm32f4xx_hal_flash_ex.c **** 
 327:Drivers/STM32F4xx_HAL_Driver/Src/stm32f4xx_hal_flash_ex.c ****   /* Process Unlocked */
 328:Drivers/STM32F4xx_HAL_Driver/Src/stm32f4xx_hal_flash_ex.c ****   __HAL_UNLOCK(&pFlash);
 329:Drivers/STM32F4xx_HAL_Driver/Src/stm32f4xx_hal_flash_ex.c **** 
 330:Drivers/STM32F4xx_HAL_Driver/Src/stm32f4xx_hal_flash_ex.c ****   return status;
 331:Drivers/STM32F4xx_HAL_Driver/Src/stm32f4xx_hal_flash_ex.c **** }
 332:Drivers/STM32F4xx_HAL_Driver/Src/stm32f4xx_hal_flash_ex.c **** 
 333:Drivers/STM32F4xx_HAL_Driver/Src/stm32f4xx_hal_flash_ex.c **** /**
 334:Drivers/STM32F4xx_HAL_Driver/Src/stm32f4xx_hal_flash_ex.c ****   * @brief   Get the Option byte configuration
 335:Drivers/STM32F4xx_HAL_Driver/Src/stm32f4xx_hal_flash_ex.c ****   * @param  pOBInit pointer to an FLASH_OBInitStruct structure that
 336:Drivers/STM32F4xx_HAL_Driver/Src/stm32f4xx_hal_flash_ex.c ****   *         contains the configuration information for the programming.
 337:Drivers/STM32F4xx_HAL_Driver/Src/stm32f4xx_hal_flash_ex.c ****   *
 338:Drivers/STM32F4xx_HAL_Driver/Src/stm32f4xx_hal_flash_ex.c ****   * @retval None
 339:Drivers/STM32F4xx_HAL_Driver/Src/stm32f4xx_hal_flash_ex.c ****   */
 340:Drivers/STM32F4xx_HAL_Driver/Src/stm32f4xx_hal_flash_ex.c **** void HAL_FLASHEx_OBGetConfig(FLASH_OBProgramInitTypeDef *pOBInit)
 341:Drivers/STM32F4xx_HAL_Driver/Src/stm32f4xx_hal_flash_ex.c **** {
 342:Drivers/STM32F4xx_HAL_Driver/Src/stm32f4xx_hal_flash_ex.c ****   pOBInit->OptionType = OPTIONBYTE_WRP | OPTIONBYTE_RDP | OPTIONBYTE_USER | OPTIONBYTE_BOR;
 343:Drivers/STM32F4xx_HAL_Driver/Src/stm32f4xx_hal_flash_ex.c **** 
 344:Drivers/STM32F4xx_HAL_Driver/Src/stm32f4xx_hal_flash_ex.c ****   /*Get WRP*/
 345:Drivers/STM32F4xx_HAL_Driver/Src/stm32f4xx_hal_flash_ex.c ****   pOBInit->WRPSector = (uint32_t)FLASH_OB_GetWRP();
 346:Drivers/STM32F4xx_HAL_Driver/Src/stm32f4xx_hal_flash_ex.c **** 
 347:Drivers/STM32F4xx_HAL_Driver/Src/stm32f4xx_hal_flash_ex.c ****   /*Get RDP Level*/
 348:Drivers/STM32F4xx_HAL_Driver/Src/stm32f4xx_hal_flash_ex.c ****   pOBInit->RDPLevel = (uint32_t)FLASH_OB_GetRDP();
 349:Drivers/STM32F4xx_HAL_Driver/Src/stm32f4xx_hal_flash_ex.c **** 
 350:Drivers/STM32F4xx_HAL_Driver/Src/stm32f4xx_hal_flash_ex.c ****   /*Get USER*/
 351:Drivers/STM32F4xx_HAL_Driver/Src/stm32f4xx_hal_flash_ex.c ****   pOBInit->USERConfig = (uint8_t)FLASH_OB_GetUser();
 352:Drivers/STM32F4xx_HAL_Driver/Src/stm32f4xx_hal_flash_ex.c **** 
 353:Drivers/STM32F4xx_HAL_Driver/Src/stm32f4xx_hal_flash_ex.c ****   /*Get BOR Level*/
 354:Drivers/STM32F4xx_HAL_Driver/Src/stm32f4xx_hal_flash_ex.c ****   pOBInit->BORLevel = (uint32_t)FLASH_OB_GetBOR();
 355:Drivers/STM32F4xx_HAL_Driver/Src/stm32f4xx_hal_flash_ex.c **** }
 356:Drivers/STM32F4xx_HAL_Driver/Src/stm32f4xx_hal_flash_ex.c **** 
 357:Drivers/STM32F4xx_HAL_Driver/Src/stm32f4xx_hal_flash_ex.c **** #if defined(STM32F427xx) || defined(STM32F437xx) || defined(STM32F429xx) || defined(STM32F439xx) ||
 358:Drivers/STM32F4xx_HAL_Driver/Src/stm32f4xx_hal_flash_ex.c ****     defined(STM32F401xC) || defined(STM32F401xE) || defined(STM32F410Tx) || defined(STM32F410Cx) ||
 359:Drivers/STM32F4xx_HAL_Driver/Src/stm32f4xx_hal_flash_ex.c ****     defined(STM32F410Rx) || defined(STM32F411xE) || defined(STM32F446xx) || defined(STM32F469xx) ||
 360:Drivers/STM32F4xx_HAL_Driver/Src/stm32f4xx_hal_flash_ex.c ****     defined(STM32F479xx) || defined(STM32F412Zx) || defined(STM32F412Vx) || defined(STM32F412Rx) ||
 361:Drivers/STM32F4xx_HAL_Driver/Src/stm32f4xx_hal_flash_ex.c ****     defined(STM32F412Cx) || defined(STM32F413xx) || defined(STM32F423xx)
 362:Drivers/STM32F4xx_HAL_Driver/Src/stm32f4xx_hal_flash_ex.c **** /**
 363:Drivers/STM32F4xx_HAL_Driver/Src/stm32f4xx_hal_flash_ex.c ****   * @brief   Program option bytes
 364:Drivers/STM32F4xx_HAL_Driver/Src/stm32f4xx_hal_flash_ex.c ****   * @param  pAdvOBInit pointer to an FLASH_AdvOBProgramInitTypeDef structure that
 365:Drivers/STM32F4xx_HAL_Driver/Src/stm32f4xx_hal_flash_ex.c ****   *         contains the configuration information for the programming.
 366:Drivers/STM32F4xx_HAL_Driver/Src/stm32f4xx_hal_flash_ex.c ****   *
 367:Drivers/STM32F4xx_HAL_Driver/Src/stm32f4xx_hal_flash_ex.c ****   * @retval HAL Status
 368:Drivers/STM32F4xx_HAL_Driver/Src/stm32f4xx_hal_flash_ex.c ****   */
 369:Drivers/STM32F4xx_HAL_Driver/Src/stm32f4xx_hal_flash_ex.c **** HAL_StatusTypeDef HAL_FLASHEx_AdvOBProgram(FLASH_AdvOBProgramInitTypeDef *pAdvOBInit)
 370:Drivers/STM32F4xx_HAL_Driver/Src/stm32f4xx_hal_flash_ex.c **** {
 371:Drivers/STM32F4xx_HAL_Driver/Src/stm32f4xx_hal_flash_ex.c ****   HAL_StatusTypeDef status = HAL_ERROR;
 372:Drivers/STM32F4xx_HAL_Driver/Src/stm32f4xx_hal_flash_ex.c **** 
ARM GAS  C:\msys64\tmp\ccTz5ysZ.s 			page 8


 373:Drivers/STM32F4xx_HAL_Driver/Src/stm32f4xx_hal_flash_ex.c ****   /* Check the parameters */
 374:Drivers/STM32F4xx_HAL_Driver/Src/stm32f4xx_hal_flash_ex.c ****   assert_param(IS_OBEX(pAdvOBInit->OptionType));
 375:Drivers/STM32F4xx_HAL_Driver/Src/stm32f4xx_hal_flash_ex.c **** 
 376:Drivers/STM32F4xx_HAL_Driver/Src/stm32f4xx_hal_flash_ex.c ****   /*Program PCROP option byte*/
 377:Drivers/STM32F4xx_HAL_Driver/Src/stm32f4xx_hal_flash_ex.c ****   if (((pAdvOBInit->OptionType) & OPTIONBYTE_PCROP) == OPTIONBYTE_PCROP)
 378:Drivers/STM32F4xx_HAL_Driver/Src/stm32f4xx_hal_flash_ex.c ****   {
 379:Drivers/STM32F4xx_HAL_Driver/Src/stm32f4xx_hal_flash_ex.c ****     /* Check the parameters */
 380:Drivers/STM32F4xx_HAL_Driver/Src/stm32f4xx_hal_flash_ex.c ****     assert_param(IS_PCROPSTATE(pAdvOBInit->PCROPState));
 381:Drivers/STM32F4xx_HAL_Driver/Src/stm32f4xx_hal_flash_ex.c ****     if ((pAdvOBInit->PCROPState) == OB_PCROP_STATE_ENABLE)
 382:Drivers/STM32F4xx_HAL_Driver/Src/stm32f4xx_hal_flash_ex.c ****     {
 383:Drivers/STM32F4xx_HAL_Driver/Src/stm32f4xx_hal_flash_ex.c ****       /*Enable of Write protection on the selected Sector*/
 384:Drivers/STM32F4xx_HAL_Driver/Src/stm32f4xx_hal_flash_ex.c **** #if defined(STM32F401xC) || defined(STM32F401xE) || defined(STM32F410Tx) || defined(STM32F410Cx) ||
 385:Drivers/STM32F4xx_HAL_Driver/Src/stm32f4xx_hal_flash_ex.c ****     defined(STM32F411xE) || defined(STM32F446xx) || defined(STM32F412Zx) || defined(STM32F412Vx) ||
 386:Drivers/STM32F4xx_HAL_Driver/Src/stm32f4xx_hal_flash_ex.c ****     defined(STM32F412Cx) || defined(STM32F413xx) || defined(STM32F423xx)
 387:Drivers/STM32F4xx_HAL_Driver/Src/stm32f4xx_hal_flash_ex.c ****       status = FLASH_OB_EnablePCROP(pAdvOBInit->Sectors);
 388:Drivers/STM32F4xx_HAL_Driver/Src/stm32f4xx_hal_flash_ex.c **** #else  /* STM32F427xx || STM32F437xx || STM32F429xx|| STM32F439xx || STM32F469xx || STM32F479xx */
 389:Drivers/STM32F4xx_HAL_Driver/Src/stm32f4xx_hal_flash_ex.c ****       status = FLASH_OB_EnablePCROP(pAdvOBInit->SectorsBank1, pAdvOBInit->SectorsBank2, pAdvOBInit-
 390:Drivers/STM32F4xx_HAL_Driver/Src/stm32f4xx_hal_flash_ex.c **** #endif /* STM32F401xC || STM32F401xE || STM32F410xx || STM32F411xE || STM32F446xx || STM32F412Zx ||
 391:Drivers/STM32F4xx_HAL_Driver/Src/stm32f4xx_hal_flash_ex.c ****           STM32F413xx || STM32F423xx */
 392:Drivers/STM32F4xx_HAL_Driver/Src/stm32f4xx_hal_flash_ex.c ****     }
 393:Drivers/STM32F4xx_HAL_Driver/Src/stm32f4xx_hal_flash_ex.c ****     else
 394:Drivers/STM32F4xx_HAL_Driver/Src/stm32f4xx_hal_flash_ex.c ****     {
 395:Drivers/STM32F4xx_HAL_Driver/Src/stm32f4xx_hal_flash_ex.c ****       /*Disable of Write protection on the selected Sector*/
 396:Drivers/STM32F4xx_HAL_Driver/Src/stm32f4xx_hal_flash_ex.c **** #if defined(STM32F401xC) || defined(STM32F401xE) || defined(STM32F410Tx) || defined(STM32F410Cx) ||
 397:Drivers/STM32F4xx_HAL_Driver/Src/stm32f4xx_hal_flash_ex.c ****     defined(STM32F411xE) || defined(STM32F446xx) || defined(STM32F412Zx) || defined(STM32F412Vx) ||
 398:Drivers/STM32F4xx_HAL_Driver/Src/stm32f4xx_hal_flash_ex.c ****     defined(STM32F412Cx) || defined(STM32F413xx) || defined(STM32F423xx)
 399:Drivers/STM32F4xx_HAL_Driver/Src/stm32f4xx_hal_flash_ex.c ****       status = FLASH_OB_DisablePCROP(pAdvOBInit->Sectors);
 400:Drivers/STM32F4xx_HAL_Driver/Src/stm32f4xx_hal_flash_ex.c **** #else /* STM32F427xx || STM32F437xx || STM32F429xx|| STM32F439xx || STM32F469xx || STM32F479xx */
 401:Drivers/STM32F4xx_HAL_Driver/Src/stm32f4xx_hal_flash_ex.c ****       status = FLASH_OB_DisablePCROP(pAdvOBInit->SectorsBank1, pAdvOBInit->SectorsBank2, pAdvOBInit
 402:Drivers/STM32F4xx_HAL_Driver/Src/stm32f4xx_hal_flash_ex.c **** #endif /* STM32F401xC || STM32F401xE || STM32F410xx || STM32F411xE || STM32F446xx || STM32F412Zx ||
 403:Drivers/STM32F4xx_HAL_Driver/Src/stm32f4xx_hal_flash_ex.c ****           STM32F413xx || STM32F423xx */
 404:Drivers/STM32F4xx_HAL_Driver/Src/stm32f4xx_hal_flash_ex.c ****     }
 405:Drivers/STM32F4xx_HAL_Driver/Src/stm32f4xx_hal_flash_ex.c ****   }
 406:Drivers/STM32F4xx_HAL_Driver/Src/stm32f4xx_hal_flash_ex.c **** 
 407:Drivers/STM32F4xx_HAL_Driver/Src/stm32f4xx_hal_flash_ex.c **** #if defined(STM32F427xx) || defined(STM32F437xx) || defined(STM32F429xx) || defined(STM32F439xx) ||
 408:Drivers/STM32F4xx_HAL_Driver/Src/stm32f4xx_hal_flash_ex.c ****   /*Program BOOT config option byte*/
 409:Drivers/STM32F4xx_HAL_Driver/Src/stm32f4xx_hal_flash_ex.c ****   if (((pAdvOBInit->OptionType) & OPTIONBYTE_BOOTCONFIG) == OPTIONBYTE_BOOTCONFIG)
 410:Drivers/STM32F4xx_HAL_Driver/Src/stm32f4xx_hal_flash_ex.c ****   {
 411:Drivers/STM32F4xx_HAL_Driver/Src/stm32f4xx_hal_flash_ex.c ****     status = FLASH_OB_BootConfig(pAdvOBInit->BootConfig);
 412:Drivers/STM32F4xx_HAL_Driver/Src/stm32f4xx_hal_flash_ex.c ****   }
 413:Drivers/STM32F4xx_HAL_Driver/Src/stm32f4xx_hal_flash_ex.c **** #endif /* STM32F427xx || STM32F437xx || STM32F429xx || STM32F439xx || STM32F469xx || STM32F479xx */
 414:Drivers/STM32F4xx_HAL_Driver/Src/stm32f4xx_hal_flash_ex.c **** 
 415:Drivers/STM32F4xx_HAL_Driver/Src/stm32f4xx_hal_flash_ex.c ****   return status;
 416:Drivers/STM32F4xx_HAL_Driver/Src/stm32f4xx_hal_flash_ex.c **** }
 417:Drivers/STM32F4xx_HAL_Driver/Src/stm32f4xx_hal_flash_ex.c **** 
 418:Drivers/STM32F4xx_HAL_Driver/Src/stm32f4xx_hal_flash_ex.c **** /**
 419:Drivers/STM32F4xx_HAL_Driver/Src/stm32f4xx_hal_flash_ex.c ****   * @brief   Get the OBEX byte configuration
 420:Drivers/STM32F4xx_HAL_Driver/Src/stm32f4xx_hal_flash_ex.c ****   * @param  pAdvOBInit pointer to an FLASH_AdvOBProgramInitTypeDef structure that
 421:Drivers/STM32F4xx_HAL_Driver/Src/stm32f4xx_hal_flash_ex.c ****   *         contains the configuration information for the programming.
 422:Drivers/STM32F4xx_HAL_Driver/Src/stm32f4xx_hal_flash_ex.c ****   *
 423:Drivers/STM32F4xx_HAL_Driver/Src/stm32f4xx_hal_flash_ex.c ****   * @retval None
 424:Drivers/STM32F4xx_HAL_Driver/Src/stm32f4xx_hal_flash_ex.c ****   */
 425:Drivers/STM32F4xx_HAL_Driver/Src/stm32f4xx_hal_flash_ex.c **** void HAL_FLASHEx_AdvOBGetConfig(FLASH_AdvOBProgramInitTypeDef *pAdvOBInit)
 426:Drivers/STM32F4xx_HAL_Driver/Src/stm32f4xx_hal_flash_ex.c **** {
 427:Drivers/STM32F4xx_HAL_Driver/Src/stm32f4xx_hal_flash_ex.c **** #if defined(STM32F401xC) || defined(STM32F401xE) || defined(STM32F410Tx) || defined(STM32F410Cx) ||
 428:Drivers/STM32F4xx_HAL_Driver/Src/stm32f4xx_hal_flash_ex.c ****     defined(STM32F411xE) || defined(STM32F446xx) || defined(STM32F412Zx) || defined(STM32F412Vx) ||
 429:Drivers/STM32F4xx_HAL_Driver/Src/stm32f4xx_hal_flash_ex.c ****     defined(STM32F412Cx) || defined(STM32F413xx) || defined(STM32F423xx)
ARM GAS  C:\msys64\tmp\ccTz5ysZ.s 			page 9


 430:Drivers/STM32F4xx_HAL_Driver/Src/stm32f4xx_hal_flash_ex.c ****   /*Get Sector*/
 431:Drivers/STM32F4xx_HAL_Driver/Src/stm32f4xx_hal_flash_ex.c ****   pAdvOBInit->Sectors = (*(__IO uint16_t *)(OPTCR_BYTE2_ADDRESS));
 432:Drivers/STM32F4xx_HAL_Driver/Src/stm32f4xx_hal_flash_ex.c **** #else  /* STM32F427xx || STM32F437xx || STM32F429xx|| STM32F439xx || STM32F469xx || STM32F479xx */
 433:Drivers/STM32F4xx_HAL_Driver/Src/stm32f4xx_hal_flash_ex.c ****   /*Get Sector for Bank1*/
 434:Drivers/STM32F4xx_HAL_Driver/Src/stm32f4xx_hal_flash_ex.c ****   pAdvOBInit->SectorsBank1 = (*(__IO uint16_t *)(OPTCR_BYTE2_ADDRESS));
 435:Drivers/STM32F4xx_HAL_Driver/Src/stm32f4xx_hal_flash_ex.c **** 
 436:Drivers/STM32F4xx_HAL_Driver/Src/stm32f4xx_hal_flash_ex.c ****   /*Get Sector for Bank2*/
 437:Drivers/STM32F4xx_HAL_Driver/Src/stm32f4xx_hal_flash_ex.c ****   pAdvOBInit->SectorsBank2 = (*(__IO uint16_t *)(OPTCR1_BYTE2_ADDRESS));
 438:Drivers/STM32F4xx_HAL_Driver/Src/stm32f4xx_hal_flash_ex.c **** 
 439:Drivers/STM32F4xx_HAL_Driver/Src/stm32f4xx_hal_flash_ex.c ****   /*Get Boot config OB*/
 440:Drivers/STM32F4xx_HAL_Driver/Src/stm32f4xx_hal_flash_ex.c ****   pAdvOBInit->BootConfig = *(__IO uint8_t *)OPTCR_BYTE0_ADDRESS;
 441:Drivers/STM32F4xx_HAL_Driver/Src/stm32f4xx_hal_flash_ex.c **** #endif /* STM32F401xC || STM32F401xE || STM32F410xx || STM32F411xE || STM32F446xx || STM32F412Zx ||
 442:Drivers/STM32F4xx_HAL_Driver/Src/stm32f4xx_hal_flash_ex.c ****           STM32F413xx || STM32F423xx */
 443:Drivers/STM32F4xx_HAL_Driver/Src/stm32f4xx_hal_flash_ex.c **** }
 444:Drivers/STM32F4xx_HAL_Driver/Src/stm32f4xx_hal_flash_ex.c **** 
 445:Drivers/STM32F4xx_HAL_Driver/Src/stm32f4xx_hal_flash_ex.c **** /**
 446:Drivers/STM32F4xx_HAL_Driver/Src/stm32f4xx_hal_flash_ex.c ****   * @brief  Select the Protection Mode
 447:Drivers/STM32F4xx_HAL_Driver/Src/stm32f4xx_hal_flash_ex.c ****   *
 448:Drivers/STM32F4xx_HAL_Driver/Src/stm32f4xx_hal_flash_ex.c ****   * @note   After PCROP activated Option Byte modification NOT POSSIBLE! excepted
 449:Drivers/STM32F4xx_HAL_Driver/Src/stm32f4xx_hal_flash_ex.c ****   *         Global Read Out Protection modification (from level1 to level0)
 450:Drivers/STM32F4xx_HAL_Driver/Src/stm32f4xx_hal_flash_ex.c ****   * @note   Once SPRMOD bit is active unprotection of a protected sector is not possible
 451:Drivers/STM32F4xx_HAL_Driver/Src/stm32f4xx_hal_flash_ex.c ****   * @note   Read a protected sector will set RDERR Flag and write a protected sector will set WRPER
 452:Drivers/STM32F4xx_HAL_Driver/Src/stm32f4xx_hal_flash_ex.c ****   * @note   This function can be used only for STM32F42xxx/STM32F43xxx/STM32F401xx/STM32F411xx/STM3
 453:Drivers/STM32F4xx_HAL_Driver/Src/stm32f4xx_hal_flash_ex.c ****   *         STM32F469xx/STM32F479xx/STM32F412xx/STM32F413xx devices.
 454:Drivers/STM32F4xx_HAL_Driver/Src/stm32f4xx_hal_flash_ex.c ****   *
 455:Drivers/STM32F4xx_HAL_Driver/Src/stm32f4xx_hal_flash_ex.c ****   * @retval HAL Status
 456:Drivers/STM32F4xx_HAL_Driver/Src/stm32f4xx_hal_flash_ex.c ****   */
 457:Drivers/STM32F4xx_HAL_Driver/Src/stm32f4xx_hal_flash_ex.c **** HAL_StatusTypeDef HAL_FLASHEx_OB_SelectPCROP(void)
 458:Drivers/STM32F4xx_HAL_Driver/Src/stm32f4xx_hal_flash_ex.c **** {
 459:Drivers/STM32F4xx_HAL_Driver/Src/stm32f4xx_hal_flash_ex.c ****   uint8_t optiontmp;
 460:Drivers/STM32F4xx_HAL_Driver/Src/stm32f4xx_hal_flash_ex.c **** 
 461:Drivers/STM32F4xx_HAL_Driver/Src/stm32f4xx_hal_flash_ex.c ****   /* Mask SPRMOD bit */
 462:Drivers/STM32F4xx_HAL_Driver/Src/stm32f4xx_hal_flash_ex.c ****   optiontmp = (uint8_t)((*(__IO uint8_t *)OPTCR_BYTE3_ADDRESS) & (uint8_t)0x7F);
 463:Drivers/STM32F4xx_HAL_Driver/Src/stm32f4xx_hal_flash_ex.c **** 
 464:Drivers/STM32F4xx_HAL_Driver/Src/stm32f4xx_hal_flash_ex.c ****   /* Update Option Byte */
 465:Drivers/STM32F4xx_HAL_Driver/Src/stm32f4xx_hal_flash_ex.c ****   *(__IO uint8_t *)OPTCR_BYTE3_ADDRESS = (uint8_t)(OB_PCROP_SELECTED | optiontmp);
 466:Drivers/STM32F4xx_HAL_Driver/Src/stm32f4xx_hal_flash_ex.c **** 
 467:Drivers/STM32F4xx_HAL_Driver/Src/stm32f4xx_hal_flash_ex.c ****   return HAL_OK;
 468:Drivers/STM32F4xx_HAL_Driver/Src/stm32f4xx_hal_flash_ex.c **** }
 469:Drivers/STM32F4xx_HAL_Driver/Src/stm32f4xx_hal_flash_ex.c **** 
 470:Drivers/STM32F4xx_HAL_Driver/Src/stm32f4xx_hal_flash_ex.c **** /**
 471:Drivers/STM32F4xx_HAL_Driver/Src/stm32f4xx_hal_flash_ex.c ****   * @brief  Deselect the Protection Mode
 472:Drivers/STM32F4xx_HAL_Driver/Src/stm32f4xx_hal_flash_ex.c ****   *
 473:Drivers/STM32F4xx_HAL_Driver/Src/stm32f4xx_hal_flash_ex.c ****   * @note   After PCROP activated Option Byte modification NOT POSSIBLE! excepted
 474:Drivers/STM32F4xx_HAL_Driver/Src/stm32f4xx_hal_flash_ex.c ****   *         Global Read Out Protection modification (from level1 to level0)
 475:Drivers/STM32F4xx_HAL_Driver/Src/stm32f4xx_hal_flash_ex.c ****   * @note   Once SPRMOD bit is active unprotection of a protected sector is not possible
 476:Drivers/STM32F4xx_HAL_Driver/Src/stm32f4xx_hal_flash_ex.c ****   * @note   Read a protected sector will set RDERR Flag and write a protected sector will set WRPER
 477:Drivers/STM32F4xx_HAL_Driver/Src/stm32f4xx_hal_flash_ex.c ****   * @note   This function can be used only for STM32F42xxx/STM32F43xxx/STM32F401xx/STM32F411xx/STM3
 478:Drivers/STM32F4xx_HAL_Driver/Src/stm32f4xx_hal_flash_ex.c ****   *         STM32F469xx/STM32F479xx/STM32F412xx/STM32F413xx devices.
 479:Drivers/STM32F4xx_HAL_Driver/Src/stm32f4xx_hal_flash_ex.c ****   *
 480:Drivers/STM32F4xx_HAL_Driver/Src/stm32f4xx_hal_flash_ex.c ****   * @retval HAL Status
 481:Drivers/STM32F4xx_HAL_Driver/Src/stm32f4xx_hal_flash_ex.c ****   */
 482:Drivers/STM32F4xx_HAL_Driver/Src/stm32f4xx_hal_flash_ex.c **** HAL_StatusTypeDef HAL_FLASHEx_OB_DeSelectPCROP(void)
 483:Drivers/STM32F4xx_HAL_Driver/Src/stm32f4xx_hal_flash_ex.c **** {
 484:Drivers/STM32F4xx_HAL_Driver/Src/stm32f4xx_hal_flash_ex.c ****   uint8_t optiontmp;
 485:Drivers/STM32F4xx_HAL_Driver/Src/stm32f4xx_hal_flash_ex.c **** 
 486:Drivers/STM32F4xx_HAL_Driver/Src/stm32f4xx_hal_flash_ex.c ****   /* Mask SPRMOD bit */
ARM GAS  C:\msys64\tmp\ccTz5ysZ.s 			page 10


 487:Drivers/STM32F4xx_HAL_Driver/Src/stm32f4xx_hal_flash_ex.c ****   optiontmp = (uint8_t)((*(__IO uint8_t *)OPTCR_BYTE3_ADDRESS) & (uint8_t)0x7F);
 488:Drivers/STM32F4xx_HAL_Driver/Src/stm32f4xx_hal_flash_ex.c **** 
 489:Drivers/STM32F4xx_HAL_Driver/Src/stm32f4xx_hal_flash_ex.c ****   /* Update Option Byte */
 490:Drivers/STM32F4xx_HAL_Driver/Src/stm32f4xx_hal_flash_ex.c ****   *(__IO uint8_t *)OPTCR_BYTE3_ADDRESS = (uint8_t)(OB_PCROP_DESELECTED | optiontmp);
 491:Drivers/STM32F4xx_HAL_Driver/Src/stm32f4xx_hal_flash_ex.c **** 
 492:Drivers/STM32F4xx_HAL_Driver/Src/stm32f4xx_hal_flash_ex.c ****   return HAL_OK;
 493:Drivers/STM32F4xx_HAL_Driver/Src/stm32f4xx_hal_flash_ex.c **** }
 494:Drivers/STM32F4xx_HAL_Driver/Src/stm32f4xx_hal_flash_ex.c **** #endif /* STM32F427xx || STM32F437xx || STM32F429xx || STM32F439xx || STM32F401xC || STM32F401xE ||
 495:Drivers/STM32F4xx_HAL_Driver/Src/stm32f4xx_hal_flash_ex.c ****           STM32F411xE || STM32F469xx || STM32F479xx || STM32F412Zx || STM32F412Vx || STM32F412Rx ||
 496:Drivers/STM32F4xx_HAL_Driver/Src/stm32f4xx_hal_flash_ex.c ****           STM32F413xx || STM32F423xx */
 497:Drivers/STM32F4xx_HAL_Driver/Src/stm32f4xx_hal_flash_ex.c **** 
 498:Drivers/STM32F4xx_HAL_Driver/Src/stm32f4xx_hal_flash_ex.c **** #if defined(STM32F427xx) || defined(STM32F437xx) || defined(STM32F429xx)|| defined(STM32F439xx) || 
 499:Drivers/STM32F4xx_HAL_Driver/Src/stm32f4xx_hal_flash_ex.c **** /**
 500:Drivers/STM32F4xx_HAL_Driver/Src/stm32f4xx_hal_flash_ex.c ****   * @brief  Returns the FLASH Write Protection Option Bytes value for Bank 2
 501:Drivers/STM32F4xx_HAL_Driver/Src/stm32f4xx_hal_flash_ex.c ****   * @note   This function can be used only for STM32F42xxx/STM32F43xxx/STM32F469xx/STM32F479xx devi
 502:Drivers/STM32F4xx_HAL_Driver/Src/stm32f4xx_hal_flash_ex.c ****   * @retval The FLASH Write Protection  Option Bytes value
 503:Drivers/STM32F4xx_HAL_Driver/Src/stm32f4xx_hal_flash_ex.c ****   */
 504:Drivers/STM32F4xx_HAL_Driver/Src/stm32f4xx_hal_flash_ex.c **** uint16_t HAL_FLASHEx_OB_GetBank2WRP(void)
 505:Drivers/STM32F4xx_HAL_Driver/Src/stm32f4xx_hal_flash_ex.c **** {
 506:Drivers/STM32F4xx_HAL_Driver/Src/stm32f4xx_hal_flash_ex.c ****   /* Return the FLASH write protection Register value */
 507:Drivers/STM32F4xx_HAL_Driver/Src/stm32f4xx_hal_flash_ex.c ****   return (*(__IO uint16_t *)(OPTCR1_BYTE2_ADDRESS));
 508:Drivers/STM32F4xx_HAL_Driver/Src/stm32f4xx_hal_flash_ex.c **** }
 509:Drivers/STM32F4xx_HAL_Driver/Src/stm32f4xx_hal_flash_ex.c **** #endif /* STM32F427xx || STM32F437xx || STM32F429xx || STM32F439xx || STM32F469xx || STM32F479xx */
 510:Drivers/STM32F4xx_HAL_Driver/Src/stm32f4xx_hal_flash_ex.c **** 
 511:Drivers/STM32F4xx_HAL_Driver/Src/stm32f4xx_hal_flash_ex.c **** /**
 512:Drivers/STM32F4xx_HAL_Driver/Src/stm32f4xx_hal_flash_ex.c ****   * @}
 513:Drivers/STM32F4xx_HAL_Driver/Src/stm32f4xx_hal_flash_ex.c ****   */
 514:Drivers/STM32F4xx_HAL_Driver/Src/stm32f4xx_hal_flash_ex.c **** 
 515:Drivers/STM32F4xx_HAL_Driver/Src/stm32f4xx_hal_flash_ex.c **** #if defined(STM32F427xx) || defined(STM32F437xx) || defined(STM32F429xx) || defined(STM32F439xx) ||
 516:Drivers/STM32F4xx_HAL_Driver/Src/stm32f4xx_hal_flash_ex.c **** /**
 517:Drivers/STM32F4xx_HAL_Driver/Src/stm32f4xx_hal_flash_ex.c ****   * @brief  Full erase of FLASH memory sectors
 518:Drivers/STM32F4xx_HAL_Driver/Src/stm32f4xx_hal_flash_ex.c ****   * @param  VoltageRange The device voltage range which defines the erase parallelism.
 519:Drivers/STM32F4xx_HAL_Driver/Src/stm32f4xx_hal_flash_ex.c ****   *          This parameter can be one of the following values:
 520:Drivers/STM32F4xx_HAL_Driver/Src/stm32f4xx_hal_flash_ex.c ****   *            @arg FLASH_VOLTAGE_RANGE_1: when the device voltage range is 1.8V to 2.1V,
 521:Drivers/STM32F4xx_HAL_Driver/Src/stm32f4xx_hal_flash_ex.c ****   *                                  the operation will be done by byte (8-bit)
 522:Drivers/STM32F4xx_HAL_Driver/Src/stm32f4xx_hal_flash_ex.c ****   *            @arg FLASH_VOLTAGE_RANGE_2: when the device voltage range is 2.1V to 2.7V,
 523:Drivers/STM32F4xx_HAL_Driver/Src/stm32f4xx_hal_flash_ex.c ****   *                                  the operation will be done by half word (16-bit)
 524:Drivers/STM32F4xx_HAL_Driver/Src/stm32f4xx_hal_flash_ex.c ****   *            @arg FLASH_VOLTAGE_RANGE_3: when the device voltage range is 2.7V to 3.6V,
 525:Drivers/STM32F4xx_HAL_Driver/Src/stm32f4xx_hal_flash_ex.c ****   *                                  the operation will be done by word (32-bit)
 526:Drivers/STM32F4xx_HAL_Driver/Src/stm32f4xx_hal_flash_ex.c ****   *            @arg FLASH_VOLTAGE_RANGE_4: when the device voltage range is 2.7V to 3.6V + External
 527:Drivers/STM32F4xx_HAL_Driver/Src/stm32f4xx_hal_flash_ex.c ****   *                                  the operation will be done by double word (64-bit)
 528:Drivers/STM32F4xx_HAL_Driver/Src/stm32f4xx_hal_flash_ex.c ****   *
 529:Drivers/STM32F4xx_HAL_Driver/Src/stm32f4xx_hal_flash_ex.c ****   * @param  Banks Banks to be erased
 530:Drivers/STM32F4xx_HAL_Driver/Src/stm32f4xx_hal_flash_ex.c ****   *          This parameter can be one of the following values:
 531:Drivers/STM32F4xx_HAL_Driver/Src/stm32f4xx_hal_flash_ex.c ****   *            @arg FLASH_BANK_1: Bank1 to be erased
 532:Drivers/STM32F4xx_HAL_Driver/Src/stm32f4xx_hal_flash_ex.c ****   *            @arg FLASH_BANK_2: Bank2 to be erased
 533:Drivers/STM32F4xx_HAL_Driver/Src/stm32f4xx_hal_flash_ex.c ****   *            @arg FLASH_BANK_BOTH: Bank1 and Bank2 to be erased
 534:Drivers/STM32F4xx_HAL_Driver/Src/stm32f4xx_hal_flash_ex.c ****   *
 535:Drivers/STM32F4xx_HAL_Driver/Src/stm32f4xx_hal_flash_ex.c ****   * @retval HAL Status
 536:Drivers/STM32F4xx_HAL_Driver/Src/stm32f4xx_hal_flash_ex.c ****   */
 537:Drivers/STM32F4xx_HAL_Driver/Src/stm32f4xx_hal_flash_ex.c **** static void FLASH_MassErase(uint8_t VoltageRange, uint32_t Banks)
 538:Drivers/STM32F4xx_HAL_Driver/Src/stm32f4xx_hal_flash_ex.c **** {
  29              		.loc 1 538 1 view -0
  30              		.cfi_startproc
  31              		@ args = 0, pretend = 0, frame = 0
  32              		@ frame_needed = 0, uses_anonymous_args = 0
  33              		@ link register save eliminated.
ARM GAS  C:\msys64\tmp\ccTz5ysZ.s 			page 11


  34              		.loc 1 538 1 is_stmt 0 view .LVU1
  35 0000 0346     		mov	r3, r0
 539:Drivers/STM32F4xx_HAL_Driver/Src/stm32f4xx_hal_flash_ex.c ****   /* Check the parameters */
 540:Drivers/STM32F4xx_HAL_Driver/Src/stm32f4xx_hal_flash_ex.c ****   assert_param(IS_VOLTAGERANGE(VoltageRange));
  36              		.loc 1 540 3 is_stmt 1 view .LVU2
 541:Drivers/STM32F4xx_HAL_Driver/Src/stm32f4xx_hal_flash_ex.c ****   assert_param(IS_FLASH_BANK(Banks));
  37              		.loc 1 541 3 view .LVU3
 542:Drivers/STM32F4xx_HAL_Driver/Src/stm32f4xx_hal_flash_ex.c **** 
 543:Drivers/STM32F4xx_HAL_Driver/Src/stm32f4xx_hal_flash_ex.c ****   /* if the previous operation is completed, proceed to erase all sectors */
 544:Drivers/STM32F4xx_HAL_Driver/Src/stm32f4xx_hal_flash_ex.c ****   CLEAR_BIT(FLASH->CR, FLASH_CR_PSIZE);
  38              		.loc 1 544 3 view .LVU4
  39 0002 1148     		ldr	r0, .L7
  40              	.LVL1:
  41              		.loc 1 544 3 is_stmt 0 view .LVU5
  42 0004 0269     		ldr	r2, [r0, #16]
  43 0006 22F44072 		bic	r2, r2, #768
  44 000a 0261     		str	r2, [r0, #16]
 545:Drivers/STM32F4xx_HAL_Driver/Src/stm32f4xx_hal_flash_ex.c **** 
 546:Drivers/STM32F4xx_HAL_Driver/Src/stm32f4xx_hal_flash_ex.c ****   if (Banks == FLASH_BANK_BOTH)
  45              		.loc 1 546 3 is_stmt 1 view .LVU6
  46              		.loc 1 546 6 is_stmt 0 view .LVU7
  47 000c 0329     		cmp	r1, #3
  48 000e 0ED0     		beq	.L5
 547:Drivers/STM32F4xx_HAL_Driver/Src/stm32f4xx_hal_flash_ex.c ****   {
 548:Drivers/STM32F4xx_HAL_Driver/Src/stm32f4xx_hal_flash_ex.c ****     /* bank1 & bank2 will be erased*/
 549:Drivers/STM32F4xx_HAL_Driver/Src/stm32f4xx_hal_flash_ex.c ****     FLASH->CR |= FLASH_MER_BIT;
 550:Drivers/STM32F4xx_HAL_Driver/Src/stm32f4xx_hal_flash_ex.c ****   }
 551:Drivers/STM32F4xx_HAL_Driver/Src/stm32f4xx_hal_flash_ex.c ****   else if (Banks == FLASH_BANK_1)
  49              		.loc 1 551 8 is_stmt 1 view .LVU8
  50              		.loc 1 551 11 is_stmt 0 view .LVU9
  51 0010 0129     		cmp	r1, #1
  52 0012 13D0     		beq	.L6
 552:Drivers/STM32F4xx_HAL_Driver/Src/stm32f4xx_hal_flash_ex.c ****   {
 553:Drivers/STM32F4xx_HAL_Driver/Src/stm32f4xx_hal_flash_ex.c ****     /*Only bank1 will be erased*/
 554:Drivers/STM32F4xx_HAL_Driver/Src/stm32f4xx_hal_flash_ex.c ****     FLASH->CR |= FLASH_CR_MER1;
 555:Drivers/STM32F4xx_HAL_Driver/Src/stm32f4xx_hal_flash_ex.c ****   }
 556:Drivers/STM32F4xx_HAL_Driver/Src/stm32f4xx_hal_flash_ex.c ****   else
 557:Drivers/STM32F4xx_HAL_Driver/Src/stm32f4xx_hal_flash_ex.c ****   {
 558:Drivers/STM32F4xx_HAL_Driver/Src/stm32f4xx_hal_flash_ex.c ****     /*Only bank2 will be erased*/
 559:Drivers/STM32F4xx_HAL_Driver/Src/stm32f4xx_hal_flash_ex.c ****     FLASH->CR |= FLASH_CR_MER2;
  53              		.loc 1 559 5 is_stmt 1 view .LVU10
  54              		.loc 1 559 15 is_stmt 0 view .LVU11
  55 0014 0C49     		ldr	r1, .L7
  56              	.LVL2:
  57              		.loc 1 559 15 view .LVU12
  58 0016 0A69     		ldr	r2, [r1, #16]
  59 0018 42F40042 		orr	r2, r2, #32768
  60 001c 0A61     		str	r2, [r1, #16]
  61              	.L3:
 560:Drivers/STM32F4xx_HAL_Driver/Src/stm32f4xx_hal_flash_ex.c ****   }
 561:Drivers/STM32F4xx_HAL_Driver/Src/stm32f4xx_hal_flash_ex.c ****   FLASH->CR |= FLASH_CR_STRT | ((uint32_t)VoltageRange << 8U);
  62              		.loc 1 561 3 is_stmt 1 view .LVU13
  63              		.loc 1 561 13 is_stmt 0 view .LVU14
  64 001e 0A4A     		ldr	r2, .L7
  65 0020 1069     		ldr	r0, [r2, #16]
  66 0022 40EA0320 		orr	r0, r0, r3, lsl #8
  67 0026 40F48030 		orr	r0, r0, #65536
ARM GAS  C:\msys64\tmp\ccTz5ysZ.s 			page 12


  68 002a 1061     		str	r0, [r2, #16]
 562:Drivers/STM32F4xx_HAL_Driver/Src/stm32f4xx_hal_flash_ex.c **** }
  69              		.loc 1 562 1 view .LVU15
  70 002c 7047     		bx	lr
  71              	.LVL3:
  72              	.L5:
 549:Drivers/STM32F4xx_HAL_Driver/Src/stm32f4xx_hal_flash_ex.c ****   }
  73              		.loc 1 549 5 is_stmt 1 view .LVU16
 549:Drivers/STM32F4xx_HAL_Driver/Src/stm32f4xx_hal_flash_ex.c ****   }
  74              		.loc 1 549 15 is_stmt 0 view .LVU17
  75 002e 0269     		ldr	r2, [r0, #16]
  76 0030 42F40042 		orr	r2, r2, #32768
  77 0034 42F00402 		orr	r2, r2, #4
  78 0038 0261     		str	r2, [r0, #16]
  79 003a F0E7     		b	.L3
  80              	.L6:
 554:Drivers/STM32F4xx_HAL_Driver/Src/stm32f4xx_hal_flash_ex.c ****   }
  81              		.loc 1 554 5 is_stmt 1 view .LVU18
 554:Drivers/STM32F4xx_HAL_Driver/Src/stm32f4xx_hal_flash_ex.c ****   }
  82              		.loc 1 554 15 is_stmt 0 view .LVU19
  83 003c 0249     		ldr	r1, .L7
  84              	.LVL4:
 554:Drivers/STM32F4xx_HAL_Driver/Src/stm32f4xx_hal_flash_ex.c ****   }
  85              		.loc 1 554 15 view .LVU20
  86 003e 0A69     		ldr	r2, [r1, #16]
  87 0040 42F00402 		orr	r2, r2, #4
  88 0044 0A61     		str	r2, [r1, #16]
  89 0046 EAE7     		b	.L3
  90              	.L8:
  91              		.align	2
  92              	.L7:
  93 0048 003C0240 		.word	1073888256
  94              		.cfi_endproc
  95              	.LFE143:
  97              		.section	.text.FLASH_OB_BOR_LevelConfig,"ax",%progbits
  98              		.align	1
  99              		.syntax unified
 100              		.thumb
 101              		.thumb_func
 103              	FLASH_OB_BOR_LevelConfig:
 104              	.LVL5:
 105              	.LFB152:
 563:Drivers/STM32F4xx_HAL_Driver/Src/stm32f4xx_hal_flash_ex.c **** 
 564:Drivers/STM32F4xx_HAL_Driver/Src/stm32f4xx_hal_flash_ex.c **** /**
 565:Drivers/STM32F4xx_HAL_Driver/Src/stm32f4xx_hal_flash_ex.c ****   * @brief  Erase the specified FLASH memory sector
 566:Drivers/STM32F4xx_HAL_Driver/Src/stm32f4xx_hal_flash_ex.c ****   * @param  Sector FLASH sector to erase
 567:Drivers/STM32F4xx_HAL_Driver/Src/stm32f4xx_hal_flash_ex.c ****   *         The value of this parameter depend on device used within the same series
 568:Drivers/STM32F4xx_HAL_Driver/Src/stm32f4xx_hal_flash_ex.c ****   * @param  VoltageRange The device voltage range which defines the erase parallelism.
 569:Drivers/STM32F4xx_HAL_Driver/Src/stm32f4xx_hal_flash_ex.c ****   *          This parameter can be one of the following values:
 570:Drivers/STM32F4xx_HAL_Driver/Src/stm32f4xx_hal_flash_ex.c ****   *            @arg FLASH_VOLTAGE_RANGE_1: when the device voltage range is 1.8V to 2.1V,
 571:Drivers/STM32F4xx_HAL_Driver/Src/stm32f4xx_hal_flash_ex.c ****   *                                  the operation will be done by byte (8-bit)
 572:Drivers/STM32F4xx_HAL_Driver/Src/stm32f4xx_hal_flash_ex.c ****   *            @arg FLASH_VOLTAGE_RANGE_2: when the device voltage range is 2.1V to 2.7V,
 573:Drivers/STM32F4xx_HAL_Driver/Src/stm32f4xx_hal_flash_ex.c ****   *                                  the operation will be done by half word (16-bit)
 574:Drivers/STM32F4xx_HAL_Driver/Src/stm32f4xx_hal_flash_ex.c ****   *            @arg FLASH_VOLTAGE_RANGE_3: when the device voltage range is 2.7V to 3.6V,
 575:Drivers/STM32F4xx_HAL_Driver/Src/stm32f4xx_hal_flash_ex.c ****   *                                  the operation will be done by word (32-bit)
 576:Drivers/STM32F4xx_HAL_Driver/Src/stm32f4xx_hal_flash_ex.c ****   *            @arg FLASH_VOLTAGE_RANGE_4: when the device voltage range is 2.7V to 3.6V + External
 577:Drivers/STM32F4xx_HAL_Driver/Src/stm32f4xx_hal_flash_ex.c ****   *                                  the operation will be done by double word (64-bit)
ARM GAS  C:\msys64\tmp\ccTz5ysZ.s 			page 13


 578:Drivers/STM32F4xx_HAL_Driver/Src/stm32f4xx_hal_flash_ex.c ****   *
 579:Drivers/STM32F4xx_HAL_Driver/Src/stm32f4xx_hal_flash_ex.c ****   * @retval None
 580:Drivers/STM32F4xx_HAL_Driver/Src/stm32f4xx_hal_flash_ex.c ****   */
 581:Drivers/STM32F4xx_HAL_Driver/Src/stm32f4xx_hal_flash_ex.c **** void FLASH_Erase_Sector(uint32_t Sector, uint8_t VoltageRange)
 582:Drivers/STM32F4xx_HAL_Driver/Src/stm32f4xx_hal_flash_ex.c **** {
 583:Drivers/STM32F4xx_HAL_Driver/Src/stm32f4xx_hal_flash_ex.c ****   uint32_t tmp_psize = 0U;
 584:Drivers/STM32F4xx_HAL_Driver/Src/stm32f4xx_hal_flash_ex.c **** 
 585:Drivers/STM32F4xx_HAL_Driver/Src/stm32f4xx_hal_flash_ex.c ****   /* Check the parameters */
 586:Drivers/STM32F4xx_HAL_Driver/Src/stm32f4xx_hal_flash_ex.c ****   assert_param(IS_FLASH_SECTOR(Sector));
 587:Drivers/STM32F4xx_HAL_Driver/Src/stm32f4xx_hal_flash_ex.c ****   assert_param(IS_VOLTAGERANGE(VoltageRange));
 588:Drivers/STM32F4xx_HAL_Driver/Src/stm32f4xx_hal_flash_ex.c **** 
 589:Drivers/STM32F4xx_HAL_Driver/Src/stm32f4xx_hal_flash_ex.c ****   if (VoltageRange == FLASH_VOLTAGE_RANGE_1)
 590:Drivers/STM32F4xx_HAL_Driver/Src/stm32f4xx_hal_flash_ex.c ****   {
 591:Drivers/STM32F4xx_HAL_Driver/Src/stm32f4xx_hal_flash_ex.c ****     tmp_psize = FLASH_PSIZE_BYTE;
 592:Drivers/STM32F4xx_HAL_Driver/Src/stm32f4xx_hal_flash_ex.c ****   }
 593:Drivers/STM32F4xx_HAL_Driver/Src/stm32f4xx_hal_flash_ex.c ****   else if (VoltageRange == FLASH_VOLTAGE_RANGE_2)
 594:Drivers/STM32F4xx_HAL_Driver/Src/stm32f4xx_hal_flash_ex.c ****   {
 595:Drivers/STM32F4xx_HAL_Driver/Src/stm32f4xx_hal_flash_ex.c ****     tmp_psize = FLASH_PSIZE_HALF_WORD;
 596:Drivers/STM32F4xx_HAL_Driver/Src/stm32f4xx_hal_flash_ex.c ****   }
 597:Drivers/STM32F4xx_HAL_Driver/Src/stm32f4xx_hal_flash_ex.c ****   else if (VoltageRange == FLASH_VOLTAGE_RANGE_3)
 598:Drivers/STM32F4xx_HAL_Driver/Src/stm32f4xx_hal_flash_ex.c ****   {
 599:Drivers/STM32F4xx_HAL_Driver/Src/stm32f4xx_hal_flash_ex.c ****     tmp_psize = FLASH_PSIZE_WORD;
 600:Drivers/STM32F4xx_HAL_Driver/Src/stm32f4xx_hal_flash_ex.c ****   }
 601:Drivers/STM32F4xx_HAL_Driver/Src/stm32f4xx_hal_flash_ex.c ****   else
 602:Drivers/STM32F4xx_HAL_Driver/Src/stm32f4xx_hal_flash_ex.c ****   {
 603:Drivers/STM32F4xx_HAL_Driver/Src/stm32f4xx_hal_flash_ex.c ****     tmp_psize = FLASH_PSIZE_DOUBLE_WORD;
 604:Drivers/STM32F4xx_HAL_Driver/Src/stm32f4xx_hal_flash_ex.c ****   }
 605:Drivers/STM32F4xx_HAL_Driver/Src/stm32f4xx_hal_flash_ex.c **** 
 606:Drivers/STM32F4xx_HAL_Driver/Src/stm32f4xx_hal_flash_ex.c ****   /* Need to add offset of 4 when sector higher than FLASH_SECTOR_11 */
 607:Drivers/STM32F4xx_HAL_Driver/Src/stm32f4xx_hal_flash_ex.c ****   if (Sector > FLASH_SECTOR_11)
 608:Drivers/STM32F4xx_HAL_Driver/Src/stm32f4xx_hal_flash_ex.c ****   {
 609:Drivers/STM32F4xx_HAL_Driver/Src/stm32f4xx_hal_flash_ex.c ****     Sector += 4U;
 610:Drivers/STM32F4xx_HAL_Driver/Src/stm32f4xx_hal_flash_ex.c ****   }
 611:Drivers/STM32F4xx_HAL_Driver/Src/stm32f4xx_hal_flash_ex.c ****   /* If the previous operation is completed, proceed to erase the sector */
 612:Drivers/STM32F4xx_HAL_Driver/Src/stm32f4xx_hal_flash_ex.c ****   CLEAR_BIT(FLASH->CR, FLASH_CR_PSIZE);
 613:Drivers/STM32F4xx_HAL_Driver/Src/stm32f4xx_hal_flash_ex.c ****   FLASH->CR |= tmp_psize;
 614:Drivers/STM32F4xx_HAL_Driver/Src/stm32f4xx_hal_flash_ex.c ****   CLEAR_BIT(FLASH->CR, FLASH_CR_SNB);
 615:Drivers/STM32F4xx_HAL_Driver/Src/stm32f4xx_hal_flash_ex.c ****   FLASH->CR |= FLASH_CR_SER | (Sector << FLASH_CR_SNB_Pos);
 616:Drivers/STM32F4xx_HAL_Driver/Src/stm32f4xx_hal_flash_ex.c ****   FLASH->CR |= FLASH_CR_STRT;
 617:Drivers/STM32F4xx_HAL_Driver/Src/stm32f4xx_hal_flash_ex.c **** }
 618:Drivers/STM32F4xx_HAL_Driver/Src/stm32f4xx_hal_flash_ex.c **** 
 619:Drivers/STM32F4xx_HAL_Driver/Src/stm32f4xx_hal_flash_ex.c **** /**
 620:Drivers/STM32F4xx_HAL_Driver/Src/stm32f4xx_hal_flash_ex.c ****   * @brief  Enable the write protection of the desired bank1 or bank 2 sectors
 621:Drivers/STM32F4xx_HAL_Driver/Src/stm32f4xx_hal_flash_ex.c ****   *
 622:Drivers/STM32F4xx_HAL_Driver/Src/stm32f4xx_hal_flash_ex.c ****   * @note   When the memory read protection level is selected (RDP level = 1),
 623:Drivers/STM32F4xx_HAL_Driver/Src/stm32f4xx_hal_flash_ex.c ****   *         it is not possible to program or erase the flash sector i if CortexM4
 624:Drivers/STM32F4xx_HAL_Driver/Src/stm32f4xx_hal_flash_ex.c ****   *         debug features are connected or boot code is executed in RAM, even if nWRPi = 1
 625:Drivers/STM32F4xx_HAL_Driver/Src/stm32f4xx_hal_flash_ex.c ****   * @note   Active value of nWRPi bits is inverted when PCROP mode is active (SPRMOD =1).
 626:Drivers/STM32F4xx_HAL_Driver/Src/stm32f4xx_hal_flash_ex.c ****   *
 627:Drivers/STM32F4xx_HAL_Driver/Src/stm32f4xx_hal_flash_ex.c ****   * @param  WRPSector specifies the sector(s) to be write protected.
 628:Drivers/STM32F4xx_HAL_Driver/Src/stm32f4xx_hal_flash_ex.c ****   *          This parameter can be one of the following values:
 629:Drivers/STM32F4xx_HAL_Driver/Src/stm32f4xx_hal_flash_ex.c ****   *            @arg WRPSector: A value between OB_WRP_SECTOR_0 and OB_WRP_SECTOR_23
 630:Drivers/STM32F4xx_HAL_Driver/Src/stm32f4xx_hal_flash_ex.c ****   *            @arg OB_WRP_SECTOR_All
 631:Drivers/STM32F4xx_HAL_Driver/Src/stm32f4xx_hal_flash_ex.c ****   * @note   BANK2 starts from OB_WRP_SECTOR_12
 632:Drivers/STM32F4xx_HAL_Driver/Src/stm32f4xx_hal_flash_ex.c ****   *
 633:Drivers/STM32F4xx_HAL_Driver/Src/stm32f4xx_hal_flash_ex.c ****   * @param  Banks Enable write protection on all the sectors for the specific bank
 634:Drivers/STM32F4xx_HAL_Driver/Src/stm32f4xx_hal_flash_ex.c ****   *          This parameter can be one of the following values:
ARM GAS  C:\msys64\tmp\ccTz5ysZ.s 			page 14


 635:Drivers/STM32F4xx_HAL_Driver/Src/stm32f4xx_hal_flash_ex.c ****   *            @arg FLASH_BANK_1: WRP on all sectors of bank1
 636:Drivers/STM32F4xx_HAL_Driver/Src/stm32f4xx_hal_flash_ex.c ****   *            @arg FLASH_BANK_2: WRP on all sectors of bank2
 637:Drivers/STM32F4xx_HAL_Driver/Src/stm32f4xx_hal_flash_ex.c ****   *            @arg FLASH_BANK_BOTH: WRP on all sectors of bank1 & bank2
 638:Drivers/STM32F4xx_HAL_Driver/Src/stm32f4xx_hal_flash_ex.c ****   *
 639:Drivers/STM32F4xx_HAL_Driver/Src/stm32f4xx_hal_flash_ex.c ****   * @retval HAL FLASH State
 640:Drivers/STM32F4xx_HAL_Driver/Src/stm32f4xx_hal_flash_ex.c ****   */
 641:Drivers/STM32F4xx_HAL_Driver/Src/stm32f4xx_hal_flash_ex.c **** static HAL_StatusTypeDef FLASH_OB_EnableWRP(uint32_t WRPSector, uint32_t Banks)
 642:Drivers/STM32F4xx_HAL_Driver/Src/stm32f4xx_hal_flash_ex.c **** {
 643:Drivers/STM32F4xx_HAL_Driver/Src/stm32f4xx_hal_flash_ex.c ****   HAL_StatusTypeDef status = HAL_OK;
 644:Drivers/STM32F4xx_HAL_Driver/Src/stm32f4xx_hal_flash_ex.c **** 
 645:Drivers/STM32F4xx_HAL_Driver/Src/stm32f4xx_hal_flash_ex.c ****   /* Check the parameters */
 646:Drivers/STM32F4xx_HAL_Driver/Src/stm32f4xx_hal_flash_ex.c ****   assert_param(IS_OB_WRP_SECTOR(WRPSector));
 647:Drivers/STM32F4xx_HAL_Driver/Src/stm32f4xx_hal_flash_ex.c ****   assert_param(IS_FLASH_BANK(Banks));
 648:Drivers/STM32F4xx_HAL_Driver/Src/stm32f4xx_hal_flash_ex.c **** 
 649:Drivers/STM32F4xx_HAL_Driver/Src/stm32f4xx_hal_flash_ex.c ****   /* Wait for last operation to be completed */
 650:Drivers/STM32F4xx_HAL_Driver/Src/stm32f4xx_hal_flash_ex.c ****   status = FLASH_WaitForLastOperation((uint32_t)FLASH_TIMEOUT_VALUE);
 651:Drivers/STM32F4xx_HAL_Driver/Src/stm32f4xx_hal_flash_ex.c **** 
 652:Drivers/STM32F4xx_HAL_Driver/Src/stm32f4xx_hal_flash_ex.c ****   if (status == HAL_OK)
 653:Drivers/STM32F4xx_HAL_Driver/Src/stm32f4xx_hal_flash_ex.c ****   {
 654:Drivers/STM32F4xx_HAL_Driver/Src/stm32f4xx_hal_flash_ex.c ****     if (((WRPSector == OB_WRP_SECTOR_All) && ((Banks == FLASH_BANK_1) || (Banks == FLASH_BANK_BOTH)
 655:Drivers/STM32F4xx_HAL_Driver/Src/stm32f4xx_hal_flash_ex.c ****         (WRPSector < OB_WRP_SECTOR_12))
 656:Drivers/STM32F4xx_HAL_Driver/Src/stm32f4xx_hal_flash_ex.c ****     {
 657:Drivers/STM32F4xx_HAL_Driver/Src/stm32f4xx_hal_flash_ex.c ****       if (WRPSector == OB_WRP_SECTOR_All)
 658:Drivers/STM32F4xx_HAL_Driver/Src/stm32f4xx_hal_flash_ex.c ****       {
 659:Drivers/STM32F4xx_HAL_Driver/Src/stm32f4xx_hal_flash_ex.c ****         /*Write protection on all sector of BANK1*/
 660:Drivers/STM32F4xx_HAL_Driver/Src/stm32f4xx_hal_flash_ex.c ****         *(__IO uint16_t *)OPTCR_BYTE2_ADDRESS &= (~(WRPSector >> 12));
 661:Drivers/STM32F4xx_HAL_Driver/Src/stm32f4xx_hal_flash_ex.c ****       }
 662:Drivers/STM32F4xx_HAL_Driver/Src/stm32f4xx_hal_flash_ex.c ****       else
 663:Drivers/STM32F4xx_HAL_Driver/Src/stm32f4xx_hal_flash_ex.c ****       {
 664:Drivers/STM32F4xx_HAL_Driver/Src/stm32f4xx_hal_flash_ex.c ****         /*Write protection done on sectors of BANK1*/
 665:Drivers/STM32F4xx_HAL_Driver/Src/stm32f4xx_hal_flash_ex.c ****         *(__IO uint16_t *)OPTCR_BYTE2_ADDRESS &= (~WRPSector);
 666:Drivers/STM32F4xx_HAL_Driver/Src/stm32f4xx_hal_flash_ex.c ****       }
 667:Drivers/STM32F4xx_HAL_Driver/Src/stm32f4xx_hal_flash_ex.c ****     }
 668:Drivers/STM32F4xx_HAL_Driver/Src/stm32f4xx_hal_flash_ex.c ****     else
 669:Drivers/STM32F4xx_HAL_Driver/Src/stm32f4xx_hal_flash_ex.c ****     {
 670:Drivers/STM32F4xx_HAL_Driver/Src/stm32f4xx_hal_flash_ex.c ****       /*Write protection done on sectors of BANK2*/
 671:Drivers/STM32F4xx_HAL_Driver/Src/stm32f4xx_hal_flash_ex.c ****       *(__IO uint16_t *)OPTCR1_BYTE2_ADDRESS &= (~(WRPSector >> 12));
 672:Drivers/STM32F4xx_HAL_Driver/Src/stm32f4xx_hal_flash_ex.c ****     }
 673:Drivers/STM32F4xx_HAL_Driver/Src/stm32f4xx_hal_flash_ex.c **** 
 674:Drivers/STM32F4xx_HAL_Driver/Src/stm32f4xx_hal_flash_ex.c ****     /*Write protection on all sector of BANK2*/
 675:Drivers/STM32F4xx_HAL_Driver/Src/stm32f4xx_hal_flash_ex.c ****     if ((WRPSector == OB_WRP_SECTOR_All) && (Banks == FLASH_BANK_BOTH))
 676:Drivers/STM32F4xx_HAL_Driver/Src/stm32f4xx_hal_flash_ex.c ****     {
 677:Drivers/STM32F4xx_HAL_Driver/Src/stm32f4xx_hal_flash_ex.c ****       /* Wait for last operation to be completed */
 678:Drivers/STM32F4xx_HAL_Driver/Src/stm32f4xx_hal_flash_ex.c ****       status = FLASH_WaitForLastOperation((uint32_t)FLASH_TIMEOUT_VALUE);
 679:Drivers/STM32F4xx_HAL_Driver/Src/stm32f4xx_hal_flash_ex.c **** 
 680:Drivers/STM32F4xx_HAL_Driver/Src/stm32f4xx_hal_flash_ex.c ****       if (status == HAL_OK)
 681:Drivers/STM32F4xx_HAL_Driver/Src/stm32f4xx_hal_flash_ex.c ****       {
 682:Drivers/STM32F4xx_HAL_Driver/Src/stm32f4xx_hal_flash_ex.c ****         *(__IO uint16_t *)OPTCR1_BYTE2_ADDRESS &= (~(WRPSector >> 12));
 683:Drivers/STM32F4xx_HAL_Driver/Src/stm32f4xx_hal_flash_ex.c ****       }
 684:Drivers/STM32F4xx_HAL_Driver/Src/stm32f4xx_hal_flash_ex.c ****     }
 685:Drivers/STM32F4xx_HAL_Driver/Src/stm32f4xx_hal_flash_ex.c **** 
 686:Drivers/STM32F4xx_HAL_Driver/Src/stm32f4xx_hal_flash_ex.c ****   }
 687:Drivers/STM32F4xx_HAL_Driver/Src/stm32f4xx_hal_flash_ex.c ****   return status;
 688:Drivers/STM32F4xx_HAL_Driver/Src/stm32f4xx_hal_flash_ex.c **** }
 689:Drivers/STM32F4xx_HAL_Driver/Src/stm32f4xx_hal_flash_ex.c **** 
 690:Drivers/STM32F4xx_HAL_Driver/Src/stm32f4xx_hal_flash_ex.c **** /**
 691:Drivers/STM32F4xx_HAL_Driver/Src/stm32f4xx_hal_flash_ex.c ****   * @brief  Disable the write protection of the desired bank1 or bank 2 sectors
ARM GAS  C:\msys64\tmp\ccTz5ysZ.s 			page 15


 692:Drivers/STM32F4xx_HAL_Driver/Src/stm32f4xx_hal_flash_ex.c ****   *
 693:Drivers/STM32F4xx_HAL_Driver/Src/stm32f4xx_hal_flash_ex.c ****   * @note   When the memory read protection level is selected (RDP level = 1),
 694:Drivers/STM32F4xx_HAL_Driver/Src/stm32f4xx_hal_flash_ex.c ****   *         it is not possible to program or erase the flash sector i if CortexM4
 695:Drivers/STM32F4xx_HAL_Driver/Src/stm32f4xx_hal_flash_ex.c ****   *         debug features are connected or boot code is executed in RAM, even if nWRPi = 1
 696:Drivers/STM32F4xx_HAL_Driver/Src/stm32f4xx_hal_flash_ex.c ****   * @note   Active value of nWRPi bits is inverted when PCROP mode is active (SPRMOD =1).
 697:Drivers/STM32F4xx_HAL_Driver/Src/stm32f4xx_hal_flash_ex.c ****   *
 698:Drivers/STM32F4xx_HAL_Driver/Src/stm32f4xx_hal_flash_ex.c ****   * @param  WRPSector specifies the sector(s) to be write protected.
 699:Drivers/STM32F4xx_HAL_Driver/Src/stm32f4xx_hal_flash_ex.c ****   *          This parameter can be one of the following values:
 700:Drivers/STM32F4xx_HAL_Driver/Src/stm32f4xx_hal_flash_ex.c ****   *            @arg WRPSector: A value between OB_WRP_SECTOR_0 and OB_WRP_SECTOR_23
 701:Drivers/STM32F4xx_HAL_Driver/Src/stm32f4xx_hal_flash_ex.c ****   *            @arg OB_WRP_Sector_All
 702:Drivers/STM32F4xx_HAL_Driver/Src/stm32f4xx_hal_flash_ex.c ****   * @note   BANK2 starts from OB_WRP_SECTOR_12
 703:Drivers/STM32F4xx_HAL_Driver/Src/stm32f4xx_hal_flash_ex.c ****   *
 704:Drivers/STM32F4xx_HAL_Driver/Src/stm32f4xx_hal_flash_ex.c ****   * @param  Banks Disable write protection on all the sectors for the specific bank
 705:Drivers/STM32F4xx_HAL_Driver/Src/stm32f4xx_hal_flash_ex.c ****   *          This parameter can be one of the following values:
 706:Drivers/STM32F4xx_HAL_Driver/Src/stm32f4xx_hal_flash_ex.c ****   *            @arg FLASH_BANK_1: Bank1 to be erased
 707:Drivers/STM32F4xx_HAL_Driver/Src/stm32f4xx_hal_flash_ex.c ****   *            @arg FLASH_BANK_2: Bank2 to be erased
 708:Drivers/STM32F4xx_HAL_Driver/Src/stm32f4xx_hal_flash_ex.c ****   *            @arg FLASH_BANK_BOTH: Bank1 and Bank2 to be erased
 709:Drivers/STM32F4xx_HAL_Driver/Src/stm32f4xx_hal_flash_ex.c ****   *
 710:Drivers/STM32F4xx_HAL_Driver/Src/stm32f4xx_hal_flash_ex.c ****   * @retval HAL Status
 711:Drivers/STM32F4xx_HAL_Driver/Src/stm32f4xx_hal_flash_ex.c ****   */
 712:Drivers/STM32F4xx_HAL_Driver/Src/stm32f4xx_hal_flash_ex.c **** static HAL_StatusTypeDef FLASH_OB_DisableWRP(uint32_t WRPSector, uint32_t Banks)
 713:Drivers/STM32F4xx_HAL_Driver/Src/stm32f4xx_hal_flash_ex.c **** {
 714:Drivers/STM32F4xx_HAL_Driver/Src/stm32f4xx_hal_flash_ex.c ****   HAL_StatusTypeDef status = HAL_OK;
 715:Drivers/STM32F4xx_HAL_Driver/Src/stm32f4xx_hal_flash_ex.c **** 
 716:Drivers/STM32F4xx_HAL_Driver/Src/stm32f4xx_hal_flash_ex.c ****   /* Check the parameters */
 717:Drivers/STM32F4xx_HAL_Driver/Src/stm32f4xx_hal_flash_ex.c ****   assert_param(IS_OB_WRP_SECTOR(WRPSector));
 718:Drivers/STM32F4xx_HAL_Driver/Src/stm32f4xx_hal_flash_ex.c ****   assert_param(IS_FLASH_BANK(Banks));
 719:Drivers/STM32F4xx_HAL_Driver/Src/stm32f4xx_hal_flash_ex.c **** 
 720:Drivers/STM32F4xx_HAL_Driver/Src/stm32f4xx_hal_flash_ex.c ****   /* Wait for last operation to be completed */
 721:Drivers/STM32F4xx_HAL_Driver/Src/stm32f4xx_hal_flash_ex.c ****   status = FLASH_WaitForLastOperation((uint32_t)FLASH_TIMEOUT_VALUE);
 722:Drivers/STM32F4xx_HAL_Driver/Src/stm32f4xx_hal_flash_ex.c **** 
 723:Drivers/STM32F4xx_HAL_Driver/Src/stm32f4xx_hal_flash_ex.c ****   if (status == HAL_OK)
 724:Drivers/STM32F4xx_HAL_Driver/Src/stm32f4xx_hal_flash_ex.c ****   {
 725:Drivers/STM32F4xx_HAL_Driver/Src/stm32f4xx_hal_flash_ex.c ****     if (((WRPSector == OB_WRP_SECTOR_All) && ((Banks == FLASH_BANK_1) || (Banks == FLASH_BANK_BOTH)
 726:Drivers/STM32F4xx_HAL_Driver/Src/stm32f4xx_hal_flash_ex.c ****         (WRPSector < OB_WRP_SECTOR_12))
 727:Drivers/STM32F4xx_HAL_Driver/Src/stm32f4xx_hal_flash_ex.c ****     {
 728:Drivers/STM32F4xx_HAL_Driver/Src/stm32f4xx_hal_flash_ex.c ****       if (WRPSector == OB_WRP_SECTOR_All)
 729:Drivers/STM32F4xx_HAL_Driver/Src/stm32f4xx_hal_flash_ex.c ****       {
 730:Drivers/STM32F4xx_HAL_Driver/Src/stm32f4xx_hal_flash_ex.c ****         /*Write protection on all sector of BANK1*/
 731:Drivers/STM32F4xx_HAL_Driver/Src/stm32f4xx_hal_flash_ex.c ****         *(__IO uint16_t *)OPTCR_BYTE2_ADDRESS |= (uint16_t)(WRPSector >> 12);
 732:Drivers/STM32F4xx_HAL_Driver/Src/stm32f4xx_hal_flash_ex.c ****       }
 733:Drivers/STM32F4xx_HAL_Driver/Src/stm32f4xx_hal_flash_ex.c ****       else
 734:Drivers/STM32F4xx_HAL_Driver/Src/stm32f4xx_hal_flash_ex.c ****       {
 735:Drivers/STM32F4xx_HAL_Driver/Src/stm32f4xx_hal_flash_ex.c ****         /*Write protection done on sectors of BANK1*/
 736:Drivers/STM32F4xx_HAL_Driver/Src/stm32f4xx_hal_flash_ex.c ****         *(__IO uint16_t *)OPTCR_BYTE2_ADDRESS |= (uint16_t)WRPSector;
 737:Drivers/STM32F4xx_HAL_Driver/Src/stm32f4xx_hal_flash_ex.c ****       }
 738:Drivers/STM32F4xx_HAL_Driver/Src/stm32f4xx_hal_flash_ex.c ****     }
 739:Drivers/STM32F4xx_HAL_Driver/Src/stm32f4xx_hal_flash_ex.c ****     else
 740:Drivers/STM32F4xx_HAL_Driver/Src/stm32f4xx_hal_flash_ex.c ****     {
 741:Drivers/STM32F4xx_HAL_Driver/Src/stm32f4xx_hal_flash_ex.c ****       /*Write protection done on sectors of BANK2*/
 742:Drivers/STM32F4xx_HAL_Driver/Src/stm32f4xx_hal_flash_ex.c ****       *(__IO uint16_t *)OPTCR1_BYTE2_ADDRESS |= (uint16_t)(WRPSector >> 12);
 743:Drivers/STM32F4xx_HAL_Driver/Src/stm32f4xx_hal_flash_ex.c ****     }
 744:Drivers/STM32F4xx_HAL_Driver/Src/stm32f4xx_hal_flash_ex.c **** 
 745:Drivers/STM32F4xx_HAL_Driver/Src/stm32f4xx_hal_flash_ex.c ****     /*Write protection on all sector  of BANK2*/
 746:Drivers/STM32F4xx_HAL_Driver/Src/stm32f4xx_hal_flash_ex.c ****     if ((WRPSector == OB_WRP_SECTOR_All) && (Banks == FLASH_BANK_BOTH))
 747:Drivers/STM32F4xx_HAL_Driver/Src/stm32f4xx_hal_flash_ex.c ****     {
 748:Drivers/STM32F4xx_HAL_Driver/Src/stm32f4xx_hal_flash_ex.c ****       /* Wait for last operation to be completed */
ARM GAS  C:\msys64\tmp\ccTz5ysZ.s 			page 16


 749:Drivers/STM32F4xx_HAL_Driver/Src/stm32f4xx_hal_flash_ex.c ****       status = FLASH_WaitForLastOperation((uint32_t)FLASH_TIMEOUT_VALUE);
 750:Drivers/STM32F4xx_HAL_Driver/Src/stm32f4xx_hal_flash_ex.c **** 
 751:Drivers/STM32F4xx_HAL_Driver/Src/stm32f4xx_hal_flash_ex.c ****       if (status == HAL_OK)
 752:Drivers/STM32F4xx_HAL_Driver/Src/stm32f4xx_hal_flash_ex.c ****       {
 753:Drivers/STM32F4xx_HAL_Driver/Src/stm32f4xx_hal_flash_ex.c ****         *(__IO uint16_t *)OPTCR1_BYTE2_ADDRESS |= (uint16_t)(WRPSector >> 12);
 754:Drivers/STM32F4xx_HAL_Driver/Src/stm32f4xx_hal_flash_ex.c ****       }
 755:Drivers/STM32F4xx_HAL_Driver/Src/stm32f4xx_hal_flash_ex.c ****     }
 756:Drivers/STM32F4xx_HAL_Driver/Src/stm32f4xx_hal_flash_ex.c **** 
 757:Drivers/STM32F4xx_HAL_Driver/Src/stm32f4xx_hal_flash_ex.c ****   }
 758:Drivers/STM32F4xx_HAL_Driver/Src/stm32f4xx_hal_flash_ex.c **** 
 759:Drivers/STM32F4xx_HAL_Driver/Src/stm32f4xx_hal_flash_ex.c ****   return status;
 760:Drivers/STM32F4xx_HAL_Driver/Src/stm32f4xx_hal_flash_ex.c **** }
 761:Drivers/STM32F4xx_HAL_Driver/Src/stm32f4xx_hal_flash_ex.c **** 
 762:Drivers/STM32F4xx_HAL_Driver/Src/stm32f4xx_hal_flash_ex.c **** /**
 763:Drivers/STM32F4xx_HAL_Driver/Src/stm32f4xx_hal_flash_ex.c ****   * @brief  Configure the Dual Bank Boot.
 764:Drivers/STM32F4xx_HAL_Driver/Src/stm32f4xx_hal_flash_ex.c ****   *
 765:Drivers/STM32F4xx_HAL_Driver/Src/stm32f4xx_hal_flash_ex.c ****   * @note   This function can be used only for STM32F42xxx/43xxx devices.
 766:Drivers/STM32F4xx_HAL_Driver/Src/stm32f4xx_hal_flash_ex.c ****   *
 767:Drivers/STM32F4xx_HAL_Driver/Src/stm32f4xx_hal_flash_ex.c ****   * @param  BootConfig specifies the Dual Bank Boot Option byte.
 768:Drivers/STM32F4xx_HAL_Driver/Src/stm32f4xx_hal_flash_ex.c ****   *          This parameter can be one of the following values:
 769:Drivers/STM32F4xx_HAL_Driver/Src/stm32f4xx_hal_flash_ex.c ****   *            @arg OB_Dual_BootEnabled: Dual Bank Boot Enable
 770:Drivers/STM32F4xx_HAL_Driver/Src/stm32f4xx_hal_flash_ex.c ****   *            @arg OB_Dual_BootDisabled: Dual Bank Boot Disabled
 771:Drivers/STM32F4xx_HAL_Driver/Src/stm32f4xx_hal_flash_ex.c ****   * @retval None
 772:Drivers/STM32F4xx_HAL_Driver/Src/stm32f4xx_hal_flash_ex.c ****   */
 773:Drivers/STM32F4xx_HAL_Driver/Src/stm32f4xx_hal_flash_ex.c **** static HAL_StatusTypeDef FLASH_OB_BootConfig(uint8_t BootConfig)
 774:Drivers/STM32F4xx_HAL_Driver/Src/stm32f4xx_hal_flash_ex.c **** {
 775:Drivers/STM32F4xx_HAL_Driver/Src/stm32f4xx_hal_flash_ex.c ****   HAL_StatusTypeDef status = HAL_OK;
 776:Drivers/STM32F4xx_HAL_Driver/Src/stm32f4xx_hal_flash_ex.c **** 
 777:Drivers/STM32F4xx_HAL_Driver/Src/stm32f4xx_hal_flash_ex.c ****   /* Check the parameters */
 778:Drivers/STM32F4xx_HAL_Driver/Src/stm32f4xx_hal_flash_ex.c ****   assert_param(IS_OB_BOOT(BootConfig));
 779:Drivers/STM32F4xx_HAL_Driver/Src/stm32f4xx_hal_flash_ex.c **** 
 780:Drivers/STM32F4xx_HAL_Driver/Src/stm32f4xx_hal_flash_ex.c ****   /* Wait for last operation to be completed */
 781:Drivers/STM32F4xx_HAL_Driver/Src/stm32f4xx_hal_flash_ex.c ****   status = FLASH_WaitForLastOperation((uint32_t)FLASH_TIMEOUT_VALUE);
 782:Drivers/STM32F4xx_HAL_Driver/Src/stm32f4xx_hal_flash_ex.c **** 
 783:Drivers/STM32F4xx_HAL_Driver/Src/stm32f4xx_hal_flash_ex.c ****   if (status == HAL_OK)
 784:Drivers/STM32F4xx_HAL_Driver/Src/stm32f4xx_hal_flash_ex.c ****   {
 785:Drivers/STM32F4xx_HAL_Driver/Src/stm32f4xx_hal_flash_ex.c ****     /* Set Dual Bank Boot */
 786:Drivers/STM32F4xx_HAL_Driver/Src/stm32f4xx_hal_flash_ex.c ****     *(__IO uint8_t *)OPTCR_BYTE0_ADDRESS &= (~FLASH_OPTCR_BFB2);
 787:Drivers/STM32F4xx_HAL_Driver/Src/stm32f4xx_hal_flash_ex.c ****     *(__IO uint8_t *)OPTCR_BYTE0_ADDRESS |= BootConfig;
 788:Drivers/STM32F4xx_HAL_Driver/Src/stm32f4xx_hal_flash_ex.c ****   }
 789:Drivers/STM32F4xx_HAL_Driver/Src/stm32f4xx_hal_flash_ex.c **** 
 790:Drivers/STM32F4xx_HAL_Driver/Src/stm32f4xx_hal_flash_ex.c ****   return status;
 791:Drivers/STM32F4xx_HAL_Driver/Src/stm32f4xx_hal_flash_ex.c **** }
 792:Drivers/STM32F4xx_HAL_Driver/Src/stm32f4xx_hal_flash_ex.c **** 
 793:Drivers/STM32F4xx_HAL_Driver/Src/stm32f4xx_hal_flash_ex.c **** /**
 794:Drivers/STM32F4xx_HAL_Driver/Src/stm32f4xx_hal_flash_ex.c ****   * @brief  Enable the read/write protection (PCROP) of the desired
 795:Drivers/STM32F4xx_HAL_Driver/Src/stm32f4xx_hal_flash_ex.c ****   *         sectors of Bank 1 and/or Bank 2.
 796:Drivers/STM32F4xx_HAL_Driver/Src/stm32f4xx_hal_flash_ex.c ****   * @note   This function can be used only for STM32F42xxx/43xxx devices.
 797:Drivers/STM32F4xx_HAL_Driver/Src/stm32f4xx_hal_flash_ex.c ****   * @param  SectorBank1 Specifies the sector(s) to be read/write protected or unprotected for bank1
 798:Drivers/STM32F4xx_HAL_Driver/Src/stm32f4xx_hal_flash_ex.c ****   *          This parameter can be one of the following values:
 799:Drivers/STM32F4xx_HAL_Driver/Src/stm32f4xx_hal_flash_ex.c ****   *            @arg OB_PCROP: A value between OB_PCROP_SECTOR_0 and OB_PCROP_SECTOR_11
 800:Drivers/STM32F4xx_HAL_Driver/Src/stm32f4xx_hal_flash_ex.c ****   *            @arg OB_PCROP_SECTOR__All
 801:Drivers/STM32F4xx_HAL_Driver/Src/stm32f4xx_hal_flash_ex.c ****   * @param  SectorBank2 Specifies the sector(s) to be read/write protected or unprotected for bank2
 802:Drivers/STM32F4xx_HAL_Driver/Src/stm32f4xx_hal_flash_ex.c ****   *          This parameter can be one of the following values:
 803:Drivers/STM32F4xx_HAL_Driver/Src/stm32f4xx_hal_flash_ex.c ****   *            @arg OB_PCROP: A value between OB_PCROP_SECTOR_12 and OB_PCROP_SECTOR_23
 804:Drivers/STM32F4xx_HAL_Driver/Src/stm32f4xx_hal_flash_ex.c ****   *            @arg OB_PCROP_SECTOR__All
 805:Drivers/STM32F4xx_HAL_Driver/Src/stm32f4xx_hal_flash_ex.c ****   * @param  Banks Enable PCROP protection on all the sectors for the specific bank
ARM GAS  C:\msys64\tmp\ccTz5ysZ.s 			page 17


 806:Drivers/STM32F4xx_HAL_Driver/Src/stm32f4xx_hal_flash_ex.c ****   *          This parameter can be one of the following values:
 807:Drivers/STM32F4xx_HAL_Driver/Src/stm32f4xx_hal_flash_ex.c ****   *            @arg FLASH_BANK_1: WRP on all sectors of bank1
 808:Drivers/STM32F4xx_HAL_Driver/Src/stm32f4xx_hal_flash_ex.c ****   *            @arg FLASH_BANK_2: WRP on all sectors of bank2
 809:Drivers/STM32F4xx_HAL_Driver/Src/stm32f4xx_hal_flash_ex.c ****   *            @arg FLASH_BANK_BOTH: WRP on all sectors of bank1 & bank2
 810:Drivers/STM32F4xx_HAL_Driver/Src/stm32f4xx_hal_flash_ex.c ****   *
 811:Drivers/STM32F4xx_HAL_Driver/Src/stm32f4xx_hal_flash_ex.c ****   * @retval HAL Status
 812:Drivers/STM32F4xx_HAL_Driver/Src/stm32f4xx_hal_flash_ex.c ****   */
 813:Drivers/STM32F4xx_HAL_Driver/Src/stm32f4xx_hal_flash_ex.c **** static HAL_StatusTypeDef FLASH_OB_EnablePCROP(uint32_t SectorBank1, uint32_t SectorBank2, uint32_t 
 814:Drivers/STM32F4xx_HAL_Driver/Src/stm32f4xx_hal_flash_ex.c **** {
 815:Drivers/STM32F4xx_HAL_Driver/Src/stm32f4xx_hal_flash_ex.c ****   HAL_StatusTypeDef status = HAL_OK;
 816:Drivers/STM32F4xx_HAL_Driver/Src/stm32f4xx_hal_flash_ex.c **** 
 817:Drivers/STM32F4xx_HAL_Driver/Src/stm32f4xx_hal_flash_ex.c ****   assert_param(IS_FLASH_BANK(Banks));
 818:Drivers/STM32F4xx_HAL_Driver/Src/stm32f4xx_hal_flash_ex.c **** 
 819:Drivers/STM32F4xx_HAL_Driver/Src/stm32f4xx_hal_flash_ex.c ****   /* Wait for last operation to be completed */
 820:Drivers/STM32F4xx_HAL_Driver/Src/stm32f4xx_hal_flash_ex.c ****   status = FLASH_WaitForLastOperation((uint32_t)FLASH_TIMEOUT_VALUE);
 821:Drivers/STM32F4xx_HAL_Driver/Src/stm32f4xx_hal_flash_ex.c **** 
 822:Drivers/STM32F4xx_HAL_Driver/Src/stm32f4xx_hal_flash_ex.c ****   if (status == HAL_OK)
 823:Drivers/STM32F4xx_HAL_Driver/Src/stm32f4xx_hal_flash_ex.c ****   {
 824:Drivers/STM32F4xx_HAL_Driver/Src/stm32f4xx_hal_flash_ex.c ****     if ((Banks == FLASH_BANK_1) || (Banks == FLASH_BANK_BOTH))
 825:Drivers/STM32F4xx_HAL_Driver/Src/stm32f4xx_hal_flash_ex.c ****     {
 826:Drivers/STM32F4xx_HAL_Driver/Src/stm32f4xx_hal_flash_ex.c ****       assert_param(IS_OB_PCROP(SectorBank1));
 827:Drivers/STM32F4xx_HAL_Driver/Src/stm32f4xx_hal_flash_ex.c ****       /*Write protection done on sectors of BANK1*/
 828:Drivers/STM32F4xx_HAL_Driver/Src/stm32f4xx_hal_flash_ex.c ****       *(__IO uint16_t *)OPTCR_BYTE2_ADDRESS |= (uint16_t)SectorBank1;
 829:Drivers/STM32F4xx_HAL_Driver/Src/stm32f4xx_hal_flash_ex.c ****     }
 830:Drivers/STM32F4xx_HAL_Driver/Src/stm32f4xx_hal_flash_ex.c ****     else
 831:Drivers/STM32F4xx_HAL_Driver/Src/stm32f4xx_hal_flash_ex.c ****     {
 832:Drivers/STM32F4xx_HAL_Driver/Src/stm32f4xx_hal_flash_ex.c ****       assert_param(IS_OB_PCROP(SectorBank2));
 833:Drivers/STM32F4xx_HAL_Driver/Src/stm32f4xx_hal_flash_ex.c ****       /*Write protection done on sectors of BANK2*/
 834:Drivers/STM32F4xx_HAL_Driver/Src/stm32f4xx_hal_flash_ex.c ****       *(__IO uint16_t *)OPTCR1_BYTE2_ADDRESS |= (uint16_t)SectorBank2;
 835:Drivers/STM32F4xx_HAL_Driver/Src/stm32f4xx_hal_flash_ex.c ****     }
 836:Drivers/STM32F4xx_HAL_Driver/Src/stm32f4xx_hal_flash_ex.c **** 
 837:Drivers/STM32F4xx_HAL_Driver/Src/stm32f4xx_hal_flash_ex.c ****     /*Write protection on all sector  of BANK2*/
 838:Drivers/STM32F4xx_HAL_Driver/Src/stm32f4xx_hal_flash_ex.c ****     if (Banks == FLASH_BANK_BOTH)
 839:Drivers/STM32F4xx_HAL_Driver/Src/stm32f4xx_hal_flash_ex.c ****     {
 840:Drivers/STM32F4xx_HAL_Driver/Src/stm32f4xx_hal_flash_ex.c ****       assert_param(IS_OB_PCROP(SectorBank2));
 841:Drivers/STM32F4xx_HAL_Driver/Src/stm32f4xx_hal_flash_ex.c ****       /* Wait for last operation to be completed */
 842:Drivers/STM32F4xx_HAL_Driver/Src/stm32f4xx_hal_flash_ex.c ****       status = FLASH_WaitForLastOperation((uint32_t)FLASH_TIMEOUT_VALUE);
 843:Drivers/STM32F4xx_HAL_Driver/Src/stm32f4xx_hal_flash_ex.c **** 
 844:Drivers/STM32F4xx_HAL_Driver/Src/stm32f4xx_hal_flash_ex.c ****       if (status == HAL_OK)
 845:Drivers/STM32F4xx_HAL_Driver/Src/stm32f4xx_hal_flash_ex.c ****       {
 846:Drivers/STM32F4xx_HAL_Driver/Src/stm32f4xx_hal_flash_ex.c ****         /*Write protection done on sectors of BANK2*/
 847:Drivers/STM32F4xx_HAL_Driver/Src/stm32f4xx_hal_flash_ex.c ****         *(__IO uint16_t *)OPTCR1_BYTE2_ADDRESS |= (uint16_t)SectorBank2;
 848:Drivers/STM32F4xx_HAL_Driver/Src/stm32f4xx_hal_flash_ex.c ****       }
 849:Drivers/STM32F4xx_HAL_Driver/Src/stm32f4xx_hal_flash_ex.c ****     }
 850:Drivers/STM32F4xx_HAL_Driver/Src/stm32f4xx_hal_flash_ex.c **** 
 851:Drivers/STM32F4xx_HAL_Driver/Src/stm32f4xx_hal_flash_ex.c ****   }
 852:Drivers/STM32F4xx_HAL_Driver/Src/stm32f4xx_hal_flash_ex.c **** 
 853:Drivers/STM32F4xx_HAL_Driver/Src/stm32f4xx_hal_flash_ex.c ****   return status;
 854:Drivers/STM32F4xx_HAL_Driver/Src/stm32f4xx_hal_flash_ex.c **** }
 855:Drivers/STM32F4xx_HAL_Driver/Src/stm32f4xx_hal_flash_ex.c **** 
 856:Drivers/STM32F4xx_HAL_Driver/Src/stm32f4xx_hal_flash_ex.c **** 
 857:Drivers/STM32F4xx_HAL_Driver/Src/stm32f4xx_hal_flash_ex.c **** /**
 858:Drivers/STM32F4xx_HAL_Driver/Src/stm32f4xx_hal_flash_ex.c ****   * @brief  Disable the read/write protection (PCROP) of the desired
 859:Drivers/STM32F4xx_HAL_Driver/Src/stm32f4xx_hal_flash_ex.c ****   *         sectors  of Bank 1 and/or Bank 2.
 860:Drivers/STM32F4xx_HAL_Driver/Src/stm32f4xx_hal_flash_ex.c ****   * @note   This function can be used only for STM32F42xxx/43xxx devices.
 861:Drivers/STM32F4xx_HAL_Driver/Src/stm32f4xx_hal_flash_ex.c ****   * @param  SectorBank1 specifies the sector(s) to be read/write protected or unprotected for bank1
 862:Drivers/STM32F4xx_HAL_Driver/Src/stm32f4xx_hal_flash_ex.c ****   *          This parameter can be one of the following values:
ARM GAS  C:\msys64\tmp\ccTz5ysZ.s 			page 18


 863:Drivers/STM32F4xx_HAL_Driver/Src/stm32f4xx_hal_flash_ex.c ****   *            @arg OB_PCROP: A value between OB_PCROP_SECTOR_0 and OB_PCROP_SECTOR_11
 864:Drivers/STM32F4xx_HAL_Driver/Src/stm32f4xx_hal_flash_ex.c ****   *            @arg OB_PCROP_SECTOR__All
 865:Drivers/STM32F4xx_HAL_Driver/Src/stm32f4xx_hal_flash_ex.c ****   * @param  SectorBank2 Specifies the sector(s) to be read/write protected or unprotected for bank2
 866:Drivers/STM32F4xx_HAL_Driver/Src/stm32f4xx_hal_flash_ex.c ****   *          This parameter can be one of the following values:
 867:Drivers/STM32F4xx_HAL_Driver/Src/stm32f4xx_hal_flash_ex.c ****   *            @arg OB_PCROP: A value between OB_PCROP_SECTOR_12 and OB_PCROP_SECTOR_23
 868:Drivers/STM32F4xx_HAL_Driver/Src/stm32f4xx_hal_flash_ex.c ****   *            @arg OB_PCROP_SECTOR__All
 869:Drivers/STM32F4xx_HAL_Driver/Src/stm32f4xx_hal_flash_ex.c ****   * @param  Banks Disable PCROP protection on all the sectors for the specific bank
 870:Drivers/STM32F4xx_HAL_Driver/Src/stm32f4xx_hal_flash_ex.c ****   *          This parameter can be one of the following values:
 871:Drivers/STM32F4xx_HAL_Driver/Src/stm32f4xx_hal_flash_ex.c ****   *            @arg FLASH_BANK_1: WRP on all sectors of bank1
 872:Drivers/STM32F4xx_HAL_Driver/Src/stm32f4xx_hal_flash_ex.c ****   *            @arg FLASH_BANK_2: WRP on all sectors of bank2
 873:Drivers/STM32F4xx_HAL_Driver/Src/stm32f4xx_hal_flash_ex.c ****   *            @arg FLASH_BANK_BOTH: WRP on all sectors of bank1 & bank2
 874:Drivers/STM32F4xx_HAL_Driver/Src/stm32f4xx_hal_flash_ex.c ****   *
 875:Drivers/STM32F4xx_HAL_Driver/Src/stm32f4xx_hal_flash_ex.c ****   * @retval HAL Status
 876:Drivers/STM32F4xx_HAL_Driver/Src/stm32f4xx_hal_flash_ex.c ****   */
 877:Drivers/STM32F4xx_HAL_Driver/Src/stm32f4xx_hal_flash_ex.c **** static HAL_StatusTypeDef FLASH_OB_DisablePCROP(uint32_t SectorBank1, uint32_t SectorBank2, uint32_t
 878:Drivers/STM32F4xx_HAL_Driver/Src/stm32f4xx_hal_flash_ex.c **** {
 879:Drivers/STM32F4xx_HAL_Driver/Src/stm32f4xx_hal_flash_ex.c ****   HAL_StatusTypeDef status = HAL_OK;
 880:Drivers/STM32F4xx_HAL_Driver/Src/stm32f4xx_hal_flash_ex.c **** 
 881:Drivers/STM32F4xx_HAL_Driver/Src/stm32f4xx_hal_flash_ex.c ****   /* Check the parameters */
 882:Drivers/STM32F4xx_HAL_Driver/Src/stm32f4xx_hal_flash_ex.c ****   assert_param(IS_FLASH_BANK(Banks));
 883:Drivers/STM32F4xx_HAL_Driver/Src/stm32f4xx_hal_flash_ex.c **** 
 884:Drivers/STM32F4xx_HAL_Driver/Src/stm32f4xx_hal_flash_ex.c ****   /* Wait for last operation to be completed */
 885:Drivers/STM32F4xx_HAL_Driver/Src/stm32f4xx_hal_flash_ex.c ****   status = FLASH_WaitForLastOperation((uint32_t)FLASH_TIMEOUT_VALUE);
 886:Drivers/STM32F4xx_HAL_Driver/Src/stm32f4xx_hal_flash_ex.c **** 
 887:Drivers/STM32F4xx_HAL_Driver/Src/stm32f4xx_hal_flash_ex.c ****   if (status == HAL_OK)
 888:Drivers/STM32F4xx_HAL_Driver/Src/stm32f4xx_hal_flash_ex.c ****   {
 889:Drivers/STM32F4xx_HAL_Driver/Src/stm32f4xx_hal_flash_ex.c ****     if ((Banks == FLASH_BANK_1) || (Banks == FLASH_BANK_BOTH))
 890:Drivers/STM32F4xx_HAL_Driver/Src/stm32f4xx_hal_flash_ex.c ****     {
 891:Drivers/STM32F4xx_HAL_Driver/Src/stm32f4xx_hal_flash_ex.c ****       assert_param(IS_OB_PCROP(SectorBank1));
 892:Drivers/STM32F4xx_HAL_Driver/Src/stm32f4xx_hal_flash_ex.c ****       /*Write protection done on sectors of BANK1*/
 893:Drivers/STM32F4xx_HAL_Driver/Src/stm32f4xx_hal_flash_ex.c ****       *(__IO uint16_t *)OPTCR_BYTE2_ADDRESS &= (~SectorBank1);
 894:Drivers/STM32F4xx_HAL_Driver/Src/stm32f4xx_hal_flash_ex.c ****     }
 895:Drivers/STM32F4xx_HAL_Driver/Src/stm32f4xx_hal_flash_ex.c ****     else
 896:Drivers/STM32F4xx_HAL_Driver/Src/stm32f4xx_hal_flash_ex.c ****     {
 897:Drivers/STM32F4xx_HAL_Driver/Src/stm32f4xx_hal_flash_ex.c ****       /*Write protection done on sectors of BANK2*/
 898:Drivers/STM32F4xx_HAL_Driver/Src/stm32f4xx_hal_flash_ex.c ****       assert_param(IS_OB_PCROP(SectorBank2));
 899:Drivers/STM32F4xx_HAL_Driver/Src/stm32f4xx_hal_flash_ex.c ****       *(__IO uint16_t *)OPTCR1_BYTE2_ADDRESS &= (~SectorBank2);
 900:Drivers/STM32F4xx_HAL_Driver/Src/stm32f4xx_hal_flash_ex.c ****     }
 901:Drivers/STM32F4xx_HAL_Driver/Src/stm32f4xx_hal_flash_ex.c **** 
 902:Drivers/STM32F4xx_HAL_Driver/Src/stm32f4xx_hal_flash_ex.c ****     /*Write protection on all sector  of BANK2*/
 903:Drivers/STM32F4xx_HAL_Driver/Src/stm32f4xx_hal_flash_ex.c ****     if (Banks == FLASH_BANK_BOTH)
 904:Drivers/STM32F4xx_HAL_Driver/Src/stm32f4xx_hal_flash_ex.c ****     {
 905:Drivers/STM32F4xx_HAL_Driver/Src/stm32f4xx_hal_flash_ex.c ****       assert_param(IS_OB_PCROP(SectorBank2));
 906:Drivers/STM32F4xx_HAL_Driver/Src/stm32f4xx_hal_flash_ex.c ****       /* Wait for last operation to be completed */
 907:Drivers/STM32F4xx_HAL_Driver/Src/stm32f4xx_hal_flash_ex.c ****       status = FLASH_WaitForLastOperation((uint32_t)FLASH_TIMEOUT_VALUE);
 908:Drivers/STM32F4xx_HAL_Driver/Src/stm32f4xx_hal_flash_ex.c **** 
 909:Drivers/STM32F4xx_HAL_Driver/Src/stm32f4xx_hal_flash_ex.c ****       if (status == HAL_OK)
 910:Drivers/STM32F4xx_HAL_Driver/Src/stm32f4xx_hal_flash_ex.c ****       {
 911:Drivers/STM32F4xx_HAL_Driver/Src/stm32f4xx_hal_flash_ex.c ****         /*Write protection done on sectors of BANK2*/
 912:Drivers/STM32F4xx_HAL_Driver/Src/stm32f4xx_hal_flash_ex.c ****         *(__IO uint16_t *)OPTCR1_BYTE2_ADDRESS &= (~SectorBank2);
 913:Drivers/STM32F4xx_HAL_Driver/Src/stm32f4xx_hal_flash_ex.c ****       }
 914:Drivers/STM32F4xx_HAL_Driver/Src/stm32f4xx_hal_flash_ex.c ****     }
 915:Drivers/STM32F4xx_HAL_Driver/Src/stm32f4xx_hal_flash_ex.c **** 
 916:Drivers/STM32F4xx_HAL_Driver/Src/stm32f4xx_hal_flash_ex.c ****   }
 917:Drivers/STM32F4xx_HAL_Driver/Src/stm32f4xx_hal_flash_ex.c **** 
 918:Drivers/STM32F4xx_HAL_Driver/Src/stm32f4xx_hal_flash_ex.c ****   return status;
 919:Drivers/STM32F4xx_HAL_Driver/Src/stm32f4xx_hal_flash_ex.c **** 
ARM GAS  C:\msys64\tmp\ccTz5ysZ.s 			page 19


 920:Drivers/STM32F4xx_HAL_Driver/Src/stm32f4xx_hal_flash_ex.c **** }
 921:Drivers/STM32F4xx_HAL_Driver/Src/stm32f4xx_hal_flash_ex.c **** 
 922:Drivers/STM32F4xx_HAL_Driver/Src/stm32f4xx_hal_flash_ex.c **** #endif /* STM32F427xx || STM32F437xx || STM32F429xx || STM32F439xx || STM32F469xx || STM32F479xx */
 923:Drivers/STM32F4xx_HAL_Driver/Src/stm32f4xx_hal_flash_ex.c **** 
 924:Drivers/STM32F4xx_HAL_Driver/Src/stm32f4xx_hal_flash_ex.c **** #if defined(STM32F405xx) || defined(STM32F415xx) || defined(STM32F407xx) || defined(STM32F417xx) ||
 925:Drivers/STM32F4xx_HAL_Driver/Src/stm32f4xx_hal_flash_ex.c ****     defined(STM32F401xC) || defined(STM32F401xE) || defined(STM32F410Tx) || defined(STM32F410Cx) ||
 926:Drivers/STM32F4xx_HAL_Driver/Src/stm32f4xx_hal_flash_ex.c ****     defined(STM32F410Rx) || defined(STM32F411xE) || defined(STM32F446xx) || defined(STM32F412Zx) ||
 927:Drivers/STM32F4xx_HAL_Driver/Src/stm32f4xx_hal_flash_ex.c ****     defined(STM32F412Vx) || defined(STM32F412Rx) || defined(STM32F412Cx) || defined(STM32F413xx) ||
 928:Drivers/STM32F4xx_HAL_Driver/Src/stm32f4xx_hal_flash_ex.c ****     defined(STM32F423xx)
 929:Drivers/STM32F4xx_HAL_Driver/Src/stm32f4xx_hal_flash_ex.c **** /**
 930:Drivers/STM32F4xx_HAL_Driver/Src/stm32f4xx_hal_flash_ex.c ****   * @brief  Mass erase of FLASH memory
 931:Drivers/STM32F4xx_HAL_Driver/Src/stm32f4xx_hal_flash_ex.c ****   * @param  VoltageRange The device voltage range which defines the erase parallelism.
 932:Drivers/STM32F4xx_HAL_Driver/Src/stm32f4xx_hal_flash_ex.c ****   *          This parameter can be one of the following values:
 933:Drivers/STM32F4xx_HAL_Driver/Src/stm32f4xx_hal_flash_ex.c ****   *            @arg FLASH_VOLTAGE_RANGE_1: when the device voltage range is 1.8V to 2.1V,
 934:Drivers/STM32F4xx_HAL_Driver/Src/stm32f4xx_hal_flash_ex.c ****   *                                  the operation will be done by byte (8-bit)
 935:Drivers/STM32F4xx_HAL_Driver/Src/stm32f4xx_hal_flash_ex.c ****   *            @arg FLASH_VOLTAGE_RANGE_2: when the device voltage range is 2.1V to 2.7V,
 936:Drivers/STM32F4xx_HAL_Driver/Src/stm32f4xx_hal_flash_ex.c ****   *                                  the operation will be done by half word (16-bit)
 937:Drivers/STM32F4xx_HAL_Driver/Src/stm32f4xx_hal_flash_ex.c ****   *            @arg FLASH_VOLTAGE_RANGE_3: when the device voltage range is 2.7V to 3.6V,
 938:Drivers/STM32F4xx_HAL_Driver/Src/stm32f4xx_hal_flash_ex.c ****   *                                  the operation will be done by word (32-bit)
 939:Drivers/STM32F4xx_HAL_Driver/Src/stm32f4xx_hal_flash_ex.c ****   *            @arg FLASH_VOLTAGE_RANGE_4: when the device voltage range is 2.7V to 3.6V + External
 940:Drivers/STM32F4xx_HAL_Driver/Src/stm32f4xx_hal_flash_ex.c ****   *                                  the operation will be done by double word (64-bit)
 941:Drivers/STM32F4xx_HAL_Driver/Src/stm32f4xx_hal_flash_ex.c ****   *
 942:Drivers/STM32F4xx_HAL_Driver/Src/stm32f4xx_hal_flash_ex.c ****   * @param  Banks Banks to be erased
 943:Drivers/STM32F4xx_HAL_Driver/Src/stm32f4xx_hal_flash_ex.c ****   *          This parameter can be one of the following values:
 944:Drivers/STM32F4xx_HAL_Driver/Src/stm32f4xx_hal_flash_ex.c ****   *            @arg FLASH_BANK_1: Bank1 to be erased
 945:Drivers/STM32F4xx_HAL_Driver/Src/stm32f4xx_hal_flash_ex.c ****   *
 946:Drivers/STM32F4xx_HAL_Driver/Src/stm32f4xx_hal_flash_ex.c ****   * @retval None
 947:Drivers/STM32F4xx_HAL_Driver/Src/stm32f4xx_hal_flash_ex.c ****   */
 948:Drivers/STM32F4xx_HAL_Driver/Src/stm32f4xx_hal_flash_ex.c **** static void FLASH_MassErase(uint8_t VoltageRange, uint32_t Banks)
 949:Drivers/STM32F4xx_HAL_Driver/Src/stm32f4xx_hal_flash_ex.c **** {
 950:Drivers/STM32F4xx_HAL_Driver/Src/stm32f4xx_hal_flash_ex.c ****   /* Check the parameters */
 951:Drivers/STM32F4xx_HAL_Driver/Src/stm32f4xx_hal_flash_ex.c ****   assert_param(IS_VOLTAGERANGE(VoltageRange));
 952:Drivers/STM32F4xx_HAL_Driver/Src/stm32f4xx_hal_flash_ex.c ****   assert_param(IS_FLASH_BANK(Banks));
 953:Drivers/STM32F4xx_HAL_Driver/Src/stm32f4xx_hal_flash_ex.c **** 
 954:Drivers/STM32F4xx_HAL_Driver/Src/stm32f4xx_hal_flash_ex.c ****   /* If the previous operation is completed, proceed to erase all sectors */
 955:Drivers/STM32F4xx_HAL_Driver/Src/stm32f4xx_hal_flash_ex.c ****   CLEAR_BIT(FLASH->CR, FLASH_CR_PSIZE);
 956:Drivers/STM32F4xx_HAL_Driver/Src/stm32f4xx_hal_flash_ex.c ****   FLASH->CR |= FLASH_CR_MER;
 957:Drivers/STM32F4xx_HAL_Driver/Src/stm32f4xx_hal_flash_ex.c ****   FLASH->CR |= FLASH_CR_STRT | ((uint32_t)VoltageRange << 8U);
 958:Drivers/STM32F4xx_HAL_Driver/Src/stm32f4xx_hal_flash_ex.c **** }
 959:Drivers/STM32F4xx_HAL_Driver/Src/stm32f4xx_hal_flash_ex.c **** 
 960:Drivers/STM32F4xx_HAL_Driver/Src/stm32f4xx_hal_flash_ex.c **** /**
 961:Drivers/STM32F4xx_HAL_Driver/Src/stm32f4xx_hal_flash_ex.c ****   * @brief  Erase the specified FLASH memory sector
 962:Drivers/STM32F4xx_HAL_Driver/Src/stm32f4xx_hal_flash_ex.c ****   * @param  Sector FLASH sector to erase
 963:Drivers/STM32F4xx_HAL_Driver/Src/stm32f4xx_hal_flash_ex.c ****   *         The value of this parameter depend on device used within the same series
 964:Drivers/STM32F4xx_HAL_Driver/Src/stm32f4xx_hal_flash_ex.c ****   * @param  VoltageRange The device voltage range which defines the erase parallelism.
 965:Drivers/STM32F4xx_HAL_Driver/Src/stm32f4xx_hal_flash_ex.c ****   *          This parameter can be one of the following values:
 966:Drivers/STM32F4xx_HAL_Driver/Src/stm32f4xx_hal_flash_ex.c ****   *            @arg FLASH_VOLTAGE_RANGE_1: when the device voltage range is 1.8V to 2.1V,
 967:Drivers/STM32F4xx_HAL_Driver/Src/stm32f4xx_hal_flash_ex.c ****   *                                  the operation will be done by byte (8-bit)
 968:Drivers/STM32F4xx_HAL_Driver/Src/stm32f4xx_hal_flash_ex.c ****   *            @arg FLASH_VOLTAGE_RANGE_2: when the device voltage range is 2.1V to 2.7V,
 969:Drivers/STM32F4xx_HAL_Driver/Src/stm32f4xx_hal_flash_ex.c ****   *                                  the operation will be done by half word (16-bit)
 970:Drivers/STM32F4xx_HAL_Driver/Src/stm32f4xx_hal_flash_ex.c ****   *            @arg FLASH_VOLTAGE_RANGE_3: when the device voltage range is 2.7V to 3.6V,
 971:Drivers/STM32F4xx_HAL_Driver/Src/stm32f4xx_hal_flash_ex.c ****   *                                  the operation will be done by word (32-bit)
 972:Drivers/STM32F4xx_HAL_Driver/Src/stm32f4xx_hal_flash_ex.c ****   *            @arg FLASH_VOLTAGE_RANGE_4: when the device voltage range is 2.7V to 3.6V + External
 973:Drivers/STM32F4xx_HAL_Driver/Src/stm32f4xx_hal_flash_ex.c ****   *                                  the operation will be done by double word (64-bit)
 974:Drivers/STM32F4xx_HAL_Driver/Src/stm32f4xx_hal_flash_ex.c ****   *
 975:Drivers/STM32F4xx_HAL_Driver/Src/stm32f4xx_hal_flash_ex.c ****   * @retval None
 976:Drivers/STM32F4xx_HAL_Driver/Src/stm32f4xx_hal_flash_ex.c ****   */
ARM GAS  C:\msys64\tmp\ccTz5ysZ.s 			page 20


 977:Drivers/STM32F4xx_HAL_Driver/Src/stm32f4xx_hal_flash_ex.c **** void FLASH_Erase_Sector(uint32_t Sector, uint8_t VoltageRange)
 978:Drivers/STM32F4xx_HAL_Driver/Src/stm32f4xx_hal_flash_ex.c **** {
 979:Drivers/STM32F4xx_HAL_Driver/Src/stm32f4xx_hal_flash_ex.c ****   uint32_t tmp_psize = 0U;
 980:Drivers/STM32F4xx_HAL_Driver/Src/stm32f4xx_hal_flash_ex.c **** 
 981:Drivers/STM32F4xx_HAL_Driver/Src/stm32f4xx_hal_flash_ex.c ****   /* Check the parameters */
 982:Drivers/STM32F4xx_HAL_Driver/Src/stm32f4xx_hal_flash_ex.c ****   assert_param(IS_FLASH_SECTOR(Sector));
 983:Drivers/STM32F4xx_HAL_Driver/Src/stm32f4xx_hal_flash_ex.c ****   assert_param(IS_VOLTAGERANGE(VoltageRange));
 984:Drivers/STM32F4xx_HAL_Driver/Src/stm32f4xx_hal_flash_ex.c **** 
 985:Drivers/STM32F4xx_HAL_Driver/Src/stm32f4xx_hal_flash_ex.c ****   if (VoltageRange == FLASH_VOLTAGE_RANGE_1)
 986:Drivers/STM32F4xx_HAL_Driver/Src/stm32f4xx_hal_flash_ex.c ****   {
 987:Drivers/STM32F4xx_HAL_Driver/Src/stm32f4xx_hal_flash_ex.c ****     tmp_psize = FLASH_PSIZE_BYTE;
 988:Drivers/STM32F4xx_HAL_Driver/Src/stm32f4xx_hal_flash_ex.c ****   }
 989:Drivers/STM32F4xx_HAL_Driver/Src/stm32f4xx_hal_flash_ex.c ****   else if (VoltageRange == FLASH_VOLTAGE_RANGE_2)
 990:Drivers/STM32F4xx_HAL_Driver/Src/stm32f4xx_hal_flash_ex.c ****   {
 991:Drivers/STM32F4xx_HAL_Driver/Src/stm32f4xx_hal_flash_ex.c ****     tmp_psize = FLASH_PSIZE_HALF_WORD;
 992:Drivers/STM32F4xx_HAL_Driver/Src/stm32f4xx_hal_flash_ex.c ****   }
 993:Drivers/STM32F4xx_HAL_Driver/Src/stm32f4xx_hal_flash_ex.c ****   else if (VoltageRange == FLASH_VOLTAGE_RANGE_3)
 994:Drivers/STM32F4xx_HAL_Driver/Src/stm32f4xx_hal_flash_ex.c ****   {
 995:Drivers/STM32F4xx_HAL_Driver/Src/stm32f4xx_hal_flash_ex.c ****     tmp_psize = FLASH_PSIZE_WORD;
 996:Drivers/STM32F4xx_HAL_Driver/Src/stm32f4xx_hal_flash_ex.c ****   }
 997:Drivers/STM32F4xx_HAL_Driver/Src/stm32f4xx_hal_flash_ex.c ****   else
 998:Drivers/STM32F4xx_HAL_Driver/Src/stm32f4xx_hal_flash_ex.c ****   {
 999:Drivers/STM32F4xx_HAL_Driver/Src/stm32f4xx_hal_flash_ex.c ****     tmp_psize = FLASH_PSIZE_DOUBLE_WORD;
1000:Drivers/STM32F4xx_HAL_Driver/Src/stm32f4xx_hal_flash_ex.c ****   }
1001:Drivers/STM32F4xx_HAL_Driver/Src/stm32f4xx_hal_flash_ex.c **** 
1002:Drivers/STM32F4xx_HAL_Driver/Src/stm32f4xx_hal_flash_ex.c ****   /* If the previous operation is completed, proceed to erase the sector */
1003:Drivers/STM32F4xx_HAL_Driver/Src/stm32f4xx_hal_flash_ex.c ****   CLEAR_BIT(FLASH->CR, FLASH_CR_PSIZE);
1004:Drivers/STM32F4xx_HAL_Driver/Src/stm32f4xx_hal_flash_ex.c ****   FLASH->CR |= tmp_psize;
1005:Drivers/STM32F4xx_HAL_Driver/Src/stm32f4xx_hal_flash_ex.c ****   CLEAR_BIT(FLASH->CR, FLASH_CR_SNB);
1006:Drivers/STM32F4xx_HAL_Driver/Src/stm32f4xx_hal_flash_ex.c ****   FLASH->CR |= FLASH_CR_SER | (Sector << FLASH_CR_SNB_Pos);
1007:Drivers/STM32F4xx_HAL_Driver/Src/stm32f4xx_hal_flash_ex.c ****   FLASH->CR |= FLASH_CR_STRT;
1008:Drivers/STM32F4xx_HAL_Driver/Src/stm32f4xx_hal_flash_ex.c **** }
1009:Drivers/STM32F4xx_HAL_Driver/Src/stm32f4xx_hal_flash_ex.c **** 
1010:Drivers/STM32F4xx_HAL_Driver/Src/stm32f4xx_hal_flash_ex.c **** /**
1011:Drivers/STM32F4xx_HAL_Driver/Src/stm32f4xx_hal_flash_ex.c ****   * @brief  Enable the write protection of the desired bank 1 sectors
1012:Drivers/STM32F4xx_HAL_Driver/Src/stm32f4xx_hal_flash_ex.c ****   *
1013:Drivers/STM32F4xx_HAL_Driver/Src/stm32f4xx_hal_flash_ex.c ****   * @note   When the memory read protection level is selected (RDP level = 1),
1014:Drivers/STM32F4xx_HAL_Driver/Src/stm32f4xx_hal_flash_ex.c ****   *         it is not possible to program or erase the flash sector i if CortexM4
1015:Drivers/STM32F4xx_HAL_Driver/Src/stm32f4xx_hal_flash_ex.c ****   *         debug features are connected or boot code is executed in RAM, even if nWRPi = 1
1016:Drivers/STM32F4xx_HAL_Driver/Src/stm32f4xx_hal_flash_ex.c ****   * @note   Active value of nWRPi bits is inverted when PCROP mode is active (SPRMOD =1).
1017:Drivers/STM32F4xx_HAL_Driver/Src/stm32f4xx_hal_flash_ex.c ****   *
1018:Drivers/STM32F4xx_HAL_Driver/Src/stm32f4xx_hal_flash_ex.c ****   * @param  WRPSector specifies the sector(s) to be write protected.
1019:Drivers/STM32F4xx_HAL_Driver/Src/stm32f4xx_hal_flash_ex.c ****   *         The value of this parameter depend on device used within the same series
1020:Drivers/STM32F4xx_HAL_Driver/Src/stm32f4xx_hal_flash_ex.c ****   *
1021:Drivers/STM32F4xx_HAL_Driver/Src/stm32f4xx_hal_flash_ex.c ****   * @param  Banks Enable write protection on all the sectors for the specific bank
1022:Drivers/STM32F4xx_HAL_Driver/Src/stm32f4xx_hal_flash_ex.c ****   *          This parameter can be one of the following values:
1023:Drivers/STM32F4xx_HAL_Driver/Src/stm32f4xx_hal_flash_ex.c ****   *            @arg FLASH_BANK_1: WRP on all sectors of bank1
1024:Drivers/STM32F4xx_HAL_Driver/Src/stm32f4xx_hal_flash_ex.c ****   *
1025:Drivers/STM32F4xx_HAL_Driver/Src/stm32f4xx_hal_flash_ex.c ****   * @retval HAL Status
1026:Drivers/STM32F4xx_HAL_Driver/Src/stm32f4xx_hal_flash_ex.c ****   */
1027:Drivers/STM32F4xx_HAL_Driver/Src/stm32f4xx_hal_flash_ex.c **** static HAL_StatusTypeDef FLASH_OB_EnableWRP(uint32_t WRPSector, uint32_t Banks)
1028:Drivers/STM32F4xx_HAL_Driver/Src/stm32f4xx_hal_flash_ex.c **** {
1029:Drivers/STM32F4xx_HAL_Driver/Src/stm32f4xx_hal_flash_ex.c ****   HAL_StatusTypeDef status = HAL_OK;
1030:Drivers/STM32F4xx_HAL_Driver/Src/stm32f4xx_hal_flash_ex.c **** 
1031:Drivers/STM32F4xx_HAL_Driver/Src/stm32f4xx_hal_flash_ex.c ****   /* Check the parameters */
1032:Drivers/STM32F4xx_HAL_Driver/Src/stm32f4xx_hal_flash_ex.c ****   assert_param(IS_OB_WRP_SECTOR(WRPSector));
1033:Drivers/STM32F4xx_HAL_Driver/Src/stm32f4xx_hal_flash_ex.c ****   assert_param(IS_FLASH_BANK(Banks));
ARM GAS  C:\msys64\tmp\ccTz5ysZ.s 			page 21


1034:Drivers/STM32F4xx_HAL_Driver/Src/stm32f4xx_hal_flash_ex.c **** 
1035:Drivers/STM32F4xx_HAL_Driver/Src/stm32f4xx_hal_flash_ex.c ****   /* Wait for last operation to be completed */
1036:Drivers/STM32F4xx_HAL_Driver/Src/stm32f4xx_hal_flash_ex.c ****   status = FLASH_WaitForLastOperation((uint32_t)FLASH_TIMEOUT_VALUE);
1037:Drivers/STM32F4xx_HAL_Driver/Src/stm32f4xx_hal_flash_ex.c **** 
1038:Drivers/STM32F4xx_HAL_Driver/Src/stm32f4xx_hal_flash_ex.c ****   if (status == HAL_OK)
1039:Drivers/STM32F4xx_HAL_Driver/Src/stm32f4xx_hal_flash_ex.c ****   {
1040:Drivers/STM32F4xx_HAL_Driver/Src/stm32f4xx_hal_flash_ex.c ****     *(__IO uint16_t *)OPTCR_BYTE2_ADDRESS &= (~WRPSector);
1041:Drivers/STM32F4xx_HAL_Driver/Src/stm32f4xx_hal_flash_ex.c ****   }
1042:Drivers/STM32F4xx_HAL_Driver/Src/stm32f4xx_hal_flash_ex.c **** 
1043:Drivers/STM32F4xx_HAL_Driver/Src/stm32f4xx_hal_flash_ex.c ****   return status;
1044:Drivers/STM32F4xx_HAL_Driver/Src/stm32f4xx_hal_flash_ex.c **** }
1045:Drivers/STM32F4xx_HAL_Driver/Src/stm32f4xx_hal_flash_ex.c **** 
1046:Drivers/STM32F4xx_HAL_Driver/Src/stm32f4xx_hal_flash_ex.c **** /**
1047:Drivers/STM32F4xx_HAL_Driver/Src/stm32f4xx_hal_flash_ex.c ****   * @brief  Disable the write protection of the desired bank 1 sectors
1048:Drivers/STM32F4xx_HAL_Driver/Src/stm32f4xx_hal_flash_ex.c ****   *
1049:Drivers/STM32F4xx_HAL_Driver/Src/stm32f4xx_hal_flash_ex.c ****   * @note   When the memory read protection level is selected (RDP level = 1),
1050:Drivers/STM32F4xx_HAL_Driver/Src/stm32f4xx_hal_flash_ex.c ****   *         it is not possible to program or erase the flash sector i if CortexM4
1051:Drivers/STM32F4xx_HAL_Driver/Src/stm32f4xx_hal_flash_ex.c ****   *         debug features are connected or boot code is executed in RAM, even if nWRPi = 1
1052:Drivers/STM32F4xx_HAL_Driver/Src/stm32f4xx_hal_flash_ex.c ****   * @note   Active value of nWRPi bits is inverted when PCROP mode is active (SPRMOD =1).
1053:Drivers/STM32F4xx_HAL_Driver/Src/stm32f4xx_hal_flash_ex.c ****   *
1054:Drivers/STM32F4xx_HAL_Driver/Src/stm32f4xx_hal_flash_ex.c ****   * @param  WRPSector specifies the sector(s) to be write protected.
1055:Drivers/STM32F4xx_HAL_Driver/Src/stm32f4xx_hal_flash_ex.c ****   *         The value of this parameter depend on device used within the same series
1056:Drivers/STM32F4xx_HAL_Driver/Src/stm32f4xx_hal_flash_ex.c ****   *
1057:Drivers/STM32F4xx_HAL_Driver/Src/stm32f4xx_hal_flash_ex.c ****   * @param  Banks Enable write protection on all the sectors for the specific bank
1058:Drivers/STM32F4xx_HAL_Driver/Src/stm32f4xx_hal_flash_ex.c ****   *          This parameter can be one of the following values:
1059:Drivers/STM32F4xx_HAL_Driver/Src/stm32f4xx_hal_flash_ex.c ****   *            @arg FLASH_BANK_1: WRP on all sectors of bank1
1060:Drivers/STM32F4xx_HAL_Driver/Src/stm32f4xx_hal_flash_ex.c ****   *
1061:Drivers/STM32F4xx_HAL_Driver/Src/stm32f4xx_hal_flash_ex.c ****   * @retval HAL Status
1062:Drivers/STM32F4xx_HAL_Driver/Src/stm32f4xx_hal_flash_ex.c ****   */
1063:Drivers/STM32F4xx_HAL_Driver/Src/stm32f4xx_hal_flash_ex.c **** static HAL_StatusTypeDef FLASH_OB_DisableWRP(uint32_t WRPSector, uint32_t Banks)
1064:Drivers/STM32F4xx_HAL_Driver/Src/stm32f4xx_hal_flash_ex.c **** {
1065:Drivers/STM32F4xx_HAL_Driver/Src/stm32f4xx_hal_flash_ex.c ****   HAL_StatusTypeDef status = HAL_OK;
1066:Drivers/STM32F4xx_HAL_Driver/Src/stm32f4xx_hal_flash_ex.c **** 
1067:Drivers/STM32F4xx_HAL_Driver/Src/stm32f4xx_hal_flash_ex.c ****   /* Check the parameters */
1068:Drivers/STM32F4xx_HAL_Driver/Src/stm32f4xx_hal_flash_ex.c ****   assert_param(IS_OB_WRP_SECTOR(WRPSector));
1069:Drivers/STM32F4xx_HAL_Driver/Src/stm32f4xx_hal_flash_ex.c ****   assert_param(IS_FLASH_BANK(Banks));
1070:Drivers/STM32F4xx_HAL_Driver/Src/stm32f4xx_hal_flash_ex.c **** 
1071:Drivers/STM32F4xx_HAL_Driver/Src/stm32f4xx_hal_flash_ex.c ****   /* Wait for last operation to be completed */
1072:Drivers/STM32F4xx_HAL_Driver/Src/stm32f4xx_hal_flash_ex.c ****   status = FLASH_WaitForLastOperation((uint32_t)FLASH_TIMEOUT_VALUE);
1073:Drivers/STM32F4xx_HAL_Driver/Src/stm32f4xx_hal_flash_ex.c **** 
1074:Drivers/STM32F4xx_HAL_Driver/Src/stm32f4xx_hal_flash_ex.c ****   if (status == HAL_OK)
1075:Drivers/STM32F4xx_HAL_Driver/Src/stm32f4xx_hal_flash_ex.c ****   {
1076:Drivers/STM32F4xx_HAL_Driver/Src/stm32f4xx_hal_flash_ex.c ****     *(__IO uint16_t *)OPTCR_BYTE2_ADDRESS |= (uint16_t)WRPSector;
1077:Drivers/STM32F4xx_HAL_Driver/Src/stm32f4xx_hal_flash_ex.c ****   }
1078:Drivers/STM32F4xx_HAL_Driver/Src/stm32f4xx_hal_flash_ex.c **** 
1079:Drivers/STM32F4xx_HAL_Driver/Src/stm32f4xx_hal_flash_ex.c ****   return status;
1080:Drivers/STM32F4xx_HAL_Driver/Src/stm32f4xx_hal_flash_ex.c **** }
1081:Drivers/STM32F4xx_HAL_Driver/Src/stm32f4xx_hal_flash_ex.c **** #endif /* STM32F40xxx || STM32F41xxx || STM32F401xx || STM32F410xx || STM32F411xE || STM32F446xx ||
1082:Drivers/STM32F4xx_HAL_Driver/Src/stm32f4xx_hal_flash_ex.c ****           STM32F413xx || STM32F423xx */
1083:Drivers/STM32F4xx_HAL_Driver/Src/stm32f4xx_hal_flash_ex.c **** 
1084:Drivers/STM32F4xx_HAL_Driver/Src/stm32f4xx_hal_flash_ex.c **** #if defined(STM32F401xC) || defined(STM32F401xE) || defined(STM32F410Tx) || defined(STM32F410Cx) ||
1085:Drivers/STM32F4xx_HAL_Driver/Src/stm32f4xx_hal_flash_ex.c ****     defined(STM32F411xE) || defined(STM32F446xx) || defined(STM32F412Zx) || defined(STM32F412Vx) ||
1086:Drivers/STM32F4xx_HAL_Driver/Src/stm32f4xx_hal_flash_ex.c ****     defined(STM32F412Cx) || defined(STM32F413xx) || defined(STM32F423xx)
1087:Drivers/STM32F4xx_HAL_Driver/Src/stm32f4xx_hal_flash_ex.c **** /**
1088:Drivers/STM32F4xx_HAL_Driver/Src/stm32f4xx_hal_flash_ex.c ****   * @brief  Enable the read/write protection (PCROP) of the desired sectors.
1089:Drivers/STM32F4xx_HAL_Driver/Src/stm32f4xx_hal_flash_ex.c ****   * @note   This function can be used only for STM32F401xx devices.
1090:Drivers/STM32F4xx_HAL_Driver/Src/stm32f4xx_hal_flash_ex.c ****   * @param  Sector specifies the sector(s) to be read/write protected or unprotected.
ARM GAS  C:\msys64\tmp\ccTz5ysZ.s 			page 22


1091:Drivers/STM32F4xx_HAL_Driver/Src/stm32f4xx_hal_flash_ex.c ****   *          This parameter can be one of the following values:
1092:Drivers/STM32F4xx_HAL_Driver/Src/stm32f4xx_hal_flash_ex.c ****   *            @arg OB_PCROP: A value between OB_PCROP_Sector0 and OB_PCROP_Sector5
1093:Drivers/STM32F4xx_HAL_Driver/Src/stm32f4xx_hal_flash_ex.c ****   *            @arg OB_PCROP_Sector_All
1094:Drivers/STM32F4xx_HAL_Driver/Src/stm32f4xx_hal_flash_ex.c ****   * @retval HAL Status
1095:Drivers/STM32F4xx_HAL_Driver/Src/stm32f4xx_hal_flash_ex.c ****   */
1096:Drivers/STM32F4xx_HAL_Driver/Src/stm32f4xx_hal_flash_ex.c **** static HAL_StatusTypeDef FLASH_OB_EnablePCROP(uint32_t Sector)
1097:Drivers/STM32F4xx_HAL_Driver/Src/stm32f4xx_hal_flash_ex.c **** {
1098:Drivers/STM32F4xx_HAL_Driver/Src/stm32f4xx_hal_flash_ex.c ****   HAL_StatusTypeDef status = HAL_OK;
1099:Drivers/STM32F4xx_HAL_Driver/Src/stm32f4xx_hal_flash_ex.c **** 
1100:Drivers/STM32F4xx_HAL_Driver/Src/stm32f4xx_hal_flash_ex.c ****   /* Check the parameters */
1101:Drivers/STM32F4xx_HAL_Driver/Src/stm32f4xx_hal_flash_ex.c ****   assert_param(IS_OB_PCROP(Sector));
1102:Drivers/STM32F4xx_HAL_Driver/Src/stm32f4xx_hal_flash_ex.c **** 
1103:Drivers/STM32F4xx_HAL_Driver/Src/stm32f4xx_hal_flash_ex.c ****   /* Wait for last operation to be completed */
1104:Drivers/STM32F4xx_HAL_Driver/Src/stm32f4xx_hal_flash_ex.c ****   status = FLASH_WaitForLastOperation((uint32_t)FLASH_TIMEOUT_VALUE);
1105:Drivers/STM32F4xx_HAL_Driver/Src/stm32f4xx_hal_flash_ex.c **** 
1106:Drivers/STM32F4xx_HAL_Driver/Src/stm32f4xx_hal_flash_ex.c ****   if (status == HAL_OK)
1107:Drivers/STM32F4xx_HAL_Driver/Src/stm32f4xx_hal_flash_ex.c ****   {
1108:Drivers/STM32F4xx_HAL_Driver/Src/stm32f4xx_hal_flash_ex.c ****     *(__IO uint16_t *)OPTCR_BYTE2_ADDRESS |= (uint16_t)Sector;
1109:Drivers/STM32F4xx_HAL_Driver/Src/stm32f4xx_hal_flash_ex.c ****   }
1110:Drivers/STM32F4xx_HAL_Driver/Src/stm32f4xx_hal_flash_ex.c **** 
1111:Drivers/STM32F4xx_HAL_Driver/Src/stm32f4xx_hal_flash_ex.c ****   return status;
1112:Drivers/STM32F4xx_HAL_Driver/Src/stm32f4xx_hal_flash_ex.c **** }
1113:Drivers/STM32F4xx_HAL_Driver/Src/stm32f4xx_hal_flash_ex.c **** 
1114:Drivers/STM32F4xx_HAL_Driver/Src/stm32f4xx_hal_flash_ex.c **** 
1115:Drivers/STM32F4xx_HAL_Driver/Src/stm32f4xx_hal_flash_ex.c **** /**
1116:Drivers/STM32F4xx_HAL_Driver/Src/stm32f4xx_hal_flash_ex.c ****   * @brief  Disable the read/write protection (PCROP) of the desired sectors.
1117:Drivers/STM32F4xx_HAL_Driver/Src/stm32f4xx_hal_flash_ex.c ****   * @note   This function can be used only for STM32F401xx devices.
1118:Drivers/STM32F4xx_HAL_Driver/Src/stm32f4xx_hal_flash_ex.c ****   * @param  Sector specifies the sector(s) to be read/write protected or unprotected.
1119:Drivers/STM32F4xx_HAL_Driver/Src/stm32f4xx_hal_flash_ex.c ****   *          This parameter can be one of the following values:
1120:Drivers/STM32F4xx_HAL_Driver/Src/stm32f4xx_hal_flash_ex.c ****   *            @arg OB_PCROP: A value between OB_PCROP_Sector0 and OB_PCROP_Sector5
1121:Drivers/STM32F4xx_HAL_Driver/Src/stm32f4xx_hal_flash_ex.c ****   *            @arg OB_PCROP_Sector_All
1122:Drivers/STM32F4xx_HAL_Driver/Src/stm32f4xx_hal_flash_ex.c ****   * @retval HAL Status
1123:Drivers/STM32F4xx_HAL_Driver/Src/stm32f4xx_hal_flash_ex.c ****   */
1124:Drivers/STM32F4xx_HAL_Driver/Src/stm32f4xx_hal_flash_ex.c **** static HAL_StatusTypeDef FLASH_OB_DisablePCROP(uint32_t Sector)
1125:Drivers/STM32F4xx_HAL_Driver/Src/stm32f4xx_hal_flash_ex.c **** {
1126:Drivers/STM32F4xx_HAL_Driver/Src/stm32f4xx_hal_flash_ex.c ****   HAL_StatusTypeDef status = HAL_OK;
1127:Drivers/STM32F4xx_HAL_Driver/Src/stm32f4xx_hal_flash_ex.c **** 
1128:Drivers/STM32F4xx_HAL_Driver/Src/stm32f4xx_hal_flash_ex.c ****   /* Check the parameters */
1129:Drivers/STM32F4xx_HAL_Driver/Src/stm32f4xx_hal_flash_ex.c ****   assert_param(IS_OB_PCROP(Sector));
1130:Drivers/STM32F4xx_HAL_Driver/Src/stm32f4xx_hal_flash_ex.c **** 
1131:Drivers/STM32F4xx_HAL_Driver/Src/stm32f4xx_hal_flash_ex.c ****   /* Wait for last operation to be completed */
1132:Drivers/STM32F4xx_HAL_Driver/Src/stm32f4xx_hal_flash_ex.c ****   status = FLASH_WaitForLastOperation((uint32_t)FLASH_TIMEOUT_VALUE);
1133:Drivers/STM32F4xx_HAL_Driver/Src/stm32f4xx_hal_flash_ex.c **** 
1134:Drivers/STM32F4xx_HAL_Driver/Src/stm32f4xx_hal_flash_ex.c ****   if (status == HAL_OK)
1135:Drivers/STM32F4xx_HAL_Driver/Src/stm32f4xx_hal_flash_ex.c ****   {
1136:Drivers/STM32F4xx_HAL_Driver/Src/stm32f4xx_hal_flash_ex.c ****     *(__IO uint16_t *)OPTCR_BYTE2_ADDRESS &= (~Sector);
1137:Drivers/STM32F4xx_HAL_Driver/Src/stm32f4xx_hal_flash_ex.c ****   }
1138:Drivers/STM32F4xx_HAL_Driver/Src/stm32f4xx_hal_flash_ex.c **** 
1139:Drivers/STM32F4xx_HAL_Driver/Src/stm32f4xx_hal_flash_ex.c ****   return status;
1140:Drivers/STM32F4xx_HAL_Driver/Src/stm32f4xx_hal_flash_ex.c **** 
1141:Drivers/STM32F4xx_HAL_Driver/Src/stm32f4xx_hal_flash_ex.c **** }
1142:Drivers/STM32F4xx_HAL_Driver/Src/stm32f4xx_hal_flash_ex.c **** #endif /* STM32F401xC || STM32F401xE || STM32F411xE || STM32F446xx || STM32F412Zx || STM32F412Vx ||
1143:Drivers/STM32F4xx_HAL_Driver/Src/stm32f4xx_hal_flash_ex.c ****           STM32F413xx || STM32F423xx */
1144:Drivers/STM32F4xx_HAL_Driver/Src/stm32f4xx_hal_flash_ex.c **** 
1145:Drivers/STM32F4xx_HAL_Driver/Src/stm32f4xx_hal_flash_ex.c **** /**
1146:Drivers/STM32F4xx_HAL_Driver/Src/stm32f4xx_hal_flash_ex.c ****   * @brief  Set the read protection level.
1147:Drivers/STM32F4xx_HAL_Driver/Src/stm32f4xx_hal_flash_ex.c ****   * @param  Level specifies the read protection level.
ARM GAS  C:\msys64\tmp\ccTz5ysZ.s 			page 23


1148:Drivers/STM32F4xx_HAL_Driver/Src/stm32f4xx_hal_flash_ex.c ****   *          This parameter can be one of the following values:
1149:Drivers/STM32F4xx_HAL_Driver/Src/stm32f4xx_hal_flash_ex.c ****   *            @arg OB_RDP_LEVEL_0: No protection
1150:Drivers/STM32F4xx_HAL_Driver/Src/stm32f4xx_hal_flash_ex.c ****   *            @arg OB_RDP_LEVEL_1: Read protection of the memory
1151:Drivers/STM32F4xx_HAL_Driver/Src/stm32f4xx_hal_flash_ex.c ****   *            @arg OB_RDP_LEVEL_2: Full chip protection
1152:Drivers/STM32F4xx_HAL_Driver/Src/stm32f4xx_hal_flash_ex.c ****   *
1153:Drivers/STM32F4xx_HAL_Driver/Src/stm32f4xx_hal_flash_ex.c ****   * @note WARNING: When enabling OB_RDP level 2 it's no more possible to go back to level 1 or 0
1154:Drivers/STM32F4xx_HAL_Driver/Src/stm32f4xx_hal_flash_ex.c ****   *
1155:Drivers/STM32F4xx_HAL_Driver/Src/stm32f4xx_hal_flash_ex.c ****   * @retval HAL Status
1156:Drivers/STM32F4xx_HAL_Driver/Src/stm32f4xx_hal_flash_ex.c ****   */
1157:Drivers/STM32F4xx_HAL_Driver/Src/stm32f4xx_hal_flash_ex.c **** static HAL_StatusTypeDef FLASH_OB_RDP_LevelConfig(uint8_t Level)
1158:Drivers/STM32F4xx_HAL_Driver/Src/stm32f4xx_hal_flash_ex.c **** {
1159:Drivers/STM32F4xx_HAL_Driver/Src/stm32f4xx_hal_flash_ex.c ****   HAL_StatusTypeDef status = HAL_OK;
1160:Drivers/STM32F4xx_HAL_Driver/Src/stm32f4xx_hal_flash_ex.c **** 
1161:Drivers/STM32F4xx_HAL_Driver/Src/stm32f4xx_hal_flash_ex.c ****   /* Check the parameters */
1162:Drivers/STM32F4xx_HAL_Driver/Src/stm32f4xx_hal_flash_ex.c ****   assert_param(IS_OB_RDP_LEVEL(Level));
1163:Drivers/STM32F4xx_HAL_Driver/Src/stm32f4xx_hal_flash_ex.c **** 
1164:Drivers/STM32F4xx_HAL_Driver/Src/stm32f4xx_hal_flash_ex.c ****   /* Wait for last operation to be completed */
1165:Drivers/STM32F4xx_HAL_Driver/Src/stm32f4xx_hal_flash_ex.c ****   status = FLASH_WaitForLastOperation((uint32_t)FLASH_TIMEOUT_VALUE);
1166:Drivers/STM32F4xx_HAL_Driver/Src/stm32f4xx_hal_flash_ex.c **** 
1167:Drivers/STM32F4xx_HAL_Driver/Src/stm32f4xx_hal_flash_ex.c ****   if (status == HAL_OK)
1168:Drivers/STM32F4xx_HAL_Driver/Src/stm32f4xx_hal_flash_ex.c ****   {
1169:Drivers/STM32F4xx_HAL_Driver/Src/stm32f4xx_hal_flash_ex.c ****     *(__IO uint8_t *)OPTCR_BYTE1_ADDRESS = Level;
1170:Drivers/STM32F4xx_HAL_Driver/Src/stm32f4xx_hal_flash_ex.c ****   }
1171:Drivers/STM32F4xx_HAL_Driver/Src/stm32f4xx_hal_flash_ex.c **** 
1172:Drivers/STM32F4xx_HAL_Driver/Src/stm32f4xx_hal_flash_ex.c ****   return status;
1173:Drivers/STM32F4xx_HAL_Driver/Src/stm32f4xx_hal_flash_ex.c **** }
1174:Drivers/STM32F4xx_HAL_Driver/Src/stm32f4xx_hal_flash_ex.c **** 
1175:Drivers/STM32F4xx_HAL_Driver/Src/stm32f4xx_hal_flash_ex.c **** /**
1176:Drivers/STM32F4xx_HAL_Driver/Src/stm32f4xx_hal_flash_ex.c ****   * @brief  Program the FLASH User Option Byte: IWDG_SW / RST_STOP / RST_STDBY.
1177:Drivers/STM32F4xx_HAL_Driver/Src/stm32f4xx_hal_flash_ex.c ****   * @param  Iwdg Selects the IWDG mode
1178:Drivers/STM32F4xx_HAL_Driver/Src/stm32f4xx_hal_flash_ex.c ****   *          This parameter can be one of the following values:
1179:Drivers/STM32F4xx_HAL_Driver/Src/stm32f4xx_hal_flash_ex.c ****   *            @arg OB_IWDG_SW: Software IWDG selected
1180:Drivers/STM32F4xx_HAL_Driver/Src/stm32f4xx_hal_flash_ex.c ****   *            @arg OB_IWDG_HW: Hardware IWDG selected
1181:Drivers/STM32F4xx_HAL_Driver/Src/stm32f4xx_hal_flash_ex.c ****   * @param  Stop Reset event when entering STOP mode.
1182:Drivers/STM32F4xx_HAL_Driver/Src/stm32f4xx_hal_flash_ex.c ****   *          This parameter  can be one of the following values:
1183:Drivers/STM32F4xx_HAL_Driver/Src/stm32f4xx_hal_flash_ex.c ****   *            @arg OB_STOP_NO_RST: No reset generated when entering in STOP
1184:Drivers/STM32F4xx_HAL_Driver/Src/stm32f4xx_hal_flash_ex.c ****   *            @arg OB_STOP_RST: Reset generated when entering in STOP
1185:Drivers/STM32F4xx_HAL_Driver/Src/stm32f4xx_hal_flash_ex.c ****   * @param  Stdby Reset event when entering Standby mode.
1186:Drivers/STM32F4xx_HAL_Driver/Src/stm32f4xx_hal_flash_ex.c ****   *          This parameter  can be one of the following values:
1187:Drivers/STM32F4xx_HAL_Driver/Src/stm32f4xx_hal_flash_ex.c ****   *            @arg OB_STDBY_NO_RST: No reset generated when entering in STANDBY
1188:Drivers/STM32F4xx_HAL_Driver/Src/stm32f4xx_hal_flash_ex.c ****   *            @arg OB_STDBY_RST: Reset generated when entering in STANDBY
1189:Drivers/STM32F4xx_HAL_Driver/Src/stm32f4xx_hal_flash_ex.c ****   * @retval HAL Status
1190:Drivers/STM32F4xx_HAL_Driver/Src/stm32f4xx_hal_flash_ex.c ****   */
1191:Drivers/STM32F4xx_HAL_Driver/Src/stm32f4xx_hal_flash_ex.c **** static HAL_StatusTypeDef FLASH_OB_UserConfig(uint8_t Iwdg, uint8_t Stop, uint8_t Stdby)
1192:Drivers/STM32F4xx_HAL_Driver/Src/stm32f4xx_hal_flash_ex.c **** {
1193:Drivers/STM32F4xx_HAL_Driver/Src/stm32f4xx_hal_flash_ex.c ****   uint8_t optiontmp;
1194:Drivers/STM32F4xx_HAL_Driver/Src/stm32f4xx_hal_flash_ex.c ****   HAL_StatusTypeDef status = HAL_OK;
1195:Drivers/STM32F4xx_HAL_Driver/Src/stm32f4xx_hal_flash_ex.c **** 
1196:Drivers/STM32F4xx_HAL_Driver/Src/stm32f4xx_hal_flash_ex.c ****   /* Check the parameters */
1197:Drivers/STM32F4xx_HAL_Driver/Src/stm32f4xx_hal_flash_ex.c ****   assert_param(IS_OB_IWDG_SOURCE(Iwdg));
1198:Drivers/STM32F4xx_HAL_Driver/Src/stm32f4xx_hal_flash_ex.c ****   assert_param(IS_OB_STOP_SOURCE(Stop));
1199:Drivers/STM32F4xx_HAL_Driver/Src/stm32f4xx_hal_flash_ex.c ****   assert_param(IS_OB_STDBY_SOURCE(Stdby));
1200:Drivers/STM32F4xx_HAL_Driver/Src/stm32f4xx_hal_flash_ex.c **** 
1201:Drivers/STM32F4xx_HAL_Driver/Src/stm32f4xx_hal_flash_ex.c ****   /* Wait for last operation to be completed */
1202:Drivers/STM32F4xx_HAL_Driver/Src/stm32f4xx_hal_flash_ex.c ****   status = FLASH_WaitForLastOperation((uint32_t)FLASH_TIMEOUT_VALUE);
1203:Drivers/STM32F4xx_HAL_Driver/Src/stm32f4xx_hal_flash_ex.c **** 
1204:Drivers/STM32F4xx_HAL_Driver/Src/stm32f4xx_hal_flash_ex.c ****   if (status == HAL_OK)
ARM GAS  C:\msys64\tmp\ccTz5ysZ.s 			page 24


1205:Drivers/STM32F4xx_HAL_Driver/Src/stm32f4xx_hal_flash_ex.c ****   {
1206:Drivers/STM32F4xx_HAL_Driver/Src/stm32f4xx_hal_flash_ex.c ****     /* Mask OPTLOCK, OPTSTRT, BOR_LEV and BFB2 bits */
1207:Drivers/STM32F4xx_HAL_Driver/Src/stm32f4xx_hal_flash_ex.c ****     optiontmp = (uint8_t)((*(__IO uint8_t *)OPTCR_BYTE0_ADDRESS) & (uint8_t)0x1F);
1208:Drivers/STM32F4xx_HAL_Driver/Src/stm32f4xx_hal_flash_ex.c **** 
1209:Drivers/STM32F4xx_HAL_Driver/Src/stm32f4xx_hal_flash_ex.c ****     /* Update User Option Byte */
1210:Drivers/STM32F4xx_HAL_Driver/Src/stm32f4xx_hal_flash_ex.c ****     *(__IO uint8_t *)OPTCR_BYTE0_ADDRESS = Iwdg | (uint8_t)(Stdby | (uint8_t)(Stop | ((uint8_t)opti
1211:Drivers/STM32F4xx_HAL_Driver/Src/stm32f4xx_hal_flash_ex.c ****   }
1212:Drivers/STM32F4xx_HAL_Driver/Src/stm32f4xx_hal_flash_ex.c **** 
1213:Drivers/STM32F4xx_HAL_Driver/Src/stm32f4xx_hal_flash_ex.c ****   return status;
1214:Drivers/STM32F4xx_HAL_Driver/Src/stm32f4xx_hal_flash_ex.c **** }
1215:Drivers/STM32F4xx_HAL_Driver/Src/stm32f4xx_hal_flash_ex.c **** 
1216:Drivers/STM32F4xx_HAL_Driver/Src/stm32f4xx_hal_flash_ex.c **** /**
1217:Drivers/STM32F4xx_HAL_Driver/Src/stm32f4xx_hal_flash_ex.c ****   * @brief  Set the BOR Level.
1218:Drivers/STM32F4xx_HAL_Driver/Src/stm32f4xx_hal_flash_ex.c ****   * @param  Level specifies the Option Bytes BOR Reset Level.
1219:Drivers/STM32F4xx_HAL_Driver/Src/stm32f4xx_hal_flash_ex.c ****   *          This parameter can be one of the following values:
1220:Drivers/STM32F4xx_HAL_Driver/Src/stm32f4xx_hal_flash_ex.c ****   *            @arg OB_BOR_LEVEL3: Supply voltage ranges from 2.7 to 3.6 V
1221:Drivers/STM32F4xx_HAL_Driver/Src/stm32f4xx_hal_flash_ex.c ****   *            @arg OB_BOR_LEVEL2: Supply voltage ranges from 2.4 to 2.7 V
1222:Drivers/STM32F4xx_HAL_Driver/Src/stm32f4xx_hal_flash_ex.c ****   *            @arg OB_BOR_LEVEL1: Supply voltage ranges from 2.1 to 2.4 V
1223:Drivers/STM32F4xx_HAL_Driver/Src/stm32f4xx_hal_flash_ex.c ****   *            @arg OB_BOR_OFF: Supply voltage ranges from 1.62 to 2.1 V
1224:Drivers/STM32F4xx_HAL_Driver/Src/stm32f4xx_hal_flash_ex.c ****   * @retval HAL Status
1225:Drivers/STM32F4xx_HAL_Driver/Src/stm32f4xx_hal_flash_ex.c ****   */
1226:Drivers/STM32F4xx_HAL_Driver/Src/stm32f4xx_hal_flash_ex.c **** static HAL_StatusTypeDef FLASH_OB_BOR_LevelConfig(uint8_t Level)
1227:Drivers/STM32F4xx_HAL_Driver/Src/stm32f4xx_hal_flash_ex.c **** {
 106              		.loc 1 1227 1 is_stmt 1 view -0
 107              		.cfi_startproc
 108              		@ args = 0, pretend = 0, frame = 0
 109              		@ frame_needed = 0, uses_anonymous_args = 0
 110              		@ link register save eliminated.
1228:Drivers/STM32F4xx_HAL_Driver/Src/stm32f4xx_hal_flash_ex.c ****   /* Check the parameters */
1229:Drivers/STM32F4xx_HAL_Driver/Src/stm32f4xx_hal_flash_ex.c ****   assert_param(IS_OB_BOR_LEVEL(Level));
 111              		.loc 1 1229 3 view .LVU22
1230:Drivers/STM32F4xx_HAL_Driver/Src/stm32f4xx_hal_flash_ex.c **** 
1231:Drivers/STM32F4xx_HAL_Driver/Src/stm32f4xx_hal_flash_ex.c ****   /* Set the BOR Level */
1232:Drivers/STM32F4xx_HAL_Driver/Src/stm32f4xx_hal_flash_ex.c ****   *(__IO uint8_t *)OPTCR_BYTE0_ADDRESS &= (~FLASH_OPTCR_BOR_LEV);
 112              		.loc 1 1232 3 view .LVU23
 113              		.loc 1 1232 40 is_stmt 0 view .LVU24
 114 0000 044B     		ldr	r3, .L10
 115 0002 1A7D     		ldrb	r2, [r3, #20]	@ zero_extendqisi2
 116 0004 02F0F302 		and	r2, r2, #243
 117 0008 1A75     		strb	r2, [r3, #20]
1233:Drivers/STM32F4xx_HAL_Driver/Src/stm32f4xx_hal_flash_ex.c ****   *(__IO uint8_t *)OPTCR_BYTE0_ADDRESS |= Level;
 118              		.loc 1 1233 3 is_stmt 1 view .LVU25
 119              		.loc 1 1233 40 is_stmt 0 view .LVU26
 120 000a 1A7D     		ldrb	r2, [r3, #20]	@ zero_extendqisi2
 121 000c 0243     		orrs	r2, r2, r0
 122 000e 1A75     		strb	r2, [r3, #20]
1234:Drivers/STM32F4xx_HAL_Driver/Src/stm32f4xx_hal_flash_ex.c **** 
1235:Drivers/STM32F4xx_HAL_Driver/Src/stm32f4xx_hal_flash_ex.c ****   return HAL_OK;
 123              		.loc 1 1235 3 is_stmt 1 view .LVU27
1236:Drivers/STM32F4xx_HAL_Driver/Src/stm32f4xx_hal_flash_ex.c **** 
1237:Drivers/STM32F4xx_HAL_Driver/Src/stm32f4xx_hal_flash_ex.c **** }
 124              		.loc 1 1237 1 is_stmt 0 view .LVU28
 125 0010 0020     		movs	r0, #0
 126              	.LVL6:
 127              		.loc 1 1237 1 view .LVU29
 128 0012 7047     		bx	lr
 129              	.L11:
ARM GAS  C:\msys64\tmp\ccTz5ysZ.s 			page 25


 130              		.align	2
 131              	.L10:
 132 0014 003C0240 		.word	1073888256
 133              		.cfi_endproc
 134              	.LFE152:
 136              		.section	.text.FLASH_OB_GetUser,"ax",%progbits
 137              		.align	1
 138              		.syntax unified
 139              		.thumb
 140              		.thumb_func
 142              	FLASH_OB_GetUser:
 143              	.LFB153:
1238:Drivers/STM32F4xx_HAL_Driver/Src/stm32f4xx_hal_flash_ex.c **** 
1239:Drivers/STM32F4xx_HAL_Driver/Src/stm32f4xx_hal_flash_ex.c **** /**
1240:Drivers/STM32F4xx_HAL_Driver/Src/stm32f4xx_hal_flash_ex.c ****   * @brief  Return the FLASH User Option Byte value.
1241:Drivers/STM32F4xx_HAL_Driver/Src/stm32f4xx_hal_flash_ex.c ****   * @retval uint8_t FLASH User Option Bytes values: IWDG_SW(Bit0), RST_STOP(Bit1)
1242:Drivers/STM32F4xx_HAL_Driver/Src/stm32f4xx_hal_flash_ex.c ****   *         and RST_STDBY(Bit2).
1243:Drivers/STM32F4xx_HAL_Driver/Src/stm32f4xx_hal_flash_ex.c ****   */
1244:Drivers/STM32F4xx_HAL_Driver/Src/stm32f4xx_hal_flash_ex.c **** static uint8_t FLASH_OB_GetUser(void)
1245:Drivers/STM32F4xx_HAL_Driver/Src/stm32f4xx_hal_flash_ex.c **** {
 144              		.loc 1 1245 1 is_stmt 1 view -0
 145              		.cfi_startproc
 146              		@ args = 0, pretend = 0, frame = 0
 147              		@ frame_needed = 0, uses_anonymous_args = 0
 148              		@ link register save eliminated.
1246:Drivers/STM32F4xx_HAL_Driver/Src/stm32f4xx_hal_flash_ex.c ****   /* Return the User Option Byte */
1247:Drivers/STM32F4xx_HAL_Driver/Src/stm32f4xx_hal_flash_ex.c ****   return ((uint8_t)(FLASH->OPTCR & 0xE0));
 149              		.loc 1 1247 3 view .LVU31
 150              		.loc 1 1247 26 is_stmt 0 view .LVU32
 151 0000 024B     		ldr	r3, .L13
 152 0002 5869     		ldr	r0, [r3, #20]
1248:Drivers/STM32F4xx_HAL_Driver/Src/stm32f4xx_hal_flash_ex.c **** }
 153              		.loc 1 1248 1 view .LVU33
 154 0004 00F0E000 		and	r0, r0, #224
 155 0008 7047     		bx	lr
 156              	.L14:
 157 000a 00BF     		.align	2
 158              	.L13:
 159 000c 003C0240 		.word	1073888256
 160              		.cfi_endproc
 161              	.LFE153:
 163              		.section	.text.FLASH_OB_GetWRP,"ax",%progbits
 164              		.align	1
 165              		.syntax unified
 166              		.thumb
 167              		.thumb_func
 169              	FLASH_OB_GetWRP:
 170              	.LFB154:
1249:Drivers/STM32F4xx_HAL_Driver/Src/stm32f4xx_hal_flash_ex.c **** 
1250:Drivers/STM32F4xx_HAL_Driver/Src/stm32f4xx_hal_flash_ex.c **** /**
1251:Drivers/STM32F4xx_HAL_Driver/Src/stm32f4xx_hal_flash_ex.c ****   * @brief  Return the FLASH Write Protection Option Bytes value.
1252:Drivers/STM32F4xx_HAL_Driver/Src/stm32f4xx_hal_flash_ex.c ****   * @retval uint16_t FLASH Write Protection Option Bytes value
1253:Drivers/STM32F4xx_HAL_Driver/Src/stm32f4xx_hal_flash_ex.c ****   */
1254:Drivers/STM32F4xx_HAL_Driver/Src/stm32f4xx_hal_flash_ex.c **** static uint16_t FLASH_OB_GetWRP(void)
1255:Drivers/STM32F4xx_HAL_Driver/Src/stm32f4xx_hal_flash_ex.c **** {
 171              		.loc 1 1255 1 is_stmt 1 view -0
 172              		.cfi_startproc
ARM GAS  C:\msys64\tmp\ccTz5ysZ.s 			page 26


 173              		@ args = 0, pretend = 0, frame = 0
 174              		@ frame_needed = 0, uses_anonymous_args = 0
 175              		@ link register save eliminated.
1256:Drivers/STM32F4xx_HAL_Driver/Src/stm32f4xx_hal_flash_ex.c ****   /* Return the FLASH write protection Register value */
1257:Drivers/STM32F4xx_HAL_Driver/Src/stm32f4xx_hal_flash_ex.c ****   return (*(__IO uint16_t *)(OPTCR_BYTE2_ADDRESS));
 176              		.loc 1 1257 3 view .LVU35
 177              		.loc 1 1257 11 is_stmt 0 view .LVU36
 178 0000 014B     		ldr	r3, .L16
 179 0002 D88A     		ldrh	r0, [r3, #22]
1258:Drivers/STM32F4xx_HAL_Driver/Src/stm32f4xx_hal_flash_ex.c **** }
 180              		.loc 1 1258 1 view .LVU37
 181 0004 80B2     		uxth	r0, r0
 182 0006 7047     		bx	lr
 183              	.L17:
 184              		.align	2
 185              	.L16:
 186 0008 003C0240 		.word	1073888256
 187              		.cfi_endproc
 188              	.LFE154:
 190              		.section	.text.FLASH_OB_GetRDP,"ax",%progbits
 191              		.align	1
 192              		.syntax unified
 193              		.thumb
 194              		.thumb_func
 196              	FLASH_OB_GetRDP:
 197              	.LFB155:
1259:Drivers/STM32F4xx_HAL_Driver/Src/stm32f4xx_hal_flash_ex.c **** 
1260:Drivers/STM32F4xx_HAL_Driver/Src/stm32f4xx_hal_flash_ex.c **** /**
1261:Drivers/STM32F4xx_HAL_Driver/Src/stm32f4xx_hal_flash_ex.c ****   * @brief  Returns the FLASH Read Protection level.
1262:Drivers/STM32F4xx_HAL_Driver/Src/stm32f4xx_hal_flash_ex.c ****   * @retval FLASH ReadOut Protection Status:
1263:Drivers/STM32F4xx_HAL_Driver/Src/stm32f4xx_hal_flash_ex.c ****   *         This parameter can be one of the following values:
1264:Drivers/STM32F4xx_HAL_Driver/Src/stm32f4xx_hal_flash_ex.c ****   *            @arg OB_RDP_LEVEL_0: No protection
1265:Drivers/STM32F4xx_HAL_Driver/Src/stm32f4xx_hal_flash_ex.c ****   *            @arg OB_RDP_LEVEL_1: Read protection of the memory
1266:Drivers/STM32F4xx_HAL_Driver/Src/stm32f4xx_hal_flash_ex.c ****   *            @arg OB_RDP_LEVEL_2: Full chip protection
1267:Drivers/STM32F4xx_HAL_Driver/Src/stm32f4xx_hal_flash_ex.c ****   */
1268:Drivers/STM32F4xx_HAL_Driver/Src/stm32f4xx_hal_flash_ex.c **** static uint8_t FLASH_OB_GetRDP(void)
1269:Drivers/STM32F4xx_HAL_Driver/Src/stm32f4xx_hal_flash_ex.c **** {
 198              		.loc 1 1269 1 is_stmt 1 view -0
 199              		.cfi_startproc
 200              		@ args = 0, pretend = 0, frame = 0
 201              		@ frame_needed = 0, uses_anonymous_args = 0
 202              		@ link register save eliminated.
1270:Drivers/STM32F4xx_HAL_Driver/Src/stm32f4xx_hal_flash_ex.c ****   uint8_t readstatus = OB_RDP_LEVEL_0;
 203              		.loc 1 1270 3 view .LVU39
 204              	.LVL7:
1271:Drivers/STM32F4xx_HAL_Driver/Src/stm32f4xx_hal_flash_ex.c **** 
1272:Drivers/STM32F4xx_HAL_Driver/Src/stm32f4xx_hal_flash_ex.c ****   if (*(__IO uint8_t *)(OPTCR_BYTE1_ADDRESS) == (uint8_t)OB_RDP_LEVEL_2)
 205              		.loc 1 1272 3 view .LVU40
 206              		.loc 1 1272 7 is_stmt 0 view .LVU41
 207 0000 054B     		ldr	r3, .L21
 208 0002 587D     		ldrb	r0, [r3, #21]	@ zero_extendqisi2
 209 0004 C0B2     		uxtb	r0, r0
 210              		.loc 1 1272 6 view .LVU42
 211 0006 CC28     		cmp	r0, #204
 212 0008 04D0     		beq	.L19
1273:Drivers/STM32F4xx_HAL_Driver/Src/stm32f4xx_hal_flash_ex.c ****   {
1274:Drivers/STM32F4xx_HAL_Driver/Src/stm32f4xx_hal_flash_ex.c ****     readstatus = OB_RDP_LEVEL_2;
ARM GAS  C:\msys64\tmp\ccTz5ysZ.s 			page 27


1275:Drivers/STM32F4xx_HAL_Driver/Src/stm32f4xx_hal_flash_ex.c ****   }
1276:Drivers/STM32F4xx_HAL_Driver/Src/stm32f4xx_hal_flash_ex.c ****   else if (*(__IO uint8_t *)(OPTCR_BYTE1_ADDRESS) == (uint8_t)OB_RDP_LEVEL_0)
 213              		.loc 1 1276 8 is_stmt 1 view .LVU43
 214              		.loc 1 1276 12 is_stmt 0 view .LVU44
 215 000a 587D     		ldrb	r0, [r3, #21]	@ zero_extendqisi2
 216 000c C0B2     		uxtb	r0, r0
 217              		.loc 1 1276 11 view .LVU45
 218 000e AA28     		cmp	r0, #170
 219 0010 00D0     		beq	.L19
1277:Drivers/STM32F4xx_HAL_Driver/Src/stm32f4xx_hal_flash_ex.c ****   {
1278:Drivers/STM32F4xx_HAL_Driver/Src/stm32f4xx_hal_flash_ex.c ****     readstatus = OB_RDP_LEVEL_0;
1279:Drivers/STM32F4xx_HAL_Driver/Src/stm32f4xx_hal_flash_ex.c ****   }
1280:Drivers/STM32F4xx_HAL_Driver/Src/stm32f4xx_hal_flash_ex.c ****   else
1281:Drivers/STM32F4xx_HAL_Driver/Src/stm32f4xx_hal_flash_ex.c ****   {
1282:Drivers/STM32F4xx_HAL_Driver/Src/stm32f4xx_hal_flash_ex.c ****     readstatus = OB_RDP_LEVEL_1;
 220              		.loc 1 1282 16 view .LVU46
 221 0012 5520     		movs	r0, #85
 222              	.L19:
 223              	.LVL8:
1283:Drivers/STM32F4xx_HAL_Driver/Src/stm32f4xx_hal_flash_ex.c ****   }
1284:Drivers/STM32F4xx_HAL_Driver/Src/stm32f4xx_hal_flash_ex.c **** 
1285:Drivers/STM32F4xx_HAL_Driver/Src/stm32f4xx_hal_flash_ex.c ****   return readstatus;
 224              		.loc 1 1285 3 is_stmt 1 view .LVU47
1286:Drivers/STM32F4xx_HAL_Driver/Src/stm32f4xx_hal_flash_ex.c **** }
 225              		.loc 1 1286 1 is_stmt 0 view .LVU48
 226 0014 7047     		bx	lr
 227              	.L22:
 228 0016 00BF     		.align	2
 229              	.L21:
 230 0018 003C0240 		.word	1073888256
 231              		.cfi_endproc
 232              	.LFE155:
 234              		.section	.text.FLASH_OB_GetBOR,"ax",%progbits
 235              		.align	1
 236              		.syntax unified
 237              		.thumb
 238              		.thumb_func
 240              	FLASH_OB_GetBOR:
 241              	.LFB156:
1287:Drivers/STM32F4xx_HAL_Driver/Src/stm32f4xx_hal_flash_ex.c **** 
1288:Drivers/STM32F4xx_HAL_Driver/Src/stm32f4xx_hal_flash_ex.c **** /**
1289:Drivers/STM32F4xx_HAL_Driver/Src/stm32f4xx_hal_flash_ex.c ****   * @brief  Returns the FLASH BOR level.
1290:Drivers/STM32F4xx_HAL_Driver/Src/stm32f4xx_hal_flash_ex.c ****   * @retval uint8_t The FLASH BOR level:
1291:Drivers/STM32F4xx_HAL_Driver/Src/stm32f4xx_hal_flash_ex.c ****   *           - OB_BOR_LEVEL3: Supply voltage ranges from 2.7 to 3.6 V
1292:Drivers/STM32F4xx_HAL_Driver/Src/stm32f4xx_hal_flash_ex.c ****   *           - OB_BOR_LEVEL2: Supply voltage ranges from 2.4 to 2.7 V
1293:Drivers/STM32F4xx_HAL_Driver/Src/stm32f4xx_hal_flash_ex.c ****   *           - OB_BOR_LEVEL1: Supply voltage ranges from 2.1 to 2.4 V
1294:Drivers/STM32F4xx_HAL_Driver/Src/stm32f4xx_hal_flash_ex.c ****   *           - OB_BOR_OFF   : Supply voltage ranges from 1.62 to 2.1 V
1295:Drivers/STM32F4xx_HAL_Driver/Src/stm32f4xx_hal_flash_ex.c ****   */
1296:Drivers/STM32F4xx_HAL_Driver/Src/stm32f4xx_hal_flash_ex.c **** static uint8_t FLASH_OB_GetBOR(void)
1297:Drivers/STM32F4xx_HAL_Driver/Src/stm32f4xx_hal_flash_ex.c **** {
 242              		.loc 1 1297 1 is_stmt 1 view -0
 243              		.cfi_startproc
 244              		@ args = 0, pretend = 0, frame = 0
 245              		@ frame_needed = 0, uses_anonymous_args = 0
 246              		@ link register save eliminated.
1298:Drivers/STM32F4xx_HAL_Driver/Src/stm32f4xx_hal_flash_ex.c ****   /* Return the FLASH BOR level */
1299:Drivers/STM32F4xx_HAL_Driver/Src/stm32f4xx_hal_flash_ex.c ****   return (uint8_t)(*(__IO uint8_t *)(OPTCR_BYTE0_ADDRESS) & (uint8_t)0x0C);
ARM GAS  C:\msys64\tmp\ccTz5ysZ.s 			page 28


 247              		.loc 1 1299 3 view .LVU50
 248              		.loc 1 1299 10 is_stmt 0 view .LVU51
 249 0000 024B     		ldr	r3, .L24
 250 0002 187D     		ldrb	r0, [r3, #20]	@ zero_extendqisi2
1300:Drivers/STM32F4xx_HAL_Driver/Src/stm32f4xx_hal_flash_ex.c **** }
 251              		.loc 1 1300 1 view .LVU52
 252 0004 00F00C00 		and	r0, r0, #12
 253 0008 7047     		bx	lr
 254              	.L25:
 255 000a 00BF     		.align	2
 256              	.L24:
 257 000c 003C0240 		.word	1073888256
 258              		.cfi_endproc
 259              	.LFE156:
 261              		.section	.text.FLASH_OB_EnableWRP,"ax",%progbits
 262              		.align	1
 263              		.syntax unified
 264              		.thumb
 265              		.thumb_func
 267              	FLASH_OB_EnableWRP:
 268              	.LVL9:
 269              	.LFB145:
 642:Drivers/STM32F4xx_HAL_Driver/Src/stm32f4xx_hal_flash_ex.c ****   HAL_StatusTypeDef status = HAL_OK;
 270              		.loc 1 642 1 is_stmt 1 view -0
 271              		.cfi_startproc
 272              		@ args = 0, pretend = 0, frame = 0
 273              		@ frame_needed = 0, uses_anonymous_args = 0
 642:Drivers/STM32F4xx_HAL_Driver/Src/stm32f4xx_hal_flash_ex.c ****   HAL_StatusTypeDef status = HAL_OK;
 274              		.loc 1 642 1 is_stmt 0 view .LVU54
 275 0000 38B5     		push	{r3, r4, r5, lr}
 276              	.LCFI0:
 277              		.cfi_def_cfa_offset 16
 278              		.cfi_offset 3, -16
 279              		.cfi_offset 4, -12
 280              		.cfi_offset 5, -8
 281              		.cfi_offset 14, -4
 282 0002 0446     		mov	r4, r0
 283 0004 0D46     		mov	r5, r1
 643:Drivers/STM32F4xx_HAL_Driver/Src/stm32f4xx_hal_flash_ex.c **** 
 284              		.loc 1 643 3 is_stmt 1 view .LVU55
 285              	.LVL10:
 646:Drivers/STM32F4xx_HAL_Driver/Src/stm32f4xx_hal_flash_ex.c ****   assert_param(IS_FLASH_BANK(Banks));
 286              		.loc 1 646 3 view .LVU56
 647:Drivers/STM32F4xx_HAL_Driver/Src/stm32f4xx_hal_flash_ex.c **** 
 287              		.loc 1 647 3 view .LVU57
 650:Drivers/STM32F4xx_HAL_Driver/Src/stm32f4xx_hal_flash_ex.c **** 
 288              		.loc 1 650 3 view .LVU58
 650:Drivers/STM32F4xx_HAL_Driver/Src/stm32f4xx_hal_flash_ex.c **** 
 289              		.loc 1 650 12 is_stmt 0 view .LVU59
 290 0006 4CF25030 		movw	r0, #50000
 291              	.LVL11:
 650:Drivers/STM32F4xx_HAL_Driver/Src/stm32f4xx_hal_flash_ex.c **** 
 292              		.loc 1 650 12 view .LVU60
 293 000a FFF7FEFF 		bl	FLASH_WaitForLastOperation
 294              	.LVL12:
 652:Drivers/STM32F4xx_HAL_Driver/Src/stm32f4xx_hal_flash_ex.c ****   {
 295              		.loc 1 652 3 is_stmt 1 view .LVU61
ARM GAS  C:\msys64\tmp\ccTz5ysZ.s 			page 29


 652:Drivers/STM32F4xx_HAL_Driver/Src/stm32f4xx_hal_flash_ex.c ****   {
 296              		.loc 1 652 6 is_stmt 0 view .LVU62
 297 000e 20BB     		cbnz	r0, .L27
 654:Drivers/STM32F4xx_HAL_Driver/Src/stm32f4xx_hal_flash_ex.c ****         (WRPSector < OB_WRP_SECTOR_12))
 298              		.loc 1 654 5 is_stmt 1 view .LVU63
 654:Drivers/STM32F4xx_HAL_Driver/Src/stm32f4xx_hal_flash_ex.c ****         (WRPSector < OB_WRP_SECTOR_12))
 299              		.loc 1 654 8 is_stmt 0 view .LVU64
 300 0010 1A4B     		ldr	r3, .L37
 301 0012 9C42     		cmp	r4, r3
 302 0014 0CD0     		beq	.L34
 303              	.L28:
 654:Drivers/STM32F4xx_HAL_Driver/Src/stm32f4xx_hal_flash_ex.c ****         (WRPSector < OB_WRP_SECTOR_12))
 304              		.loc 1 654 103 discriminator 4 view .LVU65
 305 0016 B4F5805F 		cmp	r4, #4096
 306 001a 15D2     		bcs	.L30
 307              	.L29:
 657:Drivers/STM32F4xx_HAL_Driver/Src/stm32f4xx_hal_flash_ex.c ****       {
 308              		.loc 1 657 7 is_stmt 1 view .LVU66
 657:Drivers/STM32F4xx_HAL_Driver/Src/stm32f4xx_hal_flash_ex.c ****       {
 309              		.loc 1 657 10 is_stmt 0 view .LVU67
 310 001c 174B     		ldr	r3, .L37
 311 001e 9C42     		cmp	r4, r3
 312 0020 0BD0     		beq	.L35
 665:Drivers/STM32F4xx_HAL_Driver/Src/stm32f4xx_hal_flash_ex.c ****       }
 313              		.loc 1 665 9 is_stmt 1 view .LVU68
 665:Drivers/STM32F4xx_HAL_Driver/Src/stm32f4xx_hal_flash_ex.c ****       }
 314              		.loc 1 665 47 is_stmt 0 view .LVU69
 315 0022 174A     		ldr	r2, .L37+4
 316 0024 D38A     		ldrh	r3, [r2, #22]
 317 0026 9BB2     		uxth	r3, r3
 318 0028 23EA0403 		bic	r3, r3, r4
 319 002c D382     		strh	r3, [r2, #22]	@ movhi
 320 002e 11E0     		b	.L32
 321              	.L34:
 654:Drivers/STM32F4xx_HAL_Driver/Src/stm32f4xx_hal_flash_ex.c ****         (WRPSector < OB_WRP_SECTOR_12))
 322              		.loc 1 654 43 discriminator 1 view .LVU70
 323 0030 012D     		cmp	r5, #1
 324 0032 F3D0     		beq	.L29
 654:Drivers/STM32F4xx_HAL_Driver/Src/stm32f4xx_hal_flash_ex.c ****         (WRPSector < OB_WRP_SECTOR_12))
 325              		.loc 1 654 71 discriminator 3 view .LVU71
 326 0034 032D     		cmp	r5, #3
 327 0036 EED1     		bne	.L28
 328 0038 F0E7     		b	.L29
 329              	.L35:
 660:Drivers/STM32F4xx_HAL_Driver/Src/stm32f4xx_hal_flash_ex.c ****       }
 330              		.loc 1 660 9 is_stmt 1 view .LVU72
 660:Drivers/STM32F4xx_HAL_Driver/Src/stm32f4xx_hal_flash_ex.c ****       }
 331              		.loc 1 660 47 is_stmt 0 view .LVU73
 332 003a 114A     		ldr	r2, .L37+4
 333 003c D38A     		ldrh	r3, [r2, #22]
 334 003e 9BB2     		uxth	r3, r3
 335 0040 23EA1433 		bic	r3, r3, r4, lsr #12
 336 0044 D382     		strh	r3, [r2, #22]	@ movhi
 337 0046 05E0     		b	.L32
 338              	.L30:
 671:Drivers/STM32F4xx_HAL_Driver/Src/stm32f4xx_hal_flash_ex.c ****     }
 339              		.loc 1 671 7 is_stmt 1 view .LVU74
ARM GAS  C:\msys64\tmp\ccTz5ysZ.s 			page 30


 671:Drivers/STM32F4xx_HAL_Driver/Src/stm32f4xx_hal_flash_ex.c ****     }
 340              		.loc 1 671 46 is_stmt 0 view .LVU75
 341 0048 0D4A     		ldr	r2, .L37+4
 342 004a 538B     		ldrh	r3, [r2, #26]
 343 004c 9BB2     		uxth	r3, r3
 344 004e 23EA1433 		bic	r3, r3, r4, lsr #12
 345 0052 5383     		strh	r3, [r2, #26]	@ movhi
 346              	.L32:
 675:Drivers/STM32F4xx_HAL_Driver/Src/stm32f4xx_hal_flash_ex.c ****     {
 347              		.loc 1 675 5 is_stmt 1 view .LVU76
 675:Drivers/STM32F4xx_HAL_Driver/Src/stm32f4xx_hal_flash_ex.c ****     {
 348              		.loc 1 675 8 is_stmt 0 view .LVU77
 349 0054 094B     		ldr	r3, .L37
 350 0056 9C42     		cmp	r4, r3
 351 0058 00D0     		beq	.L36
 352              	.L27:
 353              	.LVL13:
 687:Drivers/STM32F4xx_HAL_Driver/Src/stm32f4xx_hal_flash_ex.c **** }
 354              		.loc 1 687 3 is_stmt 1 view .LVU78
 688:Drivers/STM32F4xx_HAL_Driver/Src/stm32f4xx_hal_flash_ex.c **** 
 355              		.loc 1 688 1 is_stmt 0 view .LVU79
 356 005a 38BD     		pop	{r3, r4, r5, pc}
 357              	.LVL14:
 358              	.L36:
 675:Drivers/STM32F4xx_HAL_Driver/Src/stm32f4xx_hal_flash_ex.c ****     {
 359              		.loc 1 675 42 discriminator 1 view .LVU80
 360 005c 032D     		cmp	r5, #3
 361 005e FCD1     		bne	.L27
 678:Drivers/STM32F4xx_HAL_Driver/Src/stm32f4xx_hal_flash_ex.c **** 
 362              		.loc 1 678 7 is_stmt 1 view .LVU81
 678:Drivers/STM32F4xx_HAL_Driver/Src/stm32f4xx_hal_flash_ex.c **** 
 363              		.loc 1 678 16 is_stmt 0 view .LVU82
 364 0060 4CF25030 		movw	r0, #50000
 365 0064 FFF7FEFF 		bl	FLASH_WaitForLastOperation
 366              	.LVL15:
 680:Drivers/STM32F4xx_HAL_Driver/Src/stm32f4xx_hal_flash_ex.c ****       {
 367              		.loc 1 680 7 is_stmt 1 view .LVU83
 680:Drivers/STM32F4xx_HAL_Driver/Src/stm32f4xx_hal_flash_ex.c ****       {
 368              		.loc 1 680 10 is_stmt 0 view .LVU84
 369 0068 0028     		cmp	r0, #0
 370 006a F6D1     		bne	.L27
 682:Drivers/STM32F4xx_HAL_Driver/Src/stm32f4xx_hal_flash_ex.c ****       }
 371              		.loc 1 682 9 is_stmt 1 view .LVU85
 682:Drivers/STM32F4xx_HAL_Driver/Src/stm32f4xx_hal_flash_ex.c ****       }
 372              		.loc 1 682 48 is_stmt 0 view .LVU86
 373 006c 044A     		ldr	r2, .L37+4
 374 006e 538B     		ldrh	r3, [r2, #26]
 375 0070 9BB2     		uxth	r3, r3
 376 0072 23EA1433 		bic	r3, r3, r4, lsr #12
 377 0076 5383     		strh	r3, [r2, #26]	@ movhi
 378 0078 EFE7     		b	.L27
 379              	.L38:
 380 007a 00BF     		.align	2
 381              	.L37:
 382 007c 00F0FF00 		.word	16773120
 383 0080 003C0240 		.word	1073888256
 384              		.cfi_endproc
ARM GAS  C:\msys64\tmp\ccTz5ysZ.s 			page 31


 385              	.LFE145:
 387              		.section	.text.FLASH_OB_DisableWRP,"ax",%progbits
 388              		.align	1
 389              		.syntax unified
 390              		.thumb
 391              		.thumb_func
 393              	FLASH_OB_DisableWRP:
 394              	.LVL16:
 395              	.LFB146:
 713:Drivers/STM32F4xx_HAL_Driver/Src/stm32f4xx_hal_flash_ex.c ****   HAL_StatusTypeDef status = HAL_OK;
 396              		.loc 1 713 1 is_stmt 1 view -0
 397              		.cfi_startproc
 398              		@ args = 0, pretend = 0, frame = 0
 399              		@ frame_needed = 0, uses_anonymous_args = 0
 713:Drivers/STM32F4xx_HAL_Driver/Src/stm32f4xx_hal_flash_ex.c ****   HAL_StatusTypeDef status = HAL_OK;
 400              		.loc 1 713 1 is_stmt 0 view .LVU88
 401 0000 38B5     		push	{r3, r4, r5, lr}
 402              	.LCFI1:
 403              		.cfi_def_cfa_offset 16
 404              		.cfi_offset 3, -16
 405              		.cfi_offset 4, -12
 406              		.cfi_offset 5, -8
 407              		.cfi_offset 14, -4
 408 0002 0446     		mov	r4, r0
 409 0004 0D46     		mov	r5, r1
 714:Drivers/STM32F4xx_HAL_Driver/Src/stm32f4xx_hal_flash_ex.c **** 
 410              		.loc 1 714 3 is_stmt 1 view .LVU89
 411              	.LVL17:
 717:Drivers/STM32F4xx_HAL_Driver/Src/stm32f4xx_hal_flash_ex.c ****   assert_param(IS_FLASH_BANK(Banks));
 412              		.loc 1 717 3 view .LVU90
 718:Drivers/STM32F4xx_HAL_Driver/Src/stm32f4xx_hal_flash_ex.c **** 
 413              		.loc 1 718 3 view .LVU91
 721:Drivers/STM32F4xx_HAL_Driver/Src/stm32f4xx_hal_flash_ex.c **** 
 414              		.loc 1 721 3 view .LVU92
 721:Drivers/STM32F4xx_HAL_Driver/Src/stm32f4xx_hal_flash_ex.c **** 
 415              		.loc 1 721 12 is_stmt 0 view .LVU93
 416 0006 4CF25030 		movw	r0, #50000
 417              	.LVL18:
 721:Drivers/STM32F4xx_HAL_Driver/Src/stm32f4xx_hal_flash_ex.c **** 
 418              		.loc 1 721 12 view .LVU94
 419 000a FFF7FEFF 		bl	FLASH_WaitForLastOperation
 420              	.LVL19:
 723:Drivers/STM32F4xx_HAL_Driver/Src/stm32f4xx_hal_flash_ex.c ****   {
 421              		.loc 1 723 3 is_stmt 1 view .LVU95
 723:Drivers/STM32F4xx_HAL_Driver/Src/stm32f4xx_hal_flash_ex.c ****   {
 422              		.loc 1 723 6 is_stmt 0 view .LVU96
 423 000e 30BB     		cbnz	r0, .L40
 725:Drivers/STM32F4xx_HAL_Driver/Src/stm32f4xx_hal_flash_ex.c ****         (WRPSector < OB_WRP_SECTOR_12))
 424              		.loc 1 725 5 is_stmt 1 view .LVU97
 725:Drivers/STM32F4xx_HAL_Driver/Src/stm32f4xx_hal_flash_ex.c ****         (WRPSector < OB_WRP_SECTOR_12))
 425              		.loc 1 725 8 is_stmt 0 view .LVU98
 426 0010 1B4B     		ldr	r3, .L50
 427 0012 9C42     		cmp	r4, r3
 428 0014 0CD0     		beq	.L47
 429              	.L41:
 725:Drivers/STM32F4xx_HAL_Driver/Src/stm32f4xx_hal_flash_ex.c ****         (WRPSector < OB_WRP_SECTOR_12))
 430              		.loc 1 725 103 discriminator 4 view .LVU99
ARM GAS  C:\msys64\tmp\ccTz5ysZ.s 			page 32


 431 0016 B4F5805F 		cmp	r4, #4096
 432 001a 16D2     		bcs	.L43
 433              	.L42:
 728:Drivers/STM32F4xx_HAL_Driver/Src/stm32f4xx_hal_flash_ex.c ****       {
 434              		.loc 1 728 7 is_stmt 1 view .LVU100
 728:Drivers/STM32F4xx_HAL_Driver/Src/stm32f4xx_hal_flash_ex.c ****       {
 435              		.loc 1 728 10 is_stmt 0 view .LVU101
 436 001c 184B     		ldr	r3, .L50
 437 001e 9C42     		cmp	r4, r3
 438 0020 0BD0     		beq	.L48
 736:Drivers/STM32F4xx_HAL_Driver/Src/stm32f4xx_hal_flash_ex.c ****       }
 439              		.loc 1 736 9 is_stmt 1 view .LVU102
 736:Drivers/STM32F4xx_HAL_Driver/Src/stm32f4xx_hal_flash_ex.c ****       }
 440              		.loc 1 736 47 is_stmt 0 view .LVU103
 441 0022 184A     		ldr	r2, .L50+4
 442 0024 D38A     		ldrh	r3, [r2, #22]
 443 0026 9BB2     		uxth	r3, r3
 736:Drivers/STM32F4xx_HAL_Driver/Src/stm32f4xx_hal_flash_ex.c ****       }
 444              		.loc 1 736 50 view .LVU104
 445 0028 A1B2     		uxth	r1, r4
 736:Drivers/STM32F4xx_HAL_Driver/Src/stm32f4xx_hal_flash_ex.c ****       }
 446              		.loc 1 736 47 view .LVU105
 447 002a 0B43     		orrs	r3, r3, r1
 448 002c D382     		strh	r3, [r2, #22]	@ movhi
 449 002e 13E0     		b	.L45
 450              	.L47:
 725:Drivers/STM32F4xx_HAL_Driver/Src/stm32f4xx_hal_flash_ex.c ****         (WRPSector < OB_WRP_SECTOR_12))
 451              		.loc 1 725 43 discriminator 1 view .LVU106
 452 0030 012D     		cmp	r5, #1
 453 0032 F3D0     		beq	.L42
 725:Drivers/STM32F4xx_HAL_Driver/Src/stm32f4xx_hal_flash_ex.c ****         (WRPSector < OB_WRP_SECTOR_12))
 454              		.loc 1 725 71 discriminator 3 view .LVU107
 455 0034 032D     		cmp	r5, #3
 456 0036 EED1     		bne	.L41
 457 0038 F0E7     		b	.L42
 458              	.L48:
 731:Drivers/STM32F4xx_HAL_Driver/Src/stm32f4xx_hal_flash_ex.c ****       }
 459              		.loc 1 731 9 is_stmt 1 view .LVU108
 731:Drivers/STM32F4xx_HAL_Driver/Src/stm32f4xx_hal_flash_ex.c ****       }
 460              		.loc 1 731 47 is_stmt 0 view .LVU109
 461 003a 124A     		ldr	r2, .L50+4
 462 003c D38A     		ldrh	r3, [r2, #22]
 463 003e 9BB2     		uxth	r3, r3
 731:Drivers/STM32F4xx_HAL_Driver/Src/stm32f4xx_hal_flash_ex.c ****       }
 464              		.loc 1 731 50 view .LVU110
 465 0040 C4F30F31 		ubfx	r1, r4, #12, #16
 731:Drivers/STM32F4xx_HAL_Driver/Src/stm32f4xx_hal_flash_ex.c ****       }
 466              		.loc 1 731 47 view .LVU111
 467 0044 0B43     		orrs	r3, r3, r1
 468 0046 D382     		strh	r3, [r2, #22]	@ movhi
 469 0048 06E0     		b	.L45
 470              	.L43:
 742:Drivers/STM32F4xx_HAL_Driver/Src/stm32f4xx_hal_flash_ex.c ****     }
 471              		.loc 1 742 7 is_stmt 1 view .LVU112
 742:Drivers/STM32F4xx_HAL_Driver/Src/stm32f4xx_hal_flash_ex.c ****     }
 472              		.loc 1 742 46 is_stmt 0 view .LVU113
 473 004a 0E4A     		ldr	r2, .L50+4
ARM GAS  C:\msys64\tmp\ccTz5ysZ.s 			page 33


 474 004c 538B     		ldrh	r3, [r2, #26]
 475 004e 9BB2     		uxth	r3, r3
 742:Drivers/STM32F4xx_HAL_Driver/Src/stm32f4xx_hal_flash_ex.c ****     }
 476              		.loc 1 742 49 view .LVU114
 477 0050 C4F30F31 		ubfx	r1, r4, #12, #16
 742:Drivers/STM32F4xx_HAL_Driver/Src/stm32f4xx_hal_flash_ex.c ****     }
 478              		.loc 1 742 46 view .LVU115
 479 0054 0B43     		orrs	r3, r3, r1
 480 0056 5383     		strh	r3, [r2, #26]	@ movhi
 481              	.L45:
 746:Drivers/STM32F4xx_HAL_Driver/Src/stm32f4xx_hal_flash_ex.c ****     {
 482              		.loc 1 746 5 is_stmt 1 view .LVU116
 746:Drivers/STM32F4xx_HAL_Driver/Src/stm32f4xx_hal_flash_ex.c ****     {
 483              		.loc 1 746 8 is_stmt 0 view .LVU117
 484 0058 094B     		ldr	r3, .L50
 485 005a 9C42     		cmp	r4, r3
 486 005c 00D0     		beq	.L49
 487              	.LVL20:
 488              	.L40:
 759:Drivers/STM32F4xx_HAL_Driver/Src/stm32f4xx_hal_flash_ex.c **** }
 489              		.loc 1 759 3 is_stmt 1 view .LVU118
 760:Drivers/STM32F4xx_HAL_Driver/Src/stm32f4xx_hal_flash_ex.c **** 
 490              		.loc 1 760 1 is_stmt 0 view .LVU119
 491 005e 38BD     		pop	{r3, r4, r5, pc}
 492              	.LVL21:
 493              	.L49:
 746:Drivers/STM32F4xx_HAL_Driver/Src/stm32f4xx_hal_flash_ex.c ****     {
 494              		.loc 1 746 42 discriminator 1 view .LVU120
 495 0060 032D     		cmp	r5, #3
 496 0062 FCD1     		bne	.L40
 749:Drivers/STM32F4xx_HAL_Driver/Src/stm32f4xx_hal_flash_ex.c **** 
 497              		.loc 1 749 7 is_stmt 1 view .LVU121
 749:Drivers/STM32F4xx_HAL_Driver/Src/stm32f4xx_hal_flash_ex.c **** 
 498              		.loc 1 749 16 is_stmt 0 view .LVU122
 499 0064 4CF25030 		movw	r0, #50000
 500 0068 FFF7FEFF 		bl	FLASH_WaitForLastOperation
 501              	.LVL22:
 751:Drivers/STM32F4xx_HAL_Driver/Src/stm32f4xx_hal_flash_ex.c ****       {
 502              		.loc 1 751 7 is_stmt 1 view .LVU123
 751:Drivers/STM32F4xx_HAL_Driver/Src/stm32f4xx_hal_flash_ex.c ****       {
 503              		.loc 1 751 10 is_stmt 0 view .LVU124
 504 006c 0028     		cmp	r0, #0
 505 006e F6D1     		bne	.L40
 753:Drivers/STM32F4xx_HAL_Driver/Src/stm32f4xx_hal_flash_ex.c ****       }
 506              		.loc 1 753 9 is_stmt 1 view .LVU125
 753:Drivers/STM32F4xx_HAL_Driver/Src/stm32f4xx_hal_flash_ex.c ****       }
 507              		.loc 1 753 48 is_stmt 0 view .LVU126
 508 0070 044A     		ldr	r2, .L50+4
 509 0072 538B     		ldrh	r3, [r2, #26]
 510 0074 9BB2     		uxth	r3, r3
 753:Drivers/STM32F4xx_HAL_Driver/Src/stm32f4xx_hal_flash_ex.c ****       }
 511              		.loc 1 753 51 view .LVU127
 512 0076 C4F30F34 		ubfx	r4, r4, #12, #16
 513              	.LVL23:
 753:Drivers/STM32F4xx_HAL_Driver/Src/stm32f4xx_hal_flash_ex.c ****       }
 514              		.loc 1 753 48 view .LVU128
 515 007a 2343     		orrs	r3, r3, r4
ARM GAS  C:\msys64\tmp\ccTz5ysZ.s 			page 34


 516 007c 5383     		strh	r3, [r2, #26]	@ movhi
 517 007e EEE7     		b	.L40
 518              	.L51:
 519              		.align	2
 520              	.L50:
 521 0080 00F0FF00 		.word	16773120
 522 0084 003C0240 		.word	1073888256
 523              		.cfi_endproc
 524              	.LFE146:
 526              		.section	.text.FLASH_OB_RDP_LevelConfig,"ax",%progbits
 527              		.align	1
 528              		.syntax unified
 529              		.thumb
 530              		.thumb_func
 532              	FLASH_OB_RDP_LevelConfig:
 533              	.LVL24:
 534              	.LFB150:
1158:Drivers/STM32F4xx_HAL_Driver/Src/stm32f4xx_hal_flash_ex.c ****   HAL_StatusTypeDef status = HAL_OK;
 535              		.loc 1 1158 1 is_stmt 1 view -0
 536              		.cfi_startproc
 537              		@ args = 0, pretend = 0, frame = 0
 538              		@ frame_needed = 0, uses_anonymous_args = 0
1158:Drivers/STM32F4xx_HAL_Driver/Src/stm32f4xx_hal_flash_ex.c ****   HAL_StatusTypeDef status = HAL_OK;
 539              		.loc 1 1158 1 is_stmt 0 view .LVU130
 540 0000 10B5     		push	{r4, lr}
 541              	.LCFI2:
 542              		.cfi_def_cfa_offset 8
 543              		.cfi_offset 4, -8
 544              		.cfi_offset 14, -4
 545 0002 0446     		mov	r4, r0
1159:Drivers/STM32F4xx_HAL_Driver/Src/stm32f4xx_hal_flash_ex.c **** 
 546              		.loc 1 1159 3 is_stmt 1 view .LVU131
 547              	.LVL25:
1162:Drivers/STM32F4xx_HAL_Driver/Src/stm32f4xx_hal_flash_ex.c **** 
 548              		.loc 1 1162 3 view .LVU132
1165:Drivers/STM32F4xx_HAL_Driver/Src/stm32f4xx_hal_flash_ex.c **** 
 549              		.loc 1 1165 3 view .LVU133
1165:Drivers/STM32F4xx_HAL_Driver/Src/stm32f4xx_hal_flash_ex.c **** 
 550              		.loc 1 1165 12 is_stmt 0 view .LVU134
 551 0004 4CF25030 		movw	r0, #50000
 552              	.LVL26:
1165:Drivers/STM32F4xx_HAL_Driver/Src/stm32f4xx_hal_flash_ex.c **** 
 553              		.loc 1 1165 12 view .LVU135
 554 0008 FFF7FEFF 		bl	FLASH_WaitForLastOperation
 555              	.LVL27:
1167:Drivers/STM32F4xx_HAL_Driver/Src/stm32f4xx_hal_flash_ex.c ****   {
 556              		.loc 1 1167 3 is_stmt 1 view .LVU136
1167:Drivers/STM32F4xx_HAL_Driver/Src/stm32f4xx_hal_flash_ex.c ****   {
 557              		.loc 1 1167 6 is_stmt 0 view .LVU137
 558 000c 08B9     		cbnz	r0, .L53
1169:Drivers/STM32F4xx_HAL_Driver/Src/stm32f4xx_hal_flash_ex.c ****   }
 559              		.loc 1 1169 5 is_stmt 1 view .LVU138
1169:Drivers/STM32F4xx_HAL_Driver/Src/stm32f4xx_hal_flash_ex.c ****   }
 560              		.loc 1 1169 42 is_stmt 0 view .LVU139
 561 000e 014B     		ldr	r3, .L55
 562 0010 5C75     		strb	r4, [r3, #21]
 563              	.L53:
ARM GAS  C:\msys64\tmp\ccTz5ysZ.s 			page 35


1172:Drivers/STM32F4xx_HAL_Driver/Src/stm32f4xx_hal_flash_ex.c **** }
 564              		.loc 1 1172 3 is_stmt 1 view .LVU140
1173:Drivers/STM32F4xx_HAL_Driver/Src/stm32f4xx_hal_flash_ex.c **** 
 565              		.loc 1 1173 1 is_stmt 0 view .LVU141
 566 0012 10BD     		pop	{r4, pc}
 567              	.L56:
 568              		.align	2
 569              	.L55:
 570 0014 003C0240 		.word	1073888256
 571              		.cfi_endproc
 572              	.LFE150:
 574              		.section	.text.FLASH_OB_UserConfig,"ax",%progbits
 575              		.align	1
 576              		.syntax unified
 577              		.thumb
 578              		.thumb_func
 580              	FLASH_OB_UserConfig:
 581              	.LVL28:
 582              	.LFB151:
1192:Drivers/STM32F4xx_HAL_Driver/Src/stm32f4xx_hal_flash_ex.c ****   uint8_t optiontmp;
 583              		.loc 1 1192 1 is_stmt 1 view -0
 584              		.cfi_startproc
 585              		@ args = 0, pretend = 0, frame = 0
 586              		@ frame_needed = 0, uses_anonymous_args = 0
1192:Drivers/STM32F4xx_HAL_Driver/Src/stm32f4xx_hal_flash_ex.c ****   uint8_t optiontmp;
 587              		.loc 1 1192 1 is_stmt 0 view .LVU143
 588 0000 F8B5     		push	{r3, r4, r5, r6, r7, lr}
 589              	.LCFI3:
 590              		.cfi_def_cfa_offset 24
 591              		.cfi_offset 3, -24
 592              		.cfi_offset 4, -20
 593              		.cfi_offset 5, -16
 594              		.cfi_offset 6, -12
 595              		.cfi_offset 7, -8
 596              		.cfi_offset 14, -4
 597 0002 0446     		mov	r4, r0
 598 0004 0E46     		mov	r6, r1
 599 0006 1546     		mov	r5, r2
1193:Drivers/STM32F4xx_HAL_Driver/Src/stm32f4xx_hal_flash_ex.c ****   HAL_StatusTypeDef status = HAL_OK;
 600              		.loc 1 1193 3 is_stmt 1 view .LVU144
1194:Drivers/STM32F4xx_HAL_Driver/Src/stm32f4xx_hal_flash_ex.c **** 
 601              		.loc 1 1194 3 view .LVU145
 602              	.LVL29:
1197:Drivers/STM32F4xx_HAL_Driver/Src/stm32f4xx_hal_flash_ex.c ****   assert_param(IS_OB_STOP_SOURCE(Stop));
 603              		.loc 1 1197 3 view .LVU146
1198:Drivers/STM32F4xx_HAL_Driver/Src/stm32f4xx_hal_flash_ex.c ****   assert_param(IS_OB_STDBY_SOURCE(Stdby));
 604              		.loc 1 1198 3 view .LVU147
1199:Drivers/STM32F4xx_HAL_Driver/Src/stm32f4xx_hal_flash_ex.c **** 
 605              		.loc 1 1199 3 view .LVU148
1202:Drivers/STM32F4xx_HAL_Driver/Src/stm32f4xx_hal_flash_ex.c **** 
 606              		.loc 1 1202 3 view .LVU149
1202:Drivers/STM32F4xx_HAL_Driver/Src/stm32f4xx_hal_flash_ex.c **** 
 607              		.loc 1 1202 12 is_stmt 0 view .LVU150
 608 0008 4CF25030 		movw	r0, #50000
 609              	.LVL30:
1202:Drivers/STM32F4xx_HAL_Driver/Src/stm32f4xx_hal_flash_ex.c **** 
 610              		.loc 1 1202 12 view .LVU151
ARM GAS  C:\msys64\tmp\ccTz5ysZ.s 			page 36


 611 000c FFF7FEFF 		bl	FLASH_WaitForLastOperation
 612              	.LVL31:
1204:Drivers/STM32F4xx_HAL_Driver/Src/stm32f4xx_hal_flash_ex.c ****   {
 613              		.loc 1 1204 3 is_stmt 1 view .LVU152
1204:Drivers/STM32F4xx_HAL_Driver/Src/stm32f4xx_hal_flash_ex.c ****   {
 614              		.loc 1 1204 6 is_stmt 0 view .LVU153
 615 0010 48B9     		cbnz	r0, .L58
1207:Drivers/STM32F4xx_HAL_Driver/Src/stm32f4xx_hal_flash_ex.c **** 
 616              		.loc 1 1207 5 is_stmt 1 view .LVU154
1207:Drivers/STM32F4xx_HAL_Driver/Src/stm32f4xx_hal_flash_ex.c **** 
 617              		.loc 1 1207 66 is_stmt 0 view .LVU155
 618 0012 054F     		ldr	r7, .L60
 619 0014 3B7D     		ldrb	r3, [r7, #20]	@ zero_extendqisi2
1207:Drivers/STM32F4xx_HAL_Driver/Src/stm32f4xx_hal_flash_ex.c **** 
 620              		.loc 1 1207 15 view .LVU156
 621 0016 03F01F03 		and	r3, r3, #31
 622              	.LVL32:
1210:Drivers/STM32F4xx_HAL_Driver/Src/stm32f4xx_hal_flash_ex.c ****   }
 623              		.loc 1 1210 5 is_stmt 1 view .LVU157
1210:Drivers/STM32F4xx_HAL_Driver/Src/stm32f4xx_hal_flash_ex.c ****   }
 624              		.loc 1 1210 69 is_stmt 0 view .LVU158
 625 001a 43EA0601 		orr	r1, r3, r6
1210:Drivers/STM32F4xx_HAL_Driver/Src/stm32f4xx_hal_flash_ex.c ****   }
 626              		.loc 1 1210 51 view .LVU159
 627 001e 41EA0502 		orr	r2, r1, r5
1210:Drivers/STM32F4xx_HAL_Driver/Src/stm32f4xx_hal_flash_ex.c ****   }
 628              		.loc 1 1210 42 view .LVU160
 629 0022 2243     		orrs	r2, r2, r4
 630 0024 3A75     		strb	r2, [r7, #20]
 631              	.LVL33:
 632              	.L58:
1213:Drivers/STM32F4xx_HAL_Driver/Src/stm32f4xx_hal_flash_ex.c **** }
 633              		.loc 1 1213 3 is_stmt 1 view .LVU161
1214:Drivers/STM32F4xx_HAL_Driver/Src/stm32f4xx_hal_flash_ex.c **** 
 634              		.loc 1 1214 1 is_stmt 0 view .LVU162
 635 0026 F8BD     		pop	{r3, r4, r5, r6, r7, pc}
 636              	.L61:
 637              		.align	2
 638              	.L60:
 639 0028 003C0240 		.word	1073888256
 640              		.cfi_endproc
 641              	.LFE151:
 643              		.section	.text.FLASH_OB_EnablePCROP,"ax",%progbits
 644              		.align	1
 645              		.syntax unified
 646              		.thumb
 647              		.thumb_func
 649              	FLASH_OB_EnablePCROP:
 650              	.LVL34:
 651              	.LFB148:
 814:Drivers/STM32F4xx_HAL_Driver/Src/stm32f4xx_hal_flash_ex.c ****   HAL_StatusTypeDef status = HAL_OK;
 652              		.loc 1 814 1 is_stmt 1 view -0
 653              		.cfi_startproc
 654              		@ args = 0, pretend = 0, frame = 0
 655              		@ frame_needed = 0, uses_anonymous_args = 0
 814:Drivers/STM32F4xx_HAL_Driver/Src/stm32f4xx_hal_flash_ex.c ****   HAL_StatusTypeDef status = HAL_OK;
 656              		.loc 1 814 1 is_stmt 0 view .LVU164
ARM GAS  C:\msys64\tmp\ccTz5ysZ.s 			page 37


 657 0000 70B5     		push	{r4, r5, r6, lr}
 658              	.LCFI4:
 659              		.cfi_def_cfa_offset 16
 660              		.cfi_offset 4, -16
 661              		.cfi_offset 5, -12
 662              		.cfi_offset 6, -8
 663              		.cfi_offset 14, -4
 664 0002 0546     		mov	r5, r0
 665 0004 0E46     		mov	r6, r1
 666 0006 1446     		mov	r4, r2
 815:Drivers/STM32F4xx_HAL_Driver/Src/stm32f4xx_hal_flash_ex.c **** 
 667              		.loc 1 815 3 is_stmt 1 view .LVU165
 668              	.LVL35:
 817:Drivers/STM32F4xx_HAL_Driver/Src/stm32f4xx_hal_flash_ex.c **** 
 669              		.loc 1 817 3 view .LVU166
 820:Drivers/STM32F4xx_HAL_Driver/Src/stm32f4xx_hal_flash_ex.c **** 
 670              		.loc 1 820 3 view .LVU167
 820:Drivers/STM32F4xx_HAL_Driver/Src/stm32f4xx_hal_flash_ex.c **** 
 671              		.loc 1 820 12 is_stmt 0 view .LVU168
 672 0008 4CF25030 		movw	r0, #50000
 673              	.LVL36:
 820:Drivers/STM32F4xx_HAL_Driver/Src/stm32f4xx_hal_flash_ex.c **** 
 674              		.loc 1 820 12 view .LVU169
 675 000c FFF7FEFF 		bl	FLASH_WaitForLastOperation
 676              	.LVL37:
 822:Drivers/STM32F4xx_HAL_Driver/Src/stm32f4xx_hal_flash_ex.c ****   {
 677              		.loc 1 822 3 is_stmt 1 view .LVU170
 822:Drivers/STM32F4xx_HAL_Driver/Src/stm32f4xx_hal_flash_ex.c ****   {
 678              		.loc 1 822 6 is_stmt 0 view .LVU171
 679 0010 90B9     		cbnz	r0, .L63
 824:Drivers/STM32F4xx_HAL_Driver/Src/stm32f4xx_hal_flash_ex.c ****     {
 680              		.loc 1 824 5 is_stmt 1 view .LVU172
 824:Drivers/STM32F4xx_HAL_Driver/Src/stm32f4xx_hal_flash_ex.c ****     {
 681              		.loc 1 824 8 is_stmt 0 view .LVU173
 682 0012 012C     		cmp	r4, #1
 683 0014 08D0     		beq	.L64
 824:Drivers/STM32F4xx_HAL_Driver/Src/stm32f4xx_hal_flash_ex.c ****     {
 684              		.loc 1 824 33 discriminator 1 view .LVU174
 685 0016 032C     		cmp	r4, #3
 686 0018 06D0     		beq	.L64
 832:Drivers/STM32F4xx_HAL_Driver/Src/stm32f4xx_hal_flash_ex.c ****       /*Write protection done on sectors of BANK2*/
 687              		.loc 1 832 7 is_stmt 1 view .LVU175
 834:Drivers/STM32F4xx_HAL_Driver/Src/stm32f4xx_hal_flash_ex.c ****     }
 688              		.loc 1 834 7 view .LVU176
 834:Drivers/STM32F4xx_HAL_Driver/Src/stm32f4xx_hal_flash_ex.c ****     }
 689              		.loc 1 834 46 is_stmt 0 view .LVU177
 690 001a 0E4A     		ldr	r2, .L69
 691 001c 538B     		ldrh	r3, [r2, #26]
 692 001e 9BB2     		uxth	r3, r3
 834:Drivers/STM32F4xx_HAL_Driver/Src/stm32f4xx_hal_flash_ex.c ****     }
 693              		.loc 1 834 49 view .LVU178
 694 0020 B1B2     		uxth	r1, r6
 834:Drivers/STM32F4xx_HAL_Driver/Src/stm32f4xx_hal_flash_ex.c ****     }
 695              		.loc 1 834 46 view .LVU179
 696 0022 0B43     		orrs	r3, r3, r1
 697 0024 5383     		strh	r3, [r2, #26]	@ movhi
 698 0026 05E0     		b	.L66
ARM GAS  C:\msys64\tmp\ccTz5ysZ.s 			page 38


 699              	.L64:
 826:Drivers/STM32F4xx_HAL_Driver/Src/stm32f4xx_hal_flash_ex.c ****       /*Write protection done on sectors of BANK1*/
 700              		.loc 1 826 7 is_stmt 1 view .LVU180
 828:Drivers/STM32F4xx_HAL_Driver/Src/stm32f4xx_hal_flash_ex.c ****     }
 701              		.loc 1 828 7 view .LVU181
 828:Drivers/STM32F4xx_HAL_Driver/Src/stm32f4xx_hal_flash_ex.c ****     }
 702              		.loc 1 828 45 is_stmt 0 view .LVU182
 703 0028 0A4A     		ldr	r2, .L69
 704 002a D38A     		ldrh	r3, [r2, #22]
 705 002c 9BB2     		uxth	r3, r3
 828:Drivers/STM32F4xx_HAL_Driver/Src/stm32f4xx_hal_flash_ex.c ****     }
 706              		.loc 1 828 48 view .LVU183
 707 002e ADB2     		uxth	r5, r5
 708              	.LVL38:
 828:Drivers/STM32F4xx_HAL_Driver/Src/stm32f4xx_hal_flash_ex.c ****     }
 709              		.loc 1 828 45 view .LVU184
 710 0030 2B43     		orrs	r3, r3, r5
 711 0032 D382     		strh	r3, [r2, #22]	@ movhi
 712              	.L66:
 838:Drivers/STM32F4xx_HAL_Driver/Src/stm32f4xx_hal_flash_ex.c ****     {
 713              		.loc 1 838 5 is_stmt 1 view .LVU185
 838:Drivers/STM32F4xx_HAL_Driver/Src/stm32f4xx_hal_flash_ex.c ****     {
 714              		.loc 1 838 8 is_stmt 0 view .LVU186
 715 0034 032C     		cmp	r4, #3
 716 0036 00D0     		beq	.L68
 717              	.L63:
 718              	.LVL39:
 853:Drivers/STM32F4xx_HAL_Driver/Src/stm32f4xx_hal_flash_ex.c **** }
 719              		.loc 1 853 3 is_stmt 1 view .LVU187
 854:Drivers/STM32F4xx_HAL_Driver/Src/stm32f4xx_hal_flash_ex.c **** 
 720              		.loc 1 854 1 is_stmt 0 view .LVU188
 721 0038 70BD     		pop	{r4, r5, r6, pc}
 722              	.LVL40:
 723              	.L68:
 840:Drivers/STM32F4xx_HAL_Driver/Src/stm32f4xx_hal_flash_ex.c ****       /* Wait for last operation to be completed */
 724              		.loc 1 840 7 is_stmt 1 view .LVU189
 842:Drivers/STM32F4xx_HAL_Driver/Src/stm32f4xx_hal_flash_ex.c **** 
 725              		.loc 1 842 7 view .LVU190
 842:Drivers/STM32F4xx_HAL_Driver/Src/stm32f4xx_hal_flash_ex.c **** 
 726              		.loc 1 842 16 is_stmt 0 view .LVU191
 727 003a 4CF25030 		movw	r0, #50000
 728 003e FFF7FEFF 		bl	FLASH_WaitForLastOperation
 729              	.LVL41:
 844:Drivers/STM32F4xx_HAL_Driver/Src/stm32f4xx_hal_flash_ex.c ****       {
 730              		.loc 1 844 7 is_stmt 1 view .LVU192
 844:Drivers/STM32F4xx_HAL_Driver/Src/stm32f4xx_hal_flash_ex.c ****       {
 731              		.loc 1 844 10 is_stmt 0 view .LVU193
 732 0042 0028     		cmp	r0, #0
 733 0044 F8D1     		bne	.L63
 847:Drivers/STM32F4xx_HAL_Driver/Src/stm32f4xx_hal_flash_ex.c ****       }
 734              		.loc 1 847 9 is_stmt 1 view .LVU194
 847:Drivers/STM32F4xx_HAL_Driver/Src/stm32f4xx_hal_flash_ex.c ****       }
 735              		.loc 1 847 48 is_stmt 0 view .LVU195
 736 0046 034A     		ldr	r2, .L69
 737 0048 538B     		ldrh	r3, [r2, #26]
 738 004a 9BB2     		uxth	r3, r3
 847:Drivers/STM32F4xx_HAL_Driver/Src/stm32f4xx_hal_flash_ex.c ****       }
ARM GAS  C:\msys64\tmp\ccTz5ysZ.s 			page 39


 739              		.loc 1 847 51 view .LVU196
 740 004c B1B2     		uxth	r1, r6
 847:Drivers/STM32F4xx_HAL_Driver/Src/stm32f4xx_hal_flash_ex.c ****       }
 741              		.loc 1 847 48 view .LVU197
 742 004e 0B43     		orrs	r3, r3, r1
 743 0050 5383     		strh	r3, [r2, #26]	@ movhi
 744 0052 F1E7     		b	.L63
 745              	.L70:
 746              		.align	2
 747              	.L69:
 748 0054 003C0240 		.word	1073888256
 749              		.cfi_endproc
 750              	.LFE148:
 752              		.section	.text.FLASH_OB_DisablePCROP,"ax",%progbits
 753              		.align	1
 754              		.syntax unified
 755              		.thumb
 756              		.thumb_func
 758              	FLASH_OB_DisablePCROP:
 759              	.LVL42:
 760              	.LFB149:
 878:Drivers/STM32F4xx_HAL_Driver/Src/stm32f4xx_hal_flash_ex.c ****   HAL_StatusTypeDef status = HAL_OK;
 761              		.loc 1 878 1 is_stmt 1 view -0
 762              		.cfi_startproc
 763              		@ args = 0, pretend = 0, frame = 0
 764              		@ frame_needed = 0, uses_anonymous_args = 0
 878:Drivers/STM32F4xx_HAL_Driver/Src/stm32f4xx_hal_flash_ex.c ****   HAL_StatusTypeDef status = HAL_OK;
 765              		.loc 1 878 1 is_stmt 0 view .LVU199
 766 0000 70B5     		push	{r4, r5, r6, lr}
 767              	.LCFI5:
 768              		.cfi_def_cfa_offset 16
 769              		.cfi_offset 4, -16
 770              		.cfi_offset 5, -12
 771              		.cfi_offset 6, -8
 772              		.cfi_offset 14, -4
 773 0002 0646     		mov	r6, r0
 774 0004 0D46     		mov	r5, r1
 775 0006 1446     		mov	r4, r2
 879:Drivers/STM32F4xx_HAL_Driver/Src/stm32f4xx_hal_flash_ex.c **** 
 776              		.loc 1 879 3 is_stmt 1 view .LVU200
 777              	.LVL43:
 882:Drivers/STM32F4xx_HAL_Driver/Src/stm32f4xx_hal_flash_ex.c **** 
 778              		.loc 1 882 3 view .LVU201
 885:Drivers/STM32F4xx_HAL_Driver/Src/stm32f4xx_hal_flash_ex.c **** 
 779              		.loc 1 885 3 view .LVU202
 885:Drivers/STM32F4xx_HAL_Driver/Src/stm32f4xx_hal_flash_ex.c **** 
 780              		.loc 1 885 12 is_stmt 0 view .LVU203
 781 0008 4CF25030 		movw	r0, #50000
 782              	.LVL44:
 885:Drivers/STM32F4xx_HAL_Driver/Src/stm32f4xx_hal_flash_ex.c **** 
 783              		.loc 1 885 12 view .LVU204
 784 000c FFF7FEFF 		bl	FLASH_WaitForLastOperation
 785              	.LVL45:
 887:Drivers/STM32F4xx_HAL_Driver/Src/stm32f4xx_hal_flash_ex.c ****   {
 786              		.loc 1 887 3 is_stmt 1 view .LVU205
 887:Drivers/STM32F4xx_HAL_Driver/Src/stm32f4xx_hal_flash_ex.c ****   {
 787              		.loc 1 887 6 is_stmt 0 view .LVU206
ARM GAS  C:\msys64\tmp\ccTz5ysZ.s 			page 40


 788 0010 90B9     		cbnz	r0, .L72
 889:Drivers/STM32F4xx_HAL_Driver/Src/stm32f4xx_hal_flash_ex.c ****     {
 789              		.loc 1 889 5 is_stmt 1 view .LVU207
 889:Drivers/STM32F4xx_HAL_Driver/Src/stm32f4xx_hal_flash_ex.c ****     {
 790              		.loc 1 889 8 is_stmt 0 view .LVU208
 791 0012 012C     		cmp	r4, #1
 792 0014 08D0     		beq	.L73
 889:Drivers/STM32F4xx_HAL_Driver/Src/stm32f4xx_hal_flash_ex.c ****     {
 793              		.loc 1 889 33 discriminator 1 view .LVU209
 794 0016 032C     		cmp	r4, #3
 795 0018 06D0     		beq	.L73
 898:Drivers/STM32F4xx_HAL_Driver/Src/stm32f4xx_hal_flash_ex.c ****       *(__IO uint16_t *)OPTCR1_BYTE2_ADDRESS &= (~SectorBank2);
 796              		.loc 1 898 7 is_stmt 1 view .LVU210
 899:Drivers/STM32F4xx_HAL_Driver/Src/stm32f4xx_hal_flash_ex.c ****     }
 797              		.loc 1 899 7 view .LVU211
 899:Drivers/STM32F4xx_HAL_Driver/Src/stm32f4xx_hal_flash_ex.c ****     }
 798              		.loc 1 899 46 is_stmt 0 view .LVU212
 799 001a 0E4A     		ldr	r2, .L78
 800 001c 538B     		ldrh	r3, [r2, #26]
 801 001e 9BB2     		uxth	r3, r3
 802 0020 23EA0503 		bic	r3, r3, r5
 803 0024 5383     		strh	r3, [r2, #26]	@ movhi
 804 0026 05E0     		b	.L75
 805              	.L73:
 891:Drivers/STM32F4xx_HAL_Driver/Src/stm32f4xx_hal_flash_ex.c ****       /*Write protection done on sectors of BANK1*/
 806              		.loc 1 891 7 is_stmt 1 view .LVU213
 893:Drivers/STM32F4xx_HAL_Driver/Src/stm32f4xx_hal_flash_ex.c ****     }
 807              		.loc 1 893 7 view .LVU214
 893:Drivers/STM32F4xx_HAL_Driver/Src/stm32f4xx_hal_flash_ex.c ****     }
 808              		.loc 1 893 45 is_stmt 0 view .LVU215
 809 0028 0A4A     		ldr	r2, .L78
 810 002a D38A     		ldrh	r3, [r2, #22]
 811 002c 9BB2     		uxth	r3, r3
 812 002e 23EA0603 		bic	r3, r3, r6
 813 0032 D382     		strh	r3, [r2, #22]	@ movhi
 814              	.L75:
 903:Drivers/STM32F4xx_HAL_Driver/Src/stm32f4xx_hal_flash_ex.c ****     {
 815              		.loc 1 903 5 is_stmt 1 view .LVU216
 903:Drivers/STM32F4xx_HAL_Driver/Src/stm32f4xx_hal_flash_ex.c ****     {
 816              		.loc 1 903 8 is_stmt 0 view .LVU217
 817 0034 032C     		cmp	r4, #3
 818 0036 00D0     		beq	.L77
 819              	.L72:
 820              	.LVL46:
 918:Drivers/STM32F4xx_HAL_Driver/Src/stm32f4xx_hal_flash_ex.c **** 
 821              		.loc 1 918 3 is_stmt 1 view .LVU218
 920:Drivers/STM32F4xx_HAL_Driver/Src/stm32f4xx_hal_flash_ex.c **** 
 822              		.loc 1 920 1 is_stmt 0 view .LVU219
 823 0038 70BD     		pop	{r4, r5, r6, pc}
 824              	.LVL47:
 825              	.L77:
 905:Drivers/STM32F4xx_HAL_Driver/Src/stm32f4xx_hal_flash_ex.c ****       /* Wait for last operation to be completed */
 826              		.loc 1 905 7 is_stmt 1 view .LVU220
 907:Drivers/STM32F4xx_HAL_Driver/Src/stm32f4xx_hal_flash_ex.c **** 
 827              		.loc 1 907 7 view .LVU221
 907:Drivers/STM32F4xx_HAL_Driver/Src/stm32f4xx_hal_flash_ex.c **** 
 828              		.loc 1 907 16 is_stmt 0 view .LVU222
ARM GAS  C:\msys64\tmp\ccTz5ysZ.s 			page 41


 829 003a 4CF25030 		movw	r0, #50000
 830 003e FFF7FEFF 		bl	FLASH_WaitForLastOperation
 831              	.LVL48:
 909:Drivers/STM32F4xx_HAL_Driver/Src/stm32f4xx_hal_flash_ex.c ****       {
 832              		.loc 1 909 7 is_stmt 1 view .LVU223
 909:Drivers/STM32F4xx_HAL_Driver/Src/stm32f4xx_hal_flash_ex.c ****       {
 833              		.loc 1 909 10 is_stmt 0 view .LVU224
 834 0042 0028     		cmp	r0, #0
 835 0044 F8D1     		bne	.L72
 912:Drivers/STM32F4xx_HAL_Driver/Src/stm32f4xx_hal_flash_ex.c ****       }
 836              		.loc 1 912 9 is_stmt 1 view .LVU225
 912:Drivers/STM32F4xx_HAL_Driver/Src/stm32f4xx_hal_flash_ex.c ****       }
 837              		.loc 1 912 48 is_stmt 0 view .LVU226
 838 0046 034A     		ldr	r2, .L78
 839 0048 538B     		ldrh	r3, [r2, #26]
 840 004a 9BB2     		uxth	r3, r3
 841 004c 23EA0503 		bic	r3, r3, r5
 842 0050 5383     		strh	r3, [r2, #26]	@ movhi
 843 0052 F1E7     		b	.L72
 844              	.L79:
 845              		.align	2
 846              	.L78:
 847 0054 003C0240 		.word	1073888256
 848              		.cfi_endproc
 849              	.LFE149:
 851              		.section	.text.FLASH_OB_BootConfig,"ax",%progbits
 852              		.align	1
 853              		.syntax unified
 854              		.thumb
 855              		.thumb_func
 857              	FLASH_OB_BootConfig:
 858              	.LVL49:
 859              	.LFB147:
 774:Drivers/STM32F4xx_HAL_Driver/Src/stm32f4xx_hal_flash_ex.c ****   HAL_StatusTypeDef status = HAL_OK;
 860              		.loc 1 774 1 is_stmt 1 view -0
 861              		.cfi_startproc
 862              		@ args = 0, pretend = 0, frame = 0
 863              		@ frame_needed = 0, uses_anonymous_args = 0
 774:Drivers/STM32F4xx_HAL_Driver/Src/stm32f4xx_hal_flash_ex.c ****   HAL_StatusTypeDef status = HAL_OK;
 864              		.loc 1 774 1 is_stmt 0 view .LVU228
 865 0000 10B5     		push	{r4, lr}
 866              	.LCFI6:
 867              		.cfi_def_cfa_offset 8
 868              		.cfi_offset 4, -8
 869              		.cfi_offset 14, -4
 870 0002 0446     		mov	r4, r0
 775:Drivers/STM32F4xx_HAL_Driver/Src/stm32f4xx_hal_flash_ex.c **** 
 871              		.loc 1 775 3 is_stmt 1 view .LVU229
 872              	.LVL50:
 778:Drivers/STM32F4xx_HAL_Driver/Src/stm32f4xx_hal_flash_ex.c **** 
 873              		.loc 1 778 3 view .LVU230
 781:Drivers/STM32F4xx_HAL_Driver/Src/stm32f4xx_hal_flash_ex.c **** 
 874              		.loc 1 781 3 view .LVU231
 781:Drivers/STM32F4xx_HAL_Driver/Src/stm32f4xx_hal_flash_ex.c **** 
 875              		.loc 1 781 12 is_stmt 0 view .LVU232
 876 0004 4CF25030 		movw	r0, #50000
 877              	.LVL51:
ARM GAS  C:\msys64\tmp\ccTz5ysZ.s 			page 42


 781:Drivers/STM32F4xx_HAL_Driver/Src/stm32f4xx_hal_flash_ex.c **** 
 878              		.loc 1 781 12 view .LVU233
 879 0008 FFF7FEFF 		bl	FLASH_WaitForLastOperation
 880              	.LVL52:
 783:Drivers/STM32F4xx_HAL_Driver/Src/stm32f4xx_hal_flash_ex.c ****   {
 881              		.loc 1 783 3 is_stmt 1 view .LVU234
 783:Drivers/STM32F4xx_HAL_Driver/Src/stm32f4xx_hal_flash_ex.c ****   {
 882              		.loc 1 783 6 is_stmt 0 view .LVU235
 883 000c 38B9     		cbnz	r0, .L81
 786:Drivers/STM32F4xx_HAL_Driver/Src/stm32f4xx_hal_flash_ex.c ****     *(__IO uint8_t *)OPTCR_BYTE0_ADDRESS |= BootConfig;
 884              		.loc 1 786 5 is_stmt 1 view .LVU236
 786:Drivers/STM32F4xx_HAL_Driver/Src/stm32f4xx_hal_flash_ex.c ****     *(__IO uint8_t *)OPTCR_BYTE0_ADDRESS |= BootConfig;
 885              		.loc 1 786 42 is_stmt 0 view .LVU237
 886 000e 044B     		ldr	r3, .L83
 887 0010 1A7D     		ldrb	r2, [r3, #20]	@ zero_extendqisi2
 888 0012 02F0EF02 		and	r2, r2, #239
 889 0016 1A75     		strb	r2, [r3, #20]
 787:Drivers/STM32F4xx_HAL_Driver/Src/stm32f4xx_hal_flash_ex.c ****   }
 890              		.loc 1 787 5 is_stmt 1 view .LVU238
 787:Drivers/STM32F4xx_HAL_Driver/Src/stm32f4xx_hal_flash_ex.c ****   }
 891              		.loc 1 787 42 is_stmt 0 view .LVU239
 892 0018 1A7D     		ldrb	r2, [r3, #20]	@ zero_extendqisi2
 893 001a 2243     		orrs	r2, r2, r4
 894 001c 1A75     		strb	r2, [r3, #20]
 895              	.L81:
 790:Drivers/STM32F4xx_HAL_Driver/Src/stm32f4xx_hal_flash_ex.c **** }
 896              		.loc 1 790 3 is_stmt 1 view .LVU240
 791:Drivers/STM32F4xx_HAL_Driver/Src/stm32f4xx_hal_flash_ex.c **** 
 897              		.loc 1 791 1 is_stmt 0 view .LVU241
 898 001e 10BD     		pop	{r4, pc}
 899              	.L84:
 900              		.align	2
 901              	.L83:
 902 0020 003C0240 		.word	1073888256
 903              		.cfi_endproc
 904              	.LFE147:
 906              		.section	.text.HAL_FLASHEx_OBProgram,"ax",%progbits
 907              		.align	1
 908              		.global	HAL_FLASHEx_OBProgram
 909              		.syntax unified
 910              		.thumb
 911              		.thumb_func
 913              	HAL_FLASHEx_OBProgram:
 914              	.LVL53:
 915              	.LFB136:
 282:Drivers/STM32F4xx_HAL_Driver/Src/stm32f4xx_hal_flash_ex.c ****   HAL_StatusTypeDef status = HAL_ERROR;
 916              		.loc 1 282 1 is_stmt 1 view -0
 917              		.cfi_startproc
 918              		@ args = 0, pretend = 0, frame = 0
 919              		@ frame_needed = 0, uses_anonymous_args = 0
 283:Drivers/STM32F4xx_HAL_Driver/Src/stm32f4xx_hal_flash_ex.c **** 
 920              		.loc 1 283 3 view .LVU243
 286:Drivers/STM32F4xx_HAL_Driver/Src/stm32f4xx_hal_flash_ex.c **** 
 921              		.loc 1 286 3 view .LVU244
 286:Drivers/STM32F4xx_HAL_Driver/Src/stm32f4xx_hal_flash_ex.c **** 
 922              		.loc 1 286 3 view .LVU245
 923 0000 1F4B     		ldr	r3, .L102
ARM GAS  C:\msys64\tmp\ccTz5ysZ.s 			page 43


 924 0002 1B7E     		ldrb	r3, [r3, #24]	@ zero_extendqisi2
 925 0004 012B     		cmp	r3, #1
 926 0006 38D0     		beq	.L92
 282:Drivers/STM32F4xx_HAL_Driver/Src/stm32f4xx_hal_flash_ex.c ****   HAL_StatusTypeDef status = HAL_ERROR;
 927              		.loc 1 282 1 is_stmt 0 discriminator 2 view .LVU246
 928 0008 10B5     		push	{r4, lr}
 929              	.LCFI7:
 930              		.cfi_def_cfa_offset 8
 931              		.cfi_offset 4, -8
 932              		.cfi_offset 14, -4
 933 000a 0446     		mov	r4, r0
 286:Drivers/STM32F4xx_HAL_Driver/Src/stm32f4xx_hal_flash_ex.c **** 
 934              		.loc 1 286 3 is_stmt 1 discriminator 2 view .LVU247
 935 000c 1C4B     		ldr	r3, .L102
 936 000e 0122     		movs	r2, #1
 937 0010 1A76     		strb	r2, [r3, #24]
 286:Drivers/STM32F4xx_HAL_Driver/Src/stm32f4xx_hal_flash_ex.c **** 
 938              		.loc 1 286 3 discriminator 2 view .LVU248
 289:Drivers/STM32F4xx_HAL_Driver/Src/stm32f4xx_hal_flash_ex.c **** 
 939              		.loc 1 289 3 discriminator 2 view .LVU249
 292:Drivers/STM32F4xx_HAL_Driver/Src/stm32f4xx_hal_flash_ex.c ****   {
 940              		.loc 1 292 3 discriminator 2 view .LVU250
 292:Drivers/STM32F4xx_HAL_Driver/Src/stm32f4xx_hal_flash_ex.c ****   {
 941              		.loc 1 292 15 is_stmt 0 discriminator 2 view .LVU251
 942 0012 0368     		ldr	r3, [r0]
 292:Drivers/STM32F4xx_HAL_Driver/Src/stm32f4xx_hal_flash_ex.c ****   {
 943              		.loc 1 292 6 discriminator 2 view .LVU252
 944 0014 13F0010F 		tst	r3, #1
 945 0018 0CD0     		beq	.L93
 294:Drivers/STM32F4xx_HAL_Driver/Src/stm32f4xx_hal_flash_ex.c ****     if (pOBInit->WRPState == OB_WRPSTATE_ENABLE)
 946              		.loc 1 294 5 is_stmt 1 view .LVU253
 295:Drivers/STM32F4xx_HAL_Driver/Src/stm32f4xx_hal_flash_ex.c ****     {
 947              		.loc 1 295 5 view .LVU254
 295:Drivers/STM32F4xx_HAL_Driver/Src/stm32f4xx_hal_flash_ex.c ****     {
 948              		.loc 1 295 16 is_stmt 0 view .LVU255
 949 001a 4368     		ldr	r3, [r0, #4]
 295:Drivers/STM32F4xx_HAL_Driver/Src/stm32f4xx_hal_flash_ex.c ****     {
 950              		.loc 1 295 8 view .LVU256
 951 001c 9342     		cmp	r3, r2
 952 001e 04D0     		beq	.L98
 303:Drivers/STM32F4xx_HAL_Driver/Src/stm32f4xx_hal_flash_ex.c ****     }
 953              		.loc 1 303 7 is_stmt 1 view .LVU257
 303:Drivers/STM32F4xx_HAL_Driver/Src/stm32f4xx_hal_flash_ex.c ****     }
 954              		.loc 1 303 16 is_stmt 0 view .LVU258
 955 0020 C168     		ldr	r1, [r0, #12]
 956 0022 8068     		ldr	r0, [r0, #8]
 957              	.LVL54:
 303:Drivers/STM32F4xx_HAL_Driver/Src/stm32f4xx_hal_flash_ex.c ****     }
 958              		.loc 1 303 16 view .LVU259
 959 0024 FFF7FEFF 		bl	FLASH_OB_DisableWRP
 960              	.LVL55:
 303:Drivers/STM32F4xx_HAL_Driver/Src/stm32f4xx_hal_flash_ex.c ****     }
 961              		.loc 1 303 16 view .LVU260
 962 0028 05E0     		b	.L87
 963              	.LVL56:
 964              	.L98:
 298:Drivers/STM32F4xx_HAL_Driver/Src/stm32f4xx_hal_flash_ex.c ****     }
ARM GAS  C:\msys64\tmp\ccTz5ysZ.s 			page 44


 965              		.loc 1 298 7 is_stmt 1 view .LVU261
 298:Drivers/STM32F4xx_HAL_Driver/Src/stm32f4xx_hal_flash_ex.c ****     }
 966              		.loc 1 298 16 is_stmt 0 view .LVU262
 967 002a C168     		ldr	r1, [r0, #12]
 968 002c 8068     		ldr	r0, [r0, #8]
 969              	.LVL57:
 298:Drivers/STM32F4xx_HAL_Driver/Src/stm32f4xx_hal_flash_ex.c ****     }
 970              		.loc 1 298 16 view .LVU263
 971 002e FFF7FEFF 		bl	FLASH_OB_EnableWRP
 972              	.LVL58:
 298:Drivers/STM32F4xx_HAL_Driver/Src/stm32f4xx_hal_flash_ex.c ****     }
 973              		.loc 1 298 16 view .LVU264
 974 0032 00E0     		b	.L87
 975              	.LVL59:
 976              	.L93:
 283:Drivers/STM32F4xx_HAL_Driver/Src/stm32f4xx_hal_flash_ex.c **** 
 977              		.loc 1 283 21 view .LVU265
 978 0034 0120     		movs	r0, #1
 979              	.LVL60:
 980              	.L87:
 308:Drivers/STM32F4xx_HAL_Driver/Src/stm32f4xx_hal_flash_ex.c ****   {
 981              		.loc 1 308 3 is_stmt 1 view .LVU266
 308:Drivers/STM32F4xx_HAL_Driver/Src/stm32f4xx_hal_flash_ex.c ****   {
 982              		.loc 1 308 15 is_stmt 0 view .LVU267
 983 0036 2368     		ldr	r3, [r4]
 308:Drivers/STM32F4xx_HAL_Driver/Src/stm32f4xx_hal_flash_ex.c ****   {
 984              		.loc 1 308 6 view .LVU268
 985 0038 13F0020F 		tst	r3, #2
 986 003c 0BD1     		bne	.L99
 987              	.L89:
 314:Drivers/STM32F4xx_HAL_Driver/Src/stm32f4xx_hal_flash_ex.c ****   {
 988              		.loc 1 314 3 is_stmt 1 view .LVU269
 314:Drivers/STM32F4xx_HAL_Driver/Src/stm32f4xx_hal_flash_ex.c ****   {
 989              		.loc 1 314 15 is_stmt 0 view .LVU270
 990 003e 2368     		ldr	r3, [r4]
 314:Drivers/STM32F4xx_HAL_Driver/Src/stm32f4xx_hal_flash_ex.c ****   {
 991              		.loc 1 314 6 view .LVU271
 992 0040 13F0040F 		tst	r3, #4
 993 0044 0BD1     		bne	.L100
 994              	.L90:
 322:Drivers/STM32F4xx_HAL_Driver/Src/stm32f4xx_hal_flash_ex.c ****   {
 995              		.loc 1 322 3 is_stmt 1 view .LVU272
 322:Drivers/STM32F4xx_HAL_Driver/Src/stm32f4xx_hal_flash_ex.c ****   {
 996              		.loc 1 322 15 is_stmt 0 view .LVU273
 997 0046 2368     		ldr	r3, [r4]
 322:Drivers/STM32F4xx_HAL_Driver/Src/stm32f4xx_hal_flash_ex.c ****   {
 998              		.loc 1 322 6 view .LVU274
 999 0048 13F0080F 		tst	r3, #8
 1000 004c 11D1     		bne	.L101
 1001              	.L91:
 328:Drivers/STM32F4xx_HAL_Driver/Src/stm32f4xx_hal_flash_ex.c **** 
 1002              		.loc 1 328 3 is_stmt 1 view .LVU275
 328:Drivers/STM32F4xx_HAL_Driver/Src/stm32f4xx_hal_flash_ex.c **** 
 1003              		.loc 1 328 3 view .LVU276
 1004 004e 0C4B     		ldr	r3, .L102
 1005 0050 0022     		movs	r2, #0
 1006 0052 1A76     		strb	r2, [r3, #24]
ARM GAS  C:\msys64\tmp\ccTz5ysZ.s 			page 45


 328:Drivers/STM32F4xx_HAL_Driver/Src/stm32f4xx_hal_flash_ex.c **** 
 1007              		.loc 1 328 3 view .LVU277
 330:Drivers/STM32F4xx_HAL_Driver/Src/stm32f4xx_hal_flash_ex.c **** }
 1008              		.loc 1 330 3 view .LVU278
 331:Drivers/STM32F4xx_HAL_Driver/Src/stm32f4xx_hal_flash_ex.c **** 
 1009              		.loc 1 331 1 is_stmt 0 view .LVU279
 1010 0054 10BD     		pop	{r4, pc}
 1011              	.LVL61:
 1012              	.L99:
 310:Drivers/STM32F4xx_HAL_Driver/Src/stm32f4xx_hal_flash_ex.c ****   }
 1013              		.loc 1 310 5 is_stmt 1 view .LVU280
 310:Drivers/STM32F4xx_HAL_Driver/Src/stm32f4xx_hal_flash_ex.c ****   }
 1014              		.loc 1 310 14 is_stmt 0 view .LVU281
 1015 0056 207C     		ldrb	r0, [r4, #16]	@ zero_extendqisi2
 1016              	.LVL62:
 310:Drivers/STM32F4xx_HAL_Driver/Src/stm32f4xx_hal_flash_ex.c ****   }
 1017              		.loc 1 310 14 view .LVU282
 1018 0058 FFF7FEFF 		bl	FLASH_OB_RDP_LevelConfig
 1019              	.LVL63:
 310:Drivers/STM32F4xx_HAL_Driver/Src/stm32f4xx_hal_flash_ex.c ****   }
 1020              		.loc 1 310 14 view .LVU283
 1021 005c EFE7     		b	.L89
 1022              	.L100:
 316:Drivers/STM32F4xx_HAL_Driver/Src/stm32f4xx_hal_flash_ex.c ****                                  pOBInit->USERConfig & OB_STOP_NO_RST,
 1023              		.loc 1 316 5 is_stmt 1 view .LVU284
 316:Drivers/STM32F4xx_HAL_Driver/Src/stm32f4xx_hal_flash_ex.c ****                                  pOBInit->USERConfig & OB_STOP_NO_RST,
 1024              		.loc 1 316 41 is_stmt 0 view .LVU285
 1025 005e 207E     		ldrb	r0, [r4, #24]	@ zero_extendqisi2
 1026              	.LVL64:
 316:Drivers/STM32F4xx_HAL_Driver/Src/stm32f4xx_hal_flash_ex.c ****                                  pOBInit->USERConfig & OB_STOP_NO_RST,
 1027              		.loc 1 316 14 view .LVU286
 1028 0060 00F08002 		and	r2, r0, #128
 1029 0064 00F04001 		and	r1, r0, #64
 1030 0068 00F02000 		and	r0, r0, #32
 1031 006c FFF7FEFF 		bl	FLASH_OB_UserConfig
 1032              	.LVL65:
 316:Drivers/STM32F4xx_HAL_Driver/Src/stm32f4xx_hal_flash_ex.c ****                                  pOBInit->USERConfig & OB_STOP_NO_RST,
 1033              		.loc 1 316 14 view .LVU287
 1034 0070 E9E7     		b	.L90
 1035              	.L101:
 324:Drivers/STM32F4xx_HAL_Driver/Src/stm32f4xx_hal_flash_ex.c ****   }
 1036              		.loc 1 324 5 is_stmt 1 view .LVU288
 324:Drivers/STM32F4xx_HAL_Driver/Src/stm32f4xx_hal_flash_ex.c ****   }
 1037              		.loc 1 324 14 is_stmt 0 view .LVU289
 1038 0072 207D     		ldrb	r0, [r4, #20]	@ zero_extendqisi2
 1039              	.LVL66:
 324:Drivers/STM32F4xx_HAL_Driver/Src/stm32f4xx_hal_flash_ex.c ****   }
 1040              		.loc 1 324 14 view .LVU290
 1041 0074 FFF7FEFF 		bl	FLASH_OB_BOR_LevelConfig
 1042              	.LVL67:
 324:Drivers/STM32F4xx_HAL_Driver/Src/stm32f4xx_hal_flash_ex.c ****   }
 1043              		.loc 1 324 14 view .LVU291
 1044 0078 E9E7     		b	.L91
 1045              	.LVL68:
 1046              	.L92:
 1047              	.LCFI8:
 1048              		.cfi_def_cfa_offset 0
ARM GAS  C:\msys64\tmp\ccTz5ysZ.s 			page 46


 1049              		.cfi_restore 4
 1050              		.cfi_restore 14
 286:Drivers/STM32F4xx_HAL_Driver/Src/stm32f4xx_hal_flash_ex.c **** 
 1051              		.loc 1 286 3 view .LVU292
 1052 007a 0220     		movs	r0, #2
 1053              	.LVL69:
 331:Drivers/STM32F4xx_HAL_Driver/Src/stm32f4xx_hal_flash_ex.c **** 
 1054              		.loc 1 331 1 view .LVU293
 1055 007c 7047     		bx	lr
 1056              	.L103:
 1057 007e 00BF     		.align	2
 1058              	.L102:
 1059 0080 00000000 		.word	pFlash
 1060              		.cfi_endproc
 1061              	.LFE136:
 1063              		.section	.text.HAL_FLASHEx_OBGetConfig,"ax",%progbits
 1064              		.align	1
 1065              		.global	HAL_FLASHEx_OBGetConfig
 1066              		.syntax unified
 1067              		.thumb
 1068              		.thumb_func
 1070              	HAL_FLASHEx_OBGetConfig:
 1071              	.LVL70:
 1072              	.LFB137:
 341:Drivers/STM32F4xx_HAL_Driver/Src/stm32f4xx_hal_flash_ex.c ****   pOBInit->OptionType = OPTIONBYTE_WRP | OPTIONBYTE_RDP | OPTIONBYTE_USER | OPTIONBYTE_BOR;
 1073              		.loc 1 341 1 is_stmt 1 view -0
 1074              		.cfi_startproc
 1075              		@ args = 0, pretend = 0, frame = 0
 1076              		@ frame_needed = 0, uses_anonymous_args = 0
 341:Drivers/STM32F4xx_HAL_Driver/Src/stm32f4xx_hal_flash_ex.c ****   pOBInit->OptionType = OPTIONBYTE_WRP | OPTIONBYTE_RDP | OPTIONBYTE_USER | OPTIONBYTE_BOR;
 1077              		.loc 1 341 1 is_stmt 0 view .LVU295
 1078 0000 10B5     		push	{r4, lr}
 1079              	.LCFI9:
 1080              		.cfi_def_cfa_offset 8
 1081              		.cfi_offset 4, -8
 1082              		.cfi_offset 14, -4
 1083 0002 0446     		mov	r4, r0
 342:Drivers/STM32F4xx_HAL_Driver/Src/stm32f4xx_hal_flash_ex.c **** 
 1084              		.loc 1 342 3 is_stmt 1 view .LVU296
 342:Drivers/STM32F4xx_HAL_Driver/Src/stm32f4xx_hal_flash_ex.c **** 
 1085              		.loc 1 342 23 is_stmt 0 view .LVU297
 1086 0004 0F23     		movs	r3, #15
 1087 0006 0360     		str	r3, [r0]
 345:Drivers/STM32F4xx_HAL_Driver/Src/stm32f4xx_hal_flash_ex.c **** 
 1088              		.loc 1 345 3 is_stmt 1 view .LVU298
 345:Drivers/STM32F4xx_HAL_Driver/Src/stm32f4xx_hal_flash_ex.c **** 
 1089              		.loc 1 345 34 is_stmt 0 view .LVU299
 1090 0008 FFF7FEFF 		bl	FLASH_OB_GetWRP
 1091              	.LVL71:
 345:Drivers/STM32F4xx_HAL_Driver/Src/stm32f4xx_hal_flash_ex.c **** 
 1092              		.loc 1 345 22 view .LVU300
 1093 000c A060     		str	r0, [r4, #8]
 348:Drivers/STM32F4xx_HAL_Driver/Src/stm32f4xx_hal_flash_ex.c **** 
 1094              		.loc 1 348 3 is_stmt 1 view .LVU301
 348:Drivers/STM32F4xx_HAL_Driver/Src/stm32f4xx_hal_flash_ex.c **** 
 1095              		.loc 1 348 33 is_stmt 0 view .LVU302
 1096 000e FFF7FEFF 		bl	FLASH_OB_GetRDP
ARM GAS  C:\msys64\tmp\ccTz5ysZ.s 			page 47


 1097              	.LVL72:
 348:Drivers/STM32F4xx_HAL_Driver/Src/stm32f4xx_hal_flash_ex.c **** 
 1098              		.loc 1 348 21 view .LVU303
 1099 0012 2061     		str	r0, [r4, #16]
 351:Drivers/STM32F4xx_HAL_Driver/Src/stm32f4xx_hal_flash_ex.c **** 
 1100              		.loc 1 351 3 is_stmt 1 view .LVU304
 351:Drivers/STM32F4xx_HAL_Driver/Src/stm32f4xx_hal_flash_ex.c **** 
 1101              		.loc 1 351 34 is_stmt 0 view .LVU305
 1102 0014 FFF7FEFF 		bl	FLASH_OB_GetUser
 1103              	.LVL73:
 351:Drivers/STM32F4xx_HAL_Driver/Src/stm32f4xx_hal_flash_ex.c **** 
 1104              		.loc 1 351 23 view .LVU306
 1105 0018 2076     		strb	r0, [r4, #24]
 354:Drivers/STM32F4xx_HAL_Driver/Src/stm32f4xx_hal_flash_ex.c **** }
 1106              		.loc 1 354 3 is_stmt 1 view .LVU307
 354:Drivers/STM32F4xx_HAL_Driver/Src/stm32f4xx_hal_flash_ex.c **** }
 1107              		.loc 1 354 33 is_stmt 0 view .LVU308
 1108 001a FFF7FEFF 		bl	FLASH_OB_GetBOR
 1109              	.LVL74:
 354:Drivers/STM32F4xx_HAL_Driver/Src/stm32f4xx_hal_flash_ex.c **** }
 1110              		.loc 1 354 21 view .LVU309
 1111 001e 6061     		str	r0, [r4, #20]
 355:Drivers/STM32F4xx_HAL_Driver/Src/stm32f4xx_hal_flash_ex.c **** 
 1112              		.loc 1 355 1 view .LVU310
 1113 0020 10BD     		pop	{r4, pc}
 355:Drivers/STM32F4xx_HAL_Driver/Src/stm32f4xx_hal_flash_ex.c **** 
 1114              		.loc 1 355 1 view .LVU311
 1115              		.cfi_endproc
 1116              	.LFE137:
 1118              		.section	.text.HAL_FLASHEx_AdvOBProgram,"ax",%progbits
 1119              		.align	1
 1120              		.global	HAL_FLASHEx_AdvOBProgram
 1121              		.syntax unified
 1122              		.thumb
 1123              		.thumb_func
 1125              	HAL_FLASHEx_AdvOBProgram:
 1126              	.LVL75:
 1127              	.LFB138:
 370:Drivers/STM32F4xx_HAL_Driver/Src/stm32f4xx_hal_flash_ex.c ****   HAL_StatusTypeDef status = HAL_ERROR;
 1128              		.loc 1 370 1 is_stmt 1 view -0
 1129              		.cfi_startproc
 1130              		@ args = 0, pretend = 0, frame = 0
 1131              		@ frame_needed = 0, uses_anonymous_args = 0
 370:Drivers/STM32F4xx_HAL_Driver/Src/stm32f4xx_hal_flash_ex.c ****   HAL_StatusTypeDef status = HAL_ERROR;
 1132              		.loc 1 370 1 is_stmt 0 view .LVU313
 1133 0000 10B5     		push	{r4, lr}
 1134              	.LCFI10:
 1135              		.cfi_def_cfa_offset 8
 1136              		.cfi_offset 4, -8
 1137              		.cfi_offset 14, -4
 1138 0002 0446     		mov	r4, r0
 371:Drivers/STM32F4xx_HAL_Driver/Src/stm32f4xx_hal_flash_ex.c **** 
 1139              		.loc 1 371 3 is_stmt 1 view .LVU314
 1140              	.LVL76:
 374:Drivers/STM32F4xx_HAL_Driver/Src/stm32f4xx_hal_flash_ex.c **** 
 1141              		.loc 1 374 3 view .LVU315
 377:Drivers/STM32F4xx_HAL_Driver/Src/stm32f4xx_hal_flash_ex.c ****   {
ARM GAS  C:\msys64\tmp\ccTz5ysZ.s 			page 48


 1142              		.loc 1 377 3 view .LVU316
 377:Drivers/STM32F4xx_HAL_Driver/Src/stm32f4xx_hal_flash_ex.c ****   {
 1143              		.loc 1 377 19 is_stmt 0 view .LVU317
 1144 0004 0368     		ldr	r3, [r0]
 377:Drivers/STM32F4xx_HAL_Driver/Src/stm32f4xx_hal_flash_ex.c ****   {
 1145              		.loc 1 377 6 view .LVU318
 1146 0006 13F0010F 		tst	r3, #1
 1147 000a 0ED0     		beq	.L110
 380:Drivers/STM32F4xx_HAL_Driver/Src/stm32f4xx_hal_flash_ex.c ****     if ((pAdvOBInit->PCROPState) == OB_PCROP_STATE_ENABLE)
 1148              		.loc 1 380 5 is_stmt 1 view .LVU319
 381:Drivers/STM32F4xx_HAL_Driver/Src/stm32f4xx_hal_flash_ex.c ****     {
 1149              		.loc 1 381 5 view .LVU320
 381:Drivers/STM32F4xx_HAL_Driver/Src/stm32f4xx_hal_flash_ex.c ****     {
 1150              		.loc 1 381 20 is_stmt 0 view .LVU321
 1151 000c 4368     		ldr	r3, [r0, #4]
 381:Drivers/STM32F4xx_HAL_Driver/Src/stm32f4xx_hal_flash_ex.c ****     {
 1152              		.loc 1 381 8 view .LVU322
 1153 000e 012B     		cmp	r3, #1
 1154 0010 05D0     		beq	.L112
 401:Drivers/STM32F4xx_HAL_Driver/Src/stm32f4xx_hal_flash_ex.c **** #endif /* STM32F401xC || STM32F401xE || STM32F410xx || STM32F411xE || STM32F446xx || STM32F412Zx ||
 1155              		.loc 1 401 7 is_stmt 1 view .LVU323
 401:Drivers/STM32F4xx_HAL_Driver/Src/stm32f4xx_hal_flash_ex.c **** #endif /* STM32F401xC || STM32F401xE || STM32F410xx || STM32F411xE || STM32F446xx || STM32F412Zx ||
 1156              		.loc 1 401 16 is_stmt 0 view .LVU324
 1157 0012 8268     		ldr	r2, [r0, #8]
 1158 0014 C189     		ldrh	r1, [r0, #14]
 1159 0016 8089     		ldrh	r0, [r0, #12]
 1160              	.LVL77:
 401:Drivers/STM32F4xx_HAL_Driver/Src/stm32f4xx_hal_flash_ex.c **** #endif /* STM32F401xC || STM32F401xE || STM32F410xx || STM32F411xE || STM32F446xx || STM32F412Zx ||
 1161              		.loc 1 401 16 view .LVU325
 1162 0018 FFF7FEFF 		bl	FLASH_OB_DisablePCROP
 1163              	.LVL78:
 401:Drivers/STM32F4xx_HAL_Driver/Src/stm32f4xx_hal_flash_ex.c **** #endif /* STM32F401xC || STM32F401xE || STM32F410xx || STM32F411xE || STM32F446xx || STM32F412Zx ||
 1164              		.loc 1 401 16 view .LVU326
 1165 001c 06E0     		b	.L107
 1166              	.LVL79:
 1167              	.L112:
 389:Drivers/STM32F4xx_HAL_Driver/Src/stm32f4xx_hal_flash_ex.c **** #endif /* STM32F401xC || STM32F401xE || STM32F410xx || STM32F411xE || STM32F446xx || STM32F412Zx ||
 1168              		.loc 1 389 7 is_stmt 1 view .LVU327
 389:Drivers/STM32F4xx_HAL_Driver/Src/stm32f4xx_hal_flash_ex.c **** #endif /* STM32F401xC || STM32F401xE || STM32F410xx || STM32F411xE || STM32F446xx || STM32F412Zx ||
 1169              		.loc 1 389 16 is_stmt 0 view .LVU328
 1170 001e 8268     		ldr	r2, [r0, #8]
 1171 0020 C189     		ldrh	r1, [r0, #14]
 1172 0022 8089     		ldrh	r0, [r0, #12]
 1173              	.LVL80:
 389:Drivers/STM32F4xx_HAL_Driver/Src/stm32f4xx_hal_flash_ex.c **** #endif /* STM32F401xC || STM32F401xE || STM32F410xx || STM32F411xE || STM32F446xx || STM32F412Zx ||
 1174              		.loc 1 389 16 view .LVU329
 1175 0024 FFF7FEFF 		bl	FLASH_OB_EnablePCROP
 1176              	.LVL81:
 389:Drivers/STM32F4xx_HAL_Driver/Src/stm32f4xx_hal_flash_ex.c **** #endif /* STM32F401xC || STM32F401xE || STM32F410xx || STM32F411xE || STM32F446xx || STM32F412Zx ||
 1177              		.loc 1 389 16 view .LVU330
 1178 0028 00E0     		b	.L107
 1179              	.LVL82:
 1180              	.L110:
 371:Drivers/STM32F4xx_HAL_Driver/Src/stm32f4xx_hal_flash_ex.c **** 
 1181              		.loc 1 371 21 view .LVU331
 1182 002a 0120     		movs	r0, #1
 1183              	.LVL83:
ARM GAS  C:\msys64\tmp\ccTz5ysZ.s 			page 49


 1184              	.L107:
 409:Drivers/STM32F4xx_HAL_Driver/Src/stm32f4xx_hal_flash_ex.c ****   {
 1185              		.loc 1 409 3 is_stmt 1 view .LVU332
 409:Drivers/STM32F4xx_HAL_Driver/Src/stm32f4xx_hal_flash_ex.c ****   {
 1186              		.loc 1 409 19 is_stmt 0 view .LVU333
 1187 002c 2368     		ldr	r3, [r4]
 409:Drivers/STM32F4xx_HAL_Driver/Src/stm32f4xx_hal_flash_ex.c ****   {
 1188              		.loc 1 409 6 view .LVU334
 1189 002e 13F0020F 		tst	r3, #2
 1190 0032 00D1     		bne	.L113
 1191              	.L109:
 415:Drivers/STM32F4xx_HAL_Driver/Src/stm32f4xx_hal_flash_ex.c **** }
 1192              		.loc 1 415 3 is_stmt 1 view .LVU335
 416:Drivers/STM32F4xx_HAL_Driver/Src/stm32f4xx_hal_flash_ex.c **** 
 1193              		.loc 1 416 1 is_stmt 0 view .LVU336
 1194 0034 10BD     		pop	{r4, pc}
 1195              	.LVL84:
 1196              	.L113:
 411:Drivers/STM32F4xx_HAL_Driver/Src/stm32f4xx_hal_flash_ex.c ****   }
 1197              		.loc 1 411 5 is_stmt 1 view .LVU337
 411:Drivers/STM32F4xx_HAL_Driver/Src/stm32f4xx_hal_flash_ex.c ****   }
 1198              		.loc 1 411 14 is_stmt 0 view .LVU338
 1199 0036 207C     		ldrb	r0, [r4, #16]	@ zero_extendqisi2
 1200              	.LVL85:
 411:Drivers/STM32F4xx_HAL_Driver/Src/stm32f4xx_hal_flash_ex.c ****   }
 1201              		.loc 1 411 14 view .LVU339
 1202 0038 FFF7FEFF 		bl	FLASH_OB_BootConfig
 1203              	.LVL86:
 411:Drivers/STM32F4xx_HAL_Driver/Src/stm32f4xx_hal_flash_ex.c ****   }
 1204              		.loc 1 411 14 view .LVU340
 1205 003c FAE7     		b	.L109
 1206              		.cfi_endproc
 1207              	.LFE138:
 1209              		.section	.text.HAL_FLASHEx_AdvOBGetConfig,"ax",%progbits
 1210              		.align	1
 1211              		.global	HAL_FLASHEx_AdvOBGetConfig
 1212              		.syntax unified
 1213              		.thumb
 1214              		.thumb_func
 1216              	HAL_FLASHEx_AdvOBGetConfig:
 1217              	.LVL87:
 1218              	.LFB139:
 426:Drivers/STM32F4xx_HAL_Driver/Src/stm32f4xx_hal_flash_ex.c **** #if defined(STM32F401xC) || defined(STM32F401xE) || defined(STM32F410Tx) || defined(STM32F410Cx) ||
 1219              		.loc 1 426 1 is_stmt 1 view -0
 1220              		.cfi_startproc
 1221              		@ args = 0, pretend = 0, frame = 0
 1222              		@ frame_needed = 0, uses_anonymous_args = 0
 1223              		@ link register save eliminated.
 434:Drivers/STM32F4xx_HAL_Driver/Src/stm32f4xx_hal_flash_ex.c **** 
 1224              		.loc 1 434 3 view .LVU342
 434:Drivers/STM32F4xx_HAL_Driver/Src/stm32f4xx_hal_flash_ex.c **** 
 1225              		.loc 1 434 31 is_stmt 0 view .LVU343
 1226 0000 034B     		ldr	r3, .L115
 1227 0002 DA8A     		ldrh	r2, [r3, #22]
 434:Drivers/STM32F4xx_HAL_Driver/Src/stm32f4xx_hal_flash_ex.c **** 
 1228              		.loc 1 434 28 view .LVU344
 1229 0004 8281     		strh	r2, [r0, #12]	@ movhi
ARM GAS  C:\msys64\tmp\ccTz5ysZ.s 			page 50


 437:Drivers/STM32F4xx_HAL_Driver/Src/stm32f4xx_hal_flash_ex.c **** 
 1230              		.loc 1 437 3 is_stmt 1 view .LVU345
 437:Drivers/STM32F4xx_HAL_Driver/Src/stm32f4xx_hal_flash_ex.c **** 
 1231              		.loc 1 437 31 is_stmt 0 view .LVU346
 1232 0006 5A8B     		ldrh	r2, [r3, #26]
 437:Drivers/STM32F4xx_HAL_Driver/Src/stm32f4xx_hal_flash_ex.c **** 
 1233              		.loc 1 437 28 view .LVU347
 1234 0008 C281     		strh	r2, [r0, #14]	@ movhi
 440:Drivers/STM32F4xx_HAL_Driver/Src/stm32f4xx_hal_flash_ex.c **** #endif /* STM32F401xC || STM32F401xE || STM32F410xx || STM32F411xE || STM32F446xx || STM32F412Zx ||
 1235              		.loc 1 440 3 is_stmt 1 view .LVU348
 440:Drivers/STM32F4xx_HAL_Driver/Src/stm32f4xx_hal_flash_ex.c **** #endif /* STM32F401xC || STM32F401xE || STM32F410xx || STM32F411xE || STM32F446xx || STM32F412Zx ||
 1236              		.loc 1 440 28 is_stmt 0 view .LVU349
 1237 000a 1B7D     		ldrb	r3, [r3, #20]	@ zero_extendqisi2
 440:Drivers/STM32F4xx_HAL_Driver/Src/stm32f4xx_hal_flash_ex.c **** #endif /* STM32F401xC || STM32F401xE || STM32F410xx || STM32F411xE || STM32F446xx || STM32F412Zx ||
 1238              		.loc 1 440 26 view .LVU350
 1239 000c 0374     		strb	r3, [r0, #16]
 443:Drivers/STM32F4xx_HAL_Driver/Src/stm32f4xx_hal_flash_ex.c **** 
 1240              		.loc 1 443 1 view .LVU351
 1241 000e 7047     		bx	lr
 1242              	.L116:
 1243              		.align	2
 1244              	.L115:
 1245 0010 003C0240 		.word	1073888256
 1246              		.cfi_endproc
 1247              	.LFE139:
 1249              		.section	.text.HAL_FLASHEx_OB_SelectPCROP,"ax",%progbits
 1250              		.align	1
 1251              		.global	HAL_FLASHEx_OB_SelectPCROP
 1252              		.syntax unified
 1253              		.thumb
 1254              		.thumb_func
 1256              	HAL_FLASHEx_OB_SelectPCROP:
 1257              	.LFB140:
 458:Drivers/STM32F4xx_HAL_Driver/Src/stm32f4xx_hal_flash_ex.c ****   uint8_t optiontmp;
 1258              		.loc 1 458 1 is_stmt 1 view -0
 1259              		.cfi_startproc
 1260              		@ args = 0, pretend = 0, frame = 0
 1261              		@ frame_needed = 0, uses_anonymous_args = 0
 1262              		@ link register save eliminated.
 459:Drivers/STM32F4xx_HAL_Driver/Src/stm32f4xx_hal_flash_ex.c **** 
 1263              		.loc 1 459 3 view .LVU353
 462:Drivers/STM32F4xx_HAL_Driver/Src/stm32f4xx_hal_flash_ex.c **** 
 1264              		.loc 1 462 3 view .LVU354
 462:Drivers/STM32F4xx_HAL_Driver/Src/stm32f4xx_hal_flash_ex.c **** 
 1265              		.loc 1 462 64 is_stmt 0 view .LVU355
 1266 0000 034A     		ldr	r2, .L118
 1267 0002 D37D     		ldrb	r3, [r2, #23]	@ zero_extendqisi2
 1268              	.LVL88:
 465:Drivers/STM32F4xx_HAL_Driver/Src/stm32f4xx_hal_flash_ex.c **** 
 1269              		.loc 1 465 3 is_stmt 1 view .LVU356
 465:Drivers/STM32F4xx_HAL_Driver/Src/stm32f4xx_hal_flash_ex.c **** 
 1270              		.loc 1 465 42 is_stmt 0 view .LVU357
 1271 0004 43F08003 		orr	r3, r3, #128
 1272              	.LVL89:
 465:Drivers/STM32F4xx_HAL_Driver/Src/stm32f4xx_hal_flash_ex.c **** 
 1273              		.loc 1 465 40 view .LVU358
 1274 0008 D375     		strb	r3, [r2, #23]
ARM GAS  C:\msys64\tmp\ccTz5ysZ.s 			page 51


 467:Drivers/STM32F4xx_HAL_Driver/Src/stm32f4xx_hal_flash_ex.c **** }
 1275              		.loc 1 467 3 is_stmt 1 view .LVU359
 468:Drivers/STM32F4xx_HAL_Driver/Src/stm32f4xx_hal_flash_ex.c **** 
 1276              		.loc 1 468 1 is_stmt 0 view .LVU360
 1277 000a 0020     		movs	r0, #0
 1278 000c 7047     		bx	lr
 1279              	.L119:
 1280 000e 00BF     		.align	2
 1281              	.L118:
 1282 0010 003C0240 		.word	1073888256
 1283              		.cfi_endproc
 1284              	.LFE140:
 1286              		.section	.text.HAL_FLASHEx_OB_DeSelectPCROP,"ax",%progbits
 1287              		.align	1
 1288              		.global	HAL_FLASHEx_OB_DeSelectPCROP
 1289              		.syntax unified
 1290              		.thumb
 1291              		.thumb_func
 1293              	HAL_FLASHEx_OB_DeSelectPCROP:
 1294              	.LFB141:
 483:Drivers/STM32F4xx_HAL_Driver/Src/stm32f4xx_hal_flash_ex.c ****   uint8_t optiontmp;
 1295              		.loc 1 483 1 is_stmt 1 view -0
 1296              		.cfi_startproc
 1297              		@ args = 0, pretend = 0, frame = 0
 1298              		@ frame_needed = 0, uses_anonymous_args = 0
 1299              		@ link register save eliminated.
 484:Drivers/STM32F4xx_HAL_Driver/Src/stm32f4xx_hal_flash_ex.c **** 
 1300              		.loc 1 484 3 view .LVU362
 487:Drivers/STM32F4xx_HAL_Driver/Src/stm32f4xx_hal_flash_ex.c **** 
 1301              		.loc 1 487 3 view .LVU363
 487:Drivers/STM32F4xx_HAL_Driver/Src/stm32f4xx_hal_flash_ex.c **** 
 1302              		.loc 1 487 64 is_stmt 0 view .LVU364
 1303 0000 034A     		ldr	r2, .L121
 1304 0002 D37D     		ldrb	r3, [r2, #23]	@ zero_extendqisi2
 487:Drivers/STM32F4xx_HAL_Driver/Src/stm32f4xx_hal_flash_ex.c **** 
 1305              		.loc 1 487 13 view .LVU365
 1306 0004 03F07F03 		and	r3, r3, #127
 1307              	.LVL90:
 490:Drivers/STM32F4xx_HAL_Driver/Src/stm32f4xx_hal_flash_ex.c **** 
 1308              		.loc 1 490 3 is_stmt 1 view .LVU366
 490:Drivers/STM32F4xx_HAL_Driver/Src/stm32f4xx_hal_flash_ex.c **** 
 1309              		.loc 1 490 40 is_stmt 0 view .LVU367
 1310 0008 D375     		strb	r3, [r2, #23]
 492:Drivers/STM32F4xx_HAL_Driver/Src/stm32f4xx_hal_flash_ex.c **** }
 1311              		.loc 1 492 3 is_stmt 1 view .LVU368
 493:Drivers/STM32F4xx_HAL_Driver/Src/stm32f4xx_hal_flash_ex.c **** #endif /* STM32F427xx || STM32F437xx || STM32F429xx || STM32F439xx || STM32F401xC || STM32F401xE ||
 1312              		.loc 1 493 1 is_stmt 0 view .LVU369
 1313 000a 0020     		movs	r0, #0
 1314 000c 7047     		bx	lr
 1315              	.L122:
 1316 000e 00BF     		.align	2
 1317              	.L121:
 1318 0010 003C0240 		.word	1073888256
 1319              		.cfi_endproc
 1320              	.LFE141:
 1322              		.section	.text.HAL_FLASHEx_OB_GetBank2WRP,"ax",%progbits
 1323              		.align	1
ARM GAS  C:\msys64\tmp\ccTz5ysZ.s 			page 52


 1324              		.global	HAL_FLASHEx_OB_GetBank2WRP
 1325              		.syntax unified
 1326              		.thumb
 1327              		.thumb_func
 1329              	HAL_FLASHEx_OB_GetBank2WRP:
 1330              	.LFB142:
 505:Drivers/STM32F4xx_HAL_Driver/Src/stm32f4xx_hal_flash_ex.c ****   /* Return the FLASH write protection Register value */
 1331              		.loc 1 505 1 is_stmt 1 view -0
 1332              		.cfi_startproc
 1333              		@ args = 0, pretend = 0, frame = 0
 1334              		@ frame_needed = 0, uses_anonymous_args = 0
 1335              		@ link register save eliminated.
 507:Drivers/STM32F4xx_HAL_Driver/Src/stm32f4xx_hal_flash_ex.c **** }
 1336              		.loc 1 507 3 view .LVU371
 507:Drivers/STM32F4xx_HAL_Driver/Src/stm32f4xx_hal_flash_ex.c **** }
 1337              		.loc 1 507 11 is_stmt 0 view .LVU372
 1338 0000 014B     		ldr	r3, .L124
 1339 0002 588B     		ldrh	r0, [r3, #26]
 508:Drivers/STM32F4xx_HAL_Driver/Src/stm32f4xx_hal_flash_ex.c **** #endif /* STM32F427xx || STM32F437xx || STM32F429xx || STM32F439xx || STM32F469xx || STM32F479xx */
 1340              		.loc 1 508 1 view .LVU373
 1341 0004 80B2     		uxth	r0, r0
 1342 0006 7047     		bx	lr
 1343              	.L125:
 1344              		.align	2
 1345              	.L124:
 1346 0008 003C0240 		.word	1073888256
 1347              		.cfi_endproc
 1348              	.LFE142:
 1350              		.section	.text.FLASH_Erase_Sector,"ax",%progbits
 1351              		.align	1
 1352              		.global	FLASH_Erase_Sector
 1353              		.syntax unified
 1354              		.thumb
 1355              		.thumb_func
 1357              	FLASH_Erase_Sector:
 1358              	.LVL91:
 1359              	.LFB144:
 582:Drivers/STM32F4xx_HAL_Driver/Src/stm32f4xx_hal_flash_ex.c ****   uint32_t tmp_psize = 0U;
 1360              		.loc 1 582 1 is_stmt 1 view -0
 1361              		.cfi_startproc
 1362              		@ args = 0, pretend = 0, frame = 0
 1363              		@ frame_needed = 0, uses_anonymous_args = 0
 1364              		@ link register save eliminated.
 583:Drivers/STM32F4xx_HAL_Driver/Src/stm32f4xx_hal_flash_ex.c **** 
 1365              		.loc 1 583 3 view .LVU375
 586:Drivers/STM32F4xx_HAL_Driver/Src/stm32f4xx_hal_flash_ex.c ****   assert_param(IS_VOLTAGERANGE(VoltageRange));
 1366              		.loc 1 586 3 view .LVU376
 587:Drivers/STM32F4xx_HAL_Driver/Src/stm32f4xx_hal_flash_ex.c **** 
 1367              		.loc 1 587 3 view .LVU377
 589:Drivers/STM32F4xx_HAL_Driver/Src/stm32f4xx_hal_flash_ex.c ****   {
 1368              		.loc 1 589 3 view .LVU378
 1369 0000 0129     		cmp	r1, #1
 1370 0002 1ED0     		beq	.L129
 1371 0004 0229     		cmp	r1, #2
 1372 0006 1FD0     		beq	.L130
 1373 0008 09B1     		cbz	r1, .L127
 582:Drivers/STM32F4xx_HAL_Driver/Src/stm32f4xx_hal_flash_ex.c ****   uint32_t tmp_psize = 0U;
ARM GAS  C:\msys64\tmp\ccTz5ysZ.s 			page 53


 1374              		.loc 1 582 1 is_stmt 0 view .LVU379
 1375 000a 4FF44071 		mov	r1, #768
 1376              	.LVL92:
 1377              	.L127:
 607:Drivers/STM32F4xx_HAL_Driver/Src/stm32f4xx_hal_flash_ex.c ****   {
 1378              		.loc 1 607 3 is_stmt 1 view .LVU380
 607:Drivers/STM32F4xx_HAL_Driver/Src/stm32f4xx_hal_flash_ex.c ****   {
 1379              		.loc 1 607 6 is_stmt 0 view .LVU381
 1380 000e 0B28     		cmp	r0, #11
 1381 0010 00D9     		bls	.L128
 609:Drivers/STM32F4xx_HAL_Driver/Src/stm32f4xx_hal_flash_ex.c ****   }
 1382              		.loc 1 609 5 is_stmt 1 view .LVU382
 609:Drivers/STM32F4xx_HAL_Driver/Src/stm32f4xx_hal_flash_ex.c ****   }
 1383              		.loc 1 609 12 is_stmt 0 view .LVU383
 1384 0012 0430     		adds	r0, r0, #4
 1385              	.LVL93:
 1386              	.L128:
 612:Drivers/STM32F4xx_HAL_Driver/Src/stm32f4xx_hal_flash_ex.c ****   FLASH->CR |= tmp_psize;
 1387              		.loc 1 612 3 is_stmt 1 view .LVU384
 1388 0014 0E4B     		ldr	r3, .L132
 1389 0016 1A69     		ldr	r2, [r3, #16]
 1390 0018 22F44072 		bic	r2, r2, #768
 1391 001c 1A61     		str	r2, [r3, #16]
 613:Drivers/STM32F4xx_HAL_Driver/Src/stm32f4xx_hal_flash_ex.c ****   CLEAR_BIT(FLASH->CR, FLASH_CR_SNB);
 1392              		.loc 1 613 3 view .LVU385
 613:Drivers/STM32F4xx_HAL_Driver/Src/stm32f4xx_hal_flash_ex.c ****   CLEAR_BIT(FLASH->CR, FLASH_CR_SNB);
 1393              		.loc 1 613 13 is_stmt 0 view .LVU386
 1394 001e 1A69     		ldr	r2, [r3, #16]
 1395 0020 0A43     		orrs	r2, r2, r1
 1396 0022 1A61     		str	r2, [r3, #16]
 614:Drivers/STM32F4xx_HAL_Driver/Src/stm32f4xx_hal_flash_ex.c ****   FLASH->CR |= FLASH_CR_SER | (Sector << FLASH_CR_SNB_Pos);
 1397              		.loc 1 614 3 is_stmt 1 view .LVU387
 1398 0024 1A69     		ldr	r2, [r3, #16]
 1399 0026 22F0F802 		bic	r2, r2, #248
 1400 002a 1A61     		str	r2, [r3, #16]
 615:Drivers/STM32F4xx_HAL_Driver/Src/stm32f4xx_hal_flash_ex.c ****   FLASH->CR |= FLASH_CR_STRT;
 1401              		.loc 1 615 3 view .LVU388
 615:Drivers/STM32F4xx_HAL_Driver/Src/stm32f4xx_hal_flash_ex.c ****   FLASH->CR |= FLASH_CR_STRT;
 1402              		.loc 1 615 13 is_stmt 0 view .LVU389
 1403 002c 1A69     		ldr	r2, [r3, #16]
 1404 002e 42EAC002 		orr	r2, r2, r0, lsl #3
 1405 0032 42F00202 		orr	r2, r2, #2
 1406 0036 1A61     		str	r2, [r3, #16]
 616:Drivers/STM32F4xx_HAL_Driver/Src/stm32f4xx_hal_flash_ex.c **** }
 1407              		.loc 1 616 3 is_stmt 1 view .LVU390
 616:Drivers/STM32F4xx_HAL_Driver/Src/stm32f4xx_hal_flash_ex.c **** }
 1408              		.loc 1 616 13 is_stmt 0 view .LVU391
 1409 0038 1A69     		ldr	r2, [r3, #16]
 1410 003a 42F48032 		orr	r2, r2, #65536
 1411 003e 1A61     		str	r2, [r3, #16]
 617:Drivers/STM32F4xx_HAL_Driver/Src/stm32f4xx_hal_flash_ex.c **** 
 1412              		.loc 1 617 1 view .LVU392
 1413 0040 7047     		bx	lr
 1414              	.LVL94:
 1415              	.L129:
 582:Drivers/STM32F4xx_HAL_Driver/Src/stm32f4xx_hal_flash_ex.c ****   uint32_t tmp_psize = 0U;
 1416              		.loc 1 582 1 view .LVU393
ARM GAS  C:\msys64\tmp\ccTz5ysZ.s 			page 54


 1417 0042 4FF48071 		mov	r1, #256
 1418              	.LVL95:
 582:Drivers/STM32F4xx_HAL_Driver/Src/stm32f4xx_hal_flash_ex.c ****   uint32_t tmp_psize = 0U;
 1419              		.loc 1 582 1 view .LVU394
 1420 0046 E2E7     		b	.L127
 1421              	.LVL96:
 1422              	.L130:
 582:Drivers/STM32F4xx_HAL_Driver/Src/stm32f4xx_hal_flash_ex.c ****   uint32_t tmp_psize = 0U;
 1423              		.loc 1 582 1 view .LVU395
 1424 0048 4FF40071 		mov	r1, #512
 1425              	.LVL97:
 582:Drivers/STM32F4xx_HAL_Driver/Src/stm32f4xx_hal_flash_ex.c ****   uint32_t tmp_psize = 0U;
 1426              		.loc 1 582 1 view .LVU396
 1427 004c DFE7     		b	.L127
 1428              	.L133:
 1429 004e 00BF     		.align	2
 1430              	.L132:
 1431 0050 003C0240 		.word	1073888256
 1432              		.cfi_endproc
 1433              	.LFE144:
 1435              		.section	.text.HAL_FLASHEx_Erase_IT,"ax",%progbits
 1436              		.align	1
 1437              		.global	HAL_FLASHEx_Erase_IT
 1438              		.syntax unified
 1439              		.thumb
 1440              		.thumb_func
 1442              	HAL_FLASHEx_Erase_IT:
 1443              	.LVL98:
 1444              	.LFB135:
 232:Drivers/STM32F4xx_HAL_Driver/Src/stm32f4xx_hal_flash_ex.c ****   HAL_StatusTypeDef status = HAL_OK;
 1445              		.loc 1 232 1 is_stmt 1 view -0
 1446              		.cfi_startproc
 1447              		@ args = 0, pretend = 0, frame = 0
 1448              		@ frame_needed = 0, uses_anonymous_args = 0
 232:Drivers/STM32F4xx_HAL_Driver/Src/stm32f4xx_hal_flash_ex.c ****   HAL_StatusTypeDef status = HAL_OK;
 1449              		.loc 1 232 1 is_stmt 0 view .LVU398
 1450 0000 08B5     		push	{r3, lr}
 1451              	.LCFI11:
 1452              		.cfi_def_cfa_offset 8
 1453              		.cfi_offset 3, -8
 1454              		.cfi_offset 14, -4
 233:Drivers/STM32F4xx_HAL_Driver/Src/stm32f4xx_hal_flash_ex.c **** 
 1455              		.loc 1 233 3 is_stmt 1 view .LVU399
 1456              	.LVL99:
 236:Drivers/STM32F4xx_HAL_Driver/Src/stm32f4xx_hal_flash_ex.c **** 
 1457              		.loc 1 236 3 view .LVU400
 239:Drivers/STM32F4xx_HAL_Driver/Src/stm32f4xx_hal_flash_ex.c **** 
 1458              		.loc 1 239 3 view .LVU401
 1459 0002 134B     		ldr	r3, .L139
 1460 0004 1A69     		ldr	r2, [r3, #16]
 1461 0006 42F08072 		orr	r2, r2, #16777216
 1462 000a 1A61     		str	r2, [r3, #16]
 242:Drivers/STM32F4xx_HAL_Driver/Src/stm32f4xx_hal_flash_ex.c **** 
 1463              		.loc 1 242 3 view .LVU402
 1464 000c 1A69     		ldr	r2, [r3, #16]
 1465 000e 42F00072 		orr	r2, r2, #33554432
 1466 0012 1A61     		str	r2, [r3, #16]
ARM GAS  C:\msys64\tmp\ccTz5ysZ.s 			page 55


 245:Drivers/STM32F4xx_HAL_Driver/Src/stm32f4xx_hal_flash_ex.c ****                          FLASH_FLAG_PGAERR | FLASH_FLAG_PGPERR | FLASH_FLAG_PGSERR);
 1467              		.loc 1 245 3 view .LVU403
 1468 0014 F322     		movs	r2, #243
 1469 0016 DA60     		str	r2, [r3, #12]
 248:Drivers/STM32F4xx_HAL_Driver/Src/stm32f4xx_hal_flash_ex.c ****   {
 1470              		.loc 1 248 3 view .LVU404
 248:Drivers/STM32F4xx_HAL_Driver/Src/stm32f4xx_hal_flash_ex.c ****   {
 1471              		.loc 1 248 17 is_stmt 0 view .LVU405
 1472 0018 0368     		ldr	r3, [r0]
 248:Drivers/STM32F4xx_HAL_Driver/Src/stm32f4xx_hal_flash_ex.c ****   {
 1473              		.loc 1 248 6 view .LVU406
 1474 001a 012B     		cmp	r3, #1
 1475 001c 0DD0     		beq	.L138
 260:Drivers/STM32F4xx_HAL_Driver/Src/stm32f4xx_hal_flash_ex.c **** 
 1476              		.loc 1 260 5 is_stmt 1 view .LVU407
 262:Drivers/STM32F4xx_HAL_Driver/Src/stm32f4xx_hal_flash_ex.c ****     pFlash.NbSectorsToErase = pEraseInit->NbSectors;
 1477              		.loc 1 262 5 view .LVU408
 262:Drivers/STM32F4xx_HAL_Driver/Src/stm32f4xx_hal_flash_ex.c ****     pFlash.NbSectorsToErase = pEraseInit->NbSectors;
 1478              		.loc 1 262 29 is_stmt 0 view .LVU409
 1479 001e 0D4B     		ldr	r3, .L139+4
 1480 0020 0122     		movs	r2, #1
 1481 0022 1A70     		strb	r2, [r3]
 263:Drivers/STM32F4xx_HAL_Driver/Src/stm32f4xx_hal_flash_ex.c ****     pFlash.Sector = pEraseInit->Sector;
 1482              		.loc 1 263 5 is_stmt 1 view .LVU410
 263:Drivers/STM32F4xx_HAL_Driver/Src/stm32f4xx_hal_flash_ex.c ****     pFlash.Sector = pEraseInit->Sector;
 1483              		.loc 1 263 41 is_stmt 0 view .LVU411
 1484 0024 C268     		ldr	r2, [r0, #12]
 263:Drivers/STM32F4xx_HAL_Driver/Src/stm32f4xx_hal_flash_ex.c ****     pFlash.Sector = pEraseInit->Sector;
 1485              		.loc 1 263 29 view .LVU412
 1486 0026 5A60     		str	r2, [r3, #4]
 264:Drivers/STM32F4xx_HAL_Driver/Src/stm32f4xx_hal_flash_ex.c ****     pFlash.VoltageForErase = (uint8_t)pEraseInit->VoltageRange;
 1487              		.loc 1 264 5 is_stmt 1 view .LVU413
 264:Drivers/STM32F4xx_HAL_Driver/Src/stm32f4xx_hal_flash_ex.c ****     pFlash.VoltageForErase = (uint8_t)pEraseInit->VoltageRange;
 1488              		.loc 1 264 31 is_stmt 0 view .LVU414
 1489 0028 8268     		ldr	r2, [r0, #8]
 264:Drivers/STM32F4xx_HAL_Driver/Src/stm32f4xx_hal_flash_ex.c ****     pFlash.VoltageForErase = (uint8_t)pEraseInit->VoltageRange;
 1490              		.loc 1 264 19 view .LVU415
 1491 002a DA60     		str	r2, [r3, #12]
 265:Drivers/STM32F4xx_HAL_Driver/Src/stm32f4xx_hal_flash_ex.c **** 
 1492              		.loc 1 265 5 is_stmt 1 view .LVU416
 265:Drivers/STM32F4xx_HAL_Driver/Src/stm32f4xx_hal_flash_ex.c **** 
 1493              		.loc 1 265 30 is_stmt 0 view .LVU417
 1494 002c 017C     		ldrb	r1, [r0, #16]	@ zero_extendqisi2
 265:Drivers/STM32F4xx_HAL_Driver/Src/stm32f4xx_hal_flash_ex.c **** 
 1495              		.loc 1 265 28 view .LVU418
 1496 002e 1972     		strb	r1, [r3, #8]
 268:Drivers/STM32F4xx_HAL_Driver/Src/stm32f4xx_hal_flash_ex.c ****   }
 1497              		.loc 1 268 5 is_stmt 1 view .LVU419
 1498 0030 8068     		ldr	r0, [r0, #8]
 1499              	.LVL100:
 268:Drivers/STM32F4xx_HAL_Driver/Src/stm32f4xx_hal_flash_ex.c ****   }
 1500              		.loc 1 268 5 is_stmt 0 view .LVU420
 1501 0032 FFF7FEFF 		bl	FLASH_Erase_Sector
 1502              	.LVL101:
 1503              	.L136:
 271:Drivers/STM32F4xx_HAL_Driver/Src/stm32f4xx_hal_flash_ex.c **** }
 1504              		.loc 1 271 3 is_stmt 1 view .LVU421
ARM GAS  C:\msys64\tmp\ccTz5ysZ.s 			page 56


 272:Drivers/STM32F4xx_HAL_Driver/Src/stm32f4xx_hal_flash_ex.c **** 
 1505              		.loc 1 272 1 is_stmt 0 view .LVU422
 1506 0036 0020     		movs	r0, #0
 1507 0038 08BD     		pop	{r3, pc}
 1508              	.LVL102:
 1509              	.L138:
 251:Drivers/STM32F4xx_HAL_Driver/Src/stm32f4xx_hal_flash_ex.c ****     pFlash.Bank = pEraseInit->Banks;
 1510              		.loc 1 251 5 is_stmt 1 view .LVU423
 251:Drivers/STM32F4xx_HAL_Driver/Src/stm32f4xx_hal_flash_ex.c ****     pFlash.Bank = pEraseInit->Banks;
 1511              		.loc 1 251 29 is_stmt 0 view .LVU424
 1512 003a 064B     		ldr	r3, .L139+4
 1513 003c 0222     		movs	r2, #2
 1514 003e 1A70     		strb	r2, [r3]
 252:Drivers/STM32F4xx_HAL_Driver/Src/stm32f4xx_hal_flash_ex.c ****     FLASH_MassErase((uint8_t) pEraseInit->VoltageRange, pEraseInit->Banks);
 1515              		.loc 1 252 5 is_stmt 1 view .LVU425
 252:Drivers/STM32F4xx_HAL_Driver/Src/stm32f4xx_hal_flash_ex.c ****     FLASH_MassErase((uint8_t) pEraseInit->VoltageRange, pEraseInit->Banks);
 1516              		.loc 1 252 29 is_stmt 0 view .LVU426
 1517 0040 4268     		ldr	r2, [r0, #4]
 252:Drivers/STM32F4xx_HAL_Driver/Src/stm32f4xx_hal_flash_ex.c ****     FLASH_MassErase((uint8_t) pEraseInit->VoltageRange, pEraseInit->Banks);
 1518              		.loc 1 252 17 view .LVU427
 1519 0042 1A61     		str	r2, [r3, #16]
 253:Drivers/STM32F4xx_HAL_Driver/Src/stm32f4xx_hal_flash_ex.c ****   }
 1520              		.loc 1 253 5 is_stmt 1 view .LVU428
 1521 0044 4168     		ldr	r1, [r0, #4]
 1522 0046 007C     		ldrb	r0, [r0, #16]	@ zero_extendqisi2
 1523              	.LVL103:
 253:Drivers/STM32F4xx_HAL_Driver/Src/stm32f4xx_hal_flash_ex.c ****   }
 1524              		.loc 1 253 5 is_stmt 0 view .LVU429
 1525 0048 FFF7FEFF 		bl	FLASH_MassErase
 1526              	.LVL104:
 1527 004c F3E7     		b	.L136
 1528              	.L140:
 1529 004e 00BF     		.align	2
 1530              	.L139:
 1531 0050 003C0240 		.word	1073888256
 1532 0054 00000000 		.word	pFlash
 1533              		.cfi_endproc
 1534              	.LFE135:
 1536              		.section	.text.FLASH_FlushCaches,"ax",%progbits
 1537              		.align	1
 1538              		.global	FLASH_FlushCaches
 1539              		.syntax unified
 1540              		.thumb
 1541              		.thumb_func
 1543              	FLASH_FlushCaches:
 1544              	.LFB157:
1301:Drivers/STM32F4xx_HAL_Driver/Src/stm32f4xx_hal_flash_ex.c **** 
1302:Drivers/STM32F4xx_HAL_Driver/Src/stm32f4xx_hal_flash_ex.c **** /**
1303:Drivers/STM32F4xx_HAL_Driver/Src/stm32f4xx_hal_flash_ex.c ****   * @brief  Flush the instruction and data caches
1304:Drivers/STM32F4xx_HAL_Driver/Src/stm32f4xx_hal_flash_ex.c ****   * @retval None
1305:Drivers/STM32F4xx_HAL_Driver/Src/stm32f4xx_hal_flash_ex.c ****   */
1306:Drivers/STM32F4xx_HAL_Driver/Src/stm32f4xx_hal_flash_ex.c **** void FLASH_FlushCaches(void)
1307:Drivers/STM32F4xx_HAL_Driver/Src/stm32f4xx_hal_flash_ex.c **** {
 1545              		.loc 1 1307 1 is_stmt 1 view -0
 1546              		.cfi_startproc
 1547              		@ args = 0, pretend = 0, frame = 0
 1548              		@ frame_needed = 0, uses_anonymous_args = 0
ARM GAS  C:\msys64\tmp\ccTz5ysZ.s 			page 57


 1549              		@ link register save eliminated.
1308:Drivers/STM32F4xx_HAL_Driver/Src/stm32f4xx_hal_flash_ex.c ****   /* Flush instruction cache  */
1309:Drivers/STM32F4xx_HAL_Driver/Src/stm32f4xx_hal_flash_ex.c ****   if (READ_BIT(FLASH->ACR, FLASH_ACR_ICEN) != RESET)
 1550              		.loc 1 1309 3 view .LVU431
 1551              		.loc 1 1309 7 is_stmt 0 view .LVU432
 1552 0000 164B     		ldr	r3, .L144
 1553 0002 1B68     		ldr	r3, [r3]
 1554              		.loc 1 1309 6 view .LVU433
 1555 0004 13F4007F 		tst	r3, #512
 1556 0008 10D0     		beq	.L142
1310:Drivers/STM32F4xx_HAL_Driver/Src/stm32f4xx_hal_flash_ex.c ****   {
1311:Drivers/STM32F4xx_HAL_Driver/Src/stm32f4xx_hal_flash_ex.c ****     /* Disable instruction cache  */
1312:Drivers/STM32F4xx_HAL_Driver/Src/stm32f4xx_hal_flash_ex.c ****     __HAL_FLASH_INSTRUCTION_CACHE_DISABLE();
 1557              		.loc 1 1312 5 is_stmt 1 view .LVU434
 1558 000a 144B     		ldr	r3, .L144
 1559 000c 1A68     		ldr	r2, [r3]
 1560 000e 22F40072 		bic	r2, r2, #512
 1561 0012 1A60     		str	r2, [r3]
1313:Drivers/STM32F4xx_HAL_Driver/Src/stm32f4xx_hal_flash_ex.c ****     /* Reset instruction cache */
1314:Drivers/STM32F4xx_HAL_Driver/Src/stm32f4xx_hal_flash_ex.c ****     __HAL_FLASH_INSTRUCTION_CACHE_RESET();
 1562              		.loc 1 1314 5 view .LVU435
 1563              		.loc 1 1314 5 view .LVU436
 1564 0014 1A68     		ldr	r2, [r3]
 1565 0016 42F40062 		orr	r2, r2, #2048
 1566 001a 1A60     		str	r2, [r3]
 1567              		.loc 1 1314 5 view .LVU437
 1568 001c 1A68     		ldr	r2, [r3]
 1569 001e 22F40062 		bic	r2, r2, #2048
 1570 0022 1A60     		str	r2, [r3]
 1571              		.loc 1 1314 5 view .LVU438
1315:Drivers/STM32F4xx_HAL_Driver/Src/stm32f4xx_hal_flash_ex.c ****     /* Enable instruction cache */
1316:Drivers/STM32F4xx_HAL_Driver/Src/stm32f4xx_hal_flash_ex.c ****     __HAL_FLASH_INSTRUCTION_CACHE_ENABLE();
 1572              		.loc 1 1316 5 view .LVU439
 1573 0024 1A68     		ldr	r2, [r3]
 1574 0026 42F40072 		orr	r2, r2, #512
 1575 002a 1A60     		str	r2, [r3]
 1576              	.L142:
1317:Drivers/STM32F4xx_HAL_Driver/Src/stm32f4xx_hal_flash_ex.c ****   }
1318:Drivers/STM32F4xx_HAL_Driver/Src/stm32f4xx_hal_flash_ex.c **** 
1319:Drivers/STM32F4xx_HAL_Driver/Src/stm32f4xx_hal_flash_ex.c ****   /* Flush data cache */
1320:Drivers/STM32F4xx_HAL_Driver/Src/stm32f4xx_hal_flash_ex.c ****   if (READ_BIT(FLASH->ACR, FLASH_ACR_DCEN) != RESET)
 1577              		.loc 1 1320 3 view .LVU440
 1578              		.loc 1 1320 7 is_stmt 0 view .LVU441
 1579 002c 0B4B     		ldr	r3, .L144
 1580 002e 1B68     		ldr	r3, [r3]
 1581              		.loc 1 1320 6 view .LVU442
 1582 0030 13F4806F 		tst	r3, #1024
 1583 0034 10D0     		beq	.L141
1321:Drivers/STM32F4xx_HAL_Driver/Src/stm32f4xx_hal_flash_ex.c ****   {
1322:Drivers/STM32F4xx_HAL_Driver/Src/stm32f4xx_hal_flash_ex.c ****     /* Disable data cache  */
1323:Drivers/STM32F4xx_HAL_Driver/Src/stm32f4xx_hal_flash_ex.c ****     __HAL_FLASH_DATA_CACHE_DISABLE();
 1584              		.loc 1 1323 5 is_stmt 1 view .LVU443
 1585 0036 094B     		ldr	r3, .L144
 1586 0038 1A68     		ldr	r2, [r3]
 1587 003a 22F48062 		bic	r2, r2, #1024
 1588 003e 1A60     		str	r2, [r3]
1324:Drivers/STM32F4xx_HAL_Driver/Src/stm32f4xx_hal_flash_ex.c ****     /* Reset data cache */
ARM GAS  C:\msys64\tmp\ccTz5ysZ.s 			page 58


1325:Drivers/STM32F4xx_HAL_Driver/Src/stm32f4xx_hal_flash_ex.c ****     __HAL_FLASH_DATA_CACHE_RESET();
 1589              		.loc 1 1325 5 view .LVU444
 1590              		.loc 1 1325 5 view .LVU445
 1591 0040 1A68     		ldr	r2, [r3]
 1592 0042 42F48052 		orr	r2, r2, #4096
 1593 0046 1A60     		str	r2, [r3]
 1594              		.loc 1 1325 5 view .LVU446
 1595 0048 1A68     		ldr	r2, [r3]
 1596 004a 22F48052 		bic	r2, r2, #4096
 1597 004e 1A60     		str	r2, [r3]
 1598              		.loc 1 1325 5 view .LVU447
1326:Drivers/STM32F4xx_HAL_Driver/Src/stm32f4xx_hal_flash_ex.c ****     /* Enable data cache */
1327:Drivers/STM32F4xx_HAL_Driver/Src/stm32f4xx_hal_flash_ex.c ****     __HAL_FLASH_DATA_CACHE_ENABLE();
 1599              		.loc 1 1327 5 view .LVU448
 1600 0050 1A68     		ldr	r2, [r3]
 1601 0052 42F48062 		orr	r2, r2, #1024
 1602 0056 1A60     		str	r2, [r3]
 1603              	.L141:
1328:Drivers/STM32F4xx_HAL_Driver/Src/stm32f4xx_hal_flash_ex.c ****   }
1329:Drivers/STM32F4xx_HAL_Driver/Src/stm32f4xx_hal_flash_ex.c **** }
 1604              		.loc 1 1329 1 is_stmt 0 view .LVU449
 1605 0058 7047     		bx	lr
 1606              	.L145:
 1607 005a 00BF     		.align	2
 1608              	.L144:
 1609 005c 003C0240 		.word	1073888256
 1610              		.cfi_endproc
 1611              	.LFE157:
 1613              		.section	.text.HAL_FLASHEx_Erase,"ax",%progbits
 1614              		.align	1
 1615              		.global	HAL_FLASHEx_Erase
 1616              		.syntax unified
 1617              		.thumb
 1618              		.thumb_func
 1620              	HAL_FLASHEx_Erase:
 1621              	.LVL105:
 1622              	.LFB134:
 161:Drivers/STM32F4xx_HAL_Driver/Src/stm32f4xx_hal_flash_ex.c ****   HAL_StatusTypeDef status;
 1623              		.loc 1 161 1 is_stmt 1 view -0
 1624              		.cfi_startproc
 1625              		@ args = 0, pretend = 0, frame = 0
 1626              		@ frame_needed = 0, uses_anonymous_args = 0
 161:Drivers/STM32F4xx_HAL_Driver/Src/stm32f4xx_hal_flash_ex.c ****   HAL_StatusTypeDef status;
 1627              		.loc 1 161 1 is_stmt 0 view .LVU451
 1628 0000 F8B5     		push	{r3, r4, r5, r6, r7, lr}
 1629              	.LCFI12:
 1630              		.cfi_def_cfa_offset 24
 1631              		.cfi_offset 3, -24
 1632              		.cfi_offset 4, -20
 1633              		.cfi_offset 5, -16
 1634              		.cfi_offset 6, -12
 1635              		.cfi_offset 7, -8
 1636              		.cfi_offset 14, -4
 162:Drivers/STM32F4xx_HAL_Driver/Src/stm32f4xx_hal_flash_ex.c ****   uint32_t index = 0U;
 1637              		.loc 1 162 3 is_stmt 1 view .LVU452
 163:Drivers/STM32F4xx_HAL_Driver/Src/stm32f4xx_hal_flash_ex.c **** 
 1638              		.loc 1 163 3 view .LVU453
ARM GAS  C:\msys64\tmp\ccTz5ysZ.s 			page 59


 1639              	.LVL106:
 166:Drivers/STM32F4xx_HAL_Driver/Src/stm32f4xx_hal_flash_ex.c **** 
 1640              		.loc 1 166 3 view .LVU454
 166:Drivers/STM32F4xx_HAL_Driver/Src/stm32f4xx_hal_flash_ex.c **** 
 1641              		.loc 1 166 3 view .LVU455
 1642 0002 234B     		ldr	r3, .L158
 1643 0004 1B7E     		ldrb	r3, [r3, #24]	@ zero_extendqisi2
 1644 0006 012B     		cmp	r3, #1
 1645 0008 40D0     		beq	.L154
 1646 000a 0446     		mov	r4, r0
 1647 000c 0E46     		mov	r6, r1
 166:Drivers/STM32F4xx_HAL_Driver/Src/stm32f4xx_hal_flash_ex.c **** 
 1648              		.loc 1 166 3 discriminator 2 view .LVU456
 1649 000e 204B     		ldr	r3, .L158
 1650 0010 0122     		movs	r2, #1
 1651 0012 1A76     		strb	r2, [r3, #24]
 166:Drivers/STM32F4xx_HAL_Driver/Src/stm32f4xx_hal_flash_ex.c **** 
 1652              		.loc 1 166 3 discriminator 2 view .LVU457
 169:Drivers/STM32F4xx_HAL_Driver/Src/stm32f4xx_hal_flash_ex.c **** 
 1653              		.loc 1 169 3 discriminator 2 view .LVU458
 172:Drivers/STM32F4xx_HAL_Driver/Src/stm32f4xx_hal_flash_ex.c **** 
 1654              		.loc 1 172 3 discriminator 2 view .LVU459
 172:Drivers/STM32F4xx_HAL_Driver/Src/stm32f4xx_hal_flash_ex.c **** 
 1655              		.loc 1 172 12 is_stmt 0 discriminator 2 view .LVU460
 1656 0014 4CF25030 		movw	r0, #50000
 1657              	.LVL107:
 172:Drivers/STM32F4xx_HAL_Driver/Src/stm32f4xx_hal_flash_ex.c **** 
 1658              		.loc 1 172 12 discriminator 2 view .LVU461
 1659 0018 FFF7FEFF 		bl	FLASH_WaitForLastOperation
 1660              	.LVL108:
 174:Drivers/STM32F4xx_HAL_Driver/Src/stm32f4xx_hal_flash_ex.c ****   {
 1661              		.loc 1 174 3 is_stmt 1 discriminator 2 view .LVU462
 174:Drivers/STM32F4xx_HAL_Driver/Src/stm32f4xx_hal_flash_ex.c ****   {
 1662              		.loc 1 174 6 is_stmt 0 discriminator 2 view .LVU463
 1663 001c 0746     		mov	r7, r0
 1664 001e 80BB     		cbnz	r0, .L148
 177:Drivers/STM32F4xx_HAL_Driver/Src/stm32f4xx_hal_flash_ex.c **** 
 1665              		.loc 1 177 5 is_stmt 1 view .LVU464
 177:Drivers/STM32F4xx_HAL_Driver/Src/stm32f4xx_hal_flash_ex.c **** 
 1666              		.loc 1 177 18 is_stmt 0 view .LVU465
 1667 0020 4FF0FF33 		mov	r3, #-1
 1668 0024 3360     		str	r3, [r6]
 179:Drivers/STM32F4xx_HAL_Driver/Src/stm32f4xx_hal_flash_ex.c ****     {
 1669              		.loc 1 179 5 is_stmt 1 view .LVU466
 179:Drivers/STM32F4xx_HAL_Driver/Src/stm32f4xx_hal_flash_ex.c ****     {
 1670              		.loc 1 179 19 is_stmt 0 view .LVU467
 1671 0026 2368     		ldr	r3, [r4]
 179:Drivers/STM32F4xx_HAL_Driver/Src/stm32f4xx_hal_flash_ex.c ****     {
 1672              		.loc 1 179 8 view .LVU468
 1673 0028 012B     		cmp	r3, #1
 1674 002a 16D0     		beq	.L156
 193:Drivers/STM32F4xx_HAL_Driver/Src/stm32f4xx_hal_flash_ex.c **** 
 1675              		.loc 1 193 7 is_stmt 1 view .LVU469
 196:Drivers/STM32F4xx_HAL_Driver/Src/stm32f4xx_hal_flash_ex.c ****       {
 1676              		.loc 1 196 7 view .LVU470
 196:Drivers/STM32F4xx_HAL_Driver/Src/stm32f4xx_hal_flash_ex.c ****       {
 1677              		.loc 1 196 18 is_stmt 0 view .LVU471
ARM GAS  C:\msys64\tmp\ccTz5ysZ.s 			page 60


 1678 002c A568     		ldr	r5, [r4, #8]
 1679              	.LVL109:
 1680              	.L151:
 196:Drivers/STM32F4xx_HAL_Driver/Src/stm32f4xx_hal_flash_ex.c ****       {
 1681              		.loc 1 196 46 is_stmt 1 discriminator 1 view .LVU472
 196:Drivers/STM32F4xx_HAL_Driver/Src/stm32f4xx_hal_flash_ex.c ****       {
 1682              		.loc 1 196 59 is_stmt 0 discriminator 1 view .LVU473
 1683 002e E368     		ldr	r3, [r4, #12]
 196:Drivers/STM32F4xx_HAL_Driver/Src/stm32f4xx_hal_flash_ex.c ****       {
 1684              		.loc 1 196 83 discriminator 1 view .LVU474
 1685 0030 A268     		ldr	r2, [r4, #8]
 196:Drivers/STM32F4xx_HAL_Driver/Src/stm32f4xx_hal_flash_ex.c ****       {
 1686              		.loc 1 196 71 discriminator 1 view .LVU475
 1687 0032 1344     		add	r3, r3, r2
 196:Drivers/STM32F4xx_HAL_Driver/Src/stm32f4xx_hal_flash_ex.c ****       {
 1688              		.loc 1 196 46 discriminator 1 view .LVU476
 1689 0034 AB42     		cmp	r3, r5
 1690 0036 22D9     		bls	.L150
 198:Drivers/STM32F4xx_HAL_Driver/Src/stm32f4xx_hal_flash_ex.c **** 
 1691              		.loc 1 198 9 is_stmt 1 view .LVU477
 1692 0038 217C     		ldrb	r1, [r4, #16]	@ zero_extendqisi2
 1693 003a 2846     		mov	r0, r5
 1694 003c FFF7FEFF 		bl	FLASH_Erase_Sector
 1695              	.LVL110:
 201:Drivers/STM32F4xx_HAL_Driver/Src/stm32f4xx_hal_flash_ex.c **** 
 1696              		.loc 1 201 9 view .LVU478
 201:Drivers/STM32F4xx_HAL_Driver/Src/stm32f4xx_hal_flash_ex.c **** 
 1697              		.loc 1 201 18 is_stmt 0 view .LVU479
 1698 0040 4CF25030 		movw	r0, #50000
 1699 0044 FFF7FEFF 		bl	FLASH_WaitForLastOperation
 1700              	.LVL111:
 204:Drivers/STM32F4xx_HAL_Driver/Src/stm32f4xx_hal_flash_ex.c **** 
 1701              		.loc 1 204 9 is_stmt 1 view .LVU480
 1702 0048 124A     		ldr	r2, .L158+4
 1703 004a 1369     		ldr	r3, [r2, #16]
 1704 004c 23F0FA03 		bic	r3, r3, #250
 1705 0050 1361     		str	r3, [r2, #16]
 206:Drivers/STM32F4xx_HAL_Driver/Src/stm32f4xx_hal_flash_ex.c ****         {
 1706              		.loc 1 206 9 view .LVU481
 206:Drivers/STM32F4xx_HAL_Driver/Src/stm32f4xx_hal_flash_ex.c ****         {
 1707              		.loc 1 206 12 is_stmt 0 view .LVU482
 1708 0052 0746     		mov	r7, r0
 1709 0054 90B9     		cbnz	r0, .L157
 196:Drivers/STM32F4xx_HAL_Driver/Src/stm32f4xx_hal_flash_ex.c ****       {
 1710              		.loc 1 196 99 is_stmt 1 discriminator 2 view .LVU483
 1711 0056 0135     		adds	r5, r5, #1
 1712              	.LVL112:
 196:Drivers/STM32F4xx_HAL_Driver/Src/stm32f4xx_hal_flash_ex.c ****       {
 1713              		.loc 1 196 99 is_stmt 0 discriminator 2 view .LVU484
 1714 0058 E9E7     		b	.L151
 1715              	.LVL113:
 1716              	.L156:
 182:Drivers/STM32F4xx_HAL_Driver/Src/stm32f4xx_hal_flash_ex.c **** 
 1717              		.loc 1 182 7 is_stmt 1 view .LVU485
 1718 005a 6168     		ldr	r1, [r4, #4]
 1719 005c 207C     		ldrb	r0, [r4, #16]	@ zero_extendqisi2
 1720              	.LVL114:
ARM GAS  C:\msys64\tmp\ccTz5ysZ.s 			page 61


 182:Drivers/STM32F4xx_HAL_Driver/Src/stm32f4xx_hal_flash_ex.c **** 
 1721              		.loc 1 182 7 is_stmt 0 view .LVU486
 1722 005e FFF7FEFF 		bl	FLASH_MassErase
 1723              	.LVL115:
 185:Drivers/STM32F4xx_HAL_Driver/Src/stm32f4xx_hal_flash_ex.c **** 
 1724              		.loc 1 185 7 is_stmt 1 view .LVU487
 185:Drivers/STM32F4xx_HAL_Driver/Src/stm32f4xx_hal_flash_ex.c **** 
 1725              		.loc 1 185 16 is_stmt 0 view .LVU488
 1726 0062 4CF25030 		movw	r0, #50000
 1727 0066 FFF7FEFF 		bl	FLASH_WaitForLastOperation
 1728              	.LVL116:
 1729 006a 0746     		mov	r7, r0
 1730              	.LVL117:
 188:Drivers/STM32F4xx_HAL_Driver/Src/stm32f4xx_hal_flash_ex.c ****     }
 1731              		.loc 1 188 7 is_stmt 1 view .LVU489
 188:Drivers/STM32F4xx_HAL_Driver/Src/stm32f4xx_hal_flash_ex.c ****     }
 1732              		.loc 1 188 17 is_stmt 0 view .LVU490
 1733 006c 094A     		ldr	r2, .L158+4
 1734 006e 1369     		ldr	r3, [r2, #16]
 1735 0070 23F40043 		bic	r3, r3, #32768
 1736 0074 23F00403 		bic	r3, r3, #4
 1737 0078 1361     		str	r3, [r2, #16]
 1738 007a 00E0     		b	.L150
 1739              	.LVL118:
 1740              	.L157:
 209:Drivers/STM32F4xx_HAL_Driver/Src/stm32f4xx_hal_flash_ex.c ****           break;
 1741              		.loc 1 209 11 is_stmt 1 view .LVU491
 209:Drivers/STM32F4xx_HAL_Driver/Src/stm32f4xx_hal_flash_ex.c ****           break;
 1742              		.loc 1 209 24 is_stmt 0 view .LVU492
 1743 007c 3560     		str	r5, [r6]
 210:Drivers/STM32F4xx_HAL_Driver/Src/stm32f4xx_hal_flash_ex.c ****         }
 1744              		.loc 1 210 11 is_stmt 1 view .LVU493
 1745              	.LVL119:
 1746              	.L150:
 215:Drivers/STM32F4xx_HAL_Driver/Src/stm32f4xx_hal_flash_ex.c ****   }
 1747              		.loc 1 215 5 view .LVU494
 1748 007e FFF7FEFF 		bl	FLASH_FlushCaches
 1749              	.LVL120:
 1750              	.L148:
 219:Drivers/STM32F4xx_HAL_Driver/Src/stm32f4xx_hal_flash_ex.c **** 
 1751              		.loc 1 219 3 view .LVU495
 219:Drivers/STM32F4xx_HAL_Driver/Src/stm32f4xx_hal_flash_ex.c **** 
 1752              		.loc 1 219 3 view .LVU496
 1753 0082 034B     		ldr	r3, .L158
 1754 0084 0022     		movs	r2, #0
 1755 0086 1A76     		strb	r2, [r3, #24]
 219:Drivers/STM32F4xx_HAL_Driver/Src/stm32f4xx_hal_flash_ex.c **** 
 1756              		.loc 1 219 3 view .LVU497
 221:Drivers/STM32F4xx_HAL_Driver/Src/stm32f4xx_hal_flash_ex.c **** }
 1757              		.loc 1 221 3 view .LVU498
 1758              	.LVL121:
 1759              	.L147:
 222:Drivers/STM32F4xx_HAL_Driver/Src/stm32f4xx_hal_flash_ex.c **** 
 1760              		.loc 1 222 1 is_stmt 0 view .LVU499
 1761 0088 3846     		mov	r0, r7
 1762 008a F8BD     		pop	{r3, r4, r5, r6, r7, pc}
 1763              	.LVL122:
ARM GAS  C:\msys64\tmp\ccTz5ysZ.s 			page 62


 1764              	.L154:
 166:Drivers/STM32F4xx_HAL_Driver/Src/stm32f4xx_hal_flash_ex.c **** 
 1765              		.loc 1 166 3 view .LVU500
 1766 008c 0227     		movs	r7, #2
 1767 008e FBE7     		b	.L147
 1768              	.L159:
 1769              		.align	2
 1770              	.L158:
 1771 0090 00000000 		.word	pFlash
 1772 0094 003C0240 		.word	1073888256
 1773              		.cfi_endproc
 1774              	.LFE134:
 1776              		.text
 1777              	.Letext0:
 1778              		.file 2 "c:\\tools\\gcc-arm-11.2-2022.02-mingw-w64-i686-arm-none-eabi\\arm-none-eabi\\include\\mac
 1779              		.file 3 "c:\\tools\\gcc-arm-11.2-2022.02-mingw-w64-i686-arm-none-eabi\\arm-none-eabi\\include\\sys
 1780              		.file 4 "Drivers/CMSIS/Device/ST/STM32F4xx/Include/stm32f427xx.h"
 1781              		.file 5 "Drivers/CMSIS/Device/ST/STM32F4xx/Include/stm32f4xx.h"
 1782              		.file 6 "Drivers/STM32F4xx_HAL_Driver/Inc/stm32f4xx_hal_def.h"
 1783              		.file 7 "Drivers/STM32F4xx_HAL_Driver/Inc/stm32f4xx_hal_flash.h"
 1784              		.file 8 "Drivers/STM32F4xx_HAL_Driver/Inc/stm32f4xx_hal_flash_ex.h"
ARM GAS  C:\msys64\tmp\ccTz5ysZ.s 			page 63


DEFINED SYMBOLS
                            *ABS*:00000000 stm32f4xx_hal_flash_ex.c
C:\msys64\tmp\ccTz5ysZ.s:20     .text.FLASH_MassErase:00000000 $t
C:\msys64\tmp\ccTz5ysZ.s:25     .text.FLASH_MassErase:00000000 FLASH_MassErase
C:\msys64\tmp\ccTz5ysZ.s:93     .text.FLASH_MassErase:00000048 $d
C:\msys64\tmp\ccTz5ysZ.s:98     .text.FLASH_OB_BOR_LevelConfig:00000000 $t
C:\msys64\tmp\ccTz5ysZ.s:103    .text.FLASH_OB_BOR_LevelConfig:00000000 FLASH_OB_BOR_LevelConfig
C:\msys64\tmp\ccTz5ysZ.s:132    .text.FLASH_OB_BOR_LevelConfig:00000014 $d
C:\msys64\tmp\ccTz5ysZ.s:137    .text.FLASH_OB_GetUser:00000000 $t
C:\msys64\tmp\ccTz5ysZ.s:142    .text.FLASH_OB_GetUser:00000000 FLASH_OB_GetUser
C:\msys64\tmp\ccTz5ysZ.s:159    .text.FLASH_OB_GetUser:0000000c $d
C:\msys64\tmp\ccTz5ysZ.s:164    .text.FLASH_OB_GetWRP:00000000 $t
C:\msys64\tmp\ccTz5ysZ.s:169    .text.FLASH_OB_GetWRP:00000000 FLASH_OB_GetWRP
C:\msys64\tmp\ccTz5ysZ.s:186    .text.FLASH_OB_GetWRP:00000008 $d
C:\msys64\tmp\ccTz5ysZ.s:191    .text.FLASH_OB_GetRDP:00000000 $t
C:\msys64\tmp\ccTz5ysZ.s:196    .text.FLASH_OB_GetRDP:00000000 FLASH_OB_GetRDP
C:\msys64\tmp\ccTz5ysZ.s:230    .text.FLASH_OB_GetRDP:00000018 $d
C:\msys64\tmp\ccTz5ysZ.s:235    .text.FLASH_OB_GetBOR:00000000 $t
C:\msys64\tmp\ccTz5ysZ.s:240    .text.FLASH_OB_GetBOR:00000000 FLASH_OB_GetBOR
C:\msys64\tmp\ccTz5ysZ.s:257    .text.FLASH_OB_GetBOR:0000000c $d
C:\msys64\tmp\ccTz5ysZ.s:262    .text.FLASH_OB_EnableWRP:00000000 $t
C:\msys64\tmp\ccTz5ysZ.s:267    .text.FLASH_OB_EnableWRP:00000000 FLASH_OB_EnableWRP
C:\msys64\tmp\ccTz5ysZ.s:382    .text.FLASH_OB_EnableWRP:0000007c $d
C:\msys64\tmp\ccTz5ysZ.s:388    .text.FLASH_OB_DisableWRP:00000000 $t
C:\msys64\tmp\ccTz5ysZ.s:393    .text.FLASH_OB_DisableWRP:00000000 FLASH_OB_DisableWRP
C:\msys64\tmp\ccTz5ysZ.s:521    .text.FLASH_OB_DisableWRP:00000080 $d
C:\msys64\tmp\ccTz5ysZ.s:527    .text.FLASH_OB_RDP_LevelConfig:00000000 $t
C:\msys64\tmp\ccTz5ysZ.s:532    .text.FLASH_OB_RDP_LevelConfig:00000000 FLASH_OB_RDP_LevelConfig
C:\msys64\tmp\ccTz5ysZ.s:570    .text.FLASH_OB_RDP_LevelConfig:00000014 $d
C:\msys64\tmp\ccTz5ysZ.s:575    .text.FLASH_OB_UserConfig:00000000 $t
C:\msys64\tmp\ccTz5ysZ.s:580    .text.FLASH_OB_UserConfig:00000000 FLASH_OB_UserConfig
C:\msys64\tmp\ccTz5ysZ.s:639    .text.FLASH_OB_UserConfig:00000028 $d
C:\msys64\tmp\ccTz5ysZ.s:644    .text.FLASH_OB_EnablePCROP:00000000 $t
C:\msys64\tmp\ccTz5ysZ.s:649    .text.FLASH_OB_EnablePCROP:00000000 FLASH_OB_EnablePCROP
C:\msys64\tmp\ccTz5ysZ.s:748    .text.FLASH_OB_EnablePCROP:00000054 $d
C:\msys64\tmp\ccTz5ysZ.s:753    .text.FLASH_OB_DisablePCROP:00000000 $t
C:\msys64\tmp\ccTz5ysZ.s:758    .text.FLASH_OB_DisablePCROP:00000000 FLASH_OB_DisablePCROP
C:\msys64\tmp\ccTz5ysZ.s:847    .text.FLASH_OB_DisablePCROP:00000054 $d
C:\msys64\tmp\ccTz5ysZ.s:852    .text.FLASH_OB_BootConfig:00000000 $t
C:\msys64\tmp\ccTz5ysZ.s:857    .text.FLASH_OB_BootConfig:00000000 FLASH_OB_BootConfig
C:\msys64\tmp\ccTz5ysZ.s:902    .text.FLASH_OB_BootConfig:00000020 $d
C:\msys64\tmp\ccTz5ysZ.s:907    .text.HAL_FLASHEx_OBProgram:00000000 $t
C:\msys64\tmp\ccTz5ysZ.s:913    .text.HAL_FLASHEx_OBProgram:00000000 HAL_FLASHEx_OBProgram
C:\msys64\tmp\ccTz5ysZ.s:1059   .text.HAL_FLASHEx_OBProgram:00000080 $d
C:\msys64\tmp\ccTz5ysZ.s:1064   .text.HAL_FLASHEx_OBGetConfig:00000000 $t
C:\msys64\tmp\ccTz5ysZ.s:1070   .text.HAL_FLASHEx_OBGetConfig:00000000 HAL_FLASHEx_OBGetConfig
C:\msys64\tmp\ccTz5ysZ.s:1119   .text.HAL_FLASHEx_AdvOBProgram:00000000 $t
C:\msys64\tmp\ccTz5ysZ.s:1125   .text.HAL_FLASHEx_AdvOBProgram:00000000 HAL_FLASHEx_AdvOBProgram
C:\msys64\tmp\ccTz5ysZ.s:1210   .text.HAL_FLASHEx_AdvOBGetConfig:00000000 $t
C:\msys64\tmp\ccTz5ysZ.s:1216   .text.HAL_FLASHEx_AdvOBGetConfig:00000000 HAL_FLASHEx_AdvOBGetConfig
C:\msys64\tmp\ccTz5ysZ.s:1245   .text.HAL_FLASHEx_AdvOBGetConfig:00000010 $d
C:\msys64\tmp\ccTz5ysZ.s:1250   .text.HAL_FLASHEx_OB_SelectPCROP:00000000 $t
C:\msys64\tmp\ccTz5ysZ.s:1256   .text.HAL_FLASHEx_OB_SelectPCROP:00000000 HAL_FLASHEx_OB_SelectPCROP
C:\msys64\tmp\ccTz5ysZ.s:1282   .text.HAL_FLASHEx_OB_SelectPCROP:00000010 $d
C:\msys64\tmp\ccTz5ysZ.s:1287   .text.HAL_FLASHEx_OB_DeSelectPCROP:00000000 $t
C:\msys64\tmp\ccTz5ysZ.s:1293   .text.HAL_FLASHEx_OB_DeSelectPCROP:00000000 HAL_FLASHEx_OB_DeSelectPCROP
C:\msys64\tmp\ccTz5ysZ.s:1318   .text.HAL_FLASHEx_OB_DeSelectPCROP:00000010 $d
ARM GAS  C:\msys64\tmp\ccTz5ysZ.s 			page 64


C:\msys64\tmp\ccTz5ysZ.s:1323   .text.HAL_FLASHEx_OB_GetBank2WRP:00000000 $t
C:\msys64\tmp\ccTz5ysZ.s:1329   .text.HAL_FLASHEx_OB_GetBank2WRP:00000000 HAL_FLASHEx_OB_GetBank2WRP
C:\msys64\tmp\ccTz5ysZ.s:1346   .text.HAL_FLASHEx_OB_GetBank2WRP:00000008 $d
C:\msys64\tmp\ccTz5ysZ.s:1351   .text.FLASH_Erase_Sector:00000000 $t
C:\msys64\tmp\ccTz5ysZ.s:1357   .text.FLASH_Erase_Sector:00000000 FLASH_Erase_Sector
C:\msys64\tmp\ccTz5ysZ.s:1431   .text.FLASH_Erase_Sector:00000050 $d
C:\msys64\tmp\ccTz5ysZ.s:1436   .text.HAL_FLASHEx_Erase_IT:00000000 $t
C:\msys64\tmp\ccTz5ysZ.s:1442   .text.HAL_FLASHEx_Erase_IT:00000000 HAL_FLASHEx_Erase_IT
C:\msys64\tmp\ccTz5ysZ.s:1531   .text.HAL_FLASHEx_Erase_IT:00000050 $d
C:\msys64\tmp\ccTz5ysZ.s:1537   .text.FLASH_FlushCaches:00000000 $t
C:\msys64\tmp\ccTz5ysZ.s:1543   .text.FLASH_FlushCaches:00000000 FLASH_FlushCaches
C:\msys64\tmp\ccTz5ysZ.s:1609   .text.FLASH_FlushCaches:0000005c $d
C:\msys64\tmp\ccTz5ysZ.s:1614   .text.HAL_FLASHEx_Erase:00000000 $t
C:\msys64\tmp\ccTz5ysZ.s:1620   .text.HAL_FLASHEx_Erase:00000000 HAL_FLASHEx_Erase
C:\msys64\tmp\ccTz5ysZ.s:1771   .text.HAL_FLASHEx_Erase:00000090 $d

UNDEFINED SYMBOLS
FLASH_WaitForLastOperation
pFlash
