ARM GAS  C:\msys64\tmp\cc73uNFg.s 			page 1


   1              		.cpu cortex-m4
   2              		.arch armv7e-m
   3              		.fpu fpv4-sp-d16
   4              		.eabi_attribute 27, 1
   5              		.eabi_attribute 28, 1
   6              		.eabi_attribute 20, 1
   7              		.eabi_attribute 21, 1
   8              		.eabi_attribute 23, 3
   9              		.eabi_attribute 24, 1
  10              		.eabi_attribute 25, 1
  11              		.eabi_attribute 26, 1
  12              		.eabi_attribute 30, 1
  13              		.eabi_attribute 34, 1
  14              		.eabi_attribute 18, 4
  15              		.file	"tcp.c"
  16              		.text
  17              	.Ltext0:
  18              		.cfi_sections	.debug_frame
  19              		.section	.text.tcp_new_port,"ax",%progbits
  20              		.align	1
  21              		.syntax unified
  22              		.thumb
  23              		.thumb_func
  25              	tcp_new_port:
  26              	.LFB179:
  27              		.file 1 "Middlewares/Third_Party/LwIP/src/core/tcp.c"
   1:Middlewares/Third_Party/LwIP/src/core/tcp.c **** /**
   2:Middlewares/Third_Party/LwIP/src/core/tcp.c ****  * @file
   3:Middlewares/Third_Party/LwIP/src/core/tcp.c ****  * Transmission Control Protocol for IP
   4:Middlewares/Third_Party/LwIP/src/core/tcp.c ****  * See also @ref tcp_raw
   5:Middlewares/Third_Party/LwIP/src/core/tcp.c ****  *
   6:Middlewares/Third_Party/LwIP/src/core/tcp.c ****  * @defgroup tcp_raw TCP
   7:Middlewares/Third_Party/LwIP/src/core/tcp.c ****  * @ingroup callbackstyle_api
   8:Middlewares/Third_Party/LwIP/src/core/tcp.c ****  * Transmission Control Protocol for IP\n
   9:Middlewares/Third_Party/LwIP/src/core/tcp.c ****  * @see @ref api
  10:Middlewares/Third_Party/LwIP/src/core/tcp.c ****  *
  11:Middlewares/Third_Party/LwIP/src/core/tcp.c ****  * Common functions for the TCP implementation, such as functions
  12:Middlewares/Third_Party/LwIP/src/core/tcp.c ****  * for manipulating the data structures and the TCP timer functions. TCP functions
  13:Middlewares/Third_Party/LwIP/src/core/tcp.c ****  * related to input and output is found in tcp_in.c and tcp_out.c respectively.\n
  14:Middlewares/Third_Party/LwIP/src/core/tcp.c ****  * 
  15:Middlewares/Third_Party/LwIP/src/core/tcp.c ****  * TCP connection setup
  16:Middlewares/Third_Party/LwIP/src/core/tcp.c ****  * --------------------
  17:Middlewares/Third_Party/LwIP/src/core/tcp.c ****  * The functions used for setting up connections is similar to that of
  18:Middlewares/Third_Party/LwIP/src/core/tcp.c ****  * the sequential API and of the BSD socket API. A new TCP connection
  19:Middlewares/Third_Party/LwIP/src/core/tcp.c ****  * identifier (i.e., a protocol control block - PCB) is created with the
  20:Middlewares/Third_Party/LwIP/src/core/tcp.c ****  * tcp_new() function. This PCB can then be either set to listen for new
  21:Middlewares/Third_Party/LwIP/src/core/tcp.c ****  * incoming connections or be explicitly connected to another host.
  22:Middlewares/Third_Party/LwIP/src/core/tcp.c ****  * - tcp_new()
  23:Middlewares/Third_Party/LwIP/src/core/tcp.c ****  * - tcp_bind()
  24:Middlewares/Third_Party/LwIP/src/core/tcp.c ****  * - tcp_listen() and tcp_listen_with_backlog()
  25:Middlewares/Third_Party/LwIP/src/core/tcp.c ****  * - tcp_accept()
  26:Middlewares/Third_Party/LwIP/src/core/tcp.c ****  * - tcp_connect()
  27:Middlewares/Third_Party/LwIP/src/core/tcp.c ****  * 
  28:Middlewares/Third_Party/LwIP/src/core/tcp.c ****  * Sending TCP data
  29:Middlewares/Third_Party/LwIP/src/core/tcp.c ****  * ----------------
  30:Middlewares/Third_Party/LwIP/src/core/tcp.c ****  * TCP data is sent by enqueueing the data with a call to tcp_write() and
  31:Middlewares/Third_Party/LwIP/src/core/tcp.c ****  * triggering to send by calling tcp_output(). When the data is successfully
ARM GAS  C:\msys64\tmp\cc73uNFg.s 			page 2


  32:Middlewares/Third_Party/LwIP/src/core/tcp.c ****  * transmitted to the remote host, the application will be notified with a
  33:Middlewares/Third_Party/LwIP/src/core/tcp.c ****  * call to a specified callback function.
  34:Middlewares/Third_Party/LwIP/src/core/tcp.c ****  * - tcp_write()
  35:Middlewares/Third_Party/LwIP/src/core/tcp.c ****  * - tcp_output()
  36:Middlewares/Third_Party/LwIP/src/core/tcp.c ****  * - tcp_sent()
  37:Middlewares/Third_Party/LwIP/src/core/tcp.c ****  * 
  38:Middlewares/Third_Party/LwIP/src/core/tcp.c ****  * Receiving TCP data
  39:Middlewares/Third_Party/LwIP/src/core/tcp.c ****  * ------------------
  40:Middlewares/Third_Party/LwIP/src/core/tcp.c ****  * TCP data reception is callback based - an application specified
  41:Middlewares/Third_Party/LwIP/src/core/tcp.c ****  * callback function is called when new data arrives. When the
  42:Middlewares/Third_Party/LwIP/src/core/tcp.c ****  * application has taken the data, it has to call the tcp_recved()
  43:Middlewares/Third_Party/LwIP/src/core/tcp.c ****  * function to indicate that TCP can advertise increase the receive
  44:Middlewares/Third_Party/LwIP/src/core/tcp.c ****  * window.
  45:Middlewares/Third_Party/LwIP/src/core/tcp.c ****  * - tcp_recv()
  46:Middlewares/Third_Party/LwIP/src/core/tcp.c ****  * - tcp_recved()
  47:Middlewares/Third_Party/LwIP/src/core/tcp.c ****  * 
  48:Middlewares/Third_Party/LwIP/src/core/tcp.c ****  * Application polling
  49:Middlewares/Third_Party/LwIP/src/core/tcp.c ****  * -------------------
  50:Middlewares/Third_Party/LwIP/src/core/tcp.c ****  * When a connection is idle (i.e., no data is either transmitted or
  51:Middlewares/Third_Party/LwIP/src/core/tcp.c ****  * received), lwIP will repeatedly poll the application by calling a
  52:Middlewares/Third_Party/LwIP/src/core/tcp.c ****  * specified callback function. This can be used either as a watchdog
  53:Middlewares/Third_Party/LwIP/src/core/tcp.c ****  * timer for killing connections that have stayed idle for too long, or
  54:Middlewares/Third_Party/LwIP/src/core/tcp.c ****  * as a method of waiting for memory to become available. For instance,
  55:Middlewares/Third_Party/LwIP/src/core/tcp.c ****  * if a call to tcp_write() has failed because memory wasn't available,
  56:Middlewares/Third_Party/LwIP/src/core/tcp.c ****  * the application may use the polling functionality to call tcp_write()
  57:Middlewares/Third_Party/LwIP/src/core/tcp.c ****  * again when the connection has been idle for a while.
  58:Middlewares/Third_Party/LwIP/src/core/tcp.c ****  * - tcp_poll()
  59:Middlewares/Third_Party/LwIP/src/core/tcp.c ****  *
  60:Middlewares/Third_Party/LwIP/src/core/tcp.c ****  * Closing and aborting connections
  61:Middlewares/Third_Party/LwIP/src/core/tcp.c ****  * --------------------------------
  62:Middlewares/Third_Party/LwIP/src/core/tcp.c ****  * - tcp_close()
  63:Middlewares/Third_Party/LwIP/src/core/tcp.c ****  * - tcp_abort()
  64:Middlewares/Third_Party/LwIP/src/core/tcp.c ****  * - tcp_err()
  65:Middlewares/Third_Party/LwIP/src/core/tcp.c ****  * 
  66:Middlewares/Third_Party/LwIP/src/core/tcp.c ****  */
  67:Middlewares/Third_Party/LwIP/src/core/tcp.c **** 
  68:Middlewares/Third_Party/LwIP/src/core/tcp.c **** /*
  69:Middlewares/Third_Party/LwIP/src/core/tcp.c ****  * Copyright (c) 2001-2004 Swedish Institute of Computer Science.
  70:Middlewares/Third_Party/LwIP/src/core/tcp.c ****  * All rights reserved.
  71:Middlewares/Third_Party/LwIP/src/core/tcp.c ****  *
  72:Middlewares/Third_Party/LwIP/src/core/tcp.c ****  * Redistribution and use in source and binary forms, with or without modification,
  73:Middlewares/Third_Party/LwIP/src/core/tcp.c ****  * are permitted provided that the following conditions are met:
  74:Middlewares/Third_Party/LwIP/src/core/tcp.c ****  *
  75:Middlewares/Third_Party/LwIP/src/core/tcp.c ****  * 1. Redistributions of source code must retain the above copyright notice,
  76:Middlewares/Third_Party/LwIP/src/core/tcp.c ****  *    this list of conditions and the following disclaimer.
  77:Middlewares/Third_Party/LwIP/src/core/tcp.c ****  * 2. Redistributions in binary form must reproduce the above copyright notice,
  78:Middlewares/Third_Party/LwIP/src/core/tcp.c ****  *    this list of conditions and the following disclaimer in the documentation
  79:Middlewares/Third_Party/LwIP/src/core/tcp.c ****  *    and/or other materials provided with the distribution.
  80:Middlewares/Third_Party/LwIP/src/core/tcp.c ****  * 3. The name of the author may not be used to endorse or promote products
  81:Middlewares/Third_Party/LwIP/src/core/tcp.c ****  *    derived from this software without specific prior written permission.
  82:Middlewares/Third_Party/LwIP/src/core/tcp.c ****  *
  83:Middlewares/Third_Party/LwIP/src/core/tcp.c ****  * THIS SOFTWARE IS PROVIDED BY THE AUTHOR ``AS IS'' AND ANY EXPRESS OR IMPLIED
  84:Middlewares/Third_Party/LwIP/src/core/tcp.c ****  * WARRANTIES, INCLUDING, BUT NOT LIMITED TO, THE IMPLIED WARRANTIES OF
  85:Middlewares/Third_Party/LwIP/src/core/tcp.c ****  * MERCHANTABILITY AND FITNESS FOR A PARTICULAR PURPOSE ARE DISCLAIMED. IN NO EVENT
  86:Middlewares/Third_Party/LwIP/src/core/tcp.c ****  * SHALL THE AUTHOR BE LIABLE FOR ANY DIRECT, INDIRECT, INCIDENTAL, SPECIAL,
  87:Middlewares/Third_Party/LwIP/src/core/tcp.c ****  * EXEMPLARY, OR CONSEQUENTIAL DAMAGES (INCLUDING, BUT NOT LIMITED TO, PROCUREMENT
  88:Middlewares/Third_Party/LwIP/src/core/tcp.c ****  * OF SUBSTITUTE GOODS OR SERVICES; LOSS OF USE, DATA, OR PROFITS; OR BUSINESS
ARM GAS  C:\msys64\tmp\cc73uNFg.s 			page 3


  89:Middlewares/Third_Party/LwIP/src/core/tcp.c ****  * INTERRUPTION) HOWEVER CAUSED AND ON ANY THEORY OF LIABILITY, WHETHER IN
  90:Middlewares/Third_Party/LwIP/src/core/tcp.c ****  * CONTRACT, STRICT LIABILITY, OR TORT (INCLUDING NEGLIGENCE OR OTHERWISE) ARISING
  91:Middlewares/Third_Party/LwIP/src/core/tcp.c ****  * IN ANY WAY OUT OF THE USE OF THIS SOFTWARE, EVEN IF ADVISED OF THE POSSIBILITY
  92:Middlewares/Third_Party/LwIP/src/core/tcp.c ****  * OF SUCH DAMAGE.
  93:Middlewares/Third_Party/LwIP/src/core/tcp.c ****  *
  94:Middlewares/Third_Party/LwIP/src/core/tcp.c ****  * This file is part of the lwIP TCP/IP stack.
  95:Middlewares/Third_Party/LwIP/src/core/tcp.c ****  *
  96:Middlewares/Third_Party/LwIP/src/core/tcp.c ****  * Author: Adam Dunkels <adam@sics.se>
  97:Middlewares/Third_Party/LwIP/src/core/tcp.c ****  *
  98:Middlewares/Third_Party/LwIP/src/core/tcp.c ****  */
  99:Middlewares/Third_Party/LwIP/src/core/tcp.c **** 
 100:Middlewares/Third_Party/LwIP/src/core/tcp.c **** #include "lwip/opt.h"
 101:Middlewares/Third_Party/LwIP/src/core/tcp.c **** 
 102:Middlewares/Third_Party/LwIP/src/core/tcp.c **** #if LWIP_TCP /* don't build if not configured for use in lwipopts.h */
 103:Middlewares/Third_Party/LwIP/src/core/tcp.c **** 
 104:Middlewares/Third_Party/LwIP/src/core/tcp.c **** #include "lwip/def.h"
 105:Middlewares/Third_Party/LwIP/src/core/tcp.c **** #include "lwip/mem.h"
 106:Middlewares/Third_Party/LwIP/src/core/tcp.c **** #include "lwip/memp.h"
 107:Middlewares/Third_Party/LwIP/src/core/tcp.c **** #include "lwip/tcp.h"
 108:Middlewares/Third_Party/LwIP/src/core/tcp.c **** #include "lwip/priv/tcp_priv.h"
 109:Middlewares/Third_Party/LwIP/src/core/tcp.c **** #include "lwip/debug.h"
 110:Middlewares/Third_Party/LwIP/src/core/tcp.c **** #include "lwip/stats.h"
 111:Middlewares/Third_Party/LwIP/src/core/tcp.c **** #include "lwip/ip6.h"
 112:Middlewares/Third_Party/LwIP/src/core/tcp.c **** #include "lwip/ip6_addr.h"
 113:Middlewares/Third_Party/LwIP/src/core/tcp.c **** #include "lwip/nd6.h"
 114:Middlewares/Third_Party/LwIP/src/core/tcp.c **** 
 115:Middlewares/Third_Party/LwIP/src/core/tcp.c **** #include <string.h>
 116:Middlewares/Third_Party/LwIP/src/core/tcp.c **** 
 117:Middlewares/Third_Party/LwIP/src/core/tcp.c **** #ifdef LWIP_HOOK_FILENAME
 118:Middlewares/Third_Party/LwIP/src/core/tcp.c **** #include LWIP_HOOK_FILENAME
 119:Middlewares/Third_Party/LwIP/src/core/tcp.c **** #endif
 120:Middlewares/Third_Party/LwIP/src/core/tcp.c **** 
 121:Middlewares/Third_Party/LwIP/src/core/tcp.c **** #ifndef TCP_LOCAL_PORT_RANGE_START
 122:Middlewares/Third_Party/LwIP/src/core/tcp.c **** /* From http://www.iana.org/assignments/port-numbers:
 123:Middlewares/Third_Party/LwIP/src/core/tcp.c ****    "The Dynamic and/or Private Ports are those from 49152 through 65535" */
 124:Middlewares/Third_Party/LwIP/src/core/tcp.c **** #define TCP_LOCAL_PORT_RANGE_START        0xc000
 125:Middlewares/Third_Party/LwIP/src/core/tcp.c **** #define TCP_LOCAL_PORT_RANGE_END          0xffff
 126:Middlewares/Third_Party/LwIP/src/core/tcp.c **** #define TCP_ENSURE_LOCAL_PORT_RANGE(port) ((u16_t)(((port) & (u16_t)~TCP_LOCAL_PORT_RANGE_START) + 
 127:Middlewares/Third_Party/LwIP/src/core/tcp.c **** #endif
 128:Middlewares/Third_Party/LwIP/src/core/tcp.c **** 
 129:Middlewares/Third_Party/LwIP/src/core/tcp.c **** #if LWIP_TCP_KEEPALIVE
 130:Middlewares/Third_Party/LwIP/src/core/tcp.c **** #define TCP_KEEP_DUR(pcb)   ((pcb)->keep_cnt * (pcb)->keep_intvl)
 131:Middlewares/Third_Party/LwIP/src/core/tcp.c **** #define TCP_KEEP_INTVL(pcb) ((pcb)->keep_intvl)
 132:Middlewares/Third_Party/LwIP/src/core/tcp.c **** #else /* LWIP_TCP_KEEPALIVE */
 133:Middlewares/Third_Party/LwIP/src/core/tcp.c **** #define TCP_KEEP_DUR(pcb)   TCP_MAXIDLE
 134:Middlewares/Third_Party/LwIP/src/core/tcp.c **** #define TCP_KEEP_INTVL(pcb) TCP_KEEPINTVL_DEFAULT
 135:Middlewares/Third_Party/LwIP/src/core/tcp.c **** #endif /* LWIP_TCP_KEEPALIVE */
 136:Middlewares/Third_Party/LwIP/src/core/tcp.c **** 
 137:Middlewares/Third_Party/LwIP/src/core/tcp.c **** /* As initial send MSS, we use TCP_MSS but limit it to 536. */
 138:Middlewares/Third_Party/LwIP/src/core/tcp.c **** #if TCP_MSS > 536
 139:Middlewares/Third_Party/LwIP/src/core/tcp.c **** #define INITIAL_MSS 536
 140:Middlewares/Third_Party/LwIP/src/core/tcp.c **** #else
 141:Middlewares/Third_Party/LwIP/src/core/tcp.c **** #define INITIAL_MSS TCP_MSS
 142:Middlewares/Third_Party/LwIP/src/core/tcp.c **** #endif
 143:Middlewares/Third_Party/LwIP/src/core/tcp.c **** 
 144:Middlewares/Third_Party/LwIP/src/core/tcp.c **** static const char *const tcp_state_str[] = {
 145:Middlewares/Third_Party/LwIP/src/core/tcp.c ****   "CLOSED",
ARM GAS  C:\msys64\tmp\cc73uNFg.s 			page 4


 146:Middlewares/Third_Party/LwIP/src/core/tcp.c ****   "LISTEN",
 147:Middlewares/Third_Party/LwIP/src/core/tcp.c ****   "SYN_SENT",
 148:Middlewares/Third_Party/LwIP/src/core/tcp.c ****   "SYN_RCVD",
 149:Middlewares/Third_Party/LwIP/src/core/tcp.c ****   "ESTABLISHED",
 150:Middlewares/Third_Party/LwIP/src/core/tcp.c ****   "FIN_WAIT_1",
 151:Middlewares/Third_Party/LwIP/src/core/tcp.c ****   "FIN_WAIT_2",
 152:Middlewares/Third_Party/LwIP/src/core/tcp.c ****   "CLOSE_WAIT",
 153:Middlewares/Third_Party/LwIP/src/core/tcp.c ****   "CLOSING",
 154:Middlewares/Third_Party/LwIP/src/core/tcp.c ****   "LAST_ACK",
 155:Middlewares/Third_Party/LwIP/src/core/tcp.c ****   "TIME_WAIT"
 156:Middlewares/Third_Party/LwIP/src/core/tcp.c **** };
 157:Middlewares/Third_Party/LwIP/src/core/tcp.c **** 
 158:Middlewares/Third_Party/LwIP/src/core/tcp.c **** /* last local TCP port */
 159:Middlewares/Third_Party/LwIP/src/core/tcp.c **** static u16_t tcp_port = TCP_LOCAL_PORT_RANGE_START;
 160:Middlewares/Third_Party/LwIP/src/core/tcp.c **** 
 161:Middlewares/Third_Party/LwIP/src/core/tcp.c **** /* Incremented every coarse grained timer shot (typically every 500 ms). */
 162:Middlewares/Third_Party/LwIP/src/core/tcp.c **** u32_t tcp_ticks;
 163:Middlewares/Third_Party/LwIP/src/core/tcp.c **** static const u8_t tcp_backoff[13] =
 164:Middlewares/Third_Party/LwIP/src/core/tcp.c **** { 1, 2, 3, 4, 5, 6, 7, 7, 7, 7, 7, 7, 7};
 165:Middlewares/Third_Party/LwIP/src/core/tcp.c **** /* Times per slowtmr hits */
 166:Middlewares/Third_Party/LwIP/src/core/tcp.c **** static const u8_t tcp_persist_backoff[7] = { 3, 6, 12, 24, 48, 96, 120 };
 167:Middlewares/Third_Party/LwIP/src/core/tcp.c **** 
 168:Middlewares/Third_Party/LwIP/src/core/tcp.c **** /* The TCP PCB lists. */
 169:Middlewares/Third_Party/LwIP/src/core/tcp.c **** 
 170:Middlewares/Third_Party/LwIP/src/core/tcp.c **** /** List of all TCP PCBs bound but not yet (connected || listening) */
 171:Middlewares/Third_Party/LwIP/src/core/tcp.c **** struct tcp_pcb *tcp_bound_pcbs;
 172:Middlewares/Third_Party/LwIP/src/core/tcp.c **** /** List of all TCP PCBs in LISTEN state */
 173:Middlewares/Third_Party/LwIP/src/core/tcp.c **** union tcp_listen_pcbs_t tcp_listen_pcbs;
 174:Middlewares/Third_Party/LwIP/src/core/tcp.c **** /** List of all TCP PCBs that are in a state in which
 175:Middlewares/Third_Party/LwIP/src/core/tcp.c ****  * they accept or send data. */
 176:Middlewares/Third_Party/LwIP/src/core/tcp.c **** struct tcp_pcb *tcp_active_pcbs;
 177:Middlewares/Third_Party/LwIP/src/core/tcp.c **** /** List of all TCP PCBs in TIME-WAIT state */
 178:Middlewares/Third_Party/LwIP/src/core/tcp.c **** struct tcp_pcb *tcp_tw_pcbs;
 179:Middlewares/Third_Party/LwIP/src/core/tcp.c **** 
 180:Middlewares/Third_Party/LwIP/src/core/tcp.c **** /** An array with all (non-temporary) PCB lists, mainly used for smaller code size */
 181:Middlewares/Third_Party/LwIP/src/core/tcp.c **** struct tcp_pcb **const tcp_pcb_lists[] = {&tcp_listen_pcbs.pcbs, &tcp_bound_pcbs,
 182:Middlewares/Third_Party/LwIP/src/core/tcp.c ****          &tcp_active_pcbs, &tcp_tw_pcbs
 183:Middlewares/Third_Party/LwIP/src/core/tcp.c **** };
 184:Middlewares/Third_Party/LwIP/src/core/tcp.c **** 
 185:Middlewares/Third_Party/LwIP/src/core/tcp.c **** u8_t tcp_active_pcbs_changed;
 186:Middlewares/Third_Party/LwIP/src/core/tcp.c **** 
 187:Middlewares/Third_Party/LwIP/src/core/tcp.c **** /** Timer counter to handle calling slow-timer from tcp_tmr() */
 188:Middlewares/Third_Party/LwIP/src/core/tcp.c **** static u8_t tcp_timer;
 189:Middlewares/Third_Party/LwIP/src/core/tcp.c **** static u8_t tcp_timer_ctr;
 190:Middlewares/Third_Party/LwIP/src/core/tcp.c **** static u16_t tcp_new_port(void);
 191:Middlewares/Third_Party/LwIP/src/core/tcp.c **** 
 192:Middlewares/Third_Party/LwIP/src/core/tcp.c **** static err_t tcp_close_shutdown_fin(struct tcp_pcb *pcb);
 193:Middlewares/Third_Party/LwIP/src/core/tcp.c **** #if LWIP_TCP_PCB_NUM_EXT_ARGS
 194:Middlewares/Third_Party/LwIP/src/core/tcp.c **** static void tcp_ext_arg_invoke_callbacks_destroyed(struct tcp_pcb_ext_args *ext_args);
 195:Middlewares/Third_Party/LwIP/src/core/tcp.c **** #endif
 196:Middlewares/Third_Party/LwIP/src/core/tcp.c **** 
 197:Middlewares/Third_Party/LwIP/src/core/tcp.c **** /**
 198:Middlewares/Third_Party/LwIP/src/core/tcp.c ****  * Initialize this module.
 199:Middlewares/Third_Party/LwIP/src/core/tcp.c ****  */
 200:Middlewares/Third_Party/LwIP/src/core/tcp.c **** void
 201:Middlewares/Third_Party/LwIP/src/core/tcp.c **** tcp_init(void)
 202:Middlewares/Third_Party/LwIP/src/core/tcp.c **** {
ARM GAS  C:\msys64\tmp\cc73uNFg.s 			page 5


 203:Middlewares/Third_Party/LwIP/src/core/tcp.c **** #ifdef LWIP_RAND
 204:Middlewares/Third_Party/LwIP/src/core/tcp.c ****   tcp_port = TCP_ENSURE_LOCAL_PORT_RANGE(LWIP_RAND());
 205:Middlewares/Third_Party/LwIP/src/core/tcp.c **** #endif /* LWIP_RAND */
 206:Middlewares/Third_Party/LwIP/src/core/tcp.c **** }
 207:Middlewares/Third_Party/LwIP/src/core/tcp.c **** 
 208:Middlewares/Third_Party/LwIP/src/core/tcp.c **** /** Free a tcp pcb */
 209:Middlewares/Third_Party/LwIP/src/core/tcp.c **** void
 210:Middlewares/Third_Party/LwIP/src/core/tcp.c **** tcp_free(struct tcp_pcb *pcb)
 211:Middlewares/Third_Party/LwIP/src/core/tcp.c **** {
 212:Middlewares/Third_Party/LwIP/src/core/tcp.c ****   LWIP_ASSERT("tcp_free: LISTEN", pcb->state != LISTEN);
 213:Middlewares/Third_Party/LwIP/src/core/tcp.c **** #if LWIP_TCP_PCB_NUM_EXT_ARGS
 214:Middlewares/Third_Party/LwIP/src/core/tcp.c ****   tcp_ext_arg_invoke_callbacks_destroyed(pcb->ext_args);
 215:Middlewares/Third_Party/LwIP/src/core/tcp.c **** #endif
 216:Middlewares/Third_Party/LwIP/src/core/tcp.c ****   memp_free(MEMP_TCP_PCB, pcb);
 217:Middlewares/Third_Party/LwIP/src/core/tcp.c **** }
 218:Middlewares/Third_Party/LwIP/src/core/tcp.c **** 
 219:Middlewares/Third_Party/LwIP/src/core/tcp.c **** /** Free a tcp listen pcb */
 220:Middlewares/Third_Party/LwIP/src/core/tcp.c **** static void
 221:Middlewares/Third_Party/LwIP/src/core/tcp.c **** tcp_free_listen(struct tcp_pcb *pcb)
 222:Middlewares/Third_Party/LwIP/src/core/tcp.c **** {
 223:Middlewares/Third_Party/LwIP/src/core/tcp.c ****   LWIP_ASSERT("tcp_free_listen: !LISTEN", pcb->state != LISTEN);
 224:Middlewares/Third_Party/LwIP/src/core/tcp.c **** #if LWIP_TCP_PCB_NUM_EXT_ARGS
 225:Middlewares/Third_Party/LwIP/src/core/tcp.c ****   tcp_ext_arg_invoke_callbacks_destroyed(pcb->ext_args);
 226:Middlewares/Third_Party/LwIP/src/core/tcp.c **** #endif
 227:Middlewares/Third_Party/LwIP/src/core/tcp.c ****   memp_free(MEMP_TCP_PCB_LISTEN, pcb);
 228:Middlewares/Third_Party/LwIP/src/core/tcp.c **** }
 229:Middlewares/Third_Party/LwIP/src/core/tcp.c **** 
 230:Middlewares/Third_Party/LwIP/src/core/tcp.c **** /**
 231:Middlewares/Third_Party/LwIP/src/core/tcp.c ****  * Called periodically to dispatch TCP timers.
 232:Middlewares/Third_Party/LwIP/src/core/tcp.c ****  */
 233:Middlewares/Third_Party/LwIP/src/core/tcp.c **** void
 234:Middlewares/Third_Party/LwIP/src/core/tcp.c **** tcp_tmr(void)
 235:Middlewares/Third_Party/LwIP/src/core/tcp.c **** {
 236:Middlewares/Third_Party/LwIP/src/core/tcp.c ****   /* Call tcp_fasttmr() every 250 ms */
 237:Middlewares/Third_Party/LwIP/src/core/tcp.c ****   tcp_fasttmr();
 238:Middlewares/Third_Party/LwIP/src/core/tcp.c **** 
 239:Middlewares/Third_Party/LwIP/src/core/tcp.c ****   if (++tcp_timer & 1) {
 240:Middlewares/Third_Party/LwIP/src/core/tcp.c ****     /* Call tcp_slowtmr() every 500 ms, i.e., every other timer
 241:Middlewares/Third_Party/LwIP/src/core/tcp.c ****        tcp_tmr() is called. */
 242:Middlewares/Third_Party/LwIP/src/core/tcp.c ****     tcp_slowtmr();
 243:Middlewares/Third_Party/LwIP/src/core/tcp.c ****   }
 244:Middlewares/Third_Party/LwIP/src/core/tcp.c **** }
 245:Middlewares/Third_Party/LwIP/src/core/tcp.c **** 
 246:Middlewares/Third_Party/LwIP/src/core/tcp.c **** #if LWIP_CALLBACK_API || TCP_LISTEN_BACKLOG
 247:Middlewares/Third_Party/LwIP/src/core/tcp.c **** /** Called when a listen pcb is closed. Iterates one pcb list and removes the
 248:Middlewares/Third_Party/LwIP/src/core/tcp.c ****  * closed listener pcb from pcb->listener if matching.
 249:Middlewares/Third_Party/LwIP/src/core/tcp.c ****  */
 250:Middlewares/Third_Party/LwIP/src/core/tcp.c **** static void
 251:Middlewares/Third_Party/LwIP/src/core/tcp.c **** tcp_remove_listener(struct tcp_pcb *list, struct tcp_pcb_listen *lpcb)
 252:Middlewares/Third_Party/LwIP/src/core/tcp.c **** {
 253:Middlewares/Third_Party/LwIP/src/core/tcp.c ****   struct tcp_pcb *pcb;
 254:Middlewares/Third_Party/LwIP/src/core/tcp.c **** 
 255:Middlewares/Third_Party/LwIP/src/core/tcp.c ****   LWIP_ASSERT("tcp_remove_listener: invalid listener", lpcb != NULL);
 256:Middlewares/Third_Party/LwIP/src/core/tcp.c **** 
 257:Middlewares/Third_Party/LwIP/src/core/tcp.c ****   for (pcb = list; pcb != NULL; pcb = pcb->next) {
 258:Middlewares/Third_Party/LwIP/src/core/tcp.c ****     if (pcb->listener == lpcb) {
 259:Middlewares/Third_Party/LwIP/src/core/tcp.c ****       pcb->listener = NULL;
ARM GAS  C:\msys64\tmp\cc73uNFg.s 			page 6


 260:Middlewares/Third_Party/LwIP/src/core/tcp.c ****     }
 261:Middlewares/Third_Party/LwIP/src/core/tcp.c ****   }
 262:Middlewares/Third_Party/LwIP/src/core/tcp.c **** }
 263:Middlewares/Third_Party/LwIP/src/core/tcp.c **** #endif
 264:Middlewares/Third_Party/LwIP/src/core/tcp.c **** 
 265:Middlewares/Third_Party/LwIP/src/core/tcp.c **** /** Called when a listen pcb is closed. Iterates all pcb lists and removes the
 266:Middlewares/Third_Party/LwIP/src/core/tcp.c ****  * closed listener pcb from pcb->listener if matching.
 267:Middlewares/Third_Party/LwIP/src/core/tcp.c ****  */
 268:Middlewares/Third_Party/LwIP/src/core/tcp.c **** static void
 269:Middlewares/Third_Party/LwIP/src/core/tcp.c **** tcp_listen_closed(struct tcp_pcb *pcb)
 270:Middlewares/Third_Party/LwIP/src/core/tcp.c **** {
 271:Middlewares/Third_Party/LwIP/src/core/tcp.c **** #if LWIP_CALLBACK_API || TCP_LISTEN_BACKLOG
 272:Middlewares/Third_Party/LwIP/src/core/tcp.c ****   size_t i;
 273:Middlewares/Third_Party/LwIP/src/core/tcp.c ****   LWIP_ASSERT("pcb != NULL", pcb != NULL);
 274:Middlewares/Third_Party/LwIP/src/core/tcp.c ****   LWIP_ASSERT("pcb->state == LISTEN", pcb->state == LISTEN);
 275:Middlewares/Third_Party/LwIP/src/core/tcp.c ****   for (i = 1; i < LWIP_ARRAYSIZE(tcp_pcb_lists); i++) {
 276:Middlewares/Third_Party/LwIP/src/core/tcp.c ****     tcp_remove_listener(*tcp_pcb_lists[i], (struct tcp_pcb_listen *)pcb);
 277:Middlewares/Third_Party/LwIP/src/core/tcp.c ****   }
 278:Middlewares/Third_Party/LwIP/src/core/tcp.c **** #endif
 279:Middlewares/Third_Party/LwIP/src/core/tcp.c ****   LWIP_UNUSED_ARG(pcb);
 280:Middlewares/Third_Party/LwIP/src/core/tcp.c **** }
 281:Middlewares/Third_Party/LwIP/src/core/tcp.c **** 
 282:Middlewares/Third_Party/LwIP/src/core/tcp.c **** #if TCP_LISTEN_BACKLOG
 283:Middlewares/Third_Party/LwIP/src/core/tcp.c **** /** @ingroup tcp_raw
 284:Middlewares/Third_Party/LwIP/src/core/tcp.c ****  * Delay accepting a connection in respect to the listen backlog:
 285:Middlewares/Third_Party/LwIP/src/core/tcp.c ****  * the number of outstanding connections is increased until
 286:Middlewares/Third_Party/LwIP/src/core/tcp.c ****  * tcp_backlog_accepted() is called.
 287:Middlewares/Third_Party/LwIP/src/core/tcp.c ****  *
 288:Middlewares/Third_Party/LwIP/src/core/tcp.c ****  * ATTENTION: the caller is responsible for calling tcp_backlog_accepted()
 289:Middlewares/Third_Party/LwIP/src/core/tcp.c ****  * or else the backlog feature will get out of sync!
 290:Middlewares/Third_Party/LwIP/src/core/tcp.c ****  *
 291:Middlewares/Third_Party/LwIP/src/core/tcp.c ****  * @param pcb the connection pcb which is not fully accepted yet
 292:Middlewares/Third_Party/LwIP/src/core/tcp.c ****  */
 293:Middlewares/Third_Party/LwIP/src/core/tcp.c **** void
 294:Middlewares/Third_Party/LwIP/src/core/tcp.c **** tcp_backlog_delayed(struct tcp_pcb *pcb)
 295:Middlewares/Third_Party/LwIP/src/core/tcp.c **** {
 296:Middlewares/Third_Party/LwIP/src/core/tcp.c ****   LWIP_ASSERT("pcb != NULL", pcb != NULL);
 297:Middlewares/Third_Party/LwIP/src/core/tcp.c ****   LWIP_ASSERT_CORE_LOCKED();
 298:Middlewares/Third_Party/LwIP/src/core/tcp.c ****   if ((pcb->flags & TF_BACKLOGPEND) == 0) {
 299:Middlewares/Third_Party/LwIP/src/core/tcp.c ****     if (pcb->listener != NULL) {
 300:Middlewares/Third_Party/LwIP/src/core/tcp.c ****       pcb->listener->accepts_pending++;
 301:Middlewares/Third_Party/LwIP/src/core/tcp.c ****       LWIP_ASSERT("accepts_pending != 0", pcb->listener->accepts_pending != 0);
 302:Middlewares/Third_Party/LwIP/src/core/tcp.c ****       tcp_set_flags(pcb, TF_BACKLOGPEND);
 303:Middlewares/Third_Party/LwIP/src/core/tcp.c ****     }
 304:Middlewares/Third_Party/LwIP/src/core/tcp.c ****   }
 305:Middlewares/Third_Party/LwIP/src/core/tcp.c **** }
 306:Middlewares/Third_Party/LwIP/src/core/tcp.c **** 
 307:Middlewares/Third_Party/LwIP/src/core/tcp.c **** /** @ingroup tcp_raw
 308:Middlewares/Third_Party/LwIP/src/core/tcp.c ****  * A delayed-accept a connection is accepted (or closed/aborted): decreases
 309:Middlewares/Third_Party/LwIP/src/core/tcp.c ****  * the number of outstanding connections after calling tcp_backlog_delayed().
 310:Middlewares/Third_Party/LwIP/src/core/tcp.c ****  *
 311:Middlewares/Third_Party/LwIP/src/core/tcp.c ****  * ATTENTION: the caller is responsible for calling tcp_backlog_accepted()
 312:Middlewares/Third_Party/LwIP/src/core/tcp.c ****  * or else the backlog feature will get out of sync!
 313:Middlewares/Third_Party/LwIP/src/core/tcp.c ****  *
 314:Middlewares/Third_Party/LwIP/src/core/tcp.c ****  * @param pcb the connection pcb which is now fully accepted (or closed/aborted)
 315:Middlewares/Third_Party/LwIP/src/core/tcp.c ****  */
 316:Middlewares/Third_Party/LwIP/src/core/tcp.c **** void
ARM GAS  C:\msys64\tmp\cc73uNFg.s 			page 7


 317:Middlewares/Third_Party/LwIP/src/core/tcp.c **** tcp_backlog_accepted(struct tcp_pcb *pcb)
 318:Middlewares/Third_Party/LwIP/src/core/tcp.c **** {
 319:Middlewares/Third_Party/LwIP/src/core/tcp.c ****   LWIP_ASSERT("pcb != NULL", pcb != NULL);
 320:Middlewares/Third_Party/LwIP/src/core/tcp.c ****   LWIP_ASSERT_CORE_LOCKED();
 321:Middlewares/Third_Party/LwIP/src/core/tcp.c ****   if ((pcb->flags & TF_BACKLOGPEND) != 0) {
 322:Middlewares/Third_Party/LwIP/src/core/tcp.c ****     if (pcb->listener != NULL) {
 323:Middlewares/Third_Party/LwIP/src/core/tcp.c ****       LWIP_ASSERT("accepts_pending != 0", pcb->listener->accepts_pending != 0);
 324:Middlewares/Third_Party/LwIP/src/core/tcp.c ****       pcb->listener->accepts_pending--;
 325:Middlewares/Third_Party/LwIP/src/core/tcp.c ****       tcp_clear_flags(pcb, TF_BACKLOGPEND);
 326:Middlewares/Third_Party/LwIP/src/core/tcp.c ****     }
 327:Middlewares/Third_Party/LwIP/src/core/tcp.c ****   }
 328:Middlewares/Third_Party/LwIP/src/core/tcp.c **** }
 329:Middlewares/Third_Party/LwIP/src/core/tcp.c **** #endif /* TCP_LISTEN_BACKLOG */
 330:Middlewares/Third_Party/LwIP/src/core/tcp.c **** 
 331:Middlewares/Third_Party/LwIP/src/core/tcp.c **** /**
 332:Middlewares/Third_Party/LwIP/src/core/tcp.c ****  * Closes the TX side of a connection held by the PCB.
 333:Middlewares/Third_Party/LwIP/src/core/tcp.c ****  * For tcp_close(), a RST is sent if the application didn't receive all data
 334:Middlewares/Third_Party/LwIP/src/core/tcp.c ****  * (tcp_recved() not called for all data passed to recv callback).
 335:Middlewares/Third_Party/LwIP/src/core/tcp.c ****  *
 336:Middlewares/Third_Party/LwIP/src/core/tcp.c ****  * Listening pcbs are freed and may not be referenced any more.
 337:Middlewares/Third_Party/LwIP/src/core/tcp.c ****  * Connection pcbs are freed if not yet connected and may not be referenced
 338:Middlewares/Third_Party/LwIP/src/core/tcp.c ****  * any more. If a connection is established (at least SYN received or in
 339:Middlewares/Third_Party/LwIP/src/core/tcp.c ****  * a closing state), the connection is closed, and put in a closing state.
 340:Middlewares/Third_Party/LwIP/src/core/tcp.c ****  * The pcb is then automatically freed in tcp_slowtmr(). It is therefore
 341:Middlewares/Third_Party/LwIP/src/core/tcp.c ****  * unsafe to reference it.
 342:Middlewares/Third_Party/LwIP/src/core/tcp.c ****  *
 343:Middlewares/Third_Party/LwIP/src/core/tcp.c ****  * @param pcb the tcp_pcb to close
 344:Middlewares/Third_Party/LwIP/src/core/tcp.c ****  * @return ERR_OK if connection has been closed
 345:Middlewares/Third_Party/LwIP/src/core/tcp.c ****  *         another err_t if closing failed and pcb is not freed
 346:Middlewares/Third_Party/LwIP/src/core/tcp.c ****  */
 347:Middlewares/Third_Party/LwIP/src/core/tcp.c **** static err_t
 348:Middlewares/Third_Party/LwIP/src/core/tcp.c **** tcp_close_shutdown(struct tcp_pcb *pcb, u8_t rst_on_unacked_data)
 349:Middlewares/Third_Party/LwIP/src/core/tcp.c **** {
 350:Middlewares/Third_Party/LwIP/src/core/tcp.c ****   LWIP_ASSERT("tcp_close_shutdown: invalid pcb", pcb != NULL);
 351:Middlewares/Third_Party/LwIP/src/core/tcp.c **** 
 352:Middlewares/Third_Party/LwIP/src/core/tcp.c ****   if (rst_on_unacked_data && ((pcb->state == ESTABLISHED) || (pcb->state == CLOSE_WAIT))) {
 353:Middlewares/Third_Party/LwIP/src/core/tcp.c ****     if ((pcb->refused_data != NULL) || (pcb->rcv_wnd != TCP_WND_MAX(pcb))) {
 354:Middlewares/Third_Party/LwIP/src/core/tcp.c ****       /* Not all data received by application, send RST to tell the remote
 355:Middlewares/Third_Party/LwIP/src/core/tcp.c ****          side about this. */
 356:Middlewares/Third_Party/LwIP/src/core/tcp.c ****       LWIP_ASSERT("pcb->flags & TF_RXCLOSED", pcb->flags & TF_RXCLOSED);
 357:Middlewares/Third_Party/LwIP/src/core/tcp.c **** 
 358:Middlewares/Third_Party/LwIP/src/core/tcp.c ****       /* don't call tcp_abort here: we must not deallocate the pcb since
 359:Middlewares/Third_Party/LwIP/src/core/tcp.c ****          that might not be expected when calling tcp_close */
 360:Middlewares/Third_Party/LwIP/src/core/tcp.c ****       tcp_rst(pcb, pcb->snd_nxt, pcb->rcv_nxt, &pcb->local_ip, &pcb->remote_ip,
 361:Middlewares/Third_Party/LwIP/src/core/tcp.c ****               pcb->local_port, pcb->remote_port);
 362:Middlewares/Third_Party/LwIP/src/core/tcp.c **** 
 363:Middlewares/Third_Party/LwIP/src/core/tcp.c ****       tcp_pcb_purge(pcb);
 364:Middlewares/Third_Party/LwIP/src/core/tcp.c ****       TCP_RMV_ACTIVE(pcb);
 365:Middlewares/Third_Party/LwIP/src/core/tcp.c ****       /* Deallocate the pcb since we already sent a RST for it */
 366:Middlewares/Third_Party/LwIP/src/core/tcp.c ****       if (tcp_input_pcb == pcb) {
 367:Middlewares/Third_Party/LwIP/src/core/tcp.c ****         /* prevent using a deallocated pcb: free it from tcp_input later */
 368:Middlewares/Third_Party/LwIP/src/core/tcp.c ****         tcp_trigger_input_pcb_close();
 369:Middlewares/Third_Party/LwIP/src/core/tcp.c ****       } else {
 370:Middlewares/Third_Party/LwIP/src/core/tcp.c ****         tcp_free(pcb);
 371:Middlewares/Third_Party/LwIP/src/core/tcp.c ****       }
 372:Middlewares/Third_Party/LwIP/src/core/tcp.c ****       return ERR_OK;
 373:Middlewares/Third_Party/LwIP/src/core/tcp.c ****     }
ARM GAS  C:\msys64\tmp\cc73uNFg.s 			page 8


 374:Middlewares/Third_Party/LwIP/src/core/tcp.c ****   }
 375:Middlewares/Third_Party/LwIP/src/core/tcp.c **** 
 376:Middlewares/Third_Party/LwIP/src/core/tcp.c ****   /* - states which free the pcb are handled here,
 377:Middlewares/Third_Party/LwIP/src/core/tcp.c ****      - states which send FIN and change state are handled in tcp_close_shutdown_fin() */
 378:Middlewares/Third_Party/LwIP/src/core/tcp.c ****   switch (pcb->state) {
 379:Middlewares/Third_Party/LwIP/src/core/tcp.c ****     case CLOSED:
 380:Middlewares/Third_Party/LwIP/src/core/tcp.c ****       /* Closing a pcb in the CLOSED state might seem erroneous,
 381:Middlewares/Third_Party/LwIP/src/core/tcp.c ****        * however, it is in this state once allocated and as yet unused
 382:Middlewares/Third_Party/LwIP/src/core/tcp.c ****        * and the user needs some way to free it should the need arise.
 383:Middlewares/Third_Party/LwIP/src/core/tcp.c ****        * Calling tcp_close() with a pcb that has already been closed, (i.e. twice)
 384:Middlewares/Third_Party/LwIP/src/core/tcp.c ****        * or for a pcb that has been used and then entered the CLOSED state
 385:Middlewares/Third_Party/LwIP/src/core/tcp.c ****        * is erroneous, but this should never happen as the pcb has in those cases
 386:Middlewares/Third_Party/LwIP/src/core/tcp.c ****        * been freed, and so any remaining handles are bogus. */
 387:Middlewares/Third_Party/LwIP/src/core/tcp.c ****       if (pcb->local_port != 0) {
 388:Middlewares/Third_Party/LwIP/src/core/tcp.c ****         TCP_RMV(&tcp_bound_pcbs, pcb);
 389:Middlewares/Third_Party/LwIP/src/core/tcp.c ****       }
 390:Middlewares/Third_Party/LwIP/src/core/tcp.c ****       tcp_free(pcb);
 391:Middlewares/Third_Party/LwIP/src/core/tcp.c ****       break;
 392:Middlewares/Third_Party/LwIP/src/core/tcp.c ****     case LISTEN:
 393:Middlewares/Third_Party/LwIP/src/core/tcp.c ****       tcp_listen_closed(pcb);
 394:Middlewares/Third_Party/LwIP/src/core/tcp.c ****       tcp_pcb_remove(&tcp_listen_pcbs.pcbs, pcb);
 395:Middlewares/Third_Party/LwIP/src/core/tcp.c ****       tcp_free_listen(pcb);
 396:Middlewares/Third_Party/LwIP/src/core/tcp.c ****       break;
 397:Middlewares/Third_Party/LwIP/src/core/tcp.c ****     case SYN_SENT:
 398:Middlewares/Third_Party/LwIP/src/core/tcp.c ****       TCP_PCB_REMOVE_ACTIVE(pcb);
 399:Middlewares/Third_Party/LwIP/src/core/tcp.c ****       tcp_free(pcb);
 400:Middlewares/Third_Party/LwIP/src/core/tcp.c ****       MIB2_STATS_INC(mib2.tcpattemptfails);
 401:Middlewares/Third_Party/LwIP/src/core/tcp.c ****       break;
 402:Middlewares/Third_Party/LwIP/src/core/tcp.c ****     default:
 403:Middlewares/Third_Party/LwIP/src/core/tcp.c ****       return tcp_close_shutdown_fin(pcb);
 404:Middlewares/Third_Party/LwIP/src/core/tcp.c ****   }
 405:Middlewares/Third_Party/LwIP/src/core/tcp.c ****   return ERR_OK;
 406:Middlewares/Third_Party/LwIP/src/core/tcp.c **** }
 407:Middlewares/Third_Party/LwIP/src/core/tcp.c **** 
 408:Middlewares/Third_Party/LwIP/src/core/tcp.c **** static err_t
 409:Middlewares/Third_Party/LwIP/src/core/tcp.c **** tcp_close_shutdown_fin(struct tcp_pcb *pcb)
 410:Middlewares/Third_Party/LwIP/src/core/tcp.c **** {
 411:Middlewares/Third_Party/LwIP/src/core/tcp.c ****   err_t err;
 412:Middlewares/Third_Party/LwIP/src/core/tcp.c ****   LWIP_ASSERT("pcb != NULL", pcb != NULL);
 413:Middlewares/Third_Party/LwIP/src/core/tcp.c **** 
 414:Middlewares/Third_Party/LwIP/src/core/tcp.c ****   switch (pcb->state) {
 415:Middlewares/Third_Party/LwIP/src/core/tcp.c ****     case SYN_RCVD:
 416:Middlewares/Third_Party/LwIP/src/core/tcp.c ****       err = tcp_send_fin(pcb);
 417:Middlewares/Third_Party/LwIP/src/core/tcp.c ****       if (err == ERR_OK) {
 418:Middlewares/Third_Party/LwIP/src/core/tcp.c ****         tcp_backlog_accepted(pcb);
 419:Middlewares/Third_Party/LwIP/src/core/tcp.c ****         MIB2_STATS_INC(mib2.tcpattemptfails);
 420:Middlewares/Third_Party/LwIP/src/core/tcp.c ****         pcb->state = FIN_WAIT_1;
 421:Middlewares/Third_Party/LwIP/src/core/tcp.c ****       }
 422:Middlewares/Third_Party/LwIP/src/core/tcp.c ****       break;
 423:Middlewares/Third_Party/LwIP/src/core/tcp.c ****     case ESTABLISHED:
 424:Middlewares/Third_Party/LwIP/src/core/tcp.c ****       err = tcp_send_fin(pcb);
 425:Middlewares/Third_Party/LwIP/src/core/tcp.c ****       if (err == ERR_OK) {
 426:Middlewares/Third_Party/LwIP/src/core/tcp.c ****         MIB2_STATS_INC(mib2.tcpestabresets);
 427:Middlewares/Third_Party/LwIP/src/core/tcp.c ****         pcb->state = FIN_WAIT_1;
 428:Middlewares/Third_Party/LwIP/src/core/tcp.c ****       }
 429:Middlewares/Third_Party/LwIP/src/core/tcp.c ****       break;
 430:Middlewares/Third_Party/LwIP/src/core/tcp.c ****     case CLOSE_WAIT:
ARM GAS  C:\msys64\tmp\cc73uNFg.s 			page 9


 431:Middlewares/Third_Party/LwIP/src/core/tcp.c ****       err = tcp_send_fin(pcb);
 432:Middlewares/Third_Party/LwIP/src/core/tcp.c ****       if (err == ERR_OK) {
 433:Middlewares/Third_Party/LwIP/src/core/tcp.c ****         MIB2_STATS_INC(mib2.tcpestabresets);
 434:Middlewares/Third_Party/LwIP/src/core/tcp.c ****         pcb->state = LAST_ACK;
 435:Middlewares/Third_Party/LwIP/src/core/tcp.c ****       }
 436:Middlewares/Third_Party/LwIP/src/core/tcp.c ****       break;
 437:Middlewares/Third_Party/LwIP/src/core/tcp.c ****     default:
 438:Middlewares/Third_Party/LwIP/src/core/tcp.c ****       /* Has already been closed, do nothing. */
 439:Middlewares/Third_Party/LwIP/src/core/tcp.c ****       return ERR_OK;
 440:Middlewares/Third_Party/LwIP/src/core/tcp.c ****   }
 441:Middlewares/Third_Party/LwIP/src/core/tcp.c **** 
 442:Middlewares/Third_Party/LwIP/src/core/tcp.c ****   if (err == ERR_OK) {
 443:Middlewares/Third_Party/LwIP/src/core/tcp.c ****     /* To ensure all data has been sent when tcp_close returns, we have
 444:Middlewares/Third_Party/LwIP/src/core/tcp.c ****        to make sure tcp_output doesn't fail.
 445:Middlewares/Third_Party/LwIP/src/core/tcp.c ****        Since we don't really have to ensure all data has been sent when tcp_close
 446:Middlewares/Third_Party/LwIP/src/core/tcp.c ****        returns (unsent data is sent from tcp timer functions, also), we don't care
 447:Middlewares/Third_Party/LwIP/src/core/tcp.c ****        for the return value of tcp_output for now. */
 448:Middlewares/Third_Party/LwIP/src/core/tcp.c ****     tcp_output(pcb);
 449:Middlewares/Third_Party/LwIP/src/core/tcp.c ****   } else if (err == ERR_MEM) {
 450:Middlewares/Third_Party/LwIP/src/core/tcp.c ****     /* Mark this pcb for closing. Closing is retried from tcp_tmr. */
 451:Middlewares/Third_Party/LwIP/src/core/tcp.c ****     tcp_set_flags(pcb, TF_CLOSEPEND);
 452:Middlewares/Third_Party/LwIP/src/core/tcp.c ****     /* We have to return ERR_OK from here to indicate to the callers that this
 453:Middlewares/Third_Party/LwIP/src/core/tcp.c ****        pcb should not be used any more as it will be freed soon via tcp_tmr.
 454:Middlewares/Third_Party/LwIP/src/core/tcp.c ****        This is OK here since sending FIN does not guarantee a time frime for
 455:Middlewares/Third_Party/LwIP/src/core/tcp.c ****        actually freeing the pcb, either (it is left in closure states for
 456:Middlewares/Third_Party/LwIP/src/core/tcp.c ****        remote ACK or timeout) */
 457:Middlewares/Third_Party/LwIP/src/core/tcp.c ****     return ERR_OK;
 458:Middlewares/Third_Party/LwIP/src/core/tcp.c ****   }
 459:Middlewares/Third_Party/LwIP/src/core/tcp.c ****   return err;
 460:Middlewares/Third_Party/LwIP/src/core/tcp.c **** }
 461:Middlewares/Third_Party/LwIP/src/core/tcp.c **** 
 462:Middlewares/Third_Party/LwIP/src/core/tcp.c **** /**
 463:Middlewares/Third_Party/LwIP/src/core/tcp.c ****  * @ingroup tcp_raw
 464:Middlewares/Third_Party/LwIP/src/core/tcp.c ****  * Closes the connection held by the PCB.
 465:Middlewares/Third_Party/LwIP/src/core/tcp.c ****  *
 466:Middlewares/Third_Party/LwIP/src/core/tcp.c ****  * Listening pcbs are freed and may not be referenced any more.
 467:Middlewares/Third_Party/LwIP/src/core/tcp.c ****  * Connection pcbs are freed if not yet connected and may not be referenced
 468:Middlewares/Third_Party/LwIP/src/core/tcp.c ****  * any more. If a connection is established (at least SYN received or in
 469:Middlewares/Third_Party/LwIP/src/core/tcp.c ****  * a closing state), the connection is closed, and put in a closing state.
 470:Middlewares/Third_Party/LwIP/src/core/tcp.c ****  * The pcb is then automatically freed in tcp_slowtmr(). It is therefore
 471:Middlewares/Third_Party/LwIP/src/core/tcp.c ****  * unsafe to reference it (unless an error is returned).
 472:Middlewares/Third_Party/LwIP/src/core/tcp.c ****  * 
 473:Middlewares/Third_Party/LwIP/src/core/tcp.c ****  * The function may return ERR_MEM if no memory
 474:Middlewares/Third_Party/LwIP/src/core/tcp.c ****  * was available for closing the connection. If so, the application
 475:Middlewares/Third_Party/LwIP/src/core/tcp.c ****  * should wait and try again either by using the acknowledgment
 476:Middlewares/Third_Party/LwIP/src/core/tcp.c ****  * callback or the polling functionality. If the close succeeds, the
 477:Middlewares/Third_Party/LwIP/src/core/tcp.c ****  * function returns ERR_OK.
 478:Middlewares/Third_Party/LwIP/src/core/tcp.c ****  *
 479:Middlewares/Third_Party/LwIP/src/core/tcp.c ****  * @param pcb the tcp_pcb to close
 480:Middlewares/Third_Party/LwIP/src/core/tcp.c ****  * @return ERR_OK if connection has been closed
 481:Middlewares/Third_Party/LwIP/src/core/tcp.c ****  *         another err_t if closing failed and pcb is not freed
 482:Middlewares/Third_Party/LwIP/src/core/tcp.c ****  */
 483:Middlewares/Third_Party/LwIP/src/core/tcp.c **** err_t
 484:Middlewares/Third_Party/LwIP/src/core/tcp.c **** tcp_close(struct tcp_pcb *pcb)
 485:Middlewares/Third_Party/LwIP/src/core/tcp.c **** {
 486:Middlewares/Third_Party/LwIP/src/core/tcp.c ****   LWIP_ASSERT_CORE_LOCKED();
 487:Middlewares/Third_Party/LwIP/src/core/tcp.c **** 
ARM GAS  C:\msys64\tmp\cc73uNFg.s 			page 10


 488:Middlewares/Third_Party/LwIP/src/core/tcp.c ****   LWIP_ERROR("tcp_close: invalid pcb", pcb != NULL, return ERR_ARG);
 489:Middlewares/Third_Party/LwIP/src/core/tcp.c ****   LWIP_DEBUGF(TCP_DEBUG, ("tcp_close: closing in "));
 490:Middlewares/Third_Party/LwIP/src/core/tcp.c **** 
 491:Middlewares/Third_Party/LwIP/src/core/tcp.c ****   tcp_debug_print_state(pcb->state);
 492:Middlewares/Third_Party/LwIP/src/core/tcp.c **** 
 493:Middlewares/Third_Party/LwIP/src/core/tcp.c ****   if (pcb->state != LISTEN) {
 494:Middlewares/Third_Party/LwIP/src/core/tcp.c ****     /* Set a flag not to receive any more data... */
 495:Middlewares/Third_Party/LwIP/src/core/tcp.c ****     tcp_set_flags(pcb, TF_RXCLOSED);
 496:Middlewares/Third_Party/LwIP/src/core/tcp.c ****   }
 497:Middlewares/Third_Party/LwIP/src/core/tcp.c ****   /* ... and close */
 498:Middlewares/Third_Party/LwIP/src/core/tcp.c ****   return tcp_close_shutdown(pcb, 1);
 499:Middlewares/Third_Party/LwIP/src/core/tcp.c **** }
 500:Middlewares/Third_Party/LwIP/src/core/tcp.c **** 
 501:Middlewares/Third_Party/LwIP/src/core/tcp.c **** /**
 502:Middlewares/Third_Party/LwIP/src/core/tcp.c ****  * @ingroup tcp_raw
 503:Middlewares/Third_Party/LwIP/src/core/tcp.c ****  * Causes all or part of a full-duplex connection of this PCB to be shut down.
 504:Middlewares/Third_Party/LwIP/src/core/tcp.c ****  * This doesn't deallocate the PCB unless shutting down both sides!
 505:Middlewares/Third_Party/LwIP/src/core/tcp.c ****  * Shutting down both sides is the same as calling tcp_close, so if it succeds
 506:Middlewares/Third_Party/LwIP/src/core/tcp.c ****  * (i.e. returns ER_OK), the PCB must not be referenced any more!
 507:Middlewares/Third_Party/LwIP/src/core/tcp.c ****  *
 508:Middlewares/Third_Party/LwIP/src/core/tcp.c ****  * @param pcb PCB to shutdown
 509:Middlewares/Third_Party/LwIP/src/core/tcp.c ****  * @param shut_rx shut down receive side if this is != 0
 510:Middlewares/Third_Party/LwIP/src/core/tcp.c ****  * @param shut_tx shut down send side if this is != 0
 511:Middlewares/Third_Party/LwIP/src/core/tcp.c ****  * @return ERR_OK if shutdown succeeded (or the PCB has already been shut down)
 512:Middlewares/Third_Party/LwIP/src/core/tcp.c ****  *         another err_t on error.
 513:Middlewares/Third_Party/LwIP/src/core/tcp.c ****  */
 514:Middlewares/Third_Party/LwIP/src/core/tcp.c **** err_t
 515:Middlewares/Third_Party/LwIP/src/core/tcp.c **** tcp_shutdown(struct tcp_pcb *pcb, int shut_rx, int shut_tx)
 516:Middlewares/Third_Party/LwIP/src/core/tcp.c **** {
 517:Middlewares/Third_Party/LwIP/src/core/tcp.c ****   LWIP_ASSERT_CORE_LOCKED();
 518:Middlewares/Third_Party/LwIP/src/core/tcp.c **** 
 519:Middlewares/Third_Party/LwIP/src/core/tcp.c ****   LWIP_ERROR("tcp_shutdown: invalid pcb", pcb != NULL, return ERR_ARG);
 520:Middlewares/Third_Party/LwIP/src/core/tcp.c **** 
 521:Middlewares/Third_Party/LwIP/src/core/tcp.c ****   if (pcb->state == LISTEN) {
 522:Middlewares/Third_Party/LwIP/src/core/tcp.c ****     return ERR_CONN;
 523:Middlewares/Third_Party/LwIP/src/core/tcp.c ****   }
 524:Middlewares/Third_Party/LwIP/src/core/tcp.c ****   if (shut_rx) {
 525:Middlewares/Third_Party/LwIP/src/core/tcp.c ****     /* shut down the receive side: set a flag not to receive any more data... */
 526:Middlewares/Third_Party/LwIP/src/core/tcp.c ****     tcp_set_flags(pcb, TF_RXCLOSED);
 527:Middlewares/Third_Party/LwIP/src/core/tcp.c ****     if (shut_tx) {
 528:Middlewares/Third_Party/LwIP/src/core/tcp.c ****       /* shutting down the tx AND rx side is the same as closing for the raw API */
 529:Middlewares/Third_Party/LwIP/src/core/tcp.c ****       return tcp_close_shutdown(pcb, 1);
 530:Middlewares/Third_Party/LwIP/src/core/tcp.c ****     }
 531:Middlewares/Third_Party/LwIP/src/core/tcp.c ****     /* ... and free buffered data */
 532:Middlewares/Third_Party/LwIP/src/core/tcp.c ****     if (pcb->refused_data != NULL) {
 533:Middlewares/Third_Party/LwIP/src/core/tcp.c ****       pbuf_free(pcb->refused_data);
 534:Middlewares/Third_Party/LwIP/src/core/tcp.c ****       pcb->refused_data = NULL;
 535:Middlewares/Third_Party/LwIP/src/core/tcp.c ****     }
 536:Middlewares/Third_Party/LwIP/src/core/tcp.c ****   }
 537:Middlewares/Third_Party/LwIP/src/core/tcp.c ****   if (shut_tx) {
 538:Middlewares/Third_Party/LwIP/src/core/tcp.c ****     /* This can't happen twice since if it succeeds, the pcb's state is changed.
 539:Middlewares/Third_Party/LwIP/src/core/tcp.c ****        Only close in these states as the others directly deallocate the PCB */
 540:Middlewares/Third_Party/LwIP/src/core/tcp.c ****     switch (pcb->state) {
 541:Middlewares/Third_Party/LwIP/src/core/tcp.c ****       case SYN_RCVD:
 542:Middlewares/Third_Party/LwIP/src/core/tcp.c ****       case ESTABLISHED:
 543:Middlewares/Third_Party/LwIP/src/core/tcp.c ****       case CLOSE_WAIT:
 544:Middlewares/Third_Party/LwIP/src/core/tcp.c ****         return tcp_close_shutdown(pcb, (u8_t)shut_rx);
ARM GAS  C:\msys64\tmp\cc73uNFg.s 			page 11


 545:Middlewares/Third_Party/LwIP/src/core/tcp.c ****       default:
 546:Middlewares/Third_Party/LwIP/src/core/tcp.c ****         /* Not (yet?) connected, cannot shutdown the TX side as that would bring us
 547:Middlewares/Third_Party/LwIP/src/core/tcp.c ****           into CLOSED state, where the PCB is deallocated. */
 548:Middlewares/Third_Party/LwIP/src/core/tcp.c ****         return ERR_CONN;
 549:Middlewares/Third_Party/LwIP/src/core/tcp.c ****     }
 550:Middlewares/Third_Party/LwIP/src/core/tcp.c ****   }
 551:Middlewares/Third_Party/LwIP/src/core/tcp.c ****   return ERR_OK;
 552:Middlewares/Third_Party/LwIP/src/core/tcp.c **** }
 553:Middlewares/Third_Party/LwIP/src/core/tcp.c **** 
 554:Middlewares/Third_Party/LwIP/src/core/tcp.c **** /**
 555:Middlewares/Third_Party/LwIP/src/core/tcp.c ****  * Abandons a connection and optionally sends a RST to the remote
 556:Middlewares/Third_Party/LwIP/src/core/tcp.c ****  * host.  Deletes the local protocol control block. This is done when
 557:Middlewares/Third_Party/LwIP/src/core/tcp.c ****  * a connection is killed because of shortage of memory.
 558:Middlewares/Third_Party/LwIP/src/core/tcp.c ****  *
 559:Middlewares/Third_Party/LwIP/src/core/tcp.c ****  * @param pcb the tcp_pcb to abort
 560:Middlewares/Third_Party/LwIP/src/core/tcp.c ****  * @param reset boolean to indicate whether a reset should be sent
 561:Middlewares/Third_Party/LwIP/src/core/tcp.c ****  */
 562:Middlewares/Third_Party/LwIP/src/core/tcp.c **** void
 563:Middlewares/Third_Party/LwIP/src/core/tcp.c **** tcp_abandon(struct tcp_pcb *pcb, int reset)
 564:Middlewares/Third_Party/LwIP/src/core/tcp.c **** {
 565:Middlewares/Third_Party/LwIP/src/core/tcp.c ****   u32_t seqno, ackno;
 566:Middlewares/Third_Party/LwIP/src/core/tcp.c **** #if LWIP_CALLBACK_API
 567:Middlewares/Third_Party/LwIP/src/core/tcp.c ****   tcp_err_fn errf;
 568:Middlewares/Third_Party/LwIP/src/core/tcp.c **** #endif /* LWIP_CALLBACK_API */
 569:Middlewares/Third_Party/LwIP/src/core/tcp.c ****   void *errf_arg;
 570:Middlewares/Third_Party/LwIP/src/core/tcp.c **** 
 571:Middlewares/Third_Party/LwIP/src/core/tcp.c ****   LWIP_ASSERT_CORE_LOCKED();
 572:Middlewares/Third_Party/LwIP/src/core/tcp.c **** 
 573:Middlewares/Third_Party/LwIP/src/core/tcp.c ****   LWIP_ERROR("tcp_abandon: invalid pcb", pcb != NULL, return);
 574:Middlewares/Third_Party/LwIP/src/core/tcp.c **** 
 575:Middlewares/Third_Party/LwIP/src/core/tcp.c ****   /* pcb->state LISTEN not allowed here */
 576:Middlewares/Third_Party/LwIP/src/core/tcp.c ****   LWIP_ASSERT("don't call tcp_abort/tcp_abandon for listen-pcbs",
 577:Middlewares/Third_Party/LwIP/src/core/tcp.c ****               pcb->state != LISTEN);
 578:Middlewares/Third_Party/LwIP/src/core/tcp.c ****   /* Figure out on which TCP PCB list we are, and remove us. If we
 579:Middlewares/Third_Party/LwIP/src/core/tcp.c ****      are in an active state, call the receive function associated with
 580:Middlewares/Third_Party/LwIP/src/core/tcp.c ****      the PCB with a NULL argument, and send an RST to the remote end. */
 581:Middlewares/Third_Party/LwIP/src/core/tcp.c ****   if (pcb->state == TIME_WAIT) {
 582:Middlewares/Third_Party/LwIP/src/core/tcp.c ****     tcp_pcb_remove(&tcp_tw_pcbs, pcb);
 583:Middlewares/Third_Party/LwIP/src/core/tcp.c ****     tcp_free(pcb);
 584:Middlewares/Third_Party/LwIP/src/core/tcp.c ****   } else {
 585:Middlewares/Third_Party/LwIP/src/core/tcp.c ****     int send_rst = 0;
 586:Middlewares/Third_Party/LwIP/src/core/tcp.c ****     u16_t local_port = 0;
 587:Middlewares/Third_Party/LwIP/src/core/tcp.c ****     enum tcp_state last_state;
 588:Middlewares/Third_Party/LwIP/src/core/tcp.c ****     seqno = pcb->snd_nxt;
 589:Middlewares/Third_Party/LwIP/src/core/tcp.c ****     ackno = pcb->rcv_nxt;
 590:Middlewares/Third_Party/LwIP/src/core/tcp.c **** #if LWIP_CALLBACK_API
 591:Middlewares/Third_Party/LwIP/src/core/tcp.c ****     errf = pcb->errf;
 592:Middlewares/Third_Party/LwIP/src/core/tcp.c **** #endif /* LWIP_CALLBACK_API */
 593:Middlewares/Third_Party/LwIP/src/core/tcp.c ****     errf_arg = pcb->callback_arg;
 594:Middlewares/Third_Party/LwIP/src/core/tcp.c ****     if (pcb->state == CLOSED) {
 595:Middlewares/Third_Party/LwIP/src/core/tcp.c ****       if (pcb->local_port != 0) {
 596:Middlewares/Third_Party/LwIP/src/core/tcp.c ****         /* bound, not yet opened */
 597:Middlewares/Third_Party/LwIP/src/core/tcp.c ****         TCP_RMV(&tcp_bound_pcbs, pcb);
 598:Middlewares/Third_Party/LwIP/src/core/tcp.c ****       }
 599:Middlewares/Third_Party/LwIP/src/core/tcp.c ****     } else {
 600:Middlewares/Third_Party/LwIP/src/core/tcp.c ****       send_rst = reset;
 601:Middlewares/Third_Party/LwIP/src/core/tcp.c ****       local_port = pcb->local_port;
ARM GAS  C:\msys64\tmp\cc73uNFg.s 			page 12


 602:Middlewares/Third_Party/LwIP/src/core/tcp.c ****       TCP_PCB_REMOVE_ACTIVE(pcb);
 603:Middlewares/Third_Party/LwIP/src/core/tcp.c ****     }
 604:Middlewares/Third_Party/LwIP/src/core/tcp.c ****     if (pcb->unacked != NULL) {
 605:Middlewares/Third_Party/LwIP/src/core/tcp.c ****       tcp_segs_free(pcb->unacked);
 606:Middlewares/Third_Party/LwIP/src/core/tcp.c ****     }
 607:Middlewares/Third_Party/LwIP/src/core/tcp.c ****     if (pcb->unsent != NULL) {
 608:Middlewares/Third_Party/LwIP/src/core/tcp.c ****       tcp_segs_free(pcb->unsent);
 609:Middlewares/Third_Party/LwIP/src/core/tcp.c ****     }
 610:Middlewares/Third_Party/LwIP/src/core/tcp.c **** #if TCP_QUEUE_OOSEQ
 611:Middlewares/Third_Party/LwIP/src/core/tcp.c ****     if (pcb->ooseq != NULL) {
 612:Middlewares/Third_Party/LwIP/src/core/tcp.c ****       tcp_segs_free(pcb->ooseq);
 613:Middlewares/Third_Party/LwIP/src/core/tcp.c ****     }
 614:Middlewares/Third_Party/LwIP/src/core/tcp.c **** #endif /* TCP_QUEUE_OOSEQ */
 615:Middlewares/Third_Party/LwIP/src/core/tcp.c ****     tcp_backlog_accepted(pcb);
 616:Middlewares/Third_Party/LwIP/src/core/tcp.c ****     if (send_rst) {
 617:Middlewares/Third_Party/LwIP/src/core/tcp.c ****       LWIP_DEBUGF(TCP_RST_DEBUG, ("tcp_abandon: sending RST\n"));
 618:Middlewares/Third_Party/LwIP/src/core/tcp.c ****       tcp_rst(pcb, seqno, ackno, &pcb->local_ip, &pcb->remote_ip, local_port, pcb->remote_port);
 619:Middlewares/Third_Party/LwIP/src/core/tcp.c ****     }
 620:Middlewares/Third_Party/LwIP/src/core/tcp.c ****     last_state = pcb->state;
 621:Middlewares/Third_Party/LwIP/src/core/tcp.c ****     tcp_free(pcb);
 622:Middlewares/Third_Party/LwIP/src/core/tcp.c ****     TCP_EVENT_ERR(last_state, errf, errf_arg, ERR_ABRT);
 623:Middlewares/Third_Party/LwIP/src/core/tcp.c ****   }
 624:Middlewares/Third_Party/LwIP/src/core/tcp.c **** }
 625:Middlewares/Third_Party/LwIP/src/core/tcp.c **** 
 626:Middlewares/Third_Party/LwIP/src/core/tcp.c **** /**
 627:Middlewares/Third_Party/LwIP/src/core/tcp.c ****  * @ingroup tcp_raw
 628:Middlewares/Third_Party/LwIP/src/core/tcp.c ****  * Aborts the connection by sending a RST (reset) segment to the remote
 629:Middlewares/Third_Party/LwIP/src/core/tcp.c ****  * host. The pcb is deallocated. This function never fails.
 630:Middlewares/Third_Party/LwIP/src/core/tcp.c ****  *
 631:Middlewares/Third_Party/LwIP/src/core/tcp.c ****  * ATTENTION: When calling this from one of the TCP callbacks, make
 632:Middlewares/Third_Party/LwIP/src/core/tcp.c ****  * sure you always return ERR_ABRT (and never return ERR_ABRT otherwise
 633:Middlewares/Third_Party/LwIP/src/core/tcp.c ****  * or you will risk accessing deallocated memory or memory leaks!
 634:Middlewares/Third_Party/LwIP/src/core/tcp.c ****  *
 635:Middlewares/Third_Party/LwIP/src/core/tcp.c ****  * @param pcb the tcp pcb to abort
 636:Middlewares/Third_Party/LwIP/src/core/tcp.c ****  */
 637:Middlewares/Third_Party/LwIP/src/core/tcp.c **** void
 638:Middlewares/Third_Party/LwIP/src/core/tcp.c **** tcp_abort(struct tcp_pcb *pcb)
 639:Middlewares/Third_Party/LwIP/src/core/tcp.c **** {
 640:Middlewares/Third_Party/LwIP/src/core/tcp.c ****   tcp_abandon(pcb, 1);
 641:Middlewares/Third_Party/LwIP/src/core/tcp.c **** }
 642:Middlewares/Third_Party/LwIP/src/core/tcp.c **** 
 643:Middlewares/Third_Party/LwIP/src/core/tcp.c **** /**
 644:Middlewares/Third_Party/LwIP/src/core/tcp.c ****  * @ingroup tcp_raw
 645:Middlewares/Third_Party/LwIP/src/core/tcp.c ****  * Binds the connection to a local port number and IP address. If the
 646:Middlewares/Third_Party/LwIP/src/core/tcp.c ****  * IP address is not given (i.e., ipaddr == IP_ANY_TYPE), the connection is
 647:Middlewares/Third_Party/LwIP/src/core/tcp.c ****  * bound to all local IP addresses.
 648:Middlewares/Third_Party/LwIP/src/core/tcp.c ****  * If another connection is bound to the same port, the function will
 649:Middlewares/Third_Party/LwIP/src/core/tcp.c ****  * return ERR_USE, otherwise ERR_OK is returned.
 650:Middlewares/Third_Party/LwIP/src/core/tcp.c ****  *
 651:Middlewares/Third_Party/LwIP/src/core/tcp.c ****  * @param pcb the tcp_pcb to bind (no check is done whether this pcb is
 652:Middlewares/Third_Party/LwIP/src/core/tcp.c ****  *        already bound!)
 653:Middlewares/Third_Party/LwIP/src/core/tcp.c ****  * @param ipaddr the local ip address to bind to (use IPx_ADDR_ANY to bind
 654:Middlewares/Third_Party/LwIP/src/core/tcp.c ****  *        to any local address
 655:Middlewares/Third_Party/LwIP/src/core/tcp.c ****  * @param port the local port to bind to
 656:Middlewares/Third_Party/LwIP/src/core/tcp.c ****  * @return ERR_USE if the port is already in use
 657:Middlewares/Third_Party/LwIP/src/core/tcp.c ****  *         ERR_VAL if bind failed because the PCB is not in a valid state
 658:Middlewares/Third_Party/LwIP/src/core/tcp.c ****  *         ERR_OK if bound
ARM GAS  C:\msys64\tmp\cc73uNFg.s 			page 13


 659:Middlewares/Third_Party/LwIP/src/core/tcp.c ****  */
 660:Middlewares/Third_Party/LwIP/src/core/tcp.c **** err_t
 661:Middlewares/Third_Party/LwIP/src/core/tcp.c **** tcp_bind(struct tcp_pcb *pcb, const ip_addr_t *ipaddr, u16_t port)
 662:Middlewares/Third_Party/LwIP/src/core/tcp.c **** {
 663:Middlewares/Third_Party/LwIP/src/core/tcp.c ****   int i;
 664:Middlewares/Third_Party/LwIP/src/core/tcp.c ****   int max_pcb_list = NUM_TCP_PCB_LISTS;
 665:Middlewares/Third_Party/LwIP/src/core/tcp.c ****   struct tcp_pcb *cpcb;
 666:Middlewares/Third_Party/LwIP/src/core/tcp.c **** #if LWIP_IPV6 && LWIP_IPV6_SCOPES
 667:Middlewares/Third_Party/LwIP/src/core/tcp.c ****   ip_addr_t zoned_ipaddr;
 668:Middlewares/Third_Party/LwIP/src/core/tcp.c **** #endif /* LWIP_IPV6 && LWIP_IPV6_SCOPES */
 669:Middlewares/Third_Party/LwIP/src/core/tcp.c **** 
 670:Middlewares/Third_Party/LwIP/src/core/tcp.c ****   LWIP_ASSERT_CORE_LOCKED();
 671:Middlewares/Third_Party/LwIP/src/core/tcp.c **** 
 672:Middlewares/Third_Party/LwIP/src/core/tcp.c **** #if LWIP_IPV4
 673:Middlewares/Third_Party/LwIP/src/core/tcp.c ****   /* Don't propagate NULL pointer (IPv4 ANY) to subsequent functions */
 674:Middlewares/Third_Party/LwIP/src/core/tcp.c ****   if (ipaddr == NULL) {
 675:Middlewares/Third_Party/LwIP/src/core/tcp.c ****     ipaddr = IP4_ADDR_ANY;
 676:Middlewares/Third_Party/LwIP/src/core/tcp.c ****   }
 677:Middlewares/Third_Party/LwIP/src/core/tcp.c **** #else /* LWIP_IPV4 */
 678:Middlewares/Third_Party/LwIP/src/core/tcp.c ****   LWIP_ERROR("tcp_bind: invalid ipaddr", ipaddr != NULL, return ERR_ARG);
 679:Middlewares/Third_Party/LwIP/src/core/tcp.c **** #endif /* LWIP_IPV4 */
 680:Middlewares/Third_Party/LwIP/src/core/tcp.c **** 
 681:Middlewares/Third_Party/LwIP/src/core/tcp.c ****   LWIP_ERROR("tcp_bind: invalid pcb", pcb != NULL, return ERR_ARG);
 682:Middlewares/Third_Party/LwIP/src/core/tcp.c **** 
 683:Middlewares/Third_Party/LwIP/src/core/tcp.c ****   LWIP_ERROR("tcp_bind: can only bind in state CLOSED", pcb->state == CLOSED, return ERR_VAL);
 684:Middlewares/Third_Party/LwIP/src/core/tcp.c **** 
 685:Middlewares/Third_Party/LwIP/src/core/tcp.c **** #if SO_REUSE
 686:Middlewares/Third_Party/LwIP/src/core/tcp.c ****   /* Unless the REUSEADDR flag is set,
 687:Middlewares/Third_Party/LwIP/src/core/tcp.c ****      we have to check the pcbs in TIME-WAIT state, also.
 688:Middlewares/Third_Party/LwIP/src/core/tcp.c ****      We do not dump TIME_WAIT pcb's; they can still be matched by incoming
 689:Middlewares/Third_Party/LwIP/src/core/tcp.c ****      packets using both local and remote IP addresses and ports to distinguish.
 690:Middlewares/Third_Party/LwIP/src/core/tcp.c ****    */
 691:Middlewares/Third_Party/LwIP/src/core/tcp.c ****   if (ip_get_option(pcb, SOF_REUSEADDR)) {
 692:Middlewares/Third_Party/LwIP/src/core/tcp.c ****     max_pcb_list = NUM_TCP_PCB_LISTS_NO_TIME_WAIT;
 693:Middlewares/Third_Party/LwIP/src/core/tcp.c ****   }
 694:Middlewares/Third_Party/LwIP/src/core/tcp.c **** #endif /* SO_REUSE */
 695:Middlewares/Third_Party/LwIP/src/core/tcp.c **** 
 696:Middlewares/Third_Party/LwIP/src/core/tcp.c **** #if LWIP_IPV6 && LWIP_IPV6_SCOPES
 697:Middlewares/Third_Party/LwIP/src/core/tcp.c ****   /* If the given IP address should have a zone but doesn't, assign one now.
 698:Middlewares/Third_Party/LwIP/src/core/tcp.c ****    * This is legacy support: scope-aware callers should always provide properly
 699:Middlewares/Third_Party/LwIP/src/core/tcp.c ****    * zoned source addresses. Do the zone selection before the address-in-use
 700:Middlewares/Third_Party/LwIP/src/core/tcp.c ****    * check below; as such we have to make a temporary copy of the address. */
 701:Middlewares/Third_Party/LwIP/src/core/tcp.c ****   if (IP_IS_V6(ipaddr) && ip6_addr_lacks_zone(ip_2_ip6(ipaddr), IP6_UNICAST)) {
 702:Middlewares/Third_Party/LwIP/src/core/tcp.c ****     ip_addr_copy(zoned_ipaddr, *ipaddr);
 703:Middlewares/Third_Party/LwIP/src/core/tcp.c ****     ip6_addr_select_zone(ip_2_ip6(&zoned_ipaddr), ip_2_ip6(&zoned_ipaddr));
 704:Middlewares/Third_Party/LwIP/src/core/tcp.c ****     ipaddr = &zoned_ipaddr;
 705:Middlewares/Third_Party/LwIP/src/core/tcp.c ****   }
 706:Middlewares/Third_Party/LwIP/src/core/tcp.c **** #endif /* LWIP_IPV6 && LWIP_IPV6_SCOPES */
 707:Middlewares/Third_Party/LwIP/src/core/tcp.c **** 
 708:Middlewares/Third_Party/LwIP/src/core/tcp.c ****   if (port == 0) {
 709:Middlewares/Third_Party/LwIP/src/core/tcp.c ****     port = tcp_new_port();
 710:Middlewares/Third_Party/LwIP/src/core/tcp.c ****     if (port == 0) {
 711:Middlewares/Third_Party/LwIP/src/core/tcp.c ****       return ERR_BUF;
 712:Middlewares/Third_Party/LwIP/src/core/tcp.c ****     }
 713:Middlewares/Third_Party/LwIP/src/core/tcp.c ****   } else {
 714:Middlewares/Third_Party/LwIP/src/core/tcp.c ****     /* Check if the address already is in use (on all lists) */
 715:Middlewares/Third_Party/LwIP/src/core/tcp.c ****     for (i = 0; i < max_pcb_list; i++) {
ARM GAS  C:\msys64\tmp\cc73uNFg.s 			page 14


 716:Middlewares/Third_Party/LwIP/src/core/tcp.c ****       for (cpcb = *tcp_pcb_lists[i]; cpcb != NULL; cpcb = cpcb->next) {
 717:Middlewares/Third_Party/LwIP/src/core/tcp.c ****         if (cpcb->local_port == port) {
 718:Middlewares/Third_Party/LwIP/src/core/tcp.c **** #if SO_REUSE
 719:Middlewares/Third_Party/LwIP/src/core/tcp.c ****           /* Omit checking for the same port if both pcbs have REUSEADDR set.
 720:Middlewares/Third_Party/LwIP/src/core/tcp.c ****              For SO_REUSEADDR, the duplicate-check for a 5-tuple is done in
 721:Middlewares/Third_Party/LwIP/src/core/tcp.c ****              tcp_connect. */
 722:Middlewares/Third_Party/LwIP/src/core/tcp.c ****           if (!ip_get_option(pcb, SOF_REUSEADDR) ||
 723:Middlewares/Third_Party/LwIP/src/core/tcp.c ****               !ip_get_option(cpcb, SOF_REUSEADDR))
 724:Middlewares/Third_Party/LwIP/src/core/tcp.c **** #endif /* SO_REUSE */
 725:Middlewares/Third_Party/LwIP/src/core/tcp.c ****           {
 726:Middlewares/Third_Party/LwIP/src/core/tcp.c ****             /* @todo: check accept_any_ip_version */
 727:Middlewares/Third_Party/LwIP/src/core/tcp.c ****             if ((IP_IS_V6(ipaddr) == IP_IS_V6_VAL(cpcb->local_ip)) &&
 728:Middlewares/Third_Party/LwIP/src/core/tcp.c ****                 (ip_addr_isany(&cpcb->local_ip) ||
 729:Middlewares/Third_Party/LwIP/src/core/tcp.c ****                  ip_addr_isany(ipaddr) ||
 730:Middlewares/Third_Party/LwIP/src/core/tcp.c ****                  ip_addr_cmp(&cpcb->local_ip, ipaddr))) {
 731:Middlewares/Third_Party/LwIP/src/core/tcp.c ****               return ERR_USE;
 732:Middlewares/Third_Party/LwIP/src/core/tcp.c ****             }
 733:Middlewares/Third_Party/LwIP/src/core/tcp.c ****           }
 734:Middlewares/Third_Party/LwIP/src/core/tcp.c ****         }
 735:Middlewares/Third_Party/LwIP/src/core/tcp.c ****       }
 736:Middlewares/Third_Party/LwIP/src/core/tcp.c ****     }
 737:Middlewares/Third_Party/LwIP/src/core/tcp.c ****   }
 738:Middlewares/Third_Party/LwIP/src/core/tcp.c **** 
 739:Middlewares/Third_Party/LwIP/src/core/tcp.c ****   if (!ip_addr_isany(ipaddr)
 740:Middlewares/Third_Party/LwIP/src/core/tcp.c **** #if LWIP_IPV4 && LWIP_IPV6
 741:Middlewares/Third_Party/LwIP/src/core/tcp.c ****       || (IP_GET_TYPE(ipaddr) != IP_GET_TYPE(&pcb->local_ip))
 742:Middlewares/Third_Party/LwIP/src/core/tcp.c **** #endif /* LWIP_IPV4 && LWIP_IPV6 */
 743:Middlewares/Third_Party/LwIP/src/core/tcp.c ****      ) {
 744:Middlewares/Third_Party/LwIP/src/core/tcp.c ****     ip_addr_set(&pcb->local_ip, ipaddr);
 745:Middlewares/Third_Party/LwIP/src/core/tcp.c ****   }
 746:Middlewares/Third_Party/LwIP/src/core/tcp.c ****   pcb->local_port = port;
 747:Middlewares/Third_Party/LwIP/src/core/tcp.c ****   TCP_REG(&tcp_bound_pcbs, pcb);
 748:Middlewares/Third_Party/LwIP/src/core/tcp.c ****   LWIP_DEBUGF(TCP_DEBUG, ("tcp_bind: bind to port %"U16_F"\n", port));
 749:Middlewares/Third_Party/LwIP/src/core/tcp.c ****   return ERR_OK;
 750:Middlewares/Third_Party/LwIP/src/core/tcp.c **** }
 751:Middlewares/Third_Party/LwIP/src/core/tcp.c **** 
 752:Middlewares/Third_Party/LwIP/src/core/tcp.c **** /**
 753:Middlewares/Third_Party/LwIP/src/core/tcp.c ****  * @ingroup tcp_raw
 754:Middlewares/Third_Party/LwIP/src/core/tcp.c ****  * Binds the connection to a netif and IP address.
 755:Middlewares/Third_Party/LwIP/src/core/tcp.c ****  * After calling this function, all packets received via this PCB
 756:Middlewares/Third_Party/LwIP/src/core/tcp.c ****  * are guaranteed to have come in via the specified netif, and all
 757:Middlewares/Third_Party/LwIP/src/core/tcp.c ****  * outgoing packets will go out via the specified netif.
 758:Middlewares/Third_Party/LwIP/src/core/tcp.c ****  *
 759:Middlewares/Third_Party/LwIP/src/core/tcp.c ****  * @param pcb the tcp_pcb to bind.
 760:Middlewares/Third_Party/LwIP/src/core/tcp.c ****  * @param netif the netif to bind to. Can be NULL.
 761:Middlewares/Third_Party/LwIP/src/core/tcp.c ****  */
 762:Middlewares/Third_Party/LwIP/src/core/tcp.c **** void
 763:Middlewares/Third_Party/LwIP/src/core/tcp.c **** tcp_bind_netif(struct tcp_pcb *pcb, const struct netif *netif)
 764:Middlewares/Third_Party/LwIP/src/core/tcp.c **** {
 765:Middlewares/Third_Party/LwIP/src/core/tcp.c ****   LWIP_ASSERT_CORE_LOCKED();
 766:Middlewares/Third_Party/LwIP/src/core/tcp.c ****   if (netif != NULL) {
 767:Middlewares/Third_Party/LwIP/src/core/tcp.c ****     pcb->netif_idx = netif_get_index(netif);
 768:Middlewares/Third_Party/LwIP/src/core/tcp.c ****   } else {
 769:Middlewares/Third_Party/LwIP/src/core/tcp.c ****     pcb->netif_idx = NETIF_NO_INDEX;
 770:Middlewares/Third_Party/LwIP/src/core/tcp.c ****   }
 771:Middlewares/Third_Party/LwIP/src/core/tcp.c **** }
 772:Middlewares/Third_Party/LwIP/src/core/tcp.c **** 
ARM GAS  C:\msys64\tmp\cc73uNFg.s 			page 15


 773:Middlewares/Third_Party/LwIP/src/core/tcp.c **** #if LWIP_CALLBACK_API
 774:Middlewares/Third_Party/LwIP/src/core/tcp.c **** /**
 775:Middlewares/Third_Party/LwIP/src/core/tcp.c ****  * Default accept callback if no accept callback is specified by the user.
 776:Middlewares/Third_Party/LwIP/src/core/tcp.c ****  */
 777:Middlewares/Third_Party/LwIP/src/core/tcp.c **** static err_t
 778:Middlewares/Third_Party/LwIP/src/core/tcp.c **** tcp_accept_null(void *arg, struct tcp_pcb *pcb, err_t err)
 779:Middlewares/Third_Party/LwIP/src/core/tcp.c **** {
 780:Middlewares/Third_Party/LwIP/src/core/tcp.c ****   LWIP_UNUSED_ARG(arg);
 781:Middlewares/Third_Party/LwIP/src/core/tcp.c ****   LWIP_UNUSED_ARG(err);
 782:Middlewares/Third_Party/LwIP/src/core/tcp.c **** 
 783:Middlewares/Third_Party/LwIP/src/core/tcp.c ****   LWIP_ASSERT("tcp_accept_null: invalid pcb", pcb != NULL);
 784:Middlewares/Third_Party/LwIP/src/core/tcp.c **** 
 785:Middlewares/Third_Party/LwIP/src/core/tcp.c ****   tcp_abort(pcb);
 786:Middlewares/Third_Party/LwIP/src/core/tcp.c **** 
 787:Middlewares/Third_Party/LwIP/src/core/tcp.c ****   return ERR_ABRT;
 788:Middlewares/Third_Party/LwIP/src/core/tcp.c **** }
 789:Middlewares/Third_Party/LwIP/src/core/tcp.c **** #endif /* LWIP_CALLBACK_API */
 790:Middlewares/Third_Party/LwIP/src/core/tcp.c **** 
 791:Middlewares/Third_Party/LwIP/src/core/tcp.c **** /**
 792:Middlewares/Third_Party/LwIP/src/core/tcp.c ****  * @ingroup tcp_raw
 793:Middlewares/Third_Party/LwIP/src/core/tcp.c ****  * Set the state of the connection to be LISTEN, which means that it
 794:Middlewares/Third_Party/LwIP/src/core/tcp.c ****  * is able to accept incoming connections. The protocol control block
 795:Middlewares/Third_Party/LwIP/src/core/tcp.c ****  * is reallocated in order to consume less memory. Setting the
 796:Middlewares/Third_Party/LwIP/src/core/tcp.c ****  * connection to LISTEN is an irreversible process.
 797:Middlewares/Third_Party/LwIP/src/core/tcp.c ****  * When an incoming connection is accepted, the function specified with
 798:Middlewares/Third_Party/LwIP/src/core/tcp.c ****  * the tcp_accept() function will be called. The pcb has to be bound
 799:Middlewares/Third_Party/LwIP/src/core/tcp.c ****  * to a local port with the tcp_bind() function.
 800:Middlewares/Third_Party/LwIP/src/core/tcp.c ****  * 
 801:Middlewares/Third_Party/LwIP/src/core/tcp.c ****  * The tcp_listen() function returns a new connection identifier, and
 802:Middlewares/Third_Party/LwIP/src/core/tcp.c ****  * the one passed as an argument to the function will be
 803:Middlewares/Third_Party/LwIP/src/core/tcp.c ****  * deallocated. The reason for this behavior is that less memory is
 804:Middlewares/Third_Party/LwIP/src/core/tcp.c ****  * needed for a connection that is listening, so tcp_listen() will
 805:Middlewares/Third_Party/LwIP/src/core/tcp.c ****  * reclaim the memory needed for the original connection and allocate a
 806:Middlewares/Third_Party/LwIP/src/core/tcp.c ****  * new smaller memory block for the listening connection.
 807:Middlewares/Third_Party/LwIP/src/core/tcp.c ****  *
 808:Middlewares/Third_Party/LwIP/src/core/tcp.c ****  * tcp_listen() may return NULL if no memory was available for the
 809:Middlewares/Third_Party/LwIP/src/core/tcp.c ****  * listening connection. If so, the memory associated with the pcb
 810:Middlewares/Third_Party/LwIP/src/core/tcp.c ****  * passed as an argument to tcp_listen() will not be deallocated.
 811:Middlewares/Third_Party/LwIP/src/core/tcp.c ****  *
 812:Middlewares/Third_Party/LwIP/src/core/tcp.c ****  * The backlog limits the number of outstanding connections
 813:Middlewares/Third_Party/LwIP/src/core/tcp.c ****  * in the listen queue to the value specified by the backlog argument.
 814:Middlewares/Third_Party/LwIP/src/core/tcp.c ****  * To use it, your need to set TCP_LISTEN_BACKLOG=1 in your lwipopts.h.
 815:Middlewares/Third_Party/LwIP/src/core/tcp.c ****  * 
 816:Middlewares/Third_Party/LwIP/src/core/tcp.c ****  * @param pcb the original tcp_pcb
 817:Middlewares/Third_Party/LwIP/src/core/tcp.c ****  * @param backlog the incoming connections queue limit
 818:Middlewares/Third_Party/LwIP/src/core/tcp.c ****  * @return tcp_pcb used for listening, consumes less memory.
 819:Middlewares/Third_Party/LwIP/src/core/tcp.c ****  *
 820:Middlewares/Third_Party/LwIP/src/core/tcp.c ****  * @note The original tcp_pcb is freed. This function therefore has to be
 821:Middlewares/Third_Party/LwIP/src/core/tcp.c ****  *       called like this:
 822:Middlewares/Third_Party/LwIP/src/core/tcp.c ****  *             tpcb = tcp_listen_with_backlog(tpcb, backlog);
 823:Middlewares/Third_Party/LwIP/src/core/tcp.c ****  */
 824:Middlewares/Third_Party/LwIP/src/core/tcp.c **** struct tcp_pcb *
 825:Middlewares/Third_Party/LwIP/src/core/tcp.c **** tcp_listen_with_backlog(struct tcp_pcb *pcb, u8_t backlog)
 826:Middlewares/Third_Party/LwIP/src/core/tcp.c **** {
 827:Middlewares/Third_Party/LwIP/src/core/tcp.c ****   LWIP_ASSERT_CORE_LOCKED();
 828:Middlewares/Third_Party/LwIP/src/core/tcp.c ****   return tcp_listen_with_backlog_and_err(pcb, backlog, NULL);
 829:Middlewares/Third_Party/LwIP/src/core/tcp.c **** }
ARM GAS  C:\msys64\tmp\cc73uNFg.s 			page 16


 830:Middlewares/Third_Party/LwIP/src/core/tcp.c **** 
 831:Middlewares/Third_Party/LwIP/src/core/tcp.c **** /**
 832:Middlewares/Third_Party/LwIP/src/core/tcp.c ****  * @ingroup tcp_raw
 833:Middlewares/Third_Party/LwIP/src/core/tcp.c ****  * Set the state of the connection to be LISTEN, which means that it
 834:Middlewares/Third_Party/LwIP/src/core/tcp.c ****  * is able to accept incoming connections. The protocol control block
 835:Middlewares/Third_Party/LwIP/src/core/tcp.c ****  * is reallocated in order to consume less memory. Setting the
 836:Middlewares/Third_Party/LwIP/src/core/tcp.c ****  * connection to LISTEN is an irreversible process.
 837:Middlewares/Third_Party/LwIP/src/core/tcp.c ****  *
 838:Middlewares/Third_Party/LwIP/src/core/tcp.c ****  * @param pcb the original tcp_pcb
 839:Middlewares/Third_Party/LwIP/src/core/tcp.c ****  * @param backlog the incoming connections queue limit
 840:Middlewares/Third_Party/LwIP/src/core/tcp.c ****  * @param err when NULL is returned, this contains the error reason
 841:Middlewares/Third_Party/LwIP/src/core/tcp.c ****  * @return tcp_pcb used for listening, consumes less memory.
 842:Middlewares/Third_Party/LwIP/src/core/tcp.c ****  *
 843:Middlewares/Third_Party/LwIP/src/core/tcp.c ****  * @note The original tcp_pcb is freed. This function therefore has to be
 844:Middlewares/Third_Party/LwIP/src/core/tcp.c ****  *       called like this:
 845:Middlewares/Third_Party/LwIP/src/core/tcp.c ****  *             tpcb = tcp_listen_with_backlog_and_err(tpcb, backlog, &err);
 846:Middlewares/Third_Party/LwIP/src/core/tcp.c ****  */
 847:Middlewares/Third_Party/LwIP/src/core/tcp.c **** struct tcp_pcb *
 848:Middlewares/Third_Party/LwIP/src/core/tcp.c **** tcp_listen_with_backlog_and_err(struct tcp_pcb *pcb, u8_t backlog, err_t *err)
 849:Middlewares/Third_Party/LwIP/src/core/tcp.c **** {
 850:Middlewares/Third_Party/LwIP/src/core/tcp.c ****   struct tcp_pcb_listen *lpcb = NULL;
 851:Middlewares/Third_Party/LwIP/src/core/tcp.c ****   err_t res;
 852:Middlewares/Third_Party/LwIP/src/core/tcp.c **** 
 853:Middlewares/Third_Party/LwIP/src/core/tcp.c ****   LWIP_UNUSED_ARG(backlog);
 854:Middlewares/Third_Party/LwIP/src/core/tcp.c **** 
 855:Middlewares/Third_Party/LwIP/src/core/tcp.c ****   LWIP_ASSERT_CORE_LOCKED();
 856:Middlewares/Third_Party/LwIP/src/core/tcp.c **** 
 857:Middlewares/Third_Party/LwIP/src/core/tcp.c ****   LWIP_ERROR("tcp_listen_with_backlog_and_err: invalid pcb", pcb != NULL, res = ERR_ARG; goto done)
 858:Middlewares/Third_Party/LwIP/src/core/tcp.c ****   LWIP_ERROR("tcp_listen_with_backlog_and_err: pcb already connected", pcb->state == CLOSED, res = 
 859:Middlewares/Third_Party/LwIP/src/core/tcp.c **** 
 860:Middlewares/Third_Party/LwIP/src/core/tcp.c ****   /* already listening? */
 861:Middlewares/Third_Party/LwIP/src/core/tcp.c ****   if (pcb->state == LISTEN) {
 862:Middlewares/Third_Party/LwIP/src/core/tcp.c ****     lpcb = (struct tcp_pcb_listen *)pcb;
 863:Middlewares/Third_Party/LwIP/src/core/tcp.c ****     res = ERR_ALREADY;
 864:Middlewares/Third_Party/LwIP/src/core/tcp.c ****     goto done;
 865:Middlewares/Third_Party/LwIP/src/core/tcp.c ****   }
 866:Middlewares/Third_Party/LwIP/src/core/tcp.c **** #if SO_REUSE
 867:Middlewares/Third_Party/LwIP/src/core/tcp.c ****   if (ip_get_option(pcb, SOF_REUSEADDR)) {
 868:Middlewares/Third_Party/LwIP/src/core/tcp.c ****     /* Since SOF_REUSEADDR allows reusing a local address before the pcb's usage
 869:Middlewares/Third_Party/LwIP/src/core/tcp.c ****        is declared (listen-/connection-pcb), we have to make sure now that
 870:Middlewares/Third_Party/LwIP/src/core/tcp.c ****        this port is only used once for every local IP. */
 871:Middlewares/Third_Party/LwIP/src/core/tcp.c ****     for (lpcb = tcp_listen_pcbs.listen_pcbs; lpcb != NULL; lpcb = lpcb->next) {
 872:Middlewares/Third_Party/LwIP/src/core/tcp.c ****       if ((lpcb->local_port == pcb->local_port) &&
 873:Middlewares/Third_Party/LwIP/src/core/tcp.c ****           ip_addr_cmp(&lpcb->local_ip, &pcb->local_ip)) {
 874:Middlewares/Third_Party/LwIP/src/core/tcp.c ****         /* this address/port is already used */
 875:Middlewares/Third_Party/LwIP/src/core/tcp.c ****         lpcb = NULL;
 876:Middlewares/Third_Party/LwIP/src/core/tcp.c ****         res = ERR_USE;
 877:Middlewares/Third_Party/LwIP/src/core/tcp.c ****         goto done;
 878:Middlewares/Third_Party/LwIP/src/core/tcp.c ****       }
 879:Middlewares/Third_Party/LwIP/src/core/tcp.c ****     }
 880:Middlewares/Third_Party/LwIP/src/core/tcp.c ****   }
 881:Middlewares/Third_Party/LwIP/src/core/tcp.c **** #endif /* SO_REUSE */
 882:Middlewares/Third_Party/LwIP/src/core/tcp.c ****   lpcb = (struct tcp_pcb_listen *)memp_malloc(MEMP_TCP_PCB_LISTEN);
 883:Middlewares/Third_Party/LwIP/src/core/tcp.c ****   if (lpcb == NULL) {
 884:Middlewares/Third_Party/LwIP/src/core/tcp.c ****     res = ERR_MEM;
 885:Middlewares/Third_Party/LwIP/src/core/tcp.c ****     goto done;
 886:Middlewares/Third_Party/LwIP/src/core/tcp.c ****   }
ARM GAS  C:\msys64\tmp\cc73uNFg.s 			page 17


 887:Middlewares/Third_Party/LwIP/src/core/tcp.c ****   lpcb->callback_arg = pcb->callback_arg;
 888:Middlewares/Third_Party/LwIP/src/core/tcp.c ****   lpcb->local_port = pcb->local_port;
 889:Middlewares/Third_Party/LwIP/src/core/tcp.c ****   lpcb->state = LISTEN;
 890:Middlewares/Third_Party/LwIP/src/core/tcp.c ****   lpcb->prio = pcb->prio;
 891:Middlewares/Third_Party/LwIP/src/core/tcp.c ****   lpcb->so_options = pcb->so_options;
 892:Middlewares/Third_Party/LwIP/src/core/tcp.c ****   lpcb->netif_idx = NETIF_NO_INDEX;
 893:Middlewares/Third_Party/LwIP/src/core/tcp.c ****   lpcb->ttl = pcb->ttl;
 894:Middlewares/Third_Party/LwIP/src/core/tcp.c ****   lpcb->tos = pcb->tos;
 895:Middlewares/Third_Party/LwIP/src/core/tcp.c **** #if LWIP_IPV4 && LWIP_IPV6
 896:Middlewares/Third_Party/LwIP/src/core/tcp.c ****   IP_SET_TYPE_VAL(lpcb->remote_ip, pcb->local_ip.type);
 897:Middlewares/Third_Party/LwIP/src/core/tcp.c **** #endif /* LWIP_IPV4 && LWIP_IPV6 */
 898:Middlewares/Third_Party/LwIP/src/core/tcp.c ****   ip_addr_copy(lpcb->local_ip, pcb->local_ip);
 899:Middlewares/Third_Party/LwIP/src/core/tcp.c ****   if (pcb->local_port != 0) {
 900:Middlewares/Third_Party/LwIP/src/core/tcp.c ****     TCP_RMV(&tcp_bound_pcbs, pcb);
 901:Middlewares/Third_Party/LwIP/src/core/tcp.c ****   }
 902:Middlewares/Third_Party/LwIP/src/core/tcp.c **** #if LWIP_TCP_PCB_NUM_EXT_ARGS
 903:Middlewares/Third_Party/LwIP/src/core/tcp.c ****   /* copy over ext_args to listening pcb  */
 904:Middlewares/Third_Party/LwIP/src/core/tcp.c ****   memcpy(&lpcb->ext_args, &pcb->ext_args, sizeof(pcb->ext_args));
 905:Middlewares/Third_Party/LwIP/src/core/tcp.c **** #endif
 906:Middlewares/Third_Party/LwIP/src/core/tcp.c ****   tcp_free(pcb);
 907:Middlewares/Third_Party/LwIP/src/core/tcp.c **** #if LWIP_CALLBACK_API
 908:Middlewares/Third_Party/LwIP/src/core/tcp.c ****   lpcb->accept = tcp_accept_null;
 909:Middlewares/Third_Party/LwIP/src/core/tcp.c **** #endif /* LWIP_CALLBACK_API */
 910:Middlewares/Third_Party/LwIP/src/core/tcp.c **** #if TCP_LISTEN_BACKLOG
 911:Middlewares/Third_Party/LwIP/src/core/tcp.c ****   lpcb->accepts_pending = 0;
 912:Middlewares/Third_Party/LwIP/src/core/tcp.c ****   tcp_backlog_set(lpcb, backlog);
 913:Middlewares/Third_Party/LwIP/src/core/tcp.c **** #endif /* TCP_LISTEN_BACKLOG */
 914:Middlewares/Third_Party/LwIP/src/core/tcp.c ****   TCP_REG(&tcp_listen_pcbs.pcbs, (struct tcp_pcb *)lpcb);
 915:Middlewares/Third_Party/LwIP/src/core/tcp.c ****   res = ERR_OK;
 916:Middlewares/Third_Party/LwIP/src/core/tcp.c **** done:
 917:Middlewares/Third_Party/LwIP/src/core/tcp.c ****   if (err != NULL) {
 918:Middlewares/Third_Party/LwIP/src/core/tcp.c ****     *err = res;
 919:Middlewares/Third_Party/LwIP/src/core/tcp.c ****   }
 920:Middlewares/Third_Party/LwIP/src/core/tcp.c ****   return (struct tcp_pcb *)lpcb;
 921:Middlewares/Third_Party/LwIP/src/core/tcp.c **** }
 922:Middlewares/Third_Party/LwIP/src/core/tcp.c **** 
 923:Middlewares/Third_Party/LwIP/src/core/tcp.c **** /**
 924:Middlewares/Third_Party/LwIP/src/core/tcp.c ****  * Update the state that tracks the available window space to advertise.
 925:Middlewares/Third_Party/LwIP/src/core/tcp.c ****  *
 926:Middlewares/Third_Party/LwIP/src/core/tcp.c ****  * Returns how much extra window would be advertised if we sent an
 927:Middlewares/Third_Party/LwIP/src/core/tcp.c ****  * update now.
 928:Middlewares/Third_Party/LwIP/src/core/tcp.c ****  */
 929:Middlewares/Third_Party/LwIP/src/core/tcp.c **** u32_t
 930:Middlewares/Third_Party/LwIP/src/core/tcp.c **** tcp_update_rcv_ann_wnd(struct tcp_pcb *pcb)
 931:Middlewares/Third_Party/LwIP/src/core/tcp.c **** {
 932:Middlewares/Third_Party/LwIP/src/core/tcp.c ****   u32_t new_right_edge;
 933:Middlewares/Third_Party/LwIP/src/core/tcp.c **** 
 934:Middlewares/Third_Party/LwIP/src/core/tcp.c ****   LWIP_ASSERT("tcp_update_rcv_ann_wnd: invalid pcb", pcb != NULL);
 935:Middlewares/Third_Party/LwIP/src/core/tcp.c ****   new_right_edge = pcb->rcv_nxt + pcb->rcv_wnd;
 936:Middlewares/Third_Party/LwIP/src/core/tcp.c **** 
 937:Middlewares/Third_Party/LwIP/src/core/tcp.c ****   if (TCP_SEQ_GEQ(new_right_edge, pcb->rcv_ann_right_edge + LWIP_MIN((TCP_WND / 2), pcb->mss))) {
 938:Middlewares/Third_Party/LwIP/src/core/tcp.c ****     /* we can advertise more window */
 939:Middlewares/Third_Party/LwIP/src/core/tcp.c ****     pcb->rcv_ann_wnd = pcb->rcv_wnd;
 940:Middlewares/Third_Party/LwIP/src/core/tcp.c ****     return new_right_edge - pcb->rcv_ann_right_edge;
 941:Middlewares/Third_Party/LwIP/src/core/tcp.c ****   } else {
 942:Middlewares/Third_Party/LwIP/src/core/tcp.c ****     if (TCP_SEQ_GT(pcb->rcv_nxt, pcb->rcv_ann_right_edge)) {
 943:Middlewares/Third_Party/LwIP/src/core/tcp.c ****       /* Can happen due to other end sending out of advertised window,
ARM GAS  C:\msys64\tmp\cc73uNFg.s 			page 18


 944:Middlewares/Third_Party/LwIP/src/core/tcp.c ****        * but within actual available (but not yet advertised) window */
 945:Middlewares/Third_Party/LwIP/src/core/tcp.c ****       pcb->rcv_ann_wnd = 0;
 946:Middlewares/Third_Party/LwIP/src/core/tcp.c ****     } else {
 947:Middlewares/Third_Party/LwIP/src/core/tcp.c ****       /* keep the right edge of window constant */
 948:Middlewares/Third_Party/LwIP/src/core/tcp.c ****       u32_t new_rcv_ann_wnd = pcb->rcv_ann_right_edge - pcb->rcv_nxt;
 949:Middlewares/Third_Party/LwIP/src/core/tcp.c **** #if !LWIP_WND_SCALE
 950:Middlewares/Third_Party/LwIP/src/core/tcp.c ****       LWIP_ASSERT("new_rcv_ann_wnd <= 0xffff", new_rcv_ann_wnd <= 0xffff);
 951:Middlewares/Third_Party/LwIP/src/core/tcp.c **** #endif
 952:Middlewares/Third_Party/LwIP/src/core/tcp.c ****       pcb->rcv_ann_wnd = (tcpwnd_size_t)new_rcv_ann_wnd;
 953:Middlewares/Third_Party/LwIP/src/core/tcp.c ****     }
 954:Middlewares/Third_Party/LwIP/src/core/tcp.c ****     return 0;
 955:Middlewares/Third_Party/LwIP/src/core/tcp.c ****   }
 956:Middlewares/Third_Party/LwIP/src/core/tcp.c **** }
 957:Middlewares/Third_Party/LwIP/src/core/tcp.c **** 
 958:Middlewares/Third_Party/LwIP/src/core/tcp.c **** /**
 959:Middlewares/Third_Party/LwIP/src/core/tcp.c ****  * @ingroup tcp_raw
 960:Middlewares/Third_Party/LwIP/src/core/tcp.c ****  * This function should be called by the application when it has
 961:Middlewares/Third_Party/LwIP/src/core/tcp.c ****  * processed the data. The purpose is to advertise a larger window
 962:Middlewares/Third_Party/LwIP/src/core/tcp.c ****  * when the data has been processed.
 963:Middlewares/Third_Party/LwIP/src/core/tcp.c ****  *
 964:Middlewares/Third_Party/LwIP/src/core/tcp.c ****  * @param pcb the tcp_pcb for which data is read
 965:Middlewares/Third_Party/LwIP/src/core/tcp.c ****  * @param len the amount of bytes that have been read by the application
 966:Middlewares/Third_Party/LwIP/src/core/tcp.c ****  */
 967:Middlewares/Third_Party/LwIP/src/core/tcp.c **** void
 968:Middlewares/Third_Party/LwIP/src/core/tcp.c **** tcp_recved(struct tcp_pcb *pcb, u16_t len)
 969:Middlewares/Third_Party/LwIP/src/core/tcp.c **** {
 970:Middlewares/Third_Party/LwIP/src/core/tcp.c ****   u32_t wnd_inflation;
 971:Middlewares/Third_Party/LwIP/src/core/tcp.c ****   tcpwnd_size_t rcv_wnd;
 972:Middlewares/Third_Party/LwIP/src/core/tcp.c **** 
 973:Middlewares/Third_Party/LwIP/src/core/tcp.c ****   LWIP_ASSERT_CORE_LOCKED();
 974:Middlewares/Third_Party/LwIP/src/core/tcp.c **** 
 975:Middlewares/Third_Party/LwIP/src/core/tcp.c ****   LWIP_ERROR("tcp_recved: invalid pcb", pcb != NULL, return);
 976:Middlewares/Third_Party/LwIP/src/core/tcp.c **** 
 977:Middlewares/Third_Party/LwIP/src/core/tcp.c ****   /* pcb->state LISTEN not allowed here */
 978:Middlewares/Third_Party/LwIP/src/core/tcp.c ****   LWIP_ASSERT("don't call tcp_recved for listen-pcbs",
 979:Middlewares/Third_Party/LwIP/src/core/tcp.c ****               pcb->state != LISTEN);
 980:Middlewares/Third_Party/LwIP/src/core/tcp.c **** 
 981:Middlewares/Third_Party/LwIP/src/core/tcp.c ****   rcv_wnd = (tcpwnd_size_t)(pcb->rcv_wnd + len);
 982:Middlewares/Third_Party/LwIP/src/core/tcp.c ****   if ((rcv_wnd > TCP_WND_MAX(pcb)) || (rcv_wnd < pcb->rcv_wnd)) {
 983:Middlewares/Third_Party/LwIP/src/core/tcp.c ****     /* window got too big or tcpwnd_size_t overflow */
 984:Middlewares/Third_Party/LwIP/src/core/tcp.c ****     LWIP_DEBUGF(TCP_DEBUG, ("tcp_recved: window got too big or tcpwnd_size_t overflow\n"));
 985:Middlewares/Third_Party/LwIP/src/core/tcp.c ****     pcb->rcv_wnd = TCP_WND_MAX(pcb);
 986:Middlewares/Third_Party/LwIP/src/core/tcp.c ****   } else  {
 987:Middlewares/Third_Party/LwIP/src/core/tcp.c ****     pcb->rcv_wnd = rcv_wnd;
 988:Middlewares/Third_Party/LwIP/src/core/tcp.c ****   }
 989:Middlewares/Third_Party/LwIP/src/core/tcp.c **** 
 990:Middlewares/Third_Party/LwIP/src/core/tcp.c ****   wnd_inflation = tcp_update_rcv_ann_wnd(pcb);
 991:Middlewares/Third_Party/LwIP/src/core/tcp.c **** 
 992:Middlewares/Third_Party/LwIP/src/core/tcp.c ****   /* If the change in the right edge of window is significant (default
 993:Middlewares/Third_Party/LwIP/src/core/tcp.c ****    * watermark is TCP_WND/4), then send an explicit update now.
 994:Middlewares/Third_Party/LwIP/src/core/tcp.c ****    * Otherwise wait for a packet to be sent in the normal course of
 995:Middlewares/Third_Party/LwIP/src/core/tcp.c ****    * events (or more window to be available later) */
 996:Middlewares/Third_Party/LwIP/src/core/tcp.c ****   if (wnd_inflation >= TCP_WND_UPDATE_THRESHOLD) {
 997:Middlewares/Third_Party/LwIP/src/core/tcp.c ****     tcp_ack_now(pcb);
 998:Middlewares/Third_Party/LwIP/src/core/tcp.c ****     tcp_output(pcb);
 999:Middlewares/Third_Party/LwIP/src/core/tcp.c ****   }
1000:Middlewares/Third_Party/LwIP/src/core/tcp.c **** 
ARM GAS  C:\msys64\tmp\cc73uNFg.s 			page 19


1001:Middlewares/Third_Party/LwIP/src/core/tcp.c ****   LWIP_DEBUGF(TCP_DEBUG, ("tcp_recved: received %"U16_F" bytes, wnd %"TCPWNDSIZE_F" (%"TCPWNDSIZE_F
1002:Middlewares/Third_Party/LwIP/src/core/tcp.c ****                           len, pcb->rcv_wnd, (u16_t)(TCP_WND_MAX(pcb) - pcb->rcv_wnd)));
1003:Middlewares/Third_Party/LwIP/src/core/tcp.c **** }
1004:Middlewares/Third_Party/LwIP/src/core/tcp.c **** 
1005:Middlewares/Third_Party/LwIP/src/core/tcp.c **** /**
1006:Middlewares/Third_Party/LwIP/src/core/tcp.c ****  * Allocate a new local TCP port.
1007:Middlewares/Third_Party/LwIP/src/core/tcp.c ****  *
1008:Middlewares/Third_Party/LwIP/src/core/tcp.c ****  * @return a new (free) local TCP port number
1009:Middlewares/Third_Party/LwIP/src/core/tcp.c ****  */
1010:Middlewares/Third_Party/LwIP/src/core/tcp.c **** static u16_t
1011:Middlewares/Third_Party/LwIP/src/core/tcp.c **** tcp_new_port(void)
1012:Middlewares/Third_Party/LwIP/src/core/tcp.c **** {
  28              		.loc 1 1012 1 view -0
  29              		.cfi_startproc
  30              		@ args = 0, pretend = 0, frame = 0
  31              		@ frame_needed = 0, uses_anonymous_args = 0
  32              		@ link register save eliminated.
1013:Middlewares/Third_Party/LwIP/src/core/tcp.c ****   u8_t i;
  33              		.loc 1 1013 3 view .LVU1
1014:Middlewares/Third_Party/LwIP/src/core/tcp.c ****   u16_t n = 0;
  34              		.loc 1 1014 3 view .LVU2
  35              	.LVL0:
  36              		.loc 1 1014 9 is_stmt 0 view .LVU3
  37 0000 4FF0000C 		mov	ip, #0
  38 0004 0BE0     		b	.L2
  39              	.LVL1:
  40              	.L12:
1015:Middlewares/Third_Party/LwIP/src/core/tcp.c ****   struct tcp_pcb *pcb;
1016:Middlewares/Third_Party/LwIP/src/core/tcp.c **** 
1017:Middlewares/Third_Party/LwIP/src/core/tcp.c **** again:
1018:Middlewares/Third_Party/LwIP/src/core/tcp.c ****   tcp_port++;
1019:Middlewares/Third_Party/LwIP/src/core/tcp.c ****   if (tcp_port == TCP_LOCAL_PORT_RANGE_END) {
1020:Middlewares/Third_Party/LwIP/src/core/tcp.c ****     tcp_port = TCP_LOCAL_PORT_RANGE_START;
  41              		.loc 1 1020 5 is_stmt 1 view .LVU4
  42              		.loc 1 1020 14 is_stmt 0 view .LVU5
  43 0006 164B     		ldr	r3, .L16
  44 0008 4FF44042 		mov	r2, #49152
  45 000c 1A80     		strh	r2, [r3]	@ movhi
  46 000e 0FE0     		b	.L3
  47              	.LVL2:
  48              	.L15:
1021:Middlewares/Third_Party/LwIP/src/core/tcp.c ****   }
1022:Middlewares/Third_Party/LwIP/src/core/tcp.c ****   /* Check all PCB lists. */
1023:Middlewares/Third_Party/LwIP/src/core/tcp.c ****   for (i = 0; i < NUM_TCP_PCB_LISTS; i++) {
1024:Middlewares/Third_Party/LwIP/src/core/tcp.c ****     for (pcb = *tcp_pcb_lists[i]; pcb != NULL; pcb = pcb->next) {
1025:Middlewares/Third_Party/LwIP/src/core/tcp.c ****       if (pcb->local_port == tcp_port) {
1026:Middlewares/Third_Party/LwIP/src/core/tcp.c ****         n++;
  49              		.loc 1 1026 9 is_stmt 1 view .LVU6
  50              		.loc 1 1026 10 is_stmt 0 view .LVU7
  51 0010 0CF1010C 		add	ip, ip, #1
  52              	.LVL3:
  53              		.loc 1 1026 10 view .LVU8
  54 0014 1FFA8CFC 		uxth	ip, ip
  55              	.LVL4:
1027:Middlewares/Third_Party/LwIP/src/core/tcp.c ****         if (n > (TCP_LOCAL_PORT_RANGE_END - TCP_LOCAL_PORT_RANGE_START)) {
  56              		.loc 1 1027 9 is_stmt 1 view .LVU9
  57              		.loc 1 1027 12 is_stmt 0 view .LVU10
ARM GAS  C:\msys64\tmp\cc73uNFg.s 			page 20


  58 0018 BCF5804F 		cmp	ip, #16384
  59 001c 1DD2     		bcs	.L11
  60              	.LVL5:
  61              	.L2:
1015:Middlewares/Third_Party/LwIP/src/core/tcp.c ****   struct tcp_pcb *pcb;
  62              		.loc 1 1015 3 is_stmt 1 view .LVU11
1018:Middlewares/Third_Party/LwIP/src/core/tcp.c ****   if (tcp_port == TCP_LOCAL_PORT_RANGE_END) {
  63              		.loc 1 1018 3 view .LVU12
1018:Middlewares/Third_Party/LwIP/src/core/tcp.c ****   if (tcp_port == TCP_LOCAL_PORT_RANGE_END) {
  64              		.loc 1 1018 11 is_stmt 0 view .LVU13
  65 001e 104A     		ldr	r2, .L16
  66 0020 1388     		ldrh	r3, [r2]
  67 0022 0133     		adds	r3, r3, #1
  68 0024 9BB2     		uxth	r3, r3
  69 0026 1380     		strh	r3, [r2]	@ movhi
1019:Middlewares/Third_Party/LwIP/src/core/tcp.c ****     tcp_port = TCP_LOCAL_PORT_RANGE_START;
  70              		.loc 1 1019 3 is_stmt 1 view .LVU14
1019:Middlewares/Third_Party/LwIP/src/core/tcp.c ****     tcp_port = TCP_LOCAL_PORT_RANGE_START;
  71              		.loc 1 1019 6 is_stmt 0 view .LVU15
  72 0028 4FF6FF72 		movw	r2, #65535
  73 002c 9342     		cmp	r3, r2
  74 002e EAD0     		beq	.L12
  75              	.L3:
1023:Middlewares/Third_Party/LwIP/src/core/tcp.c ****     for (pcb = *tcp_pcb_lists[i]; pcb != NULL; pcb = pcb->next) {
  76              		.loc 1 1023 3 is_stmt 1 view .LVU16
  77              	.LVL6:
1023:Middlewares/Third_Party/LwIP/src/core/tcp.c ****     for (pcb = *tcp_pcb_lists[i]; pcb != NULL; pcb = pcb->next) {
  78              		.loc 1 1023 10 is_stmt 0 view .LVU17
  79 0030 0020     		movs	r0, #0
  80              	.LVL7:
  81              	.L4:
1023:Middlewares/Third_Party/LwIP/src/core/tcp.c ****     for (pcb = *tcp_pcb_lists[i]; pcb != NULL; pcb = pcb->next) {
  82              		.loc 1 1023 17 is_stmt 1 discriminator 1 view .LVU18
  83 0032 0328     		cmp	r0, #3
  84 0034 0ED8     		bhi	.L13
1024:Middlewares/Third_Party/LwIP/src/core/tcp.c ****       if (pcb->local_port == tcp_port) {
  85              		.loc 1 1024 5 view .LVU19
1024:Middlewares/Third_Party/LwIP/src/core/tcp.c ****       if (pcb->local_port == tcp_port) {
  86              		.loc 1 1024 30 is_stmt 0 view .LVU20
  87 0036 0B4B     		ldr	r3, .L16+4
  88 0038 53F82030 		ldr	r3, [r3, r0, lsl #2]
1024:Middlewares/Third_Party/LwIP/src/core/tcp.c ****       if (pcb->local_port == tcp_port) {
  89              		.loc 1 1024 14 view .LVU21
  90 003c 1B68     		ldr	r3, [r3]
  91              	.LVL8:
  92              	.L5:
1024:Middlewares/Third_Party/LwIP/src/core/tcp.c ****       if (pcb->local_port == tcp_port) {
  93              		.loc 1 1024 39 is_stmt 1 discriminator 1 view .LVU22
  94 003e 33B1     		cbz	r3, .L14
1025:Middlewares/Third_Party/LwIP/src/core/tcp.c ****         n++;
  95              		.loc 1 1025 7 view .LVU23
1025:Middlewares/Third_Party/LwIP/src/core/tcp.c ****         n++;
  96              		.loc 1 1025 14 is_stmt 0 view .LVU24
  97 0040 D98A     		ldrh	r1, [r3, #22]
1025:Middlewares/Third_Party/LwIP/src/core/tcp.c ****         n++;
  98              		.loc 1 1025 27 view .LVU25
  99 0042 074A     		ldr	r2, .L16
ARM GAS  C:\msys64\tmp\cc73uNFg.s 			page 21


 100 0044 1288     		ldrh	r2, [r2]
1025:Middlewares/Third_Party/LwIP/src/core/tcp.c ****         n++;
 101              		.loc 1 1025 10 view .LVU26
 102 0046 9142     		cmp	r1, r2
 103 0048 E2D0     		beq	.L15
1024:Middlewares/Third_Party/LwIP/src/core/tcp.c ****       if (pcb->local_port == tcp_port) {
 104              		.loc 1 1024 52 is_stmt 1 discriminator 2 view .LVU27
 105 004a DB68     		ldr	r3, [r3, #12]
 106              	.LVL9:
1024:Middlewares/Third_Party/LwIP/src/core/tcp.c ****       if (pcb->local_port == tcp_port) {
 107              		.loc 1 1024 52 is_stmt 0 discriminator 2 view .LVU28
 108 004c F7E7     		b	.L5
 109              	.L14:
1023:Middlewares/Third_Party/LwIP/src/core/tcp.c ****     for (pcb = *tcp_pcb_lists[i]; pcb != NULL; pcb = pcb->next) {
 110              		.loc 1 1023 39 is_stmt 1 discriminator 2 view .LVU29
 111 004e 0130     		adds	r0, r0, #1
 112              	.LVL10:
1023:Middlewares/Third_Party/LwIP/src/core/tcp.c ****     for (pcb = *tcp_pcb_lists[i]; pcb != NULL; pcb = pcb->next) {
 113              		.loc 1 1023 39 is_stmt 0 discriminator 2 view .LVU30
 114 0050 C0B2     		uxtb	r0, r0
 115              	.LVL11:
1023:Middlewares/Third_Party/LwIP/src/core/tcp.c ****     for (pcb = *tcp_pcb_lists[i]; pcb != NULL; pcb = pcb->next) {
 116              		.loc 1 1023 39 discriminator 2 view .LVU31
 117 0052 EEE7     		b	.L4
 118              	.LVL12:
 119              	.L13:
1028:Middlewares/Third_Party/LwIP/src/core/tcp.c ****           return 0;
1029:Middlewares/Third_Party/LwIP/src/core/tcp.c ****         }
1030:Middlewares/Third_Party/LwIP/src/core/tcp.c ****         goto again;
1031:Middlewares/Third_Party/LwIP/src/core/tcp.c ****       }
1032:Middlewares/Third_Party/LwIP/src/core/tcp.c ****     }
1033:Middlewares/Third_Party/LwIP/src/core/tcp.c ****   }
1034:Middlewares/Third_Party/LwIP/src/core/tcp.c ****   return tcp_port;
 120              		.loc 1 1034 3 is_stmt 1 view .LVU32
 121              		.loc 1 1034 10 is_stmt 0 view .LVU33
 122 0054 024B     		ldr	r3, .L16
 123 0056 1888     		ldrh	r0, [r3]
 124              	.LVL13:
 125              		.loc 1 1034 10 view .LVU34
 126 0058 7047     		bx	lr
 127              	.LVL14:
 128              	.L11:
1028:Middlewares/Third_Party/LwIP/src/core/tcp.c ****           return 0;
 129              		.loc 1 1028 18 view .LVU35
 130 005a 0020     		movs	r0, #0
 131              	.LVL15:
1035:Middlewares/Third_Party/LwIP/src/core/tcp.c **** }
 132              		.loc 1 1035 1 view .LVU36
 133 005c 7047     		bx	lr
 134              	.L17:
 135 005e 00BF     		.align	2
 136              	.L16:
 137 0060 00000000 		.word	.LANCHOR0
 138 0064 00000000 		.word	.LANCHOR1
 139              		.cfi_endproc
 140              	.LFE179:
 142              		.section	.rodata.tcp_remove_listener.str1.4,"aMS",%progbits,1
ARM GAS  C:\msys64\tmp\cc73uNFg.s 			page 22


 143              		.align	2
 144              	.LC0:
 145 0000 4D696464 		.ascii	"Middlewares/Third_Party/LwIP/src/core/tcp.c\000"
 145      6C657761 
 145      7265732F 
 145      54686972 
 145      645F5061 
 146              		.align	2
 147              	.LC1:
 148 002c 7463705F 		.ascii	"tcp_remove_listener: invalid listener\000"
 148      72656D6F 
 148      76655F6C 
 148      69737465 
 148      6E65723A 
 149 0052 0000     		.align	2
 150              	.LC2:
 151 0054 41737365 		.ascii	"Assertion \"%s\" failed at line %d in %s\012\000"
 151      7274696F 
 151      6E202225 
 151      73222066 
 151      61696C65 
 152              		.section	.text.tcp_remove_listener,"ax",%progbits
 153              		.align	1
 154              		.syntax unified
 155              		.thumb
 156              		.thumb_func
 158              	tcp_remove_listener:
 159              	.LVL16:
 160              	.LFB164:
 252:Middlewares/Third_Party/LwIP/src/core/tcp.c ****   struct tcp_pcb *pcb;
 161              		.loc 1 252 1 is_stmt 1 view -0
 162              		.cfi_startproc
 163              		@ args = 0, pretend = 0, frame = 0
 164              		@ frame_needed = 0, uses_anonymous_args = 0
 252:Middlewares/Third_Party/LwIP/src/core/tcp.c ****   struct tcp_pcb *pcb;
 165              		.loc 1 252 1 is_stmt 0 view .LVU38
 166 0000 38B5     		push	{r3, r4, r5, lr}
 167              	.LCFI0:
 168              		.cfi_def_cfa_offset 16
 169              		.cfi_offset 3, -16
 170              		.cfi_offset 4, -12
 171              		.cfi_offset 5, -8
 172              		.cfi_offset 14, -4
 173 0002 0446     		mov	r4, r0
 253:Middlewares/Third_Party/LwIP/src/core/tcp.c **** 
 174              		.loc 1 253 3 is_stmt 1 view .LVU39
 255:Middlewares/Third_Party/LwIP/src/core/tcp.c **** 
 175              		.loc 1 255 3 view .LVU40
 255:Middlewares/Third_Party/LwIP/src/core/tcp.c **** 
 176              		.loc 1 255 3 view .LVU41
 177 0004 0D46     		mov	r5, r1
 178 0006 39B9     		cbnz	r1, .L20
 255:Middlewares/Third_Party/LwIP/src/core/tcp.c **** 
 179              		.loc 1 255 3 discriminator 1 view .LVU42
 255:Middlewares/Third_Party/LwIP/src/core/tcp.c **** 
 180              		.loc 1 255 3 discriminator 1 view .LVU43
 181 0008 074B     		ldr	r3, .L25
ARM GAS  C:\msys64\tmp\cc73uNFg.s 			page 23


 182 000a FF22     		movs	r2, #255
 183 000c 0749     		ldr	r1, .L25+4
 184              	.LVL17:
 255:Middlewares/Third_Party/LwIP/src/core/tcp.c **** 
 185              		.loc 1 255 3 is_stmt 0 discriminator 1 view .LVU44
 186 000e 0848     		ldr	r0, .L25+8
 187              	.LVL18:
 255:Middlewares/Third_Party/LwIP/src/core/tcp.c **** 
 188              		.loc 1 255 3 discriminator 1 view .LVU45
 189 0010 FFF7FEFF 		bl	printf
 190              	.LVL19:
 191 0014 00E0     		b	.L20
 192              	.LVL20:
 193              	.L21:
 257:Middlewares/Third_Party/LwIP/src/core/tcp.c ****     if (pcb->listener == lpcb) {
 194              		.loc 1 257 37 is_stmt 1 discriminator 2 view .LVU46
 195 0016 E468     		ldr	r4, [r4, #12]
 196              	.LVL21:
 197              	.L20:
 257:Middlewares/Third_Party/LwIP/src/core/tcp.c ****     if (pcb->listener == lpcb) {
 198              		.loc 1 257 24 discriminator 1 view .LVU47
 199 0018 2CB1     		cbz	r4, .L24
 258:Middlewares/Third_Party/LwIP/src/core/tcp.c ****       pcb->listener = NULL;
 200              		.loc 1 258 5 view .LVU48
 258:Middlewares/Third_Party/LwIP/src/core/tcp.c ****       pcb->listener = NULL;
 201              		.loc 1 258 12 is_stmt 0 view .LVU49
 202 001a A36F     		ldr	r3, [r4, #120]
 258:Middlewares/Third_Party/LwIP/src/core/tcp.c ****       pcb->listener = NULL;
 203              		.loc 1 258 8 view .LVU50
 204 001c AB42     		cmp	r3, r5
 205 001e FAD1     		bne	.L21
 259:Middlewares/Third_Party/LwIP/src/core/tcp.c ****     }
 206              		.loc 1 259 7 is_stmt 1 view .LVU51
 259:Middlewares/Third_Party/LwIP/src/core/tcp.c ****     }
 207              		.loc 1 259 21 is_stmt 0 view .LVU52
 208 0020 0023     		movs	r3, #0
 209 0022 A367     		str	r3, [r4, #120]
 210 0024 F7E7     		b	.L21
 211              	.L24:
 262:Middlewares/Third_Party/LwIP/src/core/tcp.c **** #endif
 212              		.loc 1 262 1 view .LVU53
 213 0026 38BD     		pop	{r3, r4, r5, pc}
 214              	.LVL22:
 215              	.L26:
 262:Middlewares/Third_Party/LwIP/src/core/tcp.c **** #endif
 216              		.loc 1 262 1 view .LVU54
 217              		.align	2
 218              	.L25:
 219 0028 00000000 		.word	.LC0
 220 002c 2C000000 		.word	.LC1
 221 0030 54000000 		.word	.LC2
 222              		.cfi_endproc
 223              	.LFE164:
 225              		.section	.rodata.tcp_listen_closed.str1.4,"aMS",%progbits,1
 226              		.align	2
 227              	.LC3:
 228 0000 70636220 		.ascii	"pcb != NULL\000"
ARM GAS  C:\msys64\tmp\cc73uNFg.s 			page 24


 228      213D204E 
 228      554C4C00 
 229              		.align	2
 230              	.LC4:
 231 000c 7063622D 		.ascii	"pcb->state == LISTEN\000"
 231      3E737461 
 231      7465203D 
 231      3D204C49 
 231      5354454E 
 232              		.section	.text.tcp_listen_closed,"ax",%progbits
 233              		.align	1
 234              		.syntax unified
 235              		.thumb
 236              		.thumb_func
 238              	tcp_listen_closed:
 239              	.LVL23:
 240              	.LFB165:
 270:Middlewares/Third_Party/LwIP/src/core/tcp.c **** #if LWIP_CALLBACK_API || TCP_LISTEN_BACKLOG
 241              		.loc 1 270 1 is_stmt 1 view -0
 242              		.cfi_startproc
 243              		@ args = 0, pretend = 0, frame = 0
 244              		@ frame_needed = 0, uses_anonymous_args = 0
 270:Middlewares/Third_Party/LwIP/src/core/tcp.c **** #if LWIP_CALLBACK_API || TCP_LISTEN_BACKLOG
 245              		.loc 1 270 1 is_stmt 0 view .LVU56
 246 0000 38B5     		push	{r3, r4, r5, lr}
 247              	.LCFI1:
 248              		.cfi_def_cfa_offset 16
 249              		.cfi_offset 3, -16
 250              		.cfi_offset 4, -12
 251              		.cfi_offset 5, -8
 252              		.cfi_offset 14, -4
 272:Middlewares/Third_Party/LwIP/src/core/tcp.c ****   LWIP_ASSERT("pcb != NULL", pcb != NULL);
 253              		.loc 1 272 3 is_stmt 1 view .LVU57
 273:Middlewares/Third_Party/LwIP/src/core/tcp.c ****   LWIP_ASSERT("pcb->state == LISTEN", pcb->state == LISTEN);
 254              		.loc 1 273 3 view .LVU58
 273:Middlewares/Third_Party/LwIP/src/core/tcp.c ****   LWIP_ASSERT("pcb->state == LISTEN", pcb->state == LISTEN);
 255              		.loc 1 273 3 view .LVU59
 256 0002 0546     		mov	r5, r0
 257 0004 20B1     		cbz	r0, .L33
 258              	.LVL24:
 259              	.L28:
 273:Middlewares/Third_Party/LwIP/src/core/tcp.c ****   LWIP_ASSERT("pcb->state == LISTEN", pcb->state == LISTEN);
 260              		.loc 1 273 3 discriminator 3 view .LVU60
 273:Middlewares/Third_Party/LwIP/src/core/tcp.c ****   LWIP_ASSERT("pcb->state == LISTEN", pcb->state == LISTEN);
 261              		.loc 1 273 3 discriminator 3 view .LVU61
 274:Middlewares/Third_Party/LwIP/src/core/tcp.c ****   for (i = 1; i < LWIP_ARRAYSIZE(tcp_pcb_lists); i++) {
 262              		.loc 1 274 3 discriminator 3 view .LVU62
 274:Middlewares/Third_Party/LwIP/src/core/tcp.c ****   for (i = 1; i < LWIP_ARRAYSIZE(tcp_pcb_lists); i++) {
 263              		.loc 1 274 3 discriminator 3 view .LVU63
 264 0006 2B7D     		ldrb	r3, [r5, #20]	@ zero_extendqisi2
 265 0008 012B     		cmp	r3, #1
 266 000a 09D1     		bne	.L34
 267              	.L29:
 270:Middlewares/Third_Party/LwIP/src/core/tcp.c **** #if LWIP_CALLBACK_API || TCP_LISTEN_BACKLOG
 268              		.loc 1 270 1 is_stmt 0 discriminator 1 view .LVU64
 269 000c 0124     		movs	r4, #1
 270 000e 17E0     		b	.L30
ARM GAS  C:\msys64\tmp\cc73uNFg.s 			page 25


 271              	.LVL25:
 272              	.L33:
 273:Middlewares/Third_Party/LwIP/src/core/tcp.c ****   LWIP_ASSERT("pcb->state == LISTEN", pcb->state == LISTEN);
 273              		.loc 1 273 3 is_stmt 1 discriminator 1 view .LVU65
 273:Middlewares/Third_Party/LwIP/src/core/tcp.c ****   LWIP_ASSERT("pcb->state == LISTEN", pcb->state == LISTEN);
 274              		.loc 1 273 3 discriminator 1 view .LVU66
 275 0010 0D4B     		ldr	r3, .L35
 276 0012 40F21112 		movw	r2, #273
 277 0016 0D49     		ldr	r1, .L35+4
 278 0018 0D48     		ldr	r0, .L35+8
 279              	.LVL26:
 273:Middlewares/Third_Party/LwIP/src/core/tcp.c ****   LWIP_ASSERT("pcb->state == LISTEN", pcb->state == LISTEN);
 280              		.loc 1 273 3 is_stmt 0 discriminator 1 view .LVU67
 281 001a FFF7FEFF 		bl	printf
 282              	.LVL27:
 283 001e F2E7     		b	.L28
 284              	.L34:
 274:Middlewares/Third_Party/LwIP/src/core/tcp.c ****   for (i = 1; i < LWIP_ARRAYSIZE(tcp_pcb_lists); i++) {
 285              		.loc 1 274 3 is_stmt 1 discriminator 1 view .LVU68
 274:Middlewares/Third_Party/LwIP/src/core/tcp.c ****   for (i = 1; i < LWIP_ARRAYSIZE(tcp_pcb_lists); i++) {
 286              		.loc 1 274 3 discriminator 1 view .LVU69
 287 0020 094B     		ldr	r3, .L35
 288 0022 4FF48972 		mov	r2, #274
 289 0026 0B49     		ldr	r1, .L35+12
 290 0028 0948     		ldr	r0, .L35+8
 291 002a FFF7FEFF 		bl	printf
 292              	.LVL28:
 293 002e EDE7     		b	.L29
 294              	.LVL29:
 295              	.L31:
 276:Middlewares/Third_Party/LwIP/src/core/tcp.c ****   }
 296              		.loc 1 276 5 discriminator 3 view .LVU70
 276:Middlewares/Third_Party/LwIP/src/core/tcp.c ****   }
 297              		.loc 1 276 39 is_stmt 0 discriminator 3 view .LVU71
 298 0030 094B     		ldr	r3, .L35+16
 299 0032 53F82430 		ldr	r3, [r3, r4, lsl #2]
 276:Middlewares/Third_Party/LwIP/src/core/tcp.c ****   }
 300              		.loc 1 276 5 discriminator 3 view .LVU72
 301 0036 2946     		mov	r1, r5
 302 0038 1868     		ldr	r0, [r3]
 303 003a FFF7FEFF 		bl	tcp_remove_listener
 304              	.LVL30:
 275:Middlewares/Third_Party/LwIP/src/core/tcp.c ****     tcp_remove_listener(*tcp_pcb_lists[i], (struct tcp_pcb_listen *)pcb);
 305              		.loc 1 275 51 is_stmt 1 discriminator 3 view .LVU73
 306 003e 0134     		adds	r4, r4, #1
 307              	.LVL31:
 308              	.L30:
 275:Middlewares/Third_Party/LwIP/src/core/tcp.c ****     tcp_remove_listener(*tcp_pcb_lists[i], (struct tcp_pcb_listen *)pcb);
 309              		.loc 1 275 17 discriminator 1 view .LVU74
 310 0040 032C     		cmp	r4, #3
 311 0042 F5D9     		bls	.L31
 280:Middlewares/Third_Party/LwIP/src/core/tcp.c **** 
 312              		.loc 1 280 1 is_stmt 0 view .LVU75
 313 0044 38BD     		pop	{r3, r4, r5, pc}
 314              	.LVL32:
 315              	.L36:
 280:Middlewares/Third_Party/LwIP/src/core/tcp.c **** 
ARM GAS  C:\msys64\tmp\cc73uNFg.s 			page 26


 316              		.loc 1 280 1 view .LVU76
 317 0046 00BF     		.align	2
 318              	.L35:
 319 0048 00000000 		.word	.LC0
 320 004c 00000000 		.word	.LC3
 321 0050 54000000 		.word	.LC2
 322 0054 0C000000 		.word	.LC4
 323 0058 00000000 		.word	.LANCHOR1
 324              		.cfi_endproc
 325              	.LFE165:
 327              		.section	.rodata.tcp_free_listen.str1.4,"aMS",%progbits,1
 328              		.align	2
 329              	.LC5:
 330 0000 7463705F 		.ascii	"tcp_free_listen: !LISTEN\000"
 330      66726565 
 330      5F6C6973 
 330      74656E3A 
 330      20214C49 
 331              		.section	.text.tcp_free_listen,"ax",%progbits
 332              		.align	1
 333              		.syntax unified
 334              		.thumb
 335              		.thumb_func
 337              	tcp_free_listen:
 338              	.LVL33:
 339              	.LFB162:
 222:Middlewares/Third_Party/LwIP/src/core/tcp.c ****   LWIP_ASSERT("tcp_free_listen: !LISTEN", pcb->state != LISTEN);
 340              		.loc 1 222 1 is_stmt 1 view -0
 341              		.cfi_startproc
 342              		@ args = 0, pretend = 0, frame = 0
 343              		@ frame_needed = 0, uses_anonymous_args = 0
 222:Middlewares/Third_Party/LwIP/src/core/tcp.c ****   LWIP_ASSERT("tcp_free_listen: !LISTEN", pcb->state != LISTEN);
 344              		.loc 1 222 1 is_stmt 0 view .LVU78
 345 0000 10B5     		push	{r4, lr}
 346              	.LCFI2:
 347              		.cfi_def_cfa_offset 8
 348              		.cfi_offset 4, -8
 349              		.cfi_offset 14, -4
 350 0002 0446     		mov	r4, r0
 223:Middlewares/Third_Party/LwIP/src/core/tcp.c **** #if LWIP_TCP_PCB_NUM_EXT_ARGS
 351              		.loc 1 223 3 is_stmt 1 view .LVU79
 223:Middlewares/Third_Party/LwIP/src/core/tcp.c **** #if LWIP_TCP_PCB_NUM_EXT_ARGS
 352              		.loc 1 223 3 view .LVU80
 353 0004 037D     		ldrb	r3, [r0, #20]	@ zero_extendqisi2
 354 0006 012B     		cmp	r3, #1
 355 0008 04D0     		beq	.L40
 356              	.LVL34:
 357              	.L38:
 223:Middlewares/Third_Party/LwIP/src/core/tcp.c **** #if LWIP_TCP_PCB_NUM_EXT_ARGS
 358              		.loc 1 223 3 discriminator 3 view .LVU81
 223:Middlewares/Third_Party/LwIP/src/core/tcp.c **** #if LWIP_TCP_PCB_NUM_EXT_ARGS
 359              		.loc 1 223 3 discriminator 3 view .LVU82
 227:Middlewares/Third_Party/LwIP/src/core/tcp.c **** }
 360              		.loc 1 227 3 discriminator 3 view .LVU83
 361 000a 2146     		mov	r1, r4
 362 000c 0220     		movs	r0, #2
 363 000e FFF7FEFF 		bl	memp_free
ARM GAS  C:\msys64\tmp\cc73uNFg.s 			page 27


 364              	.LVL35:
 228:Middlewares/Third_Party/LwIP/src/core/tcp.c **** 
 365              		.loc 1 228 1 is_stmt 0 discriminator 3 view .LVU84
 366 0012 10BD     		pop	{r4, pc}
 367              	.LVL36:
 368              	.L40:
 223:Middlewares/Third_Party/LwIP/src/core/tcp.c **** #if LWIP_TCP_PCB_NUM_EXT_ARGS
 369              		.loc 1 223 3 is_stmt 1 discriminator 1 view .LVU85
 223:Middlewares/Third_Party/LwIP/src/core/tcp.c **** #if LWIP_TCP_PCB_NUM_EXT_ARGS
 370              		.loc 1 223 3 discriminator 1 view .LVU86
 371 0014 034B     		ldr	r3, .L41
 372 0016 DF22     		movs	r2, #223
 373 0018 0349     		ldr	r1, .L41+4
 374 001a 0448     		ldr	r0, .L41+8
 375              	.LVL37:
 223:Middlewares/Third_Party/LwIP/src/core/tcp.c **** #if LWIP_TCP_PCB_NUM_EXT_ARGS
 376              		.loc 1 223 3 is_stmt 0 discriminator 1 view .LVU87
 377 001c FFF7FEFF 		bl	printf
 378              	.LVL38:
 379 0020 F3E7     		b	.L38
 380              	.L42:
 381 0022 00BF     		.align	2
 382              	.L41:
 383 0024 00000000 		.word	.LC0
 384 0028 00000000 		.word	.LC5
 385 002c 54000000 		.word	.LC2
 386              		.cfi_endproc
 387              	.LFE162:
 389              		.section	.text.tcp_close_shutdown_fin,"ax",%progbits
 390              		.align	1
 391              		.syntax unified
 392              		.thumb
 393              		.thumb_func
 395              	tcp_close_shutdown_fin:
 396              	.LVL39:
 397              	.LFB167:
 410:Middlewares/Third_Party/LwIP/src/core/tcp.c ****   err_t err;
 398              		.loc 1 410 1 is_stmt 1 view -0
 399              		.cfi_startproc
 400              		@ args = 0, pretend = 0, frame = 0
 401              		@ frame_needed = 0, uses_anonymous_args = 0
 410:Middlewares/Third_Party/LwIP/src/core/tcp.c ****   err_t err;
 402              		.loc 1 410 1 is_stmt 0 view .LVU89
 403 0000 38B5     		push	{r3, r4, r5, lr}
 404              	.LCFI3:
 405              		.cfi_def_cfa_offset 16
 406              		.cfi_offset 3, -16
 407              		.cfi_offset 4, -12
 408              		.cfi_offset 5, -8
 409              		.cfi_offset 14, -4
 411:Middlewares/Third_Party/LwIP/src/core/tcp.c ****   LWIP_ASSERT("pcb != NULL", pcb != NULL);
 410              		.loc 1 411 3 is_stmt 1 view .LVU90
 412:Middlewares/Third_Party/LwIP/src/core/tcp.c **** 
 411              		.loc 1 412 3 view .LVU91
 412:Middlewares/Third_Party/LwIP/src/core/tcp.c **** 
 412              		.loc 1 412 3 view .LVU92
 413 0002 0546     		mov	r5, r0
ARM GAS  C:\msys64\tmp\cc73uNFg.s 			page 28


 414 0004 48B1     		cbz	r0, .L52
 415              	.LVL40:
 416              	.L44:
 412:Middlewares/Third_Party/LwIP/src/core/tcp.c **** 
 417              		.loc 1 412 3 discriminator 3 view .LVU93
 412:Middlewares/Third_Party/LwIP/src/core/tcp.c **** 
 418              		.loc 1 412 3 discriminator 3 view .LVU94
 414:Middlewares/Third_Party/LwIP/src/core/tcp.c ****     case SYN_RCVD:
 419              		.loc 1 414 3 discriminator 3 view .LVU95
 414:Middlewares/Third_Party/LwIP/src/core/tcp.c ****     case SYN_RCVD:
 420              		.loc 1 414 14 is_stmt 0 discriminator 3 view .LVU96
 421 0006 2B7D     		ldrb	r3, [r5, #20]	@ zero_extendqisi2
 414:Middlewares/Third_Party/LwIP/src/core/tcp.c ****     case SYN_RCVD:
 422              		.loc 1 414 3 discriminator 3 view .LVU97
 423 0008 042B     		cmp	r3, #4
 424 000a 1FD0     		beq	.L45
 414:Middlewares/Third_Party/LwIP/src/core/tcp.c ****     case SYN_RCVD:
 425              		.loc 1 414 3 view .LVU98
 426 000c 072B     		cmp	r3, #7
 427 000e 26D0     		beq	.L46
 428 0010 032B     		cmp	r3, #3
 429 0012 0AD0     		beq	.L53
 430 0014 0024     		movs	r4, #0
 431              	.L47:
 460:Middlewares/Third_Party/LwIP/src/core/tcp.c **** 
 432              		.loc 1 460 1 view .LVU99
 433 0016 2046     		mov	r0, r4
 434 0018 38BD     		pop	{r3, r4, r5, pc}
 435              	.LVL41:
 436              	.L52:
 412:Middlewares/Third_Party/LwIP/src/core/tcp.c **** 
 437              		.loc 1 412 3 is_stmt 1 discriminator 1 view .LVU100
 412:Middlewares/Third_Party/LwIP/src/core/tcp.c **** 
 438              		.loc 1 412 3 discriminator 1 view .LVU101
 439 001a 174B     		ldr	r3, .L55
 440 001c 4FF4CE72 		mov	r2, #412
 441 0020 1649     		ldr	r1, .L55+4
 442 0022 1748     		ldr	r0, .L55+8
 443              	.LVL42:
 412:Middlewares/Third_Party/LwIP/src/core/tcp.c **** 
 444              		.loc 1 412 3 is_stmt 0 discriminator 1 view .LVU102
 445 0024 FFF7FEFF 		bl	printf
 446              	.LVL43:
 447 0028 EDE7     		b	.L44
 448              	.L53:
 416:Middlewares/Third_Party/LwIP/src/core/tcp.c ****       if (err == ERR_OK) {
 449              		.loc 1 416 7 is_stmt 1 view .LVU103
 416:Middlewares/Third_Party/LwIP/src/core/tcp.c ****       if (err == ERR_OK) {
 450              		.loc 1 416 13 is_stmt 0 view .LVU104
 451 002a 2846     		mov	r0, r5
 452 002c FFF7FEFF 		bl	tcp_send_fin
 453              	.LVL44:
 417:Middlewares/Third_Party/LwIP/src/core/tcp.c ****         tcp_backlog_accepted(pcb);
 454              		.loc 1 417 7 is_stmt 1 view .LVU105
 417:Middlewares/Third_Party/LwIP/src/core/tcp.c ****         tcp_backlog_accepted(pcb);
 455              		.loc 1 417 10 is_stmt 0 view .LVU106
 456 0030 0446     		mov	r4, r0
ARM GAS  C:\msys64\tmp\cc73uNFg.s 			page 29


 457 0032 08B9     		cbnz	r0, .L48
 418:Middlewares/Third_Party/LwIP/src/core/tcp.c ****         MIB2_STATS_INC(mib2.tcpattemptfails);
 458              		.loc 1 418 34 is_stmt 1 view .LVU107
 419:Middlewares/Third_Party/LwIP/src/core/tcp.c ****         pcb->state = FIN_WAIT_1;
 459              		.loc 1 419 45 view .LVU108
 420:Middlewares/Third_Party/LwIP/src/core/tcp.c ****       }
 460              		.loc 1 420 9 view .LVU109
 420:Middlewares/Third_Party/LwIP/src/core/tcp.c ****       }
 461              		.loc 1 420 20 is_stmt 0 view .LVU110
 462 0034 0523     		movs	r3, #5
 463 0036 2B75     		strb	r3, [r5, #20]
 464              	.L48:
 465              	.LVL45:
 442:Middlewares/Third_Party/LwIP/src/core/tcp.c ****     /* To ensure all data has been sent when tcp_close returns, we have
 466              		.loc 1 442 3 is_stmt 1 view .LVU111
 442:Middlewares/Third_Party/LwIP/src/core/tcp.c ****     /* To ensure all data has been sent when tcp_close returns, we have
 467              		.loc 1 442 6 is_stmt 0 view .LVU112
 468 0038 D4B1     		cbz	r4, .L54
 449:Middlewares/Third_Party/LwIP/src/core/tcp.c ****     /* Mark this pcb for closing. Closing is retried from tcp_tmr. */
 469              		.loc 1 449 10 is_stmt 1 view .LVU113
 449:Middlewares/Third_Party/LwIP/src/core/tcp.c ****     /* Mark this pcb for closing. Closing is retried from tcp_tmr. */
 470              		.loc 1 449 13 is_stmt 0 view .LVU114
 471 003a B4F1FF3F 		cmp	r4, #-1
 472 003e EAD1     		bne	.L47
 451:Middlewares/Third_Party/LwIP/src/core/tcp.c ****     /* We have to return ERR_OK from here to indicate to the callers that this
 473              		.loc 1 451 5 is_stmt 1 view .LVU115
 451:Middlewares/Third_Party/LwIP/src/core/tcp.c ****     /* We have to return ERR_OK from here to indicate to the callers that this
 474              		.loc 1 451 5 view .LVU116
 475 0040 6B8B     		ldrh	r3, [r5, #26]
 476 0042 43F00803 		orr	r3, r3, #8
 477 0046 6B83     		strh	r3, [r5, #26]	@ movhi
 451:Middlewares/Third_Party/LwIP/src/core/tcp.c ****     /* We have to return ERR_OK from here to indicate to the callers that this
 478              		.loc 1 451 5 view .LVU117
 457:Middlewares/Third_Party/LwIP/src/core/tcp.c ****   }
 479              		.loc 1 457 5 view .LVU118
 457:Middlewares/Third_Party/LwIP/src/core/tcp.c ****   }
 480              		.loc 1 457 12 is_stmt 0 view .LVU119
 481 0048 0024     		movs	r4, #0
 482              	.LVL46:
 457:Middlewares/Third_Party/LwIP/src/core/tcp.c ****   }
 483              		.loc 1 457 12 view .LVU120
 484 004a E4E7     		b	.L47
 485              	.L45:
 424:Middlewares/Third_Party/LwIP/src/core/tcp.c ****       if (err == ERR_OK) {
 486              		.loc 1 424 7 is_stmt 1 view .LVU121
 424:Middlewares/Third_Party/LwIP/src/core/tcp.c ****       if (err == ERR_OK) {
 487              		.loc 1 424 13 is_stmt 0 view .LVU122
 488 004c 2846     		mov	r0, r5
 489 004e FFF7FEFF 		bl	tcp_send_fin
 490              	.LVL47:
 425:Middlewares/Third_Party/LwIP/src/core/tcp.c ****         MIB2_STATS_INC(mib2.tcpestabresets);
 491              		.loc 1 425 7 is_stmt 1 view .LVU123
 425:Middlewares/Third_Party/LwIP/src/core/tcp.c ****         MIB2_STATS_INC(mib2.tcpestabresets);
 492              		.loc 1 425 10 is_stmt 0 view .LVU124
 493 0052 0446     		mov	r4, r0
 494 0054 0028     		cmp	r0, #0
 495 0056 EFD1     		bne	.L48
ARM GAS  C:\msys64\tmp\cc73uNFg.s 			page 30


 426:Middlewares/Third_Party/LwIP/src/core/tcp.c ****         pcb->state = FIN_WAIT_1;
 496              		.loc 1 426 44 is_stmt 1 view .LVU125
 427:Middlewares/Third_Party/LwIP/src/core/tcp.c ****       }
 497              		.loc 1 427 9 view .LVU126
 427:Middlewares/Third_Party/LwIP/src/core/tcp.c ****       }
 498              		.loc 1 427 20 is_stmt 0 view .LVU127
 499 0058 0523     		movs	r3, #5
 500 005a 2B75     		strb	r3, [r5, #20]
 501 005c ECE7     		b	.L48
 502              	.LVL48:
 503              	.L46:
 431:Middlewares/Third_Party/LwIP/src/core/tcp.c ****       if (err == ERR_OK) {
 504              		.loc 1 431 7 is_stmt 1 view .LVU128
 431:Middlewares/Third_Party/LwIP/src/core/tcp.c ****       if (err == ERR_OK) {
 505              		.loc 1 431 13 is_stmt 0 view .LVU129
 506 005e 2846     		mov	r0, r5
 507 0060 FFF7FEFF 		bl	tcp_send_fin
 508              	.LVL49:
 432:Middlewares/Third_Party/LwIP/src/core/tcp.c ****         MIB2_STATS_INC(mib2.tcpestabresets);
 509              		.loc 1 432 7 is_stmt 1 view .LVU130
 432:Middlewares/Third_Party/LwIP/src/core/tcp.c ****         MIB2_STATS_INC(mib2.tcpestabresets);
 510              		.loc 1 432 10 is_stmt 0 view .LVU131
 511 0064 0446     		mov	r4, r0
 512 0066 0028     		cmp	r0, #0
 513 0068 E6D1     		bne	.L48
 433:Middlewares/Third_Party/LwIP/src/core/tcp.c ****         pcb->state = LAST_ACK;
 514              		.loc 1 433 44 is_stmt 1 view .LVU132
 434:Middlewares/Third_Party/LwIP/src/core/tcp.c ****       }
 515              		.loc 1 434 9 view .LVU133
 434:Middlewares/Third_Party/LwIP/src/core/tcp.c ****       }
 516              		.loc 1 434 20 is_stmt 0 view .LVU134
 517 006a 0923     		movs	r3, #9
 518 006c 2B75     		strb	r3, [r5, #20]
 519 006e E3E7     		b	.L48
 520              	.LVL50:
 521              	.L54:
 448:Middlewares/Third_Party/LwIP/src/core/tcp.c ****   } else if (err == ERR_MEM) {
 522              		.loc 1 448 5 is_stmt 1 view .LVU135
 523 0070 2846     		mov	r0, r5
 524 0072 FFF7FEFF 		bl	tcp_output
 525              	.LVL51:
 526 0076 CEE7     		b	.L47
 527              	.L56:
 528              		.align	2
 529              	.L55:
 530 0078 00000000 		.word	.LC0
 531 007c 00000000 		.word	.LC3
 532 0080 54000000 		.word	.LC2
 533              		.cfi_endproc
 534              	.LFE167:
 536              		.section	.text.tcp_handle_closepend,"ax",%progbits
 537              		.align	1
 538              		.syntax unified
 539              		.thumb
 540              		.thumb_func
 542              	tcp_handle_closepend:
 543              	.LFB192:
ARM GAS  C:\msys64\tmp\cc73uNFg.s 			page 31


1036:Middlewares/Third_Party/LwIP/src/core/tcp.c **** 
1037:Middlewares/Third_Party/LwIP/src/core/tcp.c **** /**
1038:Middlewares/Third_Party/LwIP/src/core/tcp.c ****  * @ingroup tcp_raw
1039:Middlewares/Third_Party/LwIP/src/core/tcp.c ****  * Connects to another host. The function given as the "connected"
1040:Middlewares/Third_Party/LwIP/src/core/tcp.c ****  * argument will be called when the connection has been established.
1041:Middlewares/Third_Party/LwIP/src/core/tcp.c ****  *  Sets up the pcb to connect to the remote host and sends the
1042:Middlewares/Third_Party/LwIP/src/core/tcp.c ****  * initial SYN segment which opens the connection. 
1043:Middlewares/Third_Party/LwIP/src/core/tcp.c ****  *
1044:Middlewares/Third_Party/LwIP/src/core/tcp.c ****  * The tcp_connect() function returns immediately; it does not wait for
1045:Middlewares/Third_Party/LwIP/src/core/tcp.c ****  * the connection to be properly setup. Instead, it will call the
1046:Middlewares/Third_Party/LwIP/src/core/tcp.c ****  * function specified as the fourth argument (the "connected" argument)
1047:Middlewares/Third_Party/LwIP/src/core/tcp.c ****  * when the connection is established. If the connection could not be
1048:Middlewares/Third_Party/LwIP/src/core/tcp.c ****  * properly established, either because the other host refused the
1049:Middlewares/Third_Party/LwIP/src/core/tcp.c ****  * connection or because the other host didn't answer, the "err"
1050:Middlewares/Third_Party/LwIP/src/core/tcp.c ****  * callback function of this pcb (registered with tcp_err, see below)
1051:Middlewares/Third_Party/LwIP/src/core/tcp.c ****  * will be called.
1052:Middlewares/Third_Party/LwIP/src/core/tcp.c ****  *
1053:Middlewares/Third_Party/LwIP/src/core/tcp.c ****  * The tcp_connect() function can return ERR_MEM if no memory is
1054:Middlewares/Third_Party/LwIP/src/core/tcp.c ****  * available for enqueueing the SYN segment. If the SYN indeed was
1055:Middlewares/Third_Party/LwIP/src/core/tcp.c ****  * enqueued successfully, the tcp_connect() function returns ERR_OK.
1056:Middlewares/Third_Party/LwIP/src/core/tcp.c ****  *
1057:Middlewares/Third_Party/LwIP/src/core/tcp.c ****  * @param pcb the tcp_pcb used to establish the connection
1058:Middlewares/Third_Party/LwIP/src/core/tcp.c ****  * @param ipaddr the remote ip address to connect to
1059:Middlewares/Third_Party/LwIP/src/core/tcp.c ****  * @param port the remote tcp port to connect to
1060:Middlewares/Third_Party/LwIP/src/core/tcp.c ****  * @param connected callback function to call when connected (on error,
1061:Middlewares/Third_Party/LwIP/src/core/tcp.c ****                     the err calback will be called)
1062:Middlewares/Third_Party/LwIP/src/core/tcp.c ****  * @return ERR_VAL if invalid arguments are given
1063:Middlewares/Third_Party/LwIP/src/core/tcp.c ****  *         ERR_OK if connect request has been sent
1064:Middlewares/Third_Party/LwIP/src/core/tcp.c ****  *         other err_t values if connect request couldn't be sent
1065:Middlewares/Third_Party/LwIP/src/core/tcp.c ****  */
1066:Middlewares/Third_Party/LwIP/src/core/tcp.c **** err_t
1067:Middlewares/Third_Party/LwIP/src/core/tcp.c **** tcp_connect(struct tcp_pcb *pcb, const ip_addr_t *ipaddr, u16_t port,
1068:Middlewares/Third_Party/LwIP/src/core/tcp.c ****             tcp_connected_fn connected)
1069:Middlewares/Third_Party/LwIP/src/core/tcp.c **** {
1070:Middlewares/Third_Party/LwIP/src/core/tcp.c ****   struct netif *netif = NULL;
1071:Middlewares/Third_Party/LwIP/src/core/tcp.c ****   err_t ret;
1072:Middlewares/Third_Party/LwIP/src/core/tcp.c ****   u32_t iss;
1073:Middlewares/Third_Party/LwIP/src/core/tcp.c ****   u16_t old_local_port;
1074:Middlewares/Third_Party/LwIP/src/core/tcp.c **** 
1075:Middlewares/Third_Party/LwIP/src/core/tcp.c ****   LWIP_ASSERT_CORE_LOCKED();
1076:Middlewares/Third_Party/LwIP/src/core/tcp.c **** 
1077:Middlewares/Third_Party/LwIP/src/core/tcp.c ****   LWIP_ERROR("tcp_connect: invalid pcb", pcb != NULL, return ERR_ARG);
1078:Middlewares/Third_Party/LwIP/src/core/tcp.c ****   LWIP_ERROR("tcp_connect: invalid ipaddr", ipaddr != NULL, return ERR_ARG);
1079:Middlewares/Third_Party/LwIP/src/core/tcp.c **** 
1080:Middlewares/Third_Party/LwIP/src/core/tcp.c ****   LWIP_ERROR("tcp_connect: can only connect from state CLOSED", pcb->state == CLOSED, return ERR_IS
1081:Middlewares/Third_Party/LwIP/src/core/tcp.c **** 
1082:Middlewares/Third_Party/LwIP/src/core/tcp.c ****   LWIP_DEBUGF(TCP_DEBUG, ("tcp_connect to port %"U16_F"\n", port));
1083:Middlewares/Third_Party/LwIP/src/core/tcp.c ****   ip_addr_set(&pcb->remote_ip, ipaddr);
1084:Middlewares/Third_Party/LwIP/src/core/tcp.c ****   pcb->remote_port = port;
1085:Middlewares/Third_Party/LwIP/src/core/tcp.c **** 
1086:Middlewares/Third_Party/LwIP/src/core/tcp.c ****   if (pcb->netif_idx != NETIF_NO_INDEX) {
1087:Middlewares/Third_Party/LwIP/src/core/tcp.c ****     netif = netif_get_by_index(pcb->netif_idx);
1088:Middlewares/Third_Party/LwIP/src/core/tcp.c ****   } else {
1089:Middlewares/Third_Party/LwIP/src/core/tcp.c ****     /* check if we have a route to the remote host */
1090:Middlewares/Third_Party/LwIP/src/core/tcp.c ****     netif = ip_route(&pcb->local_ip, &pcb->remote_ip);
1091:Middlewares/Third_Party/LwIP/src/core/tcp.c ****   }
1092:Middlewares/Third_Party/LwIP/src/core/tcp.c ****   if (netif == NULL) {
ARM GAS  C:\msys64\tmp\cc73uNFg.s 			page 32


1093:Middlewares/Third_Party/LwIP/src/core/tcp.c ****     /* Don't even try to send a SYN packet if we have no route since that will fail. */
1094:Middlewares/Third_Party/LwIP/src/core/tcp.c ****     return ERR_RTE;
1095:Middlewares/Third_Party/LwIP/src/core/tcp.c ****   }
1096:Middlewares/Third_Party/LwIP/src/core/tcp.c **** 
1097:Middlewares/Third_Party/LwIP/src/core/tcp.c ****   /* check if local IP has been assigned to pcb, if not, get one */
1098:Middlewares/Third_Party/LwIP/src/core/tcp.c ****   if (ip_addr_isany(&pcb->local_ip)) {
1099:Middlewares/Third_Party/LwIP/src/core/tcp.c ****     const ip_addr_t *local_ip = ip_netif_get_local_ip(netif, ipaddr);
1100:Middlewares/Third_Party/LwIP/src/core/tcp.c ****     if (local_ip == NULL) {
1101:Middlewares/Third_Party/LwIP/src/core/tcp.c ****       return ERR_RTE;
1102:Middlewares/Third_Party/LwIP/src/core/tcp.c ****     }
1103:Middlewares/Third_Party/LwIP/src/core/tcp.c ****     ip_addr_copy(pcb->local_ip, *local_ip);
1104:Middlewares/Third_Party/LwIP/src/core/tcp.c ****   }
1105:Middlewares/Third_Party/LwIP/src/core/tcp.c **** 
1106:Middlewares/Third_Party/LwIP/src/core/tcp.c **** #if LWIP_IPV6 && LWIP_IPV6_SCOPES
1107:Middlewares/Third_Party/LwIP/src/core/tcp.c ****   /* If the given IP address should have a zone but doesn't, assign one now.
1108:Middlewares/Third_Party/LwIP/src/core/tcp.c ****    * Given that we already have the target netif, this is easy and cheap. */
1109:Middlewares/Third_Party/LwIP/src/core/tcp.c ****   if (IP_IS_V6(&pcb->remote_ip) &&
1110:Middlewares/Third_Party/LwIP/src/core/tcp.c ****       ip6_addr_lacks_zone(ip_2_ip6(&pcb->remote_ip), IP6_UNICAST)) {
1111:Middlewares/Third_Party/LwIP/src/core/tcp.c ****     ip6_addr_assign_zone(ip_2_ip6(&pcb->remote_ip), IP6_UNICAST, netif);
1112:Middlewares/Third_Party/LwIP/src/core/tcp.c ****   }
1113:Middlewares/Third_Party/LwIP/src/core/tcp.c **** #endif /* LWIP_IPV6 && LWIP_IPV6_SCOPES */
1114:Middlewares/Third_Party/LwIP/src/core/tcp.c **** 
1115:Middlewares/Third_Party/LwIP/src/core/tcp.c ****   old_local_port = pcb->local_port;
1116:Middlewares/Third_Party/LwIP/src/core/tcp.c ****   if (pcb->local_port == 0) {
1117:Middlewares/Third_Party/LwIP/src/core/tcp.c ****     pcb->local_port = tcp_new_port();
1118:Middlewares/Third_Party/LwIP/src/core/tcp.c ****     if (pcb->local_port == 0) {
1119:Middlewares/Third_Party/LwIP/src/core/tcp.c ****       return ERR_BUF;
1120:Middlewares/Third_Party/LwIP/src/core/tcp.c ****     }
1121:Middlewares/Third_Party/LwIP/src/core/tcp.c ****   } else {
1122:Middlewares/Third_Party/LwIP/src/core/tcp.c **** #if SO_REUSE
1123:Middlewares/Third_Party/LwIP/src/core/tcp.c ****     if (ip_get_option(pcb, SOF_REUSEADDR)) {
1124:Middlewares/Third_Party/LwIP/src/core/tcp.c ****       /* Since SOF_REUSEADDR allows reusing a local address, we have to make sure
1125:Middlewares/Third_Party/LwIP/src/core/tcp.c ****          now that the 5-tuple is unique. */
1126:Middlewares/Third_Party/LwIP/src/core/tcp.c ****       struct tcp_pcb *cpcb;
1127:Middlewares/Third_Party/LwIP/src/core/tcp.c ****       int i;
1128:Middlewares/Third_Party/LwIP/src/core/tcp.c ****       /* Don't check listen- and bound-PCBs, check active- and TIME-WAIT PCBs. */
1129:Middlewares/Third_Party/LwIP/src/core/tcp.c ****       for (i = 2; i < NUM_TCP_PCB_LISTS; i++) {
1130:Middlewares/Third_Party/LwIP/src/core/tcp.c ****         for (cpcb = *tcp_pcb_lists[i]; cpcb != NULL; cpcb = cpcb->next) {
1131:Middlewares/Third_Party/LwIP/src/core/tcp.c ****           if ((cpcb->local_port == pcb->local_port) &&
1132:Middlewares/Third_Party/LwIP/src/core/tcp.c ****               (cpcb->remote_port == port) &&
1133:Middlewares/Third_Party/LwIP/src/core/tcp.c ****               ip_addr_cmp(&cpcb->local_ip, &pcb->local_ip) &&
1134:Middlewares/Third_Party/LwIP/src/core/tcp.c ****               ip_addr_cmp(&cpcb->remote_ip, ipaddr)) {
1135:Middlewares/Third_Party/LwIP/src/core/tcp.c ****             /* linux returns EISCONN here, but ERR_USE should be OK for us */
1136:Middlewares/Third_Party/LwIP/src/core/tcp.c ****             return ERR_USE;
1137:Middlewares/Third_Party/LwIP/src/core/tcp.c ****           }
1138:Middlewares/Third_Party/LwIP/src/core/tcp.c ****         }
1139:Middlewares/Third_Party/LwIP/src/core/tcp.c ****       }
1140:Middlewares/Third_Party/LwIP/src/core/tcp.c ****     }
1141:Middlewares/Third_Party/LwIP/src/core/tcp.c **** #endif /* SO_REUSE */
1142:Middlewares/Third_Party/LwIP/src/core/tcp.c ****   }
1143:Middlewares/Third_Party/LwIP/src/core/tcp.c **** 
1144:Middlewares/Third_Party/LwIP/src/core/tcp.c ****   iss = tcp_next_iss(pcb);
1145:Middlewares/Third_Party/LwIP/src/core/tcp.c ****   pcb->rcv_nxt = 0;
1146:Middlewares/Third_Party/LwIP/src/core/tcp.c ****   pcb->snd_nxt = iss;
1147:Middlewares/Third_Party/LwIP/src/core/tcp.c ****   pcb->lastack = iss - 1;
1148:Middlewares/Third_Party/LwIP/src/core/tcp.c ****   pcb->snd_wl2 = iss - 1;
1149:Middlewares/Third_Party/LwIP/src/core/tcp.c ****   pcb->snd_lbb = iss - 1;
ARM GAS  C:\msys64\tmp\cc73uNFg.s 			page 33


1150:Middlewares/Third_Party/LwIP/src/core/tcp.c ****   /* Start with a window that does not need scaling. When window scaling is
1151:Middlewares/Third_Party/LwIP/src/core/tcp.c ****      enabled and used, the window is enlarged when both sides agree on scaling. */
1152:Middlewares/Third_Party/LwIP/src/core/tcp.c ****   pcb->rcv_wnd = pcb->rcv_ann_wnd = TCPWND_MIN16(TCP_WND);
1153:Middlewares/Third_Party/LwIP/src/core/tcp.c ****   pcb->rcv_ann_right_edge = pcb->rcv_nxt;
1154:Middlewares/Third_Party/LwIP/src/core/tcp.c ****   pcb->snd_wnd = TCP_WND;
1155:Middlewares/Third_Party/LwIP/src/core/tcp.c ****   /* As initial send MSS, we use TCP_MSS but limit it to 536.
1156:Middlewares/Third_Party/LwIP/src/core/tcp.c ****      The send MSS is updated when an MSS option is received. */
1157:Middlewares/Third_Party/LwIP/src/core/tcp.c ****   pcb->mss = INITIAL_MSS;
1158:Middlewares/Third_Party/LwIP/src/core/tcp.c **** #if TCP_CALCULATE_EFF_SEND_MSS
1159:Middlewares/Third_Party/LwIP/src/core/tcp.c ****   pcb->mss = tcp_eff_send_mss_netif(pcb->mss, netif, &pcb->remote_ip);
1160:Middlewares/Third_Party/LwIP/src/core/tcp.c **** #endif /* TCP_CALCULATE_EFF_SEND_MSS */
1161:Middlewares/Third_Party/LwIP/src/core/tcp.c ****   pcb->cwnd = 1;
1162:Middlewares/Third_Party/LwIP/src/core/tcp.c **** #if LWIP_CALLBACK_API
1163:Middlewares/Third_Party/LwIP/src/core/tcp.c ****   pcb->connected = connected;
1164:Middlewares/Third_Party/LwIP/src/core/tcp.c **** #else /* LWIP_CALLBACK_API */
1165:Middlewares/Third_Party/LwIP/src/core/tcp.c ****   LWIP_UNUSED_ARG(connected);
1166:Middlewares/Third_Party/LwIP/src/core/tcp.c **** #endif /* LWIP_CALLBACK_API */
1167:Middlewares/Third_Party/LwIP/src/core/tcp.c **** 
1168:Middlewares/Third_Party/LwIP/src/core/tcp.c ****   /* Send a SYN together with the MSS option. */
1169:Middlewares/Third_Party/LwIP/src/core/tcp.c ****   ret = tcp_enqueue_flags(pcb, TCP_SYN);
1170:Middlewares/Third_Party/LwIP/src/core/tcp.c ****   if (ret == ERR_OK) {
1171:Middlewares/Third_Party/LwIP/src/core/tcp.c ****     /* SYN segment was enqueued, changed the pcbs state now */
1172:Middlewares/Third_Party/LwIP/src/core/tcp.c ****     pcb->state = SYN_SENT;
1173:Middlewares/Third_Party/LwIP/src/core/tcp.c ****     if (old_local_port != 0) {
1174:Middlewares/Third_Party/LwIP/src/core/tcp.c ****       TCP_RMV(&tcp_bound_pcbs, pcb);
1175:Middlewares/Third_Party/LwIP/src/core/tcp.c ****     }
1176:Middlewares/Third_Party/LwIP/src/core/tcp.c ****     TCP_REG_ACTIVE(pcb);
1177:Middlewares/Third_Party/LwIP/src/core/tcp.c ****     MIB2_STATS_INC(mib2.tcpactiveopens);
1178:Middlewares/Third_Party/LwIP/src/core/tcp.c **** 
1179:Middlewares/Third_Party/LwIP/src/core/tcp.c ****     tcp_output(pcb);
1180:Middlewares/Third_Party/LwIP/src/core/tcp.c ****   }
1181:Middlewares/Third_Party/LwIP/src/core/tcp.c ****   return ret;
1182:Middlewares/Third_Party/LwIP/src/core/tcp.c **** }
1183:Middlewares/Third_Party/LwIP/src/core/tcp.c **** 
1184:Middlewares/Third_Party/LwIP/src/core/tcp.c **** /**
1185:Middlewares/Third_Party/LwIP/src/core/tcp.c ****  * Called every 500 ms and implements the retransmission timer and the timer that
1186:Middlewares/Third_Party/LwIP/src/core/tcp.c ****  * removes PCBs that have been in TIME-WAIT for enough time. It also increments
1187:Middlewares/Third_Party/LwIP/src/core/tcp.c ****  * various timers such as the inactivity timer in each PCB.
1188:Middlewares/Third_Party/LwIP/src/core/tcp.c ****  *
1189:Middlewares/Third_Party/LwIP/src/core/tcp.c ****  * Automatically called from tcp_tmr().
1190:Middlewares/Third_Party/LwIP/src/core/tcp.c ****  */
1191:Middlewares/Third_Party/LwIP/src/core/tcp.c **** void
1192:Middlewares/Third_Party/LwIP/src/core/tcp.c **** tcp_slowtmr(void)
1193:Middlewares/Third_Party/LwIP/src/core/tcp.c **** {
1194:Middlewares/Third_Party/LwIP/src/core/tcp.c ****   struct tcp_pcb *pcb, *prev;
1195:Middlewares/Third_Party/LwIP/src/core/tcp.c ****   tcpwnd_size_t eff_wnd;
1196:Middlewares/Third_Party/LwIP/src/core/tcp.c ****   u8_t pcb_remove;      /* flag if a PCB should be removed */
1197:Middlewares/Third_Party/LwIP/src/core/tcp.c ****   u8_t pcb_reset;       /* flag if a RST should be sent when removing */
1198:Middlewares/Third_Party/LwIP/src/core/tcp.c ****   err_t err;
1199:Middlewares/Third_Party/LwIP/src/core/tcp.c **** 
1200:Middlewares/Third_Party/LwIP/src/core/tcp.c ****   err = ERR_OK;
1201:Middlewares/Third_Party/LwIP/src/core/tcp.c **** 
1202:Middlewares/Third_Party/LwIP/src/core/tcp.c ****   ++tcp_ticks;
1203:Middlewares/Third_Party/LwIP/src/core/tcp.c ****   ++tcp_timer_ctr;
1204:Middlewares/Third_Party/LwIP/src/core/tcp.c **** 
1205:Middlewares/Third_Party/LwIP/src/core/tcp.c **** tcp_slowtmr_start:
1206:Middlewares/Third_Party/LwIP/src/core/tcp.c ****   /* Steps through all of the active PCBs. */
ARM GAS  C:\msys64\tmp\cc73uNFg.s 			page 34


1207:Middlewares/Third_Party/LwIP/src/core/tcp.c ****   prev = NULL;
1208:Middlewares/Third_Party/LwIP/src/core/tcp.c ****   pcb = tcp_active_pcbs;
1209:Middlewares/Third_Party/LwIP/src/core/tcp.c ****   if (pcb == NULL) {
1210:Middlewares/Third_Party/LwIP/src/core/tcp.c ****     LWIP_DEBUGF(TCP_DEBUG, ("tcp_slowtmr: no active pcbs\n"));
1211:Middlewares/Third_Party/LwIP/src/core/tcp.c ****   }
1212:Middlewares/Third_Party/LwIP/src/core/tcp.c ****   while (pcb != NULL) {
1213:Middlewares/Third_Party/LwIP/src/core/tcp.c ****     LWIP_DEBUGF(TCP_DEBUG, ("tcp_slowtmr: processing active pcb\n"));
1214:Middlewares/Third_Party/LwIP/src/core/tcp.c ****     LWIP_ASSERT("tcp_slowtmr: active pcb->state != CLOSED\n", pcb->state != CLOSED);
1215:Middlewares/Third_Party/LwIP/src/core/tcp.c ****     LWIP_ASSERT("tcp_slowtmr: active pcb->state != LISTEN\n", pcb->state != LISTEN);
1216:Middlewares/Third_Party/LwIP/src/core/tcp.c ****     LWIP_ASSERT("tcp_slowtmr: active pcb->state != TIME-WAIT\n", pcb->state != TIME_WAIT);
1217:Middlewares/Third_Party/LwIP/src/core/tcp.c ****     if (pcb->last_timer == tcp_timer_ctr) {
1218:Middlewares/Third_Party/LwIP/src/core/tcp.c ****       /* skip this pcb, we have already processed it */
1219:Middlewares/Third_Party/LwIP/src/core/tcp.c ****       prev = pcb;
1220:Middlewares/Third_Party/LwIP/src/core/tcp.c ****       pcb = pcb->next;
1221:Middlewares/Third_Party/LwIP/src/core/tcp.c ****       continue;
1222:Middlewares/Third_Party/LwIP/src/core/tcp.c ****     }
1223:Middlewares/Third_Party/LwIP/src/core/tcp.c ****     pcb->last_timer = tcp_timer_ctr;
1224:Middlewares/Third_Party/LwIP/src/core/tcp.c **** 
1225:Middlewares/Third_Party/LwIP/src/core/tcp.c ****     pcb_remove = 0;
1226:Middlewares/Third_Party/LwIP/src/core/tcp.c ****     pcb_reset = 0;
1227:Middlewares/Third_Party/LwIP/src/core/tcp.c **** 
1228:Middlewares/Third_Party/LwIP/src/core/tcp.c ****     if (pcb->state == SYN_SENT && pcb->nrtx >= TCP_SYNMAXRTX) {
1229:Middlewares/Third_Party/LwIP/src/core/tcp.c ****       ++pcb_remove;
1230:Middlewares/Third_Party/LwIP/src/core/tcp.c ****       LWIP_DEBUGF(TCP_DEBUG, ("tcp_slowtmr: max SYN retries reached\n"));
1231:Middlewares/Third_Party/LwIP/src/core/tcp.c ****     } else if (pcb->nrtx >= TCP_MAXRTX) {
1232:Middlewares/Third_Party/LwIP/src/core/tcp.c ****       ++pcb_remove;
1233:Middlewares/Third_Party/LwIP/src/core/tcp.c ****       LWIP_DEBUGF(TCP_DEBUG, ("tcp_slowtmr: max DATA retries reached\n"));
1234:Middlewares/Third_Party/LwIP/src/core/tcp.c ****     } else {
1235:Middlewares/Third_Party/LwIP/src/core/tcp.c ****       if (pcb->persist_backoff > 0) {
1236:Middlewares/Third_Party/LwIP/src/core/tcp.c ****         LWIP_ASSERT("tcp_slowtimr: persist ticking with in-flight data", pcb->unacked == NULL);
1237:Middlewares/Third_Party/LwIP/src/core/tcp.c ****         LWIP_ASSERT("tcp_slowtimr: persist ticking with empty send buffer", pcb->unsent != NULL);
1238:Middlewares/Third_Party/LwIP/src/core/tcp.c ****         if (pcb->persist_probe >= TCP_MAXRTX) {
1239:Middlewares/Third_Party/LwIP/src/core/tcp.c ****           ++pcb_remove; /* max probes reached */
1240:Middlewares/Third_Party/LwIP/src/core/tcp.c ****         } else {
1241:Middlewares/Third_Party/LwIP/src/core/tcp.c ****           u8_t backoff_cnt = tcp_persist_backoff[pcb->persist_backoff - 1];
1242:Middlewares/Third_Party/LwIP/src/core/tcp.c ****           if (pcb->persist_cnt < backoff_cnt) {
1243:Middlewares/Third_Party/LwIP/src/core/tcp.c ****             pcb->persist_cnt++;
1244:Middlewares/Third_Party/LwIP/src/core/tcp.c ****           }
1245:Middlewares/Third_Party/LwIP/src/core/tcp.c ****           if (pcb->persist_cnt >= backoff_cnt) {
1246:Middlewares/Third_Party/LwIP/src/core/tcp.c ****             int next_slot = 1; /* increment timer to next slot */
1247:Middlewares/Third_Party/LwIP/src/core/tcp.c ****             /* If snd_wnd is zero, send 1 byte probes */
1248:Middlewares/Third_Party/LwIP/src/core/tcp.c ****             if (pcb->snd_wnd == 0) {
1249:Middlewares/Third_Party/LwIP/src/core/tcp.c ****               if (tcp_zero_window_probe(pcb) != ERR_OK) {
1250:Middlewares/Third_Party/LwIP/src/core/tcp.c ****                 next_slot = 0; /* try probe again with current slot */
1251:Middlewares/Third_Party/LwIP/src/core/tcp.c ****               }
1252:Middlewares/Third_Party/LwIP/src/core/tcp.c ****               /* snd_wnd not fully closed, split unsent head and fill window */
1253:Middlewares/Third_Party/LwIP/src/core/tcp.c ****             } else {
1254:Middlewares/Third_Party/LwIP/src/core/tcp.c ****               if (tcp_split_unsent_seg(pcb, (u16_t)pcb->snd_wnd) == ERR_OK) {
1255:Middlewares/Third_Party/LwIP/src/core/tcp.c ****                 if (tcp_output(pcb) == ERR_OK) {
1256:Middlewares/Third_Party/LwIP/src/core/tcp.c ****                   /* sending will cancel persist timer, else retry with current slot */
1257:Middlewares/Third_Party/LwIP/src/core/tcp.c ****                   next_slot = 0;
1258:Middlewares/Third_Party/LwIP/src/core/tcp.c ****                 }
1259:Middlewares/Third_Party/LwIP/src/core/tcp.c ****               }
1260:Middlewares/Third_Party/LwIP/src/core/tcp.c ****             }
1261:Middlewares/Third_Party/LwIP/src/core/tcp.c ****             if (next_slot) {
1262:Middlewares/Third_Party/LwIP/src/core/tcp.c ****               pcb->persist_cnt = 0;
1263:Middlewares/Third_Party/LwIP/src/core/tcp.c ****               if (pcb->persist_backoff < sizeof(tcp_persist_backoff)) {
ARM GAS  C:\msys64\tmp\cc73uNFg.s 			page 35


1264:Middlewares/Third_Party/LwIP/src/core/tcp.c ****                 pcb->persist_backoff++;
1265:Middlewares/Third_Party/LwIP/src/core/tcp.c ****               }
1266:Middlewares/Third_Party/LwIP/src/core/tcp.c ****             }
1267:Middlewares/Third_Party/LwIP/src/core/tcp.c ****           }
1268:Middlewares/Third_Party/LwIP/src/core/tcp.c ****         }
1269:Middlewares/Third_Party/LwIP/src/core/tcp.c ****       } else {
1270:Middlewares/Third_Party/LwIP/src/core/tcp.c ****         /* Increase the retransmission timer if it is running */
1271:Middlewares/Third_Party/LwIP/src/core/tcp.c ****         if ((pcb->rtime >= 0) && (pcb->rtime < 0x7FFF)) {
1272:Middlewares/Third_Party/LwIP/src/core/tcp.c ****           ++pcb->rtime;
1273:Middlewares/Third_Party/LwIP/src/core/tcp.c ****         }
1274:Middlewares/Third_Party/LwIP/src/core/tcp.c **** 
1275:Middlewares/Third_Party/LwIP/src/core/tcp.c ****         if (pcb->rtime >= pcb->rto) {
1276:Middlewares/Third_Party/LwIP/src/core/tcp.c ****           /* Time for a retransmission. */
1277:Middlewares/Third_Party/LwIP/src/core/tcp.c ****           LWIP_DEBUGF(TCP_RTO_DEBUG, ("tcp_slowtmr: rtime %"S16_F
1278:Middlewares/Third_Party/LwIP/src/core/tcp.c ****                                       " pcb->rto %"S16_F"\n",
1279:Middlewares/Third_Party/LwIP/src/core/tcp.c ****                                       pcb->rtime, pcb->rto));
1280:Middlewares/Third_Party/LwIP/src/core/tcp.c ****           /* If prepare phase fails but we have unsent data but no unacked data,
1281:Middlewares/Third_Party/LwIP/src/core/tcp.c ****              still execute the backoff calculations below, as this means we somehow
1282:Middlewares/Third_Party/LwIP/src/core/tcp.c ****              failed to send segment. */
1283:Middlewares/Third_Party/LwIP/src/core/tcp.c ****           if ((tcp_rexmit_rto_prepare(pcb) == ERR_OK) || ((pcb->unacked == NULL) && (pcb->unsent !=
1284:Middlewares/Third_Party/LwIP/src/core/tcp.c ****             /* Double retransmission time-out unless we are trying to
1285:Middlewares/Third_Party/LwIP/src/core/tcp.c ****              * connect to somebody (i.e., we are in SYN_SENT). */
1286:Middlewares/Third_Party/LwIP/src/core/tcp.c ****             if (pcb->state != SYN_SENT) {
1287:Middlewares/Third_Party/LwIP/src/core/tcp.c ****               u8_t backoff_idx = LWIP_MIN(pcb->nrtx, sizeof(tcp_backoff) - 1);
1288:Middlewares/Third_Party/LwIP/src/core/tcp.c ****               int calc_rto = ((pcb->sa >> 3) + pcb->sv) << tcp_backoff[backoff_idx];
1289:Middlewares/Third_Party/LwIP/src/core/tcp.c ****               pcb->rto = (s16_t)LWIP_MIN(calc_rto, 0x7FFF);
1290:Middlewares/Third_Party/LwIP/src/core/tcp.c ****             }
1291:Middlewares/Third_Party/LwIP/src/core/tcp.c **** 
1292:Middlewares/Third_Party/LwIP/src/core/tcp.c ****             /* Reset the retransmission timer. */
1293:Middlewares/Third_Party/LwIP/src/core/tcp.c ****             pcb->rtime = 0;
1294:Middlewares/Third_Party/LwIP/src/core/tcp.c **** 
1295:Middlewares/Third_Party/LwIP/src/core/tcp.c ****             /* Reduce congestion window and ssthresh. */
1296:Middlewares/Third_Party/LwIP/src/core/tcp.c ****             eff_wnd = LWIP_MIN(pcb->cwnd, pcb->snd_wnd);
1297:Middlewares/Third_Party/LwIP/src/core/tcp.c ****             pcb->ssthresh = eff_wnd >> 1;
1298:Middlewares/Third_Party/LwIP/src/core/tcp.c ****             if (pcb->ssthresh < (tcpwnd_size_t)(pcb->mss << 1)) {
1299:Middlewares/Third_Party/LwIP/src/core/tcp.c ****               pcb->ssthresh = (tcpwnd_size_t)(pcb->mss << 1);
1300:Middlewares/Third_Party/LwIP/src/core/tcp.c ****             }
1301:Middlewares/Third_Party/LwIP/src/core/tcp.c ****             pcb->cwnd = pcb->mss;
1302:Middlewares/Third_Party/LwIP/src/core/tcp.c ****             LWIP_DEBUGF(TCP_CWND_DEBUG, ("tcp_slowtmr: cwnd %"TCPWNDSIZE_F
1303:Middlewares/Third_Party/LwIP/src/core/tcp.c ****                                          " ssthresh %"TCPWNDSIZE_F"\n",
1304:Middlewares/Third_Party/LwIP/src/core/tcp.c ****                                          pcb->cwnd, pcb->ssthresh));
1305:Middlewares/Third_Party/LwIP/src/core/tcp.c ****             pcb->bytes_acked = 0;
1306:Middlewares/Third_Party/LwIP/src/core/tcp.c **** 
1307:Middlewares/Third_Party/LwIP/src/core/tcp.c ****             /* The following needs to be called AFTER cwnd is set to one
1308:Middlewares/Third_Party/LwIP/src/core/tcp.c ****                mss - STJ */
1309:Middlewares/Third_Party/LwIP/src/core/tcp.c ****             tcp_rexmit_rto_commit(pcb);
1310:Middlewares/Third_Party/LwIP/src/core/tcp.c ****           }
1311:Middlewares/Third_Party/LwIP/src/core/tcp.c ****         }
1312:Middlewares/Third_Party/LwIP/src/core/tcp.c ****       }
1313:Middlewares/Third_Party/LwIP/src/core/tcp.c ****     }
1314:Middlewares/Third_Party/LwIP/src/core/tcp.c ****     /* Check if this PCB has stayed too long in FIN-WAIT-2 */
1315:Middlewares/Third_Party/LwIP/src/core/tcp.c ****     if (pcb->state == FIN_WAIT_2) {
1316:Middlewares/Third_Party/LwIP/src/core/tcp.c ****       /* If this PCB is in FIN_WAIT_2 because of SHUT_WR don't let it time out. */
1317:Middlewares/Third_Party/LwIP/src/core/tcp.c ****       if (pcb->flags & TF_RXCLOSED) {
1318:Middlewares/Third_Party/LwIP/src/core/tcp.c ****         /* PCB was fully closed (either through close() or SHUT_RDWR):
1319:Middlewares/Third_Party/LwIP/src/core/tcp.c ****            normal FIN-WAIT timeout handling. */
1320:Middlewares/Third_Party/LwIP/src/core/tcp.c ****         if ((u32_t)(tcp_ticks - pcb->tmr) >
ARM GAS  C:\msys64\tmp\cc73uNFg.s 			page 36


1321:Middlewares/Third_Party/LwIP/src/core/tcp.c ****             TCP_FIN_WAIT_TIMEOUT / TCP_SLOW_INTERVAL) {
1322:Middlewares/Third_Party/LwIP/src/core/tcp.c ****           ++pcb_remove;
1323:Middlewares/Third_Party/LwIP/src/core/tcp.c ****           LWIP_DEBUGF(TCP_DEBUG, ("tcp_slowtmr: removing pcb stuck in FIN-WAIT-2\n"));
1324:Middlewares/Third_Party/LwIP/src/core/tcp.c ****         }
1325:Middlewares/Third_Party/LwIP/src/core/tcp.c ****       }
1326:Middlewares/Third_Party/LwIP/src/core/tcp.c ****     }
1327:Middlewares/Third_Party/LwIP/src/core/tcp.c **** 
1328:Middlewares/Third_Party/LwIP/src/core/tcp.c ****     /* Check if KEEPALIVE should be sent */
1329:Middlewares/Third_Party/LwIP/src/core/tcp.c ****     if (ip_get_option(pcb, SOF_KEEPALIVE) &&
1330:Middlewares/Third_Party/LwIP/src/core/tcp.c ****         ((pcb->state == ESTABLISHED) ||
1331:Middlewares/Third_Party/LwIP/src/core/tcp.c ****          (pcb->state == CLOSE_WAIT))) {
1332:Middlewares/Third_Party/LwIP/src/core/tcp.c ****       if ((u32_t)(tcp_ticks - pcb->tmr) >
1333:Middlewares/Third_Party/LwIP/src/core/tcp.c ****           (pcb->keep_idle + TCP_KEEP_DUR(pcb)) / TCP_SLOW_INTERVAL) {
1334:Middlewares/Third_Party/LwIP/src/core/tcp.c ****         LWIP_DEBUGF(TCP_DEBUG, ("tcp_slowtmr: KEEPALIVE timeout. Aborting connection to "));
1335:Middlewares/Third_Party/LwIP/src/core/tcp.c ****         ip_addr_debug_print_val(TCP_DEBUG, pcb->remote_ip);
1336:Middlewares/Third_Party/LwIP/src/core/tcp.c ****         LWIP_DEBUGF(TCP_DEBUG, ("\n"));
1337:Middlewares/Third_Party/LwIP/src/core/tcp.c **** 
1338:Middlewares/Third_Party/LwIP/src/core/tcp.c ****         ++pcb_remove;
1339:Middlewares/Third_Party/LwIP/src/core/tcp.c ****         ++pcb_reset;
1340:Middlewares/Third_Party/LwIP/src/core/tcp.c ****       } else if ((u32_t)(tcp_ticks - pcb->tmr) >
1341:Middlewares/Third_Party/LwIP/src/core/tcp.c ****                  (pcb->keep_idle + pcb->keep_cnt_sent * TCP_KEEP_INTVL(pcb))
1342:Middlewares/Third_Party/LwIP/src/core/tcp.c ****                  / TCP_SLOW_INTERVAL) {
1343:Middlewares/Third_Party/LwIP/src/core/tcp.c ****         err = tcp_keepalive(pcb);
1344:Middlewares/Third_Party/LwIP/src/core/tcp.c ****         if (err == ERR_OK) {
1345:Middlewares/Third_Party/LwIP/src/core/tcp.c ****           pcb->keep_cnt_sent++;
1346:Middlewares/Third_Party/LwIP/src/core/tcp.c ****         }
1347:Middlewares/Third_Party/LwIP/src/core/tcp.c ****       }
1348:Middlewares/Third_Party/LwIP/src/core/tcp.c ****     }
1349:Middlewares/Third_Party/LwIP/src/core/tcp.c **** 
1350:Middlewares/Third_Party/LwIP/src/core/tcp.c ****     /* If this PCB has queued out of sequence data, but has been
1351:Middlewares/Third_Party/LwIP/src/core/tcp.c ****        inactive for too long, will drop the data (it will eventually
1352:Middlewares/Third_Party/LwIP/src/core/tcp.c ****        be retransmitted). */
1353:Middlewares/Third_Party/LwIP/src/core/tcp.c **** #if TCP_QUEUE_OOSEQ
1354:Middlewares/Third_Party/LwIP/src/core/tcp.c ****     if (pcb->ooseq != NULL &&
1355:Middlewares/Third_Party/LwIP/src/core/tcp.c ****         (tcp_ticks - pcb->tmr >= (u32_t)pcb->rto * TCP_OOSEQ_TIMEOUT)) {
1356:Middlewares/Third_Party/LwIP/src/core/tcp.c ****       LWIP_DEBUGF(TCP_CWND_DEBUG, ("tcp_slowtmr: dropping OOSEQ queued data\n"));
1357:Middlewares/Third_Party/LwIP/src/core/tcp.c ****       tcp_free_ooseq(pcb);
1358:Middlewares/Third_Party/LwIP/src/core/tcp.c ****     }
1359:Middlewares/Third_Party/LwIP/src/core/tcp.c **** #endif /* TCP_QUEUE_OOSEQ */
1360:Middlewares/Third_Party/LwIP/src/core/tcp.c **** 
1361:Middlewares/Third_Party/LwIP/src/core/tcp.c ****     /* Check if this PCB has stayed too long in SYN-RCVD */
1362:Middlewares/Third_Party/LwIP/src/core/tcp.c ****     if (pcb->state == SYN_RCVD) {
1363:Middlewares/Third_Party/LwIP/src/core/tcp.c ****       if ((u32_t)(tcp_ticks - pcb->tmr) >
1364:Middlewares/Third_Party/LwIP/src/core/tcp.c ****           TCP_SYN_RCVD_TIMEOUT / TCP_SLOW_INTERVAL) {
1365:Middlewares/Third_Party/LwIP/src/core/tcp.c ****         ++pcb_remove;
1366:Middlewares/Third_Party/LwIP/src/core/tcp.c ****         LWIP_DEBUGF(TCP_DEBUG, ("tcp_slowtmr: removing pcb stuck in SYN-RCVD\n"));
1367:Middlewares/Third_Party/LwIP/src/core/tcp.c ****       }
1368:Middlewares/Third_Party/LwIP/src/core/tcp.c ****     }
1369:Middlewares/Third_Party/LwIP/src/core/tcp.c **** 
1370:Middlewares/Third_Party/LwIP/src/core/tcp.c ****     /* Check if this PCB has stayed too long in LAST-ACK */
1371:Middlewares/Third_Party/LwIP/src/core/tcp.c ****     if (pcb->state == LAST_ACK) {
1372:Middlewares/Third_Party/LwIP/src/core/tcp.c ****       if ((u32_t)(tcp_ticks - pcb->tmr) > 2 * TCP_MSL / TCP_SLOW_INTERVAL) {
1373:Middlewares/Third_Party/LwIP/src/core/tcp.c ****         ++pcb_remove;
1374:Middlewares/Third_Party/LwIP/src/core/tcp.c ****         LWIP_DEBUGF(TCP_DEBUG, ("tcp_slowtmr: removing pcb stuck in LAST-ACK\n"));
1375:Middlewares/Third_Party/LwIP/src/core/tcp.c ****       }
1376:Middlewares/Third_Party/LwIP/src/core/tcp.c ****     }
1377:Middlewares/Third_Party/LwIP/src/core/tcp.c **** 
ARM GAS  C:\msys64\tmp\cc73uNFg.s 			page 37


1378:Middlewares/Third_Party/LwIP/src/core/tcp.c ****     /* If the PCB should be removed, do it. */
1379:Middlewares/Third_Party/LwIP/src/core/tcp.c ****     if (pcb_remove) {
1380:Middlewares/Third_Party/LwIP/src/core/tcp.c ****       struct tcp_pcb *pcb2;
1381:Middlewares/Third_Party/LwIP/src/core/tcp.c **** #if LWIP_CALLBACK_API
1382:Middlewares/Third_Party/LwIP/src/core/tcp.c ****       tcp_err_fn err_fn = pcb->errf;
1383:Middlewares/Third_Party/LwIP/src/core/tcp.c **** #endif /* LWIP_CALLBACK_API */
1384:Middlewares/Third_Party/LwIP/src/core/tcp.c ****       void *err_arg;
1385:Middlewares/Third_Party/LwIP/src/core/tcp.c ****       enum tcp_state last_state;
1386:Middlewares/Third_Party/LwIP/src/core/tcp.c ****       tcp_pcb_purge(pcb);
1387:Middlewares/Third_Party/LwIP/src/core/tcp.c ****       /* Remove PCB from tcp_active_pcbs list. */
1388:Middlewares/Third_Party/LwIP/src/core/tcp.c ****       if (prev != NULL) {
1389:Middlewares/Third_Party/LwIP/src/core/tcp.c ****         LWIP_ASSERT("tcp_slowtmr: middle tcp != tcp_active_pcbs", pcb != tcp_active_pcbs);
1390:Middlewares/Third_Party/LwIP/src/core/tcp.c ****         prev->next = pcb->next;
1391:Middlewares/Third_Party/LwIP/src/core/tcp.c ****       } else {
1392:Middlewares/Third_Party/LwIP/src/core/tcp.c ****         /* This PCB was the first. */
1393:Middlewares/Third_Party/LwIP/src/core/tcp.c ****         LWIP_ASSERT("tcp_slowtmr: first pcb == tcp_active_pcbs", tcp_active_pcbs == pcb);
1394:Middlewares/Third_Party/LwIP/src/core/tcp.c ****         tcp_active_pcbs = pcb->next;
1395:Middlewares/Third_Party/LwIP/src/core/tcp.c ****       }
1396:Middlewares/Third_Party/LwIP/src/core/tcp.c **** 
1397:Middlewares/Third_Party/LwIP/src/core/tcp.c ****       if (pcb_reset) {
1398:Middlewares/Third_Party/LwIP/src/core/tcp.c ****         tcp_rst(pcb, pcb->snd_nxt, pcb->rcv_nxt, &pcb->local_ip, &pcb->remote_ip,
1399:Middlewares/Third_Party/LwIP/src/core/tcp.c ****                 pcb->local_port, pcb->remote_port);
1400:Middlewares/Third_Party/LwIP/src/core/tcp.c ****       }
1401:Middlewares/Third_Party/LwIP/src/core/tcp.c **** 
1402:Middlewares/Third_Party/LwIP/src/core/tcp.c ****       err_arg = pcb->callback_arg;
1403:Middlewares/Third_Party/LwIP/src/core/tcp.c ****       last_state = pcb->state;
1404:Middlewares/Third_Party/LwIP/src/core/tcp.c ****       pcb2 = pcb;
1405:Middlewares/Third_Party/LwIP/src/core/tcp.c ****       pcb = pcb->next;
1406:Middlewares/Third_Party/LwIP/src/core/tcp.c ****       tcp_free(pcb2);
1407:Middlewares/Third_Party/LwIP/src/core/tcp.c **** 
1408:Middlewares/Third_Party/LwIP/src/core/tcp.c ****       tcp_active_pcbs_changed = 0;
1409:Middlewares/Third_Party/LwIP/src/core/tcp.c ****       TCP_EVENT_ERR(last_state, err_fn, err_arg, ERR_ABRT);
1410:Middlewares/Third_Party/LwIP/src/core/tcp.c ****       if (tcp_active_pcbs_changed) {
1411:Middlewares/Third_Party/LwIP/src/core/tcp.c ****         goto tcp_slowtmr_start;
1412:Middlewares/Third_Party/LwIP/src/core/tcp.c ****       }
1413:Middlewares/Third_Party/LwIP/src/core/tcp.c ****     } else {
1414:Middlewares/Third_Party/LwIP/src/core/tcp.c ****       /* get the 'next' element now and work with 'prev' below (in case of abort) */
1415:Middlewares/Third_Party/LwIP/src/core/tcp.c ****       prev = pcb;
1416:Middlewares/Third_Party/LwIP/src/core/tcp.c ****       pcb = pcb->next;
1417:Middlewares/Third_Party/LwIP/src/core/tcp.c **** 
1418:Middlewares/Third_Party/LwIP/src/core/tcp.c ****       /* We check if we should poll the connection. */
1419:Middlewares/Third_Party/LwIP/src/core/tcp.c ****       ++prev->polltmr;
1420:Middlewares/Third_Party/LwIP/src/core/tcp.c ****       if (prev->polltmr >= prev->pollinterval) {
1421:Middlewares/Third_Party/LwIP/src/core/tcp.c ****         prev->polltmr = 0;
1422:Middlewares/Third_Party/LwIP/src/core/tcp.c ****         LWIP_DEBUGF(TCP_DEBUG, ("tcp_slowtmr: polling application\n"));
1423:Middlewares/Third_Party/LwIP/src/core/tcp.c ****         tcp_active_pcbs_changed = 0;
1424:Middlewares/Third_Party/LwIP/src/core/tcp.c ****         TCP_EVENT_POLL(prev, err);
1425:Middlewares/Third_Party/LwIP/src/core/tcp.c ****         if (tcp_active_pcbs_changed) {
1426:Middlewares/Third_Party/LwIP/src/core/tcp.c ****           goto tcp_slowtmr_start;
1427:Middlewares/Third_Party/LwIP/src/core/tcp.c ****         }
1428:Middlewares/Third_Party/LwIP/src/core/tcp.c ****         /* if err == ERR_ABRT, 'prev' is already deallocated */
1429:Middlewares/Third_Party/LwIP/src/core/tcp.c ****         if (err == ERR_OK) {
1430:Middlewares/Third_Party/LwIP/src/core/tcp.c ****           tcp_output(prev);
1431:Middlewares/Third_Party/LwIP/src/core/tcp.c ****         }
1432:Middlewares/Third_Party/LwIP/src/core/tcp.c ****       }
1433:Middlewares/Third_Party/LwIP/src/core/tcp.c ****     }
1434:Middlewares/Third_Party/LwIP/src/core/tcp.c ****   }
ARM GAS  C:\msys64\tmp\cc73uNFg.s 			page 38


1435:Middlewares/Third_Party/LwIP/src/core/tcp.c **** 
1436:Middlewares/Third_Party/LwIP/src/core/tcp.c **** 
1437:Middlewares/Third_Party/LwIP/src/core/tcp.c ****   /* Steps through all of the TIME-WAIT PCBs. */
1438:Middlewares/Third_Party/LwIP/src/core/tcp.c ****   prev = NULL;
1439:Middlewares/Third_Party/LwIP/src/core/tcp.c ****   pcb = tcp_tw_pcbs;
1440:Middlewares/Third_Party/LwIP/src/core/tcp.c ****   while (pcb != NULL) {
1441:Middlewares/Third_Party/LwIP/src/core/tcp.c ****     LWIP_ASSERT("tcp_slowtmr: TIME-WAIT pcb->state == TIME-WAIT", pcb->state == TIME_WAIT);
1442:Middlewares/Third_Party/LwIP/src/core/tcp.c ****     pcb_remove = 0;
1443:Middlewares/Third_Party/LwIP/src/core/tcp.c **** 
1444:Middlewares/Third_Party/LwIP/src/core/tcp.c ****     /* Check if this PCB has stayed long enough in TIME-WAIT */
1445:Middlewares/Third_Party/LwIP/src/core/tcp.c ****     if ((u32_t)(tcp_ticks - pcb->tmr) > 2 * TCP_MSL / TCP_SLOW_INTERVAL) {
1446:Middlewares/Third_Party/LwIP/src/core/tcp.c ****       ++pcb_remove;
1447:Middlewares/Third_Party/LwIP/src/core/tcp.c ****     }
1448:Middlewares/Third_Party/LwIP/src/core/tcp.c **** 
1449:Middlewares/Third_Party/LwIP/src/core/tcp.c ****     /* If the PCB should be removed, do it. */
1450:Middlewares/Third_Party/LwIP/src/core/tcp.c ****     if (pcb_remove) {
1451:Middlewares/Third_Party/LwIP/src/core/tcp.c ****       struct tcp_pcb *pcb2;
1452:Middlewares/Third_Party/LwIP/src/core/tcp.c ****       tcp_pcb_purge(pcb);
1453:Middlewares/Third_Party/LwIP/src/core/tcp.c ****       /* Remove PCB from tcp_tw_pcbs list. */
1454:Middlewares/Third_Party/LwIP/src/core/tcp.c ****       if (prev != NULL) {
1455:Middlewares/Third_Party/LwIP/src/core/tcp.c ****         LWIP_ASSERT("tcp_slowtmr: middle tcp != tcp_tw_pcbs", pcb != tcp_tw_pcbs);
1456:Middlewares/Third_Party/LwIP/src/core/tcp.c ****         prev->next = pcb->next;
1457:Middlewares/Third_Party/LwIP/src/core/tcp.c ****       } else {
1458:Middlewares/Third_Party/LwIP/src/core/tcp.c ****         /* This PCB was the first. */
1459:Middlewares/Third_Party/LwIP/src/core/tcp.c ****         LWIP_ASSERT("tcp_slowtmr: first pcb == tcp_tw_pcbs", tcp_tw_pcbs == pcb);
1460:Middlewares/Third_Party/LwIP/src/core/tcp.c ****         tcp_tw_pcbs = pcb->next;
1461:Middlewares/Third_Party/LwIP/src/core/tcp.c ****       }
1462:Middlewares/Third_Party/LwIP/src/core/tcp.c ****       pcb2 = pcb;
1463:Middlewares/Third_Party/LwIP/src/core/tcp.c ****       pcb = pcb->next;
1464:Middlewares/Third_Party/LwIP/src/core/tcp.c ****       tcp_free(pcb2);
1465:Middlewares/Third_Party/LwIP/src/core/tcp.c ****     } else {
1466:Middlewares/Third_Party/LwIP/src/core/tcp.c ****       prev = pcb;
1467:Middlewares/Third_Party/LwIP/src/core/tcp.c ****       pcb = pcb->next;
1468:Middlewares/Third_Party/LwIP/src/core/tcp.c ****     }
1469:Middlewares/Third_Party/LwIP/src/core/tcp.c ****   }
1470:Middlewares/Third_Party/LwIP/src/core/tcp.c **** }
1471:Middlewares/Third_Party/LwIP/src/core/tcp.c **** 
1472:Middlewares/Third_Party/LwIP/src/core/tcp.c **** /**
1473:Middlewares/Third_Party/LwIP/src/core/tcp.c ****  * Is called every TCP_FAST_INTERVAL (250 ms) and process data previously
1474:Middlewares/Third_Party/LwIP/src/core/tcp.c ****  * "refused" by upper layer (application) and sends delayed ACKs or pending FINs.
1475:Middlewares/Third_Party/LwIP/src/core/tcp.c ****  *
1476:Middlewares/Third_Party/LwIP/src/core/tcp.c ****  * Automatically called from tcp_tmr().
1477:Middlewares/Third_Party/LwIP/src/core/tcp.c ****  */
1478:Middlewares/Third_Party/LwIP/src/core/tcp.c **** void
1479:Middlewares/Third_Party/LwIP/src/core/tcp.c **** tcp_fasttmr(void)
1480:Middlewares/Third_Party/LwIP/src/core/tcp.c **** {
1481:Middlewares/Third_Party/LwIP/src/core/tcp.c ****   struct tcp_pcb *pcb;
1482:Middlewares/Third_Party/LwIP/src/core/tcp.c **** 
1483:Middlewares/Third_Party/LwIP/src/core/tcp.c ****   ++tcp_timer_ctr;
1484:Middlewares/Third_Party/LwIP/src/core/tcp.c **** 
1485:Middlewares/Third_Party/LwIP/src/core/tcp.c **** tcp_fasttmr_start:
1486:Middlewares/Third_Party/LwIP/src/core/tcp.c ****   pcb = tcp_active_pcbs;
1487:Middlewares/Third_Party/LwIP/src/core/tcp.c **** 
1488:Middlewares/Third_Party/LwIP/src/core/tcp.c ****   while (pcb != NULL) {
1489:Middlewares/Third_Party/LwIP/src/core/tcp.c ****     if (pcb->last_timer != tcp_timer_ctr) {
1490:Middlewares/Third_Party/LwIP/src/core/tcp.c ****       struct tcp_pcb *next;
1491:Middlewares/Third_Party/LwIP/src/core/tcp.c ****       pcb->last_timer = tcp_timer_ctr;
ARM GAS  C:\msys64\tmp\cc73uNFg.s 			page 39


1492:Middlewares/Third_Party/LwIP/src/core/tcp.c ****       /* send delayed ACKs */
1493:Middlewares/Third_Party/LwIP/src/core/tcp.c ****       if (pcb->flags & TF_ACK_DELAY) {
1494:Middlewares/Third_Party/LwIP/src/core/tcp.c ****         LWIP_DEBUGF(TCP_DEBUG, ("tcp_fasttmr: delayed ACK\n"));
1495:Middlewares/Third_Party/LwIP/src/core/tcp.c ****         tcp_ack_now(pcb);
1496:Middlewares/Third_Party/LwIP/src/core/tcp.c ****         tcp_output(pcb);
1497:Middlewares/Third_Party/LwIP/src/core/tcp.c ****         tcp_clear_flags(pcb, TF_ACK_DELAY | TF_ACK_NOW);
1498:Middlewares/Third_Party/LwIP/src/core/tcp.c ****       }
1499:Middlewares/Third_Party/LwIP/src/core/tcp.c ****       /* send pending FIN */
1500:Middlewares/Third_Party/LwIP/src/core/tcp.c ****       if (pcb->flags & TF_CLOSEPEND) {
1501:Middlewares/Third_Party/LwIP/src/core/tcp.c ****         LWIP_DEBUGF(TCP_DEBUG, ("tcp_fasttmr: pending FIN\n"));
1502:Middlewares/Third_Party/LwIP/src/core/tcp.c ****         tcp_clear_flags(pcb, TF_CLOSEPEND);
1503:Middlewares/Third_Party/LwIP/src/core/tcp.c ****         tcp_close_shutdown_fin(pcb);
1504:Middlewares/Third_Party/LwIP/src/core/tcp.c ****       }
1505:Middlewares/Third_Party/LwIP/src/core/tcp.c **** 
1506:Middlewares/Third_Party/LwIP/src/core/tcp.c ****       next = pcb->next;
1507:Middlewares/Third_Party/LwIP/src/core/tcp.c **** 
1508:Middlewares/Third_Party/LwIP/src/core/tcp.c ****       /* If there is data which was previously "refused" by upper layer */
1509:Middlewares/Third_Party/LwIP/src/core/tcp.c ****       if (pcb->refused_data != NULL) {
1510:Middlewares/Third_Party/LwIP/src/core/tcp.c ****         tcp_active_pcbs_changed = 0;
1511:Middlewares/Third_Party/LwIP/src/core/tcp.c ****         tcp_process_refused_data(pcb);
1512:Middlewares/Third_Party/LwIP/src/core/tcp.c ****         if (tcp_active_pcbs_changed) {
1513:Middlewares/Third_Party/LwIP/src/core/tcp.c ****           /* application callback has changed the pcb list: restart the loop */
1514:Middlewares/Third_Party/LwIP/src/core/tcp.c ****           goto tcp_fasttmr_start;
1515:Middlewares/Third_Party/LwIP/src/core/tcp.c ****         }
1516:Middlewares/Third_Party/LwIP/src/core/tcp.c ****       }
1517:Middlewares/Third_Party/LwIP/src/core/tcp.c ****       pcb = next;
1518:Middlewares/Third_Party/LwIP/src/core/tcp.c ****     } else {
1519:Middlewares/Third_Party/LwIP/src/core/tcp.c ****       pcb = pcb->next;
1520:Middlewares/Third_Party/LwIP/src/core/tcp.c ****     }
1521:Middlewares/Third_Party/LwIP/src/core/tcp.c ****   }
1522:Middlewares/Third_Party/LwIP/src/core/tcp.c **** }
1523:Middlewares/Third_Party/LwIP/src/core/tcp.c **** 
1524:Middlewares/Third_Party/LwIP/src/core/tcp.c **** /** Call tcp_output for all active pcbs that have TF_NAGLEMEMERR set */
1525:Middlewares/Third_Party/LwIP/src/core/tcp.c **** void
1526:Middlewares/Third_Party/LwIP/src/core/tcp.c **** tcp_txnow(void)
1527:Middlewares/Third_Party/LwIP/src/core/tcp.c **** {
1528:Middlewares/Third_Party/LwIP/src/core/tcp.c ****   struct tcp_pcb *pcb;
1529:Middlewares/Third_Party/LwIP/src/core/tcp.c **** 
1530:Middlewares/Third_Party/LwIP/src/core/tcp.c ****   for (pcb = tcp_active_pcbs; pcb != NULL; pcb = pcb->next) {
1531:Middlewares/Third_Party/LwIP/src/core/tcp.c ****     if (pcb->flags & TF_NAGLEMEMERR) {
1532:Middlewares/Third_Party/LwIP/src/core/tcp.c ****       tcp_output(pcb);
1533:Middlewares/Third_Party/LwIP/src/core/tcp.c ****     }
1534:Middlewares/Third_Party/LwIP/src/core/tcp.c ****   }
1535:Middlewares/Third_Party/LwIP/src/core/tcp.c **** }
1536:Middlewares/Third_Party/LwIP/src/core/tcp.c **** 
1537:Middlewares/Third_Party/LwIP/src/core/tcp.c **** /** Pass pcb->refused_data to the recv callback */
1538:Middlewares/Third_Party/LwIP/src/core/tcp.c **** err_t
1539:Middlewares/Third_Party/LwIP/src/core/tcp.c **** tcp_process_refused_data(struct tcp_pcb *pcb)
1540:Middlewares/Third_Party/LwIP/src/core/tcp.c **** {
1541:Middlewares/Third_Party/LwIP/src/core/tcp.c **** #if TCP_QUEUE_OOSEQ && LWIP_WND_SCALE
1542:Middlewares/Third_Party/LwIP/src/core/tcp.c ****   struct pbuf *rest;
1543:Middlewares/Third_Party/LwIP/src/core/tcp.c **** #endif /* TCP_QUEUE_OOSEQ && LWIP_WND_SCALE */
1544:Middlewares/Third_Party/LwIP/src/core/tcp.c **** 
1545:Middlewares/Third_Party/LwIP/src/core/tcp.c ****   LWIP_ERROR("tcp_process_refused_data: invalid pcb", pcb != NULL, return ERR_ARG);
1546:Middlewares/Third_Party/LwIP/src/core/tcp.c **** 
1547:Middlewares/Third_Party/LwIP/src/core/tcp.c **** #if TCP_QUEUE_OOSEQ && LWIP_WND_SCALE
1548:Middlewares/Third_Party/LwIP/src/core/tcp.c ****   while (pcb->refused_data != NULL)
ARM GAS  C:\msys64\tmp\cc73uNFg.s 			page 40


1549:Middlewares/Third_Party/LwIP/src/core/tcp.c **** #endif /* TCP_QUEUE_OOSEQ && LWIP_WND_SCALE */
1550:Middlewares/Third_Party/LwIP/src/core/tcp.c ****   {
1551:Middlewares/Third_Party/LwIP/src/core/tcp.c ****     err_t err;
1552:Middlewares/Third_Party/LwIP/src/core/tcp.c ****     u8_t refused_flags = pcb->refused_data->flags;
1553:Middlewares/Third_Party/LwIP/src/core/tcp.c ****     /* set pcb->refused_data to NULL in case the callback frees it and then
1554:Middlewares/Third_Party/LwIP/src/core/tcp.c ****        closes the pcb */
1555:Middlewares/Third_Party/LwIP/src/core/tcp.c ****     struct pbuf *refused_data = pcb->refused_data;
1556:Middlewares/Third_Party/LwIP/src/core/tcp.c **** #if TCP_QUEUE_OOSEQ && LWIP_WND_SCALE
1557:Middlewares/Third_Party/LwIP/src/core/tcp.c ****     pbuf_split_64k(refused_data, &rest);
1558:Middlewares/Third_Party/LwIP/src/core/tcp.c ****     pcb->refused_data = rest;
1559:Middlewares/Third_Party/LwIP/src/core/tcp.c **** #else /* TCP_QUEUE_OOSEQ && LWIP_WND_SCALE */
1560:Middlewares/Third_Party/LwIP/src/core/tcp.c ****     pcb->refused_data = NULL;
1561:Middlewares/Third_Party/LwIP/src/core/tcp.c **** #endif /* TCP_QUEUE_OOSEQ && LWIP_WND_SCALE */
1562:Middlewares/Third_Party/LwIP/src/core/tcp.c ****     /* Notify again application with data previously received. */
1563:Middlewares/Third_Party/LwIP/src/core/tcp.c ****     LWIP_DEBUGF(TCP_INPUT_DEBUG, ("tcp_input: notify kept packet\n"));
1564:Middlewares/Third_Party/LwIP/src/core/tcp.c ****     TCP_EVENT_RECV(pcb, refused_data, ERR_OK, err);
1565:Middlewares/Third_Party/LwIP/src/core/tcp.c ****     if (err == ERR_OK) {
1566:Middlewares/Third_Party/LwIP/src/core/tcp.c ****       /* did refused_data include a FIN? */
1567:Middlewares/Third_Party/LwIP/src/core/tcp.c ****       if ((refused_flags & PBUF_FLAG_TCP_FIN)
1568:Middlewares/Third_Party/LwIP/src/core/tcp.c **** #if TCP_QUEUE_OOSEQ && LWIP_WND_SCALE
1569:Middlewares/Third_Party/LwIP/src/core/tcp.c ****           && (rest == NULL)
1570:Middlewares/Third_Party/LwIP/src/core/tcp.c **** #endif /* TCP_QUEUE_OOSEQ && LWIP_WND_SCALE */
1571:Middlewares/Third_Party/LwIP/src/core/tcp.c ****          ) {
1572:Middlewares/Third_Party/LwIP/src/core/tcp.c ****         /* correct rcv_wnd as the application won't call tcp_recved()
1573:Middlewares/Third_Party/LwIP/src/core/tcp.c ****            for the FIN's seqno */
1574:Middlewares/Third_Party/LwIP/src/core/tcp.c ****         if (pcb->rcv_wnd != TCP_WND_MAX(pcb)) {
1575:Middlewares/Third_Party/LwIP/src/core/tcp.c ****           pcb->rcv_wnd++;
1576:Middlewares/Third_Party/LwIP/src/core/tcp.c ****         }
1577:Middlewares/Third_Party/LwIP/src/core/tcp.c ****         TCP_EVENT_CLOSED(pcb, err);
1578:Middlewares/Third_Party/LwIP/src/core/tcp.c ****         if (err == ERR_ABRT) {
1579:Middlewares/Third_Party/LwIP/src/core/tcp.c ****           return ERR_ABRT;
1580:Middlewares/Third_Party/LwIP/src/core/tcp.c ****         }
1581:Middlewares/Third_Party/LwIP/src/core/tcp.c ****       }
1582:Middlewares/Third_Party/LwIP/src/core/tcp.c ****     } else if (err == ERR_ABRT) {
1583:Middlewares/Third_Party/LwIP/src/core/tcp.c ****       /* if err == ERR_ABRT, 'pcb' is already deallocated */
1584:Middlewares/Third_Party/LwIP/src/core/tcp.c ****       /* Drop incoming packets because pcb is "full" (only if the incoming
1585:Middlewares/Third_Party/LwIP/src/core/tcp.c ****          segment contains data). */
1586:Middlewares/Third_Party/LwIP/src/core/tcp.c ****       LWIP_DEBUGF(TCP_INPUT_DEBUG, ("tcp_input: drop incoming packets, because pcb is \"full\"\n"))
1587:Middlewares/Third_Party/LwIP/src/core/tcp.c ****       return ERR_ABRT;
1588:Middlewares/Third_Party/LwIP/src/core/tcp.c ****     } else {
1589:Middlewares/Third_Party/LwIP/src/core/tcp.c ****       /* data is still refused, pbuf is still valid (go on for ACK-only packets) */
1590:Middlewares/Third_Party/LwIP/src/core/tcp.c **** #if TCP_QUEUE_OOSEQ && LWIP_WND_SCALE
1591:Middlewares/Third_Party/LwIP/src/core/tcp.c ****       if (rest != NULL) {
1592:Middlewares/Third_Party/LwIP/src/core/tcp.c ****         pbuf_cat(refused_data, rest);
1593:Middlewares/Third_Party/LwIP/src/core/tcp.c ****       }
1594:Middlewares/Third_Party/LwIP/src/core/tcp.c **** #endif /* TCP_QUEUE_OOSEQ && LWIP_WND_SCALE */
1595:Middlewares/Third_Party/LwIP/src/core/tcp.c ****       pcb->refused_data = refused_data;
1596:Middlewares/Third_Party/LwIP/src/core/tcp.c ****       return ERR_INPROGRESS;
1597:Middlewares/Third_Party/LwIP/src/core/tcp.c ****     }
1598:Middlewares/Third_Party/LwIP/src/core/tcp.c ****   }
1599:Middlewares/Third_Party/LwIP/src/core/tcp.c ****   return ERR_OK;
1600:Middlewares/Third_Party/LwIP/src/core/tcp.c **** }
1601:Middlewares/Third_Party/LwIP/src/core/tcp.c **** 
1602:Middlewares/Third_Party/LwIP/src/core/tcp.c **** /**
1603:Middlewares/Third_Party/LwIP/src/core/tcp.c ****  * Deallocates a list of TCP segments (tcp_seg structures).
1604:Middlewares/Third_Party/LwIP/src/core/tcp.c ****  *
1605:Middlewares/Third_Party/LwIP/src/core/tcp.c ****  * @param seg tcp_seg list of TCP segments to free
ARM GAS  C:\msys64\tmp\cc73uNFg.s 			page 41


1606:Middlewares/Third_Party/LwIP/src/core/tcp.c ****  */
1607:Middlewares/Third_Party/LwIP/src/core/tcp.c **** void
1608:Middlewares/Third_Party/LwIP/src/core/tcp.c **** tcp_segs_free(struct tcp_seg *seg)
1609:Middlewares/Third_Party/LwIP/src/core/tcp.c **** {
1610:Middlewares/Third_Party/LwIP/src/core/tcp.c ****   while (seg != NULL) {
1611:Middlewares/Third_Party/LwIP/src/core/tcp.c ****     struct tcp_seg *next = seg->next;
1612:Middlewares/Third_Party/LwIP/src/core/tcp.c ****     tcp_seg_free(seg);
1613:Middlewares/Third_Party/LwIP/src/core/tcp.c ****     seg = next;
1614:Middlewares/Third_Party/LwIP/src/core/tcp.c ****   }
1615:Middlewares/Third_Party/LwIP/src/core/tcp.c **** }
1616:Middlewares/Third_Party/LwIP/src/core/tcp.c **** 
1617:Middlewares/Third_Party/LwIP/src/core/tcp.c **** /**
1618:Middlewares/Third_Party/LwIP/src/core/tcp.c ****  * Frees a TCP segment (tcp_seg structure).
1619:Middlewares/Third_Party/LwIP/src/core/tcp.c ****  *
1620:Middlewares/Third_Party/LwIP/src/core/tcp.c ****  * @param seg single tcp_seg to free
1621:Middlewares/Third_Party/LwIP/src/core/tcp.c ****  */
1622:Middlewares/Third_Party/LwIP/src/core/tcp.c **** void
1623:Middlewares/Third_Party/LwIP/src/core/tcp.c **** tcp_seg_free(struct tcp_seg *seg)
1624:Middlewares/Third_Party/LwIP/src/core/tcp.c **** {
1625:Middlewares/Third_Party/LwIP/src/core/tcp.c ****   if (seg != NULL) {
1626:Middlewares/Third_Party/LwIP/src/core/tcp.c ****     if (seg->p != NULL) {
1627:Middlewares/Third_Party/LwIP/src/core/tcp.c ****       pbuf_free(seg->p);
1628:Middlewares/Third_Party/LwIP/src/core/tcp.c **** #if TCP_DEBUG
1629:Middlewares/Third_Party/LwIP/src/core/tcp.c ****       seg->p = NULL;
1630:Middlewares/Third_Party/LwIP/src/core/tcp.c **** #endif /* TCP_DEBUG */
1631:Middlewares/Third_Party/LwIP/src/core/tcp.c ****     }
1632:Middlewares/Third_Party/LwIP/src/core/tcp.c ****     memp_free(MEMP_TCP_SEG, seg);
1633:Middlewares/Third_Party/LwIP/src/core/tcp.c ****   }
1634:Middlewares/Third_Party/LwIP/src/core/tcp.c **** }
1635:Middlewares/Third_Party/LwIP/src/core/tcp.c **** 
1636:Middlewares/Third_Party/LwIP/src/core/tcp.c **** /**
1637:Middlewares/Third_Party/LwIP/src/core/tcp.c ****  * @ingroup tcp
1638:Middlewares/Third_Party/LwIP/src/core/tcp.c ****  * Sets the priority of a connection.
1639:Middlewares/Third_Party/LwIP/src/core/tcp.c ****  *
1640:Middlewares/Third_Party/LwIP/src/core/tcp.c ****  * @param pcb the tcp_pcb to manipulate
1641:Middlewares/Third_Party/LwIP/src/core/tcp.c ****  * @param prio new priority
1642:Middlewares/Third_Party/LwIP/src/core/tcp.c ****  */
1643:Middlewares/Third_Party/LwIP/src/core/tcp.c **** void
1644:Middlewares/Third_Party/LwIP/src/core/tcp.c **** tcp_setprio(struct tcp_pcb *pcb, u8_t prio)
1645:Middlewares/Third_Party/LwIP/src/core/tcp.c **** {
1646:Middlewares/Third_Party/LwIP/src/core/tcp.c ****   LWIP_ASSERT_CORE_LOCKED();
1647:Middlewares/Third_Party/LwIP/src/core/tcp.c **** 
1648:Middlewares/Third_Party/LwIP/src/core/tcp.c ****   LWIP_ERROR("tcp_setprio: invalid pcb", pcb != NULL, return);
1649:Middlewares/Third_Party/LwIP/src/core/tcp.c **** 
1650:Middlewares/Third_Party/LwIP/src/core/tcp.c ****   pcb->prio = prio;
1651:Middlewares/Third_Party/LwIP/src/core/tcp.c **** }
1652:Middlewares/Third_Party/LwIP/src/core/tcp.c **** 
1653:Middlewares/Third_Party/LwIP/src/core/tcp.c **** #if TCP_QUEUE_OOSEQ
1654:Middlewares/Third_Party/LwIP/src/core/tcp.c **** /**
1655:Middlewares/Third_Party/LwIP/src/core/tcp.c ****  * Returns a copy of the given TCP segment.
1656:Middlewares/Third_Party/LwIP/src/core/tcp.c ****  * The pbuf and data are not copied, only the pointers
1657:Middlewares/Third_Party/LwIP/src/core/tcp.c ****  *
1658:Middlewares/Third_Party/LwIP/src/core/tcp.c ****  * @param seg the old tcp_seg
1659:Middlewares/Third_Party/LwIP/src/core/tcp.c ****  * @return a copy of seg
1660:Middlewares/Third_Party/LwIP/src/core/tcp.c ****  */
1661:Middlewares/Third_Party/LwIP/src/core/tcp.c **** struct tcp_seg *
1662:Middlewares/Third_Party/LwIP/src/core/tcp.c **** tcp_seg_copy(struct tcp_seg *seg)
ARM GAS  C:\msys64\tmp\cc73uNFg.s 			page 42


1663:Middlewares/Third_Party/LwIP/src/core/tcp.c **** {
1664:Middlewares/Third_Party/LwIP/src/core/tcp.c ****   struct tcp_seg *cseg;
1665:Middlewares/Third_Party/LwIP/src/core/tcp.c **** 
1666:Middlewares/Third_Party/LwIP/src/core/tcp.c ****   LWIP_ASSERT("tcp_seg_copy: invalid seg", seg != NULL);
1667:Middlewares/Third_Party/LwIP/src/core/tcp.c **** 
1668:Middlewares/Third_Party/LwIP/src/core/tcp.c ****   cseg = (struct tcp_seg *)memp_malloc(MEMP_TCP_SEG);
1669:Middlewares/Third_Party/LwIP/src/core/tcp.c ****   if (cseg == NULL) {
1670:Middlewares/Third_Party/LwIP/src/core/tcp.c ****     return NULL;
1671:Middlewares/Third_Party/LwIP/src/core/tcp.c ****   }
1672:Middlewares/Third_Party/LwIP/src/core/tcp.c ****   SMEMCPY((u8_t *)cseg, (const u8_t *)seg, sizeof(struct tcp_seg));
1673:Middlewares/Third_Party/LwIP/src/core/tcp.c ****   pbuf_ref(cseg->p);
1674:Middlewares/Third_Party/LwIP/src/core/tcp.c ****   return cseg;
1675:Middlewares/Third_Party/LwIP/src/core/tcp.c **** }
1676:Middlewares/Third_Party/LwIP/src/core/tcp.c **** #endif /* TCP_QUEUE_OOSEQ */
1677:Middlewares/Third_Party/LwIP/src/core/tcp.c **** 
1678:Middlewares/Third_Party/LwIP/src/core/tcp.c **** #if LWIP_CALLBACK_API
1679:Middlewares/Third_Party/LwIP/src/core/tcp.c **** /**
1680:Middlewares/Third_Party/LwIP/src/core/tcp.c ****  * Default receive callback that is called if the user didn't register
1681:Middlewares/Third_Party/LwIP/src/core/tcp.c ****  * a recv callback for the pcb.
1682:Middlewares/Third_Party/LwIP/src/core/tcp.c ****  */
1683:Middlewares/Third_Party/LwIP/src/core/tcp.c **** err_t
1684:Middlewares/Third_Party/LwIP/src/core/tcp.c **** tcp_recv_null(void *arg, struct tcp_pcb *pcb, struct pbuf *p, err_t err)
1685:Middlewares/Third_Party/LwIP/src/core/tcp.c **** {
1686:Middlewares/Third_Party/LwIP/src/core/tcp.c ****   LWIP_UNUSED_ARG(arg);
1687:Middlewares/Third_Party/LwIP/src/core/tcp.c **** 
1688:Middlewares/Third_Party/LwIP/src/core/tcp.c ****   LWIP_ERROR("tcp_recv_null: invalid pcb", pcb != NULL, return ERR_ARG);
1689:Middlewares/Third_Party/LwIP/src/core/tcp.c **** 
1690:Middlewares/Third_Party/LwIP/src/core/tcp.c ****   if (p != NULL) {
1691:Middlewares/Third_Party/LwIP/src/core/tcp.c ****     tcp_recved(pcb, p->tot_len);
1692:Middlewares/Third_Party/LwIP/src/core/tcp.c ****     pbuf_free(p);
1693:Middlewares/Third_Party/LwIP/src/core/tcp.c ****   } else if (err == ERR_OK) {
1694:Middlewares/Third_Party/LwIP/src/core/tcp.c ****     return tcp_close(pcb);
1695:Middlewares/Third_Party/LwIP/src/core/tcp.c ****   }
1696:Middlewares/Third_Party/LwIP/src/core/tcp.c ****   return ERR_OK;
1697:Middlewares/Third_Party/LwIP/src/core/tcp.c **** }
1698:Middlewares/Third_Party/LwIP/src/core/tcp.c **** #endif /* LWIP_CALLBACK_API */
1699:Middlewares/Third_Party/LwIP/src/core/tcp.c **** 
1700:Middlewares/Third_Party/LwIP/src/core/tcp.c **** /**
1701:Middlewares/Third_Party/LwIP/src/core/tcp.c ****  * Kills the oldest active connection that has a lower priority than 'prio'.
1702:Middlewares/Third_Party/LwIP/src/core/tcp.c ****  *
1703:Middlewares/Third_Party/LwIP/src/core/tcp.c ****  * @param prio minimum priority
1704:Middlewares/Third_Party/LwIP/src/core/tcp.c ****  */
1705:Middlewares/Third_Party/LwIP/src/core/tcp.c **** static void
1706:Middlewares/Third_Party/LwIP/src/core/tcp.c **** tcp_kill_prio(u8_t prio)
1707:Middlewares/Third_Party/LwIP/src/core/tcp.c **** {
1708:Middlewares/Third_Party/LwIP/src/core/tcp.c ****   struct tcp_pcb *pcb, *inactive;
1709:Middlewares/Third_Party/LwIP/src/core/tcp.c ****   u32_t inactivity;
1710:Middlewares/Third_Party/LwIP/src/core/tcp.c ****   u8_t mprio;
1711:Middlewares/Third_Party/LwIP/src/core/tcp.c **** 
1712:Middlewares/Third_Party/LwIP/src/core/tcp.c ****   mprio = LWIP_MIN(TCP_PRIO_MAX, prio);
1713:Middlewares/Third_Party/LwIP/src/core/tcp.c **** 
1714:Middlewares/Third_Party/LwIP/src/core/tcp.c ****   /* We want to kill connections with a lower prio, so bail out if 
1715:Middlewares/Third_Party/LwIP/src/core/tcp.c ****    * supplied prio is 0 - there can never be a lower prio
1716:Middlewares/Third_Party/LwIP/src/core/tcp.c ****    */
1717:Middlewares/Third_Party/LwIP/src/core/tcp.c ****   if (mprio == 0) {
1718:Middlewares/Third_Party/LwIP/src/core/tcp.c ****     return;
1719:Middlewares/Third_Party/LwIP/src/core/tcp.c ****   }
ARM GAS  C:\msys64\tmp\cc73uNFg.s 			page 43


1720:Middlewares/Third_Party/LwIP/src/core/tcp.c **** 
1721:Middlewares/Third_Party/LwIP/src/core/tcp.c ****   /* We only want kill connections with a lower prio, so decrement prio by one 
1722:Middlewares/Third_Party/LwIP/src/core/tcp.c ****    * and start searching for oldest connection with same or lower priority than mprio.
1723:Middlewares/Third_Party/LwIP/src/core/tcp.c ****    * We want to find the connections with the lowest possible prio, and among
1724:Middlewares/Third_Party/LwIP/src/core/tcp.c ****    * these the one with the longest inactivity time.
1725:Middlewares/Third_Party/LwIP/src/core/tcp.c ****    */
1726:Middlewares/Third_Party/LwIP/src/core/tcp.c ****   mprio--;
1727:Middlewares/Third_Party/LwIP/src/core/tcp.c **** 
1728:Middlewares/Third_Party/LwIP/src/core/tcp.c ****   inactivity = 0;
1729:Middlewares/Third_Party/LwIP/src/core/tcp.c ****   inactive = NULL;
1730:Middlewares/Third_Party/LwIP/src/core/tcp.c ****   for (pcb = tcp_active_pcbs; pcb != NULL; pcb = pcb->next) {
1731:Middlewares/Third_Party/LwIP/src/core/tcp.c ****         /* lower prio is always a kill candidate */
1732:Middlewares/Third_Party/LwIP/src/core/tcp.c ****     if ((pcb->prio < mprio) ||
1733:Middlewares/Third_Party/LwIP/src/core/tcp.c ****         /* longer inactivity is also a kill candidate */
1734:Middlewares/Third_Party/LwIP/src/core/tcp.c ****         ((pcb->prio == mprio) && ((u32_t)(tcp_ticks - pcb->tmr) >= inactivity))) {
1735:Middlewares/Third_Party/LwIP/src/core/tcp.c ****       inactivity = tcp_ticks - pcb->tmr;
1736:Middlewares/Third_Party/LwIP/src/core/tcp.c ****       inactive   = pcb;
1737:Middlewares/Third_Party/LwIP/src/core/tcp.c ****       mprio      = pcb->prio;
1738:Middlewares/Third_Party/LwIP/src/core/tcp.c ****     }
1739:Middlewares/Third_Party/LwIP/src/core/tcp.c ****   }
1740:Middlewares/Third_Party/LwIP/src/core/tcp.c ****   if (inactive != NULL) {
1741:Middlewares/Third_Party/LwIP/src/core/tcp.c ****     LWIP_DEBUGF(TCP_DEBUG, ("tcp_kill_prio: killing oldest PCB %p (%"S32_F")\n",
1742:Middlewares/Third_Party/LwIP/src/core/tcp.c ****                             (void *)inactive, inactivity));
1743:Middlewares/Third_Party/LwIP/src/core/tcp.c ****     tcp_abort(inactive);
1744:Middlewares/Third_Party/LwIP/src/core/tcp.c ****   }
1745:Middlewares/Third_Party/LwIP/src/core/tcp.c **** }
1746:Middlewares/Third_Party/LwIP/src/core/tcp.c **** 
1747:Middlewares/Third_Party/LwIP/src/core/tcp.c **** /**
1748:Middlewares/Third_Party/LwIP/src/core/tcp.c ****  * Kills the oldest connection that is in specific state.
1749:Middlewares/Third_Party/LwIP/src/core/tcp.c ****  * Called from tcp_alloc() for LAST_ACK and CLOSING if no more connections are available.
1750:Middlewares/Third_Party/LwIP/src/core/tcp.c ****  */
1751:Middlewares/Third_Party/LwIP/src/core/tcp.c **** static void
1752:Middlewares/Third_Party/LwIP/src/core/tcp.c **** tcp_kill_state(enum tcp_state state)
1753:Middlewares/Third_Party/LwIP/src/core/tcp.c **** {
1754:Middlewares/Third_Party/LwIP/src/core/tcp.c ****   struct tcp_pcb *pcb, *inactive;
1755:Middlewares/Third_Party/LwIP/src/core/tcp.c ****   u32_t inactivity;
1756:Middlewares/Third_Party/LwIP/src/core/tcp.c **** 
1757:Middlewares/Third_Party/LwIP/src/core/tcp.c ****   LWIP_ASSERT("invalid state", (state == CLOSING) || (state == LAST_ACK));
1758:Middlewares/Third_Party/LwIP/src/core/tcp.c **** 
1759:Middlewares/Third_Party/LwIP/src/core/tcp.c ****   inactivity = 0;
1760:Middlewares/Third_Party/LwIP/src/core/tcp.c ****   inactive = NULL;
1761:Middlewares/Third_Party/LwIP/src/core/tcp.c ****   /* Go through the list of active pcbs and get the oldest pcb that is in state
1762:Middlewares/Third_Party/LwIP/src/core/tcp.c ****      CLOSING/LAST_ACK. */
1763:Middlewares/Third_Party/LwIP/src/core/tcp.c ****   for (pcb = tcp_active_pcbs; pcb != NULL; pcb = pcb->next) {
1764:Middlewares/Third_Party/LwIP/src/core/tcp.c ****     if (pcb->state == state) {
1765:Middlewares/Third_Party/LwIP/src/core/tcp.c ****       if ((u32_t)(tcp_ticks - pcb->tmr) >= inactivity) {
1766:Middlewares/Third_Party/LwIP/src/core/tcp.c ****         inactivity = tcp_ticks - pcb->tmr;
1767:Middlewares/Third_Party/LwIP/src/core/tcp.c ****         inactive = pcb;
1768:Middlewares/Third_Party/LwIP/src/core/tcp.c ****       }
1769:Middlewares/Third_Party/LwIP/src/core/tcp.c ****     }
1770:Middlewares/Third_Party/LwIP/src/core/tcp.c ****   }
1771:Middlewares/Third_Party/LwIP/src/core/tcp.c ****   if (inactive != NULL) {
1772:Middlewares/Third_Party/LwIP/src/core/tcp.c ****     LWIP_DEBUGF(TCP_DEBUG, ("tcp_kill_closing: killing oldest %s PCB %p (%"S32_F")\n",
1773:Middlewares/Third_Party/LwIP/src/core/tcp.c ****                             tcp_state_str[state], (void *)inactive, inactivity));
1774:Middlewares/Third_Party/LwIP/src/core/tcp.c ****     /* Don't send a RST, since no data is lost. */
1775:Middlewares/Third_Party/LwIP/src/core/tcp.c ****     tcp_abandon(inactive, 0);
1776:Middlewares/Third_Party/LwIP/src/core/tcp.c ****   }
ARM GAS  C:\msys64\tmp\cc73uNFg.s 			page 44


1777:Middlewares/Third_Party/LwIP/src/core/tcp.c **** }
1778:Middlewares/Third_Party/LwIP/src/core/tcp.c **** 
1779:Middlewares/Third_Party/LwIP/src/core/tcp.c **** /**
1780:Middlewares/Third_Party/LwIP/src/core/tcp.c ****  * Kills the oldest connection that is in TIME_WAIT state.
1781:Middlewares/Third_Party/LwIP/src/core/tcp.c ****  * Called from tcp_alloc() if no more connections are available.
1782:Middlewares/Third_Party/LwIP/src/core/tcp.c ****  */
1783:Middlewares/Third_Party/LwIP/src/core/tcp.c **** static void
1784:Middlewares/Third_Party/LwIP/src/core/tcp.c **** tcp_kill_timewait(void)
1785:Middlewares/Third_Party/LwIP/src/core/tcp.c **** {
1786:Middlewares/Third_Party/LwIP/src/core/tcp.c ****   struct tcp_pcb *pcb, *inactive;
1787:Middlewares/Third_Party/LwIP/src/core/tcp.c ****   u32_t inactivity;
1788:Middlewares/Third_Party/LwIP/src/core/tcp.c **** 
1789:Middlewares/Third_Party/LwIP/src/core/tcp.c ****   inactivity = 0;
1790:Middlewares/Third_Party/LwIP/src/core/tcp.c ****   inactive = NULL;
1791:Middlewares/Third_Party/LwIP/src/core/tcp.c ****   /* Go through the list of TIME_WAIT pcbs and get the oldest pcb. */
1792:Middlewares/Third_Party/LwIP/src/core/tcp.c ****   for (pcb = tcp_tw_pcbs; pcb != NULL; pcb = pcb->next) {
1793:Middlewares/Third_Party/LwIP/src/core/tcp.c ****     if ((u32_t)(tcp_ticks - pcb->tmr) >= inactivity) {
1794:Middlewares/Third_Party/LwIP/src/core/tcp.c ****       inactivity = tcp_ticks - pcb->tmr;
1795:Middlewares/Third_Party/LwIP/src/core/tcp.c ****       inactive = pcb;
1796:Middlewares/Third_Party/LwIP/src/core/tcp.c ****     }
1797:Middlewares/Third_Party/LwIP/src/core/tcp.c ****   }
1798:Middlewares/Third_Party/LwIP/src/core/tcp.c ****   if (inactive != NULL) {
1799:Middlewares/Third_Party/LwIP/src/core/tcp.c ****     LWIP_DEBUGF(TCP_DEBUG, ("tcp_kill_timewait: killing oldest TIME-WAIT PCB %p (%"S32_F")\n",
1800:Middlewares/Third_Party/LwIP/src/core/tcp.c ****                             (void *)inactive, inactivity));
1801:Middlewares/Third_Party/LwIP/src/core/tcp.c ****     tcp_abort(inactive);
1802:Middlewares/Third_Party/LwIP/src/core/tcp.c ****   }
1803:Middlewares/Third_Party/LwIP/src/core/tcp.c **** }
1804:Middlewares/Third_Party/LwIP/src/core/tcp.c **** 
1805:Middlewares/Third_Party/LwIP/src/core/tcp.c **** /* Called when allocating a pcb fails.
1806:Middlewares/Third_Party/LwIP/src/core/tcp.c ****  * In this case, we want to handle all pcbs that want to close first: if we can
1807:Middlewares/Third_Party/LwIP/src/core/tcp.c ****  * now send the FIN (which failed before), the pcb might be in a state that is
1808:Middlewares/Third_Party/LwIP/src/core/tcp.c ****  * OK for us to now free it.
1809:Middlewares/Third_Party/LwIP/src/core/tcp.c ****  */
1810:Middlewares/Third_Party/LwIP/src/core/tcp.c **** static void
1811:Middlewares/Third_Party/LwIP/src/core/tcp.c **** tcp_handle_closepend(void)
1812:Middlewares/Third_Party/LwIP/src/core/tcp.c **** {
 544              		.loc 1 1812 1 view -0
 545              		.cfi_startproc
 546              		@ args = 0, pretend = 0, frame = 0
 547              		@ frame_needed = 0, uses_anonymous_args = 0
1813:Middlewares/Third_Party/LwIP/src/core/tcp.c ****   struct tcp_pcb *pcb = tcp_active_pcbs;
 548              		.loc 1 1813 3 view .LVU137
 549              		.loc 1 1813 19 is_stmt 0 view .LVU138
 550 0000 094B     		ldr	r3, .L66
 551 0002 1868     		ldr	r0, [r3]
 552              	.LVL52:
1814:Middlewares/Third_Party/LwIP/src/core/tcp.c **** 
1815:Middlewares/Third_Party/LwIP/src/core/tcp.c ****   while (pcb != NULL) {
 553              		.loc 1 1815 3 is_stmt 1 view .LVU139
 554              		.loc 1 1815 14 view .LVU140
 555 0004 78B1     		cbz	r0, .L64
1812:Middlewares/Third_Party/LwIP/src/core/tcp.c ****   struct tcp_pcb *pcb = tcp_active_pcbs;
 556              		.loc 1 1812 1 is_stmt 0 view .LVU141
 557 0006 10B5     		push	{r4, lr}
 558              	.LCFI4:
 559              		.cfi_def_cfa_offset 8
 560              		.cfi_offset 4, -8
ARM GAS  C:\msys64\tmp\cc73uNFg.s 			page 45


 561              		.cfi_offset 14, -4
 562 0008 01E0     		b	.L60
 563              	.LVL53:
 564              	.L59:
1812:Middlewares/Third_Party/LwIP/src/core/tcp.c ****   struct tcp_pcb *pcb = tcp_active_pcbs;
 565              		.loc 1 1812 1 view .LVU142
 566 000a 2046     		mov	r0, r4
 567              	.LVL54:
 568              		.loc 1 1815 14 is_stmt 1 view .LVU143
 569 000c 54B1     		cbz	r4, .L65
 570              	.LVL55:
 571              	.L60:
 572              	.LBB2:
1816:Middlewares/Third_Party/LwIP/src/core/tcp.c ****     struct tcp_pcb *next = pcb->next;
 573              		.loc 1 1816 5 view .LVU144
 574              		.loc 1 1816 21 is_stmt 0 view .LVU145
 575 000e C468     		ldr	r4, [r0, #12]
 576              	.LVL56:
1817:Middlewares/Third_Party/LwIP/src/core/tcp.c ****     /* send pending FIN */
1818:Middlewares/Third_Party/LwIP/src/core/tcp.c ****     if (pcb->flags & TF_CLOSEPEND) {
 577              		.loc 1 1818 5 is_stmt 1 view .LVU146
 578              		.loc 1 1818 12 is_stmt 0 view .LVU147
 579 0010 438B     		ldrh	r3, [r0, #26]
 580              		.loc 1 1818 8 view .LVU148
 581 0012 13F0080F 		tst	r3, #8
 582 0016 F8D0     		beq	.L59
1819:Middlewares/Third_Party/LwIP/src/core/tcp.c ****       LWIP_DEBUGF(TCP_DEBUG, ("tcp_handle_closepend: pending FIN\n"));
 583              		.loc 1 1819 70 is_stmt 1 view .LVU149
1820:Middlewares/Third_Party/LwIP/src/core/tcp.c ****       tcp_clear_flags(pcb, TF_CLOSEPEND);
 584              		.loc 1 1820 7 view .LVU150
 585              		.loc 1 1820 7 view .LVU151
 586 0018 23F00803 		bic	r3, r3, #8
 587 001c 4383     		strh	r3, [r0, #26]	@ movhi
 588              		.loc 1 1820 7 view .LVU152
1821:Middlewares/Third_Party/LwIP/src/core/tcp.c ****       tcp_close_shutdown_fin(pcb);
 589              		.loc 1 1821 7 view .LVU153
 590 001e FFF7FEFF 		bl	tcp_close_shutdown_fin
 591              	.LVL57:
 592              		.loc 1 1821 7 is_stmt 0 view .LVU154
 593 0022 F2E7     		b	.L59
 594              	.LVL58:
 595              	.L65:
 596              		.loc 1 1821 7 view .LVU155
 597              	.LBE2:
1822:Middlewares/Third_Party/LwIP/src/core/tcp.c ****     }
1823:Middlewares/Third_Party/LwIP/src/core/tcp.c ****     pcb = next;
1824:Middlewares/Third_Party/LwIP/src/core/tcp.c ****   }
1825:Middlewares/Third_Party/LwIP/src/core/tcp.c **** }
 598              		.loc 1 1825 1 view .LVU156
 599 0024 10BD     		pop	{r4, pc}
 600              	.LVL59:
 601              	.L64:
 602              	.LCFI5:
 603              		.cfi_def_cfa_offset 0
 604              		.cfi_restore 4
 605              		.cfi_restore 14
 606              		.loc 1 1825 1 view .LVU157
ARM GAS  C:\msys64\tmp\cc73uNFg.s 			page 46


 607 0026 7047     		bx	lr
 608              	.L67:
 609              		.align	2
 610              	.L66:
 611 0028 00000000 		.word	.LANCHOR2
 612              		.cfi_endproc
 613              	.LFE192:
 615              		.section	.text.tcp_init,"ax",%progbits
 616              		.align	1
 617              		.global	tcp_init
 618              		.syntax unified
 619              		.thumb
 620              		.thumb_func
 622              	tcp_init:
 623              	.LFB160:
 202:Middlewares/Third_Party/LwIP/src/core/tcp.c **** #ifdef LWIP_RAND
 624              		.loc 1 202 1 is_stmt 1 view -0
 625              		.cfi_startproc
 626              		@ args = 0, pretend = 0, frame = 0
 627              		@ frame_needed = 0, uses_anonymous_args = 0
 628 0000 08B5     		push	{r3, lr}
 629              	.LCFI6:
 630              		.cfi_def_cfa_offset 8
 631              		.cfi_offset 3, -8
 632              		.cfi_offset 14, -4
 204:Middlewares/Third_Party/LwIP/src/core/tcp.c **** #endif /* LWIP_RAND */
 633              		.loc 1 204 3 view .LVU159
 204:Middlewares/Third_Party/LwIP/src/core/tcp.c **** #endif /* LWIP_RAND */
 634              		.loc 1 204 14 is_stmt 0 view .LVU160
 635 0002 FFF7FEFF 		bl	rand
 636              	.LVL60:
 637 0006 6FEA8040 		mvn	r0, r0, lsl #18
 638 000a 6FEA9040 		mvn	r0, r0, lsr #18
 204:Middlewares/Third_Party/LwIP/src/core/tcp.c **** #endif /* LWIP_RAND */
 639              		.loc 1 204 12 view .LVU161
 640 000e 014B     		ldr	r3, .L70
 641 0010 1880     		strh	r0, [r3]	@ movhi
 206:Middlewares/Third_Party/LwIP/src/core/tcp.c **** 
 642              		.loc 1 206 1 view .LVU162
 643 0012 08BD     		pop	{r3, pc}
 644              	.L71:
 645              		.align	2
 646              	.L70:
 647 0014 00000000 		.word	.LANCHOR0
 648              		.cfi_endproc
 649              	.LFE160:
 651              		.section	.rodata.tcp_free.str1.4,"aMS",%progbits,1
 652              		.align	2
 653              	.LC6:
 654 0000 7463705F 		.ascii	"tcp_free: LISTEN\000"
 654      66726565 
 654      3A204C49 
 654      5354454E 
 654      00
 655              		.section	.text.tcp_free,"ax",%progbits
 656              		.align	1
 657              		.global	tcp_free
ARM GAS  C:\msys64\tmp\cc73uNFg.s 			page 47


 658              		.syntax unified
 659              		.thumb
 660              		.thumb_func
 662              	tcp_free:
 663              	.LVL61:
 664              	.LFB161:
 211:Middlewares/Third_Party/LwIP/src/core/tcp.c ****   LWIP_ASSERT("tcp_free: LISTEN", pcb->state != LISTEN);
 665              		.loc 1 211 1 is_stmt 1 view -0
 666              		.cfi_startproc
 667              		@ args = 0, pretend = 0, frame = 0
 668              		@ frame_needed = 0, uses_anonymous_args = 0
 211:Middlewares/Third_Party/LwIP/src/core/tcp.c ****   LWIP_ASSERT("tcp_free: LISTEN", pcb->state != LISTEN);
 669              		.loc 1 211 1 is_stmt 0 view .LVU164
 670 0000 10B5     		push	{r4, lr}
 671              	.LCFI7:
 672              		.cfi_def_cfa_offset 8
 673              		.cfi_offset 4, -8
 674              		.cfi_offset 14, -4
 675 0002 0446     		mov	r4, r0
 212:Middlewares/Third_Party/LwIP/src/core/tcp.c **** #if LWIP_TCP_PCB_NUM_EXT_ARGS
 676              		.loc 1 212 3 is_stmt 1 view .LVU165
 212:Middlewares/Third_Party/LwIP/src/core/tcp.c **** #if LWIP_TCP_PCB_NUM_EXT_ARGS
 677              		.loc 1 212 3 view .LVU166
 678 0004 037D     		ldrb	r3, [r0, #20]	@ zero_extendqisi2
 679 0006 012B     		cmp	r3, #1
 680 0008 04D0     		beq	.L75
 681              	.LVL62:
 682              	.L73:
 212:Middlewares/Third_Party/LwIP/src/core/tcp.c **** #if LWIP_TCP_PCB_NUM_EXT_ARGS
 683              		.loc 1 212 3 discriminator 3 view .LVU167
 212:Middlewares/Third_Party/LwIP/src/core/tcp.c **** #if LWIP_TCP_PCB_NUM_EXT_ARGS
 684              		.loc 1 212 3 discriminator 3 view .LVU168
 216:Middlewares/Third_Party/LwIP/src/core/tcp.c **** }
 685              		.loc 1 216 3 discriminator 3 view .LVU169
 686 000a 2146     		mov	r1, r4
 687 000c 0120     		movs	r0, #1
 688 000e FFF7FEFF 		bl	memp_free
 689              	.LVL63:
 217:Middlewares/Third_Party/LwIP/src/core/tcp.c **** 
 690              		.loc 1 217 1 is_stmt 0 discriminator 3 view .LVU170
 691 0012 10BD     		pop	{r4, pc}
 692              	.LVL64:
 693              	.L75:
 212:Middlewares/Third_Party/LwIP/src/core/tcp.c **** #if LWIP_TCP_PCB_NUM_EXT_ARGS
 694              		.loc 1 212 3 is_stmt 1 discriminator 1 view .LVU171
 212:Middlewares/Third_Party/LwIP/src/core/tcp.c **** #if LWIP_TCP_PCB_NUM_EXT_ARGS
 695              		.loc 1 212 3 discriminator 1 view .LVU172
 696 0014 034B     		ldr	r3, .L76
 697 0016 D422     		movs	r2, #212
 698 0018 0349     		ldr	r1, .L76+4
 699 001a 0448     		ldr	r0, .L76+8
 700              	.LVL65:
 212:Middlewares/Third_Party/LwIP/src/core/tcp.c **** #if LWIP_TCP_PCB_NUM_EXT_ARGS
 701              		.loc 1 212 3 is_stmt 0 discriminator 1 view .LVU173
 702 001c FFF7FEFF 		bl	printf
 703              	.LVL66:
 704 0020 F3E7     		b	.L73
ARM GAS  C:\msys64\tmp\cc73uNFg.s 			page 48


 705              	.L77:
 706 0022 00BF     		.align	2
 707              	.L76:
 708 0024 00000000 		.word	.LC0
 709 0028 00000000 		.word	.LC6
 710 002c 54000000 		.word	.LC2
 711              		.cfi_endproc
 712              	.LFE161:
 714              		.section	.rodata.tcp_bind.str1.4,"aMS",%progbits,1
 715              		.align	2
 716              	.LC7:
 717 0000 7463705F 		.ascii	"tcp_bind: invalid pcb\000"
 717      62696E64 
 717      3A20696E 
 717      76616C69 
 717      64207063 
 718 0016 0000     		.align	2
 719              	.LC8:
 720 0018 7463705F 		.ascii	"tcp_bind: can only bind in state CLOSED\000"
 720      62696E64 
 720      3A206361 
 720      6E206F6E 
 720      6C792062 
 721              		.section	.text.tcp_bind,"ax",%progbits
 722              		.align	1
 723              		.global	tcp_bind
 724              		.syntax unified
 725              		.thumb
 726              		.thumb_func
 728              	tcp_bind:
 729              	.LVL67:
 730              	.LFB172:
 662:Middlewares/Third_Party/LwIP/src/core/tcp.c ****   int i;
 731              		.loc 1 662 1 is_stmt 1 view -0
 732              		.cfi_startproc
 733              		@ args = 0, pretend = 0, frame = 0
 734              		@ frame_needed = 0, uses_anonymous_args = 0
 662:Middlewares/Third_Party/LwIP/src/core/tcp.c ****   int i;
 735              		.loc 1 662 1 is_stmt 0 view .LVU175
 736 0000 70B5     		push	{r4, r5, r6, lr}
 737              	.LCFI8:
 738              		.cfi_def_cfa_offset 16
 739              		.cfi_offset 4, -16
 740              		.cfi_offset 5, -12
 741              		.cfi_offset 6, -8
 742              		.cfi_offset 14, -4
 743 0002 0646     		mov	r6, r0
 663:Middlewares/Third_Party/LwIP/src/core/tcp.c ****   int max_pcb_list = NUM_TCP_PCB_LISTS;
 744              		.loc 1 663 3 is_stmt 1 view .LVU176
 664:Middlewares/Third_Party/LwIP/src/core/tcp.c ****   struct tcp_pcb *cpcb;
 745              		.loc 1 664 3 view .LVU177
 746              	.LVL68:
 665:Middlewares/Third_Party/LwIP/src/core/tcp.c **** #if LWIP_IPV6 && LWIP_IPV6_SCOPES
 747              		.loc 1 665 3 view .LVU178
 670:Middlewares/Third_Party/LwIP/src/core/tcp.c **** 
 748              		.loc 1 670 28 view .LVU179
 674:Middlewares/Third_Party/LwIP/src/core/tcp.c ****     ipaddr = IP4_ADDR_ANY;
ARM GAS  C:\msys64\tmp\cc73uNFg.s 			page 49


 749              		.loc 1 674 3 view .LVU180
 674:Middlewares/Third_Party/LwIP/src/core/tcp.c ****     ipaddr = IP4_ADDR_ANY;
 750              		.loc 1 674 6 is_stmt 0 view .LVU181
 751 0004 0D46     		mov	r5, r1
 752 0006 59B1     		cbz	r1, .L99
 753              	.L79:
 754              	.LVL69:
 681:Middlewares/Third_Party/LwIP/src/core/tcp.c **** 
 755              		.loc 1 681 3 is_stmt 1 view .LVU182
 681:Middlewares/Third_Party/LwIP/src/core/tcp.c **** 
 756              		.loc 1 681 3 view .LVU183
 757 0008 66B1     		cbz	r6, .L100
 681:Middlewares/Third_Party/LwIP/src/core/tcp.c **** 
 758              		.loc 1 681 3 discriminator 2 view .LVU184
 683:Middlewares/Third_Party/LwIP/src/core/tcp.c **** 
 759              		.loc 1 683 3 discriminator 2 view .LVU185
 683:Middlewares/Third_Party/LwIP/src/core/tcp.c **** 
 760              		.loc 1 683 3 discriminator 2 view .LVU186
 761 000a 337D     		ldrb	r3, [r6, #20]	@ zero_extendqisi2
 762 000c A3B9     		cbnz	r3, .L101
 683:Middlewares/Third_Party/LwIP/src/core/tcp.c **** 
 763              		.loc 1 683 3 discriminator 2 view .LVU187
 708:Middlewares/Third_Party/LwIP/src/core/tcp.c ****     port = tcp_new_port();
 764              		.loc 1 708 3 discriminator 2 view .LVU188
 708:Middlewares/Third_Party/LwIP/src/core/tcp.c ****     port = tcp_new_port();
 765              		.loc 1 708 6 is_stmt 0 discriminator 2 view .LVU189
 766 000e EAB1     		cbz	r2, .L102
 715:Middlewares/Third_Party/LwIP/src/core/tcp.c ****       for (cpcb = *tcp_pcb_lists[i]; cpcb != NULL; cpcb = cpcb->next) {
 767              		.loc 1 715 12 view .LVU190
 768 0010 0020     		movs	r0, #0
 769              	.LVL70:
 770              	.L83:
 715:Middlewares/Third_Party/LwIP/src/core/tcp.c ****       for (cpcb = *tcp_pcb_lists[i]; cpcb != NULL; cpcb = cpcb->next) {
 771              		.loc 1 715 19 is_stmt 1 discriminator 1 view .LVU191
 772 0012 0328     		cmp	r0, #3
 773 0014 1EDC     		bgt	.L84
 716:Middlewares/Third_Party/LwIP/src/core/tcp.c ****         if (cpcb->local_port == port) {
 774              		.loc 1 716 7 view .LVU192
 716:Middlewares/Third_Party/LwIP/src/core/tcp.c ****         if (cpcb->local_port == port) {
 775              		.loc 1 716 33 is_stmt 0 view .LVU193
 776 0016 264B     		ldr	r3, .L105
 777 0018 53F82030 		ldr	r3, [r3, r0, lsl #2]
 716:Middlewares/Third_Party/LwIP/src/core/tcp.c ****         if (cpcb->local_port == port) {
 778              		.loc 1 716 17 view .LVU194
 779 001c 1B68     		ldr	r3, [r3]
 780              	.LVL71:
 716:Middlewares/Third_Party/LwIP/src/core/tcp.c ****         if (cpcb->local_port == port) {
 781              		.loc 1 716 7 view .LVU195
 782 001e 27E0     		b	.L85
 783              	.LVL72:
 784              	.L99:
 675:Middlewares/Third_Party/LwIP/src/core/tcp.c ****   }
 785              		.loc 1 675 12 view .LVU196
 786 0020 244D     		ldr	r5, .L105+4
 787 0022 F1E7     		b	.L79
 788              	.LVL73:
 789              	.L100:
ARM GAS  C:\msys64\tmp\cc73uNFg.s 			page 50


 681:Middlewares/Third_Party/LwIP/src/core/tcp.c **** 
 790              		.loc 1 681 3 is_stmt 1 discriminator 1 view .LVU197
 681:Middlewares/Third_Party/LwIP/src/core/tcp.c **** 
 791              		.loc 1 681 3 discriminator 1 view .LVU198
 792 0024 244B     		ldr	r3, .L105+8
 793 0026 40F2A922 		movw	r2, #681
 794              	.LVL74:
 681:Middlewares/Third_Party/LwIP/src/core/tcp.c **** 
 795              		.loc 1 681 3 is_stmt 0 discriminator 1 view .LVU199
 796 002a 2449     		ldr	r1, .L105+12
 797 002c 2448     		ldr	r0, .L105+16
 798              	.LVL75:
 681:Middlewares/Third_Party/LwIP/src/core/tcp.c **** 
 799              		.loc 1 681 3 discriminator 1 view .LVU200
 800 002e FFF7FEFF 		bl	printf
 801              	.LVL76:
 681:Middlewares/Third_Party/LwIP/src/core/tcp.c **** 
 802              		.loc 1 681 3 is_stmt 1 discriminator 1 view .LVU201
 681:Middlewares/Third_Party/LwIP/src/core/tcp.c **** 
 803              		.loc 1 681 3 discriminator 1 view .LVU202
 804 0032 6FF00F00 		mvn	r0, #15
 805 0036 19E0     		b	.L81
 806              	.LVL77:
 807              	.L101:
 683:Middlewares/Third_Party/LwIP/src/core/tcp.c **** 
 808              		.loc 1 683 3 discriminator 1 view .LVU203
 683:Middlewares/Third_Party/LwIP/src/core/tcp.c **** 
 809              		.loc 1 683 3 discriminator 1 view .LVU204
 810 0038 1F4B     		ldr	r3, .L105+8
 811 003a 40F2AB22 		movw	r2, #683
 812              	.LVL78:
 683:Middlewares/Third_Party/LwIP/src/core/tcp.c **** 
 813              		.loc 1 683 3 is_stmt 0 discriminator 1 view .LVU205
 814 003e 2149     		ldr	r1, .L105+20
 815 0040 1F48     		ldr	r0, .L105+16
 816              	.LVL79:
 683:Middlewares/Third_Party/LwIP/src/core/tcp.c **** 
 817              		.loc 1 683 3 discriminator 1 view .LVU206
 818 0042 FFF7FEFF 		bl	printf
 819              	.LVL80:
 683:Middlewares/Third_Party/LwIP/src/core/tcp.c **** 
 820              		.loc 1 683 3 is_stmt 1 discriminator 1 view .LVU207
 683:Middlewares/Third_Party/LwIP/src/core/tcp.c **** 
 821              		.loc 1 683 3 discriminator 1 view .LVU208
 822 0046 6FF00500 		mvn	r0, #5
 823 004a 0FE0     		b	.L81
 824              	.LVL81:
 825              	.L102:
 709:Middlewares/Third_Party/LwIP/src/core/tcp.c ****     if (port == 0) {
 826              		.loc 1 709 5 view .LVU209
 709:Middlewares/Third_Party/LwIP/src/core/tcp.c ****     if (port == 0) {
 827              		.loc 1 709 12 is_stmt 0 view .LVU210
 828 004c FFF7FEFF 		bl	tcp_new_port
 829              	.LVL82:
 710:Middlewares/Third_Party/LwIP/src/core/tcp.c ****       return ERR_BUF;
 830              		.loc 1 710 5 is_stmt 1 view .LVU211
 710:Middlewares/Third_Party/LwIP/src/core/tcp.c ****       return ERR_BUF;
ARM GAS  C:\msys64\tmp\cc73uNFg.s 			page 51


 831              		.loc 1 710 8 is_stmt 0 view .LVU212
 832 0050 0246     		mov	r2, r0
 833 0052 F0B1     		cbz	r0, .L103
 834              	.LVL83:
 835              	.L84:
 739:Middlewares/Third_Party/LwIP/src/core/tcp.c **** #if LWIP_IPV4 && LWIP_IPV6
 836              		.loc 1 739 3 is_stmt 1 view .LVU213
 739:Middlewares/Third_Party/LwIP/src/core/tcp.c **** #if LWIP_IPV4 && LWIP_IPV6
 837              		.loc 1 739 6 is_stmt 0 view .LVU214
 838 0054 15B1     		cbz	r5, .L89
 739:Middlewares/Third_Party/LwIP/src/core/tcp.c **** #if LWIP_IPV4 && LWIP_IPV6
 839              		.loc 1 739 8 discriminator 1 view .LVU215
 840 0056 2B68     		ldr	r3, [r5]
 739:Middlewares/Third_Party/LwIP/src/core/tcp.c **** #if LWIP_IPV4 && LWIP_IPV6
 841              		.loc 1 739 7 discriminator 1 view .LVU216
 842 0058 03B1     		cbz	r3, .L89
 744:Middlewares/Third_Party/LwIP/src/core/tcp.c ****   }
 843              		.loc 1 744 5 is_stmt 1 discriminator 4 view .LVU217
 844 005a 3360     		str	r3, [r6]
 845              	.L89:
 746:Middlewares/Third_Party/LwIP/src/core/tcp.c ****   TCP_REG(&tcp_bound_pcbs, pcb);
 846              		.loc 1 746 3 view .LVU218
 746:Middlewares/Third_Party/LwIP/src/core/tcp.c ****   TCP_REG(&tcp_bound_pcbs, pcb);
 847              		.loc 1 746 19 is_stmt 0 view .LVU219
 848 005c F282     		strh	r2, [r6, #22]	@ movhi
 747:Middlewares/Third_Party/LwIP/src/core/tcp.c ****   LWIP_DEBUGF(TCP_DEBUG, ("tcp_bind: bind to port %"U16_F"\n", port));
 849              		.loc 1 747 3 is_stmt 1 view .LVU220
 747:Middlewares/Third_Party/LwIP/src/core/tcp.c ****   LWIP_DEBUGF(TCP_DEBUG, ("tcp_bind: bind to port %"U16_F"\n", port));
 850              		.loc 1 747 3 view .LVU221
 851 005e 1A4B     		ldr	r3, .L105+24
 852 0060 1A68     		ldr	r2, [r3]
 853              	.LVL84:
 747:Middlewares/Third_Party/LwIP/src/core/tcp.c ****   LWIP_DEBUGF(TCP_DEBUG, ("tcp_bind: bind to port %"U16_F"\n", port));
 854              		.loc 1 747 3 is_stmt 0 view .LVU222
 855 0062 F260     		str	r2, [r6, #12]
 747:Middlewares/Third_Party/LwIP/src/core/tcp.c ****   LWIP_DEBUGF(TCP_DEBUG, ("tcp_bind: bind to port %"U16_F"\n", port));
 856              		.loc 1 747 3 is_stmt 1 view .LVU223
 857 0064 1E60     		str	r6, [r3]
 747:Middlewares/Third_Party/LwIP/src/core/tcp.c ****   LWIP_DEBUGF(TCP_DEBUG, ("tcp_bind: bind to port %"U16_F"\n", port));
 858              		.loc 1 747 3 view .LVU224
 859 0066 FFF7FEFF 		bl	tcp_timer_needed
 860              	.LVL85:
 747:Middlewares/Third_Party/LwIP/src/core/tcp.c ****   LWIP_DEBUGF(TCP_DEBUG, ("tcp_bind: bind to port %"U16_F"\n", port));
 861              		.loc 1 747 3 view .LVU225
 748:Middlewares/Third_Party/LwIP/src/core/tcp.c ****   return ERR_OK;
 862              		.loc 1 748 70 view .LVU226
 749:Middlewares/Third_Party/LwIP/src/core/tcp.c **** }
 863              		.loc 1 749 3 view .LVU227
 749:Middlewares/Third_Party/LwIP/src/core/tcp.c **** }
 864              		.loc 1 749 10 is_stmt 0 view .LVU228
 865 006a 0020     		movs	r0, #0
 866              	.L81:
 750:Middlewares/Third_Party/LwIP/src/core/tcp.c **** 
 867              		.loc 1 750 1 view .LVU229
 868 006c 70BD     		pop	{r4, r5, r6, pc}
 869              	.LVL86:
 870              	.L86:
ARM GAS  C:\msys64\tmp\cc73uNFg.s 			page 52


 716:Middlewares/Third_Party/LwIP/src/core/tcp.c ****         if (cpcb->local_port == port) {
 871              		.loc 1 716 57 is_stmt 1 discriminator 2 view .LVU230
 872 006e DB68     		ldr	r3, [r3, #12]
 873              	.LVL87:
 874              	.L85:
 716:Middlewares/Third_Party/LwIP/src/core/tcp.c ****         if (cpcb->local_port == port) {
 875              		.loc 1 716 43 discriminator 1 view .LVU231
 876 0070 6BB1     		cbz	r3, .L104
 717:Middlewares/Third_Party/LwIP/src/core/tcp.c **** #if SO_REUSE
 877              		.loc 1 717 9 view .LVU232
 717:Middlewares/Third_Party/LwIP/src/core/tcp.c **** #if SO_REUSE
 878              		.loc 1 717 17 is_stmt 0 view .LVU233
 879 0072 D98A     		ldrh	r1, [r3, #22]
 717:Middlewares/Third_Party/LwIP/src/core/tcp.c **** #if SO_REUSE
 880              		.loc 1 717 12 view .LVU234
 881 0074 9142     		cmp	r1, r2
 882 0076 FAD1     		bne	.L86
 727:Middlewares/Third_Party/LwIP/src/core/tcp.c ****                 (ip_addr_isany(&cpcb->local_ip) ||
 883              		.loc 1 727 13 is_stmt 1 view .LVU235
 727:Middlewares/Third_Party/LwIP/src/core/tcp.c ****                 (ip_addr_isany(&cpcb->local_ip) ||
 884              		.loc 1 727 16 is_stmt 0 view .LVU236
 885 0078 73B1     		cbz	r3, .L93
 728:Middlewares/Third_Party/LwIP/src/core/tcp.c ****                  ip_addr_isany(ipaddr) ||
 886              		.loc 1 728 18 view .LVU237
 887 007a 1968     		ldr	r1, [r3]
 888 007c 79B1     		cbz	r1, .L94
 728:Middlewares/Third_Party/LwIP/src/core/tcp.c ****                  ip_addr_isany(ipaddr) ||
 889              		.loc 1 728 49 discriminator 1 view .LVU238
 890 007e 8DB1     		cbz	r5, .L95
 729:Middlewares/Third_Party/LwIP/src/core/tcp.c ****                  ip_addr_cmp(&cpcb->local_ip, ipaddr))) {
 891              		.loc 1 729 18 view .LVU239
 892 0080 2C68     		ldr	r4, [r5]
 893 0082 94B1     		cbz	r4, .L96
 727:Middlewares/Third_Party/LwIP/src/core/tcp.c ****                 (ip_addr_isany(&cpcb->local_ip) ||
 894              		.loc 1 727 68 view .LVU240
 895 0084 A142     		cmp	r1, r4
 896 0086 F2D1     		bne	.L86
 731:Middlewares/Third_Party/LwIP/src/core/tcp.c ****             }
 897              		.loc 1 731 22 view .LVU241
 898 0088 6FF00700 		mvn	r0, #7
 899              	.LVL88:
 731:Middlewares/Third_Party/LwIP/src/core/tcp.c ****             }
 900              		.loc 1 731 22 view .LVU242
 901 008c EEE7     		b	.L81
 902              	.LVL89:
 903              	.L104:
 715:Middlewares/Third_Party/LwIP/src/core/tcp.c ****       for (cpcb = *tcp_pcb_lists[i]; cpcb != NULL; cpcb = cpcb->next) {
 904              		.loc 1 715 36 is_stmt 1 discriminator 2 view .LVU243
 905 008e 0130     		adds	r0, r0, #1
 906              	.LVL90:
 715:Middlewares/Third_Party/LwIP/src/core/tcp.c ****       for (cpcb = *tcp_pcb_lists[i]; cpcb != NULL; cpcb = cpcb->next) {
 907              		.loc 1 715 36 is_stmt 0 discriminator 2 view .LVU244
 908 0090 BFE7     		b	.L83
 909              	.LVL91:
 910              	.L103:
 711:Middlewares/Third_Party/LwIP/src/core/tcp.c ****     }
 911              		.loc 1 711 14 view .LVU245
ARM GAS  C:\msys64\tmp\cc73uNFg.s 			page 53


 912 0092 6FF00100 		mvn	r0, #1
 913              	.LVL92:
 711:Middlewares/Third_Party/LwIP/src/core/tcp.c ****     }
 914              		.loc 1 711 14 view .LVU246
 915 0096 E9E7     		b	.L81
 916              	.LVL93:
 917              	.L93:
 731:Middlewares/Third_Party/LwIP/src/core/tcp.c ****             }
 918              		.loc 1 731 22 view .LVU247
 919 0098 6FF00700 		mvn	r0, #7
 920              	.LVL94:
 731:Middlewares/Third_Party/LwIP/src/core/tcp.c ****             }
 921              		.loc 1 731 22 view .LVU248
 922 009c E6E7     		b	.L81
 923              	.LVL95:
 924              	.L94:
 731:Middlewares/Third_Party/LwIP/src/core/tcp.c ****             }
 925              		.loc 1 731 22 view .LVU249
 926 009e 6FF00700 		mvn	r0, #7
 927              	.LVL96:
 731:Middlewares/Third_Party/LwIP/src/core/tcp.c ****             }
 928              		.loc 1 731 22 view .LVU250
 929 00a2 E3E7     		b	.L81
 930              	.LVL97:
 931              	.L95:
 731:Middlewares/Third_Party/LwIP/src/core/tcp.c ****             }
 932              		.loc 1 731 22 view .LVU251
 933 00a4 6FF00700 		mvn	r0, #7
 934              	.LVL98:
 731:Middlewares/Third_Party/LwIP/src/core/tcp.c ****             }
 935              		.loc 1 731 22 view .LVU252
 936 00a8 E0E7     		b	.L81
 937              	.LVL99:
 938              	.L96:
 731:Middlewares/Third_Party/LwIP/src/core/tcp.c ****             }
 939              		.loc 1 731 22 view .LVU253
 940 00aa 6FF00700 		mvn	r0, #7
 941              	.LVL100:
 731:Middlewares/Third_Party/LwIP/src/core/tcp.c ****             }
 942              		.loc 1 731 22 view .LVU254
 943 00ae DDE7     		b	.L81
 944              	.L106:
 945              		.align	2
 946              	.L105:
 947 00b0 00000000 		.word	.LANCHOR1
 948 00b4 00000000 		.word	ip_addr_any
 949 00b8 00000000 		.word	.LC0
 950 00bc 00000000 		.word	.LC7
 951 00c0 54000000 		.word	.LC2
 952 00c4 18000000 		.word	.LC8
 953 00c8 00000000 		.word	.LANCHOR3
 954              		.cfi_endproc
 955              	.LFE172:
 957              		.section	.text.tcp_bind_netif,"ax",%progbits
 958              		.align	1
 959              		.global	tcp_bind_netif
 960              		.syntax unified
ARM GAS  C:\msys64\tmp\cc73uNFg.s 			page 54


 961              		.thumb
 962              		.thumb_func
 964              	tcp_bind_netif:
 965              	.LVL101:
 966              	.LFB173:
 764:Middlewares/Third_Party/LwIP/src/core/tcp.c ****   LWIP_ASSERT_CORE_LOCKED();
 967              		.loc 1 764 1 is_stmt 1 view -0
 968              		.cfi_startproc
 969              		@ args = 0, pretend = 0, frame = 0
 970              		@ frame_needed = 0, uses_anonymous_args = 0
 971              		@ link register save eliminated.
 765:Middlewares/Third_Party/LwIP/src/core/tcp.c ****   if (netif != NULL) {
 972              		.loc 1 765 28 view .LVU256
 766:Middlewares/Third_Party/LwIP/src/core/tcp.c ****     pcb->netif_idx = netif_get_index(netif);
 973              		.loc 1 766 3 view .LVU257
 766:Middlewares/Third_Party/LwIP/src/core/tcp.c ****     pcb->netif_idx = netif_get_index(netif);
 974              		.loc 1 766 6 is_stmt 0 view .LVU258
 975 0000 21B1     		cbz	r1, .L108
 767:Middlewares/Third_Party/LwIP/src/core/tcp.c ****   } else {
 976              		.loc 1 767 5 is_stmt 1 view .LVU259
 767:Middlewares/Third_Party/LwIP/src/core/tcp.c ****   } else {
 977              		.loc 1 767 22 is_stmt 0 view .LVU260
 978 0002 91F83030 		ldrb	r3, [r1, #48]	@ zero_extendqisi2
 979 0006 0133     		adds	r3, r3, #1
 767:Middlewares/Third_Party/LwIP/src/core/tcp.c ****   } else {
 980              		.loc 1 767 20 view .LVU261
 981 0008 0372     		strb	r3, [r0, #8]
 982 000a 7047     		bx	lr
 983              	.L108:
 769:Middlewares/Third_Party/LwIP/src/core/tcp.c ****   }
 984              		.loc 1 769 5 is_stmt 1 view .LVU262
 769:Middlewares/Third_Party/LwIP/src/core/tcp.c ****   }
 985              		.loc 1 769 20 is_stmt 0 view .LVU263
 986 000c 0023     		movs	r3, #0
 987 000e 0372     		strb	r3, [r0, #8]
 771:Middlewares/Third_Party/LwIP/src/core/tcp.c **** 
 988              		.loc 1 771 1 view .LVU264
 989 0010 7047     		bx	lr
 990              		.cfi_endproc
 991              	.LFE173:
 993              		.section	.rodata.tcp_listen_with_backlog_and_err.str1.4,"aMS",%progbits,1
 994              		.align	2
 995              	.LC9:
 996 0000 7463705F 		.ascii	"tcp_listen_with_backlog_and_err: invalid pcb\000"
 996      6C697374 
 996      656E5F77 
 996      6974685F 
 996      6261636B 
 997 002d 000000   		.align	2
 998              	.LC10:
 999 0030 7463705F 		.ascii	"tcp_listen_with_backlog_and_err: pcb already connec"
 999      6C697374 
 999      656E5F77 
 999      6974685F 
 999      6261636B 
 1000 0063 74656400 		.ascii	"ted\000"
 1001              		.section	.text.tcp_listen_with_backlog_and_err,"ax",%progbits
ARM GAS  C:\msys64\tmp\cc73uNFg.s 			page 55


 1002              		.align	1
 1003              		.global	tcp_listen_with_backlog_and_err
 1004              		.syntax unified
 1005              		.thumb
 1006              		.thumb_func
 1008              	tcp_listen_with_backlog_and_err:
 1009              	.LVL102:
 1010              	.LFB176:
 849:Middlewares/Third_Party/LwIP/src/core/tcp.c ****   struct tcp_pcb_listen *lpcb = NULL;
 1011              		.loc 1 849 1 is_stmt 1 view -0
 1012              		.cfi_startproc
 1013              		@ args = 0, pretend = 0, frame = 0
 1014              		@ frame_needed = 0, uses_anonymous_args = 0
 849:Middlewares/Third_Party/LwIP/src/core/tcp.c ****   struct tcp_pcb_listen *lpcb = NULL;
 1015              		.loc 1 849 1 is_stmt 0 view .LVU266
 1016 0000 70B5     		push	{r4, r5, r6, lr}
 1017              	.LCFI9:
 1018              		.cfi_def_cfa_offset 16
 1019              		.cfi_offset 4, -16
 1020              		.cfi_offset 5, -12
 1021              		.cfi_offset 6, -8
 1022              		.cfi_offset 14, -4
 1023 0002 1646     		mov	r6, r2
 850:Middlewares/Third_Party/LwIP/src/core/tcp.c ****   err_t res;
 1024              		.loc 1 850 3 is_stmt 1 view .LVU267
 1025              	.LVL103:
 851:Middlewares/Third_Party/LwIP/src/core/tcp.c **** 
 1026              		.loc 1 851 3 view .LVU268
 853:Middlewares/Third_Party/LwIP/src/core/tcp.c **** 
 1027              		.loc 1 853 3 view .LVU269
 855:Middlewares/Third_Party/LwIP/src/core/tcp.c **** 
 1028              		.loc 1 855 28 view .LVU270
 857:Middlewares/Third_Party/LwIP/src/core/tcp.c ****   LWIP_ERROR("tcp_listen_with_backlog_and_err: pcb already connected", pcb->state == CLOSED, res = 
 1029              		.loc 1 857 3 view .LVU271
 857:Middlewares/Third_Party/LwIP/src/core/tcp.c ****   LWIP_ERROR("tcp_listen_with_backlog_and_err: pcb already connected", pcb->state == CLOSED, res = 
 1030              		.loc 1 857 3 view .LVU272
 1031 0004 0446     		mov	r4, r0
 1032 0006 40B3     		cbz	r0, .L123
 857:Middlewares/Third_Party/LwIP/src/core/tcp.c ****   LWIP_ERROR("tcp_listen_with_backlog_and_err: pcb already connected", pcb->state == CLOSED, res = 
 1033              		.loc 1 857 3 discriminator 2 view .LVU273
 858:Middlewares/Third_Party/LwIP/src/core/tcp.c **** 
 1034              		.loc 1 858 3 discriminator 2 view .LVU274
 858:Middlewares/Third_Party/LwIP/src/core/tcp.c **** 
 1035              		.loc 1 858 3 discriminator 2 view .LVU275
 1036 0008 037D     		ldrb	r3, [r0, #20]	@ zero_extendqisi2
 1037 000a 002B     		cmp	r3, #0
 1038 000c 30D1     		bne	.L124
 858:Middlewares/Third_Party/LwIP/src/core/tcp.c **** 
 1039              		.loc 1 858 3 discriminator 2 view .LVU276
 861:Middlewares/Third_Party/LwIP/src/core/tcp.c ****     lpcb = (struct tcp_pcb_listen *)pcb;
 1040              		.loc 1 861 3 discriminator 2 view .LVU277
 861:Middlewares/Third_Party/LwIP/src/core/tcp.c ****     lpcb = (struct tcp_pcb_listen *)pcb;
 1041              		.loc 1 861 6 is_stmt 0 discriminator 2 view .LVU278
 1042 000e 012B     		cmp	r3, #1
 1043 0010 51D0     		beq	.L119
 882:Middlewares/Third_Party/LwIP/src/core/tcp.c ****   if (lpcb == NULL) {
 1044              		.loc 1 882 3 is_stmt 1 view .LVU279
ARM GAS  C:\msys64\tmp\cc73uNFg.s 			page 56


 882:Middlewares/Third_Party/LwIP/src/core/tcp.c ****   if (lpcb == NULL) {
 1045              		.loc 1 882 35 is_stmt 0 view .LVU280
 1046 0012 0220     		movs	r0, #2
 1047              	.LVL104:
 882:Middlewares/Third_Party/LwIP/src/core/tcp.c ****   if (lpcb == NULL) {
 1048              		.loc 1 882 35 view .LVU281
 1049 0014 FFF7FEFF 		bl	memp_malloc
 1050              	.LVL105:
 883:Middlewares/Third_Party/LwIP/src/core/tcp.c ****     res = ERR_MEM;
 1051              		.loc 1 883 3 is_stmt 1 view .LVU282
 883:Middlewares/Third_Party/LwIP/src/core/tcp.c ****     res = ERR_MEM;
 1052              		.loc 1 883 6 is_stmt 0 view .LVU283
 1053 0018 0546     		mov	r5, r0
 1054 001a 0028     		cmp	r0, #0
 1055 001c 4FD0     		beq	.L120
 887:Middlewares/Third_Party/LwIP/src/core/tcp.c ****   lpcb->local_port = pcb->local_port;
 1056              		.loc 1 887 3 is_stmt 1 view .LVU284
 887:Middlewares/Third_Party/LwIP/src/core/tcp.c ****   lpcb->local_port = pcb->local_port;
 1057              		.loc 1 887 27 is_stmt 0 view .LVU285
 1058 001e 2369     		ldr	r3, [r4, #16]
 887:Middlewares/Third_Party/LwIP/src/core/tcp.c ****   lpcb->local_port = pcb->local_port;
 1059              		.loc 1 887 22 view .LVU286
 1060 0020 0361     		str	r3, [r0, #16]
 888:Middlewares/Third_Party/LwIP/src/core/tcp.c ****   lpcb->state = LISTEN;
 1061              		.loc 1 888 3 is_stmt 1 view .LVU287
 888:Middlewares/Third_Party/LwIP/src/core/tcp.c ****   lpcb->state = LISTEN;
 1062              		.loc 1 888 25 is_stmt 0 view .LVU288
 1063 0022 E38A     		ldrh	r3, [r4, #22]
 888:Middlewares/Third_Party/LwIP/src/core/tcp.c ****   lpcb->state = LISTEN;
 1064              		.loc 1 888 20 view .LVU289
 1065 0024 C382     		strh	r3, [r0, #22]	@ movhi
 889:Middlewares/Third_Party/LwIP/src/core/tcp.c ****   lpcb->prio = pcb->prio;
 1066              		.loc 1 889 3 is_stmt 1 view .LVU290
 889:Middlewares/Third_Party/LwIP/src/core/tcp.c ****   lpcb->prio = pcb->prio;
 1067              		.loc 1 889 15 is_stmt 0 view .LVU291
 1068 0026 0123     		movs	r3, #1
 1069 0028 0375     		strb	r3, [r0, #20]
 890:Middlewares/Third_Party/LwIP/src/core/tcp.c ****   lpcb->so_options = pcb->so_options;
 1070              		.loc 1 890 3 is_stmt 1 view .LVU292
 890:Middlewares/Third_Party/LwIP/src/core/tcp.c ****   lpcb->so_options = pcb->so_options;
 1071              		.loc 1 890 19 is_stmt 0 view .LVU293
 1072 002a 637D     		ldrb	r3, [r4, #21]	@ zero_extendqisi2
 890:Middlewares/Third_Party/LwIP/src/core/tcp.c ****   lpcb->so_options = pcb->so_options;
 1073              		.loc 1 890 14 view .LVU294
 1074 002c 4375     		strb	r3, [r0, #21]
 891:Middlewares/Third_Party/LwIP/src/core/tcp.c ****   lpcb->netif_idx = NETIF_NO_INDEX;
 1075              		.loc 1 891 3 is_stmt 1 view .LVU295
 891:Middlewares/Third_Party/LwIP/src/core/tcp.c ****   lpcb->netif_idx = NETIF_NO_INDEX;
 1076              		.loc 1 891 25 is_stmt 0 view .LVU296
 1077 002e 637A     		ldrb	r3, [r4, #9]	@ zero_extendqisi2
 891:Middlewares/Third_Party/LwIP/src/core/tcp.c ****   lpcb->netif_idx = NETIF_NO_INDEX;
 1078              		.loc 1 891 20 view .LVU297
 1079 0030 4372     		strb	r3, [r0, #9]
 892:Middlewares/Third_Party/LwIP/src/core/tcp.c ****   lpcb->ttl = pcb->ttl;
 1080              		.loc 1 892 3 is_stmt 1 view .LVU298
 892:Middlewares/Third_Party/LwIP/src/core/tcp.c ****   lpcb->ttl = pcb->ttl;
 1081              		.loc 1 892 19 is_stmt 0 view .LVU299
ARM GAS  C:\msys64\tmp\cc73uNFg.s 			page 57


 1082 0032 0023     		movs	r3, #0
 1083 0034 0372     		strb	r3, [r0, #8]
 893:Middlewares/Third_Party/LwIP/src/core/tcp.c ****   lpcb->tos = pcb->tos;
 1084              		.loc 1 893 3 is_stmt 1 view .LVU300
 893:Middlewares/Third_Party/LwIP/src/core/tcp.c ****   lpcb->tos = pcb->tos;
 1085              		.loc 1 893 18 is_stmt 0 view .LVU301
 1086 0036 E37A     		ldrb	r3, [r4, #11]	@ zero_extendqisi2
 893:Middlewares/Third_Party/LwIP/src/core/tcp.c ****   lpcb->tos = pcb->tos;
 1087              		.loc 1 893 13 view .LVU302
 1088 0038 C372     		strb	r3, [r0, #11]
 894:Middlewares/Third_Party/LwIP/src/core/tcp.c **** #if LWIP_IPV4 && LWIP_IPV6
 1089              		.loc 1 894 3 is_stmt 1 view .LVU303
 894:Middlewares/Third_Party/LwIP/src/core/tcp.c **** #if LWIP_IPV4 && LWIP_IPV6
 1090              		.loc 1 894 18 is_stmt 0 view .LVU304
 1091 003a A37A     		ldrb	r3, [r4, #10]	@ zero_extendqisi2
 894:Middlewares/Third_Party/LwIP/src/core/tcp.c **** #if LWIP_IPV4 && LWIP_IPV6
 1092              		.loc 1 894 13 view .LVU305
 1093 003c 8372     		strb	r3, [r0, #10]
 898:Middlewares/Third_Party/LwIP/src/core/tcp.c ****   if (pcb->local_port != 0) {
 1094              		.loc 1 898 3 is_stmt 1 view .LVU306
 1095 003e 2368     		ldr	r3, [r4]
 1096 0040 0360     		str	r3, [r0]
 899:Middlewares/Third_Party/LwIP/src/core/tcp.c ****     TCP_RMV(&tcp_bound_pcbs, pcb);
 1097              		.loc 1 899 3 view .LVU307
 899:Middlewares/Third_Party/LwIP/src/core/tcp.c ****     TCP_RMV(&tcp_bound_pcbs, pcb);
 1098              		.loc 1 899 10 is_stmt 0 view .LVU308
 1099 0042 E38A     		ldrh	r3, [r4, #22]
 899:Middlewares/Third_Party/LwIP/src/core/tcp.c ****     TCP_RMV(&tcp_bound_pcbs, pcb);
 1100              		.loc 1 899 6 view .LVU309
 1101 0044 3BB3     		cbz	r3, .L114
 900:Middlewares/Third_Party/LwIP/src/core/tcp.c ****   }
 1102              		.loc 1 900 5 is_stmt 1 view .LVU310
 900:Middlewares/Third_Party/LwIP/src/core/tcp.c ****   }
 1103              		.loc 1 900 5 view .LVU311
 1104 0046 1F4B     		ldr	r3, .L127
 1105 0048 1B68     		ldr	r3, [r3]
 1106 004a A342     		cmp	r3, r4
 1107 004c 1BD0     		beq	.L125
 1108              	.L115:
 1109              	.LVL106:
 1110              	.LBB3:
 900:Middlewares/Third_Party/LwIP/src/core/tcp.c ****   }
 1111              		.loc 1 900 5 discriminator 8 view .LVU312
 1112 004e 03B3     		cbz	r3, .L116
 900:Middlewares/Third_Party/LwIP/src/core/tcp.c ****   }
 1113              		.loc 1 900 5 discriminator 9 view .LVU313
 1114 0050 DA68     		ldr	r2, [r3, #12]
 1115 0052 A242     		cmp	r2, r4
 1116 0054 1BD0     		beq	.L126
 900:Middlewares/Third_Party/LwIP/src/core/tcp.c ****   }
 1117              		.loc 1 900 5 is_stmt 0 view .LVU314
 1118 0056 1346     		mov	r3, r2
 1119              	.LVL107:
 900:Middlewares/Third_Party/LwIP/src/core/tcp.c ****   }
 1120              		.loc 1 900 5 view .LVU315
 1121 0058 F9E7     		b	.L115
 1122              	.LVL108:
ARM GAS  C:\msys64\tmp\cc73uNFg.s 			page 58


 1123              	.L123:
 900:Middlewares/Third_Party/LwIP/src/core/tcp.c ****   }
 1124              		.loc 1 900 5 view .LVU316
 1125              	.LBE3:
 857:Middlewares/Third_Party/LwIP/src/core/tcp.c ****   LWIP_ERROR("tcp_listen_with_backlog_and_err: pcb already connected", pcb->state == CLOSED, res = 
 1126              		.loc 1 857 3 is_stmt 1 discriminator 1 view .LVU317
 857:Middlewares/Third_Party/LwIP/src/core/tcp.c ****   LWIP_ERROR("tcp_listen_with_backlog_and_err: pcb already connected", pcb->state == CLOSED, res = 
 1127              		.loc 1 857 3 discriminator 1 view .LVU318
 1128 005a 1B4B     		ldr	r3, .L127+4
 1129 005c 40F25932 		movw	r2, #857
 1130              	.LVL109:
 857:Middlewares/Third_Party/LwIP/src/core/tcp.c ****   LWIP_ERROR("tcp_listen_with_backlog_and_err: pcb already connected", pcb->state == CLOSED, res = 
 1131              		.loc 1 857 3 is_stmt 0 discriminator 1 view .LVU319
 1132 0060 1A49     		ldr	r1, .L127+8
 1133              	.LVL110:
 857:Middlewares/Third_Party/LwIP/src/core/tcp.c ****   LWIP_ERROR("tcp_listen_with_backlog_and_err: pcb already connected", pcb->state == CLOSED, res = 
 1134              		.loc 1 857 3 discriminator 1 view .LVU320
 1135 0062 1B48     		ldr	r0, .L127+12
 1136              	.LVL111:
 857:Middlewares/Third_Party/LwIP/src/core/tcp.c ****   LWIP_ERROR("tcp_listen_with_backlog_and_err: pcb already connected", pcb->state == CLOSED, res = 
 1137              		.loc 1 857 3 discriminator 1 view .LVU321
 1138 0064 FFF7FEFF 		bl	printf
 1139              	.LVL112:
 857:Middlewares/Third_Party/LwIP/src/core/tcp.c ****   LWIP_ERROR("tcp_listen_with_backlog_and_err: pcb already connected", pcb->state == CLOSED, res = 
 1140              		.loc 1 857 3 is_stmt 1 discriminator 1 view .LVU322
 857:Middlewares/Third_Party/LwIP/src/core/tcp.c ****   LWIP_ERROR("tcp_listen_with_backlog_and_err: pcb already connected", pcb->state == CLOSED, res = 
 1141              		.loc 1 857 3 discriminator 1 view .LVU323
 857:Middlewares/Third_Party/LwIP/src/core/tcp.c ****   LWIP_ERROR("tcp_listen_with_backlog_and_err: pcb already connected", pcb->state == CLOSED, res = 
 1142              		.loc 1 857 3 discriminator 1 view .LVU324
 850:Middlewares/Third_Party/LwIP/src/core/tcp.c ****   err_t res;
 1143              		.loc 1 850 26 is_stmt 0 discriminator 1 view .LVU325
 1144 0068 2546     		mov	r5, r4
 857:Middlewares/Third_Party/LwIP/src/core/tcp.c ****   LWIP_ERROR("tcp_listen_with_backlog_and_err: pcb already connected", pcb->state == CLOSED, res = 
 1145              		.loc 1 857 3 discriminator 1 view .LVU326
 1146 006a 6FF00F03 		mvn	r3, #15
 1147 006e 1EE0     		b	.L112
 1148              	.LVL113:
 1149              	.L124:
 858:Middlewares/Third_Party/LwIP/src/core/tcp.c **** 
 1150              		.loc 1 858 3 is_stmt 1 discriminator 1 view .LVU327
 858:Middlewares/Third_Party/LwIP/src/core/tcp.c **** 
 1151              		.loc 1 858 3 discriminator 1 view .LVU328
 1152 0070 154B     		ldr	r3, .L127+4
 1153 0072 40F25A32 		movw	r2, #858
 1154              	.LVL114:
 858:Middlewares/Third_Party/LwIP/src/core/tcp.c **** 
 1155              		.loc 1 858 3 is_stmt 0 discriminator 1 view .LVU329
 1156 0076 1749     		ldr	r1, .L127+16
 1157              	.LVL115:
 858:Middlewares/Third_Party/LwIP/src/core/tcp.c **** 
 1158              		.loc 1 858 3 discriminator 1 view .LVU330
 1159 0078 1548     		ldr	r0, .L127+12
 1160              	.LVL116:
 858:Middlewares/Third_Party/LwIP/src/core/tcp.c **** 
 1161              		.loc 1 858 3 discriminator 1 view .LVU331
 1162 007a FFF7FEFF 		bl	printf
 1163              	.LVL117:
ARM GAS  C:\msys64\tmp\cc73uNFg.s 			page 59


 858:Middlewares/Third_Party/LwIP/src/core/tcp.c **** 
 1164              		.loc 1 858 3 is_stmt 1 discriminator 1 view .LVU332
 858:Middlewares/Third_Party/LwIP/src/core/tcp.c **** 
 1165              		.loc 1 858 3 discriminator 1 view .LVU333
 858:Middlewares/Third_Party/LwIP/src/core/tcp.c **** 
 1166              		.loc 1 858 3 discriminator 1 view .LVU334
 1167 007e 6FF00E03 		mvn	r3, #14
 850:Middlewares/Third_Party/LwIP/src/core/tcp.c ****   err_t res;
 1168              		.loc 1 850 26 is_stmt 0 discriminator 1 view .LVU335
 1169 0082 0025     		movs	r5, #0
 858:Middlewares/Third_Party/LwIP/src/core/tcp.c **** 
 1170              		.loc 1 858 3 discriminator 1 view .LVU336
 1171 0084 13E0     		b	.L112
 1172              	.LVL118:
 1173              	.L125:
 900:Middlewares/Third_Party/LwIP/src/core/tcp.c ****   }
 1174              		.loc 1 900 5 is_stmt 1 discriminator 1 view .LVU337
 1175 0086 DA68     		ldr	r2, [r3, #12]
 1176 0088 0E4B     		ldr	r3, .L127
 1177 008a 1A60     		str	r2, [r3]
 1178 008c 01E0     		b	.L116
 1179              	.LVL119:
 1180              	.L126:
 1181              	.LBB4:
 900:Middlewares/Third_Party/LwIP/src/core/tcp.c ****   }
 1182              		.loc 1 900 5 discriminator 5 view .LVU338
 1183 008e E268     		ldr	r2, [r4, #12]
 1184 0090 DA60     		str	r2, [r3, #12]
 900:Middlewares/Third_Party/LwIP/src/core/tcp.c ****   }
 1185              		.loc 1 900 5 discriminator 5 view .LVU339
 1186              	.LVL120:
 1187              	.L116:
 900:Middlewares/Third_Party/LwIP/src/core/tcp.c ****   }
 1188              		.loc 1 900 5 is_stmt 0 discriminator 5 view .LVU340
 1189              	.LBE4:
 900:Middlewares/Third_Party/LwIP/src/core/tcp.c ****   }
 1190              		.loc 1 900 5 is_stmt 1 discriminator 10 view .LVU341
 1191 0092 0023     		movs	r3, #0
 1192 0094 E360     		str	r3, [r4, #12]
 1193              	.L114:
 900:Middlewares/Third_Party/LwIP/src/core/tcp.c ****   }
 1194              		.loc 1 900 5 discriminator 11 view .LVU342
 906:Middlewares/Third_Party/LwIP/src/core/tcp.c **** #if LWIP_CALLBACK_API
 1195              		.loc 1 906 3 discriminator 11 view .LVU343
 1196 0096 2046     		mov	r0, r4
 1197              	.LVL121:
 906:Middlewares/Third_Party/LwIP/src/core/tcp.c **** #if LWIP_CALLBACK_API
 1198              		.loc 1 906 3 is_stmt 0 discriminator 11 view .LVU344
 1199 0098 FFF7FEFF 		bl	tcp_free
 1200              	.LVL122:
 908:Middlewares/Third_Party/LwIP/src/core/tcp.c **** #endif /* LWIP_CALLBACK_API */
 1201              		.loc 1 908 3 is_stmt 1 discriminator 11 view .LVU345
 908:Middlewares/Third_Party/LwIP/src/core/tcp.c **** #endif /* LWIP_CALLBACK_API */
 1202              		.loc 1 908 16 is_stmt 0 discriminator 11 view .LVU346
 1203 009c 0E4B     		ldr	r3, .L127+20
 1204 009e AB61     		str	r3, [r5, #24]
 914:Middlewares/Third_Party/LwIP/src/core/tcp.c ****   res = ERR_OK;
ARM GAS  C:\msys64\tmp\cc73uNFg.s 			page 60


 1205              		.loc 1 914 3 is_stmt 1 discriminator 11 view .LVU347
 914:Middlewares/Third_Party/LwIP/src/core/tcp.c ****   res = ERR_OK;
 1206              		.loc 1 914 3 discriminator 11 view .LVU348
 1207 00a0 0E4B     		ldr	r3, .L127+24
 1208 00a2 1A68     		ldr	r2, [r3]
 1209 00a4 EA60     		str	r2, [r5, #12]
 914:Middlewares/Third_Party/LwIP/src/core/tcp.c ****   res = ERR_OK;
 1210              		.loc 1 914 3 discriminator 11 view .LVU349
 1211 00a6 1D60     		str	r5, [r3]
 914:Middlewares/Third_Party/LwIP/src/core/tcp.c ****   res = ERR_OK;
 1212              		.loc 1 914 3 discriminator 11 view .LVU350
 1213 00a8 FFF7FEFF 		bl	tcp_timer_needed
 1214              	.LVL123:
 914:Middlewares/Third_Party/LwIP/src/core/tcp.c ****   res = ERR_OK;
 1215              		.loc 1 914 3 discriminator 11 view .LVU351
 915:Middlewares/Third_Party/LwIP/src/core/tcp.c **** done:
 1216              		.loc 1 915 3 discriminator 11 view .LVU352
 915:Middlewares/Third_Party/LwIP/src/core/tcp.c **** done:
 1217              		.loc 1 915 7 is_stmt 0 discriminator 11 view .LVU353
 1218 00ac 0023     		movs	r3, #0
 1219              	.LVL124:
 1220              	.L112:
 917:Middlewares/Third_Party/LwIP/src/core/tcp.c ****     *err = res;
 1221              		.loc 1 917 3 is_stmt 1 view .LVU354
 917:Middlewares/Third_Party/LwIP/src/core/tcp.c ****     *err = res;
 1222              		.loc 1 917 6 is_stmt 0 view .LVU355
 1223 00ae 06B1     		cbz	r6, .L110
 918:Middlewares/Third_Party/LwIP/src/core/tcp.c ****   }
 1224              		.loc 1 918 5 is_stmt 1 view .LVU356
 918:Middlewares/Third_Party/LwIP/src/core/tcp.c ****   }
 1225              		.loc 1 918 10 is_stmt 0 view .LVU357
 1226 00b0 3370     		strb	r3, [r6]
 920:Middlewares/Third_Party/LwIP/src/core/tcp.c **** }
 1227              		.loc 1 920 3 is_stmt 1 view .LVU358
 1228              	.L110:
 921:Middlewares/Third_Party/LwIP/src/core/tcp.c **** 
 1229              		.loc 1 921 1 is_stmt 0 view .LVU359
 1230 00b2 2846     		mov	r0, r5
 1231 00b4 70BD     		pop	{r4, r5, r6, pc}
 1232              	.LVL125:
 1233              	.L119:
 862:Middlewares/Third_Party/LwIP/src/core/tcp.c ****     res = ERR_ALREADY;
 1234              		.loc 1 862 10 view .LVU360
 1235 00b6 0546     		mov	r5, r0
 863:Middlewares/Third_Party/LwIP/src/core/tcp.c ****     goto done;
 1236              		.loc 1 863 9 view .LVU361
 1237 00b8 6FF00803 		mvn	r3, #8
 1238 00bc F7E7     		b	.L112
 1239              	.LVL126:
 1240              	.L120:
 884:Middlewares/Third_Party/LwIP/src/core/tcp.c ****     goto done;
 1241              		.loc 1 884 9 view .LVU362
 1242 00be 4FF0FF33 		mov	r3, #-1
 1243 00c2 F4E7     		b	.L112
 1244              	.L128:
 1245              		.align	2
 1246              	.L127:
ARM GAS  C:\msys64\tmp\cc73uNFg.s 			page 61


 1247 00c4 00000000 		.word	.LANCHOR3
 1248 00c8 00000000 		.word	.LC0
 1249 00cc 00000000 		.word	.LC9
 1250 00d0 54000000 		.word	.LC2
 1251 00d4 30000000 		.word	.LC10
 1252 00d8 00000000 		.word	tcp_accept_null
 1253 00dc 00000000 		.word	.LANCHOR4
 1254              		.cfi_endproc
 1255              	.LFE176:
 1257              		.section	.text.tcp_listen_with_backlog,"ax",%progbits
 1258              		.align	1
 1259              		.global	tcp_listen_with_backlog
 1260              		.syntax unified
 1261              		.thumb
 1262              		.thumb_func
 1264              	tcp_listen_with_backlog:
 1265              	.LVL127:
 1266              	.LFB175:
 826:Middlewares/Third_Party/LwIP/src/core/tcp.c ****   LWIP_ASSERT_CORE_LOCKED();
 1267              		.loc 1 826 1 is_stmt 1 view -0
 1268              		.cfi_startproc
 1269              		@ args = 0, pretend = 0, frame = 0
 1270              		@ frame_needed = 0, uses_anonymous_args = 0
 826:Middlewares/Third_Party/LwIP/src/core/tcp.c ****   LWIP_ASSERT_CORE_LOCKED();
 1271              		.loc 1 826 1 is_stmt 0 view .LVU364
 1272 0000 08B5     		push	{r3, lr}
 1273              	.LCFI10:
 1274              		.cfi_def_cfa_offset 8
 1275              		.cfi_offset 3, -8
 1276              		.cfi_offset 14, -4
 827:Middlewares/Third_Party/LwIP/src/core/tcp.c ****   return tcp_listen_with_backlog_and_err(pcb, backlog, NULL);
 1277              		.loc 1 827 28 is_stmt 1 view .LVU365
 828:Middlewares/Third_Party/LwIP/src/core/tcp.c **** }
 1278              		.loc 1 828 3 view .LVU366
 828:Middlewares/Third_Party/LwIP/src/core/tcp.c **** }
 1279              		.loc 1 828 10 is_stmt 0 view .LVU367
 1280 0002 0022     		movs	r2, #0
 1281 0004 FFF7FEFF 		bl	tcp_listen_with_backlog_and_err
 1282              	.LVL128:
 829:Middlewares/Third_Party/LwIP/src/core/tcp.c **** 
 1283              		.loc 1 829 1 view .LVU368
 1284 0008 08BD     		pop	{r3, pc}
 1285              		.cfi_endproc
 1286              	.LFE175:
 1288              		.section	.rodata.tcp_update_rcv_ann_wnd.str1.4,"aMS",%progbits,1
 1289              		.align	2
 1290              	.LC11:
 1291 0000 7463705F 		.ascii	"tcp_update_rcv_ann_wnd: invalid pcb\000"
 1291      75706461 
 1291      74655F72 
 1291      63765F61 
 1291      6E6E5F77 
 1292              		.align	2
 1293              	.LC12:
 1294 0024 6E65775F 		.ascii	"new_rcv_ann_wnd <= 0xffff\000"
 1294      7263765F 
 1294      616E6E5F 
ARM GAS  C:\msys64\tmp\cc73uNFg.s 			page 62


 1294      776E6420 
 1294      3C3D2030 
 1295              		.section	.text.tcp_update_rcv_ann_wnd,"ax",%progbits
 1296              		.align	1
 1297              		.global	tcp_update_rcv_ann_wnd
 1298              		.syntax unified
 1299              		.thumb
 1300              		.thumb_func
 1302              	tcp_update_rcv_ann_wnd:
 1303              	.LVL129:
 1304              	.LFB177:
 931:Middlewares/Third_Party/LwIP/src/core/tcp.c ****   u32_t new_right_edge;
 1305              		.loc 1 931 1 is_stmt 1 view -0
 1306              		.cfi_startproc
 1307              		@ args = 0, pretend = 0, frame = 0
 1308              		@ frame_needed = 0, uses_anonymous_args = 0
 931:Middlewares/Third_Party/LwIP/src/core/tcp.c ****   u32_t new_right_edge;
 1309              		.loc 1 931 1 is_stmt 0 view .LVU370
 1310 0000 38B5     		push	{r3, r4, r5, lr}
 1311              	.LCFI11:
 1312              		.cfi_def_cfa_offset 16
 1313              		.cfi_offset 3, -16
 1314              		.cfi_offset 4, -12
 1315              		.cfi_offset 5, -8
 1316              		.cfi_offset 14, -4
 932:Middlewares/Third_Party/LwIP/src/core/tcp.c **** 
 1317              		.loc 1 932 3 is_stmt 1 view .LVU371
 934:Middlewares/Third_Party/LwIP/src/core/tcp.c ****   new_right_edge = pcb->rcv_nxt + pcb->rcv_wnd;
 1318              		.loc 1 934 3 view .LVU372
 934:Middlewares/Third_Party/LwIP/src/core/tcp.c ****   new_right_edge = pcb->rcv_nxt + pcb->rcv_wnd;
 1319              		.loc 1 934 3 view .LVU373
 1320 0002 0446     		mov	r4, r0
 1321 0004 98B1     		cbz	r0, .L139
 1322              	.LVL130:
 1323              	.L132:
 934:Middlewares/Third_Party/LwIP/src/core/tcp.c ****   new_right_edge = pcb->rcv_nxt + pcb->rcv_wnd;
 1324              		.loc 1 934 3 discriminator 3 view .LVU374
 934:Middlewares/Third_Party/LwIP/src/core/tcp.c ****   new_right_edge = pcb->rcv_nxt + pcb->rcv_wnd;
 1325              		.loc 1 934 3 discriminator 3 view .LVU375
 935:Middlewares/Third_Party/LwIP/src/core/tcp.c **** 
 1326              		.loc 1 935 3 discriminator 3 view .LVU376
 935:Middlewares/Third_Party/LwIP/src/core/tcp.c **** 
 1327              		.loc 1 935 23 is_stmt 0 discriminator 3 view .LVU377
 1328 0006 656A     		ldr	r5, [r4, #36]
 935:Middlewares/Third_Party/LwIP/src/core/tcp.c **** 
 1329              		.loc 1 935 38 discriminator 3 view .LVU378
 1330 0008 218D     		ldrh	r1, [r4, #40]
 935:Middlewares/Third_Party/LwIP/src/core/tcp.c **** 
 1331              		.loc 1 935 18 discriminator 3 view .LVU379
 1332 000a 6818     		adds	r0, r5, r1
 1333              	.LVL131:
 937:Middlewares/Third_Party/LwIP/src/core/tcp.c ****     /* we can advertise more window */
 1334              		.loc 1 937 3 is_stmt 1 discriminator 3 view .LVU380
 937:Middlewares/Third_Party/LwIP/src/core/tcp.c ****     /* we can advertise more window */
 1335              		.loc 1 937 7 is_stmt 0 discriminator 3 view .LVU381
 1336 000c E26A     		ldr	r2, [r4, #44]
 1337 000e B4F832E0 		ldrh	lr, [r4, #50]
ARM GAS  C:\msys64\tmp\cc73uNFg.s 			page 63


 1338 0012 40F6683C 		movw	ip, #2920
 1339 0016 E645     		cmp	lr, ip
 1340 0018 94BF     		ite	ls
 1341 001a 02EB0E03 		addls	r3, r2, lr
 1342 001e 02EB0C03 		addhi	r3, r2, ip
 1343 0022 C31A     		subs	r3, r0, r3
 937:Middlewares/Third_Party/LwIP/src/core/tcp.c ****     /* we can advertise more window */
 1344              		.loc 1 937 6 discriminator 3 view .LVU382
 1345 0024 002B     		cmp	r3, #0
 1346 0026 0ADB     		blt	.L133
 939:Middlewares/Third_Party/LwIP/src/core/tcp.c ****     return new_right_edge - pcb->rcv_ann_right_edge;
 1347              		.loc 1 939 5 is_stmt 1 view .LVU383
 939:Middlewares/Third_Party/LwIP/src/core/tcp.c ****     return new_right_edge - pcb->rcv_ann_right_edge;
 1348              		.loc 1 939 22 is_stmt 0 view .LVU384
 1349 0028 6185     		strh	r1, [r4, #42]	@ movhi
 940:Middlewares/Third_Party/LwIP/src/core/tcp.c ****   } else {
 1350              		.loc 1 940 5 is_stmt 1 view .LVU385
 940:Middlewares/Third_Party/LwIP/src/core/tcp.c ****   } else {
 1351              		.loc 1 940 27 is_stmt 0 view .LVU386
 1352 002a 801A     		subs	r0, r0, r2
 1353              	.LVL132:
 1354              	.L131:
 956:Middlewares/Third_Party/LwIP/src/core/tcp.c **** 
 1355              		.loc 1 956 1 view .LVU387
 1356 002c 38BD     		pop	{r3, r4, r5, pc}
 1357              	.LVL133:
 1358              	.L139:
 934:Middlewares/Third_Party/LwIP/src/core/tcp.c ****   new_right_edge = pcb->rcv_nxt + pcb->rcv_wnd;
 1359              		.loc 1 934 3 is_stmt 1 discriminator 1 view .LVU388
 934:Middlewares/Third_Party/LwIP/src/core/tcp.c ****   new_right_edge = pcb->rcv_nxt + pcb->rcv_wnd;
 1360              		.loc 1 934 3 discriminator 1 view .LVU389
 1361 002e 0E4B     		ldr	r3, .L141
 1362 0030 40F2A632 		movw	r2, #934
 1363 0034 0D49     		ldr	r1, .L141+4
 1364 0036 0E48     		ldr	r0, .L141+8
 1365              	.LVL134:
 934:Middlewares/Third_Party/LwIP/src/core/tcp.c ****   new_right_edge = pcb->rcv_nxt + pcb->rcv_wnd;
 1366              		.loc 1 934 3 is_stmt 0 discriminator 1 view .LVU390
 1367 0038 FFF7FEFF 		bl	printf
 1368              	.LVL135:
 1369 003c E3E7     		b	.L132
 1370              	.LVL136:
 1371              	.L133:
 942:Middlewares/Third_Party/LwIP/src/core/tcp.c ****       /* Can happen due to other end sending out of advertised window,
 1372              		.loc 1 942 5 is_stmt 1 view .LVU391
 942:Middlewares/Third_Party/LwIP/src/core/tcp.c ****       /* Can happen due to other end sending out of advertised window,
 1373              		.loc 1 942 9 is_stmt 0 view .LVU392
 1374 003e AB1A     		subs	r3, r5, r2
 942:Middlewares/Third_Party/LwIP/src/core/tcp.c ****       /* Can happen due to other end sending out of advertised window,
 1375              		.loc 1 942 8 view .LVU393
 1376 0040 002B     		cmp	r3, #0
 1377 0042 03DD     		ble	.L135
 945:Middlewares/Third_Party/LwIP/src/core/tcp.c ****     } else {
 1378              		.loc 1 945 7 is_stmt 1 view .LVU394
 945:Middlewares/Third_Party/LwIP/src/core/tcp.c ****     } else {
 1379              		.loc 1 945 24 is_stmt 0 view .LVU395
 1380 0044 0023     		movs	r3, #0
ARM GAS  C:\msys64\tmp\cc73uNFg.s 			page 64


 1381 0046 6385     		strh	r3, [r4, #42]	@ movhi
 1382              	.LVL137:
 1383              	.L136:
 954:Middlewares/Third_Party/LwIP/src/core/tcp.c ****   }
 1384              		.loc 1 954 5 is_stmt 1 view .LVU396
 954:Middlewares/Third_Party/LwIP/src/core/tcp.c ****   }
 1385              		.loc 1 954 12 is_stmt 0 view .LVU397
 1386 0048 0020     		movs	r0, #0
 1387 004a EFE7     		b	.L131
 1388              	.LVL138:
 1389              	.L135:
 1390              	.LBB5:
 948:Middlewares/Third_Party/LwIP/src/core/tcp.c **** #if !LWIP_WND_SCALE
 1391              		.loc 1 948 7 is_stmt 1 view .LVU398
 948:Middlewares/Third_Party/LwIP/src/core/tcp.c **** #if !LWIP_WND_SCALE
 1392              		.loc 1 948 13 is_stmt 0 view .LVU399
 1393 004c 551B     		subs	r5, r2, r5
 1394              	.LVL139:
 950:Middlewares/Third_Party/LwIP/src/core/tcp.c **** #endif
 1395              		.loc 1 950 7 is_stmt 1 view .LVU400
 950:Middlewares/Third_Party/LwIP/src/core/tcp.c **** #endif
 1396              		.loc 1 950 7 view .LVU401
 1397 004e B5F5803F 		cmp	r5, #65536
 1398 0052 01D2     		bcs	.L140
 1399              	.LVL140:
 1400              	.L137:
 950:Middlewares/Third_Party/LwIP/src/core/tcp.c **** #endif
 1401              		.loc 1 950 7 discriminator 3 view .LVU402
 950:Middlewares/Third_Party/LwIP/src/core/tcp.c **** #endif
 1402              		.loc 1 950 7 discriminator 3 view .LVU403
 952:Middlewares/Third_Party/LwIP/src/core/tcp.c ****     }
 1403              		.loc 1 952 7 discriminator 3 view .LVU404
 952:Middlewares/Third_Party/LwIP/src/core/tcp.c ****     }
 1404              		.loc 1 952 24 is_stmt 0 discriminator 3 view .LVU405
 1405 0054 6585     		strh	r5, [r4, #42]	@ movhi
 1406 0056 F7E7     		b	.L136
 1407              	.LVL141:
 1408              	.L140:
 950:Middlewares/Third_Party/LwIP/src/core/tcp.c **** #endif
 1409              		.loc 1 950 7 is_stmt 1 discriminator 1 view .LVU406
 950:Middlewares/Third_Party/LwIP/src/core/tcp.c **** #endif
 1410              		.loc 1 950 7 discriminator 1 view .LVU407
 1411 0058 034B     		ldr	r3, .L141
 1412 005a 40F2B632 		movw	r2, #950
 1413 005e 0549     		ldr	r1, .L141+12
 1414 0060 0348     		ldr	r0, .L141+8
 1415              	.LVL142:
 950:Middlewares/Third_Party/LwIP/src/core/tcp.c **** #endif
 1416              		.loc 1 950 7 is_stmt 0 discriminator 1 view .LVU408
 1417 0062 FFF7FEFF 		bl	printf
 1418              	.LVL143:
 950:Middlewares/Third_Party/LwIP/src/core/tcp.c **** #endif
 1419              		.loc 1 950 7 discriminator 1 view .LVU409
 1420 0066 F5E7     		b	.L137
 1421              	.L142:
 1422              		.align	2
 1423              	.L141:
ARM GAS  C:\msys64\tmp\cc73uNFg.s 			page 65


 1424 0068 00000000 		.word	.LC0
 1425 006c 00000000 		.word	.LC11
 1426 0070 54000000 		.word	.LC2
 1427 0074 24000000 		.word	.LC12
 1428              	.LBE5:
 1429              		.cfi_endproc
 1430              	.LFE177:
 1432              		.section	.rodata.tcp_recved.str1.4,"aMS",%progbits,1
 1433              		.align	2
 1434              	.LC13:
 1435 0000 7463705F 		.ascii	"tcp_recved: invalid pcb\000"
 1435      72656376 
 1435      65643A20 
 1435      696E7661 
 1435      6C696420 
 1436              		.align	2
 1437              	.LC14:
 1438 0018 646F6E27 		.ascii	"don't call tcp_recved for listen-pcbs\000"
 1438      74206361 
 1438      6C6C2074 
 1438      63705F72 
 1438      65637665 
 1439              		.section	.text.tcp_recved,"ax",%progbits
 1440              		.align	1
 1441              		.global	tcp_recved
 1442              		.syntax unified
 1443              		.thumb
 1444              		.thumb_func
 1446              	tcp_recved:
 1447              	.LVL144:
 1448              	.LFB178:
 969:Middlewares/Third_Party/LwIP/src/core/tcp.c ****   u32_t wnd_inflation;
 1449              		.loc 1 969 1 is_stmt 1 view -0
 1450              		.cfi_startproc
 1451              		@ args = 0, pretend = 0, frame = 0
 1452              		@ frame_needed = 0, uses_anonymous_args = 0
 969:Middlewares/Third_Party/LwIP/src/core/tcp.c ****   u32_t wnd_inflation;
 1453              		.loc 1 969 1 is_stmt 0 view .LVU411
 1454 0000 38B5     		push	{r3, r4, r5, lr}
 1455              	.LCFI12:
 1456              		.cfi_def_cfa_offset 16
 1457              		.cfi_offset 3, -16
 1458              		.cfi_offset 4, -12
 1459              		.cfi_offset 5, -8
 1460              		.cfi_offset 14, -4
 970:Middlewares/Third_Party/LwIP/src/core/tcp.c ****   tcpwnd_size_t rcv_wnd;
 1461              		.loc 1 970 3 is_stmt 1 view .LVU412
 971:Middlewares/Third_Party/LwIP/src/core/tcp.c **** 
 1462              		.loc 1 971 3 view .LVU413
 973:Middlewares/Third_Party/LwIP/src/core/tcp.c **** 
 1463              		.loc 1 973 28 view .LVU414
 975:Middlewares/Third_Party/LwIP/src/core/tcp.c **** 
 1464              		.loc 1 975 3 view .LVU415
 975:Middlewares/Third_Party/LwIP/src/core/tcp.c **** 
 1465              		.loc 1 975 3 view .LVU416
 1466 0002 C0B1     		cbz	r0, .L151
 1467 0004 0C46     		mov	r4, r1
ARM GAS  C:\msys64\tmp\cc73uNFg.s 			page 66


 1468 0006 0546     		mov	r5, r0
 975:Middlewares/Third_Party/LwIP/src/core/tcp.c **** 
 1469              		.loc 1 975 3 discriminator 2 view .LVU417
 978:Middlewares/Third_Party/LwIP/src/core/tcp.c ****               pcb->state != LISTEN);
 1470              		.loc 1 978 3 discriminator 2 view .LVU418
 978:Middlewares/Third_Party/LwIP/src/core/tcp.c ****               pcb->state != LISTEN);
 1471              		.loc 1 978 3 discriminator 2 view .LVU419
 1472 0008 037D     		ldrb	r3, [r0, #20]	@ zero_extendqisi2
 1473 000a 012B     		cmp	r3, #1
 1474 000c 1BD0     		beq	.L152
 1475              	.LVL145:
 1476              	.L146:
 978:Middlewares/Third_Party/LwIP/src/core/tcp.c ****               pcb->state != LISTEN);
 1477              		.loc 1 978 3 discriminator 3 view .LVU420
 978:Middlewares/Third_Party/LwIP/src/core/tcp.c ****               pcb->state != LISTEN);
 1478              		.loc 1 978 3 discriminator 3 view .LVU421
 981:Middlewares/Third_Party/LwIP/src/core/tcp.c ****   if ((rcv_wnd > TCP_WND_MAX(pcb)) || (rcv_wnd < pcb->rcv_wnd)) {
 1479              		.loc 1 981 3 discriminator 3 view .LVU422
 981:Middlewares/Third_Party/LwIP/src/core/tcp.c ****   if ((rcv_wnd > TCP_WND_MAX(pcb)) || (rcv_wnd < pcb->rcv_wnd)) {
 1480              		.loc 1 981 32 is_stmt 0 discriminator 3 view .LVU423
 1481 000e 2B8D     		ldrh	r3, [r5, #40]
 981:Middlewares/Third_Party/LwIP/src/core/tcp.c ****   if ((rcv_wnd > TCP_WND_MAX(pcb)) || (rcv_wnd < pcb->rcv_wnd)) {
 1482              		.loc 1 981 11 discriminator 3 view .LVU424
 1483 0010 1919     		adds	r1, r3, r4
 1484 0012 89B2     		uxth	r1, r1
 1485              	.LVL146:
 982:Middlewares/Third_Party/LwIP/src/core/tcp.c ****     /* window got too big or tcpwnd_size_t overflow */
 1486              		.loc 1 982 3 is_stmt 1 discriminator 3 view .LVU425
 982:Middlewares/Third_Party/LwIP/src/core/tcp.c ****     /* window got too big or tcpwnd_size_t overflow */
 1487              		.loc 1 982 6 is_stmt 0 discriminator 3 view .LVU426
 1488 0014 41F2D062 		movw	r2, #5840
 1489 0018 9142     		cmp	r1, r2
 1490 001a 01D8     		bhi	.L147
 982:Middlewares/Third_Party/LwIP/src/core/tcp.c ****     /* window got too big or tcpwnd_size_t overflow */
 1491              		.loc 1 982 36 discriminator 1 view .LVU427
 1492 001c 8B42     		cmp	r3, r1
 1493 001e 1AD9     		bls	.L148
 1494              	.L147:
 984:Middlewares/Third_Party/LwIP/src/core/tcp.c ****     pcb->rcv_wnd = TCP_WND_MAX(pcb);
 1495              		.loc 1 984 91 is_stmt 1 view .LVU428
 985:Middlewares/Third_Party/LwIP/src/core/tcp.c ****   } else  {
 1496              		.loc 1 985 5 view .LVU429
 985:Middlewares/Third_Party/LwIP/src/core/tcp.c ****   } else  {
 1497              		.loc 1 985 18 is_stmt 0 view .LVU430
 1498 0020 41F2D063 		movw	r3, #5840
 1499 0024 2B85     		strh	r3, [r5, #40]	@ movhi
 1500              	.L149:
 990:Middlewares/Third_Party/LwIP/src/core/tcp.c **** 
 1501              		.loc 1 990 3 is_stmt 1 view .LVU431
 990:Middlewares/Third_Party/LwIP/src/core/tcp.c **** 
 1502              		.loc 1 990 19 is_stmt 0 view .LVU432
 1503 0026 2846     		mov	r0, r5
 1504 0028 FFF7FEFF 		bl	tcp_update_rcv_ann_wnd
 1505              	.LVL147:
 996:Middlewares/Third_Party/LwIP/src/core/tcp.c ****     tcp_ack_now(pcb);
 1506              		.loc 1 996 3 is_stmt 1 view .LVU433
 996:Middlewares/Third_Party/LwIP/src/core/tcp.c ****     tcp_ack_now(pcb);
ARM GAS  C:\msys64\tmp\cc73uNFg.s 			page 67


 1507              		.loc 1 996 6 is_stmt 0 view .LVU434
 1508 002c 40F66733 		movw	r3, #2919
 1509 0030 9842     		cmp	r0, r3
 1510 0032 12D8     		bhi	.L153
 1511              	.LVL148:
 1512              	.L143:
1003:Middlewares/Third_Party/LwIP/src/core/tcp.c **** 
 1513              		.loc 1 1003 1 view .LVU435
 1514 0034 38BD     		pop	{r3, r4, r5, pc}
 1515              	.LVL149:
 1516              	.L151:
 975:Middlewares/Third_Party/LwIP/src/core/tcp.c **** 
 1517              		.loc 1 975 3 is_stmt 1 discriminator 1 view .LVU436
 975:Middlewares/Third_Party/LwIP/src/core/tcp.c **** 
 1518              		.loc 1 975 3 discriminator 1 view .LVU437
 1519 0036 0D4B     		ldr	r3, .L154
 1520 0038 40F2CF32 		movw	r2, #975
 1521 003c 0C49     		ldr	r1, .L154+4
 1522              	.LVL150:
 975:Middlewares/Third_Party/LwIP/src/core/tcp.c **** 
 1523              		.loc 1 975 3 is_stmt 0 discriminator 1 view .LVU438
 1524 003e 0D48     		ldr	r0, .L154+8
 1525              	.LVL151:
 975:Middlewares/Third_Party/LwIP/src/core/tcp.c **** 
 1526              		.loc 1 975 3 discriminator 1 view .LVU439
 1527 0040 FFF7FEFF 		bl	printf
 1528              	.LVL152:
 975:Middlewares/Third_Party/LwIP/src/core/tcp.c **** 
 1529              		.loc 1 975 3 is_stmt 1 discriminator 1 view .LVU440
 975:Middlewares/Third_Party/LwIP/src/core/tcp.c **** 
 1530              		.loc 1 975 3 discriminator 1 view .LVU441
 1531 0044 F6E7     		b	.L143
 1532              	.LVL153:
 1533              	.L152:
 978:Middlewares/Third_Party/LwIP/src/core/tcp.c ****               pcb->state != LISTEN);
 1534              		.loc 1 978 3 discriminator 1 view .LVU442
 978:Middlewares/Third_Party/LwIP/src/core/tcp.c ****               pcb->state != LISTEN);
 1535              		.loc 1 978 3 discriminator 1 view .LVU443
 1536 0046 094B     		ldr	r3, .L154
 1537 0048 40F2D232 		movw	r2, #978
 1538 004c 0A49     		ldr	r1, .L154+12
 1539              	.LVL154:
 978:Middlewares/Third_Party/LwIP/src/core/tcp.c ****               pcb->state != LISTEN);
 1540              		.loc 1 978 3 is_stmt 0 discriminator 1 view .LVU444
 1541 004e 0948     		ldr	r0, .L154+8
 1542              	.LVL155:
 978:Middlewares/Third_Party/LwIP/src/core/tcp.c ****               pcb->state != LISTEN);
 1543              		.loc 1 978 3 discriminator 1 view .LVU445
 1544 0050 FFF7FEFF 		bl	printf
 1545              	.LVL156:
 1546 0054 DBE7     		b	.L146
 1547              	.LVL157:
 1548              	.L148:
 987:Middlewares/Third_Party/LwIP/src/core/tcp.c ****   }
 1549              		.loc 1 987 5 is_stmt 1 view .LVU446
 987:Middlewares/Third_Party/LwIP/src/core/tcp.c ****   }
 1550              		.loc 1 987 18 is_stmt 0 view .LVU447
ARM GAS  C:\msys64\tmp\cc73uNFg.s 			page 68


 1551 0056 2985     		strh	r1, [r5, #40]	@ movhi
 1552 0058 E5E7     		b	.L149
 1553              	.LVL158:
 1554              	.L153:
 997:Middlewares/Third_Party/LwIP/src/core/tcp.c ****     tcp_output(pcb);
 1555              		.loc 1 997 5 is_stmt 1 view .LVU448
 997:Middlewares/Third_Party/LwIP/src/core/tcp.c ****     tcp_output(pcb);
 1556              		.loc 1 997 5 view .LVU449
 1557 005a 6B8B     		ldrh	r3, [r5, #26]
 1558 005c 43F00203 		orr	r3, r3, #2
 1559 0060 6B83     		strh	r3, [r5, #26]	@ movhi
 997:Middlewares/Third_Party/LwIP/src/core/tcp.c ****     tcp_output(pcb);
 1560              		.loc 1 997 5 view .LVU450
 998:Middlewares/Third_Party/LwIP/src/core/tcp.c ****   }
 1561              		.loc 1 998 5 view .LVU451
 1562 0062 2846     		mov	r0, r5
 1563              	.LVL159:
 998:Middlewares/Third_Party/LwIP/src/core/tcp.c ****   }
 1564              		.loc 1 998 5 is_stmt 0 view .LVU452
 1565 0064 FFF7FEFF 		bl	tcp_output
 1566              	.LVL160:
1002:Middlewares/Third_Party/LwIP/src/core/tcp.c **** }
 1567              		.loc 1 1002 88 is_stmt 1 view .LVU453
 1568 0068 E4E7     		b	.L143
 1569              	.L155:
 1570 006a 00BF     		.align	2
 1571              	.L154:
 1572 006c 00000000 		.word	.LC0
 1573 0070 00000000 		.word	.LC13
 1574 0074 54000000 		.word	.LC2
 1575 0078 18000000 		.word	.LC14
 1576              		.cfi_endproc
 1577              	.LFE178:
 1579              		.section	.text.tcp_txnow,"ax",%progbits
 1580              		.align	1
 1581              		.global	tcp_txnow
 1582              		.syntax unified
 1583              		.thumb
 1584              		.thumb_func
 1586              	tcp_txnow:
 1587              	.LFB183:
1527:Middlewares/Third_Party/LwIP/src/core/tcp.c ****   struct tcp_pcb *pcb;
 1588              		.loc 1 1527 1 view -0
 1589              		.cfi_startproc
 1590              		@ args = 0, pretend = 0, frame = 0
 1591              		@ frame_needed = 0, uses_anonymous_args = 0
 1592 0000 10B5     		push	{r4, lr}
 1593              	.LCFI13:
 1594              		.cfi_def_cfa_offset 8
 1595              		.cfi_offset 4, -8
 1596              		.cfi_offset 14, -4
1528:Middlewares/Third_Party/LwIP/src/core/tcp.c **** 
 1597              		.loc 1 1528 3 view .LVU455
1530:Middlewares/Third_Party/LwIP/src/core/tcp.c ****     if (pcb->flags & TF_NAGLEMEMERR) {
 1598              		.loc 1 1530 3 view .LVU456
1530:Middlewares/Third_Party/LwIP/src/core/tcp.c ****     if (pcb->flags & TF_NAGLEMEMERR) {
 1599              		.loc 1 1530 12 is_stmt 0 view .LVU457
ARM GAS  C:\msys64\tmp\cc73uNFg.s 			page 69


 1600 0002 074B     		ldr	r3, .L162
 1601 0004 1C68     		ldr	r4, [r3]
 1602              	.LVL161:
1530:Middlewares/Third_Party/LwIP/src/core/tcp.c ****     if (pcb->flags & TF_NAGLEMEMERR) {
 1603              		.loc 1 1530 3 view .LVU458
 1604 0006 00E0     		b	.L157
 1605              	.L158:
1530:Middlewares/Third_Party/LwIP/src/core/tcp.c ****     if (pcb->flags & TF_NAGLEMEMERR) {
 1606              		.loc 1 1530 48 is_stmt 1 discriminator 2 view .LVU459
 1607 0008 E468     		ldr	r4, [r4, #12]
 1608              	.LVL162:
 1609              	.L157:
1530:Middlewares/Third_Party/LwIP/src/core/tcp.c ****     if (pcb->flags & TF_NAGLEMEMERR) {
 1610              		.loc 1 1530 35 discriminator 1 view .LVU460
 1611 000a 3CB1     		cbz	r4, .L161
1531:Middlewares/Third_Party/LwIP/src/core/tcp.c ****       tcp_output(pcb);
 1612              		.loc 1 1531 5 view .LVU461
1531:Middlewares/Third_Party/LwIP/src/core/tcp.c ****       tcp_output(pcb);
 1613              		.loc 1 1531 12 is_stmt 0 view .LVU462
 1614 000c 638B     		ldrh	r3, [r4, #26]
1531:Middlewares/Third_Party/LwIP/src/core/tcp.c ****       tcp_output(pcb);
 1615              		.loc 1 1531 8 view .LVU463
 1616 000e 13F0800F 		tst	r3, #128
 1617 0012 F9D0     		beq	.L158
1532:Middlewares/Third_Party/LwIP/src/core/tcp.c ****     }
 1618              		.loc 1 1532 7 is_stmt 1 view .LVU464
 1619 0014 2046     		mov	r0, r4
 1620 0016 FFF7FEFF 		bl	tcp_output
 1621              	.LVL163:
 1622 001a F5E7     		b	.L158
 1623              	.L161:
1535:Middlewares/Third_Party/LwIP/src/core/tcp.c **** 
 1624              		.loc 1 1535 1 is_stmt 0 view .LVU465
 1625 001c 10BD     		pop	{r4, pc}
 1626              	.LVL164:
 1627              	.L163:
1535:Middlewares/Third_Party/LwIP/src/core/tcp.c **** 
 1628              		.loc 1 1535 1 view .LVU466
 1629 001e 00BF     		.align	2
 1630              	.L162:
 1631 0020 00000000 		.word	.LANCHOR2
 1632              		.cfi_endproc
 1633              	.LFE183:
 1635              		.section	.text.tcp_seg_free,"ax",%progbits
 1636              		.align	1
 1637              		.global	tcp_seg_free
 1638              		.syntax unified
 1639              		.thumb
 1640              		.thumb_func
 1642              	tcp_seg_free:
 1643              	.LVL165:
 1644              	.LFB186:
1624:Middlewares/Third_Party/LwIP/src/core/tcp.c ****   if (seg != NULL) {
 1645              		.loc 1 1624 1 is_stmt 1 view -0
 1646              		.cfi_startproc
 1647              		@ args = 0, pretend = 0, frame = 0
 1648              		@ frame_needed = 0, uses_anonymous_args = 0
ARM GAS  C:\msys64\tmp\cc73uNFg.s 			page 70


1625:Middlewares/Third_Party/LwIP/src/core/tcp.c ****     if (seg->p != NULL) {
 1649              		.loc 1 1625 3 view .LVU468
1625:Middlewares/Third_Party/LwIP/src/core/tcp.c ****     if (seg->p != NULL) {
 1650              		.loc 1 1625 6 is_stmt 0 view .LVU469
 1651 0000 50B1     		cbz	r0, .L168
1624:Middlewares/Third_Party/LwIP/src/core/tcp.c ****   if (seg != NULL) {
 1652              		.loc 1 1624 1 view .LVU470
 1653 0002 10B5     		push	{r4, lr}
 1654              	.LCFI14:
 1655              		.cfi_def_cfa_offset 8
 1656              		.cfi_offset 4, -8
 1657              		.cfi_offset 14, -4
 1658 0004 0446     		mov	r4, r0
1626:Middlewares/Third_Party/LwIP/src/core/tcp.c ****       pbuf_free(seg->p);
 1659              		.loc 1 1626 5 is_stmt 1 view .LVU471
1626:Middlewares/Third_Party/LwIP/src/core/tcp.c ****       pbuf_free(seg->p);
 1660              		.loc 1 1626 12 is_stmt 0 view .LVU472
 1661 0006 4068     		ldr	r0, [r0, #4]
 1662              	.LVL166:
1626:Middlewares/Third_Party/LwIP/src/core/tcp.c ****       pbuf_free(seg->p);
 1663              		.loc 1 1626 8 view .LVU473
 1664 0008 08B1     		cbz	r0, .L166
1627:Middlewares/Third_Party/LwIP/src/core/tcp.c **** #if TCP_DEBUG
 1665              		.loc 1 1627 7 is_stmt 1 view .LVU474
 1666 000a FFF7FEFF 		bl	pbuf_free
 1667              	.LVL167:
 1668              	.L166:
1632:Middlewares/Third_Party/LwIP/src/core/tcp.c ****   }
 1669              		.loc 1 1632 5 view .LVU475
 1670 000e 2146     		mov	r1, r4
 1671 0010 0320     		movs	r0, #3
 1672 0012 FFF7FEFF 		bl	memp_free
 1673              	.LVL168:
1634:Middlewares/Third_Party/LwIP/src/core/tcp.c **** 
 1674              		.loc 1 1634 1 is_stmt 0 view .LVU476
 1675 0016 10BD     		pop	{r4, pc}
 1676              	.LVL169:
 1677              	.L168:
 1678              	.LCFI15:
 1679              		.cfi_def_cfa_offset 0
 1680              		.cfi_restore 4
 1681              		.cfi_restore 14
1634:Middlewares/Third_Party/LwIP/src/core/tcp.c **** 
 1682              		.loc 1 1634 1 view .LVU477
 1683 0018 7047     		bx	lr
 1684              		.cfi_endproc
 1685              	.LFE186:
 1687              		.section	.text.tcp_segs_free,"ax",%progbits
 1688              		.align	1
 1689              		.global	tcp_segs_free
 1690              		.syntax unified
 1691              		.thumb
 1692              		.thumb_func
 1694              	tcp_segs_free:
 1695              	.LVL170:
 1696              	.LFB185:
1609:Middlewares/Third_Party/LwIP/src/core/tcp.c ****   while (seg != NULL) {
ARM GAS  C:\msys64\tmp\cc73uNFg.s 			page 71


 1697              		.loc 1 1609 1 is_stmt 1 view -0
 1698              		.cfi_startproc
 1699              		@ args = 0, pretend = 0, frame = 0
 1700              		@ frame_needed = 0, uses_anonymous_args = 0
1610:Middlewares/Third_Party/LwIP/src/core/tcp.c ****     struct tcp_seg *next = seg->next;
 1701              		.loc 1 1610 3 view .LVU479
1610:Middlewares/Third_Party/LwIP/src/core/tcp.c ****     struct tcp_seg *next = seg->next;
 1702              		.loc 1 1610 14 view .LVU480
 1703 0000 38B1     		cbz	r0, .L177
1609:Middlewares/Third_Party/LwIP/src/core/tcp.c ****   while (seg != NULL) {
 1704              		.loc 1 1609 1 is_stmt 0 view .LVU481
 1705 0002 10B5     		push	{r4, lr}
 1706              	.LCFI16:
 1707              		.cfi_def_cfa_offset 8
 1708              		.cfi_offset 4, -8
 1709              		.cfi_offset 14, -4
 1710              	.L173:
 1711              	.LBB6:
1611:Middlewares/Third_Party/LwIP/src/core/tcp.c ****     tcp_seg_free(seg);
 1712              		.loc 1 1611 5 is_stmt 1 view .LVU482
1611:Middlewares/Third_Party/LwIP/src/core/tcp.c ****     tcp_seg_free(seg);
 1713              		.loc 1 1611 21 is_stmt 0 view .LVU483
 1714 0004 0468     		ldr	r4, [r0]
 1715              	.LVL171:
1612:Middlewares/Third_Party/LwIP/src/core/tcp.c ****     seg = next;
 1716              		.loc 1 1612 5 is_stmt 1 view .LVU484
 1717 0006 FFF7FEFF 		bl	tcp_seg_free
 1718              	.LVL172:
1613:Middlewares/Third_Party/LwIP/src/core/tcp.c ****   }
 1719              		.loc 1 1613 5 view .LVU485
1613:Middlewares/Third_Party/LwIP/src/core/tcp.c ****   }
 1720              		.loc 1 1613 9 is_stmt 0 view .LVU486
 1721 000a 2046     		mov	r0, r4
1613:Middlewares/Third_Party/LwIP/src/core/tcp.c ****   }
 1722              		.loc 1 1613 9 view .LVU487
 1723              	.LBE6:
1610:Middlewares/Third_Party/LwIP/src/core/tcp.c ****     struct tcp_seg *next = seg->next;
 1724              		.loc 1 1610 14 is_stmt 1 view .LVU488
 1725 000c 002C     		cmp	r4, #0
 1726 000e F9D1     		bne	.L173
1615:Middlewares/Third_Party/LwIP/src/core/tcp.c **** 
 1727              		.loc 1 1615 1 is_stmt 0 view .LVU489
 1728 0010 10BD     		pop	{r4, pc}
 1729              	.LVL173:
 1730              	.L177:
 1731              	.LCFI17:
 1732              		.cfi_def_cfa_offset 0
 1733              		.cfi_restore 4
 1734              		.cfi_restore 14
1615:Middlewares/Third_Party/LwIP/src/core/tcp.c **** 
 1735              		.loc 1 1615 1 view .LVU490
 1736 0012 7047     		bx	lr
 1737              		.cfi_endproc
 1738              	.LFE185:
 1740              		.section	.rodata.tcp_setprio.str1.4,"aMS",%progbits,1
 1741              		.align	2
 1742              	.LC15:
ARM GAS  C:\msys64\tmp\cc73uNFg.s 			page 72


 1743 0000 7463705F 		.ascii	"tcp_setprio: invalid pcb\000"
 1743      73657470 
 1743      72696F3A 
 1743      20696E76 
 1743      616C6964 
 1744              		.section	.text.tcp_setprio,"ax",%progbits
 1745              		.align	1
 1746              		.global	tcp_setprio
 1747              		.syntax unified
 1748              		.thumb
 1749              		.thumb_func
 1751              	tcp_setprio:
 1752              	.LVL174:
 1753              	.LFB187:
1645:Middlewares/Third_Party/LwIP/src/core/tcp.c ****   LWIP_ASSERT_CORE_LOCKED();
 1754              		.loc 1 1645 1 is_stmt 1 view -0
 1755              		.cfi_startproc
 1756              		@ args = 0, pretend = 0, frame = 0
 1757              		@ frame_needed = 0, uses_anonymous_args = 0
1645:Middlewares/Third_Party/LwIP/src/core/tcp.c ****   LWIP_ASSERT_CORE_LOCKED();
 1758              		.loc 1 1645 1 is_stmt 0 view .LVU492
 1759 0000 08B5     		push	{r3, lr}
 1760              	.LCFI18:
 1761              		.cfi_def_cfa_offset 8
 1762              		.cfi_offset 3, -8
 1763              		.cfi_offset 14, -4
1646:Middlewares/Third_Party/LwIP/src/core/tcp.c **** 
 1764              		.loc 1 1646 28 is_stmt 1 view .LVU493
1648:Middlewares/Third_Party/LwIP/src/core/tcp.c **** 
 1765              		.loc 1 1648 3 view .LVU494
1648:Middlewares/Third_Party/LwIP/src/core/tcp.c **** 
 1766              		.loc 1 1648 3 view .LVU495
 1767 0002 08B1     		cbz	r0, .L182
1648:Middlewares/Third_Party/LwIP/src/core/tcp.c **** 
 1768              		.loc 1 1648 3 discriminator 2 view .LVU496
1650:Middlewares/Third_Party/LwIP/src/core/tcp.c **** }
 1769              		.loc 1 1650 3 discriminator 2 view .LVU497
1650:Middlewares/Third_Party/LwIP/src/core/tcp.c **** }
 1770              		.loc 1 1650 13 is_stmt 0 discriminator 2 view .LVU498
 1771 0004 4175     		strb	r1, [r0, #21]
 1772              	.LVL175:
 1773              	.L178:
1651:Middlewares/Third_Party/LwIP/src/core/tcp.c **** 
 1774              		.loc 1 1651 1 view .LVU499
 1775 0006 08BD     		pop	{r3, pc}
 1776              	.LVL176:
 1777              	.L182:
1648:Middlewares/Third_Party/LwIP/src/core/tcp.c **** 
 1778              		.loc 1 1648 3 is_stmt 1 discriminator 1 view .LVU500
1648:Middlewares/Third_Party/LwIP/src/core/tcp.c **** 
 1779              		.loc 1 1648 3 discriminator 1 view .LVU501
 1780 0008 034B     		ldr	r3, .L183
 1781 000a 4FF4CE62 		mov	r2, #1648
 1782 000e 0349     		ldr	r1, .L183+4
 1783              	.LVL177:
1648:Middlewares/Third_Party/LwIP/src/core/tcp.c **** 
 1784              		.loc 1 1648 3 is_stmt 0 discriminator 1 view .LVU502
ARM GAS  C:\msys64\tmp\cc73uNFg.s 			page 73


 1785 0010 0348     		ldr	r0, .L183+8
 1786              	.LVL178:
1648:Middlewares/Third_Party/LwIP/src/core/tcp.c **** 
 1787              		.loc 1 1648 3 discriminator 1 view .LVU503
 1788 0012 FFF7FEFF 		bl	printf
 1789              	.LVL179:
1648:Middlewares/Third_Party/LwIP/src/core/tcp.c **** 
 1790              		.loc 1 1648 3 is_stmt 1 discriminator 1 view .LVU504
1648:Middlewares/Third_Party/LwIP/src/core/tcp.c **** 
 1791              		.loc 1 1648 3 discriminator 1 view .LVU505
 1792 0016 F6E7     		b	.L178
 1793              	.L184:
 1794              		.align	2
 1795              	.L183:
 1796 0018 00000000 		.word	.LC0
 1797 001c 00000000 		.word	.LC15
 1798 0020 54000000 		.word	.LC2
 1799              		.cfi_endproc
 1800              	.LFE187:
 1802              		.section	.text.tcp_arg,"ax",%progbits
 1803              		.align	1
 1804              		.global	tcp_arg
 1805              		.syntax unified
 1806              		.thumb
 1807              		.thumb_func
 1809              	tcp_arg:
 1810              	.LVL180:
 1811              	.LFB196:
1826:Middlewares/Third_Party/LwIP/src/core/tcp.c **** 
1827:Middlewares/Third_Party/LwIP/src/core/tcp.c **** /**
1828:Middlewares/Third_Party/LwIP/src/core/tcp.c ****  * Allocate a new tcp_pcb structure.
1829:Middlewares/Third_Party/LwIP/src/core/tcp.c ****  *
1830:Middlewares/Third_Party/LwIP/src/core/tcp.c ****  * @param prio priority for the new pcb
1831:Middlewares/Third_Party/LwIP/src/core/tcp.c ****  * @return a new tcp_pcb that initially is in state CLOSED
1832:Middlewares/Third_Party/LwIP/src/core/tcp.c ****  */
1833:Middlewares/Third_Party/LwIP/src/core/tcp.c **** struct tcp_pcb *
1834:Middlewares/Third_Party/LwIP/src/core/tcp.c **** tcp_alloc(u8_t prio)
1835:Middlewares/Third_Party/LwIP/src/core/tcp.c **** {
1836:Middlewares/Third_Party/LwIP/src/core/tcp.c ****   struct tcp_pcb *pcb;
1837:Middlewares/Third_Party/LwIP/src/core/tcp.c **** 
1838:Middlewares/Third_Party/LwIP/src/core/tcp.c ****   LWIP_ASSERT_CORE_LOCKED();
1839:Middlewares/Third_Party/LwIP/src/core/tcp.c **** 
1840:Middlewares/Third_Party/LwIP/src/core/tcp.c ****   pcb = (struct tcp_pcb *)memp_malloc(MEMP_TCP_PCB);
1841:Middlewares/Third_Party/LwIP/src/core/tcp.c ****   if (pcb == NULL) {
1842:Middlewares/Third_Party/LwIP/src/core/tcp.c ****     /* Try to send FIN for all pcbs stuck in TF_CLOSEPEND first */
1843:Middlewares/Third_Party/LwIP/src/core/tcp.c ****     tcp_handle_closepend();
1844:Middlewares/Third_Party/LwIP/src/core/tcp.c **** 
1845:Middlewares/Third_Party/LwIP/src/core/tcp.c ****     /* Try killing oldest connection in TIME-WAIT. */
1846:Middlewares/Third_Party/LwIP/src/core/tcp.c ****     LWIP_DEBUGF(TCP_DEBUG, ("tcp_alloc: killing off oldest TIME-WAIT connection\n"));
1847:Middlewares/Third_Party/LwIP/src/core/tcp.c ****     tcp_kill_timewait();
1848:Middlewares/Third_Party/LwIP/src/core/tcp.c ****     /* Try to allocate a tcp_pcb again. */
1849:Middlewares/Third_Party/LwIP/src/core/tcp.c ****     pcb = (struct tcp_pcb *)memp_malloc(MEMP_TCP_PCB);
1850:Middlewares/Third_Party/LwIP/src/core/tcp.c ****     if (pcb == NULL) {
1851:Middlewares/Third_Party/LwIP/src/core/tcp.c ****       /* Try killing oldest connection in LAST-ACK (these wouldn't go to TIME-WAIT). */
1852:Middlewares/Third_Party/LwIP/src/core/tcp.c ****       LWIP_DEBUGF(TCP_DEBUG, ("tcp_alloc: killing off oldest LAST-ACK connection\n"));
1853:Middlewares/Third_Party/LwIP/src/core/tcp.c ****       tcp_kill_state(LAST_ACK);
1854:Middlewares/Third_Party/LwIP/src/core/tcp.c ****       /* Try to allocate a tcp_pcb again. */
ARM GAS  C:\msys64\tmp\cc73uNFg.s 			page 74


1855:Middlewares/Third_Party/LwIP/src/core/tcp.c ****       pcb = (struct tcp_pcb *)memp_malloc(MEMP_TCP_PCB);
1856:Middlewares/Third_Party/LwIP/src/core/tcp.c ****       if (pcb == NULL) {
1857:Middlewares/Third_Party/LwIP/src/core/tcp.c ****         /* Try killing oldest connection in CLOSING. */
1858:Middlewares/Third_Party/LwIP/src/core/tcp.c ****         LWIP_DEBUGF(TCP_DEBUG, ("tcp_alloc: killing off oldest CLOSING connection\n"));
1859:Middlewares/Third_Party/LwIP/src/core/tcp.c ****         tcp_kill_state(CLOSING);
1860:Middlewares/Third_Party/LwIP/src/core/tcp.c ****         /* Try to allocate a tcp_pcb again. */
1861:Middlewares/Third_Party/LwIP/src/core/tcp.c ****         pcb = (struct tcp_pcb *)memp_malloc(MEMP_TCP_PCB);
1862:Middlewares/Third_Party/LwIP/src/core/tcp.c ****         if (pcb == NULL) {
1863:Middlewares/Third_Party/LwIP/src/core/tcp.c ****           /* Try killing oldest active connection with lower priority than the new one. */
1864:Middlewares/Third_Party/LwIP/src/core/tcp.c ****           LWIP_DEBUGF(TCP_DEBUG, ("tcp_alloc: killing oldest connection with prio lower than %d\n",
1865:Middlewares/Third_Party/LwIP/src/core/tcp.c ****           tcp_kill_prio(prio);
1866:Middlewares/Third_Party/LwIP/src/core/tcp.c ****           /* Try to allocate a tcp_pcb again. */
1867:Middlewares/Third_Party/LwIP/src/core/tcp.c ****           pcb = (struct tcp_pcb *)memp_malloc(MEMP_TCP_PCB);
1868:Middlewares/Third_Party/LwIP/src/core/tcp.c ****           if (pcb != NULL) {
1869:Middlewares/Third_Party/LwIP/src/core/tcp.c ****             /* adjust err stats: memp_malloc failed multiple times before */
1870:Middlewares/Third_Party/LwIP/src/core/tcp.c ****             MEMP_STATS_DEC(err, MEMP_TCP_PCB);
1871:Middlewares/Third_Party/LwIP/src/core/tcp.c ****           }
1872:Middlewares/Third_Party/LwIP/src/core/tcp.c ****         }
1873:Middlewares/Third_Party/LwIP/src/core/tcp.c ****         if (pcb != NULL) {
1874:Middlewares/Third_Party/LwIP/src/core/tcp.c ****           /* adjust err stats: memp_malloc failed multiple times before */
1875:Middlewares/Third_Party/LwIP/src/core/tcp.c ****           MEMP_STATS_DEC(err, MEMP_TCP_PCB);
1876:Middlewares/Third_Party/LwIP/src/core/tcp.c ****         }
1877:Middlewares/Third_Party/LwIP/src/core/tcp.c ****       }
1878:Middlewares/Third_Party/LwIP/src/core/tcp.c ****       if (pcb != NULL) {
1879:Middlewares/Third_Party/LwIP/src/core/tcp.c ****         /* adjust err stats: memp_malloc failed multiple times before */
1880:Middlewares/Third_Party/LwIP/src/core/tcp.c ****         MEMP_STATS_DEC(err, MEMP_TCP_PCB);
1881:Middlewares/Third_Party/LwIP/src/core/tcp.c ****       }
1882:Middlewares/Third_Party/LwIP/src/core/tcp.c ****     }
1883:Middlewares/Third_Party/LwIP/src/core/tcp.c ****     if (pcb != NULL) {
1884:Middlewares/Third_Party/LwIP/src/core/tcp.c ****       /* adjust err stats: memp_malloc failed above */
1885:Middlewares/Third_Party/LwIP/src/core/tcp.c ****       MEMP_STATS_DEC(err, MEMP_TCP_PCB);
1886:Middlewares/Third_Party/LwIP/src/core/tcp.c ****     }
1887:Middlewares/Third_Party/LwIP/src/core/tcp.c ****   }
1888:Middlewares/Third_Party/LwIP/src/core/tcp.c ****   if (pcb != NULL) {
1889:Middlewares/Third_Party/LwIP/src/core/tcp.c ****     /* zero out the whole pcb, so there is no need to initialize members to zero */
1890:Middlewares/Third_Party/LwIP/src/core/tcp.c ****     memset(pcb, 0, sizeof(struct tcp_pcb));
1891:Middlewares/Third_Party/LwIP/src/core/tcp.c ****     pcb->prio = prio;
1892:Middlewares/Third_Party/LwIP/src/core/tcp.c ****     pcb->snd_buf = TCP_SND_BUF;
1893:Middlewares/Third_Party/LwIP/src/core/tcp.c ****     /* Start with a window that does not need scaling. When window scaling is
1894:Middlewares/Third_Party/LwIP/src/core/tcp.c ****        enabled and used, the window is enlarged when both sides agree on scaling. */
1895:Middlewares/Third_Party/LwIP/src/core/tcp.c ****     pcb->rcv_wnd = pcb->rcv_ann_wnd = TCPWND_MIN16(TCP_WND);
1896:Middlewares/Third_Party/LwIP/src/core/tcp.c ****     pcb->ttl = TCP_TTL;
1897:Middlewares/Third_Party/LwIP/src/core/tcp.c ****     /* As initial send MSS, we use TCP_MSS but limit it to 536.
1898:Middlewares/Third_Party/LwIP/src/core/tcp.c ****        The send MSS is updated when an MSS option is received. */
1899:Middlewares/Third_Party/LwIP/src/core/tcp.c ****     pcb->mss = INITIAL_MSS;
1900:Middlewares/Third_Party/LwIP/src/core/tcp.c ****     pcb->rto = 3000 / TCP_SLOW_INTERVAL;
1901:Middlewares/Third_Party/LwIP/src/core/tcp.c ****     pcb->sv = 3000 / TCP_SLOW_INTERVAL;
1902:Middlewares/Third_Party/LwIP/src/core/tcp.c ****     pcb->rtime = -1;
1903:Middlewares/Third_Party/LwIP/src/core/tcp.c ****     pcb->cwnd = 1;
1904:Middlewares/Third_Party/LwIP/src/core/tcp.c ****     pcb->tmr = tcp_ticks;
1905:Middlewares/Third_Party/LwIP/src/core/tcp.c ****     pcb->last_timer = tcp_timer_ctr;
1906:Middlewares/Third_Party/LwIP/src/core/tcp.c **** 
1907:Middlewares/Third_Party/LwIP/src/core/tcp.c ****     /* RFC 5681 recommends setting ssthresh abritrarily high and gives an example
1908:Middlewares/Third_Party/LwIP/src/core/tcp.c ****     of using the largest advertised receive window.  We've seen complications with
1909:Middlewares/Third_Party/LwIP/src/core/tcp.c ****     receiving TCPs that use window scaling and/or window auto-tuning where the
1910:Middlewares/Third_Party/LwIP/src/core/tcp.c ****     initial advertised window is very small and then grows rapidly once the
1911:Middlewares/Third_Party/LwIP/src/core/tcp.c ****     connection is established. To avoid these complications, we set ssthresh to the
ARM GAS  C:\msys64\tmp\cc73uNFg.s 			page 75


1912:Middlewares/Third_Party/LwIP/src/core/tcp.c ****     largest effective cwnd (amount of in-flight data) that the sender can have. */
1913:Middlewares/Third_Party/LwIP/src/core/tcp.c ****     pcb->ssthresh = TCP_SND_BUF;
1914:Middlewares/Third_Party/LwIP/src/core/tcp.c **** 
1915:Middlewares/Third_Party/LwIP/src/core/tcp.c **** #if LWIP_CALLBACK_API
1916:Middlewares/Third_Party/LwIP/src/core/tcp.c ****     pcb->recv = tcp_recv_null;
1917:Middlewares/Third_Party/LwIP/src/core/tcp.c **** #endif /* LWIP_CALLBACK_API */
1918:Middlewares/Third_Party/LwIP/src/core/tcp.c **** 
1919:Middlewares/Third_Party/LwIP/src/core/tcp.c ****     /* Init KEEPALIVE timer */
1920:Middlewares/Third_Party/LwIP/src/core/tcp.c ****     pcb->keep_idle  = TCP_KEEPIDLE_DEFAULT;
1921:Middlewares/Third_Party/LwIP/src/core/tcp.c **** 
1922:Middlewares/Third_Party/LwIP/src/core/tcp.c **** #if LWIP_TCP_KEEPALIVE
1923:Middlewares/Third_Party/LwIP/src/core/tcp.c ****     pcb->keep_intvl = TCP_KEEPINTVL_DEFAULT;
1924:Middlewares/Third_Party/LwIP/src/core/tcp.c ****     pcb->keep_cnt   = TCP_KEEPCNT_DEFAULT;
1925:Middlewares/Third_Party/LwIP/src/core/tcp.c **** #endif /* LWIP_TCP_KEEPALIVE */
1926:Middlewares/Third_Party/LwIP/src/core/tcp.c ****   }
1927:Middlewares/Third_Party/LwIP/src/core/tcp.c ****   return pcb;
1928:Middlewares/Third_Party/LwIP/src/core/tcp.c **** }
1929:Middlewares/Third_Party/LwIP/src/core/tcp.c **** 
1930:Middlewares/Third_Party/LwIP/src/core/tcp.c **** /**
1931:Middlewares/Third_Party/LwIP/src/core/tcp.c ****  * @ingroup tcp_raw
1932:Middlewares/Third_Party/LwIP/src/core/tcp.c ****  * Creates a new TCP protocol control block but doesn't place it on
1933:Middlewares/Third_Party/LwIP/src/core/tcp.c ****  * any of the TCP PCB lists.
1934:Middlewares/Third_Party/LwIP/src/core/tcp.c ****  * The pcb is not put on any list until binding using tcp_bind().
1935:Middlewares/Third_Party/LwIP/src/core/tcp.c ****  * If memory is not available for creating the new pcb, NULL is returned.
1936:Middlewares/Third_Party/LwIP/src/core/tcp.c ****  *
1937:Middlewares/Third_Party/LwIP/src/core/tcp.c ****  * @internal: Maybe there should be a idle TCP PCB list where these
1938:Middlewares/Third_Party/LwIP/src/core/tcp.c ****  * PCBs are put on. Port reservation using tcp_bind() is implemented but
1939:Middlewares/Third_Party/LwIP/src/core/tcp.c ****  * allocated pcbs that are not bound can't be killed automatically if wanting
1940:Middlewares/Third_Party/LwIP/src/core/tcp.c ****  * to allocate a pcb with higher prio (@see tcp_kill_prio())
1941:Middlewares/Third_Party/LwIP/src/core/tcp.c ****  *
1942:Middlewares/Third_Party/LwIP/src/core/tcp.c ****  * @return a new tcp_pcb that initially is in state CLOSED
1943:Middlewares/Third_Party/LwIP/src/core/tcp.c ****  */
1944:Middlewares/Third_Party/LwIP/src/core/tcp.c **** struct tcp_pcb *
1945:Middlewares/Third_Party/LwIP/src/core/tcp.c **** tcp_new(void)
1946:Middlewares/Third_Party/LwIP/src/core/tcp.c **** {
1947:Middlewares/Third_Party/LwIP/src/core/tcp.c ****   return tcp_alloc(TCP_PRIO_NORMAL);
1948:Middlewares/Third_Party/LwIP/src/core/tcp.c **** }
1949:Middlewares/Third_Party/LwIP/src/core/tcp.c **** 
1950:Middlewares/Third_Party/LwIP/src/core/tcp.c **** /**
1951:Middlewares/Third_Party/LwIP/src/core/tcp.c ****  * @ingroup tcp_raw
1952:Middlewares/Third_Party/LwIP/src/core/tcp.c ****  * Creates a new TCP protocol control block but doesn't
1953:Middlewares/Third_Party/LwIP/src/core/tcp.c ****  * place it on any of the TCP PCB lists.
1954:Middlewares/Third_Party/LwIP/src/core/tcp.c ****  * The pcb is not put on any list until binding using tcp_bind().
1955:Middlewares/Third_Party/LwIP/src/core/tcp.c ****  *
1956:Middlewares/Third_Party/LwIP/src/core/tcp.c ****  * @param type IP address type, see @ref lwip_ip_addr_type definitions.
1957:Middlewares/Third_Party/LwIP/src/core/tcp.c ****  * If you want to listen to IPv4 and IPv6 (dual-stack) connections,
1958:Middlewares/Third_Party/LwIP/src/core/tcp.c ****  * supply @ref IPADDR_TYPE_ANY as argument and bind to @ref IP_ANY_TYPE.
1959:Middlewares/Third_Party/LwIP/src/core/tcp.c ****  * @return a new tcp_pcb that initially is in state CLOSED
1960:Middlewares/Third_Party/LwIP/src/core/tcp.c ****  */
1961:Middlewares/Third_Party/LwIP/src/core/tcp.c **** struct tcp_pcb *
1962:Middlewares/Third_Party/LwIP/src/core/tcp.c **** tcp_new_ip_type(u8_t type)
1963:Middlewares/Third_Party/LwIP/src/core/tcp.c **** {
1964:Middlewares/Third_Party/LwIP/src/core/tcp.c ****   struct tcp_pcb *pcb;
1965:Middlewares/Third_Party/LwIP/src/core/tcp.c ****   pcb = tcp_alloc(TCP_PRIO_NORMAL);
1966:Middlewares/Third_Party/LwIP/src/core/tcp.c **** #if LWIP_IPV4 && LWIP_IPV6
1967:Middlewares/Third_Party/LwIP/src/core/tcp.c ****   if (pcb != NULL) {
1968:Middlewares/Third_Party/LwIP/src/core/tcp.c ****     IP_SET_TYPE_VAL(pcb->local_ip, type);
ARM GAS  C:\msys64\tmp\cc73uNFg.s 			page 76


1969:Middlewares/Third_Party/LwIP/src/core/tcp.c ****     IP_SET_TYPE_VAL(pcb->remote_ip, type);
1970:Middlewares/Third_Party/LwIP/src/core/tcp.c ****   }
1971:Middlewares/Third_Party/LwIP/src/core/tcp.c **** #else
1972:Middlewares/Third_Party/LwIP/src/core/tcp.c ****   LWIP_UNUSED_ARG(type);
1973:Middlewares/Third_Party/LwIP/src/core/tcp.c **** #endif /* LWIP_IPV4 && LWIP_IPV6 */
1974:Middlewares/Third_Party/LwIP/src/core/tcp.c ****   return pcb;
1975:Middlewares/Third_Party/LwIP/src/core/tcp.c **** }
1976:Middlewares/Third_Party/LwIP/src/core/tcp.c **** 
1977:Middlewares/Third_Party/LwIP/src/core/tcp.c **** /**
1978:Middlewares/Third_Party/LwIP/src/core/tcp.c ****  * @ingroup tcp_raw
1979:Middlewares/Third_Party/LwIP/src/core/tcp.c ****  * Specifies the program specific state that should be passed to all
1980:Middlewares/Third_Party/LwIP/src/core/tcp.c ****  * other callback functions. The "pcb" argument is the current TCP
1981:Middlewares/Third_Party/LwIP/src/core/tcp.c ****  * connection control block, and the "arg" argument is the argument
1982:Middlewares/Third_Party/LwIP/src/core/tcp.c ****  * that will be passed to the callbacks.
1983:Middlewares/Third_Party/LwIP/src/core/tcp.c ****  *
1984:Middlewares/Third_Party/LwIP/src/core/tcp.c ****  * @param pcb tcp_pcb to set the callback argument
1985:Middlewares/Third_Party/LwIP/src/core/tcp.c ****  * @param arg void pointer argument to pass to callback functions
1986:Middlewares/Third_Party/LwIP/src/core/tcp.c ****  */
1987:Middlewares/Third_Party/LwIP/src/core/tcp.c **** void
1988:Middlewares/Third_Party/LwIP/src/core/tcp.c **** tcp_arg(struct tcp_pcb *pcb, void *arg)
1989:Middlewares/Third_Party/LwIP/src/core/tcp.c **** {
 1812              		.loc 1 1989 1 view -0
 1813              		.cfi_startproc
 1814              		@ args = 0, pretend = 0, frame = 0
 1815              		@ frame_needed = 0, uses_anonymous_args = 0
 1816              		@ link register save eliminated.
1990:Middlewares/Third_Party/LwIP/src/core/tcp.c ****   LWIP_ASSERT_CORE_LOCKED();
 1817              		.loc 1 1990 28 view .LVU507
1991:Middlewares/Third_Party/LwIP/src/core/tcp.c ****   /* This function is allowed to be called for both listen pcbs and
1992:Middlewares/Third_Party/LwIP/src/core/tcp.c ****      connection pcbs. */
1993:Middlewares/Third_Party/LwIP/src/core/tcp.c ****   if (pcb != NULL) {
 1818              		.loc 1 1993 3 view .LVU508
 1819              		.loc 1 1993 6 is_stmt 0 view .LVU509
 1820 0000 00B1     		cbz	r0, .L185
1994:Middlewares/Third_Party/LwIP/src/core/tcp.c ****     pcb->callback_arg = arg;
 1821              		.loc 1 1994 5 is_stmt 1 view .LVU510
 1822              		.loc 1 1994 23 is_stmt 0 view .LVU511
 1823 0002 0161     		str	r1, [r0, #16]
 1824              	.L185:
1995:Middlewares/Third_Party/LwIP/src/core/tcp.c ****   }
1996:Middlewares/Third_Party/LwIP/src/core/tcp.c **** }
 1825              		.loc 1 1996 1 view .LVU512
 1826 0004 7047     		bx	lr
 1827              		.cfi_endproc
 1828              	.LFE196:
 1830              		.section	.rodata.tcp_recv.str1.4,"aMS",%progbits,1
 1831              		.align	2
 1832              	.LC16:
 1833 0000 696E7661 		.ascii	"invalid socket state for recv callback\000"
 1833      6C696420 
 1833      736F636B 
 1833      65742073 
 1833      74617465 
 1834              		.section	.text.tcp_recv,"ax",%progbits
 1835              		.align	1
 1836              		.global	tcp_recv
 1837              		.syntax unified
ARM GAS  C:\msys64\tmp\cc73uNFg.s 			page 77


 1838              		.thumb
 1839              		.thumb_func
 1841              	tcp_recv:
 1842              	.LVL181:
 1843              	.LFB197:
1997:Middlewares/Third_Party/LwIP/src/core/tcp.c **** #if LWIP_CALLBACK_API
1998:Middlewares/Third_Party/LwIP/src/core/tcp.c **** 
1999:Middlewares/Third_Party/LwIP/src/core/tcp.c **** /**
2000:Middlewares/Third_Party/LwIP/src/core/tcp.c ****  * @ingroup tcp_raw
2001:Middlewares/Third_Party/LwIP/src/core/tcp.c ****  * Sets the callback function that will be called when new data
2002:Middlewares/Third_Party/LwIP/src/core/tcp.c ****  * arrives. The callback function will be passed a NULL pbuf to
2003:Middlewares/Third_Party/LwIP/src/core/tcp.c ****  * indicate that the remote host has closed the connection. If the
2004:Middlewares/Third_Party/LwIP/src/core/tcp.c ****  * callback function returns ERR_OK or ERR_ABRT it must have
2005:Middlewares/Third_Party/LwIP/src/core/tcp.c ****  * freed the pbuf, otherwise it must not have freed it.
2006:Middlewares/Third_Party/LwIP/src/core/tcp.c ****  *
2007:Middlewares/Third_Party/LwIP/src/core/tcp.c ****  * @param pcb tcp_pcb to set the recv callback
2008:Middlewares/Third_Party/LwIP/src/core/tcp.c ****  * @param recv callback function to call for this pcb when data is received
2009:Middlewares/Third_Party/LwIP/src/core/tcp.c ****  */
2010:Middlewares/Third_Party/LwIP/src/core/tcp.c **** void
2011:Middlewares/Third_Party/LwIP/src/core/tcp.c **** tcp_recv(struct tcp_pcb *pcb, tcp_recv_fn recv)
2012:Middlewares/Third_Party/LwIP/src/core/tcp.c **** {
 1844              		.loc 1 2012 1 is_stmt 1 view -0
 1845              		.cfi_startproc
 1846              		@ args = 0, pretend = 0, frame = 0
 1847              		@ frame_needed = 0, uses_anonymous_args = 0
2013:Middlewares/Third_Party/LwIP/src/core/tcp.c ****   LWIP_ASSERT_CORE_LOCKED();
 1848              		.loc 1 2013 28 view .LVU514
2014:Middlewares/Third_Party/LwIP/src/core/tcp.c ****   if (pcb != NULL) {
 1849              		.loc 1 2014 3 view .LVU515
 1850              		.loc 1 2014 6 is_stmt 0 view .LVU516
 1851 0000 80B1     		cbz	r0, .L191
2012:Middlewares/Third_Party/LwIP/src/core/tcp.c ****   LWIP_ASSERT_CORE_LOCKED();
 1852              		.loc 1 2012 1 view .LVU517
 1853 0002 38B5     		push	{r3, r4, r5, lr}
 1854              	.LCFI19:
 1855              		.cfi_def_cfa_offset 16
 1856              		.cfi_offset 3, -16
 1857              		.cfi_offset 4, -12
 1858              		.cfi_offset 5, -8
 1859              		.cfi_offset 14, -4
 1860 0004 0C46     		mov	r4, r1
 1861 0006 0546     		mov	r5, r0
2015:Middlewares/Third_Party/LwIP/src/core/tcp.c ****     LWIP_ASSERT("invalid socket state for recv callback", pcb->state != LISTEN);
 1862              		.loc 1 2015 5 is_stmt 1 view .LVU518
 1863              		.loc 1 2015 5 view .LVU519
 1864 0008 037D     		ldrb	r3, [r0, #20]	@ zero_extendqisi2
 1865 000a 012B     		cmp	r3, #1
 1866 000c 02D0     		beq	.L194
 1867              	.LVL182:
 1868              	.L189:
 1869              		.loc 1 2015 5 discriminator 3 view .LVU520
 1870              		.loc 1 2015 5 discriminator 3 view .LVU521
2016:Middlewares/Third_Party/LwIP/src/core/tcp.c ****     pcb->recv = recv;
 1871              		.loc 1 2016 5 discriminator 3 view .LVU522
 1872              		.loc 1 2016 15 is_stmt 0 discriminator 3 view .LVU523
 1873 000e C5F88040 		str	r4, [r5, #128]
2017:Middlewares/Third_Party/LwIP/src/core/tcp.c ****   }
ARM GAS  C:\msys64\tmp\cc73uNFg.s 			page 78


2018:Middlewares/Third_Party/LwIP/src/core/tcp.c **** }
 1874              		.loc 1 2018 1 discriminator 3 view .LVU524
 1875 0012 38BD     		pop	{r3, r4, r5, pc}
 1876              	.LVL183:
 1877              	.L194:
2015:Middlewares/Third_Party/LwIP/src/core/tcp.c ****     pcb->recv = recv;
 1878              		.loc 1 2015 5 is_stmt 1 discriminator 1 view .LVU525
2015:Middlewares/Third_Party/LwIP/src/core/tcp.c ****     pcb->recv = recv;
 1879              		.loc 1 2015 5 discriminator 1 view .LVU526
 1880 0014 044B     		ldr	r3, .L195
 1881 0016 40F2DF72 		movw	r2, #2015
 1882 001a 0449     		ldr	r1, .L195+4
 1883              	.LVL184:
2015:Middlewares/Third_Party/LwIP/src/core/tcp.c ****     pcb->recv = recv;
 1884              		.loc 1 2015 5 is_stmt 0 discriminator 1 view .LVU527
 1885 001c 0448     		ldr	r0, .L195+8
 1886              	.LVL185:
2015:Middlewares/Third_Party/LwIP/src/core/tcp.c ****     pcb->recv = recv;
 1887              		.loc 1 2015 5 discriminator 1 view .LVU528
 1888 001e FFF7FEFF 		bl	printf
 1889              	.LVL186:
 1890 0022 F4E7     		b	.L189
 1891              	.LVL187:
 1892              	.L191:
 1893              	.LCFI20:
 1894              		.cfi_def_cfa_offset 0
 1895              		.cfi_restore 3
 1896              		.cfi_restore 4
 1897              		.cfi_restore 5
 1898              		.cfi_restore 14
2015:Middlewares/Third_Party/LwIP/src/core/tcp.c ****     pcb->recv = recv;
 1899              		.loc 1 2015 5 discriminator 1 view .LVU529
 1900 0024 7047     		bx	lr
 1901              	.L196:
 1902 0026 00BF     		.align	2
 1903              	.L195:
 1904 0028 00000000 		.word	.LC0
 1905 002c 00000000 		.word	.LC16
 1906 0030 54000000 		.word	.LC2
 1907              		.cfi_endproc
 1908              	.LFE197:
 1910              		.section	.rodata.tcp_sent.str1.4,"aMS",%progbits,1
 1911              		.align	2
 1912              	.LC17:
 1913 0000 696E7661 		.ascii	"invalid socket state for sent callback\000"
 1913      6C696420 
 1913      736F636B 
 1913      65742073 
 1913      74617465 
 1914              		.section	.text.tcp_sent,"ax",%progbits
 1915              		.align	1
 1916              		.global	tcp_sent
 1917              		.syntax unified
 1918              		.thumb
 1919              		.thumb_func
 1921              	tcp_sent:
 1922              	.LVL188:
ARM GAS  C:\msys64\tmp\cc73uNFg.s 			page 79


 1923              	.LFB198:
2019:Middlewares/Third_Party/LwIP/src/core/tcp.c **** 
2020:Middlewares/Third_Party/LwIP/src/core/tcp.c **** /**
2021:Middlewares/Third_Party/LwIP/src/core/tcp.c ****  * @ingroup tcp_raw
2022:Middlewares/Third_Party/LwIP/src/core/tcp.c ****  * Specifies the callback function that should be called when data has
2023:Middlewares/Third_Party/LwIP/src/core/tcp.c ****  * successfully been received (i.e., acknowledged) by the remote
2024:Middlewares/Third_Party/LwIP/src/core/tcp.c ****  * host. The len argument passed to the callback function gives the
2025:Middlewares/Third_Party/LwIP/src/core/tcp.c ****  * amount bytes that was acknowledged by the last acknowledgment.
2026:Middlewares/Third_Party/LwIP/src/core/tcp.c ****  *
2027:Middlewares/Third_Party/LwIP/src/core/tcp.c ****  * @param pcb tcp_pcb to set the sent callback
2028:Middlewares/Third_Party/LwIP/src/core/tcp.c ****  * @param sent callback function to call for this pcb when data is successfully sent
2029:Middlewares/Third_Party/LwIP/src/core/tcp.c ****  */
2030:Middlewares/Third_Party/LwIP/src/core/tcp.c **** void
2031:Middlewares/Third_Party/LwIP/src/core/tcp.c **** tcp_sent(struct tcp_pcb *pcb, tcp_sent_fn sent)
2032:Middlewares/Third_Party/LwIP/src/core/tcp.c **** {
 1924              		.loc 1 2032 1 is_stmt 1 view -0
 1925              		.cfi_startproc
 1926              		@ args = 0, pretend = 0, frame = 0
 1927              		@ frame_needed = 0, uses_anonymous_args = 0
2033:Middlewares/Third_Party/LwIP/src/core/tcp.c ****   LWIP_ASSERT_CORE_LOCKED();
 1928              		.loc 1 2033 28 view .LVU531
2034:Middlewares/Third_Party/LwIP/src/core/tcp.c ****   if (pcb != NULL) {
 1929              		.loc 1 2034 3 view .LVU532
 1930              		.loc 1 2034 6 is_stmt 0 view .LVU533
 1931 0000 78B1     		cbz	r0, .L201
2032:Middlewares/Third_Party/LwIP/src/core/tcp.c ****   LWIP_ASSERT_CORE_LOCKED();
 1932              		.loc 1 2032 1 view .LVU534
 1933 0002 38B5     		push	{r3, r4, r5, lr}
 1934              	.LCFI21:
 1935              		.cfi_def_cfa_offset 16
 1936              		.cfi_offset 3, -16
 1937              		.cfi_offset 4, -12
 1938              		.cfi_offset 5, -8
 1939              		.cfi_offset 14, -4
 1940 0004 0C46     		mov	r4, r1
 1941 0006 0546     		mov	r5, r0
2035:Middlewares/Third_Party/LwIP/src/core/tcp.c ****     LWIP_ASSERT("invalid socket state for sent callback", pcb->state != LISTEN);
 1942              		.loc 1 2035 5 is_stmt 1 view .LVU535
 1943              		.loc 1 2035 5 view .LVU536
 1944 0008 037D     		ldrb	r3, [r0, #20]	@ zero_extendqisi2
 1945 000a 012B     		cmp	r3, #1
 1946 000c 01D0     		beq	.L204
 1947              	.LVL189:
 1948              	.L199:
 1949              		.loc 1 2035 5 discriminator 3 view .LVU537
 1950              		.loc 1 2035 5 discriminator 3 view .LVU538
2036:Middlewares/Third_Party/LwIP/src/core/tcp.c ****     pcb->sent = sent;
 1951              		.loc 1 2036 5 discriminator 3 view .LVU539
 1952              		.loc 1 2036 15 is_stmt 0 discriminator 3 view .LVU540
 1953 000e EC67     		str	r4, [r5, #124]
2037:Middlewares/Third_Party/LwIP/src/core/tcp.c ****   }
2038:Middlewares/Third_Party/LwIP/src/core/tcp.c **** }
 1954              		.loc 1 2038 1 discriminator 3 view .LVU541
 1955 0010 38BD     		pop	{r3, r4, r5, pc}
 1956              	.LVL190:
 1957              	.L204:
2035:Middlewares/Third_Party/LwIP/src/core/tcp.c ****     pcb->sent = sent;
ARM GAS  C:\msys64\tmp\cc73uNFg.s 			page 80


 1958              		.loc 1 2035 5 is_stmt 1 discriminator 1 view .LVU542
2035:Middlewares/Third_Party/LwIP/src/core/tcp.c ****     pcb->sent = sent;
 1959              		.loc 1 2035 5 discriminator 1 view .LVU543
 1960 0012 044B     		ldr	r3, .L205
 1961 0014 40F2F372 		movw	r2, #2035
 1962 0018 0349     		ldr	r1, .L205+4
 1963              	.LVL191:
2035:Middlewares/Third_Party/LwIP/src/core/tcp.c ****     pcb->sent = sent;
 1964              		.loc 1 2035 5 is_stmt 0 discriminator 1 view .LVU544
 1965 001a 0448     		ldr	r0, .L205+8
 1966              	.LVL192:
2035:Middlewares/Third_Party/LwIP/src/core/tcp.c ****     pcb->sent = sent;
 1967              		.loc 1 2035 5 discriminator 1 view .LVU545
 1968 001c FFF7FEFF 		bl	printf
 1969              	.LVL193:
 1970 0020 F5E7     		b	.L199
 1971              	.LVL194:
 1972              	.L201:
 1973              	.LCFI22:
 1974              		.cfi_def_cfa_offset 0
 1975              		.cfi_restore 3
 1976              		.cfi_restore 4
 1977              		.cfi_restore 5
 1978              		.cfi_restore 14
2035:Middlewares/Third_Party/LwIP/src/core/tcp.c ****     pcb->sent = sent;
 1979              		.loc 1 2035 5 discriminator 1 view .LVU546
 1980 0022 7047     		bx	lr
 1981              	.L206:
 1982              		.align	2
 1983              	.L205:
 1984 0024 00000000 		.word	.LC0
 1985 0028 00000000 		.word	.LC17
 1986 002c 54000000 		.word	.LC2
 1987              		.cfi_endproc
 1988              	.LFE198:
 1990              		.section	.rodata.tcp_err.str1.4,"aMS",%progbits,1
 1991              		.align	2
 1992              	.LC18:
 1993 0000 696E7661 		.ascii	"invalid socket state for err callback\000"
 1993      6C696420 
 1993      736F636B 
 1993      65742073 
 1993      74617465 
 1994              		.section	.text.tcp_err,"ax",%progbits
 1995              		.align	1
 1996              		.global	tcp_err
 1997              		.syntax unified
 1998              		.thumb
 1999              		.thumb_func
 2001              	tcp_err:
 2002              	.LVL195:
 2003              	.LFB199:
2039:Middlewares/Third_Party/LwIP/src/core/tcp.c **** 
2040:Middlewares/Third_Party/LwIP/src/core/tcp.c **** /**
2041:Middlewares/Third_Party/LwIP/src/core/tcp.c ****  * @ingroup tcp_raw
2042:Middlewares/Third_Party/LwIP/src/core/tcp.c ****  * Used to specify the function that should be called when a fatal error
2043:Middlewares/Third_Party/LwIP/src/core/tcp.c ****  * has occurred on the connection.
ARM GAS  C:\msys64\tmp\cc73uNFg.s 			page 81


2044:Middlewares/Third_Party/LwIP/src/core/tcp.c ****  * 
2045:Middlewares/Third_Party/LwIP/src/core/tcp.c ****  * If a connection is aborted because of an error, the application is
2046:Middlewares/Third_Party/LwIP/src/core/tcp.c ****  * alerted of this event by the err callback. Errors that might abort a
2047:Middlewares/Third_Party/LwIP/src/core/tcp.c ****  * connection are when there is a shortage of memory. The callback
2048:Middlewares/Third_Party/LwIP/src/core/tcp.c ****  * function to be called is set using the tcp_err() function.
2049:Middlewares/Third_Party/LwIP/src/core/tcp.c ****  *
2050:Middlewares/Third_Party/LwIP/src/core/tcp.c ****  * @note The corresponding pcb is already freed when this callback is called!
2051:Middlewares/Third_Party/LwIP/src/core/tcp.c ****  *
2052:Middlewares/Third_Party/LwIP/src/core/tcp.c ****  * @param pcb tcp_pcb to set the err callback
2053:Middlewares/Third_Party/LwIP/src/core/tcp.c ****  * @param err callback function to call for this pcb when a fatal error
2054:Middlewares/Third_Party/LwIP/src/core/tcp.c ****  *        has occurred on the connection
2055:Middlewares/Third_Party/LwIP/src/core/tcp.c ****  */
2056:Middlewares/Third_Party/LwIP/src/core/tcp.c **** void
2057:Middlewares/Third_Party/LwIP/src/core/tcp.c **** tcp_err(struct tcp_pcb *pcb, tcp_err_fn err)
2058:Middlewares/Third_Party/LwIP/src/core/tcp.c **** {
 2004              		.loc 1 2058 1 is_stmt 1 view -0
 2005              		.cfi_startproc
 2006              		@ args = 0, pretend = 0, frame = 0
 2007              		@ frame_needed = 0, uses_anonymous_args = 0
2059:Middlewares/Third_Party/LwIP/src/core/tcp.c ****   LWIP_ASSERT_CORE_LOCKED();
 2008              		.loc 1 2059 28 view .LVU548
2060:Middlewares/Third_Party/LwIP/src/core/tcp.c ****   if (pcb != NULL) {
 2009              		.loc 1 2060 3 view .LVU549
 2010              		.loc 1 2060 6 is_stmt 0 view .LVU550
 2011 0000 80B1     		cbz	r0, .L211
2058:Middlewares/Third_Party/LwIP/src/core/tcp.c ****   LWIP_ASSERT_CORE_LOCKED();
 2012              		.loc 1 2058 1 view .LVU551
 2013 0002 38B5     		push	{r3, r4, r5, lr}
 2014              	.LCFI23:
 2015              		.cfi_def_cfa_offset 16
 2016              		.cfi_offset 3, -16
 2017              		.cfi_offset 4, -12
 2018              		.cfi_offset 5, -8
 2019              		.cfi_offset 14, -4
 2020 0004 0C46     		mov	r4, r1
 2021 0006 0546     		mov	r5, r0
2061:Middlewares/Third_Party/LwIP/src/core/tcp.c ****     LWIP_ASSERT("invalid socket state for err callback", pcb->state != LISTEN);
 2022              		.loc 1 2061 5 is_stmt 1 view .LVU552
 2023              		.loc 1 2061 5 view .LVU553
 2024 0008 037D     		ldrb	r3, [r0, #20]	@ zero_extendqisi2
 2025 000a 012B     		cmp	r3, #1
 2026 000c 02D0     		beq	.L214
 2027              	.LVL196:
 2028              	.L209:
 2029              		.loc 1 2061 5 discriminator 3 view .LVU554
 2030              		.loc 1 2061 5 discriminator 3 view .LVU555
2062:Middlewares/Third_Party/LwIP/src/core/tcp.c ****     pcb->errf = err;
 2031              		.loc 1 2062 5 discriminator 3 view .LVU556
 2032              		.loc 1 2062 15 is_stmt 0 discriminator 3 view .LVU557
 2033 000e C5F88C40 		str	r4, [r5, #140]
2063:Middlewares/Third_Party/LwIP/src/core/tcp.c ****   }
2064:Middlewares/Third_Party/LwIP/src/core/tcp.c **** }
 2034              		.loc 1 2064 1 discriminator 3 view .LVU558
 2035 0012 38BD     		pop	{r3, r4, r5, pc}
 2036              	.LVL197:
 2037              	.L214:
2061:Middlewares/Third_Party/LwIP/src/core/tcp.c ****     pcb->errf = err;
ARM GAS  C:\msys64\tmp\cc73uNFg.s 			page 82


 2038              		.loc 1 2061 5 is_stmt 1 discriminator 1 view .LVU559
2061:Middlewares/Third_Party/LwIP/src/core/tcp.c ****     pcb->errf = err;
 2039              		.loc 1 2061 5 discriminator 1 view .LVU560
 2040 0014 044B     		ldr	r3, .L215
 2041 0016 40F60D02 		movw	r2, #2061
 2042 001a 0449     		ldr	r1, .L215+4
 2043              	.LVL198:
2061:Middlewares/Third_Party/LwIP/src/core/tcp.c ****     pcb->errf = err;
 2044              		.loc 1 2061 5 is_stmt 0 discriminator 1 view .LVU561
 2045 001c 0448     		ldr	r0, .L215+8
 2046              	.LVL199:
2061:Middlewares/Third_Party/LwIP/src/core/tcp.c ****     pcb->errf = err;
 2047              		.loc 1 2061 5 discriminator 1 view .LVU562
 2048 001e FFF7FEFF 		bl	printf
 2049              	.LVL200:
 2050 0022 F4E7     		b	.L209
 2051              	.LVL201:
 2052              	.L211:
 2053              	.LCFI24:
 2054              		.cfi_def_cfa_offset 0
 2055              		.cfi_restore 3
 2056              		.cfi_restore 4
 2057              		.cfi_restore 5
 2058              		.cfi_restore 14
2061:Middlewares/Third_Party/LwIP/src/core/tcp.c ****     pcb->errf = err;
 2059              		.loc 1 2061 5 discriminator 1 view .LVU563
 2060 0024 7047     		bx	lr
 2061              	.L216:
 2062 0026 00BF     		.align	2
 2063              	.L215:
 2064 0028 00000000 		.word	.LC0
 2065 002c 00000000 		.word	.LC18
 2066 0030 54000000 		.word	.LC2
 2067              		.cfi_endproc
 2068              	.LFE199:
 2070              		.section	.text.tcp_accept,"ax",%progbits
 2071              		.align	1
 2072              		.global	tcp_accept
 2073              		.syntax unified
 2074              		.thumb
 2075              		.thumb_func
 2077              	tcp_accept:
 2078              	.LVL202:
 2079              	.LFB200:
2065:Middlewares/Third_Party/LwIP/src/core/tcp.c **** 
2066:Middlewares/Third_Party/LwIP/src/core/tcp.c **** /**
2067:Middlewares/Third_Party/LwIP/src/core/tcp.c ****  * @ingroup tcp_raw
2068:Middlewares/Third_Party/LwIP/src/core/tcp.c ****  * Used for specifying the function that should be called when a
2069:Middlewares/Third_Party/LwIP/src/core/tcp.c ****  * LISTENing connection has been connected to another host.
2070:Middlewares/Third_Party/LwIP/src/core/tcp.c ****  *
2071:Middlewares/Third_Party/LwIP/src/core/tcp.c ****  * @param pcb tcp_pcb to set the accept callback
2072:Middlewares/Third_Party/LwIP/src/core/tcp.c ****  * @param accept callback function to call for this pcb when LISTENing
2073:Middlewares/Third_Party/LwIP/src/core/tcp.c ****  *        connection has been connected to another host
2074:Middlewares/Third_Party/LwIP/src/core/tcp.c ****  */
2075:Middlewares/Third_Party/LwIP/src/core/tcp.c **** void
2076:Middlewares/Third_Party/LwIP/src/core/tcp.c **** tcp_accept(struct tcp_pcb *pcb, tcp_accept_fn accept)
2077:Middlewares/Third_Party/LwIP/src/core/tcp.c **** {
ARM GAS  C:\msys64\tmp\cc73uNFg.s 			page 83


 2080              		.loc 1 2077 1 is_stmt 1 view -0
 2081              		.cfi_startproc
 2082              		@ args = 0, pretend = 0, frame = 0
 2083              		@ frame_needed = 0, uses_anonymous_args = 0
 2084              		@ link register save eliminated.
2078:Middlewares/Third_Party/LwIP/src/core/tcp.c ****   LWIP_ASSERT_CORE_LOCKED();
 2085              		.loc 1 2078 28 view .LVU565
2079:Middlewares/Third_Party/LwIP/src/core/tcp.c ****   if ((pcb != NULL) && (pcb->state == LISTEN)) {
 2086              		.loc 1 2079 3 view .LVU566
 2087              		.loc 1 2079 6 is_stmt 0 view .LVU567
 2088 0000 10B1     		cbz	r0, .L217
 2089              		.loc 1 2079 28 discriminator 1 view .LVU568
 2090 0002 027D     		ldrb	r2, [r0, #20]	@ zero_extendqisi2
 2091              		.loc 1 2079 21 discriminator 1 view .LVU569
 2092 0004 012A     		cmp	r2, #1
 2093 0006 00D0     		beq	.L219
 2094              	.L217:
2080:Middlewares/Third_Party/LwIP/src/core/tcp.c ****     struct tcp_pcb_listen *lpcb = (struct tcp_pcb_listen *)pcb;
2081:Middlewares/Third_Party/LwIP/src/core/tcp.c ****     lpcb->accept = accept;
2082:Middlewares/Third_Party/LwIP/src/core/tcp.c ****   }
2083:Middlewares/Third_Party/LwIP/src/core/tcp.c **** }
 2095              		.loc 1 2083 1 view .LVU570
 2096 0008 7047     		bx	lr
 2097              	.L219:
 2098              	.LBB7:
2080:Middlewares/Third_Party/LwIP/src/core/tcp.c ****     struct tcp_pcb_listen *lpcb = (struct tcp_pcb_listen *)pcb;
 2099              		.loc 1 2080 5 is_stmt 1 view .LVU571
 2100              	.LVL203:
2081:Middlewares/Third_Party/LwIP/src/core/tcp.c ****   }
 2101              		.loc 1 2081 5 view .LVU572
2081:Middlewares/Third_Party/LwIP/src/core/tcp.c ****   }
 2102              		.loc 1 2081 18 is_stmt 0 view .LVU573
 2103 000a 8161     		str	r1, [r0, #24]
 2104              	.LBE7:
 2105              		.loc 1 2083 1 view .LVU574
 2106 000c FCE7     		b	.L217
 2107              		.cfi_endproc
 2108              	.LFE200:
 2110              		.section	.rodata.tcp_poll.str1.4,"aMS",%progbits,1
 2111              		.align	2
 2112              	.LC19:
 2113 0000 7463705F 		.ascii	"tcp_poll: invalid pcb\000"
 2113      706F6C6C 
 2113      3A20696E 
 2113      76616C69 
 2113      64207063 
 2114 0016 0000     		.align	2
 2115              	.LC20:
 2116 0018 696E7661 		.ascii	"invalid socket state for poll\000"
 2116      6C696420 
 2116      736F636B 
 2116      65742073 
 2116      74617465 
 2117              		.section	.text.tcp_poll,"ax",%progbits
 2118              		.align	1
 2119              		.global	tcp_poll
 2120              		.syntax unified
ARM GAS  C:\msys64\tmp\cc73uNFg.s 			page 84


 2121              		.thumb
 2122              		.thumb_func
 2124              	tcp_poll:
 2125              	.LVL204:
 2126              	.LFB201:
2084:Middlewares/Third_Party/LwIP/src/core/tcp.c **** #endif /* LWIP_CALLBACK_API */
2085:Middlewares/Third_Party/LwIP/src/core/tcp.c **** 
2086:Middlewares/Third_Party/LwIP/src/core/tcp.c **** 
2087:Middlewares/Third_Party/LwIP/src/core/tcp.c **** /**
2088:Middlewares/Third_Party/LwIP/src/core/tcp.c ****  * @ingroup tcp_raw
2089:Middlewares/Third_Party/LwIP/src/core/tcp.c ****  * Specifies the polling interval and the callback function that should
2090:Middlewares/Third_Party/LwIP/src/core/tcp.c ****  * be called to poll the application. The interval is specified in
2091:Middlewares/Third_Party/LwIP/src/core/tcp.c ****  * number of TCP coarse grained timer shots, which typically occurs
2092:Middlewares/Third_Party/LwIP/src/core/tcp.c ****  * twice a second. An interval of 10 means that the application would
2093:Middlewares/Third_Party/LwIP/src/core/tcp.c ****  * be polled every 5 seconds.
2094:Middlewares/Third_Party/LwIP/src/core/tcp.c ****  * 
2095:Middlewares/Third_Party/LwIP/src/core/tcp.c ****  * When a connection is idle (i.e., no data is either transmitted or
2096:Middlewares/Third_Party/LwIP/src/core/tcp.c ****  * received), lwIP will repeatedly poll the application by calling a
2097:Middlewares/Third_Party/LwIP/src/core/tcp.c ****  * specified callback function. This can be used either as a watchdog
2098:Middlewares/Third_Party/LwIP/src/core/tcp.c ****  * timer for killing connections that have stayed idle for too long, or
2099:Middlewares/Third_Party/LwIP/src/core/tcp.c ****  * as a method of waiting for memory to become available. For instance,
2100:Middlewares/Third_Party/LwIP/src/core/tcp.c ****  * if a call to tcp_write() has failed because memory wasn't available,
2101:Middlewares/Third_Party/LwIP/src/core/tcp.c ****  * the application may use the polling functionality to call tcp_write()
2102:Middlewares/Third_Party/LwIP/src/core/tcp.c ****  * again when the connection has been idle for a while.
2103:Middlewares/Third_Party/LwIP/src/core/tcp.c ****  */
2104:Middlewares/Third_Party/LwIP/src/core/tcp.c **** void
2105:Middlewares/Third_Party/LwIP/src/core/tcp.c **** tcp_poll(struct tcp_pcb *pcb, tcp_poll_fn poll, u8_t interval)
2106:Middlewares/Third_Party/LwIP/src/core/tcp.c **** {
 2127              		.loc 1 2106 1 is_stmt 1 view -0
 2128              		.cfi_startproc
 2129              		@ args = 0, pretend = 0, frame = 0
 2130              		@ frame_needed = 0, uses_anonymous_args = 0
 2131              		.loc 1 2106 1 is_stmt 0 view .LVU576
 2132 0000 70B5     		push	{r4, r5, r6, lr}
 2133              	.LCFI25:
 2134              		.cfi_def_cfa_offset 16
 2135              		.cfi_offset 4, -16
 2136              		.cfi_offset 5, -12
 2137              		.cfi_offset 6, -8
 2138              		.cfi_offset 14, -4
2107:Middlewares/Third_Party/LwIP/src/core/tcp.c ****   LWIP_ASSERT_CORE_LOCKED();
 2139              		.loc 1 2107 28 is_stmt 1 view .LVU577
2108:Middlewares/Third_Party/LwIP/src/core/tcp.c **** 
2109:Middlewares/Third_Party/LwIP/src/core/tcp.c ****   LWIP_ERROR("tcp_poll: invalid pcb", pcb != NULL, return);
 2140              		.loc 1 2109 3 view .LVU578
 2141              		.loc 1 2109 3 view .LVU579
 2142 0002 48B1     		cbz	r0, .L225
 2143 0004 0D46     		mov	r5, r1
 2144 0006 1446     		mov	r4, r2
 2145 0008 0646     		mov	r6, r0
 2146              		.loc 1 2109 3 discriminator 2 view .LVU580
2110:Middlewares/Third_Party/LwIP/src/core/tcp.c ****   LWIP_ASSERT("invalid socket state for poll", pcb->state != LISTEN);
 2147              		.loc 1 2110 3 discriminator 2 view .LVU581
 2148              		.loc 1 2110 3 discriminator 2 view .LVU582
 2149 000a 037D     		ldrb	r3, [r0, #20]	@ zero_extendqisi2
 2150 000c 012B     		cmp	r3, #1
 2151 000e 0BD0     		beq	.L226
ARM GAS  C:\msys64\tmp\cc73uNFg.s 			page 85


 2152              	.LVL205:
 2153              	.L223:
 2154              		.loc 1 2110 3 discriminator 3 view .LVU583
 2155              		.loc 1 2110 3 discriminator 3 view .LVU584
2111:Middlewares/Third_Party/LwIP/src/core/tcp.c **** 
2112:Middlewares/Third_Party/LwIP/src/core/tcp.c **** #if LWIP_CALLBACK_API
2113:Middlewares/Third_Party/LwIP/src/core/tcp.c ****   pcb->poll = poll;
 2156              		.loc 1 2113 3 discriminator 3 view .LVU585
 2157              		.loc 1 2113 13 is_stmt 0 discriminator 3 view .LVU586
 2158 0010 C6F88850 		str	r5, [r6, #136]
2114:Middlewares/Third_Party/LwIP/src/core/tcp.c **** #else /* LWIP_CALLBACK_API */
2115:Middlewares/Third_Party/LwIP/src/core/tcp.c ****   LWIP_UNUSED_ARG(poll);
2116:Middlewares/Third_Party/LwIP/src/core/tcp.c **** #endif /* LWIP_CALLBACK_API */
2117:Middlewares/Third_Party/LwIP/src/core/tcp.c ****   pcb->pollinterval = interval;
 2159              		.loc 1 2117 3 is_stmt 1 discriminator 3 view .LVU587
 2160              		.loc 1 2117 21 is_stmt 0 discriminator 3 view .LVU588
 2161 0014 7477     		strb	r4, [r6, #29]
 2162              	.LVL206:
 2163              	.L220:
2118:Middlewares/Third_Party/LwIP/src/core/tcp.c **** }
 2164              		.loc 1 2118 1 view .LVU589
 2165 0016 70BD     		pop	{r4, r5, r6, pc}
 2166              	.LVL207:
 2167              	.L225:
2109:Middlewares/Third_Party/LwIP/src/core/tcp.c ****   LWIP_ASSERT("invalid socket state for poll", pcb->state != LISTEN);
 2168              		.loc 1 2109 3 is_stmt 1 discriminator 1 view .LVU590
2109:Middlewares/Third_Party/LwIP/src/core/tcp.c ****   LWIP_ASSERT("invalid socket state for poll", pcb->state != LISTEN);
 2169              		.loc 1 2109 3 discriminator 1 view .LVU591
 2170 0018 074B     		ldr	r3, .L227
 2171 001a 40F63D02 		movw	r2, #2109
 2172              	.LVL208:
2109:Middlewares/Third_Party/LwIP/src/core/tcp.c ****   LWIP_ASSERT("invalid socket state for poll", pcb->state != LISTEN);
 2173              		.loc 1 2109 3 is_stmt 0 discriminator 1 view .LVU592
 2174 001e 0749     		ldr	r1, .L227+4
 2175              	.LVL209:
2109:Middlewares/Third_Party/LwIP/src/core/tcp.c ****   LWIP_ASSERT("invalid socket state for poll", pcb->state != LISTEN);
 2176              		.loc 1 2109 3 discriminator 1 view .LVU593
 2177 0020 0748     		ldr	r0, .L227+8
 2178              	.LVL210:
2109:Middlewares/Third_Party/LwIP/src/core/tcp.c ****   LWIP_ASSERT("invalid socket state for poll", pcb->state != LISTEN);
 2179              		.loc 1 2109 3 discriminator 1 view .LVU594
 2180 0022 FFF7FEFF 		bl	printf
 2181              	.LVL211:
2109:Middlewares/Third_Party/LwIP/src/core/tcp.c ****   LWIP_ASSERT("invalid socket state for poll", pcb->state != LISTEN);
 2182              		.loc 1 2109 3 is_stmt 1 discriminator 1 view .LVU595
2109:Middlewares/Third_Party/LwIP/src/core/tcp.c ****   LWIP_ASSERT("invalid socket state for poll", pcb->state != LISTEN);
 2183              		.loc 1 2109 3 discriminator 1 view .LVU596
 2184 0026 F6E7     		b	.L220
 2185              	.LVL212:
 2186              	.L226:
2110:Middlewares/Third_Party/LwIP/src/core/tcp.c **** 
 2187              		.loc 1 2110 3 discriminator 1 view .LVU597
2110:Middlewares/Third_Party/LwIP/src/core/tcp.c **** 
 2188              		.loc 1 2110 3 discriminator 1 view .LVU598
 2189 0028 034B     		ldr	r3, .L227
 2190 002a 40F63E02 		movw	r2, #2110
 2191              	.LVL213:
ARM GAS  C:\msys64\tmp\cc73uNFg.s 			page 86


2110:Middlewares/Third_Party/LwIP/src/core/tcp.c **** 
 2192              		.loc 1 2110 3 is_stmt 0 discriminator 1 view .LVU599
 2193 002e 0549     		ldr	r1, .L227+12
 2194              	.LVL214:
2110:Middlewares/Third_Party/LwIP/src/core/tcp.c **** 
 2195              		.loc 1 2110 3 discriminator 1 view .LVU600
 2196 0030 0348     		ldr	r0, .L227+8
 2197              	.LVL215:
2110:Middlewares/Third_Party/LwIP/src/core/tcp.c **** 
 2198              		.loc 1 2110 3 discriminator 1 view .LVU601
 2199 0032 FFF7FEFF 		bl	printf
 2200              	.LVL216:
 2201 0036 EBE7     		b	.L223
 2202              	.L228:
 2203              		.align	2
 2204              	.L227:
 2205 0038 00000000 		.word	.LC0
 2206 003c 00000000 		.word	.LC19
 2207 0040 54000000 		.word	.LC2
 2208 0044 18000000 		.word	.LC20
 2209              		.cfi_endproc
 2210              	.LFE201:
 2212              		.section	.rodata.tcp_pcb_purge.str1.4,"aMS",%progbits,1
 2213              		.align	2
 2214              	.LC21:
 2215 0000 7463705F 		.ascii	"tcp_pcb_purge: invalid pcb\000"
 2215      7063625F 
 2215      70757267 
 2215      653A2069 
 2215      6E76616C 
 2216              		.section	.text.tcp_pcb_purge,"ax",%progbits
 2217              		.align	1
 2218              		.global	tcp_pcb_purge
 2219              		.syntax unified
 2220              		.thumb
 2221              		.thumb_func
 2223              	tcp_pcb_purge:
 2224              	.LVL217:
 2225              	.LFB202:
2119:Middlewares/Third_Party/LwIP/src/core/tcp.c **** 
2120:Middlewares/Third_Party/LwIP/src/core/tcp.c **** /**
2121:Middlewares/Third_Party/LwIP/src/core/tcp.c ****  * Purges a TCP PCB. Removes any buffered data and frees the buffer memory
2122:Middlewares/Third_Party/LwIP/src/core/tcp.c ****  * (pcb->ooseq, pcb->unsent and pcb->unacked are freed).
2123:Middlewares/Third_Party/LwIP/src/core/tcp.c ****  *
2124:Middlewares/Third_Party/LwIP/src/core/tcp.c ****  * @param pcb tcp_pcb to purge. The pcb itself is not deallocated!
2125:Middlewares/Third_Party/LwIP/src/core/tcp.c ****  */
2126:Middlewares/Third_Party/LwIP/src/core/tcp.c **** void
2127:Middlewares/Third_Party/LwIP/src/core/tcp.c **** tcp_pcb_purge(struct tcp_pcb *pcb)
2128:Middlewares/Third_Party/LwIP/src/core/tcp.c **** {
 2226              		.loc 1 2128 1 is_stmt 1 view -0
 2227              		.cfi_startproc
 2228              		@ args = 0, pretend = 0, frame = 0
 2229              		@ frame_needed = 0, uses_anonymous_args = 0
 2230              		.loc 1 2128 1 is_stmt 0 view .LVU603
 2231 0000 10B5     		push	{r4, lr}
 2232              	.LCFI26:
 2233              		.cfi_def_cfa_offset 8
ARM GAS  C:\msys64\tmp\cc73uNFg.s 			page 87


 2234              		.cfi_offset 4, -8
 2235              		.cfi_offset 14, -4
2129:Middlewares/Third_Party/LwIP/src/core/tcp.c ****   LWIP_ERROR("tcp_pcb_purge: invalid pcb", pcb != NULL, return);
 2236              		.loc 1 2129 3 is_stmt 1 view .LVU604
 2237              		.loc 1 2129 3 view .LVU605
 2238 0002 C8B1     		cbz	r0, .L234
 2239 0004 0446     		mov	r4, r0
 2240              		.loc 1 2129 3 discriminator 2 view .LVU606
2130:Middlewares/Third_Party/LwIP/src/core/tcp.c **** 
2131:Middlewares/Third_Party/LwIP/src/core/tcp.c ****   if (pcb->state != CLOSED &&
 2241              		.loc 1 2131 3 discriminator 2 view .LVU607
 2242              		.loc 1 2131 10 is_stmt 0 discriminator 2 view .LVU608
 2243 0006 037D     		ldrb	r3, [r0, #20]	@ zero_extendqisi2
 2244              		.loc 1 2131 6 discriminator 2 view .LVU609
 2245 0008 ABB1     		cbz	r3, .L229
 2246              		.loc 1 2131 28 discriminator 1 view .LVU610
 2247 000a 0A2B     		cmp	r3, #10
 2248 000c 13D0     		beq	.L229
2132:Middlewares/Third_Party/LwIP/src/core/tcp.c ****       pcb->state != TIME_WAIT &&
 2249              		.loc 1 2132 31 view .LVU611
 2250 000e 012B     		cmp	r3, #1
 2251 0010 11D0     		beq	.L229
2133:Middlewares/Third_Party/LwIP/src/core/tcp.c ****       pcb->state != LISTEN) {
2134:Middlewares/Third_Party/LwIP/src/core/tcp.c **** 
2135:Middlewares/Third_Party/LwIP/src/core/tcp.c ****     LWIP_DEBUGF(TCP_DEBUG, ("tcp_pcb_purge\n"));
 2252              		.loc 1 2135 48 is_stmt 1 view .LVU612
2136:Middlewares/Third_Party/LwIP/src/core/tcp.c **** 
2137:Middlewares/Third_Party/LwIP/src/core/tcp.c ****     tcp_backlog_accepted(pcb);
 2253              		.loc 1 2137 30 view .LVU613
2138:Middlewares/Third_Party/LwIP/src/core/tcp.c **** 
2139:Middlewares/Third_Party/LwIP/src/core/tcp.c ****     if (pcb->refused_data != NULL) {
 2254              		.loc 1 2139 5 view .LVU614
 2255              		.loc 1 2139 12 is_stmt 0 view .LVU615
 2256 0012 406F     		ldr	r0, [r0, #116]
 2257              	.LVL218:
 2258              		.loc 1 2139 8 view .LVU616
 2259 0014 18B1     		cbz	r0, .L232
2140:Middlewares/Third_Party/LwIP/src/core/tcp.c ****       LWIP_DEBUGF(TCP_DEBUG, ("tcp_pcb_purge: data left on ->refused_data\n"));
 2260              		.loc 1 2140 79 is_stmt 1 view .LVU617
2141:Middlewares/Third_Party/LwIP/src/core/tcp.c ****       pbuf_free(pcb->refused_data);
 2261              		.loc 1 2141 7 view .LVU618
 2262 0016 FFF7FEFF 		bl	pbuf_free
 2263              	.LVL219:
2142:Middlewares/Third_Party/LwIP/src/core/tcp.c ****       pcb->refused_data = NULL;
 2264              		.loc 1 2142 7 view .LVU619
 2265              		.loc 1 2142 25 is_stmt 0 view .LVU620
 2266 001a 0023     		movs	r3, #0
 2267 001c 6367     		str	r3, [r4, #116]
 2268              	.L232:
2143:Middlewares/Third_Party/LwIP/src/core/tcp.c ****     }
2144:Middlewares/Third_Party/LwIP/src/core/tcp.c ****     if (pcb->unsent != NULL) {
 2269              		.loc 1 2144 5 is_stmt 1 view .LVU621
2145:Middlewares/Third_Party/LwIP/src/core/tcp.c ****       LWIP_DEBUGF(TCP_DEBUG, ("tcp_pcb_purge: not all data sent\n"));
 2270              		.loc 1 2145 69 view .LVU622
2146:Middlewares/Third_Party/LwIP/src/core/tcp.c ****     }
2147:Middlewares/Third_Party/LwIP/src/core/tcp.c ****     if (pcb->unacked != NULL) {
 2271              		.loc 1 2147 5 view .LVU623
ARM GAS  C:\msys64\tmp\cc73uNFg.s 			page 88


2148:Middlewares/Third_Party/LwIP/src/core/tcp.c ****       LWIP_DEBUGF(TCP_DEBUG, ("tcp_pcb_purge: data left on ->unacked\n"));
 2272              		.loc 1 2148 74 view .LVU624
2149:Middlewares/Third_Party/LwIP/src/core/tcp.c ****     }
2150:Middlewares/Third_Party/LwIP/src/core/tcp.c **** #if TCP_QUEUE_OOSEQ
2151:Middlewares/Third_Party/LwIP/src/core/tcp.c ****     if (pcb->ooseq != NULL) {
2152:Middlewares/Third_Party/LwIP/src/core/tcp.c ****       LWIP_DEBUGF(TCP_DEBUG, ("tcp_pcb_purge: data left on ->ooseq\n"));
2153:Middlewares/Third_Party/LwIP/src/core/tcp.c ****       tcp_free_ooseq(pcb);
2154:Middlewares/Third_Party/LwIP/src/core/tcp.c ****     }
2155:Middlewares/Third_Party/LwIP/src/core/tcp.c **** #endif /* TCP_QUEUE_OOSEQ */
2156:Middlewares/Third_Party/LwIP/src/core/tcp.c **** 
2157:Middlewares/Third_Party/LwIP/src/core/tcp.c ****     /* Stop the retransmission timer as it will expect data on unacked
2158:Middlewares/Third_Party/LwIP/src/core/tcp.c ****        queue if it fires */
2159:Middlewares/Third_Party/LwIP/src/core/tcp.c ****     pcb->rtime = -1;
 2273              		.loc 1 2159 5 view .LVU625
 2274              		.loc 1 2159 16 is_stmt 0 view .LVU626
 2275 001e 4FF6FF73 		movw	r3, #65535
 2276 0022 2386     		strh	r3, [r4, #48]	@ movhi
2160:Middlewares/Third_Party/LwIP/src/core/tcp.c **** 
2161:Middlewares/Third_Party/LwIP/src/core/tcp.c ****     tcp_segs_free(pcb->unsent);
 2277              		.loc 1 2161 5 is_stmt 1 view .LVU627
 2278 0024 E06E     		ldr	r0, [r4, #108]
 2279 0026 FFF7FEFF 		bl	tcp_segs_free
 2280              	.LVL220:
2162:Middlewares/Third_Party/LwIP/src/core/tcp.c ****     tcp_segs_free(pcb->unacked);
 2281              		.loc 1 2162 5 view .LVU628
 2282 002a 206F     		ldr	r0, [r4, #112]
 2283 002c FFF7FEFF 		bl	tcp_segs_free
 2284              	.LVL221:
2163:Middlewares/Third_Party/LwIP/src/core/tcp.c ****     pcb->unacked = pcb->unsent = NULL;
 2285              		.loc 1 2163 5 view .LVU629
 2286              		.loc 1 2163 32 is_stmt 0 view .LVU630
 2287 0030 0023     		movs	r3, #0
 2288 0032 E366     		str	r3, [r4, #108]
 2289              		.loc 1 2163 18 view .LVU631
 2290 0034 2367     		str	r3, [r4, #112]
 2291              	.LVL222:
 2292              	.L229:
2164:Middlewares/Third_Party/LwIP/src/core/tcp.c **** #if TCP_OVERSIZE
2165:Middlewares/Third_Party/LwIP/src/core/tcp.c ****     pcb->unsent_oversize = 0;
2166:Middlewares/Third_Party/LwIP/src/core/tcp.c **** #endif /* TCP_OVERSIZE */
2167:Middlewares/Third_Party/LwIP/src/core/tcp.c ****   }
2168:Middlewares/Third_Party/LwIP/src/core/tcp.c **** }
 2293              		.loc 1 2168 1 view .LVU632
 2294 0036 10BD     		pop	{r4, pc}
 2295              	.LVL223:
 2296              	.L234:
2129:Middlewares/Third_Party/LwIP/src/core/tcp.c **** 
 2297              		.loc 1 2129 3 is_stmt 1 discriminator 1 view .LVU633
2129:Middlewares/Third_Party/LwIP/src/core/tcp.c **** 
 2298              		.loc 1 2129 3 discriminator 1 view .LVU634
 2299 0038 034B     		ldr	r3, .L235
 2300 003a 40F65102 		movw	r2, #2129
 2301 003e 0349     		ldr	r1, .L235+4
 2302 0040 0348     		ldr	r0, .L235+8
 2303              	.LVL224:
2129:Middlewares/Third_Party/LwIP/src/core/tcp.c **** 
 2304              		.loc 1 2129 3 is_stmt 0 discriminator 1 view .LVU635
ARM GAS  C:\msys64\tmp\cc73uNFg.s 			page 89


 2305 0042 FFF7FEFF 		bl	printf
 2306              	.LVL225:
2129:Middlewares/Third_Party/LwIP/src/core/tcp.c **** 
 2307              		.loc 1 2129 3 is_stmt 1 discriminator 1 view .LVU636
2129:Middlewares/Third_Party/LwIP/src/core/tcp.c **** 
 2308              		.loc 1 2129 3 discriminator 1 view .LVU637
 2309 0046 F6E7     		b	.L229
 2310              	.L236:
 2311              		.align	2
 2312              	.L235:
 2313 0048 00000000 		.word	.LC0
 2314 004c 00000000 		.word	.LC21
 2315 0050 54000000 		.word	.LC2
 2316              		.cfi_endproc
 2317              	.LFE202:
 2319              		.section	.rodata.tcp_slowtmr.str1.4,"aMS",%progbits,1
 2320              		.align	2
 2321              	.LC22:
 2322 0000 7463705F 		.ascii	"tcp_slowtmr: active pcb->state != CLOSED\012\000"
 2322      736C6F77 
 2322      746D723A 
 2322      20616374 
 2322      69766520 
 2323 002a 0000     		.align	2
 2324              	.LC23:
 2325 002c 7463705F 		.ascii	"tcp_slowtmr: active pcb->state != LISTEN\012\000"
 2325      736C6F77 
 2325      746D723A 
 2325      20616374 
 2325      69766520 
 2326 0056 0000     		.align	2
 2327              	.LC24:
 2328 0058 7463705F 		.ascii	"tcp_slowtmr: active pcb->state != TIME-WAIT\012\000"
 2328      736C6F77 
 2328      746D723A 
 2328      20616374 
 2328      69766520 
 2329 0085 000000   		.align	2
 2330              	.LC25:
 2331 0088 7463705F 		.ascii	"tcp_slowtimr: persist ticking with in-flight data\000"
 2331      736C6F77 
 2331      74696D72 
 2331      3A207065 
 2331      72736973 
 2332 00ba 0000     		.align	2
 2333              	.LC26:
 2334 00bc 7463705F 		.ascii	"tcp_slowtimr: persist ticking with empty send buffe"
 2334      736C6F77 
 2334      74696D72 
 2334      3A207065 
 2334      72736973 
 2335 00ef 7200     		.ascii	"r\000"
 2336 00f1 000000   		.align	2
 2337              	.LC27:
 2338 00f4 7463705F 		.ascii	"tcp_slowtmr: middle tcp != tcp_active_pcbs\000"
 2338      736C6F77 
 2338      746D723A 
ARM GAS  C:\msys64\tmp\cc73uNFg.s 			page 90


 2338      206D6964 
 2338      646C6520 
 2339 011f 00       		.align	2
 2340              	.LC28:
 2341 0120 7463705F 		.ascii	"tcp_slowtmr: first pcb == tcp_active_pcbs\000"
 2341      736C6F77 
 2341      746D723A 
 2341      20666972 
 2341      73742070 
 2342 014a 0000     		.align	2
 2343              	.LC29:
 2344 014c 7463705F 		.ascii	"tcp_slowtmr: TIME-WAIT pcb->state == TIME-WAIT\000"
 2344      736C6F77 
 2344      746D723A 
 2344      2054494D 
 2344      452D5741 
 2345 017b 00       		.align	2
 2346              	.LC30:
 2347 017c 7463705F 		.ascii	"tcp_slowtmr: middle tcp != tcp_tw_pcbs\000"
 2347      736C6F77 
 2347      746D723A 
 2347      206D6964 
 2347      646C6520 
 2348 01a3 00       		.align	2
 2349              	.LC31:
 2350 01a4 7463705F 		.ascii	"tcp_slowtmr: first pcb == tcp_tw_pcbs\000"
 2350      736C6F77 
 2350      746D723A 
 2350      20666972 
 2350      73742070 
 2351              		.section	.text.tcp_slowtmr,"ax",%progbits
 2352              		.align	1
 2353              		.global	tcp_slowtmr
 2354              		.syntax unified
 2355              		.thumb
 2356              		.thumb_func
 2358              	tcp_slowtmr:
 2359              	.LFB181:
1193:Middlewares/Third_Party/LwIP/src/core/tcp.c ****   struct tcp_pcb *pcb, *prev;
 2360              		.loc 1 1193 1 view -0
 2361              		.cfi_startproc
 2362              		@ args = 0, pretend = 0, frame = 0
 2363              		@ frame_needed = 0, uses_anonymous_args = 0
 2364 0000 2DE9F041 		push	{r4, r5, r6, r7, r8, lr}
 2365              	.LCFI27:
 2366              		.cfi_def_cfa_offset 24
 2367              		.cfi_offset 4, -24
 2368              		.cfi_offset 5, -20
 2369              		.cfi_offset 6, -16
 2370              		.cfi_offset 7, -12
 2371              		.cfi_offset 8, -8
 2372              		.cfi_offset 14, -4
 2373 0004 84B0     		sub	sp, sp, #16
 2374              	.LCFI28:
 2375              		.cfi_def_cfa_offset 40
1194:Middlewares/Third_Party/LwIP/src/core/tcp.c ****   tcpwnd_size_t eff_wnd;
 2376              		.loc 1 1194 3 view .LVU639
ARM GAS  C:\msys64\tmp\cc73uNFg.s 			page 91


1195:Middlewares/Third_Party/LwIP/src/core/tcp.c ****   u8_t pcb_remove;      /* flag if a PCB should be removed */
 2377              		.loc 1 1195 3 view .LVU640
1196:Middlewares/Third_Party/LwIP/src/core/tcp.c ****   u8_t pcb_reset;       /* flag if a RST should be sent when removing */
 2378              		.loc 1 1196 3 view .LVU641
1197:Middlewares/Third_Party/LwIP/src/core/tcp.c ****   err_t err;
 2379              		.loc 1 1197 3 view .LVU642
1198:Middlewares/Third_Party/LwIP/src/core/tcp.c **** 
 2380              		.loc 1 1198 3 view .LVU643
1200:Middlewares/Third_Party/LwIP/src/core/tcp.c **** 
 2381              		.loc 1 1200 3 view .LVU644
 2382              	.LVL226:
1202:Middlewares/Third_Party/LwIP/src/core/tcp.c ****   ++tcp_timer_ctr;
 2383              		.loc 1 1202 3 view .LVU645
 2384 0006 A84A     		ldr	r2, .L320
 2385 0008 1368     		ldr	r3, [r2]
 2386 000a 0133     		adds	r3, r3, #1
 2387 000c 1360     		str	r3, [r2]
1203:Middlewares/Third_Party/LwIP/src/core/tcp.c **** 
 2388              		.loc 1 1203 3 view .LVU646
 2389 000e A74A     		ldr	r2, .L320+4
 2390 0010 1378     		ldrb	r3, [r2]	@ zero_extendqisi2
 2391 0012 0133     		adds	r3, r3, #1
 2392 0014 1370     		strb	r3, [r2]
 2393              	.L239:
 2394              	.LVL227:
 2395              	.L238:
1207:Middlewares/Third_Party/LwIP/src/core/tcp.c ****   pcb = tcp_active_pcbs;
 2396              		.loc 1 1207 3 view .LVU647
1208:Middlewares/Third_Party/LwIP/src/core/tcp.c ****   if (pcb == NULL) {
 2397              		.loc 1 1208 3 view .LVU648
1208:Middlewares/Third_Party/LwIP/src/core/tcp.c ****   if (pcb == NULL) {
 2398              		.loc 1 1208 7 is_stmt 0 view .LVU649
 2399 0016 A64B     		ldr	r3, .L320+8
 2400 0018 1C68     		ldr	r4, [r3]
 2401              	.LVL228:
1209:Middlewares/Third_Party/LwIP/src/core/tcp.c ****     LWIP_DEBUGF(TCP_DEBUG, ("tcp_slowtmr: no active pcbs\n"));
 2402              		.loc 1 1209 3 is_stmt 1 view .LVU650
1210:Middlewares/Third_Party/LwIP/src/core/tcp.c ****   }
 2403              		.loc 1 1210 62 view .LVU651
1212:Middlewares/Third_Party/LwIP/src/core/tcp.c ****     LWIP_DEBUGF(TCP_DEBUG, ("tcp_slowtmr: processing active pcb\n"));
 2404              		.loc 1 1212 3 view .LVU652
1207:Middlewares/Third_Party/LwIP/src/core/tcp.c ****   pcb = tcp_active_pcbs;
 2405              		.loc 1 1207 8 is_stmt 0 view .LVU653
 2406 001a 0027     		movs	r7, #0
1212:Middlewares/Third_Party/LwIP/src/core/tcp.c ****     LWIP_DEBUGF(TCP_DEBUG, ("tcp_slowtmr: processing active pcb\n"));
 2407              		.loc 1 1212 9 view .LVU654
 2408 001c 86E1     		b	.L240
 2409              	.LVL229:
 2410              	.L310:
1214:Middlewares/Third_Party/LwIP/src/core/tcp.c ****     LWIP_ASSERT("tcp_slowtmr: active pcb->state != LISTEN\n", pcb->state != LISTEN);
 2411              		.loc 1 1214 5 is_stmt 1 discriminator 1 view .LVU655
1214:Middlewares/Third_Party/LwIP/src/core/tcp.c ****     LWIP_ASSERT("tcp_slowtmr: active pcb->state != LISTEN\n", pcb->state != LISTEN);
 2412              		.loc 1 1214 5 discriminator 1 view .LVU656
 2413 001e A54B     		ldr	r3, .L320+12
 2414 0020 40F2BE42 		movw	r2, #1214
 2415 0024 A449     		ldr	r1, .L320+16
 2416 0026 A548     		ldr	r0, .L320+20
ARM GAS  C:\msys64\tmp\cc73uNFg.s 			page 92


 2417 0028 FFF7FEFF 		bl	printf
 2418              	.LVL230:
 2419 002c 84E1     		b	.L241
 2420              	.L311:
1215:Middlewares/Third_Party/LwIP/src/core/tcp.c ****     LWIP_ASSERT("tcp_slowtmr: active pcb->state != TIME-WAIT\n", pcb->state != TIME_WAIT);
 2421              		.loc 1 1215 5 discriminator 1 view .LVU657
1215:Middlewares/Third_Party/LwIP/src/core/tcp.c ****     LWIP_ASSERT("tcp_slowtmr: active pcb->state != TIME-WAIT\n", pcb->state != TIME_WAIT);
 2422              		.loc 1 1215 5 discriminator 1 view .LVU658
 2423 002e A14B     		ldr	r3, .L320+12
 2424 0030 40F2BF42 		movw	r2, #1215
 2425 0034 A249     		ldr	r1, .L320+24
 2426 0036 A148     		ldr	r0, .L320+20
 2427 0038 FFF7FEFF 		bl	printf
 2428              	.LVL231:
 2429 003c 80E1     		b	.L242
 2430              	.L312:
1216:Middlewares/Third_Party/LwIP/src/core/tcp.c ****     if (pcb->last_timer == tcp_timer_ctr) {
 2431              		.loc 1 1216 5 discriminator 1 view .LVU659
1216:Middlewares/Third_Party/LwIP/src/core/tcp.c ****     if (pcb->last_timer == tcp_timer_ctr) {
 2432              		.loc 1 1216 5 discriminator 1 view .LVU660
 2433 003e 9D4B     		ldr	r3, .L320+12
 2434 0040 4FF49862 		mov	r2, #1216
 2435 0044 9F49     		ldr	r1, .L320+28
 2436 0046 9D48     		ldr	r0, .L320+20
 2437 0048 FFF7FEFF 		bl	printf
 2438              	.LVL232:
 2439 004c 7CE1     		b	.L243
 2440              	.L313:
1219:Middlewares/Third_Party/LwIP/src/core/tcp.c ****       pcb = pcb->next;
 2441              		.loc 1 1219 7 discriminator 1 view .LVU661
 2442              	.LVL233:
1220:Middlewares/Third_Party/LwIP/src/core/tcp.c ****       continue;
 2443              		.loc 1 1220 7 discriminator 1 view .LVU662
1221:Middlewares/Third_Party/LwIP/src/core/tcp.c ****     }
 2444              		.loc 1 1221 7 discriminator 1 view .LVU663
1219:Middlewares/Third_Party/LwIP/src/core/tcp.c ****       pcb = pcb->next;
 2445              		.loc 1 1219 12 is_stmt 0 discriminator 1 view .LVU664
 2446 004e 2746     		mov	r7, r4
1220:Middlewares/Third_Party/LwIP/src/core/tcp.c ****       continue;
 2447              		.loc 1 1220 11 discriminator 1 view .LVU665
 2448 0050 E468     		ldr	r4, [r4, #12]
 2449              	.LVL234:
1221:Middlewares/Third_Party/LwIP/src/core/tcp.c ****     }
 2450              		.loc 1 1221 7 discriminator 1 view .LVU666
 2451 0052 6BE1     		b	.L240
 2452              	.LVL235:
 2453              	.L314:
1228:Middlewares/Third_Party/LwIP/src/core/tcp.c ****       ++pcb_remove;
 2454              		.loc 1 1228 38 discriminator 1 view .LVU667
 2455 0054 94F84230 		ldrb	r3, [r4, #66]	@ zero_extendqisi2
1228:Middlewares/Third_Party/LwIP/src/core/tcp.c ****       ++pcb_remove;
 2456              		.loc 1 1228 32 discriminator 1 view .LVU668
 2457 0058 052B     		cmp	r3, #5
 2458 005a 40F28081 		bls	.L246
1229:Middlewares/Third_Party/LwIP/src/core/tcp.c ****       LWIP_DEBUGF(TCP_DEBUG, ("tcp_slowtmr: max SYN retries reached\n"));
 2459              		.loc 1 1229 7 view .LVU669
 2460 005e 0125     		movs	r5, #1
ARM GAS  C:\msys64\tmp\cc73uNFg.s 			page 93


 2461 0060 6FE0     		b	.L247
 2462              	.L315:
1237:Middlewares/Third_Party/LwIP/src/core/tcp.c ****         if (pcb->persist_probe >= TCP_MAXRTX) {
 2463              		.loc 1 1237 9 is_stmt 1 discriminator 1 view .LVU670
1237:Middlewares/Third_Party/LwIP/src/core/tcp.c ****         if (pcb->persist_probe >= TCP_MAXRTX) {
 2464              		.loc 1 1237 9 discriminator 1 view .LVU671
 2465 0062 944B     		ldr	r3, .L320+12
 2466 0064 40F2D542 		movw	r2, #1237
 2467 0068 9749     		ldr	r1, .L320+32
 2468 006a 9448     		ldr	r0, .L320+20
 2469 006c FFF7FEFF 		bl	printf
 2470              	.LVL236:
 2471 0070 8CE1     		b	.L250
 2472              	.LVL237:
 2473              	.L252:
 2474              	.LBB8:
 2475              	.LBB9:
1254:Middlewares/Third_Party/LwIP/src/core/tcp.c ****                 if (tcp_output(pcb) == ERR_OK) {
 2476              		.loc 1 1254 15 view .LVU672
1254:Middlewares/Third_Party/LwIP/src/core/tcp.c ****                 if (tcp_output(pcb) == ERR_OK) {
 2477              		.loc 1 1254 19 is_stmt 0 view .LVU673
 2478 0072 2046     		mov	r0, r4
 2479 0074 FFF7FEFF 		bl	tcp_split_unsent_seg
 2480              	.LVL238:
1254:Middlewares/Third_Party/LwIP/src/core/tcp.c ****                 if (tcp_output(pcb) == ERR_OK) {
 2481              		.loc 1 1254 18 view .LVU674
 2482 0078 60B1     		cbz	r0, .L300
 2483              	.L253:
 2484              	.LVL239:
1262:Middlewares/Third_Party/LwIP/src/core/tcp.c ****               if (pcb->persist_backoff < sizeof(tcp_persist_backoff)) {
 2485              		.loc 1 1262 15 is_stmt 1 view .LVU675
1262:Middlewares/Third_Party/LwIP/src/core/tcp.c ****               if (pcb->persist_backoff < sizeof(tcp_persist_backoff)) {
 2486              		.loc 1 1262 32 is_stmt 0 view .LVU676
 2487 007a 0023     		movs	r3, #0
 2488 007c 84F89430 		strb	r3, [r4, #148]
1263:Middlewares/Third_Party/LwIP/src/core/tcp.c ****                 pcb->persist_backoff++;
 2489              		.loc 1 1263 15 is_stmt 1 view .LVU677
1263:Middlewares/Third_Party/LwIP/src/core/tcp.c ****                 pcb->persist_backoff++;
 2490              		.loc 1 1263 22 is_stmt 0 view .LVU678
 2491 0080 94F89530 		ldrb	r3, [r4, #149]	@ zero_extendqisi2
1263:Middlewares/Third_Party/LwIP/src/core/tcp.c ****                 pcb->persist_backoff++;
 2492              		.loc 1 1263 18 view .LVU679
 2493 0084 062B     		cmp	r3, #6
 2494 0086 00F29380 		bhi	.L290
1264:Middlewares/Third_Party/LwIP/src/core/tcp.c ****               }
 2495              		.loc 1 1264 17 is_stmt 1 view .LVU680
1264:Middlewares/Third_Party/LwIP/src/core/tcp.c ****               }
 2496              		.loc 1 1264 37 is_stmt 0 view .LVU681
 2497 008a 0133     		adds	r3, r3, #1
 2498 008c 84F89530 		strb	r3, [r4, #149]
 2499              	.LBE9:
 2500              	.LBE8:
1225:Middlewares/Third_Party/LwIP/src/core/tcp.c ****     pcb_reset = 0;
 2501              		.loc 1 1225 16 view .LVU682
 2502 0090 0025     		movs	r5, #0
 2503 0092 56E0     		b	.L247
 2504              	.LVL240:
ARM GAS  C:\msys64\tmp\cc73uNFg.s 			page 94


 2505              	.L300:
 2506              	.LBB12:
 2507              	.LBB10:
1255:Middlewares/Third_Party/LwIP/src/core/tcp.c ****                   /* sending will cancel persist timer, else retry with current slot */
 2508              		.loc 1 1255 17 is_stmt 1 view .LVU683
1255:Middlewares/Third_Party/LwIP/src/core/tcp.c ****                   /* sending will cancel persist timer, else retry with current slot */
 2509              		.loc 1 1255 21 is_stmt 0 view .LVU684
 2510 0094 2046     		mov	r0, r4
 2511 0096 FFF7FEFF 		bl	tcp_output
 2512              	.LVL241:
1255:Middlewares/Third_Party/LwIP/src/core/tcp.c ****                   /* sending will cancel persist timer, else retry with current slot */
 2513              		.loc 1 1255 20 view .LVU685
 2514 009a 0028     		cmp	r0, #0
 2515 009c EDD1     		bne	.L253
 2516              	.LBE10:
 2517              	.LBE12:
1225:Middlewares/Third_Party/LwIP/src/core/tcp.c ****     pcb_reset = 0;
 2518              		.loc 1 1225 16 view .LVU686
 2519 009e 0025     		movs	r5, #0
 2520 00a0 4FE0     		b	.L247
 2521              	.LVL242:
 2522              	.L248:
1271:Middlewares/Third_Party/LwIP/src/core/tcp.c ****           ++pcb->rtime;
 2523              		.loc 1 1271 9 is_stmt 1 view .LVU687
1271:Middlewares/Third_Party/LwIP/src/core/tcp.c ****           ++pcb->rtime;
 2524              		.loc 1 1271 17 is_stmt 0 view .LVU688
 2525 00a2 B4F93030 		ldrsh	r3, [r4, #48]
1271:Middlewares/Third_Party/LwIP/src/core/tcp.c ****           ++pcb->rtime;
 2526              		.loc 1 1271 31 view .LVU689
 2527 00a6 9BB2     		uxth	r3, r3
1271:Middlewares/Third_Party/LwIP/src/core/tcp.c ****           ++pcb->rtime;
 2528              		.loc 1 1271 12 view .LVU690
 2529 00a8 47F6FE72 		movw	r2, #32766
 2530 00ac 9342     		cmp	r3, r2
 2531 00ae 01D8     		bhi	.L254
1272:Middlewares/Third_Party/LwIP/src/core/tcp.c ****         }
 2532              		.loc 1 1272 11 is_stmt 1 view .LVU691
 2533 00b0 0133     		adds	r3, r3, #1
 2534 00b2 2386     		strh	r3, [r4, #48]	@ movhi
 2535              	.L254:
1275:Middlewares/Third_Party/LwIP/src/core/tcp.c ****           /* Time for a retransmission. */
 2536              		.loc 1 1275 9 view .LVU692
1275:Middlewares/Third_Party/LwIP/src/core/tcp.c ****           /* Time for a retransmission. */
 2537              		.loc 1 1275 16 is_stmt 0 view .LVU693
 2538 00b4 B4F93020 		ldrsh	r2, [r4, #48]
1275:Middlewares/Third_Party/LwIP/src/core/tcp.c ****           /* Time for a retransmission. */
 2539              		.loc 1 1275 30 view .LVU694
 2540 00b8 B4F94030 		ldrsh	r3, [r4, #64]
1275:Middlewares/Third_Party/LwIP/src/core/tcp.c ****           /* Time for a retransmission. */
 2541              		.loc 1 1275 12 view .LVU695
 2542 00bc 9A42     		cmp	r2, r3
 2543 00be 40DB     		blt	.L247
1279:Middlewares/Third_Party/LwIP/src/core/tcp.c ****           /* If prepare phase fails but we have unsent data but no unacked data,
 2544              		.loc 1 1279 61 is_stmt 1 view .LVU696
1283:Middlewares/Third_Party/LwIP/src/core/tcp.c ****             /* Double retransmission time-out unless we are trying to
 2545              		.loc 1 1283 11 view .LVU697
1283:Middlewares/Third_Party/LwIP/src/core/tcp.c ****             /* Double retransmission time-out unless we are trying to
ARM GAS  C:\msys64\tmp\cc73uNFg.s 			page 95


 2546              		.loc 1 1283 16 is_stmt 0 view .LVU698
 2547 00c0 2046     		mov	r0, r4
 2548 00c2 FFF7FEFF 		bl	tcp_rexmit_rto_prepare
 2549              	.LVL243:
1283:Middlewares/Third_Party/LwIP/src/core/tcp.c ****             /* Double retransmission time-out unless we are trying to
 2550              		.loc 1 1283 14 view .LVU699
 2551 00c6 20B1     		cbz	r0, .L255
1283:Middlewares/Third_Party/LwIP/src/core/tcp.c ****             /* Double retransmission time-out unless we are trying to
 2552              		.loc 1 1283 63 discriminator 1 view .LVU700
 2553 00c8 236F     		ldr	r3, [r4, #112]
1283:Middlewares/Third_Party/LwIP/src/core/tcp.c ****             /* Double retransmission time-out unless we are trying to
 2554              		.loc 1 1283 55 discriminator 1 view .LVU701
 2555 00ca 002B     		cmp	r3, #0
 2556 00cc 39D1     		bne	.L247
1283:Middlewares/Third_Party/LwIP/src/core/tcp.c ****             /* Double retransmission time-out unless we are trying to
 2557              		.loc 1 1283 89 discriminator 2 view .LVU702
 2558 00ce E36E     		ldr	r3, [r4, #108]
1283:Middlewares/Third_Party/LwIP/src/core/tcp.c ****             /* Double retransmission time-out unless we are trying to
 2559              		.loc 1 1283 82 discriminator 2 view .LVU703
 2560 00d0 BBB3     		cbz	r3, .L247
 2561              	.L255:
1286:Middlewares/Third_Party/LwIP/src/core/tcp.c ****               u8_t backoff_idx = LWIP_MIN(pcb->nrtx, sizeof(tcp_backoff) - 1);
 2562              		.loc 1 1286 13 is_stmt 1 view .LVU704
1286:Middlewares/Third_Party/LwIP/src/core/tcp.c ****               u8_t backoff_idx = LWIP_MIN(pcb->nrtx, sizeof(tcp_backoff) - 1);
 2563              		.loc 1 1286 20 is_stmt 0 view .LVU705
 2564 00d2 237D     		ldrb	r3, [r4, #20]	@ zero_extendqisi2
1286:Middlewares/Third_Party/LwIP/src/core/tcp.c ****               u8_t backoff_idx = LWIP_MIN(pcb->nrtx, sizeof(tcp_backoff) - 1);
 2565              		.loc 1 1286 16 view .LVU706
 2566 00d4 022B     		cmp	r3, #2
 2567 00d6 14D0     		beq	.L256
 2568              	.LBB13:
1287:Middlewares/Third_Party/LwIP/src/core/tcp.c ****               int calc_rto = ((pcb->sa >> 3) + pcb->sv) << tcp_backoff[backoff_idx];
 2569              		.loc 1 1287 15 is_stmt 1 view .LVU707
1287:Middlewares/Third_Party/LwIP/src/core/tcp.c ****               int calc_rto = ((pcb->sa >> 3) + pcb->sv) << tcp_backoff[backoff_idx];
 2570              		.loc 1 1287 34 is_stmt 0 view .LVU708
 2571 00d8 94F84220 		ldrb	r2, [r4, #66]	@ zero_extendqisi2
1287:Middlewares/Third_Party/LwIP/src/core/tcp.c ****               int calc_rto = ((pcb->sa >> 3) + pcb->sv) << tcp_backoff[backoff_idx];
 2572              		.loc 1 1287 20 view .LVU709
 2573 00dc 0C2A     		cmp	r2, #12
 2574 00de 28BF     		it	cs
 2575 00e0 0C22     		movcs	r2, #12
 2576              	.LVL244:
1288:Middlewares/Third_Party/LwIP/src/core/tcp.c ****               pcb->rto = (s16_t)LWIP_MIN(calc_rto, 0x7FFF);
 2577              		.loc 1 1288 15 is_stmt 1 view .LVU710
1288:Middlewares/Third_Party/LwIP/src/core/tcp.c ****               pcb->rto = (s16_t)LWIP_MIN(calc_rto, 0x7FFF);
 2578              		.loc 1 1288 35 is_stmt 0 view .LVU711
 2579 00e2 B4F93C10 		ldrsh	r1, [r4, #60]
1288:Middlewares/Third_Party/LwIP/src/core/tcp.c ****               pcb->rto = (s16_t)LWIP_MIN(calc_rto, 0x7FFF);
 2580              		.loc 1 1288 51 view .LVU712
 2581 00e6 B4F93E30 		ldrsh	r3, [r4, #62]
1288:Middlewares/Third_Party/LwIP/src/core/tcp.c ****               pcb->rto = (s16_t)LWIP_MIN(calc_rto, 0x7FFF);
 2582              		.loc 1 1288 46 view .LVU713
 2583 00ea 03EBE103 		add	r3, r3, r1, asr #3
1288:Middlewares/Third_Party/LwIP/src/core/tcp.c ****               pcb->rto = (s16_t)LWIP_MIN(calc_rto, 0x7FFF);
 2584              		.loc 1 1288 71 view .LVU714
 2585 00ee 7749     		ldr	r1, .L320+36
 2586 00f0 8A5C     		ldrb	r2, [r1, r2]	@ zero_extendqisi2
ARM GAS  C:\msys64\tmp\cc73uNFg.s 			page 96


 2587              	.LVL245:
1288:Middlewares/Third_Party/LwIP/src/core/tcp.c ****               pcb->rto = (s16_t)LWIP_MIN(calc_rto, 0x7FFF);
 2588              		.loc 1 1288 19 view .LVU715
 2589 00f2 9340     		lsls	r3, r3, r2
 2590              	.LVL246:
1289:Middlewares/Third_Party/LwIP/src/core/tcp.c ****             }
 2591              		.loc 1 1289 15 is_stmt 1 view .LVU716
1289:Middlewares/Third_Party/LwIP/src/core/tcp.c ****             }
 2592              		.loc 1 1289 26 is_stmt 0 view .LVU717
 2593 00f4 47F6FE72 		movw	r2, #32766
 2594 00f8 9342     		cmp	r3, r2
 2595              	.LVL247:
1289:Middlewares/Third_Party/LwIP/src/core/tcp.c ****             }
 2596              		.loc 1 1289 26 view .LVU718
 2597 00fa 1EDC     		bgt	.L291
1289:Middlewares/Third_Party/LwIP/src/core/tcp.c ****             }
 2598              		.loc 1 1289 26 discriminator 1 view .LVU719
 2599 00fc 1BB2     		sxth	r3, r3
 2600              	.LVL248:
 2601              	.L257:
1289:Middlewares/Third_Party/LwIP/src/core/tcp.c ****             }
 2602              		.loc 1 1289 24 discriminator 4 view .LVU720
 2603 00fe A4F84030 		strh	r3, [r4, #64]	@ movhi
 2604              	.LVL249:
 2605              	.L256:
1289:Middlewares/Third_Party/LwIP/src/core/tcp.c ****             }
 2606              		.loc 1 1289 24 discriminator 4 view .LVU721
 2607              	.LBE13:
1293:Middlewares/Third_Party/LwIP/src/core/tcp.c **** 
 2608              		.loc 1 1293 13 is_stmt 1 view .LVU722
1293:Middlewares/Third_Party/LwIP/src/core/tcp.c **** 
 2609              		.loc 1 1293 24 is_stmt 0 view .LVU723
 2610 0102 0023     		movs	r3, #0
 2611 0104 2386     		strh	r3, [r4, #48]	@ movhi
1296:Middlewares/Third_Party/LwIP/src/core/tcp.c ****             pcb->ssthresh = eff_wnd >> 1;
 2612              		.loc 1 1296 13 is_stmt 1 view .LVU724
1296:Middlewares/Third_Party/LwIP/src/core/tcp.c ****             pcb->ssthresh = eff_wnd >> 1;
 2613              		.loc 1 1296 23 is_stmt 0 view .LVU725
 2614 0106 B4F86030 		ldrh	r3, [r4, #96]
 2615 010a B4F84820 		ldrh	r2, [r4, #72]
1296:Middlewares/Third_Party/LwIP/src/core/tcp.c ****             pcb->ssthresh = eff_wnd >> 1;
 2616              		.loc 1 1296 21 view .LVU726
 2617 010e 9342     		cmp	r3, r2
 2618 0110 28BF     		it	cs
 2619 0112 1346     		movcs	r3, r2
 2620              	.LVL250:
1297:Middlewares/Third_Party/LwIP/src/core/tcp.c ****             if (pcb->ssthresh < (tcpwnd_size_t)(pcb->mss << 1)) {
 2621              		.loc 1 1297 13 is_stmt 1 view .LVU727
1297:Middlewares/Third_Party/LwIP/src/core/tcp.c ****             if (pcb->ssthresh < (tcpwnd_size_t)(pcb->mss << 1)) {
 2622              		.loc 1 1297 27 is_stmt 0 view .LVU728
 2623 0114 5B08     		lsrs	r3, r3, #1
 2624              	.LVL251:
1297:Middlewares/Third_Party/LwIP/src/core/tcp.c ****             if (pcb->ssthresh < (tcpwnd_size_t)(pcb->mss << 1)) {
 2625              		.loc 1 1297 27 view .LVU729
 2626 0116 A4F84A30 		strh	r3, [r4, #74]	@ movhi
1298:Middlewares/Third_Party/LwIP/src/core/tcp.c ****               pcb->ssthresh = (tcpwnd_size_t)(pcb->mss << 1);
 2627              		.loc 1 1298 13 is_stmt 1 view .LVU730
ARM GAS  C:\msys64\tmp\cc73uNFg.s 			page 97


1298:Middlewares/Third_Party/LwIP/src/core/tcp.c ****               pcb->ssthresh = (tcpwnd_size_t)(pcb->mss << 1);
 2628              		.loc 1 1298 52 is_stmt 0 view .LVU731
 2629 011a 618E     		ldrh	r1, [r4, #50]
1298:Middlewares/Third_Party/LwIP/src/core/tcp.c ****               pcb->ssthresh = (tcpwnd_size_t)(pcb->mss << 1);
 2630              		.loc 1 1298 33 view .LVU732
 2631 011c 4A00     		lsls	r2, r1, #1
 2632              	.LVL252:
1298:Middlewares/Third_Party/LwIP/src/core/tcp.c ****               pcb->ssthresh = (tcpwnd_size_t)(pcb->mss << 1);
 2633              		.loc 1 1298 33 view .LVU733
 2634 011e 92B2     		uxth	r2, r2
1298:Middlewares/Third_Party/LwIP/src/core/tcp.c ****               pcb->ssthresh = (tcpwnd_size_t)(pcb->mss << 1);
 2635              		.loc 1 1298 16 view .LVU734
 2636 0120 9342     		cmp	r3, r2
 2637              	.LVL253:
1298:Middlewares/Third_Party/LwIP/src/core/tcp.c ****               pcb->ssthresh = (tcpwnd_size_t)(pcb->mss << 1);
 2638              		.loc 1 1298 16 view .LVU735
 2639 0122 01D2     		bcs	.L258
1299:Middlewares/Third_Party/LwIP/src/core/tcp.c ****             }
 2640              		.loc 1 1299 15 is_stmt 1 view .LVU736
1299:Middlewares/Third_Party/LwIP/src/core/tcp.c ****             }
 2641              		.loc 1 1299 29 is_stmt 0 view .LVU737
 2642 0124 A4F84A20 		strh	r2, [r4, #74]	@ movhi
 2643              	.L258:
1301:Middlewares/Third_Party/LwIP/src/core/tcp.c ****             LWIP_DEBUGF(TCP_CWND_DEBUG, ("tcp_slowtmr: cwnd %"TCPWNDSIZE_F
 2644              		.loc 1 1301 13 is_stmt 1 view .LVU738
1301:Middlewares/Third_Party/LwIP/src/core/tcp.c ****             LWIP_DEBUGF(TCP_CWND_DEBUG, ("tcp_slowtmr: cwnd %"TCPWNDSIZE_F
 2645              		.loc 1 1301 23 is_stmt 0 view .LVU739
 2646 0128 A4F84810 		strh	r1, [r4, #72]	@ movhi
 2647              	.LVL254:
1304:Middlewares/Third_Party/LwIP/src/core/tcp.c ****             pcb->bytes_acked = 0;
 2648              		.loc 1 1304 68 is_stmt 1 view .LVU740
1305:Middlewares/Third_Party/LwIP/src/core/tcp.c **** 
 2649              		.loc 1 1305 13 view .LVU741
1305:Middlewares/Third_Party/LwIP/src/core/tcp.c **** 
 2650              		.loc 1 1305 30 is_stmt 0 view .LVU742
 2651 012c 0023     		movs	r3, #0
 2652 012e A4F86830 		strh	r3, [r4, #104]	@ movhi
1309:Middlewares/Third_Party/LwIP/src/core/tcp.c ****           }
 2653              		.loc 1 1309 13 is_stmt 1 view .LVU743
 2654 0132 2046     		mov	r0, r4
 2655 0134 FFF7FEFF 		bl	tcp_rexmit_rto_commit
 2656              	.LVL255:
1309:Middlewares/Third_Party/LwIP/src/core/tcp.c ****           }
 2657              		.loc 1 1309 13 is_stmt 0 view .LVU744
 2658 0138 03E0     		b	.L247
 2659              	.LVL256:
 2660              	.L291:
 2661              	.LBB14:
1289:Middlewares/Third_Party/LwIP/src/core/tcp.c ****             }
 2662              		.loc 1 1289 26 view .LVU745
 2663 013a 47F6FF73 		movw	r3, #32767
 2664              	.LVL257:
1289:Middlewares/Third_Party/LwIP/src/core/tcp.c ****             }
 2665              		.loc 1 1289 26 view .LVU746
 2666 013e DEE7     		b	.L257
 2667              	.LVL258:
 2668              	.L285:
ARM GAS  C:\msys64\tmp\cc73uNFg.s 			page 98


1289:Middlewares/Third_Party/LwIP/src/core/tcp.c ****             }
 2669              		.loc 1 1289 26 view .LVU747
 2670              	.LBE14:
1232:Middlewares/Third_Party/LwIP/src/core/tcp.c ****       LWIP_DEBUGF(TCP_DEBUG, ("tcp_slowtmr: max DATA retries reached\n"));
 2671              		.loc 1 1232 7 view .LVU748
 2672 0140 0125     		movs	r5, #1
 2673              	.L247:
 2674              	.LVL259:
1315:Middlewares/Third_Party/LwIP/src/core/tcp.c ****       /* If this PCB is in FIN_WAIT_2 because of SHUT_WR don't let it time out. */
 2675              		.loc 1 1315 5 is_stmt 1 view .LVU749
1315:Middlewares/Third_Party/LwIP/src/core/tcp.c ****       /* If this PCB is in FIN_WAIT_2 because of SHUT_WR don't let it time out. */
 2676              		.loc 1 1315 12 is_stmt 0 view .LVU750
 2677 0142 227D     		ldrb	r2, [r4, #20]	@ zero_extendqisi2
1315:Middlewares/Third_Party/LwIP/src/core/tcp.c ****       /* If this PCB is in FIN_WAIT_2 because of SHUT_WR don't let it time out. */
 2678              		.loc 1 1315 8 view .LVU751
 2679 0144 062A     		cmp	r2, #6
 2680 0146 35D0     		beq	.L301
 2681              	.L259:
1323:Middlewares/Third_Party/LwIP/src/core/tcp.c ****         }
 2682              		.loc 1 1323 86 is_stmt 1 view .LVU752
1329:Middlewares/Third_Party/LwIP/src/core/tcp.c ****         ((pcb->state == ESTABLISHED) ||
 2683              		.loc 1 1329 5 view .LVU753
1329:Middlewares/Third_Party/LwIP/src/core/tcp.c ****         ((pcb->state == ESTABLISHED) ||
 2684              		.loc 1 1329 9 is_stmt 0 view .LVU754
 2685 0148 637A     		ldrb	r3, [r4, #9]	@ zero_extendqisi2
1329:Middlewares/Third_Party/LwIP/src/core/tcp.c ****         ((pcb->state == ESTABLISHED) ||
 2686              		.loc 1 1329 8 view .LVU755
 2687 014a 13F00806 		ands	r6, r3, #8
 2688 014e 04D0     		beq	.L260
1329:Middlewares/Third_Party/LwIP/src/core/tcp.c ****         ((pcb->state == ESTABLISHED) ||
 2689              		.loc 1 1329 43 discriminator 1 view .LVU756
 2690 0150 042A     		cmp	r2, #4
 2691 0152 3CD0     		beq	.L261
1330:Middlewares/Third_Party/LwIP/src/core/tcp.c ****          (pcb->state == CLOSE_WAIT))) {
 2692              		.loc 1 1330 38 view .LVU757
 2693 0154 072A     		cmp	r2, #7
 2694 0156 3AD0     		beq	.L261
1226:Middlewares/Third_Party/LwIP/src/core/tcp.c **** 
 2695              		.loc 1 1226 15 view .LVU758
 2696 0158 0026     		movs	r6, #0
 2697              	.LVL260:
 2698              	.L260:
1362:Middlewares/Third_Party/LwIP/src/core/tcp.c ****       if ((u32_t)(tcp_ticks - pcb->tmr) >
 2699              		.loc 1 1362 5 is_stmt 1 view .LVU759
1362:Middlewares/Third_Party/LwIP/src/core/tcp.c ****       if ((u32_t)(tcp_ticks - pcb->tmr) >
 2700              		.loc 1 1362 12 is_stmt 0 view .LVU760
 2701 015a 237D     		ldrb	r3, [r4, #20]	@ zero_extendqisi2
1362:Middlewares/Third_Party/LwIP/src/core/tcp.c ****       if ((u32_t)(tcp_ticks - pcb->tmr) >
 2702              		.loc 1 1362 8 view .LVU761
 2703 015c 032B     		cmp	r3, #3
 2704 015e 64D0     		beq	.L302
 2705              	.L263:
1366:Middlewares/Third_Party/LwIP/src/core/tcp.c ****       }
 2706              		.loc 1 1366 82 is_stmt 1 view .LVU762
1371:Middlewares/Third_Party/LwIP/src/core/tcp.c ****       if ((u32_t)(tcp_ticks - pcb->tmr) > 2 * TCP_MSL / TCP_SLOW_INTERVAL) {
 2707              		.loc 1 1371 5 view .LVU763
1371:Middlewares/Third_Party/LwIP/src/core/tcp.c ****       if ((u32_t)(tcp_ticks - pcb->tmr) > 2 * TCP_MSL / TCP_SLOW_INTERVAL) {
ARM GAS  C:\msys64\tmp\cc73uNFg.s 			page 99


 2708              		.loc 1 1371 8 is_stmt 0 view .LVU764
 2709 0160 092B     		cmp	r3, #9
 2710 0162 6BD0     		beq	.L303
 2711              	.L264:
1374:Middlewares/Third_Party/LwIP/src/core/tcp.c ****       }
 2712              		.loc 1 1374 82 is_stmt 1 view .LVU765
1379:Middlewares/Third_Party/LwIP/src/core/tcp.c ****       struct tcp_pcb *pcb2;
 2713              		.loc 1 1379 5 view .LVU766
1379:Middlewares/Third_Party/LwIP/src/core/tcp.c ****       struct tcp_pcb *pcb2;
 2714              		.loc 1 1379 8 is_stmt 0 view .LVU767
 2715 0164 002D     		cmp	r5, #0
 2716 0166 72D1     		bne	.L304
1415:Middlewares/Third_Party/LwIP/src/core/tcp.c ****       pcb = pcb->next;
 2717              		.loc 1 1415 7 is_stmt 1 view .LVU768
 2718              	.LVL261:
1416:Middlewares/Third_Party/LwIP/src/core/tcp.c **** 
 2719              		.loc 1 1416 7 view .LVU769
1416:Middlewares/Third_Party/LwIP/src/core/tcp.c **** 
 2720              		.loc 1 1416 11 is_stmt 0 view .LVU770
 2721 0168 E568     		ldr	r5, [r4, #12]
 2722              	.LVL262:
1419:Middlewares/Third_Party/LwIP/src/core/tcp.c ****       if (prev->polltmr >= prev->pollinterval) {
 2723              		.loc 1 1419 7 is_stmt 1 view .LVU771
1419:Middlewares/Third_Party/LwIP/src/core/tcp.c ****       if (prev->polltmr >= prev->pollinterval) {
 2724              		.loc 1 1419 13 is_stmt 0 view .LVU772
 2725 016a 237F     		ldrb	r3, [r4, #28]	@ zero_extendqisi2
1419:Middlewares/Third_Party/LwIP/src/core/tcp.c ****       if (prev->polltmr >= prev->pollinterval) {
 2726              		.loc 1 1419 7 view .LVU773
 2727 016c 0133     		adds	r3, r3, #1
 2728 016e DBB2     		uxtb	r3, r3
 2729 0170 2377     		strb	r3, [r4, #28]
1420:Middlewares/Third_Party/LwIP/src/core/tcp.c ****         prev->polltmr = 0;
 2730              		.loc 1 1420 7 is_stmt 1 view .LVU774
1420:Middlewares/Third_Party/LwIP/src/core/tcp.c ****         prev->polltmr = 0;
 2731              		.loc 1 1420 32 is_stmt 0 view .LVU775
 2732 0172 627F     		ldrb	r2, [r4, #29]	@ zero_extendqisi2
1420:Middlewares/Third_Party/LwIP/src/core/tcp.c ****         prev->polltmr = 0;
 2733              		.loc 1 1420 10 view .LVU776
 2734 0174 9342     		cmp	r3, r2
 2735 0176 C0F0D780 		bcc	.L295
1421:Middlewares/Third_Party/LwIP/src/core/tcp.c ****         LWIP_DEBUGF(TCP_DEBUG, ("tcp_slowtmr: polling application\n"));
 2736              		.loc 1 1421 9 is_stmt 1 view .LVU777
1421:Middlewares/Third_Party/LwIP/src/core/tcp.c ****         LWIP_DEBUGF(TCP_DEBUG, ("tcp_slowtmr: polling application\n"));
 2737              		.loc 1 1421 23 is_stmt 0 view .LVU778
 2738 017a 0023     		movs	r3, #0
 2739 017c 2377     		strb	r3, [r4, #28]
1422:Middlewares/Third_Party/LwIP/src/core/tcp.c ****         tcp_active_pcbs_changed = 0;
 2740              		.loc 1 1422 71 is_stmt 1 view .LVU779
1423:Middlewares/Third_Party/LwIP/src/core/tcp.c ****         TCP_EVENT_POLL(prev, err);
 2741              		.loc 1 1423 9 view .LVU780
1423:Middlewares/Third_Party/LwIP/src/core/tcp.c ****         TCP_EVENT_POLL(prev, err);
 2742              		.loc 1 1423 33 is_stmt 0 view .LVU781
 2743 017e 544A     		ldr	r2, .L320+40
 2744 0180 1370     		strb	r3, [r2]
1424:Middlewares/Third_Party/LwIP/src/core/tcp.c ****         if (tcp_active_pcbs_changed) {
 2745              		.loc 1 1424 9 is_stmt 1 view .LVU782
1424:Middlewares/Third_Party/LwIP/src/core/tcp.c ****         if (tcp_active_pcbs_changed) {
ARM GAS  C:\msys64\tmp\cc73uNFg.s 			page 100


 2746              		.loc 1 1424 9 view .LVU783
 2747 0182 D4F88830 		ldr	r3, [r4, #136]
 2748 0186 002B     		cmp	r3, #0
 2749 0188 00F0C680 		beq	.L296
1424:Middlewares/Third_Party/LwIP/src/core/tcp.c ****         if (tcp_active_pcbs_changed) {
 2750              		.loc 1 1424 9 discriminator 1 view .LVU784
 2751 018c 2146     		mov	r1, r4
 2752 018e 2069     		ldr	r0, [r4, #16]
 2753 0190 9847     		blx	r3
 2754              	.LVL263:
 2755              	.L272:
1424:Middlewares/Third_Party/LwIP/src/core/tcp.c ****         if (tcp_active_pcbs_changed) {
 2756              		.loc 1 1424 9 discriminator 4 view .LVU785
1425:Middlewares/Third_Party/LwIP/src/core/tcp.c ****           goto tcp_slowtmr_start;
 2757              		.loc 1 1425 9 discriminator 4 view .LVU786
1425:Middlewares/Third_Party/LwIP/src/core/tcp.c ****           goto tcp_slowtmr_start;
 2758              		.loc 1 1425 13 is_stmt 0 discriminator 4 view .LVU787
 2759 0192 4F4B     		ldr	r3, .L320+40
 2760 0194 1B78     		ldrb	r3, [r3]	@ zero_extendqisi2
1425:Middlewares/Third_Party/LwIP/src/core/tcp.c ****           goto tcp_slowtmr_start;
 2761              		.loc 1 1425 12 discriminator 4 view .LVU788
 2762 0196 002B     		cmp	r3, #0
 2763 0198 7FF43DAF 		bne	.L238
1429:Middlewares/Third_Party/LwIP/src/core/tcp.c ****           tcp_output(prev);
 2764              		.loc 1 1429 9 is_stmt 1 view .LVU789
1429:Middlewares/Third_Party/LwIP/src/core/tcp.c ****           tcp_output(prev);
 2765              		.loc 1 1429 12 is_stmt 0 view .LVU790
 2766 019c 0028     		cmp	r0, #0
 2767 019e 00F0BD80 		beq	.L305
1415:Middlewares/Third_Party/LwIP/src/core/tcp.c ****       pcb = pcb->next;
 2768              		.loc 1 1415 12 view .LVU791
 2769 01a2 2746     		mov	r7, r4
1416:Middlewares/Third_Party/LwIP/src/core/tcp.c **** 
 2770              		.loc 1 1416 11 view .LVU792
 2771 01a4 2C46     		mov	r4, r5
 2772              	.LVL264:
1416:Middlewares/Third_Party/LwIP/src/core/tcp.c **** 
 2773              		.loc 1 1416 11 view .LVU793
 2774 01a6 C1E0     		b	.L240
 2775              	.LVL265:
 2776              	.L286:
1239:Middlewares/Third_Party/LwIP/src/core/tcp.c ****         } else {
 2777              		.loc 1 1239 11 view .LVU794
 2778 01a8 0125     		movs	r5, #1
 2779 01aa CAE7     		b	.L247
 2780              	.LVL266:
 2781              	.L287:
1225:Middlewares/Third_Party/LwIP/src/core/tcp.c ****     pcb_reset = 0;
 2782              		.loc 1 1225 16 view .LVU795
 2783 01ac 0025     		movs	r5, #0
 2784 01ae C8E7     		b	.L247
 2785              	.LVL267:
 2786              	.L290:
1225:Middlewares/Third_Party/LwIP/src/core/tcp.c ****     pcb_reset = 0;
 2787              		.loc 1 1225 16 view .LVU796
 2788 01b0 0025     		movs	r5, #0
 2789 01b2 C6E7     		b	.L247
ARM GAS  C:\msys64\tmp\cc73uNFg.s 			page 101


 2790              	.LVL268:
 2791              	.L301:
1317:Middlewares/Third_Party/LwIP/src/core/tcp.c ****         /* PCB was fully closed (either through close() or SHUT_RDWR):
 2792              		.loc 1 1317 7 is_stmt 1 view .LVU797
1317:Middlewares/Third_Party/LwIP/src/core/tcp.c ****         /* PCB was fully closed (either through close() or SHUT_RDWR):
 2793              		.loc 1 1317 14 is_stmt 0 view .LVU798
 2794 01b4 638B     		ldrh	r3, [r4, #26]
1317:Middlewares/Third_Party/LwIP/src/core/tcp.c ****         /* PCB was fully closed (either through close() or SHUT_RDWR):
 2795              		.loc 1 1317 10 view .LVU799
 2796 01b6 13F0100F 		tst	r3, #16
 2797 01ba C5D0     		beq	.L259
1320:Middlewares/Third_Party/LwIP/src/core/tcp.c ****             TCP_FIN_WAIT_TIMEOUT / TCP_SLOW_INTERVAL) {
 2798              		.loc 1 1320 9 is_stmt 1 view .LVU800
1320:Middlewares/Third_Party/LwIP/src/core/tcp.c ****             TCP_FIN_WAIT_TIMEOUT / TCP_SLOW_INTERVAL) {
 2799              		.loc 1 1320 36 is_stmt 0 view .LVU801
 2800 01bc 216A     		ldr	r1, [r4, #32]
1320:Middlewares/Third_Party/LwIP/src/core/tcp.c ****             TCP_FIN_WAIT_TIMEOUT / TCP_SLOW_INTERVAL) {
 2801              		.loc 1 1320 31 view .LVU802
 2802 01be 3A4B     		ldr	r3, .L320
 2803 01c0 1B68     		ldr	r3, [r3]
 2804 01c2 5B1A     		subs	r3, r3, r1
1320:Middlewares/Third_Party/LwIP/src/core/tcp.c ****             TCP_FIN_WAIT_TIMEOUT / TCP_SLOW_INTERVAL) {
 2805              		.loc 1 1320 12 view .LVU803
 2806 01c4 282B     		cmp	r3, #40
 2807 01c6 BFD9     		bls	.L259
1322:Middlewares/Third_Party/LwIP/src/core/tcp.c ****           LWIP_DEBUGF(TCP_DEBUG, ("tcp_slowtmr: removing pcb stuck in FIN-WAIT-2\n"));
 2808              		.loc 1 1322 11 is_stmt 1 view .LVU804
 2809 01c8 0135     		adds	r5, r5, #1
 2810              	.LVL269:
1322:Middlewares/Third_Party/LwIP/src/core/tcp.c ****           LWIP_DEBUGF(TCP_DEBUG, ("tcp_slowtmr: removing pcb stuck in FIN-WAIT-2\n"));
 2811              		.loc 1 1322 11 is_stmt 0 view .LVU805
 2812 01ca EDB2     		uxtb	r5, r5
 2813              	.LVL270:
1322:Middlewares/Third_Party/LwIP/src/core/tcp.c ****           LWIP_DEBUGF(TCP_DEBUG, ("tcp_slowtmr: removing pcb stuck in FIN-WAIT-2\n"));
 2814              		.loc 1 1322 11 view .LVU806
 2815 01cc BCE7     		b	.L259
 2816              	.L261:
1332:Middlewares/Third_Party/LwIP/src/core/tcp.c ****           (pcb->keep_idle + TCP_KEEP_DUR(pcb)) / TCP_SLOW_INTERVAL) {
 2817              		.loc 1 1332 7 is_stmt 1 view .LVU807
1332:Middlewares/Third_Party/LwIP/src/core/tcp.c ****           (pcb->keep_idle + TCP_KEEP_DUR(pcb)) / TCP_SLOW_INTERVAL) {
 2818              		.loc 1 1332 11 is_stmt 0 view .LVU808
 2819 01ce 364B     		ldr	r3, .L320
 2820 01d0 1A68     		ldr	r2, [r3]
1332:Middlewares/Third_Party/LwIP/src/core/tcp.c ****           (pcb->keep_idle + TCP_KEEP_DUR(pcb)) / TCP_SLOW_INTERVAL) {
 2821              		.loc 1 1332 34 view .LVU809
 2822 01d2 236A     		ldr	r3, [r4, #32]
1332:Middlewares/Third_Party/LwIP/src/core/tcp.c ****           (pcb->keep_idle + TCP_KEEP_DUR(pcb)) / TCP_SLOW_INTERVAL) {
 2823              		.loc 1 1332 29 view .LVU810
 2824 01d4 D21A     		subs	r2, r2, r3
1333:Middlewares/Third_Party/LwIP/src/core/tcp.c ****         LWIP_DEBUGF(TCP_DEBUG, ("tcp_slowtmr: KEEPALIVE timeout. Aborting connection to "));
 2825              		.loc 1 1333 15 view .LVU811
 2826 01d6 D4F89010 		ldr	r1, [r4, #144]
1333:Middlewares/Third_Party/LwIP/src/core/tcp.c ****         LWIP_DEBUGF(TCP_DEBUG, ("tcp_slowtmr: KEEPALIVE timeout. Aborting connection to "));
 2827              		.loc 1 1333 27 view .LVU812
 2828 01da 01F52423 		add	r3, r1, #671744
 2829 01de 03F6B843 		addw	r3, r3, #3256
1333:Middlewares/Third_Party/LwIP/src/core/tcp.c ****         LWIP_DEBUGF(TCP_DEBUG, ("tcp_slowtmr: KEEPALIVE timeout. Aborting connection to "));
ARM GAS  C:\msys64\tmp\cc73uNFg.s 			page 102


 2830              		.loc 1 1333 48 view .LVU813
 2831 01e2 3C48     		ldr	r0, .L320+44
 2832 01e4 A0FB0303 		umull	r0, r3, r0, r3
1332:Middlewares/Third_Party/LwIP/src/core/tcp.c ****           (pcb->keep_idle + TCP_KEEP_DUR(pcb)) / TCP_SLOW_INTERVAL) {
 2833              		.loc 1 1332 10 view .LVU814
 2834 01e8 B2EB531F 		cmp	r2, r3, lsr #5
 2835 01ec 03D9     		bls	.L262
1334:Middlewares/Third_Party/LwIP/src/core/tcp.c ****         ip_addr_debug_print_val(TCP_DEBUG, pcb->remote_ip);
 2836              		.loc 1 1334 92 is_stmt 1 view .LVU815
1335:Middlewares/Third_Party/LwIP/src/core/tcp.c ****         LWIP_DEBUGF(TCP_DEBUG, ("\n"));
 2837              		.loc 1 1335 59 view .LVU816
1336:Middlewares/Third_Party/LwIP/src/core/tcp.c **** 
 2838              		.loc 1 1336 39 view .LVU817
1338:Middlewares/Third_Party/LwIP/src/core/tcp.c ****         ++pcb_reset;
 2839              		.loc 1 1338 9 view .LVU818
 2840 01ee 0135     		adds	r5, r5, #1
 2841              	.LVL271:
1338:Middlewares/Third_Party/LwIP/src/core/tcp.c ****         ++pcb_reset;
 2842              		.loc 1 1338 9 is_stmt 0 view .LVU819
 2843 01f0 EDB2     		uxtb	r5, r5
 2844              	.LVL272:
1339:Middlewares/Third_Party/LwIP/src/core/tcp.c ****       } else if ((u32_t)(tcp_ticks - pcb->tmr) >
 2845              		.loc 1 1339 9 is_stmt 1 view .LVU820
1339:Middlewares/Third_Party/LwIP/src/core/tcp.c ****       } else if ((u32_t)(tcp_ticks - pcb->tmr) >
 2846              		.loc 1 1339 9 is_stmt 0 view .LVU821
 2847 01f2 0126     		movs	r6, #1
 2848 01f4 B1E7     		b	.L260
 2849              	.LVL273:
 2850              	.L262:
1340:Middlewares/Third_Party/LwIP/src/core/tcp.c ****                  (pcb->keep_idle + pcb->keep_cnt_sent * TCP_KEEP_INTVL(pcb))
 2851              		.loc 1 1340 14 is_stmt 1 view .LVU822
1341:Middlewares/Third_Party/LwIP/src/core/tcp.c ****                  / TCP_SLOW_INTERVAL) {
 2852              		.loc 1 1341 39 is_stmt 0 view .LVU823
 2853 01f6 94F89730 		ldrb	r3, [r4, #151]	@ zero_extendqisi2
1341:Middlewares/Third_Party/LwIP/src/core/tcp.c ****                  / TCP_SLOW_INTERVAL) {
 2854              		.loc 1 1341 34 view .LVU824
 2855 01fa 3748     		ldr	r0, .L320+48
 2856 01fc 00FB0311 		mla	r1, r0, r3, r1
1342:Middlewares/Third_Party/LwIP/src/core/tcp.c ****         err = tcp_keepalive(pcb);
 2857              		.loc 1 1342 18 view .LVU825
 2858 0200 344B     		ldr	r3, .L320+44
 2859 0202 A3FB0131 		umull	r3, r1, r3, r1
1340:Middlewares/Third_Party/LwIP/src/core/tcp.c ****                  (pcb->keep_idle + pcb->keep_cnt_sent * TCP_KEEP_INTVL(pcb))
 2860              		.loc 1 1340 17 view .LVU826
 2861 0206 B2EB511F 		cmp	r2, r1, lsr #5
 2862 020a 01D8     		bhi	.L306
1226:Middlewares/Third_Party/LwIP/src/core/tcp.c **** 
 2863              		.loc 1 1226 15 view .LVU827
 2864 020c 0026     		movs	r6, #0
 2865 020e A4E7     		b	.L260
 2866              	.L306:
1343:Middlewares/Third_Party/LwIP/src/core/tcp.c ****         if (err == ERR_OK) {
 2867              		.loc 1 1343 9 is_stmt 1 view .LVU828
1343:Middlewares/Third_Party/LwIP/src/core/tcp.c ****         if (err == ERR_OK) {
 2868              		.loc 1 1343 15 is_stmt 0 view .LVU829
 2869 0210 2046     		mov	r0, r4
 2870 0212 FFF7FEFF 		bl	tcp_keepalive
ARM GAS  C:\msys64\tmp\cc73uNFg.s 			page 103


 2871              	.LVL274:
1344:Middlewares/Third_Party/LwIP/src/core/tcp.c ****           pcb->keep_cnt_sent++;
 2872              		.loc 1 1344 9 is_stmt 1 view .LVU830
1344:Middlewares/Third_Party/LwIP/src/core/tcp.c ****           pcb->keep_cnt_sent++;
 2873              		.loc 1 1344 12 is_stmt 0 view .LVU831
 2874 0216 30B9     		cbnz	r0, .L294
1345:Middlewares/Third_Party/LwIP/src/core/tcp.c ****         }
 2875              		.loc 1 1345 11 is_stmt 1 view .LVU832
1345:Middlewares/Third_Party/LwIP/src/core/tcp.c ****         }
 2876              		.loc 1 1345 14 is_stmt 0 view .LVU833
 2877 0218 94F89730 		ldrb	r3, [r4, #151]	@ zero_extendqisi2
1345:Middlewares/Third_Party/LwIP/src/core/tcp.c ****         }
 2878              		.loc 1 1345 29 view .LVU834
 2879 021c 0133     		adds	r3, r3, #1
 2880 021e 84F89730 		strb	r3, [r4, #151]
1226:Middlewares/Third_Party/LwIP/src/core/tcp.c **** 
 2881              		.loc 1 1226 15 view .LVU835
 2882 0222 0026     		movs	r6, #0
 2883 0224 99E7     		b	.L260
 2884              	.L294:
 2885 0226 0026     		movs	r6, #0
 2886 0228 97E7     		b	.L260
 2887              	.LVL275:
 2888              	.L302:
1363:Middlewares/Third_Party/LwIP/src/core/tcp.c ****           TCP_SYN_RCVD_TIMEOUT / TCP_SLOW_INTERVAL) {
 2889              		.loc 1 1363 7 is_stmt 1 view .LVU836
1363:Middlewares/Third_Party/LwIP/src/core/tcp.c ****           TCP_SYN_RCVD_TIMEOUT / TCP_SLOW_INTERVAL) {
 2890              		.loc 1 1363 34 is_stmt 0 view .LVU837
 2891 022a 216A     		ldr	r1, [r4, #32]
1363:Middlewares/Third_Party/LwIP/src/core/tcp.c ****           TCP_SYN_RCVD_TIMEOUT / TCP_SLOW_INTERVAL) {
 2892              		.loc 1 1363 29 view .LVU838
 2893 022c 1E4A     		ldr	r2, .L320
 2894 022e 1268     		ldr	r2, [r2]
 2895 0230 521A     		subs	r2, r2, r1
1363:Middlewares/Third_Party/LwIP/src/core/tcp.c ****           TCP_SYN_RCVD_TIMEOUT / TCP_SLOW_INTERVAL) {
 2896              		.loc 1 1363 10 view .LVU839
 2897 0232 282A     		cmp	r2, #40
 2898 0234 94D9     		bls	.L263
1365:Middlewares/Third_Party/LwIP/src/core/tcp.c ****         LWIP_DEBUGF(TCP_DEBUG, ("tcp_slowtmr: removing pcb stuck in SYN-RCVD\n"));
 2899              		.loc 1 1365 9 is_stmt 1 view .LVU840
 2900 0236 0135     		adds	r5, r5, #1
 2901              	.LVL276:
1365:Middlewares/Third_Party/LwIP/src/core/tcp.c ****         LWIP_DEBUGF(TCP_DEBUG, ("tcp_slowtmr: removing pcb stuck in SYN-RCVD\n"));
 2902              		.loc 1 1365 9 is_stmt 0 view .LVU841
 2903 0238 EDB2     		uxtb	r5, r5
 2904              	.LVL277:
1365:Middlewares/Third_Party/LwIP/src/core/tcp.c ****         LWIP_DEBUGF(TCP_DEBUG, ("tcp_slowtmr: removing pcb stuck in SYN-RCVD\n"));
 2905              		.loc 1 1365 9 view .LVU842
 2906 023a 91E7     		b	.L263
 2907              	.L303:
1372:Middlewares/Third_Party/LwIP/src/core/tcp.c ****         ++pcb_remove;
 2908              		.loc 1 1372 7 is_stmt 1 view .LVU843
1372:Middlewares/Third_Party/LwIP/src/core/tcp.c ****         ++pcb_remove;
 2909              		.loc 1 1372 34 is_stmt 0 view .LVU844
 2910 023c 226A     		ldr	r2, [r4, #32]
1372:Middlewares/Third_Party/LwIP/src/core/tcp.c ****         ++pcb_remove;
 2911              		.loc 1 1372 29 view .LVU845
ARM GAS  C:\msys64\tmp\cc73uNFg.s 			page 104


 2912 023e 1A4B     		ldr	r3, .L320
 2913 0240 1B68     		ldr	r3, [r3]
 2914 0242 9B1A     		subs	r3, r3, r2
1372:Middlewares/Third_Party/LwIP/src/core/tcp.c ****         ++pcb_remove;
 2915              		.loc 1 1372 10 view .LVU846
 2916 0244 F02B     		cmp	r3, #240
 2917 0246 8DD9     		bls	.L264
1373:Middlewares/Third_Party/LwIP/src/core/tcp.c ****         LWIP_DEBUGF(TCP_DEBUG, ("tcp_slowtmr: removing pcb stuck in LAST-ACK\n"));
 2918              		.loc 1 1373 9 is_stmt 1 view .LVU847
 2919 0248 0135     		adds	r5, r5, #1
 2920              	.LVL278:
1373:Middlewares/Third_Party/LwIP/src/core/tcp.c ****         LWIP_DEBUGF(TCP_DEBUG, ("tcp_slowtmr: removing pcb stuck in LAST-ACK\n"));
 2921              		.loc 1 1373 9 is_stmt 0 view .LVU848
 2922 024a EDB2     		uxtb	r5, r5
 2923              	.LVL279:
1373:Middlewares/Third_Party/LwIP/src/core/tcp.c ****         LWIP_DEBUGF(TCP_DEBUG, ("tcp_slowtmr: removing pcb stuck in LAST-ACK\n"));
 2924              		.loc 1 1373 9 view .LVU849
 2925 024c 8AE7     		b	.L264
 2926              	.L304:
 2927              	.LBB15:
1380:Middlewares/Third_Party/LwIP/src/core/tcp.c **** #if LWIP_CALLBACK_API
 2928              		.loc 1 1380 7 is_stmt 1 view .LVU850
1382:Middlewares/Third_Party/LwIP/src/core/tcp.c **** #endif /* LWIP_CALLBACK_API */
 2929              		.loc 1 1382 7 view .LVU851
1382:Middlewares/Third_Party/LwIP/src/core/tcp.c **** #endif /* LWIP_CALLBACK_API */
 2930              		.loc 1 1382 18 is_stmt 0 view .LVU852
 2931 024e D4F88C50 		ldr	r5, [r4, #140]
 2932              	.LVL280:
1384:Middlewares/Third_Party/LwIP/src/core/tcp.c ****       enum tcp_state last_state;
 2933              		.loc 1 1384 7 is_stmt 1 view .LVU853
1385:Middlewares/Third_Party/LwIP/src/core/tcp.c ****       tcp_pcb_purge(pcb);
 2934              		.loc 1 1385 7 view .LVU854
1386:Middlewares/Third_Party/LwIP/src/core/tcp.c ****       /* Remove PCB from tcp_active_pcbs list. */
 2935              		.loc 1 1386 7 view .LVU855
 2936 0252 2046     		mov	r0, r4
 2937 0254 FFF7FEFF 		bl	tcp_pcb_purge
 2938              	.LVL281:
1388:Middlewares/Third_Party/LwIP/src/core/tcp.c ****         LWIP_ASSERT("tcp_slowtmr: middle tcp != tcp_active_pcbs", pcb != tcp_active_pcbs);
 2939              		.loc 1 1388 7 view .LVU856
1388:Middlewares/Third_Party/LwIP/src/core/tcp.c ****         LWIP_ASSERT("tcp_slowtmr: middle tcp != tcp_active_pcbs", pcb != tcp_active_pcbs);
 2940              		.loc 1 1388 10 is_stmt 0 view .LVU857
 2941 0258 002F     		cmp	r7, #0
 2942 025a 41D0     		beq	.L266
1389:Middlewares/Third_Party/LwIP/src/core/tcp.c ****         prev->next = pcb->next;
 2943              		.loc 1 1389 9 is_stmt 1 view .LVU858
1389:Middlewares/Third_Party/LwIP/src/core/tcp.c ****         prev->next = pcb->next;
 2944              		.loc 1 1389 9 view .LVU859
 2945 025c 144B     		ldr	r3, .L320+8
 2946 025e 1B68     		ldr	r3, [r3]
 2947 0260 A342     		cmp	r3, r4
 2948 0262 18D0     		beq	.L307
 2949              	.L267:
1389:Middlewares/Third_Party/LwIP/src/core/tcp.c ****         prev->next = pcb->next;
 2950              		.loc 1 1389 9 discriminator 3 view .LVU860
1389:Middlewares/Third_Party/LwIP/src/core/tcp.c ****         prev->next = pcb->next;
 2951              		.loc 1 1389 9 discriminator 3 view .LVU861
1390:Middlewares/Third_Party/LwIP/src/core/tcp.c ****       } else {
ARM GAS  C:\msys64\tmp\cc73uNFg.s 			page 105


 2952              		.loc 1 1390 9 discriminator 3 view .LVU862
1390:Middlewares/Third_Party/LwIP/src/core/tcp.c ****       } else {
 2953              		.loc 1 1390 25 is_stmt 0 discriminator 3 view .LVU863
 2954 0264 E368     		ldr	r3, [r4, #12]
1390:Middlewares/Third_Party/LwIP/src/core/tcp.c ****       } else {
 2955              		.loc 1 1390 20 discriminator 3 view .LVU864
 2956 0266 FB60     		str	r3, [r7, #12]
 2957              	.L268:
1397:Middlewares/Third_Party/LwIP/src/core/tcp.c ****         tcp_rst(pcb, pcb->snd_nxt, pcb->rcv_nxt, &pcb->local_ip, &pcb->remote_ip,
 2958              		.loc 1 1397 7 is_stmt 1 view .LVU865
1397:Middlewares/Third_Party/LwIP/src/core/tcp.c ****         tcp_rst(pcb, pcb->snd_nxt, pcb->rcv_nxt, &pcb->local_ip, &pcb->remote_ip,
 2959              		.loc 1 1397 10 is_stmt 0 view .LVU866
 2960 0268 002E     		cmp	r6, #0
 2961 026a 48D1     		bne	.L308
 2962              	.L270:
1402:Middlewares/Third_Party/LwIP/src/core/tcp.c ****       last_state = pcb->state;
 2963              		.loc 1 1402 7 is_stmt 1 view .LVU867
1402:Middlewares/Third_Party/LwIP/src/core/tcp.c ****       last_state = pcb->state;
 2964              		.loc 1 1402 15 is_stmt 0 view .LVU868
 2965 026c D4F81080 		ldr	r8, [r4, #16]
 2966              	.LVL282:
1403:Middlewares/Third_Party/LwIP/src/core/tcp.c ****       pcb2 = pcb;
 2967              		.loc 1 1403 7 is_stmt 1 view .LVU869
1404:Middlewares/Third_Party/LwIP/src/core/tcp.c ****       pcb = pcb->next;
 2968              		.loc 1 1404 7 view .LVU870
1405:Middlewares/Third_Party/LwIP/src/core/tcp.c ****       tcp_free(pcb2);
 2969              		.loc 1 1405 7 view .LVU871
1405:Middlewares/Third_Party/LwIP/src/core/tcp.c ****       tcp_free(pcb2);
 2970              		.loc 1 1405 11 is_stmt 0 view .LVU872
 2971 0270 E668     		ldr	r6, [r4, #12]
 2972              	.LVL283:
1406:Middlewares/Third_Party/LwIP/src/core/tcp.c **** 
 2973              		.loc 1 1406 7 is_stmt 1 view .LVU873
 2974 0272 2046     		mov	r0, r4
 2975 0274 FFF7FEFF 		bl	tcp_free
 2976              	.LVL284:
1408:Middlewares/Third_Party/LwIP/src/core/tcp.c ****       TCP_EVENT_ERR(last_state, err_fn, err_arg, ERR_ABRT);
 2977              		.loc 1 1408 7 view .LVU874
1408:Middlewares/Third_Party/LwIP/src/core/tcp.c ****       TCP_EVENT_ERR(last_state, err_fn, err_arg, ERR_ABRT);
 2978              		.loc 1 1408 31 is_stmt 0 view .LVU875
 2979 0278 154B     		ldr	r3, .L320+40
 2980 027a 0022     		movs	r2, #0
 2981 027c 1A70     		strb	r2, [r3]
1409:Middlewares/Third_Party/LwIP/src/core/tcp.c ****       if (tcp_active_pcbs_changed) {
 2982              		.loc 1 1409 7 is_stmt 1 view .LVU876
1409:Middlewares/Third_Party/LwIP/src/core/tcp.c ****       if (tcp_active_pcbs_changed) {
 2983              		.loc 1 1409 7 view .LVU877
1409:Middlewares/Third_Party/LwIP/src/core/tcp.c ****       if (tcp_active_pcbs_changed) {
 2984              		.loc 1 1409 7 view .LVU878
 2985 027e 1DB1     		cbz	r5, .L271
1409:Middlewares/Third_Party/LwIP/src/core/tcp.c ****       if (tcp_active_pcbs_changed) {
 2986              		.loc 1 1409 7 discriminator 1 view .LVU879
 2987 0280 6FF00C01 		mvn	r1, #12
 2988 0284 4046     		mov	r0, r8
 2989 0286 A847     		blx	r5
 2990              	.LVL285:
 2991              	.L271:
ARM GAS  C:\msys64\tmp\cc73uNFg.s 			page 106


1409:Middlewares/Third_Party/LwIP/src/core/tcp.c ****       if (tcp_active_pcbs_changed) {
 2992              		.loc 1 1409 7 discriminator 3 view .LVU880
1410:Middlewares/Third_Party/LwIP/src/core/tcp.c ****         goto tcp_slowtmr_start;
 2993              		.loc 1 1410 7 discriminator 3 view .LVU881
1410:Middlewares/Third_Party/LwIP/src/core/tcp.c ****         goto tcp_slowtmr_start;
 2994              		.loc 1 1410 11 is_stmt 0 discriminator 3 view .LVU882
 2995 0288 114B     		ldr	r3, .L320+40
 2996 028a 1B78     		ldrb	r3, [r3]	@ zero_extendqisi2
1410:Middlewares/Third_Party/LwIP/src/core/tcp.c ****         goto tcp_slowtmr_start;
 2997              		.loc 1 1410 10 discriminator 3 view .LVU883
 2998 028c 002B     		cmp	r3, #0
 2999 028e 7FF4C2AE 		bne	.L238
1405:Middlewares/Third_Party/LwIP/src/core/tcp.c ****       tcp_free(pcb2);
 3000              		.loc 1 1405 11 view .LVU884
 3001 0292 3446     		mov	r4, r6
 3002              	.LVL286:
1405:Middlewares/Third_Party/LwIP/src/core/tcp.c ****       tcp_free(pcb2);
 3003              		.loc 1 1405 11 view .LVU885
 3004 0294 4AE0     		b	.L240
 3005              	.LVL287:
 3006              	.L307:
1389:Middlewares/Third_Party/LwIP/src/core/tcp.c ****         prev->next = pcb->next;
 3007              		.loc 1 1389 9 is_stmt 1 discriminator 1 view .LVU886
1389:Middlewares/Third_Party/LwIP/src/core/tcp.c ****         prev->next = pcb->next;
 3008              		.loc 1 1389 9 discriminator 1 view .LVU887
 3009 0296 074B     		ldr	r3, .L320+12
 3010 0298 40F26D52 		movw	r2, #1389
 3011 029c 0F49     		ldr	r1, .L320+52
 3012 029e 0748     		ldr	r0, .L320+20
 3013 02a0 FFF7FEFF 		bl	printf
 3014              	.LVL288:
 3015 02a4 DEE7     		b	.L267
 3016              	.L321:
 3017 02a6 00BF     		.align	2
 3018              	.L320:
 3019 02a8 00000000 		.word	.LANCHOR5
 3020 02ac 00000000 		.word	.LANCHOR6
 3021 02b0 00000000 		.word	.LANCHOR2
 3022 02b4 00000000 		.word	.LC0
 3023 02b8 00000000 		.word	.LC22
 3024 02bc 54000000 		.word	.LC2
 3025 02c0 2C000000 		.word	.LC23
 3026 02c4 58000000 		.word	.LC24
 3027 02c8 BC000000 		.word	.LC26
 3028 02cc 00000000 		.word	.LANCHOR8
 3029 02d0 00000000 		.word	.LANCHOR9
 3030 02d4 D34D6210 		.word	274877907
 3031 02d8 F8240100 		.word	75000
 3032 02dc F4000000 		.word	.LC27
 3033              	.L266:
1393:Middlewares/Third_Party/LwIP/src/core/tcp.c ****         tcp_active_pcbs = pcb->next;
 3034              		.loc 1 1393 9 view .LVU888
1393:Middlewares/Third_Party/LwIP/src/core/tcp.c ****         tcp_active_pcbs = pcb->next;
 3035              		.loc 1 1393 9 view .LVU889
 3036 02e0 5D4B     		ldr	r3, .L322
 3037 02e2 1B68     		ldr	r3, [r3]
 3038 02e4 A342     		cmp	r3, r4
ARM GAS  C:\msys64\tmp\cc73uNFg.s 			page 107


 3039 02e6 06D0     		beq	.L269
1393:Middlewares/Third_Party/LwIP/src/core/tcp.c ****         tcp_active_pcbs = pcb->next;
 3040              		.loc 1 1393 9 discriminator 1 view .LVU890
1393:Middlewares/Third_Party/LwIP/src/core/tcp.c ****         tcp_active_pcbs = pcb->next;
 3041              		.loc 1 1393 9 discriminator 1 view .LVU891
 3042 02e8 5C4B     		ldr	r3, .L322+4
 3043 02ea 40F27152 		movw	r2, #1393
 3044 02ee 5C49     		ldr	r1, .L322+8
 3045 02f0 5C48     		ldr	r0, .L322+12
 3046 02f2 FFF7FEFF 		bl	printf
 3047              	.LVL289:
 3048              	.L269:
1393:Middlewares/Third_Party/LwIP/src/core/tcp.c ****         tcp_active_pcbs = pcb->next;
 3049              		.loc 1 1393 9 discriminator 3 view .LVU892
1393:Middlewares/Third_Party/LwIP/src/core/tcp.c ****         tcp_active_pcbs = pcb->next;
 3050              		.loc 1 1393 9 discriminator 3 view .LVU893
1394:Middlewares/Third_Party/LwIP/src/core/tcp.c ****       }
 3051              		.loc 1 1394 9 discriminator 3 view .LVU894
1394:Middlewares/Third_Party/LwIP/src/core/tcp.c ****       }
 3052              		.loc 1 1394 30 is_stmt 0 discriminator 3 view .LVU895
 3053 02f6 E268     		ldr	r2, [r4, #12]
1394:Middlewares/Third_Party/LwIP/src/core/tcp.c ****       }
 3054              		.loc 1 1394 25 discriminator 3 view .LVU896
 3055 02f8 574B     		ldr	r3, .L322
 3056 02fa 1A60     		str	r2, [r3]
 3057 02fc B4E7     		b	.L268
 3058              	.L308:
1398:Middlewares/Third_Party/LwIP/src/core/tcp.c ****                 pcb->local_port, pcb->remote_port);
 3059              		.loc 1 1398 9 is_stmt 1 view .LVU897
1398:Middlewares/Third_Party/LwIP/src/core/tcp.c ****                 pcb->local_port, pcb->remote_port);
 3060              		.loc 1 1398 66 is_stmt 0 view .LVU898
 3061 02fe 231D     		adds	r3, r4, #4
1398:Middlewares/Third_Party/LwIP/src/core/tcp.c ****                 pcb->local_port, pcb->remote_port);
 3062              		.loc 1 1398 9 view .LVU899
 3063 0300 626A     		ldr	r2, [r4, #36]
 3064 0302 216D     		ldr	r1, [r4, #80]
 3065 0304 208B     		ldrh	r0, [r4, #24]
 3066 0306 0290     		str	r0, [sp, #8]
 3067 0308 E08A     		ldrh	r0, [r4, #22]
 3068 030a 0190     		str	r0, [sp, #4]
 3069 030c 0093     		str	r3, [sp]
 3070 030e 2346     		mov	r3, r4
 3071 0310 2046     		mov	r0, r4
 3072 0312 FFF7FEFF 		bl	tcp_rst
 3073              	.LVL290:
 3074 0316 A9E7     		b	.L270
 3075              	.LVL291:
 3076              	.L296:
1398:Middlewares/Third_Party/LwIP/src/core/tcp.c ****                 pcb->local_port, pcb->remote_port);
 3077              		.loc 1 1398 9 view .LVU900
 3078              	.LBE15:
1424:Middlewares/Third_Party/LwIP/src/core/tcp.c ****         if (tcp_active_pcbs_changed) {
 3079              		.loc 1 1424 9 view .LVU901
 3080 0318 0020     		movs	r0, #0
 3081 031a 3AE7     		b	.L272
 3082              	.LVL292:
 3083              	.L305:
ARM GAS  C:\msys64\tmp\cc73uNFg.s 			page 108


1430:Middlewares/Third_Party/LwIP/src/core/tcp.c ****         }
 3084              		.loc 1 1430 11 is_stmt 1 view .LVU902
 3085 031c 2046     		mov	r0, r4
 3086              	.LVL293:
1430:Middlewares/Third_Party/LwIP/src/core/tcp.c ****         }
 3087              		.loc 1 1430 11 is_stmt 0 view .LVU903
 3088 031e FFF7FEFF 		bl	tcp_output
 3089              	.LVL294:
1415:Middlewares/Third_Party/LwIP/src/core/tcp.c ****       pcb = pcb->next;
 3090              		.loc 1 1415 12 view .LVU904
 3091 0322 2746     		mov	r7, r4
1416:Middlewares/Third_Party/LwIP/src/core/tcp.c **** 
 3092              		.loc 1 1416 11 view .LVU905
 3093 0324 2C46     		mov	r4, r5
 3094              	.LVL295:
1416:Middlewares/Third_Party/LwIP/src/core/tcp.c **** 
 3095              		.loc 1 1416 11 view .LVU906
 3096 0326 01E0     		b	.L240
 3097              	.LVL296:
 3098              	.L295:
1415:Middlewares/Third_Party/LwIP/src/core/tcp.c ****       pcb = pcb->next;
 3099              		.loc 1 1415 12 view .LVU907
 3100 0328 2746     		mov	r7, r4
1416:Middlewares/Third_Party/LwIP/src/core/tcp.c **** 
 3101              		.loc 1 1416 11 view .LVU908
 3102 032a 2C46     		mov	r4, r5
 3103              	.LVL297:
 3104              	.L240:
1212:Middlewares/Third_Party/LwIP/src/core/tcp.c ****     LWIP_DEBUGF(TCP_DEBUG, ("tcp_slowtmr: processing active pcb\n"));
 3105              		.loc 1 1212 14 is_stmt 1 view .LVU909
 3106 032c 002C     		cmp	r4, #0
 3107 032e 50D0     		beq	.L309
1213:Middlewares/Third_Party/LwIP/src/core/tcp.c ****     LWIP_ASSERT("tcp_slowtmr: active pcb->state != CLOSED\n", pcb->state != CLOSED);
 3108              		.loc 1 1213 69 view .LVU910
1214:Middlewares/Third_Party/LwIP/src/core/tcp.c ****     LWIP_ASSERT("tcp_slowtmr: active pcb->state != LISTEN\n", pcb->state != LISTEN);
 3109              		.loc 1 1214 5 view .LVU911
1214:Middlewares/Third_Party/LwIP/src/core/tcp.c ****     LWIP_ASSERT("tcp_slowtmr: active pcb->state != LISTEN\n", pcb->state != LISTEN);
 3110              		.loc 1 1214 5 view .LVU912
 3111 0330 237D     		ldrb	r3, [r4, #20]	@ zero_extendqisi2
 3112 0332 002B     		cmp	r3, #0
 3113 0334 3FF473AE 		beq	.L310
 3114              	.L241:
1214:Middlewares/Third_Party/LwIP/src/core/tcp.c ****     LWIP_ASSERT("tcp_slowtmr: active pcb->state != LISTEN\n", pcb->state != LISTEN);
 3115              		.loc 1 1214 5 discriminator 3 view .LVU913
1214:Middlewares/Third_Party/LwIP/src/core/tcp.c ****     LWIP_ASSERT("tcp_slowtmr: active pcb->state != LISTEN\n", pcb->state != LISTEN);
 3116              		.loc 1 1214 5 discriminator 3 view .LVU914
1215:Middlewares/Third_Party/LwIP/src/core/tcp.c ****     LWIP_ASSERT("tcp_slowtmr: active pcb->state != TIME-WAIT\n", pcb->state != TIME_WAIT);
 3117              		.loc 1 1215 5 discriminator 3 view .LVU915
1215:Middlewares/Third_Party/LwIP/src/core/tcp.c ****     LWIP_ASSERT("tcp_slowtmr: active pcb->state != TIME-WAIT\n", pcb->state != TIME_WAIT);
 3118              		.loc 1 1215 5 discriminator 3 view .LVU916
 3119 0338 237D     		ldrb	r3, [r4, #20]	@ zero_extendqisi2
 3120 033a 012B     		cmp	r3, #1
 3121 033c 3FF477AE 		beq	.L311
 3122              	.L242:
1215:Middlewares/Third_Party/LwIP/src/core/tcp.c ****     LWIP_ASSERT("tcp_slowtmr: active pcb->state != TIME-WAIT\n", pcb->state != TIME_WAIT);
 3123              		.loc 1 1215 5 discriminator 3 view .LVU917
1215:Middlewares/Third_Party/LwIP/src/core/tcp.c ****     LWIP_ASSERT("tcp_slowtmr: active pcb->state != TIME-WAIT\n", pcb->state != TIME_WAIT);
ARM GAS  C:\msys64\tmp\cc73uNFg.s 			page 109


 3124              		.loc 1 1215 5 discriminator 3 view .LVU918
1216:Middlewares/Third_Party/LwIP/src/core/tcp.c ****     if (pcb->last_timer == tcp_timer_ctr) {
 3125              		.loc 1 1216 5 discriminator 3 view .LVU919
1216:Middlewares/Third_Party/LwIP/src/core/tcp.c ****     if (pcb->last_timer == tcp_timer_ctr) {
 3126              		.loc 1 1216 5 discriminator 3 view .LVU920
 3127 0340 237D     		ldrb	r3, [r4, #20]	@ zero_extendqisi2
 3128 0342 0A2B     		cmp	r3, #10
 3129 0344 3FF47BAE 		beq	.L312
 3130              	.L243:
1216:Middlewares/Third_Party/LwIP/src/core/tcp.c ****     if (pcb->last_timer == tcp_timer_ctr) {
 3131              		.loc 1 1216 5 discriminator 3 view .LVU921
1216:Middlewares/Third_Party/LwIP/src/core/tcp.c ****     if (pcb->last_timer == tcp_timer_ctr) {
 3132              		.loc 1 1216 5 discriminator 3 view .LVU922
1217:Middlewares/Third_Party/LwIP/src/core/tcp.c ****       /* skip this pcb, we have already processed it */
 3133              		.loc 1 1217 5 discriminator 3 view .LVU923
1217:Middlewares/Third_Party/LwIP/src/core/tcp.c ****       /* skip this pcb, we have already processed it */
 3134              		.loc 1 1217 12 is_stmt 0 discriminator 3 view .LVU924
 3135 0348 A27F     		ldrb	r2, [r4, #30]	@ zero_extendqisi2
1217:Middlewares/Third_Party/LwIP/src/core/tcp.c ****       /* skip this pcb, we have already processed it */
 3136              		.loc 1 1217 25 discriminator 3 view .LVU925
 3137 034a 474B     		ldr	r3, .L322+16
 3138 034c 1B78     		ldrb	r3, [r3]	@ zero_extendqisi2
1217:Middlewares/Third_Party/LwIP/src/core/tcp.c ****       /* skip this pcb, we have already processed it */
 3139              		.loc 1 1217 8 discriminator 3 view .LVU926
 3140 034e 9A42     		cmp	r2, r3
 3141 0350 3FF47DAE 		beq	.L313
1223:Middlewares/Third_Party/LwIP/src/core/tcp.c **** 
 3142              		.loc 1 1223 5 is_stmt 1 view .LVU927
1223:Middlewares/Third_Party/LwIP/src/core/tcp.c **** 
 3143              		.loc 1 1223 21 is_stmt 0 view .LVU928
 3144 0354 A377     		strb	r3, [r4, #30]
1225:Middlewares/Third_Party/LwIP/src/core/tcp.c ****     pcb_reset = 0;
 3145              		.loc 1 1225 5 is_stmt 1 view .LVU929
 3146              	.LVL298:
1226:Middlewares/Third_Party/LwIP/src/core/tcp.c **** 
 3147              		.loc 1 1226 5 view .LVU930
1228:Middlewares/Third_Party/LwIP/src/core/tcp.c ****       ++pcb_remove;
 3148              		.loc 1 1228 5 view .LVU931
1228:Middlewares/Third_Party/LwIP/src/core/tcp.c ****       ++pcb_remove;
 3149              		.loc 1 1228 12 is_stmt 0 view .LVU932
 3150 0356 237D     		ldrb	r3, [r4, #20]	@ zero_extendqisi2
1228:Middlewares/Third_Party/LwIP/src/core/tcp.c ****       ++pcb_remove;
 3151              		.loc 1 1228 8 view .LVU933
 3152 0358 022B     		cmp	r3, #2
 3153 035a 3FF47BAE 		beq	.L314
 3154              	.L246:
1231:Middlewares/Third_Party/LwIP/src/core/tcp.c ****       ++pcb_remove;
 3155              		.loc 1 1231 12 is_stmt 1 view .LVU934
1231:Middlewares/Third_Party/LwIP/src/core/tcp.c ****       ++pcb_remove;
 3156              		.loc 1 1231 19 is_stmt 0 view .LVU935
 3157 035e 94F84230 		ldrb	r3, [r4, #66]	@ zero_extendqisi2
1231:Middlewares/Third_Party/LwIP/src/core/tcp.c ****       ++pcb_remove;
 3158              		.loc 1 1231 15 view .LVU936
 3159 0362 0B2B     		cmp	r3, #11
 3160 0364 3FF6ECAE 		bhi	.L285
1235:Middlewares/Third_Party/LwIP/src/core/tcp.c ****         LWIP_ASSERT("tcp_slowtimr: persist ticking with in-flight data", pcb->unacked == NULL);
 3161              		.loc 1 1235 7 is_stmt 1 view .LVU937
ARM GAS  C:\msys64\tmp\cc73uNFg.s 			page 110


1235:Middlewares/Third_Party/LwIP/src/core/tcp.c ****         LWIP_ASSERT("tcp_slowtimr: persist ticking with in-flight data", pcb->unacked == NULL);
 3162              		.loc 1 1235 14 is_stmt 0 view .LVU938
 3163 0368 94F89550 		ldrb	r5, [r4, #149]	@ zero_extendqisi2
1235:Middlewares/Third_Party/LwIP/src/core/tcp.c ****         LWIP_ASSERT("tcp_slowtimr: persist ticking with in-flight data", pcb->unacked == NULL);
 3164              		.loc 1 1235 10 view .LVU939
 3165 036c 002D     		cmp	r5, #0
 3166 036e 3FF498AE 		beq	.L248
1236:Middlewares/Third_Party/LwIP/src/core/tcp.c ****         LWIP_ASSERT("tcp_slowtimr: persist ticking with empty send buffer", pcb->unsent != NULL);
 3167              		.loc 1 1236 9 is_stmt 1 view .LVU940
1236:Middlewares/Third_Party/LwIP/src/core/tcp.c ****         LWIP_ASSERT("tcp_slowtimr: persist ticking with empty send buffer", pcb->unsent != NULL);
 3168              		.loc 1 1236 9 view .LVU941
 3169 0372 236F     		ldr	r3, [r4, #112]
 3170 0374 33B1     		cbz	r3, .L249
1236:Middlewares/Third_Party/LwIP/src/core/tcp.c ****         LWIP_ASSERT("tcp_slowtimr: persist ticking with empty send buffer", pcb->unsent != NULL);
 3171              		.loc 1 1236 9 discriminator 1 view .LVU942
1236:Middlewares/Third_Party/LwIP/src/core/tcp.c ****         LWIP_ASSERT("tcp_slowtimr: persist ticking with empty send buffer", pcb->unsent != NULL);
 3172              		.loc 1 1236 9 discriminator 1 view .LVU943
 3173 0376 394B     		ldr	r3, .L322+4
 3174 0378 40F2D442 		movw	r2, #1236
 3175 037c 3B49     		ldr	r1, .L322+20
 3176 037e 3948     		ldr	r0, .L322+12
 3177 0380 FFF7FEFF 		bl	printf
 3178              	.LVL299:
 3179              	.L249:
1236:Middlewares/Third_Party/LwIP/src/core/tcp.c ****         LWIP_ASSERT("tcp_slowtimr: persist ticking with empty send buffer", pcb->unsent != NULL);
 3180              		.loc 1 1236 9 discriminator 3 view .LVU944
1236:Middlewares/Third_Party/LwIP/src/core/tcp.c ****         LWIP_ASSERT("tcp_slowtimr: persist ticking with empty send buffer", pcb->unsent != NULL);
 3181              		.loc 1 1236 9 discriminator 3 view .LVU945
1237:Middlewares/Third_Party/LwIP/src/core/tcp.c ****         if (pcb->persist_probe >= TCP_MAXRTX) {
 3182              		.loc 1 1237 9 discriminator 3 view .LVU946
1237:Middlewares/Third_Party/LwIP/src/core/tcp.c ****         if (pcb->persist_probe >= TCP_MAXRTX) {
 3183              		.loc 1 1237 9 discriminator 3 view .LVU947
 3184 0384 E36E     		ldr	r3, [r4, #108]
 3185 0386 002B     		cmp	r3, #0
 3186 0388 3FF46BAE 		beq	.L315
 3187              	.L250:
1237:Middlewares/Third_Party/LwIP/src/core/tcp.c ****         if (pcb->persist_probe >= TCP_MAXRTX) {
 3188              		.loc 1 1237 9 discriminator 3 view .LVU948
1237:Middlewares/Third_Party/LwIP/src/core/tcp.c ****         if (pcb->persist_probe >= TCP_MAXRTX) {
 3189              		.loc 1 1237 9 discriminator 3 view .LVU949
1238:Middlewares/Third_Party/LwIP/src/core/tcp.c ****           ++pcb_remove; /* max probes reached */
 3190              		.loc 1 1238 9 discriminator 3 view .LVU950
1238:Middlewares/Third_Party/LwIP/src/core/tcp.c ****           ++pcb_remove; /* max probes reached */
 3191              		.loc 1 1238 16 is_stmt 0 discriminator 3 view .LVU951
 3192 038c 94F89630 		ldrb	r3, [r4, #150]	@ zero_extendqisi2
1238:Middlewares/Third_Party/LwIP/src/core/tcp.c ****           ++pcb_remove; /* max probes reached */
 3193              		.loc 1 1238 12 discriminator 3 view .LVU952
 3194 0390 0B2B     		cmp	r3, #11
 3195 0392 3FF609AF 		bhi	.L286
 3196              	.LBB16:
1241:Middlewares/Third_Party/LwIP/src/core/tcp.c ****           if (pcb->persist_cnt < backoff_cnt) {
 3197              		.loc 1 1241 11 is_stmt 1 view .LVU953
1241:Middlewares/Third_Party/LwIP/src/core/tcp.c ****           if (pcb->persist_cnt < backoff_cnt) {
 3198              		.loc 1 1241 53 is_stmt 0 view .LVU954
 3199 0396 94F89530 		ldrb	r3, [r4, #149]	@ zero_extendqisi2
1241:Middlewares/Third_Party/LwIP/src/core/tcp.c ****           if (pcb->persist_cnt < backoff_cnt) {
 3200              		.loc 1 1241 71 view .LVU955
ARM GAS  C:\msys64\tmp\cc73uNFg.s 			page 111


 3201 039a 013B     		subs	r3, r3, #1
1241:Middlewares/Third_Party/LwIP/src/core/tcp.c ****           if (pcb->persist_cnt < backoff_cnt) {
 3202              		.loc 1 1241 16 view .LVU956
 3203 039c 344A     		ldr	r2, .L322+24
 3204 039e D25C     		ldrb	r2, [r2, r3]	@ zero_extendqisi2
 3205              	.LVL300:
1242:Middlewares/Third_Party/LwIP/src/core/tcp.c ****             pcb->persist_cnt++;
 3206              		.loc 1 1242 11 is_stmt 1 view .LVU957
1242:Middlewares/Third_Party/LwIP/src/core/tcp.c ****             pcb->persist_cnt++;
 3207              		.loc 1 1242 18 is_stmt 0 view .LVU958
 3208 03a0 94F89430 		ldrb	r3, [r4, #148]	@ zero_extendqisi2
1242:Middlewares/Third_Party/LwIP/src/core/tcp.c ****             pcb->persist_cnt++;
 3209              		.loc 1 1242 14 view .LVU959
 3210 03a4 9342     		cmp	r3, r2
 3211 03a6 02D2     		bcs	.L251
1243:Middlewares/Third_Party/LwIP/src/core/tcp.c ****           }
 3212              		.loc 1 1243 13 is_stmt 1 view .LVU960
1243:Middlewares/Third_Party/LwIP/src/core/tcp.c ****           }
 3213              		.loc 1 1243 29 is_stmt 0 view .LVU961
 3214 03a8 0133     		adds	r3, r3, #1
 3215 03aa 84F89430 		strb	r3, [r4, #148]
 3216              	.L251:
1245:Middlewares/Third_Party/LwIP/src/core/tcp.c ****             int next_slot = 1; /* increment timer to next slot */
 3217              		.loc 1 1245 11 is_stmt 1 view .LVU962
1245:Middlewares/Third_Party/LwIP/src/core/tcp.c ****             int next_slot = 1; /* increment timer to next slot */
 3218              		.loc 1 1245 18 is_stmt 0 view .LVU963
 3219 03ae 94F89430 		ldrb	r3, [r4, #148]	@ zero_extendqisi2
1245:Middlewares/Third_Party/LwIP/src/core/tcp.c ****             int next_slot = 1; /* increment timer to next slot */
 3220              		.loc 1 1245 14 view .LVU964
 3221 03b2 9342     		cmp	r3, r2
 3222 03b4 FFF4FAAE 		bcc	.L287
 3223              	.LBB11:
1246:Middlewares/Third_Party/LwIP/src/core/tcp.c ****             /* If snd_wnd is zero, send 1 byte probes */
 3224              		.loc 1 1246 13 is_stmt 1 view .LVU965
 3225              	.LVL301:
1248:Middlewares/Third_Party/LwIP/src/core/tcp.c ****               if (tcp_zero_window_probe(pcb) != ERR_OK) {
 3226              		.loc 1 1248 13 view .LVU966
1248:Middlewares/Third_Party/LwIP/src/core/tcp.c ****               if (tcp_zero_window_probe(pcb) != ERR_OK) {
 3227              		.loc 1 1248 20 is_stmt 0 view .LVU967
 3228 03b8 B4F86010 		ldrh	r1, [r4, #96]
1248:Middlewares/Third_Party/LwIP/src/core/tcp.c ****               if (tcp_zero_window_probe(pcb) != ERR_OK) {
 3229              		.loc 1 1248 16 view .LVU968
 3230 03bc 0029     		cmp	r1, #0
 3231 03be 7FF458AE 		bne	.L252
1249:Middlewares/Third_Party/LwIP/src/core/tcp.c ****                 next_slot = 0; /* try probe again with current slot */
 3232              		.loc 1 1249 15 is_stmt 1 view .LVU969
1249:Middlewares/Third_Party/LwIP/src/core/tcp.c ****                 next_slot = 0; /* try probe again with current slot */
 3233              		.loc 1 1249 19 is_stmt 0 view .LVU970
 3234 03c2 2046     		mov	r0, r4
 3235 03c4 FFF7FEFF 		bl	tcp_zero_window_probe
 3236              	.LVL302:
1249:Middlewares/Third_Party/LwIP/src/core/tcp.c ****                 next_slot = 0; /* try probe again with current slot */
 3237              		.loc 1 1249 18 view .LVU971
 3238 03c8 0028     		cmp	r0, #0
 3239 03ca 3FF456AE 		beq	.L253
 3240              	.LBE11:
 3241              	.LBE16:
ARM GAS  C:\msys64\tmp\cc73uNFg.s 			page 112


1225:Middlewares/Third_Party/LwIP/src/core/tcp.c ****     pcb_reset = 0;
 3242              		.loc 1 1225 16 view .LVU972
 3243 03ce 0025     		movs	r5, #0
 3244 03d0 B7E6     		b	.L247
 3245              	.LVL303:
 3246              	.L309:
1438:Middlewares/Third_Party/LwIP/src/core/tcp.c ****   pcb = tcp_tw_pcbs;
 3247              		.loc 1 1438 3 is_stmt 1 view .LVU973
1439:Middlewares/Third_Party/LwIP/src/core/tcp.c ****   while (pcb != NULL) {
 3248              		.loc 1 1439 3 view .LVU974
1439:Middlewares/Third_Party/LwIP/src/core/tcp.c ****   while (pcb != NULL) {
 3249              		.loc 1 1439 7 is_stmt 0 view .LVU975
 3250 03d2 284B     		ldr	r3, .L322+28
 3251 03d4 1D68     		ldr	r5, [r3]
 3252              	.LVL304:
1440:Middlewares/Third_Party/LwIP/src/core/tcp.c ****     LWIP_ASSERT("tcp_slowtmr: TIME-WAIT pcb->state == TIME-WAIT", pcb->state == TIME_WAIT);
 3253              		.loc 1 1440 3 is_stmt 1 view .LVU976
1440:Middlewares/Third_Party/LwIP/src/core/tcp.c ****     LWIP_ASSERT("tcp_slowtmr: TIME-WAIT pcb->state == TIME-WAIT", pcb->state == TIME_WAIT);
 3254              		.loc 1 1440 9 is_stmt 0 view .LVU977
 3255 03d6 07E0     		b	.L274
 3256              	.LVL305:
 3257              	.L275:
1441:Middlewares/Third_Party/LwIP/src/core/tcp.c ****     pcb_remove = 0;
 3258              		.loc 1 1441 5 is_stmt 1 discriminator 3 view .LVU978
1441:Middlewares/Third_Party/LwIP/src/core/tcp.c ****     pcb_remove = 0;
 3259              		.loc 1 1441 5 discriminator 3 view .LVU979
1442:Middlewares/Third_Party/LwIP/src/core/tcp.c **** 
 3260              		.loc 1 1442 5 discriminator 3 view .LVU980
1445:Middlewares/Third_Party/LwIP/src/core/tcp.c ****       ++pcb_remove;
 3261              		.loc 1 1445 5 discriminator 3 view .LVU981
1445:Middlewares/Third_Party/LwIP/src/core/tcp.c ****       ++pcb_remove;
 3262              		.loc 1 1445 32 is_stmt 0 discriminator 3 view .LVU982
 3263 03d8 2A6A     		ldr	r2, [r5, #32]
1445:Middlewares/Third_Party/LwIP/src/core/tcp.c ****       ++pcb_remove;
 3264              		.loc 1 1445 27 discriminator 3 view .LVU983
 3265 03da 274B     		ldr	r3, .L322+32
 3266 03dc 1B68     		ldr	r3, [r3]
 3267 03de 9B1A     		subs	r3, r3, r2
1445:Middlewares/Third_Party/LwIP/src/core/tcp.c ****       ++pcb_remove;
 3268              		.loc 1 1445 8 discriminator 3 view .LVU984
 3269 03e0 F02B     		cmp	r3, #240
 3270 03e2 0ED8     		bhi	.L316
1450:Middlewares/Third_Party/LwIP/src/core/tcp.c ****       struct tcp_pcb *pcb2;
 3271              		.loc 1 1450 5 is_stmt 1 view .LVU985
1466:Middlewares/Third_Party/LwIP/src/core/tcp.c ****       pcb = pcb->next;
 3272              		.loc 1 1466 7 view .LVU986
 3273              	.LVL306:
1467:Middlewares/Third_Party/LwIP/src/core/tcp.c ****     }
 3274              		.loc 1 1467 7 view .LVU987
1466:Middlewares/Third_Party/LwIP/src/core/tcp.c ****       pcb = pcb->next;
 3275              		.loc 1 1466 12 is_stmt 0 view .LVU988
 3276 03e4 2C46     		mov	r4, r5
1467:Middlewares/Third_Party/LwIP/src/core/tcp.c ****     }
 3277              		.loc 1 1467 11 view .LVU989
 3278 03e6 ED68     		ldr	r5, [r5, #12]
 3279              	.LVL307:
 3280              	.L274:
ARM GAS  C:\msys64\tmp\cc73uNFg.s 			page 113


1440:Middlewares/Third_Party/LwIP/src/core/tcp.c ****     LWIP_ASSERT("tcp_slowtmr: TIME-WAIT pcb->state == TIME-WAIT", pcb->state == TIME_WAIT);
 3281              		.loc 1 1440 14 is_stmt 1 view .LVU990
 3282 03e8 002D     		cmp	r5, #0
 3283 03ea 31D0     		beq	.L317
1441:Middlewares/Third_Party/LwIP/src/core/tcp.c ****     pcb_remove = 0;
 3284              		.loc 1 1441 5 view .LVU991
1441:Middlewares/Third_Party/LwIP/src/core/tcp.c ****     pcb_remove = 0;
 3285              		.loc 1 1441 5 view .LVU992
 3286 03ec 2B7D     		ldrb	r3, [r5, #20]	@ zero_extendqisi2
 3287 03ee 0A2B     		cmp	r3, #10
 3288 03f0 F2D0     		beq	.L275
1441:Middlewares/Third_Party/LwIP/src/core/tcp.c ****     pcb_remove = 0;
 3289              		.loc 1 1441 5 discriminator 1 view .LVU993
1441:Middlewares/Third_Party/LwIP/src/core/tcp.c ****     pcb_remove = 0;
 3290              		.loc 1 1441 5 discriminator 1 view .LVU994
 3291 03f2 1A4B     		ldr	r3, .L322+4
 3292 03f4 40F2A152 		movw	r2, #1441
 3293 03f8 2049     		ldr	r1, .L322+36
 3294 03fa 1A48     		ldr	r0, .L322+12
 3295 03fc FFF7FEFF 		bl	printf
 3296              	.LVL308:
 3297 0400 EAE7     		b	.L275
 3298              	.LVL309:
 3299              	.L316:
1446:Middlewares/Third_Party/LwIP/src/core/tcp.c ****     }
 3300              		.loc 1 1446 7 view .LVU995
1450:Middlewares/Third_Party/LwIP/src/core/tcp.c ****       struct tcp_pcb *pcb2;
 3301              		.loc 1 1450 5 view .LVU996
 3302              	.LBB17:
1451:Middlewares/Third_Party/LwIP/src/core/tcp.c ****       tcp_pcb_purge(pcb);
 3303              		.loc 1 1451 7 view .LVU997
1452:Middlewares/Third_Party/LwIP/src/core/tcp.c ****       /* Remove PCB from tcp_tw_pcbs list. */
 3304              		.loc 1 1452 7 view .LVU998
 3305 0402 2846     		mov	r0, r5
 3306 0404 FFF7FEFF 		bl	tcp_pcb_purge
 3307              	.LVL310:
1454:Middlewares/Third_Party/LwIP/src/core/tcp.c ****         LWIP_ASSERT("tcp_slowtmr: middle tcp != tcp_tw_pcbs", pcb != tcp_tw_pcbs);
 3308              		.loc 1 1454 7 view .LVU999
1454:Middlewares/Third_Party/LwIP/src/core/tcp.c ****         LWIP_ASSERT("tcp_slowtmr: middle tcp != tcp_tw_pcbs", pcb != tcp_tw_pcbs);
 3309              		.loc 1 1454 10 is_stmt 0 view .LVU1000
 3310 0408 9CB1     		cbz	r4, .L318
1455:Middlewares/Third_Party/LwIP/src/core/tcp.c ****         prev->next = pcb->next;
 3311              		.loc 1 1455 9 is_stmt 1 view .LVU1001
1455:Middlewares/Third_Party/LwIP/src/core/tcp.c ****         prev->next = pcb->next;
 3312              		.loc 1 1455 9 view .LVU1002
 3313 040a 1A4B     		ldr	r3, .L322+28
 3314 040c 1B68     		ldr	r3, [r3]
 3315 040e AB42     		cmp	r3, r5
 3316 0410 07D0     		beq	.L319
 3317              	.L280:
1455:Middlewares/Third_Party/LwIP/src/core/tcp.c ****         prev->next = pcb->next;
 3318              		.loc 1 1455 9 discriminator 3 view .LVU1003
1455:Middlewares/Third_Party/LwIP/src/core/tcp.c ****         prev->next = pcb->next;
 3319              		.loc 1 1455 9 discriminator 3 view .LVU1004
1456:Middlewares/Third_Party/LwIP/src/core/tcp.c ****       } else {
 3320              		.loc 1 1456 9 discriminator 3 view .LVU1005
1456:Middlewares/Third_Party/LwIP/src/core/tcp.c ****       } else {
ARM GAS  C:\msys64\tmp\cc73uNFg.s 			page 114


 3321              		.loc 1 1456 25 is_stmt 0 discriminator 3 view .LVU1006
 3322 0412 EB68     		ldr	r3, [r5, #12]
1456:Middlewares/Third_Party/LwIP/src/core/tcp.c ****       } else {
 3323              		.loc 1 1456 20 discriminator 3 view .LVU1007
 3324 0414 E360     		str	r3, [r4, #12]
 3325              	.L281:
1462:Middlewares/Third_Party/LwIP/src/core/tcp.c ****       pcb = pcb->next;
 3326              		.loc 1 1462 7 is_stmt 1 view .LVU1008
 3327              	.LVL311:
1463:Middlewares/Third_Party/LwIP/src/core/tcp.c ****       tcp_free(pcb2);
 3328              		.loc 1 1463 7 view .LVU1009
1463:Middlewares/Third_Party/LwIP/src/core/tcp.c ****       tcp_free(pcb2);
 3329              		.loc 1 1463 11 is_stmt 0 view .LVU1010
 3330 0416 EE68     		ldr	r6, [r5, #12]
 3331              	.LVL312:
1464:Middlewares/Third_Party/LwIP/src/core/tcp.c ****     } else {
 3332              		.loc 1 1464 7 is_stmt 1 view .LVU1011
 3333 0418 2846     		mov	r0, r5
 3334 041a FFF7FEFF 		bl	tcp_free
 3335              	.LVL313:
1463:Middlewares/Third_Party/LwIP/src/core/tcp.c ****       tcp_free(pcb2);
 3336              		.loc 1 1463 11 is_stmt 0 view .LVU1012
 3337 041e 3546     		mov	r5, r6
 3338              	.LVL314:
1463:Middlewares/Third_Party/LwIP/src/core/tcp.c ****       tcp_free(pcb2);
 3339              		.loc 1 1463 11 view .LVU1013
 3340              	.LBE17:
 3341 0420 E2E7     		b	.L274
 3342              	.LVL315:
 3343              	.L319:
 3344              	.LBB18:
1455:Middlewares/Third_Party/LwIP/src/core/tcp.c ****         prev->next = pcb->next;
 3345              		.loc 1 1455 9 is_stmt 1 discriminator 1 view .LVU1014
1455:Middlewares/Third_Party/LwIP/src/core/tcp.c ****         prev->next = pcb->next;
 3346              		.loc 1 1455 9 discriminator 1 view .LVU1015
 3347 0422 0E4B     		ldr	r3, .L322+4
 3348 0424 40F2AF52 		movw	r2, #1455
 3349 0428 1549     		ldr	r1, .L322+40
 3350 042a 0E48     		ldr	r0, .L322+12
 3351 042c FFF7FEFF 		bl	printf
 3352              	.LVL316:
 3353 0430 EFE7     		b	.L280
 3354              	.L318:
1459:Middlewares/Third_Party/LwIP/src/core/tcp.c ****         tcp_tw_pcbs = pcb->next;
 3355              		.loc 1 1459 9 view .LVU1016
1459:Middlewares/Third_Party/LwIP/src/core/tcp.c ****         tcp_tw_pcbs = pcb->next;
 3356              		.loc 1 1459 9 view .LVU1017
 3357 0432 104B     		ldr	r3, .L322+28
 3358 0434 1B68     		ldr	r3, [r3]
 3359 0436 AB42     		cmp	r3, r5
 3360 0438 06D0     		beq	.L282
1459:Middlewares/Third_Party/LwIP/src/core/tcp.c ****         tcp_tw_pcbs = pcb->next;
 3361              		.loc 1 1459 9 discriminator 1 view .LVU1018
1459:Middlewares/Third_Party/LwIP/src/core/tcp.c ****         tcp_tw_pcbs = pcb->next;
 3362              		.loc 1 1459 9 discriminator 1 view .LVU1019
 3363 043a 084B     		ldr	r3, .L322+4
 3364 043c 40F2B352 		movw	r2, #1459
ARM GAS  C:\msys64\tmp\cc73uNFg.s 			page 115


 3365 0440 1049     		ldr	r1, .L322+44
 3366 0442 0848     		ldr	r0, .L322+12
 3367 0444 FFF7FEFF 		bl	printf
 3368              	.LVL317:
 3369              	.L282:
1459:Middlewares/Third_Party/LwIP/src/core/tcp.c ****         tcp_tw_pcbs = pcb->next;
 3370              		.loc 1 1459 9 discriminator 3 view .LVU1020
1459:Middlewares/Third_Party/LwIP/src/core/tcp.c ****         tcp_tw_pcbs = pcb->next;
 3371              		.loc 1 1459 9 discriminator 3 view .LVU1021
1460:Middlewares/Third_Party/LwIP/src/core/tcp.c ****       }
 3372              		.loc 1 1460 9 discriminator 3 view .LVU1022
1460:Middlewares/Third_Party/LwIP/src/core/tcp.c ****       }
 3373              		.loc 1 1460 26 is_stmt 0 discriminator 3 view .LVU1023
 3374 0448 EA68     		ldr	r2, [r5, #12]
1460:Middlewares/Third_Party/LwIP/src/core/tcp.c ****       }
 3375              		.loc 1 1460 21 discriminator 3 view .LVU1024
 3376 044a 0A4B     		ldr	r3, .L322+28
 3377 044c 1A60     		str	r2, [r3]
 3378 044e E2E7     		b	.L281
 3379              	.LVL318:
 3380              	.L317:
1460:Middlewares/Third_Party/LwIP/src/core/tcp.c ****       }
 3381              		.loc 1 1460 21 discriminator 3 view .LVU1025
 3382              	.LBE18:
1470:Middlewares/Third_Party/LwIP/src/core/tcp.c **** 
 3383              		.loc 1 1470 1 view .LVU1026
 3384 0450 04B0     		add	sp, sp, #16
 3385              	.LCFI29:
 3386              		.cfi_def_cfa_offset 24
 3387              		@ sp needed
 3388 0452 BDE8F081 		pop	{r4, r5, r6, r7, r8, pc}
 3389              	.LVL319:
 3390              	.L323:
1470:Middlewares/Third_Party/LwIP/src/core/tcp.c **** 
 3391              		.loc 1 1470 1 view .LVU1027
 3392 0456 00BF     		.align	2
 3393              	.L322:
 3394 0458 00000000 		.word	.LANCHOR2
 3395 045c 00000000 		.word	.LC0
 3396 0460 20010000 		.word	.LC28
 3397 0464 54000000 		.word	.LC2
 3398 0468 00000000 		.word	.LANCHOR6
 3399 046c 88000000 		.word	.LC25
 3400 0470 00000000 		.word	.LANCHOR7
 3401 0474 00000000 		.word	.LANCHOR10
 3402 0478 00000000 		.word	.LANCHOR5
 3403 047c 4C010000 		.word	.LC29
 3404 0480 7C010000 		.word	.LC30
 3405 0484 A4010000 		.word	.LC31
 3406              		.cfi_endproc
 3407              	.LFE181:
 3409              		.section	.rodata.tcp_pcb_remove.str1.4,"aMS",%progbits,1
 3410              		.align	2
 3411              	.LC32:
 3412 0000 7463705F 		.ascii	"tcp_pcb_remove: invalid pcb\000"
 3412      7063625F 
 3412      72656D6F 
ARM GAS  C:\msys64\tmp\cc73uNFg.s 			page 116


 3412      76653A20 
 3412      696E7661 
 3413              		.align	2
 3414              	.LC33:
 3415 001c 7463705F 		.ascii	"tcp_pcb_remove: invalid pcblist\000"
 3415      7063625F 
 3415      72656D6F 
 3415      76653A20 
 3415      696E7661 
 3416              		.align	2
 3417              	.LC34:
 3418 003c 756E7365 		.ascii	"unsent segments leaking\000"
 3418      6E742073 
 3418      65676D65 
 3418      6E747320 
 3418      6C65616B 
 3419              		.align	2
 3420              	.LC35:
 3421 0054 756E6163 		.ascii	"unacked segments leaking\000"
 3421      6B656420 
 3421      7365676D 
 3421      656E7473 
 3421      206C6561 
 3422              		.section	.text.tcp_pcb_remove,"ax",%progbits
 3423              		.align	1
 3424              		.global	tcp_pcb_remove
 3425              		.syntax unified
 3426              		.thumb
 3427              		.thumb_func
 3429              	tcp_pcb_remove:
 3430              	.LVL320:
 3431              	.LFB203:
2169:Middlewares/Third_Party/LwIP/src/core/tcp.c **** 
2170:Middlewares/Third_Party/LwIP/src/core/tcp.c **** /**
2171:Middlewares/Third_Party/LwIP/src/core/tcp.c ****  * Purges the PCB and removes it from a PCB list. Any delayed ACKs are sent first.
2172:Middlewares/Third_Party/LwIP/src/core/tcp.c ****  *
2173:Middlewares/Third_Party/LwIP/src/core/tcp.c ****  * @param pcblist PCB list to purge.
2174:Middlewares/Third_Party/LwIP/src/core/tcp.c ****  * @param pcb tcp_pcb to purge. The pcb itself is NOT deallocated!
2175:Middlewares/Third_Party/LwIP/src/core/tcp.c ****  */
2176:Middlewares/Third_Party/LwIP/src/core/tcp.c **** void
2177:Middlewares/Third_Party/LwIP/src/core/tcp.c **** tcp_pcb_remove(struct tcp_pcb **pcblist, struct tcp_pcb *pcb)
2178:Middlewares/Third_Party/LwIP/src/core/tcp.c **** {
 3432              		.loc 1 2178 1 is_stmt 1 view -0
 3433              		.cfi_startproc
 3434              		@ args = 0, pretend = 0, frame = 0
 3435              		@ frame_needed = 0, uses_anonymous_args = 0
 3436              		.loc 1 2178 1 is_stmt 0 view .LVU1029
 3437 0000 38B5     		push	{r3, r4, r5, lr}
 3438              	.LCFI30:
 3439              		.cfi_def_cfa_offset 16
 3440              		.cfi_offset 3, -16
 3441              		.cfi_offset 4, -12
 3442              		.cfi_offset 5, -8
 3443              		.cfi_offset 14, -4
 3444 0002 0546     		mov	r5, r0
2179:Middlewares/Third_Party/LwIP/src/core/tcp.c ****   LWIP_ASSERT("tcp_pcb_remove: invalid pcb", pcb != NULL);
 3445              		.loc 1 2179 3 is_stmt 1 view .LVU1030
ARM GAS  C:\msys64\tmp\cc73uNFg.s 			page 117


 3446              		.loc 1 2179 3 view .LVU1031
 3447 0004 0C46     		mov	r4, r1
 3448 0006 49B1     		cbz	r1, .L335
 3449              	.LVL321:
 3450              	.L325:
 3451              		.loc 1 2179 3 discriminator 3 view .LVU1032
 3452              		.loc 1 2179 3 discriminator 3 view .LVU1033
2180:Middlewares/Third_Party/LwIP/src/core/tcp.c ****   LWIP_ASSERT("tcp_pcb_remove: invalid pcblist", pcblist != NULL);
 3453              		.loc 1 2180 3 discriminator 3 view .LVU1034
 3454              		.loc 1 2180 3 discriminator 3 view .LVU1035
 3455 0008 85B1     		cbz	r5, .L336
 3456              	.L326:
 3457              		.loc 1 2180 3 discriminator 3 view .LVU1036
 3458              		.loc 1 2180 3 discriminator 3 view .LVU1037
2181:Middlewares/Third_Party/LwIP/src/core/tcp.c **** 
2182:Middlewares/Third_Party/LwIP/src/core/tcp.c ****   TCP_RMV(pcblist, pcb);
 3459              		.loc 1 2182 3 discriminator 3 view .LVU1038
 3460              		.loc 1 2182 3 discriminator 3 view .LVU1039
 3461 000a 2B68     		ldr	r3, [r5]
 3462 000c A342     		cmp	r3, r4
 3463 000e 15D0     		beq	.L337
 3464              	.L327:
 3465              	.LVL322:
 3466              	.LBB19:
 3467              		.loc 1 2182 3 discriminator 8 view .LVU1040
 3468 0010 CBB1     		cbz	r3, .L328
 3469              		.loc 1 2182 3 discriminator 9 view .LVU1041
 3470 0012 DA68     		ldr	r2, [r3, #12]
 3471 0014 A242     		cmp	r2, r4
 3472 0016 14D0     		beq	.L338
 3473              		.loc 1 2182 3 is_stmt 0 view .LVU1042
 3474 0018 1346     		mov	r3, r2
 3475              	.LVL323:
 3476              		.loc 1 2182 3 view .LVU1043
 3477 001a F9E7     		b	.L327
 3478              	.LVL324:
 3479              	.L335:
 3480              		.loc 1 2182 3 view .LVU1044
 3481              	.LBE19:
2179:Middlewares/Third_Party/LwIP/src/core/tcp.c ****   LWIP_ASSERT("tcp_pcb_remove: invalid pcblist", pcblist != NULL);
 3482              		.loc 1 2179 3 is_stmt 1 discriminator 1 view .LVU1045
2179:Middlewares/Third_Party/LwIP/src/core/tcp.c ****   LWIP_ASSERT("tcp_pcb_remove: invalid pcblist", pcblist != NULL);
 3483              		.loc 1 2179 3 discriminator 1 view .LVU1046
 3484 001c 214B     		ldr	r3, .L340
 3485 001e 40F68302 		movw	r2, #2179
 3486 0022 2149     		ldr	r1, .L340+4
 3487              	.LVL325:
2179:Middlewares/Third_Party/LwIP/src/core/tcp.c ****   LWIP_ASSERT("tcp_pcb_remove: invalid pcblist", pcblist != NULL);
 3488              		.loc 1 2179 3 is_stmt 0 discriminator 1 view .LVU1047
 3489 0024 2148     		ldr	r0, .L340+8
 3490              	.LVL326:
2179:Middlewares/Third_Party/LwIP/src/core/tcp.c ****   LWIP_ASSERT("tcp_pcb_remove: invalid pcblist", pcblist != NULL);
 3491              		.loc 1 2179 3 discriminator 1 view .LVU1048
 3492 0026 FFF7FEFF 		bl	printf
 3493              	.LVL327:
 3494 002a EDE7     		b	.L325
 3495              	.L336:
ARM GAS  C:\msys64\tmp\cc73uNFg.s 			page 118


2180:Middlewares/Third_Party/LwIP/src/core/tcp.c ****   LWIP_ASSERT("tcp_pcb_remove: invalid pcblist", pcblist != NULL);
 3496              		.loc 1 2180 3 is_stmt 1 discriminator 1 view .LVU1049
2180:Middlewares/Third_Party/LwIP/src/core/tcp.c ****   LWIP_ASSERT("tcp_pcb_remove: invalid pcblist", pcblist != NULL);
 3497              		.loc 1 2180 3 discriminator 1 view .LVU1050
 3498 002c 1D4B     		ldr	r3, .L340
 3499 002e 40F68402 		movw	r2, #2180
 3500 0032 1F49     		ldr	r1, .L340+12
 3501 0034 1D48     		ldr	r0, .L340+8
 3502 0036 FFF7FEFF 		bl	printf
 3503              	.LVL328:
 3504 003a E6E7     		b	.L326
 3505              	.L337:
 3506              		.loc 1 2182 3 discriminator 1 view .LVU1051
 3507 003c DB68     		ldr	r3, [r3, #12]
 3508 003e 2B60     		str	r3, [r5]
 3509 0040 01E0     		b	.L328
 3510              	.LVL329:
 3511              	.L338:
 3512              	.LBB20:
 3513              		.loc 1 2182 3 discriminator 5 view .LVU1052
 3514 0042 E268     		ldr	r2, [r4, #12]
 3515 0044 DA60     		str	r2, [r3, #12]
 3516              		.loc 1 2182 3 discriminator 5 view .LVU1053
 3517              	.LVL330:
 3518              	.L328:
 3519              		.loc 1 2182 3 is_stmt 0 discriminator 5 view .LVU1054
 3520              	.LBE20:
 3521              		.loc 1 2182 3 is_stmt 1 discriminator 10 view .LVU1055
 3522 0046 0023     		movs	r3, #0
 3523 0048 E360     		str	r3, [r4, #12]
 3524              		.loc 1 2182 3 discriminator 10 view .LVU1056
2183:Middlewares/Third_Party/LwIP/src/core/tcp.c **** 
2184:Middlewares/Third_Party/LwIP/src/core/tcp.c ****   tcp_pcb_purge(pcb);
 3525              		.loc 1 2184 3 discriminator 10 view .LVU1057
 3526 004a 2046     		mov	r0, r4
 3527 004c FFF7FEFF 		bl	tcp_pcb_purge
 3528              	.LVL331:
2185:Middlewares/Third_Party/LwIP/src/core/tcp.c **** 
2186:Middlewares/Third_Party/LwIP/src/core/tcp.c ****   /* if there is an outstanding delayed ACKs, send it */
2187:Middlewares/Third_Party/LwIP/src/core/tcp.c ****   if ((pcb->state != TIME_WAIT) &&
 3529              		.loc 1 2187 3 discriminator 10 view .LVU1058
 3530              		.loc 1 2187 11 is_stmt 0 discriminator 10 view .LVU1059
 3531 0050 237D     		ldrb	r3, [r4, #20]	@ zero_extendqisi2
 3532              		.loc 1 2187 6 discriminator 10 view .LVU1060
 3533 0052 0A2B     		cmp	r3, #10
 3534 0054 05D0     		beq	.L330
 3535              		.loc 1 2187 33 discriminator 1 view .LVU1061
 3536 0056 012B     		cmp	r3, #1
 3537 0058 03D0     		beq	.L330
2188:Middlewares/Third_Party/LwIP/src/core/tcp.c ****       (pcb->state != LISTEN) &&
2189:Middlewares/Third_Party/LwIP/src/core/tcp.c ****       (pcb->flags & TF_ACK_DELAY)) {
 3538              		.loc 1 2189 11 view .LVU1062
 3539 005a 638B     		ldrh	r3, [r4, #26]
2188:Middlewares/Third_Party/LwIP/src/core/tcp.c ****       (pcb->state != LISTEN) &&
 3540              		.loc 1 2188 30 view .LVU1063
 3541 005c 13F0010F 		tst	r3, #1
 3542 0060 18D1     		bne	.L339
ARM GAS  C:\msys64\tmp\cc73uNFg.s 			page 119


 3543              	.L330:
2190:Middlewares/Third_Party/LwIP/src/core/tcp.c ****     tcp_ack_now(pcb);
2191:Middlewares/Third_Party/LwIP/src/core/tcp.c ****     tcp_output(pcb);
2192:Middlewares/Third_Party/LwIP/src/core/tcp.c ****   }
2193:Middlewares/Third_Party/LwIP/src/core/tcp.c **** 
2194:Middlewares/Third_Party/LwIP/src/core/tcp.c ****   if (pcb->state != LISTEN) {
 3544              		.loc 1 2194 3 is_stmt 1 view .LVU1064
 3545              		.loc 1 2194 10 is_stmt 0 view .LVU1065
 3546 0062 237D     		ldrb	r3, [r4, #20]	@ zero_extendqisi2
 3547              		.loc 1 2194 6 view .LVU1066
 3548 0064 012B     		cmp	r3, #1
 3549 0066 11D0     		beq	.L331
2195:Middlewares/Third_Party/LwIP/src/core/tcp.c ****     LWIP_ASSERT("unsent segments leaking", pcb->unsent == NULL);
 3550              		.loc 1 2195 5 is_stmt 1 view .LVU1067
 3551              		.loc 1 2195 5 view .LVU1068
 3552 0068 E36E     		ldr	r3, [r4, #108]
 3553 006a 33B1     		cbz	r3, .L332
 3554              		.loc 1 2195 5 discriminator 1 view .LVU1069
 3555              		.loc 1 2195 5 discriminator 1 view .LVU1070
 3556 006c 0D4B     		ldr	r3, .L340
 3557 006e 40F69302 		movw	r2, #2195
 3558 0072 1049     		ldr	r1, .L340+16
 3559 0074 0D48     		ldr	r0, .L340+8
 3560 0076 FFF7FEFF 		bl	printf
 3561              	.LVL332:
 3562              	.L332:
 3563              		.loc 1 2195 5 discriminator 3 view .LVU1071
 3564              		.loc 1 2195 5 discriminator 3 view .LVU1072
2196:Middlewares/Third_Party/LwIP/src/core/tcp.c ****     LWIP_ASSERT("unacked segments leaking", pcb->unacked == NULL);
 3565              		.loc 1 2196 5 discriminator 3 view .LVU1073
 3566              		.loc 1 2196 5 discriminator 3 view .LVU1074
 3567 007a 236F     		ldr	r3, [r4, #112]
 3568 007c 33B1     		cbz	r3, .L331
 3569              		.loc 1 2196 5 discriminator 1 view .LVU1075
 3570              		.loc 1 2196 5 discriminator 1 view .LVU1076
 3571 007e 094B     		ldr	r3, .L340
 3572 0080 40F69402 		movw	r2, #2196
 3573 0084 0C49     		ldr	r1, .L340+20
 3574 0086 0948     		ldr	r0, .L340+8
 3575 0088 FFF7FEFF 		bl	printf
 3576              	.LVL333:
 3577              	.L331:
 3578              		.loc 1 2196 5 discriminator 3 view .LVU1077
 3579              		.loc 1 2196 5 discriminator 3 view .LVU1078
2197:Middlewares/Third_Party/LwIP/src/core/tcp.c **** #if TCP_QUEUE_OOSEQ
2198:Middlewares/Third_Party/LwIP/src/core/tcp.c ****     LWIP_ASSERT("ooseq segments leaking", pcb->ooseq == NULL);
2199:Middlewares/Third_Party/LwIP/src/core/tcp.c **** #endif /* TCP_QUEUE_OOSEQ */
2200:Middlewares/Third_Party/LwIP/src/core/tcp.c ****   }
2201:Middlewares/Third_Party/LwIP/src/core/tcp.c **** 
2202:Middlewares/Third_Party/LwIP/src/core/tcp.c ****   pcb->state = CLOSED;
 3580              		.loc 1 2202 3 discriminator 3 view .LVU1079
 3581              		.loc 1 2202 14 is_stmt 0 discriminator 3 view .LVU1080
 3582 008c 0023     		movs	r3, #0
 3583 008e 2375     		strb	r3, [r4, #20]
2203:Middlewares/Third_Party/LwIP/src/core/tcp.c ****   /* reset the local port to prevent the pcb from being 'bound' */
2204:Middlewares/Third_Party/LwIP/src/core/tcp.c ****   pcb->local_port = 0;
 3584              		.loc 1 2204 3 is_stmt 1 discriminator 3 view .LVU1081
ARM GAS  C:\msys64\tmp\cc73uNFg.s 			page 120


 3585              		.loc 1 2204 19 is_stmt 0 discriminator 3 view .LVU1082
 3586 0090 E382     		strh	r3, [r4, #22]	@ movhi
2205:Middlewares/Third_Party/LwIP/src/core/tcp.c **** 
2206:Middlewares/Third_Party/LwIP/src/core/tcp.c ****   LWIP_ASSERT("tcp_pcb_remove: tcp_pcbs_sane()", tcp_pcbs_sane());
 3587              		.loc 1 2206 3 is_stmt 1 discriminator 3 view .LVU1083
 3588              		.loc 1 2206 3 discriminator 3 view .LVU1084
 3589              		.loc 1 2206 3 discriminator 3 view .LVU1085
 3590              		.loc 1 2206 3 discriminator 3 view .LVU1086
2207:Middlewares/Third_Party/LwIP/src/core/tcp.c **** }
 3591              		.loc 1 2207 1 is_stmt 0 discriminator 3 view .LVU1087
 3592 0092 38BD     		pop	{r3, r4, r5, pc}
 3593              	.LVL334:
 3594              	.L339:
2190:Middlewares/Third_Party/LwIP/src/core/tcp.c ****     tcp_output(pcb);
 3595              		.loc 1 2190 5 is_stmt 1 view .LVU1088
2190:Middlewares/Third_Party/LwIP/src/core/tcp.c ****     tcp_output(pcb);
 3596              		.loc 1 2190 5 view .LVU1089
 3597 0094 43F00203 		orr	r3, r3, #2
 3598 0098 6383     		strh	r3, [r4, #26]	@ movhi
2190:Middlewares/Third_Party/LwIP/src/core/tcp.c ****     tcp_output(pcb);
 3599              		.loc 1 2190 5 view .LVU1090
2191:Middlewares/Third_Party/LwIP/src/core/tcp.c ****   }
 3600              		.loc 1 2191 5 view .LVU1091
 3601 009a 2046     		mov	r0, r4
 3602 009c FFF7FEFF 		bl	tcp_output
 3603              	.LVL335:
 3604 00a0 DFE7     		b	.L330
 3605              	.L341:
 3606 00a2 00BF     		.align	2
 3607              	.L340:
 3608 00a4 00000000 		.word	.LC0
 3609 00a8 00000000 		.word	.LC32
 3610 00ac 54000000 		.word	.LC2
 3611 00b0 1C000000 		.word	.LC33
 3612 00b4 3C000000 		.word	.LC34
 3613 00b8 54000000 		.word	.LC35
 3614              		.cfi_endproc
 3615              	.LFE203:
 3617              		.section	.rodata.tcp_close_shutdown.str1.4,"aMS",%progbits,1
 3618              		.align	2
 3619              	.LC36:
 3620 0000 7463705F 		.ascii	"tcp_close_shutdown: invalid pcb\000"
 3620      636C6F73 
 3620      655F7368 
 3620      7574646F 
 3620      776E3A20 
 3621              		.align	2
 3622              	.LC37:
 3623 0020 7063622D 		.ascii	"pcb->flags & TF_RXCLOSED\000"
 3623      3E666C61 
 3623      67732026 
 3623      2054465F 
 3623      5258434C 
 3624              		.section	.text.tcp_close_shutdown,"ax",%progbits
 3625              		.align	1
 3626              		.syntax unified
 3627              		.thumb
ARM GAS  C:\msys64\tmp\cc73uNFg.s 			page 121


 3628              		.thumb_func
 3630              	tcp_close_shutdown:
 3631              	.LVL336:
 3632              	.LFB166:
 349:Middlewares/Third_Party/LwIP/src/core/tcp.c ****   LWIP_ASSERT("tcp_close_shutdown: invalid pcb", pcb != NULL);
 3633              		.loc 1 349 1 view -0
 3634              		.cfi_startproc
 3635              		@ args = 0, pretend = 0, frame = 0
 3636              		@ frame_needed = 0, uses_anonymous_args = 0
 349:Middlewares/Third_Party/LwIP/src/core/tcp.c ****   LWIP_ASSERT("tcp_close_shutdown: invalid pcb", pcb != NULL);
 3637              		.loc 1 349 1 is_stmt 0 view .LVU1093
 3638 0000 30B5     		push	{r4, r5, lr}
 3639              	.LCFI31:
 3640              		.cfi_def_cfa_offset 12
 3641              		.cfi_offset 4, -12
 3642              		.cfi_offset 5, -8
 3643              		.cfi_offset 14, -4
 3644 0002 85B0     		sub	sp, sp, #20
 3645              	.LCFI32:
 3646              		.cfi_def_cfa_offset 32
 3647 0004 0D46     		mov	r5, r1
 350:Middlewares/Third_Party/LwIP/src/core/tcp.c **** 
 3648              		.loc 1 350 3 is_stmt 1 view .LVU1094
 350:Middlewares/Third_Party/LwIP/src/core/tcp.c **** 
 3649              		.loc 1 350 3 view .LVU1095
 3650 0006 0446     		mov	r4, r0
 3651 0008 80B1     		cbz	r0, .L364
 3652              	.LVL337:
 3653              	.L343:
 350:Middlewares/Third_Party/LwIP/src/core/tcp.c **** 
 3654              		.loc 1 350 3 discriminator 3 view .LVU1096
 350:Middlewares/Third_Party/LwIP/src/core/tcp.c **** 
 3655              		.loc 1 350 3 discriminator 3 view .LVU1097
 352:Middlewares/Third_Party/LwIP/src/core/tcp.c ****     if ((pcb->refused_data != NULL) || (pcb->rcv_wnd != TCP_WND_MAX(pcb))) {
 3656              		.loc 1 352 3 discriminator 3 view .LVU1098
 352:Middlewares/Third_Party/LwIP/src/core/tcp.c ****     if ((pcb->refused_data != NULL) || (pcb->rcv_wnd != TCP_WND_MAX(pcb))) {
 3657              		.loc 1 352 6 is_stmt 0 discriminator 3 view .LVU1099
 3658 000a 25B1     		cbz	r5, .L344
 352:Middlewares/Third_Party/LwIP/src/core/tcp.c ****     if ((pcb->refused_data != NULL) || (pcb->rcv_wnd != TCP_WND_MAX(pcb))) {
 3659              		.loc 1 352 35 discriminator 1 view .LVU1100
 3660 000c 237D     		ldrb	r3, [r4, #20]	@ zero_extendqisi2
 352:Middlewares/Third_Party/LwIP/src/core/tcp.c ****     if ((pcb->refused_data != NULL) || (pcb->rcv_wnd != TCP_WND_MAX(pcb))) {
 3661              		.loc 1 352 27 discriminator 1 view .LVU1101
 3662 000e 042B     		cmp	r3, #4
 3663 0010 14D0     		beq	.L345
 352:Middlewares/Third_Party/LwIP/src/core/tcp.c ****     if ((pcb->refused_data != NULL) || (pcb->rcv_wnd != TCP_WND_MAX(pcb))) {
 3664              		.loc 1 352 59 discriminator 2 view .LVU1102
 3665 0012 072B     		cmp	r3, #7
 3666 0014 12D0     		beq	.L345
 3667              	.L344:
 378:Middlewares/Third_Party/LwIP/src/core/tcp.c ****     case CLOSED:
 3668              		.loc 1 378 3 is_stmt 1 view .LVU1103
 378:Middlewares/Third_Party/LwIP/src/core/tcp.c ****     case CLOSED:
 3669              		.loc 1 378 14 is_stmt 0 view .LVU1104
 3670 0016 237D     		ldrb	r3, [r4, #20]	@ zero_extendqisi2
 378:Middlewares/Third_Party/LwIP/src/core/tcp.c ****     case CLOSED:
 3671              		.loc 1 378 3 view .LVU1105
ARM GAS  C:\msys64\tmp\cc73uNFg.s 			page 122


 3672 0018 012B     		cmp	r3, #1
 3673 001a 6DD0     		beq	.L354
 3674 001c 022B     		cmp	r3, #2
 3675 001e 77D0     		beq	.L355
 3676 0020 002B     		cmp	r3, #0
 3677 0022 50D0     		beq	.L365
 403:Middlewares/Third_Party/LwIP/src/core/tcp.c ****   }
 3678              		.loc 1 403 7 is_stmt 1 view .LVU1106
 403:Middlewares/Third_Party/LwIP/src/core/tcp.c ****   }
 3679              		.loc 1 403 14 is_stmt 0 view .LVU1107
 3680 0024 2046     		mov	r0, r4
 3681 0026 FFF7FEFF 		bl	tcp_close_shutdown_fin
 3682              	.LVL338:
 3683 002a 47E0     		b	.L353
 3684              	.LVL339:
 3685              	.L364:
 350:Middlewares/Third_Party/LwIP/src/core/tcp.c **** 
 3686              		.loc 1 350 3 is_stmt 1 discriminator 1 view .LVU1108
 350:Middlewares/Third_Party/LwIP/src/core/tcp.c **** 
 3687              		.loc 1 350 3 discriminator 1 view .LVU1109
 3688 002c 3E4B     		ldr	r3, .L373
 3689 002e 4FF4AF72 		mov	r2, #350
 3690 0032 3E49     		ldr	r1, .L373+4
 3691              	.LVL340:
 350:Middlewares/Third_Party/LwIP/src/core/tcp.c **** 
 3692              		.loc 1 350 3 is_stmt 0 discriminator 1 view .LVU1110
 3693 0034 3E48     		ldr	r0, .L373+8
 3694              	.LVL341:
 350:Middlewares/Third_Party/LwIP/src/core/tcp.c **** 
 3695              		.loc 1 350 3 discriminator 1 view .LVU1111
 3696 0036 FFF7FEFF 		bl	printf
 3697              	.LVL342:
 3698 003a E6E7     		b	.L343
 3699              	.L345:
 353:Middlewares/Third_Party/LwIP/src/core/tcp.c ****       /* Not all data received by application, send RST to tell the remote
 3700              		.loc 1 353 5 is_stmt 1 view .LVU1112
 353:Middlewares/Third_Party/LwIP/src/core/tcp.c ****       /* Not all data received by application, send RST to tell the remote
 3701              		.loc 1 353 13 is_stmt 0 view .LVU1113
 3702 003c 636F     		ldr	r3, [r4, #116]
 353:Middlewares/Third_Party/LwIP/src/core/tcp.c ****       /* Not all data received by application, send RST to tell the remote
 3703              		.loc 1 353 8 view .LVU1114
 3704 003e E3B1     		cbz	r3, .L366
 3705              	.L346:
 356:Middlewares/Third_Party/LwIP/src/core/tcp.c **** 
 3706              		.loc 1 356 7 is_stmt 1 view .LVU1115
 356:Middlewares/Third_Party/LwIP/src/core/tcp.c **** 
 3707              		.loc 1 356 7 view .LVU1116
 3708 0040 638B     		ldrh	r3, [r4, #26]
 3709 0042 13F0100F 		tst	r3, #16
 3710 0046 1ED0     		beq	.L367
 3711              	.L347:
 356:Middlewares/Third_Party/LwIP/src/core/tcp.c **** 
 3712              		.loc 1 356 7 discriminator 3 view .LVU1117
 356:Middlewares/Third_Party/LwIP/src/core/tcp.c **** 
 3713              		.loc 1 356 7 discriminator 3 view .LVU1118
 360:Middlewares/Third_Party/LwIP/src/core/tcp.c ****               pcb->local_port, pcb->remote_port);
 3714              		.loc 1 360 7 discriminator 3 view .LVU1119
ARM GAS  C:\msys64\tmp\cc73uNFg.s 			page 123


 360:Middlewares/Third_Party/LwIP/src/core/tcp.c ****               pcb->local_port, pcb->remote_port);
 3715              		.loc 1 360 64 is_stmt 0 discriminator 3 view .LVU1120
 3716 0048 231D     		adds	r3, r4, #4
 360:Middlewares/Third_Party/LwIP/src/core/tcp.c ****               pcb->local_port, pcb->remote_port);
 3717              		.loc 1 360 7 discriminator 3 view .LVU1121
 3718 004a 228B     		ldrh	r2, [r4, #24]
 3719 004c 0292     		str	r2, [sp, #8]
 3720 004e E28A     		ldrh	r2, [r4, #22]
 3721 0050 0192     		str	r2, [sp, #4]
 3722 0052 0093     		str	r3, [sp]
 3723 0054 2346     		mov	r3, r4
 3724 0056 626A     		ldr	r2, [r4, #36]
 3725 0058 216D     		ldr	r1, [r4, #80]
 3726 005a 2046     		mov	r0, r4
 3727 005c FFF7FEFF 		bl	tcp_rst
 3728              	.LVL343:
 363:Middlewares/Third_Party/LwIP/src/core/tcp.c ****       TCP_RMV_ACTIVE(pcb);
 3729              		.loc 1 363 7 is_stmt 1 discriminator 3 view .LVU1122
 3730 0060 2046     		mov	r0, r4
 3731 0062 FFF7FEFF 		bl	tcp_pcb_purge
 3732              	.LVL344:
 364:Middlewares/Third_Party/LwIP/src/core/tcp.c ****       /* Deallocate the pcb since we already sent a RST for it */
 3733              		.loc 1 364 7 discriminator 3 view .LVU1123
 364:Middlewares/Third_Party/LwIP/src/core/tcp.c ****       /* Deallocate the pcb since we already sent a RST for it */
 3734              		.loc 1 364 7 discriminator 3 view .LVU1124
 364:Middlewares/Third_Party/LwIP/src/core/tcp.c ****       /* Deallocate the pcb since we already sent a RST for it */
 3735              		.loc 1 364 7 discriminator 3 view .LVU1125
 3736 0066 334B     		ldr	r3, .L373+12
 3737 0068 1B68     		ldr	r3, [r3]
 3738 006a A342     		cmp	r3, r4
 3739 006c 13D0     		beq	.L368
 3740              	.L348:
 3741              	.LVL345:
 3742              	.LBB21:
 364:Middlewares/Third_Party/LwIP/src/core/tcp.c ****       /* Deallocate the pcb since we already sent a RST for it */
 3743              		.loc 1 364 7 discriminator 8 view .LVU1126
 3744 006e C3B1     		cbz	r3, .L349
 364:Middlewares/Third_Party/LwIP/src/core/tcp.c ****       /* Deallocate the pcb since we already sent a RST for it */
 3745              		.loc 1 364 7 discriminator 9 view .LVU1127
 3746 0070 DA68     		ldr	r2, [r3, #12]
 3747 0072 A242     		cmp	r2, r4
 3748 0074 13D0     		beq	.L369
 364:Middlewares/Third_Party/LwIP/src/core/tcp.c ****       /* Deallocate the pcb since we already sent a RST for it */
 3749              		.loc 1 364 7 is_stmt 0 view .LVU1128
 3750 0076 1346     		mov	r3, r2
 3751              	.LVL346:
 364:Middlewares/Third_Party/LwIP/src/core/tcp.c ****       /* Deallocate the pcb since we already sent a RST for it */
 3752              		.loc 1 364 7 view .LVU1129
 3753 0078 F9E7     		b	.L348
 3754              	.L366:
 364:Middlewares/Third_Party/LwIP/src/core/tcp.c ****       /* Deallocate the pcb since we already sent a RST for it */
 3755              		.loc 1 364 7 view .LVU1130
 3756              	.LBE21:
 353:Middlewares/Third_Party/LwIP/src/core/tcp.c ****       /* Not all data received by application, send RST to tell the remote
 3757              		.loc 1 353 44 discriminator 1 view .LVU1131
 3758 007a 228D     		ldrh	r2, [r4, #40]
 353:Middlewares/Third_Party/LwIP/src/core/tcp.c ****       /* Not all data received by application, send RST to tell the remote
ARM GAS  C:\msys64\tmp\cc73uNFg.s 			page 124


 3759              		.loc 1 353 37 discriminator 1 view .LVU1132
 3760 007c 41F2D063 		movw	r3, #5840
 3761 0080 9A42     		cmp	r2, r3
 3762 0082 C8D0     		beq	.L344
 3763 0084 DCE7     		b	.L346
 3764              	.L367:
 356:Middlewares/Third_Party/LwIP/src/core/tcp.c **** 
 3765              		.loc 1 356 7 is_stmt 1 discriminator 1 view .LVU1133
 356:Middlewares/Third_Party/LwIP/src/core/tcp.c **** 
 3766              		.loc 1 356 7 discriminator 1 view .LVU1134
 3767 0086 284B     		ldr	r3, .L373
 3768 0088 4FF4B272 		mov	r2, #356
 3769 008c 2A49     		ldr	r1, .L373+16
 3770 008e 2848     		ldr	r0, .L373+8
 3771 0090 FFF7FEFF 		bl	printf
 3772              	.LVL347:
 3773 0094 D8E7     		b	.L347
 3774              	.L368:
 364:Middlewares/Third_Party/LwIP/src/core/tcp.c ****       /* Deallocate the pcb since we already sent a RST for it */
 3775              		.loc 1 364 7 discriminator 1 view .LVU1135
 3776 0096 DA68     		ldr	r2, [r3, #12]
 3777 0098 264B     		ldr	r3, .L373+12
 3778 009a 1A60     		str	r2, [r3]
 3779 009c 01E0     		b	.L349
 3780              	.LVL348:
 3781              	.L369:
 3782              	.LBB22:
 364:Middlewares/Third_Party/LwIP/src/core/tcp.c ****       /* Deallocate the pcb since we already sent a RST for it */
 3783              		.loc 1 364 7 discriminator 5 view .LVU1136
 3784 009e E268     		ldr	r2, [r4, #12]
 3785 00a0 DA60     		str	r2, [r3, #12]
 364:Middlewares/Third_Party/LwIP/src/core/tcp.c ****       /* Deallocate the pcb since we already sent a RST for it */
 3786              		.loc 1 364 7 discriminator 5 view .LVU1137
 3787              	.LVL349:
 3788              	.L349:
 364:Middlewares/Third_Party/LwIP/src/core/tcp.c ****       /* Deallocate the pcb since we already sent a RST for it */
 3789              		.loc 1 364 7 is_stmt 0 discriminator 5 view .LVU1138
 3790              	.LBE22:
 364:Middlewares/Third_Party/LwIP/src/core/tcp.c ****       /* Deallocate the pcb since we already sent a RST for it */
 3791              		.loc 1 364 7 is_stmt 1 discriminator 10 view .LVU1139
 3792 00a2 0023     		movs	r3, #0
 3793 00a4 E360     		str	r3, [r4, #12]
 364:Middlewares/Third_Party/LwIP/src/core/tcp.c ****       /* Deallocate the pcb since we already sent a RST for it */
 3794              		.loc 1 364 7 discriminator 10 view .LVU1140
 364:Middlewares/Third_Party/LwIP/src/core/tcp.c ****       /* Deallocate the pcb since we already sent a RST for it */
 3795              		.loc 1 364 7 discriminator 10 view .LVU1141
 3796 00a6 254B     		ldr	r3, .L373+20
 3797 00a8 0122     		movs	r2, #1
 3798 00aa 1A70     		strb	r2, [r3]
 364:Middlewares/Third_Party/LwIP/src/core/tcp.c ****       /* Deallocate the pcb since we already sent a RST for it */
 3799              		.loc 1 364 7 discriminator 10 view .LVU1142
 366:Middlewares/Third_Party/LwIP/src/core/tcp.c ****         /* prevent using a deallocated pcb: free it from tcp_input later */
 3800              		.loc 1 366 7 discriminator 10 view .LVU1143
 366:Middlewares/Third_Party/LwIP/src/core/tcp.c ****         /* prevent using a deallocated pcb: free it from tcp_input later */
 3801              		.loc 1 366 25 is_stmt 0 discriminator 10 view .LVU1144
 3802 00ac 244B     		ldr	r3, .L373+24
 3803 00ae 1B68     		ldr	r3, [r3]
ARM GAS  C:\msys64\tmp\cc73uNFg.s 			page 125


 366:Middlewares/Third_Party/LwIP/src/core/tcp.c ****         /* prevent using a deallocated pcb: free it from tcp_input later */
 3804              		.loc 1 366 10 discriminator 10 view .LVU1145
 3805 00b0 A342     		cmp	r3, r4
 3806 00b2 05D0     		beq	.L370
 370:Middlewares/Third_Party/LwIP/src/core/tcp.c ****       }
 3807              		.loc 1 370 9 is_stmt 1 view .LVU1146
 3808 00b4 2046     		mov	r0, r4
 3809 00b6 FFF7FEFF 		bl	tcp_free
 3810              	.LVL350:
 3811              	.L352:
 372:Middlewares/Third_Party/LwIP/src/core/tcp.c ****     }
 3812              		.loc 1 372 7 view .LVU1147
 372:Middlewares/Third_Party/LwIP/src/core/tcp.c ****     }
 3813              		.loc 1 372 14 is_stmt 0 view .LVU1148
 3814 00ba 0020     		movs	r0, #0
 3815              	.L353:
 406:Middlewares/Third_Party/LwIP/src/core/tcp.c **** 
 3816              		.loc 1 406 1 view .LVU1149
 3817 00bc 05B0     		add	sp, sp, #20
 3818              	.LCFI33:
 3819              		.cfi_remember_state
 3820              		.cfi_def_cfa_offset 12
 3821              		@ sp needed
 3822 00be 30BD     		pop	{r4, r5, pc}
 3823              	.LVL351:
 3824              	.L370:
 3825              	.LCFI34:
 3826              		.cfi_restore_state
 368:Middlewares/Third_Party/LwIP/src/core/tcp.c ****       } else {
 3827              		.loc 1 368 9 is_stmt 1 view .LVU1150
 3828 00c0 FFF7FEFF 		bl	tcp_trigger_input_pcb_close
 3829              	.LVL352:
 3830 00c4 F9E7     		b	.L352
 3831              	.L365:
 387:Middlewares/Third_Party/LwIP/src/core/tcp.c ****         TCP_RMV(&tcp_bound_pcbs, pcb);
 3832              		.loc 1 387 7 view .LVU1151
 387:Middlewares/Third_Party/LwIP/src/core/tcp.c ****         TCP_RMV(&tcp_bound_pcbs, pcb);
 3833              		.loc 1 387 14 is_stmt 0 view .LVU1152
 3834 00c6 E38A     		ldrh	r3, [r4, #22]
 387:Middlewares/Third_Party/LwIP/src/core/tcp.c ****         TCP_RMV(&tcp_bound_pcbs, pcb);
 3835              		.loc 1 387 10 view .LVU1153
 3836 00c8 8BB1     		cbz	r3, .L357
 388:Middlewares/Third_Party/LwIP/src/core/tcp.c ****       }
 3837              		.loc 1 388 9 is_stmt 1 view .LVU1154
 388:Middlewares/Third_Party/LwIP/src/core/tcp.c ****       }
 3838              		.loc 1 388 9 view .LVU1155
 3839 00ca 1E4B     		ldr	r3, .L373+28
 3840 00cc 1B68     		ldr	r3, [r3]
 3841 00ce A342     		cmp	r3, r4
 3842 00d0 05D0     		beq	.L371
 3843              	.L358:
 3844              	.LVL353:
 3845              	.LBB23:
 388:Middlewares/Third_Party/LwIP/src/core/tcp.c ****       }
 3846              		.loc 1 388 9 discriminator 8 view .LVU1156
 3847 00d2 53B1     		cbz	r3, .L359
 388:Middlewares/Third_Party/LwIP/src/core/tcp.c ****       }
ARM GAS  C:\msys64\tmp\cc73uNFg.s 			page 126


 3848              		.loc 1 388 9 discriminator 9 view .LVU1157
 3849 00d4 DA68     		ldr	r2, [r3, #12]
 3850 00d6 A242     		cmp	r2, r4
 3851 00d8 05D0     		beq	.L372
 388:Middlewares/Third_Party/LwIP/src/core/tcp.c ****       }
 3852              		.loc 1 388 9 is_stmt 0 view .LVU1158
 3853 00da 1346     		mov	r3, r2
 3854              	.LVL354:
 388:Middlewares/Third_Party/LwIP/src/core/tcp.c ****       }
 3855              		.loc 1 388 9 view .LVU1159
 3856 00dc F9E7     		b	.L358
 3857              	.L371:
 388:Middlewares/Third_Party/LwIP/src/core/tcp.c ****       }
 3858              		.loc 1 388 9 view .LVU1160
 3859              	.LBE23:
 388:Middlewares/Third_Party/LwIP/src/core/tcp.c ****       }
 3860              		.loc 1 388 9 is_stmt 1 discriminator 1 view .LVU1161
 3861 00de DA68     		ldr	r2, [r3, #12]
 3862 00e0 184B     		ldr	r3, .L373+28
 3863 00e2 1A60     		str	r2, [r3]
 3864 00e4 01E0     		b	.L359
 3865              	.LVL355:
 3866              	.L372:
 3867              	.LBB24:
 388:Middlewares/Third_Party/LwIP/src/core/tcp.c ****       }
 3868              		.loc 1 388 9 discriminator 5 view .LVU1162
 3869 00e6 E268     		ldr	r2, [r4, #12]
 3870 00e8 DA60     		str	r2, [r3, #12]
 388:Middlewares/Third_Party/LwIP/src/core/tcp.c ****       }
 3871              		.loc 1 388 9 discriminator 5 view .LVU1163
 3872              	.LVL356:
 3873              	.L359:
 388:Middlewares/Third_Party/LwIP/src/core/tcp.c ****       }
 3874              		.loc 1 388 9 is_stmt 0 discriminator 5 view .LVU1164
 3875              	.LBE24:
 388:Middlewares/Third_Party/LwIP/src/core/tcp.c ****       }
 3876              		.loc 1 388 9 is_stmt 1 discriminator 10 view .LVU1165
 3877 00ea 0023     		movs	r3, #0
 3878 00ec E360     		str	r3, [r4, #12]
 3879              	.L357:
 388:Middlewares/Third_Party/LwIP/src/core/tcp.c ****       }
 3880              		.loc 1 388 9 discriminator 11 view .LVU1166
 390:Middlewares/Third_Party/LwIP/src/core/tcp.c ****       break;
 3881              		.loc 1 390 7 discriminator 11 view .LVU1167
 3882 00ee 2046     		mov	r0, r4
 3883 00f0 FFF7FEFF 		bl	tcp_free
 3884              	.LVL357:
 391:Middlewares/Third_Party/LwIP/src/core/tcp.c ****     case LISTEN:
 3885              		.loc 1 391 7 discriminator 11 view .LVU1168
 405:Middlewares/Third_Party/LwIP/src/core/tcp.c **** }
 3886              		.loc 1 405 10 is_stmt 0 discriminator 11 view .LVU1169
 3887 00f4 0020     		movs	r0, #0
 391:Middlewares/Third_Party/LwIP/src/core/tcp.c ****     case LISTEN:
 3888              		.loc 1 391 7 discriminator 11 view .LVU1170
 3889 00f6 E1E7     		b	.L353
 3890              	.L354:
 393:Middlewares/Third_Party/LwIP/src/core/tcp.c ****       tcp_pcb_remove(&tcp_listen_pcbs.pcbs, pcb);
ARM GAS  C:\msys64\tmp\cc73uNFg.s 			page 127


 3891              		.loc 1 393 7 is_stmt 1 view .LVU1171
 3892 00f8 2046     		mov	r0, r4
 3893 00fa FFF7FEFF 		bl	tcp_listen_closed
 3894              	.LVL358:
 394:Middlewares/Third_Party/LwIP/src/core/tcp.c ****       tcp_free_listen(pcb);
 3895              		.loc 1 394 7 view .LVU1172
 3896 00fe 2146     		mov	r1, r4
 3897 0100 1148     		ldr	r0, .L373+32
 3898 0102 FFF7FEFF 		bl	tcp_pcb_remove
 3899              	.LVL359:
 395:Middlewares/Third_Party/LwIP/src/core/tcp.c ****       break;
 3900              		.loc 1 395 7 view .LVU1173
 3901 0106 2046     		mov	r0, r4
 3902 0108 FFF7FEFF 		bl	tcp_free_listen
 3903              	.LVL360:
 396:Middlewares/Third_Party/LwIP/src/core/tcp.c ****     case SYN_SENT:
 3904              		.loc 1 396 7 view .LVU1174
 405:Middlewares/Third_Party/LwIP/src/core/tcp.c **** }
 3905              		.loc 1 405 10 is_stmt 0 view .LVU1175
 3906 010c 0020     		movs	r0, #0
 396:Middlewares/Third_Party/LwIP/src/core/tcp.c ****     case SYN_SENT:
 3907              		.loc 1 396 7 view .LVU1176
 3908 010e D5E7     		b	.L353
 3909              	.L355:
 398:Middlewares/Third_Party/LwIP/src/core/tcp.c ****       tcp_free(pcb);
 3910              		.loc 1 398 7 is_stmt 1 view .LVU1177
 398:Middlewares/Third_Party/LwIP/src/core/tcp.c ****       tcp_free(pcb);
 3911              		.loc 1 398 7 view .LVU1178
 3912 0110 2146     		mov	r1, r4
 3913 0112 0848     		ldr	r0, .L373+12
 3914 0114 FFF7FEFF 		bl	tcp_pcb_remove
 3915              	.LVL361:
 398:Middlewares/Third_Party/LwIP/src/core/tcp.c ****       tcp_free(pcb);
 3916              		.loc 1 398 7 view .LVU1179
 3917 0118 084B     		ldr	r3, .L373+20
 3918 011a 0122     		movs	r2, #1
 3919 011c 1A70     		strb	r2, [r3]
 398:Middlewares/Third_Party/LwIP/src/core/tcp.c ****       tcp_free(pcb);
 3920              		.loc 1 398 7 view .LVU1180
 399:Middlewares/Third_Party/LwIP/src/core/tcp.c ****       MIB2_STATS_INC(mib2.tcpattemptfails);
 3921              		.loc 1 399 7 view .LVU1181
 3922 011e 2046     		mov	r0, r4
 3923 0120 FFF7FEFF 		bl	tcp_free
 3924              	.LVL362:
 400:Middlewares/Third_Party/LwIP/src/core/tcp.c ****       break;
 3925              		.loc 1 400 43 view .LVU1182
 401:Middlewares/Third_Party/LwIP/src/core/tcp.c ****     default:
 3926              		.loc 1 401 7 view .LVU1183
 405:Middlewares/Third_Party/LwIP/src/core/tcp.c **** }
 3927              		.loc 1 405 10 is_stmt 0 view .LVU1184
 3928 0124 0020     		movs	r0, #0
 401:Middlewares/Third_Party/LwIP/src/core/tcp.c ****     default:
 3929              		.loc 1 401 7 view .LVU1185
 3930 0126 C9E7     		b	.L353
 3931              	.L374:
 3932              		.align	2
 3933              	.L373:
ARM GAS  C:\msys64\tmp\cc73uNFg.s 			page 128


 3934 0128 00000000 		.word	.LC0
 3935 012c 00000000 		.word	.LC36
 3936 0130 54000000 		.word	.LC2
 3937 0134 00000000 		.word	.LANCHOR2
 3938 0138 20000000 		.word	.LC37
 3939 013c 00000000 		.word	.LANCHOR9
 3940 0140 00000000 		.word	tcp_input_pcb
 3941 0144 00000000 		.word	.LANCHOR3
 3942 0148 00000000 		.word	.LANCHOR4
 3943              		.cfi_endproc
 3944              	.LFE166:
 3946              		.section	.rodata.tcp_close.str1.4,"aMS",%progbits,1
 3947              		.align	2
 3948              	.LC38:
 3949 0000 7463705F 		.ascii	"tcp_close: invalid pcb\000"
 3949      636C6F73 
 3949      653A2069 
 3949      6E76616C 
 3949      69642070 
 3950              		.section	.text.tcp_close,"ax",%progbits
 3951              		.align	1
 3952              		.global	tcp_close
 3953              		.syntax unified
 3954              		.thumb
 3955              		.thumb_func
 3957              	tcp_close:
 3958              	.LVL363:
 3959              	.LFB168:
 485:Middlewares/Third_Party/LwIP/src/core/tcp.c ****   LWIP_ASSERT_CORE_LOCKED();
 3960              		.loc 1 485 1 is_stmt 1 view -0
 3961              		.cfi_startproc
 3962              		@ args = 0, pretend = 0, frame = 0
 3963              		@ frame_needed = 0, uses_anonymous_args = 0
 485:Middlewares/Third_Party/LwIP/src/core/tcp.c ****   LWIP_ASSERT_CORE_LOCKED();
 3964              		.loc 1 485 1 is_stmt 0 view .LVU1187
 3965 0000 08B5     		push	{r3, lr}
 3966              	.LCFI35:
 3967              		.cfi_def_cfa_offset 8
 3968              		.cfi_offset 3, -8
 3969              		.cfi_offset 14, -4
 486:Middlewares/Third_Party/LwIP/src/core/tcp.c **** 
 3970              		.loc 1 486 28 is_stmt 1 view .LVU1188
 488:Middlewares/Third_Party/LwIP/src/core/tcp.c ****   LWIP_DEBUGF(TCP_DEBUG, ("tcp_close: closing in "));
 3971              		.loc 1 488 3 view .LVU1189
 488:Middlewares/Third_Party/LwIP/src/core/tcp.c ****   LWIP_DEBUGF(TCP_DEBUG, ("tcp_close: closing in "));
 3972              		.loc 1 488 3 view .LVU1190
 3973 0002 60B1     		cbz	r0, .L380
 3974 0004 0346     		mov	r3, r0
 488:Middlewares/Third_Party/LwIP/src/core/tcp.c ****   LWIP_DEBUGF(TCP_DEBUG, ("tcp_close: closing in "));
 3975              		.loc 1 488 3 discriminator 2 view .LVU1191
 489:Middlewares/Third_Party/LwIP/src/core/tcp.c **** 
 3976              		.loc 1 489 53 discriminator 2 view .LVU1192
 491:Middlewares/Third_Party/LwIP/src/core/tcp.c **** 
 3977              		.loc 1 491 36 discriminator 2 view .LVU1193
 493:Middlewares/Third_Party/LwIP/src/core/tcp.c ****     /* Set a flag not to receive any more data... */
 3978              		.loc 1 493 3 discriminator 2 view .LVU1194
 493:Middlewares/Third_Party/LwIP/src/core/tcp.c ****     /* Set a flag not to receive any more data... */
ARM GAS  C:\msys64\tmp\cc73uNFg.s 			page 129


 3979              		.loc 1 493 10 is_stmt 0 discriminator 2 view .LVU1195
 3980 0006 027D     		ldrb	r2, [r0, #20]	@ zero_extendqisi2
 493:Middlewares/Third_Party/LwIP/src/core/tcp.c ****     /* Set a flag not to receive any more data... */
 3981              		.loc 1 493 6 discriminator 2 view .LVU1196
 3982 0008 012A     		cmp	r2, #1
 3983 000a 03D0     		beq	.L378
 495:Middlewares/Third_Party/LwIP/src/core/tcp.c ****   }
 3984              		.loc 1 495 5 is_stmt 1 view .LVU1197
 495:Middlewares/Third_Party/LwIP/src/core/tcp.c ****   }
 3985              		.loc 1 495 5 view .LVU1198
 3986 000c 428B     		ldrh	r2, [r0, #26]
 3987 000e 42F01002 		orr	r2, r2, #16
 3988 0012 4283     		strh	r2, [r0, #26]	@ movhi
 3989              	.L378:
 495:Middlewares/Third_Party/LwIP/src/core/tcp.c ****   }
 3990              		.loc 1 495 5 discriminator 1 view .LVU1199
 498:Middlewares/Third_Party/LwIP/src/core/tcp.c **** }
 3991              		.loc 1 498 3 discriminator 1 view .LVU1200
 498:Middlewares/Third_Party/LwIP/src/core/tcp.c **** }
 3992              		.loc 1 498 10 is_stmt 0 discriminator 1 view .LVU1201
 3993 0014 0121     		movs	r1, #1
 3994 0016 1846     		mov	r0, r3
 3995              	.LVL364:
 498:Middlewares/Third_Party/LwIP/src/core/tcp.c **** }
 3996              		.loc 1 498 10 discriminator 1 view .LVU1202
 3997 0018 FFF7FEFF 		bl	tcp_close_shutdown
 3998              	.LVL365:
 3999              	.L377:
 499:Middlewares/Third_Party/LwIP/src/core/tcp.c **** 
 4000              		.loc 1 499 1 view .LVU1203
 4001 001c 08BD     		pop	{r3, pc}
 4002              	.LVL366:
 4003              	.L380:
 488:Middlewares/Third_Party/LwIP/src/core/tcp.c ****   LWIP_DEBUGF(TCP_DEBUG, ("tcp_close: closing in "));
 4004              		.loc 1 488 3 is_stmt 1 discriminator 1 view .LVU1204
 488:Middlewares/Third_Party/LwIP/src/core/tcp.c ****   LWIP_DEBUGF(TCP_DEBUG, ("tcp_close: closing in "));
 4005              		.loc 1 488 3 discriminator 1 view .LVU1205
 4006 001e 054B     		ldr	r3, .L381
 4007 0020 4FF4F472 		mov	r2, #488
 4008 0024 0449     		ldr	r1, .L381+4
 4009 0026 0548     		ldr	r0, .L381+8
 4010              	.LVL367:
 488:Middlewares/Third_Party/LwIP/src/core/tcp.c ****   LWIP_DEBUGF(TCP_DEBUG, ("tcp_close: closing in "));
 4011              		.loc 1 488 3 is_stmt 0 discriminator 1 view .LVU1206
 4012 0028 FFF7FEFF 		bl	printf
 4013              	.LVL368:
 488:Middlewares/Third_Party/LwIP/src/core/tcp.c ****   LWIP_DEBUGF(TCP_DEBUG, ("tcp_close: closing in "));
 4014              		.loc 1 488 3 is_stmt 1 discriminator 1 view .LVU1207
 488:Middlewares/Third_Party/LwIP/src/core/tcp.c ****   LWIP_DEBUGF(TCP_DEBUG, ("tcp_close: closing in "));
 4015              		.loc 1 488 3 discriminator 1 view .LVU1208
 4016 002c 6FF00F00 		mvn	r0, #15
 4017 0030 F4E7     		b	.L377
 4018              	.L382:
 4019 0032 00BF     		.align	2
 4020              	.L381:
 4021 0034 00000000 		.word	.LC0
 4022 0038 00000000 		.word	.LC38
ARM GAS  C:\msys64\tmp\cc73uNFg.s 			page 130


 4023 003c 54000000 		.word	.LC2
 4024              		.cfi_endproc
 4025              	.LFE168:
 4027              		.section	.rodata.tcp_recv_null.str1.4,"aMS",%progbits,1
 4028              		.align	2
 4029              	.LC39:
 4030 0000 7463705F 		.ascii	"tcp_recv_null: invalid pcb\000"
 4030      72656376 
 4030      5F6E756C 
 4030      6C3A2069 
 4030      6E76616C 
 4031              		.section	.text.tcp_recv_null,"ax",%progbits
 4032              		.align	1
 4033              		.global	tcp_recv_null
 4034              		.syntax unified
 4035              		.thumb
 4036              		.thumb_func
 4038              	tcp_recv_null:
 4039              	.LVL369:
 4040              	.LFB188:
1685:Middlewares/Third_Party/LwIP/src/core/tcp.c ****   LWIP_UNUSED_ARG(arg);
 4041              		.loc 1 1685 1 view -0
 4042              		.cfi_startproc
 4043              		@ args = 0, pretend = 0, frame = 0
 4044              		@ frame_needed = 0, uses_anonymous_args = 0
1685:Middlewares/Third_Party/LwIP/src/core/tcp.c ****   LWIP_UNUSED_ARG(arg);
 4045              		.loc 1 1685 1 is_stmt 0 view .LVU1210
 4046 0000 10B5     		push	{r4, lr}
 4047              	.LCFI36:
 4048              		.cfi_def_cfa_offset 8
 4049              		.cfi_offset 4, -8
 4050              		.cfi_offset 14, -4
1686:Middlewares/Third_Party/LwIP/src/core/tcp.c **** 
 4051              		.loc 1 1686 3 is_stmt 1 view .LVU1211
1688:Middlewares/Third_Party/LwIP/src/core/tcp.c **** 
 4052              		.loc 1 1688 3 view .LVU1212
1688:Middlewares/Third_Party/LwIP/src/core/tcp.c **** 
 4053              		.loc 1 1688 3 view .LVU1213
 4054 0002 51B1     		cbz	r1, .L389
 4055 0004 1446     		mov	r4, r2
 4056 0006 0846     		mov	r0, r1
 4057              	.LVL370:
1688:Middlewares/Third_Party/LwIP/src/core/tcp.c **** 
 4058              		.loc 1 1688 3 discriminator 2 view .LVU1214
1690:Middlewares/Third_Party/LwIP/src/core/tcp.c ****     tcp_recved(pcb, p->tot_len);
 4059              		.loc 1 1690 3 discriminator 2 view .LVU1215
1690:Middlewares/Third_Party/LwIP/src/core/tcp.c ****     tcp_recved(pcb, p->tot_len);
 4060              		.loc 1 1690 6 is_stmt 0 discriminator 2 view .LVU1216
 4061 0008 8AB1     		cbz	r2, .L386
1691:Middlewares/Third_Party/LwIP/src/core/tcp.c ****     pbuf_free(p);
 4062              		.loc 1 1691 5 is_stmt 1 view .LVU1217
 4063 000a 1189     		ldrh	r1, [r2, #8]
 4064              	.LVL371:
1691:Middlewares/Third_Party/LwIP/src/core/tcp.c ****     pbuf_free(p);
 4065              		.loc 1 1691 5 is_stmt 0 view .LVU1218
 4066 000c FFF7FEFF 		bl	tcp_recved
 4067              	.LVL372:
ARM GAS  C:\msys64\tmp\cc73uNFg.s 			page 131


1692:Middlewares/Third_Party/LwIP/src/core/tcp.c ****   } else if (err == ERR_OK) {
 4068              		.loc 1 1692 5 is_stmt 1 view .LVU1219
 4069 0010 2046     		mov	r0, r4
 4070 0012 FFF7FEFF 		bl	pbuf_free
 4071              	.LVL373:
1696:Middlewares/Third_Party/LwIP/src/core/tcp.c **** }
 4072              		.loc 1 1696 10 is_stmt 0 view .LVU1220
 4073 0016 0020     		movs	r0, #0
 4074              	.LVL374:
 4075              	.L385:
1697:Middlewares/Third_Party/LwIP/src/core/tcp.c **** #endif /* LWIP_CALLBACK_API */
 4076              		.loc 1 1697 1 view .LVU1221
 4077 0018 10BD     		pop	{r4, pc}
 4078              	.LVL375:
 4079              	.L389:
1688:Middlewares/Third_Party/LwIP/src/core/tcp.c **** 
 4080              		.loc 1 1688 3 is_stmt 1 discriminator 1 view .LVU1222
1688:Middlewares/Third_Party/LwIP/src/core/tcp.c **** 
 4081              		.loc 1 1688 3 discriminator 1 view .LVU1223
 4082 001a 084B     		ldr	r3, .L391
 4083              	.LVL376:
1688:Middlewares/Third_Party/LwIP/src/core/tcp.c **** 
 4084              		.loc 1 1688 3 is_stmt 0 discriminator 1 view .LVU1224
 4085 001c 4FF4D362 		mov	r2, #1688
 4086              	.LVL377:
1688:Middlewares/Third_Party/LwIP/src/core/tcp.c **** 
 4087              		.loc 1 1688 3 discriminator 1 view .LVU1225
 4088 0020 0749     		ldr	r1, .L391+4
 4089              	.LVL378:
1688:Middlewares/Third_Party/LwIP/src/core/tcp.c **** 
 4090              		.loc 1 1688 3 discriminator 1 view .LVU1226
 4091 0022 0848     		ldr	r0, .L391+8
 4092              	.LVL379:
1688:Middlewares/Third_Party/LwIP/src/core/tcp.c **** 
 4093              		.loc 1 1688 3 discriminator 1 view .LVU1227
 4094 0024 FFF7FEFF 		bl	printf
 4095              	.LVL380:
1688:Middlewares/Third_Party/LwIP/src/core/tcp.c **** 
 4096              		.loc 1 1688 3 is_stmt 1 discriminator 1 view .LVU1228
1688:Middlewares/Third_Party/LwIP/src/core/tcp.c **** 
 4097              		.loc 1 1688 3 discriminator 1 view .LVU1229
 4098 0028 6FF00F00 		mvn	r0, #15
 4099 002c F4E7     		b	.L385
 4100              	.LVL381:
 4101              	.L386:
1693:Middlewares/Third_Party/LwIP/src/core/tcp.c ****     return tcp_close(pcb);
 4102              		.loc 1 1693 10 view .LVU1230
1693:Middlewares/Third_Party/LwIP/src/core/tcp.c ****     return tcp_close(pcb);
 4103              		.loc 1 1693 13 is_stmt 0 view .LVU1231
 4104 002e 0BB1     		cbz	r3, .L390
1696:Middlewares/Third_Party/LwIP/src/core/tcp.c **** }
 4105              		.loc 1 1696 10 view .LVU1232
 4106 0030 0020     		movs	r0, #0
 4107              	.LVL382:
1696:Middlewares/Third_Party/LwIP/src/core/tcp.c **** }
 4108              		.loc 1 1696 10 view .LVU1233
 4109 0032 F1E7     		b	.L385
ARM GAS  C:\msys64\tmp\cc73uNFg.s 			page 132


 4110              	.LVL383:
 4111              	.L390:
1694:Middlewares/Third_Party/LwIP/src/core/tcp.c ****   }
 4112              		.loc 1 1694 5 is_stmt 1 view .LVU1234
1694:Middlewares/Third_Party/LwIP/src/core/tcp.c ****   }
 4113              		.loc 1 1694 12 is_stmt 0 view .LVU1235
 4114 0034 FFF7FEFF 		bl	tcp_close
 4115              	.LVL384:
1694:Middlewares/Third_Party/LwIP/src/core/tcp.c ****   }
 4116              		.loc 1 1694 12 view .LVU1236
 4117 0038 EEE7     		b	.L385
 4118              	.L392:
 4119 003a 00BF     		.align	2
 4120              	.L391:
 4121 003c 00000000 		.word	.LC0
 4122 0040 00000000 		.word	.LC39
 4123 0044 54000000 		.word	.LC2
 4124              		.cfi_endproc
 4125              	.LFE188:
 4127              		.section	.rodata.tcp_process_refused_data.str1.4,"aMS",%progbits,1
 4128              		.align	2
 4129              	.LC40:
 4130 0000 7463705F 		.ascii	"tcp_process_refused_data: invalid pcb\000"
 4130      70726F63 
 4130      6573735F 
 4130      72656675 
 4130      7365645F 
 4131              		.section	.text.tcp_process_refused_data,"ax",%progbits
 4132              		.align	1
 4133              		.global	tcp_process_refused_data
 4134              		.syntax unified
 4135              		.thumb
 4136              		.thumb_func
 4138              	tcp_process_refused_data:
 4139              	.LVL385:
 4140              	.LFB184:
1540:Middlewares/Third_Party/LwIP/src/core/tcp.c **** #if TCP_QUEUE_OOSEQ && LWIP_WND_SCALE
 4141              		.loc 1 1540 1 is_stmt 1 view -0
 4142              		.cfi_startproc
 4143              		@ args = 0, pretend = 0, frame = 0
 4144              		@ frame_needed = 0, uses_anonymous_args = 0
1540:Middlewares/Third_Party/LwIP/src/core/tcp.c **** #if TCP_QUEUE_OOSEQ && LWIP_WND_SCALE
 4145              		.loc 1 1540 1 is_stmt 0 view .LVU1238
 4146 0000 F8B5     		push	{r3, r4, r5, r6, r7, lr}
 4147              	.LCFI37:
 4148              		.cfi_def_cfa_offset 24
 4149              		.cfi_offset 3, -24
 4150              		.cfi_offset 4, -20
 4151              		.cfi_offset 5, -16
 4152              		.cfi_offset 6, -12
 4153              		.cfi_offset 7, -8
 4154              		.cfi_offset 14, -4
1545:Middlewares/Third_Party/LwIP/src/core/tcp.c **** 
 4155              		.loc 1 1545 3 is_stmt 1 view .LVU1239
1545:Middlewares/Third_Party/LwIP/src/core/tcp.c **** 
 4156              		.loc 1 1545 3 view .LVU1240
 4157 0002 20B3     		cbz	r0, .L402
ARM GAS  C:\msys64\tmp\cc73uNFg.s 			page 133


 4158 0004 0446     		mov	r4, r0
1545:Middlewares/Third_Party/LwIP/src/core/tcp.c **** 
 4159              		.loc 1 1545 3 discriminator 2 view .LVU1241
 4160              	.LBB25:
1551:Middlewares/Third_Party/LwIP/src/core/tcp.c ****     u8_t refused_flags = pcb->refused_data->flags;
 4161              		.loc 1 1551 5 discriminator 2 view .LVU1242
1552:Middlewares/Third_Party/LwIP/src/core/tcp.c ****     /* set pcb->refused_data to NULL in case the callback frees it and then
 4162              		.loc 1 1552 5 discriminator 2 view .LVU1243
1552:Middlewares/Third_Party/LwIP/src/core/tcp.c ****     /* set pcb->refused_data to NULL in case the callback frees it and then
 4163              		.loc 1 1552 29 is_stmt 0 discriminator 2 view .LVU1244
 4164 0006 466F     		ldr	r6, [r0, #116]
1552:Middlewares/Third_Party/LwIP/src/core/tcp.c ****     /* set pcb->refused_data to NULL in case the callback frees it and then
 4165              		.loc 1 1552 10 discriminator 2 view .LVU1245
 4166 0008 777B     		ldrb	r7, [r6, #13]	@ zero_extendqisi2
 4167              	.LVL386:
1555:Middlewares/Third_Party/LwIP/src/core/tcp.c **** #if TCP_QUEUE_OOSEQ && LWIP_WND_SCALE
 4168              		.loc 1 1555 5 is_stmt 1 discriminator 2 view .LVU1246
1560:Middlewares/Third_Party/LwIP/src/core/tcp.c **** #endif /* TCP_QUEUE_OOSEQ && LWIP_WND_SCALE */
 4169              		.loc 1 1560 5 discriminator 2 view .LVU1247
1560:Middlewares/Third_Party/LwIP/src/core/tcp.c **** #endif /* TCP_QUEUE_OOSEQ && LWIP_WND_SCALE */
 4170              		.loc 1 1560 23 is_stmt 0 discriminator 2 view .LVU1248
 4171 000a 0023     		movs	r3, #0
 4172 000c 4367     		str	r3, [r0, #116]
1563:Middlewares/Third_Party/LwIP/src/core/tcp.c ****     TCP_EVENT_RECV(pcb, refused_data, ERR_OK, err);
 4173              		.loc 1 1563 70 is_stmt 1 discriminator 2 view .LVU1249
1564:Middlewares/Third_Party/LwIP/src/core/tcp.c ****     if (err == ERR_OK) {
 4174              		.loc 1 1564 5 discriminator 2 view .LVU1250
1564:Middlewares/Third_Party/LwIP/src/core/tcp.c ****     if (err == ERR_OK) {
 4175              		.loc 1 1564 5 discriminator 2 view .LVU1251
 4176 000e D0F88050 		ldr	r5, [r0, #128]
 4177 0012 35B3     		cbz	r5, .L396
1564:Middlewares/Third_Party/LwIP/src/core/tcp.c ****     if (err == ERR_OK) {
 4178              		.loc 1 1564 5 discriminator 1 view .LVU1252
 4179 0014 3246     		mov	r2, r6
 4180 0016 0146     		mov	r1, r0
 4181 0018 0069     		ldr	r0, [r0, #16]
 4182              	.LVL387:
1564:Middlewares/Third_Party/LwIP/src/core/tcp.c ****     if (err == ERR_OK) {
 4183              		.loc 1 1564 5 is_stmt 0 discriminator 1 view .LVU1253
 4184 001a A847     		blx	r5
 4185              	.LVL388:
1564:Middlewares/Third_Party/LwIP/src/core/tcp.c ****     if (err == ERR_OK) {
 4186              		.loc 1 1564 5 discriminator 1 view .LVU1254
 4187 001c 0546     		mov	r5, r0
 4188              	.LVL389:
 4189              	.L397:
1564:Middlewares/Third_Party/LwIP/src/core/tcp.c ****     if (err == ERR_OK) {
 4190              		.loc 1 1564 5 is_stmt 1 discriminator 4 view .LVU1255
1565:Middlewares/Third_Party/LwIP/src/core/tcp.c ****       /* did refused_data include a FIN? */
 4191              		.loc 1 1565 5 discriminator 4 view .LVU1256
1565:Middlewares/Third_Party/LwIP/src/core/tcp.c ****       /* did refused_data include a FIN? */
 4192              		.loc 1 1565 8 is_stmt 0 discriminator 4 view .LVU1257
 4193 001e 45BB     		cbnz	r5, .L398
1567:Middlewares/Third_Party/LwIP/src/core/tcp.c **** #if TCP_QUEUE_OOSEQ && LWIP_WND_SCALE
 4194              		.loc 1 1567 7 is_stmt 1 view .LVU1258
1567:Middlewares/Third_Party/LwIP/src/core/tcp.c **** #if TCP_QUEUE_OOSEQ && LWIP_WND_SCALE
 4195              		.loc 1 1567 10 is_stmt 0 view .LVU1259
ARM GAS  C:\msys64\tmp\cc73uNFg.s 			page 134


 4196 0020 17F0200F 		tst	r7, #32
 4197 0024 2BD0     		beq	.L395
1574:Middlewares/Third_Party/LwIP/src/core/tcp.c ****           pcb->rcv_wnd++;
 4198              		.loc 1 1574 9 is_stmt 1 view .LVU1260
1574:Middlewares/Third_Party/LwIP/src/core/tcp.c ****           pcb->rcv_wnd++;
 4199              		.loc 1 1574 16 is_stmt 0 view .LVU1261
 4200 0026 238D     		ldrh	r3, [r4, #40]
1574:Middlewares/Third_Party/LwIP/src/core/tcp.c ****           pcb->rcv_wnd++;
 4201              		.loc 1 1574 12 view .LVU1262
 4202 0028 41F2D062 		movw	r2, #5840
 4203 002c 9342     		cmp	r3, r2
 4204 002e 01D0     		beq	.L399
1575:Middlewares/Third_Party/LwIP/src/core/tcp.c ****         }
 4205              		.loc 1 1575 11 is_stmt 1 view .LVU1263
1575:Middlewares/Third_Party/LwIP/src/core/tcp.c ****         }
 4206              		.loc 1 1575 23 is_stmt 0 view .LVU1264
 4207 0030 0133     		adds	r3, r3, #1
 4208 0032 2385     		strh	r3, [r4, #40]	@ movhi
 4209              	.L399:
1577:Middlewares/Third_Party/LwIP/src/core/tcp.c ****         if (err == ERR_ABRT) {
 4210              		.loc 1 1577 9 is_stmt 1 view .LVU1265
1577:Middlewares/Third_Party/LwIP/src/core/tcp.c ****         if (err == ERR_ABRT) {
 4211              		.loc 1 1577 9 view .LVU1266
 4212 0034 D4F88060 		ldr	r6, [r4, #128]
 4213              	.LVL390:
1577:Middlewares/Third_Party/LwIP/src/core/tcp.c ****         if (err == ERR_ABRT) {
 4214              		.loc 1 1577 9 is_stmt 0 view .LVU1267
 4215 0038 0EB3     		cbz	r6, .L395
1577:Middlewares/Third_Party/LwIP/src/core/tcp.c ****         if (err == ERR_ABRT) {
 4216              		.loc 1 1577 9 is_stmt 1 discriminator 1 view .LVU1268
 4217 003a 0023     		movs	r3, #0
 4218 003c 1A46     		mov	r2, r3
 4219 003e 2146     		mov	r1, r4
 4220 0040 2069     		ldr	r0, [r4, #16]
 4221 0042 B047     		blx	r6
 4222              	.LVL391:
1577:Middlewares/Third_Party/LwIP/src/core/tcp.c ****         if (err == ERR_ABRT) {
 4223              		.loc 1 1577 9 discriminator 1 view .LVU1269
1578:Middlewares/Third_Party/LwIP/src/core/tcp.c ****           return ERR_ABRT;
 4224              		.loc 1 1578 9 discriminator 1 view .LVU1270
1578:Middlewares/Third_Party/LwIP/src/core/tcp.c ****           return ERR_ABRT;
 4225              		.loc 1 1578 12 is_stmt 0 discriminator 1 view .LVU1271
 4226 0044 10F10D0F 		cmn	r0, #13
 4227 0048 19D1     		bne	.L395
1579:Middlewares/Third_Party/LwIP/src/core/tcp.c ****         }
 4228              		.loc 1 1579 18 view .LVU1272
 4229 004a 0546     		mov	r5, r0
 4230 004c 17E0     		b	.L395
 4231              	.LVL392:
 4232              	.L402:
1579:Middlewares/Third_Party/LwIP/src/core/tcp.c ****         }
 4233              		.loc 1 1579 18 view .LVU1273
 4234              	.LBE25:
1545:Middlewares/Third_Party/LwIP/src/core/tcp.c **** 
 4235              		.loc 1 1545 3 is_stmt 1 discriminator 1 view .LVU1274
1545:Middlewares/Third_Party/LwIP/src/core/tcp.c **** 
 4236              		.loc 1 1545 3 discriminator 1 view .LVU1275
ARM GAS  C:\msys64\tmp\cc73uNFg.s 			page 135


 4237 004e 0D4B     		ldr	r3, .L403
 4238 0050 40F20962 		movw	r2, #1545
 4239 0054 0C49     		ldr	r1, .L403+4
 4240 0056 0D48     		ldr	r0, .L403+8
 4241              	.LVL393:
1545:Middlewares/Third_Party/LwIP/src/core/tcp.c **** 
 4242              		.loc 1 1545 3 is_stmt 0 discriminator 1 view .LVU1276
 4243 0058 FFF7FEFF 		bl	printf
 4244              	.LVL394:
1545:Middlewares/Third_Party/LwIP/src/core/tcp.c **** 
 4245              		.loc 1 1545 3 is_stmt 1 discriminator 1 view .LVU1277
1545:Middlewares/Third_Party/LwIP/src/core/tcp.c **** 
 4246              		.loc 1 1545 3 discriminator 1 view .LVU1278
 4247 005c 6FF00F05 		mvn	r5, #15
 4248 0060 0DE0     		b	.L395
 4249              	.LVL395:
 4250              	.L396:
 4251              	.LBB26:
1564:Middlewares/Third_Party/LwIP/src/core/tcp.c ****     if (err == ERR_OK) {
 4252              		.loc 1 1564 5 discriminator 2 view .LVU1279
 4253 0062 0023     		movs	r3, #0
 4254 0064 3246     		mov	r2, r6
 4255 0066 0146     		mov	r1, r0
 4256 0068 1846     		mov	r0, r3
 4257              	.LVL396:
1564:Middlewares/Third_Party/LwIP/src/core/tcp.c ****     if (err == ERR_OK) {
 4258              		.loc 1 1564 5 is_stmt 0 discriminator 2 view .LVU1280
 4259 006a FFF7FEFF 		bl	tcp_recv_null
 4260              	.LVL397:
 4261 006e 0546     		mov	r5, r0
 4262              	.LVL398:
1564:Middlewares/Third_Party/LwIP/src/core/tcp.c ****     if (err == ERR_OK) {
 4263              		.loc 1 1564 5 discriminator 2 view .LVU1281
 4264 0070 D5E7     		b	.L397
 4265              	.L398:
1582:Middlewares/Third_Party/LwIP/src/core/tcp.c ****       /* if err == ERR_ABRT, 'pcb' is already deallocated */
 4266              		.loc 1 1582 12 is_stmt 1 view .LVU1282
1582:Middlewares/Third_Party/LwIP/src/core/tcp.c ****       /* if err == ERR_ABRT, 'pcb' is already deallocated */
 4267              		.loc 1 1582 15 is_stmt 0 view .LVU1283
 4268 0072 15F10D0F 		cmn	r5, #13
 4269 0076 02D0     		beq	.L395
1595:Middlewares/Third_Party/LwIP/src/core/tcp.c ****       return ERR_INPROGRESS;
 4270              		.loc 1 1595 7 is_stmt 1 view .LVU1284
1595:Middlewares/Third_Party/LwIP/src/core/tcp.c ****       return ERR_INPROGRESS;
 4271              		.loc 1 1595 25 is_stmt 0 view .LVU1285
 4272 0078 6667     		str	r6, [r4, #116]
1596:Middlewares/Third_Party/LwIP/src/core/tcp.c ****     }
 4273              		.loc 1 1596 7 is_stmt 1 view .LVU1286
1596:Middlewares/Third_Party/LwIP/src/core/tcp.c ****     }
 4274              		.loc 1 1596 14 is_stmt 0 view .LVU1287
 4275 007a 6FF00405 		mvn	r5, #4
 4276              	.LVL399:
 4277              	.L395:
1596:Middlewares/Third_Party/LwIP/src/core/tcp.c ****     }
 4278              		.loc 1 1596 14 view .LVU1288
 4279              	.LBE26:
1600:Middlewares/Third_Party/LwIP/src/core/tcp.c **** 
ARM GAS  C:\msys64\tmp\cc73uNFg.s 			page 136


 4280              		.loc 1 1600 1 view .LVU1289
 4281 007e 2846     		mov	r0, r5
 4282 0080 F8BD     		pop	{r3, r4, r5, r6, r7, pc}
 4283              	.L404:
 4284 0082 00BF     		.align	2
 4285              	.L403:
 4286 0084 00000000 		.word	.LC0
 4287 0088 00000000 		.word	.LC40
 4288 008c 54000000 		.word	.LC2
 4289              		.cfi_endproc
 4290              	.LFE184:
 4292              		.section	.text.tcp_fasttmr,"ax",%progbits
 4293              		.align	1
 4294              		.global	tcp_fasttmr
 4295              		.syntax unified
 4296              		.thumb
 4297              		.thumb_func
 4299              	tcp_fasttmr:
 4300              	.LFB182:
1480:Middlewares/Third_Party/LwIP/src/core/tcp.c ****   struct tcp_pcb *pcb;
 4301              		.loc 1 1480 1 is_stmt 1 view -0
 4302              		.cfi_startproc
 4303              		@ args = 0, pretend = 0, frame = 0
 4304              		@ frame_needed = 0, uses_anonymous_args = 0
 4305 0000 70B5     		push	{r4, r5, r6, lr}
 4306              	.LCFI38:
 4307              		.cfi_def_cfa_offset 16
 4308              		.cfi_offset 4, -16
 4309              		.cfi_offset 5, -12
 4310              		.cfi_offset 6, -8
 4311              		.cfi_offset 14, -4
1481:Middlewares/Third_Party/LwIP/src/core/tcp.c **** 
 4312              		.loc 1 1481 3 view .LVU1291
1483:Middlewares/Third_Party/LwIP/src/core/tcp.c **** 
 4313              		.loc 1 1483 3 view .LVU1292
 4314 0002 1C4A     		ldr	r2, .L417
 4315 0004 1378     		ldrb	r3, [r2]	@ zero_extendqisi2
 4316 0006 0133     		adds	r3, r3, #1
 4317 0008 1370     		strb	r3, [r2]
 4318              	.L406:
1486:Middlewares/Third_Party/LwIP/src/core/tcp.c **** 
 4319              		.loc 1 1486 3 view .LVU1293
1486:Middlewares/Third_Party/LwIP/src/core/tcp.c **** 
 4320              		.loc 1 1486 7 is_stmt 0 view .LVU1294
 4321 000a 1B4B     		ldr	r3, .L417+4
 4322 000c 1C68     		ldr	r4, [r3]
 4323              	.LVL400:
1488:Middlewares/Third_Party/LwIP/src/core/tcp.c ****     if (pcb->last_timer != tcp_timer_ctr) {
 4324              		.loc 1 1488 3 is_stmt 1 view .LVU1295
1488:Middlewares/Third_Party/LwIP/src/core/tcp.c ****     if (pcb->last_timer != tcp_timer_ctr) {
 4325              		.loc 1 1488 9 is_stmt 0 view .LVU1296
 4326 000e 13E0     		b	.L407
 4327              	.L415:
 4328              	.LBB27:
1494:Middlewares/Third_Party/LwIP/src/core/tcp.c ****         tcp_ack_now(pcb);
 4329              		.loc 1 1494 63 is_stmt 1 view .LVU1297
1495:Middlewares/Third_Party/LwIP/src/core/tcp.c ****         tcp_output(pcb);
ARM GAS  C:\msys64\tmp\cc73uNFg.s 			page 137


 4330              		.loc 1 1495 9 view .LVU1298
1495:Middlewares/Third_Party/LwIP/src/core/tcp.c ****         tcp_output(pcb);
 4331              		.loc 1 1495 9 view .LVU1299
 4332 0010 43F00203 		orr	r3, r3, #2
 4333 0014 6383     		strh	r3, [r4, #26]	@ movhi
1495:Middlewares/Third_Party/LwIP/src/core/tcp.c ****         tcp_output(pcb);
 4334              		.loc 1 1495 9 view .LVU1300
1496:Middlewares/Third_Party/LwIP/src/core/tcp.c ****         tcp_clear_flags(pcb, TF_ACK_DELAY | TF_ACK_NOW);
 4335              		.loc 1 1496 9 view .LVU1301
 4336 0016 2046     		mov	r0, r4
 4337 0018 FFF7FEFF 		bl	tcp_output
 4338              	.LVL401:
1497:Middlewares/Third_Party/LwIP/src/core/tcp.c ****       }
 4339              		.loc 1 1497 9 view .LVU1302
1497:Middlewares/Third_Party/LwIP/src/core/tcp.c ****       }
 4340              		.loc 1 1497 9 view .LVU1303
 4341 001c 638B     		ldrh	r3, [r4, #26]
 4342 001e 23F00303 		bic	r3, r3, #3
 4343 0022 6383     		strh	r3, [r4, #26]	@ movhi
 4344 0024 13E0     		b	.L409
 4345              	.L416:
1501:Middlewares/Third_Party/LwIP/src/core/tcp.c ****         tcp_clear_flags(pcb, TF_CLOSEPEND);
 4346              		.loc 1 1501 63 view .LVU1304
1502:Middlewares/Third_Party/LwIP/src/core/tcp.c ****         tcp_close_shutdown_fin(pcb);
 4347              		.loc 1 1502 9 view .LVU1305
1502:Middlewares/Third_Party/LwIP/src/core/tcp.c ****         tcp_close_shutdown_fin(pcb);
 4348              		.loc 1 1502 9 view .LVU1306
 4349 0026 23F00803 		bic	r3, r3, #8
 4350 002a 6383     		strh	r3, [r4, #26]	@ movhi
1502:Middlewares/Third_Party/LwIP/src/core/tcp.c ****         tcp_close_shutdown_fin(pcb);
 4351              		.loc 1 1502 9 view .LVU1307
1503:Middlewares/Third_Party/LwIP/src/core/tcp.c ****       }
 4352              		.loc 1 1503 9 view .LVU1308
 4353 002c 2046     		mov	r0, r4
 4354 002e FFF7FEFF 		bl	tcp_close_shutdown_fin
 4355              	.LVL402:
 4356 0032 10E0     		b	.L410
 4357              	.L408:
1503:Middlewares/Third_Party/LwIP/src/core/tcp.c ****       }
 4358              		.loc 1 1503 9 is_stmt 0 view .LVU1309
 4359              	.LBE27:
1519:Middlewares/Third_Party/LwIP/src/core/tcp.c ****     }
 4360              		.loc 1 1519 7 is_stmt 1 view .LVU1310
1519:Middlewares/Third_Party/LwIP/src/core/tcp.c ****     }
 4361              		.loc 1 1519 11 is_stmt 0 view .LVU1311
 4362 0034 E568     		ldr	r5, [r4, #12]
 4363              	.LVL403:
 4364              	.L411:
1480:Middlewares/Third_Party/LwIP/src/core/tcp.c ****   struct tcp_pcb *pcb;
 4365              		.loc 1 1480 1 view .LVU1312
 4366 0036 2C46     		mov	r4, r5
 4367              	.L407:
 4368              	.LVL404:
1488:Middlewares/Third_Party/LwIP/src/core/tcp.c ****     if (pcb->last_timer != tcp_timer_ctr) {
 4369              		.loc 1 1488 14 is_stmt 1 view .LVU1313
 4370 0038 DCB1     		cbz	r4, .L414
1489:Middlewares/Third_Party/LwIP/src/core/tcp.c ****       struct tcp_pcb *next;
ARM GAS  C:\msys64\tmp\cc73uNFg.s 			page 138


 4371              		.loc 1 1489 5 view .LVU1314
1489:Middlewares/Third_Party/LwIP/src/core/tcp.c ****       struct tcp_pcb *next;
 4372              		.loc 1 1489 12 is_stmt 0 view .LVU1315
 4373 003a A27F     		ldrb	r2, [r4, #30]	@ zero_extendqisi2
1489:Middlewares/Third_Party/LwIP/src/core/tcp.c ****       struct tcp_pcb *next;
 4374              		.loc 1 1489 25 view .LVU1316
 4375 003c 0D4B     		ldr	r3, .L417
 4376 003e 1B78     		ldrb	r3, [r3]	@ zero_extendqisi2
1489:Middlewares/Third_Party/LwIP/src/core/tcp.c ****       struct tcp_pcb *next;
 4377              		.loc 1 1489 8 view .LVU1317
 4378 0040 9A42     		cmp	r2, r3
 4379 0042 F7D0     		beq	.L408
 4380              	.LBB28:
1490:Middlewares/Third_Party/LwIP/src/core/tcp.c ****       pcb->last_timer = tcp_timer_ctr;
 4381              		.loc 1 1490 7 is_stmt 1 view .LVU1318
1491:Middlewares/Third_Party/LwIP/src/core/tcp.c ****       /* send delayed ACKs */
 4382              		.loc 1 1491 7 view .LVU1319
1491:Middlewares/Third_Party/LwIP/src/core/tcp.c ****       /* send delayed ACKs */
 4383              		.loc 1 1491 23 is_stmt 0 view .LVU1320
 4384 0044 A377     		strb	r3, [r4, #30]
1493:Middlewares/Third_Party/LwIP/src/core/tcp.c ****         LWIP_DEBUGF(TCP_DEBUG, ("tcp_fasttmr: delayed ACK\n"));
 4385              		.loc 1 1493 7 is_stmt 1 view .LVU1321
1493:Middlewares/Third_Party/LwIP/src/core/tcp.c ****         LWIP_DEBUGF(TCP_DEBUG, ("tcp_fasttmr: delayed ACK\n"));
 4386              		.loc 1 1493 14 is_stmt 0 view .LVU1322
 4387 0046 638B     		ldrh	r3, [r4, #26]
1493:Middlewares/Third_Party/LwIP/src/core/tcp.c ****         LWIP_DEBUGF(TCP_DEBUG, ("tcp_fasttmr: delayed ACK\n"));
 4388              		.loc 1 1493 10 view .LVU1323
 4389 0048 13F0010F 		tst	r3, #1
 4390 004c E0D1     		bne	.L415
 4391              	.L409:
1497:Middlewares/Third_Party/LwIP/src/core/tcp.c ****       }
 4392              		.loc 1 1497 9 is_stmt 1 discriminator 1 view .LVU1324
1500:Middlewares/Third_Party/LwIP/src/core/tcp.c ****         LWIP_DEBUGF(TCP_DEBUG, ("tcp_fasttmr: pending FIN\n"));
 4393              		.loc 1 1500 7 discriminator 1 view .LVU1325
1500:Middlewares/Third_Party/LwIP/src/core/tcp.c ****         LWIP_DEBUGF(TCP_DEBUG, ("tcp_fasttmr: pending FIN\n"));
 4394              		.loc 1 1500 14 is_stmt 0 discriminator 1 view .LVU1326
 4395 004e 638B     		ldrh	r3, [r4, #26]
1500:Middlewares/Third_Party/LwIP/src/core/tcp.c ****         LWIP_DEBUGF(TCP_DEBUG, ("tcp_fasttmr: pending FIN\n"));
 4396              		.loc 1 1500 10 discriminator 1 view .LVU1327
 4397 0050 13F0080F 		tst	r3, #8
 4398 0054 E7D1     		bne	.L416
 4399              	.L410:
1506:Middlewares/Third_Party/LwIP/src/core/tcp.c **** 
 4400              		.loc 1 1506 7 is_stmt 1 view .LVU1328
1506:Middlewares/Third_Party/LwIP/src/core/tcp.c **** 
 4401              		.loc 1 1506 12 is_stmt 0 view .LVU1329
 4402 0056 E568     		ldr	r5, [r4, #12]
 4403              	.LVL405:
1509:Middlewares/Third_Party/LwIP/src/core/tcp.c ****         tcp_active_pcbs_changed = 0;
 4404              		.loc 1 1509 7 is_stmt 1 view .LVU1330
1509:Middlewares/Third_Party/LwIP/src/core/tcp.c ****         tcp_active_pcbs_changed = 0;
 4405              		.loc 1 1509 14 is_stmt 0 view .LVU1331
 4406 0058 636F     		ldr	r3, [r4, #116]
1509:Middlewares/Third_Party/LwIP/src/core/tcp.c ****         tcp_active_pcbs_changed = 0;
 4407              		.loc 1 1509 10 view .LVU1332
 4408 005a 002B     		cmp	r3, #0
 4409 005c EBD0     		beq	.L411
ARM GAS  C:\msys64\tmp\cc73uNFg.s 			page 139


1510:Middlewares/Third_Party/LwIP/src/core/tcp.c ****         tcp_process_refused_data(pcb);
 4410              		.loc 1 1510 9 is_stmt 1 view .LVU1333
1510:Middlewares/Third_Party/LwIP/src/core/tcp.c ****         tcp_process_refused_data(pcb);
 4411              		.loc 1 1510 33 is_stmt 0 view .LVU1334
 4412 005e 074E     		ldr	r6, .L417+8
 4413 0060 0023     		movs	r3, #0
 4414 0062 3370     		strb	r3, [r6]
1511:Middlewares/Third_Party/LwIP/src/core/tcp.c ****         if (tcp_active_pcbs_changed) {
 4415              		.loc 1 1511 9 is_stmt 1 view .LVU1335
 4416 0064 2046     		mov	r0, r4
 4417 0066 FFF7FEFF 		bl	tcp_process_refused_data
 4418              	.LVL406:
1512:Middlewares/Third_Party/LwIP/src/core/tcp.c ****           /* application callback has changed the pcb list: restart the loop */
 4419              		.loc 1 1512 9 view .LVU1336
1512:Middlewares/Third_Party/LwIP/src/core/tcp.c ****           /* application callback has changed the pcb list: restart the loop */
 4420              		.loc 1 1512 13 is_stmt 0 view .LVU1337
 4421 006a 3378     		ldrb	r3, [r6]	@ zero_extendqisi2
1512:Middlewares/Third_Party/LwIP/src/core/tcp.c ****           /* application callback has changed the pcb list: restart the loop */
 4422              		.loc 1 1512 12 view .LVU1338
 4423 006c 002B     		cmp	r3, #0
 4424 006e E2D0     		beq	.L411
 4425 0070 CBE7     		b	.L406
 4426              	.LVL407:
 4427              	.L414:
1512:Middlewares/Third_Party/LwIP/src/core/tcp.c ****           /* application callback has changed the pcb list: restart the loop */
 4428              		.loc 1 1512 12 view .LVU1339
 4429              	.LBE28:
1522:Middlewares/Third_Party/LwIP/src/core/tcp.c **** 
 4430              		.loc 1 1522 1 view .LVU1340
 4431 0072 70BD     		pop	{r4, r5, r6, pc}
 4432              	.LVL408:
 4433              	.L418:
1522:Middlewares/Third_Party/LwIP/src/core/tcp.c **** 
 4434              		.loc 1 1522 1 view .LVU1341
 4435              		.align	2
 4436              	.L417:
 4437 0074 00000000 		.word	.LANCHOR6
 4438 0078 00000000 		.word	.LANCHOR2
 4439 007c 00000000 		.word	.LANCHOR9
 4440              		.cfi_endproc
 4441              	.LFE182:
 4443              		.section	.text.tcp_tmr,"ax",%progbits
 4444              		.align	1
 4445              		.global	tcp_tmr
 4446              		.syntax unified
 4447              		.thumb
 4448              		.thumb_func
 4450              	tcp_tmr:
 4451              	.LFB163:
 235:Middlewares/Third_Party/LwIP/src/core/tcp.c ****   /* Call tcp_fasttmr() every 250 ms */
 4452              		.loc 1 235 1 is_stmt 1 view -0
 4453              		.cfi_startproc
 4454              		@ args = 0, pretend = 0, frame = 0
 4455              		@ frame_needed = 0, uses_anonymous_args = 0
 4456 0000 08B5     		push	{r3, lr}
 4457              	.LCFI39:
 4458              		.cfi_def_cfa_offset 8
ARM GAS  C:\msys64\tmp\cc73uNFg.s 			page 140


 4459              		.cfi_offset 3, -8
 4460              		.cfi_offset 14, -4
 237:Middlewares/Third_Party/LwIP/src/core/tcp.c **** 
 4461              		.loc 1 237 3 view .LVU1343
 4462 0002 FFF7FEFF 		bl	tcp_fasttmr
 4463              	.LVL409:
 239:Middlewares/Third_Party/LwIP/src/core/tcp.c ****     /* Call tcp_slowtmr() every 500 ms, i.e., every other timer
 4464              		.loc 1 239 3 view .LVU1344
 239:Middlewares/Third_Party/LwIP/src/core/tcp.c ****     /* Call tcp_slowtmr() every 500 ms, i.e., every other timer
 4465              		.loc 1 239 7 is_stmt 0 view .LVU1345
 4466 0006 064A     		ldr	r2, .L423
 4467 0008 1378     		ldrb	r3, [r2]	@ zero_extendqisi2
 4468 000a 0133     		adds	r3, r3, #1
 4469 000c DBB2     		uxtb	r3, r3
 239:Middlewares/Third_Party/LwIP/src/core/tcp.c ****     /* Call tcp_slowtmr() every 500 ms, i.e., every other timer
 4470              		.loc 1 239 6 view .LVU1346
 4471 000e 1370     		strb	r3, [r2]
 4472 0010 13F0010F 		tst	r3, #1
 4473 0014 00D1     		bne	.L422
 4474              	.L419:
 244:Middlewares/Third_Party/LwIP/src/core/tcp.c **** 
 4475              		.loc 1 244 1 view .LVU1347
 4476 0016 08BD     		pop	{r3, pc}
 4477              	.L422:
 242:Middlewares/Third_Party/LwIP/src/core/tcp.c ****   }
 4478              		.loc 1 242 5 is_stmt 1 view .LVU1348
 4479 0018 FFF7FEFF 		bl	tcp_slowtmr
 4480              	.LVL410:
 244:Middlewares/Third_Party/LwIP/src/core/tcp.c **** 
 4481              		.loc 1 244 1 is_stmt 0 view .LVU1349
 4482 001c FBE7     		b	.L419
 4483              	.L424:
 4484 001e 00BF     		.align	2
 4485              	.L423:
 4486 0020 00000000 		.word	.LANCHOR11
 4487              		.cfi_endproc
 4488              	.LFE163:
 4490              		.section	.rodata.tcp_shutdown.str1.4,"aMS",%progbits,1
 4491              		.align	2
 4492              	.LC41:
 4493 0000 7463705F 		.ascii	"tcp_shutdown: invalid pcb\000"
 4493      73687574 
 4493      646F776E 
 4493      3A20696E 
 4493      76616C69 
 4494              		.section	.text.tcp_shutdown,"ax",%progbits
 4495              		.align	1
 4496              		.global	tcp_shutdown
 4497              		.syntax unified
 4498              		.thumb
 4499              		.thumb_func
 4501              	tcp_shutdown:
 4502              	.LVL411:
 4503              	.LFB169:
 516:Middlewares/Third_Party/LwIP/src/core/tcp.c ****   LWIP_ASSERT_CORE_LOCKED();
 4504              		.loc 1 516 1 is_stmt 1 view -0
 4505              		.cfi_startproc
ARM GAS  C:\msys64\tmp\cc73uNFg.s 			page 141


 4506              		@ args = 0, pretend = 0, frame = 0
 4507              		@ frame_needed = 0, uses_anonymous_args = 0
 516:Middlewares/Third_Party/LwIP/src/core/tcp.c ****   LWIP_ASSERT_CORE_LOCKED();
 4508              		.loc 1 516 1 is_stmt 0 view .LVU1351
 4509 0000 70B5     		push	{r4, r5, r6, lr}
 4510              	.LCFI40:
 4511              		.cfi_def_cfa_offset 16
 4512              		.cfi_offset 4, -16
 4513              		.cfi_offset 5, -12
 4514              		.cfi_offset 6, -8
 4515              		.cfi_offset 14, -4
 517:Middlewares/Third_Party/LwIP/src/core/tcp.c **** 
 4516              		.loc 1 517 28 is_stmt 1 view .LVU1352
 519:Middlewares/Third_Party/LwIP/src/core/tcp.c **** 
 4517              		.loc 1 519 3 view .LVU1353
 519:Middlewares/Third_Party/LwIP/src/core/tcp.c **** 
 4518              		.loc 1 519 3 view .LVU1354
 4519 0002 D0B1     		cbz	r0, .L436
 4520 0004 0D46     		mov	r5, r1
 4521 0006 1646     		mov	r6, r2
 4522 0008 0446     		mov	r4, r0
 519:Middlewares/Third_Party/LwIP/src/core/tcp.c **** 
 4523              		.loc 1 519 3 discriminator 2 view .LVU1355
 521:Middlewares/Third_Party/LwIP/src/core/tcp.c ****     return ERR_CONN;
 4524              		.loc 1 521 3 discriminator 2 view .LVU1356
 521:Middlewares/Third_Party/LwIP/src/core/tcp.c ****     return ERR_CONN;
 4525              		.loc 1 521 10 is_stmt 0 discriminator 2 view .LVU1357
 4526 000a 037D     		ldrb	r3, [r0, #20]	@ zero_extendqisi2
 521:Middlewares/Third_Party/LwIP/src/core/tcp.c ****     return ERR_CONN;
 4527              		.loc 1 521 6 discriminator 2 view .LVU1358
 4528 000c 012B     		cmp	r3, #1
 4529 000e 29D0     		beq	.L432
 524:Middlewares/Third_Party/LwIP/src/core/tcp.c ****     /* shut down the receive side: set a flag not to receive any more data... */
 4530              		.loc 1 524 3 is_stmt 1 view .LVU1359
 524:Middlewares/Third_Party/LwIP/src/core/tcp.c ****     /* shut down the receive side: set a flag not to receive any more data... */
 4531              		.loc 1 524 6 is_stmt 0 view .LVU1360
 4532 0010 51B1     		cbz	r1, .L428
 526:Middlewares/Third_Party/LwIP/src/core/tcp.c ****     if (shut_tx) {
 4533              		.loc 1 526 5 is_stmt 1 view .LVU1361
 526:Middlewares/Third_Party/LwIP/src/core/tcp.c ****     if (shut_tx) {
 4534              		.loc 1 526 5 view .LVU1362
 4535 0012 438B     		ldrh	r3, [r0, #26]
 4536 0014 43F01003 		orr	r3, r3, #16
 4537 0018 4383     		strh	r3, [r0, #26]	@ movhi
 526:Middlewares/Third_Party/LwIP/src/core/tcp.c ****     if (shut_tx) {
 4538              		.loc 1 526 5 view .LVU1363
 527:Middlewares/Third_Party/LwIP/src/core/tcp.c ****       /* shutting down the tx AND rx side is the same as closing for the raw API */
 4539              		.loc 1 527 5 view .LVU1364
 527:Middlewares/Third_Party/LwIP/src/core/tcp.c ****       /* shutting down the tx AND rx side is the same as closing for the raw API */
 4540              		.loc 1 527 8 is_stmt 0 view .LVU1365
 4541 001a C2B9     		cbnz	r2, .L437
 532:Middlewares/Third_Party/LwIP/src/core/tcp.c ****       pbuf_free(pcb->refused_data);
 4542              		.loc 1 532 5 is_stmt 1 view .LVU1366
 532:Middlewares/Third_Party/LwIP/src/core/tcp.c ****       pbuf_free(pcb->refused_data);
 4543              		.loc 1 532 12 is_stmt 0 view .LVU1367
 4544 001c 406F     		ldr	r0, [r0, #116]
 4545              	.LVL412:
ARM GAS  C:\msys64\tmp\cc73uNFg.s 			page 142


 532:Middlewares/Third_Party/LwIP/src/core/tcp.c ****       pbuf_free(pcb->refused_data);
 4546              		.loc 1 532 8 view .LVU1368
 4547 001e 18B1     		cbz	r0, .L428
 533:Middlewares/Third_Party/LwIP/src/core/tcp.c ****       pcb->refused_data = NULL;
 4548              		.loc 1 533 7 is_stmt 1 view .LVU1369
 4549 0020 FFF7FEFF 		bl	pbuf_free
 4550              	.LVL413:
 534:Middlewares/Third_Party/LwIP/src/core/tcp.c ****     }
 4551              		.loc 1 534 7 view .LVU1370
 534:Middlewares/Third_Party/LwIP/src/core/tcp.c ****     }
 4552              		.loc 1 534 25 is_stmt 0 view .LVU1371
 4553 0024 0023     		movs	r3, #0
 4554 0026 6367     		str	r3, [r4, #116]
 4555              	.L428:
 537:Middlewares/Third_Party/LwIP/src/core/tcp.c ****     /* This can't happen twice since if it succeeds, the pcb's state is changed.
 4556              		.loc 1 537 3 is_stmt 1 view .LVU1372
 537:Middlewares/Third_Party/LwIP/src/core/tcp.c ****     /* This can't happen twice since if it succeeds, the pcb's state is changed.
 4557              		.loc 1 537 6 is_stmt 0 view .LVU1373
 4558 0028 FEB1     		cbz	r6, .L433
 540:Middlewares/Third_Party/LwIP/src/core/tcp.c ****       case SYN_RCVD:
 4559              		.loc 1 540 5 is_stmt 1 view .LVU1374
 540:Middlewares/Third_Party/LwIP/src/core/tcp.c ****       case SYN_RCVD:
 4560              		.loc 1 540 16 is_stmt 0 view .LVU1375
 4561 002a 237D     		ldrb	r3, [r4, #20]	@ zero_extendqisi2
 540:Middlewares/Third_Party/LwIP/src/core/tcp.c ****       case SYN_RCVD:
 4562              		.loc 1 540 5 view .LVU1376
 4563 002c 042B     		cmp	r3, #4
 4564 002e 12D8     		bhi	.L430
 4565 0030 032B     		cmp	r3, #3
 4566 0032 12D2     		bcs	.L431
 4567 0034 6FF00A00 		mvn	r0, #10
 4568 0038 18E0     		b	.L427
 4569              	.LVL414:
 4570              	.L436:
 519:Middlewares/Third_Party/LwIP/src/core/tcp.c **** 
 4571              		.loc 1 519 3 is_stmt 1 discriminator 1 view .LVU1377
 519:Middlewares/Third_Party/LwIP/src/core/tcp.c **** 
 4572              		.loc 1 519 3 discriminator 1 view .LVU1378
 4573 003a 0E4B     		ldr	r3, .L438
 4574 003c 40F20722 		movw	r2, #519
 4575              	.LVL415:
 519:Middlewares/Third_Party/LwIP/src/core/tcp.c **** 
 4576              		.loc 1 519 3 is_stmt 0 discriminator 1 view .LVU1379
 4577 0040 0D49     		ldr	r1, .L438+4
 4578              	.LVL416:
 519:Middlewares/Third_Party/LwIP/src/core/tcp.c **** 
 4579              		.loc 1 519 3 discriminator 1 view .LVU1380
 4580 0042 0E48     		ldr	r0, .L438+8
 4581              	.LVL417:
 519:Middlewares/Third_Party/LwIP/src/core/tcp.c **** 
 4582              		.loc 1 519 3 discriminator 1 view .LVU1381
 4583 0044 FFF7FEFF 		bl	printf
 4584              	.LVL418:
 519:Middlewares/Third_Party/LwIP/src/core/tcp.c **** 
 4585              		.loc 1 519 3 is_stmt 1 discriminator 1 view .LVU1382
 519:Middlewares/Third_Party/LwIP/src/core/tcp.c **** 
 4586              		.loc 1 519 3 discriminator 1 view .LVU1383
ARM GAS  C:\msys64\tmp\cc73uNFg.s 			page 143


 4587 0048 6FF00F00 		mvn	r0, #15
 4588 004c 0EE0     		b	.L427
 4589              	.LVL419:
 4590              	.L437:
 529:Middlewares/Third_Party/LwIP/src/core/tcp.c ****     }
 4591              		.loc 1 529 7 view .LVU1384
 529:Middlewares/Third_Party/LwIP/src/core/tcp.c ****     }
 4592              		.loc 1 529 14 is_stmt 0 view .LVU1385
 4593 004e 0121     		movs	r1, #1
 4594              	.LVL420:
 529:Middlewares/Third_Party/LwIP/src/core/tcp.c ****     }
 4595              		.loc 1 529 14 view .LVU1386
 4596 0050 FFF7FEFF 		bl	tcp_close_shutdown
 4597              	.LVL421:
 529:Middlewares/Third_Party/LwIP/src/core/tcp.c ****     }
 4598              		.loc 1 529 14 view .LVU1387
 4599 0054 0AE0     		b	.L427
 4600              	.L430:
 540:Middlewares/Third_Party/LwIP/src/core/tcp.c ****       case SYN_RCVD:
 4601              		.loc 1 540 5 view .LVU1388
 4602 0056 072B     		cmp	r3, #7
 4603 0058 09D1     		bne	.L434
 4604              	.L431:
 544:Middlewares/Third_Party/LwIP/src/core/tcp.c ****       default:
 4605              		.loc 1 544 9 is_stmt 1 view .LVU1389
 544:Middlewares/Third_Party/LwIP/src/core/tcp.c ****       default:
 4606              		.loc 1 544 16 is_stmt 0 view .LVU1390
 4607 005a E9B2     		uxtb	r1, r5
 4608 005c 2046     		mov	r0, r4
 4609 005e FFF7FEFF 		bl	tcp_close_shutdown
 4610              	.LVL422:
 4611 0062 03E0     		b	.L427
 4612              	.LVL423:
 4613              	.L432:
 522:Middlewares/Third_Party/LwIP/src/core/tcp.c ****   }
 4614              		.loc 1 522 12 view .LVU1391
 4615 0064 6FF00A00 		mvn	r0, #10
 4616              	.LVL424:
 522:Middlewares/Third_Party/LwIP/src/core/tcp.c ****   }
 4617              		.loc 1 522 12 view .LVU1392
 4618 0068 00E0     		b	.L427
 4619              	.LVL425:
 4620              	.L433:
 551:Middlewares/Third_Party/LwIP/src/core/tcp.c **** }
 4621              		.loc 1 551 10 view .LVU1393
 4622 006a 0020     		movs	r0, #0
 4623              	.LVL426:
 4624              	.L427:
 552:Middlewares/Third_Party/LwIP/src/core/tcp.c **** 
 4625              		.loc 1 552 1 view .LVU1394
 4626 006c 70BD     		pop	{r4, r5, r6, pc}
 4627              	.LVL427:
 4628              	.L434:
 540:Middlewares/Third_Party/LwIP/src/core/tcp.c ****       case SYN_RCVD:
 4629              		.loc 1 540 5 view .LVU1395
 4630 006e 6FF00A00 		mvn	r0, #10
 4631 0072 FBE7     		b	.L427
ARM GAS  C:\msys64\tmp\cc73uNFg.s 			page 144


 4632              	.L439:
 4633              		.align	2
 4634              	.L438:
 4635 0074 00000000 		.word	.LC0
 4636 0078 00000000 		.word	.LC41
 4637 007c 54000000 		.word	.LC2
 4638              		.cfi_endproc
 4639              	.LFE169:
 4641              		.section	.rodata.tcp_abandon.str1.4,"aMS",%progbits,1
 4642              		.align	2
 4643              	.LC42:
 4644 0000 7463705F 		.ascii	"tcp_abandon: invalid pcb\000"
 4644      6162616E 
 4644      646F6E3A 
 4644      20696E76 
 4644      616C6964 
 4645 0019 000000   		.align	2
 4646              	.LC43:
 4647 001c 646F6E27 		.ascii	"don't call tcp_abort/tcp_abandon for listen-pcbs\000"
 4647      74206361 
 4647      6C6C2074 
 4647      63705F61 
 4647      626F7274 
 4648              		.section	.text.tcp_abandon,"ax",%progbits
 4649              		.align	1
 4650              		.global	tcp_abandon
 4651              		.syntax unified
 4652              		.thumb
 4653              		.thumb_func
 4655              	tcp_abandon:
 4656              	.LVL428:
 4657              	.LFB170:
 564:Middlewares/Third_Party/LwIP/src/core/tcp.c ****   u32_t seqno, ackno;
 4658              		.loc 1 564 1 is_stmt 1 view -0
 4659              		.cfi_startproc
 4660              		@ args = 0, pretend = 0, frame = 0
 4661              		@ frame_needed = 0, uses_anonymous_args = 0
 564:Middlewares/Third_Party/LwIP/src/core/tcp.c ****   u32_t seqno, ackno;
 4662              		.loc 1 564 1 is_stmt 0 view .LVU1397
 4663 0000 2DE9F047 		push	{r4, r5, r6, r7, r8, r9, r10, lr}
 4664              	.LCFI41:
 4665              		.cfi_def_cfa_offset 32
 4666              		.cfi_offset 4, -32
 4667              		.cfi_offset 5, -28
 4668              		.cfi_offset 6, -24
 4669              		.cfi_offset 7, -20
 4670              		.cfi_offset 8, -16
 4671              		.cfi_offset 9, -12
 4672              		.cfi_offset 10, -8
 4673              		.cfi_offset 14, -4
 4674 0004 84B0     		sub	sp, sp, #16
 4675              	.LCFI42:
 4676              		.cfi_def_cfa_offset 48
 565:Middlewares/Third_Party/LwIP/src/core/tcp.c **** #if LWIP_CALLBACK_API
 4677              		.loc 1 565 3 is_stmt 1 view .LVU1398
 567:Middlewares/Third_Party/LwIP/src/core/tcp.c **** #endif /* LWIP_CALLBACK_API */
 4678              		.loc 1 567 3 view .LVU1399
ARM GAS  C:\msys64\tmp\cc73uNFg.s 			page 145


 569:Middlewares/Third_Party/LwIP/src/core/tcp.c **** 
 4679              		.loc 1 569 3 view .LVU1400
 571:Middlewares/Third_Party/LwIP/src/core/tcp.c **** 
 4680              		.loc 1 571 28 view .LVU1401
 573:Middlewares/Third_Party/LwIP/src/core/tcp.c **** 
 4681              		.loc 1 573 3 view .LVU1402
 573:Middlewares/Third_Party/LwIP/src/core/tcp.c **** 
 4682              		.loc 1 573 3 view .LVU1403
 4683 0006 F8B1     		cbz	r0, .L456
 4684 0008 0D46     		mov	r5, r1
 4685 000a 0446     		mov	r4, r0
 573:Middlewares/Third_Party/LwIP/src/core/tcp.c **** 
 4686              		.loc 1 573 3 discriminator 2 view .LVU1404
 576:Middlewares/Third_Party/LwIP/src/core/tcp.c ****               pcb->state != LISTEN);
 4687              		.loc 1 576 3 discriminator 2 view .LVU1405
 576:Middlewares/Third_Party/LwIP/src/core/tcp.c ****               pcb->state != LISTEN);
 4688              		.loc 1 576 3 discriminator 2 view .LVU1406
 4689 000c 037D     		ldrb	r3, [r0, #20]	@ zero_extendqisi2
 4690 000e 012B     		cmp	r3, #1
 4691 0010 22D0     		beq	.L457
 4692              	.LVL429:
 4693              	.L443:
 576:Middlewares/Third_Party/LwIP/src/core/tcp.c ****               pcb->state != LISTEN);
 4694              		.loc 1 576 3 discriminator 3 view .LVU1407
 576:Middlewares/Third_Party/LwIP/src/core/tcp.c ****               pcb->state != LISTEN);
 4695              		.loc 1 576 3 discriminator 3 view .LVU1408
 581:Middlewares/Third_Party/LwIP/src/core/tcp.c ****     tcp_pcb_remove(&tcp_tw_pcbs, pcb);
 4696              		.loc 1 581 3 discriminator 3 view .LVU1409
 581:Middlewares/Third_Party/LwIP/src/core/tcp.c ****     tcp_pcb_remove(&tcp_tw_pcbs, pcb);
 4697              		.loc 1 581 10 is_stmt 0 discriminator 3 view .LVU1410
 4698 0012 237D     		ldrb	r3, [r4, #20]	@ zero_extendqisi2
 581:Middlewares/Third_Party/LwIP/src/core/tcp.c ****     tcp_pcb_remove(&tcp_tw_pcbs, pcb);
 4699              		.loc 1 581 6 discriminator 3 view .LVU1411
 4700 0014 0A2B     		cmp	r3, #10
 4701 0016 27D0     		beq	.L458
 4702              	.LBB29:
 585:Middlewares/Third_Party/LwIP/src/core/tcp.c ****     u16_t local_port = 0;
 4703              		.loc 1 585 5 is_stmt 1 view .LVU1412
 4704              	.LVL430:
 586:Middlewares/Third_Party/LwIP/src/core/tcp.c ****     enum tcp_state last_state;
 4705              		.loc 1 586 5 view .LVU1413
 587:Middlewares/Third_Party/LwIP/src/core/tcp.c ****     seqno = pcb->snd_nxt;
 4706              		.loc 1 587 5 view .LVU1414
 588:Middlewares/Third_Party/LwIP/src/core/tcp.c ****     ackno = pcb->rcv_nxt;
 4707              		.loc 1 588 5 view .LVU1415
 588:Middlewares/Third_Party/LwIP/src/core/tcp.c ****     ackno = pcb->rcv_nxt;
 4708              		.loc 1 588 11 is_stmt 0 view .LVU1416
 4709 0018 D4F85080 		ldr	r8, [r4, #80]
 4710              	.LVL431:
 589:Middlewares/Third_Party/LwIP/src/core/tcp.c **** #if LWIP_CALLBACK_API
 4711              		.loc 1 589 5 is_stmt 1 view .LVU1417
 589:Middlewares/Third_Party/LwIP/src/core/tcp.c **** #if LWIP_CALLBACK_API
 4712              		.loc 1 589 11 is_stmt 0 view .LVU1418
 4713 001c D4F82490 		ldr	r9, [r4, #36]
 4714              	.LVL432:
 591:Middlewares/Third_Party/LwIP/src/core/tcp.c **** #endif /* LWIP_CALLBACK_API */
 4715              		.loc 1 591 5 is_stmt 1 view .LVU1419
ARM GAS  C:\msys64\tmp\cc73uNFg.s 			page 146


 591:Middlewares/Third_Party/LwIP/src/core/tcp.c **** #endif /* LWIP_CALLBACK_API */
 4716              		.loc 1 591 10 is_stmt 0 view .LVU1420
 4717 0020 D4F88C60 		ldr	r6, [r4, #140]
 4718              	.LVL433:
 593:Middlewares/Third_Party/LwIP/src/core/tcp.c ****     if (pcb->state == CLOSED) {
 4719              		.loc 1 593 5 is_stmt 1 view .LVU1421
 593:Middlewares/Third_Party/LwIP/src/core/tcp.c ****     if (pcb->state == CLOSED) {
 4720              		.loc 1 593 14 is_stmt 0 view .LVU1422
 4721 0024 2769     		ldr	r7, [r4, #16]
 4722              	.LVL434:
 594:Middlewares/Third_Party/LwIP/src/core/tcp.c ****       if (pcb->local_port != 0) {
 4723              		.loc 1 594 5 is_stmt 1 view .LVU1423
 594:Middlewares/Third_Party/LwIP/src/core/tcp.c ****       if (pcb->local_port != 0) {
 4724              		.loc 1 594 8 is_stmt 0 view .LVU1424
 4725 0026 002B     		cmp	r3, #0
 4726 0028 43D1     		bne	.L445
 595:Middlewares/Third_Party/LwIP/src/core/tcp.c ****         /* bound, not yet opened */
 4727              		.loc 1 595 7 is_stmt 1 view .LVU1425
 595:Middlewares/Third_Party/LwIP/src/core/tcp.c ****         /* bound, not yet opened */
 4728              		.loc 1 595 14 is_stmt 0 view .LVU1426
 4729 002a B4F816A0 		ldrh	r10, [r4, #22]
 595:Middlewares/Third_Party/LwIP/src/core/tcp.c ****         /* bound, not yet opened */
 4730              		.loc 1 595 10 view .LVU1427
 4731 002e BAF1000F 		cmp	r10, #0
 4732 0032 48D0     		beq	.L453
 597:Middlewares/Third_Party/LwIP/src/core/tcp.c ****       }
 4733              		.loc 1 597 9 is_stmt 1 view .LVU1428
 597:Middlewares/Third_Party/LwIP/src/core/tcp.c ****       }
 4734              		.loc 1 597 9 view .LVU1429
 4735 0034 2B4B     		ldr	r3, .L462
 4736 0036 1B68     		ldr	r3, [r3]
 4737 0038 A342     		cmp	r3, r4
 4738 003a 1DD0     		beq	.L459
 4739              	.L447:
 4740              	.LVL435:
 4741              	.LBB30:
 597:Middlewares/Third_Party/LwIP/src/core/tcp.c ****       }
 4742              		.loc 1 597 9 discriminator 8 view .LVU1430
 4743 003c 13B3     		cbz	r3, .L448
 597:Middlewares/Third_Party/LwIP/src/core/tcp.c ****       }
 4744              		.loc 1 597 9 discriminator 9 view .LVU1431
 4745 003e DA68     		ldr	r2, [r3, #12]
 4746 0040 A242     		cmp	r2, r4
 4747 0042 1DD0     		beq	.L460
 597:Middlewares/Third_Party/LwIP/src/core/tcp.c ****       }
 4748              		.loc 1 597 9 is_stmt 0 view .LVU1432
 4749 0044 1346     		mov	r3, r2
 4750              	.LVL436:
 597:Middlewares/Third_Party/LwIP/src/core/tcp.c ****       }
 4751              		.loc 1 597 9 view .LVU1433
 4752 0046 F9E7     		b	.L447
 4753              	.LVL437:
 4754              	.L456:
 597:Middlewares/Third_Party/LwIP/src/core/tcp.c ****       }
 4755              		.loc 1 597 9 view .LVU1434
 4756              	.LBE30:
 4757              	.LBE29:
ARM GAS  C:\msys64\tmp\cc73uNFg.s 			page 147


 573:Middlewares/Third_Party/LwIP/src/core/tcp.c **** 
 4758              		.loc 1 573 3 is_stmt 1 discriminator 1 view .LVU1435
 573:Middlewares/Third_Party/LwIP/src/core/tcp.c **** 
 4759              		.loc 1 573 3 discriminator 1 view .LVU1436
 4760 0048 274B     		ldr	r3, .L462+4
 4761 004a 40F23D22 		movw	r2, #573
 4762 004e 2749     		ldr	r1, .L462+8
 4763              	.LVL438:
 573:Middlewares/Third_Party/LwIP/src/core/tcp.c **** 
 4764              		.loc 1 573 3 is_stmt 0 discriminator 1 view .LVU1437
 4765 0050 2748     		ldr	r0, .L462+12
 4766              	.LVL439:
 573:Middlewares/Third_Party/LwIP/src/core/tcp.c **** 
 4767              		.loc 1 573 3 discriminator 1 view .LVU1438
 4768 0052 FFF7FEFF 		bl	printf
 4769              	.LVL440:
 573:Middlewares/Third_Party/LwIP/src/core/tcp.c **** 
 4770              		.loc 1 573 3 is_stmt 1 discriminator 1 view .LVU1439
 573:Middlewares/Third_Party/LwIP/src/core/tcp.c **** 
 4771              		.loc 1 573 3 discriminator 1 view .LVU1440
 4772 0056 29E0     		b	.L440
 4773              	.LVL441:
 4774              	.L457:
 576:Middlewares/Third_Party/LwIP/src/core/tcp.c ****               pcb->state != LISTEN);
 4775              		.loc 1 576 3 discriminator 1 view .LVU1441
 576:Middlewares/Third_Party/LwIP/src/core/tcp.c ****               pcb->state != LISTEN);
 4776              		.loc 1 576 3 discriminator 1 view .LVU1442
 4777 0058 234B     		ldr	r3, .L462+4
 4778 005a 4FF41072 		mov	r2, #576
 4779 005e 2549     		ldr	r1, .L462+16
 4780              	.LVL442:
 576:Middlewares/Third_Party/LwIP/src/core/tcp.c ****               pcb->state != LISTEN);
 4781              		.loc 1 576 3 is_stmt 0 discriminator 1 view .LVU1443
 4782 0060 2348     		ldr	r0, .L462+12
 4783              	.LVL443:
 576:Middlewares/Third_Party/LwIP/src/core/tcp.c ****               pcb->state != LISTEN);
 4784              		.loc 1 576 3 discriminator 1 view .LVU1444
 4785 0062 FFF7FEFF 		bl	printf
 4786              	.LVL444:
 4787 0066 D4E7     		b	.L443
 4788              	.L458:
 582:Middlewares/Third_Party/LwIP/src/core/tcp.c ****     tcp_free(pcb);
 4789              		.loc 1 582 5 is_stmt 1 view .LVU1445
 4790 0068 2146     		mov	r1, r4
 4791 006a 2348     		ldr	r0, .L462+20
 4792 006c FFF7FEFF 		bl	tcp_pcb_remove
 4793              	.LVL445:
 583:Middlewares/Third_Party/LwIP/src/core/tcp.c ****   } else {
 4794              		.loc 1 583 5 view .LVU1446
 4795 0070 2046     		mov	r0, r4
 4796 0072 FFF7FEFF 		bl	tcp_free
 4797              	.LVL446:
 4798 0076 19E0     		b	.L440
 4799              	.LVL447:
 4800              	.L459:
 4801              	.LBB32:
 597:Middlewares/Third_Party/LwIP/src/core/tcp.c ****       }
ARM GAS  C:\msys64\tmp\cc73uNFg.s 			page 148


 4802              		.loc 1 597 9 discriminator 1 view .LVU1447
 4803 0078 DA68     		ldr	r2, [r3, #12]
 4804 007a 1A4B     		ldr	r3, .L462
 4805 007c 1A60     		str	r2, [r3]
 4806 007e 01E0     		b	.L448
 4807              	.LVL448:
 4808              	.L460:
 4809              	.LBB31:
 597:Middlewares/Third_Party/LwIP/src/core/tcp.c ****       }
 4810              		.loc 1 597 9 discriminator 5 view .LVU1448
 4811 0080 E268     		ldr	r2, [r4, #12]
 4812 0082 DA60     		str	r2, [r3, #12]
 597:Middlewares/Third_Party/LwIP/src/core/tcp.c ****       }
 4813              		.loc 1 597 9 discriminator 5 view .LVU1449
 4814              	.LVL449:
 4815              	.L448:
 597:Middlewares/Third_Party/LwIP/src/core/tcp.c ****       }
 4816              		.loc 1 597 9 is_stmt 0 discriminator 5 view .LVU1450
 4817              	.LBE31:
 597:Middlewares/Third_Party/LwIP/src/core/tcp.c ****       }
 4818              		.loc 1 597 9 is_stmt 1 discriminator 10 view .LVU1451
 4819 0084 0025     		movs	r5, #0
 4820              	.LVL450:
 597:Middlewares/Third_Party/LwIP/src/core/tcp.c ****       }
 4821              		.loc 1 597 9 is_stmt 0 discriminator 10 view .LVU1452
 4822 0086 E560     		str	r5, [r4, #12]
 586:Middlewares/Third_Party/LwIP/src/core/tcp.c ****     enum tcp_state last_state;
 4823              		.loc 1 586 11 discriminator 10 view .LVU1453
 4824 0088 AA46     		mov	r10, r5
 4825              	.LVL451:
 4826              	.L446:
 602:Middlewares/Third_Party/LwIP/src/core/tcp.c ****     }
 4827              		.loc 1 602 7 is_stmt 1 discriminator 1 view .LVU1454
 604:Middlewares/Third_Party/LwIP/src/core/tcp.c ****       tcp_segs_free(pcb->unacked);
 4828              		.loc 1 604 5 discriminator 1 view .LVU1455
 604:Middlewares/Third_Party/LwIP/src/core/tcp.c ****       tcp_segs_free(pcb->unacked);
 4829              		.loc 1 604 12 is_stmt 0 discriminator 1 view .LVU1456
 4830 008a 206F     		ldr	r0, [r4, #112]
 604:Middlewares/Third_Party/LwIP/src/core/tcp.c ****       tcp_segs_free(pcb->unacked);
 4831              		.loc 1 604 8 discriminator 1 view .LVU1457
 4832 008c 08B1     		cbz	r0, .L450
 605:Middlewares/Third_Party/LwIP/src/core/tcp.c ****     }
 4833              		.loc 1 605 7 is_stmt 1 view .LVU1458
 4834 008e FFF7FEFF 		bl	tcp_segs_free
 4835              	.LVL452:
 4836              	.L450:
 607:Middlewares/Third_Party/LwIP/src/core/tcp.c ****       tcp_segs_free(pcb->unsent);
 4837              		.loc 1 607 5 view .LVU1459
 607:Middlewares/Third_Party/LwIP/src/core/tcp.c ****       tcp_segs_free(pcb->unsent);
 4838              		.loc 1 607 12 is_stmt 0 view .LVU1460
 4839 0092 E06E     		ldr	r0, [r4, #108]
 607:Middlewares/Third_Party/LwIP/src/core/tcp.c ****       tcp_segs_free(pcb->unsent);
 4840              		.loc 1 607 8 view .LVU1461
 4841 0094 08B1     		cbz	r0, .L451
 608:Middlewares/Third_Party/LwIP/src/core/tcp.c ****     }
 4842              		.loc 1 608 7 is_stmt 1 view .LVU1462
 4843 0096 FFF7FEFF 		bl	tcp_segs_free
ARM GAS  C:\msys64\tmp\cc73uNFg.s 			page 149


 4844              	.LVL453:
 4845              	.L451:
 615:Middlewares/Third_Party/LwIP/src/core/tcp.c ****     if (send_rst) {
 4846              		.loc 1 615 30 view .LVU1463
 616:Middlewares/Third_Party/LwIP/src/core/tcp.c ****       LWIP_DEBUGF(TCP_RST_DEBUG, ("tcp_abandon: sending RST\n"));
 4847              		.loc 1 616 5 view .LVU1464
 616:Middlewares/Third_Party/LwIP/src/core/tcp.c ****       LWIP_DEBUGF(TCP_RST_DEBUG, ("tcp_abandon: sending RST\n"));
 4848              		.loc 1 616 8 is_stmt 0 view .LVU1465
 4849 009a B5B9     		cbnz	r5, .L461
 4850              	.L452:
 620:Middlewares/Third_Party/LwIP/src/core/tcp.c ****     tcp_free(pcb);
 4851              		.loc 1 620 5 is_stmt 1 view .LVU1466
 4852              	.LVL454:
 621:Middlewares/Third_Party/LwIP/src/core/tcp.c ****     TCP_EVENT_ERR(last_state, errf, errf_arg, ERR_ABRT);
 4853              		.loc 1 621 5 view .LVU1467
 4854 009c 2046     		mov	r0, r4
 4855 009e FFF7FEFF 		bl	tcp_free
 4856              	.LVL455:
 622:Middlewares/Third_Party/LwIP/src/core/tcp.c ****   }
 4857              		.loc 1 622 5 view .LVU1468
 622:Middlewares/Third_Party/LwIP/src/core/tcp.c ****   }
 4858              		.loc 1 622 5 view .LVU1469
 622:Middlewares/Third_Party/LwIP/src/core/tcp.c ****   }
 4859              		.loc 1 622 5 view .LVU1470
 4860 00a2 1EB1     		cbz	r6, .L440
 622:Middlewares/Third_Party/LwIP/src/core/tcp.c ****   }
 4861              		.loc 1 622 5 discriminator 1 view .LVU1471
 4862 00a4 6FF00C01 		mvn	r1, #12
 4863 00a8 3846     		mov	r0, r7
 4864 00aa B047     		blx	r6
 4865              	.LVL456:
 622:Middlewares/Third_Party/LwIP/src/core/tcp.c ****   }
 4866              		.loc 1 622 5 discriminator 1 view .LVU1472
 4867              	.L440:
 622:Middlewares/Third_Party/LwIP/src/core/tcp.c ****   }
 4868              		.loc 1 622 5 is_stmt 0 discriminator 1 view .LVU1473
 4869              	.LBE32:
 624:Middlewares/Third_Party/LwIP/src/core/tcp.c **** 
 4870              		.loc 1 624 1 view .LVU1474
 4871 00ac 04B0     		add	sp, sp, #16
 4872              	.LCFI43:
 4873              		.cfi_remember_state
 4874              		.cfi_def_cfa_offset 32
 4875              		@ sp needed
 4876 00ae BDE8F087 		pop	{r4, r5, r6, r7, r8, r9, r10, pc}
 4877              	.LVL457:
 4878              	.L445:
 4879              	.LCFI44:
 4880              		.cfi_restore_state
 4881              	.LBB33:
 600:Middlewares/Third_Party/LwIP/src/core/tcp.c ****       local_port = pcb->local_port;
 4882              		.loc 1 600 7 is_stmt 1 view .LVU1475
 601:Middlewares/Third_Party/LwIP/src/core/tcp.c ****       TCP_PCB_REMOVE_ACTIVE(pcb);
 4883              		.loc 1 601 7 view .LVU1476
 601:Middlewares/Third_Party/LwIP/src/core/tcp.c ****       TCP_PCB_REMOVE_ACTIVE(pcb);
 4884              		.loc 1 601 18 is_stmt 0 view .LVU1477
 4885 00b2 B4F816A0 		ldrh	r10, [r4, #22]
ARM GAS  C:\msys64\tmp\cc73uNFg.s 			page 150


 4886              	.LVL458:
 602:Middlewares/Third_Party/LwIP/src/core/tcp.c ****     }
 4887              		.loc 1 602 7 is_stmt 1 view .LVU1478
 602:Middlewares/Third_Party/LwIP/src/core/tcp.c ****     }
 4888              		.loc 1 602 7 view .LVU1479
 4889 00b6 2146     		mov	r1, r4
 4890 00b8 1048     		ldr	r0, .L462+24
 4891 00ba FFF7FEFF 		bl	tcp_pcb_remove
 4892              	.LVL459:
 602:Middlewares/Third_Party/LwIP/src/core/tcp.c ****     }
 4893              		.loc 1 602 7 view .LVU1480
 4894 00be 104B     		ldr	r3, .L462+28
 4895 00c0 0122     		movs	r2, #1
 4896 00c2 1A70     		strb	r2, [r3]
 4897 00c4 E1E7     		b	.L446
 4898              	.LVL460:
 4899              	.L453:
 585:Middlewares/Third_Party/LwIP/src/core/tcp.c ****     u16_t local_port = 0;
 4900              		.loc 1 585 9 is_stmt 0 view .LVU1481
 4901 00c6 0025     		movs	r5, #0
 4902              	.LVL461:
 585:Middlewares/Third_Party/LwIP/src/core/tcp.c ****     u16_t local_port = 0;
 4903              		.loc 1 585 9 view .LVU1482
 4904 00c8 DFE7     		b	.L446
 4905              	.LVL462:
 4906              	.L461:
 617:Middlewares/Third_Party/LwIP/src/core/tcp.c ****       tcp_rst(pcb, seqno, ackno, &pcb->local_ip, &pcb->remote_ip, local_port, pcb->remote_port);
 4907              		.loc 1 617 65 is_stmt 1 view .LVU1483
 618:Middlewares/Third_Party/LwIP/src/core/tcp.c ****     }
 4908              		.loc 1 618 7 view .LVU1484
 618:Middlewares/Third_Party/LwIP/src/core/tcp.c ****     }
 4909              		.loc 1 618 50 is_stmt 0 view .LVU1485
 4910 00ca 231D     		adds	r3, r4, #4
 618:Middlewares/Third_Party/LwIP/src/core/tcp.c ****     }
 4911              		.loc 1 618 7 view .LVU1486
 4912 00cc 228B     		ldrh	r2, [r4, #24]
 4913 00ce 0292     		str	r2, [sp, #8]
 4914 00d0 CDF804A0 		str	r10, [sp, #4]
 4915 00d4 0093     		str	r3, [sp]
 4916 00d6 2346     		mov	r3, r4
 4917 00d8 4A46     		mov	r2, r9
 4918 00da 4146     		mov	r1, r8
 4919 00dc 2046     		mov	r0, r4
 4920 00de FFF7FEFF 		bl	tcp_rst
 4921              	.LVL463:
 4922 00e2 DBE7     		b	.L452
 4923              	.L463:
 4924              		.align	2
 4925              	.L462:
 4926 00e4 00000000 		.word	.LANCHOR3
 4927 00e8 00000000 		.word	.LC0
 4928 00ec 00000000 		.word	.LC42
 4929 00f0 54000000 		.word	.LC2
 4930 00f4 1C000000 		.word	.LC43
 4931 00f8 00000000 		.word	.LANCHOR10
 4932 00fc 00000000 		.word	.LANCHOR2
 4933 0100 00000000 		.word	.LANCHOR9
ARM GAS  C:\msys64\tmp\cc73uNFg.s 			page 151


 4934              	.LBE33:
 4935              		.cfi_endproc
 4936              	.LFE170:
 4938              		.section	.text.tcp_abort,"ax",%progbits
 4939              		.align	1
 4940              		.global	tcp_abort
 4941              		.syntax unified
 4942              		.thumb
 4943              		.thumb_func
 4945              	tcp_abort:
 4946              	.LVL464:
 4947              	.LFB171:
 639:Middlewares/Third_Party/LwIP/src/core/tcp.c ****   tcp_abandon(pcb, 1);
 4948              		.loc 1 639 1 is_stmt 1 view -0
 4949              		.cfi_startproc
 4950              		@ args = 0, pretend = 0, frame = 0
 4951              		@ frame_needed = 0, uses_anonymous_args = 0
 639:Middlewares/Third_Party/LwIP/src/core/tcp.c ****   tcp_abandon(pcb, 1);
 4952              		.loc 1 639 1 is_stmt 0 view .LVU1488
 4953 0000 08B5     		push	{r3, lr}
 4954              	.LCFI45:
 4955              		.cfi_def_cfa_offset 8
 4956              		.cfi_offset 3, -8
 4957              		.cfi_offset 14, -4
 640:Middlewares/Third_Party/LwIP/src/core/tcp.c **** }
 4958              		.loc 1 640 3 is_stmt 1 view .LVU1489
 4959 0002 0121     		movs	r1, #1
 4960 0004 FFF7FEFF 		bl	tcp_abandon
 4961              	.LVL465:
 641:Middlewares/Third_Party/LwIP/src/core/tcp.c **** 
 4962              		.loc 1 641 1 is_stmt 0 view .LVU1490
 4963 0008 08BD     		pop	{r3, pc}
 4964              		.cfi_endproc
 4965              	.LFE171:
 4967              		.section	.rodata.tcp_accept_null.str1.4,"aMS",%progbits,1
 4968              		.align	2
 4969              	.LC44:
 4970 0000 7463705F 		.ascii	"tcp_accept_null: invalid pcb\000"
 4970      61636365 
 4970      70745F6E 
 4970      756C6C3A 
 4970      20696E76 
 4971              		.section	.text.tcp_accept_null,"ax",%progbits
 4972              		.align	1
 4973              		.syntax unified
 4974              		.thumb
 4975              		.thumb_func
 4977              	tcp_accept_null:
 4978              	.LVL466:
 4979              	.LFB174:
 779:Middlewares/Third_Party/LwIP/src/core/tcp.c ****   LWIP_UNUSED_ARG(arg);
 4980              		.loc 1 779 1 is_stmt 1 view -0
 4981              		.cfi_startproc
 4982              		@ args = 0, pretend = 0, frame = 0
 4983              		@ frame_needed = 0, uses_anonymous_args = 0
 779:Middlewares/Third_Party/LwIP/src/core/tcp.c ****   LWIP_UNUSED_ARG(arg);
 4984              		.loc 1 779 1 is_stmt 0 view .LVU1492
ARM GAS  C:\msys64\tmp\cc73uNFg.s 			page 152


 4985 0000 10B5     		push	{r4, lr}
 4986              	.LCFI46:
 4987              		.cfi_def_cfa_offset 8
 4988              		.cfi_offset 4, -8
 4989              		.cfi_offset 14, -4
 780:Middlewares/Third_Party/LwIP/src/core/tcp.c ****   LWIP_UNUSED_ARG(err);
 4990              		.loc 1 780 3 is_stmt 1 view .LVU1493
 781:Middlewares/Third_Party/LwIP/src/core/tcp.c **** 
 4991              		.loc 1 781 3 view .LVU1494
 783:Middlewares/Third_Party/LwIP/src/core/tcp.c **** 
 4992              		.loc 1 783 3 view .LVU1495
 783:Middlewares/Third_Party/LwIP/src/core/tcp.c **** 
 4993              		.loc 1 783 3 view .LVU1496
 4994 0002 0C46     		mov	r4, r1
 4995 0004 29B1     		cbz	r1, .L469
 4996              	.LVL467:
 4997              	.L467:
 783:Middlewares/Third_Party/LwIP/src/core/tcp.c **** 
 4998              		.loc 1 783 3 discriminator 3 view .LVU1497
 783:Middlewares/Third_Party/LwIP/src/core/tcp.c **** 
 4999              		.loc 1 783 3 discriminator 3 view .LVU1498
 785:Middlewares/Third_Party/LwIP/src/core/tcp.c **** 
 5000              		.loc 1 785 3 discriminator 3 view .LVU1499
 5001 0006 2046     		mov	r0, r4
 5002 0008 FFF7FEFF 		bl	tcp_abort
 5003              	.LVL468:
 787:Middlewares/Third_Party/LwIP/src/core/tcp.c **** }
 5004              		.loc 1 787 3 discriminator 3 view .LVU1500
 788:Middlewares/Third_Party/LwIP/src/core/tcp.c **** #endif /* LWIP_CALLBACK_API */
 5005              		.loc 1 788 1 is_stmt 0 discriminator 3 view .LVU1501
 5006 000c 6FF00C00 		mvn	r0, #12
 5007 0010 10BD     		pop	{r4, pc}
 5008              	.LVL469:
 5009              	.L469:
 783:Middlewares/Third_Party/LwIP/src/core/tcp.c **** 
 5010              		.loc 1 783 3 is_stmt 1 discriminator 1 view .LVU1502
 783:Middlewares/Third_Party/LwIP/src/core/tcp.c **** 
 5011              		.loc 1 783 3 discriminator 1 view .LVU1503
 5012 0012 044B     		ldr	r3, .L470
 5013 0014 40F20F32 		movw	r2, #783
 5014              	.LVL470:
 783:Middlewares/Third_Party/LwIP/src/core/tcp.c **** 
 5015              		.loc 1 783 3 is_stmt 0 discriminator 1 view .LVU1504
 5016 0018 0349     		ldr	r1, .L470+4
 5017              	.LVL471:
 783:Middlewares/Third_Party/LwIP/src/core/tcp.c **** 
 5018              		.loc 1 783 3 discriminator 1 view .LVU1505
 5019 001a 0448     		ldr	r0, .L470+8
 5020              	.LVL472:
 783:Middlewares/Third_Party/LwIP/src/core/tcp.c **** 
 5021              		.loc 1 783 3 discriminator 1 view .LVU1506
 5022 001c FFF7FEFF 		bl	printf
 5023              	.LVL473:
 5024 0020 F1E7     		b	.L467
 5025              	.L471:
 5026 0022 00BF     		.align	2
 5027              	.L470:
ARM GAS  C:\msys64\tmp\cc73uNFg.s 			page 153


 5028 0024 00000000 		.word	.LC0
 5029 0028 00000000 		.word	.LC44
 5030 002c 54000000 		.word	.LC2
 5031              		.cfi_endproc
 5032              	.LFE174:
 5034              		.section	.text.tcp_kill_timewait,"ax",%progbits
 5035              		.align	1
 5036              		.syntax unified
 5037              		.thumb
 5038              		.thumb_func
 5040              	tcp_kill_timewait:
 5041              	.LFB191:
1785:Middlewares/Third_Party/LwIP/src/core/tcp.c ****   struct tcp_pcb *pcb, *inactive;
 5042              		.loc 1 1785 1 is_stmt 1 view -0
 5043              		.cfi_startproc
 5044              		@ args = 0, pretend = 0, frame = 0
 5045              		@ frame_needed = 0, uses_anonymous_args = 0
 5046 0000 08B5     		push	{r3, lr}
 5047              	.LCFI47:
 5048              		.cfi_def_cfa_offset 8
 5049              		.cfi_offset 3, -8
 5050              		.cfi_offset 14, -4
1786:Middlewares/Third_Party/LwIP/src/core/tcp.c ****   u32_t inactivity;
 5051              		.loc 1 1786 3 view .LVU1508
1787:Middlewares/Third_Party/LwIP/src/core/tcp.c **** 
 5052              		.loc 1 1787 3 view .LVU1509
1789:Middlewares/Third_Party/LwIP/src/core/tcp.c ****   inactive = NULL;
 5053              		.loc 1 1789 3 view .LVU1510
 5054              	.LVL474:
1790:Middlewares/Third_Party/LwIP/src/core/tcp.c ****   /* Go through the list of TIME_WAIT pcbs and get the oldest pcb. */
 5055              		.loc 1 1790 3 view .LVU1511
1792:Middlewares/Third_Party/LwIP/src/core/tcp.c ****     if ((u32_t)(tcp_ticks - pcb->tmr) >= inactivity) {
 5056              		.loc 1 1792 3 view .LVU1512
1792:Middlewares/Third_Party/LwIP/src/core/tcp.c ****     if ((u32_t)(tcp_ticks - pcb->tmr) >= inactivity) {
 5057              		.loc 1 1792 12 is_stmt 0 view .LVU1513
 5058 0002 0A4B     		ldr	r3, .L480
 5059 0004 1B68     		ldr	r3, [r3]
 5060              	.LVL475:
1789:Middlewares/Third_Party/LwIP/src/core/tcp.c ****   inactive = NULL;
 5061              		.loc 1 1789 14 view .LVU1514
 5062 0006 4FF0000C 		mov	ip, #0
1790:Middlewares/Third_Party/LwIP/src/core/tcp.c ****   /* Go through the list of TIME_WAIT pcbs and get the oldest pcb. */
 5063              		.loc 1 1790 12 view .LVU1515
 5064 000a 6046     		mov	r0, ip
1792:Middlewares/Third_Party/LwIP/src/core/tcp.c ****     if ((u32_t)(tcp_ticks - pcb->tmr) >= inactivity) {
 5065              		.loc 1 1792 3 view .LVU1516
 5066 000c 00E0     		b	.L473
 5067              	.LVL476:
 5068              	.L474:
1792:Middlewares/Third_Party/LwIP/src/core/tcp.c ****     if ((u32_t)(tcp_ticks - pcb->tmr) >= inactivity) {
 5069              		.loc 1 1792 44 is_stmt 1 discriminator 2 view .LVU1517
 5070 000e DB68     		ldr	r3, [r3, #12]
 5071              	.LVL477:
 5072              	.L473:
1792:Middlewares/Third_Party/LwIP/src/core/tcp.c ****     if ((u32_t)(tcp_ticks - pcb->tmr) >= inactivity) {
 5073              		.loc 1 1792 31 discriminator 1 view .LVU1518
 5074 0010 43B1     		cbz	r3, .L479
ARM GAS  C:\msys64\tmp\cc73uNFg.s 			page 154


1793:Middlewares/Third_Party/LwIP/src/core/tcp.c ****       inactivity = tcp_ticks - pcb->tmr;
 5075              		.loc 1 1793 5 view .LVU1519
1793:Middlewares/Third_Party/LwIP/src/core/tcp.c ****       inactivity = tcp_ticks - pcb->tmr;
 5076              		.loc 1 1793 32 is_stmt 0 view .LVU1520
 5077 0012 196A     		ldr	r1, [r3, #32]
1793:Middlewares/Third_Party/LwIP/src/core/tcp.c ****       inactivity = tcp_ticks - pcb->tmr;
 5078              		.loc 1 1793 27 view .LVU1521
 5079 0014 064A     		ldr	r2, .L480+4
 5080 0016 1268     		ldr	r2, [r2]
 5081 0018 521A     		subs	r2, r2, r1
1793:Middlewares/Third_Party/LwIP/src/core/tcp.c ****       inactivity = tcp_ticks - pcb->tmr;
 5082              		.loc 1 1793 8 view .LVU1522
 5083 001a 6245     		cmp	r2, ip
 5084 001c F7D3     		bcc	.L474
1794:Middlewares/Third_Party/LwIP/src/core/tcp.c ****       inactive = pcb;
 5085              		.loc 1 1794 18 view .LVU1523
 5086 001e 9446     		mov	ip, r2
 5087              	.LVL478:
1795:Middlewares/Third_Party/LwIP/src/core/tcp.c ****     }
 5088              		.loc 1 1795 16 view .LVU1524
 5089 0020 1846     		mov	r0, r3
 5090              	.LVL479:
1795:Middlewares/Third_Party/LwIP/src/core/tcp.c ****     }
 5091              		.loc 1 1795 16 view .LVU1525
 5092 0022 F4E7     		b	.L474
 5093              	.LVL480:
 5094              	.L479:
1798:Middlewares/Third_Party/LwIP/src/core/tcp.c ****     LWIP_DEBUGF(TCP_DEBUG, ("tcp_kill_timewait: killing oldest TIME-WAIT PCB %p (%"S32_F")\n",
 5095              		.loc 1 1798 3 is_stmt 1 view .LVU1526
1798:Middlewares/Third_Party/LwIP/src/core/tcp.c ****     LWIP_DEBUGF(TCP_DEBUG, ("tcp_kill_timewait: killing oldest TIME-WAIT PCB %p (%"S32_F")\n",
 5096              		.loc 1 1798 6 is_stmt 0 view .LVU1527
 5097 0024 08B1     		cbz	r0, .L472
1800:Middlewares/Third_Party/LwIP/src/core/tcp.c ****     tcp_abort(inactive);
 5098              		.loc 1 1800 59 is_stmt 1 view .LVU1528
1801:Middlewares/Third_Party/LwIP/src/core/tcp.c ****   }
 5099              		.loc 1 1801 5 view .LVU1529
 5100 0026 FFF7FEFF 		bl	tcp_abort
 5101              	.LVL481:
 5102              	.L472:
1803:Middlewares/Third_Party/LwIP/src/core/tcp.c **** 
 5103              		.loc 1 1803 1 is_stmt 0 view .LVU1530
 5104 002a 08BD     		pop	{r3, pc}
 5105              	.L481:
 5106              		.align	2
 5107              	.L480:
 5108 002c 00000000 		.word	.LANCHOR10
 5109 0030 00000000 		.word	.LANCHOR5
 5110              		.cfi_endproc
 5111              	.LFE191:
 5113              		.section	.text.tcp_kill_prio,"ax",%progbits
 5114              		.align	1
 5115              		.syntax unified
 5116              		.thumb
 5117              		.thumb_func
 5119              	tcp_kill_prio:
 5120              	.LVL482:
 5121              	.LFB189:
ARM GAS  C:\msys64\tmp\cc73uNFg.s 			page 155


1707:Middlewares/Third_Party/LwIP/src/core/tcp.c ****   struct tcp_pcb *pcb, *inactive;
 5122              		.loc 1 1707 1 is_stmt 1 view -0
 5123              		.cfi_startproc
 5124              		@ args = 0, pretend = 0, frame = 0
 5125              		@ frame_needed = 0, uses_anonymous_args = 0
1708:Middlewares/Third_Party/LwIP/src/core/tcp.c ****   u32_t inactivity;
 5126              		.loc 1 1708 3 view .LVU1532
1709:Middlewares/Third_Party/LwIP/src/core/tcp.c ****   u8_t mprio;
 5127              		.loc 1 1709 3 view .LVU1533
1710:Middlewares/Third_Party/LwIP/src/core/tcp.c **** 
 5128              		.loc 1 1710 3 view .LVU1534
1712:Middlewares/Third_Party/LwIP/src/core/tcp.c **** 
 5129              		.loc 1 1712 3 view .LVU1535
1712:Middlewares/Third_Party/LwIP/src/core/tcp.c **** 
 5130              		.loc 1 1712 9 is_stmt 0 view .LVU1536
 5131 0000 10F0800F 		tst	r0, #128
 5132 0004 01D1     		bne	.L489
 5133              	.LVL483:
1717:Middlewares/Third_Party/LwIP/src/core/tcp.c ****     return;
 5134              		.loc 1 1717 3 is_stmt 1 discriminator 4 view .LVU1537
1717:Middlewares/Third_Party/LwIP/src/core/tcp.c ****     return;
 5135              		.loc 1 1717 6 is_stmt 0 discriminator 4 view .LVU1538
 5136 0006 08B9     		cbnz	r0, .L483
 5137 0008 7047     		bx	lr
 5138              	.LVL484:
 5139              	.L489:
1712:Middlewares/Third_Party/LwIP/src/core/tcp.c **** 
 5140              		.loc 1 1712 9 view .LVU1539
 5141 000a 7F20     		movs	r0, #127
 5142              	.LVL485:
 5143              	.L483:
1707:Middlewares/Third_Party/LwIP/src/core/tcp.c ****   struct tcp_pcb *pcb, *inactive;
 5144              		.loc 1 1707 1 view .LVU1540
 5145 000c 38B5     		push	{r3, r4, r5, lr}
 5146              	.LCFI48:
 5147              		.cfi_def_cfa_offset 16
 5148              		.cfi_offset 3, -16
 5149              		.cfi_offset 4, -12
 5150              		.cfi_offset 5, -8
 5151              		.cfi_offset 14, -4
1726:Middlewares/Third_Party/LwIP/src/core/tcp.c **** 
 5152              		.loc 1 1726 3 is_stmt 1 view .LVU1541
1726:Middlewares/Third_Party/LwIP/src/core/tcp.c **** 
 5153              		.loc 1 1726 8 is_stmt 0 view .LVU1542
 5154 000e 0138     		subs	r0, r0, #1
 5155 0010 C2B2     		uxtb	r2, r0
 5156              	.LVL486:
1728:Middlewares/Third_Party/LwIP/src/core/tcp.c ****   inactive = NULL;
 5157              		.loc 1 1728 3 is_stmt 1 view .LVU1543
1729:Middlewares/Third_Party/LwIP/src/core/tcp.c ****   for (pcb = tcp_active_pcbs; pcb != NULL; pcb = pcb->next) {
 5158              		.loc 1 1729 3 view .LVU1544
1730:Middlewares/Third_Party/LwIP/src/core/tcp.c ****         /* lower prio is always a kill candidate */
 5159              		.loc 1 1730 3 view .LVU1545
1730:Middlewares/Third_Party/LwIP/src/core/tcp.c ****         /* lower prio is always a kill candidate */
 5160              		.loc 1 1730 12 is_stmt 0 view .LVU1546
 5161 0012 0F4B     		ldr	r3, .L494
 5162 0014 1B68     		ldr	r3, [r3]
ARM GAS  C:\msys64\tmp\cc73uNFg.s 			page 156


 5163              	.LVL487:
1728:Middlewares/Third_Party/LwIP/src/core/tcp.c ****   inactive = NULL;
 5164              		.loc 1 1728 14 view .LVU1547
 5165 0016 4FF0000C 		mov	ip, #0
1729:Middlewares/Third_Party/LwIP/src/core/tcp.c ****   for (pcb = tcp_active_pcbs; pcb != NULL; pcb = pcb->next) {
 5166              		.loc 1 1729 12 view .LVU1548
 5167 001a 6046     		mov	r0, ip
1730:Middlewares/Third_Party/LwIP/src/core/tcp.c ****         /* lower prio is always a kill candidate */
 5168              		.loc 1 1730 3 view .LVU1549
 5169 001c 07E0     		b	.L485
 5170              	.LVL488:
 5171              	.L486:
1735:Middlewares/Third_Party/LwIP/src/core/tcp.c ****       inactive   = pcb;
 5172              		.loc 1 1735 7 is_stmt 1 view .LVU1550
1735:Middlewares/Third_Party/LwIP/src/core/tcp.c ****       inactive   = pcb;
 5173              		.loc 1 1735 30 is_stmt 0 view .LVU1551
 5174 001e 0D4A     		ldr	r2, .L494+4
 5175              	.LVL489:
1735:Middlewares/Third_Party/LwIP/src/core/tcp.c ****       inactive   = pcb;
 5176              		.loc 1 1735 30 view .LVU1552
 5177 0020 1268     		ldr	r2, [r2]
1735:Middlewares/Third_Party/LwIP/src/core/tcp.c ****       inactive   = pcb;
 5178              		.loc 1 1735 35 view .LVU1553
 5179 0022 186A     		ldr	r0, [r3, #32]
 5180              	.LVL490:
1735:Middlewares/Third_Party/LwIP/src/core/tcp.c ****       inactive   = pcb;
 5181              		.loc 1 1735 18 view .LVU1554
 5182 0024 A2EB000C 		sub	ip, r2, r0
 5183              	.LVL491:
1736:Middlewares/Third_Party/LwIP/src/core/tcp.c ****       mprio      = pcb->prio;
 5184              		.loc 1 1736 7 is_stmt 1 view .LVU1555
1737:Middlewares/Third_Party/LwIP/src/core/tcp.c ****     }
 5185              		.loc 1 1737 7 view .LVU1556
1737:Middlewares/Third_Party/LwIP/src/core/tcp.c ****     }
 5186              		.loc 1 1737 18 is_stmt 0 view .LVU1557
 5187 0028 0A46     		mov	r2, r1
1736:Middlewares/Third_Party/LwIP/src/core/tcp.c ****       mprio      = pcb->prio;
 5188              		.loc 1 1736 18 view .LVU1558
 5189 002a 1846     		mov	r0, r3
 5190              	.LVL492:
 5191              	.L487:
1730:Middlewares/Third_Party/LwIP/src/core/tcp.c ****         /* lower prio is always a kill candidate */
 5192              		.loc 1 1730 48 is_stmt 1 discriminator 2 view .LVU1559
 5193 002c DB68     		ldr	r3, [r3, #12]
 5194              	.LVL493:
 5195              	.L485:
1730:Middlewares/Third_Party/LwIP/src/core/tcp.c ****         /* lower prio is always a kill candidate */
 5196              		.loc 1 1730 35 discriminator 1 view .LVU1560
 5197 002e 5BB1     		cbz	r3, .L493
1732:Middlewares/Third_Party/LwIP/src/core/tcp.c ****         /* longer inactivity is also a kill candidate */
 5198              		.loc 1 1732 5 view .LVU1561
1732:Middlewares/Third_Party/LwIP/src/core/tcp.c ****         /* longer inactivity is also a kill candidate */
 5199              		.loc 1 1732 13 is_stmt 0 view .LVU1562
 5200 0030 597D     		ldrb	r1, [r3, #21]	@ zero_extendqisi2
1732:Middlewares/Third_Party/LwIP/src/core/tcp.c ****         /* longer inactivity is also a kill candidate */
 5201              		.loc 1 1732 8 view .LVU1563
 5202 0032 9142     		cmp	r1, r2
ARM GAS  C:\msys64\tmp\cc73uNFg.s 			page 157


 5203 0034 F3D3     		bcc	.L486
1732:Middlewares/Third_Party/LwIP/src/core/tcp.c ****         /* longer inactivity is also a kill candidate */
 5204              		.loc 1 1732 29 discriminator 1 view .LVU1564
 5205 0036 F9D1     		bne	.L487
1734:Middlewares/Third_Party/LwIP/src/core/tcp.c ****       inactivity = tcp_ticks - pcb->tmr;
 5206              		.loc 1 1734 53 view .LVU1565
 5207 0038 064C     		ldr	r4, .L494+4
 5208 003a 2468     		ldr	r4, [r4]
 5209 003c 1D6A     		ldr	r5, [r3, #32]
 5210 003e A4EB050E 		sub	lr, r4, r5
1734:Middlewares/Third_Party/LwIP/src/core/tcp.c ****       inactivity = tcp_ticks - pcb->tmr;
 5211              		.loc 1 1734 31 view .LVU1566
 5212 0042 E645     		cmp	lr, ip
 5213 0044 F2D3     		bcc	.L487
 5214 0046 EAE7     		b	.L486
 5215              	.L493:
1740:Middlewares/Third_Party/LwIP/src/core/tcp.c ****     LWIP_DEBUGF(TCP_DEBUG, ("tcp_kill_prio: killing oldest PCB %p (%"S32_F")\n",
 5216              		.loc 1 1740 3 is_stmt 1 view .LVU1567
1740:Middlewares/Third_Party/LwIP/src/core/tcp.c ****     LWIP_DEBUGF(TCP_DEBUG, ("tcp_kill_prio: killing oldest PCB %p (%"S32_F")\n",
 5217              		.loc 1 1740 6 is_stmt 0 view .LVU1568
 5218 0048 08B1     		cbz	r0, .L482
1742:Middlewares/Third_Party/LwIP/src/core/tcp.c ****     tcp_abort(inactive);
 5219              		.loc 1 1742 59 is_stmt 1 view .LVU1569
1743:Middlewares/Third_Party/LwIP/src/core/tcp.c ****   }
 5220              		.loc 1 1743 5 view .LVU1570
 5221 004a FFF7FEFF 		bl	tcp_abort
 5222              	.LVL494:
 5223              	.L482:
1745:Middlewares/Third_Party/LwIP/src/core/tcp.c **** 
 5224              		.loc 1 1745 1 is_stmt 0 view .LVU1571
 5225 004e 38BD     		pop	{r3, r4, r5, pc}
 5226              	.L495:
 5227              		.align	2
 5228              	.L494:
 5229 0050 00000000 		.word	.LANCHOR2
 5230 0054 00000000 		.word	.LANCHOR5
 5231              		.cfi_endproc
 5232              	.LFE189:
 5234              		.section	.rodata.tcp_netif_ip_addr_changed_pcblist.str1.4,"aMS",%progbits,1
 5235              		.align	2
 5236              	.LC45:
 5237 0000 7463705F 		.ascii	"tcp_netif_ip_addr_changed_pcblist: invalid old_addr"
 5237      6E657469 
 5237      665F6970 
 5237      5F616464 
 5237      725F6368 
 5238 0033 00       		.ascii	"\000"
 5239              		.section	.text.tcp_netif_ip_addr_changed_pcblist,"ax",%progbits
 5240              		.align	1
 5241              		.syntax unified
 5242              		.thumb
 5243              		.thumb_func
 5245              	tcp_netif_ip_addr_changed_pcblist:
 5246              	.LVL495:
 5247              	.LFB205:
2208:Middlewares/Third_Party/LwIP/src/core/tcp.c **** 
2209:Middlewares/Third_Party/LwIP/src/core/tcp.c **** /**
ARM GAS  C:\msys64\tmp\cc73uNFg.s 			page 158


2210:Middlewares/Third_Party/LwIP/src/core/tcp.c ****  * Calculates a new initial sequence number for new connections.
2211:Middlewares/Third_Party/LwIP/src/core/tcp.c ****  *
2212:Middlewares/Third_Party/LwIP/src/core/tcp.c ****  * @return u32_t pseudo random sequence number
2213:Middlewares/Third_Party/LwIP/src/core/tcp.c ****  */
2214:Middlewares/Third_Party/LwIP/src/core/tcp.c **** u32_t
2215:Middlewares/Third_Party/LwIP/src/core/tcp.c **** tcp_next_iss(struct tcp_pcb *pcb)
2216:Middlewares/Third_Party/LwIP/src/core/tcp.c **** {
2217:Middlewares/Third_Party/LwIP/src/core/tcp.c **** #ifdef LWIP_HOOK_TCP_ISN
2218:Middlewares/Third_Party/LwIP/src/core/tcp.c ****   LWIP_ASSERT("tcp_next_iss: invalid pcb", pcb != NULL);
2219:Middlewares/Third_Party/LwIP/src/core/tcp.c ****   return LWIP_HOOK_TCP_ISN(&pcb->local_ip, pcb->local_port, &pcb->remote_ip, pcb->remote_port);
2220:Middlewares/Third_Party/LwIP/src/core/tcp.c **** #else /* LWIP_HOOK_TCP_ISN */
2221:Middlewares/Third_Party/LwIP/src/core/tcp.c ****   static u32_t iss = 6510;
2222:Middlewares/Third_Party/LwIP/src/core/tcp.c **** 
2223:Middlewares/Third_Party/LwIP/src/core/tcp.c ****   LWIP_ASSERT("tcp_next_iss: invalid pcb", pcb != NULL);
2224:Middlewares/Third_Party/LwIP/src/core/tcp.c ****   LWIP_UNUSED_ARG(pcb);
2225:Middlewares/Third_Party/LwIP/src/core/tcp.c **** 
2226:Middlewares/Third_Party/LwIP/src/core/tcp.c ****   iss += tcp_ticks;       /* XXX */
2227:Middlewares/Third_Party/LwIP/src/core/tcp.c ****   return iss;
2228:Middlewares/Third_Party/LwIP/src/core/tcp.c **** #endif /* LWIP_HOOK_TCP_ISN */
2229:Middlewares/Third_Party/LwIP/src/core/tcp.c **** }
2230:Middlewares/Third_Party/LwIP/src/core/tcp.c **** 
2231:Middlewares/Third_Party/LwIP/src/core/tcp.c **** #if TCP_CALCULATE_EFF_SEND_MSS
2232:Middlewares/Third_Party/LwIP/src/core/tcp.c **** /**
2233:Middlewares/Third_Party/LwIP/src/core/tcp.c ****  * Calculates the effective send mss that can be used for a specific IP address
2234:Middlewares/Third_Party/LwIP/src/core/tcp.c ****  * by calculating the minimum of TCP_MSS and the mtu (if set) of the target
2235:Middlewares/Third_Party/LwIP/src/core/tcp.c ****  * netif (if not NULL).
2236:Middlewares/Third_Party/LwIP/src/core/tcp.c ****  */
2237:Middlewares/Third_Party/LwIP/src/core/tcp.c **** u16_t
2238:Middlewares/Third_Party/LwIP/src/core/tcp.c **** tcp_eff_send_mss_netif(u16_t sendmss, struct netif *outif, const ip_addr_t *dest)
2239:Middlewares/Third_Party/LwIP/src/core/tcp.c **** {
2240:Middlewares/Third_Party/LwIP/src/core/tcp.c ****   u16_t mss_s;
2241:Middlewares/Third_Party/LwIP/src/core/tcp.c ****   u16_t mtu;
2242:Middlewares/Third_Party/LwIP/src/core/tcp.c **** 
2243:Middlewares/Third_Party/LwIP/src/core/tcp.c ****   LWIP_UNUSED_ARG(dest); /* in case IPv6 is disabled */
2244:Middlewares/Third_Party/LwIP/src/core/tcp.c **** 
2245:Middlewares/Third_Party/LwIP/src/core/tcp.c ****   LWIP_ASSERT("tcp_eff_send_mss_netif: invalid dst_ip", dest != NULL);
2246:Middlewares/Third_Party/LwIP/src/core/tcp.c **** 
2247:Middlewares/Third_Party/LwIP/src/core/tcp.c **** #if LWIP_IPV6
2248:Middlewares/Third_Party/LwIP/src/core/tcp.c **** #if LWIP_IPV4
2249:Middlewares/Third_Party/LwIP/src/core/tcp.c ****   if (IP_IS_V6(dest))
2250:Middlewares/Third_Party/LwIP/src/core/tcp.c **** #endif /* LWIP_IPV4 */
2251:Middlewares/Third_Party/LwIP/src/core/tcp.c ****   {
2252:Middlewares/Third_Party/LwIP/src/core/tcp.c ****     /* First look in destination cache, to see if there is a Path MTU. */
2253:Middlewares/Third_Party/LwIP/src/core/tcp.c ****     mtu = nd6_get_destination_mtu(ip_2_ip6(dest), outif);
2254:Middlewares/Third_Party/LwIP/src/core/tcp.c ****   }
2255:Middlewares/Third_Party/LwIP/src/core/tcp.c **** #if LWIP_IPV4
2256:Middlewares/Third_Party/LwIP/src/core/tcp.c ****   else
2257:Middlewares/Third_Party/LwIP/src/core/tcp.c **** #endif /* LWIP_IPV4 */
2258:Middlewares/Third_Party/LwIP/src/core/tcp.c **** #endif /* LWIP_IPV6 */
2259:Middlewares/Third_Party/LwIP/src/core/tcp.c **** #if LWIP_IPV4
2260:Middlewares/Third_Party/LwIP/src/core/tcp.c ****   {
2261:Middlewares/Third_Party/LwIP/src/core/tcp.c ****     if (outif == NULL) {
2262:Middlewares/Third_Party/LwIP/src/core/tcp.c ****       return sendmss;
2263:Middlewares/Third_Party/LwIP/src/core/tcp.c ****     }
2264:Middlewares/Third_Party/LwIP/src/core/tcp.c ****     mtu = outif->mtu;
2265:Middlewares/Third_Party/LwIP/src/core/tcp.c ****   }
2266:Middlewares/Third_Party/LwIP/src/core/tcp.c **** #endif /* LWIP_IPV4 */
ARM GAS  C:\msys64\tmp\cc73uNFg.s 			page 159


2267:Middlewares/Third_Party/LwIP/src/core/tcp.c **** 
2268:Middlewares/Third_Party/LwIP/src/core/tcp.c ****   if (mtu != 0) {
2269:Middlewares/Third_Party/LwIP/src/core/tcp.c ****     u16_t offset;
2270:Middlewares/Third_Party/LwIP/src/core/tcp.c **** #if LWIP_IPV6
2271:Middlewares/Third_Party/LwIP/src/core/tcp.c **** #if LWIP_IPV4
2272:Middlewares/Third_Party/LwIP/src/core/tcp.c ****     if (IP_IS_V6(dest))
2273:Middlewares/Third_Party/LwIP/src/core/tcp.c **** #endif /* LWIP_IPV4 */
2274:Middlewares/Third_Party/LwIP/src/core/tcp.c ****     {
2275:Middlewares/Third_Party/LwIP/src/core/tcp.c ****       offset = IP6_HLEN + TCP_HLEN;
2276:Middlewares/Third_Party/LwIP/src/core/tcp.c ****     }
2277:Middlewares/Third_Party/LwIP/src/core/tcp.c **** #if LWIP_IPV4
2278:Middlewares/Third_Party/LwIP/src/core/tcp.c ****     else
2279:Middlewares/Third_Party/LwIP/src/core/tcp.c **** #endif /* LWIP_IPV4 */
2280:Middlewares/Third_Party/LwIP/src/core/tcp.c **** #endif /* LWIP_IPV6 */
2281:Middlewares/Third_Party/LwIP/src/core/tcp.c **** #if LWIP_IPV4
2282:Middlewares/Third_Party/LwIP/src/core/tcp.c ****     {
2283:Middlewares/Third_Party/LwIP/src/core/tcp.c ****       offset = IP_HLEN + TCP_HLEN;
2284:Middlewares/Third_Party/LwIP/src/core/tcp.c ****     }
2285:Middlewares/Third_Party/LwIP/src/core/tcp.c **** #endif /* LWIP_IPV4 */
2286:Middlewares/Third_Party/LwIP/src/core/tcp.c ****     mss_s = (mtu > offset) ? (u16_t)(mtu - offset) : 0;
2287:Middlewares/Third_Party/LwIP/src/core/tcp.c ****     /* RFC 1122, chap 4.2.2.6:
2288:Middlewares/Third_Party/LwIP/src/core/tcp.c ****      * Eff.snd.MSS = min(SendMSS+20, MMS_S) - TCPhdrsize - IPoptionsize
2289:Middlewares/Third_Party/LwIP/src/core/tcp.c ****      * We correct for TCP options in tcp_write(), and don't support IP options.
2290:Middlewares/Third_Party/LwIP/src/core/tcp.c ****      */
2291:Middlewares/Third_Party/LwIP/src/core/tcp.c ****     sendmss = LWIP_MIN(sendmss, mss_s);
2292:Middlewares/Third_Party/LwIP/src/core/tcp.c ****   }
2293:Middlewares/Third_Party/LwIP/src/core/tcp.c ****   return sendmss;
2294:Middlewares/Third_Party/LwIP/src/core/tcp.c **** }
2295:Middlewares/Third_Party/LwIP/src/core/tcp.c **** #endif /* TCP_CALCULATE_EFF_SEND_MSS */
2296:Middlewares/Third_Party/LwIP/src/core/tcp.c **** 
2297:Middlewares/Third_Party/LwIP/src/core/tcp.c **** /** Helper function for tcp_netif_ip_addr_changed() that iterates a pcb list */
2298:Middlewares/Third_Party/LwIP/src/core/tcp.c **** static void
2299:Middlewares/Third_Party/LwIP/src/core/tcp.c **** tcp_netif_ip_addr_changed_pcblist(const ip_addr_t *old_addr, struct tcp_pcb *pcb_list)
2300:Middlewares/Third_Party/LwIP/src/core/tcp.c **** {
 5248              		.loc 1 2300 1 is_stmt 1 view -0
 5249              		.cfi_startproc
 5250              		@ args = 0, pretend = 0, frame = 0
 5251              		@ frame_needed = 0, uses_anonymous_args = 0
 5252              		.loc 1 2300 1 is_stmt 0 view .LVU1573
 5253 0000 70B5     		push	{r4, r5, r6, lr}
 5254              	.LCFI49:
 5255              		.cfi_def_cfa_offset 16
 5256              		.cfi_offset 4, -16
 5257              		.cfi_offset 5, -12
 5258              		.cfi_offset 6, -8
 5259              		.cfi_offset 14, -4
 5260 0002 0C46     		mov	r4, r1
2301:Middlewares/Third_Party/LwIP/src/core/tcp.c ****   struct tcp_pcb *pcb;
 5261              		.loc 1 2301 3 is_stmt 1 view .LVU1574
2302:Middlewares/Third_Party/LwIP/src/core/tcp.c ****   pcb = pcb_list;
 5262              		.loc 1 2302 3 view .LVU1575
 5263              	.LVL496:
2303:Middlewares/Third_Party/LwIP/src/core/tcp.c **** 
2304:Middlewares/Third_Party/LwIP/src/core/tcp.c ****   LWIP_ASSERT("tcp_netif_ip_addr_changed_pcblist: invalid old_addr", old_addr != NULL);
 5264              		.loc 1 2304 3 view .LVU1576
 5265              		.loc 1 2304 3 view .LVU1577
 5266 0004 0546     		mov	r5, r0
ARM GAS  C:\msys64\tmp\cc73uNFg.s 			page 160


 5267 0006 60B9     		cbnz	r0, .L498
 5268              		.loc 1 2304 3 discriminator 1 view .LVU1578
 5269              		.loc 1 2304 3 discriminator 1 view .LVU1579
 5270 0008 0A4B     		ldr	r3, .L505
 5271 000a 4FF41062 		mov	r2, #2304
 5272 000e 0A49     		ldr	r1, .L505+4
 5273              	.LVL497:
 5274              		.loc 1 2304 3 is_stmt 0 discriminator 1 view .LVU1580
 5275 0010 0A48     		ldr	r0, .L505+8
 5276              	.LVL498:
 5277              		.loc 1 2304 3 discriminator 1 view .LVU1581
 5278 0012 FFF7FEFF 		bl	printf
 5279              	.LVL499:
 5280 0016 04E0     		b	.L498
 5281              	.LVL500:
 5282              	.L504:
 5283              	.LBB34:
2305:Middlewares/Third_Party/LwIP/src/core/tcp.c **** 
2306:Middlewares/Third_Party/LwIP/src/core/tcp.c ****   while (pcb != NULL) {
2307:Middlewares/Third_Party/LwIP/src/core/tcp.c ****     /* PCB bound to current local interface address? */
2308:Middlewares/Third_Party/LwIP/src/core/tcp.c ****     if (ip_addr_cmp(&pcb->local_ip, old_addr)
2309:Middlewares/Third_Party/LwIP/src/core/tcp.c **** #if LWIP_AUTOIP
2310:Middlewares/Third_Party/LwIP/src/core/tcp.c ****         /* connections to link-local addresses must persist (RFC3927 ch. 1.9) */
2311:Middlewares/Third_Party/LwIP/src/core/tcp.c ****         && (!IP_IS_V4_VAL(pcb->local_ip) || !ip4_addr_islinklocal(ip_2_ip4(&pcb->local_ip)))
2312:Middlewares/Third_Party/LwIP/src/core/tcp.c **** #endif /* LWIP_AUTOIP */
2313:Middlewares/Third_Party/LwIP/src/core/tcp.c ****        ) {
2314:Middlewares/Third_Party/LwIP/src/core/tcp.c ****       /* this connection must be aborted */
2315:Middlewares/Third_Party/LwIP/src/core/tcp.c ****       struct tcp_pcb *next = pcb->next;
 5284              		.loc 1 2315 7 is_stmt 1 view .LVU1582
 5285              		.loc 1 2315 23 is_stmt 0 view .LVU1583
 5286 0018 E668     		ldr	r6, [r4, #12]
 5287              	.LVL501:
2316:Middlewares/Third_Party/LwIP/src/core/tcp.c ****       LWIP_DEBUGF(NETIF_DEBUG | LWIP_DBG_STATE, ("netif_set_ipaddr: aborting TCP pcb %p\n", (void *
 5288              		.loc 1 2316 106 is_stmt 1 view .LVU1584
2317:Middlewares/Third_Party/LwIP/src/core/tcp.c ****       tcp_abort(pcb);
 5289              		.loc 1 2317 7 view .LVU1585
 5290 001a 2046     		mov	r0, r4
 5291 001c FFF7FEFF 		bl	tcp_abort
 5292              	.LVL502:
2318:Middlewares/Third_Party/LwIP/src/core/tcp.c ****       pcb = next;
 5293              		.loc 1 2318 7 view .LVU1586
 5294              		.loc 1 2318 11 is_stmt 0 view .LVU1587
 5295 0020 3446     		mov	r4, r6
 5296              	.LVL503:
 5297              	.L498:
 5298              		.loc 1 2318 11 view .LVU1588
 5299              	.LBE34:
2306:Middlewares/Third_Party/LwIP/src/core/tcp.c ****     /* PCB bound to current local interface address? */
 5300              		.loc 1 2306 14 is_stmt 1 view .LVU1589
 5301 0022 2CB1     		cbz	r4, .L503
2308:Middlewares/Third_Party/LwIP/src/core/tcp.c **** #if LWIP_AUTOIP
 5302              		.loc 1 2308 5 view .LVU1590
2308:Middlewares/Third_Party/LwIP/src/core/tcp.c **** #if LWIP_AUTOIP
 5303              		.loc 1 2308 9 is_stmt 0 view .LVU1591
 5304 0024 2268     		ldr	r2, [r4]
 5305 0026 2B68     		ldr	r3, [r5]
2308:Middlewares/Third_Party/LwIP/src/core/tcp.c **** #if LWIP_AUTOIP
ARM GAS  C:\msys64\tmp\cc73uNFg.s 			page 161


 5306              		.loc 1 2308 8 view .LVU1592
 5307 0028 9A42     		cmp	r2, r3
 5308 002a F5D0     		beq	.L504
2319:Middlewares/Third_Party/LwIP/src/core/tcp.c ****     } else {
2320:Middlewares/Third_Party/LwIP/src/core/tcp.c ****       pcb = pcb->next;
 5309              		.loc 1 2320 7 is_stmt 1 view .LVU1593
 5310              		.loc 1 2320 11 is_stmt 0 view .LVU1594
 5311 002c E468     		ldr	r4, [r4, #12]
 5312              	.LVL504:
 5313              		.loc 1 2320 11 view .LVU1595
 5314 002e F8E7     		b	.L498
 5315              	.L503:
2321:Middlewares/Third_Party/LwIP/src/core/tcp.c ****     }
2322:Middlewares/Third_Party/LwIP/src/core/tcp.c ****   }
2323:Middlewares/Third_Party/LwIP/src/core/tcp.c **** }
 5316              		.loc 1 2323 1 view .LVU1596
 5317 0030 70BD     		pop	{r4, r5, r6, pc}
 5318              	.LVL505:
 5319              	.L506:
 5320              		.loc 1 2323 1 view .LVU1597
 5321 0032 00BF     		.align	2
 5322              	.L505:
 5323 0034 00000000 		.word	.LC0
 5324 0038 00000000 		.word	.LC45
 5325 003c 54000000 		.word	.LC2
 5326              		.cfi_endproc
 5327              	.LFE205:
 5329              		.section	.rodata.tcp_kill_state.str1.4,"aMS",%progbits,1
 5330              		.align	2
 5331              	.LC46:
 5332 0000 696E7661 		.ascii	"invalid state\000"
 5332      6C696420 
 5332      73746174 
 5332      6500
 5333              		.section	.text.tcp_kill_state,"ax",%progbits
 5334              		.align	1
 5335              		.syntax unified
 5336              		.thumb
 5337              		.thumb_func
 5339              	tcp_kill_state:
 5340              	.LVL506:
 5341              	.LFB190:
1753:Middlewares/Third_Party/LwIP/src/core/tcp.c ****   struct tcp_pcb *pcb, *inactive;
 5342              		.loc 1 1753 1 is_stmt 1 view -0
 5343              		.cfi_startproc
 5344              		@ args = 0, pretend = 0, frame = 0
 5345              		@ frame_needed = 0, uses_anonymous_args = 0
1753:Middlewares/Third_Party/LwIP/src/core/tcp.c ****   struct tcp_pcb *pcb, *inactive;
 5346              		.loc 1 1753 1 is_stmt 0 view .LVU1599
 5347 0000 38B5     		push	{r3, r4, r5, lr}
 5348              	.LCFI50:
 5349              		.cfi_def_cfa_offset 16
 5350              		.cfi_offset 3, -16
 5351              		.cfi_offset 4, -12
 5352              		.cfi_offset 5, -8
 5353              		.cfi_offset 14, -4
 5354 0002 0446     		mov	r4, r0
ARM GAS  C:\msys64\tmp\cc73uNFg.s 			page 162


1754:Middlewares/Third_Party/LwIP/src/core/tcp.c ****   u32_t inactivity;
 5355              		.loc 1 1754 3 is_stmt 1 view .LVU1600
1755:Middlewares/Third_Party/LwIP/src/core/tcp.c **** 
 5356              		.loc 1 1755 3 view .LVU1601
1757:Middlewares/Third_Party/LwIP/src/core/tcp.c **** 
 5357              		.loc 1 1757 3 view .LVU1602
1757:Middlewares/Third_Party/LwIP/src/core/tcp.c **** 
 5358              		.loc 1 1757 3 view .LVU1603
 5359 0004 A0F10803 		sub	r3, r0, #8
 5360 0008 DBB2     		uxtb	r3, r3
 5361 000a 012B     		cmp	r3, #1
 5362 000c 04D8     		bhi	.L515
 5363              	.LVL507:
 5364              	.L508:
1757:Middlewares/Third_Party/LwIP/src/core/tcp.c **** 
 5365              		.loc 1 1757 3 discriminator 3 view .LVU1604
1757:Middlewares/Third_Party/LwIP/src/core/tcp.c **** 
 5366              		.loc 1 1757 3 discriminator 3 view .LVU1605
1759:Middlewares/Third_Party/LwIP/src/core/tcp.c ****   inactive = NULL;
 5367              		.loc 1 1759 3 discriminator 3 view .LVU1606
1760:Middlewares/Third_Party/LwIP/src/core/tcp.c ****   /* Go through the list of active pcbs and get the oldest pcb that is in state
 5368              		.loc 1 1760 3 discriminator 3 view .LVU1607
1763:Middlewares/Third_Party/LwIP/src/core/tcp.c ****     if (pcb->state == state) {
 5369              		.loc 1 1763 3 discriminator 3 view .LVU1608
1763:Middlewares/Third_Party/LwIP/src/core/tcp.c ****     if (pcb->state == state) {
 5370              		.loc 1 1763 12 is_stmt 0 discriminator 3 view .LVU1609
 5371 000e 104B     		ldr	r3, .L517
 5372 0010 1B68     		ldr	r3, [r3]
 5373              	.LVL508:
1759:Middlewares/Third_Party/LwIP/src/core/tcp.c ****   inactive = NULL;
 5374              		.loc 1 1759 14 discriminator 3 view .LVU1610
 5375 0012 0021     		movs	r1, #0
1760:Middlewares/Third_Party/LwIP/src/core/tcp.c ****   /* Go through the list of active pcbs and get the oldest pcb that is in state
 5376              		.loc 1 1760 12 discriminator 3 view .LVU1611
 5377 0014 0846     		mov	r0, r1
1763:Middlewares/Third_Party/LwIP/src/core/tcp.c ****     if (pcb->state == state) {
 5378              		.loc 1 1763 3 discriminator 3 view .LVU1612
 5379 0016 08E0     		b	.L509
 5380              	.LVL509:
 5381              	.L515:
1757:Middlewares/Third_Party/LwIP/src/core/tcp.c **** 
 5382              		.loc 1 1757 3 is_stmt 1 discriminator 1 view .LVU1613
1757:Middlewares/Third_Party/LwIP/src/core/tcp.c **** 
 5383              		.loc 1 1757 3 discriminator 1 view .LVU1614
 5384 0018 0E4B     		ldr	r3, .L517+4
 5385 001a 40F2DD62 		movw	r2, #1757
 5386 001e 0E49     		ldr	r1, .L517+8
 5387 0020 0E48     		ldr	r0, .L517+12
 5388              	.LVL510:
1757:Middlewares/Third_Party/LwIP/src/core/tcp.c **** 
 5389              		.loc 1 1757 3 is_stmt 0 discriminator 1 view .LVU1615
 5390 0022 FFF7FEFF 		bl	printf
 5391              	.LVL511:
 5392 0026 F2E7     		b	.L508
 5393              	.LVL512:
 5394              	.L510:
1763:Middlewares/Third_Party/LwIP/src/core/tcp.c ****     if (pcb->state == state) {
ARM GAS  C:\msys64\tmp\cc73uNFg.s 			page 163


 5395              		.loc 1 1763 48 is_stmt 1 discriminator 2 view .LVU1616
 5396 0028 DB68     		ldr	r3, [r3, #12]
 5397              	.LVL513:
 5398              	.L509:
1763:Middlewares/Third_Party/LwIP/src/core/tcp.c ****     if (pcb->state == state) {
 5399              		.loc 1 1763 35 discriminator 1 view .LVU1617
 5400 002a 5BB1     		cbz	r3, .L516
1764:Middlewares/Third_Party/LwIP/src/core/tcp.c ****       if ((u32_t)(tcp_ticks - pcb->tmr) >= inactivity) {
 5401              		.loc 1 1764 5 view .LVU1618
1764:Middlewares/Third_Party/LwIP/src/core/tcp.c ****       if ((u32_t)(tcp_ticks - pcb->tmr) >= inactivity) {
 5402              		.loc 1 1764 12 is_stmt 0 view .LVU1619
 5403 002c 1A7D     		ldrb	r2, [r3, #20]	@ zero_extendqisi2
1764:Middlewares/Third_Party/LwIP/src/core/tcp.c ****       if ((u32_t)(tcp_ticks - pcb->tmr) >= inactivity) {
 5404              		.loc 1 1764 8 view .LVU1620
 5405 002e A242     		cmp	r2, r4
 5406 0030 FAD1     		bne	.L510
1765:Middlewares/Third_Party/LwIP/src/core/tcp.c ****         inactivity = tcp_ticks - pcb->tmr;
 5407              		.loc 1 1765 7 is_stmt 1 view .LVU1621
1765:Middlewares/Third_Party/LwIP/src/core/tcp.c ****         inactivity = tcp_ticks - pcb->tmr;
 5408              		.loc 1 1765 29 is_stmt 0 view .LVU1622
 5409 0032 0B4A     		ldr	r2, .L517+16
 5410 0034 1268     		ldr	r2, [r2]
 5411 0036 1D6A     		ldr	r5, [r3, #32]
 5412 0038 521B     		subs	r2, r2, r5
1765:Middlewares/Third_Party/LwIP/src/core/tcp.c ****         inactivity = tcp_ticks - pcb->tmr;
 5413              		.loc 1 1765 10 view .LVU1623
 5414 003a 8A42     		cmp	r2, r1
 5415 003c F4D3     		bcc	.L510
1766:Middlewares/Third_Party/LwIP/src/core/tcp.c ****         inactive = pcb;
 5416              		.loc 1 1766 20 view .LVU1624
 5417 003e 1146     		mov	r1, r2
 5418              	.LVL514:
1767:Middlewares/Third_Party/LwIP/src/core/tcp.c ****       }
 5419              		.loc 1 1767 18 view .LVU1625
 5420 0040 1846     		mov	r0, r3
 5421              	.LVL515:
1767:Middlewares/Third_Party/LwIP/src/core/tcp.c ****       }
 5422              		.loc 1 1767 18 view .LVU1626
 5423 0042 F1E7     		b	.L510
 5424              	.LVL516:
 5425              	.L516:
1771:Middlewares/Third_Party/LwIP/src/core/tcp.c ****     LWIP_DEBUGF(TCP_DEBUG, ("tcp_kill_closing: killing oldest %s PCB %p (%"S32_F")\n",
 5426              		.loc 1 1771 3 is_stmt 1 view .LVU1627
1771:Middlewares/Third_Party/LwIP/src/core/tcp.c ****     LWIP_DEBUGF(TCP_DEBUG, ("tcp_kill_closing: killing oldest %s PCB %p (%"S32_F")\n",
 5427              		.loc 1 1771 6 is_stmt 0 view .LVU1628
 5428 0044 10B1     		cbz	r0, .L507
1773:Middlewares/Third_Party/LwIP/src/core/tcp.c ****     /* Don't send a RST, since no data is lost. */
 5429              		.loc 1 1773 81 is_stmt 1 view .LVU1629
1775:Middlewares/Third_Party/LwIP/src/core/tcp.c ****   }
 5430              		.loc 1 1775 5 view .LVU1630
 5431 0046 0021     		movs	r1, #0
 5432              	.LVL517:
1775:Middlewares/Third_Party/LwIP/src/core/tcp.c ****   }
 5433              		.loc 1 1775 5 is_stmt 0 view .LVU1631
 5434 0048 FFF7FEFF 		bl	tcp_abandon
 5435              	.LVL518:
 5436              	.L507:
ARM GAS  C:\msys64\tmp\cc73uNFg.s 			page 164


1777:Middlewares/Third_Party/LwIP/src/core/tcp.c **** 
 5437              		.loc 1 1777 1 view .LVU1632
 5438 004c 38BD     		pop	{r3, r4, r5, pc}
 5439              	.L518:
 5440 004e 00BF     		.align	2
 5441              	.L517:
 5442 0050 00000000 		.word	.LANCHOR2
 5443 0054 00000000 		.word	.LC0
 5444 0058 00000000 		.word	.LC46
 5445 005c 54000000 		.word	.LC2
 5446 0060 00000000 		.word	.LANCHOR5
 5447              		.cfi_endproc
 5448              	.LFE190:
 5450              		.section	.text.tcp_alloc,"ax",%progbits
 5451              		.align	1
 5452              		.global	tcp_alloc
 5453              		.syntax unified
 5454              		.thumb
 5455              		.thumb_func
 5457              	tcp_alloc:
 5458              	.LVL519:
 5459              	.LFB193:
1835:Middlewares/Third_Party/LwIP/src/core/tcp.c ****   struct tcp_pcb *pcb;
 5460              		.loc 1 1835 1 is_stmt 1 view -0
 5461              		.cfi_startproc
 5462              		@ args = 0, pretend = 0, frame = 0
 5463              		@ frame_needed = 0, uses_anonymous_args = 0
1835:Middlewares/Third_Party/LwIP/src/core/tcp.c ****   struct tcp_pcb *pcb;
 5464              		.loc 1 1835 1 is_stmt 0 view .LVU1634
 5465 0000 38B5     		push	{r3, r4, r5, lr}
 5466              	.LCFI51:
 5467              		.cfi_def_cfa_offset 16
 5468              		.cfi_offset 3, -16
 5469              		.cfi_offset 4, -12
 5470              		.cfi_offset 5, -8
 5471              		.cfi_offset 14, -4
 5472 0002 0546     		mov	r5, r0
1836:Middlewares/Third_Party/LwIP/src/core/tcp.c **** 
 5473              		.loc 1 1836 3 is_stmt 1 view .LVU1635
1838:Middlewares/Third_Party/LwIP/src/core/tcp.c **** 
 5474              		.loc 1 1838 28 view .LVU1636
1840:Middlewares/Third_Party/LwIP/src/core/tcp.c ****   if (pcb == NULL) {
 5475              		.loc 1 1840 3 view .LVU1637
1840:Middlewares/Third_Party/LwIP/src/core/tcp.c ****   if (pcb == NULL) {
 5476              		.loc 1 1840 27 is_stmt 0 view .LVU1638
 5477 0004 0120     		movs	r0, #1
 5478              	.LVL520:
1840:Middlewares/Third_Party/LwIP/src/core/tcp.c ****   if (pcb == NULL) {
 5479              		.loc 1 1840 27 view .LVU1639
 5480 0006 FFF7FEFF 		bl	memp_malloc
 5481              	.LVL521:
1841:Middlewares/Third_Party/LwIP/src/core/tcp.c ****     /* Try to send FIN for all pcbs stuck in TF_CLOSEPEND first */
 5482              		.loc 1 1841 3 is_stmt 1 view .LVU1640
1841:Middlewares/Third_Party/LwIP/src/core/tcp.c ****     /* Try to send FIN for all pcbs stuck in TF_CLOSEPEND first */
 5483              		.loc 1 1841 6 is_stmt 0 view .LVU1641
 5484 000a 0446     		mov	r4, r0
 5485 000c 68B3     		cbz	r0, .L523
ARM GAS  C:\msys64\tmp\cc73uNFg.s 			page 165


 5486              	.L520:
1885:Middlewares/Third_Party/LwIP/src/core/tcp.c ****     }
 5487              		.loc 1 1885 40 is_stmt 1 view .LVU1642
1888:Middlewares/Third_Party/LwIP/src/core/tcp.c ****     /* zero out the whole pcb, so there is no need to initialize members to zero */
 5488              		.loc 1 1888 3 view .LVU1643
1888:Middlewares/Third_Party/LwIP/src/core/tcp.c ****     /* zero out the whole pcb, so there is no need to initialize members to zero */
 5489              		.loc 1 1888 6 is_stmt 0 view .LVU1644
 5490 000e 54B3     		cbz	r4, .L519
1890:Middlewares/Third_Party/LwIP/src/core/tcp.c ****     pcb->prio = prio;
 5491              		.loc 1 1890 5 is_stmt 1 view .LVU1645
 5492 0010 9822     		movs	r2, #152
 5493 0012 0021     		movs	r1, #0
 5494 0014 2046     		mov	r0, r4
1890:Middlewares/Third_Party/LwIP/src/core/tcp.c ****     pcb->prio = prio;
 5495              		.loc 1 1890 5 is_stmt 0 view .LVU1646
 5496 0016 FFF7FEFF 		bl	memset
 5497              	.LVL522:
1891:Middlewares/Third_Party/LwIP/src/core/tcp.c ****     pcb->snd_buf = TCP_SND_BUF;
 5498              		.loc 1 1891 5 is_stmt 1 view .LVU1647
1891:Middlewares/Third_Party/LwIP/src/core/tcp.c ****     pcb->snd_buf = TCP_SND_BUF;
 5499              		.loc 1 1891 15 is_stmt 0 view .LVU1648
 5500 001a 6575     		strb	r5, [r4, #21]
1892:Middlewares/Third_Party/LwIP/src/core/tcp.c ****     /* Start with a window that does not need scaling. When window scaling is
 5501              		.loc 1 1892 5 is_stmt 1 view .LVU1649
1892:Middlewares/Third_Party/LwIP/src/core/tcp.c ****     /* Start with a window that does not need scaling. When window scaling is
 5502              		.loc 1 1892 18 is_stmt 0 view .LVU1650
 5503 001c 42F6A053 		movw	r3, #11680
 5504 0020 A4F86430 		strh	r3, [r4, #100]	@ movhi
1895:Middlewares/Third_Party/LwIP/src/core/tcp.c ****     pcb->ttl = TCP_TTL;
 5505              		.loc 1 1895 5 is_stmt 1 view .LVU1651
1895:Middlewares/Third_Party/LwIP/src/core/tcp.c ****     pcb->ttl = TCP_TTL;
 5506              		.loc 1 1895 37 is_stmt 0 view .LVU1652
 5507 0024 41F2D062 		movw	r2, #5840
 5508 0028 6285     		strh	r2, [r4, #42]	@ movhi
1895:Middlewares/Third_Party/LwIP/src/core/tcp.c ****     pcb->ttl = TCP_TTL;
 5509              		.loc 1 1895 18 view .LVU1653
 5510 002a 2285     		strh	r2, [r4, #40]	@ movhi
1896:Middlewares/Third_Party/LwIP/src/core/tcp.c ****     /* As initial send MSS, we use TCP_MSS but limit it to 536.
 5511              		.loc 1 1896 5 is_stmt 1 view .LVU1654
1896:Middlewares/Third_Party/LwIP/src/core/tcp.c ****     /* As initial send MSS, we use TCP_MSS but limit it to 536.
 5512              		.loc 1 1896 14 is_stmt 0 view .LVU1655
 5513 002c FF22     		movs	r2, #255
 5514 002e E272     		strb	r2, [r4, #11]
1899:Middlewares/Third_Party/LwIP/src/core/tcp.c ****     pcb->rto = 3000 / TCP_SLOW_INTERVAL;
 5515              		.loc 1 1899 5 is_stmt 1 view .LVU1656
1899:Middlewares/Third_Party/LwIP/src/core/tcp.c ****     pcb->rto = 3000 / TCP_SLOW_INTERVAL;
 5516              		.loc 1 1899 14 is_stmt 0 view .LVU1657
 5517 0030 4FF40672 		mov	r2, #536
 5518 0034 6286     		strh	r2, [r4, #50]	@ movhi
1900:Middlewares/Third_Party/LwIP/src/core/tcp.c ****     pcb->sv = 3000 / TCP_SLOW_INTERVAL;
 5519              		.loc 1 1900 5 is_stmt 1 view .LVU1658
1900:Middlewares/Third_Party/LwIP/src/core/tcp.c ****     pcb->sv = 3000 / TCP_SLOW_INTERVAL;
 5520              		.loc 1 1900 14 is_stmt 0 view .LVU1659
 5521 0036 0622     		movs	r2, #6
 5522 0038 A4F84020 		strh	r2, [r4, #64]	@ movhi
1901:Middlewares/Third_Party/LwIP/src/core/tcp.c ****     pcb->rtime = -1;
 5523              		.loc 1 1901 5 is_stmt 1 view .LVU1660
ARM GAS  C:\msys64\tmp\cc73uNFg.s 			page 166


1901:Middlewares/Third_Party/LwIP/src/core/tcp.c ****     pcb->rtime = -1;
 5524              		.loc 1 1901 13 is_stmt 0 view .LVU1661
 5525 003c E287     		strh	r2, [r4, #62]	@ movhi
1902:Middlewares/Third_Party/LwIP/src/core/tcp.c ****     pcb->cwnd = 1;
 5526              		.loc 1 1902 5 is_stmt 1 view .LVU1662
1902:Middlewares/Third_Party/LwIP/src/core/tcp.c ****     pcb->cwnd = 1;
 5527              		.loc 1 1902 16 is_stmt 0 view .LVU1663
 5528 003e 4FF6FF72 		movw	r2, #65535
 5529 0042 2286     		strh	r2, [r4, #48]	@ movhi
1903:Middlewares/Third_Party/LwIP/src/core/tcp.c ****     pcb->tmr = tcp_ticks;
 5530              		.loc 1 1903 5 is_stmt 1 view .LVU1664
1903:Middlewares/Third_Party/LwIP/src/core/tcp.c ****     pcb->tmr = tcp_ticks;
 5531              		.loc 1 1903 15 is_stmt 0 view .LVU1665
 5532 0044 0122     		movs	r2, #1
 5533 0046 A4F84820 		strh	r2, [r4, #72]	@ movhi
1904:Middlewares/Third_Party/LwIP/src/core/tcp.c ****     pcb->last_timer = tcp_timer_ctr;
 5534              		.loc 1 1904 5 is_stmt 1 view .LVU1666
1904:Middlewares/Third_Party/LwIP/src/core/tcp.c ****     pcb->last_timer = tcp_timer_ctr;
 5535              		.loc 1 1904 14 is_stmt 0 view .LVU1667
 5536 004a 1A4A     		ldr	r2, .L524
 5537 004c 1268     		ldr	r2, [r2]
 5538 004e 2262     		str	r2, [r4, #32]
1905:Middlewares/Third_Party/LwIP/src/core/tcp.c **** 
 5539              		.loc 1 1905 5 is_stmt 1 view .LVU1668
1905:Middlewares/Third_Party/LwIP/src/core/tcp.c **** 
 5540              		.loc 1 1905 21 is_stmt 0 view .LVU1669
 5541 0050 194A     		ldr	r2, .L524+4
 5542 0052 1278     		ldrb	r2, [r2]	@ zero_extendqisi2
 5543 0054 A277     		strb	r2, [r4, #30]
1913:Middlewares/Third_Party/LwIP/src/core/tcp.c **** 
 5544              		.loc 1 1913 5 is_stmt 1 view .LVU1670
1913:Middlewares/Third_Party/LwIP/src/core/tcp.c **** 
 5545              		.loc 1 1913 19 is_stmt 0 view .LVU1671
 5546 0056 A4F84A30 		strh	r3, [r4, #74]	@ movhi
1916:Middlewares/Third_Party/LwIP/src/core/tcp.c **** #endif /* LWIP_CALLBACK_API */
 5547              		.loc 1 1916 5 is_stmt 1 view .LVU1672
1916:Middlewares/Third_Party/LwIP/src/core/tcp.c **** #endif /* LWIP_CALLBACK_API */
 5548              		.loc 1 1916 15 is_stmt 0 view .LVU1673
 5549 005a 184B     		ldr	r3, .L524+8
 5550 005c C4F88030 		str	r3, [r4, #128]
1920:Middlewares/Third_Party/LwIP/src/core/tcp.c **** 
 5551              		.loc 1 1920 5 is_stmt 1 view .LVU1674
1920:Middlewares/Third_Party/LwIP/src/core/tcp.c **** 
 5552              		.loc 1 1920 21 is_stmt 0 view .LVU1675
 5553 0060 174B     		ldr	r3, .L524+12
 5554 0062 C4F89030 		str	r3, [r4, #144]
1927:Middlewares/Third_Party/LwIP/src/core/tcp.c **** }
 5555              		.loc 1 1927 3 is_stmt 1 view .LVU1676
 5556              	.L519:
1928:Middlewares/Third_Party/LwIP/src/core/tcp.c **** 
 5557              		.loc 1 1928 1 is_stmt 0 view .LVU1677
 5558 0066 2046     		mov	r0, r4
 5559 0068 38BD     		pop	{r3, r4, r5, pc}
 5560              	.LVL523:
 5561              	.L523:
1843:Middlewares/Third_Party/LwIP/src/core/tcp.c **** 
 5562              		.loc 1 1843 5 is_stmt 1 view .LVU1678
ARM GAS  C:\msys64\tmp\cc73uNFg.s 			page 167


 5563 006a FFF7FEFF 		bl	tcp_handle_closepend
 5564              	.LVL524:
1846:Middlewares/Third_Party/LwIP/src/core/tcp.c ****     tcp_kill_timewait();
 5565              		.loc 1 1846 85 view .LVU1679
1847:Middlewares/Third_Party/LwIP/src/core/tcp.c ****     /* Try to allocate a tcp_pcb again. */
 5566              		.loc 1 1847 5 view .LVU1680
 5567 006e FFF7FEFF 		bl	tcp_kill_timewait
 5568              	.LVL525:
1849:Middlewares/Third_Party/LwIP/src/core/tcp.c ****     if (pcb == NULL) {
 5569              		.loc 1 1849 5 view .LVU1681
1849:Middlewares/Third_Party/LwIP/src/core/tcp.c ****     if (pcb == NULL) {
 5570              		.loc 1 1849 29 is_stmt 0 view .LVU1682
 5571 0072 0120     		movs	r0, #1
 5572 0074 FFF7FEFF 		bl	memp_malloc
 5573              	.LVL526:
1850:Middlewares/Third_Party/LwIP/src/core/tcp.c ****       /* Try killing oldest connection in LAST-ACK (these wouldn't go to TIME-WAIT). */
 5574              		.loc 1 1850 5 is_stmt 1 view .LVU1683
1850:Middlewares/Third_Party/LwIP/src/core/tcp.c ****       /* Try killing oldest connection in LAST-ACK (these wouldn't go to TIME-WAIT). */
 5575              		.loc 1 1850 8 is_stmt 0 view .LVU1684
 5576 0078 0446     		mov	r4, r0
 5577 007a 0028     		cmp	r0, #0
 5578 007c C7D1     		bne	.L520
1852:Middlewares/Third_Party/LwIP/src/core/tcp.c ****       tcp_kill_state(LAST_ACK);
 5579              		.loc 1 1852 86 is_stmt 1 view .LVU1685
1853:Middlewares/Third_Party/LwIP/src/core/tcp.c ****       /* Try to allocate a tcp_pcb again. */
 5580              		.loc 1 1853 7 view .LVU1686
 5581 007e 0920     		movs	r0, #9
 5582              	.LVL527:
1853:Middlewares/Third_Party/LwIP/src/core/tcp.c ****       /* Try to allocate a tcp_pcb again. */
 5583              		.loc 1 1853 7 is_stmt 0 view .LVU1687
 5584 0080 FFF7FEFF 		bl	tcp_kill_state
 5585              	.LVL528:
1855:Middlewares/Third_Party/LwIP/src/core/tcp.c ****       if (pcb == NULL) {
 5586              		.loc 1 1855 7 is_stmt 1 view .LVU1688
1855:Middlewares/Third_Party/LwIP/src/core/tcp.c ****       if (pcb == NULL) {
 5587              		.loc 1 1855 31 is_stmt 0 view .LVU1689
 5588 0084 0120     		movs	r0, #1
 5589 0086 FFF7FEFF 		bl	memp_malloc
 5590              	.LVL529:
1856:Middlewares/Third_Party/LwIP/src/core/tcp.c ****         /* Try killing oldest connection in CLOSING. */
 5591              		.loc 1 1856 7 is_stmt 1 view .LVU1690
1856:Middlewares/Third_Party/LwIP/src/core/tcp.c ****         /* Try killing oldest connection in CLOSING. */
 5592              		.loc 1 1856 10 is_stmt 0 view .LVU1691
 5593 008a 0446     		mov	r4, r0
 5594 008c 0028     		cmp	r0, #0
 5595 008e BED1     		bne	.L520
1858:Middlewares/Third_Party/LwIP/src/core/tcp.c ****         tcp_kill_state(CLOSING);
 5596              		.loc 1 1858 87 is_stmt 1 view .LVU1692
1859:Middlewares/Third_Party/LwIP/src/core/tcp.c ****         /* Try to allocate a tcp_pcb again. */
 5597              		.loc 1 1859 9 view .LVU1693
 5598 0090 0820     		movs	r0, #8
 5599              	.LVL530:
1859:Middlewares/Third_Party/LwIP/src/core/tcp.c ****         /* Try to allocate a tcp_pcb again. */
 5600              		.loc 1 1859 9 is_stmt 0 view .LVU1694
 5601 0092 FFF7FEFF 		bl	tcp_kill_state
 5602              	.LVL531:
1861:Middlewares/Third_Party/LwIP/src/core/tcp.c ****         if (pcb == NULL) {
ARM GAS  C:\msys64\tmp\cc73uNFg.s 			page 168


 5603              		.loc 1 1861 9 is_stmt 1 view .LVU1695
1861:Middlewares/Third_Party/LwIP/src/core/tcp.c ****         if (pcb == NULL) {
 5604              		.loc 1 1861 33 is_stmt 0 view .LVU1696
 5605 0096 0120     		movs	r0, #1
 5606 0098 FFF7FEFF 		bl	memp_malloc
 5607              	.LVL532:
1862:Middlewares/Third_Party/LwIP/src/core/tcp.c ****           /* Try killing oldest active connection with lower priority than the new one. */
 5608              		.loc 1 1862 9 is_stmt 1 view .LVU1697
1862:Middlewares/Third_Party/LwIP/src/core/tcp.c ****           /* Try killing oldest active connection with lower priority than the new one. */
 5609              		.loc 1 1862 12 is_stmt 0 view .LVU1698
 5610 009c 0446     		mov	r4, r0
 5611 009e 0028     		cmp	r0, #0
 5612 00a0 B5D1     		bne	.L520
1864:Middlewares/Third_Party/LwIP/src/core/tcp.c ****           tcp_kill_prio(prio);
 5613              		.loc 1 1864 107 is_stmt 1 view .LVU1699
1865:Middlewares/Third_Party/LwIP/src/core/tcp.c ****           /* Try to allocate a tcp_pcb again. */
 5614              		.loc 1 1865 11 view .LVU1700
 5615 00a2 2846     		mov	r0, r5
 5616              	.LVL533:
1865:Middlewares/Third_Party/LwIP/src/core/tcp.c ****           /* Try to allocate a tcp_pcb again. */
 5617              		.loc 1 1865 11 is_stmt 0 view .LVU1701
 5618 00a4 FFF7FEFF 		bl	tcp_kill_prio
 5619              	.LVL534:
1867:Middlewares/Third_Party/LwIP/src/core/tcp.c ****           if (pcb != NULL) {
 5620              		.loc 1 1867 11 is_stmt 1 view .LVU1702
1867:Middlewares/Third_Party/LwIP/src/core/tcp.c ****           if (pcb != NULL) {
 5621              		.loc 1 1867 35 is_stmt 0 view .LVU1703
 5622 00a8 0120     		movs	r0, #1
 5623 00aa FFF7FEFF 		bl	memp_malloc
 5624              	.LVL535:
 5625 00ae 0446     		mov	r4, r0
 5626              	.LVL536:
1868:Middlewares/Third_Party/LwIP/src/core/tcp.c ****             /* adjust err stats: memp_malloc failed multiple times before */
 5627              		.loc 1 1868 11 is_stmt 1 view .LVU1704
 5628 00b0 ADE7     		b	.L520
 5629              	.L525:
 5630 00b2 00BF     		.align	2
 5631              	.L524:
 5632 00b4 00000000 		.word	.LANCHOR5
 5633 00b8 00000000 		.word	.LANCHOR6
 5634 00bc 00000000 		.word	tcp_recv_null
 5635 00c0 00DD6D00 		.word	7200000
 5636              		.cfi_endproc
 5637              	.LFE193:
 5639              		.section	.text.tcp_new,"ax",%progbits
 5640              		.align	1
 5641              		.global	tcp_new
 5642              		.syntax unified
 5643              		.thumb
 5644              		.thumb_func
 5646              	tcp_new:
 5647              	.LFB194:
1946:Middlewares/Third_Party/LwIP/src/core/tcp.c ****   return tcp_alloc(TCP_PRIO_NORMAL);
 5648              		.loc 1 1946 1 view -0
 5649              		.cfi_startproc
 5650              		@ args = 0, pretend = 0, frame = 0
 5651              		@ frame_needed = 0, uses_anonymous_args = 0
ARM GAS  C:\msys64\tmp\cc73uNFg.s 			page 169


 5652 0000 08B5     		push	{r3, lr}
 5653              	.LCFI52:
 5654              		.cfi_def_cfa_offset 8
 5655              		.cfi_offset 3, -8
 5656              		.cfi_offset 14, -4
1947:Middlewares/Third_Party/LwIP/src/core/tcp.c **** }
 5657              		.loc 1 1947 3 view .LVU1706
1947:Middlewares/Third_Party/LwIP/src/core/tcp.c **** }
 5658              		.loc 1 1947 10 is_stmt 0 view .LVU1707
 5659 0002 4020     		movs	r0, #64
 5660 0004 FFF7FEFF 		bl	tcp_alloc
 5661              	.LVL537:
1948:Middlewares/Third_Party/LwIP/src/core/tcp.c **** 
 5662              		.loc 1 1948 1 view .LVU1708
 5663 0008 08BD     		pop	{r3, pc}
 5664              		.cfi_endproc
 5665              	.LFE194:
 5667              		.section	.text.tcp_new_ip_type,"ax",%progbits
 5668              		.align	1
 5669              		.global	tcp_new_ip_type
 5670              		.syntax unified
 5671              		.thumb
 5672              		.thumb_func
 5674              	tcp_new_ip_type:
 5675              	.LVL538:
 5676              	.LFB195:
1963:Middlewares/Third_Party/LwIP/src/core/tcp.c ****   struct tcp_pcb *pcb;
 5677              		.loc 1 1963 1 is_stmt 1 view -0
 5678              		.cfi_startproc
 5679              		@ args = 0, pretend = 0, frame = 0
 5680              		@ frame_needed = 0, uses_anonymous_args = 0
1963:Middlewares/Third_Party/LwIP/src/core/tcp.c ****   struct tcp_pcb *pcb;
 5681              		.loc 1 1963 1 is_stmt 0 view .LVU1710
 5682 0000 08B5     		push	{r3, lr}
 5683              	.LCFI53:
 5684              		.cfi_def_cfa_offset 8
 5685              		.cfi_offset 3, -8
 5686              		.cfi_offset 14, -4
1964:Middlewares/Third_Party/LwIP/src/core/tcp.c ****   pcb = tcp_alloc(TCP_PRIO_NORMAL);
 5687              		.loc 1 1964 3 is_stmt 1 view .LVU1711
1965:Middlewares/Third_Party/LwIP/src/core/tcp.c **** #if LWIP_IPV4 && LWIP_IPV6
 5688              		.loc 1 1965 3 view .LVU1712
1965:Middlewares/Third_Party/LwIP/src/core/tcp.c **** #if LWIP_IPV4 && LWIP_IPV6
 5689              		.loc 1 1965 9 is_stmt 0 view .LVU1713
 5690 0002 4020     		movs	r0, #64
 5691              	.LVL539:
1965:Middlewares/Third_Party/LwIP/src/core/tcp.c **** #if LWIP_IPV4 && LWIP_IPV6
 5692              		.loc 1 1965 9 view .LVU1714
 5693 0004 FFF7FEFF 		bl	tcp_alloc
 5694              	.LVL540:
1972:Middlewares/Third_Party/LwIP/src/core/tcp.c **** #endif /* LWIP_IPV4 && LWIP_IPV6 */
 5695              		.loc 1 1972 3 is_stmt 1 view .LVU1715
1974:Middlewares/Third_Party/LwIP/src/core/tcp.c **** }
 5696              		.loc 1 1974 3 view .LVU1716
1975:Middlewares/Third_Party/LwIP/src/core/tcp.c **** 
 5697              		.loc 1 1975 1 is_stmt 0 view .LVU1717
 5698 0008 08BD     		pop	{r3, pc}
ARM GAS  C:\msys64\tmp\cc73uNFg.s 			page 170


 5699              		.cfi_endproc
 5700              	.LFE195:
 5702              		.section	.rodata.tcp_next_iss.str1.4,"aMS",%progbits,1
 5703              		.align	2
 5704              	.LC47:
 5705 0000 7463705F 		.ascii	"tcp_next_iss: invalid pcb\000"
 5705      6E657874 
 5705      5F697373 
 5705      3A20696E 
 5705      76616C69 
 5706              		.section	.text.tcp_next_iss,"ax",%progbits
 5707              		.align	1
 5708              		.global	tcp_next_iss
 5709              		.syntax unified
 5710              		.thumb
 5711              		.thumb_func
 5713              	tcp_next_iss:
 5714              	.LVL541:
 5715              	.LFB204:
2216:Middlewares/Third_Party/LwIP/src/core/tcp.c **** #ifdef LWIP_HOOK_TCP_ISN
 5716              		.loc 1 2216 1 is_stmt 1 view -0
 5717              		.cfi_startproc
 5718              		@ args = 0, pretend = 0, frame = 0
 5719              		@ frame_needed = 0, uses_anonymous_args = 0
2216:Middlewares/Third_Party/LwIP/src/core/tcp.c **** #ifdef LWIP_HOOK_TCP_ISN
 5720              		.loc 1 2216 1 is_stmt 0 view .LVU1719
 5721 0000 08B5     		push	{r3, lr}
 5722              	.LCFI54:
 5723              		.cfi_def_cfa_offset 8
 5724              		.cfi_offset 3, -8
 5725              		.cfi_offset 14, -4
2221:Middlewares/Third_Party/LwIP/src/core/tcp.c **** 
 5726              		.loc 1 2221 3 is_stmt 1 view .LVU1720
2223:Middlewares/Third_Party/LwIP/src/core/tcp.c ****   LWIP_UNUSED_ARG(pcb);
 5727              		.loc 1 2223 3 view .LVU1721
2223:Middlewares/Third_Party/LwIP/src/core/tcp.c ****   LWIP_UNUSED_ARG(pcb);
 5728              		.loc 1 2223 3 view .LVU1722
 5729 0002 30B1     		cbz	r0, .L533
 5730              	.LVL542:
 5731              	.L531:
2223:Middlewares/Third_Party/LwIP/src/core/tcp.c ****   LWIP_UNUSED_ARG(pcb);
 5732              		.loc 1 2223 3 discriminator 3 view .LVU1723
2223:Middlewares/Third_Party/LwIP/src/core/tcp.c ****   LWIP_UNUSED_ARG(pcb);
 5733              		.loc 1 2223 3 discriminator 3 view .LVU1724
2224:Middlewares/Third_Party/LwIP/src/core/tcp.c **** 
 5734              		.loc 1 2224 3 discriminator 3 view .LVU1725
2226:Middlewares/Third_Party/LwIP/src/core/tcp.c ****   return iss;
 5735              		.loc 1 2226 3 discriminator 3 view .LVU1726
2226:Middlewares/Third_Party/LwIP/src/core/tcp.c ****   return iss;
 5736              		.loc 1 2226 7 is_stmt 0 discriminator 3 view .LVU1727
 5737 0004 074B     		ldr	r3, .L534
 5738 0006 1868     		ldr	r0, [r3]
 5739 0008 074A     		ldr	r2, .L534+4
 5740 000a 1268     		ldr	r2, [r2]
 5741 000c 1044     		add	r0, r0, r2
 5742 000e 1860     		str	r0, [r3]
2227:Middlewares/Third_Party/LwIP/src/core/tcp.c **** #endif /* LWIP_HOOK_TCP_ISN */
ARM GAS  C:\msys64\tmp\cc73uNFg.s 			page 171


 5743              		.loc 1 2227 3 is_stmt 1 discriminator 3 view .LVU1728
2229:Middlewares/Third_Party/LwIP/src/core/tcp.c **** 
 5744              		.loc 1 2229 1 is_stmt 0 discriminator 3 view .LVU1729
 5745 0010 08BD     		pop	{r3, pc}
 5746              	.LVL543:
 5747              	.L533:
2223:Middlewares/Third_Party/LwIP/src/core/tcp.c ****   LWIP_UNUSED_ARG(pcb);
 5748              		.loc 1 2223 3 is_stmt 1 discriminator 1 view .LVU1730
2223:Middlewares/Third_Party/LwIP/src/core/tcp.c ****   LWIP_UNUSED_ARG(pcb);
 5749              		.loc 1 2223 3 discriminator 1 view .LVU1731
 5750 0012 064B     		ldr	r3, .L534+8
 5751 0014 40F6AF02 		movw	r2, #2223
 5752 0018 0549     		ldr	r1, .L534+12
 5753 001a 0648     		ldr	r0, .L534+16
 5754              	.LVL544:
2223:Middlewares/Third_Party/LwIP/src/core/tcp.c ****   LWIP_UNUSED_ARG(pcb);
 5755              		.loc 1 2223 3 is_stmt 0 discriminator 1 view .LVU1732
 5756 001c FFF7FEFF 		bl	printf
 5757              	.LVL545:
 5758 0020 F0E7     		b	.L531
 5759              	.L535:
 5760 0022 00BF     		.align	2
 5761              	.L534:
 5762 0024 00000000 		.word	.LANCHOR12
 5763 0028 00000000 		.word	.LANCHOR5
 5764 002c 00000000 		.word	.LC0
 5765 0030 00000000 		.word	.LC47
 5766 0034 54000000 		.word	.LC2
 5767              		.cfi_endproc
 5768              	.LFE204:
 5770              		.section	.rodata.tcp_connect.str1.4,"aMS",%progbits,1
 5771              		.align	2
 5772              	.LC48:
 5773 0000 7463705F 		.ascii	"tcp_connect: invalid pcb\000"
 5773      636F6E6E 
 5773      6563743A 
 5773      20696E76 
 5773      616C6964 
 5774 0019 000000   		.align	2
 5775              	.LC49:
 5776 001c 7463705F 		.ascii	"tcp_connect: invalid ipaddr\000"
 5776      636F6E6E 
 5776      6563743A 
 5776      20696E76 
 5776      616C6964 
 5777              		.align	2
 5778              	.LC50:
 5779 0038 7463705F 		.ascii	"tcp_connect: can only connect from state CLOSED\000"
 5779      636F6E6E 
 5779      6563743A 
 5779      2063616E 
 5779      206F6E6C 
 5780              		.section	.text.tcp_connect,"ax",%progbits
 5781              		.align	1
 5782              		.global	tcp_connect
 5783              		.syntax unified
 5784              		.thumb
ARM GAS  C:\msys64\tmp\cc73uNFg.s 			page 172


 5785              		.thumb_func
 5787              	tcp_connect:
 5788              	.LVL546:
 5789              	.LFB180:
1069:Middlewares/Third_Party/LwIP/src/core/tcp.c ****   struct netif *netif = NULL;
 5790              		.loc 1 1069 1 is_stmt 1 view -0
 5791              		.cfi_startproc
 5792              		@ args = 0, pretend = 0, frame = 0
 5793              		@ frame_needed = 0, uses_anonymous_args = 0
1069:Middlewares/Third_Party/LwIP/src/core/tcp.c ****   struct netif *netif = NULL;
 5794              		.loc 1 1069 1 is_stmt 0 view .LVU1734
 5795 0000 70B5     		push	{r4, r5, r6, lr}
 5796              	.LCFI55:
 5797              		.cfi_def_cfa_offset 16
 5798              		.cfi_offset 4, -16
 5799              		.cfi_offset 5, -12
 5800              		.cfi_offset 6, -8
 5801              		.cfi_offset 14, -4
1070:Middlewares/Third_Party/LwIP/src/core/tcp.c ****   err_t ret;
 5802              		.loc 1 1070 3 is_stmt 1 view .LVU1735
 5803              	.LVL547:
1071:Middlewares/Third_Party/LwIP/src/core/tcp.c ****   u32_t iss;
 5804              		.loc 1 1071 3 view .LVU1736
1072:Middlewares/Third_Party/LwIP/src/core/tcp.c ****   u16_t old_local_port;
 5805              		.loc 1 1072 3 view .LVU1737
1073:Middlewares/Third_Party/LwIP/src/core/tcp.c **** 
 5806              		.loc 1 1073 3 view .LVU1738
1075:Middlewares/Third_Party/LwIP/src/core/tcp.c **** 
 5807              		.loc 1 1075 28 view .LVU1739
1077:Middlewares/Third_Party/LwIP/src/core/tcp.c ****   LWIP_ERROR("tcp_connect: invalid ipaddr", ipaddr != NULL, return ERR_ARG);
 5808              		.loc 1 1077 3 view .LVU1740
1077:Middlewares/Third_Party/LwIP/src/core/tcp.c ****   LWIP_ERROR("tcp_connect: invalid ipaddr", ipaddr != NULL, return ERR_ARG);
 5809              		.loc 1 1077 3 view .LVU1741
 5810 0002 0028     		cmp	r0, #0
 5811 0004 4DD0     		beq	.L555
 5812 0006 1D46     		mov	r5, r3
 5813 0008 0446     		mov	r4, r0
1077:Middlewares/Third_Party/LwIP/src/core/tcp.c ****   LWIP_ERROR("tcp_connect: invalid ipaddr", ipaddr != NULL, return ERR_ARG);
 5814              		.loc 1 1077 3 discriminator 2 view .LVU1742
1078:Middlewares/Third_Party/LwIP/src/core/tcp.c **** 
 5815              		.loc 1 1078 3 discriminator 2 view .LVU1743
1078:Middlewares/Third_Party/LwIP/src/core/tcp.c **** 
 5816              		.loc 1 1078 3 discriminator 2 view .LVU1744
 5817 000a 0029     		cmp	r1, #0
 5818 000c 53D0     		beq	.L556
1078:Middlewares/Third_Party/LwIP/src/core/tcp.c **** 
 5819              		.loc 1 1078 3 discriminator 2 view .LVU1745
1080:Middlewares/Third_Party/LwIP/src/core/tcp.c **** 
 5820              		.loc 1 1080 3 discriminator 2 view .LVU1746
1080:Middlewares/Third_Party/LwIP/src/core/tcp.c **** 
 5821              		.loc 1 1080 3 discriminator 2 view .LVU1747
 5822 000e 037D     		ldrb	r3, [r0, #20]	@ zero_extendqisi2
 5823              	.LVL548:
1080:Middlewares/Third_Party/LwIP/src/core/tcp.c **** 
 5824              		.loc 1 1080 3 is_stmt 0 discriminator 2 view .LVU1748
 5825 0010 002B     		cmp	r3, #0
 5826 0012 5AD1     		bne	.L557
ARM GAS  C:\msys64\tmp\cc73uNFg.s 			page 173


1080:Middlewares/Third_Party/LwIP/src/core/tcp.c **** 
 5827              		.loc 1 1080 3 is_stmt 1 discriminator 1 view .LVU1749
1082:Middlewares/Third_Party/LwIP/src/core/tcp.c ****   ip_addr_set(&pcb->remote_ip, ipaddr);
 5828              		.loc 1 1082 67 discriminator 1 view .LVU1750
1083:Middlewares/Third_Party/LwIP/src/core/tcp.c ****   pcb->remote_port = port;
 5829              		.loc 1 1083 3 discriminator 1 view .LVU1751
 5830 0014 0B68     		ldr	r3, [r1]
 5831 0016 4360     		str	r3, [r0, #4]
1084:Middlewares/Third_Party/LwIP/src/core/tcp.c **** 
 5832              		.loc 1 1084 3 discriminator 1 view .LVU1752
1084:Middlewares/Third_Party/LwIP/src/core/tcp.c **** 
 5833              		.loc 1 1084 20 is_stmt 0 discriminator 1 view .LVU1753
 5834 0018 0283     		strh	r2, [r0, #24]	@ movhi
1086:Middlewares/Third_Party/LwIP/src/core/tcp.c ****     netif = netif_get_by_index(pcb->netif_idx);
 5835              		.loc 1 1086 3 is_stmt 1 discriminator 1 view .LVU1754
1086:Middlewares/Third_Party/LwIP/src/core/tcp.c ****     netif = netif_get_by_index(pcb->netif_idx);
 5836              		.loc 1 1086 10 is_stmt 0 discriminator 1 view .LVU1755
 5837 001a 007A     		ldrb	r0, [r0, #8]	@ zero_extendqisi2
 5838              	.LVL549:
1086:Middlewares/Third_Party/LwIP/src/core/tcp.c ****     netif = netif_get_by_index(pcb->netif_idx);
 5839              		.loc 1 1086 6 discriminator 1 view .LVU1756
 5840 001c 0028     		cmp	r0, #0
 5841 001e 5ED0     		beq	.L541
1087:Middlewares/Third_Party/LwIP/src/core/tcp.c ****   } else {
 5842              		.loc 1 1087 5 is_stmt 1 view .LVU1757
1087:Middlewares/Third_Party/LwIP/src/core/tcp.c ****   } else {
 5843              		.loc 1 1087 13 is_stmt 0 view .LVU1758
 5844 0020 FFF7FEFF 		bl	netif_get_by_index
 5845              	.LVL550:
 5846              	.L542:
1092:Middlewares/Third_Party/LwIP/src/core/tcp.c ****     /* Don't even try to send a SYN packet if we have no route since that will fail. */
 5847              		.loc 1 1092 3 is_stmt 1 view .LVU1759
1092:Middlewares/Third_Party/LwIP/src/core/tcp.c ****     /* Don't even try to send a SYN packet if we have no route since that will fail. */
 5848              		.loc 1 1092 6 is_stmt 0 view .LVU1760
 5849 0024 0028     		cmp	r0, #0
 5850 0026 74D0     		beq	.L550
1098:Middlewares/Third_Party/LwIP/src/core/tcp.c ****     const ip_addr_t *local_ip = ip_netif_get_local_ip(netif, ipaddr);
 5851              		.loc 1 1098 3 is_stmt 1 view .LVU1761
1098:Middlewares/Third_Party/LwIP/src/core/tcp.c ****     const ip_addr_t *local_ip = ip_netif_get_local_ip(netif, ipaddr);
 5852              		.loc 1 1098 6 is_stmt 0 view .LVU1762
 5853 0028 0CB1     		cbz	r4, .L543
1098:Middlewares/Third_Party/LwIP/src/core/tcp.c ****     const ip_addr_t *local_ip = ip_netif_get_local_ip(netif, ipaddr);
 5854              		.loc 1 1098 7 discriminator 1 view .LVU1763
 5855 002a 2368     		ldr	r3, [r4]
 5856 002c 23B9     		cbnz	r3, .L544
 5857              	.L543:
 5858              	.LBB35:
1099:Middlewares/Third_Party/LwIP/src/core/tcp.c ****     if (local_ip == NULL) {
 5859              		.loc 1 1099 5 is_stmt 1 discriminator 1 view .LVU1764
 5860              	.LVL551:
1100:Middlewares/Third_Party/LwIP/src/core/tcp.c ****       return ERR_RTE;
 5861              		.loc 1 1100 5 discriminator 1 view .LVU1765
1100:Middlewares/Third_Party/LwIP/src/core/tcp.c ****       return ERR_RTE;
 5862              		.loc 1 1100 8 is_stmt 0 discriminator 1 view .LVU1766
 5863 002e 10F1040F 		cmn	r0, #4
 5864 0032 71D0     		beq	.L551
1103:Middlewares/Third_Party/LwIP/src/core/tcp.c ****   }
ARM GAS  C:\msys64\tmp\cc73uNFg.s 			page 174


 5865              		.loc 1 1103 5 is_stmt 1 view .LVU1767
 5866 0034 4368     		ldr	r3, [r0, #4]
 5867 0036 2360     		str	r3, [r4]
 5868              	.LVL552:
 5869              	.L544:
1103:Middlewares/Third_Party/LwIP/src/core/tcp.c ****   }
 5870              		.loc 1 1103 5 is_stmt 0 view .LVU1768
 5871              	.LBE35:
1115:Middlewares/Third_Party/LwIP/src/core/tcp.c ****   if (pcb->local_port == 0) {
 5872              		.loc 1 1115 3 is_stmt 1 view .LVU1769
1115:Middlewares/Third_Party/LwIP/src/core/tcp.c ****   if (pcb->local_port == 0) {
 5873              		.loc 1 1115 18 is_stmt 0 view .LVU1770
 5874 0038 E68A     		ldrh	r6, [r4, #22]
 5875              	.LVL553:
1116:Middlewares/Third_Party/LwIP/src/core/tcp.c ****     pcb->local_port = tcp_new_port();
 5876              		.loc 1 1116 3 is_stmt 1 view .LVU1771
1116:Middlewares/Third_Party/LwIP/src/core/tcp.c ****     pcb->local_port = tcp_new_port();
 5877              		.loc 1 1116 6 is_stmt 0 view .LVU1772
 5878 003a 26B9     		cbnz	r6, .L545
1117:Middlewares/Third_Party/LwIP/src/core/tcp.c ****     if (pcb->local_port == 0) {
 5879              		.loc 1 1117 5 is_stmt 1 view .LVU1773
1117:Middlewares/Third_Party/LwIP/src/core/tcp.c ****     if (pcb->local_port == 0) {
 5880              		.loc 1 1117 23 is_stmt 0 view .LVU1774
 5881 003c FFF7FEFF 		bl	tcp_new_port
 5882              	.LVL554:
1117:Middlewares/Third_Party/LwIP/src/core/tcp.c ****     if (pcb->local_port == 0) {
 5883              		.loc 1 1117 21 view .LVU1775
 5884 0040 E082     		strh	r0, [r4, #22]	@ movhi
1118:Middlewares/Third_Party/LwIP/src/core/tcp.c ****       return ERR_BUF;
 5885              		.loc 1 1118 5 is_stmt 1 view .LVU1776
1118:Middlewares/Third_Party/LwIP/src/core/tcp.c ****       return ERR_BUF;
 5886              		.loc 1 1118 8 is_stmt 0 view .LVU1777
 5887 0042 0028     		cmp	r0, #0
 5888 0044 6BD0     		beq	.L552
 5889              	.L545:
1142:Middlewares/Third_Party/LwIP/src/core/tcp.c **** 
 5890              		.loc 1 1142 3 is_stmt 1 view .LVU1778
1144:Middlewares/Third_Party/LwIP/src/core/tcp.c ****   pcb->rcv_nxt = 0;
 5891              		.loc 1 1144 3 view .LVU1779
1144:Middlewares/Third_Party/LwIP/src/core/tcp.c ****   pcb->rcv_nxt = 0;
 5892              		.loc 1 1144 9 is_stmt 0 view .LVU1780
 5893 0046 2046     		mov	r0, r4
 5894 0048 FFF7FEFF 		bl	tcp_next_iss
 5895              	.LVL555:
1145:Middlewares/Third_Party/LwIP/src/core/tcp.c ****   pcb->snd_nxt = iss;
 5896              		.loc 1 1145 3 is_stmt 1 view .LVU1781
1145:Middlewares/Third_Party/LwIP/src/core/tcp.c ****   pcb->snd_nxt = iss;
 5897              		.loc 1 1145 16 is_stmt 0 view .LVU1782
 5898 004c 0022     		movs	r2, #0
 5899 004e 6262     		str	r2, [r4, #36]
1146:Middlewares/Third_Party/LwIP/src/core/tcp.c ****   pcb->lastack = iss - 1;
 5900              		.loc 1 1146 3 is_stmt 1 view .LVU1783
1146:Middlewares/Third_Party/LwIP/src/core/tcp.c ****   pcb->lastack = iss - 1;
 5901              		.loc 1 1146 16 is_stmt 0 view .LVU1784
 5902 0050 2065     		str	r0, [r4, #80]
1147:Middlewares/Third_Party/LwIP/src/core/tcp.c ****   pcb->snd_wl2 = iss - 1;
 5903              		.loc 1 1147 3 is_stmt 1 view .LVU1785
ARM GAS  C:\msys64\tmp\cc73uNFg.s 			page 175


1147:Middlewares/Third_Party/LwIP/src/core/tcp.c ****   pcb->snd_wl2 = iss - 1;
 5904              		.loc 1 1147 22 is_stmt 0 view .LVU1786
 5905 0052 0138     		subs	r0, r0, #1
 5906              	.LVL556:
1147:Middlewares/Third_Party/LwIP/src/core/tcp.c ****   pcb->snd_wl2 = iss - 1;
 5907              		.loc 1 1147 16 view .LVU1787
 5908 0054 6064     		str	r0, [r4, #68]
1148:Middlewares/Third_Party/LwIP/src/core/tcp.c ****   pcb->snd_lbb = iss - 1;
 5909              		.loc 1 1148 3 is_stmt 1 view .LVU1788
1148:Middlewares/Third_Party/LwIP/src/core/tcp.c ****   pcb->snd_lbb = iss - 1;
 5910              		.loc 1 1148 16 is_stmt 0 view .LVU1789
 5911 0056 A065     		str	r0, [r4, #88]
1149:Middlewares/Third_Party/LwIP/src/core/tcp.c ****   /* Start with a window that does not need scaling. When window scaling is
 5912              		.loc 1 1149 3 is_stmt 1 view .LVU1790
1149:Middlewares/Third_Party/LwIP/src/core/tcp.c ****   /* Start with a window that does not need scaling. When window scaling is
 5913              		.loc 1 1149 16 is_stmt 0 view .LVU1791
 5914 0058 E065     		str	r0, [r4, #92]
1152:Middlewares/Third_Party/LwIP/src/core/tcp.c ****   pcb->rcv_ann_right_edge = pcb->rcv_nxt;
 5915              		.loc 1 1152 3 is_stmt 1 view .LVU1792
1152:Middlewares/Third_Party/LwIP/src/core/tcp.c ****   pcb->rcv_ann_right_edge = pcb->rcv_nxt;
 5916              		.loc 1 1152 35 is_stmt 0 view .LVU1793
 5917 005a 41F2D063 		movw	r3, #5840
 5918 005e 6385     		strh	r3, [r4, #42]	@ movhi
1152:Middlewares/Third_Party/LwIP/src/core/tcp.c ****   pcb->rcv_ann_right_edge = pcb->rcv_nxt;
 5919              		.loc 1 1152 16 view .LVU1794
 5920 0060 2385     		strh	r3, [r4, #40]	@ movhi
1153:Middlewares/Third_Party/LwIP/src/core/tcp.c ****   pcb->snd_wnd = TCP_WND;
 5921              		.loc 1 1153 3 is_stmt 1 view .LVU1795
1153:Middlewares/Third_Party/LwIP/src/core/tcp.c ****   pcb->snd_wnd = TCP_WND;
 5922              		.loc 1 1153 27 is_stmt 0 view .LVU1796
 5923 0062 E262     		str	r2, [r4, #44]
1154:Middlewares/Third_Party/LwIP/src/core/tcp.c ****   /* As initial send MSS, we use TCP_MSS but limit it to 536.
 5924              		.loc 1 1154 3 is_stmt 1 view .LVU1797
1154:Middlewares/Third_Party/LwIP/src/core/tcp.c ****   /* As initial send MSS, we use TCP_MSS but limit it to 536.
 5925              		.loc 1 1154 16 is_stmt 0 view .LVU1798
 5926 0064 A4F86030 		strh	r3, [r4, #96]	@ movhi
1157:Middlewares/Third_Party/LwIP/src/core/tcp.c **** #if TCP_CALCULATE_EFF_SEND_MSS
 5927              		.loc 1 1157 3 is_stmt 1 view .LVU1799
1157:Middlewares/Third_Party/LwIP/src/core/tcp.c **** #if TCP_CALCULATE_EFF_SEND_MSS
 5928              		.loc 1 1157 12 is_stmt 0 view .LVU1800
 5929 0068 4FF40673 		mov	r3, #536
 5930 006c 6386     		strh	r3, [r4, #50]	@ movhi
1161:Middlewares/Third_Party/LwIP/src/core/tcp.c **** #if LWIP_CALLBACK_API
 5931              		.loc 1 1161 3 is_stmt 1 view .LVU1801
1161:Middlewares/Third_Party/LwIP/src/core/tcp.c **** #if LWIP_CALLBACK_API
 5932              		.loc 1 1161 13 is_stmt 0 view .LVU1802
 5933 006e 0123     		movs	r3, #1
 5934 0070 A4F84830 		strh	r3, [r4, #72]	@ movhi
1163:Middlewares/Third_Party/LwIP/src/core/tcp.c **** #else /* LWIP_CALLBACK_API */
 5935              		.loc 1 1163 3 is_stmt 1 view .LVU1803
1163:Middlewares/Third_Party/LwIP/src/core/tcp.c **** #else /* LWIP_CALLBACK_API */
 5936              		.loc 1 1163 18 is_stmt 0 view .LVU1804
 5937 0074 C4F88450 		str	r5, [r4, #132]
1169:Middlewares/Third_Party/LwIP/src/core/tcp.c ****   if (ret == ERR_OK) {
 5938              		.loc 1 1169 3 is_stmt 1 view .LVU1805
1169:Middlewares/Third_Party/LwIP/src/core/tcp.c ****   if (ret == ERR_OK) {
 5939              		.loc 1 1169 9 is_stmt 0 view .LVU1806
ARM GAS  C:\msys64\tmp\cc73uNFg.s 			page 176


 5940 0078 0221     		movs	r1, #2
 5941 007a 2046     		mov	r0, r4
 5942 007c FFF7FEFF 		bl	tcp_enqueue_flags
 5943              	.LVL557:
1170:Middlewares/Third_Party/LwIP/src/core/tcp.c ****     /* SYN segment was enqueued, changed the pcbs state now */
 5944              		.loc 1 1170 3 is_stmt 1 view .LVU1807
1170:Middlewares/Third_Party/LwIP/src/core/tcp.c ****     /* SYN segment was enqueued, changed the pcbs state now */
 5945              		.loc 1 1170 6 is_stmt 0 view .LVU1808
 5946 0080 0546     		mov	r5, r0
 5947              	.LVL558:
1170:Middlewares/Third_Party/LwIP/src/core/tcp.c ****     /* SYN segment was enqueued, changed the pcbs state now */
 5948              		.loc 1 1170 6 view .LVU1809
 5949 0082 0028     		cmp	r0, #0
 5950 0084 43D1     		bne	.L538
1172:Middlewares/Third_Party/LwIP/src/core/tcp.c ****     if (old_local_port != 0) {
 5951              		.loc 1 1172 5 is_stmt 1 view .LVU1810
1172:Middlewares/Third_Party/LwIP/src/core/tcp.c ****     if (old_local_port != 0) {
 5952              		.loc 1 1172 16 is_stmt 0 view .LVU1811
 5953 0086 0223     		movs	r3, #2
 5954 0088 2375     		strb	r3, [r4, #20]
1173:Middlewares/Third_Party/LwIP/src/core/tcp.c ****       TCP_RMV(&tcp_bound_pcbs, pcb);
 5955              		.loc 1 1173 5 is_stmt 1 view .LVU1812
1173:Middlewares/Third_Party/LwIP/src/core/tcp.c ****       TCP_RMV(&tcp_bound_pcbs, pcb);
 5956              		.loc 1 1173 8 is_stmt 0 view .LVU1813
 5957 008a 002E     		cmp	r6, #0
 5958 008c 33D0     		beq	.L546
1174:Middlewares/Third_Party/LwIP/src/core/tcp.c ****     }
 5959              		.loc 1 1174 7 is_stmt 1 view .LVU1814
1174:Middlewares/Third_Party/LwIP/src/core/tcp.c ****     }
 5960              		.loc 1 1174 7 view .LVU1815
 5961 008e 254B     		ldr	r3, .L560
 5962 0090 1B68     		ldr	r3, [r3]
 5963 0092 A342     		cmp	r3, r4
 5964 0094 27D0     		beq	.L558
 5965              	.L547:
 5966              	.LVL559:
 5967              	.LBB36:
1174:Middlewares/Third_Party/LwIP/src/core/tcp.c ****     }
 5968              		.loc 1 1174 7 discriminator 8 view .LVU1816
 5969 0096 63B3     		cbz	r3, .L548
1174:Middlewares/Third_Party/LwIP/src/core/tcp.c ****     }
 5970              		.loc 1 1174 7 discriminator 9 view .LVU1817
 5971 0098 DA68     		ldr	r2, [r3, #12]
 5972 009a A242     		cmp	r2, r4
 5973 009c 27D0     		beq	.L559
1174:Middlewares/Third_Party/LwIP/src/core/tcp.c ****     }
 5974              		.loc 1 1174 7 is_stmt 0 view .LVU1818
 5975 009e 1346     		mov	r3, r2
 5976              	.LVL560:
1174:Middlewares/Third_Party/LwIP/src/core/tcp.c ****     }
 5977              		.loc 1 1174 7 view .LVU1819
 5978 00a0 F9E7     		b	.L547
 5979              	.LVL561:
 5980              	.L555:
1174:Middlewares/Third_Party/LwIP/src/core/tcp.c ****     }
 5981              		.loc 1 1174 7 view .LVU1820
 5982              	.LBE36:
ARM GAS  C:\msys64\tmp\cc73uNFg.s 			page 177


1077:Middlewares/Third_Party/LwIP/src/core/tcp.c ****   LWIP_ERROR("tcp_connect: invalid ipaddr", ipaddr != NULL, return ERR_ARG);
 5983              		.loc 1 1077 3 is_stmt 1 discriminator 1 view .LVU1821
1077:Middlewares/Third_Party/LwIP/src/core/tcp.c ****   LWIP_ERROR("tcp_connect: invalid ipaddr", ipaddr != NULL, return ERR_ARG);
 5984              		.loc 1 1077 3 discriminator 1 view .LVU1822
 5985 00a2 214B     		ldr	r3, .L560+4
 5986              	.LVL562:
1077:Middlewares/Third_Party/LwIP/src/core/tcp.c ****   LWIP_ERROR("tcp_connect: invalid ipaddr", ipaddr != NULL, return ERR_ARG);
 5987              		.loc 1 1077 3 is_stmt 0 discriminator 1 view .LVU1823
 5988 00a4 40F23542 		movw	r2, #1077
 5989              	.LVL563:
1077:Middlewares/Third_Party/LwIP/src/core/tcp.c ****   LWIP_ERROR("tcp_connect: invalid ipaddr", ipaddr != NULL, return ERR_ARG);
 5990              		.loc 1 1077 3 discriminator 1 view .LVU1824
 5991 00a8 2049     		ldr	r1, .L560+8
 5992              	.LVL564:
1077:Middlewares/Third_Party/LwIP/src/core/tcp.c ****   LWIP_ERROR("tcp_connect: invalid ipaddr", ipaddr != NULL, return ERR_ARG);
 5993              		.loc 1 1077 3 discriminator 1 view .LVU1825
 5994 00aa 2148     		ldr	r0, .L560+12
 5995              	.LVL565:
1077:Middlewares/Third_Party/LwIP/src/core/tcp.c ****   LWIP_ERROR("tcp_connect: invalid ipaddr", ipaddr != NULL, return ERR_ARG);
 5996              		.loc 1 1077 3 discriminator 1 view .LVU1826
 5997 00ac FFF7FEFF 		bl	printf
 5998              	.LVL566:
1077:Middlewares/Third_Party/LwIP/src/core/tcp.c ****   LWIP_ERROR("tcp_connect: invalid ipaddr", ipaddr != NULL, return ERR_ARG);
 5999              		.loc 1 1077 3 is_stmt 1 discriminator 1 view .LVU1827
1077:Middlewares/Third_Party/LwIP/src/core/tcp.c ****   LWIP_ERROR("tcp_connect: invalid ipaddr", ipaddr != NULL, return ERR_ARG);
 6000              		.loc 1 1077 3 discriminator 1 view .LVU1828
 6001 00b0 6FF00F05 		mvn	r5, #15
 6002 00b4 2BE0     		b	.L538
 6003              	.LVL567:
 6004              	.L556:
1078:Middlewares/Third_Party/LwIP/src/core/tcp.c **** 
 6005              		.loc 1 1078 3 discriminator 1 view .LVU1829
1078:Middlewares/Third_Party/LwIP/src/core/tcp.c **** 
 6006              		.loc 1 1078 3 discriminator 1 view .LVU1830
 6007 00b6 1C4B     		ldr	r3, .L560+4
 6008              	.LVL568:
1078:Middlewares/Third_Party/LwIP/src/core/tcp.c **** 
 6009              		.loc 1 1078 3 is_stmt 0 discriminator 1 view .LVU1831
 6010 00b8 40F23642 		movw	r2, #1078
 6011              	.LVL569:
1078:Middlewares/Third_Party/LwIP/src/core/tcp.c **** 
 6012              		.loc 1 1078 3 discriminator 1 view .LVU1832
 6013 00bc 1D49     		ldr	r1, .L560+16
 6014              	.LVL570:
1078:Middlewares/Third_Party/LwIP/src/core/tcp.c **** 
 6015              		.loc 1 1078 3 discriminator 1 view .LVU1833
 6016 00be 1C48     		ldr	r0, .L560+12
 6017              	.LVL571:
1078:Middlewares/Third_Party/LwIP/src/core/tcp.c **** 
 6018              		.loc 1 1078 3 discriminator 1 view .LVU1834
 6019 00c0 FFF7FEFF 		bl	printf
 6020              	.LVL572:
1078:Middlewares/Third_Party/LwIP/src/core/tcp.c **** 
 6021              		.loc 1 1078 3 is_stmt 1 discriminator 1 view .LVU1835
1078:Middlewares/Third_Party/LwIP/src/core/tcp.c **** 
 6022              		.loc 1 1078 3 discriminator 1 view .LVU1836
 6023 00c4 6FF00F05 		mvn	r5, #15
ARM GAS  C:\msys64\tmp\cc73uNFg.s 			page 178


 6024              	.LVL573:
1078:Middlewares/Third_Party/LwIP/src/core/tcp.c **** 
 6025              		.loc 1 1078 3 is_stmt 0 discriminator 1 view .LVU1837
 6026 00c8 21E0     		b	.L538
 6027              	.LVL574:
 6028              	.L557:
1080:Middlewares/Third_Party/LwIP/src/core/tcp.c **** 
 6029              		.loc 1 1080 3 is_stmt 1 discriminator 1 view .LVU1838
1080:Middlewares/Third_Party/LwIP/src/core/tcp.c **** 
 6030              		.loc 1 1080 3 discriminator 1 view .LVU1839
 6031 00ca 174B     		ldr	r3, .L560+4
 6032 00cc 4FF48762 		mov	r2, #1080
 6033              	.LVL575:
1080:Middlewares/Third_Party/LwIP/src/core/tcp.c **** 
 6034              		.loc 1 1080 3 is_stmt 0 discriminator 1 view .LVU1840
 6035 00d0 1949     		ldr	r1, .L560+20
 6036              	.LVL576:
1080:Middlewares/Third_Party/LwIP/src/core/tcp.c **** 
 6037              		.loc 1 1080 3 discriminator 1 view .LVU1841
 6038 00d2 1748     		ldr	r0, .L560+12
 6039              	.LVL577:
1080:Middlewares/Third_Party/LwIP/src/core/tcp.c **** 
 6040              		.loc 1 1080 3 discriminator 1 view .LVU1842
 6041 00d4 FFF7FEFF 		bl	printf
 6042              	.LVL578:
1080:Middlewares/Third_Party/LwIP/src/core/tcp.c **** 
 6043              		.loc 1 1080 3 is_stmt 1 discriminator 1 view .LVU1843
1080:Middlewares/Third_Party/LwIP/src/core/tcp.c **** 
 6044              		.loc 1 1080 3 discriminator 1 view .LVU1844
 6045 00d8 6FF00905 		mvn	r5, #9
 6046              	.LVL579:
1080:Middlewares/Third_Party/LwIP/src/core/tcp.c **** 
 6047              		.loc 1 1080 3 is_stmt 0 discriminator 1 view .LVU1845
 6048 00dc 17E0     		b	.L538
 6049              	.LVL580:
 6050              	.L541:
1090:Middlewares/Third_Party/LwIP/src/core/tcp.c ****   }
 6051              		.loc 1 1090 5 is_stmt 1 view .LVU1846
1090:Middlewares/Third_Party/LwIP/src/core/tcp.c ****   }
 6052              		.loc 1 1090 13 is_stmt 0 view .LVU1847
 6053 00de 201D     		adds	r0, r4, #4
 6054 00e0 FFF7FEFF 		bl	ip4_route
 6055              	.LVL581:
1090:Middlewares/Third_Party/LwIP/src/core/tcp.c ****   }
 6056              		.loc 1 1090 13 view .LVU1848
 6057 00e4 9EE7     		b	.L542
 6058              	.LVL582:
 6059              	.L558:
1174:Middlewares/Third_Party/LwIP/src/core/tcp.c ****     }
 6060              		.loc 1 1174 7 is_stmt 1 discriminator 1 view .LVU1849
 6061 00e6 DA68     		ldr	r2, [r3, #12]
 6062 00e8 0E4B     		ldr	r3, .L560
 6063 00ea 1A60     		str	r2, [r3]
 6064 00ec 01E0     		b	.L548
 6065              	.LVL583:
 6066              	.L559:
 6067              	.LBB37:
ARM GAS  C:\msys64\tmp\cc73uNFg.s 			page 179


1174:Middlewares/Third_Party/LwIP/src/core/tcp.c ****     }
 6068              		.loc 1 1174 7 discriminator 5 view .LVU1850
 6069 00ee E268     		ldr	r2, [r4, #12]
 6070 00f0 DA60     		str	r2, [r3, #12]
1174:Middlewares/Third_Party/LwIP/src/core/tcp.c ****     }
 6071              		.loc 1 1174 7 discriminator 5 view .LVU1851
 6072              	.LVL584:
 6073              	.L548:
1174:Middlewares/Third_Party/LwIP/src/core/tcp.c ****     }
 6074              		.loc 1 1174 7 is_stmt 0 discriminator 5 view .LVU1852
 6075              	.LBE37:
1174:Middlewares/Third_Party/LwIP/src/core/tcp.c ****     }
 6076              		.loc 1 1174 7 is_stmt 1 discriminator 10 view .LVU1853
 6077 00f2 0023     		movs	r3, #0
 6078 00f4 E360     		str	r3, [r4, #12]
 6079              	.L546:
1174:Middlewares/Third_Party/LwIP/src/core/tcp.c ****     }
 6080              		.loc 1 1174 7 discriminator 11 view .LVU1854
1176:Middlewares/Third_Party/LwIP/src/core/tcp.c ****     MIB2_STATS_INC(mib2.tcpactiveopens);
 6081              		.loc 1 1176 5 discriminator 11 view .LVU1855
1176:Middlewares/Third_Party/LwIP/src/core/tcp.c ****     MIB2_STATS_INC(mib2.tcpactiveopens);
 6082              		.loc 1 1176 5 discriminator 11 view .LVU1856
1176:Middlewares/Third_Party/LwIP/src/core/tcp.c ****     MIB2_STATS_INC(mib2.tcpactiveopens);
 6083              		.loc 1 1176 5 discriminator 11 view .LVU1857
 6084 00f6 114B     		ldr	r3, .L560+24
 6085 00f8 1A68     		ldr	r2, [r3]
 6086 00fa E260     		str	r2, [r4, #12]
1176:Middlewares/Third_Party/LwIP/src/core/tcp.c ****     MIB2_STATS_INC(mib2.tcpactiveopens);
 6087              		.loc 1 1176 5 discriminator 11 view .LVU1858
 6088 00fc 1C60     		str	r4, [r3]
1176:Middlewares/Third_Party/LwIP/src/core/tcp.c ****     MIB2_STATS_INC(mib2.tcpactiveopens);
 6089              		.loc 1 1176 5 discriminator 11 view .LVU1859
 6090 00fe FFF7FEFF 		bl	tcp_timer_needed
 6091              	.LVL585:
1176:Middlewares/Third_Party/LwIP/src/core/tcp.c ****     MIB2_STATS_INC(mib2.tcpactiveopens);
 6092              		.loc 1 1176 5 discriminator 11 view .LVU1860
1176:Middlewares/Third_Party/LwIP/src/core/tcp.c ****     MIB2_STATS_INC(mib2.tcpactiveopens);
 6093              		.loc 1 1176 5 discriminator 11 view .LVU1861
 6094 0102 0F4B     		ldr	r3, .L560+28
 6095 0104 0122     		movs	r2, #1
 6096 0106 1A70     		strb	r2, [r3]
1176:Middlewares/Third_Party/LwIP/src/core/tcp.c ****     MIB2_STATS_INC(mib2.tcpactiveopens);
 6097              		.loc 1 1176 5 discriminator 11 view .LVU1862
1177:Middlewares/Third_Party/LwIP/src/core/tcp.c **** 
 6098              		.loc 1 1177 40 discriminator 11 view .LVU1863
1179:Middlewares/Third_Party/LwIP/src/core/tcp.c ****   }
 6099              		.loc 1 1179 5 discriminator 11 view .LVU1864
 6100 0108 2046     		mov	r0, r4
 6101 010a FFF7FEFF 		bl	tcp_output
 6102              	.LVL586:
 6103              	.L538:
1182:Middlewares/Third_Party/LwIP/src/core/tcp.c **** 
 6104              		.loc 1 1182 1 is_stmt 0 view .LVU1865
 6105 010e 2846     		mov	r0, r5
 6106 0110 70BD     		pop	{r4, r5, r6, pc}
 6107              	.LVL587:
 6108              	.L550:
ARM GAS  C:\msys64\tmp\cc73uNFg.s 			page 180


1094:Middlewares/Third_Party/LwIP/src/core/tcp.c ****   }
 6109              		.loc 1 1094 12 view .LVU1866
 6110 0112 6FF00305 		mvn	r5, #3
 6111              	.LVL588:
1094:Middlewares/Third_Party/LwIP/src/core/tcp.c ****   }
 6112              		.loc 1 1094 12 view .LVU1867
 6113 0116 FAE7     		b	.L538
 6114              	.LVL589:
 6115              	.L551:
 6116              	.LBB38:
1101:Middlewares/Third_Party/LwIP/src/core/tcp.c ****     }
 6117              		.loc 1 1101 14 view .LVU1868
 6118 0118 6FF00305 		mvn	r5, #3
 6119              	.LVL590:
1101:Middlewares/Third_Party/LwIP/src/core/tcp.c ****     }
 6120              		.loc 1 1101 14 view .LVU1869
 6121 011c F7E7     		b	.L538
 6122              	.LVL591:
 6123              	.L552:
1101:Middlewares/Third_Party/LwIP/src/core/tcp.c ****     }
 6124              		.loc 1 1101 14 view .LVU1870
 6125              	.LBE38:
1119:Middlewares/Third_Party/LwIP/src/core/tcp.c ****     }
 6126              		.loc 1 1119 14 view .LVU1871
 6127 011e 6FF00105 		mvn	r5, #1
 6128              	.LVL592:
1119:Middlewares/Third_Party/LwIP/src/core/tcp.c ****     }
 6129              		.loc 1 1119 14 view .LVU1872
 6130 0122 F4E7     		b	.L538
 6131              	.L561:
 6132              		.align	2
 6133              	.L560:
 6134 0124 00000000 		.word	.LANCHOR3
 6135 0128 00000000 		.word	.LC0
 6136 012c 00000000 		.word	.LC48
 6137 0130 54000000 		.word	.LC2
 6138 0134 1C000000 		.word	.LC49
 6139 0138 38000000 		.word	.LC50
 6140 013c 00000000 		.word	.LANCHOR2
 6141 0140 00000000 		.word	.LANCHOR9
 6142              		.cfi_endproc
 6143              	.LFE180:
 6145              		.section	.text.tcp_netif_ip_addr_changed,"ax",%progbits
 6146              		.align	1
 6147              		.global	tcp_netif_ip_addr_changed
 6148              		.syntax unified
 6149              		.thumb
 6150              		.thumb_func
 6152              	tcp_netif_ip_addr_changed:
 6153              	.LVL593:
 6154              	.LFB206:
2324:Middlewares/Third_Party/LwIP/src/core/tcp.c **** 
2325:Middlewares/Third_Party/LwIP/src/core/tcp.c **** /** This function is called from netif.c when address is changed or netif is removed
2326:Middlewares/Third_Party/LwIP/src/core/tcp.c ****  *
2327:Middlewares/Third_Party/LwIP/src/core/tcp.c ****  * @param old_addr IP address of the netif before change
2328:Middlewares/Third_Party/LwIP/src/core/tcp.c ****  * @param new_addr IP address of the netif after change or NULL if netif has been removed
2329:Middlewares/Third_Party/LwIP/src/core/tcp.c ****  */
ARM GAS  C:\msys64\tmp\cc73uNFg.s 			page 181


2330:Middlewares/Third_Party/LwIP/src/core/tcp.c **** void
2331:Middlewares/Third_Party/LwIP/src/core/tcp.c **** tcp_netif_ip_addr_changed(const ip_addr_t *old_addr, const ip_addr_t *new_addr)
2332:Middlewares/Third_Party/LwIP/src/core/tcp.c **** {
 6155              		.loc 1 2332 1 is_stmt 1 view -0
 6156              		.cfi_startproc
 6157              		@ args = 0, pretend = 0, frame = 0
 6158              		@ frame_needed = 0, uses_anonymous_args = 0
2333:Middlewares/Third_Party/LwIP/src/core/tcp.c ****   struct tcp_pcb_listen *lpcb;
 6159              		.loc 1 2333 3 view .LVU1874
2334:Middlewares/Third_Party/LwIP/src/core/tcp.c **** 
2335:Middlewares/Third_Party/LwIP/src/core/tcp.c ****   if (!ip_addr_isany(old_addr)) {
 6160              		.loc 1 2335 3 view .LVU1875
 6161              		.loc 1 2335 6 is_stmt 0 view .LVU1876
 6162 0000 00B3     		cbz	r0, .L568
2332:Middlewares/Third_Party/LwIP/src/core/tcp.c ****   struct tcp_pcb_listen *lpcb;
 6163              		.loc 1 2332 1 discriminator 1 view .LVU1877
 6164 0002 38B5     		push	{r3, r4, r5, lr}
 6165              	.LCFI56:
 6166              		.cfi_def_cfa_offset 16
 6167              		.cfi_offset 3, -16
 6168              		.cfi_offset 4, -12
 6169              		.cfi_offset 5, -8
 6170              		.cfi_offset 14, -4
 6171 0004 0D46     		mov	r5, r1
 6172 0006 0446     		mov	r4, r0
 6173              		.loc 1 2335 8 discriminator 1 view .LVU1878
 6174 0008 0368     		ldr	r3, [r0]
 6175              		.loc 1 2335 7 discriminator 1 view .LVU1879
 6176 000a 03B9     		cbnz	r3, .L571
 6177              	.LVL594:
 6178              	.L562:
2336:Middlewares/Third_Party/LwIP/src/core/tcp.c ****     tcp_netif_ip_addr_changed_pcblist(old_addr, tcp_active_pcbs);
2337:Middlewares/Third_Party/LwIP/src/core/tcp.c ****     tcp_netif_ip_addr_changed_pcblist(old_addr, tcp_bound_pcbs);
2338:Middlewares/Third_Party/LwIP/src/core/tcp.c **** 
2339:Middlewares/Third_Party/LwIP/src/core/tcp.c ****     if (!ip_addr_isany(new_addr)) {
2340:Middlewares/Third_Party/LwIP/src/core/tcp.c ****       /* PCB bound to current local interface address? */
2341:Middlewares/Third_Party/LwIP/src/core/tcp.c ****       for (lpcb = tcp_listen_pcbs.listen_pcbs; lpcb != NULL; lpcb = lpcb->next) {
2342:Middlewares/Third_Party/LwIP/src/core/tcp.c ****         /* PCB bound to current local interface address? */
2343:Middlewares/Third_Party/LwIP/src/core/tcp.c ****         if (ip_addr_cmp(&lpcb->local_ip, old_addr)) {
2344:Middlewares/Third_Party/LwIP/src/core/tcp.c ****           /* The PCB is listening to the old ipaddr and
2345:Middlewares/Third_Party/LwIP/src/core/tcp.c ****             * is set to listen to the new one instead */
2346:Middlewares/Third_Party/LwIP/src/core/tcp.c ****           ip_addr_copy(lpcb->local_ip, *new_addr);
2347:Middlewares/Third_Party/LwIP/src/core/tcp.c ****         }
2348:Middlewares/Third_Party/LwIP/src/core/tcp.c ****       }
2349:Middlewares/Third_Party/LwIP/src/core/tcp.c ****     }
2350:Middlewares/Third_Party/LwIP/src/core/tcp.c ****   }
2351:Middlewares/Third_Party/LwIP/src/core/tcp.c **** }
 6179              		.loc 1 2351 1 view .LVU1880
 6180 000c 38BD     		pop	{r3, r4, r5, pc}
 6181              	.LVL595:
 6182              	.L571:
2336:Middlewares/Third_Party/LwIP/src/core/tcp.c ****     tcp_netif_ip_addr_changed_pcblist(old_addr, tcp_active_pcbs);
 6183              		.loc 1 2336 5 is_stmt 1 view .LVU1881
 6184 000e 0E4B     		ldr	r3, .L572
 6185 0010 1968     		ldr	r1, [r3]
 6186              	.LVL596:
2336:Middlewares/Third_Party/LwIP/src/core/tcp.c ****     tcp_netif_ip_addr_changed_pcblist(old_addr, tcp_active_pcbs);
ARM GAS  C:\msys64\tmp\cc73uNFg.s 			page 182


 6187              		.loc 1 2336 5 is_stmt 0 view .LVU1882
 6188 0012 FFF7FEFF 		bl	tcp_netif_ip_addr_changed_pcblist
 6189              	.LVL597:
2337:Middlewares/Third_Party/LwIP/src/core/tcp.c **** 
 6190              		.loc 1 2337 5 is_stmt 1 view .LVU1883
 6191 0016 0D4B     		ldr	r3, .L572+4
 6192 0018 1968     		ldr	r1, [r3]
 6193 001a 2046     		mov	r0, r4
 6194 001c FFF7FEFF 		bl	tcp_netif_ip_addr_changed_pcblist
 6195              	.LVL598:
2339:Middlewares/Third_Party/LwIP/src/core/tcp.c ****       /* PCB bound to current local interface address? */
 6196              		.loc 1 2339 5 view .LVU1884
2339:Middlewares/Third_Party/LwIP/src/core/tcp.c ****       /* PCB bound to current local interface address? */
 6197              		.loc 1 2339 8 is_stmt 0 view .LVU1885
 6198 0020 002D     		cmp	r5, #0
 6199 0022 F3D0     		beq	.L562
2339:Middlewares/Third_Party/LwIP/src/core/tcp.c ****       /* PCB bound to current local interface address? */
 6200              		.loc 1 2339 10 discriminator 1 view .LVU1886
 6201 0024 2B68     		ldr	r3, [r5]
2339:Middlewares/Third_Party/LwIP/src/core/tcp.c ****       /* PCB bound to current local interface address? */
 6202              		.loc 1 2339 9 discriminator 1 view .LVU1887
 6203 0026 002B     		cmp	r3, #0
 6204 0028 F0D0     		beq	.L562
2341:Middlewares/Third_Party/LwIP/src/core/tcp.c ****         /* PCB bound to current local interface address? */
 6205              		.loc 1 2341 7 is_stmt 1 view .LVU1888
2341:Middlewares/Third_Party/LwIP/src/core/tcp.c ****         /* PCB bound to current local interface address? */
 6206              		.loc 1 2341 17 is_stmt 0 view .LVU1889
 6207 002a 094B     		ldr	r3, .L572+8
 6208 002c 1B68     		ldr	r3, [r3]
 6209              	.LVL599:
2341:Middlewares/Third_Party/LwIP/src/core/tcp.c ****         /* PCB bound to current local interface address? */
 6210              		.loc 1 2341 7 view .LVU1890
 6211 002e 00E0     		b	.L564
 6212              	.L565:
2341:Middlewares/Third_Party/LwIP/src/core/tcp.c ****         /* PCB bound to current local interface address? */
 6213              		.loc 1 2341 67 is_stmt 1 discriminator 2 view .LVU1891
 6214 0030 DB68     		ldr	r3, [r3, #12]
 6215              	.LVL600:
 6216              	.L564:
2341:Middlewares/Third_Party/LwIP/src/core/tcp.c ****         /* PCB bound to current local interface address? */
 6217              		.loc 1 2341 53 discriminator 1 view .LVU1892
 6218 0032 002B     		cmp	r3, #0
 6219 0034 EAD0     		beq	.L562
2343:Middlewares/Third_Party/LwIP/src/core/tcp.c ****           /* The PCB is listening to the old ipaddr and
 6220              		.loc 1 2343 9 view .LVU1893
2343:Middlewares/Third_Party/LwIP/src/core/tcp.c ****           /* The PCB is listening to the old ipaddr and
 6221              		.loc 1 2343 13 is_stmt 0 view .LVU1894
 6222 0036 1968     		ldr	r1, [r3]
 6223 0038 2268     		ldr	r2, [r4]
2343:Middlewares/Third_Party/LwIP/src/core/tcp.c ****           /* The PCB is listening to the old ipaddr and
 6224              		.loc 1 2343 12 view .LVU1895
 6225 003a 9142     		cmp	r1, r2
 6226 003c F8D1     		bne	.L565
2346:Middlewares/Third_Party/LwIP/src/core/tcp.c ****         }
 6227              		.loc 1 2346 11 is_stmt 1 view .LVU1896
 6228 003e 2A68     		ldr	r2, [r5]
 6229 0040 1A60     		str	r2, [r3]
ARM GAS  C:\msys64\tmp\cc73uNFg.s 			page 183


 6230 0042 F5E7     		b	.L565
 6231              	.LVL601:
 6232              	.L568:
 6233              	.LCFI57:
 6234              		.cfi_def_cfa_offset 0
 6235              		.cfi_restore 3
 6236              		.cfi_restore 4
 6237              		.cfi_restore 5
 6238              		.cfi_restore 14
2346:Middlewares/Third_Party/LwIP/src/core/tcp.c ****         }
 6239              		.loc 1 2346 11 is_stmt 0 view .LVU1897
 6240 0044 7047     		bx	lr
 6241              	.L573:
 6242 0046 00BF     		.align	2
 6243              	.L572:
 6244 0048 00000000 		.word	.LANCHOR2
 6245 004c 00000000 		.word	.LANCHOR3
 6246 0050 00000000 		.word	.LANCHOR4
 6247              		.cfi_endproc
 6248              	.LFE206:
 6250              		.section	.text.tcp_debug_state_str,"ax",%progbits
 6251              		.align	1
 6252              		.global	tcp_debug_state_str
 6253              		.syntax unified
 6254              		.thumb
 6255              		.thumb_func
 6257              	tcp_debug_state_str:
 6258              	.LVL602:
 6259              	.LFB207:
2352:Middlewares/Third_Party/LwIP/src/core/tcp.c **** 
2353:Middlewares/Third_Party/LwIP/src/core/tcp.c **** const char *
2354:Middlewares/Third_Party/LwIP/src/core/tcp.c **** tcp_debug_state_str(enum tcp_state s)
2355:Middlewares/Third_Party/LwIP/src/core/tcp.c **** {
 6260              		.loc 1 2355 1 is_stmt 1 view -0
 6261              		.cfi_startproc
 6262              		@ args = 0, pretend = 0, frame = 0
 6263              		@ frame_needed = 0, uses_anonymous_args = 0
 6264              		@ link register save eliminated.
2356:Middlewares/Third_Party/LwIP/src/core/tcp.c ****   return tcp_state_str[s];
 6265              		.loc 1 2356 3 view .LVU1899
2357:Middlewares/Third_Party/LwIP/src/core/tcp.c **** }
 6266              		.loc 1 2357 1 is_stmt 0 view .LVU1900
 6267 0000 014B     		ldr	r3, .L575
 6268 0002 53F82000 		ldr	r0, [r3, r0, lsl #2]
 6269              	.LVL603:
 6270              		.loc 1 2357 1 view .LVU1901
 6271 0006 7047     		bx	lr
 6272              	.L576:
 6273              		.align	2
 6274              	.L575:
 6275 0008 00000000 		.word	.LANCHOR13
 6276              		.cfi_endproc
 6277              	.LFE207:
 6279              		.section	.text.tcp_tcp_get_tcp_addrinfo,"ax",%progbits
 6280              		.align	1
 6281              		.global	tcp_tcp_get_tcp_addrinfo
 6282              		.syntax unified
ARM GAS  C:\msys64\tmp\cc73uNFg.s 			page 184


 6283              		.thumb
 6284              		.thumb_func
 6286              	tcp_tcp_get_tcp_addrinfo:
 6287              	.LVL604:
 6288              	.LFB208:
2358:Middlewares/Third_Party/LwIP/src/core/tcp.c **** 
2359:Middlewares/Third_Party/LwIP/src/core/tcp.c **** err_t
2360:Middlewares/Third_Party/LwIP/src/core/tcp.c **** tcp_tcp_get_tcp_addrinfo(struct tcp_pcb *pcb, int local, ip_addr_t *addr, u16_t *port)
2361:Middlewares/Third_Party/LwIP/src/core/tcp.c **** {
 6289              		.loc 1 2361 1 is_stmt 1 view -0
 6290              		.cfi_startproc
 6291              		@ args = 0, pretend = 0, frame = 0
 6292              		@ frame_needed = 0, uses_anonymous_args = 0
 6293              		@ link register save eliminated.
2362:Middlewares/Third_Party/LwIP/src/core/tcp.c ****   if (pcb) {
 6294              		.loc 1 2362 3 view .LVU1903
 6295              		.loc 1 2362 6 is_stmt 0 view .LVU1904
 6296 0000 8446     		mov	ip, r0
 6297 0002 90B1     		cbz	r0, .L583
2363:Middlewares/Third_Party/LwIP/src/core/tcp.c ****     if (local) {
 6298              		.loc 1 2363 5 is_stmt 1 view .LVU1905
 6299              		.loc 1 2363 8 is_stmt 0 view .LVU1906
 6300 0004 41B1     		cbz	r1, .L579
2364:Middlewares/Third_Party/LwIP/src/core/tcp.c ****       if (addr) {
 6301              		.loc 1 2364 7 is_stmt 1 view .LVU1907
 6302              		.loc 1 2364 10 is_stmt 0 view .LVU1908
 6303 0006 0AB1     		cbz	r2, .L580
2365:Middlewares/Third_Party/LwIP/src/core/tcp.c ****         *addr = pcb->local_ip;
 6304              		.loc 1 2365 9 is_stmt 1 view .LVU1909
 6305              		.loc 1 2365 15 is_stmt 0 view .LVU1910
 6306 0008 0168     		ldr	r1, [r0]
 6307              	.LVL605:
 6308              		.loc 1 2365 15 view .LVU1911
 6309 000a 1160     		str	r1, [r2]
 6310              	.L580:
2366:Middlewares/Third_Party/LwIP/src/core/tcp.c ****       }
2367:Middlewares/Third_Party/LwIP/src/core/tcp.c ****       if (port) {
 6311              		.loc 1 2367 7 is_stmt 1 view .LVU1912
 6312              		.loc 1 2367 10 is_stmt 0 view .LVU1913
 6313 000c 13B1     		cbz	r3, .L581
2368:Middlewares/Third_Party/LwIP/src/core/tcp.c ****         *port = pcb->local_port;
 6314              		.loc 1 2368 9 is_stmt 1 view .LVU1914
 6315              		.loc 1 2368 20 is_stmt 0 view .LVU1915
 6316 000e BCF81620 		ldrh	r2, [ip, #22]
 6317              	.LVL606:
 6318              		.loc 1 2368 15 view .LVU1916
 6319 0012 1A80     		strh	r2, [r3]	@ movhi
 6320              	.L581:
2369:Middlewares/Third_Party/LwIP/src/core/tcp.c ****       }
2370:Middlewares/Third_Party/LwIP/src/core/tcp.c ****     } else {
2371:Middlewares/Third_Party/LwIP/src/core/tcp.c ****       if (addr) {
2372:Middlewares/Third_Party/LwIP/src/core/tcp.c ****         *addr = pcb->remote_ip;
2373:Middlewares/Third_Party/LwIP/src/core/tcp.c ****       }
2374:Middlewares/Third_Party/LwIP/src/core/tcp.c ****       if (port) {
2375:Middlewares/Third_Party/LwIP/src/core/tcp.c ****         *port = pcb->remote_port;
2376:Middlewares/Third_Party/LwIP/src/core/tcp.c ****       }
2377:Middlewares/Third_Party/LwIP/src/core/tcp.c ****     }
ARM GAS  C:\msys64\tmp\cc73uNFg.s 			page 185


2378:Middlewares/Third_Party/LwIP/src/core/tcp.c ****     return ERR_OK;
 6321              		.loc 1 2378 5 is_stmt 1 view .LVU1917
 6322              		.loc 1 2378 12 is_stmt 0 view .LVU1918
 6323 0014 0020     		movs	r0, #0
 6324              	.LVL607:
 6325              		.loc 1 2378 12 view .LVU1919
 6326 0016 7047     		bx	lr
 6327              	.LVL608:
 6328              	.L579:
2371:Middlewares/Third_Party/LwIP/src/core/tcp.c ****         *addr = pcb->remote_ip;
 6329              		.loc 1 2371 7 is_stmt 1 view .LVU1920
2371:Middlewares/Third_Party/LwIP/src/core/tcp.c ****         *addr = pcb->remote_ip;
 6330              		.loc 1 2371 10 is_stmt 0 view .LVU1921
 6331 0018 0AB1     		cbz	r2, .L582
2372:Middlewares/Third_Party/LwIP/src/core/tcp.c ****       }
 6332              		.loc 1 2372 9 is_stmt 1 view .LVU1922
2372:Middlewares/Third_Party/LwIP/src/core/tcp.c ****       }
 6333              		.loc 1 2372 15 is_stmt 0 view .LVU1923
 6334 001a 4168     		ldr	r1, [r0, #4]
 6335              	.LVL609:
2372:Middlewares/Third_Party/LwIP/src/core/tcp.c ****       }
 6336              		.loc 1 2372 15 view .LVU1924
 6337 001c 1160     		str	r1, [r2]
 6338              	.L582:
2374:Middlewares/Third_Party/LwIP/src/core/tcp.c ****         *port = pcb->remote_port;
 6339              		.loc 1 2374 7 is_stmt 1 view .LVU1925
2374:Middlewares/Third_Party/LwIP/src/core/tcp.c ****         *port = pcb->remote_port;
 6340              		.loc 1 2374 10 is_stmt 0 view .LVU1926
 6341 001e 002B     		cmp	r3, #0
 6342 0020 F8D0     		beq	.L581
2375:Middlewares/Third_Party/LwIP/src/core/tcp.c ****       }
 6343              		.loc 1 2375 9 is_stmt 1 view .LVU1927
2375:Middlewares/Third_Party/LwIP/src/core/tcp.c ****       }
 6344              		.loc 1 2375 20 is_stmt 0 view .LVU1928
 6345 0022 BCF81820 		ldrh	r2, [ip, #24]
 6346              	.LVL610:
2375:Middlewares/Third_Party/LwIP/src/core/tcp.c ****       }
 6347              		.loc 1 2375 15 view .LVU1929
 6348 0026 1A80     		strh	r2, [r3]	@ movhi
 6349 0028 F4E7     		b	.L581
 6350              	.LVL611:
 6351              	.L583:
2379:Middlewares/Third_Party/LwIP/src/core/tcp.c ****   }
2380:Middlewares/Third_Party/LwIP/src/core/tcp.c ****   return ERR_VAL;
 6352              		.loc 1 2380 10 view .LVU1930
 6353 002a 6FF00500 		mvn	r0, #5
 6354              	.LVL612:
2381:Middlewares/Third_Party/LwIP/src/core/tcp.c **** }
 6355              		.loc 1 2381 1 view .LVU1931
 6356 002e 7047     		bx	lr
 6357              		.cfi_endproc
 6358              	.LFE208:
 6360              		.global	tcp_active_pcbs_changed
 6361              		.global	tcp_pcb_lists
 6362              		.global	tcp_tw_pcbs
 6363              		.global	tcp_active_pcbs
 6364              		.global	tcp_listen_pcbs
ARM GAS  C:\msys64\tmp\cc73uNFg.s 			page 186


 6365              		.global	tcp_bound_pcbs
 6366              		.global	tcp_ticks
 6367              		.section	.rodata.str1.4,"aMS",%progbits,1
 6368              		.align	2
 6369              	.LC51:
 6370 0000 434C4F53 		.ascii	"CLOSED\000"
 6370      454400
 6371 0007 00       		.align	2
 6372              	.LC52:
 6373 0008 4C495354 		.ascii	"LISTEN\000"
 6373      454E00
 6374 000f 00       		.align	2
 6375              	.LC53:
 6376 0010 53594E5F 		.ascii	"SYN_SENT\000"
 6376      53454E54 
 6376      00
 6377 0019 000000   		.align	2
 6378              	.LC54:
 6379 001c 53594E5F 		.ascii	"SYN_RCVD\000"
 6379      52435644 
 6379      00
 6380 0025 000000   		.align	2
 6381              	.LC55:
 6382 0028 45535441 		.ascii	"ESTABLISHED\000"
 6382      424C4953 
 6382      48454400 
 6383              		.align	2
 6384              	.LC56:
 6385 0034 46494E5F 		.ascii	"FIN_WAIT_1\000"
 6385      57414954 
 6385      5F3100
 6386 003f 00       		.align	2
 6387              	.LC57:
 6388 0040 46494E5F 		.ascii	"FIN_WAIT_2\000"
 6388      57414954 
 6388      5F3200
 6389 004b 00       		.align	2
 6390              	.LC58:
 6391 004c 434C4F53 		.ascii	"CLOSE_WAIT\000"
 6391      455F5741 
 6391      495400
 6392 0057 00       		.align	2
 6393              	.LC59:
 6394 0058 434C4F53 		.ascii	"CLOSING\000"
 6394      494E4700 
 6395              		.align	2
 6396              	.LC60:
 6397 0060 4C415354 		.ascii	"LAST_ACK\000"
 6397      5F41434B 
 6397      00
 6398 0069 000000   		.align	2
 6399              	.LC61:
 6400 006c 54494D45 		.ascii	"TIME_WAIT\000"
 6400      5F574149 
 6400      5400
 6401              		.section	.bss.tcp_active_pcbs,"aw",%nobits
 6402              		.align	2
ARM GAS  C:\msys64\tmp\cc73uNFg.s 			page 187


 6403              		.set	.LANCHOR2,. + 0
 6406              	tcp_active_pcbs:
 6407 0000 00000000 		.space	4
 6408              		.section	.bss.tcp_active_pcbs_changed,"aw",%nobits
 6409              		.set	.LANCHOR9,. + 0
 6412              	tcp_active_pcbs_changed:
 6413 0000 00       		.space	1
 6414              		.section	.bss.tcp_bound_pcbs,"aw",%nobits
 6415              		.align	2
 6416              		.set	.LANCHOR3,. + 0
 6419              	tcp_bound_pcbs:
 6420 0000 00000000 		.space	4
 6421              		.section	.bss.tcp_listen_pcbs,"aw",%nobits
 6422              		.align	2
 6423              		.set	.LANCHOR4,. + 0
 6426              	tcp_listen_pcbs:
 6427 0000 00000000 		.space	4
 6428              		.section	.bss.tcp_ticks,"aw",%nobits
 6429              		.align	2
 6430              		.set	.LANCHOR5,. + 0
 6433              	tcp_ticks:
 6434 0000 00000000 		.space	4
 6435              		.section	.bss.tcp_timer,"aw",%nobits
 6436              		.set	.LANCHOR11,. + 0
 6439              	tcp_timer:
 6440 0000 00       		.space	1
 6441              		.section	.bss.tcp_timer_ctr,"aw",%nobits
 6442              		.set	.LANCHOR6,. + 0
 6445              	tcp_timer_ctr:
 6446 0000 00       		.space	1
 6447              		.section	.bss.tcp_tw_pcbs,"aw",%nobits
 6448              		.align	2
 6449              		.set	.LANCHOR10,. + 0
 6452              	tcp_tw_pcbs:
 6453 0000 00000000 		.space	4
 6454              		.section	.data.iss.0,"aw"
 6455              		.align	2
 6456              		.set	.LANCHOR12,. + 0
 6459              	iss.0:
 6460 0000 6E190000 		.word	6510
 6461              		.section	.data.tcp_port,"aw"
 6462              		.align	1
 6463              		.set	.LANCHOR0,. + 0
 6466              	tcp_port:
 6467 0000 00C0     		.short	-16384
 6468              		.section	.rodata.tcp_backoff,"a"
 6469              		.align	2
 6470              		.set	.LANCHOR8,. + 0
 6473              	tcp_backoff:
 6474 0000 01020304 		.ascii	"\001\002\003\004\005\006\007\007\007\007\007\007\007"
 6474      05060707 
 6474      07070707 
 6474      07
 6475              		.section	.rodata.tcp_pcb_lists,"a"
 6476              		.align	2
 6477              		.set	.LANCHOR1,. + 0
 6480              	tcp_pcb_lists:
ARM GAS  C:\msys64\tmp\cc73uNFg.s 			page 188


 6481 0000 00000000 		.word	tcp_listen_pcbs
 6482 0004 00000000 		.word	tcp_bound_pcbs
 6483 0008 00000000 		.word	tcp_active_pcbs
 6484 000c 00000000 		.word	tcp_tw_pcbs
 6485              		.section	.rodata.tcp_persist_backoff,"a"
 6486              		.align	2
 6487              		.set	.LANCHOR7,. + 0
 6490              	tcp_persist_backoff:
 6491 0000 03060C18 		.ascii	"\003\006\014\0300`x"
 6491      306078
 6492              		.section	.rodata.tcp_state_str,"a"
 6493              		.align	2
 6494              		.set	.LANCHOR13,. + 0
 6497              	tcp_state_str:
 6498 0000 00000000 		.word	.LC51
 6499 0004 08000000 		.word	.LC52
 6500 0008 10000000 		.word	.LC53
 6501 000c 1C000000 		.word	.LC54
 6502 0010 28000000 		.word	.LC55
 6503 0014 34000000 		.word	.LC56
 6504 0018 40000000 		.word	.LC57
 6505 001c 4C000000 		.word	.LC58
 6506 0020 58000000 		.word	.LC59
 6507 0024 60000000 		.word	.LC60
 6508 0028 6C000000 		.word	.LC61
 6509              		.text
 6510              	.Letext0:
 6511              		.file 2 "c:\\tools\\gcc-arm-11.2-2022.02-mingw-w64-i686-arm-none-eabi\\arm-none-eabi\\include\\mac
 6512              		.file 3 "c:\\tools\\gcc-arm-11.2-2022.02-mingw-w64-i686-arm-none-eabi\\arm-none-eabi\\include\\sys
 6513              		.file 4 "c:\\tools\\gcc-arm-11.2-2022.02-mingw-w64-i686-arm-none-eabi\\lib\\gcc\\arm-none-eabi\\11
 6514              		.file 5 "Middlewares/Third_Party/LwIP/src/include/lwip/arch.h"
 6515              		.file 6 "Middlewares/Third_Party/LwIP/src/include/lwip/memp.h"
 6516              		.file 7 "Middlewares/Third_Party/LwIP/src/include/lwip/tcpbase.h"
 6517              		.file 8 "Middlewares/Third_Party/LwIP/src/include/lwip/err.h"
 6518              		.file 9 "Middlewares/Third_Party/LwIP/src/include/lwip/pbuf.h"
 6519              		.file 10 "Middlewares/Third_Party/LwIP/src/include/lwip/ip4_addr.h"
 6520              		.file 11 "Middlewares/Third_Party/LwIP/src/include/lwip/ip_addr.h"
 6521              		.file 12 "Middlewares/Third_Party/LwIP/src/include/lwip/netif.h"
 6522              		.file 13 "Middlewares/Third_Party/LwIP/src/include/lwip/tcp.h"
 6523              		.file 14 "Middlewares/Third_Party/LwIP/src/include/lwip/priv/tcp_priv.h"
 6524              		.file 15 "Middlewares/Third_Party/LwIP/src/include/lwip/prot/tcp.h"
 6525              		.file 16 "c:\\tools\\gcc-arm-11.2-2022.02-mingw-w64-i686-arm-none-eabi\\arm-none-eabi\\include\\st
 6526              		.file 17 "Middlewares/Third_Party/LwIP/src/include/lwip/ip4.h"
 6527              		.file 18 "c:\\tools\\gcc-arm-11.2-2022.02-mingw-w64-i686-arm-none-eabi\\arm-none-eabi\\include\\st
 6528              		.file 19 "c:\\tools\\gcc-arm-11.2-2022.02-mingw-w64-i686-arm-none-eabi\\arm-none-eabi\\include\\st
 6529              		.file 20 "<built-in>"
ARM GAS  C:\msys64\tmp\cc73uNFg.s 			page 189


DEFINED SYMBOLS
                            *ABS*:00000000 tcp.c
C:\msys64\tmp\cc73uNFg.s:20     .text.tcp_new_port:00000000 $t
C:\msys64\tmp\cc73uNFg.s:25     .text.tcp_new_port:00000000 tcp_new_port
C:\msys64\tmp\cc73uNFg.s:137    .text.tcp_new_port:00000060 $d
C:\msys64\tmp\cc73uNFg.s:143    .rodata.tcp_remove_listener.str1.4:00000000 $d
C:\msys64\tmp\cc73uNFg.s:153    .text.tcp_remove_listener:00000000 $t
C:\msys64\tmp\cc73uNFg.s:158    .text.tcp_remove_listener:00000000 tcp_remove_listener
C:\msys64\tmp\cc73uNFg.s:219    .text.tcp_remove_listener:00000028 $d
C:\msys64\tmp\cc73uNFg.s:226    .rodata.tcp_listen_closed.str1.4:00000000 $d
C:\msys64\tmp\cc73uNFg.s:233    .text.tcp_listen_closed:00000000 $t
C:\msys64\tmp\cc73uNFg.s:238    .text.tcp_listen_closed:00000000 tcp_listen_closed
C:\msys64\tmp\cc73uNFg.s:319    .text.tcp_listen_closed:00000048 $d
C:\msys64\tmp\cc73uNFg.s:328    .rodata.tcp_free_listen.str1.4:00000000 $d
C:\msys64\tmp\cc73uNFg.s:332    .text.tcp_free_listen:00000000 $t
C:\msys64\tmp\cc73uNFg.s:337    .text.tcp_free_listen:00000000 tcp_free_listen
C:\msys64\tmp\cc73uNFg.s:383    .text.tcp_free_listen:00000024 $d
C:\msys64\tmp\cc73uNFg.s:390    .text.tcp_close_shutdown_fin:00000000 $t
C:\msys64\tmp\cc73uNFg.s:395    .text.tcp_close_shutdown_fin:00000000 tcp_close_shutdown_fin
C:\msys64\tmp\cc73uNFg.s:530    .text.tcp_close_shutdown_fin:00000078 $d
C:\msys64\tmp\cc73uNFg.s:537    .text.tcp_handle_closepend:00000000 $t
C:\msys64\tmp\cc73uNFg.s:542    .text.tcp_handle_closepend:00000000 tcp_handle_closepend
C:\msys64\tmp\cc73uNFg.s:611    .text.tcp_handle_closepend:00000028 $d
C:\msys64\tmp\cc73uNFg.s:616    .text.tcp_init:00000000 $t
C:\msys64\tmp\cc73uNFg.s:622    .text.tcp_init:00000000 tcp_init
C:\msys64\tmp\cc73uNFg.s:647    .text.tcp_init:00000014 $d
C:\msys64\tmp\cc73uNFg.s:652    .rodata.tcp_free.str1.4:00000000 $d
C:\msys64\tmp\cc73uNFg.s:656    .text.tcp_free:00000000 $t
C:\msys64\tmp\cc73uNFg.s:662    .text.tcp_free:00000000 tcp_free
C:\msys64\tmp\cc73uNFg.s:708    .text.tcp_free:00000024 $d
C:\msys64\tmp\cc73uNFg.s:715    .rodata.tcp_bind.str1.4:00000000 $d
C:\msys64\tmp\cc73uNFg.s:722    .text.tcp_bind:00000000 $t
C:\msys64\tmp\cc73uNFg.s:728    .text.tcp_bind:00000000 tcp_bind
C:\msys64\tmp\cc73uNFg.s:947    .text.tcp_bind:000000b0 $d
C:\msys64\tmp\cc73uNFg.s:958    .text.tcp_bind_netif:00000000 $t
C:\msys64\tmp\cc73uNFg.s:964    .text.tcp_bind_netif:00000000 tcp_bind_netif
C:\msys64\tmp\cc73uNFg.s:994    .rodata.tcp_listen_with_backlog_and_err.str1.4:00000000 $d
C:\msys64\tmp\cc73uNFg.s:1002   .text.tcp_listen_with_backlog_and_err:00000000 $t
C:\msys64\tmp\cc73uNFg.s:1008   .text.tcp_listen_with_backlog_and_err:00000000 tcp_listen_with_backlog_and_err
C:\msys64\tmp\cc73uNFg.s:1247   .text.tcp_listen_with_backlog_and_err:000000c4 $d
C:\msys64\tmp\cc73uNFg.s:4977   .text.tcp_accept_null:00000000 tcp_accept_null
C:\msys64\tmp\cc73uNFg.s:1258   .text.tcp_listen_with_backlog:00000000 $t
C:\msys64\tmp\cc73uNFg.s:1264   .text.tcp_listen_with_backlog:00000000 tcp_listen_with_backlog
C:\msys64\tmp\cc73uNFg.s:1289   .rodata.tcp_update_rcv_ann_wnd.str1.4:00000000 $d
C:\msys64\tmp\cc73uNFg.s:1296   .text.tcp_update_rcv_ann_wnd:00000000 $t
C:\msys64\tmp\cc73uNFg.s:1302   .text.tcp_update_rcv_ann_wnd:00000000 tcp_update_rcv_ann_wnd
C:\msys64\tmp\cc73uNFg.s:1424   .text.tcp_update_rcv_ann_wnd:00000068 $d
C:\msys64\tmp\cc73uNFg.s:1433   .rodata.tcp_recved.str1.4:00000000 $d
C:\msys64\tmp\cc73uNFg.s:1440   .text.tcp_recved:00000000 $t
C:\msys64\tmp\cc73uNFg.s:1446   .text.tcp_recved:00000000 tcp_recved
C:\msys64\tmp\cc73uNFg.s:1572   .text.tcp_recved:0000006c $d
C:\msys64\tmp\cc73uNFg.s:1580   .text.tcp_txnow:00000000 $t
C:\msys64\tmp\cc73uNFg.s:1586   .text.tcp_txnow:00000000 tcp_txnow
C:\msys64\tmp\cc73uNFg.s:1631   .text.tcp_txnow:00000020 $d
C:\msys64\tmp\cc73uNFg.s:1636   .text.tcp_seg_free:00000000 $t
C:\msys64\tmp\cc73uNFg.s:1642   .text.tcp_seg_free:00000000 tcp_seg_free
C:\msys64\tmp\cc73uNFg.s:1688   .text.tcp_segs_free:00000000 $t
ARM GAS  C:\msys64\tmp\cc73uNFg.s 			page 190


C:\msys64\tmp\cc73uNFg.s:1694   .text.tcp_segs_free:00000000 tcp_segs_free
C:\msys64\tmp\cc73uNFg.s:1741   .rodata.tcp_setprio.str1.4:00000000 $d
C:\msys64\tmp\cc73uNFg.s:1745   .text.tcp_setprio:00000000 $t
C:\msys64\tmp\cc73uNFg.s:1751   .text.tcp_setprio:00000000 tcp_setprio
C:\msys64\tmp\cc73uNFg.s:1796   .text.tcp_setprio:00000018 $d
C:\msys64\tmp\cc73uNFg.s:1803   .text.tcp_arg:00000000 $t
C:\msys64\tmp\cc73uNFg.s:1809   .text.tcp_arg:00000000 tcp_arg
C:\msys64\tmp\cc73uNFg.s:1831   .rodata.tcp_recv.str1.4:00000000 $d
C:\msys64\tmp\cc73uNFg.s:1835   .text.tcp_recv:00000000 $t
C:\msys64\tmp\cc73uNFg.s:1841   .text.tcp_recv:00000000 tcp_recv
C:\msys64\tmp\cc73uNFg.s:1904   .text.tcp_recv:00000028 $d
C:\msys64\tmp\cc73uNFg.s:1911   .rodata.tcp_sent.str1.4:00000000 $d
C:\msys64\tmp\cc73uNFg.s:1915   .text.tcp_sent:00000000 $t
C:\msys64\tmp\cc73uNFg.s:1921   .text.tcp_sent:00000000 tcp_sent
C:\msys64\tmp\cc73uNFg.s:1984   .text.tcp_sent:00000024 $d
C:\msys64\tmp\cc73uNFg.s:1991   .rodata.tcp_err.str1.4:00000000 $d
C:\msys64\tmp\cc73uNFg.s:1995   .text.tcp_err:00000000 $t
C:\msys64\tmp\cc73uNFg.s:2001   .text.tcp_err:00000000 tcp_err
C:\msys64\tmp\cc73uNFg.s:2064   .text.tcp_err:00000028 $d
C:\msys64\tmp\cc73uNFg.s:2071   .text.tcp_accept:00000000 $t
C:\msys64\tmp\cc73uNFg.s:2077   .text.tcp_accept:00000000 tcp_accept
C:\msys64\tmp\cc73uNFg.s:2111   .rodata.tcp_poll.str1.4:00000000 $d
C:\msys64\tmp\cc73uNFg.s:2118   .text.tcp_poll:00000000 $t
C:\msys64\tmp\cc73uNFg.s:2124   .text.tcp_poll:00000000 tcp_poll
C:\msys64\tmp\cc73uNFg.s:2205   .text.tcp_poll:00000038 $d
C:\msys64\tmp\cc73uNFg.s:2213   .rodata.tcp_pcb_purge.str1.4:00000000 $d
C:\msys64\tmp\cc73uNFg.s:2217   .text.tcp_pcb_purge:00000000 $t
C:\msys64\tmp\cc73uNFg.s:2223   .text.tcp_pcb_purge:00000000 tcp_pcb_purge
C:\msys64\tmp\cc73uNFg.s:2313   .text.tcp_pcb_purge:00000048 $d
C:\msys64\tmp\cc73uNFg.s:2320   .rodata.tcp_slowtmr.str1.4:00000000 $d
C:\msys64\tmp\cc73uNFg.s:2352   .text.tcp_slowtmr:00000000 $t
C:\msys64\tmp\cc73uNFg.s:2358   .text.tcp_slowtmr:00000000 tcp_slowtmr
C:\msys64\tmp\cc73uNFg.s:3019   .text.tcp_slowtmr:000002a8 $d
C:\msys64\tmp\cc73uNFg.s:3036   .text.tcp_slowtmr:000002e0 $t
C:\msys64\tmp\cc73uNFg.s:3394   .text.tcp_slowtmr:00000458 $d
C:\msys64\tmp\cc73uNFg.s:3410   .rodata.tcp_pcb_remove.str1.4:00000000 $d
C:\msys64\tmp\cc73uNFg.s:3423   .text.tcp_pcb_remove:00000000 $t
C:\msys64\tmp\cc73uNFg.s:3429   .text.tcp_pcb_remove:00000000 tcp_pcb_remove
C:\msys64\tmp\cc73uNFg.s:3608   .text.tcp_pcb_remove:000000a4 $d
C:\msys64\tmp\cc73uNFg.s:3618   .rodata.tcp_close_shutdown.str1.4:00000000 $d
C:\msys64\tmp\cc73uNFg.s:3625   .text.tcp_close_shutdown:00000000 $t
C:\msys64\tmp\cc73uNFg.s:3630   .text.tcp_close_shutdown:00000000 tcp_close_shutdown
C:\msys64\tmp\cc73uNFg.s:3934   .text.tcp_close_shutdown:00000128 $d
C:\msys64\tmp\cc73uNFg.s:3947   .rodata.tcp_close.str1.4:00000000 $d
C:\msys64\tmp\cc73uNFg.s:3951   .text.tcp_close:00000000 $t
C:\msys64\tmp\cc73uNFg.s:3957   .text.tcp_close:00000000 tcp_close
C:\msys64\tmp\cc73uNFg.s:4021   .text.tcp_close:00000034 $d
C:\msys64\tmp\cc73uNFg.s:4028   .rodata.tcp_recv_null.str1.4:00000000 $d
C:\msys64\tmp\cc73uNFg.s:4032   .text.tcp_recv_null:00000000 $t
C:\msys64\tmp\cc73uNFg.s:4038   .text.tcp_recv_null:00000000 tcp_recv_null
C:\msys64\tmp\cc73uNFg.s:4121   .text.tcp_recv_null:0000003c $d
C:\msys64\tmp\cc73uNFg.s:4128   .rodata.tcp_process_refused_data.str1.4:00000000 $d
C:\msys64\tmp\cc73uNFg.s:4132   .text.tcp_process_refused_data:00000000 $t
C:\msys64\tmp\cc73uNFg.s:4138   .text.tcp_process_refused_data:00000000 tcp_process_refused_data
C:\msys64\tmp\cc73uNFg.s:4286   .text.tcp_process_refused_data:00000084 $d
C:\msys64\tmp\cc73uNFg.s:4293   .text.tcp_fasttmr:00000000 $t
C:\msys64\tmp\cc73uNFg.s:4299   .text.tcp_fasttmr:00000000 tcp_fasttmr
ARM GAS  C:\msys64\tmp\cc73uNFg.s 			page 191


C:\msys64\tmp\cc73uNFg.s:4437   .text.tcp_fasttmr:00000074 $d
C:\msys64\tmp\cc73uNFg.s:4444   .text.tcp_tmr:00000000 $t
C:\msys64\tmp\cc73uNFg.s:4450   .text.tcp_tmr:00000000 tcp_tmr
C:\msys64\tmp\cc73uNFg.s:4486   .text.tcp_tmr:00000020 $d
C:\msys64\tmp\cc73uNFg.s:4491   .rodata.tcp_shutdown.str1.4:00000000 $d
C:\msys64\tmp\cc73uNFg.s:4495   .text.tcp_shutdown:00000000 $t
C:\msys64\tmp\cc73uNFg.s:4501   .text.tcp_shutdown:00000000 tcp_shutdown
C:\msys64\tmp\cc73uNFg.s:4635   .text.tcp_shutdown:00000074 $d
C:\msys64\tmp\cc73uNFg.s:4642   .rodata.tcp_abandon.str1.4:00000000 $d
C:\msys64\tmp\cc73uNFg.s:4649   .text.tcp_abandon:00000000 $t
C:\msys64\tmp\cc73uNFg.s:4655   .text.tcp_abandon:00000000 tcp_abandon
C:\msys64\tmp\cc73uNFg.s:4926   .text.tcp_abandon:000000e4 $d
C:\msys64\tmp\cc73uNFg.s:4939   .text.tcp_abort:00000000 $t
C:\msys64\tmp\cc73uNFg.s:4945   .text.tcp_abort:00000000 tcp_abort
C:\msys64\tmp\cc73uNFg.s:4968   .rodata.tcp_accept_null.str1.4:00000000 $d
C:\msys64\tmp\cc73uNFg.s:4972   .text.tcp_accept_null:00000000 $t
C:\msys64\tmp\cc73uNFg.s:5028   .text.tcp_accept_null:00000024 $d
C:\msys64\tmp\cc73uNFg.s:5035   .text.tcp_kill_timewait:00000000 $t
C:\msys64\tmp\cc73uNFg.s:5040   .text.tcp_kill_timewait:00000000 tcp_kill_timewait
C:\msys64\tmp\cc73uNFg.s:5108   .text.tcp_kill_timewait:0000002c $d
C:\msys64\tmp\cc73uNFg.s:5114   .text.tcp_kill_prio:00000000 $t
C:\msys64\tmp\cc73uNFg.s:5119   .text.tcp_kill_prio:00000000 tcp_kill_prio
C:\msys64\tmp\cc73uNFg.s:5229   .text.tcp_kill_prio:00000050 $d
C:\msys64\tmp\cc73uNFg.s:5235   .rodata.tcp_netif_ip_addr_changed_pcblist.str1.4:00000000 $d
C:\msys64\tmp\cc73uNFg.s:5240   .text.tcp_netif_ip_addr_changed_pcblist:00000000 $t
C:\msys64\tmp\cc73uNFg.s:5245   .text.tcp_netif_ip_addr_changed_pcblist:00000000 tcp_netif_ip_addr_changed_pcblist
C:\msys64\tmp\cc73uNFg.s:5323   .text.tcp_netif_ip_addr_changed_pcblist:00000034 $d
C:\msys64\tmp\cc73uNFg.s:5330   .rodata.tcp_kill_state.str1.4:00000000 $d
C:\msys64\tmp\cc73uNFg.s:5334   .text.tcp_kill_state:00000000 $t
C:\msys64\tmp\cc73uNFg.s:5339   .text.tcp_kill_state:00000000 tcp_kill_state
C:\msys64\tmp\cc73uNFg.s:5442   .text.tcp_kill_state:00000050 $d
C:\msys64\tmp\cc73uNFg.s:5451   .text.tcp_alloc:00000000 $t
C:\msys64\tmp\cc73uNFg.s:5457   .text.tcp_alloc:00000000 tcp_alloc
C:\msys64\tmp\cc73uNFg.s:5632   .text.tcp_alloc:000000b4 $d
C:\msys64\tmp\cc73uNFg.s:5640   .text.tcp_new:00000000 $t
C:\msys64\tmp\cc73uNFg.s:5646   .text.tcp_new:00000000 tcp_new
C:\msys64\tmp\cc73uNFg.s:5668   .text.tcp_new_ip_type:00000000 $t
C:\msys64\tmp\cc73uNFg.s:5674   .text.tcp_new_ip_type:00000000 tcp_new_ip_type
C:\msys64\tmp\cc73uNFg.s:5703   .rodata.tcp_next_iss.str1.4:00000000 $d
C:\msys64\tmp\cc73uNFg.s:5707   .text.tcp_next_iss:00000000 $t
C:\msys64\tmp\cc73uNFg.s:5713   .text.tcp_next_iss:00000000 tcp_next_iss
C:\msys64\tmp\cc73uNFg.s:5762   .text.tcp_next_iss:00000024 $d
C:\msys64\tmp\cc73uNFg.s:5771   .rodata.tcp_connect.str1.4:00000000 $d
C:\msys64\tmp\cc73uNFg.s:5781   .text.tcp_connect:00000000 $t
C:\msys64\tmp\cc73uNFg.s:5787   .text.tcp_connect:00000000 tcp_connect
C:\msys64\tmp\cc73uNFg.s:6134   .text.tcp_connect:00000124 $d
C:\msys64\tmp\cc73uNFg.s:6146   .text.tcp_netif_ip_addr_changed:00000000 $t
C:\msys64\tmp\cc73uNFg.s:6152   .text.tcp_netif_ip_addr_changed:00000000 tcp_netif_ip_addr_changed
C:\msys64\tmp\cc73uNFg.s:6244   .text.tcp_netif_ip_addr_changed:00000048 $d
C:\msys64\tmp\cc73uNFg.s:6251   .text.tcp_debug_state_str:00000000 $t
C:\msys64\tmp\cc73uNFg.s:6257   .text.tcp_debug_state_str:00000000 tcp_debug_state_str
C:\msys64\tmp\cc73uNFg.s:6275   .text.tcp_debug_state_str:00000008 $d
C:\msys64\tmp\cc73uNFg.s:6280   .text.tcp_tcp_get_tcp_addrinfo:00000000 $t
C:\msys64\tmp\cc73uNFg.s:6286   .text.tcp_tcp_get_tcp_addrinfo:00000000 tcp_tcp_get_tcp_addrinfo
C:\msys64\tmp\cc73uNFg.s:6412   .bss.tcp_active_pcbs_changed:00000000 tcp_active_pcbs_changed
C:\msys64\tmp\cc73uNFg.s:6480   .rodata.tcp_pcb_lists:00000000 tcp_pcb_lists
C:\msys64\tmp\cc73uNFg.s:6452   .bss.tcp_tw_pcbs:00000000 tcp_tw_pcbs
ARM GAS  C:\msys64\tmp\cc73uNFg.s 			page 192


C:\msys64\tmp\cc73uNFg.s:6406   .bss.tcp_active_pcbs:00000000 tcp_active_pcbs
C:\msys64\tmp\cc73uNFg.s:6426   .bss.tcp_listen_pcbs:00000000 tcp_listen_pcbs
C:\msys64\tmp\cc73uNFg.s:6419   .bss.tcp_bound_pcbs:00000000 tcp_bound_pcbs
C:\msys64\tmp\cc73uNFg.s:6433   .bss.tcp_ticks:00000000 tcp_ticks
C:\msys64\tmp\cc73uNFg.s:6368   .rodata.str1.4:00000000 $d
C:\msys64\tmp\cc73uNFg.s:6402   .bss.tcp_active_pcbs:00000000 $d
C:\msys64\tmp\cc73uNFg.s:6413   .bss.tcp_active_pcbs_changed:00000000 $d
C:\msys64\tmp\cc73uNFg.s:6415   .bss.tcp_bound_pcbs:00000000 $d
C:\msys64\tmp\cc73uNFg.s:6422   .bss.tcp_listen_pcbs:00000000 $d
C:\msys64\tmp\cc73uNFg.s:6429   .bss.tcp_ticks:00000000 $d
C:\msys64\tmp\cc73uNFg.s:6439   .bss.tcp_timer:00000000 tcp_timer
C:\msys64\tmp\cc73uNFg.s:6440   .bss.tcp_timer:00000000 $d
C:\msys64\tmp\cc73uNFg.s:6445   .bss.tcp_timer_ctr:00000000 tcp_timer_ctr
C:\msys64\tmp\cc73uNFg.s:6446   .bss.tcp_timer_ctr:00000000 $d
C:\msys64\tmp\cc73uNFg.s:6448   .bss.tcp_tw_pcbs:00000000 $d
C:\msys64\tmp\cc73uNFg.s:6455   .data.iss.0:00000000 $d
C:\msys64\tmp\cc73uNFg.s:6459   .data.iss.0:00000000 iss.0
C:\msys64\tmp\cc73uNFg.s:6462   .data.tcp_port:00000000 $d
C:\msys64\tmp\cc73uNFg.s:6466   .data.tcp_port:00000000 tcp_port
C:\msys64\tmp\cc73uNFg.s:6469   .rodata.tcp_backoff:00000000 $d
C:\msys64\tmp\cc73uNFg.s:6473   .rodata.tcp_backoff:00000000 tcp_backoff
C:\msys64\tmp\cc73uNFg.s:6476   .rodata.tcp_pcb_lists:00000000 $d
C:\msys64\tmp\cc73uNFg.s:6486   .rodata.tcp_persist_backoff:00000000 $d
C:\msys64\tmp\cc73uNFg.s:6490   .rodata.tcp_persist_backoff:00000000 tcp_persist_backoff
C:\msys64\tmp\cc73uNFg.s:6493   .rodata.tcp_state_str:00000000 $d
C:\msys64\tmp\cc73uNFg.s:6497   .rodata.tcp_state_str:00000000 tcp_state_str

UNDEFINED SYMBOLS
printf
memp_free
tcp_send_fin
tcp_output
rand
tcp_timer_needed
ip_addr_any
memp_malloc
pbuf_free
tcp_split_unsent_seg
tcp_rexmit_rto_prepare
tcp_rexmit_rto_commit
tcp_keepalive
tcp_rst
tcp_zero_window_probe
tcp_trigger_input_pcb_close
tcp_input_pcb
memset
netif_get_by_index
tcp_enqueue_flags
ip4_route
