ARM GAS  /tmp/cc3xdAUq.s 			page 1


   1              		.cpu cortex-m4
   2              		.eabi_attribute 27, 1
   3              		.eabi_attribute 28, 1
   4              		.eabi_attribute 20, 1
   5              		.eabi_attribute 21, 1
   6              		.eabi_attribute 23, 3
   7              		.eabi_attribute 24, 1
   8              		.eabi_attribute 25, 1
   9              		.eabi_attribute 26, 1
  10              		.eabi_attribute 30, 1
  11              		.eabi_attribute 34, 1
  12              		.eabi_attribute 18, 4
  13              		.file	"udp.c"
  14              		.text
  15              	.Ltext0:
  16              		.cfi_sections	.debug_frame
  17              		.section	.text.udp_new_port,"ax",%progbits
  18              		.align	1
  19              		.arch armv7e-m
  20              		.syntax unified
  21              		.thumb
  22              		.thumb_func
  23              		.fpu fpv4-sp-d16
  25              	udp_new_port:
  26              	.LFB160:
  27              		.file 1 "Middlewares/Third_Party/LwIP/src/core/udp.c"
   1:Middlewares/Third_Party/LwIP/src/core/udp.c **** /**
   2:Middlewares/Third_Party/LwIP/src/core/udp.c ****  * @file
   3:Middlewares/Third_Party/LwIP/src/core/udp.c ****  * User Datagram Protocol module\n
   4:Middlewares/Third_Party/LwIP/src/core/udp.c ****  * The code for the User Datagram Protocol UDP & UDPLite (RFC 3828).\n
   5:Middlewares/Third_Party/LwIP/src/core/udp.c ****  * See also @ref udp_raw
   6:Middlewares/Third_Party/LwIP/src/core/udp.c ****  *
   7:Middlewares/Third_Party/LwIP/src/core/udp.c ****  * @defgroup udp_raw UDP
   8:Middlewares/Third_Party/LwIP/src/core/udp.c ****  * @ingroup callbackstyle_api
   9:Middlewares/Third_Party/LwIP/src/core/udp.c ****  * User Datagram Protocol module\n
  10:Middlewares/Third_Party/LwIP/src/core/udp.c ****  * @see @ref api
  11:Middlewares/Third_Party/LwIP/src/core/udp.c ****  */
  12:Middlewares/Third_Party/LwIP/src/core/udp.c **** 
  13:Middlewares/Third_Party/LwIP/src/core/udp.c **** /*
  14:Middlewares/Third_Party/LwIP/src/core/udp.c ****  * Copyright (c) 2001-2004 Swedish Institute of Computer Science.
  15:Middlewares/Third_Party/LwIP/src/core/udp.c ****  * All rights reserved.
  16:Middlewares/Third_Party/LwIP/src/core/udp.c ****  *
  17:Middlewares/Third_Party/LwIP/src/core/udp.c ****  * Redistribution and use in source and binary forms, with or without modification,
  18:Middlewares/Third_Party/LwIP/src/core/udp.c ****  * are permitted provided that the following conditions are met:
  19:Middlewares/Third_Party/LwIP/src/core/udp.c ****  *
  20:Middlewares/Third_Party/LwIP/src/core/udp.c ****  * 1. Redistributions of source code must retain the above copyright notice,
  21:Middlewares/Third_Party/LwIP/src/core/udp.c ****  *    this list of conditions and the following disclaimer.
  22:Middlewares/Third_Party/LwIP/src/core/udp.c ****  * 2. Redistributions in binary form must reproduce the above copyright notice,
  23:Middlewares/Third_Party/LwIP/src/core/udp.c ****  *    this list of conditions and the following disclaimer in the documentation
  24:Middlewares/Third_Party/LwIP/src/core/udp.c ****  *    and/or other materials provided with the distribution.
  25:Middlewares/Third_Party/LwIP/src/core/udp.c ****  * 3. The name of the author may not be used to endorse or promote products
  26:Middlewares/Third_Party/LwIP/src/core/udp.c ****  *    derived from this software without specific prior written permission.
  27:Middlewares/Third_Party/LwIP/src/core/udp.c ****  *
  28:Middlewares/Third_Party/LwIP/src/core/udp.c ****  * THIS SOFTWARE IS PROVIDED BY THE AUTHOR ``AS IS'' AND ANY EXPRESS OR IMPLIED
  29:Middlewares/Third_Party/LwIP/src/core/udp.c ****  * WARRANTIES, INCLUDING, BUT NOT LIMITED TO, THE IMPLIED WARRANTIES OF
  30:Middlewares/Third_Party/LwIP/src/core/udp.c ****  * MERCHANTABILITY AND FITNESS FOR A PARTICULAR PURPOSE ARE DISCLAIMED. IN NO EVENT
  31:Middlewares/Third_Party/LwIP/src/core/udp.c ****  * SHALL THE AUTHOR BE LIABLE FOR ANY DIRECT, INDIRECT, INCIDENTAL, SPECIAL,
ARM GAS  /tmp/cc3xdAUq.s 			page 2


  32:Middlewares/Third_Party/LwIP/src/core/udp.c ****  * EXEMPLARY, OR CONSEQUENTIAL DAMAGES (INCLUDING, BUT NOT LIMITED TO, PROCUREMENT
  33:Middlewares/Third_Party/LwIP/src/core/udp.c ****  * OF SUBSTITUTE GOODS OR SERVICES; LOSS OF USE, DATA, OR PROFITS; OR BUSINESS
  34:Middlewares/Third_Party/LwIP/src/core/udp.c ****  * INTERRUPTION) HOWEVER CAUSED AND ON ANY THEORY OF LIABILITY, WHETHER IN
  35:Middlewares/Third_Party/LwIP/src/core/udp.c ****  * CONTRACT, STRICT LIABILITY, OR TORT (INCLUDING NEGLIGENCE OR OTHERWISE) ARISING
  36:Middlewares/Third_Party/LwIP/src/core/udp.c ****  * IN ANY WAY OUT OF THE USE OF THIS SOFTWARE, EVEN IF ADVISED OF THE POSSIBILITY
  37:Middlewares/Third_Party/LwIP/src/core/udp.c ****  * OF SUCH DAMAGE.
  38:Middlewares/Third_Party/LwIP/src/core/udp.c ****  *
  39:Middlewares/Third_Party/LwIP/src/core/udp.c ****  * This file is part of the lwIP TCP/IP stack.
  40:Middlewares/Third_Party/LwIP/src/core/udp.c ****  *
  41:Middlewares/Third_Party/LwIP/src/core/udp.c ****  * Author: Adam Dunkels <adam@sics.se>
  42:Middlewares/Third_Party/LwIP/src/core/udp.c ****  *
  43:Middlewares/Third_Party/LwIP/src/core/udp.c ****  */
  44:Middlewares/Third_Party/LwIP/src/core/udp.c **** 
  45:Middlewares/Third_Party/LwIP/src/core/udp.c **** /* @todo Check the use of '(struct udp_pcb).chksum_len_rx'!
  46:Middlewares/Third_Party/LwIP/src/core/udp.c ****  */
  47:Middlewares/Third_Party/LwIP/src/core/udp.c **** 
  48:Middlewares/Third_Party/LwIP/src/core/udp.c **** #include "lwip/opt.h"
  49:Middlewares/Third_Party/LwIP/src/core/udp.c **** 
  50:Middlewares/Third_Party/LwIP/src/core/udp.c **** #if LWIP_UDP /* don't build if not configured for use in lwipopts.h */
  51:Middlewares/Third_Party/LwIP/src/core/udp.c **** 
  52:Middlewares/Third_Party/LwIP/src/core/udp.c **** #include "lwip/udp.h"
  53:Middlewares/Third_Party/LwIP/src/core/udp.c **** #include "lwip/def.h"
  54:Middlewares/Third_Party/LwIP/src/core/udp.c **** #include "lwip/memp.h"
  55:Middlewares/Third_Party/LwIP/src/core/udp.c **** #include "lwip/inet_chksum.h"
  56:Middlewares/Third_Party/LwIP/src/core/udp.c **** #include "lwip/ip_addr.h"
  57:Middlewares/Third_Party/LwIP/src/core/udp.c **** #include "lwip/ip6.h"
  58:Middlewares/Third_Party/LwIP/src/core/udp.c **** #include "lwip/ip6_addr.h"
  59:Middlewares/Third_Party/LwIP/src/core/udp.c **** #include "lwip/netif.h"
  60:Middlewares/Third_Party/LwIP/src/core/udp.c **** #include "lwip/icmp.h"
  61:Middlewares/Third_Party/LwIP/src/core/udp.c **** #include "lwip/icmp6.h"
  62:Middlewares/Third_Party/LwIP/src/core/udp.c **** #include "lwip/stats.h"
  63:Middlewares/Third_Party/LwIP/src/core/udp.c **** #include "lwip/snmp.h"
  64:Middlewares/Third_Party/LwIP/src/core/udp.c **** #include "lwip/dhcp.h"
  65:Middlewares/Third_Party/LwIP/src/core/udp.c **** 
  66:Middlewares/Third_Party/LwIP/src/core/udp.c **** #include <string.h>
  67:Middlewares/Third_Party/LwIP/src/core/udp.c **** 
  68:Middlewares/Third_Party/LwIP/src/core/udp.c **** #ifndef UDP_LOCAL_PORT_RANGE_START
  69:Middlewares/Third_Party/LwIP/src/core/udp.c **** /* From http://www.iana.org/assignments/port-numbers:
  70:Middlewares/Third_Party/LwIP/src/core/udp.c ****    "The Dynamic and/or Private Ports are those from 49152 through 65535" */
  71:Middlewares/Third_Party/LwIP/src/core/udp.c **** #define UDP_LOCAL_PORT_RANGE_START  0xc000
  72:Middlewares/Third_Party/LwIP/src/core/udp.c **** #define UDP_LOCAL_PORT_RANGE_END    0xffff
  73:Middlewares/Third_Party/LwIP/src/core/udp.c **** #define UDP_ENSURE_LOCAL_PORT_RANGE(port) ((u16_t)(((port) & (u16_t)~UDP_LOCAL_PORT_RANGE_START) + 
  74:Middlewares/Third_Party/LwIP/src/core/udp.c **** #endif
  75:Middlewares/Third_Party/LwIP/src/core/udp.c **** 
  76:Middlewares/Third_Party/LwIP/src/core/udp.c **** /* last local UDP port */
  77:Middlewares/Third_Party/LwIP/src/core/udp.c **** static u16_t udp_port = UDP_LOCAL_PORT_RANGE_START;
  78:Middlewares/Third_Party/LwIP/src/core/udp.c **** 
  79:Middlewares/Third_Party/LwIP/src/core/udp.c **** /* The list of UDP PCBs */
  80:Middlewares/Third_Party/LwIP/src/core/udp.c **** /* exported in udp.h (was static) */
  81:Middlewares/Third_Party/LwIP/src/core/udp.c **** struct udp_pcb *udp_pcbs;
  82:Middlewares/Third_Party/LwIP/src/core/udp.c **** 
  83:Middlewares/Third_Party/LwIP/src/core/udp.c **** /**
  84:Middlewares/Third_Party/LwIP/src/core/udp.c ****  * Initialize this module.
  85:Middlewares/Third_Party/LwIP/src/core/udp.c ****  */
  86:Middlewares/Third_Party/LwIP/src/core/udp.c **** void
  87:Middlewares/Third_Party/LwIP/src/core/udp.c **** udp_init(void)
  88:Middlewares/Third_Party/LwIP/src/core/udp.c **** {
ARM GAS  /tmp/cc3xdAUq.s 			page 3


  89:Middlewares/Third_Party/LwIP/src/core/udp.c **** #ifdef LWIP_RAND
  90:Middlewares/Third_Party/LwIP/src/core/udp.c ****   udp_port = UDP_ENSURE_LOCAL_PORT_RANGE(LWIP_RAND());
  91:Middlewares/Third_Party/LwIP/src/core/udp.c **** #endif /* LWIP_RAND */
  92:Middlewares/Third_Party/LwIP/src/core/udp.c **** }
  93:Middlewares/Third_Party/LwIP/src/core/udp.c **** 
  94:Middlewares/Third_Party/LwIP/src/core/udp.c **** /**
  95:Middlewares/Third_Party/LwIP/src/core/udp.c ****  * Allocate a new local UDP port.
  96:Middlewares/Third_Party/LwIP/src/core/udp.c ****  *
  97:Middlewares/Third_Party/LwIP/src/core/udp.c ****  * @return a new (free) local UDP port number
  98:Middlewares/Third_Party/LwIP/src/core/udp.c ****  */
  99:Middlewares/Third_Party/LwIP/src/core/udp.c **** static u16_t
 100:Middlewares/Third_Party/LwIP/src/core/udp.c **** udp_new_port(void)
 101:Middlewares/Third_Party/LwIP/src/core/udp.c **** {
  28              		.loc 1 101 1 view -0
  29              		.cfi_startproc
  30              		@ args = 0, pretend = 0, frame = 0
  31              		@ frame_needed = 0, uses_anonymous_args = 0
  32              		@ link register save eliminated.
 102:Middlewares/Third_Party/LwIP/src/core/udp.c ****   u16_t n = 0;
  33              		.loc 1 102 3 view .LVU1
  34              	.LVL0:
  35              		.loc 1 102 9 is_stmt 0 view .LVU2
  36 0000 0020     		movs	r0, #0
  37              	.LVL1:
  38              	.L2:
 103:Middlewares/Third_Party/LwIP/src/core/udp.c ****   struct udp_pcb *pcb;
  39              		.loc 1 103 3 is_stmt 1 view .LVU3
 104:Middlewares/Third_Party/LwIP/src/core/udp.c **** 
 105:Middlewares/Third_Party/LwIP/src/core/udp.c **** again:
 106:Middlewares/Third_Party/LwIP/src/core/udp.c ****   if (udp_port++ == UDP_LOCAL_PORT_RANGE_END) {
  40              		.loc 1 106 3 view .LVU4
  41              		.loc 1 106 15 is_stmt 0 view .LVU5
  42 0002 104A     		ldr	r2, .L12
  43 0004 1388     		ldrh	r3, [r2]
  44 0006 591C     		adds	r1, r3, #1
  45 0008 1180     		strh	r1, [r2]	@ movhi
  46              		.loc 1 106 6 view .LVU6
  47 000a 4FF6FF72 		movw	r2, #65535
  48 000e 9342     		cmp	r3, r2
  49 0010 09D0     		beq	.L9
  50              	.L3:
 107:Middlewares/Third_Party/LwIP/src/core/udp.c ****     udp_port = UDP_LOCAL_PORT_RANGE_START;
 108:Middlewares/Third_Party/LwIP/src/core/udp.c ****   }
 109:Middlewares/Third_Party/LwIP/src/core/udp.c ****   /* Check all PCBs. */
 110:Middlewares/Third_Party/LwIP/src/core/udp.c ****   for (pcb = udp_pcbs; pcb != NULL; pcb = pcb->next) {
  51              		.loc 1 110 3 is_stmt 1 view .LVU7
  52              		.loc 1 110 12 is_stmt 0 view .LVU8
  53 0012 0D4B     		ldr	r3, .L12+4
  54 0014 1B68     		ldr	r3, [r3]
  55              	.LVL2:
  56              	.L4:
  57              		.loc 1 110 24 is_stmt 1 discriminator 1 view .LVU9
  58              		.loc 1 110 3 is_stmt 0 discriminator 1 view .LVU10
  59 0016 93B1     		cbz	r3, .L10
 111:Middlewares/Third_Party/LwIP/src/core/udp.c ****     if (pcb->local_port == udp_port) {
  60              		.loc 1 111 5 is_stmt 1 view .LVU11
  61              		.loc 1 111 12 is_stmt 0 view .LVU12
ARM GAS  /tmp/cc3xdAUq.s 			page 4


  62 0018 598A     		ldrh	r1, [r3, #18]
  63              		.loc 1 111 25 view .LVU13
  64 001a 0A4A     		ldr	r2, .L12
  65 001c 1288     		ldrh	r2, [r2]
  66              		.loc 1 111 8 view .LVU14
  67 001e 9142     		cmp	r1, r2
  68 0020 06D0     		beq	.L11
 110:Middlewares/Third_Party/LwIP/src/core/udp.c ****     if (pcb->local_port == udp_port) {
  69              		.loc 1 110 37 is_stmt 1 discriminator 2 view .LVU15
 110:Middlewares/Third_Party/LwIP/src/core/udp.c ****     if (pcb->local_port == udp_port) {
  70              		.loc 1 110 41 is_stmt 0 discriminator 2 view .LVU16
  71 0022 DB68     		ldr	r3, [r3, #12]
  72              	.LVL3:
 110:Middlewares/Third_Party/LwIP/src/core/udp.c ****     if (pcb->local_port == udp_port) {
  73              		.loc 1 110 41 discriminator 2 view .LVU17
  74 0024 F7E7     		b	.L4
  75              	.LVL4:
  76              	.L9:
 107:Middlewares/Third_Party/LwIP/src/core/udp.c ****     udp_port = UDP_LOCAL_PORT_RANGE_START;
  77              		.loc 1 107 5 is_stmt 1 view .LVU18
 107:Middlewares/Third_Party/LwIP/src/core/udp.c ****     udp_port = UDP_LOCAL_PORT_RANGE_START;
  78              		.loc 1 107 14 is_stmt 0 view .LVU19
  79 0026 074B     		ldr	r3, .L12
  80 0028 4FF44042 		mov	r2, #49152
  81 002c 1A80     		strh	r2, [r3]	@ movhi
  82 002e F0E7     		b	.L3
  83              	.LVL5:
  84              	.L11:
 112:Middlewares/Third_Party/LwIP/src/core/udp.c ****       if (++n > (UDP_LOCAL_PORT_RANGE_END - UDP_LOCAL_PORT_RANGE_START)) {
  85              		.loc 1 112 7 is_stmt 1 view .LVU20
  86              		.loc 1 112 10 is_stmt 0 view .LVU21
  87 0030 0130     		adds	r0, r0, #1
  88              	.LVL6:
  89              		.loc 1 112 10 view .LVU22
  90 0032 80B2     		uxth	r0, r0
  91              	.LVL7:
  92              		.loc 1 112 10 view .LVU23
  93 0034 B0F5804F 		cmp	r0, #16384
  94 0038 E3D3     		bcc	.L2
 113:Middlewares/Third_Party/LwIP/src/core/udp.c ****         return 0;
  95              		.loc 1 113 16 view .LVU24
  96 003a 0020     		movs	r0, #0
  97              	.LVL8:
 114:Middlewares/Third_Party/LwIP/src/core/udp.c ****       }
 115:Middlewares/Third_Party/LwIP/src/core/udp.c ****       goto again;
 116:Middlewares/Third_Party/LwIP/src/core/udp.c ****     }
 117:Middlewares/Third_Party/LwIP/src/core/udp.c ****   }
 118:Middlewares/Third_Party/LwIP/src/core/udp.c ****   return udp_port;
 119:Middlewares/Third_Party/LwIP/src/core/udp.c **** }
  98              		.loc 1 119 1 view .LVU25
  99 003c 7047     		bx	lr
 100              	.LVL9:
 101              	.L10:
 118:Middlewares/Third_Party/LwIP/src/core/udp.c **** }
 102              		.loc 1 118 3 is_stmt 1 view .LVU26
 118:Middlewares/Third_Party/LwIP/src/core/udp.c **** }
 103              		.loc 1 118 10 is_stmt 0 view .LVU27
ARM GAS  /tmp/cc3xdAUq.s 			page 5


 104 003e 014B     		ldr	r3, .L12
 105              	.LVL10:
 118:Middlewares/Third_Party/LwIP/src/core/udp.c **** }
 106              		.loc 1 118 10 view .LVU28
 107 0040 1888     		ldrh	r0, [r3]
 108              	.LVL11:
 118:Middlewares/Third_Party/LwIP/src/core/udp.c **** }
 109              		.loc 1 118 10 view .LVU29
 110 0042 7047     		bx	lr
 111              	.L13:
 112              		.align	2
 113              	.L12:
 114 0044 00000000 		.word	.LANCHOR0
 115 0048 00000000 		.word	udp_pcbs
 116              		.cfi_endproc
 117              	.LFE160:
 119              		.section	.rodata.udp_input_local_match.str1.4,"aMS",%progbits,1
 120              		.align	2
 121              	.LC0:
 122 0000 4D696464 		.ascii	"Middlewares/Third_Party/LwIP/src/core/udp.c\000"
 122      6C657761 
 122      7265732F 
 122      54686972 
 122      645F5061 
 123              		.align	2
 124              	.LC1:
 125 002c 7564705F 		.ascii	"udp_input_local_match: invalid pcb\000"
 125      696E7075 
 125      745F6C6F 
 125      63616C5F 
 125      6D617463 
 126 004f 00       		.align	2
 127              	.LC2:
 128 0050 41737365 		.ascii	"Assertion \"%s\" failed at line %d in %s\012\000"
 128      7274696F 
 128      6E202225 
 128      73222066 
 128      61696C65 
 129              		.align	2
 130              	.LC3:
 131 0078 7564705F 		.ascii	"udp_input_local_match: invalid netif\000"
 131      696E7075 
 131      745F6C6F 
 131      63616C5F 
 131      6D617463 
 132              		.section	.text.udp_input_local_match,"ax",%progbits
 133              		.align	1
 134              		.syntax unified
 135              		.thumb
 136              		.thumb_func
 137              		.fpu fpv4-sp-d16
 139              	udp_input_local_match:
 140              	.LVL12:
 141              	.LFB161:
 120:Middlewares/Third_Party/LwIP/src/core/udp.c **** 
 121:Middlewares/Third_Party/LwIP/src/core/udp.c **** /** Common code to see if the current input packet matches the pcb
 122:Middlewares/Third_Party/LwIP/src/core/udp.c ****  * (current input packet is accessed via ip(4/6)_current_* macros)
ARM GAS  /tmp/cc3xdAUq.s 			page 6


 123:Middlewares/Third_Party/LwIP/src/core/udp.c ****  *
 124:Middlewares/Third_Party/LwIP/src/core/udp.c ****  * @param pcb pcb to check
 125:Middlewares/Third_Party/LwIP/src/core/udp.c ****  * @param inp network interface on which the datagram was received (only used for IPv4)
 126:Middlewares/Third_Party/LwIP/src/core/udp.c ****  * @param broadcast 1 if his is an IPv4 broadcast (global or subnet-only), 0 otherwise (only used f
 127:Middlewares/Third_Party/LwIP/src/core/udp.c ****  * @return 1 on match, 0 otherwise
 128:Middlewares/Third_Party/LwIP/src/core/udp.c ****  */
 129:Middlewares/Third_Party/LwIP/src/core/udp.c **** static u8_t
 130:Middlewares/Third_Party/LwIP/src/core/udp.c **** udp_input_local_match(struct udp_pcb *pcb, struct netif *inp, u8_t broadcast)
 131:Middlewares/Third_Party/LwIP/src/core/udp.c **** {
 142              		.loc 1 131 1 is_stmt 1 view -0
 143              		.cfi_startproc
 144              		@ args = 0, pretend = 0, frame = 0
 145              		@ frame_needed = 0, uses_anonymous_args = 0
 146              		.loc 1 131 1 is_stmt 0 view .LVU31
 147 0000 F8B5     		push	{r3, r4, r5, r6, r7, lr}
 148              	.LCFI0:
 149              		.cfi_def_cfa_offset 24
 150              		.cfi_offset 3, -24
 151              		.cfi_offset 4, -20
 152              		.cfi_offset 5, -16
 153              		.cfi_offset 6, -12
 154              		.cfi_offset 7, -8
 155              		.cfi_offset 14, -4
 156 0002 0E46     		mov	r6, r1
 157 0004 1546     		mov	r5, r2
 132:Middlewares/Third_Party/LwIP/src/core/udp.c ****   LWIP_UNUSED_ARG(inp);       /* in IPv6 only case */
 158              		.loc 1 132 3 is_stmt 1 view .LVU32
 133:Middlewares/Third_Party/LwIP/src/core/udp.c ****   LWIP_UNUSED_ARG(broadcast); /* in IPv6 only case */
 159              		.loc 1 133 3 view .LVU33
 134:Middlewares/Third_Party/LwIP/src/core/udp.c **** 
 135:Middlewares/Third_Party/LwIP/src/core/udp.c ****   LWIP_ASSERT("udp_input_local_match: invalid pcb", pcb != NULL);
 160              		.loc 1 135 3 view .LVU34
 161              		.loc 1 135 3 view .LVU35
 162 0006 0746     		mov	r7, r0
 163 0008 C8B1     		cbz	r0, .L29
 164              	.LVL13:
 165              	.L15:
 166              		.loc 1 135 3 discriminator 3 view .LVU36
 167              		.loc 1 135 3 discriminator 3 view .LVU37
 136:Middlewares/Third_Party/LwIP/src/core/udp.c ****   LWIP_ASSERT("udp_input_local_match: invalid netif", inp != NULL);
 168              		.loc 1 136 3 discriminator 3 view .LVU38
 169              		.loc 1 136 3 discriminator 3 view .LVU39
 170 000a FEB1     		cbz	r6, .L30
 171              	.L16:
 172              		.loc 1 136 3 discriminator 3 view .LVU40
 173              		.loc 1 136 3 discriminator 3 view .LVU41
 137:Middlewares/Third_Party/LwIP/src/core/udp.c **** 
 138:Middlewares/Third_Party/LwIP/src/core/udp.c ****   /* check if PCB is bound to specific netif */
 139:Middlewares/Third_Party/LwIP/src/core/udp.c ****   if ((pcb->netif_idx != NETIF_NO_INDEX) &&
 174              		.loc 1 139 3 discriminator 3 view .LVU42
 175              		.loc 1 139 11 is_stmt 0 discriminator 3 view .LVU43
 176 000c 3C7A     		ldrb	r4, [r7, #8]	@ zero_extendqisi2
 177              		.loc 1 139 6 discriminator 3 view .LVU44
 178 000e 3CB1     		cbz	r4, .L17
 140:Middlewares/Third_Party/LwIP/src/core/udp.c ****       (pcb->netif_idx != netif_get_index(ip_data.current_input_netif))) {
 179              		.loc 1 140 26 discriminator 1 view .LVU45
 180 0010 1E4B     		ldr	r3, .L31
ARM GAS  /tmp/cc3xdAUq.s 			page 7


 181 0012 5B68     		ldr	r3, [r3, #4]
 182 0014 93F83430 		ldrb	r3, [r3, #52]	@ zero_extendqisi2
 183 0018 0133     		adds	r3, r3, #1
 184 001a DBB2     		uxtb	r3, r3
 139:Middlewares/Third_Party/LwIP/src/core/udp.c ****       (pcb->netif_idx != netif_get_index(ip_data.current_input_netif))) {
 185              		.loc 1 139 42 discriminator 1 view .LVU46
 186 001c 9C42     		cmp	r4, r3
 187 001e 25D1     		bne	.L20
 188              	.L17:
 141:Middlewares/Third_Party/LwIP/src/core/udp.c ****     return 0;
 142:Middlewares/Third_Party/LwIP/src/core/udp.c ****   }
 143:Middlewares/Third_Party/LwIP/src/core/udp.c **** 
 144:Middlewares/Third_Party/LwIP/src/core/udp.c ****   /* Dual-stack: PCBs listening to any IP type also listen to any IP address */
 145:Middlewares/Third_Party/LwIP/src/core/udp.c ****   if (IP_IS_ANY_TYPE_VAL(pcb->local_ip)) {
 189              		.loc 1 145 3 is_stmt 1 view .LVU47
 146:Middlewares/Third_Party/LwIP/src/core/udp.c **** #if LWIP_IPV4 && IP_SOF_BROADCAST_RECV
 147:Middlewares/Third_Party/LwIP/src/core/udp.c ****     if ((broadcast != 0) && !ip_get_option(pcb, SOF_BROADCAST)) {
 148:Middlewares/Third_Party/LwIP/src/core/udp.c ****       return 0;
 149:Middlewares/Third_Party/LwIP/src/core/udp.c ****     }
 150:Middlewares/Third_Party/LwIP/src/core/udp.c **** #endif /* LWIP_IPV4 && IP_SOF_BROADCAST_RECV */
 151:Middlewares/Third_Party/LwIP/src/core/udp.c ****     return 1;
 152:Middlewares/Third_Party/LwIP/src/core/udp.c ****   }
 153:Middlewares/Third_Party/LwIP/src/core/udp.c **** 
 154:Middlewares/Third_Party/LwIP/src/core/udp.c ****   /* Only need to check PCB if incoming IP version matches PCB IP version */
 155:Middlewares/Third_Party/LwIP/src/core/udp.c ****   if (IP_ADDR_PCB_VERSION_MATCH_EXACT(pcb, ip_current_dest_addr())) {
 190              		.loc 1 155 3 view .LVU48
 156:Middlewares/Third_Party/LwIP/src/core/udp.c **** #if LWIP_IPV4
 157:Middlewares/Third_Party/LwIP/src/core/udp.c ****     /* Special case: IPv4 broadcast: all or broadcasts in my subnet
 158:Middlewares/Third_Party/LwIP/src/core/udp.c ****      * Note: broadcast variable can only be 1 if it is an IPv4 broadcast */
 159:Middlewares/Third_Party/LwIP/src/core/udp.c ****     if (broadcast != 0) {
 191              		.loc 1 159 5 view .LVU49
 192              		.loc 1 159 8 is_stmt 0 view .LVU50
 193 0020 DDB1     		cbz	r5, .L19
 160:Middlewares/Third_Party/LwIP/src/core/udp.c **** #if IP_SOF_BROADCAST_RECV
 161:Middlewares/Third_Party/LwIP/src/core/udp.c ****       if (ip_get_option(pcb, SOF_BROADCAST))
 162:Middlewares/Third_Party/LwIP/src/core/udp.c **** #endif /* IP_SOF_BROADCAST_RECV */
 163:Middlewares/Third_Party/LwIP/src/core/udp.c ****       {
 164:Middlewares/Third_Party/LwIP/src/core/udp.c ****         if (ip4_addr_isany(ip_2_ip4(&pcb->local_ip)) ||
 194              		.loc 1 164 9 is_stmt 1 view .LVU51
 195              		.loc 1 164 12 is_stmt 0 view .LVU52
 196 0022 2FB3     		cbz	r7, .L21
 197              		.loc 1 164 13 discriminator 1 view .LVU53
 198 0024 3B68     		ldr	r3, [r7]
 199 0026 2BB3     		cbz	r3, .L22
 165:Middlewares/Third_Party/LwIP/src/core/udp.c ****             ((ip4_current_dest_addr()->addr == IPADDR_BROADCAST)) ||
 200              		.loc 1 165 38 discriminator 2 view .LVU54
 201 0028 184A     		ldr	r2, .L31
 202 002a 5269     		ldr	r2, [r2, #20]
 164:Middlewares/Third_Party/LwIP/src/core/udp.c ****             ((ip4_current_dest_addr()->addr == IPADDR_BROADCAST)) ||
 203              		.loc 1 164 54 discriminator 2 view .LVU55
 204 002c B2F1FF3F 		cmp	r2, #-1
 205 0030 22D0     		beq	.L23
 166:Middlewares/Third_Party/LwIP/src/core/udp.c ****             ip4_addr_netcmp(ip_2_ip4(&pcb->local_ip), ip4_current_dest_addr(), netif_ip4_netmask(in
 206              		.loc 1 166 13 view .LVU56
 207 0032 B168     		ldr	r1, [r6, #8]
 208 0034 5340     		eors	r3, r3, r2
 165:Middlewares/Third_Party/LwIP/src/core/udp.c ****             ((ip4_current_dest_addr()->addr == IPADDR_BROADCAST)) ||
ARM GAS  /tmp/cc3xdAUq.s 			page 8


 209              		.loc 1 165 67 view .LVU57
 210 0036 0B42     		tst	r3, r1
 211 0038 20D0     		beq	.L24
 167:Middlewares/Third_Party/LwIP/src/core/udp.c ****           return 1;
 168:Middlewares/Third_Party/LwIP/src/core/udp.c ****         }
 169:Middlewares/Third_Party/LwIP/src/core/udp.c ****       }
 170:Middlewares/Third_Party/LwIP/src/core/udp.c ****     } else
 171:Middlewares/Third_Party/LwIP/src/core/udp.c **** #endif /* LWIP_IPV4 */
 172:Middlewares/Third_Party/LwIP/src/core/udp.c ****       /* Handle IPv4 and IPv6: all or exact match */
 173:Middlewares/Third_Party/LwIP/src/core/udp.c ****       if (ip_addr_isany(&pcb->local_ip) || ip_addr_cmp(&pcb->local_ip, ip_current_dest_addr())) {
 174:Middlewares/Third_Party/LwIP/src/core/udp.c ****         return 1;
 175:Middlewares/Third_Party/LwIP/src/core/udp.c ****       }
 176:Middlewares/Third_Party/LwIP/src/core/udp.c ****   }
 177:Middlewares/Third_Party/LwIP/src/core/udp.c **** 
 178:Middlewares/Third_Party/LwIP/src/core/udp.c ****   return 0;
 212              		.loc 1 178 10 view .LVU58
 213 003a 0020     		movs	r0, #0
 214 003c 17E0     		b	.L18
 215              	.LVL14:
 216              	.L29:
 135:Middlewares/Third_Party/LwIP/src/core/udp.c ****   LWIP_ASSERT("udp_input_local_match: invalid netif", inp != NULL);
 217              		.loc 1 135 3 is_stmt 1 discriminator 1 view .LVU59
 135:Middlewares/Third_Party/LwIP/src/core/udp.c ****   LWIP_ASSERT("udp_input_local_match: invalid netif", inp != NULL);
 218              		.loc 1 135 3 discriminator 1 view .LVU60
 219 003e 144B     		ldr	r3, .L31+4
 220 0040 8722     		movs	r2, #135
 221              	.LVL15:
 135:Middlewares/Third_Party/LwIP/src/core/udp.c ****   LWIP_ASSERT("udp_input_local_match: invalid netif", inp != NULL);
 222              		.loc 1 135 3 is_stmt 0 discriminator 1 view .LVU61
 223 0042 1449     		ldr	r1, .L31+8
 224              	.LVL16:
 135:Middlewares/Third_Party/LwIP/src/core/udp.c ****   LWIP_ASSERT("udp_input_local_match: invalid netif", inp != NULL);
 225              		.loc 1 135 3 discriminator 1 view .LVU62
 226 0044 1448     		ldr	r0, .L31+12
 227              	.LVL17:
 135:Middlewares/Third_Party/LwIP/src/core/udp.c ****   LWIP_ASSERT("udp_input_local_match: invalid netif", inp != NULL);
 228              		.loc 1 135 3 discriminator 1 view .LVU63
 229 0046 FFF7FEFF 		bl	printf
 230              	.LVL18:
 231 004a DEE7     		b	.L15
 232              	.L30:
 136:Middlewares/Third_Party/LwIP/src/core/udp.c **** 
 233              		.loc 1 136 3 is_stmt 1 discriminator 1 view .LVU64
 136:Middlewares/Third_Party/LwIP/src/core/udp.c **** 
 234              		.loc 1 136 3 discriminator 1 view .LVU65
 235 004c 104B     		ldr	r3, .L31+4
 236 004e 8822     		movs	r2, #136
 237 0050 1249     		ldr	r1, .L31+16
 238 0052 1148     		ldr	r0, .L31+12
 239 0054 FFF7FEFF 		bl	printf
 240              	.LVL19:
 241 0058 D8E7     		b	.L16
 242              	.L19:
 173:Middlewares/Third_Party/LwIP/src/core/udp.c ****         return 1;
 243              		.loc 1 173 7 view .LVU66
 173:Middlewares/Third_Party/LwIP/src/core/udp.c ****         return 1;
 244              		.loc 1 173 10 is_stmt 0 view .LVU67
ARM GAS  /tmp/cc3xdAUq.s 			page 9


 245 005a 8FB1     		cbz	r7, .L25
 173:Middlewares/Third_Party/LwIP/src/core/udp.c ****         return 1;
 246              		.loc 1 173 11 discriminator 1 view .LVU68
 247 005c 3B68     		ldr	r3, [r7]
 248 005e 8BB1     		cbz	r3, .L26
 173:Middlewares/Third_Party/LwIP/src/core/udp.c ****         return 1;
 249              		.loc 1 173 44 discriminator 2 view .LVU69
 250 0060 0A4A     		ldr	r2, .L31
 251 0062 5269     		ldr	r2, [r2, #20]
 173:Middlewares/Third_Party/LwIP/src/core/udp.c ****         return 1;
 252              		.loc 1 173 41 discriminator 2 view .LVU70
 253 0064 9342     		cmp	r3, r2
 254 0066 0FD0     		beq	.L27
 255              		.loc 1 178 10 view .LVU71
 256 0068 2846     		mov	r0, r5
 257 006a 00E0     		b	.L18
 258              	.L20:
 141:Middlewares/Third_Party/LwIP/src/core/udp.c ****   }
 259              		.loc 1 141 12 view .LVU72
 260 006c 0020     		movs	r0, #0
 261              	.L18:
 179:Middlewares/Third_Party/LwIP/src/core/udp.c **** }
 262              		.loc 1 179 1 view .LVU73
 263 006e F8BD     		pop	{r3, r4, r5, r6, r7, pc}
 264              	.LVL20:
 265              	.L21:
 167:Middlewares/Third_Party/LwIP/src/core/udp.c ****         }
 266              		.loc 1 167 18 view .LVU74
 267 0070 0120     		movs	r0, #1
 268 0072 FCE7     		b	.L18
 269              	.L22:
 167:Middlewares/Third_Party/LwIP/src/core/udp.c ****         }
 270              		.loc 1 167 18 view .LVU75
 271 0074 0120     		movs	r0, #1
 272 0076 FAE7     		b	.L18
 273              	.L23:
 274 0078 0120     		movs	r0, #1
 275 007a F8E7     		b	.L18
 276              	.L24:
 167:Middlewares/Third_Party/LwIP/src/core/udp.c ****         }
 277              		.loc 1 167 18 view .LVU76
 278 007c 0120     		movs	r0, #1
 279 007e F6E7     		b	.L18
 280              	.L25:
 174:Middlewares/Third_Party/LwIP/src/core/udp.c ****       }
 281              		.loc 1 174 16 view .LVU77
 282 0080 0120     		movs	r0, #1
 283 0082 F4E7     		b	.L18
 284              	.L26:
 174:Middlewares/Third_Party/LwIP/src/core/udp.c ****       }
 285              		.loc 1 174 16 view .LVU78
 286 0084 0120     		movs	r0, #1
 287 0086 F2E7     		b	.L18
 288              	.L27:
 289 0088 0120     		movs	r0, #1
 290 008a F0E7     		b	.L18
 291              	.L32:
ARM GAS  /tmp/cc3xdAUq.s 			page 10


 292              		.align	2
 293              	.L31:
 294 008c 00000000 		.word	ip_data
 295 0090 00000000 		.word	.LC0
 296 0094 2C000000 		.word	.LC1
 297 0098 50000000 		.word	.LC2
 298 009c 78000000 		.word	.LC3
 299              		.cfi_endproc
 300              	.LFE161:
 302              		.section	.text.udp_init,"ax",%progbits
 303              		.align	1
 304              		.global	udp_init
 305              		.syntax unified
 306              		.thumb
 307              		.thumb_func
 308              		.fpu fpv4-sp-d16
 310              	udp_init:
 311              	.LFB159:
  88:Middlewares/Third_Party/LwIP/src/core/udp.c **** #ifdef LWIP_RAND
 312              		.loc 1 88 1 is_stmt 1 view -0
 313              		.cfi_startproc
 314              		@ args = 0, pretend = 0, frame = 0
 315              		@ frame_needed = 0, uses_anonymous_args = 0
 316 0000 08B5     		push	{r3, lr}
 317              	.LCFI1:
 318              		.cfi_def_cfa_offset 8
 319              		.cfi_offset 3, -8
 320              		.cfi_offset 14, -4
  90:Middlewares/Third_Party/LwIP/src/core/udp.c **** #endif /* LWIP_RAND */
 321              		.loc 1 90 3 view .LVU80
  90:Middlewares/Third_Party/LwIP/src/core/udp.c **** #endif /* LWIP_RAND */
 322              		.loc 1 90 14 is_stmt 0 view .LVU81
 323 0002 FFF7FEFF 		bl	rand
 324              	.LVL21:
 325 0006 6FEA8040 		mvn	r0, r0, lsl #18
 326 000a 6FEA9040 		mvn	r0, r0, lsr #18
  90:Middlewares/Third_Party/LwIP/src/core/udp.c **** #endif /* LWIP_RAND */
 327              		.loc 1 90 12 view .LVU82
 328 000e 014B     		ldr	r3, .L35
 329 0010 1880     		strh	r0, [r3]	@ movhi
  92:Middlewares/Third_Party/LwIP/src/core/udp.c **** 
 330              		.loc 1 92 1 view .LVU83
 331 0012 08BD     		pop	{r3, pc}
 332              	.L36:
 333              		.align	2
 334              	.L35:
 335 0014 00000000 		.word	.LANCHOR0
 336              		.cfi_endproc
 337              	.LFE159:
 339              		.section	.rodata.udp_input.str1.4,"aMS",%progbits,1
 340              		.align	2
 341              	.LC4:
 342 0000 7564705F 		.ascii	"udp_input: invalid pbuf\000"
 342      696E7075 
 342      743A2069 
 342      6E76616C 
 342      69642070 
ARM GAS  /tmp/cc3xdAUq.s 			page 11


 343              		.align	2
 344              	.LC5:
 345 0018 7564705F 		.ascii	"udp_input: invalid netif\000"
 345      696E7075 
 345      743A2069 
 345      6E76616C 
 345      6964206E 
 346 0031 000000   		.align	2
 347              	.LC6:
 348 0034 70627566 		.ascii	"pbuf_remove_header failed\012\000"
 348      5F72656D 
 348      6F76655F 
 348      68656164 
 348      65722066 
 349              		.section	.text.udp_input,"ax",%progbits
 350              		.align	1
 351              		.global	udp_input
 352              		.syntax unified
 353              		.thumb
 354              		.thumb_func
 355              		.fpu fpv4-sp-d16
 357              	udp_input:
 358              	.LVL22:
 359              	.LFB162:
 180:Middlewares/Third_Party/LwIP/src/core/udp.c **** 
 181:Middlewares/Third_Party/LwIP/src/core/udp.c **** /**
 182:Middlewares/Third_Party/LwIP/src/core/udp.c ****  * Process an incoming UDP datagram.
 183:Middlewares/Third_Party/LwIP/src/core/udp.c ****  *
 184:Middlewares/Third_Party/LwIP/src/core/udp.c ****  * Given an incoming UDP datagram (as a chain of pbufs) this function
 185:Middlewares/Third_Party/LwIP/src/core/udp.c ****  * finds a corresponding UDP PCB and hands over the pbuf to the pcbs
 186:Middlewares/Third_Party/LwIP/src/core/udp.c ****  * recv function. If no pcb is found or the datagram is incorrect, the
 187:Middlewares/Third_Party/LwIP/src/core/udp.c ****  * pbuf is freed.
 188:Middlewares/Third_Party/LwIP/src/core/udp.c ****  *
 189:Middlewares/Third_Party/LwIP/src/core/udp.c ****  * @param p pbuf to be demultiplexed to a UDP PCB (p->payload pointing to the UDP header)
 190:Middlewares/Third_Party/LwIP/src/core/udp.c ****  * @param inp network interface on which the datagram was received.
 191:Middlewares/Third_Party/LwIP/src/core/udp.c ****  *
 192:Middlewares/Third_Party/LwIP/src/core/udp.c ****  */
 193:Middlewares/Third_Party/LwIP/src/core/udp.c **** void
 194:Middlewares/Third_Party/LwIP/src/core/udp.c **** udp_input(struct pbuf *p, struct netif *inp)
 195:Middlewares/Third_Party/LwIP/src/core/udp.c **** {
 360              		.loc 1 195 1 is_stmt 1 view -0
 361              		.cfi_startproc
 362              		@ args = 0, pretend = 0, frame = 0
 363              		@ frame_needed = 0, uses_anonymous_args = 0
 364              		.loc 1 195 1 is_stmt 0 view .LVU85
 365 0000 2DE9F04F 		push	{r4, r5, r6, r7, r8, r9, r10, fp, lr}
 366              	.LCFI2:
 367              		.cfi_def_cfa_offset 36
 368              		.cfi_offset 4, -36
 369              		.cfi_offset 5, -32
 370              		.cfi_offset 6, -28
 371              		.cfi_offset 7, -24
 372              		.cfi_offset 8, -20
 373              		.cfi_offset 9, -16
 374              		.cfi_offset 10, -12
 375              		.cfi_offset 11, -8
 376              		.cfi_offset 14, -4
ARM GAS  /tmp/cc3xdAUq.s 			page 12


 377 0004 83B0     		sub	sp, sp, #12
 378              	.LCFI3:
 379              		.cfi_def_cfa_offset 48
 380 0006 0F46     		mov	r7, r1
 196:Middlewares/Third_Party/LwIP/src/core/udp.c ****   struct udp_hdr *udphdr;
 381              		.loc 1 196 3 is_stmt 1 view .LVU86
 197:Middlewares/Third_Party/LwIP/src/core/udp.c ****   struct udp_pcb *pcb, *prev;
 382              		.loc 1 197 3 view .LVU87
 198:Middlewares/Third_Party/LwIP/src/core/udp.c ****   struct udp_pcb *uncon_pcb;
 383              		.loc 1 198 3 view .LVU88
 199:Middlewares/Third_Party/LwIP/src/core/udp.c ****   u16_t src, dest;
 384              		.loc 1 199 3 view .LVU89
 200:Middlewares/Third_Party/LwIP/src/core/udp.c ****   u8_t broadcast;
 385              		.loc 1 200 3 view .LVU90
 201:Middlewares/Third_Party/LwIP/src/core/udp.c ****   u8_t for_us = 0;
 386              		.loc 1 201 3 view .LVU91
 387              	.LVL23:
 202:Middlewares/Third_Party/LwIP/src/core/udp.c **** 
 203:Middlewares/Third_Party/LwIP/src/core/udp.c ****   LWIP_UNUSED_ARG(inp);
 388              		.loc 1 203 3 view .LVU92
 204:Middlewares/Third_Party/LwIP/src/core/udp.c **** 
 205:Middlewares/Third_Party/LwIP/src/core/udp.c ****   LWIP_ASSERT_CORE_LOCKED();
 389              		.loc 1 205 28 view .LVU93
 206:Middlewares/Third_Party/LwIP/src/core/udp.c **** 
 207:Middlewares/Third_Party/LwIP/src/core/udp.c ****   LWIP_ASSERT("udp_input: invalid pbuf", p != NULL);
 390              		.loc 1 207 3 view .LVU94
 391              		.loc 1 207 3 view .LVU95
 392 0008 8146     		mov	r9, r0
 393 000a D0B1     		cbz	r0, .L59
 394              	.LVL24:
 395              	.L38:
 396              		.loc 1 207 3 discriminator 3 view .LVU96
 397              		.loc 1 207 3 discriminator 3 view .LVU97
 208:Middlewares/Third_Party/LwIP/src/core/udp.c ****   LWIP_ASSERT("udp_input: invalid netif", inp != NULL);
 398              		.loc 1 208 3 discriminator 3 view .LVU98
 399              		.loc 1 208 3 discriminator 3 view .LVU99
 400 000c 07B3     		cbz	r7, .L60
 401              	.L39:
 402              		.loc 1 208 3 discriminator 3 view .LVU100
 403              		.loc 1 208 3 discriminator 3 view .LVU101
 209:Middlewares/Third_Party/LwIP/src/core/udp.c **** 
 210:Middlewares/Third_Party/LwIP/src/core/udp.c ****   PERF_START;
 404              		.loc 1 210 13 discriminator 3 view .LVU102
 211:Middlewares/Third_Party/LwIP/src/core/udp.c **** 
 212:Middlewares/Third_Party/LwIP/src/core/udp.c ****   UDP_STATS_INC(udp.recv);
 405              		.loc 1 212 26 discriminator 3 view .LVU103
 213:Middlewares/Third_Party/LwIP/src/core/udp.c **** 
 214:Middlewares/Third_Party/LwIP/src/core/udp.c ****   /* Check minimum length (UDP header) */
 215:Middlewares/Third_Party/LwIP/src/core/udp.c ****   if (p->len < UDP_HLEN) {
 406              		.loc 1 215 3 discriminator 3 view .LVU104
 407              		.loc 1 215 8 is_stmt 0 discriminator 3 view .LVU105
 408 000e B9F80A30 		ldrh	r3, [r9, #10]
 409              		.loc 1 215 6 discriminator 3 view .LVU106
 410 0012 072B     		cmp	r3, #7
 411 0014 23D9     		bls	.L61
 216:Middlewares/Third_Party/LwIP/src/core/udp.c ****     /* drop short packets */
 217:Middlewares/Third_Party/LwIP/src/core/udp.c ****     LWIP_DEBUGF(UDP_DEBUG,
ARM GAS  /tmp/cc3xdAUq.s 			page 13


 218:Middlewares/Third_Party/LwIP/src/core/udp.c ****                 ("udp_input: short UDP datagram (%"U16_F" bytes) discarded\n", p->tot_len));
 219:Middlewares/Third_Party/LwIP/src/core/udp.c ****     UDP_STATS_INC(udp.lenerr);
 220:Middlewares/Third_Party/LwIP/src/core/udp.c ****     UDP_STATS_INC(udp.drop);
 221:Middlewares/Third_Party/LwIP/src/core/udp.c ****     MIB2_STATS_INC(mib2.udpinerrors);
 222:Middlewares/Third_Party/LwIP/src/core/udp.c ****     pbuf_free(p);
 223:Middlewares/Third_Party/LwIP/src/core/udp.c ****     goto end;
 224:Middlewares/Third_Party/LwIP/src/core/udp.c ****   }
 225:Middlewares/Third_Party/LwIP/src/core/udp.c **** 
 226:Middlewares/Third_Party/LwIP/src/core/udp.c ****   udphdr = (struct udp_hdr *)p->payload;
 412              		.loc 1 226 3 is_stmt 1 view .LVU107
 413              		.loc 1 226 10 is_stmt 0 view .LVU108
 414 0016 D9F80440 		ldr	r4, [r9, #4]
 415              	.LVL25:
 227:Middlewares/Third_Party/LwIP/src/core/udp.c **** 
 228:Middlewares/Third_Party/LwIP/src/core/udp.c ****   /* is broadcast packet ? */
 229:Middlewares/Third_Party/LwIP/src/core/udp.c ****   broadcast = ip_addr_isbroadcast(ip_current_dest_addr(), ip_current_netif());
 416              		.loc 1 229 3 is_stmt 1 view .LVU109
 417              		.loc 1 229 15 is_stmt 0 view .LVU110
 418 001a 524B     		ldr	r3, .L67
 419 001c 1968     		ldr	r1, [r3]
 420 001e 5869     		ldr	r0, [r3, #20]
 421 0020 FFF7FEFF 		bl	ip4_addr_isbroadcast_u32
 422              	.LVL26:
 423 0024 8046     		mov	r8, r0
 424              	.LVL27:
 230:Middlewares/Third_Party/LwIP/src/core/udp.c **** 
 231:Middlewares/Third_Party/LwIP/src/core/udp.c ****   LWIP_DEBUGF(UDP_DEBUG, ("udp_input: received datagram of length %"U16_F"\n", p->tot_len));
 425              		.loc 1 231 3 is_stmt 1 view .LVU111
 426              		.loc 1 231 3 view .LVU112
 427              		.loc 1 231 3 view .LVU113
 232:Middlewares/Third_Party/LwIP/src/core/udp.c **** 
 233:Middlewares/Third_Party/LwIP/src/core/udp.c ****   /* convert src and dest ports to host byte order */
 234:Middlewares/Third_Party/LwIP/src/core/udp.c ****   src = lwip_ntohs(udphdr->src);
 428              		.loc 1 234 3 view .LVU114
 429              		.loc 1 234 9 is_stmt 0 view .LVU115
 430 0026 2088     		ldrh	r0, [r4]	@ unaligned
 431 0028 FFF7FEFF 		bl	lwip_htons
 432              	.LVL28:
 433 002c 8246     		mov	r10, r0
 434              	.LVL29:
 235:Middlewares/Third_Party/LwIP/src/core/udp.c ****   dest = lwip_ntohs(udphdr->dest);
 435              		.loc 1 235 3 is_stmt 1 view .LVU116
 436              		.loc 1 235 10 is_stmt 0 view .LVU117
 437 002e 6088     		ldrh	r0, [r4, #2]	@ unaligned
 438 0030 FFF7FEFF 		bl	lwip_htons
 439              	.LVL30:
 440 0034 0546     		mov	r5, r0
 441              	.LVL31:
 236:Middlewares/Third_Party/LwIP/src/core/udp.c **** 
 237:Middlewares/Third_Party/LwIP/src/core/udp.c ****   udp_debug_print(udphdr);
 442              		.loc 1 237 26 is_stmt 1 view .LVU118
 238:Middlewares/Third_Party/LwIP/src/core/udp.c **** 
 239:Middlewares/Third_Party/LwIP/src/core/udp.c ****   /* print the UDP source and destination */
 240:Middlewares/Third_Party/LwIP/src/core/udp.c ****   LWIP_DEBUGF(UDP_DEBUG, ("udp ("));
 443              		.loc 1 240 3 view .LVU119
 444              		.loc 1 240 3 view .LVU120
 445              		.loc 1 240 3 view .LVU121
ARM GAS  /tmp/cc3xdAUq.s 			page 14


 241:Middlewares/Third_Party/LwIP/src/core/udp.c ****   ip_addr_debug_print_val(UDP_DEBUG, *ip_current_dest_addr());
 446              		.loc 1 241 3 view .LVU122
 447              		.loc 1 241 3 view .LVU123
 448              		.loc 1 241 3 view .LVU124
 242:Middlewares/Third_Party/LwIP/src/core/udp.c ****   LWIP_DEBUGF(UDP_DEBUG, (", %"U16_F") <-- (", lwip_ntohs(udphdr->dest)));
 449              		.loc 1 242 3 view .LVU125
 450              		.loc 1 242 3 view .LVU126
 451              		.loc 1 242 3 view .LVU127
 243:Middlewares/Third_Party/LwIP/src/core/udp.c ****   ip_addr_debug_print_val(UDP_DEBUG, *ip_current_src_addr());
 452              		.loc 1 243 3 view .LVU128
 453              		.loc 1 243 3 view .LVU129
 454              		.loc 1 243 3 view .LVU130
 244:Middlewares/Third_Party/LwIP/src/core/udp.c ****   LWIP_DEBUGF(UDP_DEBUG, (", %"U16_F")\n", lwip_ntohs(udphdr->src)));
 455              		.loc 1 244 3 view .LVU131
 456              		.loc 1 244 3 view .LVU132
 457              		.loc 1 244 3 view .LVU133
 245:Middlewares/Third_Party/LwIP/src/core/udp.c **** 
 246:Middlewares/Third_Party/LwIP/src/core/udp.c ****   pcb = NULL;
 458              		.loc 1 246 3 view .LVU134
 247:Middlewares/Third_Party/LwIP/src/core/udp.c ****   prev = NULL;
 459              		.loc 1 247 3 view .LVU135
 248:Middlewares/Third_Party/LwIP/src/core/udp.c ****   uncon_pcb = NULL;
 460              		.loc 1 248 3 view .LVU136
 249:Middlewares/Third_Party/LwIP/src/core/udp.c ****   /* Iterate through the UDP pcb list for a matching pcb.
 250:Middlewares/Third_Party/LwIP/src/core/udp.c ****    * 'Perfect match' pcbs (connected to the remote port & ip address) are
 251:Middlewares/Third_Party/LwIP/src/core/udp.c ****    * preferred. If no perfect match is found, the first unconnected pcb that
 252:Middlewares/Third_Party/LwIP/src/core/udp.c ****    * matches the local port and ip address gets the datagram. */
 253:Middlewares/Third_Party/LwIP/src/core/udp.c ****   for (pcb = udp_pcbs; pcb != NULL; pcb = pcb->next) {
 461              		.loc 1 253 3 view .LVU137
 462              		.loc 1 253 12 is_stmt 0 view .LVU138
 463 0036 4C4B     		ldr	r3, .L67+4
 464 0038 1C68     		ldr	r4, [r3]
 465              	.LVL32:
 248:Middlewares/Third_Party/LwIP/src/core/udp.c ****   uncon_pcb = NULL;
 466              		.loc 1 248 13 view .LVU139
 467 003a 4FF0000B 		mov	fp, #0
 247:Middlewares/Third_Party/LwIP/src/core/udp.c ****   uncon_pcb = NULL;
 468              		.loc 1 247 8 view .LVU140
 469 003e 5E46     		mov	r6, fp
 470              		.loc 1 253 3 view .LVU141
 471 0040 19E0     		b	.L42
 472              	.LVL33:
 473              	.L59:
 207:Middlewares/Third_Party/LwIP/src/core/udp.c ****   LWIP_ASSERT("udp_input: invalid netif", inp != NULL);
 474              		.loc 1 207 3 is_stmt 1 discriminator 1 view .LVU142
 207:Middlewares/Third_Party/LwIP/src/core/udp.c ****   LWIP_ASSERT("udp_input: invalid netif", inp != NULL);
 475              		.loc 1 207 3 discriminator 1 view .LVU143
 476 0042 4A4B     		ldr	r3, .L67+8
 477 0044 CF22     		movs	r2, #207
 478 0046 4A49     		ldr	r1, .L67+12
 479              	.LVL34:
 207:Middlewares/Third_Party/LwIP/src/core/udp.c ****   LWIP_ASSERT("udp_input: invalid netif", inp != NULL);
 480              		.loc 1 207 3 is_stmt 0 discriminator 1 view .LVU144
 481 0048 4A48     		ldr	r0, .L67+16
 482              	.LVL35:
 207:Middlewares/Third_Party/LwIP/src/core/udp.c ****   LWIP_ASSERT("udp_input: invalid netif", inp != NULL);
 483              		.loc 1 207 3 discriminator 1 view .LVU145
ARM GAS  /tmp/cc3xdAUq.s 			page 15


 484 004a FFF7FEFF 		bl	printf
 485              	.LVL36:
 486 004e DDE7     		b	.L38
 487              	.L60:
 208:Middlewares/Third_Party/LwIP/src/core/udp.c **** 
 488              		.loc 1 208 3 is_stmt 1 discriminator 1 view .LVU146
 208:Middlewares/Third_Party/LwIP/src/core/udp.c **** 
 489              		.loc 1 208 3 discriminator 1 view .LVU147
 490 0050 464B     		ldr	r3, .L67+8
 491 0052 D022     		movs	r2, #208
 492 0054 4849     		ldr	r1, .L67+20
 493 0056 4748     		ldr	r0, .L67+16
 494 0058 FFF7FEFF 		bl	printf
 495              	.LVL37:
 496 005c D7E7     		b	.L39
 497              	.L61:
 217:Middlewares/Third_Party/LwIP/src/core/udp.c ****                 ("udp_input: short UDP datagram (%"U16_F" bytes) discarded\n", p->tot_len));
 498              		.loc 1 217 5 discriminator 4 view .LVU148
 217:Middlewares/Third_Party/LwIP/src/core/udp.c ****                 ("udp_input: short UDP datagram (%"U16_F" bytes) discarded\n", p->tot_len));
 499              		.loc 1 217 5 discriminator 4 view .LVU149
 217:Middlewares/Third_Party/LwIP/src/core/udp.c ****                 ("udp_input: short UDP datagram (%"U16_F" bytes) discarded\n", p->tot_len));
 500              		.loc 1 217 5 discriminator 4 view .LVU150
 219:Middlewares/Third_Party/LwIP/src/core/udp.c ****     UDP_STATS_INC(udp.drop);
 501              		.loc 1 219 30 discriminator 4 view .LVU151
 220:Middlewares/Third_Party/LwIP/src/core/udp.c ****     MIB2_STATS_INC(mib2.udpinerrors);
 502              		.loc 1 220 28 discriminator 4 view .LVU152
 221:Middlewares/Third_Party/LwIP/src/core/udp.c ****     pbuf_free(p);
 503              		.loc 1 221 37 discriminator 4 view .LVU153
 222:Middlewares/Third_Party/LwIP/src/core/udp.c ****     goto end;
 504              		.loc 1 222 5 discriminator 4 view .LVU154
 505 005e 4846     		mov	r0, r9
 506 0060 FFF7FEFF 		bl	pbuf_free
 507              	.LVL38:
 223:Middlewares/Third_Party/LwIP/src/core/udp.c ****   }
 508              		.loc 1 223 5 discriminator 4 view .LVU155
 509              	.L41:
 510              	.L37:
 254:Middlewares/Third_Party/LwIP/src/core/udp.c ****     /* print the PCB local and remote address */
 255:Middlewares/Third_Party/LwIP/src/core/udp.c ****     LWIP_DEBUGF(UDP_DEBUG, ("pcb ("));
 256:Middlewares/Third_Party/LwIP/src/core/udp.c ****     ip_addr_debug_print_val(UDP_DEBUG, pcb->local_ip);
 257:Middlewares/Third_Party/LwIP/src/core/udp.c ****     LWIP_DEBUGF(UDP_DEBUG, (", %"U16_F") <-- (", pcb->local_port));
 258:Middlewares/Third_Party/LwIP/src/core/udp.c ****     ip_addr_debug_print_val(UDP_DEBUG, pcb->remote_ip);
 259:Middlewares/Third_Party/LwIP/src/core/udp.c ****     LWIP_DEBUGF(UDP_DEBUG, (", %"U16_F")\n", pcb->remote_port));
 260:Middlewares/Third_Party/LwIP/src/core/udp.c **** 
 261:Middlewares/Third_Party/LwIP/src/core/udp.c ****     /* compare PCB local addr+port to UDP destination addr+port */
 262:Middlewares/Third_Party/LwIP/src/core/udp.c ****     if ((pcb->local_port == dest) &&
 263:Middlewares/Third_Party/LwIP/src/core/udp.c ****         (udp_input_local_match(pcb, inp, broadcast) != 0)) {
 264:Middlewares/Third_Party/LwIP/src/core/udp.c ****       if ((pcb->flags & UDP_FLAGS_CONNECTED) == 0) {
 265:Middlewares/Third_Party/LwIP/src/core/udp.c ****         if (uncon_pcb == NULL) {
 266:Middlewares/Third_Party/LwIP/src/core/udp.c ****           /* the first unconnected matching PCB */
 267:Middlewares/Third_Party/LwIP/src/core/udp.c ****           uncon_pcb = pcb;
 268:Middlewares/Third_Party/LwIP/src/core/udp.c **** #if LWIP_IPV4
 269:Middlewares/Third_Party/LwIP/src/core/udp.c ****         } else if (broadcast && ip4_current_dest_addr()->addr == IPADDR_BROADCAST) {
 270:Middlewares/Third_Party/LwIP/src/core/udp.c ****           /* global broadcast address (only valid for IPv4; match was checked before) */
 271:Middlewares/Third_Party/LwIP/src/core/udp.c ****           if (!IP_IS_V4_VAL(uncon_pcb->local_ip) || !ip4_addr_cmp(ip_2_ip4(&uncon_pcb->local_ip), n
 272:Middlewares/Third_Party/LwIP/src/core/udp.c ****             /* uncon_pcb does not match the input netif, check this pcb */
 273:Middlewares/Third_Party/LwIP/src/core/udp.c ****             if (IP_IS_V4_VAL(pcb->local_ip) && ip4_addr_cmp(ip_2_ip4(&pcb->local_ip), netif_ip4_add
ARM GAS  /tmp/cc3xdAUq.s 			page 16


 274:Middlewares/Third_Party/LwIP/src/core/udp.c ****               /* better match */
 275:Middlewares/Third_Party/LwIP/src/core/udp.c ****               uncon_pcb = pcb;
 276:Middlewares/Third_Party/LwIP/src/core/udp.c ****             }
 277:Middlewares/Third_Party/LwIP/src/core/udp.c ****           }
 278:Middlewares/Third_Party/LwIP/src/core/udp.c **** #endif /* LWIP_IPV4 */
 279:Middlewares/Third_Party/LwIP/src/core/udp.c ****         }
 280:Middlewares/Third_Party/LwIP/src/core/udp.c **** #if SO_REUSE
 281:Middlewares/Third_Party/LwIP/src/core/udp.c ****         else if (!ip_addr_isany(&pcb->local_ip)) {
 282:Middlewares/Third_Party/LwIP/src/core/udp.c ****           /* prefer specific IPs over catch-all */
 283:Middlewares/Third_Party/LwIP/src/core/udp.c ****           uncon_pcb = pcb;
 284:Middlewares/Third_Party/LwIP/src/core/udp.c ****         }
 285:Middlewares/Third_Party/LwIP/src/core/udp.c **** #endif /* SO_REUSE */
 286:Middlewares/Third_Party/LwIP/src/core/udp.c ****       }
 287:Middlewares/Third_Party/LwIP/src/core/udp.c **** 
 288:Middlewares/Third_Party/LwIP/src/core/udp.c ****       /* compare PCB remote addr+port to UDP source addr+port */
 289:Middlewares/Third_Party/LwIP/src/core/udp.c ****       if ((pcb->remote_port == src) &&
 290:Middlewares/Third_Party/LwIP/src/core/udp.c ****           (ip_addr_isany_val(pcb->remote_ip) ||
 291:Middlewares/Third_Party/LwIP/src/core/udp.c ****            ip_addr_cmp(&pcb->remote_ip, ip_current_src_addr()))) {
 292:Middlewares/Third_Party/LwIP/src/core/udp.c ****         /* the first fully matching PCB */
 293:Middlewares/Third_Party/LwIP/src/core/udp.c ****         if (prev != NULL) {
 294:Middlewares/Third_Party/LwIP/src/core/udp.c ****           /* move the pcb to the front of udp_pcbs so that is
 295:Middlewares/Third_Party/LwIP/src/core/udp.c ****              found faster next time */
 296:Middlewares/Third_Party/LwIP/src/core/udp.c ****           prev->next = pcb->next;
 297:Middlewares/Third_Party/LwIP/src/core/udp.c ****           pcb->next = udp_pcbs;
 298:Middlewares/Third_Party/LwIP/src/core/udp.c ****           udp_pcbs = pcb;
 299:Middlewares/Third_Party/LwIP/src/core/udp.c ****         } else {
 300:Middlewares/Third_Party/LwIP/src/core/udp.c ****           UDP_STATS_INC(udp.cachehit);
 301:Middlewares/Third_Party/LwIP/src/core/udp.c ****         }
 302:Middlewares/Third_Party/LwIP/src/core/udp.c ****         break;
 303:Middlewares/Third_Party/LwIP/src/core/udp.c ****       }
 304:Middlewares/Third_Party/LwIP/src/core/udp.c ****     }
 305:Middlewares/Third_Party/LwIP/src/core/udp.c **** 
 306:Middlewares/Third_Party/LwIP/src/core/udp.c ****     prev = pcb;
 307:Middlewares/Third_Party/LwIP/src/core/udp.c ****   }
 308:Middlewares/Third_Party/LwIP/src/core/udp.c ****   /* no fully matching pcb found? then look for an unconnected pcb */
 309:Middlewares/Third_Party/LwIP/src/core/udp.c ****   if (pcb == NULL) {
 310:Middlewares/Third_Party/LwIP/src/core/udp.c ****     pcb = uncon_pcb;
 311:Middlewares/Third_Party/LwIP/src/core/udp.c ****   }
 312:Middlewares/Third_Party/LwIP/src/core/udp.c **** 
 313:Middlewares/Third_Party/LwIP/src/core/udp.c ****   /* Check checksum if this is a match or if it was directed at us. */
 314:Middlewares/Third_Party/LwIP/src/core/udp.c ****   if (pcb != NULL) {
 315:Middlewares/Third_Party/LwIP/src/core/udp.c ****     for_us = 1;
 316:Middlewares/Third_Party/LwIP/src/core/udp.c ****   } else {
 317:Middlewares/Third_Party/LwIP/src/core/udp.c **** #if LWIP_IPV6
 318:Middlewares/Third_Party/LwIP/src/core/udp.c ****     if (ip_current_is_v6()) {
 319:Middlewares/Third_Party/LwIP/src/core/udp.c ****       for_us = netif_get_ip6_addr_match(inp, ip6_current_dest_addr()) >= 0;
 320:Middlewares/Third_Party/LwIP/src/core/udp.c ****     }
 321:Middlewares/Third_Party/LwIP/src/core/udp.c **** #endif /* LWIP_IPV6 */
 322:Middlewares/Third_Party/LwIP/src/core/udp.c **** #if LWIP_IPV4
 323:Middlewares/Third_Party/LwIP/src/core/udp.c ****     if (!ip_current_is_v6()) {
 324:Middlewares/Third_Party/LwIP/src/core/udp.c ****       for_us = ip4_addr_cmp(netif_ip4_addr(inp), ip4_current_dest_addr());
 325:Middlewares/Third_Party/LwIP/src/core/udp.c ****     }
 326:Middlewares/Third_Party/LwIP/src/core/udp.c **** #endif /* LWIP_IPV4 */
 327:Middlewares/Third_Party/LwIP/src/core/udp.c ****   }
 328:Middlewares/Third_Party/LwIP/src/core/udp.c **** 
 329:Middlewares/Third_Party/LwIP/src/core/udp.c ****   if (for_us) {
 330:Middlewares/Third_Party/LwIP/src/core/udp.c ****     LWIP_DEBUGF(UDP_DEBUG | LWIP_DBG_TRACE, ("udp_input: calculating checksum\n"));
ARM GAS  /tmp/cc3xdAUq.s 			page 17


 331:Middlewares/Third_Party/LwIP/src/core/udp.c **** #if CHECKSUM_CHECK_UDP
 332:Middlewares/Third_Party/LwIP/src/core/udp.c ****     IF__NETIF_CHECKSUM_ENABLED(inp, NETIF_CHECKSUM_CHECK_UDP) {
 333:Middlewares/Third_Party/LwIP/src/core/udp.c **** #if LWIP_UDPLITE
 334:Middlewares/Third_Party/LwIP/src/core/udp.c ****       if (ip_current_header_proto() == IP_PROTO_UDPLITE) {
 335:Middlewares/Third_Party/LwIP/src/core/udp.c ****         /* Do the UDP Lite checksum */
 336:Middlewares/Third_Party/LwIP/src/core/udp.c ****         u16_t chklen = lwip_ntohs(udphdr->len);
 337:Middlewares/Third_Party/LwIP/src/core/udp.c ****         if (chklen < sizeof(struct udp_hdr)) {
 338:Middlewares/Third_Party/LwIP/src/core/udp.c ****           if (chklen == 0) {
 339:Middlewares/Third_Party/LwIP/src/core/udp.c ****             /* For UDP-Lite, checksum length of 0 means checksum
 340:Middlewares/Third_Party/LwIP/src/core/udp.c ****                over the complete packet (See RFC 3828 chap. 3.1) */
 341:Middlewares/Third_Party/LwIP/src/core/udp.c ****             chklen = p->tot_len;
 342:Middlewares/Third_Party/LwIP/src/core/udp.c ****           } else {
 343:Middlewares/Third_Party/LwIP/src/core/udp.c ****             /* At least the UDP-Lite header must be covered by the
 344:Middlewares/Third_Party/LwIP/src/core/udp.c ****                checksum! (Again, see RFC 3828 chap. 3.1) */
 345:Middlewares/Third_Party/LwIP/src/core/udp.c ****             goto chkerr;
 346:Middlewares/Third_Party/LwIP/src/core/udp.c ****           }
 347:Middlewares/Third_Party/LwIP/src/core/udp.c ****         }
 348:Middlewares/Third_Party/LwIP/src/core/udp.c ****         if (ip_chksum_pseudo_partial(p, IP_PROTO_UDPLITE,
 349:Middlewares/Third_Party/LwIP/src/core/udp.c ****                                      p->tot_len, chklen,
 350:Middlewares/Third_Party/LwIP/src/core/udp.c ****                                      ip_current_src_addr(), ip_current_dest_addr()) != 0) {
 351:Middlewares/Third_Party/LwIP/src/core/udp.c ****           goto chkerr;
 352:Middlewares/Third_Party/LwIP/src/core/udp.c ****         }
 353:Middlewares/Third_Party/LwIP/src/core/udp.c ****       } else
 354:Middlewares/Third_Party/LwIP/src/core/udp.c **** #endif /* LWIP_UDPLITE */
 355:Middlewares/Third_Party/LwIP/src/core/udp.c ****       {
 356:Middlewares/Third_Party/LwIP/src/core/udp.c ****         if (udphdr->chksum != 0) {
 357:Middlewares/Third_Party/LwIP/src/core/udp.c ****           if (ip_chksum_pseudo(p, IP_PROTO_UDP, p->tot_len,
 358:Middlewares/Third_Party/LwIP/src/core/udp.c ****                                ip_current_src_addr(),
 359:Middlewares/Third_Party/LwIP/src/core/udp.c ****                                ip_current_dest_addr()) != 0) {
 360:Middlewares/Third_Party/LwIP/src/core/udp.c ****             goto chkerr;
 361:Middlewares/Third_Party/LwIP/src/core/udp.c ****           }
 362:Middlewares/Third_Party/LwIP/src/core/udp.c ****         }
 363:Middlewares/Third_Party/LwIP/src/core/udp.c ****       }
 364:Middlewares/Third_Party/LwIP/src/core/udp.c ****     }
 365:Middlewares/Third_Party/LwIP/src/core/udp.c **** #endif /* CHECKSUM_CHECK_UDP */
 366:Middlewares/Third_Party/LwIP/src/core/udp.c ****     if (pbuf_remove_header(p, UDP_HLEN)) {
 367:Middlewares/Third_Party/LwIP/src/core/udp.c ****       /* Can we cope with this failing? Just assert for now */
 368:Middlewares/Third_Party/LwIP/src/core/udp.c ****       LWIP_ASSERT("pbuf_remove_header failed\n", 0);
 369:Middlewares/Third_Party/LwIP/src/core/udp.c ****       UDP_STATS_INC(udp.drop);
 370:Middlewares/Third_Party/LwIP/src/core/udp.c ****       MIB2_STATS_INC(mib2.udpinerrors);
 371:Middlewares/Third_Party/LwIP/src/core/udp.c ****       pbuf_free(p);
 372:Middlewares/Third_Party/LwIP/src/core/udp.c ****       goto end;
 373:Middlewares/Third_Party/LwIP/src/core/udp.c ****     }
 374:Middlewares/Third_Party/LwIP/src/core/udp.c **** 
 375:Middlewares/Third_Party/LwIP/src/core/udp.c ****     if (pcb != NULL) {
 376:Middlewares/Third_Party/LwIP/src/core/udp.c ****       MIB2_STATS_INC(mib2.udpindatagrams);
 377:Middlewares/Third_Party/LwIP/src/core/udp.c **** #if SO_REUSE && SO_REUSE_RXTOALL
 378:Middlewares/Third_Party/LwIP/src/core/udp.c ****       if (ip_get_option(pcb, SOF_REUSEADDR) &&
 379:Middlewares/Third_Party/LwIP/src/core/udp.c ****           (broadcast || ip_addr_ismulticast(ip_current_dest_addr()))) {
 380:Middlewares/Third_Party/LwIP/src/core/udp.c ****         /* pass broadcast- or multicast packets to all multicast pcbs
 381:Middlewares/Third_Party/LwIP/src/core/udp.c ****            if SOF_REUSEADDR is set on the first match */
 382:Middlewares/Third_Party/LwIP/src/core/udp.c ****         struct udp_pcb *mpcb;
 383:Middlewares/Third_Party/LwIP/src/core/udp.c ****         for (mpcb = udp_pcbs; mpcb != NULL; mpcb = mpcb->next) {
 384:Middlewares/Third_Party/LwIP/src/core/udp.c ****           if (mpcb != pcb) {
 385:Middlewares/Third_Party/LwIP/src/core/udp.c ****             /* compare PCB local addr+port to UDP destination addr+port */
 386:Middlewares/Third_Party/LwIP/src/core/udp.c ****             if ((mpcb->local_port == dest) &&
 387:Middlewares/Third_Party/LwIP/src/core/udp.c ****                 (udp_input_local_match(mpcb, inp, broadcast) != 0)) {
ARM GAS  /tmp/cc3xdAUq.s 			page 18


 388:Middlewares/Third_Party/LwIP/src/core/udp.c ****               /* pass a copy of the packet to all local matches */
 389:Middlewares/Third_Party/LwIP/src/core/udp.c ****               if (mpcb->recv != NULL) {
 390:Middlewares/Third_Party/LwIP/src/core/udp.c ****                 struct pbuf *q;
 391:Middlewares/Third_Party/LwIP/src/core/udp.c ****                 q = pbuf_clone(PBUF_RAW, PBUF_POOL, p);
 392:Middlewares/Third_Party/LwIP/src/core/udp.c ****                 if (q != NULL) {
 393:Middlewares/Third_Party/LwIP/src/core/udp.c ****                   mpcb->recv(mpcb->recv_arg, mpcb, q, ip_current_src_addr(), src);
 394:Middlewares/Third_Party/LwIP/src/core/udp.c ****                 }
 395:Middlewares/Third_Party/LwIP/src/core/udp.c ****               }
 396:Middlewares/Third_Party/LwIP/src/core/udp.c ****             }
 397:Middlewares/Third_Party/LwIP/src/core/udp.c ****           }
 398:Middlewares/Third_Party/LwIP/src/core/udp.c ****         }
 399:Middlewares/Third_Party/LwIP/src/core/udp.c ****       }
 400:Middlewares/Third_Party/LwIP/src/core/udp.c **** #endif /* SO_REUSE && SO_REUSE_RXTOALL */
 401:Middlewares/Third_Party/LwIP/src/core/udp.c ****       /* callback */
 402:Middlewares/Third_Party/LwIP/src/core/udp.c ****       if (pcb->recv != NULL) {
 403:Middlewares/Third_Party/LwIP/src/core/udp.c ****         /* now the recv function is responsible for freeing p */
 404:Middlewares/Third_Party/LwIP/src/core/udp.c ****         pcb->recv(pcb->recv_arg, pcb, p, ip_current_src_addr(), src);
 405:Middlewares/Third_Party/LwIP/src/core/udp.c ****       } else {
 406:Middlewares/Third_Party/LwIP/src/core/udp.c ****         /* no recv function registered? then we have to free the pbuf! */
 407:Middlewares/Third_Party/LwIP/src/core/udp.c ****         pbuf_free(p);
 408:Middlewares/Third_Party/LwIP/src/core/udp.c ****         goto end;
 409:Middlewares/Third_Party/LwIP/src/core/udp.c ****       }
 410:Middlewares/Third_Party/LwIP/src/core/udp.c ****     } else {
 411:Middlewares/Third_Party/LwIP/src/core/udp.c ****       LWIP_DEBUGF(UDP_DEBUG | LWIP_DBG_TRACE, ("udp_input: not for us.\n"));
 412:Middlewares/Third_Party/LwIP/src/core/udp.c **** 
 413:Middlewares/Third_Party/LwIP/src/core/udp.c **** #if LWIP_ICMP || LWIP_ICMP6
 414:Middlewares/Third_Party/LwIP/src/core/udp.c ****       /* No match was found, send ICMP destination port unreachable unless
 415:Middlewares/Third_Party/LwIP/src/core/udp.c ****          destination address was broadcast/multicast. */
 416:Middlewares/Third_Party/LwIP/src/core/udp.c ****       if (!broadcast && !ip_addr_ismulticast(ip_current_dest_addr())) {
 417:Middlewares/Third_Party/LwIP/src/core/udp.c ****         /* move payload pointer back to ip header */
 418:Middlewares/Third_Party/LwIP/src/core/udp.c ****         pbuf_header_force(p, (s16_t)(ip_current_header_tot_len() + UDP_HLEN));
 419:Middlewares/Third_Party/LwIP/src/core/udp.c ****         icmp_port_unreach(ip_current_is_v6(), p);
 420:Middlewares/Third_Party/LwIP/src/core/udp.c ****       }
 421:Middlewares/Third_Party/LwIP/src/core/udp.c **** #endif /* LWIP_ICMP || LWIP_ICMP6 */
 422:Middlewares/Third_Party/LwIP/src/core/udp.c ****       UDP_STATS_INC(udp.proterr);
 423:Middlewares/Third_Party/LwIP/src/core/udp.c ****       UDP_STATS_INC(udp.drop);
 424:Middlewares/Third_Party/LwIP/src/core/udp.c ****       MIB2_STATS_INC(mib2.udpnoports);
 425:Middlewares/Third_Party/LwIP/src/core/udp.c ****       pbuf_free(p);
 426:Middlewares/Third_Party/LwIP/src/core/udp.c ****     }
 427:Middlewares/Third_Party/LwIP/src/core/udp.c ****   } else {
 428:Middlewares/Third_Party/LwIP/src/core/udp.c ****     pbuf_free(p);
 429:Middlewares/Third_Party/LwIP/src/core/udp.c ****   }
 430:Middlewares/Third_Party/LwIP/src/core/udp.c **** end:
 431:Middlewares/Third_Party/LwIP/src/core/udp.c ****   PERF_STOP("udp_input");
 432:Middlewares/Third_Party/LwIP/src/core/udp.c ****   return;
 433:Middlewares/Third_Party/LwIP/src/core/udp.c **** #if CHECKSUM_CHECK_UDP
 434:Middlewares/Third_Party/LwIP/src/core/udp.c **** chkerr:
 435:Middlewares/Third_Party/LwIP/src/core/udp.c ****   LWIP_DEBUGF(UDP_DEBUG | LWIP_DBG_LEVEL_SERIOUS,
 436:Middlewares/Third_Party/LwIP/src/core/udp.c ****               ("udp_input: UDP (or UDP Lite) datagram discarded due to failing checksum\n"));
 437:Middlewares/Third_Party/LwIP/src/core/udp.c ****   UDP_STATS_INC(udp.chkerr);
 438:Middlewares/Third_Party/LwIP/src/core/udp.c ****   UDP_STATS_INC(udp.drop);
 439:Middlewares/Third_Party/LwIP/src/core/udp.c ****   MIB2_STATS_INC(mib2.udpinerrors);
 440:Middlewares/Third_Party/LwIP/src/core/udp.c ****   pbuf_free(p);
 441:Middlewares/Third_Party/LwIP/src/core/udp.c ****   PERF_STOP("udp_input");
 442:Middlewares/Third_Party/LwIP/src/core/udp.c **** #endif /* CHECKSUM_CHECK_UDP */
 443:Middlewares/Third_Party/LwIP/src/core/udp.c **** }
 511              		.loc 1 443 1 is_stmt 0 view .LVU156
ARM GAS  /tmp/cc3xdAUq.s 			page 19


 512 0064 03B0     		add	sp, sp, #12
 513              	.LCFI4:
 514              		.cfi_remember_state
 515              		.cfi_def_cfa_offset 36
 516              		@ sp needed
 517 0066 BDE8F08F 		pop	{r4, r5, r6, r7, r8, r9, r10, fp, pc}
 518              	.LVL39:
 519              	.L55:
 520              	.LCFI5:
 521              		.cfi_restore_state
 267:Middlewares/Third_Party/LwIP/src/core/udp.c **** #if LWIP_IPV4
 522              		.loc 1 267 21 view .LVU157
 523 006a A346     		mov	fp, r4
 524              	.LVL40:
 525              	.L44:
 289:Middlewares/Third_Party/LwIP/src/core/udp.c ****           (ip_addr_isany_val(pcb->remote_ip) ||
 526              		.loc 1 289 7 is_stmt 1 view .LVU158
 289:Middlewares/Third_Party/LwIP/src/core/udp.c ****           (ip_addr_isany_val(pcb->remote_ip) ||
 527              		.loc 1 289 15 is_stmt 0 view .LVU159
 528 006c A38A     		ldrh	r3, [r4, #20]
 289:Middlewares/Third_Party/LwIP/src/core/udp.c ****           (ip_addr_isany_val(pcb->remote_ip) ||
 529              		.loc 1 289 10 view .LVU160
 530 006e 9A45     		cmp	r10, r3
 531 0070 26D0     		beq	.L62
 532              	.L43:
 306:Middlewares/Third_Party/LwIP/src/core/udp.c ****   }
 533              		.loc 1 306 5 is_stmt 1 discriminator 2 view .LVU161
 534              	.LVL41:
 253:Middlewares/Third_Party/LwIP/src/core/udp.c ****     /* print the PCB local and remote address */
 535              		.loc 1 253 37 discriminator 2 view .LVU162
 306:Middlewares/Third_Party/LwIP/src/core/udp.c ****   }
 536              		.loc 1 306 10 is_stmt 0 discriminator 2 view .LVU163
 537 0072 2646     		mov	r6, r4
 253:Middlewares/Third_Party/LwIP/src/core/udp.c ****     /* print the PCB local and remote address */
 538              		.loc 1 253 41 discriminator 2 view .LVU164
 539 0074 E468     		ldr	r4, [r4, #12]
 540              	.LVL42:
 541              	.L42:
 253:Middlewares/Third_Party/LwIP/src/core/udp.c ****     /* print the PCB local and remote address */
 542              		.loc 1 253 24 is_stmt 1 discriminator 1 view .LVU165
 253:Middlewares/Third_Party/LwIP/src/core/udp.c ****     /* print the PCB local and remote address */
 543              		.loc 1 253 3 is_stmt 0 discriminator 1 view .LVU166
 544 0076 002C     		cmp	r4, #0
 545 0078 2FD0     		beq	.L46
 255:Middlewares/Third_Party/LwIP/src/core/udp.c ****     ip_addr_debug_print_val(UDP_DEBUG, pcb->local_ip);
 546              		.loc 1 255 5 is_stmt 1 discriminator 4 view .LVU167
 255:Middlewares/Third_Party/LwIP/src/core/udp.c ****     ip_addr_debug_print_val(UDP_DEBUG, pcb->local_ip);
 547              		.loc 1 255 5 discriminator 4 view .LVU168
 255:Middlewares/Third_Party/LwIP/src/core/udp.c ****     ip_addr_debug_print_val(UDP_DEBUG, pcb->local_ip);
 548              		.loc 1 255 5 discriminator 4 view .LVU169
 256:Middlewares/Third_Party/LwIP/src/core/udp.c ****     LWIP_DEBUGF(UDP_DEBUG, (", %"U16_F") <-- (", pcb->local_port));
 549              		.loc 1 256 5 discriminator 4 view .LVU170
 256:Middlewares/Third_Party/LwIP/src/core/udp.c ****     LWIP_DEBUGF(UDP_DEBUG, (", %"U16_F") <-- (", pcb->local_port));
 550              		.loc 1 256 5 discriminator 4 view .LVU171
 256:Middlewares/Third_Party/LwIP/src/core/udp.c ****     LWIP_DEBUGF(UDP_DEBUG, (", %"U16_F") <-- (", pcb->local_port));
 551              		.loc 1 256 5 discriminator 4 view .LVU172
 257:Middlewares/Third_Party/LwIP/src/core/udp.c ****     ip_addr_debug_print_val(UDP_DEBUG, pcb->remote_ip);
ARM GAS  /tmp/cc3xdAUq.s 			page 20


 552              		.loc 1 257 5 discriminator 4 view .LVU173
 257:Middlewares/Third_Party/LwIP/src/core/udp.c ****     ip_addr_debug_print_val(UDP_DEBUG, pcb->remote_ip);
 553              		.loc 1 257 5 discriminator 4 view .LVU174
 257:Middlewares/Third_Party/LwIP/src/core/udp.c ****     ip_addr_debug_print_val(UDP_DEBUG, pcb->remote_ip);
 554              		.loc 1 257 5 discriminator 4 view .LVU175
 258:Middlewares/Third_Party/LwIP/src/core/udp.c ****     LWIP_DEBUGF(UDP_DEBUG, (", %"U16_F")\n", pcb->remote_port));
 555              		.loc 1 258 5 discriminator 4 view .LVU176
 258:Middlewares/Third_Party/LwIP/src/core/udp.c ****     LWIP_DEBUGF(UDP_DEBUG, (", %"U16_F")\n", pcb->remote_port));
 556              		.loc 1 258 5 discriminator 4 view .LVU177
 258:Middlewares/Third_Party/LwIP/src/core/udp.c ****     LWIP_DEBUGF(UDP_DEBUG, (", %"U16_F")\n", pcb->remote_port));
 557              		.loc 1 258 5 discriminator 4 view .LVU178
 259:Middlewares/Third_Party/LwIP/src/core/udp.c **** 
 558              		.loc 1 259 5 discriminator 4 view .LVU179
 259:Middlewares/Third_Party/LwIP/src/core/udp.c **** 
 559              		.loc 1 259 5 discriminator 4 view .LVU180
 259:Middlewares/Third_Party/LwIP/src/core/udp.c **** 
 560              		.loc 1 259 5 discriminator 4 view .LVU181
 262:Middlewares/Third_Party/LwIP/src/core/udp.c ****         (udp_input_local_match(pcb, inp, broadcast) != 0)) {
 561              		.loc 1 262 5 discriminator 4 view .LVU182
 262:Middlewares/Third_Party/LwIP/src/core/udp.c ****         (udp_input_local_match(pcb, inp, broadcast) != 0)) {
 562              		.loc 1 262 13 is_stmt 0 discriminator 4 view .LVU183
 563 007a 638A     		ldrh	r3, [r4, #18]
 262:Middlewares/Third_Party/LwIP/src/core/udp.c ****         (udp_input_local_match(pcb, inp, broadcast) != 0)) {
 564              		.loc 1 262 8 discriminator 4 view .LVU184
 565 007c 9D42     		cmp	r5, r3
 566 007e F8D1     		bne	.L43
 263:Middlewares/Third_Party/LwIP/src/core/udp.c ****       if ((pcb->flags & UDP_FLAGS_CONNECTED) == 0) {
 567              		.loc 1 263 10 discriminator 1 view .LVU185
 568 0080 4246     		mov	r2, r8
 569 0082 3946     		mov	r1, r7
 570 0084 2046     		mov	r0, r4
 571 0086 FFF7FEFF 		bl	udp_input_local_match
 572              	.LVL43:
 262:Middlewares/Third_Party/LwIP/src/core/udp.c ****         (udp_input_local_match(pcb, inp, broadcast) != 0)) {
 573              		.loc 1 262 35 discriminator 1 view .LVU186
 574 008a 0028     		cmp	r0, #0
 575 008c F1D0     		beq	.L43
 264:Middlewares/Third_Party/LwIP/src/core/udp.c ****         if (uncon_pcb == NULL) {
 576              		.loc 1 264 7 is_stmt 1 view .LVU187
 264:Middlewares/Third_Party/LwIP/src/core/udp.c ****         if (uncon_pcb == NULL) {
 577              		.loc 1 264 15 is_stmt 0 view .LVU188
 578 008e 237C     		ldrb	r3, [r4, #16]	@ zero_extendqisi2
 264:Middlewares/Third_Party/LwIP/src/core/udp.c ****         if (uncon_pcb == NULL) {
 579              		.loc 1 264 10 view .LVU189
 580 0090 13F0040F 		tst	r3, #4
 581 0094 EAD1     		bne	.L44
 265:Middlewares/Third_Party/LwIP/src/core/udp.c ****           /* the first unconnected matching PCB */
 582              		.loc 1 265 9 is_stmt 1 view .LVU190
 265:Middlewares/Third_Party/LwIP/src/core/udp.c ****           /* the first unconnected matching PCB */
 583              		.loc 1 265 12 is_stmt 0 view .LVU191
 584 0096 BBF1000F 		cmp	fp, #0
 585 009a E6D0     		beq	.L55
 269:Middlewares/Third_Party/LwIP/src/core/udp.c ****           /* global broadcast address (only valid for IPv4; match was checked before) */
 586              		.loc 1 269 16 is_stmt 1 view .LVU192
 269:Middlewares/Third_Party/LwIP/src/core/udp.c ****           /* global broadcast address (only valid for IPv4; match was checked before) */
 587              		.loc 1 269 19 is_stmt 0 view .LVU193
 588 009c B8F1000F 		cmp	r8, #0
ARM GAS  /tmp/cc3xdAUq.s 			page 21


 589 00a0 E4D0     		beq	.L44
 269:Middlewares/Third_Party/LwIP/src/core/udp.c ****           /* global broadcast address (only valid for IPv4; match was checked before) */
 590              		.loc 1 269 56 discriminator 1 view .LVU194
 591 00a2 304B     		ldr	r3, .L67
 592 00a4 5B69     		ldr	r3, [r3, #20]
 269:Middlewares/Third_Party/LwIP/src/core/udp.c ****           /* global broadcast address (only valid for IPv4; match was checked before) */
 593              		.loc 1 269 30 discriminator 1 view .LVU195
 594 00a6 B3F1FF3F 		cmp	r3, #-1
 595 00aa DFD1     		bne	.L44
 271:Middlewares/Third_Party/LwIP/src/core/udp.c ****             /* uncon_pcb does not match the input netif, check this pcb */
 596              		.loc 1 271 11 is_stmt 1 view .LVU196
 271:Middlewares/Third_Party/LwIP/src/core/udp.c ****             /* uncon_pcb does not match the input netif, check this pcb */
 597              		.loc 1 271 54 is_stmt 0 view .LVU197
 598 00ac DBF80020 		ldr	r2, [fp]
 599 00b0 7B68     		ldr	r3, [r7, #4]
 271:Middlewares/Third_Party/LwIP/src/core/udp.c ****             /* uncon_pcb does not match the input netif, check this pcb */
 600              		.loc 1 271 14 view .LVU198
 601 00b2 9A42     		cmp	r2, r3
 602 00b4 DAD0     		beq	.L44
 273:Middlewares/Third_Party/LwIP/src/core/udp.c ****               /* better match */
 603              		.loc 1 273 13 is_stmt 1 view .LVU199
 273:Middlewares/Third_Party/LwIP/src/core/udp.c ****               /* better match */
 604              		.loc 1 273 48 is_stmt 0 view .LVU200
 605 00b6 2268     		ldr	r2, [r4]
 273:Middlewares/Third_Party/LwIP/src/core/udp.c ****               /* better match */
 606              		.loc 1 273 16 view .LVU201
 607 00b8 9342     		cmp	r3, r2
 608 00ba D7D1     		bne	.L44
 275:Middlewares/Third_Party/LwIP/src/core/udp.c ****             }
 609              		.loc 1 275 25 view .LVU202
 610 00bc A346     		mov	fp, r4
 611              	.LVL44:
 275:Middlewares/Third_Party/LwIP/src/core/udp.c ****             }
 612              		.loc 1 275 25 view .LVU203
 613 00be D5E7     		b	.L44
 614              	.LVL45:
 615              	.L62:
 290:Middlewares/Third_Party/LwIP/src/core/udp.c ****            ip_addr_cmp(&pcb->remote_ip, ip_current_src_addr()))) {
 616              		.loc 1 290 12 discriminator 1 view .LVU204
 617 00c0 6368     		ldr	r3, [r4, #4]
 289:Middlewares/Third_Party/LwIP/src/core/udp.c ****           (ip_addr_isany_val(pcb->remote_ip) ||
 618              		.loc 1 289 37 discriminator 1 view .LVU205
 619 00c2 1BB1     		cbz	r3, .L45
 291:Middlewares/Third_Party/LwIP/src/core/udp.c ****         /* the first fully matching PCB */
 620              		.loc 1 291 12 view .LVU206
 621 00c4 274A     		ldr	r2, .L67
 622 00c6 1269     		ldr	r2, [r2, #16]
 290:Middlewares/Third_Party/LwIP/src/core/udp.c ****            ip_addr_cmp(&pcb->remote_ip, ip_current_src_addr()))) {
 623              		.loc 1 290 46 view .LVU207
 624 00c8 9342     		cmp	r3, r2
 625 00ca D2D1     		bne	.L43
 626              	.L45:
 293:Middlewares/Third_Party/LwIP/src/core/udp.c ****           /* move the pcb to the front of udp_pcbs so that is
 627              		.loc 1 293 9 is_stmt 1 view .LVU208
 293:Middlewares/Third_Party/LwIP/src/core/udp.c ****           /* move the pcb to the front of udp_pcbs so that is
 628              		.loc 1 293 12 is_stmt 0 view .LVU209
 629 00cc 2EB1     		cbz	r6, .L46
ARM GAS  /tmp/cc3xdAUq.s 			page 22


 296:Middlewares/Third_Party/LwIP/src/core/udp.c ****           pcb->next = udp_pcbs;
 630              		.loc 1 296 11 is_stmt 1 view .LVU210
 296:Middlewares/Third_Party/LwIP/src/core/udp.c ****           pcb->next = udp_pcbs;
 631              		.loc 1 296 27 is_stmt 0 view .LVU211
 632 00ce E368     		ldr	r3, [r4, #12]
 296:Middlewares/Third_Party/LwIP/src/core/udp.c ****           pcb->next = udp_pcbs;
 633              		.loc 1 296 22 view .LVU212
 634 00d0 F360     		str	r3, [r6, #12]
 297:Middlewares/Third_Party/LwIP/src/core/udp.c ****           udp_pcbs = pcb;
 635              		.loc 1 297 11 is_stmt 1 view .LVU213
 297:Middlewares/Third_Party/LwIP/src/core/udp.c ****           udp_pcbs = pcb;
 636              		.loc 1 297 21 is_stmt 0 view .LVU214
 637 00d2 254B     		ldr	r3, .L67+4
 638 00d4 1A68     		ldr	r2, [r3]
 639 00d6 E260     		str	r2, [r4, #12]
 298:Middlewares/Third_Party/LwIP/src/core/udp.c ****         } else {
 640              		.loc 1 298 11 is_stmt 1 view .LVU215
 298:Middlewares/Third_Party/LwIP/src/core/udp.c ****         } else {
 641              		.loc 1 298 20 is_stmt 0 view .LVU216
 642 00d8 1C60     		str	r4, [r3]
 643              	.L46:
 309:Middlewares/Third_Party/LwIP/src/core/udp.c ****     pcb = uncon_pcb;
 644              		.loc 1 309 3 is_stmt 1 view .LVU217
 309:Middlewares/Third_Party/LwIP/src/core/udp.c ****     pcb = uncon_pcb;
 645              		.loc 1 309 6 is_stmt 0 view .LVU218
 646 00da 84B1     		cbz	r4, .L63
 647              	.LVL46:
 648              	.L48:
 314:Middlewares/Third_Party/LwIP/src/core/udp.c ****     for_us = 1;
 649              		.loc 1 314 3 is_stmt 1 view .LVU219
 314:Middlewares/Third_Party/LwIP/src/core/udp.c ****     for_us = 1;
 650              		.loc 1 314 6 is_stmt 0 view .LVU220
 651 00dc 8CB1     		cbz	r4, .L64
 652              	.LVL47:
 653              	.L49:
 330:Middlewares/Third_Party/LwIP/src/core/udp.c **** #if CHECKSUM_CHECK_UDP
 654              		.loc 1 330 5 is_stmt 1 discriminator 4 view .LVU221
 330:Middlewares/Third_Party/LwIP/src/core/udp.c **** #if CHECKSUM_CHECK_UDP
 655              		.loc 1 330 5 discriminator 4 view .LVU222
 330:Middlewares/Third_Party/LwIP/src/core/udp.c **** #if CHECKSUM_CHECK_UDP
 656              		.loc 1 330 5 discriminator 4 view .LVU223
 366:Middlewares/Third_Party/LwIP/src/core/udp.c ****       /* Can we cope with this failing? Just assert for now */
 657              		.loc 1 366 5 discriminator 4 view .LVU224
 366:Middlewares/Third_Party/LwIP/src/core/udp.c ****       /* Can we cope with this failing? Just assert for now */
 658              		.loc 1 366 9 is_stmt 0 discriminator 4 view .LVU225
 659 00de 0821     		movs	r1, #8
 660 00e0 4846     		mov	r0, r9
 661 00e2 FFF7FEFF 		bl	pbuf_remove_header
 662              	.LVL48:
 366:Middlewares/Third_Party/LwIP/src/core/udp.c ****       /* Can we cope with this failing? Just assert for now */
 663              		.loc 1 366 8 discriminator 4 view .LVU226
 664 00e6 A8B9     		cbnz	r0, .L65
 375:Middlewares/Third_Party/LwIP/src/core/udp.c ****       MIB2_STATS_INC(mib2.udpindatagrams);
 665              		.loc 1 375 5 is_stmt 1 view .LVU227
 375:Middlewares/Third_Party/LwIP/src/core/udp.c ****       MIB2_STATS_INC(mib2.udpindatagrams);
 666              		.loc 1 375 8 is_stmt 0 view .LVU228
 667 00e8 1CB3     		cbz	r4, .L52
ARM GAS  /tmp/cc3xdAUq.s 			page 23


 376:Middlewares/Third_Party/LwIP/src/core/udp.c **** #if SO_REUSE && SO_REUSE_RXTOALL
 668              		.loc 1 376 42 is_stmt 1 view .LVU229
 402:Middlewares/Third_Party/LwIP/src/core/udp.c ****         /* now the recv function is responsible for freeing p */
 669              		.loc 1 402 7 view .LVU230
 402:Middlewares/Third_Party/LwIP/src/core/udp.c ****         /* now the recv function is responsible for freeing p */
 670              		.loc 1 402 14 is_stmt 0 view .LVU231
 671 00ea A569     		ldr	r5, [r4, #24]
 672              	.LVL49:
 402:Middlewares/Third_Party/LwIP/src/core/udp.c ****         /* now the recv function is responsible for freeing p */
 673              		.loc 1 402 10 view .LVU232
 674 00ec EDB1     		cbz	r5, .L53
 404:Middlewares/Third_Party/LwIP/src/core/udp.c ****       } else {
 675              		.loc 1 404 9 is_stmt 1 view .LVU233
 676 00ee E069     		ldr	r0, [r4, #28]
 677 00f0 CDF800A0 		str	r10, [sp]
 678 00f4 214B     		ldr	r3, .L67+24
 679 00f6 4A46     		mov	r2, r9
 680 00f8 2146     		mov	r1, r4
 681 00fa A847     		blx	r5
 682              	.LVL50:
 683 00fc B2E7     		b	.L37
 684              	.LVL51:
 685              	.L63:
 310:Middlewares/Third_Party/LwIP/src/core/udp.c ****   }
 686              		.loc 1 310 9 is_stmt 0 view .LVU234
 687 00fe 5C46     		mov	r4, fp
 688              	.LVL52:
 310:Middlewares/Third_Party/LwIP/src/core/udp.c ****   }
 689              		.loc 1 310 9 view .LVU235
 690 0100 ECE7     		b	.L48
 691              	.LVL53:
 692              	.L64:
 323:Middlewares/Third_Party/LwIP/src/core/udp.c ****       for_us = ip4_addr_cmp(netif_ip4_addr(inp), ip4_current_dest_addr());
 693              		.loc 1 323 5 is_stmt 1 view .LVU236
 324:Middlewares/Third_Party/LwIP/src/core/udp.c ****     }
 694              		.loc 1 324 7 view .LVU237
 324:Middlewares/Third_Party/LwIP/src/core/udp.c ****     }
 695              		.loc 1 324 16 is_stmt 0 view .LVU238
 696 0102 7A68     		ldr	r2, [r7, #4]
 697 0104 174B     		ldr	r3, .L67
 698 0106 5B69     		ldr	r3, [r3, #20]
 699              	.LVL54:
 329:Middlewares/Third_Party/LwIP/src/core/udp.c ****     LWIP_DEBUGF(UDP_DEBUG | LWIP_DBG_TRACE, ("udp_input: calculating checksum\n"));
 700              		.loc 1 329 3 is_stmt 1 view .LVU239
 329:Middlewares/Third_Party/LwIP/src/core/udp.c ****     LWIP_DEBUGF(UDP_DEBUG | LWIP_DBG_TRACE, ("udp_input: calculating checksum\n"));
 701              		.loc 1 329 6 is_stmt 0 view .LVU240
 702 0108 9A42     		cmp	r2, r3
 703 010a E8D0     		beq	.L49
 428:Middlewares/Third_Party/LwIP/src/core/udp.c ****   }
 704              		.loc 1 428 5 is_stmt 1 view .LVU241
 705 010c 4846     		mov	r0, r9
 706 010e FFF7FEFF 		bl	pbuf_free
 707              	.LVL55:
 431:Middlewares/Third_Party/LwIP/src/core/udp.c ****   return;
 708              		.loc 1 431 25 view .LVU242
 432:Middlewares/Third_Party/LwIP/src/core/udp.c **** #if CHECKSUM_CHECK_UDP
 709              		.loc 1 432 3 view .LVU243
ARM GAS  /tmp/cc3xdAUq.s 			page 24


 710 0112 A7E7     		b	.L37
 711              	.L65:
 368:Middlewares/Third_Party/LwIP/src/core/udp.c ****       UDP_STATS_INC(udp.drop);
 712              		.loc 1 368 7 discriminator 1 view .LVU244
 368:Middlewares/Third_Party/LwIP/src/core/udp.c ****       UDP_STATS_INC(udp.drop);
 713              		.loc 1 368 7 discriminator 1 view .LVU245
 368:Middlewares/Third_Party/LwIP/src/core/udp.c ****       UDP_STATS_INC(udp.drop);
 714              		.loc 1 368 7 discriminator 1 view .LVU246
 368:Middlewares/Third_Party/LwIP/src/core/udp.c ****       UDP_STATS_INC(udp.drop);
 715              		.loc 1 368 7 discriminator 1 view .LVU247
 716 0114 154B     		ldr	r3, .L67+8
 717 0116 4FF4B872 		mov	r2, #368
 718 011a 1949     		ldr	r1, .L67+28
 719 011c 1548     		ldr	r0, .L67+16
 720 011e FFF7FEFF 		bl	printf
 721              	.LVL56:
 368:Middlewares/Third_Party/LwIP/src/core/udp.c ****       UDP_STATS_INC(udp.drop);
 722              		.loc 1 368 7 discriminator 1 view .LVU248
 368:Middlewares/Third_Party/LwIP/src/core/udp.c ****       UDP_STATS_INC(udp.drop);
 723              		.loc 1 368 7 discriminator 1 view .LVU249
 369:Middlewares/Third_Party/LwIP/src/core/udp.c ****       MIB2_STATS_INC(mib2.udpinerrors);
 724              		.loc 1 369 30 discriminator 1 view .LVU250
 370:Middlewares/Third_Party/LwIP/src/core/udp.c ****       pbuf_free(p);
 725              		.loc 1 370 39 discriminator 1 view .LVU251
 371:Middlewares/Third_Party/LwIP/src/core/udp.c ****       goto end;
 726              		.loc 1 371 7 discriminator 1 view .LVU252
 727 0122 4846     		mov	r0, r9
 728 0124 FFF7FEFF 		bl	pbuf_free
 729              	.LVL57:
 372:Middlewares/Third_Party/LwIP/src/core/udp.c ****     }
 730              		.loc 1 372 7 discriminator 1 view .LVU253
 731 0128 9CE7     		b	.L37
 732              	.LVL58:
 733              	.L53:
 407:Middlewares/Third_Party/LwIP/src/core/udp.c ****         goto end;
 734              		.loc 1 407 9 view .LVU254
 735 012a 4846     		mov	r0, r9
 736 012c FFF7FEFF 		bl	pbuf_free
 737              	.LVL59:
 408:Middlewares/Third_Party/LwIP/src/core/udp.c ****       }
 738              		.loc 1 408 9 view .LVU255
 739 0130 98E7     		b	.L37
 740              	.LVL60:
 741              	.L52:
 411:Middlewares/Third_Party/LwIP/src/core/udp.c **** 
 742              		.loc 1 411 7 discriminator 4 view .LVU256
 411:Middlewares/Third_Party/LwIP/src/core/udp.c **** 
 743              		.loc 1 411 7 discriminator 4 view .LVU257
 411:Middlewares/Third_Party/LwIP/src/core/udp.c **** 
 744              		.loc 1 411 7 discriminator 4 view .LVU258
 416:Middlewares/Third_Party/LwIP/src/core/udp.c ****         /* move payload pointer back to ip header */
 745              		.loc 1 416 7 discriminator 4 view .LVU259
 416:Middlewares/Third_Party/LwIP/src/core/udp.c ****         /* move payload pointer back to ip header */
 746              		.loc 1 416 10 is_stmt 0 discriminator 4 view .LVU260
 747 0132 B8F1000F 		cmp	r8, #0
 748 0136 05D1     		bne	.L54
 416:Middlewares/Third_Party/LwIP/src/core/udp.c ****         /* move payload pointer back to ip header */
ARM GAS  /tmp/cc3xdAUq.s 			page 25


 749              		.loc 1 416 26 discriminator 1 view .LVU261
 750 0138 0A4B     		ldr	r3, .L67
 751 013a 5B69     		ldr	r3, [r3, #20]
 752 013c 03F0F003 		and	r3, r3, #240
 416:Middlewares/Third_Party/LwIP/src/core/udp.c ****         /* move payload pointer back to ip header */
 753              		.loc 1 416 22 discriminator 1 view .LVU262
 754 0140 E02B     		cmp	r3, #224
 755 0142 03D1     		bne	.L66
 756              	.L54:
 422:Middlewares/Third_Party/LwIP/src/core/udp.c ****       UDP_STATS_INC(udp.drop);
 757              		.loc 1 422 33 is_stmt 1 view .LVU263
 423:Middlewares/Third_Party/LwIP/src/core/udp.c ****       MIB2_STATS_INC(mib2.udpnoports);
 758              		.loc 1 423 30 view .LVU264
 424:Middlewares/Third_Party/LwIP/src/core/udp.c ****       pbuf_free(p);
 759              		.loc 1 424 38 view .LVU265
 425:Middlewares/Third_Party/LwIP/src/core/udp.c ****     }
 760              		.loc 1 425 7 view .LVU266
 761 0144 4846     		mov	r0, r9
 762 0146 FFF7FEFF 		bl	pbuf_free
 763              	.LVL61:
 764 014a 8BE7     		b	.L37
 765              	.L66:
 418:Middlewares/Third_Party/LwIP/src/core/udp.c ****         icmp_port_unreach(ip_current_is_v6(), p);
 766              		.loc 1 418 9 view .LVU267
 418:Middlewares/Third_Party/LwIP/src/core/udp.c ****         icmp_port_unreach(ip_current_is_v6(), p);
 767              		.loc 1 418 38 is_stmt 0 view .LVU268
 768 014c 054B     		ldr	r3, .L67
 769 014e 9989     		ldrh	r1, [r3, #12]
 418:Middlewares/Third_Party/LwIP/src/core/udp.c ****         icmp_port_unreach(ip_current_is_v6(), p);
 770              		.loc 1 418 66 view .LVU269
 771 0150 0831     		adds	r1, r1, #8
 418:Middlewares/Third_Party/LwIP/src/core/udp.c ****         icmp_port_unreach(ip_current_is_v6(), p);
 772              		.loc 1 418 9 view .LVU270
 773 0152 09B2     		sxth	r1, r1
 774 0154 4846     		mov	r0, r9
 775 0156 FFF7FEFF 		bl	pbuf_header_force
 776              	.LVL62:
 419:Middlewares/Third_Party/LwIP/src/core/udp.c ****       }
 777              		.loc 1 419 9 is_stmt 1 view .LVU271
 778 015a 0321     		movs	r1, #3
 779 015c 4846     		mov	r0, r9
 780 015e FFF7FEFF 		bl	icmp_dest_unreach
 781              	.LVL63:
 782 0162 EFE7     		b	.L54
 783              	.L68:
 784              		.align	2
 785              	.L67:
 786 0164 00000000 		.word	ip_data
 787 0168 00000000 		.word	udp_pcbs
 788 016c 00000000 		.word	.LC0
 789 0170 00000000 		.word	.LC4
 790 0174 50000000 		.word	.LC2
 791 0178 18000000 		.word	.LC5
 792 017c 10000000 		.word	ip_data+16
 793 0180 34000000 		.word	.LC6
 794              		.cfi_endproc
 795              	.LFE162:
ARM GAS  /tmp/cc3xdAUq.s 			page 26


 797              		.section	.rodata.udp_bind.str1.4,"aMS",%progbits,1
 798              		.align	2
 799              	.LC7:
 800 0000 7564705F 		.ascii	"udp_bind: invalid pcb\000"
 800      62696E64 
 800      3A20696E 
 800      76616C69 
 800      64207063 
 801              		.section	.text.udp_bind,"ax",%progbits
 802              		.align	1
 803              		.global	udp_bind
 804              		.syntax unified
 805              		.thumb
 806              		.thumb_func
 807              		.fpu fpv4-sp-d16
 809              	udp_bind:
 810              	.LVL64:
 811              	.LFB167:
 444:Middlewares/Third_Party/LwIP/src/core/udp.c **** 
 445:Middlewares/Third_Party/LwIP/src/core/udp.c **** /**
 446:Middlewares/Third_Party/LwIP/src/core/udp.c ****  * @ingroup udp_raw
 447:Middlewares/Third_Party/LwIP/src/core/udp.c ****  * Sends the pbuf p using UDP. The pbuf is not deallocated.
 448:Middlewares/Third_Party/LwIP/src/core/udp.c ****  *
 449:Middlewares/Third_Party/LwIP/src/core/udp.c ****  *
 450:Middlewares/Third_Party/LwIP/src/core/udp.c ****  * @param pcb UDP PCB used to send the data.
 451:Middlewares/Third_Party/LwIP/src/core/udp.c ****  * @param p chain of pbuf's to be sent.
 452:Middlewares/Third_Party/LwIP/src/core/udp.c ****  *
 453:Middlewares/Third_Party/LwIP/src/core/udp.c ****  * The datagram will be sent to the current remote_ip & remote_port
 454:Middlewares/Third_Party/LwIP/src/core/udp.c ****  * stored in pcb. If the pcb is not bound to a port, it will
 455:Middlewares/Third_Party/LwIP/src/core/udp.c ****  * automatically be bound to a random port.
 456:Middlewares/Third_Party/LwIP/src/core/udp.c ****  *
 457:Middlewares/Third_Party/LwIP/src/core/udp.c ****  * @return lwIP error code.
 458:Middlewares/Third_Party/LwIP/src/core/udp.c ****  * - ERR_OK. Successful. No error occurred.
 459:Middlewares/Third_Party/LwIP/src/core/udp.c ****  * - ERR_MEM. Out of memory.
 460:Middlewares/Third_Party/LwIP/src/core/udp.c ****  * - ERR_RTE. Could not find route to destination address.
 461:Middlewares/Third_Party/LwIP/src/core/udp.c ****  * - ERR_VAL. No PCB or PCB is dual-stack
 462:Middlewares/Third_Party/LwIP/src/core/udp.c ****  * - More errors could be returned by lower protocol layers.
 463:Middlewares/Third_Party/LwIP/src/core/udp.c ****  *
 464:Middlewares/Third_Party/LwIP/src/core/udp.c ****  * @see udp_disconnect() udp_sendto()
 465:Middlewares/Third_Party/LwIP/src/core/udp.c ****  */
 466:Middlewares/Third_Party/LwIP/src/core/udp.c **** err_t
 467:Middlewares/Third_Party/LwIP/src/core/udp.c **** udp_send(struct udp_pcb *pcb, struct pbuf *p)
 468:Middlewares/Third_Party/LwIP/src/core/udp.c **** {
 469:Middlewares/Third_Party/LwIP/src/core/udp.c ****   LWIP_ERROR("udp_send: invalid pcb", pcb != NULL, return ERR_ARG);
 470:Middlewares/Third_Party/LwIP/src/core/udp.c ****   LWIP_ERROR("udp_send: invalid pbuf", p != NULL, return ERR_ARG);
 471:Middlewares/Third_Party/LwIP/src/core/udp.c **** 
 472:Middlewares/Third_Party/LwIP/src/core/udp.c ****   if (IP_IS_ANY_TYPE_VAL(pcb->remote_ip)) {
 473:Middlewares/Third_Party/LwIP/src/core/udp.c ****     return ERR_VAL;
 474:Middlewares/Third_Party/LwIP/src/core/udp.c ****   }
 475:Middlewares/Third_Party/LwIP/src/core/udp.c **** 
 476:Middlewares/Third_Party/LwIP/src/core/udp.c ****   /* send to the packet using remote ip and port stored in the pcb */
 477:Middlewares/Third_Party/LwIP/src/core/udp.c ****   return udp_sendto(pcb, p, &pcb->remote_ip, pcb->remote_port);
 478:Middlewares/Third_Party/LwIP/src/core/udp.c **** }
 479:Middlewares/Third_Party/LwIP/src/core/udp.c **** 
 480:Middlewares/Third_Party/LwIP/src/core/udp.c **** #if LWIP_CHECKSUM_ON_COPY && CHECKSUM_GEN_UDP
 481:Middlewares/Third_Party/LwIP/src/core/udp.c **** /** @ingroup udp_raw
 482:Middlewares/Third_Party/LwIP/src/core/udp.c ****  * Same as udp_send() but with checksum
ARM GAS  /tmp/cc3xdAUq.s 			page 27


 483:Middlewares/Third_Party/LwIP/src/core/udp.c ****  */
 484:Middlewares/Third_Party/LwIP/src/core/udp.c **** err_t
 485:Middlewares/Third_Party/LwIP/src/core/udp.c **** udp_send_chksum(struct udp_pcb *pcb, struct pbuf *p,
 486:Middlewares/Third_Party/LwIP/src/core/udp.c ****                 u8_t have_chksum, u16_t chksum)
 487:Middlewares/Third_Party/LwIP/src/core/udp.c **** {
 488:Middlewares/Third_Party/LwIP/src/core/udp.c ****   LWIP_ERROR("udp_send_chksum: invalid pcb", pcb != NULL, return ERR_ARG);
 489:Middlewares/Third_Party/LwIP/src/core/udp.c ****   LWIP_ERROR("udp_send_chksum: invalid pbuf", p != NULL, return ERR_ARG);
 490:Middlewares/Third_Party/LwIP/src/core/udp.c **** 
 491:Middlewares/Third_Party/LwIP/src/core/udp.c ****   if (IP_IS_ANY_TYPE_VAL(pcb->remote_ip)) {
 492:Middlewares/Third_Party/LwIP/src/core/udp.c ****     return ERR_VAL;
 493:Middlewares/Third_Party/LwIP/src/core/udp.c ****   }
 494:Middlewares/Third_Party/LwIP/src/core/udp.c **** 
 495:Middlewares/Third_Party/LwIP/src/core/udp.c ****   /* send to the packet using remote ip and port stored in the pcb */
 496:Middlewares/Third_Party/LwIP/src/core/udp.c ****   return udp_sendto_chksum(pcb, p, &pcb->remote_ip, pcb->remote_port,
 497:Middlewares/Third_Party/LwIP/src/core/udp.c ****                            have_chksum, chksum);
 498:Middlewares/Third_Party/LwIP/src/core/udp.c **** }
 499:Middlewares/Third_Party/LwIP/src/core/udp.c **** #endif /* LWIP_CHECKSUM_ON_COPY && CHECKSUM_GEN_UDP */
 500:Middlewares/Third_Party/LwIP/src/core/udp.c **** 
 501:Middlewares/Third_Party/LwIP/src/core/udp.c **** /**
 502:Middlewares/Third_Party/LwIP/src/core/udp.c ****  * @ingroup udp_raw
 503:Middlewares/Third_Party/LwIP/src/core/udp.c ****  * Send data to a specified address using UDP.
 504:Middlewares/Third_Party/LwIP/src/core/udp.c ****  *
 505:Middlewares/Third_Party/LwIP/src/core/udp.c ****  * @param pcb UDP PCB used to send the data.
 506:Middlewares/Third_Party/LwIP/src/core/udp.c ****  * @param p chain of pbuf's to be sent.
 507:Middlewares/Third_Party/LwIP/src/core/udp.c ****  * @param dst_ip Destination IP address.
 508:Middlewares/Third_Party/LwIP/src/core/udp.c ****  * @param dst_port Destination UDP port.
 509:Middlewares/Third_Party/LwIP/src/core/udp.c ****  *
 510:Middlewares/Third_Party/LwIP/src/core/udp.c ****  * dst_ip & dst_port are expected to be in the same byte order as in the pcb.
 511:Middlewares/Third_Party/LwIP/src/core/udp.c ****  *
 512:Middlewares/Third_Party/LwIP/src/core/udp.c ****  * If the PCB already has a remote address association, it will
 513:Middlewares/Third_Party/LwIP/src/core/udp.c ****  * be restored after the data is sent.
 514:Middlewares/Third_Party/LwIP/src/core/udp.c ****  *
 515:Middlewares/Third_Party/LwIP/src/core/udp.c ****  * @return lwIP error code (@see udp_send for possible error codes)
 516:Middlewares/Third_Party/LwIP/src/core/udp.c ****  *
 517:Middlewares/Third_Party/LwIP/src/core/udp.c ****  * @see udp_disconnect() udp_send()
 518:Middlewares/Third_Party/LwIP/src/core/udp.c ****  */
 519:Middlewares/Third_Party/LwIP/src/core/udp.c **** err_t
 520:Middlewares/Third_Party/LwIP/src/core/udp.c **** udp_sendto(struct udp_pcb *pcb, struct pbuf *p,
 521:Middlewares/Third_Party/LwIP/src/core/udp.c ****            const ip_addr_t *dst_ip, u16_t dst_port)
 522:Middlewares/Third_Party/LwIP/src/core/udp.c **** {
 523:Middlewares/Third_Party/LwIP/src/core/udp.c **** #if LWIP_CHECKSUM_ON_COPY && CHECKSUM_GEN_UDP
 524:Middlewares/Third_Party/LwIP/src/core/udp.c ****   return udp_sendto_chksum(pcb, p, dst_ip, dst_port, 0, 0);
 525:Middlewares/Third_Party/LwIP/src/core/udp.c **** }
 526:Middlewares/Third_Party/LwIP/src/core/udp.c **** 
 527:Middlewares/Third_Party/LwIP/src/core/udp.c **** /** @ingroup udp_raw
 528:Middlewares/Third_Party/LwIP/src/core/udp.c ****  * Same as udp_sendto(), but with checksum */
 529:Middlewares/Third_Party/LwIP/src/core/udp.c **** err_t
 530:Middlewares/Third_Party/LwIP/src/core/udp.c **** udp_sendto_chksum(struct udp_pcb *pcb, struct pbuf *p, const ip_addr_t *dst_ip,
 531:Middlewares/Third_Party/LwIP/src/core/udp.c ****                   u16_t dst_port, u8_t have_chksum, u16_t chksum)
 532:Middlewares/Third_Party/LwIP/src/core/udp.c **** {
 533:Middlewares/Third_Party/LwIP/src/core/udp.c **** #endif /* LWIP_CHECKSUM_ON_COPY && CHECKSUM_GEN_UDP */
 534:Middlewares/Third_Party/LwIP/src/core/udp.c ****   struct netif *netif;
 535:Middlewares/Third_Party/LwIP/src/core/udp.c **** 
 536:Middlewares/Third_Party/LwIP/src/core/udp.c ****   LWIP_ERROR("udp_sendto: invalid pcb", pcb != NULL, return ERR_ARG);
 537:Middlewares/Third_Party/LwIP/src/core/udp.c ****   LWIP_ERROR("udp_sendto: invalid pbuf", p != NULL, return ERR_ARG);
 538:Middlewares/Third_Party/LwIP/src/core/udp.c ****   LWIP_ERROR("udp_sendto: invalid dst_ip", dst_ip != NULL, return ERR_ARG);
 539:Middlewares/Third_Party/LwIP/src/core/udp.c **** 
ARM GAS  /tmp/cc3xdAUq.s 			page 28


 540:Middlewares/Third_Party/LwIP/src/core/udp.c ****   if (!IP_ADDR_PCB_VERSION_MATCH(pcb, dst_ip)) {
 541:Middlewares/Third_Party/LwIP/src/core/udp.c ****     return ERR_VAL;
 542:Middlewares/Third_Party/LwIP/src/core/udp.c ****   }
 543:Middlewares/Third_Party/LwIP/src/core/udp.c **** 
 544:Middlewares/Third_Party/LwIP/src/core/udp.c ****   LWIP_DEBUGF(UDP_DEBUG | LWIP_DBG_TRACE, ("udp_send\n"));
 545:Middlewares/Third_Party/LwIP/src/core/udp.c **** 
 546:Middlewares/Third_Party/LwIP/src/core/udp.c ****   if (pcb->netif_idx != NETIF_NO_INDEX) {
 547:Middlewares/Third_Party/LwIP/src/core/udp.c ****     netif = netif_get_by_index(pcb->netif_idx);
 548:Middlewares/Third_Party/LwIP/src/core/udp.c ****   } else {
 549:Middlewares/Third_Party/LwIP/src/core/udp.c **** #if LWIP_MULTICAST_TX_OPTIONS
 550:Middlewares/Third_Party/LwIP/src/core/udp.c ****     netif = NULL;
 551:Middlewares/Third_Party/LwIP/src/core/udp.c ****     if (ip_addr_ismulticast(dst_ip)) {
 552:Middlewares/Third_Party/LwIP/src/core/udp.c ****       /* For IPv6, the interface to use for packets with a multicast destination
 553:Middlewares/Third_Party/LwIP/src/core/udp.c ****        * is specified using an interface index. The same approach may be used for
 554:Middlewares/Third_Party/LwIP/src/core/udp.c ****        * IPv4 as well, in which case it overrides the IPv4 multicast override
 555:Middlewares/Third_Party/LwIP/src/core/udp.c ****        * address below. Here we have to look up the netif by going through the
 556:Middlewares/Third_Party/LwIP/src/core/udp.c ****        * list, but by doing so we skip a route lookup. If the interface index has
 557:Middlewares/Third_Party/LwIP/src/core/udp.c ****        * gone stale, we fall through and do the regular route lookup after all. */
 558:Middlewares/Third_Party/LwIP/src/core/udp.c ****       if (pcb->mcast_ifindex != NETIF_NO_INDEX) {
 559:Middlewares/Third_Party/LwIP/src/core/udp.c ****         netif = netif_get_by_index(pcb->mcast_ifindex);
 560:Middlewares/Third_Party/LwIP/src/core/udp.c ****       }
 561:Middlewares/Third_Party/LwIP/src/core/udp.c **** #if LWIP_IPV4
 562:Middlewares/Third_Party/LwIP/src/core/udp.c ****       else
 563:Middlewares/Third_Party/LwIP/src/core/udp.c **** #if LWIP_IPV6
 564:Middlewares/Third_Party/LwIP/src/core/udp.c ****         if (IP_IS_V4(dst_ip))
 565:Middlewares/Third_Party/LwIP/src/core/udp.c **** #endif /* LWIP_IPV6 */
 566:Middlewares/Third_Party/LwIP/src/core/udp.c ****         {
 567:Middlewares/Third_Party/LwIP/src/core/udp.c ****           /* IPv4 does not use source-based routing by default, so we use an
 568:Middlewares/Third_Party/LwIP/src/core/udp.c ****              administratively selected interface for multicast by default.
 569:Middlewares/Third_Party/LwIP/src/core/udp.c ****              However, this can be overridden by setting an interface address
 570:Middlewares/Third_Party/LwIP/src/core/udp.c ****              in pcb->mcast_ip4 that is used for routing. If this routing lookup
 571:Middlewares/Third_Party/LwIP/src/core/udp.c ****              fails, we try regular routing as though no override was set. */
 572:Middlewares/Third_Party/LwIP/src/core/udp.c ****           if (!ip4_addr_isany_val(pcb->mcast_ip4) &&
 573:Middlewares/Third_Party/LwIP/src/core/udp.c ****               !ip4_addr_cmp(&pcb->mcast_ip4, IP4_ADDR_BROADCAST)) {
 574:Middlewares/Third_Party/LwIP/src/core/udp.c ****             netif = ip4_route_src(ip_2_ip4(&pcb->local_ip), &pcb->mcast_ip4);
 575:Middlewares/Third_Party/LwIP/src/core/udp.c ****           }
 576:Middlewares/Third_Party/LwIP/src/core/udp.c ****         }
 577:Middlewares/Third_Party/LwIP/src/core/udp.c **** #endif /* LWIP_IPV4 */
 578:Middlewares/Third_Party/LwIP/src/core/udp.c ****     }
 579:Middlewares/Third_Party/LwIP/src/core/udp.c **** 
 580:Middlewares/Third_Party/LwIP/src/core/udp.c ****     if (netif == NULL)
 581:Middlewares/Third_Party/LwIP/src/core/udp.c **** #endif /* LWIP_MULTICAST_TX_OPTIONS */
 582:Middlewares/Third_Party/LwIP/src/core/udp.c ****     {
 583:Middlewares/Third_Party/LwIP/src/core/udp.c ****       /* find the outgoing network interface for this packet */
 584:Middlewares/Third_Party/LwIP/src/core/udp.c ****       netif = ip_route(&pcb->local_ip, dst_ip);
 585:Middlewares/Third_Party/LwIP/src/core/udp.c ****     }
 586:Middlewares/Third_Party/LwIP/src/core/udp.c ****   }
 587:Middlewares/Third_Party/LwIP/src/core/udp.c **** 
 588:Middlewares/Third_Party/LwIP/src/core/udp.c ****   /* no outgoing network interface could be found? */
 589:Middlewares/Third_Party/LwIP/src/core/udp.c ****   if (netif == NULL) {
 590:Middlewares/Third_Party/LwIP/src/core/udp.c ****     LWIP_DEBUGF(UDP_DEBUG | LWIP_DBG_LEVEL_SERIOUS, ("udp_send: No route to "));
 591:Middlewares/Third_Party/LwIP/src/core/udp.c ****     ip_addr_debug_print(UDP_DEBUG | LWIP_DBG_LEVEL_SERIOUS, dst_ip);
 592:Middlewares/Third_Party/LwIP/src/core/udp.c ****     LWIP_DEBUGF(UDP_DEBUG, ("\n"));
 593:Middlewares/Third_Party/LwIP/src/core/udp.c ****     UDP_STATS_INC(udp.rterr);
 594:Middlewares/Third_Party/LwIP/src/core/udp.c ****     return ERR_RTE;
 595:Middlewares/Third_Party/LwIP/src/core/udp.c ****   }
 596:Middlewares/Third_Party/LwIP/src/core/udp.c **** #if LWIP_CHECKSUM_ON_COPY && CHECKSUM_GEN_UDP
ARM GAS  /tmp/cc3xdAUq.s 			page 29


 597:Middlewares/Third_Party/LwIP/src/core/udp.c ****   return udp_sendto_if_chksum(pcb, p, dst_ip, dst_port, netif, have_chksum, chksum);
 598:Middlewares/Third_Party/LwIP/src/core/udp.c **** #else /* LWIP_CHECKSUM_ON_COPY && CHECKSUM_GEN_UDP */
 599:Middlewares/Third_Party/LwIP/src/core/udp.c ****   return udp_sendto_if(pcb, p, dst_ip, dst_port, netif);
 600:Middlewares/Third_Party/LwIP/src/core/udp.c **** #endif /* LWIP_CHECKSUM_ON_COPY && CHECKSUM_GEN_UDP */
 601:Middlewares/Third_Party/LwIP/src/core/udp.c **** }
 602:Middlewares/Third_Party/LwIP/src/core/udp.c **** 
 603:Middlewares/Third_Party/LwIP/src/core/udp.c **** /**
 604:Middlewares/Third_Party/LwIP/src/core/udp.c ****  * @ingroup udp_raw
 605:Middlewares/Third_Party/LwIP/src/core/udp.c ****  * Send data to a specified address using UDP.
 606:Middlewares/Third_Party/LwIP/src/core/udp.c ****  * The netif used for sending can be specified.
 607:Middlewares/Third_Party/LwIP/src/core/udp.c ****  *
 608:Middlewares/Third_Party/LwIP/src/core/udp.c ****  * This function exists mainly for DHCP, to be able to send UDP packets
 609:Middlewares/Third_Party/LwIP/src/core/udp.c ****  * on a netif that is still down.
 610:Middlewares/Third_Party/LwIP/src/core/udp.c ****  *
 611:Middlewares/Third_Party/LwIP/src/core/udp.c ****  * @param pcb UDP PCB used to send the data.
 612:Middlewares/Third_Party/LwIP/src/core/udp.c ****  * @param p chain of pbuf's to be sent.
 613:Middlewares/Third_Party/LwIP/src/core/udp.c ****  * @param dst_ip Destination IP address.
 614:Middlewares/Third_Party/LwIP/src/core/udp.c ****  * @param dst_port Destination UDP port.
 615:Middlewares/Third_Party/LwIP/src/core/udp.c ****  * @param netif the netif used for sending.
 616:Middlewares/Third_Party/LwIP/src/core/udp.c ****  *
 617:Middlewares/Third_Party/LwIP/src/core/udp.c ****  * dst_ip & dst_port are expected to be in the same byte order as in the pcb.
 618:Middlewares/Third_Party/LwIP/src/core/udp.c ****  *
 619:Middlewares/Third_Party/LwIP/src/core/udp.c ****  * @return lwIP error code (@see udp_send for possible error codes)
 620:Middlewares/Third_Party/LwIP/src/core/udp.c ****  *
 621:Middlewares/Third_Party/LwIP/src/core/udp.c ****  * @see udp_disconnect() udp_send()
 622:Middlewares/Third_Party/LwIP/src/core/udp.c ****  */
 623:Middlewares/Third_Party/LwIP/src/core/udp.c **** err_t
 624:Middlewares/Third_Party/LwIP/src/core/udp.c **** udp_sendto_if(struct udp_pcb *pcb, struct pbuf *p,
 625:Middlewares/Third_Party/LwIP/src/core/udp.c ****               const ip_addr_t *dst_ip, u16_t dst_port, struct netif *netif)
 626:Middlewares/Third_Party/LwIP/src/core/udp.c **** {
 627:Middlewares/Third_Party/LwIP/src/core/udp.c **** #if LWIP_CHECKSUM_ON_COPY && CHECKSUM_GEN_UDP
 628:Middlewares/Third_Party/LwIP/src/core/udp.c ****   return udp_sendto_if_chksum(pcb, p, dst_ip, dst_port, netif, 0, 0);
 629:Middlewares/Third_Party/LwIP/src/core/udp.c **** }
 630:Middlewares/Third_Party/LwIP/src/core/udp.c **** 
 631:Middlewares/Third_Party/LwIP/src/core/udp.c **** /** Same as udp_sendto_if(), but with checksum */
 632:Middlewares/Third_Party/LwIP/src/core/udp.c **** err_t
 633:Middlewares/Third_Party/LwIP/src/core/udp.c **** udp_sendto_if_chksum(struct udp_pcb *pcb, struct pbuf *p, const ip_addr_t *dst_ip,
 634:Middlewares/Third_Party/LwIP/src/core/udp.c ****                      u16_t dst_port, struct netif *netif, u8_t have_chksum,
 635:Middlewares/Third_Party/LwIP/src/core/udp.c ****                      u16_t chksum)
 636:Middlewares/Third_Party/LwIP/src/core/udp.c **** {
 637:Middlewares/Third_Party/LwIP/src/core/udp.c **** #endif /* LWIP_CHECKSUM_ON_COPY && CHECKSUM_GEN_UDP */
 638:Middlewares/Third_Party/LwIP/src/core/udp.c ****   const ip_addr_t *src_ip;
 639:Middlewares/Third_Party/LwIP/src/core/udp.c **** 
 640:Middlewares/Third_Party/LwIP/src/core/udp.c ****   LWIP_ERROR("udp_sendto_if: invalid pcb", pcb != NULL, return ERR_ARG);
 641:Middlewares/Third_Party/LwIP/src/core/udp.c ****   LWIP_ERROR("udp_sendto_if: invalid pbuf", p != NULL, return ERR_ARG);
 642:Middlewares/Third_Party/LwIP/src/core/udp.c ****   LWIP_ERROR("udp_sendto_if: invalid dst_ip", dst_ip != NULL, return ERR_ARG);
 643:Middlewares/Third_Party/LwIP/src/core/udp.c ****   LWIP_ERROR("udp_sendto_if: invalid netif", netif != NULL, return ERR_ARG);
 644:Middlewares/Third_Party/LwIP/src/core/udp.c **** 
 645:Middlewares/Third_Party/LwIP/src/core/udp.c ****   if (!IP_ADDR_PCB_VERSION_MATCH(pcb, dst_ip)) {
 646:Middlewares/Third_Party/LwIP/src/core/udp.c ****     return ERR_VAL;
 647:Middlewares/Third_Party/LwIP/src/core/udp.c ****   }
 648:Middlewares/Third_Party/LwIP/src/core/udp.c **** 
 649:Middlewares/Third_Party/LwIP/src/core/udp.c ****   /* PCB local address is IP_ANY_ADDR or multicast? */
 650:Middlewares/Third_Party/LwIP/src/core/udp.c **** #if LWIP_IPV6
 651:Middlewares/Third_Party/LwIP/src/core/udp.c ****   if (IP_IS_V6(dst_ip)) {
 652:Middlewares/Third_Party/LwIP/src/core/udp.c ****     if (ip6_addr_isany(ip_2_ip6(&pcb->local_ip)) ||
 653:Middlewares/Third_Party/LwIP/src/core/udp.c ****         ip6_addr_ismulticast(ip_2_ip6(&pcb->local_ip))) {
ARM GAS  /tmp/cc3xdAUq.s 			page 30


 654:Middlewares/Third_Party/LwIP/src/core/udp.c ****       src_ip = ip6_select_source_address(netif, ip_2_ip6(dst_ip));
 655:Middlewares/Third_Party/LwIP/src/core/udp.c ****       if (src_ip == NULL) {
 656:Middlewares/Third_Party/LwIP/src/core/udp.c ****         /* No suitable source address was found. */
 657:Middlewares/Third_Party/LwIP/src/core/udp.c ****         return ERR_RTE;
 658:Middlewares/Third_Party/LwIP/src/core/udp.c ****       }
 659:Middlewares/Third_Party/LwIP/src/core/udp.c ****     } else {
 660:Middlewares/Third_Party/LwIP/src/core/udp.c ****       /* use UDP PCB local IPv6 address as source address, if still valid. */
 661:Middlewares/Third_Party/LwIP/src/core/udp.c ****       if (netif_get_ip6_addr_match(netif, ip_2_ip6(&pcb->local_ip)) < 0) {
 662:Middlewares/Third_Party/LwIP/src/core/udp.c ****         /* Address isn't valid anymore. */
 663:Middlewares/Third_Party/LwIP/src/core/udp.c ****         return ERR_RTE;
 664:Middlewares/Third_Party/LwIP/src/core/udp.c ****       }
 665:Middlewares/Third_Party/LwIP/src/core/udp.c ****       src_ip = &pcb->local_ip;
 666:Middlewares/Third_Party/LwIP/src/core/udp.c ****     }
 667:Middlewares/Third_Party/LwIP/src/core/udp.c ****   }
 668:Middlewares/Third_Party/LwIP/src/core/udp.c **** #endif /* LWIP_IPV6 */
 669:Middlewares/Third_Party/LwIP/src/core/udp.c **** #if LWIP_IPV4 && LWIP_IPV6
 670:Middlewares/Third_Party/LwIP/src/core/udp.c ****   else
 671:Middlewares/Third_Party/LwIP/src/core/udp.c **** #endif /* LWIP_IPV4 && LWIP_IPV6 */
 672:Middlewares/Third_Party/LwIP/src/core/udp.c **** #if LWIP_IPV4
 673:Middlewares/Third_Party/LwIP/src/core/udp.c ****     if (ip4_addr_isany(ip_2_ip4(&pcb->local_ip)) ||
 674:Middlewares/Third_Party/LwIP/src/core/udp.c ****         ip4_addr_ismulticast(ip_2_ip4(&pcb->local_ip))) {
 675:Middlewares/Third_Party/LwIP/src/core/udp.c ****       /* if the local_ip is any or multicast
 676:Middlewares/Third_Party/LwIP/src/core/udp.c ****        * use the outgoing network interface IP address as source address */
 677:Middlewares/Third_Party/LwIP/src/core/udp.c ****       src_ip = netif_ip_addr4(netif);
 678:Middlewares/Third_Party/LwIP/src/core/udp.c ****     } else {
 679:Middlewares/Third_Party/LwIP/src/core/udp.c ****       /* check if UDP PCB local IP address is correct
 680:Middlewares/Third_Party/LwIP/src/core/udp.c ****        * this could be an old address if netif->ip_addr has changed */
 681:Middlewares/Third_Party/LwIP/src/core/udp.c ****       if (!ip4_addr_cmp(ip_2_ip4(&(pcb->local_ip)), netif_ip4_addr(netif))) {
 682:Middlewares/Third_Party/LwIP/src/core/udp.c ****         /* local_ip doesn't match, drop the packet */
 683:Middlewares/Third_Party/LwIP/src/core/udp.c ****         return ERR_RTE;
 684:Middlewares/Third_Party/LwIP/src/core/udp.c ****       }
 685:Middlewares/Third_Party/LwIP/src/core/udp.c ****       /* use UDP PCB local IP address as source address */
 686:Middlewares/Third_Party/LwIP/src/core/udp.c ****       src_ip = &pcb->local_ip;
 687:Middlewares/Third_Party/LwIP/src/core/udp.c ****     }
 688:Middlewares/Third_Party/LwIP/src/core/udp.c **** #endif /* LWIP_IPV4 */
 689:Middlewares/Third_Party/LwIP/src/core/udp.c **** #if LWIP_CHECKSUM_ON_COPY && CHECKSUM_GEN_UDP
 690:Middlewares/Third_Party/LwIP/src/core/udp.c ****   return udp_sendto_if_src_chksum(pcb, p, dst_ip, dst_port, netif, have_chksum, chksum, src_ip);
 691:Middlewares/Third_Party/LwIP/src/core/udp.c **** #else /* LWIP_CHECKSUM_ON_COPY && CHECKSUM_GEN_UDP */
 692:Middlewares/Third_Party/LwIP/src/core/udp.c ****   return udp_sendto_if_src(pcb, p, dst_ip, dst_port, netif, src_ip);
 693:Middlewares/Third_Party/LwIP/src/core/udp.c **** #endif /* LWIP_CHECKSUM_ON_COPY && CHECKSUM_GEN_UDP */
 694:Middlewares/Third_Party/LwIP/src/core/udp.c **** }
 695:Middlewares/Third_Party/LwIP/src/core/udp.c **** 
 696:Middlewares/Third_Party/LwIP/src/core/udp.c **** /** @ingroup udp_raw
 697:Middlewares/Third_Party/LwIP/src/core/udp.c ****  * Same as @ref udp_sendto_if, but with source address */
 698:Middlewares/Third_Party/LwIP/src/core/udp.c **** err_t
 699:Middlewares/Third_Party/LwIP/src/core/udp.c **** udp_sendto_if_src(struct udp_pcb *pcb, struct pbuf *p,
 700:Middlewares/Third_Party/LwIP/src/core/udp.c ****                   const ip_addr_t *dst_ip, u16_t dst_port, struct netif *netif, const ip_addr_t *sr
 701:Middlewares/Third_Party/LwIP/src/core/udp.c **** {
 702:Middlewares/Third_Party/LwIP/src/core/udp.c **** #if LWIP_CHECKSUM_ON_COPY && CHECKSUM_GEN_UDP
 703:Middlewares/Third_Party/LwIP/src/core/udp.c ****   return udp_sendto_if_src_chksum(pcb, p, dst_ip, dst_port, netif, 0, 0, src_ip);
 704:Middlewares/Third_Party/LwIP/src/core/udp.c **** }
 705:Middlewares/Third_Party/LwIP/src/core/udp.c **** 
 706:Middlewares/Third_Party/LwIP/src/core/udp.c **** /** Same as udp_sendto_if_src(), but with checksum */
 707:Middlewares/Third_Party/LwIP/src/core/udp.c **** err_t
 708:Middlewares/Third_Party/LwIP/src/core/udp.c **** udp_sendto_if_src_chksum(struct udp_pcb *pcb, struct pbuf *p, const ip_addr_t *dst_ip,
 709:Middlewares/Third_Party/LwIP/src/core/udp.c ****                          u16_t dst_port, struct netif *netif, u8_t have_chksum,
 710:Middlewares/Third_Party/LwIP/src/core/udp.c ****                          u16_t chksum, const ip_addr_t *src_ip)
ARM GAS  /tmp/cc3xdAUq.s 			page 31


 711:Middlewares/Third_Party/LwIP/src/core/udp.c **** {
 712:Middlewares/Third_Party/LwIP/src/core/udp.c **** #endif /* LWIP_CHECKSUM_ON_COPY && CHECKSUM_GEN_UDP */
 713:Middlewares/Third_Party/LwIP/src/core/udp.c ****   struct udp_hdr *udphdr;
 714:Middlewares/Third_Party/LwIP/src/core/udp.c ****   err_t err;
 715:Middlewares/Third_Party/LwIP/src/core/udp.c ****   struct pbuf *q; /* q will be sent down the stack */
 716:Middlewares/Third_Party/LwIP/src/core/udp.c ****   u8_t ip_proto;
 717:Middlewares/Third_Party/LwIP/src/core/udp.c ****   u8_t ttl;
 718:Middlewares/Third_Party/LwIP/src/core/udp.c **** 
 719:Middlewares/Third_Party/LwIP/src/core/udp.c ****   LWIP_ASSERT_CORE_LOCKED();
 720:Middlewares/Third_Party/LwIP/src/core/udp.c **** 
 721:Middlewares/Third_Party/LwIP/src/core/udp.c ****   LWIP_ERROR("udp_sendto_if_src: invalid pcb", pcb != NULL, return ERR_ARG);
 722:Middlewares/Third_Party/LwIP/src/core/udp.c ****   LWIP_ERROR("udp_sendto_if_src: invalid pbuf", p != NULL, return ERR_ARG);
 723:Middlewares/Third_Party/LwIP/src/core/udp.c ****   LWIP_ERROR("udp_sendto_if_src: invalid dst_ip", dst_ip != NULL, return ERR_ARG);
 724:Middlewares/Third_Party/LwIP/src/core/udp.c ****   LWIP_ERROR("udp_sendto_if_src: invalid src_ip", src_ip != NULL, return ERR_ARG);
 725:Middlewares/Third_Party/LwIP/src/core/udp.c ****   LWIP_ERROR("udp_sendto_if_src: invalid netif", netif != NULL, return ERR_ARG);
 726:Middlewares/Third_Party/LwIP/src/core/udp.c **** 
 727:Middlewares/Third_Party/LwIP/src/core/udp.c ****   if (!IP_ADDR_PCB_VERSION_MATCH(pcb, src_ip) ||
 728:Middlewares/Third_Party/LwIP/src/core/udp.c ****       !IP_ADDR_PCB_VERSION_MATCH(pcb, dst_ip)) {
 729:Middlewares/Third_Party/LwIP/src/core/udp.c ****     return ERR_VAL;
 730:Middlewares/Third_Party/LwIP/src/core/udp.c ****   }
 731:Middlewares/Third_Party/LwIP/src/core/udp.c **** 
 732:Middlewares/Third_Party/LwIP/src/core/udp.c **** #if LWIP_IPV4 && IP_SOF_BROADCAST
 733:Middlewares/Third_Party/LwIP/src/core/udp.c ****   /* broadcast filter? */
 734:Middlewares/Third_Party/LwIP/src/core/udp.c ****   if (!ip_get_option(pcb, SOF_BROADCAST) &&
 735:Middlewares/Third_Party/LwIP/src/core/udp.c **** #if LWIP_IPV6
 736:Middlewares/Third_Party/LwIP/src/core/udp.c ****       IP_IS_V4(dst_ip) &&
 737:Middlewares/Third_Party/LwIP/src/core/udp.c **** #endif /* LWIP_IPV6 */
 738:Middlewares/Third_Party/LwIP/src/core/udp.c ****       ip_addr_isbroadcast(dst_ip, netif)) {
 739:Middlewares/Third_Party/LwIP/src/core/udp.c ****     LWIP_DEBUGF(UDP_DEBUG | LWIP_DBG_LEVEL_SERIOUS,
 740:Middlewares/Third_Party/LwIP/src/core/udp.c ****                 ("udp_sendto_if: SOF_BROADCAST not enabled on pcb %p\n", (void *)pcb));
 741:Middlewares/Third_Party/LwIP/src/core/udp.c ****     return ERR_VAL;
 742:Middlewares/Third_Party/LwIP/src/core/udp.c ****   }
 743:Middlewares/Third_Party/LwIP/src/core/udp.c **** #endif /* LWIP_IPV4 && IP_SOF_BROADCAST */
 744:Middlewares/Third_Party/LwIP/src/core/udp.c **** 
 745:Middlewares/Third_Party/LwIP/src/core/udp.c ****   /* if the PCB is not yet bound to a port, bind it here */
 746:Middlewares/Third_Party/LwIP/src/core/udp.c ****   if (pcb->local_port == 0) {
 747:Middlewares/Third_Party/LwIP/src/core/udp.c ****     LWIP_DEBUGF(UDP_DEBUG | LWIP_DBG_TRACE, ("udp_send: not yet bound to a port, binding now\n"));
 748:Middlewares/Third_Party/LwIP/src/core/udp.c ****     err = udp_bind(pcb, &pcb->local_ip, pcb->local_port);
 749:Middlewares/Third_Party/LwIP/src/core/udp.c ****     if (err != ERR_OK) {
 750:Middlewares/Third_Party/LwIP/src/core/udp.c ****       LWIP_DEBUGF(UDP_DEBUG | LWIP_DBG_TRACE | LWIP_DBG_LEVEL_SERIOUS, ("udp_send: forced port bind
 751:Middlewares/Third_Party/LwIP/src/core/udp.c ****       return err;
 752:Middlewares/Third_Party/LwIP/src/core/udp.c ****     }
 753:Middlewares/Third_Party/LwIP/src/core/udp.c ****   }
 754:Middlewares/Third_Party/LwIP/src/core/udp.c **** 
 755:Middlewares/Third_Party/LwIP/src/core/udp.c ****   /* packet too large to add a UDP header without causing an overflow? */
 756:Middlewares/Third_Party/LwIP/src/core/udp.c ****   if ((u16_t)(p->tot_len + UDP_HLEN) < p->tot_len) {
 757:Middlewares/Third_Party/LwIP/src/core/udp.c ****     return ERR_MEM;
 758:Middlewares/Third_Party/LwIP/src/core/udp.c ****   }
 759:Middlewares/Third_Party/LwIP/src/core/udp.c ****   /* not enough space to add an UDP header to first pbuf in given p chain? */
 760:Middlewares/Third_Party/LwIP/src/core/udp.c ****   if (pbuf_add_header(p, UDP_HLEN)) {
 761:Middlewares/Third_Party/LwIP/src/core/udp.c ****     /* allocate header in a separate new pbuf */
 762:Middlewares/Third_Party/LwIP/src/core/udp.c ****     q = pbuf_alloc(PBUF_IP, UDP_HLEN, PBUF_RAM);
 763:Middlewares/Third_Party/LwIP/src/core/udp.c ****     /* new header pbuf could not be allocated? */
 764:Middlewares/Third_Party/LwIP/src/core/udp.c ****     if (q == NULL) {
 765:Middlewares/Third_Party/LwIP/src/core/udp.c ****       LWIP_DEBUGF(UDP_DEBUG | LWIP_DBG_TRACE | LWIP_DBG_LEVEL_SERIOUS, ("udp_send: could not alloca
 766:Middlewares/Third_Party/LwIP/src/core/udp.c ****       return ERR_MEM;
 767:Middlewares/Third_Party/LwIP/src/core/udp.c ****     }
ARM GAS  /tmp/cc3xdAUq.s 			page 32


 768:Middlewares/Third_Party/LwIP/src/core/udp.c ****     if (p->tot_len != 0) {
 769:Middlewares/Third_Party/LwIP/src/core/udp.c ****       /* chain header q in front of given pbuf p (only if p contains data) */
 770:Middlewares/Third_Party/LwIP/src/core/udp.c ****       pbuf_chain(q, p);
 771:Middlewares/Third_Party/LwIP/src/core/udp.c ****     }
 772:Middlewares/Third_Party/LwIP/src/core/udp.c ****     /* first pbuf q points to header pbuf */
 773:Middlewares/Third_Party/LwIP/src/core/udp.c ****     LWIP_DEBUGF(UDP_DEBUG,
 774:Middlewares/Third_Party/LwIP/src/core/udp.c ****                 ("udp_send: added header pbuf %p before given pbuf %p\n", (void *)q, (void *)p));
 775:Middlewares/Third_Party/LwIP/src/core/udp.c ****   } else {
 776:Middlewares/Third_Party/LwIP/src/core/udp.c ****     /* adding space for header within p succeeded */
 777:Middlewares/Third_Party/LwIP/src/core/udp.c ****     /* first pbuf q equals given pbuf */
 778:Middlewares/Third_Party/LwIP/src/core/udp.c ****     q = p;
 779:Middlewares/Third_Party/LwIP/src/core/udp.c ****     LWIP_DEBUGF(UDP_DEBUG, ("udp_send: added header in given pbuf %p\n", (void *)p));
 780:Middlewares/Third_Party/LwIP/src/core/udp.c ****   }
 781:Middlewares/Third_Party/LwIP/src/core/udp.c ****   LWIP_ASSERT("check that first pbuf can hold struct udp_hdr",
 782:Middlewares/Third_Party/LwIP/src/core/udp.c ****               (q->len >= sizeof(struct udp_hdr)));
 783:Middlewares/Third_Party/LwIP/src/core/udp.c ****   /* q now represents the packet to be sent */
 784:Middlewares/Third_Party/LwIP/src/core/udp.c ****   udphdr = (struct udp_hdr *)q->payload;
 785:Middlewares/Third_Party/LwIP/src/core/udp.c ****   udphdr->src = lwip_htons(pcb->local_port);
 786:Middlewares/Third_Party/LwIP/src/core/udp.c ****   udphdr->dest = lwip_htons(dst_port);
 787:Middlewares/Third_Party/LwIP/src/core/udp.c ****   /* in UDP, 0 checksum means 'no checksum' */
 788:Middlewares/Third_Party/LwIP/src/core/udp.c ****   udphdr->chksum = 0x0000;
 789:Middlewares/Third_Party/LwIP/src/core/udp.c **** 
 790:Middlewares/Third_Party/LwIP/src/core/udp.c ****   /* Multicast Loop? */
 791:Middlewares/Third_Party/LwIP/src/core/udp.c **** #if LWIP_MULTICAST_TX_OPTIONS
 792:Middlewares/Third_Party/LwIP/src/core/udp.c ****   if (((pcb->flags & UDP_FLAGS_MULTICAST_LOOP) != 0) && ip_addr_ismulticast(dst_ip)) {
 793:Middlewares/Third_Party/LwIP/src/core/udp.c ****     q->flags |= PBUF_FLAG_MCASTLOOP;
 794:Middlewares/Third_Party/LwIP/src/core/udp.c ****   }
 795:Middlewares/Third_Party/LwIP/src/core/udp.c **** #endif /* LWIP_MULTICAST_TX_OPTIONS */
 796:Middlewares/Third_Party/LwIP/src/core/udp.c **** 
 797:Middlewares/Third_Party/LwIP/src/core/udp.c ****   LWIP_DEBUGF(UDP_DEBUG, ("udp_send: sending datagram of length %"U16_F"\n", q->tot_len));
 798:Middlewares/Third_Party/LwIP/src/core/udp.c **** 
 799:Middlewares/Third_Party/LwIP/src/core/udp.c **** #if LWIP_UDPLITE
 800:Middlewares/Third_Party/LwIP/src/core/udp.c ****   /* UDP Lite protocol? */
 801:Middlewares/Third_Party/LwIP/src/core/udp.c ****   if (pcb->flags & UDP_FLAGS_UDPLITE) {
 802:Middlewares/Third_Party/LwIP/src/core/udp.c ****     u16_t chklen, chklen_hdr;
 803:Middlewares/Third_Party/LwIP/src/core/udp.c ****     LWIP_DEBUGF(UDP_DEBUG, ("udp_send: UDP LITE packet length %"U16_F"\n", q->tot_len));
 804:Middlewares/Third_Party/LwIP/src/core/udp.c ****     /* set UDP message length in UDP header */
 805:Middlewares/Third_Party/LwIP/src/core/udp.c ****     chklen_hdr = chklen = pcb->chksum_len_tx;
 806:Middlewares/Third_Party/LwIP/src/core/udp.c ****     if ((chklen < sizeof(struct udp_hdr)) || (chklen > q->tot_len)) {
 807:Middlewares/Third_Party/LwIP/src/core/udp.c ****       if (chklen != 0) {
 808:Middlewares/Third_Party/LwIP/src/core/udp.c ****         LWIP_DEBUGF(UDP_DEBUG, ("udp_send: UDP LITE pcb->chksum_len is illegal: %"U16_F"\n", chklen
 809:Middlewares/Third_Party/LwIP/src/core/udp.c ****       }
 810:Middlewares/Third_Party/LwIP/src/core/udp.c ****       /* For UDP-Lite, checksum length of 0 means checksum
 811:Middlewares/Third_Party/LwIP/src/core/udp.c ****          over the complete packet. (See RFC 3828 chap. 3.1)
 812:Middlewares/Third_Party/LwIP/src/core/udp.c ****          At least the UDP-Lite header must be covered by the
 813:Middlewares/Third_Party/LwIP/src/core/udp.c ****          checksum, therefore, if chksum_len has an illegal
 814:Middlewares/Third_Party/LwIP/src/core/udp.c ****          value, we generate the checksum over the complete
 815:Middlewares/Third_Party/LwIP/src/core/udp.c ****          packet to be safe. */
 816:Middlewares/Third_Party/LwIP/src/core/udp.c ****       chklen_hdr = 0;
 817:Middlewares/Third_Party/LwIP/src/core/udp.c ****       chklen = q->tot_len;
 818:Middlewares/Third_Party/LwIP/src/core/udp.c ****     }
 819:Middlewares/Third_Party/LwIP/src/core/udp.c ****     udphdr->len = lwip_htons(chklen_hdr);
 820:Middlewares/Third_Party/LwIP/src/core/udp.c ****     /* calculate checksum */
 821:Middlewares/Third_Party/LwIP/src/core/udp.c **** #if CHECKSUM_GEN_UDP
 822:Middlewares/Third_Party/LwIP/src/core/udp.c ****     IF__NETIF_CHECKSUM_ENABLED(netif, NETIF_CHECKSUM_GEN_UDP) {
 823:Middlewares/Third_Party/LwIP/src/core/udp.c **** #if LWIP_CHECKSUM_ON_COPY
 824:Middlewares/Third_Party/LwIP/src/core/udp.c ****       if (have_chksum) {
ARM GAS  /tmp/cc3xdAUq.s 			page 33


 825:Middlewares/Third_Party/LwIP/src/core/udp.c ****         chklen = UDP_HLEN;
 826:Middlewares/Third_Party/LwIP/src/core/udp.c ****       }
 827:Middlewares/Third_Party/LwIP/src/core/udp.c **** #endif /* LWIP_CHECKSUM_ON_COPY */
 828:Middlewares/Third_Party/LwIP/src/core/udp.c ****       udphdr->chksum = ip_chksum_pseudo_partial(q, IP_PROTO_UDPLITE,
 829:Middlewares/Third_Party/LwIP/src/core/udp.c ****                        q->tot_len, chklen, src_ip, dst_ip);
 830:Middlewares/Third_Party/LwIP/src/core/udp.c **** #if LWIP_CHECKSUM_ON_COPY
 831:Middlewares/Third_Party/LwIP/src/core/udp.c ****       if (have_chksum) {
 832:Middlewares/Third_Party/LwIP/src/core/udp.c ****         u32_t acc;
 833:Middlewares/Third_Party/LwIP/src/core/udp.c ****         acc = udphdr->chksum + (u16_t)~(chksum);
 834:Middlewares/Third_Party/LwIP/src/core/udp.c ****         udphdr->chksum = FOLD_U32T(acc);
 835:Middlewares/Third_Party/LwIP/src/core/udp.c ****       }
 836:Middlewares/Third_Party/LwIP/src/core/udp.c **** #endif /* LWIP_CHECKSUM_ON_COPY */
 837:Middlewares/Third_Party/LwIP/src/core/udp.c **** 
 838:Middlewares/Third_Party/LwIP/src/core/udp.c ****       /* chksum zero must become 0xffff, as zero means 'no checksum' */
 839:Middlewares/Third_Party/LwIP/src/core/udp.c ****       if (udphdr->chksum == 0x0000) {
 840:Middlewares/Third_Party/LwIP/src/core/udp.c ****         udphdr->chksum = 0xffff;
 841:Middlewares/Third_Party/LwIP/src/core/udp.c ****       }
 842:Middlewares/Third_Party/LwIP/src/core/udp.c ****     }
 843:Middlewares/Third_Party/LwIP/src/core/udp.c **** #endif /* CHECKSUM_GEN_UDP */
 844:Middlewares/Third_Party/LwIP/src/core/udp.c **** 
 845:Middlewares/Third_Party/LwIP/src/core/udp.c ****     ip_proto = IP_PROTO_UDPLITE;
 846:Middlewares/Third_Party/LwIP/src/core/udp.c ****   } else
 847:Middlewares/Third_Party/LwIP/src/core/udp.c **** #endif /* LWIP_UDPLITE */
 848:Middlewares/Third_Party/LwIP/src/core/udp.c ****   {      /* UDP */
 849:Middlewares/Third_Party/LwIP/src/core/udp.c ****     LWIP_DEBUGF(UDP_DEBUG, ("udp_send: UDP packet length %"U16_F"\n", q->tot_len));
 850:Middlewares/Third_Party/LwIP/src/core/udp.c ****     udphdr->len = lwip_htons(q->tot_len);
 851:Middlewares/Third_Party/LwIP/src/core/udp.c ****     /* calculate checksum */
 852:Middlewares/Third_Party/LwIP/src/core/udp.c **** #if CHECKSUM_GEN_UDP
 853:Middlewares/Third_Party/LwIP/src/core/udp.c ****     IF__NETIF_CHECKSUM_ENABLED(netif, NETIF_CHECKSUM_GEN_UDP) {
 854:Middlewares/Third_Party/LwIP/src/core/udp.c ****       /* Checksum is mandatory over IPv6. */
 855:Middlewares/Third_Party/LwIP/src/core/udp.c ****       if (IP_IS_V6(dst_ip) || (pcb->flags & UDP_FLAGS_NOCHKSUM) == 0) {
 856:Middlewares/Third_Party/LwIP/src/core/udp.c ****         u16_t udpchksum;
 857:Middlewares/Third_Party/LwIP/src/core/udp.c **** #if LWIP_CHECKSUM_ON_COPY
 858:Middlewares/Third_Party/LwIP/src/core/udp.c ****         if (have_chksum) {
 859:Middlewares/Third_Party/LwIP/src/core/udp.c ****           u32_t acc;
 860:Middlewares/Third_Party/LwIP/src/core/udp.c ****           udpchksum = ip_chksum_pseudo_partial(q, IP_PROTO_UDP,
 861:Middlewares/Third_Party/LwIP/src/core/udp.c ****                                                q->tot_len, UDP_HLEN, src_ip, dst_ip);
 862:Middlewares/Third_Party/LwIP/src/core/udp.c ****           acc = udpchksum + (u16_t)~(chksum);
 863:Middlewares/Third_Party/LwIP/src/core/udp.c ****           udpchksum = FOLD_U32T(acc);
 864:Middlewares/Third_Party/LwIP/src/core/udp.c ****         } else
 865:Middlewares/Third_Party/LwIP/src/core/udp.c **** #endif /* LWIP_CHECKSUM_ON_COPY */
 866:Middlewares/Third_Party/LwIP/src/core/udp.c ****         {
 867:Middlewares/Third_Party/LwIP/src/core/udp.c ****           udpchksum = ip_chksum_pseudo(q, IP_PROTO_UDP, q->tot_len,
 868:Middlewares/Third_Party/LwIP/src/core/udp.c ****                                        src_ip, dst_ip);
 869:Middlewares/Third_Party/LwIP/src/core/udp.c ****         }
 870:Middlewares/Third_Party/LwIP/src/core/udp.c **** 
 871:Middlewares/Third_Party/LwIP/src/core/udp.c ****         /* chksum zero must become 0xffff, as zero means 'no checksum' */
 872:Middlewares/Third_Party/LwIP/src/core/udp.c ****         if (udpchksum == 0x0000) {
 873:Middlewares/Third_Party/LwIP/src/core/udp.c ****           udpchksum = 0xffff;
 874:Middlewares/Third_Party/LwIP/src/core/udp.c ****         }
 875:Middlewares/Third_Party/LwIP/src/core/udp.c ****         udphdr->chksum = udpchksum;
 876:Middlewares/Third_Party/LwIP/src/core/udp.c ****       }
 877:Middlewares/Third_Party/LwIP/src/core/udp.c ****     }
 878:Middlewares/Third_Party/LwIP/src/core/udp.c **** #endif /* CHECKSUM_GEN_UDP */
 879:Middlewares/Third_Party/LwIP/src/core/udp.c ****     ip_proto = IP_PROTO_UDP;
 880:Middlewares/Third_Party/LwIP/src/core/udp.c ****   }
 881:Middlewares/Third_Party/LwIP/src/core/udp.c **** 
ARM GAS  /tmp/cc3xdAUq.s 			page 34


 882:Middlewares/Third_Party/LwIP/src/core/udp.c ****   /* Determine TTL to use */
 883:Middlewares/Third_Party/LwIP/src/core/udp.c **** #if LWIP_MULTICAST_TX_OPTIONS
 884:Middlewares/Third_Party/LwIP/src/core/udp.c ****   ttl = (ip_addr_ismulticast(dst_ip) ? udp_get_multicast_ttl(pcb) : pcb->ttl);
 885:Middlewares/Third_Party/LwIP/src/core/udp.c **** #else /* LWIP_MULTICAST_TX_OPTIONS */
 886:Middlewares/Third_Party/LwIP/src/core/udp.c ****   ttl = pcb->ttl;
 887:Middlewares/Third_Party/LwIP/src/core/udp.c **** #endif /* LWIP_MULTICAST_TX_OPTIONS */
 888:Middlewares/Third_Party/LwIP/src/core/udp.c **** 
 889:Middlewares/Third_Party/LwIP/src/core/udp.c ****   LWIP_DEBUGF(UDP_DEBUG, ("udp_send: UDP checksum 0x%04"X16_F"\n", udphdr->chksum));
 890:Middlewares/Third_Party/LwIP/src/core/udp.c ****   LWIP_DEBUGF(UDP_DEBUG, ("udp_send: ip_output_if (,,,,0x%02"X16_F",)\n", (u16_t)ip_proto));
 891:Middlewares/Third_Party/LwIP/src/core/udp.c ****   /* output to IP */
 892:Middlewares/Third_Party/LwIP/src/core/udp.c ****   NETIF_SET_HINTS(netif, &(pcb->netif_hints));
 893:Middlewares/Third_Party/LwIP/src/core/udp.c ****   err = ip_output_if_src(q, src_ip, dst_ip, ttl, pcb->tos, ip_proto, netif);
 894:Middlewares/Third_Party/LwIP/src/core/udp.c ****   NETIF_RESET_HINTS(netif);
 895:Middlewares/Third_Party/LwIP/src/core/udp.c **** 
 896:Middlewares/Third_Party/LwIP/src/core/udp.c ****   /* @todo: must this be increased even if error occurred? */
 897:Middlewares/Third_Party/LwIP/src/core/udp.c ****   MIB2_STATS_INC(mib2.udpoutdatagrams);
 898:Middlewares/Third_Party/LwIP/src/core/udp.c **** 
 899:Middlewares/Third_Party/LwIP/src/core/udp.c ****   /* did we chain a separate header pbuf earlier? */
 900:Middlewares/Third_Party/LwIP/src/core/udp.c ****   if (q != p) {
 901:Middlewares/Third_Party/LwIP/src/core/udp.c ****     /* free the header pbuf */
 902:Middlewares/Third_Party/LwIP/src/core/udp.c ****     pbuf_free(q);
 903:Middlewares/Third_Party/LwIP/src/core/udp.c ****     q = NULL;
 904:Middlewares/Third_Party/LwIP/src/core/udp.c ****     /* p is still referenced by the caller, and will live on */
 905:Middlewares/Third_Party/LwIP/src/core/udp.c ****   }
 906:Middlewares/Third_Party/LwIP/src/core/udp.c **** 
 907:Middlewares/Third_Party/LwIP/src/core/udp.c ****   UDP_STATS_INC(udp.xmit);
 908:Middlewares/Third_Party/LwIP/src/core/udp.c ****   return err;
 909:Middlewares/Third_Party/LwIP/src/core/udp.c **** }
 910:Middlewares/Third_Party/LwIP/src/core/udp.c **** 
 911:Middlewares/Third_Party/LwIP/src/core/udp.c **** /**
 912:Middlewares/Third_Party/LwIP/src/core/udp.c ****  * @ingroup udp_raw
 913:Middlewares/Third_Party/LwIP/src/core/udp.c ****  * Bind an UDP PCB.
 914:Middlewares/Third_Party/LwIP/src/core/udp.c ****  * 
 915:Middlewares/Third_Party/LwIP/src/core/udp.c ****  * @param pcb UDP PCB to be bound with a local address ipaddr and port.
 916:Middlewares/Third_Party/LwIP/src/core/udp.c ****  * @param ipaddr local IP address to bind with. Use IP_ANY_TYPE to
 917:Middlewares/Third_Party/LwIP/src/core/udp.c ****  * bind to all local interfaces.
 918:Middlewares/Third_Party/LwIP/src/core/udp.c ****  * @param port local UDP port to bind with. Use 0 to automatically bind
 919:Middlewares/Third_Party/LwIP/src/core/udp.c ****  * to a random port between UDP_LOCAL_PORT_RANGE_START and
 920:Middlewares/Third_Party/LwIP/src/core/udp.c ****  * UDP_LOCAL_PORT_RANGE_END.
 921:Middlewares/Third_Party/LwIP/src/core/udp.c ****  *
 922:Middlewares/Third_Party/LwIP/src/core/udp.c ****  * ipaddr & port are expected to be in the same byte order as in the pcb.
 923:Middlewares/Third_Party/LwIP/src/core/udp.c ****  *
 924:Middlewares/Third_Party/LwIP/src/core/udp.c ****  * @return lwIP error code.
 925:Middlewares/Third_Party/LwIP/src/core/udp.c ****  * - ERR_OK. Successful. No error occurred.
 926:Middlewares/Third_Party/LwIP/src/core/udp.c ****  * - ERR_USE. The specified ipaddr and port are already bound to by
 927:Middlewares/Third_Party/LwIP/src/core/udp.c ****  * another UDP PCB.
 928:Middlewares/Third_Party/LwIP/src/core/udp.c ****  *
 929:Middlewares/Third_Party/LwIP/src/core/udp.c ****  * @see udp_disconnect()
 930:Middlewares/Third_Party/LwIP/src/core/udp.c ****  */
 931:Middlewares/Third_Party/LwIP/src/core/udp.c **** err_t
 932:Middlewares/Third_Party/LwIP/src/core/udp.c **** udp_bind(struct udp_pcb *pcb, const ip_addr_t *ipaddr, u16_t port)
 933:Middlewares/Third_Party/LwIP/src/core/udp.c **** {
 812              		.loc 1 933 1 view -0
 813              		.cfi_startproc
 814              		@ args = 0, pretend = 0, frame = 0
 815              		@ frame_needed = 0, uses_anonymous_args = 0
 816              		.loc 1 933 1 is_stmt 0 view .LVU273
ARM GAS  /tmp/cc3xdAUq.s 			page 35


 817 0000 70B5     		push	{r4, r5, r6, lr}
 818              	.LCFI6:
 819              		.cfi_def_cfa_offset 16
 820              		.cfi_offset 4, -16
 821              		.cfi_offset 5, -12
 822              		.cfi_offset 6, -8
 823              		.cfi_offset 14, -4
 824 0002 0446     		mov	r4, r0
 934:Middlewares/Third_Party/LwIP/src/core/udp.c ****   struct udp_pcb *ipcb;
 825              		.loc 1 934 3 is_stmt 1 view .LVU274
 935:Middlewares/Third_Party/LwIP/src/core/udp.c ****   u8_t rebind;
 826              		.loc 1 935 3 view .LVU275
 936:Middlewares/Third_Party/LwIP/src/core/udp.c **** #if LWIP_IPV6 && LWIP_IPV6_SCOPES
 937:Middlewares/Third_Party/LwIP/src/core/udp.c ****   ip_addr_t zoned_ipaddr;
 938:Middlewares/Third_Party/LwIP/src/core/udp.c **** #endif /* LWIP_IPV6 && LWIP_IPV6_SCOPES */
 939:Middlewares/Third_Party/LwIP/src/core/udp.c **** 
 940:Middlewares/Third_Party/LwIP/src/core/udp.c ****   LWIP_ASSERT_CORE_LOCKED();
 827              		.loc 1 940 28 view .LVU276
 941:Middlewares/Third_Party/LwIP/src/core/udp.c **** 
 942:Middlewares/Third_Party/LwIP/src/core/udp.c **** #if LWIP_IPV4
 943:Middlewares/Third_Party/LwIP/src/core/udp.c ****   /* Don't propagate NULL pointer (IPv4 ANY) to subsequent functions */
 944:Middlewares/Third_Party/LwIP/src/core/udp.c ****   if (ipaddr == NULL) {
 828              		.loc 1 944 3 view .LVU277
 829              		.loc 1 944 6 is_stmt 0 view .LVU278
 830 0004 0D46     		mov	r5, r1
 831 0006 41B1     		cbz	r1, .L92
 832              	.L70:
 833              	.LVL65:
 945:Middlewares/Third_Party/LwIP/src/core/udp.c ****     ipaddr = IP4_ADDR_ANY;
 946:Middlewares/Third_Party/LwIP/src/core/udp.c ****   }
 947:Middlewares/Third_Party/LwIP/src/core/udp.c **** #else /* LWIP_IPV4 */
 948:Middlewares/Third_Party/LwIP/src/core/udp.c ****   LWIP_ERROR("udp_bind: invalid ipaddr", ipaddr != NULL, return ERR_ARG);
 949:Middlewares/Third_Party/LwIP/src/core/udp.c **** #endif /* LWIP_IPV4 */
 950:Middlewares/Third_Party/LwIP/src/core/udp.c **** 
 951:Middlewares/Third_Party/LwIP/src/core/udp.c ****   LWIP_ERROR("udp_bind: invalid pcb", pcb != NULL, return ERR_ARG);
 834              		.loc 1 951 3 is_stmt 1 view .LVU279
 835              		.loc 1 951 3 view .LVU280
 836 0008 4CB1     		cbz	r4, .L93
 837              		.loc 1 951 3 discriminator 4 view .LVU281
 952:Middlewares/Third_Party/LwIP/src/core/udp.c **** 
 953:Middlewares/Third_Party/LwIP/src/core/udp.c ****   LWIP_DEBUGF(UDP_DEBUG | LWIP_DBG_TRACE, ("udp_bind(ipaddr = "));
 838              		.loc 1 953 3 discriminator 4 view .LVU282
 839              		.loc 1 953 3 discriminator 4 view .LVU283
 840              		.loc 1 953 3 discriminator 4 view .LVU284
 954:Middlewares/Third_Party/LwIP/src/core/udp.c ****   ip_addr_debug_print(UDP_DEBUG | LWIP_DBG_TRACE, ipaddr);
 841              		.loc 1 954 3 discriminator 4 view .LVU285
 842              		.loc 1 954 3 discriminator 4 view .LVU286
 843              		.loc 1 954 3 discriminator 4 view .LVU287
 955:Middlewares/Third_Party/LwIP/src/core/udp.c ****   LWIP_DEBUGF(UDP_DEBUG | LWIP_DBG_TRACE, (", port = %"U16_F")\n", port));
 844              		.loc 1 955 3 discriminator 4 view .LVU288
 845              		.loc 1 955 3 discriminator 4 view .LVU289
 846              		.loc 1 955 3 discriminator 4 view .LVU290
 956:Middlewares/Third_Party/LwIP/src/core/udp.c **** 
 957:Middlewares/Third_Party/LwIP/src/core/udp.c ****   rebind = 0;
 847              		.loc 1 957 3 discriminator 4 view .LVU291
 848              	.LVL66:
 958:Middlewares/Third_Party/LwIP/src/core/udp.c ****   /* Check for double bind and rebind of the same pcb */
ARM GAS  /tmp/cc3xdAUq.s 			page 36


 959:Middlewares/Third_Party/LwIP/src/core/udp.c ****   for (ipcb = udp_pcbs; ipcb != NULL; ipcb = ipcb->next) {
 849              		.loc 1 959 3 discriminator 4 view .LVU292
 850              		.loc 1 959 13 is_stmt 0 discriminator 4 view .LVU293
 851 000a 274B     		ldr	r3, .L96
 852 000c 1B68     		ldr	r3, [r3]
 853              	.LVL67:
 854              		.loc 1 959 13 discriminator 4 view .LVU294
 855 000e 1946     		mov	r1, r3
 856              	.LVL68:
 857              	.L73:
 858              		.loc 1 959 25 is_stmt 1 discriminator 1 view .LVU295
 859              		.loc 1 959 3 is_stmt 0 discriminator 1 view .LVU296
 860 0010 79B1     		cbz	r1, .L94
 960:Middlewares/Third_Party/LwIP/src/core/udp.c ****     /* is this UDP PCB already on active list? */
 961:Middlewares/Third_Party/LwIP/src/core/udp.c ****     if (pcb == ipcb) {
 861              		.loc 1 961 5 is_stmt 1 view .LVU297
 862              		.loc 1 961 8 is_stmt 0 view .LVU298
 863 0012 A142     		cmp	r1, r4
 864 0014 1ED0     		beq	.L82
 959:Middlewares/Third_Party/LwIP/src/core/udp.c ****     /* is this UDP PCB already on active list? */
 865              		.loc 1 959 39 is_stmt 1 discriminator 2 view .LVU299
 959:Middlewares/Third_Party/LwIP/src/core/udp.c ****     /* is this UDP PCB already on active list? */
 866              		.loc 1 959 44 is_stmt 0 discriminator 2 view .LVU300
 867 0016 C968     		ldr	r1, [r1, #12]
 868              	.LVL69:
 959:Middlewares/Third_Party/LwIP/src/core/udp.c ****     /* is this UDP PCB already on active list? */
 869              		.loc 1 959 44 discriminator 2 view .LVU301
 870 0018 FAE7     		b	.L73
 871              	.LVL70:
 872              	.L92:
 945:Middlewares/Third_Party/LwIP/src/core/udp.c ****   }
 873              		.loc 1 945 12 view .LVU302
 874 001a 244D     		ldr	r5, .L96+4
 875 001c F4E7     		b	.L70
 876              	.LVL71:
 877              	.L93:
 951:Middlewares/Third_Party/LwIP/src/core/udp.c **** 
 878              		.loc 1 951 3 is_stmt 1 discriminator 1 view .LVU303
 951:Middlewares/Third_Party/LwIP/src/core/udp.c **** 
 879              		.loc 1 951 3 discriminator 1 view .LVU304
 880 001e 244B     		ldr	r3, .L96+8
 881 0020 40F2B732 		movw	r2, #951
 882              	.LVL72:
 951:Middlewares/Third_Party/LwIP/src/core/udp.c **** 
 883              		.loc 1 951 3 is_stmt 0 discriminator 1 view .LVU305
 884 0024 2349     		ldr	r1, .L96+12
 885 0026 2448     		ldr	r0, .L96+16
 886              	.LVL73:
 951:Middlewares/Third_Party/LwIP/src/core/udp.c **** 
 887              		.loc 1 951 3 discriminator 1 view .LVU306
 888 0028 FFF7FEFF 		bl	printf
 889              	.LVL74:
 951:Middlewares/Third_Party/LwIP/src/core/udp.c **** 
 890              		.loc 1 951 3 is_stmt 1 discriminator 1 view .LVU307
 951:Middlewares/Third_Party/LwIP/src/core/udp.c **** 
 891              		.loc 1 951 3 discriminator 1 view .LVU308
 892 002c 6FF00F00 		mvn	r0, #15
ARM GAS  /tmp/cc3xdAUq.s 			page 37


 893 0030 0FE0     		b	.L72
 894              	.LVL75:
 895              	.L94:
 957:Middlewares/Third_Party/LwIP/src/core/udp.c ****   /* Check for double bind and rebind of the same pcb */
 896              		.loc 1 957 10 is_stmt 0 view .LVU309
 897 0032 0026     		movs	r6, #0
 898              	.L74:
 899              	.LVL76:
 962:Middlewares/Third_Party/LwIP/src/core/udp.c ****       rebind = 1;
 963:Middlewares/Third_Party/LwIP/src/core/udp.c ****       break;
 964:Middlewares/Third_Party/LwIP/src/core/udp.c ****     }
 965:Middlewares/Third_Party/LwIP/src/core/udp.c ****   }
 966:Middlewares/Third_Party/LwIP/src/core/udp.c **** 
 967:Middlewares/Third_Party/LwIP/src/core/udp.c **** #if LWIP_IPV6 && LWIP_IPV6_SCOPES
 968:Middlewares/Third_Party/LwIP/src/core/udp.c ****   /* If the given IP address should have a zone but doesn't, assign one now.
 969:Middlewares/Third_Party/LwIP/src/core/udp.c ****    * This is legacy support: scope-aware callers should always provide properly
 970:Middlewares/Third_Party/LwIP/src/core/udp.c ****    * zoned source addresses. Do the zone selection before the address-in-use
 971:Middlewares/Third_Party/LwIP/src/core/udp.c ****    * check below; as such we have to make a temporary copy of the address. */
 972:Middlewares/Third_Party/LwIP/src/core/udp.c ****   if (IP_IS_V6(ipaddr) && ip6_addr_lacks_zone(ip_2_ip6(ipaddr), IP6_UNKNOWN)) {
 973:Middlewares/Third_Party/LwIP/src/core/udp.c ****     ip_addr_copy(zoned_ipaddr, *ipaddr);
 974:Middlewares/Third_Party/LwIP/src/core/udp.c ****     ip6_addr_select_zone(ip_2_ip6(&zoned_ipaddr), ip_2_ip6(&zoned_ipaddr));
 975:Middlewares/Third_Party/LwIP/src/core/udp.c ****     ipaddr = &zoned_ipaddr;
 976:Middlewares/Third_Party/LwIP/src/core/udp.c ****   }
 977:Middlewares/Third_Party/LwIP/src/core/udp.c **** #endif /* LWIP_IPV6 && LWIP_IPV6_SCOPES */
 978:Middlewares/Third_Party/LwIP/src/core/udp.c **** 
 979:Middlewares/Third_Party/LwIP/src/core/udp.c ****   /* no port specified? */
 980:Middlewares/Third_Party/LwIP/src/core/udp.c ****   if (port == 0) {
 900              		.loc 1 980 3 is_stmt 1 view .LVU310
 901              		.loc 1 980 6 is_stmt 0 view .LVU311
 902 0034 8AB9     		cbnz	r2, .L76
 981:Middlewares/Third_Party/LwIP/src/core/udp.c ****     port = udp_new_port();
 903              		.loc 1 981 5 is_stmt 1 view .LVU312
 904              		.loc 1 981 12 is_stmt 0 view .LVU313
 905 0036 FFF7FEFF 		bl	udp_new_port
 906              	.LVL77:
 982:Middlewares/Third_Party/LwIP/src/core/udp.c ****     if (port == 0) {
 907              		.loc 1 982 5 is_stmt 1 view .LVU314
 908              		.loc 1 982 8 is_stmt 0 view .LVU315
 909 003a 0246     		mov	r2, r0
 910 003c 10B3     		cbz	r0, .L95
 911              	.LVL78:
 912              	.L77:
 983:Middlewares/Third_Party/LwIP/src/core/udp.c ****       /* no more ports available in local range */
 984:Middlewares/Third_Party/LwIP/src/core/udp.c ****       LWIP_DEBUGF(UDP_DEBUG, ("udp_bind: out of free UDP ports\n"));
 985:Middlewares/Third_Party/LwIP/src/core/udp.c ****       return ERR_USE;
 986:Middlewares/Third_Party/LwIP/src/core/udp.c ****     }
 987:Middlewares/Third_Party/LwIP/src/core/udp.c ****   } else {
 988:Middlewares/Third_Party/LwIP/src/core/udp.c ****     for (ipcb = udp_pcbs; ipcb != NULL; ipcb = ipcb->next) {
 989:Middlewares/Third_Party/LwIP/src/core/udp.c ****       if (pcb != ipcb) {
 990:Middlewares/Third_Party/LwIP/src/core/udp.c ****         /* By default, we don't allow to bind to a port that any other udp
 991:Middlewares/Third_Party/LwIP/src/core/udp.c ****            PCB is already bound to, unless *all* PCBs with that port have tha
 992:Middlewares/Third_Party/LwIP/src/core/udp.c ****            REUSEADDR flag set. */
 993:Middlewares/Third_Party/LwIP/src/core/udp.c **** #if SO_REUSE
 994:Middlewares/Third_Party/LwIP/src/core/udp.c ****         if (!ip_get_option(pcb, SOF_REUSEADDR) ||
 995:Middlewares/Third_Party/LwIP/src/core/udp.c ****             !ip_get_option(ipcb, SOF_REUSEADDR))
 996:Middlewares/Third_Party/LwIP/src/core/udp.c **** #endif /* SO_REUSE */
 997:Middlewares/Third_Party/LwIP/src/core/udp.c ****         {
ARM GAS  /tmp/cc3xdAUq.s 			page 38


 998:Middlewares/Third_Party/LwIP/src/core/udp.c ****           /* port matches that of PCB in list and REUSEADDR not set -> reject */
 999:Middlewares/Third_Party/LwIP/src/core/udp.c ****           if ((ipcb->local_port == port) &&
1000:Middlewares/Third_Party/LwIP/src/core/udp.c ****               /* IP address matches or any IP used? */
1001:Middlewares/Third_Party/LwIP/src/core/udp.c ****               (ip_addr_cmp(&ipcb->local_ip, ipaddr) || ip_addr_isany(ipaddr) ||
1002:Middlewares/Third_Party/LwIP/src/core/udp.c ****               ip_addr_isany(&ipcb->local_ip))) {
1003:Middlewares/Third_Party/LwIP/src/core/udp.c ****             /* other PCB already binds to this local IP and port */
1004:Middlewares/Third_Party/LwIP/src/core/udp.c ****             LWIP_DEBUGF(UDP_DEBUG,
1005:Middlewares/Third_Party/LwIP/src/core/udp.c ****                         ("udp_bind: local port %"U16_F" already bound by another pcb\n", port));
1006:Middlewares/Third_Party/LwIP/src/core/udp.c ****             return ERR_USE;
1007:Middlewares/Third_Party/LwIP/src/core/udp.c ****           }
1008:Middlewares/Third_Party/LwIP/src/core/udp.c ****         }
1009:Middlewares/Third_Party/LwIP/src/core/udp.c ****       }
1010:Middlewares/Third_Party/LwIP/src/core/udp.c ****     }
1011:Middlewares/Third_Party/LwIP/src/core/udp.c ****   }
1012:Middlewares/Third_Party/LwIP/src/core/udp.c **** 
1013:Middlewares/Third_Party/LwIP/src/core/udp.c ****   ip_addr_set_ipaddr(&pcb->local_ip, ipaddr);
 913              		.loc 1 1013 3 is_stmt 1 view .LVU316
 914 003e FDB1     		cbz	r5, .L89
 915              		.loc 1 1013 3 is_stmt 0 discriminator 1 view .LVU317
 916 0040 2B68     		ldr	r3, [r5]
 917              	.L80:
 918              		.loc 1 1013 3 discriminator 4 view .LVU318
 919 0042 2360     		str	r3, [r4]
1014:Middlewares/Third_Party/LwIP/src/core/udp.c **** 
1015:Middlewares/Third_Party/LwIP/src/core/udp.c ****   pcb->local_port = port;
 920              		.loc 1 1015 3 is_stmt 1 discriminator 4 view .LVU319
 921              		.loc 1 1015 19 is_stmt 0 discriminator 4 view .LVU320
 922 0044 6282     		strh	r2, [r4, #18]	@ movhi
1016:Middlewares/Third_Party/LwIP/src/core/udp.c ****   mib2_udp_bind(pcb);
 923              		.loc 1 1016 21 is_stmt 1 discriminator 4 view .LVU321
1017:Middlewares/Third_Party/LwIP/src/core/udp.c ****   /* pcb not active yet? */
1018:Middlewares/Third_Party/LwIP/src/core/udp.c ****   if (rebind == 0) {
 924              		.loc 1 1018 3 discriminator 4 view .LVU322
 925              		.loc 1 1018 6 is_stmt 0 discriminator 4 view .LVU323
 926 0046 66BB     		cbnz	r6, .L90
1019:Middlewares/Third_Party/LwIP/src/core/udp.c ****     /* place the PCB on the active list if not already there */
1020:Middlewares/Third_Party/LwIP/src/core/udp.c ****     pcb->next = udp_pcbs;
 927              		.loc 1 1020 5 is_stmt 1 view .LVU324
 928              		.loc 1 1020 15 is_stmt 0 view .LVU325
 929 0048 174B     		ldr	r3, .L96
 930 004a 1A68     		ldr	r2, [r3]
 931              	.LVL79:
 932              		.loc 1 1020 15 view .LVU326
 933 004c E260     		str	r2, [r4, #12]
1021:Middlewares/Third_Party/LwIP/src/core/udp.c ****     udp_pcbs = pcb;
 934              		.loc 1 1021 5 is_stmt 1 view .LVU327
 935              		.loc 1 1021 14 is_stmt 0 view .LVU328
 936 004e 1C60     		str	r4, [r3]
1022:Middlewares/Third_Party/LwIP/src/core/udp.c ****   }
1023:Middlewares/Third_Party/LwIP/src/core/udp.c ****   LWIP_DEBUGF(UDP_DEBUG | LWIP_DBG_TRACE | LWIP_DBG_STATE, ("udp_bind: bound to "));
1024:Middlewares/Third_Party/LwIP/src/core/udp.c ****   ip_addr_debug_print_val(UDP_DEBUG | LWIP_DBG_TRACE | LWIP_DBG_STATE, pcb->local_ip);
1025:Middlewares/Third_Party/LwIP/src/core/udp.c ****   LWIP_DEBUGF(UDP_DEBUG | LWIP_DBG_TRACE | LWIP_DBG_STATE, (", port %"U16_F")\n", pcb->local_port))
1026:Middlewares/Third_Party/LwIP/src/core/udp.c ****   return ERR_OK;
 937              		.loc 1 1026 10 view .LVU329
 938 0050 0020     		movs	r0, #0
 939              	.LVL80:
 940              	.L72:
ARM GAS  /tmp/cc3xdAUq.s 			page 39


1027:Middlewares/Third_Party/LwIP/src/core/udp.c **** }
 941              		.loc 1 1027 1 view .LVU330
 942 0052 70BD     		pop	{r4, r5, r6, pc}
 943              	.LVL81:
 944              	.L82:
 962:Middlewares/Third_Party/LwIP/src/core/udp.c ****       break;
 945              		.loc 1 962 14 view .LVU331
 946 0054 0126     		movs	r6, #1
 947 0056 EDE7     		b	.L74
 948              	.LVL82:
 949              	.L78:
 988:Middlewares/Third_Party/LwIP/src/core/udp.c ****       if (pcb != ipcb) {
 950              		.loc 1 988 41 is_stmt 1 discriminator 2 view .LVU332
 988:Middlewares/Third_Party/LwIP/src/core/udp.c ****       if (pcb != ipcb) {
 951              		.loc 1 988 46 is_stmt 0 discriminator 2 view .LVU333
 952 0058 DB68     		ldr	r3, [r3, #12]
 953              	.LVL83:
 954              	.L76:
 988:Middlewares/Third_Party/LwIP/src/core/udp.c ****       if (pcb != ipcb) {
 955              		.loc 1 988 27 is_stmt 1 discriminator 1 view .LVU334
 988:Middlewares/Third_Party/LwIP/src/core/udp.c ****       if (pcb != ipcb) {
 956              		.loc 1 988 5 is_stmt 0 discriminator 1 view .LVU335
 957 005a 002B     		cmp	r3, #0
 958 005c EFD0     		beq	.L77
 989:Middlewares/Third_Party/LwIP/src/core/udp.c ****         /* By default, we don't allow to bind to a port that any other udp
 959              		.loc 1 989 7 is_stmt 1 view .LVU336
 989:Middlewares/Third_Party/LwIP/src/core/udp.c ****         /* By default, we don't allow to bind to a port that any other udp
 960              		.loc 1 989 10 is_stmt 0 view .LVU337
 961 005e A342     		cmp	r3, r4
 962 0060 FAD0     		beq	.L78
 999:Middlewares/Third_Party/LwIP/src/core/udp.c ****               /* IP address matches or any IP used? */
 963              		.loc 1 999 11 is_stmt 1 view .LVU338
 999:Middlewares/Third_Party/LwIP/src/core/udp.c ****               /* IP address matches or any IP used? */
 964              		.loc 1 999 20 is_stmt 0 view .LVU339
 965 0062 598A     		ldrh	r1, [r3, #18]
 999:Middlewares/Third_Party/LwIP/src/core/udp.c ****               /* IP address matches or any IP used? */
 966              		.loc 1 999 14 view .LVU340
 967 0064 8A42     		cmp	r2, r1
 968 0066 F7D1     		bne	.L78
1001:Middlewares/Third_Party/LwIP/src/core/udp.c ****               ip_addr_isany(&ipcb->local_ip))) {
 969              		.loc 1 1001 16 discriminator 1 view .LVU341
 970 0068 1868     		ldr	r0, [r3]
 971 006a 2968     		ldr	r1, [r5]
 999:Middlewares/Third_Party/LwIP/src/core/udp.c ****               /* IP address matches or any IP used? */
 972              		.loc 1 999 42 discriminator 1 view .LVU342
 973 006c 8842     		cmp	r0, r1
 974 006e 0CD0     		beq	.L84
1001:Middlewares/Third_Party/LwIP/src/core/udp.c ****               ip_addr_isany(&ipcb->local_ip))) {
 975              		.loc 1 1001 53 view .LVU343
 976 0070 75B1     		cbz	r5, .L85
1001:Middlewares/Third_Party/LwIP/src/core/udp.c ****               ip_addr_isany(&ipcb->local_ip))) {
 977              		.loc 1 1001 56 discriminator 1 view .LVU344
 978 0072 81B1     		cbz	r1, .L86
1001:Middlewares/Third_Party/LwIP/src/core/udp.c ****               ip_addr_isany(&ipcb->local_ip))) {
 979              		.loc 1 1001 78 discriminator 2 view .LVU345
 980 0074 93B1     		cbz	r3, .L87
1002:Middlewares/Third_Party/LwIP/src/core/udp.c ****             /* other PCB already binds to this local IP and port */
ARM GAS  /tmp/cc3xdAUq.s 			page 40


 981              		.loc 1 1002 15 view .LVU346
 982 0076 0028     		cmp	r0, #0
 983 0078 EED1     		bne	.L78
1006:Middlewares/Third_Party/LwIP/src/core/udp.c ****           }
 984              		.loc 1 1006 20 view .LVU347
 985 007a 6FF00700 		mvn	r0, #7
 986 007e E8E7     		b	.L72
 987              	.LVL84:
 988              	.L89:
1013:Middlewares/Third_Party/LwIP/src/core/udp.c **** 
 989              		.loc 1 1013 3 view .LVU348
 990 0080 0023     		movs	r3, #0
 991 0082 DEE7     		b	.L80
 992              	.LVL85:
 993              	.L95:
 985:Middlewares/Third_Party/LwIP/src/core/udp.c ****     }
 994              		.loc 1 985 14 view .LVU349
 995 0084 6FF00700 		mvn	r0, #7
 996              	.LVL86:
 985:Middlewares/Third_Party/LwIP/src/core/udp.c ****     }
 997              		.loc 1 985 14 view .LVU350
 998 0088 E3E7     		b	.L72
 999              	.LVL87:
 1000              	.L84:
1006:Middlewares/Third_Party/LwIP/src/core/udp.c ****           }
 1001              		.loc 1 1006 20 view .LVU351
 1002 008a 6FF00700 		mvn	r0, #7
 1003 008e E0E7     		b	.L72
 1004              	.L85:
 1005 0090 6FF00700 		mvn	r0, #7
 1006 0094 DDE7     		b	.L72
 1007              	.L86:
 1008 0096 6FF00700 		mvn	r0, #7
 1009 009a DAE7     		b	.L72
 1010              	.L87:
 1011 009c 6FF00700 		mvn	r0, #7
 1012 00a0 D7E7     		b	.L72
 1013              	.LVL88:
 1014              	.L90:
1026:Middlewares/Third_Party/LwIP/src/core/udp.c **** }
 1015              		.loc 1 1026 10 view .LVU352
 1016 00a2 0020     		movs	r0, #0
 1017 00a4 D5E7     		b	.L72
 1018              	.L97:
 1019 00a6 00BF     		.align	2
 1020              	.L96:
 1021 00a8 00000000 		.word	udp_pcbs
 1022 00ac 00000000 		.word	ip_addr_any
 1023 00b0 00000000 		.word	.LC0
 1024 00b4 00000000 		.word	.LC7
 1025 00b8 50000000 		.word	.LC2
 1026              		.cfi_endproc
 1027              	.LFE167:
 1029              		.section	.rodata.udp_sendto_if_src.str1.4,"aMS",%progbits,1
 1030              		.align	2
 1031              	.LC8:
 1032 0000 7564705F 		.ascii	"udp_sendto_if_src: invalid pcb\000"
ARM GAS  /tmp/cc3xdAUq.s 			page 41


 1032      73656E64 
 1032      746F5F69 
 1032      665F7372 
 1032      633A2069 
 1033 001f 00       		.align	2
 1034              	.LC9:
 1035 0020 7564705F 		.ascii	"udp_sendto_if_src: invalid pbuf\000"
 1035      73656E64 
 1035      746F5F69 
 1035      665F7372 
 1035      633A2069 
 1036              		.align	2
 1037              	.LC10:
 1038 0040 7564705F 		.ascii	"udp_sendto_if_src: invalid dst_ip\000"
 1038      73656E64 
 1038      746F5F69 
 1038      665F7372 
 1038      633A2069 
 1039 0062 0000     		.align	2
 1040              	.LC11:
 1041 0064 7564705F 		.ascii	"udp_sendto_if_src: invalid src_ip\000"
 1041      73656E64 
 1041      746F5F69 
 1041      665F7372 
 1041      633A2069 
 1042 0086 0000     		.align	2
 1043              	.LC12:
 1044 0088 7564705F 		.ascii	"udp_sendto_if_src: invalid netif\000"
 1044      73656E64 
 1044      746F5F69 
 1044      665F7372 
 1044      633A2069 
 1045 00a9 000000   		.align	2
 1046              	.LC13:
 1047 00ac 63686563 		.ascii	"check that first pbuf can hold struct udp_hdr\000"
 1047      6B207468 
 1047      61742066 
 1047      69727374 
 1047      20706275 
 1048              		.section	.text.udp_sendto_if_src,"ax",%progbits
 1049              		.align	1
 1050              		.global	udp_sendto_if_src
 1051              		.syntax unified
 1052              		.thumb
 1053              		.thumb_func
 1054              		.fpu fpv4-sp-d16
 1056              	udp_sendto_if_src:
 1057              	.LVL89:
 1058              	.LFB166:
 701:Middlewares/Third_Party/LwIP/src/core/udp.c **** #if LWIP_CHECKSUM_ON_COPY && CHECKSUM_GEN_UDP
 1059              		.loc 1 701 1 is_stmt 1 view -0
 1060              		.cfi_startproc
 1061              		@ args = 8, pretend = 0, frame = 0
 1062              		@ frame_needed = 0, uses_anonymous_args = 0
 701:Middlewares/Third_Party/LwIP/src/core/udp.c **** #if LWIP_CHECKSUM_ON_COPY && CHECKSUM_GEN_UDP
 1063              		.loc 1 701 1 is_stmt 0 view .LVU354
 1064 0000 2DE9F04F 		push	{r4, r5, r6, r7, r8, r9, r10, fp, lr}
ARM GAS  /tmp/cc3xdAUq.s 			page 42


 1065              	.LCFI7:
 1066              		.cfi_def_cfa_offset 36
 1067              		.cfi_offset 4, -36
 1068              		.cfi_offset 5, -32
 1069              		.cfi_offset 6, -28
 1070              		.cfi_offset 7, -24
 1071              		.cfi_offset 8, -20
 1072              		.cfi_offset 9, -16
 1073              		.cfi_offset 10, -12
 1074              		.cfi_offset 11, -8
 1075              		.cfi_offset 14, -4
 1076 0004 85B0     		sub	sp, sp, #20
 1077              	.LCFI8:
 1078              		.cfi_def_cfa_offset 56
 1079 0006 DDF838B0 		ldr	fp, [sp, #56]
 1080 000a DDF83CA0 		ldr	r10, [sp, #60]
 713:Middlewares/Third_Party/LwIP/src/core/udp.c ****   err_t err;
 1081              		.loc 1 713 3 is_stmt 1 view .LVU355
 714:Middlewares/Third_Party/LwIP/src/core/udp.c ****   struct pbuf *q; /* q will be sent down the stack */
 1082              		.loc 1 714 3 view .LVU356
 715:Middlewares/Third_Party/LwIP/src/core/udp.c ****   u8_t ip_proto;
 1083              		.loc 1 715 3 view .LVU357
 716:Middlewares/Third_Party/LwIP/src/core/udp.c ****   u8_t ttl;
 1084              		.loc 1 716 3 view .LVU358
 717:Middlewares/Third_Party/LwIP/src/core/udp.c **** 
 1085              		.loc 1 717 3 view .LVU359
 719:Middlewares/Third_Party/LwIP/src/core/udp.c **** 
 1086              		.loc 1 719 28 view .LVU360
 721:Middlewares/Third_Party/LwIP/src/core/udp.c ****   LWIP_ERROR("udp_sendto_if_src: invalid pbuf", p != NULL, return ERR_ARG);
 1087              		.loc 1 721 3 view .LVU361
 721:Middlewares/Third_Party/LwIP/src/core/udp.c ****   LWIP_ERROR("udp_sendto_if_src: invalid pbuf", p != NULL, return ERR_ARG);
 1088              		.loc 1 721 3 view .LVU362
 1089 000e 0028     		cmp	r0, #0
 1090 0010 45D0     		beq	.L112
 1091 0012 0C46     		mov	r4, r1
 1092 0014 9046     		mov	r8, r2
 1093 0016 9946     		mov	r9, r3
 1094 0018 0646     		mov	r6, r0
 721:Middlewares/Third_Party/LwIP/src/core/udp.c ****   LWIP_ERROR("udp_sendto_if_src: invalid pbuf", p != NULL, return ERR_ARG);
 1095              		.loc 1 721 3 discriminator 2 view .LVU363
 722:Middlewares/Third_Party/LwIP/src/core/udp.c ****   LWIP_ERROR("udp_sendto_if_src: invalid dst_ip", dst_ip != NULL, return ERR_ARG);
 1096              		.loc 1 722 3 discriminator 2 view .LVU364
 722:Middlewares/Third_Party/LwIP/src/core/udp.c ****   LWIP_ERROR("udp_sendto_if_src: invalid dst_ip", dst_ip != NULL, return ERR_ARG);
 1097              		.loc 1 722 3 discriminator 2 view .LVU365
 1098 001a 0029     		cmp	r1, #0
 1099 001c 49D0     		beq	.L113
 722:Middlewares/Third_Party/LwIP/src/core/udp.c ****   LWIP_ERROR("udp_sendto_if_src: invalid dst_ip", dst_ip != NULL, return ERR_ARG);
 1100              		.loc 1 722 3 discriminator 2 view .LVU366
 723:Middlewares/Third_Party/LwIP/src/core/udp.c ****   LWIP_ERROR("udp_sendto_if_src: invalid src_ip", src_ip != NULL, return ERR_ARG);
 1101              		.loc 1 723 3 discriminator 2 view .LVU367
 723:Middlewares/Third_Party/LwIP/src/core/udp.c ****   LWIP_ERROR("udp_sendto_if_src: invalid src_ip", src_ip != NULL, return ERR_ARG);
 1102              		.loc 1 723 3 discriminator 2 view .LVU368
 1103 001e 002A     		cmp	r2, #0
 1104 0020 51D0     		beq	.L114
 723:Middlewares/Third_Party/LwIP/src/core/udp.c ****   LWIP_ERROR("udp_sendto_if_src: invalid src_ip", src_ip != NULL, return ERR_ARG);
 1105              		.loc 1 723 3 discriminator 2 view .LVU369
 724:Middlewares/Third_Party/LwIP/src/core/udp.c ****   LWIP_ERROR("udp_sendto_if_src: invalid netif", netif != NULL, return ERR_ARG);
ARM GAS  /tmp/cc3xdAUq.s 			page 43


 1106              		.loc 1 724 3 discriminator 2 view .LVU370
 724:Middlewares/Third_Party/LwIP/src/core/udp.c ****   LWIP_ERROR("udp_sendto_if_src: invalid netif", netif != NULL, return ERR_ARG);
 1107              		.loc 1 724 3 discriminator 2 view .LVU371
 1108 0022 BAF1000F 		cmp	r10, #0
 1109 0026 58D0     		beq	.L115
 724:Middlewares/Third_Party/LwIP/src/core/udp.c ****   LWIP_ERROR("udp_sendto_if_src: invalid netif", netif != NULL, return ERR_ARG);
 1110              		.loc 1 724 3 discriminator 2 view .LVU372
 725:Middlewares/Third_Party/LwIP/src/core/udp.c **** 
 1111              		.loc 1 725 3 discriminator 2 view .LVU373
 725:Middlewares/Third_Party/LwIP/src/core/udp.c **** 
 1112              		.loc 1 725 3 discriminator 2 view .LVU374
 1113 0028 BBF1000F 		cmp	fp, #0
 1114 002c 5FD0     		beq	.L116
 725:Middlewares/Third_Party/LwIP/src/core/udp.c **** 
 1115              		.loc 1 725 3 view .LVU375
 727:Middlewares/Third_Party/LwIP/src/core/udp.c ****       !IP_ADDR_PCB_VERSION_MATCH(pcb, dst_ip)) {
 1116              		.loc 1 727 3 view .LVU376
 746:Middlewares/Third_Party/LwIP/src/core/udp.c ****     LWIP_DEBUGF(UDP_DEBUG | LWIP_DBG_TRACE, ("udp_send: not yet bound to a port, binding now\n"));
 1117              		.loc 1 746 3 view .LVU377
 746:Middlewares/Third_Party/LwIP/src/core/udp.c ****     LWIP_DEBUGF(UDP_DEBUG | LWIP_DBG_TRACE, ("udp_send: not yet bound to a port, binding now\n"));
 1118              		.loc 1 746 10 is_stmt 0 view .LVU378
 1119 002e 428A     		ldrh	r2, [r0, #18]
 1120              	.LVL90:
 746:Middlewares/Third_Party/LwIP/src/core/udp.c ****     LWIP_DEBUGF(UDP_DEBUG | LWIP_DBG_TRACE, ("udp_send: not yet bound to a port, binding now\n"));
 1121              		.loc 1 746 6 view .LVU379
 1122 0030 002A     		cmp	r2, #0
 1123 0032 66D0     		beq	.L117
 1124              	.LVL91:
 1125              	.L105:
 756:Middlewares/Third_Party/LwIP/src/core/udp.c ****     return ERR_MEM;
 1126              		.loc 1 756 3 is_stmt 1 view .LVU380
 756:Middlewares/Third_Party/LwIP/src/core/udp.c ****     return ERR_MEM;
 1127              		.loc 1 756 16 is_stmt 0 view .LVU381
 1128 0034 2289     		ldrh	r2, [r4, #8]
 756:Middlewares/Third_Party/LwIP/src/core/udp.c ****     return ERR_MEM;
 1129              		.loc 1 756 6 view .LVU382
 1130 0036 4FF6F773 		movw	r3, #65527
 1131 003a 9A42     		cmp	r2, r3
 1132 003c 7FD8     		bhi	.L108
 760:Middlewares/Third_Party/LwIP/src/core/udp.c ****     /* allocate header in a separate new pbuf */
 1133              		.loc 1 760 3 is_stmt 1 view .LVU383
 760:Middlewares/Third_Party/LwIP/src/core/udp.c ****     /* allocate header in a separate new pbuf */
 1134              		.loc 1 760 7 is_stmt 0 view .LVU384
 1135 003e 0821     		movs	r1, #8
 1136 0040 2046     		mov	r0, r4
 1137 0042 FFF7FEFF 		bl	pbuf_add_header
 1138              	.LVL92:
 760:Middlewares/Third_Party/LwIP/src/core/udp.c ****     /* allocate header in a separate new pbuf */
 1139              		.loc 1 760 6 view .LVU385
 1140 0046 0028     		cmp	r0, #0
 1141 0048 62D1     		bne	.L118
 778:Middlewares/Third_Party/LwIP/src/core/udp.c ****     LWIP_DEBUGF(UDP_DEBUG, ("udp_send: added header in given pbuf %p\n", (void *)p));
 1142              		.loc 1 778 7 view .LVU386
 1143 004a 2546     		mov	r5, r4
 1144              	.L106:
 1145              	.LVL93:
 779:Middlewares/Third_Party/LwIP/src/core/udp.c ****   }
ARM GAS  /tmp/cc3xdAUq.s 			page 44


 1146              		.loc 1 779 5 is_stmt 1 discriminator 4 view .LVU387
 781:Middlewares/Third_Party/LwIP/src/core/udp.c ****               (q->len >= sizeof(struct udp_hdr)));
 1147              		.loc 1 781 3 discriminator 4 view .LVU388
 781:Middlewares/Third_Party/LwIP/src/core/udp.c ****               (q->len >= sizeof(struct udp_hdr)));
 1148              		.loc 1 781 3 discriminator 4 view .LVU389
 1149 004c 6B89     		ldrh	r3, [r5, #10]
 1150 004e 072B     		cmp	r3, #7
 1151 0050 6DD9     		bls	.L119
 1152              	.L107:
 781:Middlewares/Third_Party/LwIP/src/core/udp.c ****               (q->len >= sizeof(struct udp_hdr)));
 1153              		.loc 1 781 3 discriminator 3 view .LVU390
 781:Middlewares/Third_Party/LwIP/src/core/udp.c ****               (q->len >= sizeof(struct udp_hdr)));
 1154              		.loc 1 781 3 discriminator 3 view .LVU391
 784:Middlewares/Third_Party/LwIP/src/core/udp.c ****   udphdr->src = lwip_htons(pcb->local_port);
 1155              		.loc 1 784 3 discriminator 3 view .LVU392
 784:Middlewares/Third_Party/LwIP/src/core/udp.c ****   udphdr->src = lwip_htons(pcb->local_port);
 1156              		.loc 1 784 10 is_stmt 0 discriminator 3 view .LVU393
 1157 0052 6F68     		ldr	r7, [r5, #4]
 1158              	.LVL94:
 785:Middlewares/Third_Party/LwIP/src/core/udp.c ****   udphdr->dest = lwip_htons(dst_port);
 1159              		.loc 1 785 3 is_stmt 1 discriminator 3 view .LVU394
 785:Middlewares/Third_Party/LwIP/src/core/udp.c ****   udphdr->dest = lwip_htons(dst_port);
 1160              		.loc 1 785 17 is_stmt 0 discriminator 3 view .LVU395
 1161 0054 708A     		ldrh	r0, [r6, #18]
 1162 0056 FFF7FEFF 		bl	lwip_htons
 1163              	.LVL95:
 785:Middlewares/Third_Party/LwIP/src/core/udp.c ****   udphdr->dest = lwip_htons(dst_port);
 1164              		.loc 1 785 15 discriminator 3 view .LVU396
 1165 005a 3880     		strh	r0, [r7]	@ unaligned
 786:Middlewares/Third_Party/LwIP/src/core/udp.c ****   /* in UDP, 0 checksum means 'no checksum' */
 1166              		.loc 1 786 3 is_stmt 1 discriminator 3 view .LVU397
 786:Middlewares/Third_Party/LwIP/src/core/udp.c ****   /* in UDP, 0 checksum means 'no checksum' */
 1167              		.loc 1 786 18 is_stmt 0 discriminator 3 view .LVU398
 1168 005c 4846     		mov	r0, r9
 1169 005e FFF7FEFF 		bl	lwip_htons
 1170              	.LVL96:
 786:Middlewares/Third_Party/LwIP/src/core/udp.c ****   /* in UDP, 0 checksum means 'no checksum' */
 1171              		.loc 1 786 16 discriminator 3 view .LVU399
 1172 0062 7880     		strh	r0, [r7, #2]	@ unaligned
 788:Middlewares/Third_Party/LwIP/src/core/udp.c **** 
 1173              		.loc 1 788 3 is_stmt 1 discriminator 3 view .LVU400
 788:Middlewares/Third_Party/LwIP/src/core/udp.c **** 
 1174              		.loc 1 788 18 is_stmt 0 discriminator 3 view .LVU401
 1175 0064 0023     		movs	r3, #0
 1176 0066 BB71     		strb	r3, [r7, #6]
 1177 0068 FB71     		strb	r3, [r7, #7]
 797:Middlewares/Third_Party/LwIP/src/core/udp.c **** 
 1178              		.loc 1 797 3 is_stmt 1 discriminator 3 view .LVU402
 797:Middlewares/Third_Party/LwIP/src/core/udp.c **** 
 1179              		.loc 1 797 3 discriminator 3 view .LVU403
 797:Middlewares/Third_Party/LwIP/src/core/udp.c **** 
 1180              		.loc 1 797 3 discriminator 3 view .LVU404
 849:Middlewares/Third_Party/LwIP/src/core/udp.c ****     udphdr->len = lwip_htons(q->tot_len);
 1181              		.loc 1 849 5 discriminator 3 view .LVU405
 849:Middlewares/Third_Party/LwIP/src/core/udp.c ****     udphdr->len = lwip_htons(q->tot_len);
 1182              		.loc 1 849 5 discriminator 3 view .LVU406
 849:Middlewares/Third_Party/LwIP/src/core/udp.c ****     udphdr->len = lwip_htons(q->tot_len);
ARM GAS  /tmp/cc3xdAUq.s 			page 45


 1183              		.loc 1 849 5 discriminator 3 view .LVU407
 850:Middlewares/Third_Party/LwIP/src/core/udp.c ****     /* calculate checksum */
 1184              		.loc 1 850 5 discriminator 3 view .LVU408
 850:Middlewares/Third_Party/LwIP/src/core/udp.c ****     /* calculate checksum */
 1185              		.loc 1 850 19 is_stmt 0 discriminator 3 view .LVU409
 1186 006a 2889     		ldrh	r0, [r5, #8]
 1187 006c FFF7FEFF 		bl	lwip_htons
 1188              	.LVL97:
 850:Middlewares/Third_Party/LwIP/src/core/udp.c ****     /* calculate checksum */
 1189              		.loc 1 850 17 discriminator 3 view .LVU410
 1190 0070 B880     		strh	r0, [r7, #4]	@ unaligned
 879:Middlewares/Third_Party/LwIP/src/core/udp.c ****   }
 1191              		.loc 1 879 5 is_stmt 1 discriminator 3 view .LVU411
 1192              	.LVL98:
 886:Middlewares/Third_Party/LwIP/src/core/udp.c **** #endif /* LWIP_MULTICAST_TX_OPTIONS */
 1193              		.loc 1 886 3 discriminator 3 view .LVU412
 889:Middlewares/Third_Party/LwIP/src/core/udp.c ****   LWIP_DEBUGF(UDP_DEBUG, ("udp_send: ip_output_if (,,,,0x%02"X16_F",)\n", (u16_t)ip_proto));
 1194              		.loc 1 889 3 discriminator 3 view .LVU413
 889:Middlewares/Third_Party/LwIP/src/core/udp.c ****   LWIP_DEBUGF(UDP_DEBUG, ("udp_send: ip_output_if (,,,,0x%02"X16_F",)\n", (u16_t)ip_proto));
 1195              		.loc 1 889 3 discriminator 3 view .LVU414
 889:Middlewares/Third_Party/LwIP/src/core/udp.c ****   LWIP_DEBUGF(UDP_DEBUG, ("udp_send: ip_output_if (,,,,0x%02"X16_F",)\n", (u16_t)ip_proto));
 1196              		.loc 1 889 3 discriminator 3 view .LVU415
 890:Middlewares/Third_Party/LwIP/src/core/udp.c ****   /* output to IP */
 1197              		.loc 1 890 3 discriminator 3 view .LVU416
 890:Middlewares/Third_Party/LwIP/src/core/udp.c ****   /* output to IP */
 1198              		.loc 1 890 3 discriminator 3 view .LVU417
 890:Middlewares/Third_Party/LwIP/src/core/udp.c ****   /* output to IP */
 1199              		.loc 1 890 3 discriminator 3 view .LVU418
 892:Middlewares/Third_Party/LwIP/src/core/udp.c ****   err = ip_output_if_src(q, src_ip, dst_ip, ttl, pcb->tos, ip_proto, netif);
 1200              		.loc 1 892 46 discriminator 3 view .LVU419
 893:Middlewares/Third_Party/LwIP/src/core/udp.c ****   NETIF_RESET_HINTS(netif);
 1201              		.loc 1 893 3 discriminator 3 view .LVU420
 893:Middlewares/Third_Party/LwIP/src/core/udp.c ****   NETIF_RESET_HINTS(netif);
 1202              		.loc 1 893 9 is_stmt 0 discriminator 3 view .LVU421
 1203 0072 CDF808B0 		str	fp, [sp, #8]
 1204              	.LVL99:
 893:Middlewares/Third_Party/LwIP/src/core/udp.c ****   NETIF_RESET_HINTS(netif);
 1205              		.loc 1 893 9 discriminator 3 view .LVU422
 1206 0076 1123     		movs	r3, #17
 1207 0078 0193     		str	r3, [sp, #4]
 1208 007a B37A     		ldrb	r3, [r6, #10]	@ zero_extendqisi2
 1209 007c 0093     		str	r3, [sp]
 1210 007e F37A     		ldrb	r3, [r6, #11]	@ zero_extendqisi2
 1211 0080 4246     		mov	r2, r8
 1212 0082 5146     		mov	r1, r10
 1213 0084 2846     		mov	r0, r5
 1214 0086 FFF7FEFF 		bl	ip4_output_if_src
 1215              	.LVL100:
 1216 008a 0746     		mov	r7, r0
 1217              	.LVL101:
 894:Middlewares/Third_Party/LwIP/src/core/udp.c **** 
 1218              		.loc 1 894 27 is_stmt 1 discriminator 3 view .LVU423
 897:Middlewares/Third_Party/LwIP/src/core/udp.c **** 
 1219              		.loc 1 897 39 discriminator 3 view .LVU424
 900:Middlewares/Third_Party/LwIP/src/core/udp.c ****     /* free the header pbuf */
 1220              		.loc 1 900 3 discriminator 3 view .LVU425
 900:Middlewares/Third_Party/LwIP/src/core/udp.c ****     /* free the header pbuf */
ARM GAS  /tmp/cc3xdAUq.s 			page 46


 1221              		.loc 1 900 6 is_stmt 0 discriminator 3 view .LVU426
 1222 008c A542     		cmp	r5, r4
 1223 008e 02D0     		beq	.L100
 902:Middlewares/Third_Party/LwIP/src/core/udp.c ****     q = NULL;
 1224              		.loc 1 902 5 is_stmt 1 view .LVU427
 1225 0090 2846     		mov	r0, r5
 1226 0092 FFF7FEFF 		bl	pbuf_free
 1227              	.LVL102:
 903:Middlewares/Third_Party/LwIP/src/core/udp.c ****     /* p is still referenced by the caller, and will live on */
 1228              		.loc 1 903 5 view .LVU428
 1229              	.L100:
 909:Middlewares/Third_Party/LwIP/src/core/udp.c **** 
 1230              		.loc 1 909 1 is_stmt 0 view .LVU429
 1231 0096 3846     		mov	r0, r7
 1232 0098 05B0     		add	sp, sp, #20
 1233              	.LCFI9:
 1234              		.cfi_remember_state
 1235              		.cfi_def_cfa_offset 36
 1236              		@ sp needed
 1237 009a BDE8F08F 		pop	{r4, r5, r6, r7, r8, r9, r10, fp, pc}
 1238              	.LVL103:
 1239              	.L112:
 1240              	.LCFI10:
 1241              		.cfi_restore_state
 721:Middlewares/Third_Party/LwIP/src/core/udp.c ****   LWIP_ERROR("udp_sendto_if_src: invalid pbuf", p != NULL, return ERR_ARG);
 1242              		.loc 1 721 3 is_stmt 1 discriminator 1 view .LVU430
 721:Middlewares/Third_Party/LwIP/src/core/udp.c ****   LWIP_ERROR("udp_sendto_if_src: invalid pbuf", p != NULL, return ERR_ARG);
 1243              		.loc 1 721 3 discriminator 1 view .LVU431
 1244 009e 2B4B     		ldr	r3, .L120
 1245              	.LVL104:
 721:Middlewares/Third_Party/LwIP/src/core/udp.c ****   LWIP_ERROR("udp_sendto_if_src: invalid pbuf", p != NULL, return ERR_ARG);
 1246              		.loc 1 721 3 is_stmt 0 discriminator 1 view .LVU432
 1247 00a0 40F2D122 		movw	r2, #721
 1248              	.LVL105:
 721:Middlewares/Third_Party/LwIP/src/core/udp.c ****   LWIP_ERROR("udp_sendto_if_src: invalid pbuf", p != NULL, return ERR_ARG);
 1249              		.loc 1 721 3 discriminator 1 view .LVU433
 1250 00a4 2A49     		ldr	r1, .L120+4
 1251              	.LVL106:
 721:Middlewares/Third_Party/LwIP/src/core/udp.c ****   LWIP_ERROR("udp_sendto_if_src: invalid pbuf", p != NULL, return ERR_ARG);
 1252              		.loc 1 721 3 discriminator 1 view .LVU434
 1253 00a6 2B48     		ldr	r0, .L120+8
 1254              	.LVL107:
 721:Middlewares/Third_Party/LwIP/src/core/udp.c ****   LWIP_ERROR("udp_sendto_if_src: invalid pbuf", p != NULL, return ERR_ARG);
 1255              		.loc 1 721 3 discriminator 1 view .LVU435
 1256 00a8 FFF7FEFF 		bl	printf
 1257              	.LVL108:
 721:Middlewares/Third_Party/LwIP/src/core/udp.c ****   LWIP_ERROR("udp_sendto_if_src: invalid pbuf", p != NULL, return ERR_ARG);
 1258              		.loc 1 721 3 is_stmt 1 discriminator 1 view .LVU436
 721:Middlewares/Third_Party/LwIP/src/core/udp.c ****   LWIP_ERROR("udp_sendto_if_src: invalid pbuf", p != NULL, return ERR_ARG);
 1259              		.loc 1 721 3 discriminator 1 view .LVU437
 1260 00ac 6FF00F07 		mvn	r7, #15
 1261 00b0 F1E7     		b	.L100
 1262              	.LVL109:
 1263              	.L113:
 722:Middlewares/Third_Party/LwIP/src/core/udp.c ****   LWIP_ERROR("udp_sendto_if_src: invalid dst_ip", dst_ip != NULL, return ERR_ARG);
 1264              		.loc 1 722 3 discriminator 1 view .LVU438
 722:Middlewares/Third_Party/LwIP/src/core/udp.c ****   LWIP_ERROR("udp_sendto_if_src: invalid dst_ip", dst_ip != NULL, return ERR_ARG);
ARM GAS  /tmp/cc3xdAUq.s 			page 47


 1265              		.loc 1 722 3 discriminator 1 view .LVU439
 1266 00b2 264B     		ldr	r3, .L120
 1267              	.LVL110:
 722:Middlewares/Third_Party/LwIP/src/core/udp.c ****   LWIP_ERROR("udp_sendto_if_src: invalid dst_ip", dst_ip != NULL, return ERR_ARG);
 1268              		.loc 1 722 3 is_stmt 0 discriminator 1 view .LVU440
 1269 00b4 40F2D222 		movw	r2, #722
 1270              	.LVL111:
 722:Middlewares/Third_Party/LwIP/src/core/udp.c ****   LWIP_ERROR("udp_sendto_if_src: invalid dst_ip", dst_ip != NULL, return ERR_ARG);
 1271              		.loc 1 722 3 discriminator 1 view .LVU441
 1272 00b8 2749     		ldr	r1, .L120+12
 1273              	.LVL112:
 722:Middlewares/Third_Party/LwIP/src/core/udp.c ****   LWIP_ERROR("udp_sendto_if_src: invalid dst_ip", dst_ip != NULL, return ERR_ARG);
 1274              		.loc 1 722 3 discriminator 1 view .LVU442
 1275 00ba 2648     		ldr	r0, .L120+8
 1276              	.LVL113:
 722:Middlewares/Third_Party/LwIP/src/core/udp.c ****   LWIP_ERROR("udp_sendto_if_src: invalid dst_ip", dst_ip != NULL, return ERR_ARG);
 1277              		.loc 1 722 3 discriminator 1 view .LVU443
 1278 00bc FFF7FEFF 		bl	printf
 1279              	.LVL114:
 722:Middlewares/Third_Party/LwIP/src/core/udp.c ****   LWIP_ERROR("udp_sendto_if_src: invalid dst_ip", dst_ip != NULL, return ERR_ARG);
 1280              		.loc 1 722 3 is_stmt 1 discriminator 1 view .LVU444
 722:Middlewares/Third_Party/LwIP/src/core/udp.c ****   LWIP_ERROR("udp_sendto_if_src: invalid dst_ip", dst_ip != NULL, return ERR_ARG);
 1281              		.loc 1 722 3 discriminator 1 view .LVU445
 1282 00c0 6FF00F07 		mvn	r7, #15
 1283 00c4 E7E7     		b	.L100
 1284              	.LVL115:
 1285              	.L114:
 723:Middlewares/Third_Party/LwIP/src/core/udp.c ****   LWIP_ERROR("udp_sendto_if_src: invalid src_ip", src_ip != NULL, return ERR_ARG);
 1286              		.loc 1 723 3 discriminator 1 view .LVU446
 723:Middlewares/Third_Party/LwIP/src/core/udp.c ****   LWIP_ERROR("udp_sendto_if_src: invalid src_ip", src_ip != NULL, return ERR_ARG);
 1287              		.loc 1 723 3 discriminator 1 view .LVU447
 1288 00c6 214B     		ldr	r3, .L120
 1289              	.LVL116:
 723:Middlewares/Third_Party/LwIP/src/core/udp.c ****   LWIP_ERROR("udp_sendto_if_src: invalid src_ip", src_ip != NULL, return ERR_ARG);
 1290              		.loc 1 723 3 is_stmt 0 discriminator 1 view .LVU448
 1291 00c8 40F2D322 		movw	r2, #723
 1292              	.LVL117:
 723:Middlewares/Third_Party/LwIP/src/core/udp.c ****   LWIP_ERROR("udp_sendto_if_src: invalid src_ip", src_ip != NULL, return ERR_ARG);
 1293              		.loc 1 723 3 discriminator 1 view .LVU449
 1294 00cc 2349     		ldr	r1, .L120+16
 1295              	.LVL118:
 723:Middlewares/Third_Party/LwIP/src/core/udp.c ****   LWIP_ERROR("udp_sendto_if_src: invalid src_ip", src_ip != NULL, return ERR_ARG);
 1296              		.loc 1 723 3 discriminator 1 view .LVU450
 1297 00ce 2148     		ldr	r0, .L120+8
 1298              	.LVL119:
 723:Middlewares/Third_Party/LwIP/src/core/udp.c ****   LWIP_ERROR("udp_sendto_if_src: invalid src_ip", src_ip != NULL, return ERR_ARG);
 1299              		.loc 1 723 3 discriminator 1 view .LVU451
 1300 00d0 FFF7FEFF 		bl	printf
 1301              	.LVL120:
 723:Middlewares/Third_Party/LwIP/src/core/udp.c ****   LWIP_ERROR("udp_sendto_if_src: invalid src_ip", src_ip != NULL, return ERR_ARG);
 1302              		.loc 1 723 3 is_stmt 1 discriminator 1 view .LVU452
 723:Middlewares/Third_Party/LwIP/src/core/udp.c ****   LWIP_ERROR("udp_sendto_if_src: invalid src_ip", src_ip != NULL, return ERR_ARG);
 1303              		.loc 1 723 3 discriminator 1 view .LVU453
 1304 00d4 6FF00F07 		mvn	r7, #15
 1305 00d8 DDE7     		b	.L100
 1306              	.LVL121:
 1307              	.L115:
ARM GAS  /tmp/cc3xdAUq.s 			page 48


 724:Middlewares/Third_Party/LwIP/src/core/udp.c ****   LWIP_ERROR("udp_sendto_if_src: invalid netif", netif != NULL, return ERR_ARG);
 1308              		.loc 1 724 3 discriminator 1 view .LVU454
 724:Middlewares/Third_Party/LwIP/src/core/udp.c ****   LWIP_ERROR("udp_sendto_if_src: invalid netif", netif != NULL, return ERR_ARG);
 1309              		.loc 1 724 3 discriminator 1 view .LVU455
 1310 00da 1C4B     		ldr	r3, .L120
 1311              	.LVL122:
 724:Middlewares/Third_Party/LwIP/src/core/udp.c ****   LWIP_ERROR("udp_sendto_if_src: invalid netif", netif != NULL, return ERR_ARG);
 1312              		.loc 1 724 3 is_stmt 0 discriminator 1 view .LVU456
 1313 00dc 4FF43572 		mov	r2, #724
 1314              	.LVL123:
 724:Middlewares/Third_Party/LwIP/src/core/udp.c ****   LWIP_ERROR("udp_sendto_if_src: invalid netif", netif != NULL, return ERR_ARG);
 1315              		.loc 1 724 3 discriminator 1 view .LVU457
 1316 00e0 1F49     		ldr	r1, .L120+20
 1317              	.LVL124:
 724:Middlewares/Third_Party/LwIP/src/core/udp.c ****   LWIP_ERROR("udp_sendto_if_src: invalid netif", netif != NULL, return ERR_ARG);
 1318              		.loc 1 724 3 discriminator 1 view .LVU458
 1319 00e2 1C48     		ldr	r0, .L120+8
 1320              	.LVL125:
 724:Middlewares/Third_Party/LwIP/src/core/udp.c ****   LWIP_ERROR("udp_sendto_if_src: invalid netif", netif != NULL, return ERR_ARG);
 1321              		.loc 1 724 3 discriminator 1 view .LVU459
 1322 00e4 FFF7FEFF 		bl	printf
 1323              	.LVL126:
 724:Middlewares/Third_Party/LwIP/src/core/udp.c ****   LWIP_ERROR("udp_sendto_if_src: invalid netif", netif != NULL, return ERR_ARG);
 1324              		.loc 1 724 3 is_stmt 1 discriminator 1 view .LVU460
 724:Middlewares/Third_Party/LwIP/src/core/udp.c ****   LWIP_ERROR("udp_sendto_if_src: invalid netif", netif != NULL, return ERR_ARG);
 1325              		.loc 1 724 3 discriminator 1 view .LVU461
 1326 00e8 6FF00F07 		mvn	r7, #15
 1327 00ec D3E7     		b	.L100
 1328              	.LVL127:
 1329              	.L116:
 725:Middlewares/Third_Party/LwIP/src/core/udp.c **** 
 1330              		.loc 1 725 3 discriminator 1 view .LVU462
 725:Middlewares/Third_Party/LwIP/src/core/udp.c **** 
 1331              		.loc 1 725 3 discriminator 1 view .LVU463
 1332 00ee 174B     		ldr	r3, .L120
 1333              	.LVL128:
 725:Middlewares/Third_Party/LwIP/src/core/udp.c **** 
 1334              		.loc 1 725 3 is_stmt 0 discriminator 1 view .LVU464
 1335 00f0 40F2D522 		movw	r2, #725
 1336              	.LVL129:
 725:Middlewares/Third_Party/LwIP/src/core/udp.c **** 
 1337              		.loc 1 725 3 discriminator 1 view .LVU465
 1338 00f4 1B49     		ldr	r1, .L120+24
 1339              	.LVL130:
 725:Middlewares/Third_Party/LwIP/src/core/udp.c **** 
 1340              		.loc 1 725 3 discriminator 1 view .LVU466
 1341 00f6 1748     		ldr	r0, .L120+8
 1342              	.LVL131:
 725:Middlewares/Third_Party/LwIP/src/core/udp.c **** 
 1343              		.loc 1 725 3 discriminator 1 view .LVU467
 1344 00f8 FFF7FEFF 		bl	printf
 1345              	.LVL132:
 725:Middlewares/Third_Party/LwIP/src/core/udp.c **** 
 1346              		.loc 1 725 3 is_stmt 1 discriminator 1 view .LVU468
 725:Middlewares/Third_Party/LwIP/src/core/udp.c **** 
 1347              		.loc 1 725 3 discriminator 1 view .LVU469
 1348 00fc 6FF00F07 		mvn	r7, #15
ARM GAS  /tmp/cc3xdAUq.s 			page 49


 1349 0100 C9E7     		b	.L100
 1350              	.LVL133:
 1351              	.L117:
 747:Middlewares/Third_Party/LwIP/src/core/udp.c ****     err = udp_bind(pcb, &pcb->local_ip, pcb->local_port);
 1352              		.loc 1 747 5 discriminator 4 view .LVU470
 747:Middlewares/Third_Party/LwIP/src/core/udp.c ****     err = udp_bind(pcb, &pcb->local_ip, pcb->local_port);
 1353              		.loc 1 747 5 discriminator 4 view .LVU471
 747:Middlewares/Third_Party/LwIP/src/core/udp.c ****     err = udp_bind(pcb, &pcb->local_ip, pcb->local_port);
 1354              		.loc 1 747 5 discriminator 4 view .LVU472
 748:Middlewares/Third_Party/LwIP/src/core/udp.c ****     if (err != ERR_OK) {
 1355              		.loc 1 748 5 discriminator 4 view .LVU473
 748:Middlewares/Third_Party/LwIP/src/core/udp.c ****     if (err != ERR_OK) {
 1356              		.loc 1 748 11 is_stmt 0 discriminator 4 view .LVU474
 1357 0102 0146     		mov	r1, r0
 1358              	.LVL134:
 748:Middlewares/Third_Party/LwIP/src/core/udp.c ****     if (err != ERR_OK) {
 1359              		.loc 1 748 11 discriminator 4 view .LVU475
 1360 0104 FFF7FEFF 		bl	udp_bind
 1361              	.LVL135:
 749:Middlewares/Third_Party/LwIP/src/core/udp.c ****       LWIP_DEBUGF(UDP_DEBUG | LWIP_DBG_TRACE | LWIP_DBG_LEVEL_SERIOUS, ("udp_send: forced port bind
 1362              		.loc 1 749 5 is_stmt 1 discriminator 4 view .LVU476
 749:Middlewares/Third_Party/LwIP/src/core/udp.c ****       LWIP_DEBUGF(UDP_DEBUG | LWIP_DBG_TRACE | LWIP_DBG_LEVEL_SERIOUS, ("udp_send: forced port bind
 1363              		.loc 1 749 8 is_stmt 0 discriminator 4 view .LVU477
 1364 0108 0746     		mov	r7, r0
 1365 010a 0028     		cmp	r0, #0
 1366 010c 92D0     		beq	.L105
 1367 010e C2E7     		b	.L100
 1368              	.LVL136:
 1369              	.L118:
 762:Middlewares/Third_Party/LwIP/src/core/udp.c ****     /* new header pbuf could not be allocated? */
 1370              		.loc 1 762 5 is_stmt 1 view .LVU478
 762:Middlewares/Third_Party/LwIP/src/core/udp.c ****     /* new header pbuf could not be allocated? */
 1371              		.loc 1 762 9 is_stmt 0 view .LVU479
 1372 0110 4FF42072 		mov	r2, #640
 1373 0114 0821     		movs	r1, #8
 1374 0116 2220     		movs	r0, #34
 1375 0118 FFF7FEFF 		bl	pbuf_alloc
 1376              	.LVL137:
 764:Middlewares/Third_Party/LwIP/src/core/udp.c ****       LWIP_DEBUGF(UDP_DEBUG | LWIP_DBG_TRACE | LWIP_DBG_LEVEL_SERIOUS, ("udp_send: could not alloca
 1377              		.loc 1 764 5 is_stmt 1 view .LVU480
 764:Middlewares/Third_Party/LwIP/src/core/udp.c ****       LWIP_DEBUGF(UDP_DEBUG | LWIP_DBG_TRACE | LWIP_DBG_LEVEL_SERIOUS, ("udp_send: could not alloca
 1378              		.loc 1 764 8 is_stmt 0 view .LVU481
 1379 011c 0546     		mov	r5, r0
 1380 011e 88B1     		cbz	r0, .L110
 768:Middlewares/Third_Party/LwIP/src/core/udp.c ****       /* chain header q in front of given pbuf p (only if p contains data) */
 1381              		.loc 1 768 5 is_stmt 1 view .LVU482
 768:Middlewares/Third_Party/LwIP/src/core/udp.c ****       /* chain header q in front of given pbuf p (only if p contains data) */
 1382              		.loc 1 768 10 is_stmt 0 view .LVU483
 1383 0120 2389     		ldrh	r3, [r4, #8]
 768:Middlewares/Third_Party/LwIP/src/core/udp.c ****       /* chain header q in front of given pbuf p (only if p contains data) */
 1384              		.loc 1 768 8 view .LVU484
 1385 0122 002B     		cmp	r3, #0
 1386 0124 92D0     		beq	.L106
 770:Middlewares/Third_Party/LwIP/src/core/udp.c ****     }
 1387              		.loc 1 770 7 is_stmt 1 view .LVU485
 1388 0126 2146     		mov	r1, r4
 1389 0128 FFF7FEFF 		bl	pbuf_chain
ARM GAS  /tmp/cc3xdAUq.s 			page 50


 1390              	.LVL138:
 770:Middlewares/Third_Party/LwIP/src/core/udp.c ****     }
 1391              		.loc 1 770 7 is_stmt 0 view .LVU486
 1392 012c 8EE7     		b	.L106
 1393              	.L119:
 781:Middlewares/Third_Party/LwIP/src/core/udp.c ****               (q->len >= sizeof(struct udp_hdr)));
 1394              		.loc 1 781 3 is_stmt 1 discriminator 1 view .LVU487
 781:Middlewares/Third_Party/LwIP/src/core/udp.c ****               (q->len >= sizeof(struct udp_hdr)));
 1395              		.loc 1 781 3 discriminator 1 view .LVU488
 1396 012e 074B     		ldr	r3, .L120
 1397 0130 40F20D32 		movw	r2, #781
 1398 0134 0C49     		ldr	r1, .L120+28
 1399 0136 0748     		ldr	r0, .L120+8
 1400 0138 FFF7FEFF 		bl	printf
 1401              	.LVL139:
 1402 013c 89E7     		b	.L107
 1403              	.LVL140:
 1404              	.L108:
 757:Middlewares/Third_Party/LwIP/src/core/udp.c ****   }
 1405              		.loc 1 757 12 is_stmt 0 view .LVU489
 1406 013e 4FF0FF37 		mov	r7, #-1
 1407 0142 A8E7     		b	.L100
 1408              	.LVL141:
 1409              	.L110:
 766:Middlewares/Third_Party/LwIP/src/core/udp.c ****     }
 1410              		.loc 1 766 14 view .LVU490
 1411 0144 4FF0FF37 		mov	r7, #-1
 1412 0148 A5E7     		b	.L100
 1413              	.L121:
 1414 014a 00BF     		.align	2
 1415              	.L120:
 1416 014c 00000000 		.word	.LC0
 1417 0150 00000000 		.word	.LC8
 1418 0154 50000000 		.word	.LC2
 1419 0158 20000000 		.word	.LC9
 1420 015c 40000000 		.word	.LC10
 1421 0160 64000000 		.word	.LC11
 1422 0164 88000000 		.word	.LC12
 1423 0168 AC000000 		.word	.LC13
 1424              		.cfi_endproc
 1425              	.LFE166:
 1427              		.section	.rodata.udp_sendto_if.str1.4,"aMS",%progbits,1
 1428              		.align	2
 1429              	.LC14:
 1430 0000 7564705F 		.ascii	"udp_sendto_if: invalid pcb\000"
 1430      73656E64 
 1430      746F5F69 
 1430      663A2069 
 1430      6E76616C 
 1431 001b 00       		.align	2
 1432              	.LC15:
 1433 001c 7564705F 		.ascii	"udp_sendto_if: invalid pbuf\000"
 1433      73656E64 
 1433      746F5F69 
 1433      663A2069 
 1433      6E76616C 
 1434              		.align	2
ARM GAS  /tmp/cc3xdAUq.s 			page 51


 1435              	.LC16:
 1436 0038 7564705F 		.ascii	"udp_sendto_if: invalid dst_ip\000"
 1436      73656E64 
 1436      746F5F69 
 1436      663A2069 
 1436      6E76616C 
 1437 0056 0000     		.align	2
 1438              	.LC17:
 1439 0058 7564705F 		.ascii	"udp_sendto_if: invalid netif\000"
 1439      73656E64 
 1439      746F5F69 
 1439      663A2069 
 1439      6E76616C 
 1440              		.section	.text.udp_sendto_if,"ax",%progbits
 1441              		.align	1
 1442              		.global	udp_sendto_if
 1443              		.syntax unified
 1444              		.thumb
 1445              		.thumb_func
 1446              		.fpu fpv4-sp-d16
 1448              	udp_sendto_if:
 1449              	.LVL142:
 1450              	.LFB165:
 626:Middlewares/Third_Party/LwIP/src/core/udp.c **** #if LWIP_CHECKSUM_ON_COPY && CHECKSUM_GEN_UDP
 1451              		.loc 1 626 1 is_stmt 1 view -0
 1452              		.cfi_startproc
 1453              		@ args = 4, pretend = 0, frame = 0
 1454              		@ frame_needed = 0, uses_anonymous_args = 0
 626:Middlewares/Third_Party/LwIP/src/core/udp.c **** #if LWIP_CHECKSUM_ON_COPY && CHECKSUM_GEN_UDP
 1455              		.loc 1 626 1 is_stmt 0 view .LVU492
 1456 0000 F0B5     		push	{r4, r5, r6, r7, lr}
 1457              	.LCFI11:
 1458              		.cfi_def_cfa_offset 20
 1459              		.cfi_offset 4, -20
 1460              		.cfi_offset 5, -16
 1461              		.cfi_offset 6, -12
 1462              		.cfi_offset 7, -8
 1463              		.cfi_offset 14, -4
 1464 0002 83B0     		sub	sp, sp, #12
 1465              	.LCFI12:
 1466              		.cfi_def_cfa_offset 32
 1467 0004 089D     		ldr	r5, [sp, #32]
 638:Middlewares/Third_Party/LwIP/src/core/udp.c **** 
 1468              		.loc 1 638 3 is_stmt 1 view .LVU493
 640:Middlewares/Third_Party/LwIP/src/core/udp.c ****   LWIP_ERROR("udp_sendto_if: invalid pbuf", p != NULL, return ERR_ARG);
 1469              		.loc 1 640 3 view .LVU494
 640:Middlewares/Third_Party/LwIP/src/core/udp.c ****   LWIP_ERROR("udp_sendto_if: invalid pbuf", p != NULL, return ERR_ARG);
 1470              		.loc 1 640 3 view .LVU495
 1471 0006 88B1     		cbz	r0, .L133
 1472 0008 0446     		mov	r4, r0
 640:Middlewares/Third_Party/LwIP/src/core/udp.c ****   LWIP_ERROR("udp_sendto_if: invalid pbuf", p != NULL, return ERR_ARG);
 1473              		.loc 1 640 3 discriminator 2 view .LVU496
 641:Middlewares/Third_Party/LwIP/src/core/udp.c ****   LWIP_ERROR("udp_sendto_if: invalid dst_ip", dst_ip != NULL, return ERR_ARG);
 1474              		.loc 1 641 3 discriminator 2 view .LVU497
 641:Middlewares/Third_Party/LwIP/src/core/udp.c ****   LWIP_ERROR("udp_sendto_if: invalid dst_ip", dst_ip != NULL, return ERR_ARG);
 1475              		.loc 1 641 3 discriminator 2 view .LVU498
 1476 000a C9B1     		cbz	r1, .L134
ARM GAS  /tmp/cc3xdAUq.s 			page 52


 641:Middlewares/Third_Party/LwIP/src/core/udp.c ****   LWIP_ERROR("udp_sendto_if: invalid dst_ip", dst_ip != NULL, return ERR_ARG);
 1477              		.loc 1 641 3 discriminator 2 view .LVU499
 642:Middlewares/Third_Party/LwIP/src/core/udp.c ****   LWIP_ERROR("udp_sendto_if: invalid netif", netif != NULL, return ERR_ARG);
 1478              		.loc 1 642 3 discriminator 2 view .LVU500
 642:Middlewares/Third_Party/LwIP/src/core/udp.c ****   LWIP_ERROR("udp_sendto_if: invalid netif", netif != NULL, return ERR_ARG);
 1479              		.loc 1 642 3 discriminator 2 view .LVU501
 1480 000c 12B3     		cbz	r2, .L135
 642:Middlewares/Third_Party/LwIP/src/core/udp.c ****   LWIP_ERROR("udp_sendto_if: invalid netif", netif != NULL, return ERR_ARG);
 1481              		.loc 1 642 3 discriminator 2 view .LVU502
 643:Middlewares/Third_Party/LwIP/src/core/udp.c **** 
 1482              		.loc 1 643 3 discriminator 2 view .LVU503
 643:Middlewares/Third_Party/LwIP/src/core/udp.c **** 
 1483              		.loc 1 643 3 discriminator 2 view .LVU504
 1484 000e 5DB3     		cbz	r5, .L136
 643:Middlewares/Third_Party/LwIP/src/core/udp.c **** 
 1485              		.loc 1 643 3 view .LVU505
 645:Middlewares/Third_Party/LwIP/src/core/udp.c ****     return ERR_VAL;
 1486              		.loc 1 645 3 view .LVU506
 673:Middlewares/Third_Party/LwIP/src/core/udp.c ****         ip4_addr_ismulticast(ip_2_ip4(&pcb->local_ip))) {
 1487              		.loc 1 673 5 view .LVU507
 673:Middlewares/Third_Party/LwIP/src/core/udp.c ****         ip4_addr_ismulticast(ip_2_ip4(&pcb->local_ip))) {
 1488              		.loc 1 673 8 is_stmt 0 view .LVU508
 1489 0010 0028     		cmp	r0, #0
 1490 0012 33D0     		beq	.L128
 673:Middlewares/Third_Party/LwIP/src/core/udp.c ****         ip4_addr_ismulticast(ip_2_ip4(&pcb->local_ip))) {
 1491              		.loc 1 673 9 discriminator 1 view .LVU509
 1492 0014 0668     		ldr	r6, [r0]
 1493 0016 8EB3     		cbz	r6, .L128
 674:Middlewares/Third_Party/LwIP/src/core/udp.c ****       /* if the local_ip is any or multicast
 1494              		.loc 1 674 9 discriminator 2 view .LVU510
 1495 0018 06F0F007 		and	r7, r6, #240
 673:Middlewares/Third_Party/LwIP/src/core/udp.c ****         ip4_addr_ismulticast(ip_2_ip4(&pcb->local_ip))) {
 1496              		.loc 1 673 50 discriminator 2 view .LVU511
 1497 001c E02F     		cmp	r7, #224
 1498 001e 2DD0     		beq	.L128
 681:Middlewares/Third_Party/LwIP/src/core/udp.c ****         /* local_ip doesn't match, drop the packet */
 1499              		.loc 1 681 7 is_stmt 1 view .LVU512
 681:Middlewares/Third_Party/LwIP/src/core/udp.c ****         /* local_ip doesn't match, drop the packet */
 1500              		.loc 1 681 12 is_stmt 0 view .LVU513
 1501 0020 6F68     		ldr	r7, [r5, #4]
 681:Middlewares/Third_Party/LwIP/src/core/udp.c ****         /* local_ip doesn't match, drop the packet */
 1502              		.loc 1 681 10 view .LVU514
 1503 0022 BE42     		cmp	r6, r7
 1504 0024 2BD0     		beq	.L130
 683:Middlewares/Third_Party/LwIP/src/core/udp.c ****       }
 1505              		.loc 1 683 16 view .LVU515
 1506 0026 6FF00300 		mvn	r0, #3
 1507              	.LVL143:
 683:Middlewares/Third_Party/LwIP/src/core/udp.c ****       }
 1508              		.loc 1 683 16 view .LVU516
 1509 002a 2DE0     		b	.L124
 1510              	.LVL144:
 1511              	.L133:
 640:Middlewares/Third_Party/LwIP/src/core/udp.c ****   LWIP_ERROR("udp_sendto_if: invalid pbuf", p != NULL, return ERR_ARG);
 1512              		.loc 1 640 3 is_stmt 1 discriminator 1 view .LVU517
 640:Middlewares/Third_Party/LwIP/src/core/udp.c ****   LWIP_ERROR("udp_sendto_if: invalid pbuf", p != NULL, return ERR_ARG);
 1513              		.loc 1 640 3 discriminator 1 view .LVU518
ARM GAS  /tmp/cc3xdAUq.s 			page 53


 1514 002c 174B     		ldr	r3, .L137
 1515              	.LVL145:
 640:Middlewares/Third_Party/LwIP/src/core/udp.c ****   LWIP_ERROR("udp_sendto_if: invalid pbuf", p != NULL, return ERR_ARG);
 1516              		.loc 1 640 3 is_stmt 0 discriminator 1 view .LVU519
 1517 002e 4FF42072 		mov	r2, #640
 1518              	.LVL146:
 640:Middlewares/Third_Party/LwIP/src/core/udp.c ****   LWIP_ERROR("udp_sendto_if: invalid pbuf", p != NULL, return ERR_ARG);
 1519              		.loc 1 640 3 discriminator 1 view .LVU520
 1520 0032 1749     		ldr	r1, .L137+4
 1521              	.LVL147:
 640:Middlewares/Third_Party/LwIP/src/core/udp.c ****   LWIP_ERROR("udp_sendto_if: invalid pbuf", p != NULL, return ERR_ARG);
 1522              		.loc 1 640 3 discriminator 1 view .LVU521
 1523 0034 1748     		ldr	r0, .L137+8
 1524              	.LVL148:
 640:Middlewares/Third_Party/LwIP/src/core/udp.c ****   LWIP_ERROR("udp_sendto_if: invalid pbuf", p != NULL, return ERR_ARG);
 1525              		.loc 1 640 3 discriminator 1 view .LVU522
 1526 0036 FFF7FEFF 		bl	printf
 1527              	.LVL149:
 640:Middlewares/Third_Party/LwIP/src/core/udp.c ****   LWIP_ERROR("udp_sendto_if: invalid pbuf", p != NULL, return ERR_ARG);
 1528              		.loc 1 640 3 is_stmt 1 discriminator 1 view .LVU523
 640:Middlewares/Third_Party/LwIP/src/core/udp.c ****   LWIP_ERROR("udp_sendto_if: invalid pbuf", p != NULL, return ERR_ARG);
 1529              		.loc 1 640 3 discriminator 1 view .LVU524
 1530 003a 6FF00F00 		mvn	r0, #15
 1531 003e 23E0     		b	.L124
 1532              	.LVL150:
 1533              	.L134:
 641:Middlewares/Third_Party/LwIP/src/core/udp.c ****   LWIP_ERROR("udp_sendto_if: invalid dst_ip", dst_ip != NULL, return ERR_ARG);
 1534              		.loc 1 641 3 discriminator 1 view .LVU525
 641:Middlewares/Third_Party/LwIP/src/core/udp.c ****   LWIP_ERROR("udp_sendto_if: invalid dst_ip", dst_ip != NULL, return ERR_ARG);
 1535              		.loc 1 641 3 discriminator 1 view .LVU526
 1536 0040 124B     		ldr	r3, .L137
 1537              	.LVL151:
 641:Middlewares/Third_Party/LwIP/src/core/udp.c ****   LWIP_ERROR("udp_sendto_if: invalid dst_ip", dst_ip != NULL, return ERR_ARG);
 1538              		.loc 1 641 3 is_stmt 0 discriminator 1 view .LVU527
 1539 0042 40F28122 		movw	r2, #641
 1540              	.LVL152:
 641:Middlewares/Third_Party/LwIP/src/core/udp.c ****   LWIP_ERROR("udp_sendto_if: invalid dst_ip", dst_ip != NULL, return ERR_ARG);
 1541              		.loc 1 641 3 discriminator 1 view .LVU528
 1542 0046 1449     		ldr	r1, .L137+12
 1543              	.LVL153:
 641:Middlewares/Third_Party/LwIP/src/core/udp.c ****   LWIP_ERROR("udp_sendto_if: invalid dst_ip", dst_ip != NULL, return ERR_ARG);
 1544              		.loc 1 641 3 discriminator 1 view .LVU529
 1545 0048 1248     		ldr	r0, .L137+8
 1546              	.LVL154:
 641:Middlewares/Third_Party/LwIP/src/core/udp.c ****   LWIP_ERROR("udp_sendto_if: invalid dst_ip", dst_ip != NULL, return ERR_ARG);
 1547              		.loc 1 641 3 discriminator 1 view .LVU530
 1548 004a FFF7FEFF 		bl	printf
 1549              	.LVL155:
 641:Middlewares/Third_Party/LwIP/src/core/udp.c ****   LWIP_ERROR("udp_sendto_if: invalid dst_ip", dst_ip != NULL, return ERR_ARG);
 1550              		.loc 1 641 3 is_stmt 1 discriminator 1 view .LVU531
 641:Middlewares/Third_Party/LwIP/src/core/udp.c ****   LWIP_ERROR("udp_sendto_if: invalid dst_ip", dst_ip != NULL, return ERR_ARG);
 1551              		.loc 1 641 3 discriminator 1 view .LVU532
 1552 004e 6FF00F00 		mvn	r0, #15
 1553 0052 19E0     		b	.L124
 1554              	.LVL156:
 1555              	.L135:
 642:Middlewares/Third_Party/LwIP/src/core/udp.c ****   LWIP_ERROR("udp_sendto_if: invalid netif", netif != NULL, return ERR_ARG);
ARM GAS  /tmp/cc3xdAUq.s 			page 54


 1556              		.loc 1 642 3 discriminator 1 view .LVU533
 642:Middlewares/Third_Party/LwIP/src/core/udp.c ****   LWIP_ERROR("udp_sendto_if: invalid netif", netif != NULL, return ERR_ARG);
 1557              		.loc 1 642 3 discriminator 1 view .LVU534
 1558 0054 0D4B     		ldr	r3, .L137
 1559              	.LVL157:
 642:Middlewares/Third_Party/LwIP/src/core/udp.c ****   LWIP_ERROR("udp_sendto_if: invalid netif", netif != NULL, return ERR_ARG);
 1560              		.loc 1 642 3 is_stmt 0 discriminator 1 view .LVU535
 1561 0056 40F28222 		movw	r2, #642
 1562              	.LVL158:
 642:Middlewares/Third_Party/LwIP/src/core/udp.c ****   LWIP_ERROR("udp_sendto_if: invalid netif", netif != NULL, return ERR_ARG);
 1563              		.loc 1 642 3 discriminator 1 view .LVU536
 1564 005a 1049     		ldr	r1, .L137+16
 1565              	.LVL159:
 642:Middlewares/Third_Party/LwIP/src/core/udp.c ****   LWIP_ERROR("udp_sendto_if: invalid netif", netif != NULL, return ERR_ARG);
 1566              		.loc 1 642 3 discriminator 1 view .LVU537
 1567 005c 0D48     		ldr	r0, .L137+8
 1568              	.LVL160:
 642:Middlewares/Third_Party/LwIP/src/core/udp.c ****   LWIP_ERROR("udp_sendto_if: invalid netif", netif != NULL, return ERR_ARG);
 1569              		.loc 1 642 3 discriminator 1 view .LVU538
 1570 005e FFF7FEFF 		bl	printf
 1571              	.LVL161:
 642:Middlewares/Third_Party/LwIP/src/core/udp.c ****   LWIP_ERROR("udp_sendto_if: invalid netif", netif != NULL, return ERR_ARG);
 1572              		.loc 1 642 3 is_stmt 1 discriminator 1 view .LVU539
 642:Middlewares/Third_Party/LwIP/src/core/udp.c ****   LWIP_ERROR("udp_sendto_if: invalid netif", netif != NULL, return ERR_ARG);
 1573              		.loc 1 642 3 discriminator 1 view .LVU540
 1574 0062 6FF00F00 		mvn	r0, #15
 1575 0066 0FE0     		b	.L124
 1576              	.LVL162:
 1577              	.L136:
 643:Middlewares/Third_Party/LwIP/src/core/udp.c **** 
 1578              		.loc 1 643 3 discriminator 1 view .LVU541
 643:Middlewares/Third_Party/LwIP/src/core/udp.c **** 
 1579              		.loc 1 643 3 discriminator 1 view .LVU542
 1580 0068 084B     		ldr	r3, .L137
 1581              	.LVL163:
 643:Middlewares/Third_Party/LwIP/src/core/udp.c **** 
 1582              		.loc 1 643 3 is_stmt 0 discriminator 1 view .LVU543
 1583 006a 40F28322 		movw	r2, #643
 1584              	.LVL164:
 643:Middlewares/Third_Party/LwIP/src/core/udp.c **** 
 1585              		.loc 1 643 3 discriminator 1 view .LVU544
 1586 006e 0C49     		ldr	r1, .L137+20
 1587              	.LVL165:
 643:Middlewares/Third_Party/LwIP/src/core/udp.c **** 
 1588              		.loc 1 643 3 discriminator 1 view .LVU545
 1589 0070 0848     		ldr	r0, .L137+8
 1590              	.LVL166:
 643:Middlewares/Third_Party/LwIP/src/core/udp.c **** 
 1591              		.loc 1 643 3 discriminator 1 view .LVU546
 1592 0072 FFF7FEFF 		bl	printf
 1593              	.LVL167:
 643:Middlewares/Third_Party/LwIP/src/core/udp.c **** 
 1594              		.loc 1 643 3 is_stmt 1 discriminator 1 view .LVU547
 643:Middlewares/Third_Party/LwIP/src/core/udp.c **** 
 1595              		.loc 1 643 3 discriminator 1 view .LVU548
 1596 0076 6FF00F00 		mvn	r0, #15
 1597 007a 05E0     		b	.L124
ARM GAS  /tmp/cc3xdAUq.s 			page 55


 1598              	.LVL168:
 1599              	.L128:
 677:Middlewares/Third_Party/LwIP/src/core/udp.c ****     } else {
 1600              		.loc 1 677 7 view .LVU549
 677:Middlewares/Third_Party/LwIP/src/core/udp.c ****     } else {
 1601              		.loc 1 677 14 is_stmt 0 view .LVU550
 1602 007c 281D     		adds	r0, r5, #4
 1603              	.LVL169:
 1604              	.L130:
 692:Middlewares/Third_Party/LwIP/src/core/udp.c **** #endif /* LWIP_CHECKSUM_ON_COPY && CHECKSUM_GEN_UDP */
 1605              		.loc 1 692 3 is_stmt 1 view .LVU551
 692:Middlewares/Third_Party/LwIP/src/core/udp.c **** #endif /* LWIP_CHECKSUM_ON_COPY && CHECKSUM_GEN_UDP */
 1606              		.loc 1 692 10 is_stmt 0 view .LVU552
 1607 007e 0190     		str	r0, [sp, #4]
 1608 0080 0095     		str	r5, [sp]
 1609 0082 2046     		mov	r0, r4
 1610              	.LVL170:
 692:Middlewares/Third_Party/LwIP/src/core/udp.c **** #endif /* LWIP_CHECKSUM_ON_COPY && CHECKSUM_GEN_UDP */
 1611              		.loc 1 692 10 view .LVU553
 1612 0084 FFF7FEFF 		bl	udp_sendto_if_src
 1613              	.LVL171:
 1614              	.L124:
 694:Middlewares/Third_Party/LwIP/src/core/udp.c **** 
 1615              		.loc 1 694 1 view .LVU554
 1616 0088 03B0     		add	sp, sp, #12
 1617              	.LCFI13:
 1618              		.cfi_def_cfa_offset 20
 1619              		@ sp needed
 1620 008a F0BD     		pop	{r4, r5, r6, r7, pc}
 1621              	.LVL172:
 1622              	.L138:
 694:Middlewares/Third_Party/LwIP/src/core/udp.c **** 
 1623              		.loc 1 694 1 view .LVU555
 1624              		.align	2
 1625              	.L137:
 1626 008c 00000000 		.word	.LC0
 1627 0090 00000000 		.word	.LC14
 1628 0094 50000000 		.word	.LC2
 1629 0098 1C000000 		.word	.LC15
 1630 009c 38000000 		.word	.LC16
 1631 00a0 58000000 		.word	.LC17
 1632              		.cfi_endproc
 1633              	.LFE165:
 1635              		.section	.rodata.udp_sendto.str1.4,"aMS",%progbits,1
 1636              		.align	2
 1637              	.LC18:
 1638 0000 7564705F 		.ascii	"udp_sendto: invalid pcb\000"
 1638      73656E64 
 1638      746F3A20 
 1638      696E7661 
 1638      6C696420 
 1639              		.align	2
 1640              	.LC19:
 1641 0018 7564705F 		.ascii	"udp_sendto: invalid pbuf\000"
 1641      73656E64 
 1641      746F3A20 
 1641      696E7661 
ARM GAS  /tmp/cc3xdAUq.s 			page 56


 1641      6C696420 
 1642 0031 000000   		.align	2
 1643              	.LC20:
 1644 0034 7564705F 		.ascii	"udp_sendto: invalid dst_ip\000"
 1644      73656E64 
 1644      746F3A20 
 1644      696E7661 
 1644      6C696420 
 1645              		.section	.text.udp_sendto,"ax",%progbits
 1646              		.align	1
 1647              		.global	udp_sendto
 1648              		.syntax unified
 1649              		.thumb
 1650              		.thumb_func
 1651              		.fpu fpv4-sp-d16
 1653              	udp_sendto:
 1654              	.LVL173:
 1655              	.LFB164:
 522:Middlewares/Third_Party/LwIP/src/core/udp.c **** #if LWIP_CHECKSUM_ON_COPY && CHECKSUM_GEN_UDP
 1656              		.loc 1 522 1 is_stmt 1 view -0
 1657              		.cfi_startproc
 1658              		@ args = 0, pretend = 0, frame = 0
 1659              		@ frame_needed = 0, uses_anonymous_args = 0
 522:Middlewares/Third_Party/LwIP/src/core/udp.c **** #if LWIP_CHECKSUM_ON_COPY && CHECKSUM_GEN_UDP
 1660              		.loc 1 522 1 is_stmt 0 view .LVU557
 1661 0000 F0B5     		push	{r4, r5, r6, r7, lr}
 1662              	.LCFI14:
 1663              		.cfi_def_cfa_offset 20
 1664              		.cfi_offset 4, -20
 1665              		.cfi_offset 5, -16
 1666              		.cfi_offset 6, -12
 1667              		.cfi_offset 7, -8
 1668              		.cfi_offset 14, -4
 1669 0002 83B0     		sub	sp, sp, #12
 1670              	.LCFI15:
 1671              		.cfi_def_cfa_offset 32
 534:Middlewares/Third_Party/LwIP/src/core/udp.c **** 
 1672              		.loc 1 534 3 is_stmt 1 view .LVU558
 536:Middlewares/Third_Party/LwIP/src/core/udp.c ****   LWIP_ERROR("udp_sendto: invalid pbuf", p != NULL, return ERR_ARG);
 1673              		.loc 1 536 3 view .LVU559
 536:Middlewares/Third_Party/LwIP/src/core/udp.c ****   LWIP_ERROR("udp_sendto: invalid pbuf", p != NULL, return ERR_ARG);
 1674              		.loc 1 536 3 view .LVU560
 1675 0004 98B1     		cbz	r0, .L148
 1676 0006 0D46     		mov	r5, r1
 1677 0008 1446     		mov	r4, r2
 1678 000a 1E46     		mov	r6, r3
 1679 000c 0746     		mov	r7, r0
 536:Middlewares/Third_Party/LwIP/src/core/udp.c ****   LWIP_ERROR("udp_sendto: invalid pbuf", p != NULL, return ERR_ARG);
 1680              		.loc 1 536 3 discriminator 2 view .LVU561
 537:Middlewares/Third_Party/LwIP/src/core/udp.c ****   LWIP_ERROR("udp_sendto: invalid dst_ip", dst_ip != NULL, return ERR_ARG);
 1681              		.loc 1 537 3 discriminator 2 view .LVU562
 537:Middlewares/Third_Party/LwIP/src/core/udp.c ****   LWIP_ERROR("udp_sendto: invalid dst_ip", dst_ip != NULL, return ERR_ARG);
 1682              		.loc 1 537 3 discriminator 2 view .LVU563
 1683 000e C1B1     		cbz	r1, .L149
 537:Middlewares/Third_Party/LwIP/src/core/udp.c ****   LWIP_ERROR("udp_sendto: invalid dst_ip", dst_ip != NULL, return ERR_ARG);
 1684              		.loc 1 537 3 discriminator 2 view .LVU564
 538:Middlewares/Third_Party/LwIP/src/core/udp.c **** 
ARM GAS  /tmp/cc3xdAUq.s 			page 57


 1685              		.loc 1 538 3 discriminator 2 view .LVU565
 538:Middlewares/Third_Party/LwIP/src/core/udp.c **** 
 1686              		.loc 1 538 3 discriminator 2 view .LVU566
 1687 0010 0AB3     		cbz	r2, .L150
 538:Middlewares/Third_Party/LwIP/src/core/udp.c **** 
 1688              		.loc 1 538 3 discriminator 4 view .LVU567
 540:Middlewares/Third_Party/LwIP/src/core/udp.c ****     return ERR_VAL;
 1689              		.loc 1 540 3 discriminator 4 view .LVU568
 544:Middlewares/Third_Party/LwIP/src/core/udp.c **** 
 1690              		.loc 1 544 3 discriminator 4 view .LVU569
 544:Middlewares/Third_Party/LwIP/src/core/udp.c **** 
 1691              		.loc 1 544 3 discriminator 4 view .LVU570
 544:Middlewares/Third_Party/LwIP/src/core/udp.c **** 
 1692              		.loc 1 544 3 discriminator 4 view .LVU571
 546:Middlewares/Third_Party/LwIP/src/core/udp.c ****     netif = netif_get_by_index(pcb->netif_idx);
 1693              		.loc 1 546 3 discriminator 4 view .LVU572
 546:Middlewares/Third_Party/LwIP/src/core/udp.c ****     netif = netif_get_by_index(pcb->netif_idx);
 1694              		.loc 1 546 10 is_stmt 0 discriminator 4 view .LVU573
 1695 0012 007A     		ldrb	r0, [r0, #8]	@ zero_extendqisi2
 1696              	.LVL174:
 546:Middlewares/Third_Party/LwIP/src/core/udp.c ****     netif = netif_get_by_index(pcb->netif_idx);
 1697              		.loc 1 546 6 discriminator 4 view .LVU574
 1698 0014 48B3     		cbz	r0, .L144
 547:Middlewares/Third_Party/LwIP/src/core/udp.c ****   } else {
 1699              		.loc 1 547 5 is_stmt 1 view .LVU575
 547:Middlewares/Third_Party/LwIP/src/core/udp.c ****   } else {
 1700              		.loc 1 547 13 is_stmt 0 view .LVU576
 1701 0016 FFF7FEFF 		bl	netif_get_by_index
 1702              	.LVL175:
 1703              	.L145:
 589:Middlewares/Third_Party/LwIP/src/core/udp.c ****     LWIP_DEBUGF(UDP_DEBUG | LWIP_DBG_LEVEL_SERIOUS, ("udp_send: No route to "));
 1704              		.loc 1 589 3 is_stmt 1 view .LVU577
 589:Middlewares/Third_Party/LwIP/src/core/udp.c ****     LWIP_DEBUGF(UDP_DEBUG | LWIP_DBG_LEVEL_SERIOUS, ("udp_send: No route to "));
 1705              		.loc 1 589 6 is_stmt 0 view .LVU578
 1706 001a 50B3     		cbz	r0, .L146
 599:Middlewares/Third_Party/LwIP/src/core/udp.c **** #endif /* LWIP_CHECKSUM_ON_COPY && CHECKSUM_GEN_UDP */
 1707              		.loc 1 599 3 is_stmt 1 view .LVU579
 599:Middlewares/Third_Party/LwIP/src/core/udp.c **** #endif /* LWIP_CHECKSUM_ON_COPY && CHECKSUM_GEN_UDP */
 1708              		.loc 1 599 10 is_stmt 0 view .LVU580
 1709 001c 0090     		str	r0, [sp]
 1710 001e 3346     		mov	r3, r6
 1711 0020 2246     		mov	r2, r4
 1712 0022 2946     		mov	r1, r5
 1713 0024 3846     		mov	r0, r7
 1714              	.LVL176:
 599:Middlewares/Third_Party/LwIP/src/core/udp.c **** #endif /* LWIP_CHECKSUM_ON_COPY && CHECKSUM_GEN_UDP */
 1715              		.loc 1 599 10 view .LVU581
 1716 0026 FFF7FEFF 		bl	udp_sendto_if
 1717              	.LVL177:
 1718              	.L141:
 601:Middlewares/Third_Party/LwIP/src/core/udp.c **** 
 1719              		.loc 1 601 1 view .LVU582
 1720 002a 03B0     		add	sp, sp, #12
 1721              	.LCFI16:
 1722              		.cfi_remember_state
 1723              		.cfi_def_cfa_offset 20
 1724              		@ sp needed
ARM GAS  /tmp/cc3xdAUq.s 			page 58


 1725 002c F0BD     		pop	{r4, r5, r6, r7, pc}
 1726              	.LVL178:
 1727              	.L148:
 1728              	.LCFI17:
 1729              		.cfi_restore_state
 536:Middlewares/Third_Party/LwIP/src/core/udp.c ****   LWIP_ERROR("udp_sendto: invalid pbuf", p != NULL, return ERR_ARG);
 1730              		.loc 1 536 3 is_stmt 1 discriminator 1 view .LVU583
 536:Middlewares/Third_Party/LwIP/src/core/udp.c ****   LWIP_ERROR("udp_sendto: invalid pbuf", p != NULL, return ERR_ARG);
 1731              		.loc 1 536 3 discriminator 1 view .LVU584
 1732 002e 124B     		ldr	r3, .L151
 1733              	.LVL179:
 536:Middlewares/Third_Party/LwIP/src/core/udp.c ****   LWIP_ERROR("udp_sendto: invalid pbuf", p != NULL, return ERR_ARG);
 1734              		.loc 1 536 3 is_stmt 0 discriminator 1 view .LVU585
 1735 0030 4FF40672 		mov	r2, #536
 1736              	.LVL180:
 536:Middlewares/Third_Party/LwIP/src/core/udp.c ****   LWIP_ERROR("udp_sendto: invalid pbuf", p != NULL, return ERR_ARG);
 1737              		.loc 1 536 3 discriminator 1 view .LVU586
 1738 0034 1149     		ldr	r1, .L151+4
 1739              	.LVL181:
 536:Middlewares/Third_Party/LwIP/src/core/udp.c ****   LWIP_ERROR("udp_sendto: invalid pbuf", p != NULL, return ERR_ARG);
 1740              		.loc 1 536 3 discriminator 1 view .LVU587
 1741 0036 1248     		ldr	r0, .L151+8
 1742              	.LVL182:
 536:Middlewares/Third_Party/LwIP/src/core/udp.c ****   LWIP_ERROR("udp_sendto: invalid pbuf", p != NULL, return ERR_ARG);
 1743              		.loc 1 536 3 discriminator 1 view .LVU588
 1744 0038 FFF7FEFF 		bl	printf
 1745              	.LVL183:
 536:Middlewares/Third_Party/LwIP/src/core/udp.c ****   LWIP_ERROR("udp_sendto: invalid pbuf", p != NULL, return ERR_ARG);
 1746              		.loc 1 536 3 is_stmt 1 discriminator 1 view .LVU589
 536:Middlewares/Third_Party/LwIP/src/core/udp.c ****   LWIP_ERROR("udp_sendto: invalid pbuf", p != NULL, return ERR_ARG);
 1747              		.loc 1 536 3 discriminator 1 view .LVU590
 1748 003c 6FF00F00 		mvn	r0, #15
 1749 0040 F3E7     		b	.L141
 1750              	.LVL184:
 1751              	.L149:
 537:Middlewares/Third_Party/LwIP/src/core/udp.c ****   LWIP_ERROR("udp_sendto: invalid dst_ip", dst_ip != NULL, return ERR_ARG);
 1752              		.loc 1 537 3 discriminator 1 view .LVU591
 537:Middlewares/Third_Party/LwIP/src/core/udp.c ****   LWIP_ERROR("udp_sendto: invalid dst_ip", dst_ip != NULL, return ERR_ARG);
 1753              		.loc 1 537 3 discriminator 1 view .LVU592
 1754 0042 0D4B     		ldr	r3, .L151
 1755              	.LVL185:
 537:Middlewares/Third_Party/LwIP/src/core/udp.c ****   LWIP_ERROR("udp_sendto: invalid dst_ip", dst_ip != NULL, return ERR_ARG);
 1756              		.loc 1 537 3 is_stmt 0 discriminator 1 view .LVU593
 1757 0044 40F21922 		movw	r2, #537
 1758              	.LVL186:
 537:Middlewares/Third_Party/LwIP/src/core/udp.c ****   LWIP_ERROR("udp_sendto: invalid dst_ip", dst_ip != NULL, return ERR_ARG);
 1759              		.loc 1 537 3 discriminator 1 view .LVU594
 1760 0048 0E49     		ldr	r1, .L151+12
 1761              	.LVL187:
 537:Middlewares/Third_Party/LwIP/src/core/udp.c ****   LWIP_ERROR("udp_sendto: invalid dst_ip", dst_ip != NULL, return ERR_ARG);
 1762              		.loc 1 537 3 discriminator 1 view .LVU595
 1763 004a 0D48     		ldr	r0, .L151+8
 1764              	.LVL188:
 537:Middlewares/Third_Party/LwIP/src/core/udp.c ****   LWIP_ERROR("udp_sendto: invalid dst_ip", dst_ip != NULL, return ERR_ARG);
 1765              		.loc 1 537 3 discriminator 1 view .LVU596
 1766 004c FFF7FEFF 		bl	printf
 1767              	.LVL189:
ARM GAS  /tmp/cc3xdAUq.s 			page 59


 537:Middlewares/Third_Party/LwIP/src/core/udp.c ****   LWIP_ERROR("udp_sendto: invalid dst_ip", dst_ip != NULL, return ERR_ARG);
 1768              		.loc 1 537 3 is_stmt 1 discriminator 1 view .LVU597
 537:Middlewares/Third_Party/LwIP/src/core/udp.c ****   LWIP_ERROR("udp_sendto: invalid dst_ip", dst_ip != NULL, return ERR_ARG);
 1769              		.loc 1 537 3 discriminator 1 view .LVU598
 1770 0050 6FF00F00 		mvn	r0, #15
 1771 0054 E9E7     		b	.L141
 1772              	.LVL190:
 1773              	.L150:
 538:Middlewares/Third_Party/LwIP/src/core/udp.c **** 
 1774              		.loc 1 538 3 discriminator 1 view .LVU599
 538:Middlewares/Third_Party/LwIP/src/core/udp.c **** 
 1775              		.loc 1 538 3 discriminator 1 view .LVU600
 1776 0056 084B     		ldr	r3, .L151
 1777              	.LVL191:
 538:Middlewares/Third_Party/LwIP/src/core/udp.c **** 
 1778              		.loc 1 538 3 is_stmt 0 discriminator 1 view .LVU601
 1779 0058 40F21A22 		movw	r2, #538
 1780              	.LVL192:
 538:Middlewares/Third_Party/LwIP/src/core/udp.c **** 
 1781              		.loc 1 538 3 discriminator 1 view .LVU602
 1782 005c 0A49     		ldr	r1, .L151+16
 1783              	.LVL193:
 538:Middlewares/Third_Party/LwIP/src/core/udp.c **** 
 1784              		.loc 1 538 3 discriminator 1 view .LVU603
 1785 005e 0848     		ldr	r0, .L151+8
 1786              	.LVL194:
 538:Middlewares/Third_Party/LwIP/src/core/udp.c **** 
 1787              		.loc 1 538 3 discriminator 1 view .LVU604
 1788 0060 FFF7FEFF 		bl	printf
 1789              	.LVL195:
 538:Middlewares/Third_Party/LwIP/src/core/udp.c **** 
 1790              		.loc 1 538 3 is_stmt 1 discriminator 1 view .LVU605
 538:Middlewares/Third_Party/LwIP/src/core/udp.c **** 
 1791              		.loc 1 538 3 discriminator 1 view .LVU606
 1792 0064 6FF00F00 		mvn	r0, #15
 1793 0068 DFE7     		b	.L141
 1794              	.LVL196:
 1795              	.L144:
 584:Middlewares/Third_Party/LwIP/src/core/udp.c ****     }
 1796              		.loc 1 584 7 view .LVU607
 584:Middlewares/Third_Party/LwIP/src/core/udp.c ****     }
 1797              		.loc 1 584 15 is_stmt 0 view .LVU608
 1798 006a 1046     		mov	r0, r2
 1799 006c FFF7FEFF 		bl	ip4_route
 1800              	.LVL197:
 584:Middlewares/Third_Party/LwIP/src/core/udp.c ****     }
 1801              		.loc 1 584 15 view .LVU609
 1802 0070 D3E7     		b	.L145
 1803              	.L146:
 594:Middlewares/Third_Party/LwIP/src/core/udp.c ****   }
 1804              		.loc 1 594 12 view .LVU610
 1805 0072 6FF00300 		mvn	r0, #3
 1806              	.LVL198:
 594:Middlewares/Third_Party/LwIP/src/core/udp.c ****   }
 1807              		.loc 1 594 12 view .LVU611
 1808 0076 D8E7     		b	.L141
 1809              	.L152:
ARM GAS  /tmp/cc3xdAUq.s 			page 60


 1810              		.align	2
 1811              	.L151:
 1812 0078 00000000 		.word	.LC0
 1813 007c 00000000 		.word	.LC18
 1814 0080 50000000 		.word	.LC2
 1815 0084 18000000 		.word	.LC19
 1816 0088 34000000 		.word	.LC20
 1817              		.cfi_endproc
 1818              	.LFE164:
 1820              		.section	.rodata.udp_send.str1.4,"aMS",%progbits,1
 1821              		.align	2
 1822              	.LC21:
 1823 0000 7564705F 		.ascii	"udp_send: invalid pcb\000"
 1823      73656E64 
 1823      3A20696E 
 1823      76616C69 
 1823      64207063 
 1824 0016 0000     		.align	2
 1825              	.LC22:
 1826 0018 7564705F 		.ascii	"udp_send: invalid pbuf\000"
 1826      73656E64 
 1826      3A20696E 
 1826      76616C69 
 1826      64207062 
 1827              		.section	.text.udp_send,"ax",%progbits
 1828              		.align	1
 1829              		.global	udp_send
 1830              		.syntax unified
 1831              		.thumb
 1832              		.thumb_func
 1833              		.fpu fpv4-sp-d16
 1835              	udp_send:
 1836              	.LVL199:
 1837              	.LFB163:
 468:Middlewares/Third_Party/LwIP/src/core/udp.c ****   LWIP_ERROR("udp_send: invalid pcb", pcb != NULL, return ERR_ARG);
 1838              		.loc 1 468 1 is_stmt 1 view -0
 1839              		.cfi_startproc
 1840              		@ args = 0, pretend = 0, frame = 0
 1841              		@ frame_needed = 0, uses_anonymous_args = 0
 468:Middlewares/Third_Party/LwIP/src/core/udp.c ****   LWIP_ERROR("udp_send: invalid pcb", pcb != NULL, return ERR_ARG);
 1842              		.loc 1 468 1 is_stmt 0 view .LVU613
 1843 0000 10B5     		push	{r4, lr}
 1844              	.LCFI18:
 1845              		.cfi_def_cfa_offset 8
 1846              		.cfi_offset 4, -8
 1847              		.cfi_offset 14, -4
 469:Middlewares/Third_Party/LwIP/src/core/udp.c ****   LWIP_ERROR("udp_send: invalid pbuf", p != NULL, return ERR_ARG);
 1848              		.loc 1 469 3 is_stmt 1 view .LVU614
 469:Middlewares/Third_Party/LwIP/src/core/udp.c ****   LWIP_ERROR("udp_send: invalid pbuf", p != NULL, return ERR_ARG);
 1849              		.loc 1 469 3 view .LVU615
 1850 0002 28B1     		cbz	r0, .L158
 469:Middlewares/Third_Party/LwIP/src/core/udp.c ****   LWIP_ERROR("udp_send: invalid pbuf", p != NULL, return ERR_ARG);
 1851              		.loc 1 469 3 discriminator 2 view .LVU616
 470:Middlewares/Third_Party/LwIP/src/core/udp.c **** 
 1852              		.loc 1 470 3 discriminator 2 view .LVU617
 470:Middlewares/Third_Party/LwIP/src/core/udp.c **** 
 1853              		.loc 1 470 3 discriminator 2 view .LVU618
ARM GAS  /tmp/cc3xdAUq.s 			page 61


 1854 0004 71B1     		cbz	r1, .L159
 470:Middlewares/Third_Party/LwIP/src/core/udp.c **** 
 1855              		.loc 1 470 3 view .LVU619
 472:Middlewares/Third_Party/LwIP/src/core/udp.c ****     return ERR_VAL;
 1856              		.loc 1 472 3 view .LVU620
 477:Middlewares/Third_Party/LwIP/src/core/udp.c **** }
 1857              		.loc 1 477 3 view .LVU621
 477:Middlewares/Third_Party/LwIP/src/core/udp.c **** }
 1858              		.loc 1 477 10 is_stmt 0 view .LVU622
 1859 0006 838A     		ldrh	r3, [r0, #20]
 1860 0008 021D     		adds	r2, r0, #4
 1861 000a FFF7FEFF 		bl	udp_sendto
 1862              	.LVL200:
 1863              	.L155:
 478:Middlewares/Third_Party/LwIP/src/core/udp.c **** 
 1864              		.loc 1 478 1 view .LVU623
 1865 000e 10BD     		pop	{r4, pc}
 1866              	.LVL201:
 1867              	.L158:
 469:Middlewares/Third_Party/LwIP/src/core/udp.c ****   LWIP_ERROR("udp_send: invalid pbuf", p != NULL, return ERR_ARG);
 1868              		.loc 1 469 3 is_stmt 1 discriminator 1 view .LVU624
 469:Middlewares/Third_Party/LwIP/src/core/udp.c ****   LWIP_ERROR("udp_send: invalid pbuf", p != NULL, return ERR_ARG);
 1869              		.loc 1 469 3 discriminator 1 view .LVU625
 1870 0010 094B     		ldr	r3, .L160
 1871 0012 40F2D512 		movw	r2, #469
 1872 0016 0949     		ldr	r1, .L160+4
 1873              	.LVL202:
 469:Middlewares/Third_Party/LwIP/src/core/udp.c ****   LWIP_ERROR("udp_send: invalid pbuf", p != NULL, return ERR_ARG);
 1874              		.loc 1 469 3 is_stmt 0 discriminator 1 view .LVU626
 1875 0018 0948     		ldr	r0, .L160+8
 1876              	.LVL203:
 469:Middlewares/Third_Party/LwIP/src/core/udp.c ****   LWIP_ERROR("udp_send: invalid pbuf", p != NULL, return ERR_ARG);
 1877              		.loc 1 469 3 discriminator 1 view .LVU627
 1878 001a FFF7FEFF 		bl	printf
 1879              	.LVL204:
 469:Middlewares/Third_Party/LwIP/src/core/udp.c ****   LWIP_ERROR("udp_send: invalid pbuf", p != NULL, return ERR_ARG);
 1880              		.loc 1 469 3 is_stmt 1 discriminator 1 view .LVU628
 469:Middlewares/Third_Party/LwIP/src/core/udp.c ****   LWIP_ERROR("udp_send: invalid pbuf", p != NULL, return ERR_ARG);
 1881              		.loc 1 469 3 discriminator 1 view .LVU629
 1882 001e 6FF00F00 		mvn	r0, #15
 1883 0022 F4E7     		b	.L155
 1884              	.LVL205:
 1885              	.L159:
 470:Middlewares/Third_Party/LwIP/src/core/udp.c **** 
 1886              		.loc 1 470 3 discriminator 1 view .LVU630
 470:Middlewares/Third_Party/LwIP/src/core/udp.c **** 
 1887              		.loc 1 470 3 discriminator 1 view .LVU631
 1888 0024 044B     		ldr	r3, .L160
 1889 0026 4FF4EB72 		mov	r2, #470
 1890 002a 0649     		ldr	r1, .L160+12
 1891              	.LVL206:
 470:Middlewares/Third_Party/LwIP/src/core/udp.c **** 
 1892              		.loc 1 470 3 is_stmt 0 discriminator 1 view .LVU632
 1893 002c 0448     		ldr	r0, .L160+8
 1894              	.LVL207:
 470:Middlewares/Third_Party/LwIP/src/core/udp.c **** 
 1895              		.loc 1 470 3 discriminator 1 view .LVU633
ARM GAS  /tmp/cc3xdAUq.s 			page 62


 1896 002e FFF7FEFF 		bl	printf
 1897              	.LVL208:
 470:Middlewares/Third_Party/LwIP/src/core/udp.c **** 
 1898              		.loc 1 470 3 is_stmt 1 discriminator 1 view .LVU634
 470:Middlewares/Third_Party/LwIP/src/core/udp.c **** 
 1899              		.loc 1 470 3 discriminator 1 view .LVU635
 1900 0032 6FF00F00 		mvn	r0, #15
 1901 0036 EAE7     		b	.L155
 1902              	.L161:
 1903              		.align	2
 1904              	.L160:
 1905 0038 00000000 		.word	.LC0
 1906 003c 00000000 		.word	.LC21
 1907 0040 50000000 		.word	.LC2
 1908 0044 18000000 		.word	.LC22
 1909              		.cfi_endproc
 1910              	.LFE163:
 1912              		.section	.text.udp_bind_netif,"ax",%progbits
 1913              		.align	1
 1914              		.global	udp_bind_netif
 1915              		.syntax unified
 1916              		.thumb
 1917              		.thumb_func
 1918              		.fpu fpv4-sp-d16
 1920              	udp_bind_netif:
 1921              	.LVL209:
 1922              	.LFB168:
1028:Middlewares/Third_Party/LwIP/src/core/udp.c **** 
1029:Middlewares/Third_Party/LwIP/src/core/udp.c **** /**
1030:Middlewares/Third_Party/LwIP/src/core/udp.c ****  * @ingroup udp_raw
1031:Middlewares/Third_Party/LwIP/src/core/udp.c ****  * Bind an UDP PCB to a specific netif.
1032:Middlewares/Third_Party/LwIP/src/core/udp.c ****  * After calling this function, all packets received via this PCB
1033:Middlewares/Third_Party/LwIP/src/core/udp.c ****  * are guaranteed to have come in via the specified netif, and all
1034:Middlewares/Third_Party/LwIP/src/core/udp.c ****  * outgoing packets will go out via the specified netif.
1035:Middlewares/Third_Party/LwIP/src/core/udp.c ****  *
1036:Middlewares/Third_Party/LwIP/src/core/udp.c ****  * @param pcb UDP PCB to be bound.
1037:Middlewares/Third_Party/LwIP/src/core/udp.c ****  * @param netif netif to bind udp pcb to. Can be NULL.
1038:Middlewares/Third_Party/LwIP/src/core/udp.c ****  *
1039:Middlewares/Third_Party/LwIP/src/core/udp.c ****  * @see udp_disconnect()
1040:Middlewares/Third_Party/LwIP/src/core/udp.c ****  */
1041:Middlewares/Third_Party/LwIP/src/core/udp.c **** void
1042:Middlewares/Third_Party/LwIP/src/core/udp.c **** udp_bind_netif(struct udp_pcb *pcb, const struct netif *netif)
1043:Middlewares/Third_Party/LwIP/src/core/udp.c **** {
 1923              		.loc 1 1043 1 view -0
 1924              		.cfi_startproc
 1925              		@ args = 0, pretend = 0, frame = 0
 1926              		@ frame_needed = 0, uses_anonymous_args = 0
 1927              		@ link register save eliminated.
1044:Middlewares/Third_Party/LwIP/src/core/udp.c ****   LWIP_ASSERT_CORE_LOCKED();
 1928              		.loc 1 1044 28 view .LVU637
1045:Middlewares/Third_Party/LwIP/src/core/udp.c **** 
1046:Middlewares/Third_Party/LwIP/src/core/udp.c ****   if (netif != NULL) {
 1929              		.loc 1 1046 3 view .LVU638
 1930              		.loc 1 1046 6 is_stmt 0 view .LVU639
 1931 0000 21B1     		cbz	r1, .L163
1047:Middlewares/Third_Party/LwIP/src/core/udp.c ****     pcb->netif_idx = netif_get_index(netif);
 1932              		.loc 1 1047 5 is_stmt 1 view .LVU640
ARM GAS  /tmp/cc3xdAUq.s 			page 63


 1933              		.loc 1 1047 22 is_stmt 0 view .LVU641
 1934 0002 91F83430 		ldrb	r3, [r1, #52]	@ zero_extendqisi2
 1935 0006 0133     		adds	r3, r3, #1
 1936              		.loc 1 1047 20 view .LVU642
 1937 0008 0372     		strb	r3, [r0, #8]
 1938 000a 7047     		bx	lr
 1939              	.L163:
1048:Middlewares/Third_Party/LwIP/src/core/udp.c ****   } else {
1049:Middlewares/Third_Party/LwIP/src/core/udp.c ****     pcb->netif_idx = NETIF_NO_INDEX;
 1940              		.loc 1 1049 5 is_stmt 1 view .LVU643
 1941              		.loc 1 1049 20 is_stmt 0 view .LVU644
 1942 000c 0023     		movs	r3, #0
 1943 000e 0372     		strb	r3, [r0, #8]
1050:Middlewares/Third_Party/LwIP/src/core/udp.c ****   }
1051:Middlewares/Third_Party/LwIP/src/core/udp.c **** }
 1944              		.loc 1 1051 1 view .LVU645
 1945 0010 7047     		bx	lr
 1946              		.cfi_endproc
 1947              	.LFE168:
 1949              		.section	.rodata.udp_connect.str1.4,"aMS",%progbits,1
 1950              		.align	2
 1951              	.LC23:
 1952 0000 7564705F 		.ascii	"udp_connect: invalid pcb\000"
 1952      636F6E6E 
 1952      6563743A 
 1952      20696E76 
 1952      616C6964 
 1953 0019 000000   		.align	2
 1954              	.LC24:
 1955 001c 7564705F 		.ascii	"udp_connect: invalid ipaddr\000"
 1955      636F6E6E 
 1955      6563743A 
 1955      20696E76 
 1955      616C6964 
 1956              		.section	.text.udp_connect,"ax",%progbits
 1957              		.align	1
 1958              		.global	udp_connect
 1959              		.syntax unified
 1960              		.thumb
 1961              		.thumb_func
 1962              		.fpu fpv4-sp-d16
 1964              	udp_connect:
 1965              	.LVL210:
 1966              	.LFB169:
1052:Middlewares/Third_Party/LwIP/src/core/udp.c **** 
1053:Middlewares/Third_Party/LwIP/src/core/udp.c **** /**
1054:Middlewares/Third_Party/LwIP/src/core/udp.c ****  * @ingroup udp_raw
1055:Middlewares/Third_Party/LwIP/src/core/udp.c ****  * Sets the remote end of the pcb. This function does not generate any
1056:Middlewares/Third_Party/LwIP/src/core/udp.c ****  * network traffic, but only sets the remote address of the pcb.
1057:Middlewares/Third_Party/LwIP/src/core/udp.c ****  *
1058:Middlewares/Third_Party/LwIP/src/core/udp.c ****  * @param pcb UDP PCB to be connected with remote address ipaddr and port.
1059:Middlewares/Third_Party/LwIP/src/core/udp.c ****  * @param ipaddr remote IP address to connect with.
1060:Middlewares/Third_Party/LwIP/src/core/udp.c ****  * @param port remote UDP port to connect with.
1061:Middlewares/Third_Party/LwIP/src/core/udp.c ****  *
1062:Middlewares/Third_Party/LwIP/src/core/udp.c ****  * @return lwIP error code
1063:Middlewares/Third_Party/LwIP/src/core/udp.c ****  *
1064:Middlewares/Third_Party/LwIP/src/core/udp.c ****  * ipaddr & port are expected to be in the same byte order as in the pcb.
ARM GAS  /tmp/cc3xdAUq.s 			page 64


1065:Middlewares/Third_Party/LwIP/src/core/udp.c ****  *
1066:Middlewares/Third_Party/LwIP/src/core/udp.c ****  * The udp pcb is bound to a random local port if not already bound.
1067:Middlewares/Third_Party/LwIP/src/core/udp.c ****  *
1068:Middlewares/Third_Party/LwIP/src/core/udp.c ****  * @see udp_disconnect()
1069:Middlewares/Third_Party/LwIP/src/core/udp.c ****  */
1070:Middlewares/Third_Party/LwIP/src/core/udp.c **** err_t
1071:Middlewares/Third_Party/LwIP/src/core/udp.c **** udp_connect(struct udp_pcb *pcb, const ip_addr_t *ipaddr, u16_t port)
1072:Middlewares/Third_Party/LwIP/src/core/udp.c **** {
 1967              		.loc 1 1072 1 is_stmt 1 view -0
 1968              		.cfi_startproc
 1969              		@ args = 0, pretend = 0, frame = 0
 1970              		@ frame_needed = 0, uses_anonymous_args = 0
 1971              		.loc 1 1072 1 is_stmt 0 view .LVU647
 1972 0000 70B5     		push	{r4, r5, r6, lr}
 1973              	.LCFI19:
 1974              		.cfi_def_cfa_offset 16
 1975              		.cfi_offset 4, -16
 1976              		.cfi_offset 5, -12
 1977              		.cfi_offset 6, -8
 1978              		.cfi_offset 14, -4
1073:Middlewares/Third_Party/LwIP/src/core/udp.c ****   struct udp_pcb *ipcb;
 1979              		.loc 1 1073 3 is_stmt 1 view .LVU648
1074:Middlewares/Third_Party/LwIP/src/core/udp.c **** 
1075:Middlewares/Third_Party/LwIP/src/core/udp.c ****   LWIP_ASSERT_CORE_LOCKED();
 1980              		.loc 1 1075 28 view .LVU649
1076:Middlewares/Third_Party/LwIP/src/core/udp.c **** 
1077:Middlewares/Third_Party/LwIP/src/core/udp.c ****   LWIP_ERROR("udp_connect: invalid pcb", pcb != NULL, return ERR_ARG);
 1981              		.loc 1 1077 3 view .LVU650
 1982              		.loc 1 1077 3 view .LVU651
 1983 0002 A0B1     		cbz	r0, .L174
 1984 0004 0D46     		mov	r5, r1
 1985 0006 1646     		mov	r6, r2
 1986 0008 0446     		mov	r4, r0
 1987              		.loc 1 1077 3 discriminator 2 view .LVU652
1078:Middlewares/Third_Party/LwIP/src/core/udp.c ****   LWIP_ERROR("udp_connect: invalid ipaddr", ipaddr != NULL, return ERR_ARG);
 1988              		.loc 1 1078 3 discriminator 2 view .LVU653
 1989              		.loc 1 1078 3 discriminator 2 view .LVU654
 1990 000a D1B1     		cbz	r1, .L175
 1991              		.loc 1 1078 3 discriminator 2 view .LVU655
1079:Middlewares/Third_Party/LwIP/src/core/udp.c **** 
1080:Middlewares/Third_Party/LwIP/src/core/udp.c ****   if (pcb->local_port == 0) {
 1992              		.loc 1 1080 3 discriminator 2 view .LVU656
 1993              		.loc 1 1080 10 is_stmt 0 discriminator 2 view .LVU657
 1994 000c 428A     		ldrh	r2, [r0, #18]
 1995              	.LVL211:
 1996              		.loc 1 1080 6 discriminator 2 view .LVU658
 1997 000e 12B3     		cbz	r2, .L176
 1998              	.LVL212:
 1999              	.L169:
1081:Middlewares/Third_Party/LwIP/src/core/udp.c ****     err_t err = udp_bind(pcb, &pcb->local_ip, pcb->local_port);
1082:Middlewares/Third_Party/LwIP/src/core/udp.c ****     if (err != ERR_OK) {
1083:Middlewares/Third_Party/LwIP/src/core/udp.c ****       return err;
1084:Middlewares/Third_Party/LwIP/src/core/udp.c ****     }
1085:Middlewares/Third_Party/LwIP/src/core/udp.c ****   }
1086:Middlewares/Third_Party/LwIP/src/core/udp.c **** 
1087:Middlewares/Third_Party/LwIP/src/core/udp.c ****   ip_addr_set_ipaddr(&pcb->remote_ip, ipaddr);
 2000              		.loc 1 1087 3 is_stmt 1 view .LVU659
ARM GAS  /tmp/cc3xdAUq.s 			page 65


 2001 0010 2B68     		ldr	r3, [r5]
 2002 0012 6360     		str	r3, [r4, #4]
1088:Middlewares/Third_Party/LwIP/src/core/udp.c **** #if LWIP_IPV6 && LWIP_IPV6_SCOPES
1089:Middlewares/Third_Party/LwIP/src/core/udp.c ****   /* If the given IP address should have a zone but doesn't, assign one now,
1090:Middlewares/Third_Party/LwIP/src/core/udp.c ****    * using the bound address to make a more informed decision when possible. */
1091:Middlewares/Third_Party/LwIP/src/core/udp.c ****   if (IP_IS_V6(&pcb->remote_ip) &&
1092:Middlewares/Third_Party/LwIP/src/core/udp.c ****       ip6_addr_lacks_zone(ip_2_ip6(&pcb->remote_ip), IP6_UNKNOWN)) {
1093:Middlewares/Third_Party/LwIP/src/core/udp.c ****     ip6_addr_select_zone(ip_2_ip6(&pcb->remote_ip), ip_2_ip6(&pcb->local_ip));
1094:Middlewares/Third_Party/LwIP/src/core/udp.c ****   }
1095:Middlewares/Third_Party/LwIP/src/core/udp.c **** #endif /* LWIP_IPV6 && LWIP_IPV6_SCOPES */
1096:Middlewares/Third_Party/LwIP/src/core/udp.c **** 
1097:Middlewares/Third_Party/LwIP/src/core/udp.c ****   pcb->remote_port = port;
 2003              		.loc 1 1097 3 view .LVU660
 2004              		.loc 1 1097 20 is_stmt 0 view .LVU661
 2005 0014 A682     		strh	r6, [r4, #20]	@ movhi
1098:Middlewares/Third_Party/LwIP/src/core/udp.c ****   pcb->flags |= UDP_FLAGS_CONNECTED;
 2006              		.loc 1 1098 3 is_stmt 1 view .LVU662
 2007              		.loc 1 1098 14 is_stmt 0 view .LVU663
 2008 0016 237C     		ldrb	r3, [r4, #16]	@ zero_extendqisi2
 2009 0018 43F00403 		orr	r3, r3, #4
 2010 001c 2374     		strb	r3, [r4, #16]
1099:Middlewares/Third_Party/LwIP/src/core/udp.c **** 
1100:Middlewares/Third_Party/LwIP/src/core/udp.c ****   LWIP_DEBUGF(UDP_DEBUG | LWIP_DBG_TRACE | LWIP_DBG_STATE, ("udp_connect: connected to "));
 2011              		.loc 1 1100 3 is_stmt 1 view .LVU664
 2012              		.loc 1 1100 3 view .LVU665
 2013              		.loc 1 1100 3 view .LVU666
1101:Middlewares/Third_Party/LwIP/src/core/udp.c ****   ip_addr_debug_print_val(UDP_DEBUG | LWIP_DBG_TRACE | LWIP_DBG_STATE,
 2014              		.loc 1 1101 3 view .LVU667
 2015              		.loc 1 1101 3 view .LVU668
 2016              		.loc 1 1101 3 view .LVU669
1102:Middlewares/Third_Party/LwIP/src/core/udp.c ****                           pcb->remote_ip);
1103:Middlewares/Third_Party/LwIP/src/core/udp.c ****   LWIP_DEBUGF(UDP_DEBUG | LWIP_DBG_TRACE | LWIP_DBG_STATE, (", port %"U16_F")\n", pcb->remote_port)
 2017              		.loc 1 1103 3 view .LVU670
 2018              		.loc 1 1103 3 view .LVU671
 2019              		.loc 1 1103 3 view .LVU672
1104:Middlewares/Third_Party/LwIP/src/core/udp.c **** 
1105:Middlewares/Third_Party/LwIP/src/core/udp.c ****   /* Insert UDP PCB into the list of active UDP PCBs. */
1106:Middlewares/Third_Party/LwIP/src/core/udp.c ****   for (ipcb = udp_pcbs; ipcb != NULL; ipcb = ipcb->next) {
 2020              		.loc 1 1106 3 view .LVU673
 2021              		.loc 1 1106 13 is_stmt 0 view .LVU674
 2022 001e 144B     		ldr	r3, .L178
 2023 0020 1A68     		ldr	r2, [r3]
 2024              	.LVL213:
 2025              		.loc 1 1106 13 view .LVU675
 2026 0022 1346     		mov	r3, r2
 2027              	.LVL214:
 2028              	.L170:
 2029              		.loc 1 1106 25 is_stmt 1 discriminator 1 view .LVU676
 2030              		.loc 1 1106 3 is_stmt 0 discriminator 1 view .LVU677
 2031 0024 EBB1     		cbz	r3, .L177
1107:Middlewares/Third_Party/LwIP/src/core/udp.c ****     if (pcb == ipcb) {
 2032              		.loc 1 1107 5 is_stmt 1 view .LVU678
 2033              		.loc 1 1107 8 is_stmt 0 view .LVU679
 2034 0026 9C42     		cmp	r4, r3
 2035 0028 20D0     		beq	.L172
1106:Middlewares/Third_Party/LwIP/src/core/udp.c ****     if (pcb == ipcb) {
 2036              		.loc 1 1106 39 is_stmt 1 discriminator 2 view .LVU680
ARM GAS  /tmp/cc3xdAUq.s 			page 66


1106:Middlewares/Third_Party/LwIP/src/core/udp.c ****     if (pcb == ipcb) {
 2037              		.loc 1 1106 44 is_stmt 0 discriminator 2 view .LVU681
 2038 002a DB68     		ldr	r3, [r3, #12]
 2039              	.LVL215:
1106:Middlewares/Third_Party/LwIP/src/core/udp.c ****     if (pcb == ipcb) {
 2040              		.loc 1 1106 44 discriminator 2 view .LVU682
 2041 002c FAE7     		b	.L170
 2042              	.LVL216:
 2043              	.L174:
1077:Middlewares/Third_Party/LwIP/src/core/udp.c ****   LWIP_ERROR("udp_connect: invalid ipaddr", ipaddr != NULL, return ERR_ARG);
 2044              		.loc 1 1077 3 is_stmt 1 discriminator 1 view .LVU683
1077:Middlewares/Third_Party/LwIP/src/core/udp.c ****   LWIP_ERROR("udp_connect: invalid ipaddr", ipaddr != NULL, return ERR_ARG);
 2045              		.loc 1 1077 3 discriminator 1 view .LVU684
 2046 002e 114B     		ldr	r3, .L178+4
 2047 0030 40F23542 		movw	r2, #1077
 2048              	.LVL217:
1077:Middlewares/Third_Party/LwIP/src/core/udp.c ****   LWIP_ERROR("udp_connect: invalid ipaddr", ipaddr != NULL, return ERR_ARG);
 2049              		.loc 1 1077 3 is_stmt 0 discriminator 1 view .LVU685
 2050 0034 1049     		ldr	r1, .L178+8
 2051              	.LVL218:
1077:Middlewares/Third_Party/LwIP/src/core/udp.c ****   LWIP_ERROR("udp_connect: invalid ipaddr", ipaddr != NULL, return ERR_ARG);
 2052              		.loc 1 1077 3 discriminator 1 view .LVU686
 2053 0036 1148     		ldr	r0, .L178+12
 2054              	.LVL219:
1077:Middlewares/Third_Party/LwIP/src/core/udp.c ****   LWIP_ERROR("udp_connect: invalid ipaddr", ipaddr != NULL, return ERR_ARG);
 2055              		.loc 1 1077 3 discriminator 1 view .LVU687
 2056 0038 FFF7FEFF 		bl	printf
 2057              	.LVL220:
1077:Middlewares/Third_Party/LwIP/src/core/udp.c ****   LWIP_ERROR("udp_connect: invalid ipaddr", ipaddr != NULL, return ERR_ARG);
 2058              		.loc 1 1077 3 is_stmt 1 discriminator 1 view .LVU688
1077:Middlewares/Third_Party/LwIP/src/core/udp.c ****   LWIP_ERROR("udp_connect: invalid ipaddr", ipaddr != NULL, return ERR_ARG);
 2059              		.loc 1 1077 3 discriminator 1 view .LVU689
 2060 003c 6FF00F00 		mvn	r0, #15
 2061 0040 13E0     		b	.L167
 2062              	.LVL221:
 2063              	.L175:
1078:Middlewares/Third_Party/LwIP/src/core/udp.c **** 
 2064              		.loc 1 1078 3 discriminator 1 view .LVU690
1078:Middlewares/Third_Party/LwIP/src/core/udp.c **** 
 2065              		.loc 1 1078 3 discriminator 1 view .LVU691
 2066 0042 0C4B     		ldr	r3, .L178+4
 2067 0044 40F23642 		movw	r2, #1078
 2068              	.LVL222:
1078:Middlewares/Third_Party/LwIP/src/core/udp.c **** 
 2069              		.loc 1 1078 3 is_stmt 0 discriminator 1 view .LVU692
 2070 0048 0D49     		ldr	r1, .L178+16
 2071              	.LVL223:
1078:Middlewares/Third_Party/LwIP/src/core/udp.c **** 
 2072              		.loc 1 1078 3 discriminator 1 view .LVU693
 2073 004a 0C48     		ldr	r0, .L178+12
 2074              	.LVL224:
1078:Middlewares/Third_Party/LwIP/src/core/udp.c **** 
 2075              		.loc 1 1078 3 discriminator 1 view .LVU694
 2076 004c FFF7FEFF 		bl	printf
 2077              	.LVL225:
1078:Middlewares/Third_Party/LwIP/src/core/udp.c **** 
 2078              		.loc 1 1078 3 is_stmt 1 discriminator 1 view .LVU695
ARM GAS  /tmp/cc3xdAUq.s 			page 67


1078:Middlewares/Third_Party/LwIP/src/core/udp.c **** 
 2079              		.loc 1 1078 3 discriminator 1 view .LVU696
 2080 0050 6FF00F00 		mvn	r0, #15
 2081 0054 09E0     		b	.L167
 2082              	.LVL226:
 2083              	.L176:
 2084              	.LBB2:
1081:Middlewares/Third_Party/LwIP/src/core/udp.c ****     if (err != ERR_OK) {
 2085              		.loc 1 1081 5 view .LVU697
1081:Middlewares/Third_Party/LwIP/src/core/udp.c ****     if (err != ERR_OK) {
 2086              		.loc 1 1081 17 is_stmt 0 view .LVU698
 2087 0056 0146     		mov	r1, r0
 2088              	.LVL227:
1081:Middlewares/Third_Party/LwIP/src/core/udp.c ****     if (err != ERR_OK) {
 2089              		.loc 1 1081 17 view .LVU699
 2090 0058 FFF7FEFF 		bl	udp_bind
 2091              	.LVL228:
1082:Middlewares/Third_Party/LwIP/src/core/udp.c ****       return err;
 2092              		.loc 1 1082 5 is_stmt 1 view .LVU700
1082:Middlewares/Third_Party/LwIP/src/core/udp.c ****       return err;
 2093              		.loc 1 1082 8 is_stmt 0 view .LVU701
 2094 005c 0028     		cmp	r0, #0
 2095 005e D7D0     		beq	.L169
 2096 0060 03E0     		b	.L167
 2097              	.LVL229:
 2098              	.L177:
1082:Middlewares/Third_Party/LwIP/src/core/udp.c ****       return err;
 2099              		.loc 1 1082 8 view .LVU702
 2100              	.LBE2:
1108:Middlewares/Third_Party/LwIP/src/core/udp.c ****       /* already on the list, just return */
1109:Middlewares/Third_Party/LwIP/src/core/udp.c ****       return ERR_OK;
1110:Middlewares/Third_Party/LwIP/src/core/udp.c ****     }
1111:Middlewares/Third_Party/LwIP/src/core/udp.c ****   }
1112:Middlewares/Third_Party/LwIP/src/core/udp.c ****   /* PCB not yet on the list, add PCB now */
1113:Middlewares/Third_Party/LwIP/src/core/udp.c ****   pcb->next = udp_pcbs;
 2101              		.loc 1 1113 3 is_stmt 1 view .LVU703
 2102              		.loc 1 1113 13 is_stmt 0 view .LVU704
 2103 0062 E260     		str	r2, [r4, #12]
1114:Middlewares/Third_Party/LwIP/src/core/udp.c ****   udp_pcbs = pcb;
 2104              		.loc 1 1114 3 is_stmt 1 view .LVU705
 2105              		.loc 1 1114 12 is_stmt 0 view .LVU706
 2106 0064 024B     		ldr	r3, .L178
 2107              	.LVL230:
 2108              		.loc 1 1114 12 view .LVU707
 2109 0066 1C60     		str	r4, [r3]
1115:Middlewares/Third_Party/LwIP/src/core/udp.c ****   return ERR_OK;
 2110              		.loc 1 1115 3 is_stmt 1 view .LVU708
 2111              		.loc 1 1115 10 is_stmt 0 view .LVU709
 2112 0068 0020     		movs	r0, #0
 2113              	.LVL231:
 2114              	.L167:
1116:Middlewares/Third_Party/LwIP/src/core/udp.c **** }
 2115              		.loc 1 1116 1 view .LVU710
 2116 006a 70BD     		pop	{r4, r5, r6, pc}
 2117              	.LVL232:
 2118              	.L172:
1109:Middlewares/Third_Party/LwIP/src/core/udp.c ****     }
ARM GAS  /tmp/cc3xdAUq.s 			page 68


 2119              		.loc 1 1109 14 view .LVU711
 2120 006c 0020     		movs	r0, #0
 2121 006e FCE7     		b	.L167
 2122              	.L179:
 2123              		.align	2
 2124              	.L178:
 2125 0070 00000000 		.word	udp_pcbs
 2126 0074 00000000 		.word	.LC0
 2127 0078 00000000 		.word	.LC23
 2128 007c 50000000 		.word	.LC2
 2129 0080 1C000000 		.word	.LC24
 2130              		.cfi_endproc
 2131              	.LFE169:
 2133              		.section	.rodata.udp_disconnect.str1.4,"aMS",%progbits,1
 2134              		.align	2
 2135              	.LC25:
 2136 0000 7564705F 		.ascii	"udp_disconnect: invalid pcb\000"
 2136      64697363 
 2136      6F6E6E65 
 2136      63743A20 
 2136      696E7661 
 2137              		.section	.text.udp_disconnect,"ax",%progbits
 2138              		.align	1
 2139              		.global	udp_disconnect
 2140              		.syntax unified
 2141              		.thumb
 2142              		.thumb_func
 2143              		.fpu fpv4-sp-d16
 2145              	udp_disconnect:
 2146              	.LVL233:
 2147              	.LFB170:
1117:Middlewares/Third_Party/LwIP/src/core/udp.c **** 
1118:Middlewares/Third_Party/LwIP/src/core/udp.c **** /**
1119:Middlewares/Third_Party/LwIP/src/core/udp.c ****  * @ingroup udp_raw
1120:Middlewares/Third_Party/LwIP/src/core/udp.c ****  * Remove the remote end of the pcb. This function does not generate
1121:Middlewares/Third_Party/LwIP/src/core/udp.c ****  * any network traffic, but only removes the remote address of the pcb.
1122:Middlewares/Third_Party/LwIP/src/core/udp.c ****  *
1123:Middlewares/Third_Party/LwIP/src/core/udp.c ****  * @param pcb the udp pcb to disconnect.
1124:Middlewares/Third_Party/LwIP/src/core/udp.c ****  */
1125:Middlewares/Third_Party/LwIP/src/core/udp.c **** void
1126:Middlewares/Third_Party/LwIP/src/core/udp.c **** udp_disconnect(struct udp_pcb *pcb)
1127:Middlewares/Third_Party/LwIP/src/core/udp.c **** {
 2148              		.loc 1 1127 1 is_stmt 1 view -0
 2149              		.cfi_startproc
 2150              		@ args = 0, pretend = 0, frame = 0
 2151              		@ frame_needed = 0, uses_anonymous_args = 0
 2152              		.loc 1 1127 1 is_stmt 0 view .LVU713
 2153 0000 08B5     		push	{r3, lr}
 2154              	.LCFI20:
 2155              		.cfi_def_cfa_offset 8
 2156              		.cfi_offset 3, -8
 2157              		.cfi_offset 14, -4
1128:Middlewares/Third_Party/LwIP/src/core/udp.c ****   LWIP_ASSERT_CORE_LOCKED();
 2158              		.loc 1 1128 28 is_stmt 1 view .LVU714
1129:Middlewares/Third_Party/LwIP/src/core/udp.c **** 
1130:Middlewares/Third_Party/LwIP/src/core/udp.c ****   LWIP_ERROR("udp_disconnect: invalid pcb", pcb != NULL, return);
 2159              		.loc 1 1130 3 view .LVU715
ARM GAS  /tmp/cc3xdAUq.s 			page 69


 2160              		.loc 1 1130 3 view .LVU716
 2161 0002 40B1     		cbz	r0, .L184
 2162              		.loc 1 1130 3 discriminator 2 view .LVU717
1131:Middlewares/Third_Party/LwIP/src/core/udp.c **** 
1132:Middlewares/Third_Party/LwIP/src/core/udp.c ****   /* reset remote address association */
1133:Middlewares/Third_Party/LwIP/src/core/udp.c **** #if LWIP_IPV4 && LWIP_IPV6
1134:Middlewares/Third_Party/LwIP/src/core/udp.c ****   if (IP_IS_ANY_TYPE_VAL(pcb->local_ip)) {
1135:Middlewares/Third_Party/LwIP/src/core/udp.c ****     ip_addr_copy(pcb->remote_ip, *IP_ANY_TYPE);
1136:Middlewares/Third_Party/LwIP/src/core/udp.c ****   } else {
1137:Middlewares/Third_Party/LwIP/src/core/udp.c **** #endif
1138:Middlewares/Third_Party/LwIP/src/core/udp.c ****     ip_addr_set_any(IP_IS_V6_VAL(pcb->remote_ip), &pcb->remote_ip);
 2163              		.loc 1 1138 5 discriminator 2 view .LVU718
 2164 0004 0022     		movs	r2, #0
 2165 0006 4260     		str	r2, [r0, #4]
1139:Middlewares/Third_Party/LwIP/src/core/udp.c **** #if LWIP_IPV4 && LWIP_IPV6
1140:Middlewares/Third_Party/LwIP/src/core/udp.c ****   }
1141:Middlewares/Third_Party/LwIP/src/core/udp.c **** #endif
1142:Middlewares/Third_Party/LwIP/src/core/udp.c ****   pcb->remote_port = 0;
 2166              		.loc 1 1142 3 discriminator 2 view .LVU719
 2167              		.loc 1 1142 20 is_stmt 0 discriminator 2 view .LVU720
 2168 0008 8282     		strh	r2, [r0, #20]	@ movhi
1143:Middlewares/Third_Party/LwIP/src/core/udp.c ****   pcb->netif_idx = NETIF_NO_INDEX;
 2169              		.loc 1 1143 3 is_stmt 1 discriminator 2 view .LVU721
 2170              		.loc 1 1143 18 is_stmt 0 discriminator 2 view .LVU722
 2171 000a 0272     		strb	r2, [r0, #8]
1144:Middlewares/Third_Party/LwIP/src/core/udp.c ****   /* mark PCB as unconnected */
1145:Middlewares/Third_Party/LwIP/src/core/udp.c ****   udp_clear_flags(pcb, UDP_FLAGS_CONNECTED);
 2172              		.loc 1 1145 3 is_stmt 1 discriminator 2 view .LVU723
 2173              		.loc 1 1145 3 discriminator 2 view .LVU724
 2174 000c 027C     		ldrb	r2, [r0, #16]	@ zero_extendqisi2
 2175 000e 02F0FB02 		and	r2, r2, #251
 2176 0012 0274     		strb	r2, [r0, #16]
 2177              		.loc 1 1145 3 discriminator 2 view .LVU725
 2178              	.LVL234:
 2179              	.L180:
1146:Middlewares/Third_Party/LwIP/src/core/udp.c **** }
 2180              		.loc 1 1146 1 is_stmt 0 view .LVU726
 2181 0014 08BD     		pop	{r3, pc}
 2182              	.LVL235:
 2183              	.L184:
1130:Middlewares/Third_Party/LwIP/src/core/udp.c **** 
 2184              		.loc 1 1130 3 is_stmt 1 discriminator 1 view .LVU727
1130:Middlewares/Third_Party/LwIP/src/core/udp.c **** 
 2185              		.loc 1 1130 3 discriminator 1 view .LVU728
 2186 0016 044B     		ldr	r3, .L185
 2187 0018 40F26A42 		movw	r2, #1130
 2188 001c 0349     		ldr	r1, .L185+4
 2189 001e 0448     		ldr	r0, .L185+8
 2190              	.LVL236:
1130:Middlewares/Third_Party/LwIP/src/core/udp.c **** 
 2191              		.loc 1 1130 3 is_stmt 0 discriminator 1 view .LVU729
 2192 0020 FFF7FEFF 		bl	printf
 2193              	.LVL237:
1130:Middlewares/Third_Party/LwIP/src/core/udp.c **** 
 2194              		.loc 1 1130 3 is_stmt 1 discriminator 1 view .LVU730
1130:Middlewares/Third_Party/LwIP/src/core/udp.c **** 
 2195              		.loc 1 1130 3 discriminator 1 view .LVU731
ARM GAS  /tmp/cc3xdAUq.s 			page 70


 2196 0024 F6E7     		b	.L180
 2197              	.L186:
 2198 0026 00BF     		.align	2
 2199              	.L185:
 2200 0028 00000000 		.word	.LC0
 2201 002c 00000000 		.word	.LC25
 2202 0030 50000000 		.word	.LC2
 2203              		.cfi_endproc
 2204              	.LFE170:
 2206              		.section	.rodata.udp_recv.str1.4,"aMS",%progbits,1
 2207              		.align	2
 2208              	.LC26:
 2209 0000 7564705F 		.ascii	"udp_recv: invalid pcb\000"
 2209      72656376 
 2209      3A20696E 
 2209      76616C69 
 2209      64207063 
 2210              		.section	.text.udp_recv,"ax",%progbits
 2211              		.align	1
 2212              		.global	udp_recv
 2213              		.syntax unified
 2214              		.thumb
 2215              		.thumb_func
 2216              		.fpu fpv4-sp-d16
 2218              	udp_recv:
 2219              	.LVL238:
 2220              	.LFB171:
1147:Middlewares/Third_Party/LwIP/src/core/udp.c **** 
1148:Middlewares/Third_Party/LwIP/src/core/udp.c **** /**
1149:Middlewares/Third_Party/LwIP/src/core/udp.c ****  * @ingroup udp_raw
1150:Middlewares/Third_Party/LwIP/src/core/udp.c ****  * Set a receive callback for a UDP PCB.
1151:Middlewares/Third_Party/LwIP/src/core/udp.c ****  * This callback will be called when receiving a datagram for the pcb.
1152:Middlewares/Third_Party/LwIP/src/core/udp.c ****  *
1153:Middlewares/Third_Party/LwIP/src/core/udp.c ****  * @param pcb the pcb for which to set the recv callback
1154:Middlewares/Third_Party/LwIP/src/core/udp.c ****  * @param recv function pointer of the callback function
1155:Middlewares/Third_Party/LwIP/src/core/udp.c ****  * @param recv_arg additional argument to pass to the callback function
1156:Middlewares/Third_Party/LwIP/src/core/udp.c ****  */
1157:Middlewares/Third_Party/LwIP/src/core/udp.c **** void
1158:Middlewares/Third_Party/LwIP/src/core/udp.c **** udp_recv(struct udp_pcb *pcb, udp_recv_fn recv, void *recv_arg)
1159:Middlewares/Third_Party/LwIP/src/core/udp.c **** {
 2221              		.loc 1 1159 1 view -0
 2222              		.cfi_startproc
 2223              		@ args = 0, pretend = 0, frame = 0
 2224              		@ frame_needed = 0, uses_anonymous_args = 0
 2225              		.loc 1 1159 1 is_stmt 0 view .LVU733
 2226 0000 08B5     		push	{r3, lr}
 2227              	.LCFI21:
 2228              		.cfi_def_cfa_offset 8
 2229              		.cfi_offset 3, -8
 2230              		.cfi_offset 14, -4
1160:Middlewares/Third_Party/LwIP/src/core/udp.c ****   LWIP_ASSERT_CORE_LOCKED();
 2231              		.loc 1 1160 28 is_stmt 1 view .LVU734
1161:Middlewares/Third_Party/LwIP/src/core/udp.c **** 
1162:Middlewares/Third_Party/LwIP/src/core/udp.c ****   LWIP_ERROR("udp_recv: invalid pcb", pcb != NULL, return);
 2232              		.loc 1 1162 3 view .LVU735
 2233              		.loc 1 1162 3 view .LVU736
 2234 0002 10B1     		cbz	r0, .L191
ARM GAS  /tmp/cc3xdAUq.s 			page 71


 2235              		.loc 1 1162 3 discriminator 2 view .LVU737
1163:Middlewares/Third_Party/LwIP/src/core/udp.c **** 
1164:Middlewares/Third_Party/LwIP/src/core/udp.c ****   /* remember recv() callback and user data */
1165:Middlewares/Third_Party/LwIP/src/core/udp.c ****   pcb->recv = recv;
 2236              		.loc 1 1165 3 discriminator 2 view .LVU738
 2237              		.loc 1 1165 13 is_stmt 0 discriminator 2 view .LVU739
 2238 0004 8161     		str	r1, [r0, #24]
1166:Middlewares/Third_Party/LwIP/src/core/udp.c ****   pcb->recv_arg = recv_arg;
 2239              		.loc 1 1166 3 is_stmt 1 discriminator 2 view .LVU740
 2240              		.loc 1 1166 17 is_stmt 0 discriminator 2 view .LVU741
 2241 0006 C261     		str	r2, [r0, #28]
 2242              	.LVL239:
 2243              	.L187:
1167:Middlewares/Third_Party/LwIP/src/core/udp.c **** }
 2244              		.loc 1 1167 1 view .LVU742
 2245 0008 08BD     		pop	{r3, pc}
 2246              	.LVL240:
 2247              	.L191:
1162:Middlewares/Third_Party/LwIP/src/core/udp.c **** 
 2248              		.loc 1 1162 3 is_stmt 1 discriminator 1 view .LVU743
1162:Middlewares/Third_Party/LwIP/src/core/udp.c **** 
 2249              		.loc 1 1162 3 discriminator 1 view .LVU744
 2250 000a 044B     		ldr	r3, .L192
 2251 000c 40F28A42 		movw	r2, #1162
 2252              	.LVL241:
1162:Middlewares/Third_Party/LwIP/src/core/udp.c **** 
 2253              		.loc 1 1162 3 is_stmt 0 discriminator 1 view .LVU745
 2254 0010 0349     		ldr	r1, .L192+4
 2255              	.LVL242:
1162:Middlewares/Third_Party/LwIP/src/core/udp.c **** 
 2256              		.loc 1 1162 3 discriminator 1 view .LVU746
 2257 0012 0448     		ldr	r0, .L192+8
 2258              	.LVL243:
1162:Middlewares/Third_Party/LwIP/src/core/udp.c **** 
 2259              		.loc 1 1162 3 discriminator 1 view .LVU747
 2260 0014 FFF7FEFF 		bl	printf
 2261              	.LVL244:
1162:Middlewares/Third_Party/LwIP/src/core/udp.c **** 
 2262              		.loc 1 1162 3 is_stmt 1 discriminator 1 view .LVU748
1162:Middlewares/Third_Party/LwIP/src/core/udp.c **** 
 2263              		.loc 1 1162 3 discriminator 1 view .LVU749
 2264 0018 F6E7     		b	.L187
 2265              	.L193:
 2266 001a 00BF     		.align	2
 2267              	.L192:
 2268 001c 00000000 		.word	.LC0
 2269 0020 00000000 		.word	.LC26
 2270 0024 50000000 		.word	.LC2
 2271              		.cfi_endproc
 2272              	.LFE171:
 2274              		.section	.rodata.udp_remove.str1.4,"aMS",%progbits,1
 2275              		.align	2
 2276              	.LC27:
 2277 0000 7564705F 		.ascii	"udp_remove: invalid pcb\000"
 2277      72656D6F 
 2277      76653A20 
 2277      696E7661 
ARM GAS  /tmp/cc3xdAUq.s 			page 72


 2277      6C696420 
 2278              		.section	.text.udp_remove,"ax",%progbits
 2279              		.align	1
 2280              		.global	udp_remove
 2281              		.syntax unified
 2282              		.thumb
 2283              		.thumb_func
 2284              		.fpu fpv4-sp-d16
 2286              	udp_remove:
 2287              	.LVL245:
 2288              	.LFB172:
1168:Middlewares/Third_Party/LwIP/src/core/udp.c **** 
1169:Middlewares/Third_Party/LwIP/src/core/udp.c **** /**
1170:Middlewares/Third_Party/LwIP/src/core/udp.c ****  * @ingroup udp_raw
1171:Middlewares/Third_Party/LwIP/src/core/udp.c ****  * Removes and deallocates the pcb.  
1172:Middlewares/Third_Party/LwIP/src/core/udp.c ****  * 
1173:Middlewares/Third_Party/LwIP/src/core/udp.c ****  * @param pcb UDP PCB to be removed. The PCB is removed from the list of
1174:Middlewares/Third_Party/LwIP/src/core/udp.c ****  * UDP PCB's and the data structure is freed from memory.
1175:Middlewares/Third_Party/LwIP/src/core/udp.c ****  *
1176:Middlewares/Third_Party/LwIP/src/core/udp.c ****  * @see udp_new()
1177:Middlewares/Third_Party/LwIP/src/core/udp.c ****  */
1178:Middlewares/Third_Party/LwIP/src/core/udp.c **** void
1179:Middlewares/Third_Party/LwIP/src/core/udp.c **** udp_remove(struct udp_pcb *pcb)
1180:Middlewares/Third_Party/LwIP/src/core/udp.c **** {
 2289              		.loc 1 1180 1 view -0
 2290              		.cfi_startproc
 2291              		@ args = 0, pretend = 0, frame = 0
 2292              		@ frame_needed = 0, uses_anonymous_args = 0
 2293              		.loc 1 1180 1 is_stmt 0 view .LVU751
 2294 0000 08B5     		push	{r3, lr}
 2295              	.LCFI22:
 2296              		.cfi_def_cfa_offset 8
 2297              		.cfi_offset 3, -8
 2298              		.cfi_offset 14, -4
1181:Middlewares/Third_Party/LwIP/src/core/udp.c ****   struct udp_pcb *pcb2;
 2299              		.loc 1 1181 3 is_stmt 1 view .LVU752
1182:Middlewares/Third_Party/LwIP/src/core/udp.c **** 
1183:Middlewares/Third_Party/LwIP/src/core/udp.c ****   LWIP_ASSERT_CORE_LOCKED();
 2300              		.loc 1 1183 28 view .LVU753
1184:Middlewares/Third_Party/LwIP/src/core/udp.c **** 
1185:Middlewares/Third_Party/LwIP/src/core/udp.c ****   LWIP_ERROR("udp_remove: invalid pcb", pcb != NULL, return);
 2301              		.loc 1 1185 3 view .LVU754
 2302              		.loc 1 1185 3 view .LVU755
 2303 0002 50B1     		cbz	r0, .L203
 2304 0004 0146     		mov	r1, r0
 2305              		.loc 1 1185 3 discriminator 2 view .LVU756
1186:Middlewares/Third_Party/LwIP/src/core/udp.c **** 
1187:Middlewares/Third_Party/LwIP/src/core/udp.c ****   mib2_udp_unbind(pcb);
 2306              		.loc 1 1187 23 discriminator 2 view .LVU757
1188:Middlewares/Third_Party/LwIP/src/core/udp.c ****   /* pcb to be removed is first in list? */
1189:Middlewares/Third_Party/LwIP/src/core/udp.c ****   if (udp_pcbs == pcb) {
 2307              		.loc 1 1189 3 discriminator 2 view .LVU758
 2308              		.loc 1 1189 16 is_stmt 0 discriminator 2 view .LVU759
 2309 0006 0F4B     		ldr	r3, .L205
 2310 0008 1A68     		ldr	r2, [r3]
 2311              		.loc 1 1189 6 discriminator 2 view .LVU760
 2312 000a 8242     		cmp	r2, r0
ARM GAS  /tmp/cc3xdAUq.s 			page 73


 2313 000c 11D1     		bne	.L197
1190:Middlewares/Third_Party/LwIP/src/core/udp.c ****     /* make list start at 2nd pcb */
1191:Middlewares/Third_Party/LwIP/src/core/udp.c ****     udp_pcbs = udp_pcbs->next;
 2314              		.loc 1 1191 5 is_stmt 1 view .LVU761
 2315              		.loc 1 1191 24 is_stmt 0 view .LVU762
 2316 000e D268     		ldr	r2, [r2, #12]
 2317              		.loc 1 1191 14 view .LVU763
 2318 0010 1A60     		str	r2, [r3]
 2319              	.L198:
1192:Middlewares/Third_Party/LwIP/src/core/udp.c ****     /* pcb not 1st in list */
1193:Middlewares/Third_Party/LwIP/src/core/udp.c ****   } else {
1194:Middlewares/Third_Party/LwIP/src/core/udp.c ****     for (pcb2 = udp_pcbs; pcb2 != NULL; pcb2 = pcb2->next) {
1195:Middlewares/Third_Party/LwIP/src/core/udp.c ****       /* find pcb in udp_pcbs list */
1196:Middlewares/Third_Party/LwIP/src/core/udp.c ****       if (pcb2->next != NULL && pcb2->next == pcb) {
1197:Middlewares/Third_Party/LwIP/src/core/udp.c ****         /* remove pcb from list */
1198:Middlewares/Third_Party/LwIP/src/core/udp.c ****         pcb2->next = pcb->next;
1199:Middlewares/Third_Party/LwIP/src/core/udp.c ****         break;
1200:Middlewares/Third_Party/LwIP/src/core/udp.c ****       }
1201:Middlewares/Third_Party/LwIP/src/core/udp.c ****     }
1202:Middlewares/Third_Party/LwIP/src/core/udp.c ****   }
1203:Middlewares/Third_Party/LwIP/src/core/udp.c ****   memp_free(MEMP_UDP_PCB, pcb);
 2320              		.loc 1 1203 3 is_stmt 1 view .LVU764
 2321 0012 0120     		movs	r0, #1
 2322              	.LVL246:
 2323              		.loc 1 1203 3 is_stmt 0 view .LVU765
 2324 0014 FFF7FEFF 		bl	memp_free
 2325              	.LVL247:
 2326              	.L194:
1204:Middlewares/Third_Party/LwIP/src/core/udp.c **** }
 2327              		.loc 1 1204 1 view .LVU766
 2328 0018 08BD     		pop	{r3, pc}
 2329              	.LVL248:
 2330              	.L203:
1185:Middlewares/Third_Party/LwIP/src/core/udp.c **** 
 2331              		.loc 1 1185 3 is_stmt 1 discriminator 1 view .LVU767
1185:Middlewares/Third_Party/LwIP/src/core/udp.c **** 
 2332              		.loc 1 1185 3 discriminator 1 view .LVU768
 2333 001a 0B4B     		ldr	r3, .L205+4
 2334 001c 40F2A142 		movw	r2, #1185
 2335 0020 0A49     		ldr	r1, .L205+8
 2336 0022 0B48     		ldr	r0, .L205+12
 2337              	.LVL249:
1185:Middlewares/Third_Party/LwIP/src/core/udp.c **** 
 2338              		.loc 1 1185 3 is_stmt 0 discriminator 1 view .LVU769
 2339 0024 FFF7FEFF 		bl	printf
 2340              	.LVL250:
1185:Middlewares/Third_Party/LwIP/src/core/udp.c **** 
 2341              		.loc 1 1185 3 is_stmt 1 discriminator 1 view .LVU770
1185:Middlewares/Third_Party/LwIP/src/core/udp.c **** 
 2342              		.loc 1 1185 3 discriminator 1 view .LVU771
 2343 0028 F6E7     		b	.L194
 2344              	.LVL251:
 2345              	.L204:
1198:Middlewares/Third_Party/LwIP/src/core/udp.c ****         break;
 2346              		.loc 1 1198 9 view .LVU772
1198:Middlewares/Third_Party/LwIP/src/core/udp.c ****         break;
 2347              		.loc 1 1198 25 is_stmt 0 view .LVU773
ARM GAS  /tmp/cc3xdAUq.s 			page 74


 2348 002a CB68     		ldr	r3, [r1, #12]
1198:Middlewares/Third_Party/LwIP/src/core/udp.c ****         break;
 2349              		.loc 1 1198 20 view .LVU774
 2350 002c D360     		str	r3, [r2, #12]
1199:Middlewares/Third_Party/LwIP/src/core/udp.c ****       }
 2351              		.loc 1 1199 9 is_stmt 1 view .LVU775
 2352 002e F0E7     		b	.L198
 2353              	.L200:
1199:Middlewares/Third_Party/LwIP/src/core/udp.c ****       }
 2354              		.loc 1 1199 9 is_stmt 0 view .LVU776
 2355 0030 1A46     		mov	r2, r3
 2356              	.LVL252:
 2357              	.L197:
1194:Middlewares/Third_Party/LwIP/src/core/udp.c ****       /* find pcb in udp_pcbs list */
 2358              		.loc 1 1194 27 is_stmt 1 discriminator 1 view .LVU777
1194:Middlewares/Third_Party/LwIP/src/core/udp.c ****       /* find pcb in udp_pcbs list */
 2359              		.loc 1 1194 5 is_stmt 0 discriminator 1 view .LVU778
 2360 0032 002A     		cmp	r2, #0
 2361 0034 EDD0     		beq	.L198
1196:Middlewares/Third_Party/LwIP/src/core/udp.c ****         /* remove pcb from list */
 2362              		.loc 1 1196 7 is_stmt 1 view .LVU779
1196:Middlewares/Third_Party/LwIP/src/core/udp.c ****         /* remove pcb from list */
 2363              		.loc 1 1196 15 is_stmt 0 view .LVU780
 2364 0036 D368     		ldr	r3, [r2, #12]
1196:Middlewares/Third_Party/LwIP/src/core/udp.c ****         /* remove pcb from list */
 2365              		.loc 1 1196 10 view .LVU781
 2366 0038 002B     		cmp	r3, #0
 2367 003a F9D0     		beq	.L200
1196:Middlewares/Third_Party/LwIP/src/core/udp.c ****         /* remove pcb from list */
 2368              		.loc 1 1196 30 discriminator 1 view .LVU782
 2369 003c 8B42     		cmp	r3, r1
 2370 003e F4D0     		beq	.L204
 2371 0040 1A46     		mov	r2, r3
 2372              	.LVL253:
1196:Middlewares/Third_Party/LwIP/src/core/udp.c ****         /* remove pcb from list */
 2373              		.loc 1 1196 30 discriminator 1 view .LVU783
 2374 0042 F6E7     		b	.L197
 2375              	.L206:
 2376              		.align	2
 2377              	.L205:
 2378 0044 00000000 		.word	udp_pcbs
 2379 0048 00000000 		.word	.LC0
 2380 004c 00000000 		.word	.LC27
 2381 0050 50000000 		.word	.LC2
 2382              		.cfi_endproc
 2383              	.LFE172:
 2385              		.section	.text.udp_new,"ax",%progbits
 2386              		.align	1
 2387              		.global	udp_new
 2388              		.syntax unified
 2389              		.thumb
 2390              		.thumb_func
 2391              		.fpu fpv4-sp-d16
 2393              	udp_new:
 2394              	.LFB173:
1205:Middlewares/Third_Party/LwIP/src/core/udp.c **** 
1206:Middlewares/Third_Party/LwIP/src/core/udp.c **** /**
ARM GAS  /tmp/cc3xdAUq.s 			page 75


1207:Middlewares/Third_Party/LwIP/src/core/udp.c ****  * @ingroup udp_raw
1208:Middlewares/Third_Party/LwIP/src/core/udp.c ****  * Creates a new UDP pcb which can be used for UDP communication. The
1209:Middlewares/Third_Party/LwIP/src/core/udp.c ****  * pcb is not active until it has either been bound to a local address
1210:Middlewares/Third_Party/LwIP/src/core/udp.c ****  * or connected to a remote address.
1211:Middlewares/Third_Party/LwIP/src/core/udp.c ****  *
1212:Middlewares/Third_Party/LwIP/src/core/udp.c ****  * @return The UDP PCB which was created. NULL if the PCB data structure
1213:Middlewares/Third_Party/LwIP/src/core/udp.c ****  * could not be allocated.
1214:Middlewares/Third_Party/LwIP/src/core/udp.c ****  *
1215:Middlewares/Third_Party/LwIP/src/core/udp.c ****  * @see udp_remove()
1216:Middlewares/Third_Party/LwIP/src/core/udp.c ****  */
1217:Middlewares/Third_Party/LwIP/src/core/udp.c **** struct udp_pcb *
1218:Middlewares/Third_Party/LwIP/src/core/udp.c **** udp_new(void)
1219:Middlewares/Third_Party/LwIP/src/core/udp.c **** {
 2395              		.loc 1 1219 1 is_stmt 1 view -0
 2396              		.cfi_startproc
 2397              		@ args = 0, pretend = 0, frame = 0
 2398              		@ frame_needed = 0, uses_anonymous_args = 0
 2399 0000 10B5     		push	{r4, lr}
 2400              	.LCFI23:
 2401              		.cfi_def_cfa_offset 8
 2402              		.cfi_offset 4, -8
 2403              		.cfi_offset 14, -4
1220:Middlewares/Third_Party/LwIP/src/core/udp.c ****   struct udp_pcb *pcb;
 2404              		.loc 1 1220 3 view .LVU785
1221:Middlewares/Third_Party/LwIP/src/core/udp.c **** 
1222:Middlewares/Third_Party/LwIP/src/core/udp.c ****   LWIP_ASSERT_CORE_LOCKED();
 2405              		.loc 1 1222 28 view .LVU786
1223:Middlewares/Third_Party/LwIP/src/core/udp.c **** 
1224:Middlewares/Third_Party/LwIP/src/core/udp.c ****   pcb = (struct udp_pcb *)memp_malloc(MEMP_UDP_PCB);
 2406              		.loc 1 1224 3 view .LVU787
 2407              		.loc 1 1224 27 is_stmt 0 view .LVU788
 2408 0002 0120     		movs	r0, #1
 2409 0004 FFF7FEFF 		bl	memp_malloc
 2410              	.LVL254:
1225:Middlewares/Third_Party/LwIP/src/core/udp.c ****   /* could allocate UDP PCB? */
1226:Middlewares/Third_Party/LwIP/src/core/udp.c ****   if (pcb != NULL) {
 2411              		.loc 1 1226 3 is_stmt 1 view .LVU789
 2412              		.loc 1 1226 6 is_stmt 0 view .LVU790
 2413 0008 0446     		mov	r4, r0
 2414 000a 28B1     		cbz	r0, .L207
1227:Middlewares/Third_Party/LwIP/src/core/udp.c ****     /* UDP Lite: by initializing to all zeroes, chksum_len is set to 0
1228:Middlewares/Third_Party/LwIP/src/core/udp.c ****      * which means checksum is generated over the whole datagram per default
1229:Middlewares/Third_Party/LwIP/src/core/udp.c ****      * (recommended as default by RFC 3828). */
1230:Middlewares/Third_Party/LwIP/src/core/udp.c ****     /* initialize PCB to all zeroes */
1231:Middlewares/Third_Party/LwIP/src/core/udp.c ****     memset(pcb, 0, sizeof(struct udp_pcb));
 2415              		.loc 1 1231 5 is_stmt 1 view .LVU791
 2416 000c 2022     		movs	r2, #32
 2417 000e 0021     		movs	r1, #0
 2418 0010 FFF7FEFF 		bl	memset
 2419              	.LVL255:
1232:Middlewares/Third_Party/LwIP/src/core/udp.c ****     pcb->ttl = UDP_TTL;
 2420              		.loc 1 1232 5 view .LVU792
 2421              		.loc 1 1232 14 is_stmt 0 view .LVU793
 2422 0014 FF23     		movs	r3, #255
 2423 0016 E372     		strb	r3, [r4, #11]
1233:Middlewares/Third_Party/LwIP/src/core/udp.c **** #if LWIP_MULTICAST_TX_OPTIONS
1234:Middlewares/Third_Party/LwIP/src/core/udp.c ****     udp_set_multicast_ttl(pcb, UDP_TTL);
ARM GAS  /tmp/cc3xdAUq.s 			page 76


1235:Middlewares/Third_Party/LwIP/src/core/udp.c **** #endif /* LWIP_MULTICAST_TX_OPTIONS */
1236:Middlewares/Third_Party/LwIP/src/core/udp.c ****   }
1237:Middlewares/Third_Party/LwIP/src/core/udp.c ****   return pcb;
 2424              		.loc 1 1237 3 is_stmt 1 view .LVU794
 2425              	.L207:
1238:Middlewares/Third_Party/LwIP/src/core/udp.c **** }
 2426              		.loc 1 1238 1 is_stmt 0 view .LVU795
 2427 0018 2046     		mov	r0, r4
 2428 001a 10BD     		pop	{r4, pc}
 2429              		.loc 1 1238 1 view .LVU796
 2430              		.cfi_endproc
 2431              	.LFE173:
 2433              		.section	.text.udp_new_ip_type,"ax",%progbits
 2434              		.align	1
 2435              		.global	udp_new_ip_type
 2436              		.syntax unified
 2437              		.thumb
 2438              		.thumb_func
 2439              		.fpu fpv4-sp-d16
 2441              	udp_new_ip_type:
 2442              	.LVL256:
 2443              	.LFB174:
1239:Middlewares/Third_Party/LwIP/src/core/udp.c **** 
1240:Middlewares/Third_Party/LwIP/src/core/udp.c **** /**
1241:Middlewares/Third_Party/LwIP/src/core/udp.c ****  * @ingroup udp_raw
1242:Middlewares/Third_Party/LwIP/src/core/udp.c ****  * Create a UDP PCB for specific IP type.
1243:Middlewares/Third_Party/LwIP/src/core/udp.c ****  * The pcb is not active until it has either been bound to a local address
1244:Middlewares/Third_Party/LwIP/src/core/udp.c ****  * or connected to a remote address.
1245:Middlewares/Third_Party/LwIP/src/core/udp.c ****  * 
1246:Middlewares/Third_Party/LwIP/src/core/udp.c ****  * @param type IP address type, see @ref lwip_ip_addr_type definitions.
1247:Middlewares/Third_Party/LwIP/src/core/udp.c ****  * If you want to listen to IPv4 and IPv6 (dual-stack) packets,
1248:Middlewares/Third_Party/LwIP/src/core/udp.c ****  * supply @ref IPADDR_TYPE_ANY as argument and bind to @ref IP_ANY_TYPE.
1249:Middlewares/Third_Party/LwIP/src/core/udp.c ****  * @return The UDP PCB which was created. NULL if the PCB data structure
1250:Middlewares/Third_Party/LwIP/src/core/udp.c ****  * could not be allocated.
1251:Middlewares/Third_Party/LwIP/src/core/udp.c ****  *
1252:Middlewares/Third_Party/LwIP/src/core/udp.c ****  * @see udp_remove()
1253:Middlewares/Third_Party/LwIP/src/core/udp.c ****  */
1254:Middlewares/Third_Party/LwIP/src/core/udp.c **** struct udp_pcb *
1255:Middlewares/Third_Party/LwIP/src/core/udp.c **** udp_new_ip_type(u8_t type)
1256:Middlewares/Third_Party/LwIP/src/core/udp.c **** {
 2444              		.loc 1 1256 1 is_stmt 1 view -0
 2445              		.cfi_startproc
 2446              		@ args = 0, pretend = 0, frame = 0
 2447              		@ frame_needed = 0, uses_anonymous_args = 0
 2448              		.loc 1 1256 1 is_stmt 0 view .LVU798
 2449 0000 08B5     		push	{r3, lr}
 2450              	.LCFI24:
 2451              		.cfi_def_cfa_offset 8
 2452              		.cfi_offset 3, -8
 2453              		.cfi_offset 14, -4
1257:Middlewares/Third_Party/LwIP/src/core/udp.c ****   struct udp_pcb *pcb;
 2454              		.loc 1 1257 3 is_stmt 1 view .LVU799
1258:Middlewares/Third_Party/LwIP/src/core/udp.c **** 
1259:Middlewares/Third_Party/LwIP/src/core/udp.c ****   LWIP_ASSERT_CORE_LOCKED();
 2455              		.loc 1 1259 28 view .LVU800
1260:Middlewares/Third_Party/LwIP/src/core/udp.c **** 
1261:Middlewares/Third_Party/LwIP/src/core/udp.c ****   pcb = udp_new();
ARM GAS  /tmp/cc3xdAUq.s 			page 77


 2456              		.loc 1 1261 3 view .LVU801
 2457              		.loc 1 1261 9 is_stmt 0 view .LVU802
 2458 0002 FFF7FEFF 		bl	udp_new
 2459              	.LVL257:
1262:Middlewares/Third_Party/LwIP/src/core/udp.c **** #if LWIP_IPV4 && LWIP_IPV6
1263:Middlewares/Third_Party/LwIP/src/core/udp.c ****   if (pcb != NULL) {
1264:Middlewares/Third_Party/LwIP/src/core/udp.c ****     IP_SET_TYPE_VAL(pcb->local_ip,  type);
1265:Middlewares/Third_Party/LwIP/src/core/udp.c ****     IP_SET_TYPE_VAL(pcb->remote_ip, type);
1266:Middlewares/Third_Party/LwIP/src/core/udp.c ****   }
1267:Middlewares/Third_Party/LwIP/src/core/udp.c **** #else
1268:Middlewares/Third_Party/LwIP/src/core/udp.c ****   LWIP_UNUSED_ARG(type);
 2460              		.loc 1 1268 3 is_stmt 1 view .LVU803
1269:Middlewares/Third_Party/LwIP/src/core/udp.c **** #endif /* LWIP_IPV4 && LWIP_IPV6 */
1270:Middlewares/Third_Party/LwIP/src/core/udp.c ****   return pcb;
 2461              		.loc 1 1270 3 view .LVU804
1271:Middlewares/Third_Party/LwIP/src/core/udp.c **** }
 2462              		.loc 1 1271 1 is_stmt 0 view .LVU805
 2463 0006 08BD     		pop	{r3, pc}
 2464              		.cfi_endproc
 2465              	.LFE174:
 2467              		.section	.text.udp_netif_ip_addr_changed,"ax",%progbits
 2468              		.align	1
 2469              		.global	udp_netif_ip_addr_changed
 2470              		.syntax unified
 2471              		.thumb
 2472              		.thumb_func
 2473              		.fpu fpv4-sp-d16
 2475              	udp_netif_ip_addr_changed:
 2476              	.LVL258:
 2477              	.LFB175:
1272:Middlewares/Third_Party/LwIP/src/core/udp.c **** 
1273:Middlewares/Third_Party/LwIP/src/core/udp.c **** /** This function is called from netif.c when address is changed
1274:Middlewares/Third_Party/LwIP/src/core/udp.c ****  *
1275:Middlewares/Third_Party/LwIP/src/core/udp.c ****  * @param old_addr IP address of the netif before change
1276:Middlewares/Third_Party/LwIP/src/core/udp.c ****  * @param new_addr IP address of the netif after change
1277:Middlewares/Third_Party/LwIP/src/core/udp.c ****  */
1278:Middlewares/Third_Party/LwIP/src/core/udp.c **** void udp_netif_ip_addr_changed(const ip_addr_t *old_addr, const ip_addr_t *new_addr)
1279:Middlewares/Third_Party/LwIP/src/core/udp.c **** {
 2478              		.loc 1 1279 1 is_stmt 1 view -0
 2479              		.cfi_startproc
 2480              		@ args = 0, pretend = 0, frame = 0
 2481              		@ frame_needed = 0, uses_anonymous_args = 0
 2482              		@ link register save eliminated.
1280:Middlewares/Third_Party/LwIP/src/core/udp.c ****   struct udp_pcb *upcb;
 2483              		.loc 1 1280 3 view .LVU807
1281:Middlewares/Third_Party/LwIP/src/core/udp.c **** 
1282:Middlewares/Third_Party/LwIP/src/core/udp.c ****   if (!ip_addr_isany(old_addr) && !ip_addr_isany(new_addr)) {
 2484              		.loc 1 1282 3 view .LVU808
 2485              		.loc 1 1282 6 is_stmt 0 view .LVU809
 2486 0000 B8B1     		cbz	r0, .L218
 2487 0002 0246     		mov	r2, r0
 2488              		.loc 1 1282 8 discriminator 1 view .LVU810
 2489 0004 0368     		ldr	r3, [r0]
 2490              		.loc 1 1282 7 discriminator 1 view .LVU811
 2491 0006 A3B1     		cbz	r3, .L218
 2492              		.loc 1 1282 32 discriminator 2 view .LVU812
 2493 0008 99B1     		cbz	r1, .L218
ARM GAS  /tmp/cc3xdAUq.s 			page 78


 2494              		.loc 1 1282 36 discriminator 3 view .LVU813
 2495 000a 0B68     		ldr	r3, [r1]
 2496              		.loc 1 1282 35 discriminator 3 view .LVU814
 2497 000c 8BB1     		cbz	r3, .L218
1283:Middlewares/Third_Party/LwIP/src/core/udp.c ****     for (upcb = udp_pcbs; upcb != NULL; upcb = upcb->next) {
 2498              		.loc 1 1283 5 is_stmt 1 view .LVU815
 2499              		.loc 1 1283 15 is_stmt 0 view .LVU816
 2500 000e 094B     		ldr	r3, .L224
 2501 0010 1B68     		ldr	r3, [r3]
 2502              	.LVL259:
 2503              		.loc 1 1283 27 is_stmt 1 view .LVU817
 2504              		.loc 1 1283 5 is_stmt 0 view .LVU818
 2505 0012 6BB1     		cbz	r3, .L222
1279:Middlewares/Third_Party/LwIP/src/core/udp.c ****   struct udp_pcb *upcb;
 2506              		.loc 1 1279 1 view .LVU819
 2507 0014 10B4     		push	{r4}
 2508              	.LCFI25:
 2509              		.cfi_def_cfa_offset 4
 2510              		.cfi_offset 4, -4
 2511 0016 01E0     		b	.L216
 2512              	.LVL260:
 2513              	.L215:
 2514              		.loc 1 1283 41 is_stmt 1 discriminator 2 view .LVU820
 2515              		.loc 1 1283 46 is_stmt 0 discriminator 2 view .LVU821
 2516 0018 DB68     		ldr	r3, [r3, #12]
 2517              	.LVL261:
 2518              		.loc 1 1283 27 is_stmt 1 discriminator 2 view .LVU822
 2519              		.loc 1 1283 5 is_stmt 0 discriminator 2 view .LVU823
 2520 001a 33B1     		cbz	r3, .L223
 2521              	.L216:
1284:Middlewares/Third_Party/LwIP/src/core/udp.c ****       /* PCB bound to current local interface address? */
1285:Middlewares/Third_Party/LwIP/src/core/udp.c ****       if (ip_addr_cmp(&upcb->local_ip, old_addr)) {
 2522              		.loc 1 1285 7 is_stmt 1 view .LVU824
 2523              		.loc 1 1285 11 is_stmt 0 view .LVU825
 2524 001c 1C68     		ldr	r4, [r3]
 2525 001e 1068     		ldr	r0, [r2]
 2526              		.loc 1 1285 10 view .LVU826
 2527 0020 8442     		cmp	r4, r0
 2528 0022 F9D1     		bne	.L215
1286:Middlewares/Third_Party/LwIP/src/core/udp.c ****         /* The PCB is bound to the old ipaddr and
1287:Middlewares/Third_Party/LwIP/src/core/udp.c ****          * is set to bound to the new one instead */
1288:Middlewares/Third_Party/LwIP/src/core/udp.c ****         ip_addr_copy(upcb->local_ip, *new_addr);
 2529              		.loc 1 1288 9 is_stmt 1 view .LVU827
 2530 0024 0868     		ldr	r0, [r1]
 2531 0026 1860     		str	r0, [r3]
 2532 0028 F6E7     		b	.L215
 2533              	.L223:
1289:Middlewares/Third_Party/LwIP/src/core/udp.c ****       }
1290:Middlewares/Third_Party/LwIP/src/core/udp.c ****     }
1291:Middlewares/Third_Party/LwIP/src/core/udp.c ****   }
1292:Middlewares/Third_Party/LwIP/src/core/udp.c **** }
 2534              		.loc 1 1292 1 is_stmt 0 view .LVU828
 2535 002a 5DF8044B 		ldr	r4, [sp], #4
 2536              	.LCFI26:
 2537              		.cfi_restore 4
 2538              		.cfi_def_cfa_offset 0
 2539 002e 7047     		bx	lr
ARM GAS  /tmp/cc3xdAUq.s 			page 79


 2540              	.LVL262:
 2541              	.L222:
 2542              		.loc 1 1292 1 view .LVU829
 2543 0030 7047     		bx	lr
 2544              	.LVL263:
 2545              	.L218:
 2546              		.loc 1 1292 1 view .LVU830
 2547 0032 7047     		bx	lr
 2548              	.L225:
 2549              		.align	2
 2550              	.L224:
 2551 0034 00000000 		.word	udp_pcbs
 2552              		.cfi_endproc
 2553              	.LFE175:
 2555              		.comm	udp_pcbs,4,4
 2556              		.section	.data.udp_port,"aw"
 2557              		.align	1
 2558              		.set	.LANCHOR0,. + 0
 2561              	udp_port:
 2562 0000 00C0     		.short	-16384
 2563              		.text
 2564              	.Letext0:
 2565              		.file 2 "/opt/gcc-arm-none-eabi-9-2020-q2-update/arm-none-eabi/include/machine/_default_types.h"
 2566              		.file 3 "/opt/gcc-arm-none-eabi-9-2020-q2-update/arm-none-eabi/include/sys/_stdint.h"
 2567              		.file 4 "Drivers/CMSIS/Include/core_cm4.h"
 2568              		.file 5 "Drivers/CMSIS/Device/ST/STM32F4xx/Include/system_stm32f4xx.h"
 2569              		.file 6 "Drivers/STM32F4xx_HAL_Driver/Inc/stm32f4xx_hal.h"
 2570              		.file 7 "/opt/gcc-arm-none-eabi-9-2020-q2-update/lib/gcc/arm-none-eabi/9.3.1/include/stddef.h"
 2571              		.file 8 "/opt/gcc-arm-none-eabi-9-2020-q2-update/arm-none-eabi/include/sys/_types.h"
 2572              		.file 9 "/opt/gcc-arm-none-eabi-9-2020-q2-update/arm-none-eabi/include/sys/reent.h"
 2573              		.file 10 "/opt/gcc-arm-none-eabi-9-2020-q2-update/arm-none-eabi/include/sys/lock.h"
 2574              		.file 11 "/opt/gcc-arm-none-eabi-9-2020-q2-update/arm-none-eabi/include/stdlib.h"
 2575              		.file 12 "/opt/gcc-arm-none-eabi-9-2020-q2-update/arm-none-eabi/include/time.h"
 2576              		.file 13 "Middlewares/Third_Party/LwIP/src/include/lwip/arch.h"
 2577              		.file 14 "/opt/gcc-arm-none-eabi-9-2020-q2-update/arm-none-eabi/include/ctype.h"
 2578              		.file 15 "Middlewares/Third_Party/LwIP/src/include/lwip/err.h"
 2579              		.file 16 "Middlewares/Third_Party/LwIP/src/include/lwip/pbuf.h"
 2580              		.file 17 "Middlewares/Third_Party/LwIP/src/include/lwip/ip4_addr.h"
 2581              		.file 18 "Middlewares/Third_Party/LwIP/src/include/lwip/ip_addr.h"
 2582              		.file 19 "Middlewares/Third_Party/LwIP/src/include/lwip/memp.h"
 2583              		.file 20 "Middlewares/Third_Party/LwIP/src/include/lwip/priv/memp_priv.h"
 2584              		.file 21 "Middlewares/Third_Party/LwIP/src/include/lwip/netif.h"
 2585              		.file 22 "Middlewares/Third_Party/LwIP/src/include/lwip/prot/ip4.h"
 2586              		.file 23 "Middlewares/Third_Party/LwIP/src/include/lwip/ip.h"
 2587              		.file 24 "Middlewares/Third_Party/LwIP/src/include/lwip/prot/udp.h"
 2588              		.file 25 "Middlewares/Third_Party/LwIP/src/include/lwip/udp.h"
 2589              		.file 26 "/opt/gcc-arm-none-eabi-9-2020-q2-update/arm-none-eabi/include/stdio.h"
 2590              		.file 27 "Middlewares/Third_Party/LwIP/src/include/lwip/def.h"
 2591              		.file 28 "Middlewares/Third_Party/LwIP/src/include/lwip/ip4.h"
 2592              		.file 29 "Middlewares/Third_Party/LwIP/src/include/lwip/icmp.h"
 2593              		.file 30 "<built-in>"
ARM GAS  /tmp/cc3xdAUq.s 			page 80


DEFINED SYMBOLS
                            *ABS*:0000000000000000 udp.c
     /tmp/cc3xdAUq.s:18     .text.udp_new_port:0000000000000000 $t
     /tmp/cc3xdAUq.s:25     .text.udp_new_port:0000000000000000 udp_new_port
     /tmp/cc3xdAUq.s:114    .text.udp_new_port:0000000000000044 $d
                            *COM*:0000000000000004 udp_pcbs
     /tmp/cc3xdAUq.s:120    .rodata.udp_input_local_match.str1.4:0000000000000000 $d
     /tmp/cc3xdAUq.s:133    .text.udp_input_local_match:0000000000000000 $t
     /tmp/cc3xdAUq.s:139    .text.udp_input_local_match:0000000000000000 udp_input_local_match
     /tmp/cc3xdAUq.s:294    .text.udp_input_local_match:000000000000008c $d
     /tmp/cc3xdAUq.s:303    .text.udp_init:0000000000000000 $t
     /tmp/cc3xdAUq.s:310    .text.udp_init:0000000000000000 udp_init
     /tmp/cc3xdAUq.s:335    .text.udp_init:0000000000000014 $d
     /tmp/cc3xdAUq.s:340    .rodata.udp_input.str1.4:0000000000000000 $d
     /tmp/cc3xdAUq.s:350    .text.udp_input:0000000000000000 $t
     /tmp/cc3xdAUq.s:357    .text.udp_input:0000000000000000 udp_input
     /tmp/cc3xdAUq.s:786    .text.udp_input:0000000000000164 $d
     /tmp/cc3xdAUq.s:798    .rodata.udp_bind.str1.4:0000000000000000 $d
     /tmp/cc3xdAUq.s:802    .text.udp_bind:0000000000000000 $t
     /tmp/cc3xdAUq.s:809    .text.udp_bind:0000000000000000 udp_bind
     /tmp/cc3xdAUq.s:1021   .text.udp_bind:00000000000000a8 $d
     /tmp/cc3xdAUq.s:1030   .rodata.udp_sendto_if_src.str1.4:0000000000000000 $d
     /tmp/cc3xdAUq.s:1049   .text.udp_sendto_if_src:0000000000000000 $t
     /tmp/cc3xdAUq.s:1056   .text.udp_sendto_if_src:0000000000000000 udp_sendto_if_src
     /tmp/cc3xdAUq.s:1416   .text.udp_sendto_if_src:000000000000014c $d
     /tmp/cc3xdAUq.s:1428   .rodata.udp_sendto_if.str1.4:0000000000000000 $d
     /tmp/cc3xdAUq.s:1441   .text.udp_sendto_if:0000000000000000 $t
     /tmp/cc3xdAUq.s:1448   .text.udp_sendto_if:0000000000000000 udp_sendto_if
     /tmp/cc3xdAUq.s:1626   .text.udp_sendto_if:000000000000008c $d
     /tmp/cc3xdAUq.s:1636   .rodata.udp_sendto.str1.4:0000000000000000 $d
     /tmp/cc3xdAUq.s:1646   .text.udp_sendto:0000000000000000 $t
     /tmp/cc3xdAUq.s:1653   .text.udp_sendto:0000000000000000 udp_sendto
     /tmp/cc3xdAUq.s:1812   .text.udp_sendto:0000000000000078 $d
     /tmp/cc3xdAUq.s:1821   .rodata.udp_send.str1.4:0000000000000000 $d
     /tmp/cc3xdAUq.s:1828   .text.udp_send:0000000000000000 $t
     /tmp/cc3xdAUq.s:1835   .text.udp_send:0000000000000000 udp_send
     /tmp/cc3xdAUq.s:1905   .text.udp_send:0000000000000038 $d
     /tmp/cc3xdAUq.s:1913   .text.udp_bind_netif:0000000000000000 $t
     /tmp/cc3xdAUq.s:1920   .text.udp_bind_netif:0000000000000000 udp_bind_netif
     /tmp/cc3xdAUq.s:1950   .rodata.udp_connect.str1.4:0000000000000000 $d
     /tmp/cc3xdAUq.s:1957   .text.udp_connect:0000000000000000 $t
     /tmp/cc3xdAUq.s:1964   .text.udp_connect:0000000000000000 udp_connect
     /tmp/cc3xdAUq.s:2125   .text.udp_connect:0000000000000070 $d
     /tmp/cc3xdAUq.s:2134   .rodata.udp_disconnect.str1.4:0000000000000000 $d
     /tmp/cc3xdAUq.s:2138   .text.udp_disconnect:0000000000000000 $t
     /tmp/cc3xdAUq.s:2145   .text.udp_disconnect:0000000000000000 udp_disconnect
     /tmp/cc3xdAUq.s:2200   .text.udp_disconnect:0000000000000028 $d
     /tmp/cc3xdAUq.s:2207   .rodata.udp_recv.str1.4:0000000000000000 $d
     /tmp/cc3xdAUq.s:2211   .text.udp_recv:0000000000000000 $t
     /tmp/cc3xdAUq.s:2218   .text.udp_recv:0000000000000000 udp_recv
     /tmp/cc3xdAUq.s:2268   .text.udp_recv:000000000000001c $d
     /tmp/cc3xdAUq.s:2275   .rodata.udp_remove.str1.4:0000000000000000 $d
     /tmp/cc3xdAUq.s:2279   .text.udp_remove:0000000000000000 $t
     /tmp/cc3xdAUq.s:2286   .text.udp_remove:0000000000000000 udp_remove
     /tmp/cc3xdAUq.s:2378   .text.udp_remove:0000000000000044 $d
     /tmp/cc3xdAUq.s:2386   .text.udp_new:0000000000000000 $t
     /tmp/cc3xdAUq.s:2393   .text.udp_new:0000000000000000 udp_new
ARM GAS  /tmp/cc3xdAUq.s 			page 81


     /tmp/cc3xdAUq.s:2434   .text.udp_new_ip_type:0000000000000000 $t
     /tmp/cc3xdAUq.s:2441   .text.udp_new_ip_type:0000000000000000 udp_new_ip_type
     /tmp/cc3xdAUq.s:2468   .text.udp_netif_ip_addr_changed:0000000000000000 $t
     /tmp/cc3xdAUq.s:2475   .text.udp_netif_ip_addr_changed:0000000000000000 udp_netif_ip_addr_changed
     /tmp/cc3xdAUq.s:2551   .text.udp_netif_ip_addr_changed:0000000000000034 $d
     /tmp/cc3xdAUq.s:2557   .data.udp_port:0000000000000000 $d
     /tmp/cc3xdAUq.s:2561   .data.udp_port:0000000000000000 udp_port

UNDEFINED SYMBOLS
printf
ip_data
rand
ip4_addr_isbroadcast_u32
lwip_htons
pbuf_free
pbuf_remove_header
pbuf_header_force
icmp_dest_unreach
ip_addr_any
pbuf_add_header
ip4_output_if_src
pbuf_alloc
pbuf_chain
netif_get_by_index
ip4_route
memp_free
memp_malloc
memset
